#VRML V2.0 utf8
# 3D model generated by kicad-lcsc-manager
# Based on easyeda2kicad.py v1.0.1

Shape{
    appearance Appearance {
        material  Material {
            diffuseColor 0.8509803921568627 0.8509803921568627 0.8509803921568627
            specularColor 0.4235294117647059 0.4235294117647059 0.4235294117647059
            ambientIntensity 0.851
            transparency 0.0
            shininess 0.5
        }
    }
    geometry IndexedFaceSet {
        ccw TRUE
        solid FALSE
        coord DEF co Coordinate {
            point [
                1.2217 -1.8396 0.4193, 1.2217 -1.8396 0.6161, 1.0993 -1.8648 0.6161, 1.0993 -1.8648 0.4193, 0.9746 -1.8725 0.6161, 0.9746 -1.8725 0.4193, 0.85 -1.8626 0.6161, 0.85 -1.8626 0.4193, 0.728 -1.8353 0.6161, 0.728 -1.8353 0.4193, 0.6111 -1.791 0.6161, 0.6111 -1.791 0.4193, 0.5016 -1.7308 0.6161, 0.5016 -1.7308 0.4193, 0.4017 -1.6557 0.6161, 0.4017 -1.6557 0.4193, 0.3133 -1.5673 0.6161, 0.3133 -1.5673 0.4193, 0.2382 -1.4674 0.6161, 0.2382 -1.4674 0.4193, 0.178 -1.3579 0.6161, 0.178 -1.3579 0.4193, 0.1337 -1.241 0.6161, 0.1337 -1.241 0.4193, 0.1064 -1.119 0.6161, 0.1064 -1.119 0.4193, 0.0965 -0.9944 0.6161, 0.0965 -0.9944 0.4193, 0.1042 -0.8697 0.6161, 0.1042 -0.8697 0.4193, 0.1294 -0.7473 0.6161, 0.1294 -0.7473 0.4193, 0.7428 -0.1339 0.4193, 0.7428 -0.1339 0.6161, 0.8568 -0.1098 0.6161, 0.8568 -0.1098 0.4193, 0.9728 -0.1009 0.6161, 0.9728 -0.1009 0.4193, 1.0891 -0.1074 0.6161, 1.0891 -0.1074 0.4193, 1.2035 -0.129 0.6161, 1.2035 -0.129 0.4193, 1.3141 -0.1654 0.6161, 1.3141 -0.1654 0.4193, 1.4189 -0.216 0.6161, 1.4189 -0.216 0.4193, 1.753 -0.5501 0.6161, 1.753 -0.5501 0.4193, 1.9387 -0.3644 0.6161, 1.9387 -0.3644 0.4193, 1.9885 -0.3146 0.6076, 1.9553 -0.3478 0.4164, 2.0354 -0.2676 0.5825, 1.9709 -0.3321 0.4081, 2.0768 -0.2263 0.5423, 1.9847 -0.3183 0.3947, 2.1102 -0.1929 0.4893, 1.9959 -0.3072 0.377, 2.1336 -0.1694 0.4266, 2.0037 -0.2994 0.3561, 2.1458 -0.1572 0.3578, 2.0077 -0.2953 0.3332, 2.2722 -0.0309 -1.0601, 2.1341 -0.169 -1.0848, 2.276 -0.0271 -1.1475, 2.1364 -0.1666 -1.166, 2.2732 -0.0299 -1.218, 1.8036 -0.6549 0.6161, 1.8036 -0.6549 0.4193, 1.84 -0.7655 0.6161, 1.84 -0.7655 0.4193, 1.8616 -0.8799 0.6161, 1.8616 -0.8799 0.4193, 1.8681 -0.9962 0.6161, 1.8681 -0.9962 0.4193, 1.8592 -1.1123 0.6161, 1.8592 -1.1123 0.4193, 1.8351 -1.2262 0.6161, 1.8351 -1.2262 0.4193, 1.9391 0.3042 -1.218, 1.8024 0.1674 -1.166, 1.9419 0.307 -1.1475, 1.8 0.1651 -1.0848, 1.6046 -0.0303 0.4193, 1.6046 -0.0303 0.6161, 1.6212 -0.0137 0.4164, 1.6544 0.0195 0.6076, 1.6369 0.0019 0.4081, 1.7014 0.0664 0.5825, 1.6507 0.0157 0.3947, 1.7427 0.1078 0.5423, 1.6618 0.0268 0.377, 1.7761 0.1412 0.4893, 1.6696 0.0347 0.3561, 1.7996 0.1646 0.4266, 1.6737 0.0387 0.3332, 1.8118 0.1768 0.3578, 1.9382 0.3032 -1.0601, 1.6313 -0.7554 0.4193, 1.5858 -0.6543 0.4193, 1.5246 -0.5618 0.4193, 1.4495 -0.4803 0.4193, 0.751 -1.6357 0.4193, 1.3622 -0.4119 0.4193, 1.265 -0.3584 0.4193, 1.1606 -0.3212 0.4193, 1.0515 -0.3012 0.4193, 0.9407 -0.299 0.4193, 0.8309 -0.3146 0.4193, 0.725 -0.3476 0.4193, 0.6258 -0.3971 0.4193, 0.3927 -0.6303 0.4193, 0.3431 -0.7295 0.4193, 0.3101 -0.8353 0.4193, 0.2946 -0.9451 0.4193, 0.6499 -1.5902 0.4193, 0.5574 -1.5291 0.4193, 0.4759 -1.4539 0.4193, 0.4075 -1.3666 0.4193, 0.354 -1.2695 0.4193, 0.3168 -1.165 0.4193, 0.2968 -1.056 0.4193, 0.8581 -1.6644 0.4193, 0.9684 -1.6756 0.4193, 1.0791 -1.6689 0.4193, 1.1873 -1.6445 0.4193, 1.2901 -1.6031 0.4193, 1.66 -0.8625 0.4193, 1.6711 -0.9729 0.4193, 1.6644 -1.0835 0.4193, 1.6401 -1.1917 0.4193, 1.5987 -1.2946 0.4193, 0.5359 -0.4619 0.4193, 0.4951 -0.4995 0.4193, 0.4575 -0.5403 0.4193, 1.385 -1.5457 0.4193, 1.4695 -1.4739 0.4193, 1.5413 -1.3894 0.4193, 1.344 -1.5731 0.3799, 1.2897 -1.6024 0.3799, 1.2735 -1.6112 0.3799, 1.199 -1.6407 0.3799, 1.1871 -1.6439 0.3799, 1.1216 -1.6615 0.3799, 1.0789 -1.6677 0.3799, 0.8583 -1.6634 0.3799, 0.8824 -1.6684 0.3799, 0.9622 -1.6754 0.3799, 0.9684 -1.6752 0.3799, 1.0423 -1.6731 0.3799, 0.6553 -1.5932 0.3799, 0.7279 -1.627 0.3799, 0.7513 -1.6348 0.3799, 0.804 -1.6522 0.3799, 0.5243 -1.5014 0.3799, 0.5581 -1.5282 0.3799, 0.5871 -1.5511 0.3799, 0.6501 -1.5899 0.3799, 0.4763 -1.4535 0.3799, 0.4676 -1.4448 0.3799, 0.4179 -1.3819 0.3799, 0.342 -1.2411 0.3799, 0.355 -1.269 0.3799, 0.3758 -1.3137 0.3799, 0.4082 -1.3662 0.3799, 0.3168 -1.165 0.3799, 0.3006 -1.0866 0.3799, 0.2979 -1.0559 0.3799, 0.3107 -0.8355 0.3799, 0.3075 -0.8474 0.3799, 0.2959 -0.9267 0.3799, 0.2954 -0.9452 0.3799, 0.2936 -1.0068 0.3799, 0.3283 -0.77 0.3799, 0.3442 -0.7299 0.3799, 0.4418 -0.5594 0.3799, 0.3959 -0.625 0.3799, 0.393 -0.6304 0.3799, 0.3579 -0.6956 0.3799, 0.6206 -0.4003 0.3799, 0.555 -0.4463 0.3799, 0.5365 -0.4627 0.3799, 0.4951 -0.4995 0.3799, 0.4582 -0.541 0.3799, 0.7656 -0.3327 0.3799, 0.7255 -0.3486 0.3799, 0.6911 -0.3623 0.3799, 0.626 -0.3974 0.3799, 0.8311 -0.3152 0.3799, 0.843 -0.312 0.3799, 0.9222 -0.3004 0.3799, 1.0821 -0.305 0.3799, 1.0514 -0.3023 0.3799, 1.0023 -0.298 0.3799, 0.9407 -0.2998 0.3799, 1.1606 -0.3212 0.3799, 1.2367 -0.3464 0.3799, 1.2646 -0.3594 0.3799, 1.449 -0.4808 0.3799, 1.4403 -0.472 0.3799, 1.3775 -0.4223 0.3799, 1.3617 -0.4126 0.3799, 1.3093 -0.3803 0.3799, 1.497 -0.5287 0.3799, 1.5237 -0.5625 0.3799, 1.6303 -0.7557 0.3799, 1.6226 -0.7324 0.3799, 1.5887 -0.6597 0.3799, 1.5855 -0.6545 0.3799, 1.5467 -0.5915 0.3799, 1.6708 -0.9728 0.3799, 1.671 -0.9667 0.3799, 1.664 -0.8869 0.3799, 1.659 -0.8627 0.3799, 1.6478 -0.8084 0.3799, 1.6686 -1.0468 0.3799, 1.6633 -1.0834 0.3799, 1.5979 -1.2942 0.3799, 1.6067 -1.2779 0.3799, 1.6363 -1.2034 0.3799, 1.6395 -1.1915 0.3799, 1.657 -1.126 0.3799, 1.5687 -1.3484 0.3799, 1.5404 -1.3888 0.3799, 1.3844 -1.5448 0.3799, 1.4096 -1.5272 0.3799, 1.4695 -1.4739 0.3799, 1.5227 -1.4141 0.3799, 0.5299 -0.7077 0.2224, 0.5654 -0.6571 0.2224, 0.9823 -0.9867 0.2224, 0.6065 -0.6109 0.2224, 0.6526 -0.5698 0.2224, 0.4618 -0.8792 0.2224, 0.4778 -0.8195 0.2224, 0.5006 -0.7621 0.2224, 0.4564 -1.0638 0.2224, 0.451 -1.0022 0.2224, 0.4528 -0.9404 0.2224, 0.5145 -1.239 0.2224, 0.4883 -1.183 0.2224, 0.4689 -1.1243 0.2224, 0.6289 -1.3838 0.2224, 0.5852 -1.3401 0.2224, 0.5469 -1.2916 0.2224, 0.7861 -1.4807 0.2224, 0.73 -1.4545 0.2224, 0.6774 -1.4221 0.2224, 0.9668 -1.518 0.2224, 0.9053 -1.5126 0.2224, 0.8447 -1.5001 0.2224, 1.1495 -1.4912 0.2224, 1.0898 -1.5072 0.2224, 1.0286 -1.5162 0.2224, 1.3119 -1.4036 0.2224, 1.2613 -1.4391 0.2224, 1.2069 -1.4684 0.2224, 1.4346 -1.2657 0.2224, 1.3992 -1.3164 0.2224, 1.3581 -1.3625 0.2224, 1.5028 -1.0942 0.2224, 1.4868 -1.1539 0.2224, 1.464 -1.2113 0.2224, 1.5082 -0.9097 0.2224, 1.5136 -0.9713 0.2224, 1.5118 -1.033 0.2224, 1.4501 -0.7345 0.2224, 1.4762 -0.7905 0.2224, 1.4957 -0.8492 0.2224, 1.3356 -0.5897 0.2224, 1.3793 -0.6334 0.2224, 1.4177 -0.6819 0.2224, 1.1785 -0.4928 0.2224, 1.2345 -0.5189 0.2224, 1.2871 -0.5513 0.2224, 0.9977 -0.4555 0.2224, 1.0593 -0.4608 0.2224, 1.1198 -0.4733 0.2224, 0.8151 -0.4822 0.2224, 0.8748 -0.4662 0.2224, 0.936 -0.4573 0.2224, 0.7033 -0.5344 0.2224, 0.7577 -0.505 0.2224, 0.5574 -0.4494 0.3449, 0.6928 -0.3659 0.3449, 0.7668 -0.3365 0.3449, 0.8438 -0.3158 0.3449, 1.0022 -0.302 0.3449, 1.3074 -0.3838 0.3449, 1.3752 -0.4256 0.3449, 1.494 -0.5313 0.3449, 1.5852 -0.6616 0.3449, 1.644 -0.8094 0.3449, 1.6647 -1.0464 0.3449, 1.6532 -1.1253 0.3449, 1.6325 -1.2022 0.3449, 1.5653 -1.3463 0.3449, 1.3419 -1.5698 0.3449, 1.2718 -1.6076 0.3449, 1.1208 -1.6576 0.3449, 0.9624 -1.6715 0.3449, 0.805 -1.6484 0.3449, 0.5894 -1.5479 0.3449, 0.5269 -1.4985 0.3449, 0.4706 -1.4421 0.3449, 0.3793 -1.3118 0.3449, 0.2975 -1.0066 0.3449, 0.2999 -0.927 0.3449, 0.332 -0.7713 0.3449, 0.4445 -0.8085 0.2264, 0.4688 -0.7473 0.2264, 0.4387 -0.7332 0.238, 0.5001 -0.6893 0.2264, 0.4718 -0.6718 0.238, 0.4463 -0.6562 0.2568, 0.5379 -0.6353 0.2264, 0.5118 -0.6147 0.238, 0.4883 -0.5962 0.2568, 0.4688 -0.5807 0.2817, 0.5817 -0.5861 0.2264, 0.5581 -0.5626 0.238, 0.537 -0.5415 0.2568, 0.5194 -0.5238 0.2817, 0.5061 -0.5106 0.3116, 0.6309 -0.5423 0.2264, 0.6103 -0.5162 0.238, 0.5917 -0.4928 0.2568, 0.5763 -0.4732 0.2817, 0.5646 -0.4585 0.3116, 0.4541 -0.5691 0.3116, 0.4449 -0.5618 0.3449, 0.4979 -0.5023 0.3449, 0.3992 -0.6271 0.3449, 0.4092 -0.6332 0.3116, 0.4251 -0.6431 0.2817, 0.3614 -0.6972 0.3449, 0.3431 -0.7749 0.3116, 0.372 -0.7021 0.3116, 0.3609 -0.7808 0.2817, 0.389 -0.7101 0.2817, 0.3846 -0.7887 0.2568, 0.4116 -0.7206 0.2568, 0.4129 -0.7981 0.238, 0.4558 -1.1959 0.2264, 0.4836 -1.2556 0.2264, 0.4248 -1.2082 0.238, 0.4543 -1.2714 0.238, 0.3971 -1.2192 0.2568, 0.428 -1.2856 0.2568, 0.3739 -1.2284 0.2817, 0.4061 -1.2974 0.2817, 0.3565 -1.2353 0.3116, 0.3896 -1.3063 0.3116, 0.3457 -1.2396 0.3449, 0.7731 -1.5132 0.2264, 0.8357 -1.534 0.2264, 0.7608 -1.5442 0.238, 0.827 -1.5661 0.238, 0.7498 -1.5719 0.2568, 0.8193 -1.595 0.2568, 0.7406 -1.5951 0.2817, 0.8129 -1.619 0.2817, 0.7337 -1.6125 0.3116, 0.808 -1.6372 0.3116, 0.7294 -1.6234 0.3449, 1.0317 -1.5511 0.2264, 1.0968 -1.5416 0.2264, 1.0346 -1.5843 0.238, 1.1036 -1.5742 0.238, 1.0372 -1.614 0.2568, 1.1096 -1.6034 0.2568, 1.0393 -1.6389 0.2817, 1.1147 -1.6278 0.2817, 1.041 -1.6575 0.3116, 1.1185 -1.6462 0.3116, 1.042 -1.6691 0.3449, 1.4267 -1.3381 0.2264, 1.4645 -1.2841 0.2264, 1.4528 -1.3588 0.238, 1.4928 -1.3016 0.238, 1.4762 -1.3773 0.2568, 1.5182 -1.3173 0.2568, 1.4958 -1.3927 0.2817, 1.5394 -1.3304 0.2817, 1.5105 -1.4044 0.3116, 1.5554 -1.3402 0.3116, 1.5196 -1.4116 0.3449, 1.5428 -0.9046 0.2264, 1.5295 -0.8401 0.2264, 1.5758 -0.8998 0.238, 1.5617 -0.8315 0.238, 1.6053 -0.8955 0.2568, 1.5905 -0.8238 0.2568, 1.63 -0.8919 0.2817, 1.6146 -0.8173 0.2817, 1.6486 -0.8891 0.3116, 1.6327 -0.8124 0.3116, 1.6601 -0.8874 0.3449, 1.4464 -0.6618 0.2264, 1.4055 -0.6101 0.2264, 1.4736 -0.6427 0.238, 1.4304 -0.588 0.238, 1.4981 -0.6256 0.2568, 1.4527 -0.5681 0.2568, 1.5185 -0.6113 0.2817, 1.4713 -0.5515 0.2817, 1.5339 -0.6005 0.3116, 1.4853 -0.5391 0.3116, 1.5434 -0.5938 0.3449, 1.0644 -0.4262 0.2264, 0.9988 -0.4204 0.2264, 1.0692 -0.3932 0.238, 0.9997 -0.3872 0.238, 1.0735 -0.3637 0.2568, 1.0006 -0.3573 0.2568, 1.0772 -0.339 0.2817, 1.0013 -0.3324 0.2817, 1.0799 -0.3205 0.3116, 1.0019 -0.3136 0.3116, 1.0816 -0.3089 0.3449, 0.3114 -0.8482 0.3449, 0.3228 -0.8506 0.3116, 0.3412 -0.8543 0.2817, 0.3656 -0.8594 0.2568, 0.3949 -0.8654 0.238, 0.4274 -0.8722 0.2264, 0.4179 -0.9373 0.2264, 0.3847 -0.9344 0.238, 0.355 -0.9318 0.2568, 0.3302 -0.9297 0.2817, 0.3115 -0.928 0.3116, 0.3092 -1.0063 0.3116, 0.3279 -1.0058 0.2817, 0.3529 -1.005 0.2568, 0.3827 -1.0042 0.238, 0.416 -1.0032 0.2264, 0.3045 -1.086 0.3449, 0.316 -1.0843 0.3116, 0.3346 -1.0816 0.2817, 0.3592 -1.078 0.2568, 0.3888 -1.0737 0.238, 0.4217 -1.0688 0.2264, 0.435 -1.1334 0.2264, 0.4029 -1.142 0.238, 0.3741 -1.1497 0.2568, 0.35 -1.1562 0.2817, 0.3318 -1.161 0.3116, 0.3206 -1.164 0.3449, 0.4211 -1.3796 0.3449, 0.4307 -1.373 0.3116, 0.4461 -1.3622 0.2817, 0.4665 -1.3479 0.2568, 0.4909 -1.3308 0.238, 0.5182 -1.3117 0.2264, 0.5591 -1.3634 0.2264, 0.5342 -1.3855 0.238, 0.5119 -1.4053 0.2568, 0.4933 -1.4219 0.2817, 0.4793 -1.4344 0.3116, 0.5346 -1.4898 0.3116, 0.5471 -1.4757 0.2817, 0.5637 -1.4571 0.2568, 0.5835 -1.4348 0.238, 0.6057 -1.4099 0.2264, 0.596 -1.5383 0.3116, 0.6068 -1.523 0.2817, 0.6211 -1.5025 0.2568, 0.6382 -1.4781 0.238, 0.6573 -1.4508 0.2264, 0.6572 -1.5897 0.3449, 0.6627 -1.5794 0.3116, 0.6716 -1.5629 0.2817, 0.6834 -1.541 0.2568, 0.6976 -1.5147 0.238, 0.7134 -1.4854 0.2264, 0.883 -1.6645 0.3449, 0.8847 -1.653 0.3116, 0.8874 -1.6344 0.2817, 0.891 -1.6098 0.2568, 0.8953 -1.5802 0.238, 0.9002 -1.5473 0.2264, 0.9658 -1.553 0.2264, 0.9648 -1.5863 0.238, 0.964 -1.6161 0.2568, 0.9632 -1.6411 0.2817, 0.9627 -1.6598 0.3116, 1.1978 -1.637 0.3449, 1.1941 -1.6259 0.3116, 1.1882 -1.6081 0.2817, 1.1803 -1.5844 0.2568, 1.171 -1.5561 0.238, 1.1605 -1.5245 0.2264, 1.2217 -1.5002 0.2264, 1.2358 -1.5304 0.238, 1.2484 -1.5574 0.2568, 1.2589 -1.58 0.2817, 1.2669 -1.597 0.3116, 1.3358 -1.5599 0.3116, 1.3259 -1.5439 0.2817, 1.3129 -1.5227 0.2568, 1.2972 -1.4972 0.238, 1.2797 -1.4689 0.2264, 1.4072 -1.5241 0.3449, 1.3999 -1.5149 0.3116, 1.3883 -1.5002 0.2817, 1.3728 -1.4807 0.2568, 1.3543 -1.4572 0.238, 1.3337 -1.4311 0.2264, 1.3829 -1.3873 0.2264, 1.4064 -1.4109 0.238, 1.4275 -1.432 0.2568, 1.4452 -1.4496 0.2817, 1.4584 -1.4629 0.3116, 1.4667 -1.4711 0.3449, 1.6031 -1.2762 0.3449, 1.5926 -1.2713 0.3116, 1.5756 -1.2634 0.2817, 1.553 -1.2528 0.2568, 1.5259 -1.2402 0.238, 1.4957 -1.2262 0.2264, 1.5201 -1.1649 0.2264, 1.5517 -1.1754 0.238, 1.58 -1.1848 0.2568, 1.6037 -1.1926 0.2817, 1.6215 -1.1985 0.3116, 1.6418 -1.1229 0.3116, 1.6234 -1.1191 0.2817, 1.599 -1.1141 0.2568, 1.5697 -1.108 0.238, 1.5371 -1.1013 0.2264, 1.6531 -1.0454 0.3116, 1.6344 -1.0438 0.2817, 1.6096 -1.0416 0.2568, 1.5798 -1.039 0.238, 1.5467 -1.0361 0.2264, 1.667 -0.9668 0.3449, 1.6554 -0.9671 0.3116, 1.6366 -0.9677 0.2817, 1.6117 -0.9684 0.2568, 1.5819 -0.9693 0.238, 1.5486 -0.9702 0.2264, 1.6189 -0.7338 0.3449, 1.6081 -0.7381 0.3116, 1.5907 -0.745 0.2817, 1.5675 -0.7542 0.2568, 1.5397 -0.7653 0.238, 1.5088 -0.7776 0.2264, 1.481 -0.7178 0.2264, 1.5102 -0.702 0.238, 1.5365 -0.6879 0.2568, 1.5585 -0.676 0.2817, 1.575 -0.6671 0.3116, 1.4377 -0.475 0.3449, 1.4299 -0.4837 0.3116, 1.4175 -0.4977 0.2817, 1.4009 -0.5163 0.2568, 1.381 -0.5386 0.238, 1.3589 -0.5635 0.2264, 1.3072 -0.5226 0.2264, 1.3263 -0.4954 0.238, 1.3435 -0.4709 0.2568, 1.3578 -0.4505 0.2817, 1.3685 -0.4351 0.3116, 1.3019 -0.394 0.3116, 1.293 -0.4105 0.2817, 1.2811 -0.4325 0.2568, 1.267 -0.4588 0.238, 1.2512 -0.4881 0.2264, 1.2352 -0.3501 0.3449, 1.2309 -0.3609 0.3116, 1.224 -0.3784 0.2817, 1.2148 -0.4015 0.2568, 1.2037 -0.4293 0.238, 1.1915 -0.4602 0.2264, 1.1289 -0.4395 0.2264, 1.1375 -0.4073 0.238, 1.1453 -0.3785 0.2568, 1.1517 -0.3544 0.2817, 1.1566 -0.3363 0.3116, 1.1596 -0.325 0.3449, 0.9226 -0.3043 0.3449, 0.9236 -0.3159 0.3116, 0.9252 -0.3346 0.2817, 0.9274 -0.3594 0.2568, 0.93 -0.3892 0.238, 0.9329 -0.4223 0.2264, 0.8677 -0.4319 0.2264, 0.861 -0.3993 0.238, 0.855 -0.3701 0.2568, 0.8499 -0.3456 0.2817, 0.8461 -0.3273 0.3116, 0.7705 -0.3475 0.3116, 0.7764 -0.3653 0.2817, 0.7842 -0.389 0.2568, 0.7936 -0.4173 0.238, 0.8041 -0.4489 0.2264, 0.6977 -0.3764 0.3116, 0.7056 -0.3934 0.2817, 0.7162 -0.416 0.2568, 0.7288 -0.4431 0.238, 0.7429 -0.4733 0.2264, 0.6227 -0.4037 0.3449, 0.6288 -0.4136 0.3116, 0.6386 -0.4296 0.2817, 0.6517 -0.4508 0.2568, 0.6674 -0.4762 0.238, 0.6849 -0.5045 0.2264, 1.8123 0.0382 -1.5237, 2.0072 -0.1567 -1.5237, 1.8108 0.1364 -1.2694, 2.1054 -0.1582 -1.2694, 1.8041 0.1648 -1.1777, 2.1334 -0.1653 -1.1776, 1.809 0.1522 -1.2239, 2.1212 -0.16 -1.2239, 1.9452 0.2708 -1.3205, 1.9401 0.2988 -1.2346, 2.2398 -0.0238 -1.3205, 2.2678 -0.0289 -1.2346, 1.9467 0.1726 -1.5748, 2.1416 -0.0223 -1.5748, -1.2257 1.8346 0.4193, -1.2257 1.8346 0.6161, -1.1033 1.8598 0.6161, -1.1033 1.8598 0.4193, -0.9785 1.8676 0.6161, -0.9785 1.8676 0.4193, -0.8539 1.8577 0.6161, -0.8539 1.8577 0.4193, -0.7319 1.8303 0.6161, -0.7319 1.8303 0.4193, -0.615 1.7861 0.6161, -0.615 1.7861 0.4193, -0.5055 1.7258 0.6161, -0.5055 1.7258 0.4193, -0.4056 1.6508 0.6161, -0.4056 1.6508 0.4193, -0.3172 1.5624 0.6161, -0.3172 1.5624 0.4193, -0.2422 1.4625 0.6161, -0.2422 1.4625 0.4193, -0.1819 1.353 0.6161, -0.1819 1.353 0.4193, -0.1377 1.2361 0.6161, -0.1377 1.2361 0.4193, -0.1103 1.1141 0.6161, -0.1103 1.1141 0.4193, -0.1004 0.9895 0.6161, -0.1004 0.9895 0.4193, -0.1082 0.8647 0.6161, -0.1082 0.8647 0.4193, -0.1334 0.7423 0.6161, -0.1334 0.7423 0.4193, -0.7468 0.1289 0.4193, -0.7468 0.1289 0.6161, -0.8607 0.1049 0.6161, -0.8607 0.1049 0.4193, -0.9768 0.096 0.6161, -0.9768 0.096 0.4193, -1.093 0.1024 0.6161, -1.093 0.1024 0.4193, -1.2074 0.124 0.6161, -1.2074 0.124 0.4193, -1.318 0.1604 0.6161, -1.318 0.1604 0.4193, -1.4229 0.2111 0.6161, -1.4229 0.2111 0.4193, -1.7569 0.5451 0.6161, -1.7569 0.5451 0.4193, -1.9426 0.3594 0.6161, -1.9426 0.3594 0.4193, -1.9924 0.3096 0.6076, -1.9592 0.3428 0.4164, -2.0394 0.2627 0.5825, -1.9749 0.3272 0.4081, -2.0807 0.2213 0.5423, -1.9887 0.3134 0.3947, -2.1141 0.188 0.4893, -1.9998 0.3023 0.377, -2.1376 0.1645 0.4266, -2.0076 0.2945 0.3561, -2.1498 0.1523 0.3578, -2.0117 0.2904 0.3332, -2.2762 0.0259 -1.0601, -2.1381 0.164 -1.0848, -2.2799 0.0222 -1.1475, -2.1404 0.1617 -1.166, -2.2771 0.025 -1.218, -1.8076 0.65 0.6161, -1.8076 0.65 0.4193, -1.844 0.7606 0.6161, -1.844 0.7606 0.4193, -1.8656 0.875 0.6161, -1.8656 0.875 0.4193, -1.872 0.9912 0.6161, -1.872 0.9912 0.4193, -1.8631 1.1073 0.6161, -1.8631 1.1073 0.4193, -1.8391 1.2212 0.6161, -1.8391 1.2212 0.4193, -1.943 -0.3091 -1.218, -1.8063 -0.1724 -1.166, -1.9458 -0.3119 -1.1475, -1.804 -0.1701 -1.0848, -1.6086 0.0254 0.4193, -1.6086 0.0254 0.6161, -1.6252 0.0088 0.4164, -1.6584 -0.0244 0.6076, -1.6408 -0.0069 0.4081, -1.7053 -0.0714 0.5825, -1.6546 -0.0207 0.3947, -1.7467 -0.1127 0.5423, -1.6657 -0.0318 0.377, -1.78 -0.1461 0.4893, -1.6735 -0.0396 0.3561, -1.8035 -0.1696 0.4266, -1.6776 -0.0437 0.3332, -1.8157 -0.1818 0.3578, -1.9421 -0.3082 -1.0601, -1.6751 0.9679 0.4193, -1.6639 0.8576 0.4193, -1.6352 0.7505 0.4193, -1.5897 0.6494 0.4193, -1.5286 0.5569 0.4193, -0.7549 1.6308 0.4193, -0.862 1.6595 0.4193, -0.9723 1.6706 0.4193, -1.083 1.6639 0.4193, -1.1912 1.6396 0.4193, -1.2941 1.5982 0.4193, -1.6684 1.0786 0.4193, -1.644 1.1868 0.4193, -1.6026 1.2896 0.4193, -1.3889 1.5408 0.4193, -1.4734 1.469 0.4193, -1.5452 1.3845 0.4193, -0.3966 0.6253 0.4193, -0.3471 0.7245 0.4193, -0.3141 0.8304 0.4193, -0.2985 0.9402 0.4193, -0.6538 1.5853 0.4193, -0.5613 1.5241 0.4193, -0.4798 1.4489 0.4193, -0.4114 1.3617 0.4193, -0.3579 1.2645 0.4193, -0.3207 1.1601 0.4193, -0.3007 1.051 0.4193, -1.4534 0.4754 0.4193, -1.3661 0.407 0.4193, -1.269 0.3535 0.4193, -1.1645 0.3163 0.4193, -1.0555 0.2963 0.4193, -0.9446 0.2941 0.4193, -0.8348 0.3096 0.4193, -0.729 0.3426 0.4193, -0.6298 0.3922 0.4193, -0.5398 0.457 0.4193, -0.499 0.4946 0.4193, -0.4614 0.5354 0.4193, -1.3479 1.5682 0.3799, -1.2937 1.5974 0.3799, -1.2774 1.6062 0.3799, -1.2029 1.6358 0.3799, -1.191 1.639 0.3799, -1.1255 1.6565 0.3799, -1.0829 1.6628 0.3799, -0.8622 1.6585 0.3799, -0.8864 1.6635 0.3799, -0.9662 1.6705 0.3799, -0.9723 1.6703 0.3799, -1.0463 1.6681 0.3799, -0.654 1.585 0.3799, -0.6592 1.5882 0.3799, -0.7318 1.6221 0.3799, -0.7552 1.6298 0.3799, -0.8079 1.6473 0.3799, -0.591 1.5462 0.3799, -0.562 1.5232 0.3799, -0.4802 1.4485 0.3799, -0.5282 1.4965 0.3799, -0.4218 1.377 0.3799, -0.4715 1.4398 0.3799, -0.3459 1.2362 0.3799, -0.3589 1.2641 0.3799, -0.3798 1.3088 0.3799, -0.4121 1.3612 0.3799, -0.3207 1.1601 0.3799, -0.3045 1.0816 0.3799, -0.3018 1.0509 0.3799, -0.3147 0.8306 0.3799, -0.3115 0.8425 0.3799, -0.2999 0.9217 0.3799, -0.2993 0.9402 0.3799, -0.2975 1.0018 0.3799, -0.3322 0.7651 0.3799, -0.3481 0.725 0.3799, -0.4458 0.5545 0.3799, -0.3998 0.6201 0.3799, -0.3969 0.6255 0.3799, -0.3618 0.6906 0.3799, -0.6245 0.3954 0.3799, -0.5589 0.4413 0.3799, -0.5405 0.4577 0.3799, -0.499 0.4946 0.3799, -0.4622 0.536 0.3799, -0.7695 0.3278 0.3799, -0.7294 0.3437 0.3799, -0.695 0.3574 0.3799, -0.6299 0.3925 0.3799, -0.835 0.3102 0.3799, -0.8469 0.307 0.3799, -0.9262 0.2954 0.3799, -1.0861 0.3001 0.3799, -1.0554 0.2974 0.3799, -1.0063 0.2931 0.3799, -0.9446 0.2949 0.3799, -1.1645 0.3163 0.3799, -1.2406 0.3415 0.3799, -1.2685 0.3545 0.3799, -1.453 0.4758 0.3799, -1.4442 0.4671 0.3799, -1.3814 0.4174 0.3799, -1.3657 0.4077 0.3799, -1.3132 0.3753 0.3799, -1.5009 0.5237 0.3799, -1.5277 0.5576 0.3799, -1.6343 0.7508 0.3799, -1.6265 0.7274 0.3799, -1.5927 0.6548 0.3799, -1.5894 0.6495 0.3799, -1.5506 0.5866 0.3799, -1.6747 0.9679 0.3799, -1.6749 0.9617 0.3799, -1.6679 0.8819 0.3799, -1.6629 0.8578 0.3799, -1.6517 0.8035 0.3799, -1.6726 1.0418 0.3799, -1.6672 1.0784 0.3799, -1.6019 1.2892 0.3799, -1.6106 1.273 0.3799, -1.6402 1.1985 0.3799, -1.6434 1.1866 0.3799, -1.661 1.1211 0.3799, -1.5726 1.3435 0.3799, -1.5443 1.3839 0.3799, -1.3883 1.5399 0.3799, -1.4135 1.5222 0.3799, -1.4734 1.469 0.3799, -1.5267 1.4091 0.3799, -0.5339 0.7028 0.2224, -0.5693 0.6521 0.2224, -0.9862 0.9818 0.2224, -0.6104 0.606 0.2224, -0.6566 0.5649 0.2224, -0.4657 0.8743 0.2224, -0.4817 0.8146 0.2224, -0.5045 0.7572 0.2224, -0.4603 1.0588 0.2224, -0.4549 0.9972 0.2224, -0.4567 0.9355 0.2224, -0.5184 1.234 0.2224, -0.4923 1.178 0.2224, -0.4728 1.1193 0.2224, -0.6329 1.3788 0.2224, -0.5892 1.3351 0.2224, -0.5508 1.2866 0.2224, -0.79 1.4757 0.2224, -0.734 1.4496 0.2224, -0.6814 1.4172 0.2224, -0.9708 1.513 0.2224, -0.9092 1.5077 0.2224, -0.8487 1.4952 0.2224, -1.1534 1.4863 0.2224, -1.0937 1.5023 0.2224, -1.0325 1.5113 0.2224, -1.3159 1.3987 0.2224, -1.2652 1.4341 0.2224, -1.2108 1.4635 0.2224, -1.4386 1.2608 0.2224, -1.4031 1.3114 0.2224, -1.362 1.3576 0.2224, -1.5067 1.0893 0.2224, -1.4907 1.149 0.2224, -1.4679 1.2064 0.2224, -1.5121 0.9047 0.2224, -1.5175 0.9663 0.2224, -1.5157 1.0281 0.2224, -1.454 0.7295 0.2224, -1.4802 0.7855 0.2224, -1.4996 0.8442 0.2224, -1.3396 0.5847 0.2224, -1.3833 0.6284 0.2224, -1.4216 0.6769 0.2224, -1.1825 0.4878 0.2224, -1.2385 0.514 0.2224, -1.2911 0.5464 0.2224, -1.0017 0.4505 0.2224, -1.0633 0.4559 0.2224, -1.1238 0.4684 0.2224, -0.819 0.4773 0.2224, -0.8787 0.4613 0.2224, -0.9399 0.4523 0.2224, -0.7072 0.5294 0.2224, -0.7616 0.5001 0.2224, -0.5613 0.4444 0.3449, -0.6967 0.3609 0.3449, -0.7707 0.3315 0.3449, -0.8477 0.3109 0.3449, -1.0061 0.297 0.3449, -1.3113 0.3788 0.3449, -1.3791 0.4206 0.3449, -1.498 0.5264 0.3449, -1.5892 0.6567 0.3449, -1.6479 0.8045 0.3449, -1.6686 1.0415 0.3449, -1.6571 1.1203 0.3449, -1.6365 1.1973 0.3449, -1.5693 1.3414 0.3449, -1.3458 1.5648 0.3449, -1.2757 1.6026 0.3449, -1.1247 1.6527 0.3449, -0.9663 1.6665 0.3449, -0.8089 1.6435 0.3449, -0.5933 1.5429 0.3449, -0.5308 1.4935 0.3449, -0.4745 1.4372 0.3449, -0.3833 1.3069 0.3449, -0.3015 1.0017 0.3449, -0.3038 0.9221 0.3449, -0.336 0.7663 0.3449, -0.4484 0.8036 0.2264, -0.4728 0.7423 0.2264, -0.4426 0.7283 0.238, -0.504 0.6844 0.2264, -0.4757 0.6669 0.238, -0.4503 0.6512 0.2568, -0.5418 0.6304 0.2264, -0.5157 0.6097 0.238, -0.4923 0.5912 0.2568, -0.4727 0.5758 0.2817, -0.5856 0.5812 0.2264, -0.5621 0.5576 0.238, -0.541 0.5365 0.2568, -0.5233 0.5189 0.2817, -0.5101 0.5056 0.3116, -0.6348 0.5374 0.2264, -0.6142 0.5113 0.238, -0.5957 0.4878 0.2568, -0.5802 0.4683 0.2817, -0.5686 0.4536 0.3116, -0.458 0.5641 0.3116, -0.4489 0.5569 0.3449, -0.5018 0.4974 0.3449, -0.4032 0.6222 0.3449, -0.4131 0.6283 0.3116, -0.4291 0.6381 0.2817, -0.3654 0.6923 0.3449, -0.347 0.77 0.3116, -0.3759 0.6972 0.3116, -0.3648 0.7759 0.2817, -0.3929 0.7051 0.2817, -0.3885 0.7837 0.2568, -0.4155 0.7157 0.2568, -0.4168 0.7931 0.238, -0.4597 1.1909 0.2264, -0.4876 1.2507 0.2264, -0.4288 1.2032 0.238, -0.4583 1.2665 0.238, -0.401 1.2143 0.2568, -0.432 1.2806 0.2568, -0.3779 1.2235 0.2817, -0.41 1.2925 0.2817, -0.3604 1.2304 0.3116, -0.3935 1.3014 0.3116, -0.3496 1.2347 0.3449, -0.7771 1.5083 0.2264, -0.8396 1.529 0.2264, -0.7648 1.5392 0.238, -0.831 1.5612 0.238, -0.7537 1.567 0.2568, -0.8232 1.59 0.2568, -0.7445 1.5901 0.2817, -0.8168 1.6141 0.2817, -0.7376 1.6076 0.3116, -0.8119 1.6322 0.3116, -0.7333 1.6184 0.3449, -1.0356 1.5462 0.2264, -1.1008 1.5366 0.2264, -1.0385 1.5793 0.238, -1.1075 1.5692 0.238, -1.0411 1.6091 0.2568, -1.1136 1.5985 0.2568, -1.0433 1.6339 0.2817, -1.1186 1.6229 0.2817, -1.0449 1.6526 0.3116, -1.1224 1.6412 0.3116, -1.0459 1.6642 0.3449, -1.4306 1.3332 0.2264, -1.4684 1.2792 0.2264, -1.4567 1.3538 0.238, -1.4967 1.2967 0.238, -1.4802 1.3723 0.2568, -1.5222 1.3123 0.2568, -1.4997 1.3878 0.2817, -1.5434 1.3254 0.2817, -1.5144 1.3994 0.3116, -1.5593 1.3353 0.3116, -1.5236 1.4067 0.3449, -1.5468 0.8997 0.2264, -1.5335 0.8351 0.2264, -1.5797 0.8948 0.238, -1.5656 0.8265 0.238, -1.6093 0.8905 0.2568, -1.5944 0.8188 0.2568, -1.6339 0.8869 0.2817, -1.6185 0.8124 0.2817, -1.6525 0.8842 0.3116, -1.6367 0.8075 0.3116, -1.664 0.8825 0.3449, -1.4503 0.6568 0.2264, -1.4094 0.6051 0.2264, -1.4776 0.6377 0.238, -1.4343 0.583 0.238, -1.502 0.6206 0.2568, -1.4566 0.5632 0.2568, -1.5225 0.6063 0.2817, -1.4752 0.5466 0.2817, -1.5378 0.5955 0.3116, -1.4893 0.5341 0.3116, -1.5474 0.5889 0.3449, -1.0683 0.4212 0.2264, -1.0027 0.4155 0.2264, -1.0732 0.3883 0.238, -1.0037 0.3822 0.238, -1.0775 0.3587 0.2568, -1.0045 0.3524 0.2568, -1.0811 0.3341 0.2817, -1.0053 0.3274 0.2817, -1.0838 0.3155 0.3116, -1.0058 0.3087 0.3116, -1.0855 0.304 0.3449, -0.3153 0.8433 0.3449, -0.3268 0.8456 0.3116, -0.3451 0.8494 0.2817, -0.3695 0.8544 0.2568, -0.3988 0.8605 0.238, -0.4314 0.8672 0.2264, -0.4218 0.9324 0.2264, -0.3887 0.9295 0.238, -0.3589 0.9269 0.2568, -0.3341 0.9247 0.2817, -0.3154 0.9231 0.3116, -0.3131 1.0014 0.3116, -0.3319 1.0008 0.2817, -0.3568 1.0001 0.2568, -0.3867 0.9992 0.238, -0.4199 0.9983 0.2264, -0.3084 1.0811 0.3449, -0.3199 1.0794 0.3116, -0.3385 1.0767 0.2817, -0.3632 1.073 0.2568, -0.3927 1.0687 0.238, -0.4257 1.0639 0.2264, -0.439 1.1284 0.2264, -0.4068 1.137 0.238, -0.378 1.1448 0.2568, -0.3539 1.1512 0.2817, -0.3358 1.1561 0.3116, -0.3245 1.1591 0.3449, -0.4251 1.3747 0.3449, -0.4346 1.368 0.3116, -0.45 1.3573 0.2817, -0.4704 1.343 0.2568, -0.4949 1.3258 0.238, -0.5221 1.3067 0.2264, -0.563 1.3584 0.2264, -0.5381 1.3805 0.238, -0.5158 1.4004 0.2568, -0.4972 1.417 0.2817, -0.4832 1.4294 0.3116, -0.5386 1.4848 0.3116, -0.551 1.4708 0.2817, -0.5676 1.4522 0.2568, -0.5875 1.4299 0.238, -0.6096 1.405 0.2264, -0.6 1.5334 0.3116, -0.6107 1.518 0.2817, -0.625 1.4976 0.2568, -0.6422 1.4731 0.238, -0.6613 1.4459 0.2264, -0.6611 1.5847 0.3449, -0.6666 1.5745 0.3116, -0.6755 1.558 0.2817, -0.6874 1.536 0.2568, -0.7015 1.5097 0.238, -0.7173 1.4804 0.2264, -0.8869 1.6596 0.3449, -0.8886 1.648 0.3116, -0.8913 1.6295 0.2817, -0.895 1.6048 0.2568, -0.8993 1.5753 0.238, -0.9041 1.5423 0.2264, -0.9697 1.5481 0.2264, -0.9688 1.5813 0.238, -0.9679 1.6112 0.2568, -0.9672 1.6361 0.2817, -0.9666 1.6549 0.3116, -1.2017 1.632 0.3449, -1.198 1.621 0.3116, -1.1921 1.6032 0.2817, -1.1843 1.5795 0.2568, -1.1749 1.5512 0.238, -1.1644 1.5196 0.2264, -1.2257 1.4952 0.2264, -1.2397 1.5254 0.238, -1.2523 1.5525 0.2568, -1.2629 1.5751 0.2817, -1.2708 1.5921 0.3116, -1.3397 1.5549 0.3116, -1.3299 1.5389 0.2817, -1.3168 1.5177 0.2568, -1.3011 1.4923 0.238, -1.2836 1.464 0.2264, -1.4111 1.5191 0.3449, -1.4039 1.51 0.3116, -1.3922 1.4953 0.2817, -1.3768 1.4757 0.2568, -1.3583 1.4523 0.238, -1.3376 1.4262 0.2264, -1.3868 1.3824 0.2264, -1.4104 1.4059 0.238, -1.4315 1.427 0.2568, -1.4491 1.4447 0.2817, -1.4624 1.4579 0.3116, -1.4706 1.4662 0.3449, -1.6071 1.2713 0.3449, -1.5965 1.2664 0.3116, -1.5795 1.2584 0.2817, -1.5569 1.2479 0.2568, -1.5298 1.2353 0.238, -1.4997 1.2212 0.2264, -1.524 1.16 0.2264, -1.5556 1.1705 0.238, -1.5839 1.1798 0.2568, -1.6076 1.1877 0.2817, -1.6254 1.1936 0.3116, -1.6457 1.1179 0.3116, -1.6273 1.1142 0.2817, -1.6029 1.1091 0.2568, -1.5737 1.1031 0.238, -1.5411 1.0963 0.2264, -1.657 1.0405 0.3116, -1.6383 1.0388 0.2817, -1.6135 1.0367 0.2568, -1.5838 1.0341 0.238, -1.5506 1.0312 0.2264, -1.671 0.9619 0.3449, -1.6593 0.9622 0.3116, -1.6406 0.9627 0.2817, -1.6156 0.9635 0.2568, -1.5858 0.9643 0.238, -1.5525 0.9653 0.2264, -1.6228 0.7289 0.3449, -1.612 0.7332 0.3116, -1.5946 0.7401 0.2817, -1.5714 0.7493 0.2568, -1.5437 0.7603 0.238, -1.5127 0.7726 0.2264, -1.4849 0.7129 0.2264, -1.5142 0.6971 0.238, -1.5405 0.6829 0.2568, -1.5624 0.6711 0.2817, -1.5789 0.6622 0.3116, -1.4416 0.47 0.3449, -1.4339 0.4787 0.3116, -1.4214 0.4928 0.2817, -1.4048 0.5114 0.2568, -1.385 0.5337 0.238, -1.3629 0.5586 0.2264, -1.3112 0.5177 0.2264, -1.3303 0.4904 0.238, -1.3474 0.466 0.2568, -1.3617 0.4455 0.2817, -1.3725 0.4302 0.3116, -1.3058 0.3891 0.3116, -1.2969 0.4056 0.2817, -1.2851 0.4275 0.2568, -1.2709 0.4538 0.238, -1.2551 0.4831 0.2264, -1.2391 0.3451 0.3449, -1.2348 0.356 0.3116, -1.2279 0.3734 0.2817, -1.2187 0.3966 0.2568, -1.2077 0.4243 0.238, -1.1954 0.4553 0.2264, -1.1329 0.4345 0.2264, -1.1415 0.4024 0.238, -1.1492 0.3736 0.2568, -1.1556 0.3495 0.2817, -1.1605 0.3313 0.3116, -1.1635 0.3201 0.3449, -0.9265 0.2994 0.3449, -0.9275 0.311 0.3116, -0.9292 0.3297 0.2817, -0.9313 0.3545 0.2568, -0.9339 0.3842 0.238, -0.9368 0.4174 0.2264, -0.8717 0.4269 0.2264, -0.8649 0.3943 0.238, -0.8589 0.3651 0.2568, -0.8538 0.3407 0.2817, -0.8501 0.3223 0.3116, -0.7744 0.3426 0.3116, -0.7803 0.3604 0.2817, -0.7882 0.3841 0.2568, -0.7975 0.4124 0.238, -0.808 0.444 0.2264, -0.7016 0.3715 0.3116, -0.7096 0.3885 0.2817, -0.7201 0.4111 0.2568, -0.7327 0.4382 0.238, -0.7468 0.4683 0.2264, -0.6266 0.3987 0.3449, -0.6327 0.4087 0.3116, -0.6426 0.4246 0.2817, -0.6557 0.4458 0.2568, -0.6713 0.4713 0.238, -0.6888 0.4996 0.2264, -1.8162 -0.0431 -1.5237, -2.0111 0.1518 -1.5237, -1.8147 -0.1414 -1.2694, -2.1094 0.1533 -1.2694, -1.808 -0.1697 -1.1777, -2.1373 0.1604 -1.1776, -1.8129 -0.1572 -1.2239, -2.1252 0.1551 -1.2239, -2.2438 0.0189 -1.3205, -1.9491 -0.2758 -1.3205, -1.944 -0.3037 -1.2346, -2.2717 0.024 -1.2346, -1.9506 -0.1775 -1.5748, -2.1455 0.0174 -1.5748
            ]
        }
        coordIndex [
            0,1,2,-1,0,2,3,-1,3,2,4,-1,3,4,5,-1,5,4,6,-1,5,6,7,-1,7,6,8,-1,7,8,9,-1,9,8,10,-1,9,10,11,-1,11,10,12,-1,11,12,13,-1,13,12,14,-1,13,14,15,-1,15,14,16,-1,15,16,17,-1,17,16,18,-1,17,18,19,-1,19,18,20,-1,19,20,21,-1,21,20,22,-1,21,22,23,-1,23,22,24,-1,23,24,25,-1,25,24,26,-1,25,26,27,-1,27,26,28,-1,27,28,29,-1,29,28,30,-1,29,30,31,-1,32,33,34,-1,32,34,35,-1,35,34,36,-1,35,36,37,-1,37,36,38,-1,37,38,39,-1,39,38,40,-1,39,40,41,-1,41,40,42,-1,41,42,43,-1,43,42,44,-1,43,44,45,-1,46,47,48,-1,48,47,49,-1,48,49,50,-1,50,49,51,-1,50,51,52,-1,52,51,53,-1,52,53,54,-1,54,53,55,-1,54,55,56,-1,56,55,57,-1,56,57,58,-1,58,57,59,-1,58,59,60,-1,60,59,61,-1,60,61,62,-1,62,61,63,-1,62,63,64,-1,64,63,65,-1,64,65,66,-1,47,46,67,-1,47,67,68,-1,68,67,69,-1,68,69,70,-1,70,69,71,-1,70,71,72,-1,72,71,73,-1,72,73,74,-1,74,73,75,-1,74,75,76,-1,76,75,77,-1,76,77,78,-1,79,80,81,-1,81,80,82,-1,45,44,83,-1,83,44,84,-1,83,84,85,-1,85,84,86,-1,85,86,87,-1,87,86,88,-1,87,88,89,-1,89,88,90,-1,89,90,91,-1,91,90,92,-1,91,92,93,-1,93,92,94,-1,93,94,95,-1,95,94,96,-1,95,96,82,-1,82,96,97,-1,82,97,81,-1,98,99,47,-1,47,99,100,-1,47,100,49,-1,49,100,101,-1,49,101,83,-1,102,9,11,-1,83,101,45,-1,45,101,103,-1,45,103,43,-1,43,103,104,-1,43,104,41,-1,41,104,105,-1,41,105,39,-1,39,105,106,-1,39,106,37,-1,37,106,107,-1,37,107,35,-1,35,107,108,-1,35,108,32,-1,32,108,109,-1,32,109,110,-1,111,112,31,-1,31,112,113,-1,31,113,29,-1,29,113,114,-1,102,11,115,-1,115,11,13,-1,115,13,116,-1,116,13,15,-1,116,15,117,-1,117,15,17,-1,117,17,118,-1,118,17,19,-1,118,19,119,-1,119,19,21,-1,119,21,120,-1,120,21,23,-1,120,23,121,-1,121,23,25,-1,121,25,114,-1,114,25,27,-1,114,27,29,-1,9,102,7,-1,7,102,122,-1,7,122,5,-1,5,122,123,-1,5,123,3,-1,3,123,124,-1,3,124,0,-1,0,124,125,-1,0,125,126,-1,47,68,98,-1,98,68,70,-1,98,70,127,-1,127,70,72,-1,127,72,128,-1,128,72,74,-1,128,74,129,-1,129,74,76,-1,129,76,130,-1,130,76,78,-1,130,78,131,-1,110,132,32,-1,32,132,133,-1,32,133,31,-1,31,133,134,-1,31,134,111,-1,126,135,0,-1,0,135,136,-1,0,136,78,-1,78,136,137,-1,78,137,131,-1,48,84,46,-1,46,84,44,-1,46,44,42,-1,1,77,28,-1,28,77,75,-1,28,75,73,-1,73,71,28,-1,28,71,69,-1,28,69,67,-1,6,4,28,-1,28,4,2,-1,28,2,1,-1,36,34,46,-1,46,34,33,-1,46,33,67,-1,67,33,30,-1,67,30,28,-1,42,40,46,-1,46,40,38,-1,46,38,36,-1,24,22,8,-1,6,28,8,-1,8,28,26,-1,8,26,24,-1,14,12,16,-1,16,12,18,-1,22,20,8,-1,8,20,18,-1,8,18,10,-1,10,18,12,-1,30,33,31,-1,31,33,32,-1,77,1,78,-1,78,1,0,-1,138,135,139,-1,139,135,126,-1,139,126,140,-1,140,126,125,-1,140,125,141,-1,141,125,142,-1,142,125,143,-1,143,125,124,-1,143,124,144,-1,122,145,146,-1,122,146,123,-1,146,147,123,-1,123,147,148,-1,123,148,124,-1,124,148,149,-1,124,149,144,-1,102,115,150,-1,150,151,102,-1,102,151,152,-1,102,152,122,-1,122,152,153,-1,122,153,145,-1,154,155,116,-1,116,155,156,-1,116,156,115,-1,115,156,157,-1,115,157,150,-1,154,116,158,-1,158,116,117,-1,158,117,159,-1,159,117,118,-1,159,118,160,-1,161,162,119,-1,119,162,163,-1,119,163,118,-1,118,163,164,-1,118,164,160,-1,161,119,165,-1,165,119,120,-1,165,120,166,-1,166,120,121,-1,166,121,167,-1,168,169,113,-1,113,169,170,-1,113,170,114,-1,114,170,171,-1,114,171,121,-1,121,171,172,-1,121,172,167,-1,168,113,173,-1,173,113,112,-1,173,112,174,-1,111,134,175,-1,175,176,111,-1,111,176,177,-1,111,177,112,-1,112,177,178,-1,112,178,174,-1,132,110,179,-1,179,180,132,-1,132,180,181,-1,132,181,133,-1,133,181,182,-1,133,182,134,-1,134,182,183,-1,134,183,175,-1,184,185,109,-1,109,185,186,-1,109,186,110,-1,110,186,187,-1,110,187,179,-1,184,109,188,-1,188,109,108,-1,188,108,189,-1,189,108,107,-1,189,107,190,-1,191,192,106,-1,106,192,193,-1,106,193,107,-1,107,193,194,-1,107,194,190,-1,191,106,195,-1,195,106,105,-1,195,105,196,-1,196,105,104,-1,196,104,197,-1,198,199,101,-1,101,199,200,-1,101,200,103,-1,103,200,201,-1,103,201,104,-1,104,201,202,-1,104,202,197,-1,198,101,203,-1,203,101,100,-1,203,100,204,-1,98,205,206,-1,98,206,99,-1,206,207,99,-1,99,207,208,-1,99,208,100,-1,100,208,209,-1,100,209,204,-1,128,210,211,-1,128,211,127,-1,211,212,127,-1,127,212,213,-1,127,213,98,-1,98,213,214,-1,98,214,205,-1,210,128,215,-1,215,128,129,-1,215,129,216,-1,217,218,131,-1,131,218,219,-1,131,219,130,-1,130,219,220,-1,130,220,129,-1,129,220,221,-1,129,221,216,-1,217,131,222,-1,222,131,137,-1,222,137,223,-1,138,224,135,-1,135,224,225,-1,135,225,136,-1,136,225,226,-1,136,226,137,-1,137,226,227,-1,137,227,223,-1,228,229,230,-1,230,229,231,-1,230,231,232,-1,233,234,230,-1,230,234,235,-1,230,235,228,-1,236,237,230,-1,230,237,238,-1,230,238,233,-1,239,240,230,-1,230,240,241,-1,230,241,236,-1,242,243,230,-1,230,243,244,-1,230,244,239,-1,245,246,230,-1,230,246,247,-1,230,247,242,-1,248,249,230,-1,230,249,250,-1,230,250,245,-1,251,252,230,-1,230,252,253,-1,230,253,248,-1,254,255,230,-1,230,255,256,-1,230,256,251,-1,257,258,230,-1,230,258,259,-1,230,259,254,-1,260,261,230,-1,230,261,262,-1,230,262,257,-1,263,264,230,-1,230,264,265,-1,230,265,260,-1,266,267,230,-1,230,267,268,-1,230,268,263,-1,269,270,230,-1,230,270,271,-1,230,271,266,-1,272,273,230,-1,230,273,274,-1,230,274,269,-1,275,276,230,-1,230,276,277,-1,230,277,272,-1,278,279,230,-1,230,279,280,-1,230,280,275,-1,232,281,230,-1,230,281,282,-1,230,282,278,-1,181,180,283,-1,187,186,284,-1,185,184,285,-1,188,189,286,-1,194,193,287,-1,197,202,288,-1,201,200,289,-1,198,203,290,-1,208,207,291,-1,205,214,292,-1,210,215,293,-1,216,221,294,-1,220,219,295,-1,217,222,296,-1,224,138,297,-1,139,140,298,-1,142,143,299,-1,148,147,300,-1,145,153,301,-1,157,156,302,-1,155,154,303,-1,158,159,304,-1,164,163,305,-1,167,172,306,-1,171,170,307,-1,168,173,308,-1,309,234,233,-1,235,234,310,-1,310,234,309,-1,310,309,311,-1,228,235,312,-1,312,235,310,-1,312,310,313,-1,313,310,311,-1,313,311,314,-1,229,228,315,-1,315,228,312,-1,315,312,316,-1,316,312,313,-1,316,313,317,-1,317,313,314,-1,317,314,318,-1,231,229,319,-1,319,229,315,-1,319,315,320,-1,320,315,316,-1,320,316,321,-1,321,316,317,-1,321,317,322,-1,322,317,318,-1,322,318,323,-1,232,231,324,-1,324,231,319,-1,324,319,325,-1,325,319,320,-1,325,320,326,-1,326,320,321,-1,326,321,327,-1,327,321,322,-1,327,322,328,-1,328,322,323,-1,328,323,283,-1,329,330,331,-1,332,330,333,-1,333,330,329,-1,333,329,334,-1,308,335,336,-1,336,335,337,-1,336,337,338,-1,338,337,339,-1,338,339,340,-1,340,339,341,-1,340,341,342,-1,240,239,343,-1,343,239,344,-1,343,344,345,-1,345,344,346,-1,345,346,347,-1,347,346,348,-1,347,348,349,-1,349,348,350,-1,349,350,351,-1,351,350,352,-1,351,352,353,-1,353,352,305,-1,245,250,354,-1,354,250,355,-1,354,355,356,-1,356,355,357,-1,356,357,358,-1,358,357,359,-1,358,359,360,-1,360,359,361,-1,360,361,362,-1,362,361,363,-1,362,363,364,-1,364,363,301,-1,253,252,365,-1,365,252,366,-1,365,366,367,-1,367,366,368,-1,367,368,369,-1,369,368,370,-1,369,370,371,-1,371,370,372,-1,371,372,373,-1,373,372,374,-1,373,374,375,-1,375,374,299,-1,258,257,376,-1,376,257,377,-1,376,377,378,-1,378,377,379,-1,378,379,380,-1,380,379,381,-1,380,381,382,-1,382,381,383,-1,382,383,384,-1,384,383,385,-1,384,385,386,-1,386,385,296,-1,263,268,387,-1,387,268,388,-1,387,388,389,-1,389,388,390,-1,389,390,391,-1,391,390,392,-1,391,392,393,-1,393,392,394,-1,393,394,395,-1,395,394,396,-1,395,396,397,-1,397,396,292,-1,271,270,398,-1,398,270,399,-1,398,399,400,-1,400,399,401,-1,400,401,402,-1,402,401,403,-1,402,403,404,-1,404,403,405,-1,404,405,406,-1,406,405,407,-1,406,407,408,-1,408,407,290,-1,276,275,409,-1,409,275,410,-1,409,410,411,-1,411,410,412,-1,411,412,413,-1,413,412,414,-1,413,414,415,-1,415,414,416,-1,415,416,417,-1,417,416,418,-1,417,418,419,-1,419,418,287,-1,177,176,332,-1,332,176,175,-1,332,175,330,-1,330,175,183,-1,330,183,331,-1,331,183,182,-1,178,177,335,-1,335,177,332,-1,335,332,337,-1,337,332,333,-1,337,333,339,-1,339,333,334,-1,339,334,341,-1,308,173,335,-1,335,173,174,-1,335,174,178,-1,169,168,420,-1,420,168,308,-1,420,308,421,-1,421,308,336,-1,421,336,422,-1,422,336,338,-1,422,338,423,-1,423,338,340,-1,423,340,424,-1,424,340,342,-1,424,342,425,-1,233,238,425,-1,425,238,426,-1,425,426,424,-1,424,426,427,-1,424,427,423,-1,423,427,428,-1,423,428,422,-1,422,428,429,-1,422,429,421,-1,421,429,430,-1,421,430,420,-1,420,430,307,-1,420,307,169,-1,169,307,170,-1,172,171,306,-1,306,171,307,-1,306,307,431,-1,431,307,430,-1,431,430,432,-1,432,430,429,-1,432,429,433,-1,433,429,428,-1,433,428,434,-1,434,428,427,-1,434,427,435,-1,435,427,426,-1,435,426,237,-1,237,426,238,-1,166,167,436,-1,436,167,306,-1,436,306,437,-1,437,306,431,-1,437,431,438,-1,438,431,432,-1,438,432,439,-1,439,432,433,-1,439,433,440,-1,440,433,434,-1,440,434,441,-1,441,434,435,-1,441,435,236,-1,236,435,237,-1,236,241,441,-1,441,241,442,-1,441,442,440,-1,440,442,443,-1,440,443,439,-1,439,443,444,-1,439,444,438,-1,438,444,445,-1,438,445,437,-1,437,445,446,-1,437,446,436,-1,436,446,447,-1,436,447,166,-1,166,447,165,-1,241,240,442,-1,442,240,343,-1,442,343,443,-1,443,343,345,-1,443,345,444,-1,444,345,347,-1,444,347,445,-1,445,347,349,-1,445,349,446,-1,446,349,351,-1,446,351,447,-1,447,351,353,-1,447,353,165,-1,165,353,161,-1,305,163,353,-1,353,163,162,-1,353,162,161,-1,160,164,448,-1,448,164,305,-1,448,305,449,-1,449,305,352,-1,449,352,450,-1,450,352,350,-1,450,350,451,-1,451,350,348,-1,451,348,452,-1,452,348,346,-1,452,346,453,-1,453,346,344,-1,453,344,244,-1,244,344,239,-1,244,243,453,-1,453,243,454,-1,453,454,452,-1,452,454,455,-1,452,455,451,-1,451,455,456,-1,451,456,450,-1,450,456,457,-1,450,457,449,-1,449,457,458,-1,449,458,448,-1,448,458,304,-1,448,304,160,-1,160,304,159,-1,154,158,303,-1,303,158,304,-1,303,304,459,-1,459,304,458,-1,459,458,460,-1,460,458,457,-1,460,457,461,-1,461,457,456,-1,461,456,462,-1,462,456,455,-1,462,455,463,-1,463,455,454,-1,463,454,242,-1,242,454,243,-1,156,155,302,-1,302,155,303,-1,302,303,464,-1,464,303,459,-1,464,459,465,-1,465,459,460,-1,465,460,466,-1,466,460,461,-1,466,461,467,-1,467,461,462,-1,467,462,468,-1,468,462,463,-1,468,463,247,-1,247,463,242,-1,150,157,469,-1,469,157,302,-1,469,302,470,-1,470,302,464,-1,470,464,471,-1,471,464,465,-1,471,465,472,-1,472,465,466,-1,472,466,473,-1,473,466,467,-1,473,467,474,-1,474,467,468,-1,474,468,246,-1,246,468,247,-1,246,245,474,-1,474,245,354,-1,474,354,473,-1,473,354,356,-1,473,356,472,-1,472,356,358,-1,472,358,471,-1,471,358,360,-1,471,360,470,-1,470,360,362,-1,470,362,469,-1,469,362,364,-1,469,364,150,-1,150,364,151,-1,301,153,364,-1,364,153,152,-1,364,152,151,-1,146,145,475,-1,475,145,301,-1,475,301,476,-1,476,301,363,-1,476,363,477,-1,477,363,361,-1,477,361,478,-1,478,361,359,-1,478,359,479,-1,479,359,357,-1,479,357,480,-1,480,357,355,-1,480,355,249,-1,249,355,250,-1,249,248,480,-1,480,248,481,-1,480,481,479,-1,479,481,482,-1,479,482,478,-1,478,482,483,-1,478,483,477,-1,477,483,484,-1,477,484,476,-1,476,484,485,-1,476,485,475,-1,475,485,300,-1,475,300,146,-1,146,300,147,-1,149,148,375,-1,375,148,300,-1,375,300,373,-1,373,300,485,-1,373,485,371,-1,371,485,484,-1,371,484,369,-1,369,484,483,-1,369,483,367,-1,367,483,482,-1,367,482,365,-1,365,482,481,-1,365,481,253,-1,253,481,248,-1,299,143,375,-1,375,143,144,-1,375,144,149,-1,141,142,486,-1,486,142,299,-1,486,299,487,-1,487,299,374,-1,487,374,488,-1,488,374,372,-1,488,372,489,-1,489,372,370,-1,489,370,490,-1,490,370,368,-1,490,368,491,-1,491,368,366,-1,491,366,251,-1,251,366,252,-1,251,256,491,-1,491,256,492,-1,491,492,490,-1,490,492,493,-1,490,493,489,-1,489,493,494,-1,489,494,488,-1,488,494,495,-1,488,495,487,-1,487,495,496,-1,487,496,486,-1,486,496,298,-1,486,298,141,-1,141,298,140,-1,138,139,297,-1,297,139,298,-1,297,298,497,-1,497,298,496,-1,497,496,498,-1,498,496,495,-1,498,495,499,-1,499,495,494,-1,499,494,500,-1,500,494,493,-1,500,493,501,-1,501,493,492,-1,501,492,255,-1,255,492,256,-1,225,224,502,-1,502,224,297,-1,502,297,503,-1,503,297,497,-1,503,497,504,-1,504,497,498,-1,504,498,505,-1,505,498,499,-1,505,499,506,-1,506,499,500,-1,506,500,507,-1,507,500,501,-1,507,501,254,-1,254,501,255,-1,254,259,507,-1,507,259,508,-1,507,508,506,-1,506,508,509,-1,506,509,505,-1,505,509,510,-1,505,510,504,-1,504,510,511,-1,504,511,503,-1,503,511,512,-1,503,512,502,-1,502,512,513,-1,502,513,225,-1,225,513,226,-1,259,258,508,-1,508,258,376,-1,508,376,509,-1,509,376,378,-1,509,378,510,-1,510,378,380,-1,510,380,511,-1,511,380,382,-1,511,382,512,-1,512,382,384,-1,512,384,513,-1,513,384,386,-1,513,386,226,-1,226,386,227,-1,296,222,386,-1,386,222,223,-1,386,223,227,-1,218,217,514,-1,514,217,296,-1,514,296,515,-1,515,296,385,-1,515,385,516,-1,516,385,383,-1,516,383,517,-1,517,383,381,-1,517,381,518,-1,518,381,379,-1,518,379,519,-1,519,379,377,-1,519,377,262,-1,262,377,257,-1,262,261,519,-1,519,261,520,-1,519,520,518,-1,518,520,521,-1,518,521,517,-1,517,521,522,-1,517,522,516,-1,516,522,523,-1,516,523,515,-1,515,523,524,-1,515,524,514,-1,514,524,295,-1,514,295,218,-1,218,295,219,-1,221,220,294,-1,294,220,295,-1,294,295,525,-1,525,295,524,-1,525,524,526,-1,526,524,523,-1,526,523,527,-1,527,523,522,-1,527,522,528,-1,528,522,521,-1,528,521,529,-1,529,521,520,-1,529,520,260,-1,260,520,261,-1,215,216,293,-1,293,216,294,-1,293,294,530,-1,530,294,525,-1,530,525,531,-1,531,525,526,-1,531,526,532,-1,532,526,527,-1,532,527,533,-1,533,527,528,-1,533,528,534,-1,534,528,529,-1,534,529,265,-1,265,529,260,-1,211,210,535,-1,535,210,293,-1,535,293,536,-1,536,293,530,-1,536,530,537,-1,537,530,531,-1,537,531,538,-1,538,531,532,-1,538,532,539,-1,539,532,533,-1,539,533,540,-1,540,533,534,-1,540,534,264,-1,264,534,265,-1,264,263,540,-1,540,263,387,-1,540,387,539,-1,539,387,389,-1,539,389,538,-1,538,389,391,-1,538,391,537,-1,537,391,393,-1,537,393,536,-1,536,393,395,-1,536,395,535,-1,535,395,397,-1,535,397,211,-1,211,397,212,-1,292,214,397,-1,397,214,213,-1,397,213,212,-1,206,205,541,-1,541,205,292,-1,541,292,542,-1,542,292,396,-1,542,396,543,-1,543,396,394,-1,543,394,544,-1,544,394,392,-1,544,392,545,-1,545,392,390,-1,545,390,546,-1,546,390,388,-1,546,388,267,-1,267,388,268,-1,267,266,546,-1,546,266,547,-1,546,547,545,-1,545,547,548,-1,545,548,544,-1,544,548,549,-1,544,549,543,-1,543,549,550,-1,543,550,542,-1,542,550,551,-1,542,551,541,-1,541,551,291,-1,541,291,206,-1,206,291,207,-1,209,208,408,-1,408,208,291,-1,408,291,406,-1,406,291,551,-1,406,551,404,-1,404,551,550,-1,404,550,402,-1,402,550,549,-1,402,549,400,-1,400,549,548,-1,400,548,398,-1,398,548,547,-1,398,547,271,-1,271,547,266,-1,290,203,408,-1,408,203,204,-1,408,204,209,-1,199,198,552,-1,552,198,290,-1,552,290,553,-1,553,290,407,-1,553,407,554,-1,554,407,405,-1,554,405,555,-1,555,405,403,-1,555,403,556,-1,556,403,401,-1,556,401,557,-1,557,401,399,-1,557,399,269,-1,269,399,270,-1,269,274,557,-1,557,274,558,-1,557,558,556,-1,556,558,559,-1,556,559,555,-1,555,559,560,-1,555,560,554,-1,554,560,561,-1,554,561,553,-1,553,561,562,-1,553,562,552,-1,552,562,289,-1,552,289,199,-1,199,289,200,-1,202,201,288,-1,288,201,289,-1,288,289,563,-1,563,289,562,-1,563,562,564,-1,564,562,561,-1,564,561,565,-1,565,561,560,-1,565,560,566,-1,566,560,559,-1,566,559,567,-1,567,559,558,-1,567,558,273,-1,273,558,274,-1,196,197,568,-1,568,197,288,-1,568,288,569,-1,569,288,563,-1,569,563,570,-1,570,563,564,-1,570,564,571,-1,571,564,565,-1,571,565,572,-1,572,565,566,-1,572,566,573,-1,573,566,567,-1,573,567,272,-1,272,567,273,-1,272,277,573,-1,573,277,574,-1,573,574,572,-1,572,574,575,-1,572,575,571,-1,571,575,576,-1,571,576,570,-1,570,576,577,-1,570,577,569,-1,569,577,578,-1,569,578,568,-1,568,578,579,-1,568,579,196,-1,196,579,195,-1,277,276,574,-1,574,276,409,-1,574,409,575,-1,575,409,411,-1,575,411,576,-1,576,411,413,-1,576,413,577,-1,577,413,415,-1,577,415,578,-1,578,415,417,-1,578,417,579,-1,579,417,419,-1,579,419,195,-1,195,419,191,-1,287,193,419,-1,419,193,192,-1,419,192,191,-1,190,194,580,-1,580,194,287,-1,580,287,581,-1,581,287,418,-1,581,418,582,-1,582,418,416,-1,582,416,583,-1,583,416,414,-1,583,414,584,-1,584,414,412,-1,584,412,585,-1,585,412,410,-1,585,410,280,-1,280,410,275,-1,280,279,585,-1,585,279,586,-1,585,586,584,-1,584,586,587,-1,584,587,583,-1,583,587,588,-1,583,588,582,-1,582,588,589,-1,582,589,581,-1,581,589,590,-1,581,590,580,-1,580,590,286,-1,580,286,190,-1,190,286,189,-1,184,188,285,-1,285,188,286,-1,285,286,591,-1,591,286,590,-1,591,590,592,-1,592,590,589,-1,592,589,593,-1,593,589,588,-1,593,588,594,-1,594,588,587,-1,594,587,595,-1,595,587,586,-1,595,586,278,-1,278,586,279,-1,186,185,284,-1,284,185,285,-1,284,285,596,-1,596,285,591,-1,596,591,597,-1,597,591,592,-1,597,592,598,-1,598,592,593,-1,598,593,599,-1,599,593,594,-1,599,594,600,-1,600,594,595,-1,600,595,282,-1,282,595,278,-1,179,187,601,-1,601,187,284,-1,601,284,602,-1,602,284,596,-1,602,596,603,-1,603,596,597,-1,603,597,604,-1,604,597,598,-1,604,598,605,-1,605,598,599,-1,605,599,606,-1,606,599,600,-1,606,600,281,-1,281,600,282,-1,281,232,606,-1,606,232,324,-1,606,324,605,-1,605,324,325,-1,605,325,604,-1,604,325,326,-1,604,326,603,-1,603,326,327,-1,603,327,602,-1,602,327,328,-1,602,328,601,-1,601,328,283,-1,601,283,179,-1,179,283,180,-1,233,425,309,-1,309,425,342,-1,309,342,311,-1,311,342,341,-1,311,341,314,-1,314,341,334,-1,314,334,318,-1,318,334,329,-1,318,329,323,-1,323,329,331,-1,323,331,283,-1,283,331,182,-1,283,182,181,-1,607,608,609,-1,609,608,610,-1,63,82,80,-1,63,80,65,-1,65,80,611,-1,65,611,612,-1,612,611,613,-1,612,613,614,-1,614,613,609,-1,614,609,610,-1,95,82,61,-1,61,82,63,-1,95,61,93,-1,93,61,59,-1,93,59,91,-1,91,59,57,-1,91,57,89,-1,89,57,55,-1,89,55,87,-1,87,55,53,-1,87,53,85,-1,85,53,51,-1,85,51,83,-1,83,51,49,-1,84,48,50,-1,84,50,86,-1,86,50,52,-1,86,52,88,-1,88,52,54,-1,88,54,90,-1,90,54,56,-1,90,56,92,-1,92,56,58,-1,92,58,94,-1,94,58,60,-1,94,60,96,-1,97,96,62,-1,62,96,60,-1,97,62,64,-1,615,616,617,-1,617,616,618,-1,618,616,66,-1,66,616,79,-1,66,79,64,-1,64,79,81,-1,64,81,97,-1,615,617,619,-1,619,617,620,-1,619,620,607,-1,607,620,608,-1,619,607,615,-1,615,607,609,-1,615,609,616,-1,616,609,613,-1,616,613,79,-1,79,613,611,-1,79,611,80,-1,608,620,610,-1,610,620,617,-1,610,617,614,-1,614,617,618,-1,614,618,612,-1,612,618,66,-1,612,66,65,-1,621,622,623,-1,621,623,624,-1,624,623,625,-1,624,625,626,-1,626,625,627,-1,626,627,628,-1,628,627,629,-1,628,629,630,-1,630,629,631,-1,630,631,632,-1,632,631,633,-1,632,633,634,-1,634,633,635,-1,634,635,636,-1,636,635,637,-1,636,637,638,-1,638,637,639,-1,638,639,640,-1,640,639,641,-1,640,641,642,-1,642,641,643,-1,642,643,644,-1,644,643,645,-1,644,645,646,-1,646,645,647,-1,646,647,648,-1,648,647,649,-1,648,649,650,-1,650,649,651,-1,650,651,652,-1,653,654,655,-1,653,655,656,-1,656,655,657,-1,656,657,658,-1,658,657,659,-1,658,659,660,-1,660,659,661,-1,660,661,662,-1,662,661,663,-1,662,663,664,-1,664,663,665,-1,664,665,666,-1,667,668,669,-1,669,668,670,-1,669,670,671,-1,671,670,672,-1,671,672,673,-1,673,672,674,-1,673,674,675,-1,675,674,676,-1,675,676,677,-1,677,676,678,-1,677,678,679,-1,679,678,680,-1,679,680,681,-1,681,680,682,-1,681,682,683,-1,683,682,684,-1,683,684,685,-1,685,684,686,-1,685,686,687,-1,668,667,688,-1,668,688,689,-1,689,688,690,-1,689,690,691,-1,691,690,692,-1,691,692,693,-1,693,692,694,-1,693,694,695,-1,695,694,696,-1,695,696,697,-1,697,696,698,-1,697,698,699,-1,700,701,702,-1,702,701,703,-1,666,665,704,-1,704,665,705,-1,704,705,706,-1,706,705,707,-1,706,707,708,-1,708,707,709,-1,708,709,710,-1,710,709,711,-1,710,711,712,-1,712,711,713,-1,712,713,714,-1,714,713,715,-1,714,715,716,-1,716,715,717,-1,716,717,703,-1,703,717,718,-1,703,718,702,-1,704,670,666,-1,666,670,668,-1,668,689,719,-1,719,689,691,-1,719,720,668,-1,668,720,721,-1,668,721,666,-1,666,721,722,-1,666,722,723,-1,724,725,628,-1,628,725,626,-1,626,725,726,-1,626,726,624,-1,624,726,727,-1,624,727,621,-1,621,727,728,-1,621,728,729,-1,691,693,719,-1,719,693,695,-1,719,695,730,-1,730,695,697,-1,730,697,731,-1,731,697,699,-1,731,699,732,-1,729,733,621,-1,621,733,734,-1,621,734,699,-1,699,734,735,-1,699,735,732,-1,736,737,652,-1,652,737,738,-1,652,738,650,-1,650,738,739,-1,628,630,724,-1,724,630,632,-1,724,632,740,-1,740,632,634,-1,740,634,741,-1,741,634,636,-1,741,636,742,-1,742,636,638,-1,742,638,743,-1,743,638,640,-1,743,640,744,-1,744,640,642,-1,744,642,745,-1,745,642,644,-1,745,644,746,-1,746,644,646,-1,746,646,739,-1,739,646,648,-1,739,648,650,-1,723,747,666,-1,666,747,748,-1,666,748,664,-1,664,748,749,-1,664,749,662,-1,662,749,750,-1,662,750,660,-1,660,750,751,-1,660,751,658,-1,658,751,752,-1,658,752,656,-1,656,752,753,-1,656,753,653,-1,653,753,754,-1,653,754,755,-1,755,756,653,-1,653,756,757,-1,653,757,652,-1,652,757,758,-1,652,758,736,-1,669,705,667,-1,667,705,665,-1,667,665,663,-1,647,696,649,-1,649,696,694,-1,696,629,627,-1,694,692,649,-1,649,692,690,-1,649,690,688,-1,622,698,623,-1,623,698,696,-1,623,696,625,-1,625,696,627,-1,657,655,667,-1,667,655,654,-1,667,654,688,-1,688,654,651,-1,688,651,649,-1,663,661,667,-1,667,661,659,-1,667,659,657,-1,647,645,696,-1,696,645,643,-1,696,643,641,-1,641,639,696,-1,696,639,637,-1,696,637,635,-1,635,633,696,-1,696,633,631,-1,696,631,629,-1,651,654,652,-1,652,654,653,-1,698,622,699,-1,699,622,621,-1,759,733,760,-1,760,733,729,-1,760,729,761,-1,761,729,728,-1,761,728,762,-1,762,728,763,-1,763,728,764,-1,764,728,727,-1,764,727,765,-1,725,766,767,-1,725,767,726,-1,767,768,726,-1,726,768,769,-1,726,769,727,-1,727,769,770,-1,727,770,765,-1,740,771,772,-1,740,772,724,-1,772,773,724,-1,724,773,774,-1,724,774,725,-1,725,774,775,-1,725,775,766,-1,771,740,776,-1,776,740,741,-1,776,741,777,-1,742,778,741,-1,741,778,779,-1,741,779,777,-1,743,780,742,-1,742,780,781,-1,742,781,778,-1,782,783,744,-1,744,783,784,-1,744,784,743,-1,743,784,785,-1,743,785,780,-1,782,744,786,-1,786,744,745,-1,786,745,787,-1,787,745,746,-1,787,746,788,-1,789,790,738,-1,738,790,791,-1,738,791,739,-1,739,791,792,-1,739,792,746,-1,746,792,793,-1,746,793,788,-1,789,738,794,-1,794,738,737,-1,794,737,795,-1,736,758,796,-1,796,797,736,-1,736,797,798,-1,736,798,737,-1,737,798,799,-1,737,799,795,-1,756,755,800,-1,800,801,756,-1,756,801,802,-1,756,802,757,-1,757,802,803,-1,757,803,758,-1,758,803,804,-1,758,804,796,-1,805,806,754,-1,754,806,807,-1,754,807,755,-1,755,807,808,-1,755,808,800,-1,805,754,809,-1,809,754,753,-1,809,753,810,-1,810,753,752,-1,810,752,811,-1,812,813,751,-1,751,813,814,-1,751,814,752,-1,752,814,815,-1,752,815,811,-1,812,751,816,-1,816,751,750,-1,816,750,817,-1,817,750,749,-1,817,749,818,-1,819,820,747,-1,747,820,821,-1,747,821,748,-1,748,821,822,-1,748,822,749,-1,749,822,823,-1,749,823,818,-1,819,747,824,-1,824,747,723,-1,824,723,825,-1,721,826,827,-1,721,827,722,-1,827,828,722,-1,722,828,829,-1,722,829,723,-1,723,829,830,-1,723,830,825,-1,719,831,832,-1,719,832,720,-1,832,833,720,-1,720,833,834,-1,720,834,721,-1,721,834,835,-1,721,835,826,-1,831,719,836,-1,836,719,730,-1,836,730,837,-1,838,839,732,-1,732,839,840,-1,732,840,731,-1,731,840,841,-1,731,841,730,-1,730,841,842,-1,730,842,837,-1,838,732,843,-1,843,732,735,-1,843,735,844,-1,759,845,733,-1,733,845,846,-1,733,846,734,-1,734,846,847,-1,734,847,735,-1,735,847,848,-1,735,848,844,-1,849,850,851,-1,851,850,852,-1,851,852,853,-1,854,855,851,-1,851,855,856,-1,851,856,849,-1,857,858,851,-1,851,858,859,-1,851,859,854,-1,860,861,851,-1,851,861,862,-1,851,862,857,-1,863,864,851,-1,851,864,865,-1,851,865,860,-1,866,867,851,-1,851,867,868,-1,851,868,863,-1,869,870,851,-1,851,870,871,-1,851,871,866,-1,872,873,851,-1,851,873,874,-1,851,874,869,-1,875,876,851,-1,851,876,877,-1,851,877,872,-1,878,879,851,-1,851,879,880,-1,851,880,875,-1,881,882,851,-1,851,882,883,-1,851,883,878,-1,884,885,851,-1,851,885,886,-1,851,886,881,-1,887,888,851,-1,851,888,889,-1,851,889,884,-1,890,891,851,-1,851,891,892,-1,851,892,887,-1,893,894,851,-1,851,894,895,-1,851,895,890,-1,896,897,851,-1,851,897,898,-1,851,898,893,-1,899,900,851,-1,851,900,901,-1,851,901,896,-1,853,902,851,-1,851,902,903,-1,851,903,899,-1,802,801,904,-1,808,807,905,-1,806,805,906,-1,809,810,907,-1,815,814,908,-1,818,823,909,-1,822,821,910,-1,819,824,911,-1,829,828,912,-1,826,835,913,-1,831,836,914,-1,837,842,915,-1,841,840,916,-1,838,843,917,-1,845,759,918,-1,760,761,919,-1,763,764,920,-1,769,768,921,-1,766,775,922,-1,771,776,923,-1,777,779,924,-1,778,781,925,-1,785,784,926,-1,788,793,927,-1,792,791,928,-1,789,794,929,-1,930,855,854,-1,856,855,931,-1,931,855,930,-1,931,930,932,-1,849,856,933,-1,933,856,931,-1,933,931,934,-1,934,931,932,-1,934,932,935,-1,850,849,936,-1,936,849,933,-1,936,933,937,-1,937,933,934,-1,937,934,938,-1,938,934,935,-1,938,935,939,-1,852,850,940,-1,940,850,936,-1,940,936,941,-1,941,936,937,-1,941,937,942,-1,942,937,938,-1,942,938,943,-1,943,938,939,-1,943,939,944,-1,853,852,945,-1,945,852,940,-1,945,940,946,-1,946,940,941,-1,946,941,947,-1,947,941,942,-1,947,942,948,-1,948,942,943,-1,948,943,949,-1,949,943,944,-1,949,944,904,-1,950,951,952,-1,953,951,954,-1,954,951,950,-1,954,950,955,-1,929,956,957,-1,957,956,958,-1,957,958,959,-1,959,958,960,-1,959,960,961,-1,961,960,962,-1,961,962,963,-1,861,860,964,-1,964,860,965,-1,964,965,966,-1,966,965,967,-1,966,967,968,-1,968,967,969,-1,968,969,970,-1,970,969,971,-1,970,971,972,-1,972,971,973,-1,972,973,974,-1,974,973,926,-1,866,871,975,-1,975,871,976,-1,975,976,977,-1,977,976,978,-1,977,978,979,-1,979,978,980,-1,979,980,981,-1,981,980,982,-1,981,982,983,-1,983,982,984,-1,983,984,985,-1,985,984,922,-1,874,873,986,-1,986,873,987,-1,986,987,988,-1,988,987,989,-1,988,989,990,-1,990,989,991,-1,990,991,992,-1,992,991,993,-1,992,993,994,-1,994,993,995,-1,994,995,996,-1,996,995,920,-1,879,878,997,-1,997,878,998,-1,997,998,999,-1,999,998,1000,-1,999,1000,1001,-1,1001,1000,1002,-1,1001,1002,1003,-1,1003,1002,1004,-1,1003,1004,1005,-1,1005,1004,1006,-1,1005,1006,1007,-1,1007,1006,917,-1,884,889,1008,-1,1008,889,1009,-1,1008,1009,1010,-1,1010,1009,1011,-1,1010,1011,1012,-1,1012,1011,1013,-1,1012,1013,1014,-1,1014,1013,1015,-1,1014,1015,1016,-1,1016,1015,1017,-1,1016,1017,1018,-1,1018,1017,913,-1,892,891,1019,-1,1019,891,1020,-1,1019,1020,1021,-1,1021,1020,1022,-1,1021,1022,1023,-1,1023,1022,1024,-1,1023,1024,1025,-1,1025,1024,1026,-1,1025,1026,1027,-1,1027,1026,1028,-1,1027,1028,1029,-1,1029,1028,911,-1,897,896,1030,-1,1030,896,1031,-1,1030,1031,1032,-1,1032,1031,1033,-1,1032,1033,1034,-1,1034,1033,1035,-1,1034,1035,1036,-1,1036,1035,1037,-1,1036,1037,1038,-1,1038,1037,1039,-1,1038,1039,1040,-1,1040,1039,908,-1,798,797,953,-1,953,797,796,-1,953,796,951,-1,951,796,804,-1,951,804,952,-1,952,804,803,-1,799,798,956,-1,956,798,953,-1,956,953,958,-1,958,953,954,-1,958,954,960,-1,960,954,955,-1,960,955,962,-1,929,794,956,-1,956,794,795,-1,956,795,799,-1,790,789,1041,-1,1041,789,929,-1,1041,929,1042,-1,1042,929,957,-1,1042,957,1043,-1,1043,957,959,-1,1043,959,1044,-1,1044,959,961,-1,1044,961,1045,-1,1045,961,963,-1,1045,963,1046,-1,854,859,1046,-1,1046,859,1047,-1,1046,1047,1045,-1,1045,1047,1048,-1,1045,1048,1044,-1,1044,1048,1049,-1,1044,1049,1043,-1,1043,1049,1050,-1,1043,1050,1042,-1,1042,1050,1051,-1,1042,1051,1041,-1,1041,1051,928,-1,1041,928,790,-1,790,928,791,-1,793,792,927,-1,927,792,928,-1,927,928,1052,-1,1052,928,1051,-1,1052,1051,1053,-1,1053,1051,1050,-1,1053,1050,1054,-1,1054,1050,1049,-1,1054,1049,1055,-1,1055,1049,1048,-1,1055,1048,1056,-1,1056,1048,1047,-1,1056,1047,858,-1,858,1047,859,-1,787,788,1057,-1,1057,788,927,-1,1057,927,1058,-1,1058,927,1052,-1,1058,1052,1059,-1,1059,1052,1053,-1,1059,1053,1060,-1,1060,1053,1054,-1,1060,1054,1061,-1,1061,1054,1055,-1,1061,1055,1062,-1,1062,1055,1056,-1,1062,1056,857,-1,857,1056,858,-1,857,862,1062,-1,1062,862,1063,-1,1062,1063,1061,-1,1061,1063,1064,-1,1061,1064,1060,-1,1060,1064,1065,-1,1060,1065,1059,-1,1059,1065,1066,-1,1059,1066,1058,-1,1058,1066,1067,-1,1058,1067,1057,-1,1057,1067,1068,-1,1057,1068,787,-1,787,1068,786,-1,862,861,1063,-1,1063,861,964,-1,1063,964,1064,-1,1064,964,966,-1,1064,966,1065,-1,1065,966,968,-1,1065,968,1066,-1,1066,968,970,-1,1066,970,1067,-1,1067,970,972,-1,1067,972,1068,-1,1068,972,974,-1,1068,974,786,-1,786,974,782,-1,926,784,974,-1,974,784,783,-1,974,783,782,-1,780,785,1069,-1,1069,785,926,-1,1069,926,1070,-1,1070,926,973,-1,1070,973,1071,-1,1071,973,971,-1,1071,971,1072,-1,1072,971,969,-1,1072,969,1073,-1,1073,969,967,-1,1073,967,1074,-1,1074,967,965,-1,1074,965,865,-1,865,965,860,-1,865,864,1074,-1,1074,864,1075,-1,1074,1075,1073,-1,1073,1075,1076,-1,1073,1076,1072,-1,1072,1076,1077,-1,1072,1077,1071,-1,1071,1077,1078,-1,1071,1078,1070,-1,1070,1078,1079,-1,1070,1079,1069,-1,1069,1079,925,-1,1069,925,780,-1,780,925,781,-1,779,778,924,-1,924,778,925,-1,924,925,1080,-1,1080,925,1079,-1,1080,1079,1081,-1,1081,1079,1078,-1,1081,1078,1082,-1,1082,1078,1077,-1,1082,1077,1083,-1,1083,1077,1076,-1,1083,1076,1084,-1,1084,1076,1075,-1,1084,1075,863,-1,863,1075,864,-1,776,777,923,-1,923,777,924,-1,923,924,1085,-1,1085,924,1080,-1,1085,1080,1086,-1,1086,1080,1081,-1,1086,1081,1087,-1,1087,1081,1082,-1,1087,1082,1088,-1,1088,1082,1083,-1,1088,1083,1089,-1,1089,1083,1084,-1,1089,1084,868,-1,868,1084,863,-1,772,771,1090,-1,1090,771,923,-1,1090,923,1091,-1,1091,923,1085,-1,1091,1085,1092,-1,1092,1085,1086,-1,1092,1086,1093,-1,1093,1086,1087,-1,1093,1087,1094,-1,1094,1087,1088,-1,1094,1088,1095,-1,1095,1088,1089,-1,1095,1089,867,-1,867,1089,868,-1,867,866,1095,-1,1095,866,975,-1,1095,975,1094,-1,1094,975,977,-1,1094,977,1093,-1,1093,977,979,-1,1093,979,1092,-1,1092,979,981,-1,1092,981,1091,-1,1091,981,983,-1,1091,983,1090,-1,1090,983,985,-1,1090,985,772,-1,772,985,773,-1,922,775,985,-1,985,775,774,-1,985,774,773,-1,767,766,1096,-1,1096,766,922,-1,1096,922,1097,-1,1097,922,984,-1,1097,984,1098,-1,1098,984,982,-1,1098,982,1099,-1,1099,982,980,-1,1099,980,1100,-1,1100,980,978,-1,1100,978,1101,-1,1101,978,976,-1,1101,976,870,-1,870,976,871,-1,870,869,1101,-1,1101,869,1102,-1,1101,1102,1100,-1,1100,1102,1103,-1,1100,1103,1099,-1,1099,1103,1104,-1,1099,1104,1098,-1,1098,1104,1105,-1,1098,1105,1097,-1,1097,1105,1106,-1,1097,1106,1096,-1,1096,1106,921,-1,1096,921,767,-1,767,921,768,-1,770,769,996,-1,996,769,921,-1,996,921,994,-1,994,921,1106,-1,994,1106,992,-1,992,1106,1105,-1,992,1105,990,-1,990,1105,1104,-1,990,1104,988,-1,988,1104,1103,-1,988,1103,986,-1,986,1103,1102,-1,986,1102,874,-1,874,1102,869,-1,920,764,996,-1,996,764,765,-1,996,765,770,-1,762,763,1107,-1,1107,763,920,-1,1107,920,1108,-1,1108,920,995,-1,1108,995,1109,-1,1109,995,993,-1,1109,993,1110,-1,1110,993,991,-1,1110,991,1111,-1,1111,991,989,-1,1111,989,1112,-1,1112,989,987,-1,1112,987,872,-1,872,987,873,-1,872,877,1112,-1,1112,877,1113,-1,1112,1113,1111,-1,1111,1113,1114,-1,1111,1114,1110,-1,1110,1114,1115,-1,1110,1115,1109,-1,1109,1115,1116,-1,1109,1116,1108,-1,1108,1116,1117,-1,1108,1117,1107,-1,1107,1117,919,-1,1107,919,762,-1,762,919,761,-1,759,760,918,-1,918,760,919,-1,918,919,1118,-1,1118,919,1117,-1,1118,1117,1119,-1,1119,1117,1116,-1,1119,1116,1120,-1,1120,1116,1115,-1,1120,1115,1121,-1,1121,1115,1114,-1,1121,1114,1122,-1,1122,1114,1113,-1,1122,1113,876,-1,876,1113,877,-1,846,845,1123,-1,1123,845,918,-1,1123,918,1124,-1,1124,918,1118,-1,1124,1118,1125,-1,1125,1118,1119,-1,1125,1119,1126,-1,1126,1119,1120,-1,1126,1120,1127,-1,1127,1120,1121,-1,1127,1121,1128,-1,1128,1121,1122,-1,1128,1122,875,-1,875,1122,876,-1,875,880,1128,-1,1128,880,1129,-1,1128,1129,1127,-1,1127,1129,1130,-1,1127,1130,1126,-1,1126,1130,1131,-1,1126,1131,1125,-1,1125,1131,1132,-1,1125,1132,1124,-1,1124,1132,1133,-1,1124,1133,1123,-1,1123,1133,1134,-1,1123,1134,846,-1,846,1134,847,-1,880,879,1129,-1,1129,879,997,-1,1129,997,1130,-1,1130,997,999,-1,1130,999,1131,-1,1131,999,1001,-1,1131,1001,1132,-1,1132,1001,1003,-1,1132,1003,1133,-1,1133,1003,1005,-1,1133,1005,1134,-1,1134,1005,1007,-1,1134,1007,847,-1,847,1007,848,-1,917,843,1007,-1,1007,843,844,-1,1007,844,848,-1,839,838,1135,-1,1135,838,917,-1,1135,917,1136,-1,1136,917,1006,-1,1136,1006,1137,-1,1137,1006,1004,-1,1137,1004,1138,-1,1138,1004,1002,-1,1138,1002,1139,-1,1139,1002,1000,-1,1139,1000,1140,-1,1140,1000,998,-1,1140,998,883,-1,883,998,878,-1,883,882,1140,-1,1140,882,1141,-1,1140,1141,1139,-1,1139,1141,1142,-1,1139,1142,1138,-1,1138,1142,1143,-1,1138,1143,1137,-1,1137,1143,1144,-1,1137,1144,1136,-1,1136,1144,1145,-1,1136,1145,1135,-1,1135,1145,916,-1,1135,916,839,-1,839,916,840,-1,842,841,915,-1,915,841,916,-1,915,916,1146,-1,1146,916,1145,-1,1146,1145,1147,-1,1147,1145,1144,-1,1147,1144,1148,-1,1148,1144,1143,-1,1148,1143,1149,-1,1149,1143,1142,-1,1149,1142,1150,-1,1150,1142,1141,-1,1150,1141,881,-1,881,1141,882,-1,836,837,914,-1,914,837,915,-1,914,915,1151,-1,1151,915,1146,-1,1151,1146,1152,-1,1152,1146,1147,-1,1152,1147,1153,-1,1153,1147,1148,-1,1153,1148,1154,-1,1154,1148,1149,-1,1154,1149,1155,-1,1155,1149,1150,-1,1155,1150,886,-1,886,1150,881,-1,832,831,1156,-1,1156,831,914,-1,1156,914,1157,-1,1157,914,1151,-1,1157,1151,1158,-1,1158,1151,1152,-1,1158,1152,1159,-1,1159,1152,1153,-1,1159,1153,1160,-1,1160,1153,1154,-1,1160,1154,1161,-1,1161,1154,1155,-1,1161,1155,885,-1,885,1155,886,-1,885,884,1161,-1,1161,884,1008,-1,1161,1008,1160,-1,1160,1008,1010,-1,1160,1010,1159,-1,1159,1010,1012,-1,1159,1012,1158,-1,1158,1012,1014,-1,1158,1014,1157,-1,1157,1014,1016,-1,1157,1016,1156,-1,1156,1016,1018,-1,1156,1018,832,-1,832,1018,833,-1,913,835,1018,-1,1018,835,834,-1,1018,834,833,-1,827,826,1162,-1,1162,826,913,-1,1162,913,1163,-1,1163,913,1017,-1,1163,1017,1164,-1,1164,1017,1015,-1,1164,1015,1165,-1,1165,1015,1013,-1,1165,1013,1166,-1,1166,1013,1011,-1,1166,1011,1167,-1,1167,1011,1009,-1,1167,1009,888,-1,888,1009,889,-1,888,887,1167,-1,1167,887,1168,-1,1167,1168,1166,-1,1166,1168,1169,-1,1166,1169,1165,-1,1165,1169,1170,-1,1165,1170,1164,-1,1164,1170,1171,-1,1164,1171,1163,-1,1163,1171,1172,-1,1163,1172,1162,-1,1162,1172,912,-1,1162,912,827,-1,827,912,828,-1,830,829,1029,-1,1029,829,912,-1,1029,912,1027,-1,1027,912,1172,-1,1027,1172,1025,-1,1025,1172,1171,-1,1025,1171,1023,-1,1023,1171,1170,-1,1023,1170,1021,-1,1021,1170,1169,-1,1021,1169,1019,-1,1019,1169,1168,-1,1019,1168,892,-1,892,1168,887,-1,911,824,1029,-1,1029,824,825,-1,1029,825,830,-1,820,819,1173,-1,1173,819,911,-1,1173,911,1174,-1,1174,911,1028,-1,1174,1028,1175,-1,1175,1028,1026,-1,1175,1026,1176,-1,1176,1026,1024,-1,1176,1024,1177,-1,1177,1024,1022,-1,1177,1022,1178,-1,1178,1022,1020,-1,1178,1020,890,-1,890,1020,891,-1,890,895,1178,-1,1178,895,1179,-1,1178,1179,1177,-1,1177,1179,1180,-1,1177,1180,1176,-1,1176,1180,1181,-1,1176,1181,1175,-1,1175,1181,1182,-1,1175,1182,1174,-1,1174,1182,1183,-1,1174,1183,1173,-1,1173,1183,910,-1,1173,910,820,-1,820,910,821,-1,823,822,909,-1,909,822,910,-1,909,910,1184,-1,1184,910,1183,-1,1184,1183,1185,-1,1185,1183,1182,-1,1185,1182,1186,-1,1186,1182,1181,-1,1186,1181,1187,-1,1187,1181,1180,-1,1187,1180,1188,-1,1188,1180,1179,-1,1188,1179,894,-1,894,1179,895,-1,817,818,1189,-1,1189,818,909,-1,1189,909,1190,-1,1190,909,1184,-1,1190,1184,1191,-1,1191,1184,1185,-1,1191,1185,1192,-1,1192,1185,1186,-1,1192,1186,1193,-1,1193,1186,1187,-1,1193,1187,1194,-1,1194,1187,1188,-1,1194,1188,893,-1,893,1188,894,-1,893,898,1194,-1,1194,898,1195,-1,1194,1195,1193,-1,1193,1195,1196,-1,1193,1196,1192,-1,1192,1196,1197,-1,1192,1197,1191,-1,1191,1197,1198,-1,1191,1198,1190,-1,1190,1198,1199,-1,1190,1199,1189,-1,1189,1199,1200,-1,1189,1200,817,-1,817,1200,816,-1,898,897,1195,-1,1195,897,1030,-1,1195,1030,1196,-1,1196,1030,1032,-1,1196,1032,1197,-1,1197,1032,1034,-1,1197,1034,1198,-1,1198,1034,1036,-1,1198,1036,1199,-1,1199,1036,1038,-1,1199,1038,1200,-1,1200,1038,1040,-1,1200,1040,816,-1,816,1040,812,-1,908,814,1040,-1,1040,814,813,-1,1040,813,812,-1,811,815,1201,-1,1201,815,908,-1,1201,908,1202,-1,1202,908,1039,-1,1202,1039,1203,-1,1203,1039,1037,-1,1203,1037,1204,-1,1204,1037,1035,-1,1204,1035,1205,-1,1205,1035,1033,-1,1205,1033,1206,-1,1206,1033,1031,-1,1206,1031,901,-1,901,1031,896,-1,901,900,1206,-1,1206,900,1207,-1,1206,1207,1205,-1,1205,1207,1208,-1,1205,1208,1204,-1,1204,1208,1209,-1,1204,1209,1203,-1,1203,1209,1210,-1,1203,1210,1202,-1,1202,1210,1211,-1,1202,1211,1201,-1,1201,1211,907,-1,1201,907,811,-1,811,907,810,-1,805,809,906,-1,906,809,907,-1,906,907,1212,-1,1212,907,1211,-1,1212,1211,1213,-1,1213,1211,1210,-1,1213,1210,1214,-1,1214,1210,1209,-1,1214,1209,1215,-1,1215,1209,1208,-1,1215,1208,1216,-1,1216,1208,1207,-1,1216,1207,899,-1,899,1207,900,-1,807,806,905,-1,905,806,906,-1,905,906,1217,-1,1217,906,1212,-1,1217,1212,1218,-1,1218,1212,1213,-1,1218,1213,1219,-1,1219,1213,1214,-1,1219,1214,1220,-1,1220,1214,1215,-1,1220,1215,1221,-1,1221,1215,1216,-1,1221,1216,903,-1,903,1216,899,-1,800,808,1222,-1,1222,808,905,-1,1222,905,1223,-1,1223,905,1217,-1,1223,1217,1224,-1,1224,1217,1218,-1,1224,1218,1225,-1,1225,1218,1219,-1,1225,1219,1226,-1,1226,1219,1220,-1,1226,1220,1227,-1,1227,1220,1221,-1,1227,1221,902,-1,902,1221,903,-1,902,853,1227,-1,1227,853,945,-1,1227,945,1226,-1,1226,945,946,-1,1226,946,1225,-1,1225,946,947,-1,1225,947,1224,-1,1224,947,948,-1,1224,948,1223,-1,1223,948,949,-1,1223,949,1222,-1,1222,949,904,-1,1222,904,800,-1,800,904,801,-1,854,1046,930,-1,930,1046,963,-1,930,963,932,-1,932,963,962,-1,932,962,935,-1,935,962,955,-1,935,955,939,-1,939,955,950,-1,939,950,944,-1,944,950,952,-1,944,952,904,-1,904,952,803,-1,904,803,802,-1,1228,1229,1230,-1,1230,1229,1231,-1,684,703,701,-1,684,701,686,-1,686,701,1232,-1,686,1232,1233,-1,1233,1232,1234,-1,1233,1234,1235,-1,1235,1234,1230,-1,1235,1230,1231,-1,716,703,682,-1,682,703,684,-1,716,682,714,-1,714,682,680,-1,714,680,712,-1,712,680,678,-1,712,678,710,-1,710,678,676,-1,710,676,708,-1,708,676,674,-1,708,674,706,-1,706,674,672,-1,706,672,704,-1,704,672,670,-1,705,669,671,-1,705,671,707,-1,707,671,673,-1,707,673,709,-1,709,673,675,-1,709,675,711,-1,711,675,677,-1,711,677,713,-1,713,677,679,-1,713,679,715,-1,715,679,681,-1,715,681,717,-1,718,717,683,-1,683,717,681,-1,1236,1237,1238,-1,1236,1238,1239,-1,1239,1238,700,-1,1239,700,687,-1,687,700,702,-1,687,702,685,-1,685,702,718,-1,685,718,683,-1,1237,1236,1240,-1,1240,1236,1241,-1,1240,1241,1228,-1,1228,1241,1229,-1,1240,1228,1237,-1,1237,1228,1230,-1,1237,1230,1238,-1,1238,1230,1234,-1,1238,1234,700,-1,700,1234,1232,-1,700,1232,701,-1,1229,1241,1231,-1,1231,1241,1236,-1,1231,1236,1235,-1,1235,1236,1239,-1,1235,1239,1233,-1,1233,1239,687,-1,1233,687,686,-1,
        ]
    }
}
Shape{
    appearance Appearance {
        material  Material {
            diffuseColor 0.29411764705882354 0.10588235294117647 0.09019607843137255
            specularColor 0.14901960784313725 0.050980392156862744 0.043137254901960784
            ambientIntensity 0.1604
            transparency 0.0
            shininess 0.5
        }
    }
    geometry IndexedFaceSet {
        ccw TRUE
        solid FALSE
        coord DEF co Coordinate {
            point [
                -1.3167 6.7607 6.2862, -1.2767 6.7683 6.396, -1.274 6.7688 6.396, -0.4721 6.8712 5.9465, -0.505 6.8689 5.9366, -0.5449 6.8659 5.9425, -0.3739 6.8772 5.9369, -0.4017 6.8757 5.9463, -0.3745 6.8772 6.2929, -0.4374 6.8735 5.9498, -1.0501 6.8071 14.7893, -0.4026 6.8756 14.7893, -0.3773 6.8771 6.6932, -0.3723 6.876 14.7893, -0.3723 6.8773 5.936, -0.5628 6.8644 5.5671, -0.581 6.8629 5.5646, -0.5935 6.8619 5.566, -0.6044 6.8609 5.5701, -0.6132 6.8601 5.5761, -0.655 6.8563 5.6564, -0.6326 6.8584 5.6046, -0.6226 6.8593 5.5865, -0.5832 6.8627 6.6457, -0.5901 6.8621 6.337, -1.2726 6.762 14.7893, -0.5835 6.8627 6.6918, -0.4275 6.8741 6.4728, -0.4265 6.8742 6.3382, -0.5706 6.8638 6.4718, -0.571 6.8638 6.5177, -0.4278 6.8741 6.5187, -0.4287 6.8741 6.6468, -1.0801 6.8024 6.0071, -0.9255 6.8251 6.0082, -0.9246 6.8252 5.88, -1.0707 6.8039 6.288, -0.8742 6.8319 6.0546, -1.0804 6.8024 6.0531, -0.6741 6.8544 5.7267, -0.6801 6.8538 5.7031, -0.6814 6.8537 5.7031, -1.0136 6.8126 6.2884, -0.601 6.8612 5.9421, -1.0678 6.8044 5.879, -1.1099 6.7976 6.3972, -0.9243 6.8253 5.8342, -0.9233 6.8254 5.6995, -1.0675 6.8044 5.8332, -1.087 6.8013 5.6984, -1.1651 6.7884 6.0525, -0.7756 6.8437 6.2901, -0.6654 6.8553 6.2908, -0.9614 6.8202 6.3802, -0.9314 6.8243 6.345, -0.8892 6.8299 6.3153, -0.8434 6.8357 6.2978, -0.9721 6.8187 6.5872, -0.9866 6.8166 6.5489, -0.9928 6.8157 6.4938, -1.1689 6.7877 6.6876, -0.9915 6.8159 6.4683, -0.9814 6.8173 6.4215, -0.8436 6.8357 6.6832, -0.8918 6.8296 6.6652, -0.9335 6.824 6.6363, -0.9476 6.8221 6.6223, -0.5898 6.8622 6.2914, -0.6683 6.855 6.6912, -0.7825 6.8429 6.6904, -1.2724 6.7691 5.6514, -1.1623 6.7889 5.6522, -0.3723 6.876 4.1873, -0.4026 6.8756 4.1873, -1.0501 6.8071 4.1873, -1.274 6.7688 5.6516, -1.0867 6.8014 5.6527, -0.8713 6.8322 5.6542, -0.6247 6.8591 5.5312, -0.6048 6.8609 5.5238, -0.5846 6.8626 5.5216, -0.5735 6.8635 5.5221, -0.5523 6.8653 5.5259, -0.385 6.8766 5.8921, -0.3806 6.8769 5.8858, -0.3849 6.8766 5.8849, -0.3781 6.877 5.879, -0.3771 6.8771 5.871, -0.4322 6.8738 5.9091, -0.4173 6.8748 5.9081, -0.4039 6.8756 5.9047, -0.3926 6.8762 5.8988, -0.3775 6.877 5.8644, -0.3795 6.8769 5.8566, -0.383 6.8767 5.8498, -0.489 6.8701 5.7927, -0.5047 6.8689 5.8879, -0.4558 6.8723 5.8114, -0.493 6.8698 5.8947, -0.4364 6.8736 5.8194, -0.4648 6.8717 5.9052, -0.4055 6.8755 5.8332, -0.3879 6.8765 5.8443, -0.5009 6.8692 5.7819, -0.5101 6.8685 5.7681, -0.5154 6.8681 5.7532, -0.5526 6.8653 5.5705, -0.5173 6.868 5.7345, -0.5148 6.8682 5.7144, -0.5085 6.8686 5.6986, -0.4991 6.8693 5.6854, -0.4846 6.8704 5.673, -0.4677 6.8715 5.6633, -0.4396 6.8734 5.6543, -0.4012 6.8757 5.6508, -0.6841 6.8534 5.7128, -0.6877 6.8531 5.7262, -0.7673 6.8446 5.9409, -0.8193 6.8386 5.9406, -0.6872 6.8531 5.6124, -0.6642 6.8554 5.5683, -0.6453 6.8572 5.5468, -0.6423 6.8575 5.5433, -1.7735 6.6556 5.7574, -1.6068 6.6978 5.7585, -1.8135 6.6449 5.6476, -1.5675 6.7071 5.6493, -1.8706 6.629 5.6472, -2.1519 6.5371 4.1873, -1.6882 6.6778 4.1873, -1.5104 6.7201 5.6497, -1.2726 6.762 4.1873, -2.1519 6.5371 14.7893, -1.6882 6.6778 14.7893, -1.721 6.6694 6.0486, -1.3404 6.756 6.0445, -1.3886 6.7463 6.0265, -1.3738 6.7493 6.2858, -1.4303 6.7376 5.9976, -1.4444 6.7346 5.9836, -1.6657 6.6834 6.049, -1.4689 6.7293 5.9485, -1.4834 6.7261 5.9102, -1.2242 6.778 6.6872, -1.274 6.7685 6.5537, -1.4783 6.7273 5.7828, -1.4883 6.7251 5.8296, -1.4897 6.7248 5.8552, -1.4582 6.7316 5.7416, -1.4282 6.738 5.7064, -1.3861 6.7468 5.6766, -1.3403 6.7561 5.6591, -1.2793 6.7678 6.0517, -1.274 6.7688 6.0517, 1.1131 6.7965 6.5389, 1.1926 6.7829 6.5949, 1.4341 6.7336 6.016, 1.2817 6.7667 6.6298, 0.7389 6.8473 6.0599, 0.7401 6.8472 6.0849, 1.0781 6.8021 6.0026, 0.7531 6.8458 6.1397, 0.7793 6.8429 6.189, 0.8118 6.8391 6.2258, 0.8557 6.8337 6.257, 0.9821 6.8166 6.2837, 1.1652 6.7877 6.1541, 0.9594 6.8199 6.2835, 0.9053 6.8273 6.2765, 1.1322 6.7933 5.833, 1.1126 6.7965 5.8406, 1.1498 6.7903 5.8207, 1.0906 6.8001 5.8433, 1.0878 6.8006 5.843, 1.0792 6.8019 5.8414, 1.0735 6.8028 5.8403, 0.9454 6.8218 5.8394, 0.8942 6.8288 5.8488, 0.8439 6.8352 5.8717, 0.8015 6.8403 5.9058, 0.7978 6.8407 5.9098, 0.7661 6.8443 5.954, 0.7461 6.8466 6.0046, 0.999 6.8142 6.3631, 1.0423 6.8077 6.4551, 1.1059 6.7976 6.5323, 1.4339 6.7317 14.7893, 1.3797 6.7473 6.8131, 0.8973 6.8283 14.7893, 1.2474 6.7731 6.7964, 0.5352 6.8587 14.7893, 1.1063 6.7976 6.7414, 0.9937 6.815 6.6624, 0.8972 6.8284 6.5481, 0.8416 6.8355 6.4364, 0.8276 6.8372 6.4316, 0.7432 6.8469 6.389, 0.6665 6.8548 6.3231, 0.6089 6.8602 6.2417, 0.5748 6.8631 6.1545, 0.5624 6.8641 6.0615, 0.5762 6.863 5.96, 0.5352 6.8587 4.1873, 0.6126 6.8598 5.8702, 0.6697 6.8545 5.7919, 0.7476 6.8464 5.7269, 0.8347 6.8363 5.685, 0.8973 6.8283 4.1873, 0.9296 6.824 5.6656, 1.4339 6.7317 4.1873, 1.0975 6.799 5.6668, 1.1135 6.7964 5.6695, 1.1323 6.7933 5.6771, 1.1507 6.7902 5.6903, 1.1572 6.7891 5.6971, 1.1695 6.787 5.7151, 1.4344 6.7347 5.8174, 1.1769 6.7857 5.7344, 1.1794 6.7852 5.7556, 1.1786 6.7854 5.7669, 1.1728 6.7864 5.7885, 1.1617 6.7883 5.8078, 2.3084 6.4883 6.368, 2.2419 6.5116 6.452, 2.3065 6.4832 14.7893, 2.2226 6.5183 6.4701, 2.1316 6.5486 6.5331, 1.7894 6.6503 6.6477, 1.7221 6.6681 6.7045, 2.0258 6.5821 6.5733, 1.9136 6.6156 6.5863, 1.881 6.6249 6.5833, 1.8482 6.6342 6.5802, 1.5381 6.713 14.7893, 1.5106 6.7192 6.7991, 1.4345 6.7355 6.8073, 1.6428 6.6881 6.7519, 2.1652 6.5376 14.7893, 2.377 6.4635 6.1558, 2.3571 6.4708 6.2627, 3.1389 6.1216 14.7893, 2.311 6.4875 6.3648, 2.7729 6.3038 14.7893, 2.1723 6.5352 5.741, 2.2607 6.5052 5.8174, 2.3065 6.4832 4.1873, 2.3084 6.4883 5.8866, 2.7729 6.3038 4.1873, 2.325 6.4824 5.9107, 3.1389 6.1216 4.1873, 2.365 6.4679 6.017, 2.378 6.4632 6.1285, 1.9638 6.6009 5.5653, 2.0058 6.5883 5.6179, 1.478 6.7265 5.7948, 1.4782 6.7264 5.7663, 1.4819 6.7256 5.7369, 1.4864 6.7246 5.7009, 1.4971 6.7222 5.6665, 1.5313 6.7145 5.6033, 1.5753 6.7043 5.5547, 1.6323 6.6907 5.5156, 1.6959 6.6748 5.4917, 1.5381 6.713 4.1873, 1.7649 6.6569 5.4837, 2.1652 6.5376 4.1873, 1.7758 6.654 5.484, 1.843 6.6357 5.4949, 1.9084 6.6171 5.523, 2.0339 6.5796 5.6792, 2.0698 6.5684 5.6902, 1.5975 6.6991 6.0032, 1.548 6.7107 5.9575, 1.5762 6.7041 6.5925, 1.6529 6.6856 6.5373, 1.7173 6.6693 6.4615, 1.6576 6.6844 6.036, 1.7614 6.6578 6.3718, 1.7262 6.667 6.0535, 1.3781 6.7477 6.6423, 1.4346 6.7357 6.6354, 1.483 6.7254 6.6296, 2.1956 6.5274 6.089, 2.1878 6.53 6.0534, 1.9978 6.5907 5.9308, 2.1756 6.5341 6.0192, 2.1421 6.5452 5.9613, 2.0915 6.5615 5.9085, 2.0297 6.5809 5.8698, 2.1987 6.5264 6.1329, 1.9504 6.6049 5.9843, 2.1897 6.5294 6.2018, 2.012 6.5864 6.398, 2.0757 6.5666 6.3648, 1.8919 6.6219 6.0243, 2.125 6.5508 6.3215, 2.1648 6.5377 6.2651, 1.7816 6.6524 6.383, 1.8289 6.6396 6.0479, 1.7608 6.658 6.0558, 1.8453 6.635 6.4068, 1.912 6.6161 6.4155, 1.9416 6.6075 6.4142, -0.4064 6.8754 5.6917, -0.4086 6.8753 5.6919, -0.4008 6.8757 5.7833, -0.4343 6.8737 5.6944, -0.4473 6.8729 5.6991, -0.4519 6.8726 5.7018, -0.4577 6.8722 5.7069, -0.4601 6.872 5.71, -0.4336 6.8738 5.7692, -0.4621 6.8719 5.7133, -0.4647 6.8717 5.7204, -0.4658 6.8717 5.73, -0.4653 6.8717 5.7362, -0.4631 6.8718 5.7441, -0.4593 6.8721 5.7507, -0.4531 6.8725 5.7573, -0.0374 6.8872 5.7828, -0.0477 6.8871 5.7969, -0.0554 6.8871 5.8772, -0.0633 6.887 5.8101, -0.0852 6.8868 5.8208, -0.0856 6.8868 5.8965, -0.122 6.8862 5.8294, -0.1664 6.8853 5.9092, -0.1494 6.8857 5.9111, -0.1169 6.8863 5.9077, -0.2068 6.8842 5.8407, -0.2052 6.8843 5.8629, -0.2002 6.8844 5.8808, -0.1944 6.8846 5.8912, -0.1868 6.8848 5.8993, -0.178 6.885 5.9051, 0.0286 6.8872 6.0149, 0.1832 6.8848 6.016, 0.1841 6.8848 5.8879, -0.0302 6.8872 5.7652, 0.0409 6.8872 5.8869, 0.0412 6.8872 5.841, -0.2552 6.8826 6.3421, -0.2948 6.8811 6.3596, -0.0507 6.8871 6.4734, -0.2518 6.8828 6.6483, -0.2026 6.8844 6.6546, -0.1842 6.8849 6.6538, -0.1497 6.8857 6.6468, -0.1184 6.8863 6.6318, -0.0932 6.8867 6.6109, -0.0904 6.8867 6.6079, -0.0708 6.8869 6.5802, -0.0572 6.8871 6.5457, -0.0503 6.8871 6.4909, -0.0573 6.8871 6.4339, -0.14 6.8859 6.3549, -0.0704 6.887 6.4019, -0.0887 6.8867 6.3764, -0.0996 6.8866 6.3658, -0.1265 6.8862 6.3478, -0.1558 6.8856 6.3375, -0.1913 6.8847 6.3335, -0.2099 6.8842 6.3341, 0.0221 6.8872 5.6606, -0.0674 6.887 5.6639, -0.0506 6.8871 5.6758, -0.0451 6.8872 5.6815, -0.0348 6.8872 5.697, 0.0217 6.8872 5.7062, -0.0288 6.8872 5.7139, -0.0265 6.8872 5.7368, -0.0267 6.8872 5.7438, 0.1854 6.8847 5.7074, 0.1844 6.8848 5.8421, 0.2374 6.8831 5.6621, -0.2059 6.8843 5.7032, -0.2045 6.8843 5.7032, -0.2055 6.8843 5.659, -0.1963 6.8845 5.6909, -0.1803 6.885 5.6741, -0.2557 6.8826 5.6586, 0.2485 6.8827 4.1873, -0.163 6.8854 5.6628, -0.1426 6.8859 5.6556, -0.1166 6.8863 5.6528, -0.0866 6.8868 5.6565, 0.2345 6.8832 6.0624, -0.2971 6.881 6.6842, -0.2968 6.881 6.6301, -0.2923 6.8812 6.6326, -0.1522 6.8857 6.2897, -0.1101 6.8864 6.3002, -0.343 6.8788 5.9144, -0.2945 6.8811 6.31, -0.2876 6.8814 6.3067, -0.358 6.8781 5.9277, -0.2446 6.883 6.2929, -0.1835 6.8849 6.2875, -0.0732 6.8869 6.3196, 0.0217 6.8872 6.2957, 0.0283 6.8872 6.061, -0.0558 6.8871 5.9259, -0.0663 6.887 5.9319, -0.1037 6.8865 5.9461, -0.3336 6.8793 5.9009, -0.2358 6.8833 5.9195, -0.3275 6.8796 5.8848, -0.2459 6.883 5.9031, -0.2535 6.8827 5.88, -0.1544 6.8856 5.9518, -0.185 6.8849 5.9488, -0.206 6.8843 5.9422, -0.2226 6.8838 5.9325, -0.0463 6.8871 6.3431, -0.043 6.8872 6.3468, 0.0214 6.8873 6.3413, -0.0194 6.8873 6.3812, 0.1809 6.8849 6.3425, -0.0034 6.8873 6.4231, 0.004 6.8873 6.4882, 0.1783 6.8849 6.6972, 0.0031 6.8873 6.5091, -0.0063 6.8873 6.5613, -0.1026 6.8866 6.6787, -0.1446 6.8858 6.6946, -0.0256 6.8872 6.6056, -0.0549 6.8871 6.6433, -0.0649 6.887 6.6528, 0.2329 6.8833 6.2972, 0.23 6.8834 6.6975, 0.2485 6.8827 14.7893, -0.2024 6.8844 6.7012, -0.2548 6.8826 6.6967, -0.3475 6.8786 5.8129, -0.3241 6.8798 5.7199, -0.371 6.8774 5.7972, -0.3436 6.8788 5.7077, -0.3723 6.8773 5.7965, -0.3723 6.8773 5.6966, -0.375 6.8772 5.6956, -0.3393 6.879 5.8216, -0.3329 6.8793 5.8321, -0.257 6.8826 5.8426, -0.3274 6.8796 5.8474, -0.3254 6.8797 5.8669, -0.3237 6.8798 5.6682, -0.3547 6.8783 5.6565, -0.3723 6.8773 5.6544, 6.5689 2.0693 14.7893, 6.5689 2.0693 4.1873, 6.344 2.6803 14.7893, 6.344 2.6803 4.1873, 6.2327 2.9124 14.7893, 6.2327 2.9124 4.1873, 6.0624 3.2674 14.7893, 6.0624 3.2674 4.1873, 5.7969 3.7086 14.7893, 5.7969 3.7086 4.1873, 5.7267 3.8253 14.7893, 5.7267 3.8253 4.1873, 5.3397 4.349 14.7893, 5.3397 4.349 4.1873, 5.2589 4.4391 14.7893, 5.2589 4.4391 4.1873, 4.9051 4.8338 14.7893, 4.9051 4.8338 4.1873, 4.627 5.0905 14.7893, 4.627 5.0905 4.1873, 4.4267 5.2754 14.7893, 4.4267 5.2754 4.1873, 3.9207 5.6607 14.7893, 3.9207 5.6607 4.1873, 3.9087 5.6699 14.7893, 3.9087 5.6699 4.1873, 3.3558 6.0137 14.7893, 3.3558 6.0137 4.1873, 6.5689 -2.0743 4.1873, 6.5689 -2.0743 14.7893, 6.344 -2.6853 4.1873, 6.344 -2.6853 14.7893, 6.2327 -2.9174 4.1873, 6.2327 -2.9174 14.7893, 6.0624 -3.2724 4.1873, 6.0624 -3.2724 14.7893, 5.7969 -3.7135 4.1873, 5.7969 -3.7135 14.7893, 5.7267 -3.8302 4.1873, 5.7267 -3.8302 14.7893, 5.3397 -4.3539 4.1873, 5.3397 -4.3539 14.7893, 5.2589 -4.4441 4.1873, 5.2589 -4.4441 14.7893, 4.9051 -4.8387 4.1873, 4.9051 -4.8387 14.7893, 4.627 -5.0955 4.1873, 4.627 -5.0955 14.7893, 4.4267 -5.2803 4.1873, 4.4267 -5.2803 14.7893, 3.9207 -5.6657 4.1873, 3.9207 -5.6657 14.7893, 3.9087 -5.6748 4.1873, 3.9087 -5.6748 14.7893, 3.3558 -6.0187 4.1873, 3.3558 -6.0187 14.7893, 3.1389 -6.1266 4.1873, 3.1389 -6.1266 14.7893, 2.7729 -6.3088 4.1873, 2.7729 -6.3088 14.7893, 2.3065 -6.4882 4.1873, 2.3065 -6.4882 14.7893, 2.1652 -6.5425 4.1873, 2.1652 -6.5425 14.7893, 1.5381 -6.7179 4.1873, 1.5381 -6.7179 14.7893, 1.4339 -6.7367 4.1873, 1.4339 -6.7367 14.7893, 0.8973 -6.8333 4.1873, 0.8973 -6.8333 14.7893, 0.5352 -6.8637 4.1873, 0.5352 -6.8637 14.7893, 0.2485 -6.8877 4.1873, 0.2485 -6.8877 14.7893, -0.3723 -6.8809 4.1873, -0.3723 -6.8809 14.7893, -0.4026 -6.8806 4.1873, -0.4026 -6.8806 14.7893, -1.0501 -6.8121 4.1873, -1.0501 -6.8121 14.7893, -1.2726 -6.7669 4.1873, -1.2726 -6.7669 14.7893, -1.6882 -6.6827 4.1873, -1.6882 -6.6827 14.7893, -2.1519 -6.542 4.1873, -2.1519 -6.542 14.7893, -2.3113 -6.4937 4.1873, -2.3113 -6.4937 14.7893, -2.9137 -6.2467 4.1873, -2.9137 -6.2467 14.7893, -2.9941 -6.2045 4.1873, -2.9941 -6.2045 14.7893, -3.4901 -5.944 4.1873, -3.4901 -5.944 14.7893, -3.7818 -5.7537 4.1873, -3.7818 -5.7537 14.7893, -4.0354 -5.5882 4.1873, -4.0354 -5.5882 14.7893, -4.5092 -5.2108 4.1873, -4.5092 -5.2108 14.7893, -4.5447 -5.1825 4.1873, -4.5447 -5.1825 14.7893, -5.0134 -4.7305 4.1873, -5.0134 -4.7305 14.7893, -5.1514 -4.5696 4.1873, -5.1514 -4.5696 14.7893, -5.4373 -4.2363 4.1873, -5.4373 -4.2363 14.7893, -5.708 -3.8528 4.1873, -5.708 -3.8528 14.7893, -5.8127 -3.7043 4.1873, -5.8127 -3.7043 14.7893, -6.1362 -3.1393 4.1873, -6.1362 -3.1393 14.7893, -6.1675 -3.0704 4.1873, -6.1675 -3.0704 14.7893, -6.405 -2.5462 4.1873, -6.405 -2.5462 14.7893, -6.5132 -2.2312 4.1873, -6.5132 -2.2312 14.7893, -6.6165 -1.9304 4.1873, -6.6165 -1.9304 14.7893, -6.7548 -1.3563 4.1873, -6.7548 -1.3563 14.7893, -6.7689 -1.2974 4.1873, -6.7689 -1.2974 14.7893, -6.861 -0.6529 4.1873, -6.861 -0.6529 14.7893, -6.8703 -0.4563 4.1873, -6.8703 -0.4563 14.7893, -6.8917 -0.0025 4.1873, -6.8917 -0.0025 14.7893, -6.8703 0.4513 4.1873, -6.8703 0.4513 14.7893, -6.861 0.6479 4.1873, -6.861 0.6479 14.7893, -6.7689 1.2925 4.1873, -6.7689 1.2925 14.7893, -6.7548 1.3513 4.1873, -6.7548 1.3513 14.7893, -6.6165 1.9255 4.1873, -6.6165 1.9255 14.7893, -6.5132 2.2262 4.1873, -6.5132 2.2262 14.7893, -6.405 2.5413 4.1873, -6.405 2.5413 14.7893, -6.1675 3.0654 4.1873, -6.1675 3.0654 14.7893, -6.1362 3.1343 4.1873, -6.1362 3.1343 14.7893, -5.8127 3.6994 4.1873, -5.8127 3.6994 14.7893, -5.708 3.8478 4.1873, -5.708 3.8478 14.7893, -5.4373 4.2314 4.1873, -5.4373 4.2314 14.7893, -5.1514 4.5647 4.1873, -5.1514 4.5647 14.7893, -5.0134 4.7256 4.1873, -5.0134 4.7256 14.7893, -4.5447 5.1775 4.1873, -4.5447 5.1775 14.7893, -4.5092 5.2058 4.1873, -4.5092 5.2058 14.7893, -4.0354 5.5832 4.1873, -4.0354 5.5832 14.7893, -3.7818 5.7487 4.1873, -3.7818 5.7487 14.7893, -3.4901 5.939 4.1873, -3.4901 5.939 14.7893, -2.9941 6.1995 4.1873, -2.9941 6.1995 14.7893, -2.9137 6.2418 4.1873, -2.9137 6.2418 14.7893, -2.3113 6.4888 4.1873, -2.3113 6.4888 14.7893, 6.8725 0.2087 4.0103, 6.8689 0.212 3.9921, 6.8656 0.2898 3.9922, 6.5887 -0.2977 3.4816, 6.5917 -0.219 3.4816, 6.6147 -0.2977 3.508, 6.637 -0.219 3.5289, 6.7139 -0.2977 3.6311, 6.716 -0.219 3.633, 6.7145 -0.2977 3.6322, 6.7161 -0.219 3.6332, 6.7326 -0.219 3.6549, 6.7991 -0.2977 3.7837, 6.8105 -0.219 3.8044, 6.8067 -0.2977 3.8051, 6.8107 -0.219 3.8048, 6.8134 -0.219 3.8099, 6.8519 -0.2977 3.9323, 6.8624 -0.219 3.9626, 6.8595 -0.2977 3.9626, 6.8685 -0.2156 3.9915, 6.8655 -0.2943 3.9922, 6.8686 -0.2155 3.9921, 6.8732 -0.2899 4.0303, 6.873 -0.213 4.0131, 6.8775 -0.282 4.0577, 6.8766 -0.2071 4.0334, 6.8848 -0.2528 4.1192, 6.8833 -0.1851 4.0789, 6.8868 -0.2356 4.1437, 6.8855 -0.172 4.0972, 6.8891 -0.1941 4.1873, 6.8889 -0.136 4.133, 6.8899 -0.1184 4.1455, 6.8912 -0.0724 4.1675, 6.8915 -0.0519 4.1734, 6.8917 -0.0025 4.1873, 6.8917 -0.001 4.1791, 6.8916 0.0205 4.1779, 6.8891 0.1891 4.1873, 6.8911 0.0703 4.1665, 6.8907 0.0904 4.1582, 6.8888 0.1335 4.1311, 6.8875 0.1498 4.1166, 6.8863 0.2359 4.1369, 6.8831 0.1814 4.077, 6.8842 0.2517 4.1128, 6.8805 0.1918 4.0581, 6.8765 0.2794 4.0506, 6.8718 0.2866 4.0226, 6.8688 0.2121 3.9914, 6.8685 0.2123 3.9901, 6.8595 0.2928 3.9626, 6.8624 0.2141 3.9626, 6.8114 0.2928 3.8122, 6.8144 0.2141 3.8124, 6.8077 0.2928 3.8048, 6.637 0.2141 3.5289, 6.5917 0.2141 3.4816, 6.5887 0.2928 3.4816, 6.6147 0.2928 3.508, 6.6479 0.2928 3.5448, 6.6693 0.2141 3.567, 6.8107 0.2141 3.8048, 6.8105 0.2141 3.8044, 6.7405 0.2928 3.6724, 6.7581 0.2141 3.6971, 6.7124 0.2928 3.6337, 6.715 0.2141 3.6339, 6.7148 0.2141 3.6337, 6.5887 -0.2977 2.0814, 6.5917 -0.219 2.0814, 6.5762 -0.2977 2.0938, 6.5664 -0.219 2.1071, 6.4753 -0.2977 2.2141, 6.4679 -0.219 2.2293, 6.4485 -0.2977 2.254, 6.4518 -0.219 2.2542, 6.4474 -0.2977 2.2555, 6.441 -0.219 2.2709, 6.3738 -0.2977 2.3948, 6.37 -0.219 2.4115, 6.3541 -0.2977 2.4548, 6.3567 -0.219 2.4546, 6.3199 -0.2977 2.5587, 6.3191 -0.219 2.5766, 6.3031 -0.2977 2.6707, 6.3068 -0.219 2.6707, 6.2966 -0.2977 2.7145, 6.2987 -0.219 2.7327, 6.3 -0.2977 2.8871, 6.3048 -0.219 2.8926, 6.301 -0.2977 2.8925, 6.3053 -0.219 2.9053, 6.3295 -0.2977 3.0418, 6.3377 -0.219 3.0595, 6.3542 -0.2977 3.1079, 6.3569 -0.219 3.108, 6.3898 -0.2977 3.2034, 6.4011 -0.219 3.22, 6.4504 -0.2977 3.3078, 6.454 -0.219 3.3075, 6.4689 -0.2977 3.3396, 6.4827 -0.219 3.3548, 6.5793 -0.2977 3.4722, 6.4975 0.2928 3.3789, 6.5122 0.2141 3.3936, 6.4511 0.2928 3.3072, 6.4539 0.2141 3.3074, 6.4118 0.2928 3.2467, 6.424 0.2141 3.263, 6.3523 0.2928 3.1085, 6.3542 0.2141 3.1091, 6.3526 0.2141 3.1055, 6.3434 0.2928 3.0878, 6.3126 0.2141 2.9531, 6.3063 0.2928 2.9347, 6.3034 0.2928 2.8924, 6.3073 0.2141 2.8923, 6.2944 0.2928 2.7624, 6.2975 0.2141 2.781, 6.3037 0.2928 2.6706, 6.3064 0.2141 2.6705, 6.3102 0.2928 2.6057, 6.3102 0.2141 2.624, 6.3519 0.2928 2.4541, 6.3528 0.2141 2.4567, 6.3541 0.2141 2.4538, 6.356 0.2928 2.4393, 6.4166 0.2141 2.3133, 6.5917 0.2141 2.0814, 6.5887 0.2928 2.0814, 6.5335 0.2141 2.1436, 6.5423 0.2928 2.13, 6.4527 0.2141 2.2548, 6.4485 0.2928 2.2541, 6.441 0.2141 2.2709, 6.4474 0.2928 2.2555, 6.4224 0.2928 2.2971, 6.6708 0.2141 1.9941, 6.6678 0.2928 1.9941, 6.629 0.2141 2.0428, 6.7132 0.2065 1.9375, 6.7145 0.2848 1.9305, 6.6867 0.2895 1.9683, 6.7133 0.2065 1.9374, 6.7342 0.2767 1.9011, 6.7219 0.2835 1.9205, 6.7343 0.1955 1.9063, 6.7374 0.1925 1.9013, 6.7523 0.2667 1.8727, 6.7614 0.1694 1.8624, 6.7848 0.2321 1.8147, 6.7958 0.2138 1.793, 6.7706 0.1559 1.8464, 6.8122 0.1735 1.7583, 6.7875 0.1195 1.8152, 6.8159 0.1642 1.7503, 6.7952 0.0942 1.8003, 6.8241 0.1329 1.7316, 6.8336 0.0721 1.7084, 6.8032 0.0505 1.7841, 6.8361 0.0413 1.7021, 6.8054 0.026 1.7794, 6.8371 -0.0238 1.6996, 6.806 -0.0203 1.7783, 6.8358 -0.0519 1.703, 6.8047 -0.0409 1.781, 6.8285 -0.1147 1.721, 6.7982 -0.0858 1.7942, 6.8238 -0.1388 1.7322, 6.7943 -0.1023 1.8019, 6.8122 -0.1778 1.7583, 6.7803 -0.1424 1.8288, 6.8074 -0.1935 1.7689, 6.7996 -0.2114 1.7854, 6.7744 -0.1541 1.8395, 6.7719 -0.2536 1.8387, 6.7513 -0.1861 1.8792, 6.7617 -0.2639 1.8567, 6.744 -0.1929 1.891, 6.7339 -0.2805 1.901, 6.7373 -0.1968 1.9012, 6.7132 -0.2107 1.9373, 6.719 -0.2895 1.9248, 6.7095 -0.2128 1.9428, 6.7148 -0.2908 1.9308, 6.7014 -0.2153 1.9541, 6.7078 -0.2929 1.941, 6.6927 -0.2948 1.9611, 6.6708 -0.219 1.9941, 6.6678 -0.2977 1.9941, 6.629 -0.219 2.0428
            ]
        }
        coordIndex [
            0,1,2,-1,3,4,5,-1,6,7,8,-1,8,7,9,-1,10,11,12,-1,12,11,13,-1,12,13,8,-1,8,13,14,-1,8,14,6,-1,4,15,16,-1,16,17,4,-1,4,17,18,-1,4,18,19,-1,20,5,21,-1,21,5,4,-1,21,4,22,-1,22,4,19,-1,23,24,25,-1,10,12,25,-1,25,12,26,-1,25,26,23,-1,27,28,29,-1,29,28,24,-1,29,24,30,-1,30,24,23,-1,30,23,31,-1,31,23,32,-1,33,34,35,-1,36,37,38,-1,39,40,41,-1,42,5,36,-1,36,5,43,-1,36,43,37,-1,35,44,33,-1,33,44,2,-1,33,2,38,-1,38,2,45,-1,38,45,36,-1,46,47,48,-1,48,47,49,-1,48,49,50,-1,51,52,5,-1,53,54,42,-1,42,54,55,-1,42,55,5,-1,5,55,56,-1,5,56,51,-1,57,58,25,-1,25,58,59,-1,25,59,60,-1,60,59,61,-1,60,61,42,-1,42,61,62,-1,42,62,53,-1,63,64,25,-1,64,65,25,-1,25,65,66,-1,25,66,57,-1,9,3,8,-1,8,3,5,-1,8,5,67,-1,67,5,52,-1,67,52,24,-1,24,52,68,-1,24,68,25,-1,25,68,69,-1,25,69,63,-1,70,71,72,-1,72,73,70,-1,70,73,74,-1,70,74,75,-1,76,77,78,-1,50,49,71,-1,71,49,76,-1,71,76,72,-1,72,76,78,-1,72,78,79,-1,79,80,72,-1,72,80,81,-1,72,81,82,-1,83,84,85,-1,85,84,86,-1,85,86,87,-1,88,89,87,-1,87,89,90,-1,87,90,85,-1,85,90,91,-1,85,91,83,-1,87,92,88,-1,88,92,93,-1,88,93,94,-1,95,96,97,-1,97,96,98,-1,97,98,99,-1,99,98,100,-1,99,100,101,-1,101,100,88,-1,101,88,102,-1,102,88,94,-1,95,103,96,-1,96,103,104,-1,96,104,105,-1,15,4,106,-1,106,4,96,-1,106,96,82,-1,82,96,105,-1,82,105,107,-1,107,108,82,-1,82,108,109,-1,82,109,110,-1,110,111,82,-1,82,111,112,-1,82,112,72,-1,72,112,113,-1,72,113,114,-1,41,115,39,-1,39,115,116,-1,39,116,43,-1,43,116,117,-1,43,117,37,-1,37,117,118,-1,37,118,77,-1,77,118,119,-1,77,119,120,-1,120,121,77,-1,77,121,122,-1,77,122,78,-1,123,124,125,-1,125,124,126,-1,127,125,128,-1,128,125,126,-1,128,126,129,-1,129,126,130,-1,129,130,131,-1,132,133,134,-1,134,133,25,-1,135,136,137,-1,138,139,140,-1,140,139,141,-1,140,141,142,-1,60,143,25,-1,25,143,144,-1,25,144,134,-1,134,144,137,-1,134,137,140,-1,140,137,136,-1,140,136,138,-1,145,130,146,-1,146,130,140,-1,146,140,147,-1,147,140,142,-1,145,148,130,-1,130,148,149,-1,130,149,150,-1,74,131,75,-1,75,131,130,-1,75,130,151,-1,151,130,150,-1,135,137,152,-1,152,137,0,-1,152,0,153,-1,153,0,2,-1,153,2,50,-1,50,2,44,-1,50,44,48,-1,154,155,156,-1,156,155,157,-1,158,159,160,-1,160,159,161,-1,161,162,160,-1,160,162,163,-1,160,163,164,-1,165,166,167,-1,167,166,160,-1,167,160,168,-1,168,160,164,-1,169,170,160,-1,169,160,171,-1,170,172,160,-1,160,172,173,-1,160,173,174,-1,174,175,160,-1,160,175,176,-1,160,176,177,-1,177,178,160,-1,160,178,179,-1,160,179,180,-1,180,181,160,-1,160,181,182,-1,160,182,158,-1,165,183,166,-1,166,183,184,-1,166,184,156,-1,156,184,185,-1,156,185,154,-1,186,187,188,-1,188,187,189,-1,188,189,190,-1,189,191,190,-1,190,191,192,-1,190,192,193,-1,193,194,190,-1,190,194,195,-1,190,195,196,-1,196,197,190,-1,190,197,198,-1,190,198,199,-1,200,201,202,-1,202,201,203,-1,202,203,204,-1,204,205,202,-1,202,205,206,-1,202,206,207,-1,207,206,208,-1,207,208,209,-1,209,208,210,-1,210,211,209,-1,209,211,212,-1,209,212,213,-1,214,215,216,-1,216,215,217,-1,216,217,218,-1,218,219,216,-1,216,219,220,-1,216,220,160,-1,160,220,221,-1,160,221,171,-1,222,223,224,-1,224,223,225,-1,224,225,226,-1,227,228,224,-1,226,229,224,-1,224,229,230,-1,224,230,227,-1,227,230,231,-1,227,231,232,-1,233,234,186,-1,186,234,235,-1,186,235,187,-1,228,236,224,-1,224,236,234,-1,224,234,237,-1,237,234,233,-1,238,239,240,-1,240,239,241,-1,222,224,241,-1,241,224,242,-1,241,242,240,-1,243,244,245,-1,245,244,246,-1,245,246,247,-1,247,246,248,-1,247,248,249,-1,249,248,250,-1,249,250,251,-1,252,253,245,-1,254,255,216,-1,216,255,256,-1,213,214,209,-1,209,214,216,-1,209,216,257,-1,257,216,256,-1,257,258,209,-1,209,258,259,-1,209,259,260,-1,260,261,209,-1,209,261,262,-1,209,262,263,-1,263,262,264,-1,263,264,265,-1,264,266,265,-1,265,266,267,-1,265,267,245,-1,245,267,268,-1,245,268,252,-1,253,269,245,-1,245,269,270,-1,245,270,243,-1,271,272,156,-1,273,274,271,-1,271,274,275,-1,271,275,276,-1,276,275,277,-1,276,277,278,-1,157,279,156,-1,156,279,280,-1,156,280,271,-1,271,280,281,-1,271,281,273,-1,282,283,284,-1,284,283,285,-1,285,286,284,-1,284,286,287,-1,284,287,288,-1,282,284,289,-1,289,284,290,-1,289,290,291,-1,292,293,294,-1,294,293,295,-1,294,295,290,-1,290,295,296,-1,290,296,291,-1,297,298,277,-1,277,298,299,-1,277,299,278,-1,297,300,298,-1,298,300,301,-1,298,301,294,-1,294,301,302,-1,294,302,292,-1,303,304,305,-1,304,306,305,-1,305,306,307,-1,305,307,308,-1,308,309,305,-1,305,309,310,-1,305,310,311,-1,311,310,312,-1,312,313,311,-1,311,313,314,-1,311,314,315,-1,315,316,311,-1,311,316,317,-1,311,317,318,-1,319,320,321,-1,320,322,321,-1,321,322,323,-1,321,323,324,-1,324,323,325,-1,326,327,325,-1,325,327,328,-1,325,328,324,-1,329,330,325,-1,325,330,331,-1,325,331,332,-1,332,333,325,-1,325,333,334,-1,325,334,326,-1,335,336,337,-1,319,321,338,-1,338,321,339,-1,338,339,340,-1,341,342,343,-1,342,344,345,-1,345,346,342,-1,342,346,347,-1,342,347,348,-1,348,349,342,-1,342,349,350,-1,342,350,351,-1,351,352,342,-1,342,352,353,-1,342,353,343,-1,343,354,355,-1,355,354,356,-1,356,357,355,-1,355,357,358,-1,355,358,359,-1,359,360,355,-1,355,360,361,-1,355,361,343,-1,343,361,362,-1,343,362,341,-1,363,364,365,-1,365,366,363,-1,363,366,367,-1,363,367,368,-1,368,367,369,-1,368,369,370,-1,370,371,368,-1,368,371,338,-1,368,338,372,-1,372,338,340,-1,372,340,373,-1,363,374,202,-1,375,376,377,-1,377,376,378,-1,377,378,379,-1,72,380,381,-1,381,380,377,-1,381,377,202,-1,202,377,379,-1,202,379,382,-1,382,383,202,-1,202,383,384,-1,202,384,363,-1,363,384,385,-1,363,385,364,-1,199,200,190,-1,190,200,202,-1,190,202,386,-1,386,202,374,-1,13,387,14,-1,14,387,388,-1,14,388,342,-1,342,388,389,-1,342,389,344,-1,390,391,392,-1,342,393,14,-1,14,393,394,-1,14,394,395,-1,395,394,396,-1,395,396,392,-1,392,396,397,-1,392,397,390,-1,391,398,399,-1,337,339,335,-1,335,339,321,-1,335,321,400,-1,400,321,401,-1,402,403,399,-1,404,405,406,-1,406,405,407,-1,406,407,408,-1,403,409,399,-1,399,409,410,-1,399,410,411,-1,391,399,392,-1,392,399,411,-1,392,411,404,-1,404,411,412,-1,404,412,405,-1,398,413,399,-1,399,413,414,-1,399,414,415,-1,415,414,416,-1,415,416,417,-1,416,418,417,-1,417,418,419,-1,417,419,420,-1,420,419,421,-1,420,421,422,-1,423,424,13,-1,422,425,420,-1,420,425,426,-1,420,426,427,-1,401,402,400,-1,400,402,399,-1,400,399,386,-1,386,399,428,-1,386,428,190,-1,190,428,429,-1,190,429,430,-1,430,429,420,-1,430,420,13,-1,13,420,427,-1,13,427,423,-1,424,431,13,-1,13,431,432,-1,13,432,387,-1,433,434,435,-1,435,434,436,-1,435,436,437,-1,437,436,438,-1,437,438,305,-1,305,438,439,-1,305,439,303,-1,440,441,442,-1,442,441,443,-1,442,443,408,-1,408,443,444,-1,408,444,406,-1,433,440,434,-1,434,440,442,-1,434,442,445,-1,445,442,380,-1,445,380,446,-1,446,380,72,-1,446,72,447,-1,447,72,114,-1,448,449,450,-1,450,449,451,-1,450,451,452,-1,452,451,453,-1,452,453,454,-1,454,453,455,-1,454,455,456,-1,456,455,457,-1,456,457,458,-1,458,457,459,-1,458,459,460,-1,460,459,461,-1,460,461,462,-1,462,461,463,-1,462,463,464,-1,464,463,465,-1,464,465,466,-1,466,465,467,-1,466,467,468,-1,468,467,469,-1,468,469,470,-1,470,469,471,-1,470,471,472,-1,472,471,473,-1,472,473,474,-1,474,473,475,-1,474,475,240,-1,240,475,249,-1,240,249,238,-1,238,249,251,-1,476,477,478,-1,478,477,479,-1,478,479,480,-1,480,479,481,-1,480,481,482,-1,482,481,483,-1,482,483,484,-1,484,483,485,-1,484,485,486,-1,486,485,487,-1,486,487,488,-1,488,487,489,-1,488,489,490,-1,490,489,491,-1,490,491,492,-1,492,491,493,-1,492,493,494,-1,494,493,495,-1,494,495,496,-1,496,495,497,-1,496,497,498,-1,498,497,499,-1,498,499,500,-1,500,499,501,-1,500,501,502,-1,502,501,503,-1,502,503,504,-1,504,503,505,-1,504,505,506,-1,506,505,507,-1,506,507,508,-1,508,507,509,-1,508,509,510,-1,510,509,511,-1,510,511,512,-1,512,511,513,-1,512,513,514,-1,514,513,515,-1,514,515,516,-1,516,515,517,-1,516,517,518,-1,518,517,519,-1,518,519,520,-1,520,519,521,-1,520,521,522,-1,522,521,523,-1,522,523,524,-1,524,523,525,-1,524,525,526,-1,526,525,527,-1,526,527,528,-1,528,527,529,-1,528,529,530,-1,530,529,531,-1,530,531,532,-1,532,531,533,-1,532,533,534,-1,534,533,535,-1,534,535,536,-1,536,535,537,-1,536,537,538,-1,538,537,539,-1,538,539,540,-1,540,539,541,-1,540,541,542,-1,542,541,543,-1,542,543,544,-1,544,543,545,-1,544,545,546,-1,546,545,547,-1,546,547,548,-1,548,547,549,-1,548,549,550,-1,550,549,551,-1,550,551,552,-1,552,551,553,-1,552,553,554,-1,554,553,555,-1,554,555,556,-1,556,555,557,-1,556,557,558,-1,558,557,559,-1,558,559,560,-1,560,559,561,-1,560,561,562,-1,562,561,563,-1,562,563,564,-1,564,563,565,-1,564,565,566,-1,566,565,567,-1,566,567,568,-1,568,567,569,-1,568,569,570,-1,570,569,571,-1,570,571,572,-1,572,571,573,-1,572,573,574,-1,574,573,575,-1,574,575,576,-1,576,575,577,-1,576,577,578,-1,578,577,579,-1,578,579,580,-1,580,579,581,-1,580,581,582,-1,582,581,583,-1,582,583,584,-1,584,583,585,-1,584,585,586,-1,586,585,587,-1,586,587,588,-1,588,587,589,-1,588,589,590,-1,590,589,591,-1,590,591,592,-1,592,591,593,-1,592,593,594,-1,594,593,595,-1,594,595,596,-1,596,595,597,-1,596,597,598,-1,598,597,599,-1,598,599,600,-1,600,599,601,-1,600,601,602,-1,602,601,603,-1,602,603,604,-1,604,603,605,-1,604,605,606,-1,606,605,607,-1,606,607,608,-1,608,607,609,-1,608,609,610,-1,610,609,611,-1,610,611,612,-1,612,611,613,-1,612,613,614,-1,614,613,615,-1,614,615,616,-1,616,615,617,-1,616,617,618,-1,618,617,619,-1,618,619,620,-1,620,619,621,-1,620,621,622,-1,622,621,623,-1,622,623,128,-1,128,623,132,-1,128,132,127,-1,127,132,134,-1,624,625,626,-1,627,628,629,-1,629,628,630,-1,629,630,631,-1,631,630,632,-1,631,632,633,-1,632,634,633,-1,633,634,635,-1,633,635,636,-1,636,635,637,-1,636,637,638,-1,637,639,638,-1,638,639,640,-1,638,640,641,-1,641,640,642,-1,641,642,643,-1,643,642,644,-1,643,644,645,-1,645,644,646,-1,645,646,647,-1,647,646,648,-1,647,648,649,-1,649,648,650,-1,649,650,651,-1,651,650,652,-1,651,652,653,-1,653,652,654,-1,653,654,655,-1,655,654,656,-1,655,656,657,-1,657,658,655,-1,655,658,659,-1,655,659,660,-1,659,661,660,-1,660,661,662,-1,660,662,663,-1,663,662,664,-1,663,664,665,-1,665,666,663,-1,663,666,667,-1,663,667,668,-1,668,667,669,-1,668,669,670,-1,670,669,671,-1,670,671,672,-1,672,671,624,-1,672,624,673,-1,673,624,626,-1,625,674,626,-1,626,674,675,-1,626,675,676,-1,676,675,677,-1,676,677,678,-1,678,677,679,-1,678,679,680,-1,681,682,683,-1,683,684,681,-1,681,684,685,-1,681,685,686,-1,679,687,680,-1,680,687,688,-1,680,688,689,-1,689,688,690,-1,689,690,691,-1,691,690,692,-1,691,692,685,-1,685,692,693,-1,685,693,686,-1,694,695,696,-1,696,695,697,-1,696,697,698,-1,698,697,699,-1,698,699,700,-1,700,699,701,-1,700,701,702,-1,702,701,703,-1,702,703,704,-1,704,703,705,-1,704,705,706,-1,706,705,707,-1,706,707,708,-1,708,707,709,-1,708,709,710,-1,710,709,711,-1,710,711,712,-1,712,711,713,-1,712,713,714,-1,714,713,715,-1,714,715,716,-1,716,715,717,-1,716,717,718,-1,718,717,719,-1,718,719,720,-1,720,719,721,-1,720,721,722,-1,722,721,723,-1,722,723,724,-1,724,723,725,-1,724,725,726,-1,726,725,727,-1,726,727,728,-1,728,727,628,-1,728,628,627,-1,683,682,729,-1,729,682,730,-1,729,730,731,-1,731,730,732,-1,731,732,733,-1,733,732,734,-1,733,734,735,-1,734,736,735,-1,735,736,737,-1,735,737,738,-1,738,737,739,-1,738,739,740,-1,740,739,741,-1,741,739,742,-1,741,742,743,-1,743,742,744,-1,743,744,745,-1,745,744,746,-1,745,746,747,-1,747,746,748,-1,747,748,749,-1,748,750,749,-1,749,750,751,-1,749,751,752,-1,752,751,753,-1,754,755,756,-1,756,755,757,-1,756,757,758,-1,758,757,759,-1,758,759,760,-1,760,759,761,-1,760,761,753,-1,753,761,762,-1,753,762,752,-1,763,764,765,-1,765,764,755,-1,765,755,754,-1,766,767,763,-1,763,767,768,-1,763,768,764,-1,769,770,766,-1,766,770,771,-1,766,771,767,-1,769,772,770,-1,770,772,773,-1,770,773,774,-1,774,773,775,-1,774,775,776,-1,776,775,777,-1,777,775,778,-1,777,778,779,-1,779,778,780,-1,779,780,781,-1,781,780,782,-1,781,782,783,-1,783,782,784,-1,784,782,785,-1,784,785,786,-1,786,785,787,-1,786,787,788,-1,788,787,789,-1,788,789,790,-1,790,789,791,-1,790,791,792,-1,792,791,793,-1,792,793,794,-1,794,793,795,-1,794,795,796,-1,796,795,797,-1,796,797,798,-1,798,797,799,-1,799,797,800,-1,799,800,801,-1,801,800,802,-1,801,802,803,-1,803,802,804,-1,803,804,805,-1,804,806,805,-1,805,806,807,-1,805,807,808,-1,808,807,809,-1,808,809,810,-1,810,809,811,-1,810,811,812,-1,812,811,813,-1,813,811,814,-1,813,814,815,-1,815,814,694,-1,694,814,816,-1,694,816,695,-1,
        ]
    }
}
Shape{
    appearance Appearance {
        material  Material {
            diffuseColor 0.8745098039215686 0.9921568627450981 1.0
            specularColor 0.4392156862745098 0.49411764705882355 0.5019607843137255
            ambientIntensity 0.9579
            transparency 0.0
            shininess 0.5
        }
    }
    geometry IndexedFaceSet {
        ccw TRUE
        solid FALSE
        coord DEF co Coordinate {
            point [
                6.8854 -0.2977 13.8051, 6.8854 -0.2977 14.7893, 6.8746 -0.423 14.7893, 6.8854 0.2928 9.8681, 6.8854 0.2928 7.8996, 6.8722 0.4179 4.1873, 6.8856 0.2871 7.842, 6.8863 0.2703 7.7865, 6.8874 0.2431 7.7356, 6.8886 0.2063 7.6908, 6.8898 0.1617 7.6542, 6.8901 0.1465 4.2175, 6.8891 0.1891 4.1873, 6.891 0.0996 4.2397, 6.8915 0.0552 7.61, 6.8908 0.1106 7.6268, 6.8722 -0.4228 4.1873, 6.8891 -0.1941 4.1873, 6.8915 -0.06 7.61, 6.8901 -0.1517 4.2174, 6.891 -0.1046 4.2396, 6.8915 -0.0544 4.2532, 6.8917 -0.0023 7.6043, 6.8917 -0.0025 4.2579, 6.8915 0.0492 4.2533, 6.8908 -0.1152 7.6267, 6.8898 -0.1664 7.654, 6.8886 -0.2111 7.6906, 6.8874 -0.2478 7.7353, 6.8863 -0.2752 7.7864, 6.8856 -0.292 7.8416, 6.8856 0.2871 13.7475, 6.8856 0.2871 9.926, 6.8854 0.2928 13.8051, 6.8746 0.418 14.7893, 6.8854 0.2928 14.7893, 6.8863 0.2703 13.692, 6.8874 0.2431 13.6412, 6.8886 0.2063 13.5963, 6.8856 -0.2921 9.9256, 6.8856 -0.292 13.7472, 6.8854 -0.2977 9.8681, 6.8854 -0.2977 7.8996, 6.8863 -0.2752 9.9811, 6.8874 -0.2481 10.032, 6.8886 -0.2113 10.0769, 6.8908 0.1103 10.141, 6.8908 0.1106 13.5323, 6.8915 0.0551 10.1577, 6.8915 0.0552 13.5155, 6.8917 -0.0027 10.1634, 6.8917 -0.0023 13.5098, 6.8915 -0.0601 10.1577, 6.8915 -0.06 13.5155, 6.8908 -0.1156 10.1408, 6.8908 -0.1152 13.5322, 6.8898 -0.1664 13.5595, 6.8886 -0.2111 13.5962, 6.8874 -0.2478 13.6408, 6.8898 0.1615 10.1137, 6.8886 0.2062 10.077, 6.8874 0.2429 10.0323, 6.8898 -0.1666 10.1135, 6.8863 -0.2752 13.692, 6.8898 0.1617 13.5597, 6.8863 0.2703 9.9812, 6.5727 2.0705 4.1873, 6.5727 2.0705 14.7893, 6.7369 1.4503 4.1873, 6.7295 1.4843 14.7893, 6.77 1.2527 4.1873, 6.77 1.2527 14.7893, 6.8428 0.8175 4.1873, 6.8342 0.8866 14.7893, 6.8428 -0.8225 4.1873, 6.8342 -0.8915 14.7893, 6.77 -1.2577 4.1873, 6.77 -1.2577 14.7893, 6.7369 -1.4552 4.1873, 6.7295 -1.4892 14.7893, 6.5727 -2.0754 4.1873, 6.5727 -2.0754 14.7893, 6.7179 -1.4511 3.9921, 6.8868 -0.2356 4.1437, 6.8732 -0.2899 4.0303, 6.8775 -0.282 4.0577, 6.8848 -0.2528 4.1192, 6.7662 -0.8133 3.8045, 6.8519 -0.2977 3.9323, 6.8235 -0.8201 3.9921, 6.8595 -0.2977 3.9626, 6.8655 -0.2943 3.9922, 6.6733 -0.8022 3.6321, 6.7991 -0.2977 3.7837, 6.8067 -0.2977 3.8051, 6.5887 -0.2977 3.4816, 6.6147 -0.2977 3.508, 6.5457 -0.787 3.4816, 6.7139 -0.2977 3.6311, 6.7145 -0.2977 3.6322, 6.5701 -1.4193 3.6321, 6.6615 -1.439 3.8045, 6.5541 -2.0696 3.9921, 6.4991 -2.0523 3.8045, 6.4099 -2.0241 3.6321, 6.2899 -1.9863 3.4816, 6.4391 -1.4295 3.4816, 6.4456 -1.3925 3.4816, 6.5391 -0.8617 3.4816, 6.5391 0.8568 3.4816, 6.4456 1.3876 3.4816, 6.5701 1.4143 3.6321, 6.4391 1.4245 3.4816, 6.2899 1.9814 3.4816, 6.4099 2.0192 3.6321, 6.8235 0.8152 3.9921, 6.6147 0.2928 3.508, 6.5887 0.2928 3.4816, 6.5457 0.782 3.4816, 6.6479 0.2928 3.5448, 6.6733 0.7972 3.6321, 6.7124 0.2928 3.6337, 6.7405 0.2928 3.6724, 6.7662 0.8083 3.8045, 6.8077 0.2928 3.8048, 6.8114 0.2928 3.8122, 6.8595 0.2928 3.9626, 6.8863 0.2359 4.1369, 6.8842 0.2517 4.1128, 6.8765 0.2794 4.0506, 6.8718 0.2866 4.0226, 6.8656 0.2898 3.9922, 6.6615 1.434 3.8045, 6.4991 2.0473 3.8045, 6.7179 1.4462 3.9921, 6.5541 2.0646 3.9921, 6.1563 -1.9442 3.3089, 6.3023 -1.3992 3.3089, 6.4753 -0.2977 2.2141, 6.4485 -0.2977 2.254, 6.4002 -0.8435 2.254, 6.5793 -0.2977 3.4722, 6.4002 -0.8435 3.3089, 6.4504 -0.2977 3.3078, 6.4689 -0.2977 3.3396, 6.3034 -0.8308 3.1092, 6.3542 -0.2977 3.1079, 6.3898 -0.2977 3.2034, 6.2538 -0.8243 2.8926, 6.301 -0.2977 2.8925, 6.3295 -0.2977 3.0418, 6.2538 -0.8243 2.6703, 6.2966 -0.2977 2.7145, 6.3 -0.2977 2.8871, 6.3738 -0.2977 2.3948, 6.3541 -0.2977 2.4548, 6.3034 -0.8308 2.4537, 6.3199 -0.2977 2.5587, 6.3031 -0.2977 2.6707, 6.4474 -0.2977 2.2555, 6.5762 -0.2977 2.0938, 6.539 -0.8617 2.0814, 6.5887 -0.2977 2.0814, 6.3023 -1.3992 2.254, 6.4391 -1.4295 2.0814, 6.5388 -0.8636 2.0814, 6.207 -1.3781 3.1092, 6.1581 -1.3672 2.8926, 6.1581 -1.3672 2.6703, 6.207 -1.3781 2.4537, 6.1563 -1.9442 2.254, 6.2899 -1.9863 2.0814, 6.4389 -1.4304 2.0814, 6.0632 -1.9148 3.1092, 6.0155 -1.8998 2.8926, 6.0155 -1.8998 2.6703, 6.0632 -1.9148 2.4537, 6.4002 0.8385 3.3089, 6.4474 0.2928 2.2555, 6.4485 0.2928 2.2541, 6.4002 0.8385 2.254, 6.5423 0.2928 2.13, 6.5887 0.2928 2.0814, 6.539 0.8568 2.0814, 6.3034 0.8258 2.4537, 6.3519 0.2928 2.4541, 6.356 0.2928 2.4393, 6.4224 0.2928 2.2971, 6.3102 0.2928 2.6057, 6.2538 0.8193 2.6703, 6.3037 0.2928 2.6706, 6.3034 0.8258 3.1092, 6.3523 0.2928 3.1085, 6.3434 0.2928 3.0878, 6.2538 0.8193 2.8926, 6.3063 0.2928 2.9347, 6.3034 0.2928 2.8924, 6.2944 0.2928 2.7624, 6.4118 0.2928 3.2467, 6.4511 0.2928 3.3072, 6.4975 0.2928 3.3789, 6.3023 1.3942 3.3089, 6.3023 1.3942 2.254, 6.4391 1.4245 2.0814, 6.4389 1.4254 2.0814, 6.1563 1.9392 3.3089, 6.207 1.3731 3.1092, 6.0632 1.9099 3.1092, 6.1581 1.3623 2.8926, 6.0155 1.8948 2.8926, 6.1581 1.3623 2.6703, 6.0155 1.8948 2.6703, 6.207 1.3731 2.4537, 6.0632 1.9099 2.4537, 6.1563 1.9392 2.254, 6.2899 1.9814 2.0814, 6.5388 0.8586 2.0814, 6.7701 -1.2577 1.3757, 6.8328 -0.9023 1.3757, 6.8134 -0.8997 1.5709, 6.7701 1.2527 1.3757, 6.7283 1.4896 1.3757, 6.7093 1.4854 1.5709, 6.5617 -1.4576 1.9308, 6.6635 -0.88 1.9308, 6.6678 0.2928 1.9941, 6.6635 0.8751 1.9308, 6.6678 -0.2977 1.9941, 6.6927 -0.2948 1.9611, 6.7147 -0.2957 1.9308, 6.7148 -0.2908 1.9308, 6.7078 -0.2929 1.941, 6.8074 -0.1935 1.7689, 6.7996 -0.2114 1.7854, 6.8081 -0.2998 1.7584, 6.7719 -0.2536 1.8387, 6.7617 -0.2639 1.8567, 6.7339 -0.2805 1.901, 6.719 -0.2895 1.9248, 6.8081 0.2949 1.7584, 6.8122 0.1735 1.7583, 6.8657 0.2974 1.5709, 6.8159 0.1642 1.7503, 6.8241 0.1329 1.7316, 6.8336 0.0721 1.7084, 6.8361 0.0413 1.7021, 6.8657 -0.3023 1.5709, 6.8371 -0.0238 1.6996, 6.8358 -0.0519 1.703, 6.8285 -0.1147 1.721, 6.8238 -0.1388 1.7322, 6.8122 -0.1778 1.7583, 6.6867 0.2895 1.9683, 6.7145 0.2848 1.9305, 6.7147 0.2908 1.9308, 6.7219 0.2835 1.9205, 6.7342 0.2767 1.9011, 6.7523 0.2667 1.8727, 6.7848 0.2321 1.8147, 6.7958 0.2138 1.793, 6.8134 0.8948 1.5709, 6.7563 0.8873 1.7584, 6.653 1.4729 1.7584, 6.5617 1.4527 1.9308, 6.7563 -0.8922 1.7584, 6.4099 2.0192 1.9308, 6.4991 2.0473 1.7584, 6.5541 2.0646 1.5709, 6.5727 2.0705 1.3757, 6.8328 0.8973 1.3757, 6.8747 0.418 1.3757, 6.8852 0.2982 1.3757, 6.8852 -0.3032 1.3757, 6.8747 -0.423 1.3757, 6.7283 -1.4945 1.3757, 6.7093 -1.4903 1.5709, 6.653 -1.4779 1.7584, 6.4099 -2.0241 1.9308, 6.4991 -2.0523 1.7584, 6.5541 -2.0696 1.5709, 6.5727 -2.0754 1.3757
            ]
        }
        coordIndex [
            0,1,2,-1,3,4,5,-1,5,4,6,-1,5,6,7,-1,7,8,5,-1,5,8,9,-1,5,9,10,-1,11,12,5,-1,13,11,14,-1,14,11,5,-1,14,5,15,-1,15,5,10,-1,16,17,18,-1,18,17,19,-1,19,20,18,-1,18,20,21,-1,18,21,22,-1,22,21,23,-1,22,23,14,-1,14,23,24,-1,14,24,13,-1,18,25,16,-1,16,25,26,-1,16,26,27,-1,27,28,16,-1,16,28,29,-1,16,29,30,-1,31,32,33,-1,33,32,34,-1,33,34,35,-1,31,36,32,-1,32,36,37,-1,32,37,38,-1,39,40,41,-1,41,40,16,-1,41,16,42,-1,42,16,30,-1,39,43,40,-1,40,43,44,-1,40,44,45,-1,46,47,48,-1,48,47,49,-1,48,49,50,-1,50,49,51,-1,50,51,52,-1,52,51,53,-1,52,53,54,-1,54,53,55,-1,55,56,54,-1,54,56,57,-1,54,57,58,-1,46,59,47,-1,47,59,60,-1,47,60,61,-1,45,62,40,-1,40,62,54,-1,40,54,63,-1,63,54,58,-1,38,64,32,-1,32,64,47,-1,32,47,65,-1,65,47,61,-1,66,67,68,-1,68,67,69,-1,68,69,70,-1,70,69,71,-1,70,71,72,-1,72,71,73,-1,72,73,5,-1,5,73,34,-1,5,34,3,-1,3,34,32,-1,40,0,16,-1,16,0,2,-1,16,2,74,-1,74,2,75,-1,74,75,76,-1,76,75,77,-1,76,77,78,-1,78,77,79,-1,78,79,80,-1,80,79,81,-1,76,78,82,-1,83,17,16,-1,84,85,74,-1,74,85,16,-1,16,85,86,-1,16,86,83,-1,87,88,89,-1,89,88,90,-1,89,90,91,-1,92,93,87,-1,87,93,94,-1,87,94,88,-1,95,96,97,-1,97,96,98,-1,97,98,92,-1,92,98,99,-1,92,99,93,-1,76,82,74,-1,100,92,101,-1,101,92,87,-1,101,87,82,-1,82,87,89,-1,82,89,74,-1,74,89,91,-1,74,91,84,-1,78,80,82,-1,82,80,102,-1,82,102,101,-1,101,102,103,-1,101,103,100,-1,100,103,104,-1,100,104,105,-1,105,106,100,-1,100,106,107,-1,100,107,92,-1,92,107,108,-1,92,108,97,-1,109,110,111,-1,112,113,114,-1,70,72,115,-1,116,117,118,-1,116,118,119,-1,119,118,120,-1,119,120,121,-1,121,120,122,-1,122,120,123,-1,122,123,124,-1,124,123,125,-1,125,123,115,-1,125,115,126,-1,12,127,5,-1,5,127,128,-1,5,128,72,-1,128,129,72,-1,72,129,130,-1,72,130,115,-1,115,130,131,-1,115,131,126,-1,110,112,111,-1,111,112,114,-1,111,114,132,-1,132,114,133,-1,132,133,134,-1,134,133,135,-1,134,135,68,-1,68,135,66,-1,118,109,120,-1,120,109,111,-1,120,111,123,-1,123,111,132,-1,123,132,115,-1,115,132,134,-1,115,134,70,-1,70,134,68,-1,106,105,136,-1,107,106,137,-1,138,139,140,-1,141,95,97,-1,142,143,144,-1,141,97,144,-1,145,146,142,-1,142,146,147,-1,142,147,143,-1,148,149,145,-1,145,149,150,-1,145,150,146,-1,151,152,148,-1,148,152,153,-1,148,153,149,-1,154,155,156,-1,156,155,157,-1,156,157,151,-1,151,157,158,-1,151,158,152,-1,140,139,156,-1,156,139,159,-1,156,159,154,-1,138,140,160,-1,160,140,161,-1,160,161,162,-1,144,97,142,-1,142,97,108,-1,142,108,107,-1,163,164,165,-1,107,137,142,-1,142,137,166,-1,142,166,145,-1,145,166,167,-1,145,167,148,-1,148,167,168,-1,148,168,151,-1,151,168,169,-1,151,169,156,-1,156,169,163,-1,156,163,140,-1,140,163,165,-1,140,165,161,-1,170,171,172,-1,106,136,137,-1,137,136,173,-1,137,173,166,-1,166,173,174,-1,166,174,167,-1,167,174,175,-1,167,175,168,-1,168,175,176,-1,168,176,169,-1,169,176,170,-1,169,170,163,-1,163,170,172,-1,163,172,164,-1,110,109,177,-1,178,179,180,-1,181,182,183,-1,184,185,186,-1,184,186,180,-1,180,186,187,-1,180,187,178,-1,185,184,188,-1,188,184,189,-1,188,189,190,-1,191,192,193,-1,191,193,194,-1,193,195,194,-1,194,195,196,-1,194,196,189,-1,189,196,197,-1,189,197,190,-1,192,191,198,-1,198,191,177,-1,198,177,199,-1,118,117,200,-1,199,177,200,-1,200,177,109,-1,200,109,118,-1,113,112,201,-1,201,112,110,-1,202,203,204,-1,113,201,205,-1,205,201,206,-1,205,206,207,-1,207,206,208,-1,207,208,209,-1,209,208,210,-1,209,210,211,-1,211,210,212,-1,211,212,213,-1,213,212,202,-1,213,202,214,-1,214,202,204,-1,214,204,215,-1,216,180,183,-1,183,180,179,-1,183,179,181,-1,110,177,201,-1,201,177,191,-1,201,191,206,-1,206,191,194,-1,206,194,208,-1,208,194,189,-1,208,189,210,-1,210,189,184,-1,210,184,212,-1,212,184,180,-1,212,180,202,-1,202,180,216,-1,202,216,203,-1,217,218,219,-1,220,221,222,-1,164,172,223,-1,161,165,224,-1,182,225,183,-1,183,225,226,-1,162,161,227,-1,227,161,224,-1,227,224,228,-1,229,230,231,-1,232,233,234,-1,234,233,235,-1,235,236,234,-1,234,236,237,-1,234,237,229,-1,229,237,238,-1,229,238,230,-1,239,240,241,-1,241,240,242,-1,241,242,243,-1,243,244,241,-1,241,244,245,-1,241,245,246,-1,246,245,247,-1,246,247,248,-1,248,249,246,-1,246,249,250,-1,246,250,234,-1,234,250,251,-1,234,251,232,-1,252,253,254,-1,254,253,255,-1,254,255,239,-1,239,255,256,-1,239,256,257,-1,257,258,239,-1,239,258,259,-1,239,259,240,-1,204,203,226,-1,226,203,216,-1,226,216,183,-1,260,222,261,-1,261,222,262,-1,261,262,226,-1,226,262,263,-1,226,263,204,-1,225,252,226,-1,226,252,254,-1,226,254,261,-1,261,254,239,-1,261,239,260,-1,260,239,241,-1,231,228,229,-1,229,228,224,-1,229,224,234,-1,234,224,264,-1,234,264,246,-1,246,264,219,-1,215,204,265,-1,265,204,263,-1,265,263,266,-1,266,263,262,-1,266,262,267,-1,267,262,222,-1,267,222,268,-1,268,222,221,-1,220,222,269,-1,269,222,260,-1,269,260,270,-1,270,260,241,-1,270,241,271,-1,271,241,246,-1,271,246,272,-1,219,218,246,-1,246,218,273,-1,246,273,272,-1,274,217,275,-1,275,217,219,-1,275,219,276,-1,276,219,264,-1,276,264,223,-1,223,264,224,-1,223,224,164,-1,164,224,165,-1,172,171,223,-1,223,171,277,-1,223,277,276,-1,276,277,278,-1,276,278,275,-1,275,278,279,-1,275,279,274,-1,274,279,280,-1,
        ]
    }
}
Shape{
    appearance Appearance {
        material  Material {
            diffuseColor 0.29411764705882354 0.10588235294117647 0.09019607843137255
            specularColor 0.14901960784313725 0.050980392156862744 0.043137254901960784
            ambientIntensity 0.1604
            transparency 0.0
            shininess 0.5
        }
    }
    geometry IndexedFaceSet {
        ccw TRUE
        solid FALSE
        coord DEF co Coordinate {
            point [
                6.8885 0.2099 9.9106, 6.8856 0.2871 9.926, 6.8888 0.1975 9.9511, 6.8863 0.2703 9.9812, 6.8894 0.1775 9.9885, 6.8874 0.2429 10.0323, 6.89 0.1505 10.0213, 6.8886 0.2062 10.077, 6.8907 0.1177 10.0482, 6.8898 0.1615 10.1137, 6.8912 0.0802 10.0682, 6.8908 0.1103 10.141, 6.8916 0.0397 10.0805, 6.8915 0.0551 10.1577, 6.8917 -0.0026 10.0846, 6.8917 -0.0027 10.1634, 6.8916 -0.0448 10.0805, 6.8915 -0.0601 10.1577, 6.8912 -0.0854 10.0681, 6.8908 -0.1156 10.1408, 6.8907 -0.1229 10.0481, 6.8898 -0.1666 10.1135, 6.89 -0.1556 10.0212, 6.8886 -0.2113 10.0769, 6.8894 -0.1826 9.9883, 6.8874 -0.2481 10.032, 6.8888 -0.2025 9.951, 6.8863 -0.2752 9.9811, 6.8885 -0.2149 9.9103, 6.8856 -0.2921 9.9256, 6.8883 -0.219 9.8681, 6.8854 -0.2977 9.8681, 6.8883 -0.219 7.8996, 6.8854 -0.2977 7.8996, 6.8885 -0.2148 7.8571, 6.8856 -0.292 7.8416, 6.8888 -0.2025 7.8166, 6.8863 -0.2752 7.7864, 6.8894 -0.1824 7.7791, 6.8874 -0.2478 7.7353, 6.89 -0.1555 7.7464, 6.8886 -0.2111 7.6906, 6.8907 -0.1227 7.7195, 6.8898 -0.1664 7.654, 6.8912 -0.0852 7.6995, 6.8908 -0.1152 7.6267, 6.8916 -0.0447 7.6872, 6.8915 -0.06 7.61, 6.8917 -0.0023 7.683, 6.8917 -0.0023 7.6043, 6.8916 0.0398 7.6872, 6.8915 0.0552 7.61, 6.8912 0.0805 7.6996, 6.8908 0.1106 7.6268, 6.8907 0.1179 7.7196, 6.8898 0.1617 7.6542, 6.89 0.1506 7.7465, 6.8886 0.2063 7.6908, 6.8894 0.1776 7.7794, 6.8874 0.2431 7.7356, 6.8888 0.1976 7.8167, 6.8863 0.2703 7.7865, 6.8885 0.2099 7.8574, 6.8856 0.2871 7.842, 6.8883 0.2141 7.8996, 6.8854 0.2928 7.8996, 6.8883 0.2141 9.8681, 6.8854 0.2928 9.8681, 6.8915 -0.0544 4.2532, 6.891 -0.1046 4.2396, 6.8917 -0.0025 4.1873, 6.8901 -0.1517 4.2174, 6.8891 -0.1941 4.1873, 6.891 0.0996 4.2397, 6.8901 0.1465 4.2175, 6.8891 0.1891 4.1873, 6.8915 0.0492 4.2533, 6.8917 -0.0025 4.2579, 5.8996 0.214 15.7775, 5.8962 0.2928 15.7775, 4.9145 0.214 15.7775, 4.9104 0.2928 15.7775, 4.9145 -0.219 15.7775, 4.9104 -0.2977 15.7775, 5.8996 -0.219 15.7775, 5.8962 -0.2977 15.7775, 6.8733 -0.2977 14.9437, 6.8854 -0.2977 14.7893, 6.8883 -0.219 14.7893, 5.9878 -0.219 15.7736, 5.9844 -0.2977 15.7736, 6.8758 -0.219 14.9462, 6.8668 -0.219 14.9946, 6.8576 -0.2977 15.0085, 6.8625 -0.219 15.0089, 6.8361 -0.2977 15.0974, 6.8216 -0.219 15.1462, 6.7848 -0.2977 15.2169, 6.787 -0.219 15.2164, 6.7672 -0.2977 15.2578, 6.7444 -0.219 15.3029, 6.6813 -0.2977 15.3906, 6.6709 -0.219 15.4042, 6.6685 -0.2977 15.4045, 6.6516 -0.219 15.431, 6.5632 -0.2977 15.5191, 6.5268 -0.219 15.5533, 6.5111 -0.2977 15.5595, 6.5155 -0.219 15.5611, 6.4381 -0.2977 15.6161, 6.3968 -0.219 15.6435, 6.324 -0.2977 15.6771, 6.327 -0.219 15.6762, 6.284 -0.2977 15.6985, 6.2386 -0.219 15.7177, 6.1338 -0.2977 15.7486, 6.119 -0.219 15.7507, 6.1161 -0.2977 15.7516, 6.0866 -0.219 15.7597, 6.0371 -0.219 15.7679, 5.9844 0.2928 15.7736, 5.9878 0.2141 15.7736, 6.0853 0.2928 15.7593, 6.0371 0.2141 15.7679, 6.1189 0.2141 15.7497, 6.4878 0.2141 15.5836, 6.5144 0.2141 15.5601, 6.5123 0.2928 15.561, 6.3535 0.2141 15.6672, 6.3965 0.2928 15.6419, 6.3809 0.2928 15.6508, 6.3278 0.2141 15.6778, 6.3242 0.2928 15.6769, 6.1915 0.2141 15.7335, 6.2378 0.2928 15.7167, 6.1158 0.2928 15.7508, 6.6702 0.2141 15.4035, 6.651 0.2928 15.4281, 6.6188 0.2141 15.4675, 6.6393 0.2928 15.4417, 6.5262 0.2928 15.5512, 6.8029 0.2141 15.1912, 6.8555 0.2141 15.0421, 6.8593 0.2928 15.0089, 6.8612 0.2141 15.0088, 6.8647 0.2928 14.9907, 6.8201 0.2928 15.1424, 6.8137 0.2928 15.1589, 6.7885 0.2141 15.217, 6.7847 0.2928 15.2167, 6.7178 0.2141 15.3441, 6.7433 0.2928 15.2997, 6.6681 0.2928 15.4044, 6.8883 0.2141 14.7893, 6.8854 0.2928 14.7893, 6.885 0.2928 14.8171, 6.8851 0.2141 14.8698, 6.8883 -0.219 13.8051, 6.8854 -0.2977 13.8051, 6.8885 -0.2148 13.7626, 6.8856 -0.292 13.7472, 6.8888 -0.2025 13.7221, 6.8863 -0.2752 13.692, 6.8894 -0.1824 13.6846, 6.8874 -0.2478 13.6408, 6.89 -0.1555 13.6519, 6.8886 -0.2111 13.5962, 6.8907 -0.1227 13.625, 6.8898 -0.1664 13.5595, 6.8912 -0.0852 13.605, 6.8908 -0.1152 13.5322, 6.8916 -0.0447 13.5927, 6.8915 -0.06 13.5155, 6.8917 -0.0023 13.5886, 6.8917 -0.0023 13.5098, 6.8916 0.0398 13.5927, 6.8915 0.0552 13.5155, 6.8912 0.0805 13.6051, 6.8908 0.1106 13.5323, 6.8907 0.1179 13.6251, 6.8898 0.1617 13.5597, 6.89 0.1506 13.652, 6.8886 0.2063 13.5963, 6.8894 0.1776 13.6849, 6.8874 0.2431 13.6412, 6.8888 0.1976 13.7222, 6.8863 0.2703 13.692, 6.8885 0.2099 13.7629, 6.8856 0.2871 13.7475, 6.8883 0.2141 13.8051, 6.8854 0.2928 13.8051
            ]
        }
        coordIndex [
            0,1,2,-1,2,1,3,-1,2,3,4,-1,4,3,5,-1,4,5,6,-1,6,5,7,-1,6,7,8,-1,8,7,9,-1,8,9,10,-1,10,9,11,-1,10,11,12,-1,12,11,13,-1,12,13,14,-1,14,13,15,-1,14,15,16,-1,16,15,17,-1,16,17,18,-1,18,17,19,-1,18,19,20,-1,20,19,21,-1,20,21,22,-1,22,21,23,-1,22,23,24,-1,24,23,25,-1,24,25,26,-1,26,25,27,-1,26,27,28,-1,28,27,29,-1,28,29,30,-1,30,29,31,-1,30,31,32,-1,32,31,33,-1,32,33,34,-1,34,33,35,-1,34,35,36,-1,36,35,37,-1,36,37,38,-1,38,37,39,-1,38,39,40,-1,40,39,41,-1,40,41,42,-1,42,41,43,-1,42,43,44,-1,44,43,45,-1,44,45,46,-1,46,45,47,-1,46,47,48,-1,48,47,49,-1,48,49,50,-1,50,49,51,-1,50,51,52,-1,52,51,53,-1,52,53,54,-1,54,53,55,-1,54,55,56,-1,56,55,57,-1,56,57,58,-1,58,57,59,-1,58,59,60,-1,60,59,61,-1,60,61,62,-1,62,61,63,-1,62,63,64,-1,64,63,65,-1,64,65,66,-1,66,65,67,-1,66,67,0,-1,0,67,1,-1,68,69,70,-1,70,69,71,-1,70,71,72,-1,73,70,74,-1,74,70,75,-1,73,76,70,-1,70,76,77,-1,70,77,68,-1,78,79,80,-1,80,79,81,-1,82,83,84,-1,84,83,85,-1,86,87,88,-1,84,85,89,-1,89,85,90,-1,88,91,86,-1,86,91,92,-1,86,92,93,-1,93,92,94,-1,93,94,95,-1,95,94,96,-1,95,96,97,-1,97,96,98,-1,97,98,99,-1,99,98,100,-1,99,100,101,-1,101,100,102,-1,101,102,103,-1,103,102,104,-1,103,104,105,-1,105,104,106,-1,105,106,107,-1,107,106,108,-1,107,108,109,-1,109,108,110,-1,109,110,111,-1,111,110,112,-1,111,112,113,-1,113,112,114,-1,113,114,115,-1,115,114,116,-1,115,116,117,-1,117,116,118,-1,117,118,90,-1,90,118,119,-1,90,119,89,-1,79,78,120,-1,120,78,121,-1,120,121,122,-1,122,121,123,-1,122,123,124,-1,125,126,127,-1,125,127,128,-1,127,129,128,-1,128,129,130,-1,128,130,131,-1,131,130,132,-1,131,132,133,-1,133,132,134,-1,133,134,124,-1,124,134,135,-1,124,135,122,-1,136,137,138,-1,138,137,139,-1,138,139,126,-1,126,139,140,-1,126,140,127,-1,141,142,143,-1,143,142,144,-1,143,144,145,-1,143,146,141,-1,141,146,147,-1,141,147,148,-1,148,147,149,-1,148,149,150,-1,150,149,151,-1,150,151,136,-1,136,151,152,-1,136,152,137,-1,153,154,155,-1,145,144,155,-1,155,144,156,-1,155,156,153,-1,88,87,157,-1,157,87,158,-1,157,158,159,-1,159,158,160,-1,159,160,161,-1,161,160,162,-1,161,162,163,-1,163,162,164,-1,163,164,165,-1,165,164,166,-1,165,166,167,-1,167,166,168,-1,167,168,169,-1,169,168,170,-1,169,170,171,-1,171,170,172,-1,171,172,173,-1,173,172,174,-1,173,174,175,-1,175,174,176,-1,175,176,177,-1,177,176,178,-1,177,178,179,-1,179,178,180,-1,179,180,181,-1,181,180,182,-1,181,182,183,-1,183,182,184,-1,183,184,185,-1,185,184,186,-1,185,186,187,-1,187,186,188,-1,187,188,189,-1,189,188,190,-1,189,190,153,-1,153,190,154,-1,
        ]
    }
}
Shape{
    appearance Appearance {
        material  Material {
            diffuseColor 0.8745098039215686 0.9921568627450981 1.0
            specularColor 0.4392156862745098 0.49411764705882355 0.5019607843137255
            ambientIntensity 0.9579
            transparency 0.0
            shininess 0.5
        }
    }
    geometry IndexedFaceSet {
        ccw TRUE
        solid FALSE
        coord DEF co Coordinate {
            point [
                4.8587 0.7674 15.7775, 4.9104 0.2928 15.7775, 5.8962 0.2928 15.7775, 5.6302 1.7733 15.7775, 4.6915 1.4774 15.7775, 5.7646 1.2712 15.7775, 5.8542 0.7591 15.7775, 5.8962 -0.2977 15.7775, 4.9104 -0.2977 15.7775, 5.8542 -0.7641 15.7775, 4.8587 -0.7723 15.7775, 5.7646 -1.2761 15.7775, 4.6915 -1.4823 15.7775, 5.6302 -1.7783 15.7775, 5.9844 -0.2977 15.7736, 6.0723 -0.7924 15.7528, 6.1161 -0.2977 15.7516, 6.2794 -0.8194 15.6797, 6.284 -0.2977 15.6985, 6.1338 -0.2977 15.7486, 6.4652 -0.8435 15.5619, 6.4381 -0.2977 15.6161, 6.324 -0.2977 15.6771, 6.6204 -0.8637 15.4055, 6.5632 -0.2977 15.5191, 6.5111 -0.2977 15.5595, 6.7848 -0.2977 15.2169, 6.7672 -0.2977 15.2578, 6.7371 -0.8789 15.2181, 6.6813 -0.2977 15.3906, 6.6685 -0.2977 15.4045, 6.8361 -0.2977 15.0974, 6.8096 -0.8883 15.0092, 6.8576 -0.2977 15.0085, 6.8854 -0.2977 14.7893, 6.8733 -0.2977 14.9437, 6.8746 -0.423 14.7893, 6.8342 -0.8915 14.7893, 6.77 -1.2577 14.7893, 6.7295 -1.4892 14.7893, 6.7053 -1.4839 15.0092, 6.6339 -1.4681 15.2181, 6.519 -1.4427 15.4055, 6.3662 -1.409 15.5619, 6.1832 -1.3686 15.6797, 5.9793 -1.3235 15.7528, 5.8399 -1.8444 15.7528, 6.0391 -1.9072 15.6797, 6.2178 -1.9636 15.5619, 6.3671 -2.0106 15.4055, 6.4793 -2.046 15.2181, 6.549 -2.068 15.0092, 6.5727 -2.0754 14.7893, 6.8593 0.2928 15.0089, 6.8647 0.2928 14.9907, 6.8746 0.418 14.7893, 6.885 0.2928 14.8171, 6.8854 0.2928 14.7893, 6.8096 0.8834 15.0092, 6.8201 0.2928 15.1424, 6.7371 0.8739 15.2181, 6.8137 0.2928 15.1589, 6.651 0.2928 15.4281, 6.6681 0.2928 15.4044, 6.6204 0.8588 15.4055, 6.7433 0.2928 15.2997, 6.7847 0.2928 15.2167, 6.4652 0.8386 15.5619, 6.5123 0.2928 15.561, 6.5262 0.2928 15.5512, 6.6393 0.2928 15.4417, 6.2794 0.8144 15.6797, 6.3809 0.2928 15.6508, 6.3965 0.2928 15.6419, 6.0723 0.7875 15.7528, 6.2378 0.2928 15.7167, 6.3242 0.2928 15.6769, 5.9844 0.2928 15.7736, 6.0853 0.2928 15.7593, 6.1158 0.2928 15.7508, 5.9793 1.3186 15.7528, 6.1832 1.3636 15.6797, 6.3662 1.4041 15.5619, 6.519 1.4378 15.4055, 6.6339 1.4632 15.2181, 6.7053 1.479 15.0092, 5.8399 1.8395 15.7528, 6.0391 1.9023 15.6797, 6.2178 1.9586 15.5619, 6.3671 2.0057 15.4055, 6.4793 2.0411 15.2181, 6.549 2.0631 15.0092, 6.5727 2.0705 14.7893, 6.7295 1.4843 14.7893, 6.8342 0.8866 14.7893, 6.77 1.2527 14.7893, 6.8907 -0.1229 10.0481, 6.8917 -0.0025 9.8681, 6.8912 -0.0854 10.0681, 6.8916 -0.0448 10.0805, 6.89 -0.1556 10.0212, 6.8894 -0.1826 9.9883, 6.8888 -0.2025 9.951, 6.8888 0.1975 9.9511, 6.8894 0.1775 9.9885, 6.89 0.1505 10.0213, 6.8907 0.1177 10.0482, 6.8912 0.0802 10.0682, 6.8916 0.0397 10.0805, 6.8917 -0.0026 10.0846, 6.89 0.1506 7.7465, 6.8894 0.1776 7.7794, 6.8909 0.1059 7.7913, 6.8888 0.1976 7.8167, 6.8885 0.2099 7.8574, 6.8916 0.0398 7.6872, 6.8912 0.0805 7.6996, 6.8907 0.1179 7.7196, 6.8883 0.2141 7.8996, 6.8883 0.2141 9.8681, 6.8885 0.2099 9.9106, 6.8885 -0.2149 9.9103, 6.8883 -0.219 9.8681, 6.8883 -0.219 7.8996, 6.8907 -0.1227 7.7195, 6.8912 -0.0852 7.6995, 6.8909 -0.1107 7.7913, 6.8916 -0.0447 7.6872, 6.8917 -0.0023 7.683, 6.8885 -0.2148 7.8571, 6.8888 -0.2025 7.8166, 6.8894 -0.1824 7.7791, 6.89 -0.1555 7.7464
            ]
        }
        coordIndex [
            0,1,2,-1,3,4,5,-1,5,4,0,-1,5,0,6,-1,6,0,2,-1,7,8,9,-1,9,8,10,-1,9,10,11,-1,11,10,12,-1,11,12,13,-1,7,9,14,-1,14,9,15,-1,14,15,16,-1,17,18,15,-1,15,18,19,-1,15,19,16,-1,20,21,17,-1,17,21,22,-1,17,22,18,-1,23,24,20,-1,20,24,25,-1,20,25,21,-1,26,27,28,-1,28,27,29,-1,28,29,23,-1,23,29,30,-1,23,30,24,-1,26,28,31,-1,31,28,32,-1,31,32,33,-1,34,35,36,-1,36,35,33,-1,36,33,37,-1,37,33,32,-1,37,32,38,-1,39,38,40,-1,40,38,32,-1,40,32,41,-1,41,32,28,-1,41,28,42,-1,42,28,23,-1,42,23,43,-1,43,23,20,-1,43,20,44,-1,44,20,17,-1,44,17,45,-1,45,17,15,-1,45,15,11,-1,11,15,9,-1,11,13,45,-1,45,13,46,-1,45,46,44,-1,44,46,47,-1,44,47,43,-1,43,47,48,-1,43,48,42,-1,42,48,49,-1,42,49,41,-1,41,49,50,-1,41,50,40,-1,40,50,51,-1,40,51,39,-1,39,51,52,-1,53,54,55,-1,55,54,56,-1,55,56,57,-1,53,58,59,-1,59,58,60,-1,59,60,61,-1,62,63,64,-1,64,63,65,-1,64,65,60,-1,60,65,66,-1,60,66,61,-1,67,68,69,-1,67,69,64,-1,64,69,70,-1,64,70,62,-1,71,72,67,-1,67,72,73,-1,67,73,68,-1,74,75,71,-1,71,75,76,-1,71,76,72,-1,6,2,74,-1,74,2,77,-1,77,78,74,-1,74,78,79,-1,74,79,75,-1,5,6,80,-1,80,6,74,-1,80,74,81,-1,81,74,71,-1,81,71,82,-1,82,71,67,-1,82,67,83,-1,83,67,64,-1,83,64,84,-1,84,64,60,-1,84,60,85,-1,85,60,58,-1,3,5,86,-1,86,5,80,-1,86,80,87,-1,87,80,81,-1,87,81,88,-1,88,81,82,-1,88,82,89,-1,89,82,83,-1,89,83,90,-1,90,83,84,-1,90,84,91,-1,91,84,85,-1,91,85,92,-1,92,85,93,-1,53,55,58,-1,58,55,94,-1,58,94,85,-1,85,94,95,-1,85,95,93,-1,96,97,98,-1,98,97,99,-1,96,100,97,-1,97,100,101,-1,97,101,102,-1,97,103,104,-1,104,105,97,-1,97,105,106,-1,97,106,107,-1,107,108,97,-1,97,108,109,-1,97,109,99,-1,110,111,112,-1,112,111,113,-1,112,113,114,-1,115,116,112,-1,112,116,117,-1,112,117,110,-1,114,118,112,-1,112,118,119,-1,112,119,97,-1,97,119,120,-1,97,120,103,-1,102,121,97,-1,97,121,122,-1,97,122,123,-1,124,125,126,-1,126,125,127,-1,126,127,128,-1,129,130,126,-1,115,112,128,-1,128,112,97,-1,128,97,126,-1,126,97,123,-1,126,123,129,-1,130,131,126,-1,126,131,132,-1,126,132,124,-1,
        ]
    }
}
Shape{
    appearance Appearance {
        material  Material {
            diffuseColor 0.29411764705882354 0.10588235294117647 0.09019607843137255
            specularColor 0.14901960784313725 0.050980392156862744 0.043137254901960784
            ambientIntensity 0.1604
            transparency 0.0
            shininess 0.5
        }
    }
    geometry IndexedFaceSet {
        ccw TRUE
        solid FALSE
        coord DEF co Coordinate {
            point [
                -2.8946 3.9789 0.0256, -3.4818 3.4774 0.0256, -3.8957 4.4375 0.0256, -4.3868 -2.2367 0.0256, -5.4902 -2.1828 0.0256, -4.6824 -1.5232 0.0256, -5.6716 -1.655 0.0256, -4.8626 -0.7723 0.0256, 3.4779 3.4774 0.0256, 4.5766 3.7273 0.0256, 3.9794 2.8902 0.0256, 4.9083 3.2785 0.0256, 4.3829 2.2317 0.0256, -0.7718 4.8582 0.0256, -1.5227 4.6779 0.0256, -1.4473 5.7234 0.0256, -3.4592 4.7853 0.0256, -2.9918 5.0902 0.0256, -2.2362 4.3824 0.0256, -2.4977 5.3497 0.0256, -1.9814 5.5614 0.0256, -4.3868 2.2317 0.0256, -4.9826 3.1706 0.0256, -3.9834 2.8902 0.0256, -4.6609 3.6266 0.0256, -4.2975 4.0501 0.0256, -3.9834 -2.8951 0.0256, -4.9826 -3.1755 0.0256, -5.2599 -2.6912 0.0256, -2.8946 -3.9839 0.0256, -3.8957 -4.4425 0.0256, -3.4818 -3.4823 0.0256, -4.2975 -4.0551 0.0256, -4.6609 -3.6315 0.0256, 3.4779 -3.4823 0.0256, 3.794 -4.5264 0.0256, 2.8907 -3.9839 0.0256, 3.35 -4.8645 0.0256, 2.2322 -4.3873 0.0256, -0.7718 -4.8631 0.0256, -1.4473 -5.7284 0.0256, -1.5227 -4.6829 0.0256, -1.9814 -5.5664 0.0256, -2.2362 -4.3873 0.0256, 1.5188 -4.6829 0.0256, 1.3181 -5.7586 0.0256, 0.7679 -4.8631 0.0256, 0.7689 -5.8575 0.0256, -0.002 -4.9237 0.0256, 3.9794 -2.8951 0.0256, 4.5766 -3.7323 0.0256, 4.2041 -4.1478 0.0256, 2.8907 3.9789 0.0256, 3.794 4.5214 0.0256, 4.2041 4.1429 0.0256, 1.5188 4.6779 0.0256, 2.3765 5.4029 0.0256, 2.2322 4.3824 0.0256, 2.8761 5.1543 0.0256, 3.35 4.8595 0.0256, 0.7679 4.8582 0.0256, 1.3181 5.7536 0.0256, 1.8556 5.6033 0.0256, -0.9003 5.8343 0.0256, -0.3453 5.893 0.0256, -0.002 4.9188 0.0256, 0.2127 5.8991 0.0256, 0.7689 5.8525 0.0256, -2.4977 -5.3547 0.0256, -2.9918 -5.0952 0.0256, -3.4592 -4.7902 0.0256, 0.2127 -5.9041 0.0256, -0.3453 -5.898 0.0256, -0.9003 -5.8393 0.0256, 2.8761 -5.1592 0.0256, 2.3765 -5.4079 0.0256, 1.8556 -5.6082 0.0256, 4.6915 -1.4823 0.0256, 5.6302 -1.7783 0.0256, 4.6784 -1.5232 0.0256, 5.4374 -2.302 0.0256, 4.3829 -2.2367 0.0256, 5.1961 -2.8052 0.0256, 4.9083 -3.2834 0.0256, 5.1961 2.8003 0.0256, 5.4374 2.2971 0.0256, 4.6784 1.5183 0.0256, 5.6302 1.7733 0.0256, 4.6915 1.4774 0.0256, -4.6824 1.5183 0.0256, -5.4902 2.1779 0.0256, -5.2599 2.6862 0.0256, -4.9232 -0.0025 0.0256, -5.8811 0.555 0.0256, -4.8626 0.7674 0.0256, -5.8022 1.1075 0.0256, -5.6716 1.6501 0.0256, -5.8022 -1.1124 0.0256, -5.8811 -0.5599 0.0256, -5.9075 -0.0025 0.0256, 6.2327 -2.9174 1.0098, 6.0624 -3.2724 1.0098, 6.0407 -3.2606 0.7908, 5.2589 -4.4441 1.0098, 4.9051 -4.8387 1.0098, 4.8876 -4.8214 0.7908, 3.9207 -5.6657 1.0098, 3.9087 -5.6748 1.0098, 3.8947 -5.6545 0.7908, 3.1389 -6.1266 1.0098, 2.7729 -6.3088 1.0098, 2.7629 -6.2862 0.7908, 1.4339 -6.7367 1.0098, 0.8973 -6.8333 1.0098, 0.8941 -6.8088 0.7908, -0.3723 -6.8809 1.0098, -0.4026 -6.8806 1.0098, -0.4011 -6.8559 0.7908, -1.2726 -6.7669 1.0098, -1.6882 -6.6827 1.0098, -1.6822 -6.6588 0.7908, -2.9941 -6.2045 1.0098, -3.4901 -5.944 1.0098, -3.4777 -5.9227 0.7908, -4.5092 -5.2108 1.0098, -4.5447 -5.1825 1.0098, -4.5284 -5.1639 0.7908, -5.1514 -4.5696 1.0098, -5.4373 -4.2363 1.0098, -5.4179 -4.2212 0.7908, -6.1675 -3.0704 1.0098, -6.405 -2.5462 1.0098, -6.382 -2.5371 0.7908, -6.7548 -1.3563 1.0098, -6.7689 -1.2974 1.0098, -6.7447 -1.2928 0.7908, -6.8703 -0.4563 1.0098, -6.8917 -0.0025 1.0098, -6.8671 -0.0025 0.7908, -6.7548 1.3513 1.0098, -6.6165 1.9255 1.0098, -6.5928 1.9186 0.7908, -6.5132 2.2262 1.0098, -6.405 2.5413 1.0098, -6.382 2.5322 0.7908, -6.1675 3.0654 1.0098, -6.1362 3.1343 1.0098, -6.1143 3.1231 0.7908, -5.708 3.8478 1.0098, -5.4373 4.2314 1.0098, -5.4179 4.2162 0.7908, -4.5092 5.2058 1.0098, -4.0354 5.5832 1.0098, -4.021 5.5632 0.7908, -3.7818 5.7487 1.0098, -3.4901 5.939 1.0098, -3.4777 5.9177 0.7908, -2.9941 6.1995 1.0098, -2.9137 6.2418 1.0098, -2.9033 6.2194 0.7908, -2.1519 6.5371 1.0098, -1.6882 6.6778 1.0098, -1.6822 6.6538 0.7908, -0.3723 6.876 1.0098, 0.2485 6.8827 1.0098, 0.2476 6.8581 0.7908, 0.5352 6.8587 1.0098, 0.8973 6.8283 1.0098, 0.8941 6.8039 0.7908, 1.4339 6.7317 1.0098, 1.5381 6.713 1.0098, 1.5326 6.6889 0.7908, 2.3065 6.4832 1.0098, 2.7729 6.3038 1.0098, 2.7629 6.2812 0.7908, 3.9207 5.6607 1.0098, 4.4267 5.2754 1.0098, 4.4108 5.2565 0.7908, 4.627 5.0905 1.0098, 4.9051 4.8338 1.0098, 4.8876 4.8164 0.7908, 5.2589 4.4391 1.0098, 5.3397 4.349 1.0098, 5.3206 4.3334 0.7908, 5.7969 3.7086 1.0098, 6.0624 3.2674 1.0098, 6.0407 3.2557 0.7908, 5.6392 2.3824 0.0502, 5.3888 2.9042 0.0502, 5.8308 2.4634 0.123, 5.572 3.003 0.123, 6.0027 2.536 0.2403, 5.7362 3.0915 0.2403, 6.1462 2.5967 0.3961, 5.8734 3.1655 0.3961, 6.2542 2.6424 0.5828, 5.9766 3.2212 0.5828, 6.3213 2.6707 0.7908, 2.9828 5.3455 0.0502, 2.4647 5.6034 0.0502, 3.0842 5.5272 0.123, 2.5484 5.7938 0.123, 3.1752 5.6901 0.2403, 2.6236 5.9646 0.2403, 3.2511 5.8262 0.3961, 2.6864 6.1073 0.3961, 3.3083 5.9286 0.5828, 2.7336 6.2146 0.5828, 3.3437 5.9922 0.7908, -0.9337 6.0508 0.0502, -1.5009 5.9358 0.0502, -0.9653 6.2564 0.123, -1.5518 6.1375 0.123, -0.9937 6.4408 0.2403, -1.5975 6.3184 0.2403, -1.0174 6.5949 0.3961, -1.6356 6.4696 0.3961, -1.0352 6.7108 0.5828, -1.6643 6.5833 0.5828, -1.0463 6.7827 0.7908, -4.4568 4.2004 0.0502, -4.8336 3.7611 0.0502, -4.6081 4.3432 0.123, -4.9978 3.889 0.123, -4.7439 4.4713 0.2403, -5.145 4.0037 0.2403, -4.8572 4.5782 0.3961, -5.2679 4.0994 0.3961, -4.9425 4.6587 0.5828, -5.3604 4.1715 0.5828, -4.9955 4.7086 0.7908, -6.0991 0.5757 0.0502, -6.1265 -0.0025 0.0502, -6.3063 0.5953 0.123, -6.3345 -0.0025 0.123, -6.492 0.6129 0.2403, -6.5212 -0.0025 0.2403, -6.6472 0.6276 0.3961, -6.677 -0.0025 0.3961, -6.7639 0.6387 0.5828, -6.7943 -0.0025 0.5828, -6.8364 0.6456 0.7908, -5.8818 -1.7163 0.0502, -5.6938 -2.2637 0.0502, -6.0815 -1.7745 0.123, -5.8871 -2.3405 0.123, -6.2607 -1.8267 0.2403, -6.0606 -2.4094 0.2403, -6.4103 -1.8703 0.3961, -6.2054 -2.4669 0.3961, -6.5229 -1.9032 0.5828, -6.3144 -2.5102 0.5828, -6.5928 -1.9235 0.7908, -5.1673 -3.2932 0.0502, -4.8336 -3.7661 0.0502, -5.3428 -3.405 0.123, -4.9978 -3.8939 0.123, -5.5002 -3.5052 0.2403, -5.145 -4.0086 0.2403, -5.6316 -3.589 0.3961, -5.2679 -4.1044 0.3961, -5.7305 -3.652 0.5828, -5.3604 -4.1764 0.5828, -5.7919 -3.6911 0.7908, -3.5874 -4.9678 0.0502, -3.1027 -5.2841 0.0502, -3.7092 -5.1364 0.123, -3.208 -5.4635 0.123, -3.8185 -5.2877 0.2403, -3.3025 -5.6244 0.2403, -3.9097 -5.4141 0.3961, -3.3814 -5.7588 0.3961, -3.9784 -5.5091 0.5828, -3.4408 -5.8599 0.5828, -4.021 -5.5682 0.7908, -2.0548 -5.7727 0.0502, -1.5009 -5.9407 0.0502, -2.1245 -5.9687 0.123, -1.5518 -6.1424 0.123, -2.1871 -6.1446 0.2403, -1.5975 -6.3234 0.2403, -2.2393 -6.2914 0.3961, -1.6356 -6.4745 0.3961, -2.2786 -6.4019 0.5828, -1.6643 -6.5882 0.5828, -2.303 -6.4704 0.7908, 0.2207 -6.123 0.0502, 0.7974 -6.0746 0.0502, 0.2282 -6.3309 0.123, 0.8246 -6.2809 0.123, 0.235 -6.5173 0.2403, 0.849 -6.4659 0.2403, 0.2407 -6.6731 0.3961, 0.8693 -6.6204 0.3961, 0.245 -6.7903 0.5828, 0.8846 -6.7367 0.5828, 0.2476 -6.863 0.7908, 1.9245 -5.8161 0.0502, 2.4647 -5.6083 0.0502, 1.9899 -6.0136 0.123, 2.5484 -5.7987 0.123, 2.0486 -6.1908 0.2403, 2.6236 -5.9696 0.2403, 2.0976 -6.3387 0.3961, 2.6864 -6.1122 0.3961, 2.1345 -6.45 0.5828, 2.7336 -6.2195 0.5828, 2.1574 -6.5191 0.7908, 3.9348 -4.6941 0.0502, 4.3601 -4.3016 0.0502, 4.0685 -4.8535 0.123, 4.5083 -4.4476 0.123, 4.1885 -4.9965 0.2403, 4.6412 -4.5786 0.2403, 4.2887 -5.1158 0.3961, 4.7522 -4.688 0.3961, 4.364 -5.2057 0.5828, 4.8357 -4.7703 0.5828, 4.4108 -5.2614 0.7908, 5.0904 -3.4051 0.0502, 5.3888 -2.9092 0.0502, 5.2634 -3.5207 0.123, 5.572 -3.0079 0.123, 5.4185 -3.6243 0.2403, 5.7362 -3.0965 0.2403, 5.5481 -3.7109 0.3961, 5.8734 -3.1704 0.3961, 5.6456 -3.7761 0.5828, 5.9766 -3.2261 0.5828, 5.7061 -3.8165 0.7908, 5.8391 1.8392 0.0502, 6.0375 1.9018 0.123, 6.2155 1.9579 0.2403, 6.3641 2.0047 0.3961, 6.476 2.04 0.5828, 6.5454 2.0619 0.7908, 6.5689 2.0693 1.0098, 6.344 2.6803 1.0098, 6.2327 2.9124 1.0098, 5.7267 3.8253 1.0098, 5.7061 3.8116 0.7908, 5.6456 3.7711 0.5828, 5.5481 3.706 0.3961, 5.4185 3.6194 0.2403, 5.2634 3.5157 0.123, 5.0904 3.4001 0.0502, 4.7465 3.8656 0.0502, 4.9077 3.997 0.123, 5.0524 4.1149 0.2403, 5.1733 4.2133 0.3961, 5.2642 4.2874 0.5828, 4.8357 4.7653 0.5828, 4.7522 4.683 0.3961, 4.6412 4.5736 0.2403, 4.5083 4.4426 0.123, 4.3601 4.2966 0.0502, 4.364 5.2007 0.5828, 4.2887 5.1109 0.3961, 4.1885 4.9915 0.2403, 4.0685 4.8486 0.123, 3.9348 4.6892 0.0502, 3.9087 5.6699 1.0098, 3.8947 5.6496 0.7908, 3.8534 5.5896 0.5828, 3.7868 5.4931 0.3961, 3.6983 5.3648 0.2403, 3.5924 5.2111 0.123, 3.4743 5.0399 0.0502, 3.3558 6.0137 1.0098, 3.1389 6.1216 1.0098, 2.1652 6.5376 1.0098, 2.1574 6.5142 0.7908, 2.1345 6.4451 0.5828, 2.0976 6.3338 0.3961, 2.0486 6.1858 0.2403, 1.9899 6.0087 0.123, 1.9245 5.8112 0.0502, 1.3671 5.9671 0.0502, 1.4136 6.1699 0.123, 1.4553 6.3517 0.2403, 1.4901 6.5037 0.3961, 1.5163 6.6179 0.5828, 0.8846 6.7317 0.5828, 0.8693 6.6155 0.3961, 0.849 6.4609 0.2403, 0.8246 6.2759 0.123, 0.7974 6.0697 0.0502, 0.245 6.7853 0.5828, 0.2407 6.6681 0.3961, 0.235 6.5124 0.2403, 0.2282 6.3259 0.123, 0.2207 6.118 0.0502, -0.4026 6.8756 1.0098, -0.4011 6.851 0.7908, -0.3969 6.7783 0.5828, -0.3901 6.6613 0.3961, -0.381 6.5057 0.2403, -0.3702 6.3194 0.123, -0.3581 6.1117 0.0502, -1.0501 6.8071 1.0098, -1.2726 6.762 1.0098, -2.3113 6.4888 1.0098, -2.303 6.4655 0.7908, -2.2786 6.3969 0.5828, -2.2393 6.2864 0.3961, -2.1871 6.1396 0.2403, -2.1245 5.9638 0.123, -2.0548 5.7678 0.0502, -2.5903 5.5482 0.0502, -2.6782 5.7368 0.123, -2.7571 5.9059 0.2403, -2.823 6.0472 0.3961, -2.8725 6.1534 0.5828, -3.4408 5.855 0.5828, -3.3814 5.7538 0.3961, -3.3025 5.6195 0.2403, -3.208 5.4585 0.123, -3.1027 5.2791 0.0502, -3.9784 5.5042 0.5828, -3.9097 5.4091 0.3961, -3.8185 5.2828 0.2403, -3.7092 5.1315 0.123, -3.5874 4.9628 0.0502, -4.5447 5.1775 1.0098, -4.5284 5.159 0.7908, -4.4804 5.1042 0.5828, -4.4031 5.0161 0.3961, -4.3004 4.8989 0.2403, -4.1773 4.7586 0.123, -4.0402 4.6022 0.0502, -5.0134 4.7256 1.0098, -5.1514 4.5647 1.0098, -5.8127 3.6994 1.0098, -5.7919 3.6861 0.7908, -5.7305 3.647 0.5828, -5.6316 3.584 0.3961, -5.5002 3.5003 0.2403, -5.3428 3.4 0.123, -5.1673 3.2882 0.0502, -5.4549 2.7859 0.0502, -5.6401 2.8807 0.123, -5.8063 2.9656 0.2403, -5.9451 3.0366 0.3961, -6.0495 3.09 0.5828, -6.3144 2.5053 0.5828, -6.2054 2.462 0.3961, -6.0606 2.4044 0.2403, -5.8871 2.3355 0.123, -5.6938 2.2587 0.0502, -6.5229 1.8982 0.5828, -6.4103 1.8654 0.3961, -6.2607 1.8218 0.2403, -6.0815 1.7696 0.123, -5.8818 1.7113 0.0502, -6.7689 1.2925 1.0098, -6.7447 1.2878 0.7908, -6.6732 1.2742 0.5828, -6.558 1.2521 0.3961, -6.405 1.2228 0.2403, -6.2217 1.1877 0.123, -6.0173 1.1486 0.0502, -6.861 0.6479 1.0098, -6.8703 0.4513 1.0098, -6.861 -0.6529 1.0098, -6.8364 -0.6505 0.7908, -6.7639 -0.6437 0.5828, -6.6472 -0.6326 0.3961, -6.492 -0.6179 0.2403, -6.3063 -0.6003 0.123, -6.0991 -0.5806 0.0502, -6.0173 -1.1536 0.0502, -6.2217 -1.1927 0.123, -6.405 -1.2278 0.2403, -6.558 -1.2571 0.3961, -6.6732 -1.2791 0.5828, -6.6165 -1.9304 1.0098, -6.5132 -2.2312 1.0098, -6.1362 -3.1393 1.0098, -6.1143 -3.1281 0.7908, -6.0495 -3.0949 0.5828, -5.9451 -3.0415 0.3961, -5.8063 -2.9706 0.2403, -5.6401 -2.8856 0.123, -5.4549 -2.7909 0.0502, -5.8127 -3.7043 1.0098, -5.708 -3.8528 1.0098, -5.0134 -4.7305 1.0098, -4.9955 -4.7136 0.7908, -4.9425 -4.6636 0.5828, -4.8572 -4.5832 0.3961, -4.7439 -4.4762 0.2403, -4.6081 -4.3481 0.123, -4.4568 -4.2054 0.0502, -4.0402 -4.6071 0.0502, -4.1773 -4.7635 0.123, -4.3004 -4.9039 0.2403, -4.4031 -5.021 0.3961, -4.4804 -5.1092 0.5828, -4.0354 -5.5882 1.0098, -3.7818 -5.7537 1.0098, -2.9137 -6.2467 1.0098, -2.9033 -6.2244 0.7908, -2.8725 -6.1584 0.5828, -2.823 -6.0521 0.3961, -2.7571 -5.9109 0.2403, -2.6782 -5.7417 0.123, -2.5903 -5.5532 0.0502, -2.3113 -6.4937 1.0098, -2.1519 -6.542 1.0098, -1.0501 -6.8121 1.0098, -1.0463 -6.7877 0.7908, -1.0352 -6.7157 0.5828, -1.0174 -6.5998 0.3961, -0.9937 -6.4458 0.2403, -0.9653 -6.2613 0.123, -0.9337 -6.0557 0.0502, -0.3581 -6.1166 0.0502, -0.3702 -6.3243 0.123, -0.381 -6.5106 0.2403, -0.3901 -6.6662 0.3961, -0.3969 -6.7833 0.5828, 0.2485 -6.8877 1.0098, 0.5352 -6.8637 1.0098, 1.5381 -6.7179 1.0098, 1.5326 -6.6938 0.7908, 1.5163 -6.6229 0.5828, 1.4901 -6.5086 0.3961, 1.4553 -6.3567 0.2403, 1.4136 -6.1748 0.123, 1.3671 -5.972 0.0502, 2.1652 -6.5425 1.0098, 2.3065 -6.4882 1.0098, 3.3558 -6.0187 1.0098, 3.3437 -5.9971 0.7908, 3.3083 -5.9335 0.5828, 3.2511 -5.8311 0.3961, 3.1752 -5.6951 0.2403, 3.0842 -5.5321 0.123, 2.9828 -5.3504 0.0502, 3.4743 -5.0448 0.0502, 3.5924 -5.2161 0.123, 3.6983 -5.3697 0.2403, 3.7868 -5.498 0.3961, 3.8534 -5.5946 0.5828, 4.4267 -5.2803 1.0098, 4.627 -5.0955 1.0098, 5.3397 -4.3539 1.0098, 5.3206 -4.3383 0.7908, 5.2642 -4.2923 0.5828, 5.1733 -4.2183 0.3961, 5.0524 -4.1198 0.2403, 4.9077 -4.002 0.123, 4.7465 -3.8706 0.0502, 5.7267 -3.8302 1.0098, 5.7969 -3.7135 1.0098, 6.344 -2.6853 1.0098, 6.3213 -2.6757 0.7908, 6.2542 -2.6473 0.5828, 6.1462 -2.6017 0.3961, 6.0027 -2.541 0.2403, 5.8308 -2.4683 0.123, 5.6392 -2.3873 0.0502, 5.8391 -1.8442 0.0502, 6.0375 -1.9067 0.123, 6.2155 -1.9628 0.2403, 6.3641 -2.0097 0.3961, 6.476 -2.045 0.5828, 6.5454 -2.0668 0.7908, 6.5689 -2.0743 1.0098, 6.5689 2.0693 1.3757, 6.344 2.6803 1.3757, 6.2327 2.9124 1.3757, 6.0624 3.2674 1.3757, 5.7969 3.7086 1.3757, 5.7267 3.8253 1.3757, 5.3397 4.349 1.3757, 5.2589 4.4391 1.3757, 4.9051 4.8338 1.3757, 4.627 5.0905 1.3757, 4.4267 5.2754 1.3757, 3.9207 5.6607 1.3757, 3.9087 5.6699 1.3757, 3.3558 6.0137 1.3757, 3.1389 6.1216 1.3757, 2.7729 6.3038 1.3757, 2.3065 6.4832 1.3757, 2.1652 6.5376 1.3757, 1.5381 6.713 1.3757, 1.4339 6.7317 1.3757, 0.8973 6.8283 1.3757, 0.5352 6.8587 1.3757, 0.2485 6.8827 1.3757, -0.3723 6.876 1.3757, -0.4026 6.8756 1.3757, -1.0501 6.8071 1.3757, -1.2726 6.762 1.3757, -1.6882 6.6778 1.3757, -2.1519 6.5371 1.3757, -2.3113 6.4888 1.3757, -2.9137 6.2418 1.3757, -2.9941 6.1995 1.3757, -3.4901 5.939 1.3757, -3.7818 5.7487 1.3757, -4.0354 5.5832 1.3757, -4.5092 5.2058 1.3757, -4.5447 5.1775 1.3757, -5.0134 4.7256 1.3757, -5.1514 4.5647 1.3757, -5.4373 4.2314 1.3757, -5.708 3.8478 1.3757, -5.8127 3.6994 1.3757, -6.1362 3.1343 1.3757, -6.1675 3.0654 1.3757, -6.405 2.5413 1.3757, -6.5132 2.2262 1.3757, -6.6165 1.9255 1.3757, -6.7548 1.3513 1.3757, -6.7689 1.2925 1.3757, -6.861 0.6479 1.3757, -6.8703 0.4513 1.3757, -6.8917 -0.0025 1.3757, -6.8703 -0.4563 1.3757, -6.861 -0.6529 1.3757, -6.7689 -1.2974 1.3757, -6.7548 -1.3563 1.3757, -6.6165 -1.9304 1.3757, -6.5132 -2.2312 1.3757, -6.405 -2.5462 1.3757, -6.1675 -3.0704 1.3757, -6.1362 -3.1393 1.3757, -5.8127 -3.7043 1.3757, -5.708 -3.8528 1.3757, -5.4373 -4.2363 1.3757, -5.1514 -4.5696 1.3757, -5.0134 -4.7305 1.3757, -4.5447 -5.1825 1.3757, -4.5092 -5.2108 1.3757, -4.0354 -5.5882 1.3757, -3.7818 -5.7537 1.3757, -3.4901 -5.944 1.3757, -2.9941 -6.2045 1.3757, -2.9137 -6.2467 1.3757, -2.3113 -6.4937 1.3757, -2.1519 -6.542 1.3757, -1.6882 -6.6827 1.3757, -1.2726 -6.7669 1.3757, -1.0501 -6.8121 1.3757, -0.4026 -6.8806 1.3757, -0.3723 -6.8809 1.3757, 0.2485 -6.8877 1.3757, 0.5352 -6.8637 1.3757, 0.8973 -6.8333 1.3757, 1.4339 -6.7367 1.3757, 1.5381 -6.7179 1.3757, 2.1652 -6.5425 1.3757, 2.3065 -6.4882 1.3757, 2.7729 -6.3088 1.3757, 3.1389 -6.1266 1.3757, 3.3558 -6.0187 1.3757, 3.9087 -5.6748 1.3757, 3.9207 -5.6657 1.3757, 4.4267 -5.2803 1.3757, 4.627 -5.0955 1.3757, 4.9051 -4.8387 1.3757, 5.2589 -4.4441 1.3757, 5.3397 -4.3539 1.3757, 5.7267 -3.8302 1.3757, 5.7969 -3.7135 1.3757, 6.0624 -3.2724 1.3757, 6.2327 -2.9174 1.3757, 6.344 -2.6853 1.3757, 6.5689 -2.0743 1.3757, 6.0679 -2.58 2.0786, 5.8016 -3.1318 2.0786, 5.9128 -3.1917 1.9286, 5.7924 -3.1508 2.0786, 5.4799 -3.6654 2.0786, 5.5853 -3.7358 1.9286, 5.4635 -3.6925 2.0786, 5.1093 -4.1663 2.0786, 5.2079 -4.2465 1.9286, 5.084 -4.2001 2.0786, 4.6931 -4.6299 2.0786, 4.784 -4.7194 1.9286, 4.6576 -4.6689 2.0786, 4.235 -5.0521 2.0786, 4.3174 -5.1501 1.9286, 4.1881 -5.0947 2.0786, 3.7392 -5.4292 2.0786, 3.8122 -5.5349 1.9286, 3.68 -5.4734 2.0786, 3.21 -5.7578 2.0786, 3.2729 -5.8702 1.9286, 3.1378 -5.8015 2.0786, 2.6523 -6.035 2.0786, 2.7044 -6.1531 1.9286, 2.5666 -6.0762 2.0786, 2.0708 -6.2583 2.0786, 2.1117 -6.3812 1.9286, 1.9717 -6.2947 2.0786, 1.471 -6.4257 2.0786, 1.5001 -6.5522 1.9286, 1.3586 -6.4551 2.0786, 0.858 -6.5357 2.0786, 0.8751 -6.6647 1.9286, 0.7329 -6.5559 2.0786, 0.2374 -6.5874 2.0786, 0.2423 -6.7178 1.9286, 0.1004 -6.5962 2.0786, -0.3852 -6.5804 2.0786, -0.3927 -6.7109 1.9286, -0.533 -6.5755 2.0786, -1.0044 -6.5145 2.0786, -1.0242 -6.644 1.9286, -1.1615 -6.4942 2.0786, -1.6146 -6.3906 2.0786, -1.6466 -6.5179 1.9286, -1.7793 -6.3529 2.0786, -2.2103 -6.2096 2.0786, -2.2543 -6.3335 1.9286, -2.3807 -6.153 2.0786, -2.7863 -5.9733 2.0786, -2.8419 -6.0926 1.9286, -2.9601 -5.8963 2.0786, -3.3374 -5.6836 2.0786, -3.4041 -5.7974 1.9286, -3.5122 -5.5851 2.0786, -3.8587 -5.3432 2.0786, -3.9359 -5.4503 1.9286, -4.0319 -5.2223 2.0786, -4.3455 -4.9552 2.0786, -4.4326 -5.0547 1.9286, -4.5144 -4.8114 2.0786, -4.7935 -4.523 2.0786, -4.8897 -4.6139 1.9286, -4.9551 -4.356 2.0786, -5.1988 -4.0504 2.0786, -5.3032 -4.1319 1.9286, -5.3502 -3.8604 2.0786, -5.5576 -3.5417 2.0786, -5.6694 -3.613 1.9286, -5.6958 -3.3292 2.0786, -5.8668 -3.0014 2.0786, -5.9849 -3.0619 1.9286, -5.9889 -2.7673 2.0786, -6.1236 -2.4344 2.0786, -6.247 -2.4835 1.9286, -6.2266 -2.1798 2.0786, -6.3258 -1.8457 2.0786, -6.4533 -1.8829 1.9286, -6.4069 -1.5723 2.0786, -6.4715 -1.2405 2.0786, -6.602 -1.2655 1.9286, -6.528 -0.9502 2.0786, -6.5594 -0.6242 2.0786, -6.6917 -0.6368 1.9286, -6.4069 1.5673 2.0786, -6.3258 1.8407 2.0786, -6.4533 1.8779 1.9286, -6.2266 2.1749 2.0786, -6.1236 2.4294 2.0786, -6.247 2.4785 1.9286, -5.9889 2.7624 2.0786, -5.8668 2.9965 2.0786, -5.9849 3.0569 1.9286, -5.6958 3.3243 2.0786, -5.5576 3.5368 2.0786, -5.6694 3.6081 1.9286, -5.3502 3.8555 2.0786, -5.1988 4.0454 2.0786, -5.3032 4.1269 1.9286, -4.9551 4.3511 2.0786, -4.7935 4.518 2.0786, -4.8897 4.6089 1.9286, -4.5144 4.8064 2.0786, -4.3455 4.9502 2.0786, -4.4326 5.0497 1.9286, -4.0319 5.2174 2.0786, -3.8587 5.3383 2.0786, -3.9359 5.4454 1.9286, -3.5122 5.5801 2.0786, -3.3374 5.6786 2.0786, -3.4041 5.7924 1.9286, -2.9601 5.8913 2.0786, -2.7863 5.9683 2.0786, -2.8419 6.0877 1.9286, -2.3807 6.148 2.0786, -2.2103 6.2047 2.0786, -2.2543 6.3286 1.9286, -1.7793 6.348 2.0786, -1.6146 6.3857 2.0786, -1.6466 6.5129 1.9286, -1.1615 6.4893 2.0786, -1.0044 6.5096 2.0786, -1.0242 6.6391 1.9286, -0.533 6.5706 2.0786, -0.3852 6.5754 2.0786, -0.3927 6.7059 1.9286, 0.1004 6.5912 2.0786, 0.2374 6.5825 2.0786, 0.2423 6.7128 1.9286, 0.7329 6.5509 2.0786, 0.858 6.5308 2.0786, 0.8751 6.6598 1.9286, 1.3586 6.4501 2.0786, 1.471 6.4207 2.0786, 1.5001 6.5473 1.9286, 1.9717 6.2897 2.0786, 2.0708 6.2533 2.0786, 2.1117 6.3762 1.9286, 2.5666 6.0712 2.0786, 2.6523 6.03 2.0786, 2.7044 6.1482 1.9286, 3.1378 5.7966 2.0786, 3.21 5.7529 2.0786, 3.2729 5.8653 1.9286, 3.68 5.4684 2.0786, 3.7392 5.4243 2.0786, 3.8122 5.5299 1.9286, 4.1881 5.0897 2.0786, 4.235 5.0472 2.0786, 4.3174 5.1452 1.9286, 4.6576 4.664 2.0786, 4.6931 4.6249 2.0786, 4.784 4.7144 1.9286, 5.084 4.1951 2.0786, 5.1093 4.1613 2.0786, 5.2079 4.2416 1.9286, 5.4635 3.6875 2.0786, 5.4799 3.6605 2.0786, 5.5853 3.7308 1.9286, 5.7924 3.1459 2.0786, 5.8016 3.1268 2.0786, 5.9128 3.1867 1.9286, 6.0679 2.5751 2.0786, 6.0716 2.5652 2.0786, 6.1874 2.6141 1.9286, 5.9948 3.231 1.7569, 6.0453 3.2582 1.5701, 5.7105 3.8145 1.5701, 6.3261 -2.6777 1.5701, 5.3247 -4.3416 1.5701, 4.4142 -5.2655 1.5701, 3.3463 -6.0017 1.5701, 1.5338 -6.699 1.5701, 0.8948 -6.8141 1.5701, 0.2478 -6.8683 1.5701, -1.0471 -6.7929 1.5701, -2.9055 -6.2291 1.5701, -3.4803 -5.9272 1.5701, -4.0241 -5.5724 1.5701, -4.9993 -4.7172 1.5701, -6.119 -3.1305 1.5701, -6.3869 -2.5391 1.5701, -6.5979 -1.925 1.5701, -6.8417 -0.651 1.5701, -6.7499 1.2888 1.5701, -6.3869 2.5341 1.5701, -5.422 4.2195 1.5701, -4.5319 5.1629 1.5701, -3.4803 5.9223 1.5701, -1.6834 6.659 1.5701, -0.4014 6.8563 1.5701, 0.8948 6.8091 1.5701, 2.765 6.2861 1.5701, 3.8977 5.6539 1.5701, 4.8913 4.8202 1.5701, 5.3247 4.3367 1.5701, 4.4142 5.2605 1.5701, 3.3463 5.9968 1.5701, 2.1591 6.5192 1.5701, 1.5338 6.694 1.5701, 0.2478 6.8634 1.5701, -1.0471 6.7879 1.5701, -2.3048 6.4705 1.5701, -2.9055 6.2242 1.5701, -4.0241 5.5675 1.5701, -4.9993 4.7123 1.5701, -5.7964 3.689 1.5701, -6.119 3.1255 1.5701, -6.5979 1.9201 1.5701, 6.3261 2.6728 1.5701, 6.2732 2.6504 1.7569, -6.7845 0.6407 1.7569, -6.6917 0.6319 1.9286, -6.602 1.2605 1.9286, 6.5504 2.0635 1.5701, 6.4957 2.0462 1.7569, 6.4068 2.0182 1.9286, 6.2873 1.9805 2.0786, 5.6628 3.7826 1.7569, 5.2802 4.3004 1.7569, 4.8504 4.7798 1.7569, 4.3773 5.2165 1.7569, 3.8651 5.6066 1.7569, 3.3183 5.9466 1.7569, 2.7419 6.2335 1.7569, 2.141 6.4647 1.7569, 1.521 6.6381 1.7569, 0.8873 6.7522 1.7569, 0.2457 6.806 1.7569, -0.3981 6.7989 1.7569, -1.0384 6.7312 1.7569, -1.6694 6.6033 1.7569, -2.2855 6.4164 1.7569, -2.8812 6.1722 1.7569, -3.4513 5.8728 1.7569, -3.9905 5.5209 1.7569, -4.4941 5.1198 1.7569, -4.9575 4.6729 1.7569, -5.3767 4.1842 1.7569, -5.748 3.6581 1.7569, -6.0678 3.0994 1.7569, -6.3336 2.5129 1.7569, -6.5427 1.904 1.7569, -6.8417 0.6461 1.5701, -6.6935 1.278 1.7569, -6.4715 1.2355 2.0786, -6.5888 -0.3194 2.0786, -6.5888 -0.0025 2.0786, -6.7217 -0.0025 1.9286, -6.8149 -0.0025 1.7569, -6.8723 -0.0025 1.5701, -6.5888 0.3144 2.0786, -6.5594 0.6193 2.0786, -6.528 0.9452 2.0786, -6.7845 -0.6456 1.7569, -6.6935 -1.283 1.7569, -6.7499 -1.2938 1.5701, -6.5427 -1.9089 1.7569, -6.3336 -2.5179 1.7569, -6.0678 -3.1043 1.7569, -5.748 -3.6631 1.7569, -5.7964 -3.6939 1.5701, -5.3767 -4.1891 1.7569, -5.422 -4.2244 1.5701, -4.9575 -4.6778 1.7569, -4.4941 -5.1247 1.7569, -4.5319 -5.1679 1.5701, -3.9905 -5.5259 1.7569, -3.4513 -5.8777 1.7569, -2.8812 -6.1771 1.7569, -2.2855 -6.4213 1.7569, -2.3048 -6.4754 1.5701, -1.6694 -6.6082 1.7569, -1.6834 -6.6639 1.5701, -1.0384 -6.7361 1.7569, -0.3981 -6.8039 1.7569, -0.4014 -6.8612 1.5701, 0.2457 -6.8109 1.7569, 0.8873 -6.7571 1.7569, 1.521 -6.643 1.7569, 2.141 -6.4696 1.7569, 2.1591 -6.5241 1.5701, 2.7419 -6.2384 1.7569, 2.765 -6.291 1.5701, 3.3183 -5.9516 1.7569, 3.8651 -5.6116 1.7569, 3.8977 -5.6589 1.5701, 4.3773 -5.2215 1.7569, 4.8504 -4.7848 1.7569, 4.8913 -4.8251 1.5701, 5.2802 -4.3054 1.7569, 5.6628 -3.7875 1.7569, 5.7105 -3.8194 1.5701, 5.9948 -3.2359 1.7569, 6.0453 -3.2632 1.5701, 6.0716 -2.5701 2.0786, 6.1874 -2.6191 1.9286, 6.2732 -2.6554 1.7569, 6.5504 -2.0684 1.5701, 6.4957 -2.0512 1.7569, 6.4068 -2.0231 1.9286, 6.2873 -1.9855 2.0786, 6.072 -2.5703 3.4844, 6.0675 -2.5798 3.4844, 5.9384 -2.5251 3.3111, 5.8025 -3.1322 3.4844, 5.7916 -3.1503 3.4844, 5.6689 -3.0837 3.3111, 5.4811 -3.6662 3.4844, 5.4623 -3.6916 3.4844, 5.3469 -3.6138 3.3111, 5.1108 -4.1674 3.4844, 5.0826 -4.1989 3.4844, 4.9755 -4.1106 3.3111, 4.6948 -4.6314 3.4844, 4.656 -4.6672 3.4844, 4.5582 -4.5694 3.3111, 4.2369 -5.0541 3.4844, 4.1865 -5.0925 3.4844, 4.0988 -4.9861 3.3111, 3.7411 -5.4317 3.4844, 3.6783 -5.4708 3.4844, 3.6014 -5.3567 3.3111, 3.2119 -5.7608 3.4844, 3.1363 -5.7985 3.4844, 3.0708 -5.6779 3.3111, 2.6539 -6.0385 3.4844, 2.5653 -6.0726 3.4844, 2.5118 -5.9466 3.3111, 2.0723 -6.2622 3.4844, 1.9706 -6.2907 3.4844, 1.9296 -6.1605 3.3111, 1.4721 -6.4301 3.4844, 1.3578 -6.4507 3.4844, 1.3296 -6.3175 3.3111, 0.8588 -6.5405 3.4844, 0.7325 -6.5511 3.4844, 0.7172 -6.4161 3.3111, -1.6159 -6.3964 3.4844, -1.7776 -6.3474 3.4844, -1.7414 -6.2175 3.3111, -2.2123 -6.2155 3.4844, -2.3784 -6.1474 3.4844, -2.33 -6.0218 3.3111, -2.7889 -5.9791 3.4844, -2.9572 -5.8907 3.4844, -2.897 -5.7705 3.3111, -3.3407 -5.6893 3.4844, -3.5087 -5.5797 3.4844, -3.4373 -5.466 3.3111, -3.8626 -5.3488 3.4844, -4.0278 -5.2172 3.4844, -3.9459 -5.111 3.3111, -4.35 -4.9605 3.4844, -4.5097 -4.8065 3.4844, -4.4181 -4.7088 3.3111, -4.7986 -4.5279 3.4844, -4.9499 -4.3515 3.4844, -4.8495 -4.2632 3.3111, -5.2044 -4.0549 3.4844, -5.3445 -3.8564 3.4844, -5.2361 -3.7782 3.3111, -5.5637 -3.5457 3.4844, -5.6896 -3.3257 3.4844, -5.5744 -3.2583 3.3111, -5.8733 -3.0049 3.4844, -5.9823 -2.7643 3.4844, -5.8612 -2.7083 3.3111, -6.1305 -2.4372 3.4844, -6.2198 -2.1775 3.4844, -6.0939 -2.1334 3.3111, -6.333 -1.8478 3.4844, -6.3998 -1.5705 3.4844, -6.2703 -1.5388 3.3111, -6.4789 -1.2419 3.4844, -6.5207 -0.9491 3.4844, -6.3888 -0.93 3.3111, -6.567 -0.625 3.4844, -6.5815 -0.319 3.4844, -6.4483 -0.3126 3.3111, 4.5582 -4.5694 2.2519, 4.9755 -4.1106 2.2519, 4.9 -4.0482 2.4524, 4.0988 -4.9861 2.2519, 3.6014 -5.3567 2.2519, 3.0708 -5.6779 2.2519, 2.5118 -5.9466 2.2519, 1.9296 -6.1605 2.2519, 1.3296 -6.3175 2.2519, 0.7172 -6.4161 2.2519, 0.0983 -6.4555 2.2519, -0.5217 -6.4354 2.2519, -1.1368 -6.3558 2.2519, -1.7414 -6.2175 2.2519, -2.33 -6.0218 2.2519, -2.897 -5.7705 2.2519, -3.4373 -5.466 2.2519, -6.4483 0.3076 2.2519, -6.3888 0.925 2.2519, -6.2703 1.5338 2.2519, -6.0939 2.1285 2.2519, -5.8612 2.7034 2.2519, -5.5744 3.2533 2.2519, -5.2361 3.7732 2.2519, -4.8495 4.2582 2.2519, -4.4181 4.7039 2.2519, -3.9459 5.1061 2.2519, -3.4373 5.4611 2.2519, -2.897 5.7656 2.2519, -2.33 6.0169 2.2519, -1.7414 6.2125 2.2519, -1.1368 6.3508 2.2519, -0.5217 6.4304 2.2519, 0.0983 6.4506 2.2519, 0.7172 6.4112 2.2519, 6.1532 1.9382 2.2519, 5.9384 2.5201 2.2519, 5.6689 3.0787 2.2519, 5.3469 3.6088 2.2519, 4.9755 4.1056 2.2519, 4.5582 4.5645 2.2519, 4.0988 4.9811 2.2519, 3.6014 5.3517 2.2519, 3.0708 5.6729 2.2519, 2.5118 5.9417 2.2519, 1.9296 6.1555 2.2519, 1.3296 6.3125 2.2519, -6.4483 -0.3126 2.2519, -6.3888 -0.93 2.2519, -6.2703 -1.5388 2.2519, -6.0939 -2.1334 2.2519, -5.8612 -2.7083 2.2519, -5.5744 -3.2583 2.2519, -5.2361 -3.7782 2.2519, -4.8495 -4.2632 2.2519, -4.4181 -4.7088 2.2519, -3.9459 -5.111 2.2519, 5.3469 -3.6138 2.2519, 5.6689 -3.0837 2.2519, 5.9384 -2.5251 2.2519, 5.224 -3.5308 2.6699, 5.2657 -3.559 2.4524, 5.5386 -3.0129 2.8931, 5.5386 -3.0129 2.6699, 5.5828 -3.0369 2.4524, 5.8483 -2.4868 3.1105, 5.802 -2.4671 2.8931, 5.802 -2.4671 2.6699, 5.8483 -2.4868 2.4524, 6.1532 -1.9432 3.3111, 6.0597 -1.9137 3.1105, 6.0118 -1.8986 2.8931, 6.0118 -1.8986 2.6699, 6.0597 -1.9137 2.4524, 6.1532 -1.9432 2.2519, -0.5217 -6.4354 3.3111, -1.1368 -6.3558 3.3111, -1.1195 -6.2593 3.1105, 5.9384 2.5201 3.3111, 6.0675 2.5749 3.4844, 6.072 2.5654 3.4844, 5.8483 2.4818 2.4524, 6.0597 1.9088 2.4524, 5.802 2.4622 2.6699, 6.0118 1.8936 2.6699, 5.802 2.4622 2.8931, 6.0118 1.8936 2.8931, 5.8483 2.4818 3.1105, 6.0597 1.9088 3.1105, 6.1532 1.9382 3.3111, 6.2873 1.9805 3.4844, 5.6689 3.0787 3.3111, 5.7916 3.1454 3.4844, 5.8025 3.1273 3.4844, 5.5828 3.0319 2.4524, 5.5386 3.0079 2.6699, 5.5386 3.0079 2.8931, 5.5828 3.0319 3.1105, 5.3469 3.6088 3.3111, 5.4623 3.6867 3.4844, 5.4811 3.6612 3.4844, 5.2657 3.554 2.4524, 5.224 3.5259 2.6699, 5.224 3.5259 2.8931, 5.2657 3.554 3.1105, 4.9755 4.1056 3.3111, 5.0826 4.1939 3.4844, 5.1108 4.1625 3.4844, 4.9 4.0432 2.4524, 4.8612 4.0112 2.6699, 4.8612 4.0112 2.8931, 4.9 4.0432 3.1105, 4.5582 4.5645 3.3111, 4.656 4.6623 3.4844, 4.6948 4.6265 3.4844, 4.489 4.4951 2.4524, 4.4534 4.4595 2.6699, 4.4534 4.4595 2.8931, 4.489 4.4951 3.1105, 4.0988 4.9811 3.3111, 4.1865 5.0876 3.4844, 4.2369 5.0492 3.4844, 4.0365 4.9054 2.4524, 4.0045 4.8666 2.6699, 4.0045 4.8666 2.8931, 4.0365 4.9054 3.1105, 3.6014 5.3517 3.3111, 3.6783 5.4658 3.4844, 3.7411 5.4268 3.4844, 3.5467 5.2704 2.4524, 3.5186 5.2287 2.6699, 3.5186 5.2287 2.8931, 3.5467 5.2704 3.1105, 3.0708 5.6729 3.3111, 3.1363 5.7935 3.4844, 3.2119 5.7559 3.4844, 3.0242 5.5867 2.4524, 3.0002 5.5425 2.6699, 3.0002 5.5425 2.8931, 3.0242 5.5867 3.1105, 2.5118 5.9417 3.3111, 2.5653 6.0677 3.4844, 2.6539 6.0335 3.4844, 2.4737 5.8514 2.4524, 2.4541 5.8051 2.6699, 2.4541 5.8051 2.8931, 2.4737 5.8514 3.1105, 1.9296 6.1555 3.3111, 1.9706 6.2857 3.4844, 2.0723 6.2573 3.4844, 1.9003 6.062 2.4524, 1.8853 6.014 2.6699, 1.8853 6.014 2.8931, 1.9003 6.062 3.1105, 1.3296 6.3125 3.3111, 1.3578 6.4457 3.4844, 1.4721 6.4251 3.4844, 1.3094 6.2166 2.4524, 1.299 6.1674 2.6699, 1.299 6.1674 2.8931, 1.3094 6.2166 3.1105, 0.7172 6.4112 3.3111, 0.7325 6.5462 3.4844, 0.8588 6.5356 3.4844, 0.7063 6.3138 2.4524, 0.7007 6.2638 2.6699, 0.7007 6.2638 2.8931, 0.7063 6.3138 3.1105, 0.0983 6.4506 3.3111, 0.1005 6.5862 3.4844, 0.2378 6.5877 3.4844, 0.0967 6.3526 2.4524, 0.096 6.3023 2.6699, 0.096 6.3023 2.8931, 0.0967 6.3526 3.1105, -0.5217 6.4304 3.3111, -0.5324 6.5653 3.4844, -0.3854 6.5809 3.4844, -0.5138 6.3327 2.4524, -0.5097 6.2826 2.6699, -0.5097 6.2826 2.8931, -0.5138 6.3327 3.1105, -1.1368 6.3508 3.3111, -1.1604 6.4838 3.4844, -1.0051 6.5153 3.4844, -1.1195 6.2544 2.4524, -1.1107 6.2048 2.6699, -1.1107 6.2048 2.8931, -1.1195 6.2544 3.1105, -1.7414 6.2125 3.3111, -1.7776 6.3424 3.4844, -1.6159 6.3915 3.4844, -1.715 6.1182 2.4524, -1.7014 6.0698 2.6699, -1.7014 6.0698 2.8931, -1.715 6.1182 3.1105, -2.33 6.0169 3.3111, -2.3784 6.1425 3.4844, -2.2123 6.2106 3.4844, -2.2946 5.9255 2.4524, -2.2765 5.8786 2.6699, -2.2765 5.8786 2.8931, -2.2946 5.9255 3.1105, -2.897 5.7656 3.3111, -2.9572 5.8858 3.4844, -2.7889 5.9742 3.4844, -2.8531 5.678 2.4524, -2.8305 5.6331 2.6699, -2.8305 5.6331 2.8931, -2.8531 5.678 3.1105, -3.4373 5.4611 3.3111, -3.5087 5.5747 3.4844, -3.3407 5.6844 3.4844, -3.3852 5.3781 2.4524, -3.3584 5.3355 2.6699, -3.3584 5.3355 2.8931, -3.3852 5.3781 3.1105, -3.9459 5.1061 3.3111, -4.0278 5.2122 3.4844, -3.8626 5.3438 3.4844, -3.8861 5.0285 2.4524, -3.8553 4.9887 2.6699, -3.8553 4.9887 2.8931, -3.8861 5.0285 3.1105, -4.4181 4.7039 3.3111, -4.5097 4.8016 3.4844, -4.35 4.9555 3.4844, -4.3511 4.6324 2.4524, -4.3167 4.5957 2.6699, -4.3167 4.5957 2.8931, -4.3511 4.6324 3.1105, -4.8495 4.2582 3.3111, -4.9499 4.3466 3.4844, -4.7986 4.5229 3.4844, -4.7759 4.1935 2.4524, -4.7381 4.1603 2.6699, -4.7381 4.1603 2.8931, -4.7759 4.1935 3.1105, -5.2361 3.7732 3.3111, -5.3445 3.8515 3.4844, -5.2044 4.0499 3.4844, -5.1566 3.7159 2.4524, -5.1159 3.6865 2.6699, -5.1159 3.6865 2.8931, -5.1566 3.7159 3.1105, -5.5744 3.2533 3.3111, -5.6896 3.3208 3.4844, -5.5637 3.5407 3.4844, -5.4898 3.2039 2.4524, -5.4463 3.1785 2.6699, -5.4463 3.1785 2.8931, -5.4898 3.2039 3.1105, -5.8612 2.7034 3.3111, -5.9823 2.7594 3.4844, -5.8733 2.9999 3.4844, -5.7722 2.6623 2.4524, -5.7266 2.6412 2.6699, -5.7266 2.6412 2.8931, -5.7722 2.6623 3.1105, -6.0939 2.1285 3.3111, -6.2198 2.1725 3.4844, -6.1305 2.4323 3.4844, -6.0014 2.0961 2.4524, -5.9539 2.0795 2.6699, -5.9539 2.0795 2.8931, -6.0014 2.0961 3.1105, -6.2703 1.5338 3.3111, -6.3998 1.5656 3.4844, -6.333 1.8429 3.4844, -6.1751 1.5105 2.4524, -6.1263 1.4985 2.6699, -6.1263 1.4985 2.8931, -6.1751 1.5105 3.1105, -6.3888 0.925 3.3111, -6.5207 0.9442 3.4844, -6.4789 1.237 3.4844, -6.2918 0.9109 2.4524, -6.2421 0.9037 2.6699, -6.2421 0.9037 2.8931, -6.2918 0.9109 3.1105, -6.5965 -0.0025 3.4844, -6.5815 0.3141 3.4844, -6.4483 0.3076 3.3111, -6.567 0.62 3.4844, -6.3505 0.3029 2.4524, -6.3002 0.3005 2.6699, -6.3002 0.3005 2.8931, -6.3505 0.3029 3.1105, -6.3505 -0.3079 2.4524, -6.3002 -0.3055 2.6699, -6.3002 -0.3055 2.8931, -6.3505 -0.3079 3.1105, -6.2918 -0.9159 2.4524, -6.2421 -0.9087 2.6699, -6.2421 -0.9087 2.8931, -6.2918 -0.9159 3.1105, -6.1751 -1.5155 2.4524, -6.1263 -1.5035 2.6699, -6.1263 -1.5035 2.8931, -6.1751 -1.5155 3.1105, -6.0014 -2.101 2.4524, -5.9539 -2.0844 2.6699, -5.9539 -2.0844 2.8931, -6.0014 -2.101 3.1105, -5.7722 -2.6673 2.4524, -5.7266 -2.6462 2.6699, -5.7266 -2.6462 2.8931, -5.7722 -2.6673 3.1105, -5.4898 -3.2088 2.4524, -5.4463 -3.1835 2.6699, -5.4463 -3.1835 2.8931, -5.4898 -3.2088 3.1105, -5.1566 -3.7208 2.4524, -5.1159 -3.6914 2.6699, -5.1159 -3.6914 2.8931, -5.1566 -3.7208 3.1105, -4.7759 -4.1985 2.4524, -4.7381 -4.1653 2.6699, -4.7381 -4.1653 2.8931, -4.7759 -4.1985 3.1105, -4.3511 -4.6374 2.4524, -4.3167 -4.6007 2.6699, -4.3167 -4.6007 2.8931, -4.3511 -4.6374 3.1105, -3.8861 -5.0334 2.4524, -3.8553 -4.9936 2.6699, -3.8553 -4.9936 2.8931, -3.8861 -5.0334 3.1105, -3.3852 -5.3831 2.4524, -3.3584 -5.3405 2.6699, -3.3584 -5.3405 2.8931, -3.3852 -5.3831 3.1105, -2.8531 -5.683 2.4524, -2.8305 -5.638 2.6699, -2.8305 -5.638 2.8931, -2.8531 -5.683 3.1105, -2.2765 -5.8835 2.6699, -2.2765 -5.8835 2.8931, -2.2946 -5.9304 3.1105, -1.7014 -6.0747 2.8931, -1.715 -6.1231 3.1105, -1.1604 -6.4887 3.4844, 0.2378 -6.5926 3.4844, 0.1005 -6.5911 3.4844, 0.0983 -6.4555 3.3111, -0.5138 -6.3377 3.1105, -1.1107 -6.2098 2.8931, -1.7014 -6.0747 2.6699, -2.2946 -5.9304 2.4524, -0.3854 -6.5858 3.4844, -0.5324 -6.5702 3.4844, -1.0051 -6.5202 3.4844, 0.0967 -6.3576 3.1105, -0.5097 -6.2876 2.8931, -1.1107 -6.2098 2.6699, -1.715 -6.1231 2.4524, 0.7063 -6.3187 3.1105, 0.096 -6.3073 2.8931, -0.5097 -6.2876 2.6699, -1.1195 -6.2593 2.4524, 1.3094 -6.2216 3.1105, 0.7007 -6.2688 2.8931, 0.096 -6.3073 2.6699, -0.5138 -6.3377 2.4524, 1.9003 -6.067 3.1105, 1.299 -6.1724 2.8931, 0.7007 -6.2688 2.6699, 0.0967 -6.3576 2.4524, 2.4737 -5.8564 3.1105, 1.8853 -6.019 2.8931, 1.299 -6.1724 2.6699, 0.7063 -6.3187 2.4524, 3.0242 -5.5917 3.1105, 2.4541 -5.81 2.8931, 1.8853 -6.019 2.6699, 1.3094 -6.2216 2.4524, 3.5467 -5.2754 3.1105, 3.0002 -5.5475 2.8931, 2.4541 -5.81 2.6699, 1.9003 -6.067 2.4524, 4.0365 -4.9104 3.1105, 3.5186 -5.2337 2.8931, 3.0002 -5.5475 2.6699, 2.4737 -5.8564 2.4524, 4.489 -4.5001 3.1105, 4.0045 -4.8716 2.8931, 3.5186 -5.2337 2.6699, 3.0242 -5.5917 2.4524, 4.9 -4.0482 3.1105, 4.4534 -4.4645 2.8931, 4.0045 -4.8716 2.6699, 3.5467 -5.2754 2.4524, 5.2657 -3.559 3.1105, 4.8612 -4.0162 2.8931, 4.4534 -4.4645 2.6699, 4.0365 -4.9104 2.4524, 5.5828 -3.0369 3.1105, 5.224 -3.5308 2.8931, 4.8612 -4.0162 2.6699, 4.489 -4.5001 2.4524, 6.2873 -1.9855 3.4844, 6.2327 -2.9174 4.1873, 6.0624 -3.2724 4.1873, 6.0453 -3.2632 3.9928, 5.2589 -4.4441 4.1873, 4.9051 -4.8387 4.1873, 4.8913 -4.8251 3.9928, 1.4339 -6.7367 4.1873, 0.8973 -6.8333 4.1873, 0.8948 -6.8141 3.9928, -2.9941 -6.2045 4.1873, -3.4901 -5.944 4.1873, -3.4803 -5.9272 3.9928, -6.1675 -3.0704 4.1873, -6.405 -2.5462 4.1873, -6.3869 -2.5391 3.9928, -6.7548 1.3513 4.1873, -6.6165 1.9255 4.1873, -6.5979 1.9201 3.9928, -6.5132 2.2262 4.1873, -6.405 2.5413 4.1873, -6.3869 2.5341 3.9928, -4.5092 5.2058 4.1873, -4.0354 5.5832 4.1873, -4.0241 5.5675 3.9928, -3.7818 5.7487 4.1873, -3.4901 5.939 4.1873, -3.4803 5.9223 3.9928, -0.3723 6.876 4.1873, 0.2485 6.8827 4.1873, 0.2478 6.8634 3.9928, 0.5352 6.8587 4.1873, 0.8973 6.8283 4.1873, 0.8948 6.8091 3.9928, 3.9207 5.6607 4.1873, 4.4267 5.2754 4.1873, 4.4142 5.2605 3.9928, 4.627 5.0905 4.1873, 4.9051 4.8338 4.1873, 4.8913 4.8202 3.9928, 5.7969 3.7086 4.1873, 6.0624 3.2674 4.1873, 6.0453 3.2582 3.9928, 6.1874 -2.6191 3.6343, 5.9128 -3.1917 3.6343, 5.5853 -3.7358 3.6343, 5.2079 -4.2465 3.6343, 4.784 -4.7194 3.6343, 4.3174 -5.1501 3.6343, 3.8122 -5.5349 3.6343, 3.2729 -5.8702 3.6343, 2.7044 -6.1531 3.6343, 2.1117 -6.3812 3.6343, 1.5001 -6.5522 3.6343, -6.6917 0.6319 3.6343, -6.602 1.2605 3.6343, -6.4533 1.8779 3.6343, -6.247 2.4785 3.6343, -5.9849 3.0569 3.6343, -5.6694 3.6081 3.6343, -5.3032 4.1269 3.6343, -4.8897 4.6089 3.6343, -4.4326 5.0497 3.6343, -3.9359 5.4454 3.6343, -3.4041 5.7924 3.6343, -2.8419 6.0877 3.6343, -2.2543 6.3286 3.6343, -1.6466 6.5129 3.6343, -1.0242 6.6391 3.6343, -0.3927 6.7059 3.6343, 0.2423 6.7128 3.6343, 0.8751 6.6598 3.6343, 1.5001 6.5473 3.6343, 2.1117 6.3762 3.6343, 2.7044 6.1482 3.6343, 3.2729 5.8653 3.6343, 3.8122 5.5299 3.6343, 4.3174 5.1452 3.6343, 4.784 4.7144 3.6343, 5.2079 4.2416 3.6343, 5.5853 3.7308 3.6343, 5.9128 3.1867 3.6343, -6.6917 -0.6368 3.6343, -6.602 -1.2655 3.6343, -6.4533 -1.8829 3.6343, -6.247 -2.4835 3.6343, -5.9849 -3.0619 3.6343, -5.6694 -3.613 3.6343, -5.3032 -4.1319 3.6343, -4.8897 -4.6139 3.6343, -4.4326 -5.0547 3.6343, -3.9359 -5.4503 3.6343, -3.4041 -5.7974 3.6343, -2.8419 -6.0926 3.6343, -2.2543 -6.3335 3.6343, -1.6466 -6.5179 3.6343, -1.0242 -6.644 3.6343, -0.3927 -6.7109 3.6343, 0.2423 -6.7178 3.6343, 0.8751 -6.6647 3.6343, 6.1874 2.6141 3.6343, 6.2732 2.6504 3.8061, 5.9948 3.231 3.8061, 6.3261 2.6728 3.9928, 5.2802 4.3004 3.8061, 4.8504 4.7798 3.8061, 5.3247 4.3367 3.9928, 3.3183 5.9466 3.8061, 2.7419 6.2335 3.8061, 3.3463 5.9968 3.9928, 2.765 6.2861 3.9928, 2.141 6.4647 3.8061, 2.1591 6.5192 3.9928, 1.521 6.6381 3.8061, 1.5338 6.694 3.9928, -1.0384 6.7312 3.8061, -1.6694 6.6033 3.8061, -1.0471 6.7879 3.9928, -1.6834 6.659 3.9928, -2.2855 6.4164 3.8061, -2.3048 6.4705 3.9928, -2.8812 6.1722 3.8061, -2.9055 6.2242 3.9928, -4.9575 4.6729 3.8061, -5.3767 4.1842 3.8061, -4.9993 4.7123 3.9928, -5.422 4.2195 3.9928, -5.748 3.6581 3.8061, -5.7964 3.689 3.9928, -6.0678 3.0994 3.8061, -6.119 3.1255 3.9928, -6.7217 -0.0025 3.6343, -6.7845 0.6407 3.8061, -6.8149 -0.0025 3.8061, -6.8417 0.6461 3.9928, -6.8723 -0.0025 3.9928, -6.7845 -0.6456 3.8061, -6.8417 -0.651 3.9928, -6.6935 -1.283 3.8061, -6.7499 -1.2938 3.9928, -6.5427 -1.9089 3.8061, -6.3336 -2.5179 3.8061, -6.5979 -1.925 3.9928, -5.748 -3.6631 3.8061, -5.3767 -4.1891 3.8061, -5.7964 -3.6939 3.9928, -5.422 -4.2244 3.9928, -4.9575 -4.6778 3.8061, -4.9993 -4.7172 3.9928, -4.4941 -5.1247 3.8061, -4.5319 -5.1679 3.9928, -3.9905 -5.5259 3.8061, -3.4513 -5.8777 3.8061, -4.0241 -5.5724 3.9928, -2.2855 -6.4213 3.8061, -1.6694 -6.6082 3.8061, -2.3048 -6.4754 3.9928, -1.6834 -6.6639 3.9928, -1.0384 -6.7361 3.8061, -1.0471 -6.7929 3.9928, -0.3981 -6.8039 3.8061, -0.4014 -6.8612 3.9928, 0.2457 -6.8109 3.8061, 0.8873 -6.7571 3.8061, 0.2478 -6.8683 3.9928, 2.141 -6.4696 3.8061, 2.7419 -6.2384 3.8061, 2.1591 -6.5241 3.9928, 2.765 -6.291 3.9928, 3.3183 -5.9516 3.8061, 3.3463 -6.0017 3.9928, 3.8651 -5.6116 3.8061, 3.8977 -5.6589 3.9928, 4.3773 -5.2215 3.8061, 4.8504 -4.7848 3.8061, 4.4142 -5.2655 3.9928, 5.6628 -3.7875 3.8061, 5.9948 -3.2359 3.8061, 5.7105 -3.8194 3.9928, 6.4068 2.0182 3.6343, 6.4957 2.0462 3.8061, 6.5504 2.0635 3.9928, 6.5689 2.0693 4.1873, 6.344 2.6803 4.1873, 6.2327 2.9124 4.1873, 5.7267 3.8253 4.1873, 5.7105 3.8145 3.9928, 5.6628 3.7826 3.8061, 5.3397 4.349 4.1873, 5.2589 4.4391 4.1873, 4.3773 5.2165 3.8061, 3.9087 5.6699 4.1873, 3.8977 5.6539 3.9928, 3.8651 5.6066 3.8061, 3.3558 6.0137 4.1873, 1.4339 6.7317 4.1873, 1.5381 6.713 4.1873, 2.1652 6.5376 4.1873, 2.3065 6.4832 4.1873, 2.7729 6.3038 4.1873, 3.1389 6.1216 4.1873, 0.8873 6.7522 3.8061, 0.2457 6.806 3.8061, -0.4026 6.8756 4.1873, -0.4014 6.8563 3.9928, -0.3981 6.7989 3.8061, -1.0501 6.8071 4.1873, -2.9941 6.1995 4.1873, -2.9137 6.2418 4.1873, -2.3113 6.4888 4.1873, -2.1519 6.5371 4.1873, -1.6882 6.6778 4.1873, -1.2726 6.762 4.1873, -3.4513 5.8728 3.8061, -3.9905 5.5209 3.8061, -4.5447 5.1775 4.1873, -4.5319 5.1629 3.9928, -4.4941 5.1198 3.8061, -5.0134 4.7256 4.1873, -6.1675 3.0654 4.1873, -6.1362 3.1343 4.1873, -5.8127 3.6994 4.1873, -5.708 3.8478 4.1873, -5.4373 4.2314 4.1873, -5.1514 4.5647 4.1873, -6.3336 2.5129 3.8061, -6.5427 1.904 3.8061, -6.7689 1.2925 4.1873, -6.7499 1.2888 3.9928, -6.6935 1.278 3.8061, -6.861 0.6479 4.1873, -6.7548 -1.3563 4.1873, -6.7689 -1.2974 4.1873, -6.861 -0.6529 4.1873, -6.8703 -0.4563 4.1873, -6.8917 -0.0025 4.1873, -6.8703 0.4513 4.1873, -6.6165 -1.9304 4.1873, -6.5132 -2.2312 4.1873, -6.1362 -3.1393 4.1873, -6.119 -3.1305 3.9928, -6.0678 -3.1043 3.8061, -5.8127 -3.7043 4.1873, -4.5092 -5.2108 4.1873, -4.5447 -5.1825 4.1873, -5.0134 -4.7305 4.1873, -5.1514 -4.5696 4.1873, -5.4373 -4.2363 4.1873, -5.708 -3.8528 4.1873, -4.0354 -5.5882 4.1873, -3.7818 -5.7537 4.1873, -2.9137 -6.2467 4.1873, -2.9055 -6.2291 3.9928, -2.8812 -6.1771 3.8061, -2.3113 -6.4937 4.1873, -0.3723 -6.8809 4.1873, -0.4026 -6.8806 4.1873, -1.0501 -6.8121 4.1873, -1.2726 -6.7669 4.1873, -1.6882 -6.6827 4.1873, -2.1519 -6.542 4.1873, 0.2485 -6.8877 4.1873, 0.5352 -6.8637 4.1873, 1.5381 -6.7179 4.1873, 1.5338 -6.699 3.9928, 1.521 -6.643 3.8061, 2.1652 -6.5425 4.1873, 3.9207 -5.6657 4.1873, 3.9087 -5.6748 4.1873, 3.3558 -6.0187 4.1873, 3.1389 -6.1266 4.1873, 2.7729 -6.3088 4.1873, 2.3065 -6.4882 4.1873, 4.4267 -5.2803 4.1873, 4.627 -5.0955 4.1873, 5.3397 -4.3539 4.1873, 5.3247 -4.3416 3.9928, 5.2802 -4.3054 3.8061, 5.7267 -3.8302 4.1873, 5.7969 -3.7135 4.1873, 6.344 -2.6853 4.1873, 6.3261 -2.6777 3.9928, 6.2732 -2.6554 3.8061, 6.4068 -2.0231 3.6343, 6.4957 -2.0512 3.8061, 6.5504 -2.0684 3.9928, 6.5689 -2.0743 4.1873, 5.6302 1.7733 15.7736, 5.8391 1.8392 15.7489, 5.6392 2.3824 15.7489, 6.0375 1.9018 15.6761, 5.8308 2.4634 15.6761, 6.2155 1.9579 15.5589, 6.0027 2.536 15.5589, 6.3641 2.0047 15.403, 6.1462 2.5967 15.403, 6.476 2.04 15.2164, 6.2542 2.6424 15.2164, 6.5454 2.0619 15.0084, 6.3213 2.6707 15.0084, 5.7969 3.7086 14.7893, 5.7061 3.8116 15.0084, 6.0624 3.2674 14.7893, 6.0407 3.2557 15.0084, 6.2327 2.9124 14.7893, 6.344 2.6803 14.7893, 6.5689 2.0693 14.7893, 5.7267 3.8253 14.7893, 5.3397 4.349 14.7893, 5.3206 4.3334 15.0084, 5.2589 4.4391 14.7893, 4.8876 4.8164 15.0084, 4.9051 4.8338 14.7893, 4.4108 5.2565 15.0084, 4.627 5.0905 14.7893, 4.4267 5.2754 14.7893, 3.9207 5.6607 14.7893, 3.8947 5.6496 15.0084, 3.9087 5.6699 14.7893, 3.3558 6.0137 14.7893, 3.3437 5.9922 15.0084, 3.1389 6.1216 14.7893, 2.7629 6.2812 15.0084, 2.7729 6.3038 14.7893, 2.1574 6.5142 15.0084, 2.3065 6.4832 14.7893, 2.1652 6.5376 14.7893, 1.5381 6.713 14.7893, 1.5326 6.6889 15.0084, 1.4339 6.7317 14.7893, 0.8941 6.8039 15.0084, 0.8973 6.8283 14.7893, 0.2476 6.8581 15.0084, 0.5352 6.8587 14.7893, 0.2485 6.8827 14.7893, -0.3723 6.876 14.7893, -0.4011 6.851 15.0084, -0.4026 6.8756 14.7893, -1.0501 6.8071 14.7893, -1.0463 6.7827 15.0084, -1.2726 6.762 14.7893, -1.6822 6.6538 15.0084, -1.6882 6.6778 14.7893, -2.303 6.4655 15.0084, -2.1519 6.5371 14.7893, -2.3113 6.4888 14.7893, -2.9137 6.2418 14.7893, -2.9033 6.2194 15.0084, -2.9941 6.1995 14.7893, -3.4777 5.9177 15.0084, -3.4901 5.939 14.7893, -4.021 5.5632 15.0084, -3.7818 5.7487 14.7893, -4.0354 5.5832 14.7893, -4.5092 5.2058 14.7893, -4.5284 5.159 15.0084, -4.5447 5.1775 14.7893, -5.0134 4.7256 14.7893, -4.9955 4.7086 15.0084, -5.1514 4.5647 14.7893, -5.4179 4.2162 15.0084, -5.4373 4.2314 14.7893, -5.7919 3.6861 15.0084, -5.708 3.8478 14.7893, -5.8127 3.6994 14.7893, -6.1362 3.1343 14.7893, -6.1143 3.1231 15.0084, -6.1675 3.0654 14.7893, -6.382 2.5322 15.0084, -6.405 2.5413 14.7893, -6.5928 1.9186 15.0084, -6.5132 2.2262 14.7893, -6.6165 1.9255 14.7893, -6.7548 1.3513 14.7893, -6.7447 1.2878 15.0084, -6.7689 1.2925 14.7893, -6.861 0.6479 14.7893, -6.8364 0.6456 15.0084, -6.8703 0.4513 14.7893, -6.8671 -0.0025 15.0084, -6.8917 -0.0025 14.7893, -6.8364 -0.6505 15.0084, -6.8703 -0.4563 14.7893, -6.861 -0.6529 14.7893, -6.7689 -1.2974 14.7893, -6.7447 -1.2928 15.0084, -6.7548 -1.3563 14.7893, -6.5928 -1.9235 15.0084, -6.6165 -1.9304 14.7893, -6.5132 -2.2312 14.7893, -6.382 -2.5371 15.0084, -6.405 -2.5462 14.7893, -6.1675 -3.0704 14.7893, -6.1143 -3.1281 15.0084, -6.1362 -3.1393 14.7893, -5.8127 -3.7043 14.7893, -5.7919 -3.6911 15.0084, -5.708 -3.8528 14.7893, -5.4179 -4.2212 15.0084, -5.4373 -4.2363 14.7893, -4.9955 -4.7136 15.0084, -5.1514 -4.5696 14.7893, -5.0134 -4.7305 14.7893, -4.5447 -5.1825 14.7893, -4.5284 -5.1639 15.0084, -4.5092 -5.2108 14.7893, -4.021 -5.5682 15.0084, -4.0354 -5.5882 14.7893, -3.7818 -5.7537 14.7893, -3.4777 -5.9227 15.0084, -3.4901 -5.944 14.7893, -2.9941 -6.2045 14.7893, -2.9033 -6.2244 15.0084, -2.9137 -6.2467 14.7893, -2.3113 -6.4937 14.7893, -2.303 -6.4704 15.0084, -2.1519 -6.542 14.7893, -1.6822 -6.6588 15.0084, -1.6882 -6.6827 14.7893, -1.0463 -6.7877 15.0084, -1.2726 -6.7669 14.7893, -1.0501 -6.8121 14.7893, -0.4026 -6.8806 14.7893, -0.4011 -6.8559 15.0084, -0.3723 -6.8809 14.7893, 0.2476 -6.863 15.0084, 0.2485 -6.8877 14.7893, 0.5352 -6.8637 14.7893, 0.8941 -6.8088 15.0084, 0.8973 -6.8333 14.7893, 1.4339 -6.7367 14.7893, 1.5326 -6.6938 15.0084, 1.5381 -6.7179 14.7893, 2.1652 -6.5425 14.7893, 2.1574 -6.5191 15.0084, 2.3065 -6.4882 14.7893, 2.7629 -6.2862 15.0084, 2.7729 -6.3088 14.7893, 3.3437 -5.9971 15.0084, 3.1389 -6.1266 14.7893, 3.3558 -6.0187 14.7893, 3.9087 -5.6748 14.7893, 3.8947 -5.6545 15.0084, 3.9207 -5.6657 14.7893, 4.4108 -5.2614 15.0084, 4.4267 -5.2803 14.7893, 4.627 -5.0955 14.7893, 4.8876 -4.8214 15.0084, 4.9051 -4.8387 14.7893, 5.2589 -4.4441 14.7893, 5.3206 -4.3383 15.0084, 5.3397 -4.3539 14.7893, 5.7267 -3.8302 14.7893, 5.7061 -3.8165 15.0084, 5.7969 -3.7135 14.7893, 6.0407 -3.2606 15.0084, 6.0624 -3.2724 14.7893, 6.3213 -2.6757 15.0084, 6.2327 -2.9174 14.7893, 6.344 -2.6853 14.7893, 6.5689 -2.0743 14.7893, 6.5454 -2.0668 15.0084, 5.9766 3.2212 15.2164, 5.6456 3.7711 15.2164, 5.2642 4.2874 15.2164, 4.8357 4.7653 15.2164, 4.364 5.2007 15.2164, 3.8534 5.5896 15.2164, 3.3083 5.9286 15.2164, 2.7336 6.2146 15.2164, 2.1345 6.4451 15.2164, 1.5163 6.6179 15.2164, 0.8846 6.7317 15.2164, 0.245 6.7853 15.2164, -0.3969 6.7783 15.2164, -1.0352 6.7108 15.2164, -1.6643 6.5833 15.2164, -2.2786 6.3969 15.2164, -2.8725 6.1534 15.2164, -3.4408 5.855 15.2164, -3.9784 5.5042 15.2164, -4.4804 5.1042 15.2164, -4.9425 4.6587 15.2164, -5.3604 4.1715 15.2164, -5.7305 3.647 15.2164, -6.0495 3.09 15.2164, -6.3144 2.5053 15.2164, -6.5229 1.8982 15.2164, -6.6732 1.2742 15.2164, -6.7639 0.6387 15.2164, -6.7943 -0.0025 15.2164, -6.7639 -0.6437 15.2164, -6.6732 -1.2791 15.2164, -6.5229 -1.9032 15.2164, -6.3144 -2.5102 15.2164, -6.0495 -3.0949 15.2164, -5.7305 -3.652 15.2164, -5.3604 -4.1764 15.2164, -4.9425 -4.6636 15.2164, -4.4804 -5.1092 15.2164, -3.9784 -5.5091 15.2164, -3.4408 -5.8599 15.2164, -2.8725 -6.1584 15.2164, -2.2786 -6.4019 15.2164, -1.6643 -6.5882 15.2164, -1.0352 -6.7157 15.2164, -0.3969 -6.7833 15.2164, 0.245 -6.7903 15.2164, 0.8846 -6.7367 15.2164, 1.5163 -6.6229 15.2164, 2.1345 -6.45 15.2164, 2.7336 -6.2195 15.2164, 3.3083 -5.9335 15.2164, 3.8534 -5.5946 15.2164, 4.364 -5.2057 15.2164, 4.8357 -4.7703 15.2164, 5.2642 -4.2923 15.2164, 5.6456 -3.7761 15.2164, 5.9766 -3.2261 15.2164, 6.2542 -2.6473 15.2164, 6.476 -2.045 15.2164, 5.8734 3.1655 15.403, 5.5481 3.706 15.403, 5.1733 4.2133 15.403, 4.7522 4.683 15.403, 4.2887 5.1109 15.403, 3.7868 5.4931 15.403, 3.2511 5.8262 15.403, 2.6864 6.1073 15.403, 2.0976 6.3338 15.403, 1.4901 6.5037 15.403, 0.8693 6.6155 15.403, 0.2407 6.6681 15.403, -0.3901 6.6613 15.403, -1.0174 6.5949 15.403, -1.6356 6.4696 15.403, -2.2393 6.2864 15.403, -2.823 6.0472 15.403, -3.3814 5.7538 15.403, -3.9097 5.4091 15.403, -4.4031 5.0161 15.403, -4.8572 4.5782 15.403, -5.2679 4.0994 15.403, -5.6316 3.584 15.403, -5.9451 3.0366 15.403, -6.2054 2.462 15.403, -6.4103 1.8654 15.403, -6.558 1.2521 15.403, -6.6472 0.6276 15.403, -6.677 -0.0025 15.403, -6.6472 -0.6326 15.403, -6.558 -1.2571 15.403, -6.4103 -1.8703 15.403, -6.2054 -2.4669 15.403, -5.9451 -3.0415 15.403, -5.6316 -3.589 15.403, -5.2679 -4.1044 15.403, -4.8572 -4.5832 15.403, -4.4031 -5.021 15.403, -3.9097 -5.4141 15.403, -3.3814 -5.7588 15.403, -2.823 -6.0521 15.403, -2.2393 -6.2914 15.403, -1.6356 -6.4745 15.403, -1.0174 -6.5998 15.403, -0.3901 -6.6662 15.403, 0.2407 -6.6731 15.403, 0.8693 -6.6204 15.403, 1.4901 -6.5086 15.403, 2.0976 -6.3387 15.403, 2.6864 -6.1122 15.403, 3.2511 -5.8311 15.403, 3.7868 -5.498 15.403, 4.2887 -5.1158 15.403, 4.7522 -4.688 15.403, 5.1733 -4.2183 15.403, 5.5481 -3.7109 15.403, 5.8734 -3.1704 15.403, 6.1462 -2.6017 15.403, 6.3641 -2.0097 15.403, 5.7362 3.0915 15.5589, 5.4185 3.6194 15.5589, 5.0524 4.1149 15.5589, 4.6412 4.5736 15.5589, 4.1885 4.9915 15.5589, 3.6983 5.3648 15.5589, 3.1752 5.6901 15.5589, 2.6236 5.9646 15.5589, 2.0486 6.1858 15.5589, 1.4553 6.3517 15.5589, 0.849 6.4609 15.5589, 0.235 6.5124 15.5589, -0.381 6.5057 15.5589, -0.9937 6.4408 15.5589, -1.5975 6.3184 15.5589, -2.1871 6.1396 15.5589, -2.7571 5.9059 15.5589, -3.3025 5.6195 15.5589, -3.8185 5.2828 15.5589, -4.3004 4.8989 15.5589, -4.7439 4.4713 15.5589, -5.145 4.0037 15.5589, -5.5002 3.5003 15.5589, -5.8063 2.9656 15.5589, -6.0606 2.4044 15.5589, -6.2607 1.8218 15.5589, -6.405 1.2228 15.5589, -6.492 0.6129 15.5589, -6.5212 -0.0025 15.5589, -6.492 -0.6179 15.5589, -6.405 -1.2278 15.5589, -6.2607 -1.8267 15.5589, -6.0606 -2.4094 15.5589, -5.8063 -2.9706 15.5589, -5.5002 -3.5052 15.5589, -5.145 -4.0086 15.5589, -4.7439 -4.4762 15.5589, -4.3004 -4.9039 15.5589, -3.8185 -5.2877 15.5589, -3.3025 -5.6244 15.5589, -2.7571 -5.9109 15.5589, -2.1871 -6.1446 15.5589, -1.5975 -6.3234 15.5589, -0.9937 -6.4458 15.5589, -0.381 -6.5106 15.5589, 0.235 -6.5173 15.5589, 0.849 -6.4659 15.5589, 1.4553 -6.3567 15.5589, 2.0486 -6.1908 15.5589, 2.6236 -5.9696 15.5589, 3.1752 -5.6951 15.5589, 3.6983 -5.3697 15.5589, 4.1885 -4.9965 15.5589, 4.6412 -4.5786 15.5589, 5.0524 -4.1198 15.5589, 5.4185 -3.6243 15.5589, 5.7362 -3.0965 15.5589, 6.0027 -2.541 15.5589, 6.2155 -1.9628 15.5589, 5.572 3.003 15.6761, 5.2634 3.5157 15.6761, 4.9077 3.997 15.6761, 4.5083 4.4426 15.6761, 4.0685 4.8486 15.6761, 3.5924 5.2111 15.6761, 3.0842 5.5272 15.6761, 2.5484 5.7938 15.6761, 1.9899 6.0087 15.6761, 1.4136 6.1699 15.6761, 0.8246 6.2759 15.6761, 0.2282 6.3259 15.6761, -0.3702 6.3194 15.6761, -0.9653 6.2564 15.6761, -1.5518 6.1375 15.6761, -2.1245 5.9638 15.6761, -2.6782 5.7368 15.6761, -3.208 5.4585 15.6761, -3.7092 5.1315 15.6761, -4.1773 4.7586 15.6761, -4.6081 4.3432 15.6761, -4.9978 3.889 15.6761, -5.3428 3.4 15.6761, -5.6401 2.8807 15.6761, -5.8871 2.3355 15.6761, -6.0815 1.7696 15.6761, -6.2217 1.1877 15.6761, -6.3063 0.5953 15.6761, -6.3345 -0.0025 15.6761, -6.3063 -0.6003 15.6761, -6.2217 -1.1927 15.6761, -6.0815 -1.7745 15.6761, -5.8871 -2.3405 15.6761, -5.6401 -2.8856 15.6761, -5.3428 -3.405 15.6761, -4.9978 -3.8939 15.6761, -4.6081 -4.3481 15.6761, -4.1773 -4.7635 15.6761, -3.7092 -5.1364 15.6761, -3.208 -5.4635 15.6761, -2.6782 -5.7417 15.6761, -2.1245 -5.9687 15.6761, -1.5518 -6.1424 15.6761, -0.9653 -6.2613 15.6761, -0.3702 -6.3243 15.6761, 0.2282 -6.3309 15.6761, 0.8246 -6.2809 15.6761, 1.4136 -6.1748 15.6761, 1.9899 -6.0136 15.6761, 2.5484 -5.7987 15.6761, 3.0842 -5.5321 15.6761, 3.5924 -5.2161 15.6761, 4.0685 -4.8535 15.6761, 4.5083 -4.4476 15.6761, 4.9077 -4.002 15.6761, 5.2634 -3.5207 15.6761, 5.572 -3.0079 15.6761, 5.8308 -2.4683 15.6761, 6.0375 -1.9067 15.6761, 5.3888 2.9042 15.7489, 5.0904 3.4001 15.7489, 4.7465 3.8656 15.7489, 4.3601 4.2966 15.7489, 3.9348 4.6892 15.7489, 3.4743 5.0399 15.7489, 2.9828 5.3455 15.7489, 2.4647 5.6034 15.7489, 1.9245 5.8112 15.7489, 1.3671 5.9671 15.7489, 0.7974 6.0697 15.7489, 0.2207 6.118 15.7489, -0.3581 6.1117 15.7489, -0.9337 6.0508 15.7489, -1.5009 5.9358 15.7489, -2.0548 5.7678 15.7489, -2.5903 5.5482 15.7489, -3.1027 5.2791 15.7489, -3.5874 4.9628 15.7489, -4.0402 4.6022 15.7489, -4.4568 4.2004 15.7489, -4.8336 3.7611 15.7489, -5.1673 3.2882 15.7489, -5.4549 2.7859 15.7489, -5.6938 2.2587 15.7489, -5.8818 1.7113 15.7489, -6.0173 1.1486 15.7489, -6.0991 0.5757 15.7489, -6.1265 -0.0025 15.7489, -6.0991 -0.5806 15.7489, -6.0173 -1.1536 15.7489, -5.8818 -1.7163 15.7489, -5.6938 -2.2637 15.7489, -5.4549 -2.7909 15.7489, -5.1673 -3.2932 15.7489, -4.8336 -3.7661 15.7489, -4.4568 -4.2054 15.7489, -4.0402 -4.6071 15.7489, -3.5874 -4.9678 15.7489, -3.1027 -5.2841 15.7489, -2.5903 -5.5532 15.7489, -2.0548 -5.7727 15.7489, -1.5009 -5.9407 15.7489, -0.9337 -6.0557 15.7489, -0.3581 -6.1166 15.7489, 0.2207 -6.123 15.7489, 0.7974 -6.0746 15.7489, 1.3671 -5.972 15.7489, 1.9245 -5.8161 15.7489, 2.4647 -5.6083 15.7489, 2.9828 -5.3504 15.7489, 3.4743 -5.0448 15.7489, 3.9348 -4.6941 15.7489, 4.3601 -4.3016 15.7489, 4.7465 -3.8706 15.7489, 5.0904 -3.4051 15.7489, 5.3888 -2.9092 15.7489, 5.6392 -2.3873 15.7489, 5.8391 -1.8442 15.7489, 5.4374 2.2971 15.7736, 5.1961 2.8003 15.7736, 4.9083 3.2785 15.7736, 4.5766 3.7273 15.7736, 4.2041 4.1429 15.7736, 3.794 4.5214 15.7736, 3.35 4.8595 15.7736, 2.8761 5.1543 15.7736, 2.3765 5.4029 15.7736, 1.8556 5.6033 15.7736, 1.3181 5.7536 15.7736, 0.7689 5.8525 15.7736, 0.2127 5.8991 15.7736, -0.3453 5.893 15.7736, -0.9003 5.8343 15.7736, -1.4473 5.7234 15.7736, -1.9814 5.5614 15.7736, -2.4977 5.3497 15.7736, -2.9918 5.0902 15.7736, -3.4592 4.7853 15.7736, -3.8957 4.4375 15.7736, -4.2975 4.0501 15.7736, -4.6609 3.6266 15.7736, -4.9826 3.1706 15.7736, -5.2599 2.6862 15.7736, -5.4902 2.1779 15.7736, -5.6716 1.6501 15.7736, -5.8022 1.1075 15.7736, -5.8811 0.555 15.7736, -5.9075 -0.0025 15.7736, -5.8811 -0.5599 15.7736, -5.8022 -1.1124 15.7736, -5.6716 -1.655 15.7736, -5.4902 -2.1828 15.7736, -5.2599 -2.6912 15.7736, -4.9826 -3.1755 15.7736, -4.6609 -3.6315 15.7736, -4.2975 -4.0551 15.7736, -3.8957 -4.4425 15.7736, -3.4592 -4.7902 15.7736, -2.9918 -5.0952 15.7736, -2.4977 -5.3547 15.7736, -1.9814 -5.5664 15.7736, -1.4473 -5.7284 15.7736, -0.9003 -5.8393 15.7736, -0.3453 -5.898 15.7736, 0.2127 -5.9041 15.7736, 0.7689 -5.8575 15.7736, 1.3181 -5.7586 15.7736, 1.8556 -5.6082 15.7736, 2.3765 -5.4079 15.7736, 2.8761 -5.1592 15.7736, 3.35 -4.8645 15.7736, 3.794 -4.5264 15.7736, 4.2041 -4.1478 15.7736, 4.5766 -3.7323 15.7736, 4.9083 -3.2834 15.7736, 5.1961 -2.8052 15.7736, 5.4374 -2.302 15.7736, 5.6302 -1.7783 15.7736, -4.3868 -2.2367 15.7736, -3.9834 -2.8951 15.7736, -3.4818 -3.4823 15.7736, 3.4779 -3.4823 15.7736, 3.9794 -2.8951 15.7736, 4.3829 -2.2367 15.7736, -2.8946 -3.9839 15.7736, -2.2362 -4.3873 15.7736, -1.5227 -4.6829 15.7736, -4.3868 2.2317 15.7736, -4.6824 1.5183 15.7736, -4.8626 0.7674 15.7736, 4.6784 -1.5232 15.7736, 4.6915 -1.4823 15.7736, -4.9232 -0.0025 15.7736, -3.9834 2.8902 15.7736, 2.8907 -3.9839 15.7736, 1.5188 -4.6829 15.7736, 2.2322 -4.3873 15.7736, -0.7718 -4.8631 15.7736, -0.002 -4.9237 15.7736, 0.7679 -4.8631 15.7736, -4.6824 -1.5232 15.7736, -4.8626 -0.7723 15.7736, -2.8946 3.9789 15.7736, -3.4818 3.4774 15.7736, -0.7718 4.8582 15.7736, -1.5227 4.6779 15.7736, -2.2362 4.3824 15.7736, 1.5188 4.6779 15.7736, 0.7679 4.8582 15.7736, -0.002 4.9188 15.7736, 3.4779 3.4774 15.7736, 2.8907 3.9789 15.7736, 2.2322 4.3824 15.7736, 3.9794 2.8902 15.7736, 4.6915 1.4774 15.7736, 4.6784 1.5183 15.7736, 4.3829 2.2317 15.7736
            ]
        }
        coordIndex [
            0,1,2,-1,3,4,5,-1,5,4,6,-1,5,6,7,-1,8,9,10,-1,10,9,11,-1,10,11,12,-1,13,14,15,-1,2,16,0,-1,0,16,17,-1,0,17,18,-1,18,17,19,-1,18,19,14,-1,14,19,20,-1,14,20,15,-1,21,22,23,-1,23,22,24,-1,23,24,1,-1,1,24,25,-1,1,25,2,-1,26,27,3,-1,3,27,28,-1,3,28,4,-1,29,30,31,-1,31,30,32,-1,31,32,26,-1,26,32,33,-1,26,33,27,-1,34,35,36,-1,36,35,37,-1,36,37,38,-1,39,40,41,-1,41,40,42,-1,41,42,43,-1,44,45,46,-1,46,45,47,-1,46,47,48,-1,49,50,34,-1,34,50,51,-1,34,51,35,-1,52,53,8,-1,8,53,54,-1,8,54,9,-1,55,56,57,-1,57,56,58,-1,57,58,52,-1,52,58,59,-1,52,59,53,-1,60,61,55,-1,55,61,62,-1,55,62,56,-1,15,63,13,-1,13,63,64,-1,13,64,65,-1,65,64,66,-1,65,66,60,-1,60,66,67,-1,60,67,61,-1,42,68,43,-1,43,68,69,-1,43,69,29,-1,29,69,70,-1,29,70,30,-1,47,71,48,-1,48,71,72,-1,48,72,39,-1,39,72,73,-1,39,73,40,-1,37,74,38,-1,38,74,75,-1,38,75,44,-1,44,75,76,-1,44,76,45,-1,77,78,79,-1,79,78,80,-1,79,80,81,-1,81,80,82,-1,81,82,49,-1,49,82,83,-1,49,83,50,-1,11,84,12,-1,12,84,85,-1,12,85,86,-1,86,85,87,-1,86,87,88,-1,89,90,21,-1,21,90,91,-1,21,91,22,-1,92,93,94,-1,94,93,95,-1,94,95,89,-1,89,95,96,-1,89,96,90,-1,6,97,7,-1,7,97,98,-1,7,98,92,-1,92,98,99,-1,92,99,93,-1,100,101,102,-1,103,104,105,-1,106,107,108,-1,109,110,111,-1,112,113,114,-1,115,116,117,-1,118,119,120,-1,121,122,123,-1,124,125,126,-1,127,128,129,-1,130,131,132,-1,133,134,135,-1,136,137,138,-1,139,140,141,-1,142,143,144,-1,145,146,147,-1,148,149,150,-1,151,152,153,-1,154,155,156,-1,157,158,159,-1,160,161,162,-1,163,164,165,-1,166,167,168,-1,169,170,171,-1,172,173,174,-1,175,176,177,-1,178,179,180,-1,181,182,183,-1,184,185,186,-1,85,84,187,-1,187,84,188,-1,187,188,189,-1,189,188,190,-1,189,190,191,-1,191,190,192,-1,191,192,193,-1,193,192,194,-1,193,194,195,-1,195,194,196,-1,195,196,197,-1,197,196,186,-1,58,56,198,-1,198,56,199,-1,198,199,200,-1,200,199,201,-1,200,201,202,-1,202,201,203,-1,202,203,204,-1,204,203,205,-1,204,205,206,-1,206,205,207,-1,206,207,208,-1,208,207,174,-1,63,15,209,-1,209,15,210,-1,209,210,211,-1,211,210,212,-1,211,212,213,-1,213,212,214,-1,213,214,215,-1,215,214,216,-1,215,216,217,-1,217,216,218,-1,217,218,219,-1,219,218,162,-1,25,24,220,-1,220,24,221,-1,220,221,222,-1,222,221,223,-1,222,223,224,-1,224,223,225,-1,224,225,226,-1,226,225,227,-1,226,227,228,-1,228,227,229,-1,228,229,230,-1,230,229,150,-1,93,99,231,-1,231,99,232,-1,231,232,233,-1,233,232,234,-1,233,234,235,-1,235,234,236,-1,235,236,237,-1,237,236,238,-1,237,238,239,-1,239,238,240,-1,239,240,241,-1,241,240,138,-1,6,4,242,-1,242,4,243,-1,242,243,244,-1,244,243,245,-1,244,245,246,-1,246,245,247,-1,246,247,248,-1,248,247,249,-1,248,249,250,-1,250,249,251,-1,250,251,252,-1,252,251,132,-1,27,33,253,-1,253,33,254,-1,253,254,255,-1,255,254,256,-1,255,256,257,-1,257,256,258,-1,257,258,259,-1,259,258,260,-1,259,260,261,-1,261,260,262,-1,261,262,263,-1,263,262,129,-1,70,69,264,-1,264,69,265,-1,264,265,266,-1,266,265,267,-1,266,267,268,-1,268,267,269,-1,268,269,270,-1,270,269,271,-1,270,271,272,-1,272,271,273,-1,272,273,274,-1,274,273,123,-1,42,40,275,-1,275,40,276,-1,275,276,277,-1,277,276,278,-1,277,278,279,-1,279,278,280,-1,279,280,281,-1,281,280,282,-1,281,282,283,-1,283,282,284,-1,283,284,285,-1,285,284,120,-1,71,47,286,-1,286,47,287,-1,286,287,288,-1,288,287,289,-1,288,289,290,-1,290,289,291,-1,290,291,292,-1,292,291,293,-1,292,293,294,-1,294,293,295,-1,294,295,296,-1,296,295,114,-1,76,75,297,-1,297,75,298,-1,297,298,299,-1,299,298,300,-1,299,300,301,-1,301,300,302,-1,301,302,303,-1,303,302,304,-1,303,304,305,-1,305,304,306,-1,305,306,307,-1,307,306,111,-1,35,51,308,-1,308,51,309,-1,308,309,310,-1,310,309,311,-1,310,311,312,-1,312,311,313,-1,312,313,314,-1,314,313,315,-1,314,315,316,-1,316,315,317,-1,316,317,318,-1,318,317,105,-1,83,82,319,-1,319,82,320,-1,319,320,321,-1,321,320,322,-1,321,322,323,-1,323,322,324,-1,323,324,325,-1,325,324,326,-1,325,326,327,-1,327,326,328,-1,327,328,329,-1,329,328,102,-1,87,85,330,-1,330,85,187,-1,330,187,331,-1,331,187,189,-1,331,189,332,-1,332,189,191,-1,332,191,333,-1,333,191,193,-1,333,193,334,-1,334,193,195,-1,334,195,335,-1,335,195,197,-1,335,197,336,-1,336,197,337,-1,186,185,197,-1,197,185,338,-1,197,338,337,-1,339,184,340,-1,340,184,186,-1,340,186,341,-1,341,186,196,-1,341,196,342,-1,342,196,194,-1,342,194,343,-1,343,194,192,-1,343,192,344,-1,344,192,190,-1,344,190,345,-1,345,190,188,-1,345,188,11,-1,11,188,84,-1,11,9,345,-1,345,9,346,-1,345,346,344,-1,344,346,347,-1,344,347,343,-1,343,347,348,-1,343,348,342,-1,342,348,349,-1,342,349,341,-1,341,349,350,-1,341,350,340,-1,340,350,183,-1,340,183,339,-1,339,183,182,-1,179,181,180,-1,180,181,183,-1,180,183,351,-1,351,183,350,-1,351,350,352,-1,352,350,349,-1,352,349,353,-1,353,349,348,-1,353,348,354,-1,354,348,347,-1,354,347,355,-1,355,347,346,-1,355,346,54,-1,54,346,9,-1,176,178,177,-1,177,178,180,-1,177,180,356,-1,356,180,351,-1,356,351,357,-1,357,351,352,-1,357,352,358,-1,358,352,353,-1,358,353,359,-1,359,353,354,-1,359,354,360,-1,360,354,355,-1,360,355,53,-1,53,355,54,-1,361,175,362,-1,362,175,177,-1,362,177,363,-1,363,177,356,-1,363,356,364,-1,364,356,357,-1,364,357,365,-1,365,357,358,-1,365,358,366,-1,366,358,359,-1,366,359,367,-1,367,359,360,-1,367,360,59,-1,59,360,53,-1,59,58,367,-1,367,58,198,-1,367,198,366,-1,366,198,200,-1,366,200,365,-1,365,200,202,-1,365,202,364,-1,364,202,204,-1,364,204,363,-1,363,204,206,-1,363,206,362,-1,362,206,208,-1,362,208,361,-1,361,208,368,-1,174,173,208,-1,208,173,369,-1,208,369,368,-1,370,172,371,-1,371,172,174,-1,371,174,372,-1,372,174,207,-1,372,207,373,-1,373,207,205,-1,373,205,374,-1,374,205,203,-1,374,203,375,-1,375,203,201,-1,375,201,376,-1,376,201,199,-1,376,199,62,-1,62,199,56,-1,62,61,376,-1,376,61,377,-1,376,377,375,-1,375,377,378,-1,375,378,374,-1,374,378,379,-1,374,379,373,-1,373,379,380,-1,373,380,372,-1,372,380,381,-1,372,381,371,-1,371,381,171,-1,371,171,370,-1,370,171,170,-1,167,169,168,-1,168,169,171,-1,168,171,382,-1,382,171,381,-1,382,381,383,-1,383,381,380,-1,383,380,384,-1,384,380,379,-1,384,379,385,-1,385,379,378,-1,385,378,386,-1,386,378,377,-1,386,377,67,-1,67,377,61,-1,164,166,165,-1,165,166,168,-1,165,168,387,-1,387,168,382,-1,387,382,388,-1,388,382,383,-1,388,383,389,-1,389,383,384,-1,389,384,390,-1,390,384,385,-1,390,385,391,-1,391,385,386,-1,391,386,66,-1,66,386,67,-1,392,163,393,-1,393,163,165,-1,393,165,394,-1,394,165,387,-1,394,387,395,-1,395,387,388,-1,395,388,396,-1,396,388,389,-1,396,389,397,-1,397,389,390,-1,397,390,398,-1,398,390,391,-1,398,391,64,-1,64,391,66,-1,64,63,398,-1,398,63,209,-1,398,209,397,-1,397,209,211,-1,397,211,396,-1,396,211,213,-1,396,213,395,-1,395,213,215,-1,395,215,394,-1,394,215,217,-1,394,217,393,-1,393,217,219,-1,393,219,392,-1,392,219,399,-1,162,161,219,-1,219,161,400,-1,219,400,399,-1,401,160,402,-1,402,160,162,-1,402,162,403,-1,403,162,218,-1,403,218,404,-1,404,218,216,-1,404,216,405,-1,405,216,214,-1,405,214,406,-1,406,214,212,-1,406,212,407,-1,407,212,210,-1,407,210,20,-1,20,210,15,-1,20,19,407,-1,407,19,408,-1,407,408,406,-1,406,408,409,-1,406,409,405,-1,405,409,410,-1,405,410,404,-1,404,410,411,-1,404,411,403,-1,403,411,412,-1,403,412,402,-1,402,412,159,-1,402,159,401,-1,401,159,158,-1,155,157,156,-1,156,157,159,-1,156,159,413,-1,413,159,412,-1,413,412,414,-1,414,412,411,-1,414,411,415,-1,415,411,410,-1,415,410,416,-1,416,410,409,-1,416,409,417,-1,417,409,408,-1,417,408,17,-1,17,408,19,-1,152,154,153,-1,153,154,156,-1,153,156,418,-1,418,156,413,-1,418,413,419,-1,419,413,414,-1,419,414,420,-1,420,414,415,-1,420,415,421,-1,421,415,416,-1,421,416,422,-1,422,416,417,-1,422,417,16,-1,16,417,17,-1,423,151,424,-1,424,151,153,-1,424,153,425,-1,425,153,418,-1,425,418,426,-1,426,418,419,-1,426,419,427,-1,427,419,420,-1,427,420,428,-1,428,420,421,-1,428,421,429,-1,429,421,422,-1,429,422,2,-1,2,422,16,-1,2,25,429,-1,429,25,220,-1,429,220,428,-1,428,220,222,-1,428,222,427,-1,427,222,224,-1,427,224,426,-1,426,224,226,-1,426,226,425,-1,425,226,228,-1,425,228,424,-1,424,228,230,-1,424,230,423,-1,423,230,430,-1,150,149,230,-1,230,149,431,-1,230,431,430,-1,432,148,433,-1,433,148,150,-1,433,150,434,-1,434,150,229,-1,434,229,435,-1,435,229,227,-1,435,227,436,-1,436,227,225,-1,436,225,437,-1,437,225,223,-1,437,223,438,-1,438,223,221,-1,438,221,22,-1,22,221,24,-1,22,91,438,-1,438,91,439,-1,438,439,437,-1,437,439,440,-1,437,440,436,-1,436,440,441,-1,436,441,435,-1,435,441,442,-1,435,442,434,-1,434,442,443,-1,434,443,433,-1,433,443,147,-1,433,147,432,-1,432,147,146,-1,143,145,144,-1,144,145,147,-1,144,147,444,-1,444,147,443,-1,444,443,445,-1,445,443,442,-1,445,442,446,-1,446,442,441,-1,446,441,447,-1,447,441,440,-1,447,440,448,-1,448,440,439,-1,448,439,90,-1,90,439,91,-1,140,142,141,-1,141,142,144,-1,141,144,449,-1,449,144,444,-1,449,444,450,-1,450,444,445,-1,450,445,451,-1,451,445,446,-1,451,446,452,-1,452,446,447,-1,452,447,453,-1,453,447,448,-1,453,448,96,-1,96,448,90,-1,454,139,455,-1,455,139,141,-1,455,141,456,-1,456,141,449,-1,456,449,457,-1,457,449,450,-1,457,450,458,-1,458,450,451,-1,458,451,459,-1,459,451,452,-1,459,452,460,-1,460,452,453,-1,460,453,95,-1,95,453,96,-1,95,93,460,-1,460,93,231,-1,460,231,459,-1,459,231,233,-1,459,233,458,-1,458,233,235,-1,458,235,457,-1,457,235,237,-1,457,237,456,-1,456,237,239,-1,456,239,455,-1,455,239,241,-1,455,241,454,-1,454,241,461,-1,138,137,241,-1,241,137,462,-1,241,462,461,-1,463,136,464,-1,464,136,138,-1,464,138,465,-1,465,138,240,-1,465,240,466,-1,466,240,238,-1,466,238,467,-1,467,238,236,-1,467,236,468,-1,468,236,234,-1,468,234,469,-1,469,234,232,-1,469,232,98,-1,98,232,99,-1,98,97,469,-1,469,97,470,-1,469,470,468,-1,468,470,471,-1,468,471,467,-1,467,471,472,-1,467,472,466,-1,466,472,473,-1,466,473,465,-1,465,473,474,-1,465,474,464,-1,464,474,135,-1,464,135,463,-1,463,135,134,-1,475,133,252,-1,252,133,135,-1,252,135,250,-1,250,135,474,-1,250,474,248,-1,248,474,473,-1,248,473,246,-1,246,473,472,-1,246,472,244,-1,244,472,471,-1,244,471,242,-1,242,471,470,-1,242,470,6,-1,6,470,97,-1,132,131,252,-1,252,131,476,-1,252,476,475,-1,477,130,478,-1,478,130,132,-1,478,132,479,-1,479,132,251,-1,479,251,480,-1,480,251,249,-1,480,249,481,-1,481,249,247,-1,481,247,482,-1,482,247,245,-1,482,245,483,-1,483,245,243,-1,483,243,28,-1,28,243,4,-1,28,27,483,-1,483,27,253,-1,483,253,482,-1,482,253,255,-1,482,255,481,-1,481,255,257,-1,481,257,480,-1,480,257,259,-1,480,259,479,-1,479,259,261,-1,479,261,478,-1,478,261,263,-1,478,263,477,-1,477,263,484,-1,129,128,263,-1,263,128,485,-1,263,485,484,-1,486,127,487,-1,487,127,129,-1,487,129,488,-1,488,129,262,-1,488,262,489,-1,489,262,260,-1,489,260,490,-1,490,260,258,-1,490,258,491,-1,491,258,256,-1,491,256,492,-1,492,256,254,-1,492,254,32,-1,32,254,33,-1,32,30,492,-1,492,30,493,-1,492,493,491,-1,491,493,494,-1,491,494,490,-1,490,494,495,-1,490,495,489,-1,489,495,496,-1,489,496,488,-1,488,496,497,-1,488,497,487,-1,487,497,126,-1,487,126,486,-1,486,126,125,-1,498,124,274,-1,274,124,126,-1,274,126,272,-1,272,126,497,-1,272,497,270,-1,270,497,496,-1,270,496,268,-1,268,496,495,-1,268,495,266,-1,266,495,494,-1,266,494,264,-1,264,494,493,-1,264,493,70,-1,70,493,30,-1,123,122,274,-1,274,122,499,-1,274,499,498,-1,500,121,501,-1,501,121,123,-1,501,123,502,-1,502,123,273,-1,502,273,503,-1,503,273,271,-1,503,271,504,-1,504,271,269,-1,504,269,505,-1,505,269,267,-1,505,267,506,-1,506,267,265,-1,506,265,68,-1,68,265,69,-1,68,42,506,-1,506,42,275,-1,506,275,505,-1,505,275,277,-1,505,277,504,-1,504,277,279,-1,504,279,503,-1,503,279,281,-1,503,281,502,-1,502,281,283,-1,502,283,501,-1,501,283,285,-1,501,285,500,-1,500,285,507,-1,120,119,285,-1,285,119,508,-1,285,508,507,-1,509,118,510,-1,510,118,120,-1,510,120,511,-1,511,120,284,-1,511,284,512,-1,512,284,282,-1,512,282,513,-1,513,282,280,-1,513,280,514,-1,514,280,278,-1,514,278,515,-1,515,278,276,-1,515,276,73,-1,73,276,40,-1,73,72,515,-1,515,72,516,-1,515,516,514,-1,514,516,517,-1,514,517,513,-1,513,517,518,-1,513,518,512,-1,512,518,519,-1,512,519,511,-1,511,519,520,-1,511,520,510,-1,510,520,117,-1,510,117,509,-1,509,117,116,-1,521,115,296,-1,296,115,117,-1,296,117,294,-1,294,117,520,-1,294,520,292,-1,292,520,519,-1,292,519,290,-1,290,519,518,-1,290,518,288,-1,288,518,517,-1,288,517,286,-1,286,517,516,-1,286,516,71,-1,71,516,72,-1,114,113,296,-1,296,113,522,-1,296,522,521,-1,523,112,524,-1,524,112,114,-1,524,114,525,-1,525,114,295,-1,525,295,526,-1,526,295,293,-1,526,293,527,-1,527,293,291,-1,527,291,528,-1,528,291,289,-1,528,289,529,-1,529,289,287,-1,529,287,45,-1,45,287,47,-1,45,76,529,-1,529,76,297,-1,529,297,528,-1,528,297,299,-1,528,299,527,-1,527,299,301,-1,527,301,526,-1,526,301,303,-1,526,303,525,-1,525,303,305,-1,525,305,524,-1,524,305,307,-1,524,307,523,-1,523,307,530,-1,111,110,307,-1,307,110,531,-1,307,531,530,-1,532,109,533,-1,533,109,111,-1,533,111,534,-1,534,111,306,-1,534,306,535,-1,535,306,304,-1,535,304,536,-1,536,304,302,-1,536,302,537,-1,537,302,300,-1,537,300,538,-1,538,300,298,-1,538,298,74,-1,74,298,75,-1,74,37,538,-1,538,37,539,-1,538,539,537,-1,537,539,540,-1,537,540,536,-1,536,540,541,-1,536,541,535,-1,535,541,542,-1,535,542,534,-1,534,542,543,-1,534,543,533,-1,533,543,108,-1,533,108,532,-1,532,108,107,-1,544,106,318,-1,318,106,108,-1,318,108,316,-1,316,108,543,-1,316,543,314,-1,314,543,542,-1,314,542,312,-1,312,542,541,-1,312,541,310,-1,310,541,540,-1,310,540,308,-1,308,540,539,-1,308,539,35,-1,35,539,37,-1,105,104,318,-1,318,104,545,-1,318,545,544,-1,546,103,547,-1,547,103,105,-1,547,105,548,-1,548,105,317,-1,548,317,549,-1,549,317,315,-1,549,315,550,-1,550,315,313,-1,550,313,551,-1,551,313,311,-1,551,311,552,-1,552,311,309,-1,552,309,50,-1,50,309,51,-1,50,83,552,-1,552,83,319,-1,552,319,551,-1,551,319,321,-1,551,321,550,-1,550,321,323,-1,550,323,549,-1,549,323,325,-1,549,325,548,-1,548,325,327,-1,548,327,547,-1,547,327,329,-1,547,329,546,-1,546,329,553,-1,102,101,329,-1,329,101,554,-1,329,554,553,-1,555,100,556,-1,556,100,102,-1,556,102,557,-1,557,102,328,-1,557,328,558,-1,558,328,326,-1,558,326,559,-1,559,326,324,-1,559,324,560,-1,560,324,322,-1,560,322,561,-1,561,322,320,-1,561,320,80,-1,80,320,82,-1,80,78,561,-1,561,78,562,-1,561,562,560,-1,560,562,563,-1,560,563,559,-1,559,563,564,-1,559,564,558,-1,558,564,565,-1,558,565,557,-1,557,565,566,-1,557,566,556,-1,556,566,567,-1,556,567,555,-1,555,567,568,-1,569,336,570,-1,570,336,337,-1,570,337,571,-1,571,337,338,-1,571,338,572,-1,572,338,185,-1,572,185,573,-1,573,185,184,-1,573,184,574,-1,574,184,339,-1,574,339,575,-1,575,339,182,-1,575,182,576,-1,576,182,181,-1,576,181,577,-1,577,181,179,-1,577,179,578,-1,578,179,178,-1,578,178,579,-1,579,178,176,-1,579,176,580,-1,580,176,175,-1,580,175,581,-1,581,175,361,-1,581,361,582,-1,582,361,368,-1,582,368,583,-1,583,368,369,-1,583,369,584,-1,584,369,173,-1,584,173,585,-1,585,173,172,-1,585,172,586,-1,586,172,370,-1,586,370,587,-1,587,370,170,-1,587,170,588,-1,588,170,169,-1,588,169,589,-1,589,169,167,-1,589,167,590,-1,590,167,166,-1,590,166,591,-1,591,166,164,-1,591,164,592,-1,592,164,163,-1,592,163,593,-1,593,163,392,-1,593,392,594,-1,594,392,399,-1,594,399,595,-1,595,399,400,-1,595,400,596,-1,596,400,161,-1,596,161,597,-1,597,161,160,-1,597,160,598,-1,598,160,401,-1,598,401,599,-1,599,401,158,-1,599,158,600,-1,600,158,157,-1,600,157,601,-1,601,157,155,-1,601,155,602,-1,602,155,154,-1,602,154,603,-1,603,154,152,-1,603,152,604,-1,604,152,151,-1,604,151,605,-1,605,151,423,-1,605,423,606,-1,606,423,430,-1,606,430,607,-1,607,430,431,-1,607,431,608,-1,608,431,149,-1,608,149,609,-1,609,149,148,-1,609,148,610,-1,610,148,432,-1,610,432,611,-1,611,432,146,-1,611,146,612,-1,612,146,145,-1,612,145,613,-1,613,145,143,-1,613,143,614,-1,614,143,142,-1,614,142,615,-1,615,142,140,-1,615,140,616,-1,616,140,139,-1,616,139,617,-1,617,139,454,-1,617,454,618,-1,618,454,461,-1,618,461,619,-1,619,461,462,-1,619,462,620,-1,620,462,137,-1,620,137,621,-1,621,137,136,-1,621,136,622,-1,622,136,463,-1,622,463,623,-1,623,463,134,-1,623,134,624,-1,624,134,133,-1,624,133,625,-1,625,133,475,-1,625,475,626,-1,626,475,476,-1,626,476,627,-1,627,476,131,-1,627,131,628,-1,628,131,130,-1,628,130,629,-1,629,130,477,-1,629,477,630,-1,630,477,484,-1,630,484,631,-1,631,484,485,-1,631,485,632,-1,632,485,128,-1,632,128,633,-1,633,128,127,-1,633,127,634,-1,634,127,486,-1,634,486,635,-1,635,486,125,-1,635,125,636,-1,636,125,124,-1,636,124,637,-1,637,124,498,-1,637,498,638,-1,638,498,499,-1,638,499,639,-1,639,499,122,-1,639,122,640,-1,640,122,121,-1,640,121,641,-1,641,121,500,-1,641,500,642,-1,642,500,507,-1,642,507,643,-1,643,507,508,-1,643,508,644,-1,644,508,119,-1,644,119,645,-1,645,119,118,-1,645,118,646,-1,646,118,509,-1,646,509,647,-1,647,509,116,-1,647,116,648,-1,648,116,115,-1,648,115,649,-1,649,115,521,-1,649,521,650,-1,650,521,522,-1,650,522,651,-1,651,522,113,-1,651,113,652,-1,652,113,112,-1,652,112,653,-1,653,112,523,-1,653,523,654,-1,654,523,530,-1,654,530,655,-1,655,530,531,-1,655,531,656,-1,656,531,110,-1,656,110,657,-1,657,110,109,-1,657,109,658,-1,658,109,532,-1,658,532,659,-1,659,532,107,-1,659,107,660,-1,660,107,106,-1,660,106,661,-1,661,106,544,-1,661,544,662,-1,662,544,545,-1,662,545,663,-1,663,545,104,-1,663,104,664,-1,664,104,103,-1,664,103,665,-1,665,103,546,-1,665,546,666,-1,666,546,553,-1,666,553,667,-1,667,553,554,-1,667,554,668,-1,668,554,101,-1,668,101,669,-1,669,101,100,-1,669,100,670,-1,670,100,555,-1,670,555,671,-1,671,555,568,-1,672,673,674,-1,675,676,677,-1,678,679,680,-1,681,682,683,-1,684,685,686,-1,687,688,689,-1,690,691,692,-1,693,694,695,-1,696,697,698,-1,699,700,701,-1,702,703,704,-1,705,706,707,-1,708,709,710,-1,711,712,713,-1,714,715,716,-1,717,718,719,-1,720,721,722,-1,723,724,725,-1,726,727,728,-1,729,730,731,-1,732,733,734,-1,735,736,737,-1,738,739,740,-1,741,742,743,-1,744,745,746,-1,747,748,749,-1,750,751,752,-1,753,754,755,-1,756,757,758,-1,759,760,761,-1,762,763,764,-1,765,766,767,-1,768,769,770,-1,771,772,773,-1,774,775,776,-1,777,778,779,-1,780,781,782,-1,783,784,785,-1,786,787,788,-1,789,790,791,-1,792,793,794,-1,795,796,797,-1,798,799,800,-1,801,802,803,-1,804,805,806,-1,807,808,809,-1,810,811,812,-1,813,814,815,-1,816,817,818,-1,819,820,821,-1,822,823,824,-1,825,826,827,-1,828,829,830,-1,831,832,833,-1,834,835,836,-1,837,838,839,-1,669,670,840,-1,664,665,841,-1,660,661,842,-1,657,658,843,-1,652,653,844,-1,650,651,845,-1,648,649,846,-1,645,646,847,-1,640,641,848,-1,638,639,849,-1,636,637,850,-1,633,634,851,-1,628,629,852,-1,626,627,853,-1,624,625,854,-1,621,622,855,-1,856,617,618,-1,617,856,616,-1,612,613,857,-1,607,608,858,-1,859,605,606,-1,605,859,604,-1,600,601,860,-1,595,596,861,-1,862,593,594,-1,593,862,592,-1,588,589,863,-1,583,584,864,-1,865,581,582,-1,581,865,580,-1,576,577,866,-1,839,574,575,-1,571,572,838,-1,838,572,839,-1,839,572,573,-1,839,573,574,-1,867,575,576,-1,577,578,868,-1,868,578,579,-1,868,579,580,-1,869,582,583,-1,584,585,870,-1,870,585,586,-1,870,586,587,-1,871,587,588,-1,589,590,872,-1,872,590,591,-1,872,591,592,-1,873,594,595,-1,596,597,874,-1,874,597,598,-1,874,598,599,-1,875,599,600,-1,601,602,876,-1,876,602,603,-1,876,603,604,-1,877,606,607,-1,608,609,878,-1,878,609,610,-1,878,610,611,-1,879,611,612,-1,613,614,880,-1,880,614,615,-1,880,615,616,-1,621,855,620,-1,633,851,632,-1,645,847,644,-1,657,843,656,-1,664,841,663,-1,669,840,668,-1,570,571,881,-1,881,571,838,-1,881,838,882,-1,882,838,837,-1,882,837,836,-1,883,884,885,-1,569,570,886,-1,886,570,881,-1,886,881,887,-1,887,881,882,-1,887,882,888,-1,888,882,836,-1,888,836,889,-1,889,836,835,-1,575,867,839,-1,839,867,890,-1,839,890,837,-1,837,890,833,-1,837,833,836,-1,836,833,832,-1,836,832,834,-1,576,866,867,-1,867,866,891,-1,867,891,890,-1,890,891,830,-1,890,830,833,-1,833,830,829,-1,833,829,831,-1,577,868,866,-1,866,868,892,-1,866,892,891,-1,891,892,827,-1,891,827,830,-1,830,827,826,-1,830,826,828,-1,580,865,868,-1,868,865,893,-1,868,893,892,-1,892,893,824,-1,892,824,827,-1,827,824,823,-1,827,823,825,-1,582,869,865,-1,865,869,894,-1,865,894,893,-1,893,894,821,-1,893,821,824,-1,824,821,820,-1,824,820,822,-1,583,864,869,-1,869,864,895,-1,869,895,894,-1,894,895,818,-1,894,818,821,-1,821,818,817,-1,821,817,819,-1,584,870,864,-1,864,870,896,-1,864,896,895,-1,895,896,815,-1,895,815,818,-1,818,815,814,-1,818,814,816,-1,587,871,870,-1,870,871,897,-1,870,897,896,-1,896,897,812,-1,896,812,815,-1,815,812,811,-1,815,811,813,-1,588,863,871,-1,871,863,898,-1,871,898,897,-1,897,898,809,-1,897,809,812,-1,812,809,808,-1,812,808,810,-1,589,872,863,-1,863,872,899,-1,863,899,898,-1,898,899,806,-1,898,806,809,-1,809,806,805,-1,809,805,807,-1,592,862,872,-1,872,862,900,-1,872,900,899,-1,899,900,803,-1,899,803,806,-1,806,803,802,-1,806,802,804,-1,594,873,862,-1,862,873,901,-1,862,901,900,-1,900,901,800,-1,900,800,803,-1,803,800,799,-1,803,799,801,-1,595,861,873,-1,873,861,902,-1,873,902,901,-1,901,902,797,-1,901,797,800,-1,800,797,796,-1,800,796,798,-1,596,874,861,-1,861,874,903,-1,861,903,902,-1,902,903,794,-1,902,794,797,-1,797,794,793,-1,797,793,795,-1,599,875,874,-1,874,875,904,-1,874,904,903,-1,903,904,791,-1,903,791,794,-1,794,791,790,-1,794,790,792,-1,600,860,875,-1,875,860,905,-1,875,905,904,-1,904,905,788,-1,904,788,791,-1,791,788,787,-1,791,787,789,-1,601,876,860,-1,860,876,906,-1,860,906,905,-1,905,906,785,-1,905,785,788,-1,788,785,784,-1,788,784,786,-1,604,859,876,-1,876,859,907,-1,876,907,906,-1,906,907,782,-1,906,782,785,-1,785,782,781,-1,785,781,783,-1,606,877,859,-1,859,877,908,-1,859,908,907,-1,907,908,779,-1,907,779,782,-1,782,779,778,-1,782,778,780,-1,607,858,877,-1,877,858,909,-1,877,909,908,-1,908,909,776,-1,908,776,779,-1,779,776,775,-1,779,775,777,-1,608,878,858,-1,858,878,910,-1,858,910,909,-1,909,910,773,-1,909,773,776,-1,776,773,772,-1,776,772,774,-1,611,879,878,-1,878,879,911,-1,878,911,910,-1,910,911,770,-1,910,770,773,-1,773,770,769,-1,773,769,771,-1,612,857,879,-1,879,857,912,-1,879,912,911,-1,911,912,767,-1,911,767,770,-1,770,767,766,-1,770,766,768,-1,613,880,857,-1,857,880,913,-1,857,913,912,-1,912,913,764,-1,912,764,767,-1,767,764,763,-1,767,763,765,-1,616,856,880,-1,880,856,914,-1,880,914,913,-1,913,914,761,-1,913,761,764,-1,764,761,760,-1,764,760,762,-1,618,915,856,-1,856,915,916,-1,856,916,914,-1,914,916,758,-1,914,758,761,-1,761,758,757,-1,761,757,759,-1,915,883,916,-1,916,883,885,-1,916,885,758,-1,758,885,917,-1,758,917,756,-1,918,919,920,-1,920,919,884,-1,920,884,921,-1,921,884,883,-1,921,883,922,-1,922,883,915,-1,922,915,619,-1,619,915,618,-1,919,923,884,-1,884,923,924,-1,884,924,885,-1,885,924,925,-1,885,925,917,-1,754,918,755,-1,755,918,920,-1,755,920,926,-1,926,920,921,-1,926,921,855,-1,855,921,922,-1,855,922,620,-1,620,922,619,-1,751,753,752,-1,752,753,755,-1,752,755,927,-1,927,755,926,-1,927,926,928,-1,928,926,855,-1,928,855,623,-1,623,855,622,-1,748,750,749,-1,749,750,752,-1,749,752,929,-1,929,752,927,-1,929,927,854,-1,854,927,928,-1,854,928,624,-1,624,928,623,-1,745,747,746,-1,746,747,749,-1,746,749,930,-1,930,749,929,-1,930,929,853,-1,853,929,854,-1,853,854,626,-1,626,854,625,-1,742,744,743,-1,743,744,746,-1,743,746,931,-1,931,746,930,-1,931,930,852,-1,852,930,853,-1,852,853,628,-1,628,853,627,-1,739,741,740,-1,740,741,743,-1,740,743,932,-1,932,743,931,-1,932,931,933,-1,933,931,852,-1,933,852,630,-1,630,852,629,-1,736,738,737,-1,737,738,740,-1,737,740,934,-1,934,740,932,-1,934,932,935,-1,935,932,933,-1,935,933,631,-1,631,933,630,-1,733,735,734,-1,734,735,737,-1,734,737,936,-1,936,737,934,-1,936,934,851,-1,851,934,935,-1,851,935,632,-1,632,935,631,-1,730,732,731,-1,731,732,734,-1,731,734,937,-1,937,734,936,-1,937,936,938,-1,938,936,851,-1,938,851,635,-1,635,851,634,-1,727,729,728,-1,728,729,731,-1,728,731,939,-1,939,731,937,-1,939,937,850,-1,850,937,938,-1,850,938,636,-1,636,938,635,-1,724,726,725,-1,725,726,728,-1,725,728,940,-1,940,728,939,-1,940,939,849,-1,849,939,850,-1,849,850,638,-1,638,850,637,-1,721,723,722,-1,722,723,725,-1,722,725,941,-1,941,725,940,-1,941,940,848,-1,848,940,849,-1,848,849,640,-1,640,849,639,-1,718,720,719,-1,719,720,722,-1,719,722,942,-1,942,722,941,-1,942,941,943,-1,943,941,848,-1,943,848,642,-1,642,848,641,-1,715,717,716,-1,716,717,719,-1,716,719,944,-1,944,719,942,-1,944,942,945,-1,945,942,943,-1,945,943,643,-1,643,943,642,-1,712,714,713,-1,713,714,716,-1,713,716,946,-1,946,716,944,-1,946,944,847,-1,847,944,945,-1,847,945,644,-1,644,945,643,-1,709,711,710,-1,710,711,713,-1,710,713,947,-1,947,713,946,-1,947,946,948,-1,948,946,847,-1,948,847,647,-1,647,847,646,-1,706,708,707,-1,707,708,710,-1,707,710,949,-1,949,710,947,-1,949,947,846,-1,846,947,948,-1,846,948,648,-1,648,948,647,-1,703,705,704,-1,704,705,707,-1,704,707,950,-1,950,707,949,-1,950,949,845,-1,845,949,846,-1,845,846,650,-1,650,846,649,-1,700,702,701,-1,701,702,704,-1,701,704,951,-1,951,704,950,-1,951,950,844,-1,844,950,845,-1,844,845,652,-1,652,845,651,-1,697,699,698,-1,698,699,701,-1,698,701,952,-1,952,701,951,-1,952,951,953,-1,953,951,844,-1,953,844,654,-1,654,844,653,-1,694,696,695,-1,695,696,698,-1,695,698,954,-1,954,698,952,-1,954,952,955,-1,955,952,953,-1,955,953,655,-1,655,953,654,-1,691,693,692,-1,692,693,695,-1,692,695,956,-1,956,695,954,-1,956,954,843,-1,843,954,955,-1,843,955,656,-1,656,955,655,-1,688,690,689,-1,689,690,692,-1,689,692,957,-1,957,692,956,-1,957,956,958,-1,958,956,843,-1,958,843,659,-1,659,843,658,-1,685,687,686,-1,686,687,689,-1,686,689,959,-1,959,689,957,-1,959,957,842,-1,842,957,958,-1,842,958,660,-1,660,958,659,-1,682,684,683,-1,683,684,686,-1,683,686,960,-1,960,686,959,-1,960,959,961,-1,961,959,842,-1,961,842,662,-1,662,842,661,-1,679,681,680,-1,680,681,683,-1,680,683,962,-1,962,683,960,-1,962,960,841,-1,841,960,961,-1,841,961,663,-1,663,961,662,-1,676,678,677,-1,677,678,680,-1,677,680,963,-1,963,680,962,-1,963,962,964,-1,964,962,841,-1,964,841,666,-1,666,841,665,-1,673,675,674,-1,674,675,677,-1,674,677,965,-1,965,677,963,-1,965,963,966,-1,966,963,964,-1,966,964,667,-1,667,964,666,-1,967,672,968,-1,968,672,674,-1,968,674,969,-1,969,674,965,-1,969,965,840,-1,840,965,966,-1,840,966,668,-1,668,966,667,-1,670,671,840,-1,840,671,970,-1,840,970,969,-1,969,970,971,-1,969,971,968,-1,968,971,972,-1,968,972,967,-1,967,972,973,-1,974,975,976,-1,977,978,979,-1,980,981,982,-1,983,984,985,-1,986,987,988,-1,989,990,991,-1,992,993,994,-1,995,996,997,-1,998,999,1000,-1,1001,1002,1003,-1,1004,1005,1006,-1,1007,1008,1009,-1,1010,1011,1012,-1,1013,1014,1015,-1,1016,1017,1018,-1,1019,1020,1021,-1,1022,1023,1024,-1,1025,1026,1027,-1,1028,1029,1030,-1,1031,1032,1033,-1,1034,1035,1036,-1,1037,1038,1039,-1,1040,1041,1042,-1,1043,1044,1045,-1,1046,1047,1048,-1,1049,1050,1051,-1,1052,1053,1054,-1,688,687,1055,-1,691,690,1056,-1,694,693,1057,-1,697,696,1058,-1,700,699,1059,-1,703,702,1060,-1,706,705,1061,-1,709,708,1062,-1,712,711,1063,-1,715,714,1064,-1,718,717,1065,-1,721,720,1066,-1,724,723,1067,-1,727,726,1068,-1,924,923,1069,-1,917,925,1070,-1,757,756,1071,-1,760,759,1072,-1,763,762,1073,-1,766,765,1074,-1,769,768,1075,-1,772,771,1076,-1,775,774,1077,-1,778,777,1078,-1,781,780,1079,-1,784,783,1080,-1,787,786,1081,-1,790,789,1082,-1,793,792,1083,-1,796,795,1084,-1,799,798,1085,-1,802,801,1086,-1,1087,889,835,-1,835,834,1088,-1,1088,834,832,-1,832,831,1089,-1,1089,831,829,-1,829,828,1090,-1,1090,828,826,-1,826,825,1091,-1,1091,825,823,-1,823,822,1092,-1,1092,822,820,-1,820,819,1093,-1,1093,819,817,-1,817,816,1094,-1,1094,816,814,-1,814,813,1095,-1,1095,813,811,-1,811,810,1096,-1,1096,810,808,-1,808,807,1097,-1,1097,807,805,-1,805,804,1098,-1,1098,804,802,-1,799,1085,801,-1,796,1084,798,-1,793,1083,795,-1,790,1082,792,-1,787,1081,789,-1,784,1080,786,-1,781,1079,783,-1,778,1078,780,-1,775,1077,777,-1,772,1076,774,-1,769,1075,771,-1,766,1074,768,-1,763,1073,765,-1,760,1072,762,-1,757,1071,759,-1,917,1070,756,-1,924,1069,925,-1,923,919,1099,-1,1099,919,918,-1,1099,918,754,-1,754,753,1100,-1,1100,753,751,-1,751,750,1101,-1,1101,750,748,-1,748,747,1102,-1,1102,747,745,-1,745,744,1103,-1,1103,744,742,-1,742,741,1104,-1,1104,741,739,-1,739,738,1105,-1,1105,738,736,-1,736,735,1106,-1,1106,735,733,-1,733,732,1107,-1,1107,732,730,-1,730,729,1108,-1,1108,729,727,-1,685,684,1052,-1,1052,684,682,-1,1052,682,1053,-1,1053,682,681,-1,1053,681,679,-1,1109,678,676,-1,1110,675,673,-1,1111,672,967,-1,1112,1054,1113,-1,1113,1054,1053,-1,1113,1053,1109,-1,1109,1053,679,-1,1109,679,678,-1,1114,1112,1115,-1,1115,1112,1113,-1,1115,1113,1116,-1,1116,1113,1109,-1,1116,1109,1110,-1,1110,1109,676,-1,1110,676,675,-1,1117,1114,1118,-1,1118,1114,1115,-1,1118,1115,1119,-1,1119,1115,1116,-1,1119,1116,1120,-1,1120,1116,1110,-1,1120,1110,1111,-1,1111,1110,673,-1,1111,673,672,-1,1121,1117,1122,-1,1122,1117,1118,-1,1122,1118,1123,-1,1123,1118,1119,-1,1123,1119,1124,-1,1124,1119,1120,-1,1124,1120,1125,-1,1125,1120,1111,-1,1125,1111,1126,-1,1126,1111,967,-1,1126,967,973,-1,1127,1128,1129,-1,1130,1131,1132,-1,835,1088,1087,-1,1087,1088,1133,-1,1087,1133,1134,-1,1134,1133,1135,-1,1134,1135,1136,-1,1136,1135,1137,-1,1136,1137,1138,-1,1138,1137,1139,-1,1138,1139,1140,-1,1140,1139,1130,-1,1140,1130,1141,-1,1141,1130,1132,-1,1141,1132,1142,-1,1143,1144,1145,-1,832,1089,1088,-1,1088,1089,1146,-1,1088,1146,1133,-1,1133,1146,1147,-1,1133,1147,1135,-1,1135,1147,1148,-1,1135,1148,1137,-1,1137,1148,1149,-1,1137,1149,1139,-1,1139,1149,1143,-1,1139,1143,1130,-1,1130,1143,1145,-1,1130,1145,1131,-1,1150,1151,1152,-1,829,1090,1089,-1,1089,1090,1153,-1,1089,1153,1146,-1,1146,1153,1154,-1,1146,1154,1147,-1,1147,1154,1155,-1,1147,1155,1148,-1,1148,1155,1156,-1,1148,1156,1149,-1,1149,1156,1150,-1,1149,1150,1143,-1,1143,1150,1152,-1,1143,1152,1144,-1,1157,1158,1159,-1,826,1091,1090,-1,1090,1091,1160,-1,1090,1160,1153,-1,1153,1160,1161,-1,1153,1161,1154,-1,1154,1161,1162,-1,1154,1162,1155,-1,1155,1162,1163,-1,1155,1163,1156,-1,1156,1163,1157,-1,1156,1157,1150,-1,1150,1157,1159,-1,1150,1159,1151,-1,1164,1165,1166,-1,823,1092,1091,-1,1091,1092,1167,-1,1091,1167,1160,-1,1160,1167,1168,-1,1160,1168,1161,-1,1161,1168,1169,-1,1161,1169,1162,-1,1162,1169,1170,-1,1162,1170,1163,-1,1163,1170,1164,-1,1163,1164,1157,-1,1157,1164,1166,-1,1157,1166,1158,-1,1171,1172,1173,-1,820,1093,1092,-1,1092,1093,1174,-1,1092,1174,1167,-1,1167,1174,1175,-1,1167,1175,1168,-1,1168,1175,1176,-1,1168,1176,1169,-1,1169,1176,1177,-1,1169,1177,1170,-1,1170,1177,1171,-1,1170,1171,1164,-1,1164,1171,1173,-1,1164,1173,1165,-1,1178,1179,1180,-1,817,1094,1093,-1,1093,1094,1181,-1,1093,1181,1174,-1,1174,1181,1182,-1,1174,1182,1175,-1,1175,1182,1183,-1,1175,1183,1176,-1,1176,1183,1184,-1,1176,1184,1177,-1,1177,1184,1178,-1,1177,1178,1171,-1,1171,1178,1180,-1,1171,1180,1172,-1,1185,1186,1187,-1,814,1095,1094,-1,1094,1095,1188,-1,1094,1188,1181,-1,1181,1188,1189,-1,1181,1189,1182,-1,1182,1189,1190,-1,1182,1190,1183,-1,1183,1190,1191,-1,1183,1191,1184,-1,1184,1191,1185,-1,1184,1185,1178,-1,1178,1185,1187,-1,1178,1187,1179,-1,1192,1193,1194,-1,811,1096,1095,-1,1095,1096,1195,-1,1095,1195,1188,-1,1188,1195,1196,-1,1188,1196,1189,-1,1189,1196,1197,-1,1189,1197,1190,-1,1190,1197,1198,-1,1190,1198,1191,-1,1191,1198,1192,-1,1191,1192,1185,-1,1185,1192,1194,-1,1185,1194,1186,-1,1199,1200,1201,-1,808,1097,1096,-1,1096,1097,1202,-1,1096,1202,1195,-1,1195,1202,1203,-1,1195,1203,1196,-1,1196,1203,1204,-1,1196,1204,1197,-1,1197,1204,1205,-1,1197,1205,1198,-1,1198,1205,1199,-1,1198,1199,1192,-1,1192,1199,1201,-1,1192,1201,1193,-1,1206,1207,1208,-1,805,1098,1097,-1,1097,1098,1209,-1,1097,1209,1202,-1,1202,1209,1210,-1,1202,1210,1203,-1,1203,1210,1211,-1,1203,1211,1204,-1,1204,1211,1212,-1,1204,1212,1205,-1,1205,1212,1206,-1,1205,1206,1199,-1,1199,1206,1208,-1,1199,1208,1200,-1,1213,1214,1215,-1,802,1086,1098,-1,1098,1086,1216,-1,1098,1216,1209,-1,1209,1216,1217,-1,1209,1217,1210,-1,1210,1217,1218,-1,1210,1218,1211,-1,1211,1218,1219,-1,1211,1219,1212,-1,1212,1219,1213,-1,1212,1213,1206,-1,1206,1213,1215,-1,1206,1215,1207,-1,1220,1221,1222,-1,801,1085,1086,-1,1086,1085,1223,-1,1086,1223,1216,-1,1216,1223,1224,-1,1216,1224,1217,-1,1217,1224,1225,-1,1217,1225,1218,-1,1218,1225,1226,-1,1218,1226,1219,-1,1219,1226,1220,-1,1219,1220,1213,-1,1213,1220,1222,-1,1213,1222,1214,-1,1227,1228,1229,-1,798,1084,1085,-1,1085,1084,1230,-1,1085,1230,1223,-1,1223,1230,1231,-1,1223,1231,1224,-1,1224,1231,1232,-1,1224,1232,1225,-1,1225,1232,1233,-1,1225,1233,1226,-1,1226,1233,1227,-1,1226,1227,1220,-1,1220,1227,1229,-1,1220,1229,1221,-1,1234,1235,1236,-1,795,1083,1084,-1,1084,1083,1237,-1,1084,1237,1230,-1,1230,1237,1238,-1,1230,1238,1231,-1,1231,1238,1239,-1,1231,1239,1232,-1,1232,1239,1240,-1,1232,1240,1233,-1,1233,1240,1234,-1,1233,1234,1227,-1,1227,1234,1236,-1,1227,1236,1228,-1,1241,1242,1243,-1,792,1082,1083,-1,1083,1082,1244,-1,1083,1244,1237,-1,1237,1244,1245,-1,1237,1245,1238,-1,1238,1245,1246,-1,1238,1246,1239,-1,1239,1246,1247,-1,1239,1247,1240,-1,1240,1247,1241,-1,1240,1241,1234,-1,1234,1241,1243,-1,1234,1243,1235,-1,1248,1249,1250,-1,789,1081,1082,-1,1082,1081,1251,-1,1082,1251,1244,-1,1244,1251,1252,-1,1244,1252,1245,-1,1245,1252,1253,-1,1245,1253,1246,-1,1246,1253,1254,-1,1246,1254,1247,-1,1247,1254,1248,-1,1247,1248,1241,-1,1241,1248,1250,-1,1241,1250,1242,-1,1255,1256,1257,-1,786,1080,1081,-1,1081,1080,1258,-1,1081,1258,1251,-1,1251,1258,1259,-1,1251,1259,1252,-1,1252,1259,1260,-1,1252,1260,1253,-1,1253,1260,1261,-1,1253,1261,1254,-1,1254,1261,1255,-1,1254,1255,1248,-1,1248,1255,1257,-1,1248,1257,1249,-1,1262,1263,1264,-1,783,1079,1080,-1,1080,1079,1265,-1,1080,1265,1258,-1,1258,1265,1266,-1,1258,1266,1259,-1,1259,1266,1267,-1,1259,1267,1260,-1,1260,1267,1268,-1,1260,1268,1261,-1,1261,1268,1262,-1,1261,1262,1255,-1,1255,1262,1264,-1,1255,1264,1256,-1,1269,1270,1271,-1,780,1078,1079,-1,1079,1078,1272,-1,1079,1272,1265,-1,1265,1272,1273,-1,1265,1273,1266,-1,1266,1273,1274,-1,1266,1274,1267,-1,1267,1274,1275,-1,1267,1275,1268,-1,1268,1275,1269,-1,1268,1269,1262,-1,1262,1269,1271,-1,1262,1271,1263,-1,1276,1277,1278,-1,777,1077,1078,-1,1078,1077,1279,-1,1078,1279,1272,-1,1272,1279,1280,-1,1272,1280,1273,-1,1273,1280,1281,-1,1273,1281,1274,-1,1274,1281,1282,-1,1274,1282,1275,-1,1275,1282,1276,-1,1275,1276,1269,-1,1269,1276,1278,-1,1269,1278,1270,-1,1283,1284,1285,-1,774,1076,1077,-1,1077,1076,1286,-1,1077,1286,1279,-1,1279,1286,1287,-1,1279,1287,1280,-1,1280,1287,1288,-1,1280,1288,1281,-1,1281,1288,1289,-1,1281,1289,1282,-1,1282,1289,1283,-1,1282,1283,1276,-1,1276,1283,1285,-1,1276,1285,1277,-1,1290,1291,1292,-1,771,1075,1076,-1,1076,1075,1293,-1,1076,1293,1286,-1,1286,1293,1294,-1,1286,1294,1287,-1,1287,1294,1295,-1,1287,1295,1288,-1,1288,1295,1296,-1,1288,1296,1289,-1,1289,1296,1290,-1,1289,1290,1283,-1,1283,1290,1292,-1,1283,1292,1284,-1,1297,1298,1299,-1,768,1074,1075,-1,1075,1074,1300,-1,1075,1300,1293,-1,1293,1300,1301,-1,1293,1301,1294,-1,1294,1301,1302,-1,1294,1302,1295,-1,1295,1302,1303,-1,1295,1303,1296,-1,1296,1303,1297,-1,1296,1297,1290,-1,1290,1297,1299,-1,1290,1299,1291,-1,1304,1305,1306,-1,765,1073,1074,-1,1074,1073,1307,-1,1074,1307,1300,-1,1300,1307,1308,-1,1300,1308,1301,-1,1301,1308,1309,-1,1301,1309,1302,-1,1302,1309,1310,-1,1302,1310,1303,-1,1303,1310,1304,-1,1303,1304,1297,-1,1297,1304,1306,-1,1297,1306,1298,-1,1311,1312,1313,-1,762,1072,1073,-1,1073,1072,1314,-1,1073,1314,1307,-1,1307,1314,1315,-1,1307,1315,1308,-1,1308,1315,1316,-1,1308,1316,1309,-1,1309,1316,1317,-1,1309,1317,1310,-1,1310,1317,1311,-1,1310,1311,1304,-1,1304,1311,1313,-1,1304,1313,1305,-1,1318,1319,1320,-1,759,1071,1072,-1,1072,1071,1321,-1,1072,1321,1314,-1,1314,1321,1322,-1,1314,1322,1315,-1,1315,1322,1323,-1,1315,1323,1316,-1,1316,1323,1324,-1,1316,1324,1317,-1,1317,1324,1318,-1,1317,1318,1311,-1,1311,1318,1320,-1,1311,1320,1312,-1,1325,1326,1327,-1,756,1070,1071,-1,1071,1070,1328,-1,1071,1328,1321,-1,1321,1328,1329,-1,1321,1329,1322,-1,1322,1329,1330,-1,1322,1330,1323,-1,1323,1330,1331,-1,1323,1331,1324,-1,1324,1331,1325,-1,1324,1325,1318,-1,1318,1325,1327,-1,1318,1327,1319,-1,1332,1333,1334,-1,1334,1333,1335,-1,925,1069,1070,-1,1070,1069,1336,-1,1070,1336,1328,-1,1328,1336,1337,-1,1328,1337,1329,-1,1329,1337,1338,-1,1329,1338,1330,-1,1330,1338,1339,-1,1330,1339,1331,-1,1331,1339,1334,-1,1331,1334,1325,-1,1325,1334,1335,-1,1325,1335,1326,-1,923,1099,1069,-1,1069,1099,1340,-1,1069,1340,1336,-1,1336,1340,1341,-1,1336,1341,1337,-1,1337,1341,1342,-1,1337,1342,1338,-1,1338,1342,1343,-1,1338,1343,1339,-1,1339,1343,1051,-1,1339,1051,1334,-1,1334,1051,1050,-1,1334,1050,1332,-1,754,1100,1099,-1,1099,1100,1344,-1,1099,1344,1340,-1,1340,1344,1345,-1,1340,1345,1341,-1,1341,1345,1346,-1,1341,1346,1342,-1,1342,1346,1347,-1,1342,1347,1343,-1,1343,1347,1048,-1,1343,1048,1051,-1,1051,1048,1047,-1,1051,1047,1049,-1,751,1101,1100,-1,1100,1101,1348,-1,1100,1348,1344,-1,1344,1348,1349,-1,1344,1349,1345,-1,1345,1349,1350,-1,1345,1350,1346,-1,1346,1350,1351,-1,1346,1351,1347,-1,1347,1351,1045,-1,1347,1045,1048,-1,1048,1045,1044,-1,1048,1044,1046,-1,748,1102,1101,-1,1101,1102,1352,-1,1101,1352,1348,-1,1348,1352,1353,-1,1348,1353,1349,-1,1349,1353,1354,-1,1349,1354,1350,-1,1350,1354,1355,-1,1350,1355,1351,-1,1351,1355,1042,-1,1351,1042,1045,-1,1045,1042,1041,-1,1045,1041,1043,-1,745,1103,1102,-1,1102,1103,1356,-1,1102,1356,1352,-1,1352,1356,1357,-1,1352,1357,1353,-1,1353,1357,1358,-1,1353,1358,1354,-1,1354,1358,1359,-1,1354,1359,1355,-1,1355,1359,1039,-1,1355,1039,1042,-1,1042,1039,1038,-1,1042,1038,1040,-1,742,1104,1103,-1,1103,1104,1360,-1,1103,1360,1356,-1,1356,1360,1361,-1,1356,1361,1357,-1,1357,1361,1362,-1,1357,1362,1358,-1,1358,1362,1363,-1,1358,1363,1359,-1,1359,1363,1036,-1,1359,1036,1039,-1,1039,1036,1035,-1,1039,1035,1037,-1,739,1105,1104,-1,1104,1105,1364,-1,1104,1364,1360,-1,1360,1364,1365,-1,1360,1365,1361,-1,1361,1365,1366,-1,1361,1366,1362,-1,1362,1366,1367,-1,1362,1367,1363,-1,1363,1367,1033,-1,1363,1033,1036,-1,1036,1033,1032,-1,1036,1032,1034,-1,736,1106,1105,-1,1105,1106,1368,-1,1105,1368,1364,-1,1364,1368,1369,-1,1364,1369,1365,-1,1365,1369,1370,-1,1365,1370,1366,-1,1366,1370,1371,-1,1366,1371,1367,-1,1367,1371,1030,-1,1367,1030,1033,-1,1033,1030,1029,-1,1033,1029,1031,-1,733,1107,1106,-1,1106,1107,1372,-1,1106,1372,1368,-1,1368,1372,1373,-1,1368,1373,1369,-1,1369,1373,1374,-1,1369,1374,1370,-1,1370,1374,1375,-1,1370,1375,1371,-1,1371,1375,1027,-1,1371,1027,1030,-1,1030,1027,1026,-1,1030,1026,1028,-1,730,1108,1107,-1,1107,1108,1376,-1,1107,1376,1372,-1,1372,1376,1377,-1,1372,1377,1373,-1,1373,1377,1378,-1,1373,1378,1374,-1,1374,1378,1379,-1,1374,1379,1375,-1,1375,1379,1024,-1,1375,1024,1027,-1,1027,1024,1023,-1,1027,1023,1025,-1,727,1068,1108,-1,1108,1068,1380,-1,1108,1380,1376,-1,1376,1380,1381,-1,1376,1381,1377,-1,1377,1381,1382,-1,1377,1382,1378,-1,1378,1382,1383,-1,1378,1383,1379,-1,1379,1383,1021,-1,1379,1021,1024,-1,1024,1021,1020,-1,1024,1020,1022,-1,1068,1384,1380,-1,1380,1384,1385,-1,1380,1385,1381,-1,1381,1385,1386,-1,1381,1386,1382,-1,1382,1386,1387,-1,1382,1387,1383,-1,1383,1387,1018,-1,1383,1018,1021,-1,1021,1018,1017,-1,1021,1017,1019,-1,1384,1388,1385,-1,1385,1388,1389,-1,1385,1389,1386,-1,1386,1389,1390,-1,1386,1390,1387,-1,1387,1390,1015,-1,1387,1015,1018,-1,1018,1015,1014,-1,1018,1014,1016,-1,1388,1391,1389,-1,1389,1391,1392,-1,1389,1392,1390,-1,1390,1392,1012,-1,1390,1012,1015,-1,1015,1012,1011,-1,1015,1011,1013,-1,1391,1129,1392,-1,1392,1129,1128,-1,1392,1128,1012,-1,1012,1128,1393,-1,1012,1393,1010,-1,1394,1395,1396,-1,1396,1395,1127,-1,1396,1127,1397,-1,1397,1127,1129,-1,1397,1129,1398,-1,1398,1129,1391,-1,1398,1391,1399,-1,1399,1391,1388,-1,1399,1388,1400,-1,1400,1388,1384,-1,1400,1384,1067,-1,1067,1384,1068,-1,1067,1068,724,-1,724,1068,726,-1,1395,1401,1127,-1,1127,1401,1402,-1,1127,1402,1128,-1,1128,1402,1403,-1,1128,1403,1393,-1,1008,1394,1009,-1,1009,1394,1396,-1,1009,1396,1404,-1,1404,1396,1397,-1,1404,1397,1405,-1,1405,1397,1398,-1,1405,1398,1406,-1,1406,1398,1399,-1,1406,1399,1407,-1,1407,1399,1400,-1,1407,1400,1066,-1,1066,1400,1067,-1,1066,1067,721,-1,721,1067,723,-1,1005,1007,1006,-1,1006,1007,1009,-1,1006,1009,1408,-1,1408,1009,1404,-1,1408,1404,1409,-1,1409,1404,1405,-1,1409,1405,1410,-1,1410,1405,1406,-1,1410,1406,1411,-1,1411,1406,1407,-1,1411,1407,1065,-1,1065,1407,1066,-1,1065,1066,718,-1,718,1066,720,-1,1002,1004,1003,-1,1003,1004,1006,-1,1003,1006,1412,-1,1412,1006,1408,-1,1412,1408,1413,-1,1413,1408,1409,-1,1413,1409,1414,-1,1414,1409,1410,-1,1414,1410,1415,-1,1415,1410,1411,-1,1415,1411,1064,-1,1064,1411,1065,-1,1064,1065,715,-1,715,1065,717,-1,999,1001,1000,-1,1000,1001,1003,-1,1000,1003,1416,-1,1416,1003,1412,-1,1416,1412,1417,-1,1417,1412,1413,-1,1417,1413,1418,-1,1418,1413,1414,-1,1418,1414,1419,-1,1419,1414,1415,-1,1419,1415,1063,-1,1063,1415,1064,-1,1063,1064,712,-1,712,1064,714,-1,996,998,997,-1,997,998,1000,-1,997,1000,1420,-1,1420,1000,1416,-1,1420,1416,1421,-1,1421,1416,1417,-1,1421,1417,1422,-1,1422,1417,1418,-1,1422,1418,1423,-1,1423,1418,1419,-1,1423,1419,1062,-1,1062,1419,1063,-1,1062,1063,709,-1,709,1063,711,-1,993,995,994,-1,994,995,997,-1,994,997,1424,-1,1424,997,1420,-1,1424,1420,1425,-1,1425,1420,1421,-1,1425,1421,1426,-1,1426,1421,1422,-1,1426,1422,1427,-1,1427,1422,1423,-1,1427,1423,1061,-1,1061,1423,1062,-1,1061,1062,706,-1,706,1062,708,-1,990,992,991,-1,991,992,994,-1,991,994,1428,-1,1428,994,1424,-1,1428,1424,1429,-1,1429,1424,1425,-1,1429,1425,1430,-1,1430,1425,1426,-1,1430,1426,1431,-1,1431,1426,1427,-1,1431,1427,1060,-1,1060,1427,1061,-1,1060,1061,703,-1,703,1061,705,-1,987,989,988,-1,988,989,991,-1,988,991,1432,-1,1432,991,1428,-1,1432,1428,1433,-1,1433,1428,1429,-1,1433,1429,1434,-1,1434,1429,1430,-1,1434,1430,1435,-1,1435,1430,1431,-1,1435,1431,1059,-1,1059,1431,1060,-1,1059,1060,700,-1,700,1060,702,-1,984,986,985,-1,985,986,988,-1,985,988,1436,-1,1436,988,1432,-1,1436,1432,1437,-1,1437,1432,1433,-1,1437,1433,1438,-1,1438,1433,1434,-1,1438,1434,1439,-1,1439,1434,1435,-1,1439,1435,1058,-1,1058,1435,1059,-1,1058,1059,697,-1,697,1059,699,-1,981,983,982,-1,982,983,985,-1,982,985,1440,-1,1440,985,1436,-1,1440,1436,1441,-1,1441,1436,1437,-1,1441,1437,1442,-1,1442,1437,1438,-1,1442,1438,1443,-1,1443,1438,1439,-1,1443,1439,1057,-1,1057,1439,1058,-1,1057,1058,694,-1,694,1058,696,-1,978,980,979,-1,979,980,982,-1,979,982,1444,-1,1444,982,1440,-1,1444,1440,1445,-1,1445,1440,1441,-1,1445,1441,1446,-1,1446,1441,1442,-1,1446,1442,1447,-1,1447,1442,1443,-1,1447,1443,1056,-1,1056,1443,1057,-1,1056,1057,691,-1,691,1057,693,-1,975,977,976,-1,976,977,979,-1,976,979,1448,-1,1448,979,1444,-1,1448,1444,1449,-1,1449,1444,1445,-1,1449,1445,1450,-1,1450,1445,1446,-1,1450,1446,1451,-1,1451,1446,1447,-1,1451,1447,1055,-1,1055,1447,1056,-1,1055,1056,688,-1,688,1056,690,-1,1452,974,1121,-1,1121,974,976,-1,1121,976,1117,-1,1117,976,1448,-1,1117,1448,1114,-1,1114,1448,1449,-1,1114,1449,1112,-1,1112,1449,1450,-1,1112,1450,1054,-1,1054,1450,1451,-1,1054,1451,1052,-1,1052,1451,1055,-1,1052,1055,685,-1,685,1055,687,-1,1453,1454,1455,-1,1456,1457,1458,-1,1459,1460,1461,-1,1462,1463,1464,-1,1465,1466,1467,-1,1468,1469,1470,-1,1471,1472,1473,-1,1474,1475,1476,-1,1477,1478,1479,-1,1480,1481,1482,-1,1483,1484,1485,-1,1486,1487,1488,-1,1489,1490,1491,-1,1492,1493,1494,-1,975,974,1495,-1,978,977,1496,-1,981,980,1497,-1,984,983,1498,-1,987,986,1499,-1,990,989,1500,-1,993,992,1501,-1,996,995,1502,-1,999,998,1503,-1,1002,1001,1504,-1,1005,1004,1505,-1,1326,1335,1506,-1,1319,1327,1507,-1,1312,1320,1508,-1,1305,1313,1509,-1,1298,1306,1510,-1,1291,1299,1511,-1,1284,1292,1512,-1,1277,1285,1513,-1,1270,1278,1514,-1,1263,1271,1515,-1,1256,1264,1516,-1,1249,1257,1517,-1,1242,1250,1518,-1,1235,1243,1519,-1,1228,1236,1520,-1,1221,1229,1521,-1,1214,1222,1522,-1,1207,1215,1523,-1,1200,1208,1524,-1,1193,1201,1525,-1,1186,1194,1526,-1,1179,1187,1527,-1,1172,1180,1528,-1,1165,1173,1529,-1,1158,1166,1530,-1,1151,1159,1531,-1,1144,1152,1532,-1,1131,1145,1533,-1,1332,1050,1534,-1,1049,1047,1535,-1,1046,1044,1536,-1,1043,1041,1537,-1,1040,1038,1538,-1,1037,1035,1539,-1,1034,1032,1540,-1,1031,1029,1541,-1,1028,1026,1542,-1,1025,1023,1543,-1,1022,1020,1544,-1,1019,1017,1545,-1,1016,1014,1546,-1,1013,1011,1547,-1,1010,1393,1548,-1,1403,1402,1549,-1,1401,1395,1550,-1,1394,1008,1551,-1,1005,1505,1007,-1,1132,1131,1552,-1,1552,1131,1533,-1,1552,1533,1553,-1,1553,1533,1554,-1,1553,1554,1555,-1,1555,1554,1494,-1,1159,1158,1531,-1,1531,1158,1530,-1,1531,1530,1556,-1,1556,1530,1557,-1,1556,1557,1558,-1,1558,1557,1491,-1,1187,1186,1527,-1,1527,1186,1526,-1,1527,1526,1559,-1,1559,1526,1560,-1,1559,1560,1561,-1,1561,1560,1562,-1,1194,1193,1526,-1,1526,1193,1525,-1,1526,1525,1560,-1,1560,1525,1563,-1,1560,1563,1562,-1,1562,1563,1564,-1,1201,1200,1525,-1,1525,1200,1524,-1,1525,1524,1563,-1,1563,1524,1565,-1,1563,1565,1564,-1,1564,1565,1566,-1,1236,1235,1520,-1,1520,1235,1519,-1,1520,1519,1567,-1,1567,1519,1568,-1,1567,1568,1569,-1,1569,1568,1570,-1,1243,1242,1519,-1,1519,1242,1518,-1,1519,1518,1568,-1,1568,1518,1571,-1,1568,1571,1570,-1,1570,1571,1572,-1,1250,1249,1518,-1,1518,1249,1517,-1,1518,1517,1571,-1,1571,1517,1573,-1,1571,1573,1572,-1,1572,1573,1574,-1,1285,1284,1513,-1,1513,1284,1512,-1,1513,1512,1575,-1,1575,1512,1576,-1,1575,1576,1577,-1,1577,1576,1578,-1,1292,1291,1512,-1,1512,1291,1511,-1,1512,1511,1576,-1,1576,1511,1579,-1,1576,1579,1578,-1,1578,1579,1580,-1,1299,1298,1511,-1,1511,1298,1510,-1,1511,1510,1579,-1,1579,1510,1581,-1,1579,1581,1580,-1,1580,1581,1582,-1,1335,1333,1506,-1,1506,1333,1583,-1,1506,1583,1584,-1,1584,1583,1585,-1,1584,1585,1586,-1,1586,1585,1587,-1,1333,1332,1583,-1,1583,1332,1534,-1,1583,1534,1585,-1,1585,1534,1588,-1,1585,1588,1587,-1,1587,1588,1589,-1,1050,1049,1534,-1,1534,1049,1535,-1,1534,1535,1588,-1,1588,1535,1590,-1,1588,1590,1589,-1,1589,1590,1591,-1,1044,1043,1536,-1,1536,1043,1537,-1,1536,1537,1592,-1,1592,1537,1593,-1,1592,1593,1594,-1,1594,1593,1467,-1,1035,1034,1539,-1,1539,1034,1540,-1,1539,1540,1595,-1,1595,1540,1596,-1,1595,1596,1597,-1,1597,1596,1598,-1,1032,1031,1540,-1,1540,1031,1541,-1,1540,1541,1596,-1,1596,1541,1599,-1,1596,1599,1598,-1,1598,1599,1600,-1,1029,1028,1541,-1,1541,1028,1542,-1,1541,1542,1599,-1,1599,1542,1601,-1,1599,1601,1600,-1,1600,1601,1602,-1,1023,1022,1543,-1,1543,1022,1544,-1,1543,1544,1603,-1,1603,1544,1604,-1,1603,1604,1605,-1,1605,1604,1464,-1,1014,1013,1546,-1,1546,1013,1547,-1,1546,1547,1606,-1,1606,1547,1607,-1,1606,1607,1608,-1,1608,1607,1609,-1,1011,1010,1547,-1,1547,1010,1548,-1,1547,1548,1607,-1,1607,1548,1610,-1,1607,1610,1609,-1,1609,1610,1611,-1,1393,1403,1548,-1,1548,1403,1549,-1,1548,1549,1610,-1,1610,1549,1612,-1,1610,1612,1611,-1,1611,1612,1613,-1,1395,1394,1550,-1,1550,1394,1551,-1,1550,1551,1614,-1,1614,1551,1615,-1,1614,1615,1616,-1,1616,1615,1461,-1,1001,999,1504,-1,1504,999,1503,-1,1504,1503,1617,-1,1617,1503,1618,-1,1617,1618,1619,-1,1619,1618,1620,-1,998,996,1503,-1,1503,996,1502,-1,1503,1502,1618,-1,1618,1502,1621,-1,1618,1621,1620,-1,1620,1621,1622,-1,995,993,1502,-1,1502,993,1501,-1,1502,1501,1621,-1,1621,1501,1623,-1,1621,1623,1622,-1,1622,1623,1624,-1,989,987,1500,-1,1500,987,1499,-1,1500,1499,1625,-1,1625,1499,1626,-1,1625,1626,1627,-1,1627,1626,1458,-1,980,978,1497,-1,1497,978,1496,-1,1497,1496,1628,-1,1628,1496,1629,-1,1628,1629,1630,-1,1630,1629,1455,-1,1142,1132,1631,-1,1631,1132,1552,-1,1631,1552,1632,-1,1632,1552,1553,-1,1632,1553,1633,-1,1633,1553,1555,-1,1633,1555,1634,-1,1634,1555,1635,-1,1494,1493,1555,-1,1555,1493,1636,-1,1555,1636,1635,-1,1637,1492,1638,-1,1638,1492,1494,-1,1638,1494,1639,-1,1639,1494,1554,-1,1639,1554,1532,-1,1532,1554,1533,-1,1532,1533,1144,-1,1144,1533,1145,-1,1152,1151,1532,-1,1532,1151,1531,-1,1532,1531,1639,-1,1639,1531,1556,-1,1639,1556,1638,-1,1638,1556,1558,-1,1638,1558,1637,-1,1637,1558,1640,-1,1491,1490,1558,-1,1558,1490,1641,-1,1558,1641,1640,-1,1487,1489,1488,-1,1488,1489,1491,-1,1488,1491,1642,-1,1642,1491,1557,-1,1642,1557,1529,-1,1529,1557,1530,-1,1529,1530,1165,-1,1165,1530,1166,-1,1643,1486,1644,-1,1644,1486,1488,-1,1644,1488,1645,-1,1645,1488,1642,-1,1645,1642,1528,-1,1528,1642,1529,-1,1528,1529,1172,-1,1172,1529,1173,-1,1180,1179,1528,-1,1528,1179,1527,-1,1528,1527,1645,-1,1645,1527,1559,-1,1645,1559,1644,-1,1644,1559,1561,-1,1644,1561,1643,-1,1643,1561,1646,-1,1647,1648,1566,-1,1566,1648,1649,-1,1566,1649,1564,-1,1564,1649,1650,-1,1564,1650,1562,-1,1562,1650,1651,-1,1562,1651,1561,-1,1561,1651,1652,-1,1561,1652,1646,-1,1484,1647,1485,-1,1485,1647,1566,-1,1485,1566,1653,-1,1653,1566,1565,-1,1653,1565,1523,-1,1523,1565,1524,-1,1523,1524,1207,-1,1207,1524,1208,-1,1481,1483,1482,-1,1482,1483,1485,-1,1482,1485,1654,-1,1654,1485,1653,-1,1654,1653,1522,-1,1522,1653,1523,-1,1522,1523,1214,-1,1214,1523,1215,-1,1655,1480,1656,-1,1656,1480,1482,-1,1656,1482,1657,-1,1657,1482,1654,-1,1657,1654,1521,-1,1521,1654,1522,-1,1521,1522,1221,-1,1221,1522,1222,-1,1229,1228,1521,-1,1521,1228,1520,-1,1521,1520,1657,-1,1657,1520,1567,-1,1657,1567,1656,-1,1656,1567,1569,-1,1656,1569,1655,-1,1655,1569,1658,-1,1659,1660,1574,-1,1574,1660,1661,-1,1574,1661,1572,-1,1572,1661,1662,-1,1572,1662,1570,-1,1570,1662,1663,-1,1570,1663,1569,-1,1569,1663,1664,-1,1569,1664,1658,-1,1478,1659,1479,-1,1479,1659,1574,-1,1479,1574,1665,-1,1665,1574,1573,-1,1665,1573,1516,-1,1516,1573,1517,-1,1516,1517,1256,-1,1256,1517,1257,-1,1475,1477,1476,-1,1476,1477,1479,-1,1476,1479,1666,-1,1666,1479,1665,-1,1666,1665,1515,-1,1515,1665,1516,-1,1515,1516,1263,-1,1263,1516,1264,-1,1667,1474,1668,-1,1668,1474,1476,-1,1668,1476,1669,-1,1669,1476,1666,-1,1669,1666,1514,-1,1514,1666,1515,-1,1514,1515,1270,-1,1270,1515,1271,-1,1278,1277,1514,-1,1514,1277,1513,-1,1514,1513,1669,-1,1669,1513,1575,-1,1669,1575,1668,-1,1668,1575,1577,-1,1668,1577,1667,-1,1667,1577,1670,-1,1671,1672,1582,-1,1582,1672,1673,-1,1582,1673,1580,-1,1580,1673,1674,-1,1580,1674,1578,-1,1578,1674,1675,-1,1578,1675,1577,-1,1577,1675,1676,-1,1577,1676,1670,-1,1472,1671,1473,-1,1473,1671,1582,-1,1473,1582,1677,-1,1677,1582,1581,-1,1677,1581,1509,-1,1509,1581,1510,-1,1509,1510,1305,-1,1305,1510,1306,-1,1469,1471,1470,-1,1470,1471,1473,-1,1470,1473,1678,-1,1678,1473,1677,-1,1678,1677,1508,-1,1508,1677,1509,-1,1508,1509,1312,-1,1312,1509,1313,-1,1679,1468,1680,-1,1680,1468,1470,-1,1680,1470,1681,-1,1681,1470,1678,-1,1681,1678,1507,-1,1507,1678,1508,-1,1507,1508,1319,-1,1319,1508,1320,-1,1327,1326,1507,-1,1507,1326,1506,-1,1507,1506,1681,-1,1681,1506,1584,-1,1681,1584,1680,-1,1680,1584,1586,-1,1680,1586,1679,-1,1679,1586,1682,-1,1683,1684,1591,-1,1591,1684,1685,-1,1591,1685,1589,-1,1589,1685,1686,-1,1589,1686,1587,-1,1587,1686,1687,-1,1587,1687,1586,-1,1586,1687,1688,-1,1586,1688,1682,-1,1689,1683,1594,-1,1594,1683,1591,-1,1594,1591,1592,-1,1592,1591,1590,-1,1592,1590,1536,-1,1536,1590,1535,-1,1536,1535,1046,-1,1046,1535,1047,-1,1467,1466,1594,-1,1594,1466,1690,-1,1594,1690,1689,-1,1691,1465,1692,-1,1692,1465,1467,-1,1692,1467,1693,-1,1693,1467,1593,-1,1693,1593,1538,-1,1538,1593,1537,-1,1538,1537,1040,-1,1040,1537,1041,-1,1038,1037,1538,-1,1538,1037,1539,-1,1538,1539,1693,-1,1693,1539,1595,-1,1693,1595,1692,-1,1692,1595,1597,-1,1692,1597,1691,-1,1691,1597,1694,-1,1695,1696,1602,-1,1602,1696,1697,-1,1602,1697,1600,-1,1600,1697,1698,-1,1600,1698,1598,-1,1598,1698,1699,-1,1598,1699,1597,-1,1597,1699,1700,-1,1597,1700,1694,-1,1701,1695,1605,-1,1605,1695,1602,-1,1605,1602,1603,-1,1603,1602,1601,-1,1603,1601,1543,-1,1543,1601,1542,-1,1543,1542,1025,-1,1025,1542,1026,-1,1464,1463,1605,-1,1605,1463,1702,-1,1605,1702,1701,-1,1703,1462,1704,-1,1704,1462,1464,-1,1704,1464,1705,-1,1705,1464,1604,-1,1705,1604,1545,-1,1545,1604,1544,-1,1545,1544,1019,-1,1019,1544,1020,-1,1017,1016,1545,-1,1545,1016,1546,-1,1545,1546,1705,-1,1705,1546,1606,-1,1705,1606,1704,-1,1704,1606,1608,-1,1704,1608,1703,-1,1703,1608,1706,-1,1707,1708,1613,-1,1613,1708,1709,-1,1613,1709,1611,-1,1611,1709,1710,-1,1611,1710,1609,-1,1609,1710,1711,-1,1609,1711,1608,-1,1608,1711,1712,-1,1608,1712,1706,-1,1713,1707,1616,-1,1616,1707,1613,-1,1616,1613,1614,-1,1614,1613,1612,-1,1614,1612,1550,-1,1550,1612,1549,-1,1550,1549,1401,-1,1401,1549,1402,-1,1461,1460,1616,-1,1616,1460,1714,-1,1616,1714,1713,-1,1715,1459,1716,-1,1716,1459,1461,-1,1716,1461,1717,-1,1717,1461,1615,-1,1717,1615,1505,-1,1505,1615,1551,-1,1505,1551,1007,-1,1007,1551,1008,-1,1004,1002,1505,-1,1505,1002,1504,-1,1505,1504,1717,-1,1717,1504,1617,-1,1717,1617,1716,-1,1716,1617,1619,-1,1716,1619,1715,-1,1715,1619,1718,-1,1719,1720,1624,-1,1624,1720,1721,-1,1624,1721,1622,-1,1622,1721,1722,-1,1622,1722,1620,-1,1620,1722,1723,-1,1620,1723,1619,-1,1619,1723,1724,-1,1619,1724,1718,-1,1725,1719,1627,-1,1627,1719,1624,-1,1627,1624,1625,-1,1625,1624,1623,-1,1625,1623,1500,-1,1500,1623,1501,-1,1500,1501,990,-1,990,1501,992,-1,1458,1457,1627,-1,1627,1457,1726,-1,1627,1726,1725,-1,1727,1456,1728,-1,1728,1456,1458,-1,1728,1458,1729,-1,1729,1458,1626,-1,1729,1626,1498,-1,1498,1626,1499,-1,1498,1499,984,-1,984,1499,986,-1,983,981,1498,-1,1498,981,1497,-1,1498,1497,1729,-1,1729,1497,1628,-1,1729,1628,1728,-1,1728,1628,1630,-1,1728,1630,1727,-1,1727,1630,1730,-1,1455,1454,1630,-1,1630,1454,1731,-1,1630,1731,1730,-1,1732,1453,1733,-1,1733,1453,1455,-1,1733,1455,1734,-1,1734,1455,1629,-1,1734,1629,1495,-1,1495,1629,1496,-1,1495,1496,975,-1,975,1496,977,-1,974,1452,1495,-1,1495,1452,1735,-1,1495,1735,1734,-1,1734,1735,1736,-1,1734,1736,1733,-1,1733,1736,1737,-1,1733,1737,1732,-1,1732,1737,1738,-1,1739,1740,1741,-1,1740,1742,1743,-1,1742,1744,1745,-1,1744,1746,1747,-1,1746,1748,1749,-1,1748,1750,1751,-1,1752,1753,1754,-1,1754,1753,1755,-1,1754,1755,1756,-1,1756,1755,1751,-1,1756,1751,1757,-1,1757,1751,1750,-1,1757,1750,1758,-1,1752,1759,1753,-1,1753,1759,1760,-1,1753,1760,1761,-1,1761,1760,1762,-1,1761,1762,1763,-1,1763,1762,1764,-1,1763,1764,1765,-1,1765,1764,1766,-1,1766,1767,1765,-1,1765,1767,1768,-1,1765,1768,1769,-1,1768,1770,1769,-1,1769,1770,1771,-1,1769,1771,1772,-1,1772,1771,1773,-1,1772,1773,1774,-1,1774,1773,1775,-1,1774,1775,1776,-1,1776,1775,1777,-1,1777,1778,1776,-1,1776,1778,1779,-1,1776,1779,1780,-1,1780,1779,1781,-1,1780,1781,1782,-1,1782,1781,1783,-1,1782,1783,1784,-1,1784,1783,1785,-1,1785,1786,1784,-1,1784,1786,1787,-1,1784,1787,1788,-1,1787,1789,1788,-1,1788,1789,1790,-1,1788,1790,1791,-1,1791,1790,1792,-1,1791,1792,1793,-1,1793,1792,1794,-1,1793,1794,1795,-1,1795,1794,1796,-1,1796,1797,1795,-1,1795,1797,1798,-1,1795,1798,1799,-1,1799,1798,1800,-1,1799,1800,1801,-1,1801,1800,1802,-1,1801,1802,1803,-1,1803,1802,1804,-1,1804,1805,1803,-1,1803,1805,1806,-1,1803,1806,1807,-1,1806,1808,1807,-1,1807,1808,1809,-1,1807,1809,1810,-1,1810,1809,1811,-1,1810,1811,1812,-1,1812,1811,1813,-1,1812,1813,1814,-1,1814,1813,1815,-1,1815,1816,1814,-1,1814,1816,1817,-1,1814,1817,1818,-1,1818,1817,1819,-1,1818,1819,1820,-1,1820,1819,1821,-1,1820,1821,1822,-1,1822,1821,1823,-1,1823,1824,1822,-1,1822,1824,1825,-1,1822,1825,1826,-1,1825,1827,1826,-1,1826,1827,1828,-1,1826,1828,1829,-1,1829,1828,1830,-1,1829,1830,1831,-1,1831,1830,1832,-1,1831,1832,1833,-1,1833,1832,1834,-1,1834,1835,1833,-1,1833,1835,1836,-1,1833,1836,1837,-1,1837,1836,1838,-1,1837,1838,1839,-1,1838,1840,1839,-1,1839,1840,1841,-1,1839,1841,1842,-1,1841,1843,1842,-1,1842,1843,1844,-1,1842,1844,1845,-1,1844,1846,1845,-1,1845,1846,1847,-1,1845,1847,1848,-1,1848,1847,1849,-1,1848,1849,1850,-1,1850,1849,1851,-1,1850,1851,1852,-1,1852,1851,1853,-1,1853,1854,1852,-1,1852,1854,1855,-1,1852,1855,1856,-1,1856,1855,1857,-1,1856,1857,1858,-1,1857,1859,1858,-1,1858,1859,1860,-1,1858,1860,1861,-1,1860,1862,1861,-1,1861,1862,1863,-1,1861,1863,1864,-1,1863,1865,1864,-1,1864,1865,1866,-1,1864,1866,1867,-1,1867,1866,1868,-1,1867,1868,1869,-1,1869,1868,1870,-1,1869,1870,1871,-1,1871,1870,1872,-1,1872,1873,1871,-1,1871,1873,1874,-1,1871,1874,1875,-1,1875,1874,1876,-1,1875,1876,1877,-1,1876,1878,1877,-1,1877,1878,1879,-1,1877,1879,1880,-1,1879,1881,1880,-1,1880,1881,1882,-1,1880,1882,1883,-1,1882,1884,1883,-1,1883,1884,1885,-1,1883,1885,1886,-1,1886,1885,1887,-1,1886,1887,1888,-1,1888,1887,1889,-1,1888,1889,1890,-1,1890,1889,1891,-1,1891,1892,1890,-1,1890,1892,1893,-1,1890,1893,1894,-1,1894,1893,1895,-1,1894,1895,1896,-1,1895,1897,1896,-1,1896,1897,1898,-1,1896,1898,1899,-1,1898,1900,1899,-1,1899,1900,1901,-1,1899,1901,1902,-1,1901,1903,1902,-1,1902,1903,1904,-1,1902,1904,1905,-1,1905,1904,1906,-1,1905,1906,1907,-1,1907,1906,1908,-1,1907,1908,1909,-1,1909,1908,1910,-1,1910,1911,1909,-1,1909,1911,1912,-1,1909,1912,1913,-1,1748,1751,1749,-1,1749,1751,1755,-1,1749,1755,1914,-1,1914,1755,1753,-1,1914,1753,1915,-1,1915,1753,1761,-1,1915,1761,1916,-1,1916,1761,1763,-1,1916,1763,1917,-1,1917,1763,1765,-1,1917,1765,1918,-1,1918,1765,1769,-1,1918,1769,1919,-1,1919,1769,1772,-1,1919,1772,1920,-1,1920,1772,1774,-1,1920,1774,1921,-1,1921,1774,1776,-1,1921,1776,1922,-1,1922,1776,1780,-1,1922,1780,1923,-1,1923,1780,1782,-1,1923,1782,1924,-1,1924,1782,1784,-1,1924,1784,1925,-1,1925,1784,1788,-1,1925,1788,1926,-1,1926,1788,1791,-1,1926,1791,1927,-1,1927,1791,1793,-1,1927,1793,1928,-1,1928,1793,1795,-1,1928,1795,1929,-1,1929,1795,1799,-1,1929,1799,1930,-1,1930,1799,1801,-1,1930,1801,1931,-1,1931,1801,1803,-1,1931,1803,1932,-1,1932,1803,1807,-1,1932,1807,1933,-1,1933,1807,1810,-1,1933,1810,1934,-1,1934,1810,1812,-1,1934,1812,1935,-1,1935,1812,1814,-1,1935,1814,1936,-1,1936,1814,1818,-1,1936,1818,1937,-1,1937,1818,1820,-1,1937,1820,1938,-1,1938,1820,1822,-1,1938,1822,1939,-1,1939,1822,1826,-1,1939,1826,1940,-1,1940,1826,1829,-1,1940,1829,1941,-1,1941,1829,1831,-1,1941,1831,1942,-1,1942,1831,1833,-1,1942,1833,1943,-1,1943,1833,1837,-1,1943,1837,1944,-1,1944,1837,1839,-1,1944,1839,1945,-1,1945,1839,1842,-1,1945,1842,1946,-1,1946,1842,1845,-1,1946,1845,1947,-1,1947,1845,1848,-1,1947,1848,1948,-1,1948,1848,1850,-1,1948,1850,1949,-1,1949,1850,1852,-1,1949,1852,1950,-1,1950,1852,1856,-1,1950,1856,1951,-1,1951,1856,1858,-1,1951,1858,1952,-1,1952,1858,1861,-1,1952,1861,1953,-1,1953,1861,1864,-1,1953,1864,1954,-1,1954,1864,1867,-1,1954,1867,1955,-1,1955,1867,1869,-1,1955,1869,1956,-1,1956,1869,1871,-1,1956,1871,1957,-1,1957,1871,1875,-1,1957,1875,1958,-1,1958,1875,1877,-1,1958,1877,1959,-1,1959,1877,1880,-1,1959,1880,1960,-1,1960,1880,1883,-1,1960,1883,1961,-1,1961,1883,1886,-1,1961,1886,1962,-1,1962,1886,1888,-1,1962,1888,1963,-1,1963,1888,1890,-1,1963,1890,1964,-1,1964,1890,1894,-1,1964,1894,1965,-1,1965,1894,1896,-1,1965,1896,1966,-1,1966,1896,1899,-1,1966,1899,1967,-1,1967,1899,1902,-1,1967,1902,1968,-1,1968,1902,1905,-1,1968,1905,1969,-1,1969,1905,1907,-1,1969,1907,1970,-1,1970,1907,1909,-1,1970,1909,1971,-1,1971,1909,1913,-1,1971,1913,1972,-1,1746,1749,1747,-1,1747,1749,1914,-1,1747,1914,1973,-1,1973,1914,1915,-1,1973,1915,1974,-1,1974,1915,1916,-1,1974,1916,1975,-1,1975,1916,1917,-1,1975,1917,1976,-1,1976,1917,1918,-1,1976,1918,1977,-1,1977,1918,1919,-1,1977,1919,1978,-1,1978,1919,1920,-1,1978,1920,1979,-1,1979,1920,1921,-1,1979,1921,1980,-1,1980,1921,1922,-1,1980,1922,1981,-1,1981,1922,1923,-1,1981,1923,1982,-1,1982,1923,1924,-1,1982,1924,1983,-1,1983,1924,1925,-1,1983,1925,1984,-1,1984,1925,1926,-1,1984,1926,1985,-1,1985,1926,1927,-1,1985,1927,1986,-1,1986,1927,1928,-1,1986,1928,1987,-1,1987,1928,1929,-1,1987,1929,1988,-1,1988,1929,1930,-1,1988,1930,1989,-1,1989,1930,1931,-1,1989,1931,1990,-1,1990,1931,1932,-1,1990,1932,1991,-1,1991,1932,1933,-1,1991,1933,1992,-1,1992,1933,1934,-1,1992,1934,1993,-1,1993,1934,1935,-1,1993,1935,1994,-1,1994,1935,1936,-1,1994,1936,1995,-1,1995,1936,1937,-1,1995,1937,1996,-1,1996,1937,1938,-1,1996,1938,1997,-1,1997,1938,1939,-1,1997,1939,1998,-1,1998,1939,1940,-1,1998,1940,1999,-1,1999,1940,1941,-1,1999,1941,2000,-1,2000,1941,1942,-1,2000,1942,2001,-1,2001,1942,1943,-1,2001,1943,2002,-1,2002,1943,1944,-1,2002,1944,2003,-1,2003,1944,1945,-1,2003,1945,2004,-1,2004,1945,1946,-1,2004,1946,2005,-1,2005,1946,1947,-1,2005,1947,2006,-1,2006,1947,1948,-1,2006,1948,2007,-1,2007,1948,1949,-1,2007,1949,2008,-1,2008,1949,1950,-1,2008,1950,2009,-1,2009,1950,1951,-1,2009,1951,2010,-1,2010,1951,1952,-1,2010,1952,2011,-1,2011,1952,1953,-1,2011,1953,2012,-1,2012,1953,1954,-1,2012,1954,2013,-1,2013,1954,1955,-1,2013,1955,2014,-1,2014,1955,1956,-1,2014,1956,2015,-1,2015,1956,1957,-1,2015,1957,2016,-1,2016,1957,1958,-1,2016,1958,2017,-1,2017,1958,1959,-1,2017,1959,2018,-1,2018,1959,1960,-1,2018,1960,2019,-1,2019,1960,1961,-1,2019,1961,2020,-1,2020,1961,1962,-1,2020,1962,2021,-1,2021,1962,1963,-1,2021,1963,2022,-1,2022,1963,1964,-1,2022,1964,2023,-1,2023,1964,1965,-1,2023,1965,2024,-1,2024,1965,1966,-1,2024,1966,2025,-1,2025,1966,1967,-1,2025,1967,2026,-1,2026,1967,1968,-1,2026,1968,2027,-1,2027,1968,1969,-1,2027,1969,2028,-1,2028,1969,1970,-1,2028,1970,2029,-1,2029,1970,1971,-1,2029,1971,2030,-1,2030,1971,1972,-1,2030,1972,2031,-1,1744,1747,1745,-1,1745,1747,1973,-1,1745,1973,2032,-1,2032,1973,1974,-1,2032,1974,2033,-1,2033,1974,1975,-1,2033,1975,2034,-1,2034,1975,1976,-1,2034,1976,2035,-1,2035,1976,1977,-1,2035,1977,2036,-1,2036,1977,1978,-1,2036,1978,2037,-1,2037,1978,1979,-1,2037,1979,2038,-1,2038,1979,1980,-1,2038,1980,2039,-1,2039,1980,1981,-1,2039,1981,2040,-1,2040,1981,1982,-1,2040,1982,2041,-1,2041,1982,1983,-1,2041,1983,2042,-1,2042,1983,1984,-1,2042,1984,2043,-1,2043,1984,1985,-1,2043,1985,2044,-1,2044,1985,1986,-1,2044,1986,2045,-1,2045,1986,1987,-1,2045,1987,2046,-1,2046,1987,1988,-1,2046,1988,2047,-1,2047,1988,1989,-1,2047,1989,2048,-1,2048,1989,1990,-1,2048,1990,2049,-1,2049,1990,1991,-1,2049,1991,2050,-1,2050,1991,1992,-1,2050,1992,2051,-1,2051,1992,1993,-1,2051,1993,2052,-1,2052,1993,1994,-1,2052,1994,2053,-1,2053,1994,1995,-1,2053,1995,2054,-1,2054,1995,1996,-1,2054,1996,2055,-1,2055,1996,1997,-1,2055,1997,2056,-1,2056,1997,1998,-1,2056,1998,2057,-1,2057,1998,1999,-1,2057,1999,2058,-1,2058,1999,2000,-1,2058,2000,2059,-1,2059,2000,2001,-1,2059,2001,2060,-1,2060,2001,2002,-1,2060,2002,2061,-1,2061,2002,2003,-1,2061,2003,2062,-1,2062,2003,2004,-1,2062,2004,2063,-1,2063,2004,2005,-1,2063,2005,2064,-1,2064,2005,2006,-1,2064,2006,2065,-1,2065,2006,2007,-1,2065,2007,2066,-1,2066,2007,2008,-1,2066,2008,2067,-1,2067,2008,2009,-1,2067,2009,2068,-1,2068,2009,2010,-1,2068,2010,2069,-1,2069,2010,2011,-1,2069,2011,2070,-1,2070,2011,2012,-1,2070,2012,2071,-1,2071,2012,2013,-1,2071,2013,2072,-1,2072,2013,2014,-1,2072,2014,2073,-1,2073,2014,2015,-1,2073,2015,2074,-1,2074,2015,2016,-1,2074,2016,2075,-1,2075,2016,2017,-1,2075,2017,2076,-1,2076,2017,2018,-1,2076,2018,2077,-1,2077,2018,2019,-1,2077,2019,2078,-1,2078,2019,2020,-1,2078,2020,2079,-1,2079,2020,2021,-1,2079,2021,2080,-1,2080,2021,2022,-1,2080,2022,2081,-1,2081,2022,2023,-1,2081,2023,2082,-1,2082,2023,2024,-1,2082,2024,2083,-1,2083,2024,2025,-1,2083,2025,2084,-1,2084,2025,2026,-1,2084,2026,2085,-1,2085,2026,2027,-1,2085,2027,2086,-1,2086,2027,2028,-1,2086,2028,2087,-1,2087,2028,2029,-1,2087,2029,2088,-1,2088,2029,2030,-1,2088,2030,2089,-1,2089,2030,2031,-1,2089,2031,2090,-1,1742,1745,1743,-1,1743,1745,2032,-1,1743,2032,2091,-1,2091,2032,2033,-1,2091,2033,2092,-1,2092,2033,2034,-1,2092,2034,2093,-1,2093,2034,2035,-1,2093,2035,2094,-1,2094,2035,2036,-1,2094,2036,2095,-1,2095,2036,2037,-1,2095,2037,2096,-1,2096,2037,2038,-1,2096,2038,2097,-1,2097,2038,2039,-1,2097,2039,2098,-1,2098,2039,2040,-1,2098,2040,2099,-1,2099,2040,2041,-1,2099,2041,2100,-1,2100,2041,2042,-1,2100,2042,2101,-1,2101,2042,2043,-1,2101,2043,2102,-1,2102,2043,2044,-1,2102,2044,2103,-1,2103,2044,2045,-1,2103,2045,2104,-1,2104,2045,2046,-1,2104,2046,2105,-1,2105,2046,2047,-1,2105,2047,2106,-1,2106,2047,2048,-1,2106,2048,2107,-1,2107,2048,2049,-1,2107,2049,2108,-1,2108,2049,2050,-1,2108,2050,2109,-1,2109,2050,2051,-1,2109,2051,2110,-1,2110,2051,2052,-1,2110,2052,2111,-1,2111,2052,2053,-1,2111,2053,2112,-1,2112,2053,2054,-1,2112,2054,2113,-1,2113,2054,2055,-1,2113,2055,2114,-1,2114,2055,2056,-1,2114,2056,2115,-1,2115,2056,2057,-1,2115,2057,2116,-1,2116,2057,2058,-1,2116,2058,2117,-1,2117,2058,2059,-1,2117,2059,2118,-1,2118,2059,2060,-1,2118,2060,2119,-1,2119,2060,2061,-1,2119,2061,2120,-1,2120,2061,2062,-1,2120,2062,2121,-1,2121,2062,2063,-1,2121,2063,2122,-1,2122,2063,2064,-1,2122,2064,2123,-1,2123,2064,2065,-1,2123,2065,2124,-1,2124,2065,2066,-1,2124,2066,2125,-1,2125,2066,2067,-1,2125,2067,2126,-1,2126,2067,2068,-1,2126,2068,2127,-1,2127,2068,2069,-1,2127,2069,2128,-1,2128,2069,2070,-1,2128,2070,2129,-1,2129,2070,2071,-1,2129,2071,2130,-1,2130,2071,2072,-1,2130,2072,2131,-1,2131,2072,2073,-1,2131,2073,2132,-1,2132,2073,2074,-1,2132,2074,2133,-1,2133,2074,2075,-1,2133,2075,2134,-1,2134,2075,2076,-1,2134,2076,2135,-1,2135,2076,2077,-1,2135,2077,2136,-1,2136,2077,2078,-1,2136,2078,2137,-1,2137,2078,2079,-1,2137,2079,2138,-1,2138,2079,2080,-1,2138,2080,2139,-1,2139,2080,2081,-1,2139,2081,2140,-1,2140,2081,2082,-1,2140,2082,2141,-1,2141,2082,2083,-1,2141,2083,2142,-1,2142,2083,2084,-1,2142,2084,2143,-1,2143,2084,2085,-1,2143,2085,2144,-1,2144,2085,2086,-1,2144,2086,2145,-1,2145,2086,2087,-1,2145,2087,2146,-1,2146,2087,2088,-1,2146,2088,2147,-1,2147,2088,2089,-1,2147,2089,2148,-1,2148,2089,2090,-1,2148,2090,2149,-1,1740,1743,1741,-1,1741,1743,2091,-1,1741,2091,2150,-1,2150,2091,2092,-1,2150,2092,2151,-1,2151,2092,2093,-1,2151,2093,2152,-1,2152,2093,2094,-1,2152,2094,2153,-1,2153,2094,2095,-1,2153,2095,2154,-1,2154,2095,2096,-1,2154,2096,2155,-1,2155,2096,2097,-1,2155,2097,2156,-1,2156,2097,2098,-1,2156,2098,2157,-1,2157,2098,2099,-1,2157,2099,2158,-1,2158,2099,2100,-1,2158,2100,2159,-1,2159,2100,2101,-1,2159,2101,2160,-1,2160,2101,2102,-1,2160,2102,2161,-1,2161,2102,2103,-1,2161,2103,2162,-1,2162,2103,2104,-1,2162,2104,2163,-1,2163,2104,2105,-1,2163,2105,2164,-1,2164,2105,2106,-1,2164,2106,2165,-1,2165,2106,2107,-1,2165,2107,2166,-1,2166,2107,2108,-1,2166,2108,2167,-1,2167,2108,2109,-1,2167,2109,2168,-1,2168,2109,2110,-1,2168,2110,2169,-1,2169,2110,2111,-1,2169,2111,2170,-1,2170,2111,2112,-1,2170,2112,2171,-1,2171,2112,2113,-1,2171,2113,2172,-1,2172,2113,2114,-1,2172,2114,2173,-1,2173,2114,2115,-1,2173,2115,2174,-1,2174,2115,2116,-1,2174,2116,2175,-1,2175,2116,2117,-1,2175,2117,2176,-1,2176,2117,2118,-1,2176,2118,2177,-1,2177,2118,2119,-1,2177,2119,2178,-1,2178,2119,2120,-1,2178,2120,2179,-1,2179,2120,2121,-1,2179,2121,2180,-1,2180,2121,2122,-1,2180,2122,2181,-1,2181,2122,2123,-1,2181,2123,2182,-1,2182,2123,2124,-1,2182,2124,2183,-1,2183,2124,2125,-1,2183,2125,2184,-1,2184,2125,2126,-1,2184,2126,2185,-1,2185,2126,2127,-1,2185,2127,2186,-1,2186,2127,2128,-1,2186,2128,2187,-1,2187,2128,2129,-1,2187,2129,2188,-1,2188,2129,2130,-1,2188,2130,2189,-1,2189,2130,2131,-1,2189,2131,2190,-1,2190,2131,2132,-1,2190,2132,2191,-1,2191,2132,2133,-1,2191,2133,2192,-1,2192,2133,2134,-1,2192,2134,2193,-1,2193,2134,2135,-1,2193,2135,2194,-1,2194,2135,2136,-1,2194,2136,2195,-1,2195,2136,2137,-1,2195,2137,2196,-1,2196,2137,2138,-1,2196,2138,2197,-1,2197,2138,2139,-1,2197,2139,2198,-1,2198,2139,2140,-1,2198,2140,2199,-1,2199,2140,2141,-1,2199,2141,2200,-1,2200,2141,2142,-1,2200,2142,2201,-1,2201,2142,2143,-1,2201,2143,2202,-1,2202,2143,2144,-1,2202,2144,2203,-1,2203,2144,2145,-1,2203,2145,2204,-1,2204,2145,2146,-1,2204,2146,2205,-1,2205,2146,2147,-1,2205,2147,2206,-1,2206,2147,2148,-1,2206,2148,2207,-1,2207,2148,2149,-1,2207,2149,2208,-1,1739,1741,2209,-1,2209,1741,2150,-1,2209,2150,2210,-1,2210,2150,2151,-1,2210,2151,2211,-1,2211,2151,2152,-1,2211,2152,2212,-1,2212,2152,2153,-1,2212,2153,2213,-1,2213,2153,2154,-1,2213,2154,2214,-1,2214,2154,2155,-1,2214,2155,2215,-1,2215,2155,2156,-1,2215,2156,2216,-1,2216,2156,2157,-1,2216,2157,2217,-1,2217,2157,2158,-1,2217,2158,2218,-1,2218,2158,2159,-1,2218,2159,2219,-1,2219,2159,2160,-1,2219,2160,2220,-1,2220,2160,2161,-1,2220,2161,2221,-1,2221,2161,2162,-1,2221,2162,2222,-1,2222,2162,2163,-1,2222,2163,2223,-1,2223,2163,2164,-1,2223,2164,2224,-1,2224,2164,2165,-1,2224,2165,2225,-1,2225,2165,2166,-1,2225,2166,2226,-1,2226,2166,2167,-1,2226,2167,2227,-1,2227,2167,2168,-1,2227,2168,2228,-1,2228,2168,2169,-1,2228,2169,2229,-1,2229,2169,2170,-1,2229,2170,2230,-1,2230,2170,2171,-1,2230,2171,2231,-1,2231,2171,2172,-1,2231,2172,2232,-1,2232,2172,2173,-1,2232,2173,2233,-1,2233,2173,2174,-1,2233,2174,2234,-1,2234,2174,2175,-1,2234,2175,2235,-1,2235,2175,2176,-1,2235,2176,2236,-1,2236,2176,2177,-1,2236,2177,2237,-1,2237,2177,2178,-1,2237,2178,2238,-1,2238,2178,2179,-1,2238,2179,2239,-1,2239,2179,2180,-1,2239,2180,2240,-1,2240,2180,2181,-1,2240,2181,2241,-1,2241,2181,2182,-1,2241,2182,2242,-1,2242,2182,2183,-1,2242,2183,2243,-1,2243,2183,2184,-1,2243,2184,2244,-1,2244,2184,2185,-1,2244,2185,2245,-1,2245,2185,2186,-1,2245,2186,2246,-1,2246,2186,2187,-1,2246,2187,2247,-1,2247,2187,2188,-1,2247,2188,2248,-1,2248,2188,2189,-1,2248,2189,2249,-1,2249,2189,2190,-1,2249,2190,2250,-1,2250,2190,2191,-1,2250,2191,2251,-1,2251,2191,2192,-1,2251,2192,2252,-1,2252,2192,2193,-1,2252,2193,2253,-1,2253,2193,2194,-1,2253,2194,2254,-1,2254,2194,2195,-1,2254,2195,2255,-1,2255,2195,2196,-1,2255,2196,2256,-1,2256,2196,2197,-1,2256,2197,2257,-1,2257,2197,2198,-1,2257,2198,2258,-1,2258,2198,2199,-1,2258,2199,2259,-1,2259,2199,2200,-1,2259,2200,2260,-1,2260,2200,2201,-1,2260,2201,2261,-1,2261,2201,2202,-1,2261,2202,2262,-1,2262,2202,2203,-1,2262,2203,2263,-1,2263,2203,2204,-1,2263,2204,2264,-1,2264,2204,2205,-1,2264,2205,2265,-1,2265,2205,2206,-1,2265,2206,2266,-1,2266,2206,2207,-1,2266,2207,2267,-1,2267,2207,2208,-1,2267,2208,2268,-1,2269,2244,2270,-1,2270,2244,2245,-1,2270,2245,2271,-1,2272,2264,2273,-1,2273,2264,2265,-1,2273,2265,2274,-1,2275,2249,2276,-1,2276,2249,2250,-1,2276,2250,2277,-1,2278,2234,2279,-1,2279,2234,2235,-1,2279,2235,2280,-1,2265,2266,2274,-1,2274,2266,2267,-1,2274,2267,2281,-1,2281,2267,2268,-1,2281,2268,2282,-1,2235,2236,2280,-1,2280,2236,2237,-1,2280,2237,2283,-1,2284,2232,2278,-1,2278,2232,2233,-1,2278,2233,2234,-1,2285,2262,2272,-1,2272,2262,2263,-1,2272,2263,2264,-1,2286,2259,2287,-1,2287,2259,2260,-1,2287,2260,2285,-1,2285,2260,2261,-1,2285,2261,2262,-1,2288,2254,2289,-1,2289,2254,2255,-1,2289,2255,2290,-1,2245,2246,2271,-1,2271,2246,2247,-1,2271,2247,2275,-1,2275,2247,2248,-1,2275,2248,2249,-1,2291,2242,2269,-1,2269,2242,2243,-1,2269,2243,2244,-1,2237,2238,2283,-1,2283,2238,2239,-1,2283,2239,2292,-1,2292,2239,2240,-1,2292,2240,2291,-1,2291,2240,2241,-1,2291,2241,2242,-1,2293,2229,2294,-1,2294,2229,2230,-1,2294,2230,2284,-1,2284,2230,2231,-1,2284,2231,2232,-1,2295,2224,2296,-1,2296,2224,2225,-1,2296,2225,2297,-1,2298,2219,2299,-1,2299,2219,2220,-1,2299,2220,2300,-1,2255,2256,2290,-1,2290,2256,2257,-1,2290,2257,2286,-1,2286,2257,2258,-1,2286,2258,2259,-1,2250,2251,2277,-1,2277,2251,2252,-1,2277,2252,2288,-1,2288,2252,2253,-1,2288,2253,2254,-1,2225,2226,2297,-1,2297,2226,2227,-1,2297,2227,2293,-1,2293,2227,2228,-1,2293,2228,2229,-1,2220,2221,2300,-1,2300,2221,2222,-1,2300,2222,2295,-1,2295,2222,2223,-1,2295,2223,2224,-1,2301,2214,2302,-1,2302,2214,2215,-1,2302,2215,2303,-1,2304,2212,2301,-1,2301,2212,2213,-1,2301,2213,2214,-1,2305,1739,2306,-1,2306,1739,2209,-1,2306,2209,2307,-1,2307,2209,2210,-1,2307,2210,2304,-1,2304,2210,2211,-1,2304,2211,2212,-1,2215,2216,2303,-1,2303,2216,2217,-1,2303,2217,2298,-1,2298,2217,2218,-1,2298,2218,2219,-1,
        ]
    }
}
Shape{
    appearance Appearance {
        material  Material {
            diffuseColor 0.2235294117647059 0.2235294117647059 0.2235294117647059
            specularColor 0.11372549019607843 0.11372549019607843 0.11372549019607843
            ambientIntensity 0.2235
            transparency 0.0
            shininess 0.5
        }
    }
    geometry IndexedFaceSet {
        ccw TRUE
        solid FALSE
        coord DEF co Coordinate {
            point [
                -4.9232 -0.0025 0.6161, -4.8626 0.7674 0.6161, -0.002 -0.0025 0.6161, -4.3868 -2.2367 0.6161, -4.6824 -1.5232 0.6161, -4.8626 -0.7723 0.6161, -2.8946 -3.9839 0.6161, -3.4818 -3.4823 0.6161, -3.9834 -2.8951 0.6161, -0.7718 -4.8631 0.6161, -1.5227 -4.6829 0.6161, -2.2362 -4.3873 0.6161, 1.5188 -4.6829 0.6161, 0.7679 -4.8631 0.6161, -0.002 -4.9237 0.6161, 3.4779 -3.4823 0.6161, 2.8907 -3.9839 0.6161, 2.2322 -4.3873 0.6161, 4.6784 -1.5232 0.6161, 4.3829 -2.2367 0.6161, 3.9794 -2.8951 0.6161, 4.8587 0.7674 0.6161, 4.9193 -0.0025 0.6161, 4.8587 -0.7723 0.6161, 3.9794 2.8902 0.6161, 4.3829 2.2317 0.6161, 4.6784 1.5183 0.6161, 2.2322 4.3824 0.6161, 2.8907 3.9789 0.6161, 3.4779 3.4774 0.6161, -0.002 4.9188 0.6161, 0.7679 4.8582 0.6161, 1.5188 4.6779 0.6161, -2.2362 4.3824 0.6161, -1.5227 4.6779 0.6161, -0.7718 4.8582 0.6161, -3.9834 2.8902 0.6161, -3.4818 3.4774 0.6161, -2.8946 3.9789 0.6161, -4.6824 1.5183 0.6161, -4.3868 2.2317 0.6161, 4.6915 1.4774 0.0256, 4.6915 1.4774 0.0216, 4.8587 0.7674 0.0216, 4.6915 -1.4823 0.0216, 4.6915 -1.4823 0.0256, 4.6784 -1.5232 0.0256, 4.3829 -2.2367 0.0256, 3.9794 -2.8951 0.0256, 3.4779 -3.4823 0.0256, 2.8907 -3.9839 0.0256, 2.2322 -4.3873 0.0256, 1.5188 -4.6829 0.0256, 0.7679 -4.8631 0.0256, -0.002 -4.9237 0.0256, -0.7718 -4.8631 0.0256, -1.5227 -4.6829 0.0256, -2.2362 -4.3873 0.0256, -2.8946 -3.9839 0.0256, -3.4818 -3.4823 0.0256, -3.9834 -2.8951 0.0256, -4.3868 -2.2367 0.0256, -4.6824 -1.5232 0.0256, -4.8626 -0.7723 0.0256, -4.9232 -0.0025 0.0256, -4.8626 0.7674 0.0256, -4.6824 1.5183 0.0256, -4.3868 2.2317 0.0256, -3.9834 2.8902 0.0256, -3.4818 3.4774 0.0256, -2.8946 3.9789 0.0256, -2.2362 4.3824 0.0256, -1.5227 4.6779 0.0256, -0.7718 4.8582 0.0256, -0.002 4.9188 0.0256, 0.7679 4.8582 0.0256, 1.5188 4.6779 0.0256, 2.2322 4.3824 0.0256, 2.8907 3.9789 0.0256, 3.4779 3.4774 0.0256, 3.9794 2.8902 0.0256, 4.3829 2.2317 0.0256, 4.6784 1.5183 0.0256, 4.9193 -0.0025 0.0216, 4.8587 -0.7723 0.0216
            ]
        }
        coordIndex [
            0,1,2,-1,3,4,2,-1,2,4,5,-1,2,5,0,-1,6,7,2,-1,2,7,8,-1,2,8,3,-1,9,10,2,-1,2,10,11,-1,2,11,6,-1,12,13,2,-1,2,13,14,-1,2,14,9,-1,15,16,2,-1,2,16,17,-1,2,17,12,-1,18,19,2,-1,2,19,20,-1,2,20,15,-1,21,22,2,-1,2,22,23,-1,2,23,18,-1,24,25,2,-1,2,25,26,-1,2,26,21,-1,27,28,2,-1,2,28,29,-1,2,29,24,-1,30,31,2,-1,2,31,32,-1,2,32,27,-1,33,34,2,-1,2,34,35,-1,2,35,30,-1,36,37,2,-1,2,37,38,-1,2,38,33,-1,1,39,2,-1,2,39,40,-1,2,40,36,-1,41,42,43,-1,44,45,23,-1,23,45,18,-1,18,45,46,-1,18,46,19,-1,19,46,47,-1,19,47,20,-1,20,47,48,-1,20,48,15,-1,15,48,49,-1,15,49,16,-1,16,49,50,-1,16,50,17,-1,17,50,51,-1,17,51,12,-1,12,51,52,-1,12,52,13,-1,13,52,53,-1,13,53,14,-1,14,53,54,-1,14,54,9,-1,9,54,55,-1,9,55,10,-1,10,55,56,-1,10,56,11,-1,11,56,57,-1,11,57,6,-1,6,57,58,-1,6,58,7,-1,7,58,59,-1,7,59,8,-1,8,59,60,-1,8,60,3,-1,3,60,61,-1,3,61,4,-1,4,61,62,-1,4,62,5,-1,5,62,63,-1,5,63,0,-1,0,63,64,-1,0,64,1,-1,1,64,65,-1,1,65,39,-1,39,65,66,-1,39,66,40,-1,40,66,67,-1,40,67,36,-1,36,67,68,-1,36,68,37,-1,37,68,69,-1,37,69,38,-1,38,69,70,-1,38,70,33,-1,33,70,71,-1,33,71,34,-1,34,71,72,-1,34,72,35,-1,35,72,73,-1,35,73,30,-1,30,73,74,-1,30,74,31,-1,31,74,75,-1,31,75,32,-1,32,75,76,-1,32,76,27,-1,27,76,77,-1,27,77,28,-1,28,77,78,-1,28,78,29,-1,29,78,79,-1,29,79,24,-1,24,79,80,-1,24,80,25,-1,25,80,81,-1,25,81,26,-1,26,81,82,-1,26,82,21,-1,82,41,21,-1,21,41,43,-1,21,43,22,-1,22,43,83,-1,22,83,23,-1,23,83,84,-1,23,84,44,-1,
        ]
    }
}
Shape{
    appearance Appearance {
        material  Material {
            diffuseColor 0.29411764705882354 0.10588235294117647 0.09019607843137255
            specularColor 0.14901960784313725 0.050980392156862744 0.043137254901960784
            ambientIntensity 0.1604
            transparency 0.0
            shininess 0.5
        }
    }
    geometry IndexedFaceSet {
        ccw TRUE
        solid FALSE
        coord DEF co Coordinate {
            point [
                4.6915 -1.4823 15.7736, 4.6915 -1.4823 15.7775, 4.8587 -0.7723 15.7775, 4.8587 -0.7723 15.6949, 4.6784 -1.5232 15.6949, 4.6784 -1.5232 15.7736, 4.3829 -2.2367 15.7736, 4.3829 -2.2367 15.6949, 3.9794 -2.8951 15.7736, 3.9794 -2.8951 15.6949, 3.4779 -3.4823 15.7736, 3.4779 -3.4823 15.6949, 2.8907 -3.9839 15.7736, 2.8907 -3.9839 15.6949, 2.2322 -4.3873 15.7736, 2.2322 -4.3873 15.6949, 1.5188 -4.6829 15.7736, 1.5188 -4.6829 15.6949, 0.7679 -4.8631 15.7736, 0.7679 -4.8631 15.6949, -0.002 -4.9237 15.7736, -0.002 -4.9237 15.6949, -0.7718 -4.8631 15.7736, -0.7718 -4.8631 15.6949, -1.5227 -4.6829 15.7736, -1.5227 -4.6829 15.6949, -2.2362 -4.3873 15.7736, -2.2362 -4.3873 15.6949, -2.8946 -3.9839 15.7736, -2.8946 -3.9839 15.6949, -3.4818 -3.4823 15.7736, -3.4818 -3.4823 15.6949, -3.9834 -2.8951 15.7736, -3.9834 -2.8951 15.6949, -4.3868 -2.2367 15.7736, -4.3868 -2.2367 15.6949, -4.6824 -1.5232 15.7736, -4.6824 -1.5232 15.6949, -4.8626 -0.7723 15.7736, -4.8626 -0.7723 15.6949, -4.9232 -0.0025 15.7736, -4.9232 -0.0025 15.6949, -4.8626 0.7674 15.7736, -4.8626 0.7674 15.6949, -4.6824 1.5183 15.7736, -4.6824 1.5183 15.6949, -4.3868 2.2317 15.7736, -4.3868 2.2317 15.6949, -3.9834 2.8902 15.7736, -3.9834 2.8902 15.6949, -3.4818 3.4774 15.7736, -3.4818 3.4774 15.6949, -2.8946 3.9789 15.7736, -2.8946 3.9789 15.6949, -2.2362 4.3824 15.7736, -2.2362 4.3824 15.6949, -1.5227 4.6779 15.7736, -1.5227 4.6779 15.6949, -0.7718 4.8582 15.7736, -0.7718 4.8582 15.6949, -0.002 4.9188 15.7736, -0.002 4.9188 15.6949, 0.7679 4.8582 15.7736, 0.7679 4.8582 15.6949, 1.5188 4.6779 15.7736, 1.5188 4.6779 15.6949, 2.2322 4.3824 15.7736, 2.2322 4.3824 15.6949, 2.8907 3.9789 15.7736, 2.8907 3.9789 15.6949, 3.4779 3.4774 15.7736, 3.4779 3.4774 15.6949, 3.9794 2.8902 15.7736, 3.9794 2.8902 15.6949, 4.3829 2.2317 15.7736, 4.3829 2.2317 15.6949, 4.6784 1.5183 15.7736, 4.6784 1.5183 15.6949, 4.6915 1.4774 15.7736, 4.8587 0.7674 15.6949, 4.6915 1.4774 15.7775, 4.9193 -0.0025 15.7775, 4.9145 0.214 15.7775, 4.9193 -0.0025 15.6949, 4.9104 0.2928 15.7775, 4.8587 0.7674 15.7775, 4.9104 -0.2977 15.7775, 4.9145 -0.219 15.7775
            ]
        }
        coordIndex [
            0,1,2,-1,3,4,0,-1,0,4,5,-1,5,4,6,-1,6,4,7,-1,6,7,8,-1,8,7,9,-1,8,9,10,-1,10,9,11,-1,10,11,12,-1,12,11,13,-1,12,13,14,-1,14,13,15,-1,14,15,16,-1,16,15,17,-1,16,17,18,-1,18,17,19,-1,18,19,20,-1,20,19,21,-1,20,21,22,-1,22,21,23,-1,22,23,24,-1,24,23,25,-1,24,25,26,-1,26,25,27,-1,26,27,28,-1,28,27,29,-1,28,29,30,-1,30,29,31,-1,30,31,32,-1,32,31,33,-1,32,33,34,-1,34,33,35,-1,34,35,36,-1,36,35,37,-1,36,37,38,-1,38,37,39,-1,38,39,40,-1,40,39,41,-1,40,41,42,-1,42,41,43,-1,42,43,44,-1,44,43,45,-1,44,45,46,-1,46,45,47,-1,46,47,48,-1,48,47,49,-1,48,49,50,-1,50,49,51,-1,50,51,52,-1,52,51,53,-1,52,53,54,-1,54,53,55,-1,54,55,56,-1,56,55,57,-1,56,57,58,-1,58,57,59,-1,58,59,60,-1,60,59,61,-1,60,61,62,-1,62,61,63,-1,62,63,64,-1,64,63,65,-1,64,65,66,-1,66,65,67,-1,66,67,68,-1,68,67,69,-1,68,69,70,-1,70,69,71,-1,70,71,72,-1,72,71,73,-1,72,73,74,-1,74,73,75,-1,74,75,76,-1,76,75,77,-1,76,77,78,-1,78,77,79,-1,78,79,80,-1,81,82,83,-1,83,82,84,-1,83,84,79,-1,79,84,85,-1,79,85,80,-1,0,2,3,-1,3,2,86,-1,3,86,83,-1,83,86,87,-1,83,87,81,-1,
        ]
    }
}
Shape{
    appearance Appearance {
        material  Material {
            diffuseColor 0.8509803921568627 0.8509803921568627 0.8509803921568627
            specularColor 0.4235294117647059 0.4235294117647059 0.4235294117647059
            ambientIntensity 0.851
            transparency 0.0
            shininess 0.5
        }
    }
    geometry IndexedFaceSet {
        ccw TRUE
        solid FALSE
        coord DEF co Coordinate {
            point [
                -4.9232 -0.0025 15.6949, -4.8626 -0.7723 15.6949, -0.002 -0.0025 15.6949, -4.3868 2.2317 15.6949, -4.6824 1.5183 15.6949, -4.8626 0.7674 15.6949, -2.8946 3.9789 15.6949, -3.4818 3.4774 15.6949, -3.9834 2.8902 15.6949, -0.7718 4.8582 15.6949, -1.5227 4.6779 15.6949, -2.2362 4.3824 15.6949, 1.5188 4.6779 15.6949, 0.7679 4.8582 15.6949, -0.002 4.9188 15.6949, 3.4779 3.4774 15.6949, 2.8907 3.9789 15.6949, 2.2322 4.3824 15.6949, 4.6784 1.5183 15.6949, 4.3829 2.2317 15.6949, 3.9794 2.8902 15.6949, 4.8587 -0.7723 15.6949, 4.9193 -0.0025 15.6949, 4.8587 0.7674 15.6949, 3.9794 -2.8951 15.6949, 4.3829 -2.2367 15.6949, 4.6784 -1.5232 15.6949, 2.2322 -4.3873 15.6949, 2.8907 -3.9839 15.6949, 3.4779 -3.4823 15.6949, -0.002 -4.9237 15.6949, 0.7679 -4.8631 15.6949, 1.5188 -4.6829 15.6949, -2.2362 -4.3873 15.6949, -1.5227 -4.6829 15.6949, -0.7718 -4.8631 15.6949, -3.9834 -2.8951 15.6949, -3.4818 -3.4823 15.6949, -2.8946 -3.9839 15.6949, -4.6824 -1.5232 15.6949, -4.3868 -2.2367 15.6949
            ]
        }
        coordIndex [
            0,1,2,-1,3,4,2,-1,2,4,5,-1,2,5,0,-1,6,7,2,-1,2,7,8,-1,2,8,3,-1,9,10,2,-1,2,10,11,-1,2,11,6,-1,12,13,2,-1,2,13,14,-1,2,14,9,-1,15,16,2,-1,2,16,17,-1,2,17,12,-1,18,19,2,-1,2,19,20,-1,2,20,15,-1,21,22,2,-1,2,22,23,-1,2,23,18,-1,24,25,2,-1,2,25,26,-1,2,26,21,-1,27,28,2,-1,2,28,29,-1,2,29,24,-1,30,31,2,-1,2,31,32,-1,2,32,27,-1,33,34,2,-1,2,34,35,-1,2,35,30,-1,36,37,2,-1,2,37,38,-1,2,38,33,-1,1,39,2,-1,2,39,40,-1,2,40,36,-1,
        ]
    }
}
Shape{
    appearance Appearance {
        material  Material {
            diffuseColor 0.8745098039215686 0.9921568627450981 1.0
            specularColor 0.4392156862745098 0.49411764705882355 0.5019607843137255
            ambientIntensity 0.9579
            transparency 0.0
            shininess 0.5
        }
    }
    geometry IndexedFaceSet {
        ccw TRUE
        solid FALSE
        coord DEF co Coordinate {
            point [
                4.9193 -0.0025 0.0216, 4.8587 0.7674 0.0216, 5.853 0.7684 0.0216, 5.7636 1.2757 0.0216, 4.6915 1.4774 0.0216, 5.6302 1.7733 0.0216, 5.6302 -1.7783 0.0216, 4.6915 -1.4823 0.0216, 5.7636 -1.2807 0.0216, 4.8587 -0.7723 0.0216, 5.8979 0.2551 0.0216, 5.8979 -0.2601 0.0216, 5.853 -0.7733 0.0216, 4.9145 -0.219 15.7775, 5.8996 -0.219 15.7775, 4.9193 -0.0025 15.7775, 5.8996 0.214 15.7775, 4.9145 0.214 15.7775, 5.9878 0.2141 15.7736, 5.9878 -0.219 15.7736, 6.0371 0.2141 15.7679, 6.0371 -0.219 15.7679, 6.1189 0.2141 15.7497, 6.0866 -0.219 15.7597, 6.119 -0.219 15.7507, 6.1915 0.2141 15.7335, 6.2386 -0.219 15.7177, 6.3278 0.2141 15.6778, 6.327 -0.219 15.6762, 6.3535 0.2141 15.6672, 6.3968 -0.219 15.6435, 6.4878 0.2141 15.5836, 6.5155 -0.219 15.5611, 6.5144 0.2141 15.5601, 6.5268 -0.219 15.5533, 6.6188 0.2141 15.4675, 6.6516 -0.219 15.431, 6.6702 0.2141 15.4035, 6.6709 -0.219 15.4042, 6.7178 0.2141 15.3441, 6.7444 -0.219 15.3029, 6.7885 0.2141 15.217, 6.787 -0.219 15.2164, 6.8029 0.2141 15.1912, 6.8216 -0.219 15.1462, 6.8555 0.2141 15.0421, 6.8625 -0.219 15.0089, 6.8612 0.2141 15.0088, 6.8668 -0.219 14.9946, 6.8851 0.2141 14.8698, 6.8758 -0.219 14.9462, 6.8883 0.2141 14.7893, 6.8883 -0.219 14.7893, 6.8917 -0.0025 13.8051, 6.8916 0.0398 13.5927, 6.8912 0.0805 13.6051, 6.8907 0.1179 13.6251, 6.89 0.1506 13.652, 6.8894 0.1776 13.6849, 6.8888 0.1976 13.7222, 6.8885 0.2099 13.7629, 6.8883 0.2141 13.8051, 6.8883 -0.219 13.8051, 6.8885 -0.2148 13.7626, 6.8888 -0.2025 13.7221, 6.8894 -0.1824 13.6846, 6.89 -0.1555 13.6519, 6.8907 -0.1227 13.625, 6.8912 -0.0852 13.605, 6.8916 -0.0447 13.5927, 6.8917 -0.0023 13.5886, 6.8134 -0.219 3.8099, 6.8624 0.2141 3.9626, 6.8658 -0.0025 3.9626, 6.8685 0.2123 3.9901, 6.8688 0.2121 3.9914, 6.8722 -0.0017 3.9917, 6.8917 -0.001 4.1791, 6.8915 -0.0519 4.1734, 6.8912 -0.0724 4.1675, 6.8899 -0.1184 4.1455, 6.8889 -0.136 4.133, 6.8855 -0.172 4.0972, 6.8833 -0.1851 4.0789, 6.8766 -0.2071 4.0334, 6.8831 0.1814 4.077, 6.8875 0.1498 4.1166, 6.8888 0.1335 4.1311, 6.8907 0.0904 4.1582, 6.8911 0.0703 4.1665, 6.8916 0.0205 4.1779, 6.8805 0.1918 4.0581, 6.8753 0.2019 4.025, 6.8725 0.2087 4.0103, 6.873 -0.213 4.0131, 6.8686 -0.2155 3.9921, 6.8685 -0.2156 3.9915, 6.8689 0.212 3.9921, 6.8624 -0.219 3.9626, 6.637 -0.219 3.5289, 6.5917 -0.219 3.4816, 6.5917 0.2141 3.4816, 6.637 0.2141 3.5289, 6.6693 0.2141 3.567, 6.716 -0.219 3.633, 6.7148 0.2141 3.6337, 6.7161 -0.219 3.6332, 6.715 0.2141 3.6339, 6.7326 -0.219 3.6549, 6.7581 0.2141 3.6971, 6.8105 -0.219 3.8044, 6.8105 0.2141 3.8044, 6.8107 -0.219 3.8048, 6.8107 0.2141 3.8048, 6.8144 0.2141 3.8124, 6.4527 0.2141 2.2548, 6.441 0.2141 2.2709, 6.441 -0.219 2.2709, 6.4166 0.2141 2.3133, 6.37 -0.219 2.4115, 6.3541 0.2141 2.4538, 6.3567 -0.219 2.4546, 6.3528 0.2141 2.4567, 6.3191 -0.219 2.5766, 6.3102 0.2141 2.624, 6.3068 -0.219 2.6707, 6.3064 0.2141 2.6705, 6.2987 -0.219 2.7327, 6.2975 0.2141 2.781, 6.3048 -0.219 2.8926, 6.3073 0.2141 2.8923, 6.3053 -0.219 2.9053, 6.3126 0.2141 2.9531, 6.3377 -0.219 3.0595, 6.3526 0.2141 3.1055, 6.3569 -0.219 3.108, 6.3542 0.2141 3.1091, 6.4011 -0.219 3.22, 6.424 0.2141 3.263, 6.454 -0.219 3.3075, 6.4539 0.2141 3.3074, 6.4827 -0.219 3.3548, 6.5122 0.2141 3.3936, 6.5917 -0.219 2.0814, 6.5917 0.2141 2.0814, 6.5664 -0.219 2.1071, 6.5335 0.2141 2.1436, 6.4679 -0.219 2.2293, 6.4518 -0.219 2.2542, 6.7133 0.2065 1.9374, 6.7132 0.2065 1.9375, 6.6743 -0.0025 1.9941, 6.6708 0.2141 1.9941, 6.629 0.2141 2.0428, 6.629 -0.219 2.0428, 6.6708 -0.219 1.9941, 6.7014 -0.2153 1.9541, 6.7132 -0.2107 1.9373, 6.7373 -0.1968 1.9012, 6.7286 0.0052 1.9195, 6.8054 0.026 1.7794, 6.8032 0.0505 1.7841, 6.7952 0.0942 1.8003, 6.7875 0.1195 1.8152, 6.7706 0.1559 1.8464, 6.7614 0.1694 1.8624, 6.7374 0.1925 1.9013, 6.7095 -0.2128 1.9428, 6.7343 0.1955 1.9063, 6.744 -0.1929 1.891, 6.7513 -0.1861 1.8792, 6.7744 -0.1541 1.8395, 6.7803 -0.1424 1.8288, 6.7943 -0.1023 1.8019, 6.7982 -0.0858 1.7942, 6.8047 -0.0409 1.781, 6.806 -0.0203 1.7783, 6.5727 2.0705 1.0098, 6.5727 2.0705 1.3757, 6.7283 1.4896 1.0098, 6.7283 1.4896 1.3757, 6.7701 1.2527 1.0098, 6.7701 1.2527 1.3757, 6.8328 0.8973 1.0098, 6.8328 0.8973 1.3757, 6.8747 0.418 1.0098, 6.8747 0.418 1.3757, 6.8852 0.2982 1.0098, 6.8852 0.2982 1.3757, 6.8852 -0.3032 1.0098, 6.8852 -0.3032 1.3757, 6.8747 -0.423 1.0098, 6.8747 -0.423 1.3757, 6.8328 -0.9023 1.0098, 6.8328 -0.9023 1.3757, 6.7701 -1.2577 1.0098, 6.7701 -1.2577 1.3757, 6.7283 -1.4945 1.0098, 6.7283 -1.4945 1.3757, 6.5727 -2.0754 1.0098, 6.5727 -2.0754 1.3757, 6.7041 -1.4892 0.7899, 6.8604 0.2971 0.7899, 6.8082 0.8941 0.7899, 6.549 2.0631 0.7899, 6.7041 1.4842 0.7899, 6.4793 2.0411 0.5811, 6.6328 1.4684 0.5811, 6.3671 2.0057 0.3937, 6.5178 1.4429 0.3937, 6.2178 1.9586 0.2372, 6.3651 1.4091 0.2372, 6.0391 1.9023 0.1195, 6.1822 1.3685 0.1195, 5.8399 1.8395 0.0464, 5.9782 1.3233 0.0464, 6.7357 0.8846 0.5811, 6.619 0.8692 0.3937, 6.4639 0.8488 0.2372, 6.2781 0.8243 0.1195, 6.071 0.7971 0.0464, 6.7874 0.294 0.5811, 6.6698 0.2888 0.3937, 6.5135 0.282 0.2372, 6.3263 0.2738 0.1195, 6.1176 0.2647 0.0464, 6.8604 -0.3021 0.7899, 6.7874 -0.2989 0.5811, 6.6698 -0.2938 0.3937, 6.5135 -0.2869 0.2372, 6.3263 -0.2788 0.1195, 6.1176 -0.2697 0.0464, 6.8082 -0.899 0.7899, 6.7357 -0.8895 0.5811, 6.619 -0.8741 0.3937, 6.4639 -0.8537 0.2372, 6.2781 -0.8293 0.1195, 6.071 -0.802 0.0464, 6.6328 -1.4734 0.5811, 6.5178 -1.4479 0.3937, 6.3651 -1.414 0.2372, 6.1822 -1.3735 0.1195, 5.9782 -1.3283 0.0464, 6.549 -2.068 0.7899, 6.4793 -2.046 0.5811, 6.3671 -2.0106 0.3937, 6.2178 -1.9636 0.2372, 6.0391 -1.9072 0.1195, 5.8399 -1.8444 0.0464, 4.6915 -1.4823 0.0256, 5.6302 -1.7783 0.0256, 5.8391 -1.8442 0.0502, 6.0375 -1.9067 0.123, 6.2155 -1.9628 0.2403, 6.3641 -2.0097 0.3961, 6.476 -2.045 0.5828, 6.5454 -2.0668 0.7908, 6.5689 -2.0743 1.0098, 6.5689 -2.0743 1.3757, 6.5504 -2.0684 1.5701, 6.5541 -2.0696 1.5709, 6.4957 -2.0512 1.7569, 6.4991 -2.0523 1.7584, 6.4068 -2.0231 1.9286, 6.4099 -2.0241 1.9308, 6.2873 -1.9855 2.0786, 6.2899 -1.9863 2.0814, 6.1532 -1.9432 2.2519, 6.1563 -1.9442 2.254, 6.0597 -1.9137 2.4524, 6.0632 -1.9148 2.4537, 6.0118 -1.8986 2.6699, 6.0155 -1.8998 2.6703, 6.0118 -1.8986 2.8931, 6.0155 -1.8998 2.8926, 6.0597 -1.9137 3.1105, 6.0632 -1.9148 3.1092, 6.1532 -1.9432 3.3111, 6.1563 -1.9442 3.3089, 6.2873 -1.9855 3.4844, 6.2899 -1.9863 3.4816, 6.4068 -2.0231 3.6343, 6.4099 -2.0241 3.6321, 6.4957 -2.0512 3.8061, 6.4991 -2.0523 3.8045, 6.5504 -2.0684 3.9928, 6.5541 -2.0696 3.9921, 6.5689 -2.0743 4.1873, 6.5727 -2.0754 4.1873, 6.5689 -2.0743 14.7893, 6.5727 -2.0754 14.7893, 6.5454 -2.0668 15.0084, 6.549 -2.068 15.0092, 6.476 -2.045 15.2164, 6.4793 -2.046 15.2181, 6.3641 -2.0097 15.403, 6.3671 -2.0106 15.4055, 6.2155 -1.9628 15.5589, 6.2178 -1.9636 15.5619, 6.0375 -1.9067 15.6761, 6.0391 -1.9072 15.6797, 5.8391 -1.8442 15.7489, 5.8399 -1.8444 15.7528, 5.6302 -1.7783 15.7736, 5.6302 -1.7783 15.7775, 4.6915 -1.4823 15.7736, 4.6915 -1.4823 15.7775, 4.6915 1.4774 0.0256, 5.6302 1.7733 0.0256, 5.8391 1.8392 0.0502, 6.0375 1.9018 0.123, 6.2155 1.9579 0.2403, 6.3641 2.0047 0.3961, 6.476 2.04 0.5828, 6.5454 2.0619 0.7908, 6.5689 2.0693 1.0098, 6.5689 2.0693 1.3757, 6.5541 2.0646 1.5709, 6.5504 2.0635 1.5701, 6.4991 2.0473 1.7584, 6.4957 2.0462 1.7569, 6.4099 2.0192 1.9308, 6.4068 2.0182 1.9286, 6.2899 1.9814 2.0814, 6.2873 1.9805 2.0786, 6.1563 1.9392 2.254, 6.1532 1.9382 2.2519, 6.0632 1.9099 2.4537, 6.0597 1.9088 2.4524, 6.0155 1.8948 2.6703, 6.0118 1.8936 2.6699, 6.0155 1.8948 2.8926, 6.0118 1.8936 2.8931, 6.0632 1.9099 3.1092, 6.0597 1.9088 3.1105, 6.1563 1.9392 3.3089, 6.1532 1.9382 3.3111, 6.2899 1.9814 3.4816, 6.2873 1.9805 3.4844, 6.4099 2.0192 3.6321, 6.4068 2.0182 3.6343, 6.4991 2.0473 3.8045, 6.4957 2.0462 3.8061, 6.5541 2.0646 3.9921, 6.5504 2.0635 3.9928, 6.5727 2.0705 4.1873, 6.5689 2.0693 4.1873, 6.5727 2.0705 14.7893, 6.5689 2.0693 14.7893, 6.549 2.0631 15.0092, 6.5454 2.0619 15.0084, 6.4793 2.0411 15.2181, 6.476 2.04 15.2164, 6.3671 2.0057 15.4055, 6.3641 2.0047 15.403, 6.2178 1.9586 15.5619, 6.2155 1.9579 15.5589, 6.0391 1.9023 15.6797, 6.0375 1.9018 15.6761, 5.8399 1.8395 15.7528, 5.8391 1.8392 15.7489, 5.6302 1.7733 15.7775, 5.6302 1.7733 15.7736, 4.6915 1.4774 15.7775, 4.6915 1.4774 15.7736
            ]
        }
        coordIndex [
            0,1,2,-1,2,1,3,-1,3,1,4,-1,3,4,5,-1,6,7,8,-1,8,7,9,-1,2,10,0,-1,0,10,11,-1,0,11,9,-1,9,11,12,-1,9,12,8,-1,13,14,15,-1,15,14,16,-1,15,16,17,-1,16,14,18,-1,18,14,19,-1,18,19,20,-1,20,19,21,-1,20,21,22,-1,21,23,22,-1,22,23,24,-1,22,24,25,-1,25,24,26,-1,25,26,27,-1,27,26,28,-1,27,28,29,-1,29,28,30,-1,29,30,31,-1,31,30,32,-1,31,32,33,-1,33,32,34,-1,33,34,35,-1,35,34,36,-1,35,36,37,-1,37,36,38,-1,37,38,39,-1,39,38,40,-1,39,40,41,-1,41,40,42,-1,41,42,43,-1,43,42,44,-1,43,44,45,-1,45,44,46,-1,45,46,47,-1,47,46,48,-1,47,48,49,-1,49,48,50,-1,49,50,51,-1,51,50,52,-1,53,54,55,-1,55,56,53,-1,53,56,57,-1,53,57,58,-1,58,59,53,-1,53,59,60,-1,53,60,61,-1,62,63,53,-1,53,63,64,-1,53,64,65,-1,65,66,53,-1,53,66,67,-1,53,67,68,-1,68,69,53,-1,53,69,70,-1,53,70,54,-1,61,51,53,-1,53,51,52,-1,53,52,62,-1,71,72,73,-1,73,72,74,-1,73,74,75,-1,76,77,78,-1,78,79,76,-1,76,79,80,-1,76,80,81,-1,81,82,76,-1,76,82,83,-1,76,83,84,-1,85,86,76,-1,76,86,87,-1,76,87,88,-1,88,89,76,-1,76,89,90,-1,76,90,77,-1,85,76,91,-1,91,76,92,-1,91,92,93,-1,84,94,76,-1,76,94,95,-1,76,95,96,-1,93,92,97,-1,97,92,76,-1,97,76,75,-1,75,76,96,-1,75,96,73,-1,73,96,98,-1,73,98,71,-1,99,100,101,-1,101,102,99,-1,99,102,103,-1,99,103,104,-1,104,103,105,-1,104,105,106,-1,106,105,107,-1,106,107,108,-1,108,107,109,-1,108,109,110,-1,110,109,111,-1,110,111,112,-1,112,111,113,-1,112,113,71,-1,71,113,114,-1,71,114,72,-1,115,116,117,-1,117,116,118,-1,117,118,119,-1,119,118,120,-1,119,120,121,-1,121,120,122,-1,121,122,123,-1,123,122,124,-1,123,124,125,-1,125,124,126,-1,125,126,127,-1,127,126,128,-1,127,128,129,-1,129,128,130,-1,129,130,131,-1,131,130,132,-1,131,132,133,-1,133,132,134,-1,133,134,135,-1,135,134,136,-1,135,136,137,-1,137,136,138,-1,137,138,139,-1,139,138,140,-1,139,140,141,-1,141,140,142,-1,141,142,100,-1,100,142,101,-1,143,144,145,-1,145,144,146,-1,145,146,147,-1,147,146,115,-1,147,115,148,-1,148,115,117,-1,149,150,151,-1,151,150,152,-1,151,152,153,-1,144,143,153,-1,153,143,154,-1,153,154,151,-1,151,154,155,-1,151,155,156,-1,157,158,159,-1,160,161,159,-1,159,161,162,-1,159,162,163,-1,163,164,159,-1,159,164,165,-1,159,165,166,-1,156,167,151,-1,151,167,157,-1,151,157,149,-1,149,157,159,-1,149,159,168,-1,168,159,166,-1,158,169,159,-1,159,169,170,-1,159,170,171,-1,171,172,159,-1,159,172,173,-1,159,173,174,-1,174,175,159,-1,159,175,176,-1,159,176,160,-1,177,178,179,-1,179,178,180,-1,179,180,181,-1,181,180,182,-1,181,182,183,-1,183,182,184,-1,183,184,185,-1,185,184,186,-1,185,186,187,-1,187,186,188,-1,187,188,189,-1,189,188,190,-1,189,190,191,-1,191,190,192,-1,191,192,193,-1,193,192,194,-1,193,194,195,-1,195,194,196,-1,195,196,197,-1,197,196,198,-1,197,198,199,-1,199,198,200,-1,195,197,201,-1,185,187,202,-1,181,183,203,-1,195,201,193,-1,177,179,204,-1,204,179,205,-1,204,205,206,-1,206,205,207,-1,206,207,208,-1,208,207,209,-1,208,209,210,-1,210,209,211,-1,210,211,212,-1,212,211,213,-1,212,213,214,-1,214,213,215,-1,214,215,5,-1,5,215,3,-1,179,181,205,-1,205,181,203,-1,205,203,207,-1,207,203,216,-1,207,216,209,-1,209,216,217,-1,209,217,211,-1,211,217,218,-1,211,218,213,-1,213,218,219,-1,213,219,215,-1,215,219,220,-1,215,220,3,-1,3,220,2,-1,183,185,203,-1,203,185,202,-1,203,202,216,-1,216,202,221,-1,216,221,217,-1,217,221,222,-1,217,222,218,-1,218,222,223,-1,218,223,219,-1,219,223,224,-1,219,224,220,-1,220,224,225,-1,220,225,2,-1,2,225,10,-1,187,189,202,-1,202,189,226,-1,202,226,221,-1,221,226,227,-1,221,227,222,-1,222,227,228,-1,222,228,223,-1,223,228,229,-1,223,229,224,-1,224,229,230,-1,224,230,225,-1,225,230,231,-1,225,231,10,-1,10,231,11,-1,189,191,226,-1,226,191,232,-1,226,232,227,-1,227,232,233,-1,227,233,228,-1,228,233,234,-1,228,234,229,-1,229,234,235,-1,229,235,230,-1,230,235,236,-1,230,236,231,-1,231,236,237,-1,231,237,11,-1,11,237,12,-1,191,193,232,-1,232,193,201,-1,232,201,233,-1,233,201,238,-1,233,238,234,-1,234,238,239,-1,234,239,235,-1,235,239,240,-1,235,240,236,-1,236,240,241,-1,236,241,237,-1,237,241,242,-1,237,242,12,-1,12,242,8,-1,197,199,201,-1,201,199,243,-1,201,243,238,-1,238,243,244,-1,238,244,239,-1,239,244,245,-1,239,245,240,-1,240,245,246,-1,240,246,241,-1,241,246,247,-1,241,247,242,-1,242,247,248,-1,242,248,8,-1,8,248,6,-1,249,7,250,-1,250,7,6,-1,250,6,251,-1,251,6,248,-1,251,248,252,-1,252,248,247,-1,252,247,253,-1,253,247,246,-1,253,246,254,-1,254,246,245,-1,254,245,255,-1,255,245,244,-1,255,244,256,-1,256,244,243,-1,256,243,257,-1,257,243,199,-1,257,199,258,-1,258,199,200,-1,258,200,259,-1,259,200,260,-1,259,260,261,-1,261,260,262,-1,261,262,263,-1,263,262,264,-1,263,264,265,-1,265,264,266,-1,265,266,267,-1,267,266,268,-1,267,268,269,-1,269,268,270,-1,269,270,271,-1,271,270,272,-1,271,272,273,-1,273,272,274,-1,273,274,275,-1,275,274,276,-1,275,276,277,-1,277,276,278,-1,277,278,279,-1,279,278,280,-1,279,280,281,-1,281,280,282,-1,281,282,283,-1,283,282,284,-1,283,284,285,-1,285,284,286,-1,285,286,287,-1,287,286,288,-1,287,288,289,-1,289,288,290,-1,289,290,291,-1,291,290,292,-1,291,292,293,-1,293,292,294,-1,293,294,295,-1,295,294,296,-1,295,296,297,-1,297,296,298,-1,297,298,299,-1,299,298,300,-1,299,300,301,-1,301,300,302,-1,301,302,303,-1,303,302,304,-1,303,304,305,-1,305,304,306,-1,4,307,5,-1,5,307,308,-1,5,308,214,-1,214,308,309,-1,214,309,212,-1,212,309,310,-1,212,310,210,-1,210,310,311,-1,210,311,208,-1,208,311,312,-1,208,312,206,-1,206,312,313,-1,206,313,204,-1,204,313,314,-1,204,314,177,-1,177,314,315,-1,177,315,178,-1,178,315,316,-1,178,316,317,-1,317,316,318,-1,317,318,319,-1,319,318,320,-1,319,320,321,-1,321,320,322,-1,321,322,323,-1,323,322,324,-1,323,324,325,-1,325,324,326,-1,325,326,327,-1,327,326,328,-1,327,328,329,-1,329,328,330,-1,329,330,331,-1,331,330,332,-1,331,332,333,-1,333,332,334,-1,333,334,335,-1,335,334,336,-1,335,336,337,-1,337,336,338,-1,337,338,339,-1,339,338,340,-1,339,340,341,-1,341,340,342,-1,341,342,343,-1,343,342,344,-1,343,344,345,-1,345,344,346,-1,345,346,347,-1,347,346,348,-1,347,348,349,-1,349,348,350,-1,349,350,351,-1,351,350,352,-1,351,352,353,-1,353,352,354,-1,353,354,355,-1,355,354,356,-1,355,356,357,-1,357,356,358,-1,357,358,359,-1,359,358,360,-1,359,360,361,-1,361,360,362,-1,361,362,363,-1,363,362,364,-1,
        ]
    }
}
Shape{
    appearance Appearance {
        material  Material {
            diffuseColor 1.0 1.0 1.0
            specularColor 0.5019607843137255 0.5019607843137255 0.5019607843137255
            ambientIntensity 1.0
            transparency 0.0
            shininess 0.5
        }
    }
    geometry IndexedFaceSet {
        ccw TRUE
        solid FALSE
        coord DEF co Coordinate {
            point [
                0.5624 6.8645 6.0615, 0.5624 6.8641 6.0615, 0.5748 6.8631 6.1545, 0.5748 6.8635 6.1545, 0.6089 6.8602 6.2417, 0.6089 6.8605 6.2417, 0.6665 6.8548 6.3231, 0.6665 6.8552 6.3231, 0.7432 6.8469 6.389, 0.7432 6.8473 6.389, 0.8276 6.8372 6.4316, 0.8276 6.8376 6.4316, 0.8416 6.8355 6.4364, 0.8416 6.8359 6.4364, 0.8972 6.8284 6.5481, 0.8972 6.8288 6.5481, 0.9937 6.815 6.6624, 0.9937 6.8154 6.6624, 1.1063 6.7976 6.7414, 1.1063 6.798 6.7414, 1.1753 6.786 6.7683, 1.2474 6.7731 6.7964, 1.2474 6.7735 6.7964, 1.3797 6.7473 6.8131, 1.3797 6.7477 6.8131, 1.4345 6.7355 6.8073, 1.5106 6.7196 6.7991, 1.5106 6.7192 6.7991, 1.6428 6.6881 6.7519, 1.6428 6.6885 6.7519, 1.7221 6.6681 6.7045, 1.7221 6.6685 6.7045, 1.7894 6.6503 6.6477, 1.7894 6.6507 6.6477, 1.7896 6.6507 6.6475, 1.8482 6.6342 6.5802, 1.8482 6.6346 6.5802, 1.881 6.6249 6.5833, 1.881 6.6253 6.5833, 1.9136 6.6156 6.5863, 1.9136 6.616 6.5863, 2.0258 6.5821 6.5733, 2.0258 6.5825 6.5733, 2.1316 6.5486 6.5331, 2.1316 6.549 6.5331, 2.2226 6.5183 6.4701, 2.2226 6.5187 6.4701, 2.2419 6.5116 6.452, 2.2419 6.5121 6.452, 2.311 6.4879 6.3648, 2.3084 6.4883 6.368, 2.311 6.4875 6.3648, 2.3571 6.4708 6.2627, 2.3571 6.4712 6.2627, 2.377 6.4635 6.1558, 2.377 6.464 6.1558, 2.378 6.4632 6.1285, 2.378 6.4636 6.1285, 2.2607 6.5052 5.8174, 2.2607 6.5056 5.8174, 2.3084 6.4883 5.8866, 2.325 6.4828 5.9107, 2.325 6.4824 5.9107, 2.365 6.4683 6.017, 2.365 6.4679 6.017, 2.1723 6.5352 5.741, 2.1723 6.5356 5.741, 2.0698 6.5684 5.6902, 2.0698 6.5688 5.6902, 2.0339 6.5796 5.6792, 2.0339 6.58 5.6792, 2.0058 6.5883 5.6179, 2.0058 6.5887 5.6179, 1.9638 6.6009 5.5653, 1.9638 6.6013 5.5653, 1.9084 6.6171 5.523, 1.9084 6.6175 5.523, 1.843 6.6357 5.4949, 1.843 6.6361 5.4949, 1.7895 6.6506 5.4862, 1.7758 6.654 5.484, 1.7758 6.6544 5.484, 1.7649 6.6569 5.4837, 1.7649 6.6573 5.4837, 1.6959 6.6748 5.4917, 1.6959 6.6752 5.4917, 1.6323 6.6907 5.5156, 1.6323 6.6911 5.5156, 1.5753 6.7043 5.5547, 1.5753 6.7047 5.5547, 1.5313 6.7145 5.6033, 1.5313 6.7149 5.6033, 1.4971 6.7222 5.6665, 1.4971 6.7226 5.6665, 1.4864 6.7246 5.7009, 1.4863 6.725 5.7012, 1.4819 6.7256 5.7369, 1.48 6.7264 5.7367, 1.4782 6.7264 5.7663, 1.4782 6.7268 5.7663, 1.548 6.7111 5.9575, 1.548 6.7107 5.9575, 1.5975 6.6991 6.0032, 1.5975 6.6995 6.0032, 1.6576 6.6844 6.036, 1.6576 6.6848 6.036, 1.7262 6.667 6.0535, 1.7262 6.6674 6.0535, 1.7608 6.658 6.0558, 1.7608 6.6584 6.0558, 1.7895 6.6506 6.0525, 1.8289 6.6396 6.0479, 1.8289 6.64 6.0479, 1.8919 6.6219 6.0243, 1.8919 6.6223 6.0243, 1.9504 6.6049 5.9843, 1.9504 6.6053 5.9843, 1.9978 6.5907 5.9308, 1.9978 6.5911 5.9308, 2.0297 6.5809 5.8698, 2.0297 6.5813 5.8698, 2.0915 6.5615 5.9085, 2.0915 6.562 5.9085, 2.1421 6.5452 5.9613, 2.1421 6.5456 5.9613, 2.1756 6.5341 6.0192, 2.1756 6.5345 6.0192, 2.1879 6.5304 6.0535, 2.1878 6.53 6.0534, 2.1956 6.5279 6.089, 2.1956 6.5274 6.089, 2.1987 6.5264 6.1329, 2.1987 6.5268 6.1329, 2.1897 6.5294 6.2018, 2.1897 6.5298 6.2018, 2.1648 6.5377 6.2651, 2.1648 6.5381 6.2651, 2.125 6.5508 6.3215, 2.125 6.5512 6.3215, 2.0757 6.5666 6.3648, 2.0757 6.567 6.3648, 2.012 6.5864 6.398, 2.012 6.5868 6.398, 1.9416 6.6075 6.4142, 1.9416 6.6079 6.4142, 1.912 6.6161 6.4155, 1.912 6.6165 6.4155, 1.8453 6.635 6.4068, 1.8453 6.6354 6.4068, 1.7895 6.6507 6.386, 1.7816 6.6524 6.383, 1.7816 6.6528 6.383, 1.7614 6.6578 6.3718, 1.7614 6.6582 6.3718, 1.3781 6.7477 6.6423, 1.3781 6.7481 6.6423, 1.4346 6.7357 6.6354, 1.483 6.7258 6.6296, 1.483 6.7254 6.6296, 1.5762 6.7045 6.5925, 1.5762 6.7041 6.5925, 1.6529 6.686 6.5373, 1.6529 6.6856 6.5373, 1.7173 6.6697 6.4615, 1.7173 6.6693 6.4615, 1.2817 6.7667 6.6298, 1.2817 6.7671 6.6298, 1.1926 6.7829 6.5949, 1.1926 6.7833 6.5949, 1.1753 6.7863 6.5827, 1.1131 6.7965 6.5389, 1.1131 6.7969 6.5389, 1.1059 6.7976 6.5323, 1.1059 6.798 6.5323, 1.0423 6.8077 6.4551, 1.0423 6.8081 6.4551, 0.999 6.8142 6.3631, 0.999 6.8146 6.3631, 0.9821 6.8166 6.2837, 0.9821 6.817 6.2837, 0.9594 6.8203 6.2835, 0.9594 6.8199 6.2835, 0.9053 6.8273 6.2765, 0.9053 6.8277 6.2765, 0.8557 6.8337 6.257, 0.8557 6.8341 6.257, 0.8118 6.8391 6.2258, 0.8118 6.8395 6.2258, 0.7793 6.8429 6.189, 0.7793 6.8433 6.189, 0.7531 6.8458 6.1397, 0.7531 6.8462 6.1397, 0.7401 6.8472 6.0849, 0.7401 6.8476 6.0849, 0.7389 6.8473 6.0599, 0.7389 6.8477 6.0599, 0.7461 6.8466 6.0046, 0.7461 6.8469 6.0046, 0.7661 6.8443 5.954, 0.7661 6.8447 5.954, 0.7978 6.8407 5.9098, 0.7978 6.8411 5.9098, 0.8015 6.8403 5.9058, 0.8015 6.8407 5.9058, 0.8439 6.8352 5.8717, 0.8439 6.8356 5.8717, 0.8942 6.8288 5.8488, 0.8942 6.8291 5.8488, 0.9454 6.8218 5.8394, 0.9454 6.8222 5.8394, 1.0793 6.8023 5.8411, 1.0735 6.8032 5.8403, 1.0735 6.8028 5.8403, 1.0878 6.8006 5.843, 1.0906 6.8001 5.8433, 1.0906 6.8005 5.8433, 1.0792 6.8019 5.8414, 1.0879 6.8009 5.8427, 1.1126 6.7965 5.8406, 1.1126 6.7969 5.8406, 1.1322 6.7933 5.833, 1.1322 6.7937 5.833, 1.1498 6.7903 5.8207, 1.1498 6.7907 5.8207, 1.1617 6.7883 5.8078, 1.1617 6.7887 5.8078, 1.1728 6.7864 5.7885, 1.1728 6.7868 5.7885, 1.1753 6.7864 5.7791, 1.1786 6.7854 5.7669, 1.1786 6.7858 5.7669, 1.1794 6.7852 5.7556, 1.1794 6.7856 5.7556, 1.1769 6.7857 5.7344, 1.1769 6.7861 5.7344, 1.1753 6.7864 5.7303, 1.1695 6.787 5.7151, 1.1695 6.7874 5.7151, 1.1572 6.7891 5.6971, 1.1572 6.7895 5.6971, 1.1507 6.7902 5.6903, 1.1507 6.7906 5.6903, 1.1323 6.7933 5.6771, 1.1323 6.7937 5.6771, 1.1135 6.7964 5.6695, 1.1135 6.7968 5.6695, 1.0975 6.799 5.6668, 1.0975 6.7994 5.6668, 0.9296 6.8244 5.6656, 0.9296 6.824 5.6656, 0.8347 6.8363 5.685, 0.8347 6.8367 5.685, 0.7476 6.8464 5.7269, 0.7476 6.8468 5.7269, 0.6697 6.8545 5.7919, 0.6697 6.8549 5.7919, 0.6126 6.8598 5.8702, 0.6126 6.8602 5.8702, 0.5762 6.863 5.96, 0.5762 6.8634 5.96, 1.765 6.6573 5.8765, 1.765 6.6569 5.8765, 1.7454 6.662 5.8746, 1.7454 6.6624 5.8746, 1.7186 6.669 5.866, 1.7186 6.6694 5.866, 1.6952 6.675 5.8511, 1.6952 6.6754 5.8511, 1.6763 6.6798 5.8312, 1.6763 6.6802 5.8312, 1.6632 6.683 5.8082, 1.6632 6.6834 5.8082, 1.656 6.6848 5.7822, 1.656 6.6852 5.7822, 1.6553 6.685 5.7546, 1.6553 6.6854 5.7546, 1.6576 6.6848 5.7407, 1.6576 6.6844 5.7407, 1.6616 6.6838 5.7272, 1.6616 6.6834 5.7272, 1.6745 6.6802 5.7025, 1.6745 6.6806 5.7025, 1.6922 6.6758 5.6824, 1.6922 6.6762 5.6824, 1.714 6.6702 5.6672, 1.714 6.6706 5.6672, 1.7388 6.6637 5.6577, 1.7388 6.6642 5.6577, 1.7665 6.6565 5.6545, 1.7665 6.6569 5.6545, 1.7714 6.6552 5.6546, 1.7714 6.6556 5.6546, 1.7896 6.6507 5.6577, 1.7969 6.6483 5.659, 1.7969 6.6487 5.659, 1.8226 6.6413 5.6702, 1.8226 6.6417 5.6702, 1.8442 6.6353 5.6871, 1.8442 6.6357 5.6871, 1.8597 6.631 5.7063, 1.8597 6.6314 5.7063, 1.8711 6.6278 5.7302, 1.8711 6.6282 5.7302, 1.8764 6.6263 5.7568, 1.8764 6.6267 5.7568, 1.8751 6.6267 5.7846, 1.8751 6.6271 5.7846, 1.8718 6.628 5.7983, 1.8718 6.6276 5.7983, 1.8669 6.6294 5.8114, 1.8669 6.629 5.8114, 1.8522 6.6331 5.8351, 1.8522 6.6335 5.8351, 1.8398 6.6366 5.8481, 1.8398 6.637 5.8481, 1.8174 6.6427 5.8637, 1.8174 6.6431 5.8637, 1.7924 6.6495 5.8732, 1.7924 6.6499 5.8732, 1.7896 6.6507 5.8736, 1.478 6.7265 5.7948, 1.478 6.7269 5.7948, 1.4344 6.7347 5.8174, 1.1749 6.7842 5.9522, 1.0781 6.8021 6.0026, 1.0781 6.8025 6.0026, 1.1652 6.7877 6.1541, 1.1652 6.7881 6.1541, 1.4341 6.7336 6.016, 1.1753 6.7861 6.1489, 1.5554 6.7094 5.641
            ]
        }
        coordIndex [
            0,1,2,-1,0,2,3,-1,3,2,4,-1,3,4,5,-1,5,4,6,-1,5,6,7,-1,7,6,8,-1,7,8,9,-1,9,8,10,-1,9,10,11,-1,11,10,12,-1,11,12,13,-1,13,12,14,-1,13,14,15,-1,15,14,16,-1,15,16,17,-1,16,18,17,-1,17,18,19,-1,19,18,20,-1,20,18,21,-1,20,21,22,-1,22,21,23,-1,22,23,24,-1,24,23,25,-1,24,25,26,-1,25,27,26,-1,26,27,28,-1,26,28,29,-1,29,28,30,-1,29,30,31,-1,30,32,31,-1,31,32,33,-1,33,32,34,-1,34,32,35,-1,34,35,36,-1,36,35,37,-1,36,37,38,-1,38,37,39,-1,38,39,40,-1,40,39,41,-1,40,41,42,-1,42,41,43,-1,42,43,44,-1,44,43,45,-1,44,45,46,-1,46,45,47,-1,46,47,48,-1,49,48,50,-1,50,48,47,-1,50,51,49,-1,49,51,52,-1,49,52,53,-1,53,52,54,-1,53,54,55,-1,55,54,56,-1,55,56,57,-1,58,59,60,-1,60,59,61,-1,60,61,62,-1,62,61,63,-1,62,63,64,-1,64,63,57,-1,64,57,56,-1,59,58,65,-1,59,65,66,-1,66,65,67,-1,66,67,68,-1,68,67,69,-1,68,69,70,-1,70,69,71,-1,70,71,72,-1,72,71,73,-1,72,73,74,-1,74,73,75,-1,74,75,76,-1,76,75,77,-1,76,77,78,-1,78,77,79,-1,79,77,80,-1,79,80,81,-1,81,80,82,-1,81,82,83,-1,83,82,84,-1,83,84,85,-1,85,84,86,-1,85,86,87,-1,87,86,88,-1,87,88,89,-1,89,88,90,-1,89,90,91,-1,91,90,92,-1,91,92,93,-1,93,92,94,-1,93,94,95,-1,95,94,96,-1,95,96,97,-1,97,96,98,-1,97,98,99,-1,100,101,102,-1,100,102,103,-1,103,102,104,-1,103,104,105,-1,105,104,106,-1,105,106,107,-1,107,106,108,-1,107,108,109,-1,109,108,110,-1,110,108,111,-1,110,111,112,-1,112,111,113,-1,112,113,114,-1,114,113,115,-1,114,115,116,-1,116,115,117,-1,116,117,118,-1,118,117,119,-1,118,119,120,-1,120,119,121,-1,120,121,122,-1,122,121,123,-1,122,123,124,-1,124,123,125,-1,124,125,126,-1,126,125,127,-1,127,125,128,-1,127,128,129,-1,128,130,129,-1,129,130,131,-1,129,131,132,-1,132,131,133,-1,132,133,134,-1,134,133,135,-1,134,135,136,-1,136,135,137,-1,136,137,138,-1,138,137,139,-1,138,139,140,-1,140,139,141,-1,140,141,142,-1,142,141,143,-1,142,143,144,-1,144,143,145,-1,144,145,146,-1,145,147,146,-1,146,147,148,-1,148,147,149,-1,149,147,150,-1,149,150,151,-1,151,150,152,-1,151,152,153,-1,154,155,156,-1,156,155,157,-1,156,157,158,-1,158,157,159,-1,158,159,160,-1,160,159,161,-1,160,161,162,-1,162,161,163,-1,162,163,164,-1,164,163,153,-1,164,153,152,-1,155,154,165,-1,155,165,166,-1,166,165,167,-1,166,167,168,-1,168,167,169,-1,169,167,170,-1,169,170,171,-1,171,170,172,-1,171,172,173,-1,173,172,174,-1,173,174,175,-1,175,174,176,-1,175,176,177,-1,177,176,178,-1,177,178,179,-1,180,181,182,-1,180,182,183,-1,183,182,184,-1,183,184,185,-1,185,184,186,-1,185,186,187,-1,187,186,188,-1,187,188,189,-1,189,188,190,-1,189,190,191,-1,191,190,192,-1,191,192,193,-1,193,192,194,-1,193,194,195,-1,195,194,196,-1,195,196,197,-1,197,196,198,-1,197,198,199,-1,199,198,200,-1,199,200,201,-1,201,200,202,-1,201,202,203,-1,203,202,204,-1,203,204,205,-1,205,204,206,-1,205,206,207,-1,207,206,208,-1,207,208,209,-1,210,211,212,-1,213,214,215,-1,212,216,210,-1,210,216,213,-1,210,213,217,-1,217,213,215,-1,215,214,218,-1,215,218,219,-1,219,218,220,-1,219,220,221,-1,221,220,222,-1,221,222,223,-1,223,222,224,-1,223,224,225,-1,225,224,226,-1,225,226,227,-1,227,226,228,-1,228,226,229,-1,228,229,230,-1,230,229,231,-1,230,231,232,-1,231,233,232,-1,232,233,234,-1,234,233,235,-1,235,233,236,-1,235,236,237,-1,237,236,238,-1,237,238,239,-1,239,238,240,-1,239,240,241,-1,241,240,242,-1,241,242,243,-1,243,242,244,-1,243,244,245,-1,245,244,246,-1,245,246,247,-1,248,249,250,-1,248,250,251,-1,251,250,252,-1,251,252,253,-1,253,252,254,-1,253,254,255,-1,255,254,256,-1,255,256,257,-1,257,256,258,-1,257,258,259,-1,259,258,1,-1,259,1,0,-1,260,261,262,-1,260,262,263,-1,263,262,264,-1,263,264,265,-1,265,264,266,-1,265,266,267,-1,267,266,268,-1,267,268,269,-1,269,268,270,-1,269,270,271,-1,271,270,272,-1,271,272,273,-1,273,272,274,-1,273,274,275,-1,275,274,276,-1,276,274,277,-1,276,277,278,-1,277,279,278,-1,278,279,280,-1,278,280,281,-1,281,280,282,-1,281,282,283,-1,283,282,284,-1,283,284,285,-1,285,284,286,-1,285,286,287,-1,287,286,288,-1,287,288,289,-1,288,290,289,-1,289,290,291,-1,291,290,292,-1,292,290,293,-1,292,293,294,-1,294,293,295,-1,294,295,296,-1,296,295,297,-1,296,297,298,-1,298,297,299,-1,298,299,300,-1,300,299,301,-1,300,301,302,-1,302,301,303,-1,302,303,304,-1,304,303,305,-1,304,305,306,-1,306,305,307,-1,307,305,308,-1,307,308,309,-1,308,310,309,-1,309,310,311,-1,309,311,312,-1,312,311,313,-1,312,313,314,-1,314,313,315,-1,314,315,316,-1,316,315,317,-1,316,317,318,-1,318,317,319,-1,319,317,261,-1,319,261,260,-1,320,321,98,-1,98,321,99,-1,321,320,322,-1,321,322,323,-1,323,322,324,-1,323,324,325,-1,326,327,324,-1,324,327,325,-1,101,100,328,-1,328,100,329,-1,328,329,326,-1,326,329,327,-1,181,180,178,-1,178,180,179,-1,212,211,208,-1,208,211,209,-1,249,248,246,-1,246,248,247,-1,72,74,120,-1,179,180,13,-1,13,180,183,-1,13,183,11,-1,11,183,185,-1,11,185,9,-1,9,185,7,-1,185,187,7,-1,7,187,189,-1,7,189,5,-1,5,189,191,-1,5,191,3,-1,3,191,193,-1,3,193,0,-1,0,193,195,-1,0,195,259,-1,259,195,197,-1,259,197,257,-1,257,197,199,-1,257,199,255,-1,199,201,255,-1,255,201,203,-1,255,203,253,-1,253,203,205,-1,253,205,251,-1,251,205,207,-1,251,207,248,-1,248,207,209,-1,248,209,247,-1,247,209,211,-1,247,211,245,-1,219,221,239,-1,221,223,239,-1,239,223,225,-1,239,225,237,-1,237,225,227,-1,237,227,228,-1,241,217,239,-1,239,217,215,-1,239,215,219,-1,211,210,245,-1,245,210,217,-1,245,217,243,-1,243,217,241,-1,228,230,232,-1,232,234,228,-1,228,234,235,-1,228,235,237,-1,159,157,26,-1,151,153,163,-1,151,163,149,-1,26,157,24,-1,24,157,155,-1,24,155,22,-1,22,155,166,-1,22,166,20,-1,166,168,20,-1,20,168,169,-1,20,169,19,-1,19,169,171,-1,19,171,17,-1,17,171,173,-1,17,173,15,-1,15,173,175,-1,15,175,13,-1,13,175,177,-1,13,177,179,-1,300,302,74,-1,74,302,120,-1,120,302,304,-1,120,304,306,-1,122,124,59,-1,59,124,61,-1,61,124,126,-1,61,126,63,-1,126,127,63,-1,63,127,129,-1,63,129,57,-1,57,129,132,-1,57,132,55,-1,55,132,134,-1,55,134,53,-1,53,134,49,-1,49,134,136,-1,49,136,48,-1,48,136,138,-1,48,138,46,-1,46,138,140,-1,46,140,44,-1,44,140,42,-1,42,140,142,-1,42,142,40,-1,142,144,40,-1,40,144,146,-1,40,146,38,-1,38,146,148,-1,38,148,36,-1,36,148,149,-1,36,149,34,-1,34,149,163,-1,34,163,33,-1,33,163,161,-1,33,161,31,-1,31,161,159,-1,31,159,29,-1,29,159,26,-1,59,66,122,-1,122,66,68,-1,122,68,120,-1,120,68,70,-1,120,70,72,-1,91,93,330,-1,330,93,95,-1,330,95,97,-1,97,99,330,-1,330,99,321,-1,330,321,100,-1,100,321,329,-1,269,100,267,-1,267,100,103,-1,267,103,265,-1,265,103,105,-1,265,105,263,-1,263,105,107,-1,263,107,260,-1,260,107,109,-1,260,109,319,-1,319,109,110,-1,319,110,318,-1,318,110,112,-1,318,112,316,-1,316,112,114,-1,316,114,314,-1,314,114,116,-1,314,116,312,-1,312,116,118,-1,312,118,309,-1,309,118,120,-1,309,120,307,-1,307,120,306,-1,278,281,87,-1,269,271,100,-1,100,271,273,-1,100,273,275,-1,278,87,276,-1,275,276,100,-1,100,276,87,-1,100,87,330,-1,330,87,89,-1,330,89,91,-1,281,283,87,-1,87,283,285,-1,87,285,85,-1,85,285,287,-1,85,287,83,-1,83,287,289,-1,83,289,81,-1,81,289,291,-1,81,291,79,-1,79,291,292,-1,79,292,78,-1,78,292,294,-1,78,294,76,-1,76,294,296,-1,76,296,74,-1,74,296,298,-1,74,298,300,-1,321,323,329,-1,329,323,325,-1,329,325,327,-1,
        ]
    }
}
Shape{
    appearance Appearance {
        material  Material {
            diffuseColor 0.29411764705882354 0.10588235294117647 0.09019607843137255
            specularColor 0.14901960784313725 0.050980392156862744 0.043137254901960784
            ambientIntensity 0.1604
            transparency 0.0
            shininess 0.5
        }
    }
    geometry IndexedFaceSet {
        ccw TRUE
        solid FALSE
        coord DEF co Coordinate {
            point [
                1.8597 6.631 5.7063, 1.8442 6.6353 5.6871, 1.8217 6.6416 5.7265, 1.8226 6.6413 5.6702, 1.7969 6.6483 5.659, 1.8718 6.6276 5.7983, 1.8751 6.6267 5.7846, 1.8764 6.6263 5.7568, 1.8711 6.6278 5.7302, 1.7714 6.6552 5.6546, 1.7665 6.6565 5.6545, 1.7388 6.6637 5.6577, 1.714 6.6702 5.6672, 1.6922 6.6758 5.6824, 1.6745 6.6802 5.7025, 1.6616 6.6834 5.7272, 1.6576 6.6844 5.7407, 1.6553 6.685 5.7546, 1.8669 6.629 5.8114, 1.6763 6.6798 5.8312, 1.6952 6.675 5.8511, 1.7102 6.6712 5.8156, 1.7186 6.669 5.866, 1.656 6.6848 5.7822, 1.6632 6.683 5.8082, 1.7454 6.662 5.8746, 1.765 6.6569 5.8765, 1.7924 6.6495 5.8732, 1.8174 6.6427 5.8637, 1.8398 6.6366 5.8481, 1.8522 6.6331 5.8351
            ]
        }
        coordIndex [
            0,1,2,-1,2,1,3,-1,2,3,4,-1,2,5,6,-1,6,7,2,-1,2,7,8,-1,2,8,0,-1,4,9,2,-1,2,9,10,-1,2,10,11,-1,11,12,2,-1,2,12,13,-1,2,13,14,-1,14,15,2,-1,2,15,16,-1,2,16,5,-1,5,16,17,-1,5,17,18,-1,19,20,21,-1,21,20,22,-1,17,23,21,-1,21,23,24,-1,21,24,19,-1,22,25,21,-1,21,25,26,-1,21,26,27,-1,27,28,21,-1,21,28,29,-1,21,29,17,-1,17,29,30,-1,17,30,18,-1,
        ]
    }
}
Shape{
    appearance Appearance {
        material  Material {
            diffuseColor 1.0 1.0 1.0
            specularColor 0.5019607843137255 0.5019607843137255 0.5019607843137255
            ambientIntensity 1.0
            transparency 0.0
            shininess 0.5
        }
    }
    geometry IndexedFaceSet {
        ccw TRUE
        solid FALSE
        coord DEF co Coordinate {
            point [
                -1.1957 6.7835 6.6363, -1.1957 6.7831 6.6363, -1.1993 6.7825 6.6194, -1.1993 6.7829 6.6194, -1.2017 6.782 6.6082, -1.2017 6.7824 6.6082, -1.1877 6.7849 6.6083, -1.1877 6.7845 6.6083, -1.1906 6.784 6.6204, -1.1906 6.7844 6.6204, -1.1944 6.7833 6.6363, -1.1944 6.7837 6.6363, -1.2242 6.778 6.6872, -1.2242 6.7784 6.6872, -1.274 6.7685 6.5537, -1.3738 6.7497 6.2858, -1.3738 6.7493 6.2858, -1.1689 6.7877 6.6876, -1.1689 6.7881 6.6876, -1.0136 6.8126 6.2884, -1.0136 6.813 6.2884, -1.0707 6.8039 6.288, -1.0707 6.8043 6.288, -1.1099 6.7976 6.3972, -1.1099 6.798 6.3972, -1.2767 6.7683 6.396, -1.2767 6.7687 6.396, -1.274 6.7688 6.396, -1.3167 6.7607 6.2862, -1.3167 6.7611 6.2862, -1.1266 6.7953 6.4423, -1.261 6.7717 6.4413, -1.1266 6.7949 6.4423, -1.261 6.7713 6.4413, 0.0221 6.8872 5.6606, 0.0221 6.8876 5.6606, 0.2374 6.8831 5.6621, 0.2374 6.8835 5.6621, 0.2345 6.8832 6.0624, 0.2345 6.8836 6.0624, 0.0283 6.8872 6.061, 0.0283 6.8876 6.061, 0.0286 6.8872 6.0149, 0.0286 6.8876 6.0149, 0.1832 6.8848 6.016, 0.1832 6.8852 6.016, 0.1841 6.8848 5.8879, 0.1841 6.8852 5.8879, 0.0409 6.8872 5.8869, 0.0409 6.8876 5.8869, 0.0412 6.8872 5.841, 0.0412 6.8875 5.841, 0.1844 6.8848 5.8421, 0.1844 6.8852 5.8421, 0.1854 6.8847 5.7074, 0.1854 6.8851 5.7074, 0.0217 6.8872 5.7062, 0.0217 6.8876 5.7062, -0.1544 6.886 5.9518, -0.1544 6.8856 5.9518, -0.1037 6.8865 5.9461, -0.1037 6.8869 5.9461, -0.0663 6.887 5.9319, -0.0663 6.8874 5.9319, -0.0558 6.8871 5.9259, -0.0558 6.8875 5.9259, -0.0554 6.8875 5.8772, -0.0554 6.8871 5.8772, -0.0856 6.8868 5.8965, -0.0856 6.8872 5.8965, -0.1169 6.8863 5.9077, -0.1169 6.8867 5.9077, -0.1494 6.8857 5.9111, -0.1494 6.8861 5.9111, -0.1664 6.8853 5.9092, -0.1664 6.8857 5.9092, -0.178 6.885 5.9051, -0.178 6.8854 5.9051, -0.1868 6.8848 5.8993, -0.1868 6.8852 5.8993, -0.1944 6.8846 5.8912, -0.1944 6.885 5.8912, -0.2002 6.8844 5.8808, -0.2002 6.8848 5.8808, -0.2052 6.8843 5.8629, -0.2052 6.8847 5.8629, -0.2068 6.8842 5.8407, -0.2068 6.8846 5.8407, -0.122 6.8866 5.8294, -0.122 6.8862 5.8294, -0.0852 6.8868 5.8208, -0.0852 6.8872 5.8208, -0.0633 6.887 5.8101, -0.0633 6.8874 5.8101, -0.0477 6.8871 5.7969, -0.0477 6.8875 5.7969, -0.0374 6.8872 5.7828, -0.0374 6.8876 5.7828, -0.0302 6.8872 5.7652, -0.0302 6.8876 5.7652, -0.0267 6.8872 5.7438, -0.0267 6.8876 5.7438, -0.0265 6.8872 5.7368, -0.0265 6.8876 5.7368, -0.0265 6.8876 5.7368, -0.0288 6.8872 5.7139, -0.0288 6.8876 5.7139, -0.0348 6.8872 5.697, -0.0348 6.8876 5.697, -0.0451 6.8872 5.6815, -0.0451 6.8875 5.6815, -0.0506 6.8871 5.6758, -0.0506 6.8875 5.6758, -0.0506 6.8871 5.6758, -0.0674 6.887 5.6639, -0.0674 6.8874 5.6639, -0.0866 6.8868 5.6565, -0.0866 6.8872 5.6565, -0.1166 6.8863 5.6528, -0.1166 6.8867 5.6528, -0.1426 6.8859 5.6556, -0.1426 6.8862 5.6556, -0.163 6.8854 5.6628, -0.163 6.8858 5.6628, -0.1803 6.885 5.6741, -0.1803 6.8854 5.6741, -0.1963 6.8845 5.6909, -0.1963 6.8849 5.6909, -0.2045 6.8843 5.7032, -0.2045 6.8847 5.7032, -0.257 6.883 5.8426, -0.257 6.8826 5.8426, -0.2535 6.8827 5.88, -0.2535 6.8831 5.88, -0.2459 6.883 5.9031, -0.2459 6.8834 5.9031, -0.2358 6.8833 5.9195, -0.2358 6.8837 5.9195, -0.2226 6.8838 5.9325, -0.2226 6.8842 5.9325, -0.206 6.8843 5.9422, -0.206 6.8847 5.9422, -0.185 6.8849 5.9488, -0.185 6.8853 5.9488, -0.0909 6.8871 5.7767, -0.0909 6.8867 5.7767, -0.0971 6.8866 5.7814, -0.0971 6.887 5.7814, -0.1087 6.8865 5.7869, -0.1087 6.8869 5.7869, -0.1396 6.8859 5.7939, -0.1396 6.8863 5.7939, -0.0774 6.8873 5.7405, -0.0774 6.8869 5.7405, -0.0779 6.8869 5.7485, -0.0779 6.8873 5.7485, -0.0804 6.8868 5.7599, -0.0804 6.8872 5.7599, -0.0849 6.8868 5.7693, -0.0849 6.8872 5.7693, -0.0909 6.8867 5.7767, -0.0917 6.8871 5.7071, -0.0917 6.8867 5.7071, -0.0874 6.8868 5.7114, -0.0874 6.8872 5.7114, -0.0818 6.8868 5.7199, -0.0818 6.8872 5.7199, -0.0786 6.8869 5.729, -0.0786 6.8873 5.729, -0.1299 6.8865 5.6939, -0.1299 6.8861 5.6939, -0.1129 6.8864 5.6959, -0.1129 6.8868 5.6959, -0.1016 6.8866 5.7002, -0.1016 6.887 5.7002, -0.0917 6.8867 5.7071, -0.1845 6.8853 5.7168, -0.1845 6.8849 5.7168, -0.1781 6.885 5.7107, -0.1781 6.8854 5.7107, -0.1639 6.8854 5.7013, -0.1639 6.8858 5.7013, -0.1486 6.8857 5.6959, -0.1486 6.8861 5.6959, -0.2064 6.8847 5.775, -0.2064 6.8843 5.775, -0.2063 6.8843 5.7717, -0.2063 6.8847 5.7717, -0.2029 6.8844 5.7493, -0.2029 6.8848 5.7493, -0.1954 6.8846 5.7315, -0.1954 6.885 5.7315, -0.2059 6.8843 5.7032, -0.2059 6.8847 5.7032, -0.2055 6.8843 5.659, -0.2055 6.8847 5.659, -0.2557 6.8826 5.6586, -0.2557 6.883 5.6586, -0.2066 6.8846 5.8024, -0.2066 6.8843 5.8024, -0.0774 6.8873 5.7405, -0.4658 6.8721 5.73, -0.4658 6.8717 5.73, -0.4647 6.8717 5.7204, -0.4647 6.8721 5.7204, -0.4621 6.8719 5.7133, -0.4621 6.8723 5.7133, -0.4601 6.8724 5.71, -0.4601 6.872 5.71, -0.4577 6.8726 5.7069, -0.4577 6.8722 5.7069, -0.4519 6.8726 5.7018, -0.4519 6.873 5.7018, -0.4473 6.8729 5.6991, -0.4473 6.8733 5.6991, -0.4343 6.8737 5.6944, -0.4343 6.8741 5.6944, -0.4086 6.8753 5.6919, -0.4086 6.8757 5.6919, -0.4064 6.8754 5.6917, -0.4064 6.8758 5.6917, -0.4531 6.8729 5.7573, -0.4531 6.8725 5.7573, -0.4593 6.8721 5.7507, -0.4593 6.8725 5.7507, -0.4631 6.8718 5.7441, -0.4631 6.8722 5.7441, -0.4653 6.8717 5.7362, -0.4653 6.8721 5.7362, -0.4008 6.8761 5.7833, -0.4008 6.8757 5.7833, -0.4336 6.8738 5.7692, -0.4336 6.8742 5.7692, -0.3723 6.8773 5.7965, -0.371 6.8778 5.7972, -0.371 6.8774 5.7972, -0.3475 6.879 5.8129, -0.3475 6.8786 5.8129, -0.3393 6.8794 5.8216, -0.3393 6.879 5.8216, -0.3254 6.8801 5.8669, -0.3254 6.8797 5.8669, -0.3274 6.8796 5.8474, -0.3274 6.88 5.8474, -0.3329 6.8793 5.8321, -0.3329 6.8797 5.8321, -0.358 6.8785 5.9277, -0.358 6.8781 5.9277, -0.343 6.8788 5.9144, -0.343 6.8792 5.9144, -0.3336 6.8793 5.9009, -0.3336 6.8797 5.9009, -0.3275 6.8796 5.8848, -0.3275 6.88 5.8848, -0.3723 6.8773 5.936, -0.3739 6.8776 5.9369, -0.3739 6.8772 5.9369, -0.4017 6.8761 5.9463, -0.4017 6.8757 5.9463, -0.4374 6.8739 5.9498, -0.4374 6.8735 5.9498, -0.505 6.8693 5.9366, -0.505 6.8689 5.9366, -0.4721 6.8712 5.9465, -0.4721 6.8716 5.9465, -0.4322 6.8742 5.9091, -0.4322 6.8738 5.9091, -0.4648 6.8717 5.9052, -0.4648 6.8721 5.9052, -0.493 6.8698 5.8947, -0.493 6.8702 5.8947, -0.5047 6.8689 5.8879, -0.5047 6.8693 5.8879, -0.3926 6.8766 5.8988, -0.3926 6.8762 5.8988, -0.4039 6.8756 5.9047, -0.4039 6.876 5.9047, -0.4173 6.8748 5.9081, -0.4173 6.8752 5.9081, -0.3771 6.8775 5.871, -0.3771 6.8771 5.871, -0.3781 6.877 5.879, -0.3781 6.8774 5.879, -0.3806 6.8769 5.8858, -0.3806 6.8773 5.8858, -0.385 6.8766 5.8921, -0.385 6.877 5.8921, -0.3879 6.8769 5.8443, -0.3879 6.8765 5.8443, -0.383 6.8767 5.8498, -0.383 6.8771 5.8498, -0.3795 6.8769 5.8566, -0.3795 6.8773 5.8566, -0.3775 6.877 5.8644, -0.3775 6.8774 5.8644, -0.4364 6.874 5.8194, -0.4364 6.8736 5.8194, -0.4055 6.8755 5.8332, -0.4055 6.8759 5.8332, -0.5009 6.8696 5.7819, -0.5009 6.8692 5.7819, -0.489 6.8701 5.7927, -0.489 6.8705 5.7927, -0.4558 6.8723 5.8114, -0.4558 6.8727 5.8114, -0.5173 6.8684 5.7345, -0.5173 6.868 5.7345, -0.5154 6.8681 5.7532, -0.5154 6.8685 5.7532, -0.5101 6.8685 5.7681, -0.5101 6.8689 5.7681, -0.4846 6.8708 5.673, -0.4846 6.8704 5.673, -0.4991 6.8693 5.6854, -0.4991 6.8697 5.6854, -0.5085 6.8686 5.6986, -0.5085 6.869 5.6986, -0.5148 6.8682 5.7144, -0.5148 6.8686 5.7144, -0.4012 6.8761 5.6508, -0.4012 6.8757 5.6508, -0.4396 6.8734 5.6543, -0.4396 6.8738 5.6543, -0.4677 6.8715 5.6633, -0.4677 6.8719 5.6633, -0.3723 6.8773 5.6544, -0.3547 6.8786 5.6565, -0.3547 6.8783 5.6565, -0.3237 6.8802 5.6682, -0.3237 6.8798 5.6682, -0.375 6.8772 5.6956, -0.375 6.8776 5.6956, -0.3723 6.8773 5.6966, -0.3436 6.8792 5.7077, -0.3436 6.8788 5.7077, -0.3241 6.8798 5.7199, -0.3241 6.8802 5.7199, -0.7756 6.8441 6.2901, -0.7756 6.8437 6.2901, -0.8434 6.8357 6.2978, -0.8434 6.8361 6.2978, -0.8892 6.8299 6.3153, -0.8892 6.8303 6.3153, -0.9314 6.8243 6.345, -0.9314 6.8247 6.345, -0.9614 6.8202 6.3802, -0.9614 6.8206 6.3802, -0.9814 6.8173 6.4215, -0.9814 6.8177 6.4215, -0.9915 6.8159 6.4683, -0.9915 6.8163 6.4683, -0.9928 6.8157 6.4938, -0.9928 6.8161 6.4938, -0.9866 6.8166 6.5489, -0.9866 6.817 6.5489, -0.9721 6.8187 6.5872, -0.9721 6.819 6.5872, -0.9476 6.8221 6.6223, -0.9476 6.8225 6.6223, -0.9335 6.824 6.6363, -0.9335 6.8244 6.6363, -0.8918 6.8296 6.6652, -0.8918 6.83 6.6652, -0.8436 6.8357 6.6832, -0.8436 6.8361 6.6832, -0.7825 6.8429 6.6904, -0.7825 6.8433 6.6904, -0.8949 6.8296 6.3766, -0.8949 6.8292 6.3766, -0.8901 6.8298 6.3722, -0.8901 6.8302 6.3722, -0.8641 6.8331 6.3544, -0.8641 6.8335 6.3544, -0.8309 6.8372 6.3419, -0.8309 6.8376 6.3419, -0.7756 6.8437 6.3357, -0.7756 6.8441 6.3357, -0.9385 6.8237 6.4928, -0.9385 6.8233 6.4928, -0.9368 6.8236 6.466, -0.9368 6.824 6.466, -0.9286 6.8247 6.4297, -0.9286 6.8251 6.4297, -0.9144 6.8266 6.4003, -0.9144 6.827 6.4003, -0.8954 6.8295 6.6058, -0.8954 6.8291 6.6058, -0.9066 6.8276 6.5946, -0.9066 6.828 6.5946, -0.9219 6.8256 6.5721, -0.9219 6.826 6.5721, -0.933 6.8241 6.5427, -0.933 6.8245 6.5427, -0.7801 6.8436 6.6443, -0.7801 6.8432 6.6443, -0.7832 6.8428 6.6439, -0.7832 6.8432 6.6439, -0.8348 6.8368 6.6375, -0.8348 6.8372 6.6375, -0.8688 6.8325 6.6241, -0.8688 6.8329 6.6241, -0.6654 6.8553 6.2908, -0.6654 6.8557 6.2908, -0.6683 6.855 6.6912, -0.6683 6.8554 6.6912, -0.7196 6.8502 6.6448, -0.7196 6.8498 6.6448, -0.7174 6.8504 6.3361, -0.7174 6.85 6.3361, -0.5898 6.8622 6.2914, -0.5898 6.8626 6.2914, -0.3745 6.8772 6.2929, -0.3745 6.8776 6.2929, -0.3773 6.8771 6.6932, -0.3773 6.8775 6.6932, -0.5835 6.8627 6.6918, -0.5835 6.8631 6.6918, -0.5832 6.8627 6.6457, -0.5832 6.8631 6.6457, -0.4287 6.8741 6.6468, -0.4287 6.8745 6.6468, -0.4278 6.8741 6.5187, -0.4278 6.8745 6.5187, -0.571 6.8638 6.5177, -0.571 6.8642 6.5177, -0.5706 6.8638 6.4718, -0.5706 6.8642 6.4718, -0.4275 6.8741 6.4728, -0.4275 6.8745 6.4728, -0.4265 6.8742 6.3382, -0.4265 6.8746 6.3382, -0.5901 6.8621 6.337, -0.5901 6.8625 6.337, -0.0463 6.8875 6.3431, -0.0463 6.8871 6.3431, -0.0732 6.8869 6.3196, -0.0732 6.8873 6.3196, -0.1101 6.8864 6.3002, -0.1101 6.8868 6.3002, -0.1522 6.8857 6.2897, -0.1522 6.886 6.2897, -0.1835 6.8849 6.2875, -0.1835 6.8853 6.2875, 0.004 6.8877 6.4882, 0.004 6.8873 6.4882, -0.0034 6.8873 6.4231, -0.0034 6.8877 6.4231, -0.0194 6.8873 6.3812, -0.0194 6.8877 6.3812, -0.043 6.8872 6.3468, -0.043 6.8876 6.3468, -0.0463 6.8871 6.3431, -0.0549 6.8875 6.6433, -0.0549 6.8871 6.6433, -0.0256 6.8872 6.6056, -0.0256 6.8876 6.6056, -0.0063 6.8873 6.5613, -0.0063 6.8877 6.5613, 0.0031 6.8873 6.5091, 0.0031 6.8877 6.5091, -0.2024 6.8848 6.7012, -0.2024 6.8844 6.7012, -0.1446 6.8858 6.6946, -0.1446 6.8862 6.6946, -0.1026 6.8866 6.6787, -0.1026 6.8869 6.6787, -0.0649 6.887 6.6528, -0.0649 6.8874 6.6528, -0.0549 6.8871 6.6433, -0.2971 6.8814 6.6842, -0.2971 6.881 6.6842, -0.2548 6.8826 6.6967, -0.2548 6.883 6.6967, -0.2026 6.8848 6.6546, -0.2026 6.8844 6.6546, -0.2518 6.8828 6.6483, -0.2518 6.8832 6.6483, -0.2923 6.8812 6.6326, -0.2923 6.8816 6.6326, -0.2968 6.881 6.6301, -0.2968 6.8814 6.6301, -0.0932 6.8871 6.6109, -0.0932 6.8867 6.6109, -0.1184 6.8863 6.6318, -0.1184 6.8867 6.6318, -0.1497 6.8857 6.6468, -0.1497 6.8861 6.6468, -0.1842 6.8849 6.6538, -0.1842 6.8853 6.6538, -0.0503 6.8875 6.4909, -0.0503 6.8871 6.4909, -0.0572 6.8871 6.5457, -0.0572 6.8875 6.5457, -0.0708 6.8869 6.5802, -0.0708 6.8873 6.5802, -0.0904 6.8867 6.6079, -0.0904 6.8871 6.6079, -0.0887 6.8871 6.3764, -0.0887 6.8867 6.3764, -0.0704 6.887 6.4019, -0.0704 6.8873 6.4019, -0.0573 6.8871 6.4339, -0.0573 6.8875 6.4339, -0.0507 6.8871 6.4734, -0.0507 6.8875 6.4734, -0.1913 6.8851 6.3335, -0.1913 6.8847 6.3335, -0.1558 6.8856 6.3375, -0.1558 6.886 6.3375, -0.1265 6.8862 6.3478, -0.1265 6.8866 6.3478, -0.0996 6.8866 6.3658, -0.0996 6.887 6.3658, -0.2948 6.8815 6.3596, -0.2948 6.8811 6.3596, -0.2552 6.8826 6.3421, -0.2552 6.883 6.3421, -0.2099 6.8842 6.3341, -0.2099 6.8845 6.3341, -0.2446 6.883 6.2929, -0.2446 6.8834 6.2929, -0.2876 6.8814 6.3067, -0.2876 6.8818 6.3067, -0.2945 6.8811 6.31, -0.2945 6.8815 6.31, 0.0217 6.8872 6.2957, 0.0217 6.8876 6.2957, 0.2329 6.8833 6.2972, 0.2329 6.8837 6.2972, 0.23 6.8834 6.6975, 0.23 6.8838 6.6975, 0.1783 6.8849 6.6972, 0.1783 6.8853 6.6972, 0.1809 6.8849 6.3425, 0.1809 6.8853 6.3425, 0.0214 6.8873 6.3413, 0.0214 6.8876 6.3413, -0.5846 6.863 5.5216, -0.5846 6.8626 5.5216, -0.6048 6.8609 5.5238, -0.6048 6.8613 5.5238, -0.6247 6.8591 5.5312, -0.6247 6.8595 5.5312, -0.6423 6.8575 5.5433, -0.6423 6.8579 5.5433, -0.6453 6.8572 5.5468, -0.6453 6.8576 5.5468, -0.6642 6.8554 5.5683, -0.6642 6.8558 5.5683, -0.6872 6.8531 5.6124, -0.6872 6.8535 5.6124, -0.5523 6.8657 5.5259, -0.5523 6.8653 5.5259, -0.5735 6.8635 5.5221, -0.5735 6.8639 5.5221, -0.581 6.8633 5.5646, -0.581 6.8629 5.5646, -0.5628 6.8644 5.5671, -0.5628 6.8648 5.5671, -0.5526 6.8653 5.5705, -0.5526 6.8656 5.5705, -0.6326 6.8588 5.6046, -0.6326 6.8584 5.6046, -0.6226 6.8593 5.5865, -0.6226 6.8597 5.5865, -0.6132 6.8601 5.5761, -0.6132 6.8605 5.5761, -0.6044 6.8609 5.5701, -0.6044 6.8613 5.5701, -0.5935 6.8619 5.566, -0.5935 6.8622 5.566, -0.6877 6.8535 5.7262, -0.6877 6.8531 5.7262, -0.6841 6.8534 5.7128, -0.6841 6.8538 5.7128, -0.6814 6.8537 5.7031, -0.6814 6.8541 5.7031, -0.8193 6.8386 5.9406, -0.8193 6.839 5.9406, -0.655 6.8563 5.6564, -0.655 6.8567 5.6564, -0.5449 6.8659 5.9425, -0.5449 6.8663 5.9425, -0.601 6.8612 5.9421, -0.601 6.8616 5.9421, -0.6741 6.8544 5.7267, -0.6741 6.8548 5.7267, -0.6801 6.8538 5.7031, -0.6801 6.8542 5.7031, -0.7673 6.8446 5.9409, -0.7673 6.845 5.9409, -1.0867 6.8014 5.6527, -1.0867 6.8018 5.6527, -0.8713 6.8322 5.6542, -0.8713 6.8326 5.6542, -0.8742 6.8319 6.0546, -0.8742 6.8323 6.0546, -1.0804 6.8024 6.0531, -1.0804 6.8028 6.0531, -1.0801 6.8024 6.0071, -1.0801 6.8028 6.0071, -0.9255 6.8251 6.0082, -0.9255 6.8255 6.0082, -0.9246 6.8252 5.88, -0.9246 6.8256 5.88, -1.0678 6.8044 5.879, -1.0678 6.8048 5.879, -1.0675 6.8044 5.8332, -1.0675 6.8048 5.8332, -0.9243 6.8253 5.8342, -0.9243 6.8257 5.8342, -0.9233 6.8254 5.6995, -0.9233 6.8258 5.6995, -1.087 6.8013 5.6984, -1.087 6.8017 5.6984, -1.2724 6.7695 5.6514, -1.2724 6.7691 5.6514, -1.274 6.7688 5.6516, -1.3403 6.7565 5.6591, -1.3403 6.7561 5.6591, -1.3861 6.7468 5.6766, -1.3861 6.7472 5.6766, -1.4282 6.738 5.7064, -1.4282 6.7384 5.7064, -1.4582 6.7316 5.7416, -1.4582 6.732 5.7416, -1.4783 6.7273 5.7828, -1.4783 6.7277 5.7828, -1.4883 6.7251 5.8296, -1.4883 6.7255 5.8296, -1.4897 6.7248 5.8552, -1.4897 6.7252 5.8552, -1.4834 6.7261 5.9102, -1.4834 6.7265 5.9102, -1.4689 6.7293 5.9485, -1.4689 6.7297 5.9485, -1.4444 6.7346 5.9836, -1.4444 6.735 5.9836, -1.4303 6.7376 5.9976, -1.4303 6.738 5.9976, -1.3886 6.7463 6.0265, -1.3886 6.7467 6.0265, -1.3404 6.756 6.0445, -1.3404 6.7564 6.0445, -1.2793 6.7678 6.0517, -1.2793 6.7682 6.0517, -1.3917 6.7461 5.738, -1.3917 6.7457 5.738, -1.3869 6.7467 5.7335, -1.3869 6.7471 5.7335, -1.3609 6.7519 5.7158, -1.3609 6.7523 5.7158, -1.3277 6.7585 5.7032, -1.3277 6.7589 5.7032, -1.2724 6.7691 5.697, -1.2724 6.7695 5.697, -1.4353 6.7369 5.8541, -1.4353 6.7365 5.8541, -1.4337 6.7369 5.8273, -1.4337 6.7373 5.8273, -1.4254 6.7386 5.791, -1.4254 6.739 5.791, -1.4112 6.7416 5.7616, -1.4112 6.742 5.7616, -1.3922 6.746 5.9672, -1.3922 6.7456 5.9672, -1.4034 6.7433 5.956, -1.4034 6.7437 5.956, -1.4187 6.74 5.9334, -1.4187 6.7405 5.9334, -1.4298 6.7377 5.9041, -1.4298 6.7381 5.9041, -1.277 6.7687 6.0057, -1.277 6.7683 6.0057, -1.28 6.7677 6.0053, -1.28 6.7681 6.0053, -1.3316 6.7578 5.9988, -1.3316 6.7582 5.9988, -1.3657 6.751 5.9855, -1.3657 6.7514 5.9855, -1.1623 6.7889 5.6522, -1.1623 6.7893 5.6522, -1.1651 6.7884 6.0525, -1.1651 6.7888 6.0525, -1.274 6.7688 6.0517, -1.2165 6.7798 6.0061, -1.2165 6.7794 6.0061, -1.2143 6.7802 5.6975, -1.2143 6.7798 5.6975, -1.6925 6.6771 5.9976, -1.6925 6.6767 5.9976, -1.6961 6.6757 5.9808, -1.6961 6.6762 5.9808, -1.6985 6.6751 5.9695, -1.6985 6.6755 5.9695, -1.6845 6.6791 5.9696, -1.6845 6.6787 5.9696, -1.6874 6.6779 5.9817, -1.6874 6.6784 5.9817, -1.6913 6.677 5.9976, -1.6913 6.6774 5.9976, -1.721 6.6694 6.0486, -1.721 6.6698 6.0486, -1.8706 6.629 5.6472, -1.8706 6.6294 5.6472, -1.6657 6.6834 6.049, -1.6657 6.6838 6.049, -1.5104 6.7201 5.6497, -1.5104 6.7205 5.6497, -1.5675 6.7071 5.6493, -1.5675 6.7075 5.6493, -1.6068 6.6978 5.7585, -1.6068 6.6982 5.7585, -1.7735 6.6556 5.7574, -1.7735 6.6561 5.7574, -1.8135 6.6449 5.6476, -1.8135 6.6453 5.6476, -1.6235 6.6942 5.8036, -1.7578 6.6602 5.8027, -1.6235 6.6938 5.8036, -1.7578 6.6598 5.8027
            ]
        }
        coordIndex [
            0,1,2,-1,0,2,3,-1,3,2,4,-1,3,4,5,-1,6,7,8,-1,6,8,9,-1,9,8,10,-1,9,10,11,-1,12,13,14,-1,14,13,15,-1,14,15,16,-1,17,18,12,-1,12,18,13,-1,19,20,17,-1,17,20,18,-1,21,22,19,-1,19,22,20,-1,23,24,21,-1,21,24,22,-1,25,26,27,-1,27,26,24,-1,27,24,23,-1,28,29,25,-1,25,29,26,-1,16,15,28,-1,28,15,29,-1,30,31,32,-1,32,31,33,-1,31,5,33,-1,33,5,4,-1,0,11,1,-1,1,11,10,-1,6,30,7,-1,7,30,32,-1,30,24,31,-1,31,24,26,-1,6,18,30,-1,30,18,20,-1,30,20,24,-1,24,20,22,-1,6,9,18,-1,18,9,11,-1,18,11,13,-1,13,11,0,-1,13,0,3,-1,3,5,13,-1,13,5,31,-1,13,31,15,-1,15,31,26,-1,15,26,29,-1,34,35,36,-1,36,35,37,-1,36,37,38,-1,38,37,39,-1,38,39,40,-1,40,39,41,-1,40,41,42,-1,42,41,43,-1,42,43,44,-1,44,43,45,-1,44,45,46,-1,46,45,47,-1,46,47,48,-1,48,47,49,-1,48,49,50,-1,50,49,51,-1,50,51,52,-1,52,51,53,-1,52,53,54,-1,54,53,55,-1,54,55,56,-1,56,55,57,-1,56,57,34,-1,34,57,35,-1,35,57,37,-1,37,57,55,-1,51,49,53,-1,53,49,47,-1,43,41,45,-1,45,41,39,-1,45,39,47,-1,47,39,37,-1,47,37,53,-1,53,37,55,-1,58,59,60,-1,58,60,61,-1,61,60,62,-1,61,62,63,-1,63,62,64,-1,63,64,65,-1,66,67,68,-1,66,68,69,-1,69,68,70,-1,69,70,71,-1,71,70,72,-1,71,72,73,-1,73,72,74,-1,73,74,75,-1,75,74,76,-1,75,76,77,-1,77,76,78,-1,77,78,79,-1,79,78,80,-1,79,80,81,-1,81,80,82,-1,81,82,83,-1,83,82,84,-1,83,84,85,-1,85,84,86,-1,85,86,87,-1,88,89,90,-1,88,90,91,-1,91,90,92,-1,91,92,93,-1,93,92,94,-1,93,94,95,-1,95,94,96,-1,95,96,97,-1,97,96,98,-1,97,98,99,-1,99,98,100,-1,99,100,101,-1,101,100,102,-1,101,102,103,-1,104,102,105,-1,104,105,106,-1,106,105,107,-1,106,107,108,-1,108,107,109,-1,108,109,110,-1,110,109,111,-1,110,111,112,-1,112,113,114,-1,112,114,115,-1,115,114,116,-1,115,116,117,-1,117,116,118,-1,117,118,119,-1,119,118,120,-1,119,120,121,-1,121,120,122,-1,121,122,123,-1,123,122,124,-1,123,124,125,-1,125,124,126,-1,125,126,127,-1,127,126,128,-1,127,128,129,-1,130,131,132,-1,130,132,133,-1,133,132,134,-1,133,134,135,-1,135,134,136,-1,135,136,137,-1,137,136,138,-1,137,138,139,-1,139,138,140,-1,139,140,141,-1,141,140,142,-1,141,142,143,-1,143,142,59,-1,143,59,58,-1,144,145,146,-1,144,146,147,-1,147,146,148,-1,147,148,149,-1,149,148,150,-1,149,150,151,-1,152,153,154,-1,152,154,155,-1,155,154,156,-1,155,156,157,-1,157,156,158,-1,157,158,159,-1,159,158,160,-1,159,160,144,-1,161,162,163,-1,161,163,164,-1,164,163,165,-1,164,165,166,-1,166,165,167,-1,166,167,168,-1,168,167,153,-1,168,153,152,-1,169,170,171,-1,169,171,172,-1,172,171,173,-1,172,173,174,-1,174,173,175,-1,174,175,161,-1,176,177,178,-1,176,178,179,-1,179,178,180,-1,179,180,181,-1,181,180,182,-1,181,182,183,-1,183,182,170,-1,183,170,169,-1,184,185,186,-1,184,186,187,-1,187,186,188,-1,187,188,189,-1,189,188,190,-1,189,190,191,-1,191,190,177,-1,191,177,176,-1,67,66,64,-1,64,66,65,-1,89,88,86,-1,86,88,87,-1,192,193,128,-1,128,193,129,-1,194,195,192,-1,192,195,193,-1,196,197,194,-1,194,197,195,-1,131,130,196,-1,196,130,197,-1,184,198,185,-1,185,198,199,-1,198,151,199,-1,199,151,150,-1,87,130,85,-1,85,130,133,-1,85,133,83,-1,83,133,135,-1,83,135,81,-1,81,135,137,-1,81,137,79,-1,79,137,139,-1,79,139,77,-1,77,139,141,-1,77,141,75,-1,75,141,143,-1,75,143,73,-1,73,143,58,-1,73,58,71,-1,71,58,61,-1,71,61,69,-1,69,61,63,-1,69,63,66,-1,66,63,65,-1,164,112,161,-1,161,112,115,-1,161,115,174,-1,174,115,117,-1,174,117,172,-1,172,117,119,-1,172,119,169,-1,169,119,121,-1,169,121,183,-1,183,121,123,-1,183,123,181,-1,155,101,200,-1,200,101,103,-1,200,103,168,-1,168,103,106,-1,168,106,166,-1,166,106,108,-1,166,108,164,-1,164,108,110,-1,164,110,112,-1,87,88,147,-1,147,88,91,-1,147,91,144,-1,144,91,93,-1,144,93,159,-1,159,93,95,-1,159,95,157,-1,157,95,97,-1,157,97,155,-1,155,97,99,-1,155,99,101,-1,184,187,130,-1,147,149,87,-1,87,149,151,-1,87,151,130,-1,130,151,198,-1,130,198,184,-1,193,189,191,-1,193,191,129,-1,123,125,181,-1,181,125,127,-1,181,127,179,-1,179,127,129,-1,179,129,176,-1,176,129,191,-1,195,197,193,-1,193,197,130,-1,193,130,189,-1,189,130,187,-1,201,202,203,-1,201,203,204,-1,204,203,205,-1,204,205,206,-1,206,205,207,-1,207,205,208,-1,207,208,209,-1,208,210,209,-1,209,210,211,-1,209,211,212,-1,212,211,213,-1,212,213,214,-1,214,213,215,-1,214,215,216,-1,216,215,217,-1,216,217,218,-1,218,217,219,-1,218,219,220,-1,221,222,223,-1,221,223,224,-1,224,223,225,-1,224,225,226,-1,226,225,227,-1,226,227,228,-1,228,227,202,-1,228,202,201,-1,229,230,231,-1,229,231,232,-1,232,231,222,-1,232,222,221,-1,230,229,233,-1,233,229,234,-1,233,234,235,-1,235,234,236,-1,235,236,237,-1,237,236,238,-1,237,238,239,-1,240,241,242,-1,240,242,243,-1,243,242,244,-1,243,244,245,-1,245,244,239,-1,245,239,238,-1,246,247,248,-1,246,248,249,-1,249,248,250,-1,249,250,251,-1,251,250,252,-1,251,252,253,-1,253,252,241,-1,253,241,240,-1,247,246,254,-1,254,246,255,-1,254,255,256,-1,256,255,257,-1,256,257,258,-1,258,257,259,-1,258,259,260,-1,261,262,263,-1,261,263,264,-1,264,263,260,-1,264,260,259,-1,265,266,267,-1,265,267,268,-1,268,267,269,-1,268,269,270,-1,270,269,271,-1,270,271,272,-1,273,274,275,-1,273,275,276,-1,276,275,277,-1,276,277,278,-1,278,277,266,-1,278,266,265,-1,279,280,281,-1,279,281,282,-1,282,281,283,-1,282,283,284,-1,284,283,285,-1,284,285,286,-1,286,285,274,-1,286,274,273,-1,287,288,289,-1,287,289,290,-1,290,289,291,-1,290,291,292,-1,292,291,293,-1,292,293,294,-1,294,293,280,-1,294,280,279,-1,295,296,297,-1,295,297,298,-1,298,297,288,-1,298,288,287,-1,299,300,301,-1,299,301,302,-1,302,301,303,-1,302,303,304,-1,304,303,296,-1,304,296,295,-1,305,306,307,-1,305,307,308,-1,308,307,309,-1,308,309,310,-1,310,309,300,-1,310,300,299,-1,311,312,313,-1,311,313,314,-1,314,313,315,-1,314,315,316,-1,316,315,317,-1,316,317,318,-1,318,317,306,-1,318,306,305,-1,319,320,321,-1,319,321,322,-1,322,321,323,-1,322,323,324,-1,324,323,312,-1,324,312,311,-1,320,319,325,-1,325,319,326,-1,325,326,327,-1,327,326,328,-1,327,328,329,-1,220,219,330,-1,220,330,331,-1,331,330,332,-1,331,332,333,-1,332,334,333,-1,333,334,335,-1,333,335,336,-1,262,261,271,-1,271,261,272,-1,329,328,335,-1,335,328,336,-1,232,304,295,-1,232,295,229,-1,229,295,298,-1,229,298,234,-1,304,232,302,-1,302,232,221,-1,302,221,299,-1,299,221,224,-1,299,224,310,-1,310,224,226,-1,310,226,308,-1,308,226,228,-1,308,228,305,-1,305,228,201,-1,305,201,318,-1,318,201,204,-1,318,204,316,-1,316,204,206,-1,316,206,314,-1,314,206,207,-1,314,207,311,-1,207,209,311,-1,311,209,212,-1,311,212,324,-1,324,212,214,-1,324,214,322,-1,214,216,322,-1,322,216,218,-1,322,218,319,-1,319,218,220,-1,319,220,326,-1,326,220,331,-1,326,331,328,-1,328,331,333,-1,328,333,336,-1,234,298,236,-1,236,298,287,-1,236,287,238,-1,238,287,290,-1,238,290,245,-1,245,290,292,-1,245,292,243,-1,243,292,294,-1,243,294,240,-1,240,294,279,-1,240,279,253,-1,253,279,282,-1,253,282,251,-1,251,282,284,-1,251,284,249,-1,249,284,286,-1,249,286,246,-1,246,286,255,-1,255,286,273,-1,255,273,257,-1,273,276,257,-1,257,276,278,-1,257,278,259,-1,259,278,265,-1,259,265,264,-1,264,265,268,-1,264,268,261,-1,261,268,270,-1,261,270,272,-1,337,338,339,-1,337,339,340,-1,340,339,341,-1,340,341,342,-1,342,341,343,-1,342,343,344,-1,344,343,345,-1,344,345,346,-1,346,345,347,-1,346,347,348,-1,348,347,349,-1,348,349,350,-1,350,349,351,-1,350,351,352,-1,352,351,353,-1,352,353,354,-1,354,353,355,-1,354,355,356,-1,356,355,357,-1,356,357,358,-1,358,357,359,-1,358,359,360,-1,360,359,361,-1,360,361,362,-1,362,361,363,-1,362,363,364,-1,364,363,365,-1,364,365,366,-1,367,368,369,-1,367,369,370,-1,370,369,371,-1,370,371,372,-1,372,371,373,-1,372,373,374,-1,374,373,375,-1,374,375,376,-1,377,378,379,-1,377,379,380,-1,380,379,381,-1,380,381,382,-1,382,381,383,-1,382,383,384,-1,384,383,368,-1,384,368,367,-1,385,386,387,-1,385,387,388,-1,388,387,389,-1,388,389,390,-1,390,389,391,-1,390,391,392,-1,392,391,378,-1,392,378,377,-1,393,394,395,-1,393,395,396,-1,396,395,397,-1,396,397,398,-1,398,397,399,-1,398,399,400,-1,400,399,386,-1,400,386,385,-1,338,337,401,-1,401,337,402,-1,403,404,365,-1,365,404,366,-1,401,402,403,-1,403,402,404,-1,393,405,394,-1,394,405,406,-1,405,407,406,-1,406,407,408,-1,407,376,408,-1,408,376,375,-1,344,370,342,-1,342,370,372,-1,342,372,340,-1,340,372,374,-1,340,374,337,-1,337,374,376,-1,337,376,402,-1,402,376,407,-1,402,407,404,-1,404,407,405,-1,404,405,366,-1,405,393,366,-1,366,393,396,-1,366,396,364,-1,364,396,398,-1,364,398,362,-1,362,398,400,-1,362,400,360,-1,360,400,385,-1,360,385,358,-1,358,385,388,-1,358,388,356,-1,356,388,390,-1,356,390,354,-1,354,390,392,-1,354,392,352,-1,352,392,377,-1,352,377,350,-1,350,377,380,-1,350,380,348,-1,348,380,382,-1,348,382,346,-1,346,382,384,-1,346,384,344,-1,344,384,367,-1,344,367,370,-1,409,410,411,-1,411,410,412,-1,411,412,413,-1,413,412,414,-1,413,414,415,-1,415,414,416,-1,415,416,417,-1,417,416,418,-1,417,418,419,-1,419,418,420,-1,419,420,421,-1,421,420,422,-1,421,422,423,-1,423,422,424,-1,423,424,425,-1,425,424,426,-1,425,426,427,-1,427,426,428,-1,427,428,429,-1,429,428,430,-1,429,430,431,-1,431,430,432,-1,431,432,409,-1,409,432,410,-1,410,432,412,-1,412,432,430,-1,426,424,428,-1,428,424,422,-1,418,416,420,-1,420,416,414,-1,420,414,422,-1,422,414,412,-1,422,412,428,-1,428,412,430,-1,433,434,435,-1,433,435,436,-1,436,435,437,-1,436,437,438,-1,438,437,439,-1,438,439,440,-1,440,439,441,-1,440,441,442,-1,443,444,445,-1,443,445,446,-1,446,445,447,-1,446,447,448,-1,448,447,449,-1,448,449,450,-1,450,449,451,-1,450,451,433,-1,452,453,454,-1,452,454,455,-1,455,454,456,-1,455,456,457,-1,457,456,458,-1,457,458,459,-1,459,458,444,-1,459,444,443,-1,460,461,462,-1,460,462,463,-1,463,462,464,-1,463,464,465,-1,465,464,466,-1,465,466,467,-1,467,466,468,-1,467,468,452,-1,469,470,471,-1,469,471,472,-1,472,471,461,-1,472,461,460,-1,473,474,475,-1,473,475,476,-1,476,475,477,-1,476,477,478,-1,478,477,479,-1,478,479,480,-1,481,482,483,-1,481,483,484,-1,484,483,485,-1,484,485,486,-1,486,485,487,-1,486,487,488,-1,488,487,474,-1,488,474,473,-1,489,490,491,-1,489,491,492,-1,492,491,493,-1,492,493,494,-1,494,493,495,-1,494,495,496,-1,496,495,482,-1,496,482,481,-1,497,498,499,-1,497,499,500,-1,500,499,501,-1,500,501,502,-1,502,501,503,-1,502,503,504,-1,504,503,490,-1,504,490,489,-1,505,506,507,-1,505,507,508,-1,508,507,509,-1,508,509,510,-1,510,509,511,-1,510,511,512,-1,512,511,498,-1,512,498,497,-1,513,514,515,-1,513,515,516,-1,516,515,517,-1,516,517,518,-1,518,517,506,-1,518,506,505,-1,442,441,519,-1,442,519,520,-1,520,519,521,-1,520,521,522,-1,522,521,523,-1,522,523,524,-1,470,469,479,-1,479,469,480,-1,514,513,523,-1,523,513,524,-1,524,513,522,-1,522,513,516,-1,522,516,520,-1,520,516,518,-1,520,518,442,-1,442,518,505,-1,442,505,440,-1,440,505,508,-1,440,508,438,-1,438,508,510,-1,438,510,436,-1,436,510,512,-1,436,512,433,-1,433,512,497,-1,433,497,450,-1,450,497,500,-1,450,500,448,-1,448,500,446,-1,446,500,502,-1,446,502,443,-1,502,504,443,-1,443,504,489,-1,443,489,459,-1,459,489,492,-1,459,492,457,-1,457,492,455,-1,455,492,494,-1,455,494,452,-1,494,496,452,-1,452,496,481,-1,452,481,467,-1,467,481,484,-1,467,484,465,-1,465,484,463,-1,463,484,486,-1,463,486,460,-1,486,488,460,-1,460,488,473,-1,460,473,472,-1,472,473,476,-1,472,476,469,-1,469,476,478,-1,469,478,480,-1,525,526,527,-1,527,526,528,-1,527,528,529,-1,529,528,530,-1,529,530,531,-1,531,530,532,-1,531,532,533,-1,533,532,534,-1,533,534,535,-1,535,534,536,-1,535,536,525,-1,525,536,526,-1,532,530,534,-1,534,530,528,-1,534,528,536,-1,536,528,526,-1,537,538,539,-1,537,539,540,-1,540,539,541,-1,540,541,542,-1,542,541,543,-1,542,543,544,-1,544,543,545,-1,544,545,546,-1,546,545,547,-1,546,547,548,-1,548,547,549,-1,548,549,550,-1,551,552,553,-1,551,553,554,-1,554,553,538,-1,554,538,537,-1,555,556,557,-1,555,557,558,-1,558,557,559,-1,558,559,560,-1,561,562,563,-1,561,563,564,-1,564,563,565,-1,564,565,566,-1,566,565,567,-1,566,567,568,-1,568,567,569,-1,568,569,570,-1,570,569,556,-1,570,556,555,-1,571,572,573,-1,571,573,574,-1,574,573,575,-1,574,575,576,-1,577,578,549,-1,549,578,550,-1,552,551,559,-1,559,551,560,-1,562,561,579,-1,579,561,580,-1,579,580,581,-1,581,580,582,-1,581,582,583,-1,583,582,584,-1,583,584,585,-1,585,584,586,-1,585,586,587,-1,587,586,588,-1,587,588,575,-1,575,588,576,-1,572,571,589,-1,589,571,590,-1,589,590,577,-1,577,590,578,-1,578,590,550,-1,550,590,571,-1,550,571,574,-1,548,550,580,-1,580,561,548,-1,548,561,564,-1,548,564,546,-1,546,564,566,-1,560,551,558,-1,558,551,554,-1,558,554,555,-1,555,554,537,-1,555,537,570,-1,570,537,540,-1,570,540,568,-1,568,540,542,-1,568,542,566,-1,566,542,544,-1,566,544,546,-1,584,582,586,-1,586,582,580,-1,586,580,588,-1,588,580,550,-1,588,550,576,-1,576,550,574,-1,591,592,593,-1,593,592,594,-1,593,594,595,-1,595,594,596,-1,595,596,597,-1,597,596,598,-1,597,598,599,-1,599,598,600,-1,599,600,601,-1,601,600,602,-1,601,602,603,-1,603,602,604,-1,603,604,605,-1,605,604,606,-1,605,606,607,-1,607,606,608,-1,607,608,609,-1,609,608,610,-1,609,610,611,-1,611,610,612,-1,611,612,613,-1,613,612,614,-1,613,614,591,-1,591,614,592,-1,592,614,594,-1,594,614,612,-1,608,606,610,-1,610,606,604,-1,600,598,602,-1,602,598,596,-1,602,596,604,-1,604,596,594,-1,604,594,610,-1,610,594,612,-1,615,616,617,-1,615,617,618,-1,617,619,618,-1,618,619,620,-1,618,620,621,-1,621,620,622,-1,621,622,623,-1,623,622,624,-1,623,624,625,-1,625,624,626,-1,625,626,627,-1,627,626,628,-1,627,628,629,-1,629,628,630,-1,629,630,631,-1,631,630,632,-1,631,632,633,-1,633,632,634,-1,633,634,635,-1,635,634,636,-1,635,636,637,-1,637,636,638,-1,637,638,639,-1,639,638,640,-1,639,640,641,-1,641,640,642,-1,641,642,643,-1,643,642,644,-1,643,644,645,-1,646,647,648,-1,646,648,649,-1,649,648,650,-1,649,650,651,-1,651,650,652,-1,651,652,653,-1,653,652,654,-1,653,654,655,-1,656,657,658,-1,656,658,659,-1,659,658,660,-1,659,660,661,-1,661,660,662,-1,661,662,663,-1,663,662,647,-1,663,647,646,-1,664,665,666,-1,664,666,667,-1,667,666,668,-1,667,668,669,-1,669,668,670,-1,669,670,671,-1,671,670,657,-1,671,657,656,-1,672,673,674,-1,672,674,675,-1,675,674,676,-1,675,676,677,-1,677,676,678,-1,677,678,679,-1,679,678,665,-1,679,665,664,-1,616,615,680,-1,680,615,681,-1,682,683,684,-1,684,683,645,-1,684,645,644,-1,680,681,682,-1,682,681,683,-1,672,685,673,-1,673,685,686,-1,685,687,686,-1,686,687,688,-1,687,655,688,-1,688,655,654,-1,623,649,621,-1,621,649,651,-1,621,651,618,-1,618,651,653,-1,618,653,615,-1,615,653,655,-1,615,655,681,-1,681,655,687,-1,681,687,683,-1,683,687,685,-1,683,685,645,-1,685,672,645,-1,645,672,675,-1,645,675,643,-1,643,675,677,-1,643,677,641,-1,641,677,679,-1,641,679,639,-1,639,679,664,-1,639,664,637,-1,637,664,667,-1,637,667,635,-1,635,667,669,-1,635,669,633,-1,633,669,671,-1,633,671,631,-1,631,671,656,-1,631,656,629,-1,629,656,659,-1,629,659,627,-1,627,659,661,-1,627,661,625,-1,625,661,663,-1,625,663,623,-1,623,663,646,-1,623,646,649,-1,689,690,691,-1,689,691,692,-1,692,691,693,-1,692,693,694,-1,695,696,697,-1,695,697,698,-1,698,697,699,-1,698,699,700,-1,701,702,703,-1,703,702,704,-1,705,706,701,-1,701,706,702,-1,707,708,705,-1,705,708,706,-1,709,710,707,-1,707,710,708,-1,711,712,709,-1,709,712,710,-1,713,714,711,-1,711,714,712,-1,715,716,713,-1,713,716,714,-1,703,704,715,-1,715,704,716,-1,717,718,719,-1,719,718,720,-1,718,694,720,-1,720,694,693,-1,689,700,690,-1,690,700,699,-1,695,717,696,-1,696,717,719,-1,717,712,718,-1,718,712,714,-1,695,706,717,-1,717,706,708,-1,717,708,712,-1,712,708,710,-1,695,698,706,-1,706,698,700,-1,706,700,702,-1,702,700,689,-1,702,689,692,-1,692,694,702,-1,702,694,718,-1,702,718,704,-1,704,718,714,-1,704,714,716,-1,
        ]
    }
}
Shape{
    appearance Appearance {
        material  Material {
            diffuseColor 0.29411764705882354 0.10588235294117647 0.09019607843137255
            specularColor 0.14901960784313725 0.050980392156862744 0.043137254901960784
            ambientIntensity 0.1604
            transparency 0.0
            shininess 0.5
        }
    }
    geometry IndexedFaceSet {
        ccw TRUE
        solid FALSE
        coord DEF co Coordinate {
            point [
                -1.1957 6.7831 6.6363, -1.1944 6.7833 6.6363, -1.1993 6.7825 6.6194, -1.1906 6.784 6.6204, -1.2017 6.782 6.6082, -1.1877 6.7845 6.6083, -1.261 6.7713 6.4413, -1.1266 6.7949 6.4423, -0.2063 6.8843 5.7717, -0.2064 6.8843 5.775, -0.0909 6.8867 5.7767, -0.2029 6.8844 5.7493, -0.0849 6.8868 5.7693, -0.1954 6.8846 5.7315, -0.154 6.8856 5.7023, -0.1299 6.8861 5.6939, -0.1486 6.8857 5.6959, -0.0818 6.8868 5.7199, -0.0874 6.8868 5.7114, -0.1781 6.885 5.7107, -0.0804 6.8868 5.7599, -0.0779 6.8869 5.7485, -0.1845 6.8849 5.7168, -0.0774 6.8869 5.7405, -0.0786 6.8869 5.729, -0.0917 6.8867 5.7071, -0.1016 6.8866 5.7002, -0.1129 6.8864 5.6959, -0.1639 6.8854 5.7013, -0.2066 6.8843 5.8024, -0.1396 6.8859 5.7939, -0.1087 6.8865 5.7869, -0.0971 6.8866 5.7814, -0.8901 6.8298 6.3722, -0.8949 6.8292 6.3766, -0.7832 6.8428 6.6439, -0.7756 6.8437 6.3357, -0.8309 6.8372 6.3419, -0.8641 6.8331 6.3544, -0.9144 6.8266 6.4003, -0.9286 6.8247 6.4297, -0.9368 6.8236 6.466, -0.9385 6.8233 6.4928, -0.933 6.8241 6.5427, -0.9169 6.8263 6.5493, -0.9219 6.8256 6.5721, -0.9066 6.8276 6.5946, -0.8954 6.8291 6.6058, -0.8688 6.8325 6.6241, -0.8348 6.8368 6.6375, -0.7174 6.85 6.3361, -0.7801 6.8432 6.6443, -0.7196 6.8498 6.6448, -1.3869 6.7467 5.7335, -1.3917 6.7457 5.738, -1.28 6.7677 6.0053, -1.2724 6.7691 5.697, -1.3277 6.7585 5.7032, -1.3609 6.7519 5.7158, -1.4112 6.7416 5.7616, -1.4254 6.7386 5.791, -1.4337 6.7369 5.8273, -1.4353 6.7365 5.8541, -1.4298 6.7377 5.9041, -1.4138 6.7411 5.9107, -1.4187 6.74 5.9334, -1.4034 6.7433 5.956, -1.3922 6.7456 5.9672, -1.3657 6.751 5.9855, -1.3316 6.7578 5.9988, -1.2143 6.7798 5.6975, -1.277 6.7683 6.0057, -1.2165 6.7794 6.0061, -1.6925 6.6767 5.9976, -1.6913 6.677 5.9976, -1.6961 6.6757 5.9808, -1.6874 6.6779 5.9817, -1.6985 6.6751 5.9695, -1.6845 6.6787 5.9696, -1.7578 6.6598 5.8027, -1.6235 6.6938 5.8036
            ]
        }
        coordIndex [
            0,1,2,-1,2,1,3,-1,2,3,4,-1,4,3,5,-1,4,5,6,-1,6,5,7,-1,8,9,10,-1,8,10,11,-1,11,10,12,-1,11,12,13,-1,14,15,16,-1,17,18,19,-1,12,20,13,-1,13,20,21,-1,13,21,22,-1,22,21,23,-1,22,23,19,-1,19,23,24,-1,19,24,17,-1,25,26,14,-1,14,26,27,-1,14,27,15,-1,18,25,19,-1,19,25,14,-1,19,14,28,-1,28,14,16,-1,9,29,30,-1,30,31,9,-1,9,31,32,-1,9,32,10,-1,33,34,35,-1,36,37,35,-1,35,37,38,-1,35,38,33,-1,34,39,35,-1,35,39,40,-1,35,40,41,-1,42,43,44,-1,44,43,45,-1,45,46,44,-1,44,46,47,-1,44,47,48,-1,41,42,35,-1,35,42,44,-1,35,44,49,-1,49,44,48,-1,36,35,50,-1,50,35,51,-1,50,51,52,-1,53,54,55,-1,56,57,55,-1,55,57,58,-1,55,58,53,-1,54,59,55,-1,55,59,60,-1,55,60,61,-1,62,63,64,-1,64,63,65,-1,65,66,64,-1,64,66,67,-1,64,67,68,-1,61,62,55,-1,55,62,64,-1,55,64,69,-1,69,64,68,-1,56,55,70,-1,70,55,71,-1,70,71,72,-1,73,74,75,-1,75,74,76,-1,75,76,77,-1,77,76,78,-1,77,78,79,-1,79,78,80,-1,
        ]
    }
}