#VRML V2.0 utf8
# 3D model generated by kicad-lcsc-manager
# Based on easyeda2kicad.py v1.0.1

Shape{
    appearance Appearance {
        material  Material {
            diffuseColor 0.054901960784313725 0.054901960784313725 0.054901960784313725
            specularColor 0.047058823529411764 0.047058823529411764 0.047058823529411764
            ambientIntensity 0.0549
            transparency 0.0
            shininess 0.5
        }
    }
    geometry IndexedFaceSet {
        ccw TRUE
        solid FALSE
        coord DEF co Coordinate {
            point [
                3.8486 3.0676 2.1316, 3.6285 3.325 2.1316, 3.6285 3.325 6.7745, -3.4797 -3.4796 11.4173, -3.7073 -3.2288 11.4173, -3.7108 -3.2319 6.7745, 1.156 -4.7833 7.3098, 0.9485 -4.8285 6.7745, 1.2046 -4.7713 6.7745, 0.4523 -4.9 6.7745, 0.5383 -4.8915 6.7745, 0.5382 -4.8908 7.0692, -0.1382 -4.9184 7.1524, -0.1382 -4.919 6.7745, -0.0209 -4.9208 6.7745, -2.2681 -4.3671 7.4539, -2.2681 -4.3671 7.185, -2.1013 -4.4497 7.185, -0.4438 -4.9009 4.8098, -0.441 -4.9012 4.7733, -0.3038 -4.9116 4.9832, -1.0316 -4.8116 6.752, -1.0811 -4.8007 6.744, -1.4565 -4.7005 5.1876, -1.0981 -4.7969 6.7433, -1.4705 -4.6958 5.1835, -1.4565 -4.7005 4.6547, -0.8121 -4.8535 6.7745, -1.3322 -4.7372 4.6547, -0.8121 -4.8535 2.1316, -0.8994 -4.8381 4.7018, -0.9256 -4.8331 4.6542, -0.9515 -4.8281 4.6248, -0.9817 -4.822 4.603, -1.0158 -4.815 4.5892, -1.0529 -4.807 4.5832, -1.0657 -4.8042 4.5827, -1.1124 -4.7936 4.5887, -1.1466 -4.7855 4.6031, -1.1733 -4.779 4.6233, -1.3322 -4.7372 4.5899, -1.1981 -4.7729 4.6526, -1.222 -4.7668 4.6986, -1.2423 -4.7615 4.7787, -1.1936 -4.774 5.1158, -1.169 -4.7801 5.1445, -1.2488 -4.7599 4.8737, -1.2406 -4.762 4.9861, -1.2191 -4.7675 5.0674, -1.1392 -4.7873 5.1665, -1.1035 -4.7956 5.1812, -1.0576 -4.8059 5.1875, -1.0527 -4.807 5.1876, -1.0058 -4.8171 5.1819, -0.9706 -4.8243 5.1677, -0.9423 -4.8299 5.1467, -0.9192 -4.8343 5.1188, -0.8956 -4.8388 5.0722, -0.8753 -4.8425 4.9873, -0.8691 -4.8436 4.8876, -0.8776 -4.8421 4.7789, -1.1441 -4.7861 2.1316, -1.4697 -4.6933 4.5899, -1.4706 -4.6961 2.1316, -2.0087 -4.4923 4.6403, -2.0087 -4.4923 4.8059, -2.101 -4.4491 4.8059, -1.8029 -4.5788 4.8059, -1.956 -4.5155 4.8059, -1.956 -4.5155 4.6403, -1.6546 -4.6344 4.5899, -1.6546 -4.6344 4.6547, -1.5251 -4.6786 4.6547, -1.5251 -4.6786 5.0976, -1.6546 -4.6344 5.058, -1.4706 -4.6961 6.7745, -1.516 -4.6816 6.7745, -1.516 -4.6816 6.7529, -1.607 -4.6511 6.7529, -1.6546 -4.6344 5.13, -1.956 -4.5155 5.0292, -2.0087 -4.4923 5.0292, -2.1013 -4.4497 4.8635, -2.0087 -4.4923 4.8635, -1.8029 -4.5788 4.8635, -1.956 -4.5155 4.8635, -2.1013 -4.4497 6.7745, -2.2681 -4.3671 6.7745, -2.2681 -4.3671 6.7529, -1.7902 -4.5838 2.1316, -2.1013 -4.4497 2.1316, -2.4024 -4.2947 2.1316, -2.1588 -4.4221 4.8059, -2.6922 -4.1192 2.1316, -2.1588 -4.4221 4.8635, -0.2706 -4.9135 6.9155, -0.3101 -4.9112 6.8408, -0.1871 -4.9174 7.3098, -0.2457 -4.9148 7.2979, -0.2354 -4.9153 7.1736, -0.235 -4.9153 7.1499, -0.2441 -4.9149 7.02, -0.6817 -4.8735 6.8367, -0.6479 -4.8781 6.7974, -0.6169 -4.8821 6.7745, -0.7142 -4.8688 6.8979, -0.74 -4.865 6.9928, -0.7503 -4.8634 7.1102, -0.7507 -4.8634 7.1313, -0.742 -4.8647 7.2659, -0.8112 -4.848 11.4173, -0.7167 -4.8685 7.3727, -0.6857 -4.8729 7.4389, -0.6495 -4.8779 7.4854, -0.6069 -4.8834 7.5187, -0.5612 -4.8888 7.539, -0.5063 -4.8948 7.549, -0.5289 -4.8924 11.4173, -0.484 -4.8971 7.5499, -0.138 -4.9157 11.4173, -0.4132 -4.9036 7.5403, -0.37 -4.907 7.522, -0.3342 -4.9096 7.4953, -0.3029 -4.9116 7.4581, -0.4858 -4.8969 4.6469, -0.5187 -4.8935 4.6182, -0.5536 -4.8897 4.5997, -0.6086 -4.8832 4.5855, -0.6523 -4.8775 4.5827, -0.7316 -4.8663 4.5899, -0.7768 -4.8593 4.6853, -0.7768 -4.8593 4.6061, -0.7711 -4.8602 4.6031, -0.6708 -4.875 4.6482, -0.6543 -4.8773 4.6475, -0.6645 -4.8759 4.8851, -0.6092 -4.8831 4.653, -0.5778 -4.8869 4.6657, -0.5529 -4.8898 4.6845, -0.5362 -4.8916 4.7053, -0.5618 -4.8888 4.8585, -0.5875 -4.8858 4.8724, -0.5922 -4.8852 4.827, -0.6255 -4.881 4.8824, -0.5237 -4.893 4.8018, -0.5327 -4.892 4.8256, -0.5442 -4.8908 4.8424, -0.5259 -4.8928 4.7281, -0.5207 -4.8933 4.7534, -0.5198 -4.8934 4.7689, -0.3466 -4.9087 6.7995, -0.3818 -4.9061 6.7745, -0.4697 -4.8985 5.1804, -0.3875 -4.9057 6.7704, -0.4338 -4.9018 6.752, -0.4842 -4.8971 6.744, -0.5016 -4.8953 6.7433, -0.7554 -4.8626 5.1804, -0.5693 -4.8879 6.7525, -0.6122 -4.8827 6.7709, -0.7222 -4.8677 4.6587, -0.7554 -4.8626 4.8798, -0.3241 -4.9103 4.9973, -0.3428 -4.909 5.0177, -0.4697 -4.8985 5.1156, -0.3541 -4.9082 5.038, -0.3607 -4.9077 5.0621, -0.362 -4.9076 5.0792, -0.3585 -4.9079 5.1076, -0.3503 -4.9085 5.1294, -0.336 -4.9095 5.1501, -0.3158 -4.9108 5.1685, -0.2961 -4.912 5.1796, -0.2719 -4.9134 5.1862, -0.2548 -4.9144 5.1876, -0.228 -4.9157 5.1844, -0.2057 -4.9167 5.1761, -0.1844 -4.9175 5.1617, -0.1656 -4.9182 5.1413, -0.1542 -4.9185 5.1209, -0.1476 -4.9187 5.097, -0.1463 -4.9188 5.0792, -0.6842 -4.8732 5.1156, -0.6842 -4.8732 4.948, -0.6352 -4.8798 4.95, -0.5679 -4.8881 4.9423, -0.5267 -4.8927 4.9271, -0.4623 -4.8992 4.6807, -0.1723 -4.9179 5.0093, -0.4473 -4.9006 4.7195, -0.1924 -4.9172 4.9911, -0.2133 -4.9163 4.9794, -0.238 -4.9152 4.9727, -0.2548 -4.9144 4.9716, -0.2825 -4.9128 4.9751, -0.4962 -4.8959 4.9065, -0.4713 -4.8983 4.8793, -0.4536 -4.9 4.8465, -1.3414 -4.7346 7.1313, -1.4243 -4.7103 7.0314, -1.341 -4.7347 7.1102, -1.331 -4.7375 6.9928, -1.3329 -4.737 7.2659, -1.3083 -4.7438 7.3727, -1.278 -4.7521 7.4389, -1.2427 -4.7614 7.4854, -1.2011 -4.7721 7.5187, -1.1565 -4.7831 7.539, -1.1027 -4.7958 7.549, -0.8711 -4.8432 6.9155, -0.9099 -4.8361 6.8408, -1.0808 -4.8008 7.5499, -1.0114 -4.8159 7.5403, -0.9689 -4.8246 7.522, -0.8449 -4.8479 7.02, -0.9337 -4.8316 7.4953, -0.9029 -4.8374 7.4581, -0.8714 -4.8432 7.3959, -0.8465 -4.8476 7.2979, -0.8364 -4.8493 7.1736, -0.836 -4.8494 7.1499, -0.9459 -4.8292 6.7995, -0.9806 -4.8222 6.7745, -0.9862 -4.8211 6.7704, -1.3059 -4.7445 6.8979, -1.4243 -4.7103 6.9449, -1.2742 -4.7531 6.8367, -1.1644 -4.7812 6.7525, -1.2063 -4.7708 6.7709, -1.2109 -4.7696 6.7745, -1.2412 -4.7618 6.7974, -1.516 -4.6816 7.5403, -1.516 -4.6816 7.0314, -1.4706 -4.6961 7.0314, -2.1013 -4.4497 7.5403, -2.0 -4.4962 7.5403, -1.9079 -4.536 11.4173, -1.6454 -4.6377 7.5072, -1.6248 -4.645 7.5403, -1.4704 -4.6956 11.4173, -1.9472 -4.5193 6.9449, -1.9472 -4.5193 7.0171, -2.0 -4.4962 7.4539, -1.4605 -4.6992 11.4173, -0.9994 -4.8184 11.4173, -2.0175 -4.4883 7.185, -2.0175 -4.4883 7.0986, -1.607 -4.6511 6.7745, -1.607 -4.6511 6.9449, -1.4705 -4.6958 6.9449, -1.516 -4.6816 6.9449, -2.3613 -4.3174 6.7529, -2.3613 -4.3174 6.7745, -2.6922 -4.1192 6.7745, -2.3613 -4.3174 7.5403, -2.0988 -4.4446 11.4173, -2.3375 -4.3303 11.4173, -2.6908 -4.1169 11.4173, -2.1005 -4.4482 7.0986, -2.2681 -4.3671 7.0986, -2.1003 -4.4478 7.4539, -0.0815 -4.9203 7.3098, -0.1382 -4.919 7.3098, -0.2709 -4.9135 7.3959, 0.0338 -4.9209 6.8489, 0.0434 -4.9208 6.8489, 0.0264 -4.9209 6.8995, 0.0527 -4.9207 6.901, 0.1682 -4.9181 7.3098, 0.2113 -4.9162 7.3098, 0.393 -4.9053 6.8489, 0.3976 -4.9049 6.8489, 0.3846 -4.9059 6.8998, 0.4064 -4.9042 6.8998, 0.2641 -4.9139 7.3098, 0.5129 -4.8942 7.3098, 0.5377 -4.8872 11.4173, 0.4224 -4.9028 11.4173, -0.0535 -4.9207 11.4173, 0.4461 -4.9007 6.7529, 0.336 -4.9095 5.1714, 0.336 -4.9095 5.0994, 0.3408 -4.9092 6.7529, -0.1059 -4.9198 4.9685, -0.0791 -4.9203 5.036, -0.0384 -4.9208 5.0922, 0.0177 -4.9209 5.1393, 0.0727 -4.9204 5.1669, 0.1426 -4.9189 5.1843, 0.195 -4.9171 5.1876, 0.3125 -4.911 5.1766, 0.0818 -4.9203 6.7529, 0.3345 -4.9095 6.7745, -0.0143 -4.9209 6.7529, -0.1175 -4.9196 4.8726, 0.0813 -4.9203 4.5941, 0.0188 -4.9209 4.6194, -0.1382 -4.919 2.1316, -0.0318 -4.9209 4.6569, -0.0741 -4.9204 4.7082, -0.0989 -4.92 4.759, -0.1143 -4.9196 4.823, -0.4763 -4.8979 2.1316, -0.1497 -4.9187 5.0514, -0.1581 -4.9184 5.0296, 0.1734 -4.9179 4.5827, 0.2005 -4.9169 2.1316, 0.2368 -4.9153 4.5855, 0.5383 -4.8915 2.1316, 0.336 -4.9095 4.6043, 0.336 -4.9095 4.6763, 0.2766 -4.9132 4.652, 0.1427 -4.9189 4.6435, 0.1862 -4.9174 4.6403, 0.2671 -4.9137 5.1147, -0.0321 -4.9209 4.9449, -0.0383 -4.9208 4.8786, 0.0414 -4.9208 5.0755, 0.0085 -4.921 5.0397, -0.0156 -4.9209 4.9978, 0.1982 -4.917 5.13, 0.1242 -4.9194 5.1202, 0.0811 -4.9203 5.1029, 0.0207 -4.9209 4.707, 0.0552 -4.9207 4.6773, 0.0957 -4.92 4.656, -0.0294 -4.9209 4.8014, -0.0083 -4.921 4.747, 0.264 -4.9139 5.1238, 0.2275 -4.9157 7.1415, 0.2182 -4.9161 7.1946, 0.2163 -4.9162 7.1946, 0.2113 -4.9164 7.1729, 0.2044 -4.9167 7.1425, 0.0886 -4.9201 6.7745, 0.6274 -4.8808 7.3098, 0.732 -4.8662 7.3098, 0.8943 -4.839 11.4173, 0.5383 -4.8915 7.3098, 0.6083 -4.8832 7.3098, 0.8722 -4.8431 6.9181, 0.8924 -4.8394 6.8393, 0.8949 -4.8389 6.8393, 0.9123 -4.8357 6.9161, 1.053 -4.807 7.3098, 1.2034 -4.7663 11.4173, 0.8363 -4.8494 6.7529, 0.8735 -4.8429 2.1316, 0.9402 -4.8304 6.7529, 1.2046 -4.7713 2.1316, 0.8282 -4.8506 6.7745, 3.3249 3.6286 6.7745, 3.3249 3.6286 2.1316, 3.0674 3.8487 2.1316, 2.7954 4.0506 6.7745, 2.9586 3.933 11.4173, 3.3249 3.6286 11.4173, 2.2131 4.3959 2.1316, 2.2131 4.3959 6.7745, 2.5102 4.2333 2.1316, 2.7954 4.0506 2.1316, 2.1466 4.4288 11.4173, 2.2116 4.3933 11.4173, 2.5646 4.2006 11.4173, 2.7923 4.046 11.4173, 1.7085 4.6155 11.4173, 1.5888 4.6581 6.7745, 1.9055 4.5378 2.1316, 0.9345 4.832 2.1316, 0.9345 4.832 6.7745, 1.2646 4.7563 2.1316, 1.5888 4.6581 2.1316, 0.7886 4.858 11.4173, 0.9335 4.8272 11.4173, 1.2544 4.759 11.4173, 1.5875 4.6538 11.4173, 0.3153 4.9114 11.4173, 0.2625 4.9146 6.7745, 0.5999 4.8849 2.1316, 0.2625 4.9146 2.1316, -0.0762 4.921 2.1316, -0.4145 4.9041 6.7745, -0.1609 4.9189 11.4173, 0.2624 4.9123 11.4173, -1.0836 4.8007 2.1316, -1.0836 4.8007 6.7745, -0.7508 4.8639 2.1316, -0.4145 4.9041 2.1316, -1.1043 4.796 11.4173, -1.0835 4.7998 11.4173, -0.6355 4.8803 11.4173, -0.414 4.8983 11.4173, -1.5627 4.6668 11.4173, -1.7322 4.6065 6.7745, -1.4113 4.7148 2.1316, -2.3481 4.3252 2.1316, -2.3481 4.3252 6.7745, -2.045 4.4765 2.1316, -1.7322 4.6065 2.1316, -2.4314 4.2789 11.4173, -2.3464 4.3219 11.4173, -2.0064 4.4939 11.4173, -1.7303 4.6015 11.4173, -2.8336 4.0238 11.4173, -2.9195 3.962 6.7745, -2.64 4.1534 2.1316, -3.4356 3.5237 2.1316, -3.4356 3.5237 6.7745, -3.1851 3.7517 2.1316, -2.9195 3.962 2.1316, -3.5548 3.4034 11.4173, -3.4319 3.5199 11.4173, -3.2092 3.7311 11.4173, -2.917 3.9588 11.4173, -3.8671 3.0439 11.4173, -3.8867 3.0188 6.7745, -3.6698 3.279 2.1316, -3.8867 3.0188 2.1316, -4.0851 2.7443 2.1316, -4.2642 2.4568 6.7745, -4.1432 2.6558 11.4173, -3.8855 3.018 11.4173, -4.561 1.8483 2.1316, -4.561 1.8483 6.7745, -4.423 2.1576 2.1316, -4.2642 2.4568 2.1316, -4.5767 1.8089 11.4173, -4.5593 1.8475 11.4173, -4.3805 2.2429 11.4173, -4.2592 2.4539 11.4173, -4.7301 1.3581 11.4173, -4.7714 1.2047 6.7745, -4.6773 1.5301 2.1316, -4.8916 0.5384 2.1316, -4.8916 0.5384 6.7745, -4.843 0.8737 2.1316, -4.7714 1.2047 2.1316, -4.903 0.4225 11.4173, -4.8874 0.5379 11.4173, -4.8392 0.8945 11.4173, -4.7665 1.2036 11.4173, -4.9208 -0.0534 11.4173, -4.9192 -0.1381 6.7745, -4.917 0.2007 2.1316, -4.9192 -0.1381 2.1316, -4.898 -0.4761 2.1316, -4.8536 -0.8119 6.7745, -4.8536 -0.8119 2.1316, -4.7862 -1.1439 2.1316, -4.6962 -1.4705 6.7745, -4.8185 -0.9993 11.4173, -4.8482 -0.8111 11.4173, -4.8926 -0.5288 11.4173, -4.9158 -0.1379 11.4173, -4.4499 -2.1011 2.1316, -4.4499 -2.1011 6.7745, -4.5839 -1.79 2.1316, -4.6962 -1.4705 2.1316, -4.3305 -2.3373 11.4173, -4.4448 -2.0987 11.4173, -4.5362 -1.9078 11.4173, -4.6957 -1.4703 11.4173, -4.6994 -1.4603 11.4173, -4.2948 -2.4023 2.1316, -4.1194 -2.692 6.7745, -3.7108 -3.2319 2.1316, -3.9244 -2.969 2.1316, -4.1194 -2.692 2.1316, -3.7998 -3.1269 11.4173, -4.0843 -2.745 11.4173, -4.1171 -2.6906 11.4173, -3.4797 -3.4796 2.1316, -3.2321 -3.7107 6.7745, -3.2321 -3.7107 2.1316, -2.9692 -3.9242 2.1316, -2.7451 -4.0841 11.4173, -3.127 -3.7996 11.4173, -3.2289 -3.7072 11.4173, 1.53 -4.6771 2.1316, 1.8481 -4.5608 6.7745, 1.3579 -4.73 11.4173, 1.8088 -4.5766 11.4173, 1.8481 -4.5608 2.1316, 2.1575 -4.4229 2.1316, 2.4566 -4.264 6.7745, 2.2427 -4.3803 11.4173, 1.8473 -4.5591 11.4173, 3.0187 -3.8865 2.1316, 3.0187 -3.8865 6.7745, 2.7442 -4.0849 2.1316, 2.4566 -4.264 2.1316, 3.0437 -3.8669 11.4173, 3.0179 -3.8853 11.4173, 2.6556 -4.143 11.4173, 2.4538 -4.259 11.4173, 3.4033 -3.5546 11.4173, 3.5236 -3.4354 6.7745, 3.2789 -3.6697 2.1316, 3.9618 -2.9193 2.1316, 3.9618 -2.9193 6.7745, 3.7516 -3.1849 2.1316, 3.5236 -3.4354 2.1316, 4.0237 -2.8334 11.4173, 3.9587 -2.9169 11.4173, 3.731 -3.2091 11.4173, 3.5198 -3.4318 11.4173, 4.2788 -2.4312 11.4173, 4.325 -2.3479 6.7745, 4.1533 -2.6399 2.1316, 4.325 -2.3479 2.1316, 4.4763 -2.0449 2.1316, 4.6064 -1.7321 6.7745, 4.6064 -1.7321 2.1316, 4.7147 -1.4111 2.1316, 4.8006 -1.0835 6.7745, 4.6667 -1.5625 11.4173, 4.6014 -1.7301 11.4173, 4.4938 -2.0063 11.4173, 4.3217 -2.3463 11.4173, 4.8006 -1.0835 2.1316, 4.8638 -0.7507 2.1316, 4.9039 -0.4144 6.7745, 4.8802 -0.6354 11.4173, 4.7996 -1.0833 11.4173, 4.7959 -1.1041 11.4173, 4.9144 0.2626 2.1316, 4.9144 0.2626 6.7745, 4.9208 -0.0761 2.1316, 4.9039 -0.4144 2.1316, 4.9113 0.3155 11.4173, 4.9121 0.2626 11.4173, 4.9188 -0.1607 11.4173, 4.8982 -0.4139 11.4173, 4.8578 0.7887 11.4173, 4.8319 0.9346 6.7745, 4.8847 0.6 2.1316, 4.6579 1.589 2.1316, 4.6579 1.589 6.7745, 4.7562 1.2648 2.1316, 4.8319 0.9346 2.1316, 4.6154 1.7087 11.4173, 4.6536 1.5876 11.4173, 4.7589 1.2546 11.4173, 4.8271 0.9336 11.4173, 4.4286 2.1468 11.4173, 4.3958 2.2132 6.7745, 4.5376 1.9056 2.1316, 4.0505 2.7956 2.1316, 4.0505 2.7956 6.7745, 4.2332 2.5103 2.1316, 4.3958 2.2132 2.1316, 3.9329 2.9588 11.4173, 4.0458 2.7924 11.4173, 4.2004 2.5648 11.4173, 4.3931 2.2118 11.4173, 3.6285 3.325 11.4173, -0.1905 -4.9173 5.0669, -0.1895 -4.9173 5.0796, -0.2163 -4.9162 5.1115, -0.206 -4.9166 5.123, -0.2182 -4.9161 5.1338, -0.1915 -4.9172 5.0964, -0.1971 -4.917 5.1104, -0.2304 -4.9156 5.1402, -0.2432 -4.9149 5.1435, -0.2539 -4.9144 5.1444, -0.2716 -4.9135 5.1421, -0.2847 -4.9127 5.1368, -0.2967 -4.912 5.1282, -0.3079 -4.9113 5.1156, -0.315 -4.9109 5.1019, -0.3181 -4.9107 5.0893, -0.3189 -4.9106 5.0796, -0.3026 -4.9116 5.037, -0.2901 -4.9124 5.0259, -0.3167 -4.9108 5.0624, -0.3113 -4.9111 5.0491, -0.2787 -4.9131 5.0195, -0.2665 -4.9137 5.016, -0.1942 -4.9171 5.0548, -0.2363 -4.9153 5.017, -0.2237 -4.9159 5.0221, -0.2539 -4.9144 5.0148, -0.2121 -4.9164 5.0302, -0.2011 -4.9169 5.0424
            ]
        }
        coordIndex [
            0,1,2,-1,3,4,5,-1,6,7,8,-1,9,10,11,-1,12,13,14,-1,15,16,17,-1,18,19,20,-1,21,22,23,-1,23,22,24,-1,23,24,25,-1,23,26,27,-1,27,26,28,-1,29,30,31,-1,31,32,29,-1,29,32,33,-1,29,33,34,-1,34,35,29,-1,29,35,36,-1,29,36,37,-1,38,39,40,-1,40,39,41,-1,40,41,28,-1,28,41,42,-1,28,42,43,-1,44,45,27,-1,43,46,28,-1,28,46,47,-1,28,47,27,-1,27,47,48,-1,27,48,44,-1,45,49,27,-1,27,49,50,-1,27,50,51,-1,51,52,27,-1,27,52,53,-1,27,53,54,-1,54,55,27,-1,27,55,56,-1,27,56,57,-1,57,58,27,-1,27,58,59,-1,27,59,29,-1,29,59,60,-1,29,60,30,-1,37,38,29,-1,29,38,40,-1,29,40,61,-1,61,40,62,-1,61,62,63,-1,64,65,66,-1,67,68,69,-1,69,70,71,-1,72,73,74,-1,72,74,71,-1,75,76,77,-1,78,79,77,-1,77,79,25,-1,77,25,75,-1,74,79,80,-1,80,79,78,-1,80,78,81,-1,81,78,82,-1,81,82,83,-1,69,71,67,-1,67,71,74,-1,67,74,84,-1,84,74,80,-1,84,80,85,-1,86,87,88,-1,62,70,63,-1,63,70,69,-1,63,69,89,-1,89,69,64,-1,89,64,90,-1,90,64,66,-1,90,66,91,-1,91,66,92,-1,91,92,93,-1,93,92,94,-1,95,96,13,-1,12,97,98,-1,98,99,12,-1,12,99,100,-1,12,100,13,-1,13,100,101,-1,13,101,95,-1,102,27,103,-1,103,27,104,-1,102,105,27,-1,27,105,106,-1,27,106,107,-1,107,108,27,-1,27,108,109,-1,27,109,110,-1,110,109,111,-1,111,112,110,-1,110,112,113,-1,110,113,114,-1,114,115,110,-1,110,115,116,-1,110,116,117,-1,117,116,118,-1,117,118,119,-1,119,118,120,-1,120,121,119,-1,119,121,122,-1,119,122,123,-1,124,125,29,-1,29,125,126,-1,126,127,29,-1,29,127,128,-1,29,128,129,-1,130,27,131,-1,131,27,29,-1,131,29,132,-1,132,29,129,-1,133,134,135,-1,135,134,136,-1,136,137,135,-1,135,137,138,-1,135,138,139,-1,140,141,142,-1,142,141,143,-1,142,143,135,-1,144,145,142,-1,142,145,146,-1,142,146,140,-1,139,147,135,-1,135,147,148,-1,135,148,142,-1,142,148,149,-1,142,149,144,-1,96,150,13,-1,13,150,151,-1,13,151,152,-1,152,151,153,-1,152,153,154,-1,154,155,152,-1,152,155,156,-1,152,156,157,-1,157,156,158,-1,157,158,159,-1,133,135,160,-1,160,135,161,-1,160,161,130,-1,130,161,157,-1,130,157,27,-1,27,157,159,-1,27,159,104,-1,162,163,164,-1,164,163,165,-1,164,165,166,-1,166,167,164,-1,164,167,168,-1,164,168,152,-1,168,169,152,-1,152,169,170,-1,152,170,13,-1,13,170,171,-1,13,171,172,-1,172,173,13,-1,13,173,174,-1,13,174,175,-1,175,176,13,-1,13,176,177,-1,13,177,178,-1,178,179,13,-1,13,179,180,-1,13,180,181,-1,182,183,184,-1,182,184,164,-1,184,185,164,-1,164,185,186,-1,164,186,162,-1,124,29,187,-1,187,29,188,-1,187,188,189,-1,189,188,190,-1,189,190,19,-1,19,190,191,-1,19,191,192,-1,192,193,19,-1,19,193,194,-1,19,194,20,-1,186,195,162,-1,162,195,196,-1,162,196,20,-1,20,196,197,-1,20,197,18,-1,198,199,200,-1,200,199,201,-1,198,202,199,-1,199,202,203,-1,199,203,110,-1,110,203,204,-1,110,204,205,-1,205,206,110,-1,110,206,207,-1,110,207,208,-1,209,210,27,-1,208,211,110,-1,110,211,212,-1,110,212,213,-1,209,27,214,-1,213,215,110,-1,110,215,216,-1,110,216,217,-1,217,218,110,-1,110,218,219,-1,110,219,27,-1,27,219,220,-1,27,220,214,-1,210,221,27,-1,27,221,222,-1,27,222,23,-1,23,222,223,-1,23,223,21,-1,201,199,224,-1,224,199,225,-1,224,225,226,-1,24,227,25,-1,25,227,228,-1,25,228,75,-1,75,228,229,-1,75,229,230,-1,231,232,233,-1,234,235,236,-1,237,238,239,-1,240,241,242,-1,242,241,237,-1,242,237,235,-1,235,237,239,-1,235,239,236,-1,238,231,239,-1,239,231,233,-1,239,233,243,-1,243,233,199,-1,243,199,244,-1,244,199,110,-1,245,246,242,-1,247,248,86,-1,86,248,240,-1,226,225,230,-1,230,225,249,-1,230,249,75,-1,75,249,250,-1,75,250,76,-1,251,252,253,-1,253,252,254,-1,236,255,234,-1,234,255,256,-1,234,256,254,-1,254,256,257,-1,254,257,253,-1,242,246,240,-1,240,246,258,-1,240,258,86,-1,86,258,259,-1,86,259,87,-1,245,242,17,-1,17,242,260,-1,17,260,15,-1,261,119,262,-1,262,119,123,-1,262,123,97,-1,97,123,263,-1,97,263,98,-1,264,265,266,-1,266,265,267,-1,266,267,261,-1,261,267,268,-1,261,268,119,-1,119,268,269,-1,270,271,272,-1,272,271,273,-1,272,273,274,-1,274,273,275,-1,276,277,275,-1,269,274,119,-1,119,274,275,-1,119,275,278,-1,278,275,277,-1,9,279,10,-1,10,279,280,-1,10,280,281,-1,282,283,284,-1,284,285,282,-1,282,285,286,-1,282,286,287,-1,287,288,282,-1,282,288,289,-1,282,289,279,-1,279,289,290,-1,279,290,280,-1,291,282,292,-1,282,291,283,-1,283,291,293,-1,283,293,294,-1,295,296,297,-1,297,296,298,-1,297,298,299,-1,299,300,297,-1,297,300,301,-1,297,301,294,-1,293,14,294,-1,294,14,13,-1,294,13,297,-1,297,13,181,-1,297,181,302,-1,302,181,303,-1,302,303,29,-1,29,303,304,-1,29,304,188,-1,295,297,305,-1,305,297,306,-1,305,306,307,-1,307,306,308,-1,307,308,309,-1,309,308,10,-1,309,10,310,-1,310,10,281,-1,310,281,311,-1,312,313,314,-1,314,313,311,-1,315,316,314,-1,317,318,314,-1,314,318,319,-1,314,319,315,-1,320,321,314,-1,314,321,322,-1,314,322,317,-1,323,324,314,-1,314,324,325,-1,314,325,312,-1,316,326,314,-1,314,326,327,-1,314,327,323,-1,311,281,314,-1,314,281,328,-1,314,328,320,-1,329,330,331,-1,331,332,329,-1,329,332,333,-1,329,333,292,-1,292,333,334,-1,292,334,291,-1,335,336,337,-1,275,338,276,-1,276,338,339,-1,276,339,337,-1,340,341,342,-1,342,343,340,-1,340,343,344,-1,340,344,336,-1,336,344,345,-1,336,345,337,-1,346,347,348,-1,348,347,349,-1,348,349,7,-1,337,339,335,-1,335,339,11,-1,335,11,350,-1,350,11,10,-1,350,10,346,-1,346,10,308,-1,346,308,347,-1,351,352,353,-1,353,354,351,-1,351,354,355,-1,351,355,356,-1,357,358,359,-1,359,358,354,-1,359,354,360,-1,360,354,353,-1,361,362,358,-1,358,362,363,-1,358,363,354,-1,354,363,364,-1,354,364,355,-1,365,361,366,-1,366,361,358,-1,366,358,367,-1,367,358,357,-1,368,369,370,-1,370,369,366,-1,370,366,371,-1,371,366,367,-1,372,373,369,-1,369,373,374,-1,369,374,366,-1,366,374,375,-1,366,375,365,-1,376,372,377,-1,377,372,369,-1,377,369,378,-1,378,369,368,-1,378,379,377,-1,377,379,380,-1,377,380,381,-1,381,382,377,-1,377,382,383,-1,377,383,376,-1,384,385,386,-1,386,385,381,-1,386,381,387,-1,387,381,380,-1,388,389,385,-1,385,389,390,-1,385,390,381,-1,381,390,391,-1,381,391,382,-1,392,388,393,-1,393,388,385,-1,393,385,394,-1,394,385,384,-1,395,396,397,-1,397,396,393,-1,397,393,398,-1,398,393,394,-1,399,400,396,-1,396,400,401,-1,396,401,393,-1,393,401,402,-1,393,402,392,-1,403,399,404,-1,404,399,396,-1,404,396,405,-1,405,396,395,-1,406,407,408,-1,408,407,404,-1,408,404,409,-1,409,404,405,-1,410,411,407,-1,407,411,412,-1,407,412,404,-1,404,412,413,-1,404,413,403,-1,414,410,415,-1,415,410,407,-1,415,407,416,-1,416,407,406,-1,416,417,415,-1,415,417,418,-1,415,418,419,-1,419,420,415,-1,415,420,421,-1,415,421,414,-1,422,423,424,-1,424,423,419,-1,424,419,425,-1,425,419,418,-1,426,427,423,-1,423,427,428,-1,423,428,419,-1,419,428,429,-1,419,429,420,-1,430,426,431,-1,431,426,423,-1,431,423,432,-1,432,423,422,-1,433,434,435,-1,435,434,431,-1,435,431,436,-1,436,431,432,-1,437,438,434,-1,434,438,439,-1,434,439,431,-1,431,439,440,-1,431,440,430,-1,441,437,442,-1,442,437,434,-1,442,434,443,-1,443,434,433,-1,443,444,442,-1,442,444,445,-1,442,445,446,-1,445,447,446,-1,446,447,448,-1,446,448,449,-1,450,451,446,-1,446,451,452,-1,446,452,442,-1,442,452,453,-1,442,453,441,-1,454,455,456,-1,456,455,449,-1,456,449,457,-1,457,449,448,-1,458,459,455,-1,455,459,460,-1,455,460,449,-1,449,460,461,-1,449,461,446,-1,446,461,462,-1,446,462,450,-1,454,463,455,-1,455,463,464,-1,455,464,458,-1,465,5,466,-1,466,5,464,-1,466,464,467,-1,467,464,463,-1,4,468,5,-1,5,468,469,-1,5,469,464,-1,464,469,470,-1,464,470,458,-1,465,471,5,-1,5,471,472,-1,5,472,3,-1,471,473,472,-1,472,473,474,-1,472,474,253,-1,253,474,93,-1,253,93,251,-1,251,93,94,-1,251,94,88,-1,88,94,82,-1,88,82,86,-1,86,82,78,-1,86,78,247,-1,257,475,253,-1,253,475,476,-1,253,476,472,-1,472,476,477,-1,472,477,3,-1,7,349,8,-1,8,349,478,-1,8,478,479,-1,344,6,345,-1,345,6,8,-1,345,8,480,-1,480,8,479,-1,480,479,481,-1,478,482,479,-1,479,482,483,-1,479,483,484,-1,484,485,479,-1,479,485,486,-1,479,486,481,-1,487,488,489,-1,489,488,484,-1,489,484,490,-1,490,484,483,-1,491,492,488,-1,488,492,493,-1,488,493,484,-1,484,493,494,-1,484,494,485,-1,495,491,496,-1,496,491,488,-1,496,488,497,-1,497,488,487,-1,498,499,500,-1,500,499,496,-1,500,496,501,-1,501,496,497,-1,502,503,499,-1,499,503,504,-1,499,504,496,-1,496,504,505,-1,496,505,495,-1,506,502,507,-1,507,502,499,-1,507,499,508,-1,508,499,498,-1,508,509,507,-1,507,509,510,-1,507,510,511,-1,510,512,511,-1,511,512,513,-1,511,513,514,-1,515,516,511,-1,511,516,517,-1,511,517,507,-1,507,517,518,-1,507,518,506,-1,513,519,514,-1,514,519,520,-1,514,520,521,-1,521,522,514,-1,514,522,523,-1,514,523,511,-1,511,523,524,-1,511,524,515,-1,525,526,527,-1,527,526,521,-1,527,521,528,-1,528,521,520,-1,529,530,526,-1,526,530,531,-1,526,531,521,-1,521,531,532,-1,521,532,522,-1,533,529,534,-1,534,529,526,-1,534,526,535,-1,535,526,525,-1,536,537,538,-1,538,537,534,-1,538,534,539,-1,539,534,535,-1,540,541,537,-1,537,541,542,-1,537,542,534,-1,534,542,543,-1,534,543,533,-1,544,540,545,-1,545,540,537,-1,545,537,546,-1,546,537,536,-1,547,548,549,-1,549,548,545,-1,549,545,550,-1,550,545,546,-1,551,552,548,-1,548,552,553,-1,548,553,545,-1,545,553,554,-1,545,554,544,-1,555,551,2,-1,2,551,548,-1,2,548,0,-1,0,548,547,-1,556,557,558,-1,558,559,560,-1,557,561,558,-1,558,561,562,-1,558,562,559,-1,560,563,558,-1,558,563,564,-1,558,564,556,-1,556,564,565,-1,556,565,566,-1,566,567,556,-1,556,567,568,-1,556,568,569,-1,569,570,556,-1,556,570,571,-1,556,571,572,-1,573,574,556,-1,572,575,556,-1,556,575,576,-1,556,576,573,-1,574,577,556,-1,556,577,578,-1,556,578,579,-1,580,581,582,-1,582,581,583,-1,582,583,578,-1,578,583,584,-1,578,584,579,-1,
        ]
    }
}
Shape{
    appearance Appearance {
        material  Material {
            diffuseColor 1.0 1.0 1.0
            specularColor 0.8784313725490196 0.8784313725490196 0.8784313725490196
            ambientIntensity 1.0
            transparency 0.0
            shininess 0.5
        }
    }
    geometry IndexedFaceSet {
        ccw TRUE
        solid FALSE
        coord DEF co Coordinate {
            point [
                -0.0383 -4.9208 4.8786, -0.1143 -4.9196 4.823, -0.0294 -4.9209 4.8014, -0.0989 -4.92 4.759, -0.0083 -4.921 4.747, -0.0741 -4.9204 4.7082, 0.0207 -4.9209 4.707, -0.0318 -4.9209 4.6569, 0.0552 -4.9207 4.6773, 0.0188 -4.9209 4.6194, 0.0957 -4.92 4.656, 0.0813 -4.9203 4.5941, 0.1427 -4.9189 4.6435, 0.1734 -4.9179 4.5827, 0.1862 -4.9174 4.6403, 0.2368 -4.9153 4.5855, 0.2766 -4.9132 4.652, 0.336 -4.9095 4.6043, 0.336 -4.9095 4.6763, 0.336 -4.9095 5.0994, 0.336 -4.9095 5.1714, 0.264 -4.9139 5.1238, 0.3125 -4.911 5.1766, 0.1982 -4.917 5.13, 0.195 -4.9171 5.1876, 0.1242 -4.9194 5.1202, 0.1426 -4.9189 5.1843, 0.0811 -4.9203 5.1029, 0.0727 -4.9204 5.1669, 0.0414 -4.9208 5.0755, 0.0177 -4.9209 5.1393, 0.0085 -4.921 5.0397, -0.0384 -4.9208 5.0922, -0.0156 -4.9209 4.9978, -0.0791 -4.9203 5.036, -0.0321 -4.9209 4.9449, -0.1059 -4.9198 4.9685, -0.1175 -4.9196 4.8726, -0.3079 -4.9113 5.1156, -0.3503 -4.9085 5.1294, -0.315 -4.9109 5.1019, -0.3585 -4.9079 5.1076, -0.3181 -4.9107 5.0893, -0.3189 -4.9106 5.0796, -0.362 -4.9076 5.0792, -0.3167 -4.9108 5.0624, -0.3607 -4.9077 5.0621, -0.3113 -4.9111 5.0491, -0.3541 -4.9082 5.038, -0.3026 -4.9116 5.037, -0.3428 -4.909 5.0177, -0.2901 -4.9124 5.0259, -0.3241 -4.9103 4.9973, -0.2787 -4.9131 5.0195, -0.3038 -4.9116 4.9832, -0.2665 -4.9137 5.016, -0.2825 -4.9128 4.9751, -0.2539 -4.9144 5.0148, -0.2548 -4.9144 4.9716, -0.2363 -4.9153 5.017, -0.238 -4.9152 4.9727, -0.2237 -4.9159 5.0221, -0.2133 -4.9163 4.9794, -0.2121 -4.9164 5.0302, -0.1924 -4.9172 4.9911, -0.2011 -4.9169 5.0424, -0.1723 -4.9179 5.0093, -0.1942 -4.9171 5.0548, -0.1581 -4.9184 5.0296, -0.1905 -4.9173 5.0669, -0.1497 -4.9187 5.0514, -0.1895 -4.9173 5.0796, -0.1463 -4.9188 5.0792, -0.1915 -4.9172 5.0964, -0.1476 -4.9187 5.097, -0.1971 -4.917 5.1104, -0.1542 -4.9185 5.1209, -0.206 -4.9166 5.123, -0.1656 -4.9182 5.1413, -0.2182 -4.9161 5.1338, -0.1844 -4.9175 5.1617, -0.2304 -4.9156 5.1402, -0.2057 -4.9167 5.1761, -0.2432 -4.9149 5.1435, -0.228 -4.9157 5.1844, -0.2539 -4.9144 5.1444, -0.2548 -4.9144 5.1876, -0.2716 -4.9135 5.1421, -0.2719 -4.9134 5.1862, -0.2847 -4.9127 5.1368, -0.2961 -4.912 5.1796, -0.2967 -4.912 5.1282, -0.3158 -4.9108 5.1685, -0.336 -4.9095 5.1501
            ]
        }
        coordIndex [
            0,1,2,-1,2,1,3,-1,2,3,4,-1,4,3,5,-1,4,5,6,-1,6,5,7,-1,6,7,8,-1,8,7,9,-1,8,9,10,-1,10,9,11,-1,10,11,12,-1,12,11,13,-1,12,13,14,-1,14,13,15,-1,14,15,16,-1,16,15,17,-1,16,17,18,-1,19,20,21,-1,21,20,22,-1,21,22,23,-1,23,22,24,-1,23,24,25,-1,25,24,26,-1,25,26,27,-1,27,26,28,-1,27,28,29,-1,29,28,30,-1,29,30,31,-1,31,30,32,-1,31,32,33,-1,33,32,34,-1,33,34,35,-1,35,34,36,-1,35,36,0,-1,0,36,37,-1,0,37,1,-1,38,39,40,-1,40,39,41,-1,40,41,42,-1,42,41,43,-1,43,41,44,-1,43,44,45,-1,45,44,46,-1,45,46,47,-1,47,46,48,-1,47,48,49,-1,49,48,50,-1,49,50,51,-1,51,50,52,-1,51,52,53,-1,53,52,54,-1,53,54,55,-1,55,54,56,-1,55,56,57,-1,57,56,58,-1,57,58,59,-1,59,58,60,-1,59,60,61,-1,61,60,62,-1,61,62,63,-1,63,62,64,-1,63,64,65,-1,65,64,66,-1,65,66,67,-1,67,66,68,-1,67,68,69,-1,69,68,70,-1,69,70,71,-1,71,70,72,-1,71,72,73,-1,73,72,74,-1,73,74,75,-1,75,74,76,-1,75,76,77,-1,77,76,78,-1,77,78,79,-1,79,78,80,-1,79,80,81,-1,81,80,82,-1,81,82,83,-1,83,82,84,-1,83,84,85,-1,85,84,86,-1,85,86,87,-1,87,86,88,-1,87,88,89,-1,89,88,90,-1,89,90,91,-1,91,90,92,-1,91,92,38,-1,38,92,93,-1,38,93,39,-1,
        ]
    }
}
Shape{
    appearance Appearance {
        material  Material {
            diffuseColor 0.054901960784313725 0.054901960784313725 0.054901960784313725
            specularColor 0.047058823529411764 0.047058823529411764 0.047058823529411764
            ambientIntensity 0.0549
            transparency 0.0
            shininess 0.5
        }
    }
    geometry IndexedFaceSet {
        ccw TRUE
        solid FALSE
        coord DEF co Coordinate {
            point [
                -1.1488 -4.785 4.7163, -1.1321 -4.789 4.6852, -1.1118 -4.7937 4.7111, -1.0783 -4.8013 4.6493, -1.0589 -4.8057 4.6475, -1.1155 -4.7928 4.6671, -1.098 -4.7969 4.6559, -1.0354 -4.8108 4.6503, -1.0165 -4.8148 4.658, -1.0021 -4.8178 4.6683, -0.9862 -4.8211 4.6864, -0.9701 -4.8244 4.717, -0.9545 -4.8275 4.7757, -1.0055 -4.8171 5.0564, -0.9881 -4.8207 5.0864, -1.0033 -4.8176 5.1033, -1.0197 -4.8141 5.1143, -1.0383 -4.8101 5.121, -1.0567 -4.8062 5.1228, -1.0813 -4.8007 5.1197, -1.1008 -4.7962 5.1115, -1.1157 -4.7928 5.1006, -1.1321 -4.7889 5.0813, -1.1487 -4.785 5.0485, -1.1646 -4.7811 4.9855, -1.1647 -4.7811 4.7748, -1.172 -4.7793 4.8773, -0.9469 -4.829 4.8811, -0.9543 -4.8275 4.99, -0.9701 -4.8244 5.052
            ]
        }
        coordIndex [
            0,1,2,-1,3,4,2,-1,1,5,2,-1,2,5,6,-1,2,6,3,-1,4,7,2,-1,2,7,8,-1,2,8,9,-1,9,10,2,-1,2,10,11,-1,2,11,12,-1,13,14,15,-1,15,16,13,-1,13,16,17,-1,13,17,18,-1,18,19,13,-1,13,19,20,-1,13,20,21,-1,21,22,13,-1,13,22,23,-1,13,23,24,-1,0,2,25,-1,25,2,12,-1,25,12,26,-1,26,12,27,-1,26,27,24,-1,24,27,28,-1,24,28,13,-1,13,28,29,-1,13,29,14,-1,
        ]
    }
}
Shape{
    appearance Appearance {
        material  Material {
            diffuseColor 1.0 1.0 1.0
            specularColor 0.8784313725490196 0.8784313725490196 0.8784313725490196
            ambientIntensity 1.0
            transparency 0.0
            shininess 0.5
        }
    }
    geometry IndexedFaceSet {
        ccw TRUE
        solid FALSE
        coord DEF co Coordinate {
            point [
                -0.6842 -4.8732 4.948, -0.6645 -4.8759 4.8851, -0.6352 -4.8798 4.95, -0.6255 -4.881 4.8824, -0.5679 -4.8881 4.9423, -0.5875 -4.8858 4.8724, -0.5267 -4.8927 4.9271, -0.5618 -4.8888 4.8585, -0.4962 -4.8959 4.9065, -0.5442 -4.8908 4.8424, -0.4713 -4.8983 4.8793, -0.5327 -4.892 4.8256, -0.4536 -4.9 4.8465, -0.4438 -4.9009 4.8098, -0.5237 -4.893 4.8018, -0.441 -4.9012 4.7733, -0.5198 -4.8934 4.7689, -0.4473 -4.9006 4.7195, -0.5207 -4.8933 4.7534, -0.5259 -4.8928 4.7281, -0.4623 -4.8992 4.6807, -0.5362 -4.8916 4.7053, -0.4858 -4.8969 4.6469, -0.5529 -4.8898 4.6845, -0.5187 -4.8935 4.6182, -0.5536 -4.8897 4.5997, -0.5778 -4.8869 4.6657, -0.6086 -4.8832 4.5855, -0.6092 -4.8831 4.653, -0.6523 -4.8775 4.5827, -0.6543 -4.8773 4.6475, -0.6708 -4.875 4.6482, -0.7316 -4.8663 4.5899, -0.7222 -4.8677 4.6587, -0.7711 -4.8602 4.6031, -0.7768 -4.8593 4.6853, -0.7768 -4.8593 4.6061, -0.4697 -4.8985 5.1156, -0.4697 -4.8985 5.1804, -0.6842 -4.8732 5.1156, -0.7554 -4.8626 5.1804, -0.7554 -4.8626 4.8798, -0.9881 -4.8207 5.0864, -0.9423 -4.8299 5.1467, -1.0033 -4.8176 5.1033, -0.9706 -4.8243 5.1677, -1.0197 -4.8141 5.1143, -1.0058 -4.8171 5.1819, -1.0383 -4.8101 5.121, -1.0527 -4.807 5.1876, -1.0567 -4.8062 5.1228, -1.0576 -4.8059 5.1875, -1.0813 -4.8007 5.1197, -1.1035 -4.7956 5.1812, -1.1008 -4.7962 5.1115, -1.1392 -4.7873 5.1665, -1.1157 -4.7928 5.1006, -1.169 -4.7801 5.1445, -1.1321 -4.7889 5.0813, -1.1936 -4.774 5.1158, -1.1487 -4.785 5.0485, -1.2191 -4.7675 5.0674, -1.1646 -4.7811 4.9855, -1.2406 -4.762 4.9861, -1.172 -4.7793 4.8773, -1.2488 -4.7599 4.8737, -1.1647 -4.7811 4.7748, -1.2423 -4.7615 4.7787, -1.1488 -4.785 4.7163, -1.222 -4.7668 4.6986, -1.1321 -4.789 4.6852, -1.1981 -4.7729 4.6526, -1.1733 -4.779 4.6233, -1.1155 -4.7928 4.6671, -1.1466 -4.7855 4.6031, -1.098 -4.7969 4.6559, -1.1124 -4.7936 4.5887, -1.0783 -4.8013 4.6493, -1.0657 -4.8042 4.5827, -1.0589 -4.8057 4.6475, -1.0529 -4.807 4.5832, -1.0354 -4.8108 4.6503, -1.0158 -4.815 4.5892, -1.0165 -4.8148 4.658, -0.9817 -4.822 4.603, -1.0021 -4.8178 4.6683, -0.9515 -4.8281 4.6248, -0.9862 -4.8211 4.6864, -0.9256 -4.8331 4.6542, -0.9701 -4.8244 4.717, -0.8994 -4.8381 4.7018, -0.9545 -4.8275 4.7757, -0.8776 -4.8421 4.7789, -0.9469 -4.829 4.8811, -0.8691 -4.8436 4.8876, -0.9543 -4.8275 4.99, -0.8753 -4.8425 4.9873, -0.9701 -4.8244 5.052, -0.8956 -4.8388 5.0722, -0.9192 -4.8343 5.1188, -1.5251 -4.6786 4.6547, -1.6546 -4.6344 4.6547, -1.6546 -4.6344 4.5899, -1.6546 -4.6344 5.13, -1.6546 -4.6344 5.058, -1.4705 -4.6958 5.1835, -1.5251 -4.6786 5.0976, -1.3322 -4.7372 4.5899, -1.3322 -4.7372 4.6547, -1.4697 -4.6933 4.5899, -1.4565 -4.7005 4.6547, -1.4565 -4.7005 5.1876, 1.156 -4.7833 7.3098, 1.053 -4.807 7.3098, 0.9485 -4.8285 6.7745, 0.9123 -4.8357 6.9161, 0.8949 -4.8389 6.8393, 0.732 -4.8662 7.3098, 0.6274 -4.8808 7.3098, 0.8722 -4.8431 6.9181, 0.8282 -4.8506 6.7745, 0.8924 -4.8394 6.8393, 0.8363 -4.8494 6.7529, 0.9402 -4.8304 6.7529, -0.1382 -4.919 7.3098, -0.1871 -4.9174 7.3098, -0.1382 -4.9184 7.1524, 0.5382 -4.8908 7.0692, 0.6083 -4.8832 7.3098, 0.5383 -4.8915 7.3098, 0.5129 -4.8942 7.3098, 0.4064 -4.9042 6.8998, 0.4523 -4.9 6.7745, 0.3976 -4.9049 6.8489, 0.4461 -4.9007 6.7529, 0.393 -4.9053 6.8489, 0.2641 -4.9139 7.3098, 0.2275 -4.9157 7.1415, 0.3846 -4.9059 6.8998, 0.3345 -4.9095 6.7745, 0.3408 -4.9092 6.7529, 0.1682 -4.9181 7.3098, 0.0527 -4.9207 6.901, 0.0886 -4.9201 6.7745, 0.2044 -4.9167 7.1425, 0.2113 -4.9164 7.1729, 0.2113 -4.9162 7.3098, 0.2163 -4.9162 7.1946, 0.2182 -4.9161 7.1946, -0.0209 -4.9208 6.7745, -0.0143 -4.9209 6.7529, 0.0818 -4.9203 6.7529, 0.0434 -4.9208 6.8489, 0.0338 -4.9209 6.8489, 0.0264 -4.9209 6.8995, -0.0815 -4.9203 7.3098
            ]
        }
        coordIndex [
            0,1,2,-1,2,1,3,-1,2,3,4,-1,4,3,5,-1,4,5,6,-1,6,5,7,-1,6,7,8,-1,8,7,9,-1,8,9,10,-1,10,9,11,-1,10,11,12,-1,12,11,13,-1,13,11,14,-1,13,14,15,-1,15,14,16,-1,15,16,17,-1,16,18,17,-1,17,18,19,-1,17,19,20,-1,20,19,21,-1,20,21,22,-1,22,21,23,-1,22,23,24,-1,24,23,25,-1,25,23,26,-1,25,26,27,-1,27,26,28,-1,27,28,29,-1,28,30,29,-1,29,30,31,-1,29,31,32,-1,32,31,33,-1,32,33,34,-1,34,33,35,-1,34,35,36,-1,37,38,39,-1,39,38,40,-1,39,40,0,-1,0,40,41,-1,0,41,1,-1,42,43,44,-1,44,43,45,-1,44,45,46,-1,46,45,47,-1,46,47,48,-1,48,47,49,-1,48,49,50,-1,50,49,51,-1,50,51,52,-1,52,51,53,-1,52,53,54,-1,54,53,55,-1,54,55,56,-1,56,55,57,-1,56,57,58,-1,58,57,59,-1,58,59,60,-1,60,59,61,-1,60,61,62,-1,62,61,63,-1,62,63,64,-1,64,63,65,-1,64,65,66,-1,66,65,67,-1,66,67,68,-1,68,67,69,-1,68,69,70,-1,69,71,70,-1,70,71,72,-1,70,72,73,-1,73,72,74,-1,73,74,75,-1,75,74,76,-1,75,76,77,-1,77,76,78,-1,77,78,79,-1,79,78,80,-1,79,80,81,-1,81,80,82,-1,81,82,83,-1,83,82,84,-1,83,84,85,-1,85,84,86,-1,85,86,87,-1,87,86,88,-1,87,88,89,-1,89,88,90,-1,89,90,91,-1,91,90,92,-1,91,92,93,-1,93,92,94,-1,93,94,95,-1,95,94,96,-1,95,96,97,-1,97,96,98,-1,97,98,42,-1,42,98,99,-1,42,99,43,-1,100,101,102,-1,103,104,105,-1,105,104,106,-1,107,108,109,-1,109,108,110,-1,102,109,100,-1,100,109,110,-1,100,110,106,-1,106,110,111,-1,106,111,105,-1,112,113,114,-1,114,113,115,-1,114,115,116,-1,117,118,119,-1,119,118,120,-1,119,120,121,-1,121,120,122,-1,121,122,116,-1,116,122,123,-1,116,123,114,-1,124,125,126,-1,127,128,129,-1,129,130,127,-1,127,130,131,-1,127,131,132,-1,132,131,133,-1,132,133,134,-1,134,133,135,-1,136,137,138,-1,138,137,139,-1,138,139,135,-1,135,139,140,-1,135,140,134,-1,141,142,143,-1,143,144,141,-1,141,144,145,-1,141,145,146,-1,146,145,147,-1,146,147,136,-1,136,147,148,-1,136,148,137,-1,149,150,143,-1,143,150,151,-1,142,152,143,-1,143,152,153,-1,143,153,149,-1,149,153,154,-1,149,154,126,-1,126,154,155,-1,126,155,124,-1,
        ]
    }
}
Shape{
    appearance Appearance {
        material  Material {
            diffuseColor 0.054901960784313725 0.054901960784313725 0.054901960784313725
            specularColor 0.047058823529411764 0.047058823529411764 0.047058823529411764
            ambientIntensity 0.0549
            transparency 0.0
            shininess 0.5
        }
    }
    geometry IndexedFaceSet {
        ccw TRUE
        solid FALSE
        coord DEF co Coordinate {
            point [
                -0.6146 -4.8824 6.9215, -0.5919 -4.8852 6.88, -0.5653 -4.8884 6.9206, -0.5187 -4.8935 6.8322, -0.4924 -4.8963 6.8297, -0.5693 -4.8879 6.8559, -0.5455 -4.8906 6.8409, -0.4594 -4.8995 6.8338, -0.4348 -4.9017 6.8437, -0.4153 -4.9034 6.8574, -0.3937 -4.9052 6.8816, -0.3719 -4.9069 6.9224, -0.3507 -4.9084 7.0007, -0.6145 -4.8824 7.3644, -0.636 -4.8797 7.281, -0.3696 -4.9071 7.363, -0.5919 -4.8852 7.4081, -0.4315 -4.902 7.448, -0.4567 -4.8997 7.459, -0.4894 -4.8966 7.4635, -0.3907 -4.9054 7.4069, -0.4122 -4.9037 7.4332, -0.5494 -4.8902 7.4485, -0.5241 -4.893 7.459, -0.5696 -4.8879 7.4339, -0.6381 -4.8794 7.0115, -0.6461 -4.8783 7.1361, -0.3407 -4.9092 7.1263, -0.6459 -4.8784 7.1574, -0.3405 -4.9092 7.1412, -0.3481 -4.9086 7.2712
            ]
        }
        coordIndex [
            0,1,2,-1,3,4,2,-1,1,5,2,-1,2,5,6,-1,2,6,3,-1,4,7,2,-1,2,7,8,-1,2,8,9,-1,9,10,2,-1,2,10,11,-1,2,11,12,-1,13,14,15,-1,13,15,16,-1,17,18,19,-1,20,21,22,-1,22,21,17,-1,22,17,23,-1,23,17,19,-1,20,22,15,-1,15,22,24,-1,15,24,16,-1,0,2,25,-1,25,2,12,-1,25,12,26,-1,26,12,27,-1,26,27,28,-1,28,27,29,-1,28,29,14,-1,14,29,30,-1,14,30,15,-1,
        ]
    }
}
Shape{
    appearance Appearance {
        material  Material {
            diffuseColor 1.0 1.0 1.0
            specularColor 0.8784313725490196 0.8784313725490196 0.8784313725490196
            ambientIntensity 1.0
            transparency 0.0
            shininess 0.5
        }
    }
    geometry IndexedFaceSet {
        ccw TRUE
        solid FALSE
        coord DEF co Coordinate {
            point [
                -2.0087 -4.4923 4.6403, -1.956 -4.5155 4.6403, -2.0087 -4.4923 4.8059, -1.956 -4.5155 4.8059, -1.956 -4.5155 5.0292, -2.0087 -4.4923 5.0292, -1.956 -4.5155 4.8635, -2.0087 -4.4923 4.8635, -2.1588 -4.4221 4.8635, -2.1588 -4.4221 4.8059, -2.1013 -4.4497 4.8635, -2.101 -4.4491 4.8059, -1.8029 -4.5788 4.8635, -1.8029 -4.5788 4.8059
            ]
        }
        coordIndex [
            0,1,2,-1,2,1,3,-1,4,5,6,-1,6,5,7,-1,8,9,10,-1,10,9,11,-1,10,11,7,-1,7,11,2,-1,7,2,6,-1,6,2,3,-1,6,3,12,-1,12,3,13,-1,
        ]
    }
}
Shape{
    appearance Appearance {
        material  Material {
            diffuseColor 0.054901960784313725 0.054901960784313725 0.054901960784313725
            specularColor 0.047058823529411764 0.047058823529411764 0.047058823529411764
            ambientIntensity 0.0549
            transparency 0.0
            shininess 0.5
        }
    }
    geometry IndexedFaceSet {
        ccw TRUE
        solid FALSE
        coord DEF co Coordinate {
            point [
                -1.2087 -4.7702 6.9215, -1.1864 -4.7758 6.88, -1.1605 -4.7822 6.9206, -1.1149 -4.793 6.8322, -1.089 -4.7989 6.8297, -1.1643 -4.7812 6.8559, -1.1411 -4.7868 6.8409, -1.0568 -4.8061 6.8338, -1.0326 -4.8114 6.8437, -1.0134 -4.8155 6.8574, -0.9922 -4.8199 6.8816, -0.9708 -4.8242 6.9224, -0.95 -4.8284 7.0007, -1.2086 -4.7702 7.3644, -1.2296 -4.7648 7.281, -0.9685 -4.8247 7.363, -1.1865 -4.7758 7.4081, -1.0293 -4.8121 7.448, -1.054 -4.8067 7.459, -1.0861 -4.7996 7.4635, -0.9893 -4.8205 7.4069, -1.0104 -4.8161 7.4332, -1.1449 -4.7859 7.4485, -1.1202 -4.7918 7.459, -1.1647 -4.7811 7.4339, -1.2316 -4.7643 7.0115, -1.2395 -4.7623 7.1361, -0.9401 -4.8303 7.1263, -1.2392 -4.7623 7.1574, -0.9399 -4.8304 7.1412, -0.9474 -4.8289 7.2712
            ]
        }
        coordIndex [
            0,1,2,-1,3,4,2,-1,1,5,2,-1,2,5,6,-1,2,6,3,-1,4,7,2,-1,2,7,8,-1,2,8,9,-1,9,10,2,-1,2,10,11,-1,2,11,12,-1,13,14,15,-1,13,15,16,-1,17,18,19,-1,20,21,22,-1,22,21,17,-1,22,17,23,-1,23,17,19,-1,20,22,15,-1,15,22,24,-1,15,24,16,-1,0,2,25,-1,25,2,12,-1,25,12,26,-1,26,12,27,-1,26,27,28,-1,28,27,29,-1,28,29,14,-1,14,29,30,-1,14,30,15,-1,
        ]
    }
}
Shape{
    appearance Appearance {
        material  Material {
            diffuseColor 1.0 1.0 1.0
            specularColor 0.8784313725490196 0.8784313725490196 0.8784313725490196
            ambientIntensity 1.0
            transparency 0.0
            shininess 0.5
        }
    }
    geometry IndexedFaceSet {
        ccw TRUE
        solid FALSE
        coord DEF co Coordinate {
            point [
                -0.5693 -4.8879 6.8559, -0.6122 -4.8827 6.7709, -0.5455 -4.8906 6.8409, -0.5693 -4.8879 6.7525, -0.5187 -4.8935 6.8322, -0.5016 -4.8953 6.7433, -0.4924 -4.8963 6.8297, -0.4842 -4.8971 6.744, -0.4594 -4.8995 6.8338, -0.4338 -4.9018 6.752, -0.4348 -4.9017 6.8437, -0.5919 -4.8852 6.88, -0.6479 -4.8781 6.7974, -0.6169 -4.8821 6.7745, -0.4894 -4.8966 7.4635, -0.5063 -4.8948 7.549, -0.5241 -4.893 7.459, -0.5612 -4.8888 7.539, -0.5494 -4.8902 7.4485, -0.6069 -4.8834 7.5187, -0.5696 -4.8879 7.4339, -0.6495 -4.8779 7.4854, -0.5919 -4.8852 7.4081, -0.6857 -4.8729 7.4389, -0.6145 -4.8824 7.3644, -0.7167 -4.8685 7.3727, -0.636 -4.8797 7.281, -0.742 -4.8647 7.2659, -0.6459 -4.8784 7.1574, -0.7507 -4.8634 7.1313, -0.6461 -4.8783 7.1361, -0.7503 -4.8634 7.1102, -0.6381 -4.8794 7.0115, -0.74 -4.865 6.9928, -0.6146 -4.8824 6.9215, -0.7142 -4.8688 6.8979, -0.6817 -4.8735 6.8367, -0.3875 -4.9057 6.7704, -0.3818 -4.9061 6.7745, -0.4153 -4.9034 6.8574, -0.3466 -4.9087 6.7995, -0.3937 -4.9052 6.8816, -0.3101 -4.9112 6.8408, -0.3719 -4.9069 6.9224, -0.2706 -4.9135 6.9155, -0.3507 -4.9084 7.0007, -0.2441 -4.9149 7.02, -0.3407 -4.9092 7.1263, -0.235 -4.9153 7.1499, -0.3405 -4.9092 7.1412, -0.2354 -4.9153 7.1736, -0.3481 -4.9086 7.2712, -0.2457 -4.9148 7.2979, -0.3696 -4.9071 7.363, -0.2709 -4.9135 7.3959, -0.3907 -4.9054 7.4069, -0.3029 -4.9116 7.4581, -0.4122 -4.9037 7.4332, -0.3342 -4.9096 7.4953, -0.4315 -4.902 7.448, -0.37 -4.907 7.522, -0.4567 -4.8997 7.459, -0.4132 -4.9036 7.5403, -0.484 -4.8971 7.5499, -1.4243 -4.7103 6.9449, -1.4243 -4.7103 7.0314, -1.4705 -4.6958 6.9449, -1.4706 -4.6961 7.0314, -1.516 -4.6816 6.9449, -1.516 -4.6816 7.0314, -1.607 -4.6511 6.9449, -1.607 -4.6511 7.0314, -1.9472 -4.5193 6.9449, -1.8528 -4.5588 7.0314, -1.9472 -4.5193 7.0171, -1.6454 -4.6377 7.5072, -1.6352 -4.6413 7.3835, -1.607 -4.6511 7.4443, -1.6248 -4.645 7.5403, -1.6052 -4.6518 7.4443, -1.516 -4.6816 7.5403, -1.607 -4.6511 7.3629, -1.516 -4.6816 6.7745, -1.607 -4.6511 6.7745, -1.516 -4.6816 6.7529, -1.607 -4.6511 6.7529, -1.1643 -4.7812 6.8559, -1.2063 -4.7708 6.7709, -1.1411 -4.7868 6.8409, -1.1644 -4.7812 6.7525, -1.1149 -4.793 6.8322, -1.0981 -4.7969 6.7433, -1.089 -4.7989 6.8297, -1.0811 -4.8007 6.744, -1.0568 -4.8061 6.8338, -1.0316 -4.8116 6.752, -1.0326 -4.8114 6.8437, -1.1864 -4.7758 6.88, -1.2412 -4.7618 6.7974, -1.2109 -4.7696 6.7745, -1.0861 -4.7996 7.4635, -1.1027 -4.7958 7.549, -1.1202 -4.7918 7.459, -1.1565 -4.7831 7.539, -1.1449 -4.7859 7.4485, -1.2011 -4.7721 7.5187, -1.1647 -4.7811 7.4339, -1.2427 -4.7614 7.4854, -1.1865 -4.7758 7.4081, -1.278 -4.7521 7.4389, -1.2086 -4.7702 7.3644, -1.3083 -4.7438 7.3727, -1.2296 -4.7648 7.281, -1.3329 -4.737 7.2659, -1.2392 -4.7623 7.1574, -1.3414 -4.7346 7.1313, -1.2395 -4.7623 7.1361, -1.341 -4.7347 7.1102, -1.2316 -4.7643 7.0115, -1.331 -4.7375 6.9928, -1.2087 -4.7702 6.9215, -1.3059 -4.7445 6.8979, -1.2742 -4.7531 6.8367, -0.9862 -4.8211 6.7704, -0.9806 -4.8222 6.7745, -1.0134 -4.8155 6.8574, -0.9459 -4.8292 6.7995, -0.9922 -4.8199 6.8816, -0.9099 -4.8361 6.8408, -0.9708 -4.8242 6.9224, -0.8711 -4.8432 6.9155, -0.95 -4.8284 7.0007, -0.8449 -4.8479 7.02, -0.9401 -4.8303 7.1263, -0.836 -4.8494 7.1499, -0.9399 -4.8304 7.1412, -0.8364 -4.8493 7.1736, -0.9474 -4.8289 7.2712, -0.8465 -4.8476 7.2979, -0.9685 -4.8247 7.363, -0.8714 -4.8432 7.3959, -0.9893 -4.8205 7.4069, -0.9029 -4.8374 7.4581, -1.0104 -4.8161 7.4332, -0.9337 -4.8316 7.4953, -1.0293 -4.8121 7.448, -0.9689 -4.8246 7.522, -1.054 -4.8067 7.459, -1.0114 -4.8159 7.5403, -1.0808 -4.8008 7.5499
            ]
        }
        coordIndex [
            0,1,2,-1,2,1,3,-1,2,3,4,-1,4,3,5,-1,4,5,6,-1,6,5,7,-1,6,7,8,-1,8,7,9,-1,8,9,10,-1,11,12,0,-1,0,12,13,-1,0,13,1,-1,14,15,16,-1,16,15,17,-1,16,17,18,-1,18,17,19,-1,18,19,20,-1,20,19,21,-1,20,21,22,-1,22,21,23,-1,22,23,24,-1,24,23,25,-1,24,25,26,-1,26,25,27,-1,26,27,28,-1,28,27,29,-1,28,29,30,-1,30,29,31,-1,30,31,32,-1,32,31,33,-1,32,33,34,-1,34,33,35,-1,34,35,11,-1,11,35,36,-1,11,36,12,-1,9,37,10,-1,10,37,38,-1,10,38,39,-1,39,38,40,-1,39,40,41,-1,41,40,42,-1,41,42,43,-1,43,42,44,-1,43,44,45,-1,45,44,46,-1,45,46,47,-1,47,46,48,-1,47,48,49,-1,49,48,50,-1,49,50,51,-1,51,50,52,-1,51,52,53,-1,53,52,54,-1,53,54,55,-1,55,54,56,-1,55,56,57,-1,57,56,58,-1,57,58,59,-1,59,58,60,-1,59,60,61,-1,61,60,62,-1,61,62,14,-1,14,62,63,-1,14,63,15,-1,64,65,66,-1,66,65,67,-1,66,67,68,-1,68,67,69,-1,70,71,72,-1,72,71,73,-1,72,73,74,-1,74,73,75,-1,73,76,75,-1,75,76,77,-1,75,77,78,-1,78,77,79,-1,78,79,80,-1,80,79,81,-1,80,81,69,-1,69,81,71,-1,69,71,68,-1,68,71,70,-1,68,70,82,-1,82,70,83,-1,82,83,84,-1,84,83,85,-1,86,87,88,-1,88,87,89,-1,88,89,90,-1,90,89,91,-1,90,91,92,-1,92,91,93,-1,92,93,94,-1,94,93,95,-1,94,95,96,-1,97,98,86,-1,86,98,99,-1,86,99,87,-1,100,101,102,-1,102,101,103,-1,102,103,104,-1,104,103,105,-1,104,105,106,-1,106,105,107,-1,106,107,108,-1,108,107,109,-1,108,109,110,-1,110,109,111,-1,110,111,112,-1,112,111,113,-1,112,113,114,-1,114,113,115,-1,114,115,116,-1,116,115,117,-1,116,117,118,-1,118,117,119,-1,118,119,120,-1,120,119,121,-1,120,121,97,-1,97,121,122,-1,97,122,98,-1,95,123,96,-1,96,123,124,-1,96,124,125,-1,125,124,126,-1,125,126,127,-1,127,126,128,-1,127,128,129,-1,129,128,130,-1,129,130,131,-1,131,130,132,-1,131,132,133,-1,133,132,134,-1,133,134,135,-1,135,134,136,-1,135,136,137,-1,137,136,138,-1,137,138,139,-1,139,138,140,-1,139,140,141,-1,141,140,142,-1,141,142,143,-1,143,142,144,-1,143,144,145,-1,145,144,146,-1,145,146,147,-1,147,146,148,-1,147,148,100,-1,100,148,149,-1,100,149,101,-1,
        ]
    }
}
Shape{
    appearance Appearance {
        material  Material {
            diffuseColor 0.054901960784313725 0.054901960784313725 0.054901960784313725
            specularColor 0.047058823529411764 0.047058823529411764 0.047058823529411764
            ambientIntensity 0.0549
            transparency 0.0
            shininess 0.5
        }
    }
    geometry IndexedFaceSet {
        ccw TRUE
        solid FALSE
        coord DEF co Coordinate {
            point [
                -1.8528 -4.5588 7.0314, -1.607 -4.6511 7.0314, -1.6352 -4.6413 7.3835, -1.607 -4.6511 7.3629, -1.607 -4.6511 7.4443, -1.6052 -4.6518 7.4443, 3.3249 3.6286 1.018, 3.3249 3.6286 0.7874, 3.0674 3.8487 1.018, 2.9586 3.933 0.7874, 2.7954 4.0506 1.018, 2.7923 4.046 0.7874, 2.5102 4.2333 1.018, 2.5646 4.2006 0.7874, 2.2131 4.3959 1.018, 2.2116 4.3933 0.7874, 2.1466 4.4288 0.7874, 1.9055 4.5378 1.018, 1.7085 4.6155 0.7874, 1.5888 4.6581 1.018, 1.5875 4.6538 0.7874, 1.2646 4.7563 1.018, 1.2544 4.759 0.7874, 0.9345 4.832 1.018, 0.9335 4.8272 0.7874, 0.5999 4.8849 1.018, 0.7886 4.858 0.7874, 0.2625 4.9146 1.018, 0.3153 4.9114 0.7874, 0.2624 4.9123 0.7874, -0.0762 4.921 1.018, -0.1609 4.9189 0.7874, -0.4145 4.9041 1.018, -0.414 4.8983 0.7874, -0.7508 4.8639 1.018, -0.6355 4.8803 0.7874, -1.0836 4.8007 1.018, -1.0835 4.7998 0.7874, -1.1043 4.796 0.7874, -1.4113 4.7148 1.018, -1.5627 4.6668 0.7874, -1.7322 4.6065 1.018, -1.7303 4.6015 0.7874, -2.045 4.4765 1.018, -2.0064 4.4939 0.7874, -2.3481 4.3252 1.018, -2.3464 4.3219 0.7874, -2.4314 4.2789 0.7874, -2.64 4.1534 1.018, -2.8336 4.0238 0.7874, -2.9195 3.962 1.018, -2.917 3.9588 0.7874, -3.1851 3.7517 1.018, -3.2092 3.7311 0.7874, -3.4356 3.5237 1.018, -3.4319 3.5199 0.7874, -3.6698 3.279 1.018, -3.5548 3.4034 0.7874, -3.8867 3.0188 1.018, -3.8671 3.0439 0.7874, -3.8855 3.018 0.7874, -4.0851 2.7443 1.018, -4.1432 2.6558 0.7874, -4.2642 2.4568 1.018, -4.2592 2.4539 0.7874, -4.423 2.1576 1.018, -4.3805 2.2429 0.7874, -4.561 1.8483 1.018, -4.5593 1.8475 0.7874, -4.5767 1.8089 0.7874, -4.6773 1.5301 1.018, -4.7301 1.3581 0.7874, -4.7714 1.2047 1.018, -4.7665 1.2036 0.7874, -4.843 0.8737 1.018, -4.8392 0.8945 0.7874, -4.8916 0.5384 1.018, -4.8874 0.5379 0.7874, -4.917 0.2007 1.018, -4.903 0.4225 0.7874, -4.9192 -0.1381 1.018, -4.9208 -0.0534 0.7874, -4.9158 -0.1379 0.7874, -4.898 -0.4761 1.018, -4.8926 -0.5288 0.7874, -4.8536 -0.8119 1.018, -4.8482 -0.8111 0.7874, -4.7862 -1.1439 1.018, -4.8185 -0.9993 0.7874, -4.6962 -1.4705 1.018, -4.6994 -1.4603 0.7874, -4.6957 -1.4703 0.7874, -4.5839 -1.79 1.018, -4.5362 -1.9078 0.7874, -4.4499 -2.1011 1.018, -4.4448 -2.0987 0.7874, -4.2948 -2.4023 1.018, -4.3305 -2.3373 0.7874, -4.1194 -2.692 1.018, -4.1171 -2.6906 0.7874, -4.0843 -2.745 0.7874, -3.9244 -2.969 1.018, -3.7998 -3.1269 0.7874, -3.7108 -3.2319 1.018, -3.7073 -3.2288 0.7874, -3.4797 -3.4796 1.018, -3.4797 -3.4796 0.7874, -3.2321 -3.7107 1.018, -3.2289 -3.7072 0.7874, -2.9692 -3.9242 1.018, -3.127 -3.7996 0.7874, -2.6922 -4.1192 1.018, -2.7451 -4.0841 0.7874, -2.6908 -4.1169 0.7874, -2.4024 -4.2947 1.018, -2.3375 -4.3303 0.7874, -2.1013 -4.4497 1.018, -2.0988 -4.4446 0.7874, -1.7902 -4.5838 1.018, -1.9079 -4.536 0.7874, -1.4706 -4.6961 1.018, -1.4704 -4.6956 0.7874, -1.4605 -4.6992 0.7874, -1.1441 -4.7861 1.018, -0.9994 -4.8184 0.7874, -0.8121 -4.8535 1.018, -0.8112 -4.848 0.7874, -0.4763 -4.8979 1.018, -0.5289 -4.8924 0.7874, -0.1382 -4.919 1.018, -0.138 -4.9157 0.7874, -0.0535 -4.9207 0.7874, 0.2005 -4.9169 1.018, 0.4224 -4.9028 0.7874, 0.5383 -4.8915 1.018, 0.5377 -4.8872 0.7874, 0.8735 -4.8429 1.018, 0.8943 -4.839 0.7874, 1.2046 -4.7713 1.018, 1.2034 -4.7663 0.7874, 1.53 -4.6771 1.018, 1.3579 -4.73 0.7874, 1.8481 -4.5608 1.018, 1.8088 -4.5766 0.7874, 1.8473 -4.5591 0.7874, 2.1575 -4.4229 1.018, 2.2427 -4.3803 0.7874, 2.4566 -4.264 1.018, 2.4538 -4.259 0.7874, 2.7442 -4.0849 1.018, 2.6556 -4.143 0.7874, 3.0187 -3.8865 1.018, 3.0179 -3.8853 0.7874, 3.0437 -3.8669 0.7874, 3.2789 -3.6697 1.018, 3.4033 -3.5546 0.7874, 3.5236 -3.4354 1.018, 3.5198 -3.4318 0.7874, 3.7516 -3.1849 1.018, 3.731 -3.2091 0.7874, 3.9618 -2.9193 1.018, 3.9587 -2.9169 0.7874, 4.1533 -2.6399 1.018, 4.0237 -2.8334 0.7874, 4.325 -2.3479 1.018, 4.2788 -2.4312 0.7874, 4.3217 -2.3463 0.7874, 4.4763 -2.0449 1.018, 4.4938 -2.0063 0.7874, 4.6064 -1.7321 1.018, 4.6014 -1.7301 0.7874, 4.7147 -1.4111 1.018, 4.6667 -1.5625 0.7874, 4.8006 -1.0835 1.018, 4.7959 -1.1041 0.7874, 4.7996 -1.0833 0.7874, 4.8638 -0.7507 1.018, 4.8802 -0.6354 0.7874, 4.9039 -0.4144 1.018, 4.8982 -0.4139 0.7874, 4.9208 -0.0761 1.018, 4.9188 -0.1607 0.7874, 4.9144 0.2626 1.018, 4.9121 0.2626 0.7874, 4.9113 0.3155 0.7874, 4.8847 0.6 1.018, 4.8578 0.7887 0.7874, 4.8319 0.9346 1.018, 4.8271 0.9336 0.7874, 4.7562 1.2648 1.018, 4.7589 1.2546 0.7874, 4.6579 1.589 1.018, 4.6536 1.5876 0.7874, 4.5376 1.9056 1.018, 4.6154 1.7087 0.7874, 4.3958 2.2132 1.018, 4.4286 2.1468 0.7874, 4.3931 2.2118 0.7874, 4.2332 2.5103 1.018, 4.2004 2.5648 0.7874, 4.0505 2.7956 1.018, 4.0458 2.7924 0.7874, 3.8486 3.0676 1.018, 3.9329 2.9588 0.7874, 3.6285 3.325 1.018, 3.6285 3.325 0.7874, 4.189 2.5578 0.6855, 4.7459 1.2511 0.6855, 4.9054 -0.1603 0.6855, 4.7828 -1.1011 0.6855, 4.4815 -2.0008 0.6855, 3.7208 -3.2003 0.6855, 2.6484 -4.1317 0.6855, 2.2366 -4.3684 0.6855, 1.8039 -4.5641 0.6855, 0.8919 -4.8259 0.6855, -0.5275 -4.8791 0.6855, -1.9027 -4.5237 0.6855, -2.3311 -4.3185 0.6855, -3.4702 -3.4701 0.6855, -4.3187 -2.3309 0.6855, -4.6865 -1.4564 0.6855, -4.8792 -0.5274 0.6855, -4.826 0.892 0.6855, -4.3685 2.2368 0.6855, -3.8565 3.0356 0.6855, -3.2005 3.7209 0.6855, -2.0009 4.4817 0.6855, -0.6338 4.867 0.6855, -0.1604 4.9055 0.6855, 0.3145 4.8981 0.6855, 1.251 4.7461 0.6855, 2.5576 4.1891 0.6855, 4.1609 1.7719 0.3937, 4.0744 1.975 0.3937, 4.166 2.0195 0.4071, 4.296 1.4143 0.3937, 4.2462 1.572 0.3937, 4.3417 1.6074 0.4071, 0.9761 -4.4158 0.3937, 1.2493 -4.3515 0.3937, 1.2774 -4.4495 0.4071, 0.7508 -4.4616 0.3937, 0.8228 -4.4519 0.3937, 0.8413 -4.5521 0.4071, -4.4415 -0.8658 0.3937, -4.433 -0.9193 0.3937, -4.5328 -0.94 0.4071, -4.2956 1.4143 0.3937, -4.3517 1.2494 0.3937, -4.4496 1.2776 0.4071, -1.0721 4.3965 0.3937, -1.4376 4.2935 0.3937, -1.47 4.3901 0.4071, -0.6574 4.4769 0.3937, -1.0159 4.4124 0.3937, -1.0388 4.5117 0.4071, -0.17 4.5236 0.3937, -0.5847 4.4899 0.3937, -0.5979 4.591 0.4071, 0.2333 4.5194 0.3937, -0.148 4.5254 0.3937, -0.1513 4.6273 0.4071, 0.7508 4.464 0.3937, 0.7255 4.4694 0.3937, 0.7418 4.57 0.4071, 0.9761 4.4161 0.3937, -4.03 2.0635 0.3937, -4.1618 1.7719 0.3937, -4.3053 1.7017 0.4071, -4.2106 1.6642 0.3937, -1.3436 -4.3233 0.3937, -1.0721 -4.3934 0.3937, -0.9401 -4.5327 0.4071, -0.9194 -4.4329 0.3937, -0.6574 -4.4741 0.3937, -0.4976 -4.6023 0.4071, -0.4866 -4.501 0.3937, -0.17 -4.5198 0.3937, -0.0503 -4.6289 0.4071, -0.0492 -4.527 0.3937, 0.2333 -4.5164 0.3937, 0.3973 -4.6121 0.4071, 0.3886 -4.5106 0.3937, 4.3782 1.1542 0.3937, 2.7219 3.6184 0.3937, 2.3595 3.8645 0.3937, 2.7832 3.6998 0.4071, 2.4126 3.9515 0.4071, 2.8403 3.7757 0.4464, 2.4621 4.0325 0.4464, 2.8893 3.8409 0.509, 2.5045 4.1021 0.509, 2.9269 3.8909 0.5906, 2.5371 4.1555 0.5906, 2.9506 3.9223 0.6855, 1.5718 4.2463 0.3937, 1.1541 4.3783 0.3937, 1.6072 4.3419 0.4071, 1.18 4.4769 0.4071, 1.6402 4.4309 0.4464, 1.2042 4.5687 0.4464, 1.6685 4.5074 0.509, 1.225 4.6475 0.509, 1.6902 4.566 0.5906, 1.241 4.708 0.5906, 1.7039 4.6029 0.6855, -1.8459 4.1344 0.3937, -1.8874 4.2275 0.4071, -1.5001 4.4802 0.4464, -1.9261 4.3142 0.4464, -1.526 4.5575 0.509, -1.9594 4.3886 0.509, -1.5459 4.6168 0.5906, -1.9849 4.4457 0.5906, -1.5584 4.6541 0.6855, -2.6069 3.702 0.3937, -2.9525 3.4326 0.3937, -2.6655 3.7853 0.4071, -3.0189 3.5099 0.4071, -2.7202 3.8629 0.4464, -3.0808 3.5819 0.4464, -2.7672 3.9296 0.509, -3.134 3.6437 0.509, -2.8032 3.9807 0.5906, -3.1748 3.6911 0.5906, -2.8258 4.0129 0.6855, -3.8975 2.4983 0.4071, -4.1207 2.1099 0.4071, -3.9774 2.5496 0.4464, -4.2052 2.1532 0.4464, -4.0461 2.5936 0.509, -4.2778 2.1903 0.509, -4.0988 2.6273 0.5906, -4.3335 2.2188 0.5906, -4.1319 2.6486 0.6855, -4.452 0.8229 0.3937, -4.5522 0.8415 0.4071, -4.5409 1.3038 0.4464, -4.6456 0.8587 0.4464, -4.6193 1.3263 0.509, -4.7258 0.8735 0.509, -4.6794 1.3435 0.5906, -4.7873 0.8849 0.5906, -4.7172 1.3544 0.6855, -4.5271 -0.0491 0.3937, -4.5012 -0.4865 0.3937, -4.629 -0.0502 0.4071, -4.6025 -0.4974 0.4071, -4.724 -0.0512 0.4464, -4.6969 -0.5076 0.4464, -4.8055 -0.0521 0.509, -4.7779 -0.5164 0.509, -4.8681 -0.0528 0.5906, -4.8401 -0.5231 0.5906, -4.9074 -0.0532 0.6855, -4.1733 -1.7551 0.3937, -3.984 -2.1503 0.3937, -4.2672 -1.7946 0.4071, -4.0737 -2.1987 0.4071, -4.3547 -1.8314 0.4464, -4.1573 -2.2438 0.4464, -4.4299 -1.8631 0.509, -4.229 -2.2825 0.509, -4.4875 -1.8873 0.5906, -4.2841 -2.3123 0.5906, -4.5238 -1.9026 0.6855, -3.5745 -2.9415 0.4071, -3.2734 -3.2732 0.4071, -3.6478 -3.0018 0.4464, -3.3405 -3.3404 0.4464, -3.7107 -3.0536 0.509, -3.3982 -3.398 0.509, -3.759 -3.0934 0.5906, -3.4424 -3.4423 0.5906, -3.7894 -3.1184 0.6855, -2.5823 -3.8419 0.4071, -2.1988 -4.0736 0.4071, -2.6353 -3.9207 0.4464, -2.2439 -4.1571 0.4464, -2.6808 -3.9884 0.509, -2.2827 -4.2289 0.509, -2.7157 -4.0403 0.5906, -2.3124 -4.2839 0.5906, -2.7376 -4.073 0.6855, -0.9594 -4.6256 0.4464, -0.5078 -4.6967 0.4464, -0.976 -4.7055 0.509, -0.5165 -4.7778 0.509, -0.9887 -4.7667 0.5906, -0.5233 -4.84 0.5906, -0.9967 -4.8053 0.6855, 0.4055 -4.7067 0.4464, 0.8586 -4.6455 0.4464, 0.4125 -4.7879 0.509, 0.8734 -4.7257 0.509, 0.4179 -4.8503 0.5906, 0.8848 -4.7872 0.5906, 0.4212 -4.8895 0.6855, 3.131 -3.2703 0.3937, 3.4325 -2.9523 0.3937, 3.2015 -3.3439 0.4071, 3.5097 -3.0188 0.4071, 3.2671 -3.4125 0.4464, 3.5817 -3.0807 0.4464, 3.3235 -3.4714 0.509, 3.6435 -3.1339 0.509, 3.3668 -3.5165 0.5906, 3.691 -3.1747 0.5906, 3.394 -3.545 0.6855, 3.9365 -2.2367 0.3937, 4.1343 -1.8457 0.3937, 4.0251 -2.287 0.4071, 4.2273 -1.8873 0.4071, 4.1076 -2.334 0.4464, 4.314 -1.926 0.4464, 4.1785 -2.3742 0.509, 4.3885 -1.9593 0.509, 4.2329 -2.4052 0.5906, 4.4456 -1.9848 0.5906, 4.2671 -2.4246 0.6855, 4.5908 -0.5977 0.4071, 4.6271 -0.1512 0.4071, 4.685 -0.61 0.4464, 4.722 -0.1543 0.4464, 4.7658 -0.6205 0.509, 4.8035 -0.157 0.509, 4.8279 -0.6286 0.5906, 4.8661 -0.159 0.5906, 4.8669 -0.6337 0.6855, 4.5698 0.742 0.4071, 4.4767 1.1802 0.4071, 4.6635 0.7572 0.4464, 4.5685 1.2044 0.4464, 4.744 0.7702 0.509, 4.6474 1.2252 0.509, 4.8058 0.7802 0.5906, 4.7079 1.2411 0.5906, 4.8446 0.7865 0.6855, 3.8644 2.3596 0.3937, 3.9514 2.4127 0.4071, 4.2515 2.0609 0.4464, 4.0324 2.4622 0.4464, 4.3249 2.0965 0.509, 4.102 2.5047 0.509, 4.3812 2.1238 0.5906, 4.1554 2.5373 0.5906, 4.4166 2.1409 0.6855, 3.0589 3.3384 0.3937, 3.1278 3.4135 0.4071, 3.1919 3.4835 0.4464, 3.247 3.5436 0.509, 3.2893 3.5897 0.5906, 3.3158 3.6187 0.6855, 2.1408 4.4167 0.6855, 2.1236 4.3813 0.5906, 2.0963 4.325 0.509, 2.0608 4.2516 0.4464, 2.0194 4.1662 0.4071, 1.9749 4.0745 0.3937, 0.7864 4.8447 0.6855, 0.7801 4.8059 0.5906, 0.7701 4.7442 0.509, 0.757 4.6637 0.4464, 0.2901 4.5186 0.3937, 0.2966 4.6202 0.4071, 0.3027 4.715 0.4464, 0.3079 4.7964 0.509, 0.3119 4.8588 0.5906, -0.1591 4.8662 0.5906, -0.1571 4.8037 0.509, -0.1544 4.7222 0.4464, -0.6287 4.828 0.5906, -0.6207 4.766 0.509, -0.6101 4.6851 0.4464, -1.1013 4.783 0.6855, -1.0924 4.7446 0.5906, -1.0784 4.6837 0.509, -1.0601 4.6042 0.4464, -2.4247 4.2672 0.6855, -2.4053 4.233 0.5906, -2.3744 4.1787 0.509, -2.3341 4.1078 0.4464, -2.2872 4.0252 0.4071, -2.2368 3.9366 0.3937, -3.5451 3.3941 0.6855, -3.5167 3.3669 0.5906, -3.4715 3.3237 0.509, -3.4126 3.2673 0.4464, -3.344 3.2016 0.4071, -3.2704 3.1312 0.3937, -3.5577 2.8004 0.3937, -3.6378 2.8634 0.4071, -3.7124 2.9221 0.4464, -3.7765 2.9725 0.509, -3.8256 3.0112 0.5906, -3.6416 2.6825 0.3937, -4.5642 1.804 0.6855, -4.5277 1.7895 0.5906, -4.4695 1.7666 0.509, -4.3936 1.7366 0.4464, -3.8117 2.4434 0.3937, -4.8896 0.4214 0.6855, -4.8504 0.418 0.5906, -4.7881 0.4126 0.509, -4.7068 0.4056 0.4464, -4.6122 0.3975 0.4071, -4.5107 0.3887 0.3937, -4.8054 -0.9965 0.6855, -4.7669 -0.9885 0.5906, -4.7056 -0.9758 0.509, -4.6258 -0.9593 0.4464, -4.3234 -1.3435 0.3937, -4.4207 -1.3737 0.4071, -4.5114 -1.4019 0.4464, -4.5892 -1.4261 0.509, -4.649 -1.4447 0.5906, -4.0731 -2.7375 0.6855, -4.0405 -2.7155 0.5906, -3.9886 -2.6806 0.509, -3.9209 -2.6352 0.4464, -3.8421 -2.5822 0.4071, -3.7575 -2.5253 0.3937, -3.6416 -2.681 0.3937, -3.1185 -3.7893 0.6855, -3.0935 -3.7589 0.5906, -3.0538 -3.7106 0.509, -3.002 -3.6476 0.4464, -2.9416 -3.5743 0.4071, -1.8875 -4.4874 0.5906, -1.8632 -4.4297 0.509, -1.8316 -4.3546 0.4464, -1.7948 -4.267 0.4071, -1.4565 -4.6864 0.6855, -1.4448 -4.6488 0.5906, -1.4263 -4.5891 0.509, -1.4021 -4.5112 0.4464, -1.3739 -4.4206 0.4071, -3.4958 -2.8767 0.3937, -3.2013 -3.2012 0.3937, -2.8769 -3.4956 0.3937, -2.5255 -3.7574 0.3937, -2.1504 -3.9839 0.3937, -1.7553 -4.1731 0.3937, -0.0534 -4.9073 0.6855, -0.053 -4.8679 0.5906, -0.0523 -4.8054 0.509, -0.0514 -4.7238 0.4464, 1.3542 -4.7171 0.6855, 1.3434 -4.6793 0.5906, 1.3261 -4.6191 0.509, 1.3036 -4.5407 0.4464, 1.6641 -4.2104 0.3937, 1.7015 -4.3052 0.4071, 1.7364 -4.3935 0.4464, 1.7664 -4.4693 0.509, 1.7894 -4.5275 0.5906, 2.2187 -4.3334 0.5906, 2.1902 -4.2777 0.509, 2.153 -4.2051 0.4464, 2.1097 -4.1206 0.4071, 2.0633 -4.0299 0.3937, 2.6272 -4.0986 0.5906, 2.5934 -4.0459 0.509, 2.5494 -3.9773 0.4464, 2.4982 -3.8974 0.4071, 2.4432 -3.8116 0.3937, 3.0354 -3.8564 0.6855, 3.0111 -3.8255 0.5906, 2.9724 -3.7763 0.509, 2.922 -3.7123 0.4464, 2.8632 -3.6376 0.4071, 2.8002 -3.5576 0.3937, 4.0127 -2.8257 0.6855, 3.9806 -2.803 0.5906, 3.9294 -2.767 0.509, 3.8628 -2.7201 0.4464, 3.7851 -2.6654 0.4071, 3.7018 -2.6067 0.3937, 4.654 -1.5583 0.6855, 4.6167 -1.5458 0.5906, 4.5573 -1.5259 0.509, 4.48 -1.5 0.4464, 4.39 -1.4699 0.4071, 4.2933 -1.4375 0.3937, 4.4122 -1.0158 0.3937, 4.5115 -1.0386 0.4071, 4.6041 -1.06 0.4464, 4.6835 -1.0783 0.509, 4.7445 -1.0923 0.5906, 4.4392 -0.8658 0.3937, 4.8979 0.3146 0.6855, 4.8587 0.3121 0.5906, 4.7962 0.3081 0.509, 4.7149 0.3029 0.4464, 4.6201 0.2968 0.4071, 4.6028 1.704 0.6855, 4.5659 1.6903 0.5906, 4.5072 1.6686 0.509, 4.4308 1.6403 0.4464, 4.4692 0.7256 0.3937, 4.5184 0.2902 0.3937, 4.5253 -0.1478 0.3937, 4.4898 -0.5846 0.3937, 3.9221 2.9507 0.6855, 3.8907 2.9271 0.5906, 3.8407 2.8894 0.509, 3.7756 2.8404 0.4464, 3.6997 2.7833 0.4071, 3.6182 2.7221 0.3937, 3.3382 3.0591 0.3937, 3.4133 3.1279 0.4071, 3.4833 3.1921 0.4464, 3.5435 3.2471 0.509, 3.5896 3.2894 0.5906, 3.6186 3.316 0.6855, 2.7923 4.046 11.4173, 2.5646 4.2006 11.4173, 2.5576 4.1891 11.5192, 1.5875 4.6538 11.4173, 1.2544 4.759 11.4173, 1.251 4.7461 11.5192, 0.2624 4.9123 11.4173, -0.1609 4.9189 11.4173, -0.1604 4.9055 11.5192, -1.0835 4.7998 11.4173, -1.1043 4.796 11.4173, -1.1013 4.783 11.5192, -1.7303 4.6015 11.4173, -2.0064 4.4939 11.4173, -2.0009 4.4817 11.5192, -2.917 3.9588 11.4173, -3.2092 3.7311 11.4173, -3.2005 3.7209 11.5192, -3.8855 3.018 11.4173, -4.1432 2.6558 11.4173, -4.1319 2.6486 11.5192, -4.2592 2.4539 11.4173, -4.3805 2.2429 11.4173, -4.3685 2.2368 11.5192, -4.5593 1.8475 11.4173, -4.5767 1.8089 11.4173, -4.5642 1.804 11.5192, -4.7665 1.2036 11.4173, -4.8392 0.8945 11.4173, -4.826 0.892 11.5192, -4.9158 -0.1379 11.4173, -4.8926 -0.5288 11.4173, -4.8792 -0.5274 11.5192, -4.6957 -1.4703 11.4173, -4.5362 -1.9078 11.4173, -4.5238 -1.9026 11.5192, -4.4448 -2.0987 11.4173, -4.3305 -2.3373 11.4173, -4.3187 -2.3309 11.5192, -3.7073 -3.2288 11.4173, -3.4797 -3.4796 11.4173, -3.4702 -3.4701 11.5192, -2.6908 -4.1169 11.4173, -2.3375 -4.3303 11.4173, -2.3311 -4.3185 11.5192, -1.4704 -4.6956 11.4173, -1.4605 -4.6992 11.4173, -1.4565 -4.6864 11.5192, -0.8112 -4.848 11.4173, -0.5289 -4.8924 11.4173, -0.5275 -4.8791 11.5192, 0.5377 -4.8872 11.4173, 0.8943 -4.839 11.4173, 0.8919 -4.8259 11.5192, 1.8473 -4.5591 11.4173, 2.2427 -4.3803 11.4173, 2.2366 -4.3684 11.5192, 3.0179 -3.8853 11.4173, 3.0437 -3.8669 11.4173, 3.0354 -3.8564 11.5192, 3.5198 -3.4318 11.4173, 3.731 -3.2091 11.4173, 3.7208 -3.2003 11.5192, 4.3217 -2.3463 11.4173, 4.4938 -2.0063 11.4173, 4.4815 -2.0008 11.5192, 4.7996 -1.0833 11.4173, 4.8802 -0.6354 11.4173, 4.8669 -0.6337 11.5192, 4.8982 -0.4139 11.4173, 4.9188 -0.1607 11.4173, 4.9054 -0.1603 11.5192, 4.9121 0.2626 11.4173, 4.9113 0.3155 11.4173, 4.8979 0.3146 11.5192, 4.8271 0.9336 11.4173, 4.7589 1.2546 11.4173, 4.7459 1.2511 11.5192, 4.3931 2.2118 11.4173, 4.2004 2.5648 11.4173, 4.189 2.5578 11.5192, 3.6182 2.7221 11.811, 3.8644 2.3596 11.811, 3.6997 2.7833 11.7976, 3.9514 2.4127 11.7976, 3.7756 2.8404 11.7583, 4.0324 2.4622 11.7583, 3.8407 2.8894 11.6957, 4.102 2.5047 11.6957, 3.8907 2.9271 11.6142, 4.1554 2.5373 11.6142, 3.9221 2.9507 11.5192, 4.2462 1.572 11.811, 4.3782 1.1542 11.811, 4.3417 1.6074 11.7976, 4.4767 1.1802 11.7976, 4.4308 1.6403 11.7583, 4.5685 1.2044 11.7583, 4.5072 1.6686 11.6957, 4.6474 1.2252 11.6957, 4.5659 1.6903 11.6142, 4.7079 1.2411 11.6142, 4.6028 1.704 11.5192, 4.2933 -1.4375 11.811, 4.1343 -1.8457 11.811, 4.39 -1.4699 11.7976, 4.2273 -1.8873 11.7976, 4.48 -1.5 11.7583, 4.314 -1.926 11.7583, 4.5573 -1.5259 11.6957, 4.3885 -1.9593 11.6957, 4.6167 -1.5458 11.6142, 4.4456 -1.9848 11.6142, 4.654 -1.5583 11.5192, 3.7018 -2.6067 11.811, 3.4325 -2.9523 11.811, 3.7851 -2.6654 11.7976, 3.5097 -3.0188 11.7976, 3.8628 -2.7201 11.7583, 3.5817 -3.0807 11.7583, 3.9294 -2.767 11.6957, 3.6435 -3.1339 11.6957, 3.9806 -2.803 11.6142, 3.691 -3.1747 11.6142, 4.0127 -2.8257 11.5192, 2.4432 -3.8116 11.811, 2.0633 -4.0299 11.811, 2.4982 -3.8974 11.7976, 2.1097 -4.1206 11.7976, 2.5494 -3.9773 11.7583, 2.153 -4.2051 11.7583, 2.5934 -4.0459 11.6957, 2.1902 -4.2777 11.6957, 2.6272 -4.0986 11.6142, 2.2187 -4.3334 11.6142, 2.6484 -4.1317 11.5192, 1.2493 -4.3515 11.811, 0.8228 -4.4519 11.811, 1.2774 -4.4495 11.7976, 0.8413 -4.5521 11.7976, 1.3036 -4.5407 11.7583, 0.8586 -4.6455 11.7583, 1.3261 -4.6191 11.6957, 0.8734 -4.7257 11.6957, 1.3434 -4.6793 11.6142, 0.8848 -4.7872 11.6142, 1.3542 -4.7171 11.5192, -0.0492 -4.527 11.811, -0.4866 -4.501 11.811, -0.0503 -4.6289 11.7976, -0.4976 -4.6023 11.7976, -0.0514 -4.7238 11.7583, -0.5078 -4.6967 11.7583, -0.0523 -4.8054 11.6957, -0.5165 -4.7778 11.6957, -0.053 -4.8679 11.6142, -0.5233 -4.84 11.6142, -0.0534 -4.9073 11.5192, -1.7553 -4.1731 11.811, -2.1504 -3.9839 11.811, -1.7948 -4.267 11.7976, -2.1988 -4.0736 11.7976, -1.8316 -4.3546 11.7583, -2.2439 -4.1571 11.7583, -1.8632 -4.4297 11.6957, -2.2827 -4.2289 11.6957, -1.8875 -4.4874 11.6142, -2.3124 -4.2839 11.6142, -1.9027 -4.5237 11.5192, -2.8769 -3.4956 11.811, -3.2013 -3.2012 11.811, -2.9416 -3.5743 11.7976, -3.2734 -3.2732 11.7976, -3.002 -3.6476 11.7583, -3.3405 -3.3404 11.7583, -3.0538 -3.7106 11.6957, -3.3982 -3.398 11.6957, -3.0935 -3.7589 11.6142, -3.4424 -3.4423 11.6142, -3.1185 -3.7893 11.5192, -3.7575 -2.5253 11.811, -3.984 -2.1503 11.811, -3.8421 -2.5822 11.7976, -4.0737 -2.1987 11.7976, -3.9209 -2.6352 11.7583, -4.1573 -2.2438 11.7583, -3.9886 -2.6806 11.6957, -4.229 -2.2825 11.6957, -4.0405 -2.7155 11.6142, -4.2841 -2.3123 11.6142, -4.0731 -2.7375 11.5192, -4.433 -0.9193 11.811, -4.5012 -0.4865 11.811, -4.5328 -0.94 11.7976, -4.6025 -0.4974 11.7976, -4.6258 -0.9593 11.7583, -4.6969 -0.5076 11.7583, -4.7056 -0.9758 11.6957, -4.7779 -0.5164 11.6957, -4.7669 -0.9885 11.6142, -4.8401 -0.5231 11.6142, -4.8054 -0.9965 11.5192, -4.5107 0.3887 11.811, -4.452 0.8229 11.811, -4.6122 0.3975 11.7976, -4.5522 0.8415 11.7976, -4.7068 0.4056 11.7583, -4.6456 0.8587 11.7583, -4.7881 0.4126 11.6957, -4.7258 0.8735 11.6957, -4.8504 0.418 11.6142, -4.7873 0.8849 11.6142, -4.8896 0.4214 11.5192, -3.2704 3.1312 11.811, -2.9525 3.4326 11.811, -3.344 3.2016 11.7976, -3.0189 3.5099 11.7976, -3.4126 3.2673 11.7583, -3.0808 3.5819 11.7583, -3.4715 3.3237 11.6957, -3.134 3.6437 11.6957, -3.5167 3.3669 11.6142, -3.1748 3.6911 11.6142, -3.5451 3.3941 11.5192, -2.2368 3.9366 11.811, -1.8459 4.1344 11.811, -2.2872 4.0252 11.7976, -1.8874 4.2275 11.7976, -2.3341 4.1078 11.7583, -1.9261 4.3142 11.7583, -2.3744 4.1787 11.6957, -1.9594 4.3886 11.6957, -2.4053 4.233 11.6142, -1.9849 4.4457 11.6142, -2.4247 4.2672 11.5192, -0.5847 4.4899 11.811, -0.148 4.5254 11.811, -0.5979 4.591 11.7976, -0.1513 4.6273 11.7976, -0.6101 4.6851 11.7583, -0.1544 4.7222 11.7583, -0.6207 4.766 11.6957, -0.1571 4.8037 11.6957, -0.6287 4.828 11.6142, -0.1591 4.8662 11.6142, -0.6338 4.867 11.5192, 0.7255 4.4694 11.811, 1.1541 4.3783 11.811, 0.7418 4.57 11.7976, 1.18 4.4769 11.7976, 0.757 4.6637 11.7583, 1.2042 4.5687 11.7583, 0.7701 4.7442 11.6957, 1.225 4.6475 11.6957, 0.7801 4.8059 11.6142, 1.241 4.708 11.6142, 0.7864 4.8447 11.5192, 1.9749 4.0745 11.811, 2.3595 3.8645 11.811, 2.0194 4.1662 11.7976, 2.4126 3.9515 11.7976, 2.0608 4.2516 11.7583, 2.4621 4.0325 11.7583, 2.0963 4.325 11.6957, 2.5045 4.1021 11.6957, 2.1236 4.3813 11.6142, 2.5371 4.1555 11.6142, 2.1408 4.4167 11.5192, 3.3382 3.0591 11.811, 3.4133 3.1279 11.7976, 3.4833 3.1921 11.7583, 3.5435 3.2471 11.6957, 3.5896 3.2894 11.6142, 3.6186 3.316 11.5192, 3.6285 3.325 11.4173, 3.9329 2.9588 11.4173, 4.0458 2.7924 11.4173, 4.4286 2.1468 11.4173, 4.4166 2.1409 11.5192, 4.3812 2.1238 11.6142, 4.3249 2.0965 11.6957, 4.2515 2.0609 11.7583, 4.166 2.0195 11.7976, 4.0744 1.975 11.811, 4.6154 1.7087 11.4173, 4.6536 1.5876 11.4173, 4.8578 0.7887 11.4173, 4.8446 0.7865 11.5192, 4.8058 0.7802 11.6142, 4.744 0.7702 11.6957, 4.6635 0.7572 11.7583, 4.5698 0.742 11.7976, 4.4692 0.7256 11.811, 4.5184 0.2902 11.811, 4.6201 0.2968 11.7976, 4.7149 0.3029 11.7583, 4.7962 0.3081 11.6957, 4.8587 0.3121 11.6142, 4.8661 -0.159 11.6142, 4.8035 -0.157 11.6957, 4.722 -0.1543 11.7583, 4.6271 -0.1512 11.7976, 4.5253 -0.1478 11.811, 4.8279 -0.6286 11.6142, 4.7658 -0.6205 11.6957, 4.685 -0.61 11.7583, 4.5908 -0.5977 11.7976, 4.4898 -0.5846 11.811, 4.7959 -1.1041 11.4173, 4.7828 -1.1011 11.5192, 4.7445 -1.0923 11.6142, 4.6835 -1.0783 11.6957, 4.6041 -1.06 11.7583, 4.5115 -1.0386 11.7976, 4.4122 -1.0158 11.811, 4.6667 -1.5625 11.4173, 4.6014 -1.7301 11.4173, 4.2788 -2.4312 11.4173, 4.2671 -2.4246 11.5192, 4.2329 -2.4052 11.6142, 4.1785 -2.3742 11.6957, 4.1076 -2.334 11.7583, 4.0251 -2.287 11.7976, 3.9365 -2.2367 11.811, 4.0237 -2.8334 11.4173, 3.9587 -2.9169 11.4173, 3.4033 -3.5546 11.4173, 3.394 -3.545 11.5192, 3.3668 -3.5165 11.6142, 3.3235 -3.4714 11.6957, 3.2671 -3.4125 11.7583, 3.2015 -3.3439 11.7976, 3.131 -3.2703 11.811, 2.8002 -3.5576 11.811, 2.8632 -3.6376 11.7976, 2.922 -3.7123 11.7583, 2.9724 -3.7763 11.6957, 3.0111 -3.8255 11.6142, 2.6556 -4.143 11.4173, 2.4538 -4.259 11.4173, 1.8088 -4.5766 11.4173, 1.8039 -4.5641 11.5192, 1.7894 -4.5275 11.6142, 1.7664 -4.4693 11.6957, 1.7364 -4.3935 11.7583, 1.7015 -4.3052 11.7976, 1.6641 -4.2104 11.811, 1.3579 -4.73 11.4173, 1.2034 -4.7663 11.4173, 0.4224 -4.9028 11.4173, 0.4212 -4.8895 11.5192, 0.4179 -4.8503 11.6142, 0.4125 -4.7879 11.6957, 0.4055 -4.7067 11.7583, 0.3973 -4.6121 11.7976, 0.3886 -4.5106 11.811, -0.0535 -4.9207 11.4173, -0.138 -4.9157 11.4173, -0.9994 -4.8184 11.4173, -0.9967 -4.8053 11.5192, -0.9887 -4.7667 11.6142, -0.976 -4.7055 11.6957, -0.9594 -4.6256 11.7583, -0.9401 -4.5327 11.7976, -0.9194 -4.4329 11.811, -1.3436 -4.3233 11.811, -1.3739 -4.4206 11.7976, -1.4021 -4.5112 11.7583, -1.4263 -4.5891 11.6957, -1.4448 -4.6488 11.6142, -1.9079 -4.536 11.4173, -2.0988 -4.4446 11.4173, -2.7451 -4.0841 11.4173, -2.7376 -4.073 11.5192, -2.7157 -4.0403 11.6142, -2.6808 -3.9884 11.6957, -2.6353 -3.9207 11.7583, -2.5823 -3.8419 11.7976, -2.5255 -3.7574 11.811, -3.127 -3.7996 11.4173, -3.2289 -3.7072 11.4173, -3.7998 -3.1269 11.4173, -3.7894 -3.1184 11.5192, -3.759 -3.0934 11.6142, -3.7107 -3.0536 11.6957, -3.6478 -3.0018 11.7583, -3.5745 -2.9415 11.7976, -3.4958 -2.8767 11.811, -4.0843 -2.745 11.4173, -4.1171 -2.6906 11.4173, -4.4875 -1.8873 11.6142, -4.4299 -1.8631 11.6957, -4.3547 -1.8314 11.7583, -4.2672 -1.7946 11.7976, -4.1733 -1.7551 11.811, -4.6994 -1.4603 11.4173, -4.6865 -1.4564 11.5192, -4.649 -1.4447 11.6142, -4.5892 -1.4261 11.6957, -4.5114 -1.4019 11.7583, -4.4207 -1.3737 11.7976, -4.3234 -1.3435 11.811, -4.8185 -0.9993 11.4173, -4.8482 -0.8111 11.4173, -4.9208 -0.0534 11.4173, -4.9074 -0.0532 11.5192, -4.8681 -0.0528 11.6142, -4.8055 -0.0521 11.6957, -4.724 -0.0512 11.7583, -4.629 -0.0502 11.7976, -4.5271 -0.0491 11.811, -4.903 0.4225 11.4173, -4.8874 0.5379 11.4173, -4.7301 1.3581 11.4173, -4.7172 1.3544 11.5192, -4.6794 1.3435 11.6142, -4.6193 1.3263 11.6957, -4.5409 1.3038 11.7583, -4.4496 1.2776 11.7976, -4.3517 1.2494 11.811, -4.2106 1.6642 11.811, -4.3053 1.7017 11.7976, -4.3936 1.7366 11.7583, -4.4695 1.7666 11.6957, -4.5277 1.7895 11.6142, -4.3335 2.2188 11.6142, -4.2778 2.1903 11.6957, -4.2052 2.1532 11.7583, -4.1207 2.1099 11.7976, -4.03 2.0635 11.811, -4.0988 2.6273 11.6142, -4.0461 2.5936 11.6957, -3.9774 2.5496 11.7583, -3.8975 2.4983 11.7976, -3.8117 2.4434 11.811, -3.8671 3.0439 11.4173, -3.8565 3.0356 11.5192, -3.8256 3.0112 11.6142, -3.7765 2.9725 11.6957, -3.7124 2.9221 11.7583, -3.6378 2.8634 11.7976, -3.5577 2.8004 11.811, -3.5548 3.4034 11.4173, -3.4319 3.5199 11.4173, -2.8336 4.0238 11.4173, -2.8258 4.0129 11.5192, -2.8032 3.9807 11.6142, -2.7672 3.9296 11.6957, -2.7202 3.8629 11.7583, -2.6655 3.7853 11.7976, -2.6069 3.702 11.811, -2.4314 4.2789 11.4173, -2.3464 4.3219 11.4173, -1.5627 4.6668 11.4173, -1.5584 4.6541 11.5192, -1.5459 4.6168 11.6142, -1.526 4.5575 11.6957, -1.5001 4.4802 11.7583, -1.47 4.3901 11.7976, -1.4376 4.2935 11.811, -1.0159 4.4124 11.811, -1.0388 4.5117 11.7976, -1.0601 4.6042 11.7583, -1.0784 4.6837 11.6957, -1.0924 4.7446 11.6142, -0.6355 4.8803 11.4173, -0.414 4.8983 11.4173, 0.3153 4.9114 11.4173, 0.3145 4.8981 11.5192, 0.3119 4.8588 11.6142, 0.3079 4.7964 11.6957, 0.3027 4.715 11.7583, 0.2966 4.6202 11.7976, 0.2901 4.5186 11.811, 0.7886 4.858 11.4173, 0.9335 4.8272 11.4173, 1.7085 4.6155 11.4173, 1.7039 4.6029 11.5192, 1.6902 4.566 11.6142, 1.6685 4.5074 11.6957, 1.6402 4.4309 11.7583, 1.6072 4.3419 11.7976, 1.5718 4.2463 11.811, 2.1466 4.4288 11.4173, 2.2116 4.3933 11.4173, 2.9586 3.933 11.4173, 2.9506 3.9223 11.5192, 2.9269 3.8909 11.6142, 2.8893 3.8409 11.6957, 2.8403 3.7757 11.7583, 2.7832 3.6998 11.7976, 2.7219 3.6184 11.811, 3.0589 3.3384 11.811, 3.1278 3.4135 11.7976, 3.1919 3.4835 11.7583, 3.247 3.5436 11.6957, 3.2893 3.5897 11.6142, 3.3158 3.6187 11.5192, 3.3249 3.6286 11.4173
            ]
        }
        coordIndex [
            0,1,2,-1,2,1,3,-1,2,3,4,-1,4,3,5,-1,6,7,8,-1,8,7,9,-1,8,9,10,-1,10,9,11,-1,10,11,12,-1,12,11,13,-1,12,13,14,-1,13,15,14,-1,14,15,16,-1,14,16,17,-1,17,16,18,-1,17,18,19,-1,19,18,20,-1,19,20,21,-1,21,20,22,-1,21,22,23,-1,23,22,24,-1,23,24,25,-1,25,24,26,-1,25,26,27,-1,26,28,27,-1,27,28,29,-1,27,29,30,-1,30,29,31,-1,30,31,32,-1,32,31,33,-1,32,33,34,-1,34,33,35,-1,34,35,36,-1,35,37,36,-1,36,37,38,-1,36,38,39,-1,39,38,40,-1,39,40,41,-1,41,40,42,-1,41,42,43,-1,43,42,44,-1,43,44,45,-1,44,46,45,-1,45,46,47,-1,45,47,48,-1,48,47,49,-1,48,49,50,-1,50,49,51,-1,50,51,52,-1,52,51,53,-1,52,53,54,-1,54,53,55,-1,54,55,56,-1,56,55,57,-1,56,57,58,-1,57,59,58,-1,58,59,60,-1,58,60,61,-1,61,60,62,-1,61,62,63,-1,63,62,64,-1,63,64,65,-1,65,64,66,-1,65,66,67,-1,66,68,67,-1,67,68,69,-1,67,69,70,-1,70,69,71,-1,70,71,72,-1,72,71,73,-1,72,73,74,-1,74,73,75,-1,74,75,76,-1,76,75,77,-1,76,77,78,-1,78,77,79,-1,78,79,80,-1,79,81,80,-1,80,81,82,-1,80,82,83,-1,83,82,84,-1,83,84,85,-1,85,84,86,-1,85,86,87,-1,87,86,88,-1,87,88,89,-1,88,90,89,-1,89,90,91,-1,89,91,92,-1,92,91,93,-1,92,93,94,-1,94,93,95,-1,94,95,96,-1,96,95,97,-1,96,97,98,-1,97,99,98,-1,98,99,100,-1,98,100,101,-1,101,100,102,-1,101,102,103,-1,103,102,104,-1,103,104,105,-1,105,104,106,-1,105,106,107,-1,107,106,108,-1,107,108,109,-1,109,108,110,-1,109,110,111,-1,110,112,111,-1,111,112,113,-1,111,113,114,-1,114,113,115,-1,114,115,116,-1,116,115,117,-1,116,117,118,-1,118,117,119,-1,118,119,120,-1,119,121,120,-1,120,121,122,-1,120,122,123,-1,123,122,124,-1,123,124,125,-1,125,124,126,-1,125,126,127,-1,127,126,128,-1,127,128,129,-1,128,130,129,-1,129,130,131,-1,129,131,132,-1,132,131,133,-1,132,133,134,-1,134,133,135,-1,134,135,136,-1,136,135,137,-1,136,137,138,-1,138,137,139,-1,138,139,140,-1,140,139,141,-1,140,141,142,-1,141,143,142,-1,142,143,144,-1,142,144,145,-1,145,144,146,-1,145,146,147,-1,147,146,148,-1,147,148,149,-1,149,148,150,-1,149,150,151,-1,150,152,151,-1,151,152,153,-1,151,153,154,-1,154,153,155,-1,154,155,156,-1,156,155,157,-1,156,157,158,-1,158,157,159,-1,158,159,160,-1,160,159,161,-1,160,161,162,-1,162,161,163,-1,162,163,164,-1,163,165,164,-1,164,165,166,-1,164,166,167,-1,167,166,168,-1,167,168,169,-1,169,168,170,-1,169,170,171,-1,171,170,172,-1,171,172,173,-1,172,174,173,-1,173,174,175,-1,173,175,176,-1,176,175,177,-1,176,177,178,-1,178,177,179,-1,178,179,180,-1,180,179,181,-1,180,181,182,-1,181,183,182,-1,182,183,184,-1,182,184,185,-1,185,184,186,-1,185,186,187,-1,187,186,188,-1,187,188,189,-1,189,188,190,-1,189,190,191,-1,191,190,192,-1,191,192,193,-1,193,192,194,-1,193,194,195,-1,194,196,195,-1,195,196,197,-1,195,197,198,-1,198,197,199,-1,198,199,200,-1,200,199,201,-1,200,201,202,-1,202,201,203,-1,202,203,204,-1,204,203,205,-1,201,199,206,-1,192,190,207,-1,183,181,208,-1,175,174,209,-1,170,168,210,-1,161,159,211,-1,152,150,212,-1,148,146,213,-1,144,143,214,-1,139,137,215,-1,130,128,216,-1,121,119,217,-1,117,115,218,-1,108,106,219,-1,99,97,220,-1,91,90,221,-1,86,84,222,-1,77,75,223,-1,68,66,224,-1,60,59,225,-1,55,53,226,-1,46,44,227,-1,37,35,228,-1,33,31,229,-1,29,28,230,-1,24,22,231,-1,15,13,232,-1,233,234,235,-1,236,237,238,-1,239,240,241,-1,242,243,244,-1,245,246,247,-1,248,249,250,-1,251,252,253,-1,254,255,256,-1,257,258,259,-1,260,261,262,-1,263,264,265,-1,263,265,266,-1,267,268,269,-1,248,250,270,-1,271,272,273,-1,274,275,276,-1,277,278,279,-1,280,281,282,-1,242,244,283,-1,236,238,284,-1,285,286,287,-1,287,286,288,-1,287,288,289,-1,289,288,290,-1,289,290,291,-1,291,290,292,-1,291,292,293,-1,293,292,294,-1,293,294,295,-1,295,294,232,-1,296,297,298,-1,298,297,299,-1,298,299,300,-1,300,299,301,-1,300,301,302,-1,302,301,303,-1,302,303,304,-1,304,303,305,-1,304,305,306,-1,306,305,231,-1,252,307,253,-1,253,307,308,-1,253,308,309,-1,309,308,310,-1,309,310,311,-1,311,310,312,-1,311,312,313,-1,313,312,314,-1,313,314,315,-1,315,314,227,-1,316,317,318,-1,318,317,319,-1,318,319,320,-1,320,319,321,-1,320,321,322,-1,322,321,323,-1,322,323,324,-1,324,323,325,-1,324,325,326,-1,326,325,226,-1,327,328,329,-1,329,328,330,-1,329,330,331,-1,331,330,332,-1,331,332,333,-1,333,332,334,-1,333,334,335,-1,335,334,224,-1,249,336,250,-1,250,336,337,-1,250,337,338,-1,338,337,339,-1,338,339,340,-1,340,339,341,-1,340,341,342,-1,342,341,343,-1,342,343,344,-1,344,343,223,-1,345,346,347,-1,347,346,348,-1,347,348,349,-1,349,348,350,-1,349,350,351,-1,351,350,352,-1,351,352,353,-1,353,352,354,-1,353,354,355,-1,355,354,222,-1,356,357,358,-1,358,357,359,-1,358,359,360,-1,360,359,361,-1,360,361,362,-1,362,361,363,-1,362,363,364,-1,364,363,365,-1,364,365,366,-1,366,365,220,-1,367,368,369,-1,369,368,370,-1,369,370,371,-1,371,370,372,-1,371,372,373,-1,373,372,374,-1,373,374,375,-1,375,374,219,-1,376,377,378,-1,378,377,379,-1,378,379,380,-1,380,379,381,-1,380,381,382,-1,382,381,383,-1,382,383,384,-1,384,383,218,-1,272,274,273,-1,273,274,276,-1,273,276,385,-1,385,276,386,-1,385,386,387,-1,387,386,388,-1,387,388,389,-1,389,388,390,-1,389,390,391,-1,391,390,216,-1,281,283,282,-1,282,283,244,-1,282,244,392,-1,392,244,393,-1,392,393,394,-1,394,393,395,-1,394,395,396,-1,396,395,397,-1,396,397,398,-1,398,397,215,-1,399,400,401,-1,401,400,402,-1,401,402,403,-1,403,402,404,-1,403,404,405,-1,405,404,406,-1,405,406,407,-1,407,406,408,-1,407,408,409,-1,409,408,211,-1,410,411,412,-1,412,411,413,-1,412,413,414,-1,414,413,415,-1,414,415,416,-1,416,415,417,-1,416,417,418,-1,418,417,419,-1,418,419,420,-1,420,419,210,-1,421,422,423,-1,423,422,424,-1,423,424,425,-1,425,424,426,-1,425,426,427,-1,427,426,428,-1,427,428,429,-1,429,428,208,-1,430,431,432,-1,432,431,433,-1,432,433,434,-1,434,433,435,-1,434,435,436,-1,436,435,437,-1,436,437,438,-1,438,437,207,-1,234,439,235,-1,235,439,440,-1,235,440,441,-1,441,440,442,-1,441,442,443,-1,443,442,444,-1,443,444,445,-1,445,444,446,-1,445,446,447,-1,447,446,206,-1,448,285,449,-1,449,285,287,-1,449,287,450,-1,450,287,289,-1,450,289,451,-1,451,289,291,-1,451,291,452,-1,452,291,293,-1,452,293,453,-1,453,293,295,-1,453,295,7,-1,7,295,9,-1,232,13,295,-1,295,13,11,-1,295,11,9,-1,16,15,454,-1,454,15,232,-1,454,232,455,-1,455,232,294,-1,455,294,456,-1,456,294,292,-1,456,292,457,-1,457,292,290,-1,457,290,458,-1,458,290,288,-1,458,288,459,-1,459,288,286,-1,459,296,458,-1,458,296,298,-1,458,298,457,-1,457,298,300,-1,457,300,456,-1,456,300,302,-1,456,302,455,-1,455,302,304,-1,455,304,454,-1,454,304,306,-1,454,306,16,-1,16,306,18,-1,231,22,306,-1,306,22,20,-1,306,20,18,-1,26,24,460,-1,460,24,231,-1,460,231,461,-1,461,231,305,-1,461,305,462,-1,462,305,303,-1,462,303,463,-1,463,303,301,-1,463,301,265,-1,265,301,299,-1,265,299,266,-1,266,299,297,-1,264,464,265,-1,265,464,465,-1,265,465,463,-1,463,465,466,-1,463,466,462,-1,462,466,467,-1,462,467,461,-1,461,467,468,-1,461,468,460,-1,460,468,230,-1,460,230,26,-1,26,230,28,-1,31,29,229,-1,229,29,230,-1,229,230,469,-1,469,230,468,-1,469,468,470,-1,470,468,467,-1,470,467,471,-1,471,467,466,-1,471,466,262,-1,262,466,465,-1,262,465,260,-1,260,465,464,-1,35,33,228,-1,228,33,229,-1,228,229,472,-1,472,229,469,-1,472,469,473,-1,473,469,470,-1,473,470,474,-1,474,470,471,-1,474,471,259,-1,259,471,262,-1,259,262,257,-1,257,262,261,-1,38,37,475,-1,475,37,228,-1,475,228,476,-1,476,228,472,-1,476,472,477,-1,477,472,473,-1,477,473,478,-1,478,473,474,-1,478,474,256,-1,256,474,259,-1,256,259,254,-1,254,259,258,-1,255,251,256,-1,256,251,253,-1,256,253,478,-1,478,253,309,-1,478,309,477,-1,477,309,311,-1,477,311,476,-1,476,311,313,-1,476,313,475,-1,475,313,315,-1,475,315,38,-1,38,315,40,-1,227,44,315,-1,315,44,42,-1,315,42,40,-1,47,46,479,-1,479,46,227,-1,479,227,480,-1,480,227,314,-1,480,314,481,-1,481,314,312,-1,481,312,482,-1,482,312,310,-1,482,310,483,-1,483,310,308,-1,483,308,484,-1,484,308,307,-1,484,316,483,-1,483,316,318,-1,483,318,482,-1,482,318,320,-1,482,320,481,-1,481,320,322,-1,481,322,480,-1,480,322,324,-1,480,324,479,-1,479,324,326,-1,479,326,47,-1,47,326,49,-1,226,53,326,-1,326,53,51,-1,326,51,49,-1,57,55,485,-1,485,55,226,-1,485,226,486,-1,486,226,325,-1,486,325,487,-1,487,325,323,-1,487,323,488,-1,488,323,321,-1,488,321,489,-1,489,321,319,-1,489,319,490,-1,490,319,317,-1,490,491,489,-1,489,491,492,-1,489,492,488,-1,488,492,493,-1,488,493,487,-1,487,493,494,-1,487,494,486,-1,486,494,495,-1,486,495,485,-1,485,495,225,-1,485,225,57,-1,57,225,59,-1,62,60,335,-1,335,60,225,-1,335,225,333,-1,333,225,495,-1,333,495,331,-1,331,495,494,-1,331,494,329,-1,329,494,493,-1,329,493,327,-1,327,493,492,-1,327,492,496,-1,496,492,491,-1,224,66,335,-1,335,66,64,-1,335,64,62,-1,69,68,497,-1,497,68,224,-1,497,224,498,-1,498,224,334,-1,498,334,499,-1,499,334,332,-1,499,332,500,-1,500,332,330,-1,500,330,269,-1,269,330,328,-1,269,328,267,-1,267,328,327,-1,267,327,501,-1,501,327,496,-1,268,270,269,-1,269,270,250,-1,269,250,500,-1,500,250,338,-1,500,338,499,-1,499,338,340,-1,499,340,498,-1,498,340,342,-1,498,342,497,-1,497,342,344,-1,497,344,69,-1,69,344,71,-1,223,75,344,-1,344,75,73,-1,344,73,71,-1,79,77,502,-1,502,77,223,-1,502,223,503,-1,503,223,343,-1,503,343,504,-1,504,343,341,-1,504,341,505,-1,505,341,339,-1,505,339,506,-1,506,339,337,-1,506,337,507,-1,507,337,336,-1,507,345,506,-1,506,345,347,-1,506,347,505,-1,505,347,349,-1,505,349,504,-1,504,349,351,-1,504,351,503,-1,503,351,353,-1,503,353,502,-1,502,353,355,-1,502,355,79,-1,79,355,81,-1,222,84,355,-1,355,84,82,-1,355,82,81,-1,88,86,508,-1,508,86,222,-1,508,222,509,-1,509,222,354,-1,509,354,510,-1,510,354,352,-1,510,352,511,-1,511,352,350,-1,511,350,247,-1,247,350,348,-1,247,348,245,-1,245,348,346,-1,246,512,247,-1,247,512,513,-1,247,513,511,-1,511,513,514,-1,511,514,510,-1,510,514,515,-1,510,515,509,-1,509,515,516,-1,509,516,508,-1,508,516,221,-1,508,221,88,-1,88,221,90,-1,93,91,366,-1,366,91,221,-1,366,221,364,-1,364,221,516,-1,364,516,362,-1,362,516,515,-1,362,515,360,-1,360,515,514,-1,360,514,358,-1,358,514,513,-1,358,513,356,-1,356,513,512,-1,220,97,366,-1,366,97,95,-1,366,95,93,-1,100,99,517,-1,517,99,220,-1,517,220,518,-1,518,220,365,-1,518,365,519,-1,519,365,363,-1,519,363,520,-1,520,363,361,-1,520,361,521,-1,521,361,359,-1,521,359,522,-1,522,359,357,-1,522,523,521,-1,521,523,367,-1,521,367,520,-1,520,367,369,-1,520,369,519,-1,519,369,371,-1,519,371,518,-1,518,371,373,-1,518,373,517,-1,517,373,375,-1,517,375,100,-1,100,375,102,-1,219,106,375,-1,375,106,104,-1,375,104,102,-1,110,108,524,-1,524,108,219,-1,524,219,525,-1,525,219,374,-1,525,374,526,-1,526,374,372,-1,526,372,527,-1,527,372,370,-1,527,370,528,-1,528,370,368,-1,528,376,527,-1,527,376,378,-1,527,378,526,-1,526,378,380,-1,526,380,525,-1,525,380,382,-1,525,382,524,-1,524,382,384,-1,524,384,110,-1,110,384,112,-1,218,115,384,-1,384,115,113,-1,384,113,112,-1,119,117,217,-1,217,117,218,-1,217,218,529,-1,529,218,383,-1,529,383,530,-1,530,383,381,-1,530,381,531,-1,531,381,379,-1,531,379,532,-1,532,379,377,-1,122,121,533,-1,533,121,217,-1,533,217,534,-1,534,217,529,-1,534,529,535,-1,535,529,530,-1,535,530,536,-1,536,530,531,-1,536,531,537,-1,537,531,532,-1,523,538,367,-1,367,538,539,-1,367,539,368,-1,368,539,540,-1,368,540,528,-1,528,540,541,-1,528,541,376,-1,376,541,542,-1,376,542,377,-1,377,542,543,-1,377,543,532,-1,532,543,271,-1,532,271,537,-1,537,271,273,-1,537,273,536,-1,536,273,385,-1,536,385,535,-1,535,385,387,-1,535,387,534,-1,534,387,389,-1,534,389,533,-1,533,389,391,-1,533,391,122,-1,122,391,124,-1,216,128,391,-1,391,128,126,-1,391,126,124,-1,131,130,544,-1,544,130,216,-1,544,216,545,-1,545,216,390,-1,545,390,546,-1,546,390,388,-1,546,388,547,-1,547,388,386,-1,547,386,279,-1,279,386,276,-1,279,276,277,-1,277,276,275,-1,278,280,279,-1,279,280,282,-1,279,282,547,-1,547,282,392,-1,547,392,546,-1,546,392,394,-1,546,394,545,-1,545,394,396,-1,545,396,544,-1,544,396,398,-1,544,398,131,-1,131,398,133,-1,215,137,398,-1,398,137,135,-1,398,135,133,-1,141,139,548,-1,548,139,215,-1,548,215,549,-1,549,215,397,-1,549,397,550,-1,550,397,395,-1,550,395,551,-1,551,395,393,-1,551,393,241,-1,241,393,244,-1,241,244,239,-1,239,244,243,-1,240,552,241,-1,241,552,553,-1,241,553,551,-1,551,553,554,-1,551,554,550,-1,550,554,555,-1,550,555,549,-1,549,555,556,-1,549,556,548,-1,548,556,214,-1,548,214,141,-1,141,214,143,-1,146,144,213,-1,213,144,214,-1,213,214,557,-1,557,214,556,-1,557,556,558,-1,558,556,555,-1,558,555,559,-1,559,555,554,-1,559,554,560,-1,560,554,553,-1,560,553,561,-1,561,553,552,-1,150,148,212,-1,212,148,213,-1,212,213,562,-1,562,213,557,-1,562,557,563,-1,563,557,558,-1,563,558,564,-1,564,558,559,-1,564,559,565,-1,565,559,560,-1,565,560,566,-1,566,560,561,-1,153,152,567,-1,567,152,212,-1,567,212,568,-1,568,212,562,-1,568,562,569,-1,569,562,563,-1,569,563,570,-1,570,563,564,-1,570,564,571,-1,571,564,565,-1,571,565,572,-1,572,565,566,-1,572,399,571,-1,571,399,401,-1,571,401,570,-1,570,401,403,-1,570,403,569,-1,569,403,405,-1,569,405,568,-1,568,405,407,-1,568,407,567,-1,567,407,409,-1,567,409,153,-1,153,409,155,-1,211,159,409,-1,409,159,157,-1,409,157,155,-1,163,161,573,-1,573,161,211,-1,573,211,574,-1,574,211,408,-1,574,408,575,-1,575,408,406,-1,575,406,576,-1,576,406,404,-1,576,404,577,-1,577,404,402,-1,577,402,578,-1,578,402,400,-1,578,410,577,-1,577,410,412,-1,577,412,576,-1,576,412,414,-1,576,414,575,-1,575,414,416,-1,575,416,574,-1,574,416,418,-1,574,418,573,-1,573,418,420,-1,573,420,163,-1,163,420,165,-1,210,168,420,-1,420,168,166,-1,420,166,165,-1,172,170,579,-1,579,170,210,-1,579,210,580,-1,580,210,419,-1,580,419,581,-1,581,419,417,-1,581,417,582,-1,582,417,415,-1,582,415,583,-1,583,415,413,-1,583,413,584,-1,584,413,411,-1,584,585,583,-1,583,585,586,-1,583,586,582,-1,582,586,587,-1,582,587,581,-1,581,587,588,-1,581,588,580,-1,580,588,589,-1,580,589,579,-1,579,589,209,-1,579,209,172,-1,172,209,174,-1,177,175,429,-1,429,175,209,-1,429,209,427,-1,427,209,589,-1,427,589,425,-1,425,589,588,-1,425,588,423,-1,423,588,587,-1,423,587,421,-1,421,587,586,-1,421,586,590,-1,590,586,585,-1,208,181,429,-1,429,181,179,-1,429,179,177,-1,184,183,591,-1,591,183,208,-1,591,208,592,-1,592,208,428,-1,592,428,593,-1,593,428,426,-1,593,426,594,-1,594,426,424,-1,594,424,595,-1,595,424,422,-1,595,430,594,-1,594,430,432,-1,594,432,593,-1,593,432,434,-1,593,434,592,-1,592,434,436,-1,592,436,591,-1,591,436,438,-1,591,438,184,-1,184,438,186,-1,207,190,438,-1,438,190,188,-1,438,188,186,-1,194,192,596,-1,596,192,207,-1,596,207,597,-1,597,207,437,-1,597,437,598,-1,598,437,435,-1,598,435,599,-1,599,435,433,-1,599,433,238,-1,238,433,431,-1,238,431,284,-1,284,431,430,-1,284,430,600,-1,600,430,595,-1,600,595,601,-1,601,595,422,-1,601,422,602,-1,602,422,421,-1,602,421,603,-1,603,421,590,-1,237,233,238,-1,238,233,235,-1,238,235,599,-1,599,235,441,-1,599,441,598,-1,598,441,443,-1,598,443,597,-1,597,443,445,-1,597,445,596,-1,596,445,447,-1,596,447,194,-1,194,447,196,-1,206,199,447,-1,447,199,197,-1,447,197,196,-1,203,201,604,-1,604,201,206,-1,604,206,605,-1,605,206,446,-1,605,446,606,-1,606,446,444,-1,606,444,607,-1,607,444,442,-1,607,442,608,-1,608,442,440,-1,608,440,609,-1,609,440,439,-1,609,610,608,-1,608,610,611,-1,608,611,607,-1,607,611,612,-1,607,612,606,-1,606,612,613,-1,606,613,605,-1,605,613,614,-1,605,614,604,-1,604,614,615,-1,604,615,203,-1,203,615,205,-1,616,617,618,-1,619,620,621,-1,622,623,624,-1,625,626,627,-1,628,629,630,-1,631,632,633,-1,634,635,636,-1,637,638,639,-1,640,641,642,-1,643,644,645,-1,646,647,648,-1,649,650,651,-1,652,653,654,-1,655,656,657,-1,658,659,660,-1,661,662,663,-1,664,665,666,-1,667,668,669,-1,670,671,672,-1,673,674,675,-1,676,677,678,-1,679,680,681,-1,682,683,684,-1,685,686,687,-1,688,689,690,-1,691,692,693,-1,694,695,696,-1,697,698,699,-1,699,698,700,-1,699,700,701,-1,701,700,702,-1,701,702,703,-1,703,702,704,-1,703,704,705,-1,705,704,706,-1,705,706,707,-1,707,706,696,-1,708,709,710,-1,710,709,711,-1,710,711,712,-1,712,711,713,-1,712,713,714,-1,714,713,715,-1,714,715,716,-1,716,715,717,-1,716,717,718,-1,718,717,693,-1,719,720,721,-1,721,720,722,-1,721,722,723,-1,723,722,724,-1,723,724,725,-1,725,724,726,-1,725,726,727,-1,727,726,728,-1,727,728,729,-1,729,728,681,-1,730,731,732,-1,732,731,733,-1,732,733,734,-1,734,733,735,-1,734,735,736,-1,736,735,737,-1,736,737,738,-1,738,737,739,-1,738,739,740,-1,740,739,678,-1,741,742,743,-1,743,742,744,-1,743,744,745,-1,745,744,746,-1,745,746,747,-1,747,746,748,-1,747,748,749,-1,749,748,750,-1,749,750,751,-1,751,750,672,-1,752,753,754,-1,754,753,755,-1,754,755,756,-1,756,755,757,-1,756,757,758,-1,758,757,759,-1,758,759,760,-1,760,759,761,-1,760,761,762,-1,762,761,669,-1,763,764,765,-1,765,764,766,-1,765,766,767,-1,767,766,768,-1,767,768,769,-1,769,768,770,-1,769,770,771,-1,771,770,772,-1,771,772,773,-1,773,772,666,-1,774,775,776,-1,776,775,777,-1,776,777,778,-1,778,777,779,-1,778,779,780,-1,780,779,781,-1,780,781,782,-1,782,781,783,-1,782,783,784,-1,784,783,660,-1,785,786,787,-1,787,786,788,-1,787,788,789,-1,789,788,790,-1,789,790,791,-1,791,790,792,-1,791,792,793,-1,793,792,794,-1,793,794,795,-1,795,794,657,-1,796,797,798,-1,798,797,799,-1,798,799,800,-1,800,799,801,-1,800,801,802,-1,802,801,803,-1,802,803,804,-1,804,803,805,-1,804,805,806,-1,806,805,654,-1,807,808,809,-1,809,808,810,-1,809,810,811,-1,811,810,812,-1,811,812,813,-1,813,812,814,-1,813,814,815,-1,815,814,816,-1,815,816,817,-1,817,816,648,-1,818,819,820,-1,820,819,821,-1,820,821,822,-1,822,821,823,-1,822,823,824,-1,824,823,825,-1,824,825,826,-1,826,825,827,-1,826,827,828,-1,828,827,645,-1,829,830,831,-1,831,830,832,-1,831,832,833,-1,833,832,834,-1,833,834,835,-1,835,834,836,-1,835,836,837,-1,837,836,838,-1,837,838,839,-1,839,838,633,-1,840,841,842,-1,842,841,843,-1,842,843,844,-1,844,843,845,-1,844,845,846,-1,846,845,847,-1,846,847,848,-1,848,847,849,-1,848,849,850,-1,850,849,630,-1,851,852,853,-1,853,852,854,-1,853,854,855,-1,855,854,856,-1,855,856,857,-1,857,856,858,-1,857,858,859,-1,859,858,860,-1,859,860,861,-1,861,860,624,-1,862,863,864,-1,864,863,865,-1,864,865,866,-1,866,865,867,-1,866,867,868,-1,868,867,869,-1,868,869,870,-1,870,869,871,-1,870,871,872,-1,872,871,621,-1,873,874,875,-1,875,874,876,-1,875,876,877,-1,877,876,878,-1,877,878,879,-1,879,878,880,-1,879,880,881,-1,881,880,882,-1,881,882,883,-1,883,882,618,-1,884,697,885,-1,885,697,699,-1,885,699,886,-1,886,699,701,-1,886,701,887,-1,887,701,703,-1,887,703,888,-1,888,703,705,-1,888,705,889,-1,889,705,707,-1,889,707,890,-1,890,707,891,-1,696,695,707,-1,707,695,892,-1,707,892,891,-1,893,694,894,-1,894,694,696,-1,894,696,895,-1,895,696,706,-1,895,706,896,-1,896,706,704,-1,896,704,897,-1,897,704,702,-1,897,702,898,-1,898,702,700,-1,898,700,899,-1,899,700,698,-1,899,708,898,-1,898,708,710,-1,898,710,897,-1,897,710,712,-1,897,712,896,-1,896,712,714,-1,896,714,895,-1,895,714,716,-1,895,716,894,-1,894,716,718,-1,894,718,893,-1,893,718,900,-1,693,692,718,-1,718,692,901,-1,718,901,900,-1,902,691,903,-1,903,691,693,-1,903,693,904,-1,904,693,717,-1,904,717,905,-1,905,717,715,-1,905,715,906,-1,906,715,713,-1,906,713,907,-1,907,713,711,-1,907,711,908,-1,908,711,709,-1,908,909,907,-1,907,909,910,-1,907,910,906,-1,906,910,911,-1,906,911,905,-1,905,911,912,-1,905,912,904,-1,904,912,913,-1,904,913,903,-1,903,913,690,-1,903,690,902,-1,902,690,689,-1,686,688,687,-1,687,688,690,-1,687,690,914,-1,914,690,913,-1,914,913,915,-1,915,913,912,-1,915,912,916,-1,916,912,911,-1,916,911,917,-1,917,911,910,-1,917,910,918,-1,918,910,909,-1,683,685,684,-1,684,685,687,-1,684,687,919,-1,919,687,914,-1,919,914,920,-1,920,914,915,-1,920,915,921,-1,921,915,916,-1,921,916,922,-1,922,916,917,-1,922,917,923,-1,923,917,918,-1,924,682,925,-1,925,682,684,-1,925,684,926,-1,926,684,919,-1,926,919,927,-1,927,919,920,-1,927,920,928,-1,928,920,921,-1,928,921,929,-1,929,921,922,-1,929,922,930,-1,930,922,923,-1,930,719,929,-1,929,719,721,-1,929,721,928,-1,928,721,723,-1,928,723,927,-1,927,723,725,-1,927,725,926,-1,926,725,727,-1,926,727,925,-1,925,727,729,-1,925,729,924,-1,924,729,931,-1,681,680,729,-1,729,680,932,-1,729,932,931,-1,933,679,934,-1,934,679,681,-1,934,681,935,-1,935,681,728,-1,935,728,936,-1,936,728,726,-1,936,726,937,-1,937,726,724,-1,937,724,938,-1,938,724,722,-1,938,722,939,-1,939,722,720,-1,939,730,938,-1,938,730,732,-1,938,732,937,-1,937,732,734,-1,937,734,936,-1,936,734,736,-1,936,736,935,-1,935,736,738,-1,935,738,934,-1,934,738,740,-1,934,740,933,-1,933,740,940,-1,678,677,740,-1,740,677,941,-1,740,941,940,-1,942,676,943,-1,943,676,678,-1,943,678,944,-1,944,678,739,-1,944,739,945,-1,945,739,737,-1,945,737,946,-1,946,737,735,-1,946,735,947,-1,947,735,733,-1,947,733,948,-1,948,733,731,-1,948,949,947,-1,947,949,950,-1,947,950,946,-1,946,950,951,-1,946,951,945,-1,945,951,952,-1,945,952,944,-1,944,952,953,-1,944,953,943,-1,943,953,675,-1,943,675,942,-1,942,675,674,-1,954,673,751,-1,751,673,675,-1,751,675,749,-1,749,675,953,-1,749,953,747,-1,747,953,952,-1,747,952,745,-1,745,952,951,-1,745,951,743,-1,743,951,950,-1,743,950,741,-1,741,950,949,-1,672,671,751,-1,751,671,955,-1,751,955,954,-1,956,670,957,-1,957,670,672,-1,957,672,958,-1,958,672,750,-1,958,750,959,-1,959,750,748,-1,959,748,960,-1,960,748,746,-1,960,746,961,-1,961,746,744,-1,961,744,962,-1,962,744,742,-1,962,752,961,-1,961,752,754,-1,961,754,960,-1,960,754,756,-1,960,756,959,-1,959,756,758,-1,959,758,958,-1,958,758,760,-1,958,760,957,-1,957,760,762,-1,957,762,956,-1,956,762,963,-1,669,668,762,-1,762,668,964,-1,762,964,963,-1,965,667,966,-1,966,667,669,-1,966,669,967,-1,967,669,761,-1,967,761,968,-1,968,761,759,-1,968,759,969,-1,969,759,757,-1,969,757,970,-1,970,757,755,-1,970,755,971,-1,971,755,753,-1,971,763,970,-1,970,763,765,-1,970,765,969,-1,969,765,767,-1,969,767,968,-1,968,767,769,-1,968,769,967,-1,967,769,771,-1,967,771,966,-1,966,771,773,-1,966,773,965,-1,965,773,972,-1,666,665,773,-1,773,665,973,-1,773,973,972,-1,974,664,975,-1,975,664,666,-1,975,666,976,-1,976,666,772,-1,976,772,977,-1,977,772,770,-1,977,770,978,-1,978,770,768,-1,978,768,979,-1,979,768,766,-1,979,766,980,-1,980,766,764,-1,980,981,979,-1,979,981,982,-1,979,982,978,-1,978,982,983,-1,978,983,977,-1,977,983,984,-1,977,984,976,-1,976,984,985,-1,976,985,975,-1,975,985,663,-1,975,663,974,-1,974,663,662,-1,986,661,784,-1,784,661,663,-1,784,663,782,-1,782,663,985,-1,782,985,780,-1,780,985,984,-1,780,984,778,-1,778,984,983,-1,778,983,776,-1,776,983,982,-1,776,982,774,-1,774,982,981,-1,660,659,784,-1,784,659,987,-1,784,987,986,-1,988,658,989,-1,989,658,660,-1,989,660,990,-1,990,660,783,-1,990,783,991,-1,991,783,781,-1,991,781,992,-1,992,781,779,-1,992,779,993,-1,993,779,777,-1,993,777,994,-1,994,777,775,-1,994,785,993,-1,993,785,787,-1,993,787,992,-1,992,787,789,-1,992,789,991,-1,991,789,791,-1,991,791,990,-1,990,791,793,-1,990,793,989,-1,989,793,795,-1,989,795,988,-1,988,795,995,-1,657,656,795,-1,795,656,996,-1,795,996,995,-1,997,655,998,-1,998,655,657,-1,998,657,999,-1,999,657,794,-1,999,794,1000,-1,1000,794,792,-1,1000,792,1001,-1,1001,792,790,-1,1001,790,1002,-1,1002,790,788,-1,1002,788,1003,-1,1003,788,786,-1,1003,796,1002,-1,1002,796,798,-1,1002,798,1001,-1,1001,798,800,-1,1001,800,1000,-1,1000,800,802,-1,1000,802,999,-1,999,802,804,-1,999,804,998,-1,998,804,806,-1,998,806,997,-1,997,806,1004,-1,654,653,806,-1,806,653,1005,-1,806,1005,1004,-1,650,652,651,-1,651,652,654,-1,651,654,1006,-1,1006,654,805,-1,1006,805,1007,-1,1007,805,803,-1,1007,803,1008,-1,1008,803,801,-1,1008,801,1009,-1,1009,801,799,-1,1009,799,1010,-1,1010,799,797,-1,1011,649,1012,-1,1012,649,651,-1,1012,651,1013,-1,1013,651,1006,-1,1013,1006,1014,-1,1014,1006,1007,-1,1014,1007,1015,-1,1015,1007,1008,-1,1015,1008,1016,-1,1016,1008,1009,-1,1016,1009,1017,-1,1017,1009,1010,-1,1017,807,1016,-1,1016,807,809,-1,1016,809,1015,-1,1015,809,811,-1,1015,811,1014,-1,1014,811,813,-1,1014,813,1013,-1,1013,813,815,-1,1013,815,1012,-1,1012,815,817,-1,1012,817,1011,-1,1011,817,1018,-1,648,647,817,-1,817,647,1019,-1,817,1019,1018,-1,1020,646,1021,-1,1021,646,648,-1,1021,648,1022,-1,1022,648,816,-1,1022,816,1023,-1,1023,816,814,-1,1023,814,1024,-1,1024,814,812,-1,1024,812,1025,-1,1025,812,810,-1,1025,810,1026,-1,1026,810,808,-1,1026,818,1025,-1,1025,818,820,-1,1025,820,1024,-1,1024,820,822,-1,1024,822,1023,-1,1023,822,824,-1,1023,824,1022,-1,1022,824,826,-1,1022,826,1021,-1,1021,826,828,-1,1021,828,1020,-1,1020,828,1027,-1,645,644,828,-1,828,644,1028,-1,828,1028,1027,-1,1029,643,1030,-1,1030,643,645,-1,1030,645,1031,-1,1031,645,827,-1,1031,827,1032,-1,1032,827,825,-1,1032,825,1033,-1,1033,825,823,-1,1033,823,1034,-1,1034,823,821,-1,1034,821,1035,-1,1035,821,819,-1,1035,1036,1034,-1,1034,1036,1037,-1,1034,1037,1033,-1,1033,1037,1038,-1,1033,1038,1032,-1,1032,1038,1039,-1,1032,1039,1031,-1,1031,1039,1040,-1,1031,1040,1030,-1,1030,1040,642,-1,1030,642,1029,-1,1029,642,641,-1,638,640,639,-1,639,640,642,-1,639,642,1041,-1,1041,642,1040,-1,1041,1040,1042,-1,1042,1040,1039,-1,1042,1039,1043,-1,1043,1039,1038,-1,1043,1038,1044,-1,1044,1038,1037,-1,1044,1037,1045,-1,1045,1037,1036,-1,635,637,636,-1,636,637,639,-1,636,639,1046,-1,1046,639,1041,-1,1046,1041,1047,-1,1047,1041,1042,-1,1047,1042,1048,-1,1048,1042,1043,-1,1048,1043,1049,-1,1049,1043,1044,-1,1049,1044,1050,-1,1050,1044,1045,-1,1051,634,1052,-1,1052,634,636,-1,1052,636,1053,-1,1053,636,1046,-1,1053,1046,1054,-1,1054,1046,1047,-1,1054,1047,1055,-1,1055,1047,1048,-1,1055,1048,1056,-1,1056,1048,1049,-1,1056,1049,1057,-1,1057,1049,1050,-1,1057,829,1056,-1,1056,829,831,-1,1056,831,1055,-1,1055,831,833,-1,1055,833,1054,-1,1054,833,835,-1,1054,835,1053,-1,1053,835,837,-1,1053,837,1052,-1,1052,837,839,-1,1052,839,1051,-1,1051,839,1058,-1,633,632,839,-1,839,632,1059,-1,839,1059,1058,-1,1060,631,1061,-1,1061,631,633,-1,1061,633,1062,-1,1062,633,838,-1,1062,838,1063,-1,1063,838,836,-1,1063,836,1064,-1,1064,836,834,-1,1064,834,1065,-1,1065,834,832,-1,1065,832,1066,-1,1066,832,830,-1,1066,840,1065,-1,1065,840,842,-1,1065,842,1064,-1,1064,842,844,-1,1064,844,1063,-1,1063,844,846,-1,1063,846,1062,-1,1062,846,848,-1,1062,848,1061,-1,1061,848,850,-1,1061,850,1060,-1,1060,850,1067,-1,630,629,850,-1,850,629,1068,-1,850,1068,1067,-1,1069,628,1070,-1,1070,628,630,-1,1070,630,1071,-1,1071,630,849,-1,1071,849,1072,-1,1072,849,847,-1,1072,847,1073,-1,1073,847,845,-1,1073,845,1074,-1,1074,845,843,-1,1074,843,1075,-1,1075,843,841,-1,1075,1076,1074,-1,1074,1076,1077,-1,1074,1077,1073,-1,1073,1077,1078,-1,1073,1078,1072,-1,1072,1078,1079,-1,1072,1079,1071,-1,1071,1079,1080,-1,1071,1080,1070,-1,1070,1080,627,-1,1070,627,1069,-1,1069,627,626,-1,1081,625,861,-1,861,625,627,-1,861,627,859,-1,859,627,1080,-1,859,1080,857,-1,857,1080,1079,-1,857,1079,855,-1,855,1079,1078,-1,855,1078,853,-1,853,1078,1077,-1,853,1077,851,-1,851,1077,1076,-1,624,623,861,-1,861,623,1082,-1,861,1082,1081,-1,1083,622,1084,-1,1084,622,624,-1,1084,624,1085,-1,1085,624,860,-1,1085,860,1086,-1,1086,860,858,-1,1086,858,1087,-1,1087,858,856,-1,1087,856,1088,-1,1088,856,854,-1,1088,854,1089,-1,1089,854,852,-1,1089,862,1088,-1,1088,862,864,-1,1088,864,1087,-1,1087,864,866,-1,1087,866,1086,-1,1086,866,868,-1,1086,868,1085,-1,1085,868,870,-1,1085,870,1084,-1,1084,870,872,-1,1084,872,1083,-1,1083,872,1090,-1,621,620,872,-1,872,620,1091,-1,872,1091,1090,-1,1092,619,1093,-1,1093,619,621,-1,1093,621,1094,-1,1094,621,871,-1,1094,871,1095,-1,1095,871,869,-1,1095,869,1096,-1,1096,869,867,-1,1096,867,1097,-1,1097,867,865,-1,1097,865,1098,-1,1098,865,863,-1,1098,873,1097,-1,1097,873,875,-1,1097,875,1096,-1,1096,875,877,-1,1096,877,1095,-1,1095,877,879,-1,1095,879,1094,-1,1094,879,881,-1,1094,881,1093,-1,1093,881,883,-1,1093,883,1092,-1,1092,883,1099,-1,618,617,883,-1,883,617,1100,-1,883,1100,1099,-1,1101,616,1102,-1,1102,616,618,-1,1102,618,1103,-1,1103,618,882,-1,1103,882,1104,-1,1104,882,880,-1,1104,880,1105,-1,1105,880,878,-1,1105,878,1106,-1,1106,878,876,-1,1106,876,1107,-1,1107,876,874,-1,1107,1108,1106,-1,1106,1108,1109,-1,1106,1109,1105,-1,1105,1109,1110,-1,1105,1110,1104,-1,1104,1110,1111,-1,1104,1111,1103,-1,1103,1111,1112,-1,1103,1112,1102,-1,1102,1112,1113,-1,1102,1113,1101,-1,1101,1113,1114,-1,
        ]
    }
}
Shape{
    appearance Appearance {
        material  Material {
            diffuseColor 1.0 1.0 1.0
            specularColor 0.8784313725490196 0.8784313725490196 0.8784313725490196
            ambientIntensity 1.0
            transparency 0.0
            shininess 0.5
        }
    }
    geometry IndexedFaceSet {
        ccw TRUE
        solid FALSE
        coord DEF co Coordinate {
            point [
                -2.2681 -4.3671 7.0986, -2.3613 -4.3174 7.5403, -2.3613 -4.3174 6.7745, -2.3613 -4.3174 6.7529, -2.2681 -4.3671 6.7529, -2.2681 -4.3671 6.7745, -2.0 -4.4962 7.4539, -2.0 -4.4962 7.5403, -2.1003 -4.4478 7.4539, -2.1013 -4.4497 7.5403, -2.2681 -4.3671 7.4539, -2.2681 -4.3671 7.185, -2.1013 -4.4497 7.185, -2.1005 -4.4482 7.0986, -2.0175 -4.4883 7.185, -2.0175 -4.4883 7.0986
            ]
        }
        coordIndex [
            0,1,2,-1,3,4,2,-1,2,4,5,-1,2,5,0,-1,6,7,8,-1,8,7,9,-1,8,9,10,-1,10,9,1,-1,10,1,11,-1,11,1,0,-1,11,0,12,-1,12,0,13,-1,12,13,14,-1,14,13,15,-1,
        ]
    }
}
Shape{
    appearance Appearance {
        material  Material {
            diffuseColor 0.054901960784313725 0.054901960784313725 0.054901960784313725
            specularColor 0.047058823529411764 0.047058823529411764 0.047058823529411764
            ambientIntensity 0.0549
            transparency 0.0
            shininess 0.5
        }
    }
    geometry IndexedFaceSet {
        ccw TRUE
        solid FALSE
        coord DEF co Coordinate {
            point [
                3.3249 3.6286 2.1316, 3.3158 3.6187 2.0297, 3.0591 3.8382 2.0297, 3.2893 3.5897 1.9347, 3.0346 3.8075 1.9347, 3.247 3.5436 1.8532, 2.9956 3.7586 1.8532, 2.8817 3.8431 1.8532, 2.7655 4.0072 1.9347, 2.7299 3.9557 1.8532, 2.4912 4.1086 1.8532, 2.4833 4.1879 1.9347, 2.4514 4.1341 1.8532, 2.1612 4.293 1.8532, 2.1894 4.3488 1.9347, 2.0754 4.3325 1.8532, 1.885 4.4891 1.9347, 1.8608 4.4314 1.8532, 1.5718 4.6082 1.9347, 1.6399 4.5154 1.8532, 1.5516 4.5489 1.8532, 1.235 4.6449 1.8532, 1.2511 4.7054 1.9347, 1.189 4.6554 1.8532, 0.9245 4.7803 1.9347, 0.9126 4.7188 1.8532, 0.5935 4.8325 1.9347, 0.7259 4.7483 1.8532, 0.5858 4.7704 1.8532, 0.2563 4.7994 1.8532, 0.2597 4.8619 1.9347, -0.0744 4.8057 1.8532, -0.0754 4.8682 1.9347, -0.216 4.7986 1.8532, -0.4101 4.8515 1.9347, -0.4048 4.7892 1.8532, -0.6863 4.7555 1.8532, -0.7428 4.8118 1.9347, -0.7333 4.75 1.8532, -1.0582 4.6883 1.8532, -1.072 4.7493 1.9347, -1.1496 4.6643 1.8532, -1.3962 4.6643 1.9347, -1.3782 4.6043 1.8532, -1.7137 4.5572 1.9347, -1.6021 4.5288 1.8532, -1.6917 4.4986 1.8532, -1.9971 4.3716 1.8532, -2.0231 4.4285 1.9347, -2.0394 4.3505 1.8532, -2.3229 4.2788 1.9347, -2.2931 4.2238 1.8532, -2.6117 4.1089 1.9347, -2.456 4.128 1.8532, -2.5782 4.0561 1.8532, -2.851 3.8691 1.8532, -2.8882 3.9195 1.9347, -3.1104 3.6638 1.8532, -3.1509 3.7115 1.9347, -3.2153 3.5684 1.8532, -3.3987 3.486 1.9347, -3.3551 3.4412 1.8532, -3.5511 3.2364 1.8532, -3.6305 3.2439 1.9347, -3.5838 3.2022 1.8532, -3.7956 2.9481 1.8532, -3.845 2.9865 1.9347, -3.8509 2.8715 1.8532, -4.0413 2.7149 1.9347, -3.9894 2.68 1.8532, -4.2185 2.4305 1.9347, -4.1143 2.4794 1.8532, -4.1643 2.3992 1.8532, -4.3194 2.1071 1.8532, -4.3756 2.1345 1.9347, -4.3386 2.0639 1.8532, -4.5121 1.8284 1.9347, -4.4541 1.805 1.8532, -4.6272 1.5137 1.9347, -4.519 1.6274 1.8532, -4.5677 1.4943 1.8532, -4.6596 1.1765 1.8532, -4.7203 1.1918 1.9347, -4.7295 0.8532 1.8532, -4.7911 0.8643 1.9347, -4.7499 0.7129 1.8532, -4.8392 0.5327 1.9347, -4.777 0.5258 1.8532, -4.7983 0.2431 1.8532, -4.8643 0.1985 1.9347, -4.8018 0.196 1.8532, -4.8039 -0.1348 1.8532, -4.8664 -0.1366 1.9347, -4.798 -0.2291 1.8532, -4.8455 -0.471 1.9347, -4.7832 -0.465 1.8532, -4.8016 -0.8032 1.9347, -4.7523 -0.6992 1.8532, -4.7399 -0.7929 1.8532, -4.6741 -1.1171 1.8532, -4.7349 -1.1316 1.9347, -4.6615 -1.1626 1.8532, -4.6459 -1.4547 1.9347, -4.5862 -1.436 1.8532, -4.5348 -1.7708 1.9347, -4.5235 -1.6143 1.8532, -4.4765 -1.7481 1.8532, -4.3456 -2.0519 1.8532, -4.4022 -2.0786 1.9347, -4.1942 -2.346 1.8532, -4.2488 -2.3765 1.9347, -4.1207 -2.4672 1.8532, -4.0752 -2.6632 1.9347, -4.0228 -2.6289 1.8532, -3.8596 -2.8608 1.8532, -3.8823 -2.9372 1.9347, -3.8324 -2.8994 1.8532, -3.6239 -3.1562 1.8532, -3.6711 -3.1973 1.9347, -3.5594 -3.2253 1.8532, -3.4424 -3.4423 1.9347, -3.3982 -3.398 1.8532, -3.1974 -3.6709 1.9347, -3.2254 -3.5593 1.8532, -3.1564 -3.6237 1.8532, -2.8996 -3.8323 1.8532, -2.9373 -3.8822 1.9347, -2.8609 -3.8595 1.8532, -2.6633 -4.0751 1.9347, -2.6291 -4.0227 1.8532, -2.3766 -4.2486 1.9347, -2.4674 -4.1206 1.8532, -2.3461 -4.194 1.8532, -2.052 -4.3455 1.8532, -2.0787 -4.4021 1.9347, -1.7482 -4.4764 1.8532, -1.771 -4.5346 1.9347, -1.6145 -4.5233 1.8532, -1.4548 -4.6457 1.9347, -1.4361 -4.586 1.8532, -1.1628 -4.6614 1.8532, -1.1318 -4.7348 1.9347, -1.1172 -4.674 1.8532, -0.7931 -4.7397 1.8532, -0.8034 -4.8015 1.9347, -0.6994 -4.7521 1.8532, -0.4712 -4.8454 1.9347, -0.4651 -4.7831 1.8532, -0.1367 -4.8663 1.9347, -0.2293 -4.7978 1.8532, -0.135 -4.8038 1.8532, 0.1958 -4.8017 1.8532, 0.1984 -4.8642 1.9347, 0.2429 -4.7981 1.8532, 0.5325 -4.839 1.9347, 0.5257 -4.7768 1.8532, 0.8641 -4.7909 1.9347, 0.7127 -4.7497 1.8532, 0.853 -4.7294 1.8532, 1.1764 -4.6595 1.8532, 1.1917 -4.7202 1.9347, 1.4941 -4.5675 1.8532, 1.5136 -4.627 1.9347, 1.6273 -4.5189 1.8532, 1.8283 -4.5119 1.9347, 1.8048 -4.454 1.8532, 2.0638 -4.3385 1.8532, 2.1344 -4.3755 1.9347, 2.1069 -4.3193 1.8532, 2.3991 -4.1641 1.8532, 2.4303 -4.2183 1.9347, 2.4793 -4.1141 1.8532, 2.7148 -4.0412 1.9347, 2.6799 -3.9892 1.8532, 2.9863 -3.8449 1.9347, 2.8714 -3.8508 1.8532, 2.948 -3.7954 1.8532, 3.2021 -3.5837 1.8532, 3.2438 -3.6303 1.9347, 3.2362 -3.551 1.8532, 3.4858 -3.3986 1.9347, 3.441 -3.3549 1.8532, 3.7114 -3.1508 1.9347, 3.5683 -3.2151 1.8532, 3.6637 -3.1103 1.8532, 3.869 -2.8509 1.8532, 3.9193 -2.888 1.9347, 4.0559 -2.578 1.8532, 4.1087 -2.6116 1.9347, 4.1278 -2.4558 1.8532, 4.2787 -2.3228 1.9347, 4.2237 -2.2929 1.8532, 4.3503 -2.0392 1.8532, 4.4283 -2.0229 1.9347, 4.3714 -1.9969 1.8532, 4.4985 -1.6915 1.8532, 4.557 -1.7135 1.9347, 4.5287 -1.602 1.8532, 4.6641 -1.396 1.9347, 4.6042 -1.3781 1.8532, 4.7491 -1.0719 1.9347, 4.6641 -1.1495 1.8532, 4.6881 -1.0581 1.8532, 4.7498 -0.7331 1.8532, 4.8116 -0.7427 1.9347, 4.7554 -0.6862 1.8532, 4.8514 -0.4099 1.9347, 4.789 -0.4046 1.8532, 4.8681 -0.0752 1.9347, 4.7984 -0.2159 1.8532, 4.8055 -0.0743 1.8532, 4.7993 0.2565 1.8532, 4.8617 0.2598 1.9347, 4.7703 0.586 1.8532, 4.8324 0.5936 1.9347, 4.7482 0.726 1.8532, 4.7801 0.9246 1.9347, 4.7187 0.9127 1.8532, 4.6553 1.1891 1.8532, 4.7052 1.2512 1.9347, 4.6447 1.2352 1.8532, 4.5488 1.5517 1.8532, 4.608 1.5719 1.9347, 4.5152 1.6401 1.8532, 4.489 1.8852 1.9347, 4.4313 1.861 1.8532, 4.3487 2.1895 1.9347, 4.3324 2.0755 1.8532, 4.2928 2.1614 1.8532, 4.134 2.4515 1.8532, 4.1878 2.4834 1.9347, 4.1085 2.4913 1.8532, 4.0071 2.7656 1.9347, 3.9556 2.7301 1.8532, 3.8073 3.0347 1.9347, 3.8429 2.8819 1.8532, 3.7584 2.9957 1.8532, 3.5435 3.2471 1.8532, 3.5896 3.2894 1.9347, 2.7878 4.0396 2.0297, 2.5034 4.2218 2.0297, 2.207 4.384 2.0297, 1.9003 4.5254 2.0297, 1.5845 4.6454 2.0297, 1.2612 4.7434 2.0297, 0.9319 4.8189 2.0297, 0.5983 4.8716 2.0297, 0.2618 4.9012 2.0297, -0.076 4.9075 2.0297, -0.4134 4.8907 2.0297, -0.7488 4.8507 2.0297, -1.0807 4.7876 2.0297, -1.4074 4.702 2.0297, -1.7275 4.594 2.0297, -2.0394 4.4643 2.0297, -2.3417 4.3134 2.0297, -2.6328 4.1421 2.0297, -2.9115 3.9512 2.0297, -3.1764 3.7415 2.0297, -3.4262 3.5141 2.0297, -3.6598 3.2701 2.0297, -3.8761 3.0106 2.0297, -4.074 2.7368 2.0297, -4.2525 2.4501 2.0297, -4.411 2.1518 2.0297, -4.5485 1.8432 2.0297, -4.6645 1.5259 2.0297, -4.7584 1.2015 2.0297, -4.8298 0.8713 2.0297, -4.8783 0.537 2.0297, -4.9036 0.2001 2.0297, -4.9058 -0.1377 2.0297, -4.8846 -0.4748 2.0297, -4.8404 -0.8097 2.0297, -4.7732 -1.1408 2.0297, -4.6834 -1.4664 2.0297, -4.5714 -1.7851 2.0297, -4.4378 -2.0954 2.0297, -4.2831 -2.3957 2.0297, -4.1081 -2.6847 2.0297, -3.9137 -2.9609 2.0297, -3.7007 -3.2231 2.0297, -3.4702 -3.4701 2.0297, -3.2233 -3.7006 2.0297, -2.9611 -3.9136 2.0297, -2.6848 -4.108 2.0297, -2.3959 -4.2829 2.0297, -2.0955 -4.4376 2.0297, -1.7853 -4.5713 2.0297, -1.4666 -4.6833 2.0297, -1.1409 -4.7731 2.0297, -0.8099 -4.8402 2.0297, -0.475 -4.8845 2.0297, -0.1378 -4.9056 2.0297, 0.2 -4.9035 2.0297, 0.5368 -4.8781 2.0297, 0.8711 -4.8296 2.0297, 1.2013 -4.7583 2.0297, 1.5258 -4.6644 2.0297, 1.8431 -4.5484 2.0297, 2.1516 -4.4108 2.0297, 2.4499 -4.2524 2.0297, 2.7367 -4.0738 2.0297, 3.0105 -3.8759 2.0297, 3.27 -3.6597 2.0297, 3.514 -3.4261 2.0297, 3.7414 -3.1762 2.0297, 3.951 -2.9113 2.0297, 4.1419 -2.6327 2.0297, 4.3132 -2.3415 2.0297, 4.4641 -2.0393 2.0297, 4.5938 -1.7274 2.0297, 4.7018 -1.4073 2.0297, 4.7875 -1.0805 2.0297, 4.8505 -0.7487 2.0297, 4.8905 -0.4132 2.0297, 4.9074 -0.0758 2.0297, 4.901 0.2619 2.0297, 4.8714 0.5984 2.0297, 4.8187 0.9321 2.0297, 4.7432 1.2613 2.0297, 4.6452 1.5846 2.0297, 4.5252 1.9004 2.0297, 4.3838 2.2072 2.0297, 4.2216 2.5035 2.0297, 4.0394 2.788 2.0297, 3.8381 3.0592 2.0297, 3.6186 3.316 2.0297, 3.0674 3.8487 2.1316, 2.7954 4.0506 2.1316, 2.5102 4.2333 2.1316, 2.2131 4.3959 2.1316, 1.9055 4.5378 2.1316, 1.5888 4.6581 2.1316, 1.2646 4.7563 2.1316, 0.9345 4.832 2.1316, 0.5999 4.8849 2.1316, 0.2625 4.9146 2.1316, -0.0762 4.921 2.1316, -0.4145 4.9041 2.1316, -0.7508 4.8639 2.1316, -1.0836 4.8007 2.1316, -1.4113 4.7148 2.1316, -1.7322 4.6065 2.1316, -2.045 4.4765 2.1316, -2.3481 4.3252 2.1316, -2.64 4.1534 2.1316, -2.9195 3.962 2.1316, -3.1851 3.7517 2.1316, -3.4356 3.5237 2.1316, -3.6698 3.279 2.1316, -3.8867 3.0188 2.1316, -4.0851 2.7443 2.1316, -4.2642 2.4568 2.1316, -4.423 2.1576 2.1316, -4.561 1.8483 2.1316, -4.6773 1.5301 2.1316, -4.7714 1.2047 2.1316, -4.843 0.8737 2.1316, -4.8916 0.5384 2.1316, -4.917 0.2007 2.1316, -4.9192 -0.1381 2.1316, -4.898 -0.4761 2.1316, -4.8536 -0.8119 2.1316, -4.7862 -1.1439 2.1316, -4.6962 -1.4705 2.1316, -4.5839 -1.79 2.1316, -4.4499 -2.1011 2.1316, -4.2948 -2.4023 2.1316, -4.1194 -2.692 2.1316, -3.9244 -2.969 2.1316, -3.7108 -3.2319 2.1316, -3.4797 -3.4796 2.1316, -3.2321 -3.7107 2.1316, -2.9692 -3.9242 2.1316, -2.6922 -4.1192 2.1316, -2.4024 -4.2947 2.1316, -2.1013 -4.4497 2.1316, -1.7902 -4.5838 2.1316, -1.4706 -4.6961 2.1316, -1.1441 -4.7861 2.1316, -0.8121 -4.8535 2.1316, -0.4763 -4.8979 2.1316, -0.1382 -4.919 2.1316, 0.2005 -4.9169 2.1316, 0.5383 -4.8915 2.1316, 0.8735 -4.8429 2.1316, 1.2046 -4.7713 2.1316, 1.53 -4.6771 2.1316, 1.8481 -4.5608 2.1316, 2.1575 -4.4229 2.1316, 2.4566 -4.264 2.1316, 2.7442 -4.0849 2.1316, 3.0187 -3.8865 2.1316, 3.2789 -3.6697 2.1316, 3.5236 -3.4354 2.1316, 3.7516 -3.1849 2.1316, 3.9618 -2.9193 2.1316, 4.1533 -2.6399 2.1316, 4.325 -2.3479 2.1316, 4.4763 -2.0449 2.1316, 4.6064 -1.7321 2.1316, 4.7147 -1.4111 2.1316, 4.8006 -1.0835 2.1316, 4.8638 -0.7507 2.1316, 4.9039 -0.4144 2.1316, 4.9208 -0.0761 2.1316, 4.9144 0.2626 2.1316, 4.8847 0.6 2.1316, 4.8319 0.9346 2.1316, 4.7562 1.2648 2.1316, 4.6579 1.589 2.1316, 4.5376 1.9056 2.1316, 4.3958 2.2132 2.1316, 4.2332 2.5103 2.1316, 4.0505 2.7956 2.1316, 3.8486 3.0676 2.1316, 3.6285 3.325 2.1316, 3.6285 3.325 1.018, 3.6186 3.316 1.1199, 3.8381 3.0592 1.1199, 3.5896 3.2894 1.2149, 3.8073 3.0347 1.2149, 3.5435 3.2471 1.2964, 3.7584 2.9957 1.2964, 3.8429 2.8819 1.2964, 4.0071 2.7656 1.2149, 3.9556 2.7301 1.2964, 4.1085 2.4913 1.2964, 4.1878 2.4834 1.2149, 4.134 2.4515 1.2964, 4.2928 2.1614 1.2964, 4.3487 2.1895 1.2149, 4.3324 2.0755 1.2964, 4.489 1.8852 1.2149, 4.4313 1.861 1.2964, 4.608 1.5719 1.2149, 4.5152 1.6401 1.2964, 4.5488 1.5517 1.2964, 4.6447 1.2352 1.2964, 4.7052 1.2512 1.2149, 4.6553 1.1891 1.2964, 4.7801 0.9246 1.2149, 4.7187 0.9127 1.2964, 4.8324 0.5936 1.2149, 4.7482 0.726 1.2964, 4.7703 0.586 1.2964, 4.7993 0.2565 1.2964, 4.8617 0.2598 1.2149, 4.8055 -0.0743 1.2964, 4.8681 -0.0752 1.2149, 4.7984 -0.2159 1.2964, 4.8514 -0.4099 1.2149, 4.789 -0.4046 1.2964, 4.7554 -0.6862 1.2964, 4.8116 -0.7427 1.2149, 4.7498 -0.7331 1.2964, 4.6881 -1.0581 1.2964, 4.7491 -1.0719 1.2149, 4.6641 -1.1495 1.2964, 4.6641 -1.396 1.2149, 4.6042 -1.3781 1.2964, 4.557 -1.7135 1.2149, 4.5287 -1.602 1.2964, 4.4985 -1.6915 1.2964, 4.3714 -1.9969 1.2964, 4.4283 -2.0229 1.2149, 4.3503 -2.0392 1.2964, 4.2787 -2.3228 1.2149, 4.2237 -2.2929 1.2964, 4.1087 -2.6116 1.2149, 4.1278 -2.4558 1.2964, 4.0559 -2.578 1.2964, 3.869 -2.8509 1.2964, 3.9193 -2.888 1.2149, 3.6637 -3.1103 1.2964, 3.7114 -3.1508 1.2149, 3.5683 -3.2151 1.2964, 3.4858 -3.3986 1.2149, 3.441 -3.3549 1.2964, 3.2362 -3.551 1.2964, 3.2438 -3.6303 1.2149, 3.2021 -3.5837 1.2964, 2.948 -3.7954 1.2964, 2.9863 -3.8449 1.2149, 2.8714 -3.8508 1.2964, 2.7148 -4.0412 1.2149, 2.6799 -3.9892 1.2964, 2.4303 -4.2183 1.2149, 2.4793 -4.1141 1.2964, 2.3991 -4.1641 1.2964, 2.1069 -4.3193 1.2964, 2.1344 -4.3755 1.2149, 2.0638 -4.3385 1.2964, 1.8283 -4.5119 1.2149, 1.8048 -4.454 1.2964, 1.5136 -4.627 1.2149, 1.6273 -4.5189 1.2964, 1.4941 -4.5675 1.2964, 1.1764 -4.6595 1.2964, 1.1917 -4.7202 1.2149, 0.853 -4.7294 1.2964, 0.8641 -4.7909 1.2149, 0.7127 -4.7497 1.2964, 0.5325 -4.839 1.2149, 0.5257 -4.7768 1.2964, 0.2429 -4.7981 1.2964, 0.1984 -4.8642 1.2149, 0.1958 -4.8017 1.2964, -0.135 -4.8038 1.2964, -0.1367 -4.8663 1.2149, -0.2293 -4.7978 1.2964, -0.4712 -4.8454 1.2149, -0.4651 -4.7831 1.2964, -0.8034 -4.8015 1.2149, -0.6994 -4.7521 1.2964, -0.7931 -4.7397 1.2964, -1.1172 -4.674 1.2964, -1.1318 -4.7348 1.2149, -1.1628 -4.6614 1.2964, -1.4548 -4.6457 1.2149, -1.4361 -4.586 1.2964, -1.771 -4.5346 1.2149, -1.6145 -4.5233 1.2964, -1.7482 -4.4764 1.2964, -2.052 -4.3455 1.2964, -2.0787 -4.4021 1.2149, -2.3461 -4.194 1.2964, -2.3766 -4.2486 1.2149, -2.4674 -4.1206 1.2964, -2.6633 -4.0751 1.2149, -2.6291 -4.0227 1.2964, -2.8609 -3.8595 1.2964, -2.9373 -3.8822 1.2149, -2.8996 -3.8323 1.2964, -3.1564 -3.6237 1.2964, -3.1974 -3.6709 1.2149, -3.2254 -3.5593 1.2964, -3.4424 -3.4423 1.2149, -3.3982 -3.398 1.2964, -3.6711 -3.1973 1.2149, -3.5594 -3.2253 1.2964, -3.6239 -3.1562 1.2964, -3.8324 -2.8994 1.2964, -3.8823 -2.9372 1.2149, -3.8596 -2.8608 1.2964, -4.0752 -2.6632 1.2149, -4.0228 -2.6289 1.2964, -4.2488 -2.3765 1.2149, -4.1207 -2.4672 1.2964, -4.1942 -2.346 1.2964, -4.3456 -2.0519 1.2964, -4.4022 -2.0786 1.2149, -4.4765 -1.7481 1.2964, -4.5348 -1.7708 1.2149, -4.5235 -1.6143 1.2964, -4.6459 -1.4547 1.2149, -4.5862 -1.436 1.2964, -4.6615 -1.1626 1.2964, -4.7349 -1.1316 1.2149, -4.6741 -1.1171 1.2964, -4.7399 -0.7929 1.2964, -4.8016 -0.8032 1.2149, -4.7523 -0.6992 1.2964, -4.8455 -0.471 1.2149, -4.7832 -0.465 1.2964, -4.8664 -0.1366 1.2149, -4.798 -0.2291 1.2964, -4.8039 -0.1348 1.2964, -4.8018 0.196 1.2964, -4.8643 0.1985 1.2149, -4.7983 0.2431 1.2964, -4.8392 0.5327 1.2149, -4.777 0.5258 1.2964, -4.7911 0.8643 1.2149, -4.7499 0.7129 1.2964, -4.7295 0.8532 1.2964, -4.6596 1.1765 1.2964, -4.7203 1.1918 1.2149, -4.5677 1.4943 1.2964, -4.6272 1.5137 1.2149, -4.519 1.6274 1.2964, -4.5121 1.8284 1.2149, -4.4541 1.805 1.2964, -4.3386 2.0639 1.2964, -4.3756 2.1345 1.2149, -4.3194 2.1071 1.2964, -4.1643 2.3992 1.2964, -4.2185 2.4305 1.2149, -4.1143 2.4794 1.2964, -4.0413 2.7149 1.2149, -3.9894 2.68 1.2964, -3.845 2.9865 1.2149, -3.8509 2.8715 1.2964, -3.7956 2.9481 1.2964, -3.5838 3.2022 1.2964, -3.6305 3.2439 1.2149, -3.5511 3.2364 1.2964, -3.3987 3.486 1.2149, -3.3551 3.4412 1.2964, -3.1509 3.7115 1.2149, -3.2153 3.5684 1.2964, -3.1104 3.6638 1.2964, -2.851 3.8691 1.2964, -2.8882 3.9195 1.2149, -2.5782 4.0561 1.2964, -2.6117 4.1089 1.2149, -2.456 4.128 1.2964, -2.3229 4.2788 1.2149, -2.2931 4.2238 1.2964, -2.0394 4.3505 1.2964, -2.0231 4.4285 1.2149, -1.9971 4.3716 1.2964, -1.6917 4.4986 1.2964, -1.7137 4.5572 1.2149, -1.6021 4.5288 1.2964, -1.3962 4.6643 1.2149, -1.3782 4.6043 1.2964, -1.072 4.7493 1.2149, -1.1496 4.6643 1.2964, -1.0582 4.6883 1.2964, -0.7333 4.75 1.2964, -0.7428 4.8118 1.2149, -0.6863 4.7555 1.2964, -0.4101 4.8515 1.2149, -0.4048 4.7892 1.2964, -0.0754 4.8682 1.2149, -0.216 4.7986 1.2964, -0.0744 4.8057 1.2964, 0.2563 4.7994 1.2964, 0.2597 4.8619 1.2149, 0.5858 4.7704 1.2964, 0.5935 4.8325 1.2149, 0.7259 4.7483 1.2964, 0.9245 4.7803 1.2149, 0.9126 4.7188 1.2964, 1.189 4.6554 1.2964, 1.2511 4.7054 1.2149, 1.235 4.6449 1.2964, 1.5516 4.5489 1.2964, 1.5718 4.6082 1.2149, 1.6399 4.5154 1.2964, 1.885 4.4891 1.2149, 1.8608 4.4314 1.2964, 2.1894 4.3488 1.2149, 2.0754 4.3325 1.2964, 2.1612 4.293 1.2964, 2.4514 4.1341 1.2964, 2.4833 4.1879 1.2149, 2.4912 4.1086 1.2964, 2.7655 4.0072 1.2149, 2.7299 3.9557 1.2964, 3.0346 3.8075 1.2149, 2.8817 3.8431 1.2964, 2.9956 3.7586 1.2964, 3.247 3.5436 1.2964, 3.2893 3.5897 1.2149, 4.0394 2.788 1.1199, 4.2216 2.5035 1.1199, 4.3838 2.2072 1.1199, 4.5252 1.9004 1.1199, 4.6452 1.5846 1.1199, 4.7432 1.2613 1.1199, 4.8187 0.9321 1.1199, 4.8714 0.5984 1.1199, 4.901 0.2619 1.1199, 4.9074 -0.0758 1.1199, 4.8905 -0.4132 1.1199, 4.8505 -0.7487 1.1199, 4.7875 -1.0805 1.1199, 4.7018 -1.4073 1.1199, 4.5938 -1.7274 1.1199, 4.4641 -2.0393 1.1199, 4.3132 -2.3415 1.1199, 4.1419 -2.6327 1.1199, 3.951 -2.9113 1.1199, 3.7414 -3.1762 1.1199, 3.514 -3.4261 1.1199, 3.27 -3.6597 1.1199, 3.0105 -3.8759 1.1199, 2.7367 -4.0738 1.1199, 2.4499 -4.2524 1.1199, 2.1516 -4.4108 1.1199, 1.8431 -4.5484 1.1199, 1.5258 -4.6644 1.1199, 1.2013 -4.7583 1.1199, 0.8711 -4.8296 1.1199, 0.5368 -4.8781 1.1199, 0.2 -4.9035 1.1199, -0.1378 -4.9056 1.1199, -0.475 -4.8845 1.1199, -0.8099 -4.8402 1.1199, -1.1409 -4.7731 1.1199, -1.4666 -4.6833 1.1199, -1.7853 -4.5713 1.1199, -2.0955 -4.4376 1.1199, -2.3959 -4.2829 1.1199, -2.6848 -4.108 1.1199, -2.9611 -3.9136 1.1199, -3.2233 -3.7006 1.1199, -3.4702 -3.4701 1.1199, -3.7007 -3.2231 1.1199, -3.9137 -2.9609 1.1199, -4.1081 -2.6847 1.1199, -4.2831 -2.3957 1.1199, -4.4378 -2.0954 1.1199, -4.5714 -1.7851 1.1199, -4.6834 -1.4664 1.1199, -4.7732 -1.1408 1.1199, -4.8404 -0.8097 1.1199, -4.8846 -0.4748 1.1199, -4.9058 -0.1377 1.1199, -4.9036 0.2001 1.1199, -4.8783 0.537 1.1199, -4.8298 0.8713 1.1199, -4.7584 1.2015 1.1199, -4.6645 1.5259 1.1199, -4.5485 1.8432 1.1199, -4.411 2.1518 1.1199, -4.2525 2.4501 1.1199, -4.074 2.7368 1.1199, -3.8761 3.0106 1.1199, -3.6598 3.2701 1.1199, -3.4262 3.5141 1.1199, -3.1764 3.7415 1.1199, -2.9115 3.9512 1.1199, -2.6328 4.1421 1.1199, -2.3417 4.3134 1.1199, -2.0394 4.4643 1.1199, -1.7275 4.594 1.1199, -1.4074 4.702 1.1199, -1.0807 4.7876 1.1199, -0.7488 4.8507 1.1199, -0.4134 4.8907 1.1199, -0.076 4.9075 1.1199, 0.2618 4.9012 1.1199, 0.5983 4.8716 1.1199, 0.9319 4.8189 1.1199, 1.2612 4.7434 1.1199, 1.5845 4.6454 1.1199, 1.9003 4.5254 1.1199, 2.207 4.384 1.1199, 2.5034 4.2218 1.1199, 2.7878 4.0396 1.1199, 3.0591 3.8382 1.1199, 3.3158 3.6187 1.1199, 3.8486 3.0676 1.018, 4.0505 2.7956 1.018, 4.2332 2.5103 1.018, 4.3958 2.2132 1.018, 4.5376 1.9056 1.018, 4.6579 1.589 1.018, 4.7562 1.2648 1.018, 4.8319 0.9346 1.018, 4.8847 0.6 1.018, 4.9144 0.2626 1.018, 4.9208 -0.0761 1.018, 4.9039 -0.4144 1.018, 4.8638 -0.7507 1.018, 4.8006 -1.0835 1.018, 4.7147 -1.4111 1.018, 4.6064 -1.7321 1.018, 4.4763 -2.0449 1.018, 4.325 -2.3479 1.018, 4.1533 -2.6399 1.018, 3.9618 -2.9193 1.018, 3.7516 -3.1849 1.018, 3.5236 -3.4354 1.018, 3.2789 -3.6697 1.018, 3.0187 -3.8865 1.018, 2.7442 -4.0849 1.018, 2.4566 -4.264 1.018, 2.1575 -4.4229 1.018, 1.8481 -4.5608 1.018, 1.53 -4.6771 1.018, 1.2046 -4.7713 1.018, 0.8735 -4.8429 1.018, 0.5383 -4.8915 1.018, 0.2005 -4.9169 1.018, -0.1382 -4.919 1.018, -0.4763 -4.8979 1.018, -0.8121 -4.8535 1.018, -1.1441 -4.7861 1.018, -1.4706 -4.6961 1.018, -1.7902 -4.5838 1.018, -2.1013 -4.4497 1.018, -2.4024 -4.2947 1.018, -2.6922 -4.1192 1.018, -2.9692 -3.9242 1.018, -3.2321 -3.7107 1.018, -3.4797 -3.4796 1.018, -3.7108 -3.2319 1.018, -3.9244 -2.969 1.018, -4.1194 -2.692 1.018, -4.2948 -2.4023 1.018, -4.4499 -2.1011 1.018, -4.5839 -1.79 1.018, -4.6962 -1.4705 1.018, -4.7862 -1.1439 1.018, -4.8536 -0.8119 1.018, -4.898 -0.4761 1.018, -4.9192 -0.1381 1.018, -4.917 0.2007 1.018, -4.8916 0.5384 1.018, -4.843 0.8737 1.018, -4.7714 1.2047 1.018, -4.6773 1.5301 1.018, -4.561 1.8483 1.018, -4.423 2.1576 1.018, -4.2642 2.4568 1.018, -4.0851 2.7443 1.018, -3.8867 3.0188 1.018, -3.6698 3.279 1.018, -3.4356 3.5237 1.018, -3.1851 3.7517 1.018, -2.9195 3.962 1.018, -2.64 4.1534 1.018, -2.3481 4.3252 1.018, -2.045 4.4765 1.018, -1.7322 4.6065 1.018, -1.4113 4.7148 1.018, -1.0836 4.8007 1.018, -0.7508 4.8639 1.018, -0.4145 4.9041 1.018, -0.0762 4.921 1.018, 0.2625 4.9146 1.018, 0.5999 4.8849 1.018, 0.9345 4.832 1.018, 1.2646 4.7563 1.018, 1.5888 4.6581 1.018, 1.9055 4.5378 1.018, 2.2131 4.3959 1.018, 2.5102 4.2333 1.018, 2.7954 4.0506 1.018, 3.0674 3.8487 1.018, 3.3249 3.6286 1.018, 4.6034 1.1758 1.7843, 4.3018 -2.0165 1.7843, 2.0407 -4.2901 1.7843, -1.1499 -4.6094 1.7843, -3.8166 -2.8289 1.7843, -4.7448 0.2404 1.7843, -3.5115 3.2003 1.7843, -1.5845 4.4792 1.7843, -0.6786 4.7025 1.7843, 2.4634 4.0628 1.7843, 3.5029 3.21 1.3653, 4.0627 2.4636 1.3653, 4.7444 0.2535 1.3653, 4.7024 -0.6785 1.3653, 3.8247 -2.8183 1.3653, 3.2001 -3.5114 1.3653, 1.1629 -4.6062 1.3653, 0.2403 -4.7446 1.3653, -0.6917 -4.7 1.3653, -2.0286 -4.2958 1.3653, -2.829 -3.8165 1.3653, -4.2959 -2.0284 1.3653, -4.6095 -1.1497 1.3653, -4.6063 1.1631 1.3653, -4.2903 2.0409 1.3653, -2.8184 3.8249 1.3653, -2.0166 4.302 1.3653, 0.2534 4.7445 1.3653, 1.1757 4.6035 1.3653, 2.8504 3.8013 1.3653, 2.4634 4.0628 1.3653, 2.0526 4.2851 1.3653, 1.622 4.4659 1.3653, 0.718 4.6967 1.3653, -0.2137 4.7465 1.3653, -0.6786 4.7025 1.3653, -1.1371 4.6132 1.3653, -1.5845 4.4792 1.3653, -2.4293 4.0831 1.3653, -3.1803 3.5296 1.3653, -3.5115 3.2003 1.3653, -3.8088 2.84 1.3653, -4.0692 2.4523 1.3653, -4.4699 1.6098 1.3653, -4.6983 0.7051 1.3653, -4.7448 0.2404 1.3653, -4.7454 -0.2267 1.3653, -4.7002 -0.6915 1.3653, -4.4744 -1.5968 1.3653, -4.076 -2.4404 1.3653, -3.8166 -2.8289 1.3653, -3.5204 -3.19 1.3653, -3.1901 -3.5202 1.3653, -2.4406 -4.0758 1.3653, -1.5969 -4.4742 1.3653, -1.1499 -4.6094 1.3653, -0.2268 -4.7453 1.3653, 0.705 -4.6981 1.3653, 1.6096 -4.4698 1.3653, 2.0407 -4.2901 1.3653, 2.4522 -4.069 1.3653, 2.8399 -3.8086 1.3653, 3.5295 -3.1802 1.3653, 4.083 -2.4291 1.3653, 4.3018 -2.0165 1.3653, 4.4791 -1.5844 1.3653, 4.613 -1.1369 1.3653, 4.7463 -0.2135 1.3653, 4.6966 0.7181 1.3653, 4.6034 1.1758 1.3653, 4.4657 1.6221 1.3653, 4.2849 2.0528 1.3653, 3.8012 2.8506 1.3653, 2.8504 3.8013 1.7843, 3.2099 3.5031 1.3653, 2.8275 3.7707 1.4448, 3.184 3.4749 1.4448, 2.8157 3.755 1.5307, 3.1708 3.4604 1.5307, 2.8157 3.755 1.6189, 3.1708 3.4604 1.6189, 2.8275 3.7707 1.7048, 3.184 3.4749 1.7048, 3.2099 3.5031 1.7843, 2.4436 4.0301 1.4448, 2.4334 4.0133 1.5307, 2.4334 4.0133 1.6189, 2.4436 4.0301 1.7048, 2.0526 4.2851 1.7843, 2.0361 4.2506 1.4448, 2.0276 4.2329 1.5307, 2.0276 4.2329 1.6189, 2.0361 4.2506 1.7048, 1.622 4.4659 1.7843, 1.6089 4.4299 1.4448, 1.6022 4.4115 1.5307, 1.6022 4.4115 1.6189, 1.6089 4.4299 1.7048, 1.1757 4.6035 1.7843, 1.1662 4.5665 1.4448, 1.1614 4.5475 1.5307, 1.1614 4.5475 1.6189, 1.1662 4.5665 1.7048, 0.718 4.6967 1.7843, 0.7122 4.6589 1.4448, 0.7093 4.6395 1.5307, 0.7093 4.6395 1.6189, 0.7122 4.6589 1.7048, 0.2514 4.7063 1.4448, 0.2503 4.6867 1.5307, 0.2503 4.6867 1.6189, 0.2514 4.7063 1.7048, 0.2534 4.7445 1.7843, -0.2137 4.7465 1.7843, -0.2119 4.7082 1.4448, -0.2111 4.6886 1.5307, -0.2111 4.6886 1.6189, -0.2119 4.7082 1.7048, -0.6732 4.6647 1.4448, -0.6704 4.6453 1.5307, -0.6704 4.6453 1.6189, -0.6732 4.6647 1.7048, -1.1371 4.6132 1.7843, -1.1279 4.576 1.4448, -1.1232 4.557 1.5307, -1.1232 4.557 1.6189, -1.1279 4.576 1.7048, -1.5718 4.4431 1.4448, -1.5652 4.4246 1.5307, -1.5652 4.4246 1.6189, -1.5718 4.4431 1.7048, -2.0166 4.302 1.7843, -2.0004 4.2673 1.4448, -1.9921 4.2496 1.5307, -1.9921 4.2496 1.6189, -2.0004 4.2673 1.7048, -2.4293 4.0831 1.7843, -2.4097 4.0503 1.4448, -2.3997 4.0334 1.5307, -2.3997 4.0334 1.6189, -2.4097 4.0503 1.7048, -2.7957 3.7941 1.4448, -2.7841 3.7783 1.5307, -2.7841 3.7783 1.6189, -2.7957 3.7941 1.7048, -2.8184 3.8249 1.7843, -3.1803 3.5296 1.7843, -3.1547 3.5012 1.4448, -3.1416 3.4866 1.5307, -3.1416 3.4866 1.6189, -3.1547 3.5012 1.7048, -3.4832 3.1745 1.4448, -3.4687 3.1613 1.5307, -3.4687 3.1613 1.6189, -3.4832 3.1745 1.7048, -3.8088 2.84 1.7843, -3.7781 2.8172 1.4448, -3.7624 2.8054 1.5307, -3.7624 2.8054 1.6189, -3.7781 2.8172 1.7048, -4.0692 2.4523 1.7843, -4.0364 2.4326 1.4448, -4.0196 2.4224 1.5307, -4.0196 2.4224 1.6189, -4.0364 2.4326 1.7048, -4.2903 2.0409 1.7843, -4.2557 2.0245 1.4448, -4.238 2.016 1.5307, -4.238 2.016 1.6189, -4.2557 2.0245 1.7048, -4.4699 1.6098 1.7843, -4.4339 1.5968 1.4448, -4.4155 1.5901 1.5307, -4.4155 1.5901 1.6189, -4.4339 1.5968 1.7048, -4.5693 1.1537 1.4448, -4.5502 1.1489 1.5307, -4.5502 1.1489 1.6189, -4.5693 1.1537 1.7048, -4.6063 1.1631 1.7843, -4.6983 0.7051 1.7843, -4.6604 0.6995 1.4448, -4.641 0.6966 1.5307, -4.641 0.6966 1.6189, -4.6604 0.6995 1.7048, -4.7066 0.2385 1.4448, -4.687 0.2375 1.5307, -4.687 0.2375 1.6189, -4.7066 0.2385 1.7048, -4.7454 -0.2267 1.7843, -4.7072 -0.2248 1.4448, -4.6876 -0.2239 1.5307, -4.6876 -0.2239 1.6189, -4.7072 -0.2248 1.7048, -4.7002 -0.6915 1.7843, -4.6623 -0.686 1.4448, -4.6429 -0.6831 1.5307, -4.6429 -0.6831 1.6189, -4.6623 -0.686 1.7048, -4.6095 -1.1497 1.7843, -4.5724 -1.1405 1.4448, -4.5534 -1.1357 1.5307, -4.5534 -1.1357 1.6189, -4.5724 -1.1405 1.7048, -4.4744 -1.5968 1.7843, -4.4383 -1.5839 1.4448, -4.4199 -1.5773 1.5307, -4.4199 -1.5773 1.6189, -4.4383 -1.5839 1.7048, -4.2613 -2.0121 1.4448, -4.2436 -2.0037 1.5307, -4.2436 -2.0037 1.6189, -4.2613 -2.0121 1.7048, -4.2959 -2.0284 1.7843, -4.076 -2.4404 1.7843, -4.0431 -2.4208 1.4448, -4.0263 -2.4107 1.5307, -4.0263 -2.4107 1.6189, -4.0431 -2.4208 1.7048, -3.7859 -2.8061 1.4448, -3.7701 -2.7944 1.5307, -3.7701 -2.7944 1.6189, -3.7859 -2.8061 1.7048, -3.5204 -3.19 1.7843, -3.492 -3.1643 1.4448, -3.4775 -3.1511 1.5307, -3.4775 -3.1511 1.6189, -3.492 -3.1643 1.7048, -3.1901 -3.5202 1.7843, -3.1644 -3.4919 1.4448, -3.1513 -3.4773 1.5307, -3.1513 -3.4773 1.6189, -3.1644 -3.4919 1.7048, -2.829 -3.8165 1.7843, -2.8062 -3.7857 1.4448, -2.7946 -3.77 1.5307, -2.7946 -3.77 1.6189, -2.8062 -3.7857 1.7048, -2.4406 -4.0758 1.7843, -2.4209 -4.043 1.4448, -2.4108 -4.0262 1.5307, -2.4108 -4.0262 1.6189, -2.4209 -4.043 1.7048, -2.0122 -4.2612 1.4448, -2.0038 -4.2434 1.5307, -2.0038 -4.2434 1.6189, -2.0122 -4.2612 1.7048, -2.0286 -4.2958 1.7843, -1.5969 -4.4742 1.7843, -1.5841 -4.4382 1.4448, -1.5775 -4.4197 1.5307, -1.5775 -4.4197 1.6189, -1.5841 -4.4382 1.7048, -1.1406 -4.5723 1.4448, -1.1358 -4.5533 1.5307, -1.1358 -4.5533 1.6189, -1.1406 -4.5723 1.7048, -0.6917 -4.7 1.7843, -0.6861 -4.6622 1.4448, -0.6832 -4.6428 1.5307, -0.6832 -4.6428 1.6189, -0.6861 -4.6622 1.7048, -0.2268 -4.7453 1.7843, -0.225 -4.7071 1.4448, -0.224 -4.6875 1.5307, -0.224 -4.6875 1.6189, -0.225 -4.7071 1.7048, 0.2403 -4.7446 1.7843, 0.2383 -4.7064 1.4448, 0.2373 -4.6868 1.5307, 0.2373 -4.6868 1.6189, 0.2383 -4.7064 1.7048, 0.705 -4.6981 1.7843, 0.6993 -4.6603 1.4448, 0.6964 -4.6409 1.5307, 0.6964 -4.6409 1.6189, 0.6993 -4.6603 1.7048, 1.1536 -4.5691 1.4448, 1.1488 -4.5501 1.5307, 1.1488 -4.5501 1.6189, 1.1536 -4.5691 1.7048, 1.1629 -4.6062 1.7843, 1.6096 -4.4698 1.7843, 1.5967 -4.4338 1.4448, 1.59 -4.4153 1.5307, 1.59 -4.4153 1.6189, 1.5967 -4.4338 1.7048, 2.0243 -4.2556 1.4448, 2.0159 -4.2379 1.5307, 2.0159 -4.2379 1.6189, 2.0243 -4.2556 1.7048, 2.4522 -4.069 1.7843, 2.4324 -4.0363 1.4448, 2.4223 -4.0195 1.5307, 2.4223 -4.0195 1.6189, 2.4324 -4.0363 1.7048, 2.8399 -3.8086 1.7843, 2.817 -3.7779 1.4448, 2.8053 -3.7622 1.5307, 2.8053 -3.7622 1.6189, 2.817 -3.7779 1.7048, 3.2001 -3.5114 1.7843, 3.1744 -3.4831 1.4448, 3.1612 -3.4686 1.5307, 3.1612 -3.4686 1.6189, 3.1744 -3.4831 1.7048, 3.5295 -3.1802 1.7843, 3.5011 -3.1546 1.4448, 3.4865 -3.1415 1.5307, 3.4865 -3.1415 1.6189, 3.5011 -3.1546 1.7048, 3.7939 -2.7956 1.4448, 3.7781 -2.784 1.5307, 3.7781 -2.784 1.6189, 3.7939 -2.7956 1.7048, 3.8247 -2.8183 1.7843, 4.083 -2.4291 1.7843, 4.0501 -2.4096 1.4448, 4.0333 -2.3995 1.5307, 4.0333 -2.3995 1.6189, 4.0501 -2.4096 1.7048, 4.2672 -2.0003 1.4448, 4.2494 -1.9919 1.5307, 4.2494 -1.9919 1.6189, 4.2672 -2.0003 1.7048, 4.4791 -1.5844 1.7843, 4.443 -1.5716 1.4448, 4.4245 -1.5651 1.5307, 4.4245 -1.5651 1.6189, 4.443 -1.5716 1.7048, 4.613 -1.1369 1.7843, 4.5759 -1.1278 1.4448, 4.5568 -1.1231 1.5307, 4.5568 -1.1231 1.6189, 4.5759 -1.1278 1.7048, 4.7024 -0.6785 1.7843, 4.6645 -0.673 1.4448, 4.6451 -0.6702 1.5307, 4.6451 -0.6702 1.6189, 4.6645 -0.673 1.7048, 4.7463 -0.2135 1.7843, 4.7081 -0.2118 1.4448, 4.6885 -0.2109 1.5307, 4.6885 -0.2109 1.6189, 4.7081 -0.2118 1.7048, 4.7062 0.2515 1.4448, 4.6866 0.2505 1.5307, 4.6866 0.2505 1.6189, 4.7062 0.2515 1.7048, 4.7444 0.2535 1.7843, 4.6966 0.7181 1.7843, 4.6588 0.7124 1.4448, 4.6394 0.7094 1.5307, 4.6394 0.7094 1.6189, 4.6588 0.7124 1.7048, 4.5663 1.1664 1.4448, 4.5473 1.1615 1.5307, 4.5473 1.1615 1.6189, 4.5663 1.1664 1.7048, 4.4657 1.6221 1.7843, 4.4298 1.6091 1.4448, 4.4113 1.6024 1.5307, 4.4113 1.6024 1.6189, 4.4298 1.6091 1.7048, 4.2849 2.0528 1.7843, 4.2504 2.0362 1.4448, 4.2327 2.0278 1.5307, 4.2327 2.0278 1.6189, 4.2504 2.0362 1.7048, 4.0627 2.4636 1.7843, 4.03 2.4437 1.4448, 4.0132 2.4336 1.5307, 4.0132 2.4336 1.6189, 4.03 2.4437 1.7048, 3.8012 2.8506 1.7843, 3.7706 2.8276 1.4448, 3.7549 2.8158 1.5307, 3.7549 2.8158 1.6189, 3.7706 2.8276 1.7048, 3.4747 3.1842 1.4448, 3.4603 3.1709 1.5307, 3.4603 3.1709 1.6189, 3.4747 3.1842 1.7048, 3.5029 3.21 1.7843, 0.9229 1.7537 0.3937, 1.1072 1.7537 0.3937, 1.0051 1.5235 0.3937, 1.0242 1.5235 0.3937, 1.0104 1.5044 0.3937, 1.0193 1.5043 0.3937, 1.0139 1.4848 0.3937, 1.0157 1.4848 0.3937, -1.4376 4.2935 0.3937, -1.0721 4.3965 0.3937, -1.0721 1.7719 0.3937, -0.6119 1.8258 0.3937, -0.6272 1.7719 0.3937, -0.6574 1.7719 0.3937, -0.1163 1.9688 0.3937, -0.1163 1.7719 0.3937, -0.17 1.7719 0.3937, 1.1878 1.9688 0.3937, 1.132 1.8142 0.3937, 0.9761 1.8142 0.3937, 0.7508 1.4143 0.3937, 0.9761 1.4262 0.3937, 0.9761 1.4143 0.3937, 0.9794 1.4176 0.3937, 0.8454 1.7719 0.3937, 0.7508 1.7719 0.3937, 0.771 1.9688 0.3937, 0.7508 4.464 0.3937, 0.8517 1.9688 0.3937, 0.9761 4.4161 0.3937, 0.9043 1.8142 0.3937, 3.0589 3.3384 0.3937, 3.2016 3.2018 0.3937, 1.2684 1.9688 0.3937, 3.6182 2.7221 0.3937, 3.8644 2.3596 0.3937, 1.1916 1.7719 0.3937, 3.3382 3.0591 0.3937, 4.0744 1.975 0.3937, 4.1609 1.7719 0.3937, 1.0533 1.4176 0.3937, 4.2462 1.572 0.3937, 4.296 1.4143 0.3937, 1.1541 4.3783 0.3937, 1.5718 4.2463 0.3937, 1.9749 4.0745 0.3937, 2.3595 3.8645 0.3937, 2.7219 3.6184 0.3937, 0.2333 1.4143 0.3937, 0.2333 1.7719 0.3937, 0.2871 1.7719 0.3937, 0.2871 1.4176 0.3937, 0.4426 1.4176 0.3937, 0.5222 1.4261 0.3937, 0.5867 1.4488 0.3937, 0.6467 1.489 0.3937, 0.6473 1.4895 0.3937, 0.6863 1.5327 0.3937, 0.7119 1.5801 0.3937, 0.7267 1.6344 0.3937, 0.7307 1.6863 0.3937, 0.6716 1.867 0.3937, 0.6262 1.9105 0.3937, 0.7229 1.76 0.3937, 0.7189 1.7719 0.3937, 0.7032 1.8177 0.3937, 0.5686 1.9439 0.3937, 0.5051 1.9628 0.3937, 0.7255 4.4694 0.3937, 0.4369 1.9688 0.3937, 0.2901 4.5186 0.3937, 0.2871 1.9688 0.3937, 0.2333 4.5194 0.3937, -0.0423 1.7719 0.3937, -0.0423 1.9083 0.3937, 0.1795 1.9083 0.3937, 0.1795 1.9688 0.3937, -0.17 1.4143 0.3937, -0.1163 1.4176 0.3937, 0.1661 1.4176 0.3937, 0.1661 1.4781 0.3937, -0.0423 1.7201 0.3937, 0.1526 1.7201 0.3937, 0.1526 1.6596 0.3937, -0.0423 1.6596 0.3937, -0.0423 1.4781 0.3937, -0.2337 1.8852 0.3937, -0.2238 1.8797 0.3937, -0.5165 1.8444 0.3937, -0.4907 1.8717 0.3937, -0.2238 1.9402 0.3937, -0.17 4.5236 0.3937, -0.148 4.5254 0.3937, -0.4568 1.8945 0.3937, -0.4167 1.9093 0.3937, -0.3653 1.915 0.3937, -0.2921 1.9069 0.3937, -0.4968 1.9501 0.3937, -0.5411 1.9218 0.3937, -0.6574 4.4769 0.3937, -0.5825 1.8782 0.3937, -0.2826 1.9644 0.3937, -0.3604 1.9753 0.3937, -0.5847 4.4899 0.3937, -0.3755 1.9755 0.3937, -0.4434 1.9685 0.3937, -0.3048 1.4143 0.3937, -0.2875 1.4154 0.3937, -0.5599 1.6991 0.3937, -0.5543 1.7588 0.3937, -0.5501 1.7719 0.3937, -0.5393 1.8062 0.3937, -0.3529 1.4714 0.3937, -0.4072 1.4775 0.3937, -0.2238 1.4327 0.3937, -0.2238 1.5067 0.3937, -0.2859 1.4801 0.3937, -0.4484 1.4924 0.3937, -0.4866 1.5179 0.3937, -0.5198 1.5546 0.3937, -0.5426 1.5972 0.3937, -0.5573 1.6562 0.3937, -0.3947 1.4143 0.3937, -0.3535 1.4109 0.3937, -0.17 -0.8658 0.3937, -0.6047 1.5628 0.3937, -0.5724 1.5113 0.3937, -0.6574 1.4143 0.3937, -0.5227 1.4634 0.3937, -0.4703 1.4333 0.3937, -0.6285 1.7674 0.3937, -0.6338 1.7036 0.3937, -0.6259 1.6252 0.3937, -0.8893 1.9083 0.3937, -0.6809 1.9083 0.3937, -0.6809 1.9688 0.3937, -1.0159 4.4124 0.3937, -0.9632 1.9688 0.3937, -0.9632 1.7719 0.3937, -1.0721 1.4143 0.3937, -0.9632 1.4176 0.3937, -0.8893 1.4176 0.3937, -2.4355 0.1538 0.3937, -2.2636 0.0578 0.3937, -2.2636 -0.1572 0.3937, -2.6826 0.4563 0.3937, -2.5781 0.2895 0.3937, -3.6416 -0.8658 0.3937, -2.5062 1.3628 0.3937, -2.632 1.2114 0.3937, -3.6416 1.4143 0.3937, -1.6731 0.0578 0.3937, -1.5013 0.1538 0.3937, -1.0721 -0.8658 0.3937, -1.3586 0.2895 0.3937, -1.2541 0.4563 0.3937, -1.6731 -0.1572 0.3937, -2.7164 1.0335 0.3937, -2.754 0.8403 0.3937, -2.7425 0.6438 0.3937, -1.1942 0.6438 0.3937, -1.1827 0.8403 0.3937, -1.2203 1.0335 0.3937, -1.3047 1.2114 0.3937, -1.4305 1.3628 0.3937, -1.5016 1.4143 0.3937, -1.59 1.4782 0.3937, -3.6416 1.7719 0.3937, -2.3468 1.4782 0.3937, -2.4351 1.4143 0.3937, -1.773 1.5505 0.3937, -1.9684 1.5751 0.3937, -2.1637 1.5505 0.3937, 2.5784 -0.2889 0.3937, 2.4358 -0.1532 0.3937, 2.2639 0.1578 0.3937, 1.6734 0.1578 0.3937, 2.2639 -0.0572 0.3937, 1.6734 -0.0572 0.3937, 1.5016 -0.1532 0.3937, 1.3589 -0.2889 0.3937, 1.2544 -0.4557 0.3937, 1.1945 -0.6432 0.3937, 0.9761 -0.8658 0.3937, 4.3782 1.1542 0.3937, 4.4692 0.7256 0.3937, 2.6829 -0.4557 0.3937, 4.5184 0.2902 0.3937, 2.7428 -0.6432 0.3937, 1.183 -0.8397 0.3937, 1.1881 -0.8658 0.3937, 1.2206 -1.0329 0.3937, 2.4432 -3.8116 0.3937, 1.9687 -1.5745 0.3937, 2.164 -1.5499 0.3937, 4.5253 -0.1478 0.3937, 4.4898 -0.5846 0.3937, 2.7543 -0.8397 0.3937, 4.4392 -0.8658 0.3937, 2.7492 -0.8658 0.3937, 4.4122 -1.0158 0.3937, 2.7167 -1.0329 0.3937, 1.305 -1.2108 0.3937, 1.4308 -1.3622 0.3937, 0.9761 -4.4158 0.3937, 1.5902 -1.4776 0.3937, 1.7733 -1.5499 0.3937, 2.0633 -4.0299 0.3937, 1.6641 -4.2104 0.3937, 1.2493 -4.3515 0.3937, 2.5065 -1.3622 0.3937, 3.4325 -2.9523 0.3937, 2.3471 -1.4776 0.3937, 3.131 -3.2703 0.3937, 2.8002 -3.5576 0.3937, 4.2933 -1.4375 0.3937, 4.1343 -1.8457 0.3937, 2.6323 -1.2108 0.3937, 3.9365 -2.2367 0.3937, 3.7018 -2.6067 0.3937, -2.6069 3.702 0.3937, -2.9525 3.4326 0.3937, -3.2704 3.1312 0.3937, -2.2368 3.9366 0.3937, -1.8459 4.1344 0.3937, -4.03 2.0635 0.3937, -3.8117 2.4434 0.3937, -3.6416 2.6825 0.3937, -3.5577 2.8004 0.3937, -4.3517 1.2494 0.3937, -4.2956 1.4143 0.3937, -4.2106 1.6642 0.3937, -4.1618 1.7719 0.3937, -4.4415 -0.8658 0.3937, -4.5012 -0.4865 0.3937, -4.5271 -0.0491 0.3937, -4.5107 0.3887 0.3937, -4.452 0.8229 0.3937, -3.7575 -2.5253 0.3937, -3.984 -2.1503 0.3937, -4.1733 -1.7551 0.3937, -4.3234 -1.3435 0.3937, -4.433 -0.9193 0.3937, -2.5255 -3.7574 0.3937, -2.8769 -3.4956 0.3937, -3.2013 -3.2012 0.3937, -3.4958 -2.8767 0.3937, -3.6416 -2.681 0.3937, -0.9194 -4.4329 0.3937, -1.0721 -4.3934 0.3937, -1.3436 -4.3233 0.3937, -1.7553 -4.1731 0.3937, -2.1504 -3.9839 0.3937, -0.4866 -4.501 0.3937, -0.6574 -4.4741 0.3937, -0.6574 -0.8658 0.3937, -0.17 -4.5198 0.3937, -0.4089 1.4154 0.3937, -0.0492 -4.527 0.3937, 0.2333 -0.8658 0.3937, 0.2333 -4.5164 0.3937, 0.3886 -4.5106 0.3937, 0.7508 -0.8658 0.3937, 0.7508 -4.4616 0.3937, 0.8228 -4.4519 0.3937, -0.8893 1.7719 0.3937, 0.361 1.4781 0.3937, 0.361 1.9083 0.3937, 0.4423 1.4781 0.3937, 0.4392 1.9083 0.3937, 0.4974 1.9029 0.3937, 0.6567 1.6878 0.3937, 0.6521 1.633 0.3937, 0.6392 1.5894 0.3937, 0.5075 1.485 0.3937, 0.5438 1.8884 0.3937, 0.5814 1.8661 0.3937, 0.6123 1.8356 0.3937, 0.6355 1.7976 0.3937, 0.6517 1.7457 0.3937, 0.62 1.5554 0.3937, 0.5933 1.527 0.3937, 0.553 1.501 0.3937
            ]
        }
        coordIndex [
            0,1,2,-1,1,3,4,-1,3,5,6,-1,3,6,4,-1,4,6,7,-1,4,7,8,-1,7,9,8,-1,8,9,10,-1,8,10,11,-1,10,12,11,-1,11,12,13,-1,11,13,14,-1,14,13,15,-1,14,15,16,-1,16,15,17,-1,16,17,18,-1,18,17,19,-1,19,20,18,-1,18,20,21,-1,18,21,22,-1,22,21,23,-1,22,23,24,-1,24,23,25,-1,24,25,26,-1,26,25,27,-1,27,28,26,-1,26,28,29,-1,26,29,30,-1,30,29,31,-1,30,31,32,-1,32,31,33,-1,32,33,34,-1,33,35,34,-1,34,35,36,-1,34,36,37,-1,36,38,37,-1,37,38,39,-1,37,39,40,-1,40,39,41,-1,40,41,42,-1,42,41,43,-1,42,43,44,-1,44,43,45,-1,45,46,44,-1,44,46,47,-1,44,47,48,-1,48,47,49,-1,48,49,50,-1,50,49,51,-1,50,51,52,-1,52,51,53,-1,53,54,52,-1,52,54,55,-1,52,55,56,-1,56,55,57,-1,56,57,58,-1,58,57,59,-1,58,59,60,-1,59,61,60,-1,60,61,62,-1,60,62,63,-1,62,64,63,-1,63,64,65,-1,63,65,66,-1,66,65,67,-1,66,67,68,-1,68,67,69,-1,68,69,70,-1,70,69,71,-1,71,72,70,-1,70,72,73,-1,70,73,74,-1,74,73,75,-1,74,75,76,-1,76,75,77,-1,76,77,78,-1,78,77,79,-1,79,80,78,-1,78,80,81,-1,78,81,82,-1,82,81,83,-1,82,83,84,-1,84,83,85,-1,84,85,86,-1,85,87,86,-1,86,87,88,-1,86,88,89,-1,88,90,89,-1,89,90,91,-1,89,91,92,-1,92,91,93,-1,92,93,94,-1,94,93,95,-1,94,95,96,-1,96,95,97,-1,97,98,96,-1,96,98,99,-1,96,99,100,-1,100,99,101,-1,100,101,102,-1,102,101,103,-1,102,103,104,-1,104,103,105,-1,105,106,104,-1,104,106,107,-1,104,107,108,-1,108,107,109,-1,108,109,110,-1,110,109,111,-1,110,111,112,-1,111,113,112,-1,112,113,114,-1,112,114,115,-1,114,116,115,-1,115,116,117,-1,115,117,118,-1,118,117,119,-1,118,119,120,-1,120,119,121,-1,120,121,122,-1,122,121,123,-1,123,124,122,-1,122,124,125,-1,122,125,126,-1,126,125,127,-1,126,127,128,-1,128,127,129,-1,128,129,130,-1,130,129,131,-1,131,132,130,-1,130,132,133,-1,130,133,134,-1,134,133,135,-1,134,135,136,-1,136,135,137,-1,136,137,138,-1,137,139,138,-1,138,139,140,-1,138,140,141,-1,140,142,141,-1,141,142,143,-1,141,143,144,-1,144,143,145,-1,144,145,146,-1,146,145,147,-1,146,147,148,-1,148,147,149,-1,149,150,148,-1,148,150,151,-1,148,151,152,-1,152,151,153,-1,152,153,154,-1,154,153,155,-1,154,155,156,-1,156,155,157,-1,157,158,156,-1,156,158,159,-1,156,159,160,-1,160,159,161,-1,160,161,162,-1,162,161,163,-1,162,163,164,-1,163,165,164,-1,164,165,166,-1,164,166,167,-1,166,168,167,-1,167,168,169,-1,167,169,170,-1,170,169,171,-1,170,171,172,-1,172,171,173,-1,172,173,174,-1,174,173,175,-1,175,176,174,-1,174,176,177,-1,174,177,178,-1,178,177,179,-1,178,179,180,-1,180,179,181,-1,180,181,182,-1,182,181,183,-1,183,184,182,-1,182,184,185,-1,182,185,186,-1,186,185,187,-1,186,187,188,-1,188,187,189,-1,188,189,190,-1,189,191,190,-1,190,191,192,-1,190,192,193,-1,192,194,193,-1,193,194,195,-1,193,195,196,-1,196,195,197,-1,196,197,198,-1,198,197,199,-1,198,199,200,-1,200,199,201,-1,201,202,200,-1,200,202,203,-1,200,203,204,-1,204,203,205,-1,204,205,206,-1,206,205,207,-1,206,207,208,-1,208,207,209,-1,209,210,208,-1,208,210,211,-1,208,211,212,-1,212,211,213,-1,212,213,214,-1,214,213,215,-1,214,215,216,-1,215,217,216,-1,216,217,218,-1,216,218,219,-1,218,220,219,-1,219,220,221,-1,219,221,222,-1,222,221,223,-1,222,223,224,-1,224,223,225,-1,224,225,226,-1,226,225,227,-1,227,228,226,-1,226,228,229,-1,226,229,230,-1,230,229,231,-1,230,231,232,-1,232,231,233,-1,232,233,234,-1,234,233,235,-1,235,236,234,-1,234,236,237,-1,234,237,238,-1,1,4,2,-1,2,4,8,-1,2,8,239,-1,239,8,11,-1,239,11,240,-1,240,11,14,-1,240,14,241,-1,241,14,16,-1,241,16,242,-1,242,16,18,-1,242,18,243,-1,243,18,22,-1,243,22,244,-1,244,22,24,-1,244,24,245,-1,245,24,26,-1,245,26,246,-1,246,26,30,-1,246,30,247,-1,247,30,32,-1,247,32,248,-1,248,32,34,-1,248,34,249,-1,249,34,37,-1,249,37,250,-1,250,37,40,-1,250,40,251,-1,251,40,42,-1,251,42,252,-1,252,42,44,-1,252,44,253,-1,253,44,48,-1,253,48,254,-1,254,48,50,-1,254,50,255,-1,255,50,52,-1,255,52,256,-1,256,52,56,-1,256,56,257,-1,257,56,58,-1,257,58,258,-1,258,58,60,-1,258,60,259,-1,259,60,63,-1,259,63,260,-1,260,63,66,-1,260,66,261,-1,261,66,68,-1,261,68,262,-1,262,68,70,-1,262,70,263,-1,263,70,74,-1,263,74,264,-1,264,74,76,-1,264,76,265,-1,265,76,78,-1,265,78,266,-1,266,78,82,-1,266,82,267,-1,267,82,84,-1,267,84,268,-1,268,84,86,-1,268,86,269,-1,269,86,89,-1,269,89,270,-1,270,89,92,-1,270,92,271,-1,271,92,94,-1,271,94,272,-1,272,94,96,-1,272,96,273,-1,273,96,100,-1,273,100,274,-1,274,100,102,-1,274,102,275,-1,275,102,104,-1,275,104,276,-1,276,104,108,-1,276,108,277,-1,277,108,110,-1,277,110,278,-1,278,110,112,-1,278,112,279,-1,279,112,115,-1,279,115,280,-1,280,115,118,-1,280,118,281,-1,281,118,120,-1,281,120,282,-1,282,120,122,-1,282,122,283,-1,283,122,126,-1,283,126,284,-1,284,126,128,-1,284,128,285,-1,285,128,130,-1,285,130,286,-1,286,130,134,-1,286,134,287,-1,287,134,136,-1,287,136,288,-1,288,136,138,-1,288,138,289,-1,289,138,141,-1,289,141,290,-1,290,141,144,-1,290,144,291,-1,291,144,146,-1,291,146,292,-1,292,146,148,-1,292,148,293,-1,293,148,152,-1,293,152,294,-1,294,152,154,-1,294,154,295,-1,295,154,156,-1,295,156,296,-1,296,156,160,-1,296,160,297,-1,297,160,162,-1,297,162,298,-1,298,162,164,-1,298,164,299,-1,299,164,167,-1,299,167,300,-1,300,167,170,-1,300,170,301,-1,301,170,172,-1,301,172,302,-1,302,172,174,-1,302,174,303,-1,303,174,178,-1,303,178,304,-1,304,178,180,-1,304,180,305,-1,305,180,182,-1,305,182,306,-1,306,182,186,-1,306,186,307,-1,307,186,188,-1,307,188,308,-1,308,188,190,-1,308,190,309,-1,309,190,193,-1,309,193,310,-1,310,193,196,-1,310,196,311,-1,311,196,198,-1,311,198,312,-1,312,198,200,-1,312,200,313,-1,313,200,204,-1,313,204,314,-1,314,204,206,-1,314,206,315,-1,315,206,208,-1,315,208,316,-1,316,208,212,-1,316,212,317,-1,317,212,214,-1,317,214,318,-1,318,214,216,-1,318,216,319,-1,319,216,219,-1,319,219,320,-1,320,219,222,-1,320,222,321,-1,321,222,224,-1,321,224,322,-1,322,224,226,-1,322,226,323,-1,323,226,230,-1,323,230,324,-1,324,230,232,-1,324,232,325,-1,325,232,234,-1,325,234,326,-1,326,234,238,-1,326,238,327,-1,0,2,328,-1,328,2,239,-1,328,239,329,-1,329,239,240,-1,329,240,330,-1,330,240,241,-1,330,241,331,-1,331,241,242,-1,331,242,332,-1,332,242,243,-1,332,243,333,-1,333,243,244,-1,333,244,334,-1,334,244,245,-1,334,245,335,-1,335,245,246,-1,335,246,336,-1,336,246,247,-1,336,247,337,-1,337,247,248,-1,337,248,338,-1,338,248,249,-1,338,249,339,-1,339,249,250,-1,339,250,340,-1,340,250,251,-1,340,251,341,-1,341,251,252,-1,341,252,342,-1,342,252,253,-1,342,253,343,-1,343,253,254,-1,343,254,344,-1,344,254,255,-1,344,255,345,-1,345,255,256,-1,345,256,346,-1,346,256,257,-1,346,257,347,-1,347,257,258,-1,347,258,348,-1,348,258,259,-1,348,259,349,-1,349,259,260,-1,349,260,350,-1,350,260,261,-1,350,261,351,-1,351,261,262,-1,351,262,352,-1,352,262,263,-1,352,263,353,-1,353,263,264,-1,353,264,354,-1,354,264,265,-1,354,265,355,-1,355,265,266,-1,355,266,356,-1,356,266,267,-1,356,267,357,-1,357,267,268,-1,357,268,358,-1,358,268,269,-1,358,269,359,-1,359,269,270,-1,359,270,360,-1,360,270,271,-1,360,271,361,-1,361,271,272,-1,361,272,362,-1,362,272,273,-1,362,273,363,-1,363,273,274,-1,363,274,364,-1,364,274,275,-1,364,275,365,-1,365,275,276,-1,365,276,366,-1,366,276,277,-1,366,277,367,-1,367,277,278,-1,367,278,368,-1,368,278,279,-1,368,279,369,-1,369,279,280,-1,369,280,370,-1,370,280,281,-1,370,281,371,-1,371,281,282,-1,371,282,372,-1,372,282,283,-1,372,283,373,-1,373,283,284,-1,373,284,374,-1,374,284,285,-1,374,285,375,-1,375,285,286,-1,375,286,376,-1,376,286,287,-1,376,287,377,-1,377,287,288,-1,377,288,378,-1,378,288,289,-1,378,289,379,-1,379,289,290,-1,379,290,380,-1,380,290,291,-1,380,291,381,-1,381,291,292,-1,381,292,382,-1,382,292,293,-1,382,293,383,-1,383,293,294,-1,383,294,384,-1,384,294,295,-1,384,295,385,-1,385,295,296,-1,385,296,386,-1,386,296,297,-1,386,297,387,-1,387,297,298,-1,387,298,388,-1,388,298,299,-1,388,299,389,-1,389,299,300,-1,389,300,390,-1,390,300,301,-1,390,301,391,-1,391,301,302,-1,391,302,392,-1,392,302,303,-1,392,303,393,-1,393,303,304,-1,393,304,394,-1,394,304,305,-1,394,305,395,-1,395,305,306,-1,395,306,396,-1,396,306,307,-1,396,307,397,-1,397,307,308,-1,397,308,398,-1,398,308,309,-1,398,309,399,-1,399,309,310,-1,399,310,400,-1,400,310,311,-1,400,311,401,-1,401,311,312,-1,401,312,402,-1,402,312,313,-1,402,313,403,-1,403,313,314,-1,403,314,404,-1,404,314,315,-1,404,315,405,-1,405,315,316,-1,405,316,406,-1,406,316,317,-1,406,317,407,-1,407,317,318,-1,407,318,408,-1,408,318,319,-1,408,319,409,-1,409,319,320,-1,409,320,410,-1,410,320,321,-1,410,321,411,-1,411,321,322,-1,411,322,412,-1,412,322,323,-1,412,323,413,-1,413,323,324,-1,413,324,414,-1,414,324,325,-1,414,325,415,-1,415,325,326,-1,415,326,416,-1,416,326,327,-1,416,327,417,-1,418,419,420,-1,419,421,422,-1,421,423,424,-1,421,424,422,-1,422,424,425,-1,422,425,426,-1,425,427,426,-1,426,427,428,-1,426,428,429,-1,428,430,429,-1,429,430,431,-1,429,431,432,-1,432,431,433,-1,432,433,434,-1,434,433,435,-1,434,435,436,-1,436,435,437,-1,437,438,436,-1,436,438,439,-1,436,439,440,-1,440,439,441,-1,440,441,442,-1,442,441,443,-1,442,443,444,-1,444,443,445,-1,445,446,444,-1,444,446,447,-1,444,447,448,-1,448,447,449,-1,448,449,450,-1,450,449,451,-1,450,451,452,-1,451,453,452,-1,452,453,454,-1,452,454,455,-1,454,456,455,-1,455,456,457,-1,455,457,458,-1,458,457,459,-1,458,459,460,-1,460,459,461,-1,460,461,462,-1,462,461,463,-1,463,464,462,-1,462,464,465,-1,462,465,466,-1,466,465,467,-1,466,467,468,-1,468,467,469,-1,468,469,470,-1,470,469,471,-1,471,472,470,-1,470,472,473,-1,470,473,474,-1,474,473,475,-1,474,475,476,-1,476,475,477,-1,476,477,478,-1,477,479,478,-1,478,479,480,-1,478,480,481,-1,480,482,481,-1,481,482,483,-1,481,483,484,-1,484,483,485,-1,484,485,486,-1,486,485,487,-1,486,487,488,-1,488,487,489,-1,489,490,488,-1,488,490,491,-1,488,491,492,-1,492,491,493,-1,492,493,494,-1,494,493,495,-1,494,495,496,-1,496,495,497,-1,497,498,496,-1,496,498,499,-1,496,499,500,-1,500,499,501,-1,500,501,502,-1,502,501,503,-1,502,503,504,-1,503,505,504,-1,504,505,506,-1,504,506,507,-1,506,508,507,-1,507,508,509,-1,507,509,510,-1,510,509,511,-1,510,511,512,-1,512,511,513,-1,512,513,514,-1,514,513,515,-1,515,516,514,-1,514,516,517,-1,514,517,518,-1,518,517,519,-1,518,519,520,-1,520,519,521,-1,520,521,522,-1,522,521,523,-1,523,524,522,-1,522,524,525,-1,522,525,526,-1,526,525,527,-1,526,527,528,-1,528,527,529,-1,528,529,530,-1,529,531,530,-1,530,531,532,-1,530,532,533,-1,532,534,533,-1,533,534,535,-1,533,535,536,-1,536,535,537,-1,536,537,538,-1,538,537,539,-1,538,539,540,-1,540,539,541,-1,541,542,540,-1,540,542,543,-1,540,543,544,-1,544,543,545,-1,544,545,546,-1,546,545,547,-1,546,547,548,-1,548,547,549,-1,549,550,548,-1,548,550,551,-1,548,551,552,-1,552,551,553,-1,552,553,554,-1,554,553,555,-1,554,555,556,-1,555,557,556,-1,556,557,558,-1,556,558,559,-1,558,560,559,-1,559,560,561,-1,559,561,562,-1,562,561,563,-1,562,563,564,-1,564,563,565,-1,564,565,566,-1,566,565,567,-1,567,568,566,-1,566,568,569,-1,566,569,570,-1,570,569,571,-1,570,571,572,-1,572,571,573,-1,572,573,574,-1,574,573,575,-1,575,576,574,-1,574,576,577,-1,574,577,578,-1,578,577,579,-1,578,579,580,-1,580,579,581,-1,580,581,582,-1,581,583,582,-1,582,583,584,-1,582,584,585,-1,584,586,585,-1,585,586,587,-1,585,587,588,-1,588,587,589,-1,588,589,590,-1,590,589,591,-1,590,591,592,-1,592,591,593,-1,593,594,592,-1,592,594,595,-1,592,595,596,-1,596,595,597,-1,596,597,598,-1,598,597,599,-1,598,599,600,-1,600,599,601,-1,601,602,600,-1,600,602,603,-1,600,603,604,-1,604,603,605,-1,604,605,606,-1,606,605,607,-1,606,607,608,-1,607,609,608,-1,608,609,610,-1,608,610,611,-1,610,612,611,-1,611,612,613,-1,611,613,614,-1,614,613,615,-1,614,615,616,-1,616,615,617,-1,616,617,618,-1,618,617,619,-1,619,620,618,-1,618,620,621,-1,618,621,622,-1,622,621,623,-1,622,623,624,-1,624,623,625,-1,624,625,626,-1,626,625,627,-1,627,628,626,-1,626,628,629,-1,626,629,630,-1,630,629,631,-1,630,631,632,-1,632,631,633,-1,632,633,634,-1,633,635,634,-1,634,635,636,-1,634,636,637,-1,636,638,637,-1,637,638,639,-1,637,639,640,-1,640,639,641,-1,640,641,642,-1,642,641,643,-1,642,643,644,-1,644,643,645,-1,645,646,644,-1,644,646,647,-1,644,647,648,-1,648,647,649,-1,648,649,650,-1,650,649,651,-1,650,651,652,-1,652,651,653,-1,653,654,652,-1,652,654,655,-1,652,655,656,-1,419,422,420,-1,420,422,426,-1,420,426,657,-1,657,426,429,-1,657,429,658,-1,658,429,432,-1,658,432,659,-1,659,432,434,-1,659,434,660,-1,660,434,436,-1,660,436,661,-1,661,436,440,-1,661,440,662,-1,662,440,442,-1,662,442,663,-1,663,442,444,-1,663,444,664,-1,664,444,448,-1,664,448,665,-1,665,448,450,-1,665,450,666,-1,666,450,452,-1,666,452,667,-1,667,452,455,-1,667,455,668,-1,668,455,458,-1,668,458,669,-1,669,458,460,-1,669,460,670,-1,670,460,462,-1,670,462,671,-1,671,462,466,-1,671,466,672,-1,672,466,468,-1,672,468,673,-1,673,468,470,-1,673,470,674,-1,674,470,474,-1,674,474,675,-1,675,474,476,-1,675,476,676,-1,676,476,478,-1,676,478,677,-1,677,478,481,-1,677,481,678,-1,678,481,484,-1,678,484,679,-1,679,484,486,-1,679,486,680,-1,680,486,488,-1,680,488,681,-1,681,488,492,-1,681,492,682,-1,682,492,494,-1,682,494,683,-1,683,494,496,-1,683,496,684,-1,684,496,500,-1,684,500,685,-1,685,500,502,-1,685,502,686,-1,686,502,504,-1,686,504,687,-1,687,504,507,-1,687,507,688,-1,688,507,510,-1,688,510,689,-1,689,510,512,-1,689,512,690,-1,690,512,514,-1,690,514,691,-1,691,514,518,-1,691,518,692,-1,692,518,520,-1,692,520,693,-1,693,520,522,-1,693,522,694,-1,694,522,526,-1,694,526,695,-1,695,526,528,-1,695,528,696,-1,696,528,530,-1,696,530,697,-1,697,530,533,-1,697,533,698,-1,698,533,536,-1,698,536,699,-1,699,536,538,-1,699,538,700,-1,700,538,540,-1,700,540,701,-1,701,540,544,-1,701,544,702,-1,702,544,546,-1,702,546,703,-1,703,546,548,-1,703,548,704,-1,704,548,552,-1,704,552,705,-1,705,552,554,-1,705,554,706,-1,706,554,556,-1,706,556,707,-1,707,556,559,-1,707,559,708,-1,708,559,562,-1,708,562,709,-1,709,562,564,-1,709,564,710,-1,710,564,566,-1,710,566,711,-1,711,566,570,-1,711,570,712,-1,712,570,572,-1,712,572,713,-1,713,572,574,-1,713,574,714,-1,714,574,578,-1,714,578,715,-1,715,578,580,-1,715,580,716,-1,716,580,582,-1,716,582,717,-1,717,582,585,-1,717,585,718,-1,718,585,588,-1,718,588,719,-1,719,588,590,-1,719,590,720,-1,720,590,592,-1,720,592,721,-1,721,592,596,-1,721,596,722,-1,722,596,598,-1,722,598,723,-1,723,598,600,-1,723,600,724,-1,724,600,604,-1,724,604,725,-1,725,604,606,-1,725,606,726,-1,726,606,608,-1,726,608,727,-1,727,608,611,-1,727,611,728,-1,728,611,614,-1,728,614,729,-1,729,614,616,-1,729,616,730,-1,730,616,618,-1,730,618,731,-1,731,618,622,-1,731,622,732,-1,732,622,624,-1,732,624,733,-1,733,624,626,-1,733,626,734,-1,734,626,630,-1,734,630,735,-1,735,630,632,-1,735,632,736,-1,736,632,634,-1,736,634,737,-1,737,634,637,-1,737,637,738,-1,738,637,640,-1,738,640,739,-1,739,640,642,-1,739,642,740,-1,740,642,644,-1,740,644,741,-1,741,644,648,-1,741,648,742,-1,742,648,650,-1,742,650,743,-1,743,650,652,-1,743,652,744,-1,744,652,656,-1,744,656,745,-1,418,420,746,-1,746,420,657,-1,746,657,747,-1,747,657,658,-1,747,658,748,-1,748,658,659,-1,748,659,749,-1,749,659,660,-1,749,660,750,-1,750,660,661,-1,750,661,751,-1,751,661,662,-1,751,662,752,-1,752,662,663,-1,752,663,753,-1,753,663,664,-1,753,664,754,-1,754,664,665,-1,754,665,755,-1,755,665,666,-1,755,666,756,-1,756,666,667,-1,756,667,757,-1,757,667,668,-1,757,668,758,-1,758,668,669,-1,758,669,759,-1,759,669,670,-1,759,670,760,-1,760,670,671,-1,760,671,761,-1,761,671,672,-1,761,672,762,-1,762,672,673,-1,762,673,763,-1,763,673,674,-1,763,674,764,-1,764,674,675,-1,764,675,765,-1,765,675,676,-1,765,676,766,-1,766,676,677,-1,766,677,767,-1,767,677,678,-1,767,678,768,-1,768,678,679,-1,768,679,769,-1,769,679,680,-1,769,680,770,-1,770,680,681,-1,770,681,771,-1,771,681,682,-1,771,682,772,-1,772,682,683,-1,772,683,773,-1,773,683,684,-1,773,684,774,-1,774,684,685,-1,774,685,775,-1,775,685,686,-1,775,686,776,-1,776,686,687,-1,776,687,777,-1,777,687,688,-1,777,688,778,-1,778,688,689,-1,778,689,779,-1,779,689,690,-1,779,690,780,-1,780,690,691,-1,780,691,781,-1,781,691,692,-1,781,692,782,-1,782,692,693,-1,782,693,783,-1,783,693,694,-1,783,694,784,-1,784,694,695,-1,784,695,785,-1,785,695,696,-1,785,696,786,-1,786,696,697,-1,786,697,787,-1,787,697,698,-1,787,698,788,-1,788,698,699,-1,788,699,789,-1,789,699,700,-1,789,700,790,-1,790,700,701,-1,790,701,791,-1,791,701,702,-1,791,702,792,-1,792,702,703,-1,792,703,793,-1,793,703,704,-1,793,704,794,-1,794,704,705,-1,794,705,795,-1,795,705,706,-1,795,706,796,-1,796,706,707,-1,796,707,797,-1,797,707,708,-1,797,708,798,-1,798,708,709,-1,798,709,799,-1,799,709,710,-1,799,710,800,-1,800,710,711,-1,800,711,801,-1,801,711,712,-1,801,712,802,-1,802,712,713,-1,802,713,803,-1,803,713,714,-1,803,714,804,-1,804,714,715,-1,804,715,805,-1,805,715,716,-1,805,716,806,-1,806,716,717,-1,806,717,807,-1,807,717,718,-1,807,718,808,-1,808,718,719,-1,808,719,809,-1,809,719,720,-1,809,720,810,-1,810,720,721,-1,810,721,811,-1,811,721,722,-1,811,722,812,-1,812,722,723,-1,812,723,813,-1,813,723,724,-1,813,724,814,-1,814,724,725,-1,814,725,815,-1,815,725,726,-1,815,726,816,-1,816,726,727,-1,816,727,817,-1,817,727,728,-1,817,728,818,-1,818,728,729,-1,818,729,819,-1,819,729,730,-1,819,730,820,-1,820,730,731,-1,820,731,821,-1,821,731,732,-1,821,732,822,-1,822,732,733,-1,822,733,823,-1,823,733,734,-1,823,734,824,-1,824,734,735,-1,824,735,825,-1,825,735,736,-1,825,736,826,-1,826,736,737,-1,826,737,827,-1,827,737,738,-1,827,738,828,-1,828,738,739,-1,828,739,829,-1,829,739,740,-1,829,740,830,-1,830,740,741,-1,830,741,831,-1,831,741,742,-1,831,742,832,-1,832,742,743,-1,832,743,833,-1,833,743,744,-1,833,744,834,-1,834,744,745,-1,834,745,835,-1,220,218,836,-1,194,192,837,-1,168,166,838,-1,142,140,839,-1,116,114,840,-1,90,88,841,-1,64,62,842,-1,46,45,843,-1,38,36,844,-1,12,10,845,-1,424,423,846,-1,430,428,847,-1,449,447,848,-1,456,454,849,-1,475,473,850,-1,482,480,851,-1,501,499,852,-1,508,506,853,-1,516,515,854,-1,527,525,855,-1,534,532,856,-1,553,551,857,-1,560,558,858,-1,579,577,859,-1,586,584,860,-1,605,603,861,-1,612,610,862,-1,631,629,863,-1,638,636,864,-1,655,654,865,-1,865,654,653,-1,865,653,651,-1,651,649,866,-1,866,649,647,-1,647,646,867,-1,867,646,645,-1,867,645,643,-1,643,641,868,-1,868,641,639,-1,638,864,639,-1,636,635,869,-1,869,635,633,-1,869,633,631,-1,629,628,870,-1,870,628,627,-1,870,627,625,-1,625,623,871,-1,871,623,621,-1,621,620,872,-1,872,620,619,-1,872,619,617,-1,617,615,873,-1,873,615,613,-1,612,862,613,-1,610,609,874,-1,874,609,607,-1,874,607,605,-1,603,602,875,-1,875,602,601,-1,875,601,599,-1,599,597,876,-1,876,597,595,-1,595,594,877,-1,877,594,593,-1,877,593,591,-1,591,589,878,-1,878,589,587,-1,586,860,587,-1,584,583,879,-1,879,583,581,-1,879,581,579,-1,577,576,880,-1,880,576,575,-1,880,575,573,-1,573,571,881,-1,881,571,569,-1,569,568,882,-1,882,568,567,-1,882,567,565,-1,565,563,883,-1,883,563,561,-1,560,858,561,-1,558,557,884,-1,884,557,555,-1,884,555,553,-1,551,550,885,-1,885,550,549,-1,885,549,547,-1,547,545,886,-1,886,545,543,-1,543,542,887,-1,887,542,541,-1,887,541,539,-1,539,537,888,-1,888,537,535,-1,534,856,535,-1,532,531,889,-1,889,531,529,-1,889,529,527,-1,525,524,890,-1,890,524,523,-1,890,523,521,-1,516,854,517,-1,521,519,891,-1,891,519,517,-1,515,513,892,-1,892,513,511,-1,892,511,509,-1,508,853,509,-1,506,505,893,-1,893,505,503,-1,893,503,501,-1,499,498,894,-1,894,498,497,-1,894,497,495,-1,495,493,895,-1,895,493,491,-1,491,490,896,-1,896,490,489,-1,896,489,487,-1,487,485,897,-1,897,485,483,-1,482,851,483,-1,480,479,898,-1,898,479,477,-1,898,477,475,-1,473,472,899,-1,899,472,471,-1,899,471,469,-1,469,467,900,-1,900,467,465,-1,465,464,901,-1,901,464,463,-1,901,463,461,-1,461,459,902,-1,902,459,457,-1,456,849,457,-1,454,453,903,-1,903,453,451,-1,903,451,449,-1,447,446,904,-1,904,446,445,-1,904,445,443,-1,443,441,905,-1,905,441,439,-1,439,438,906,-1,906,438,437,-1,906,437,435,-1,435,433,907,-1,907,433,431,-1,430,847,431,-1,428,427,908,-1,908,427,425,-1,908,425,424,-1,9,7,909,-1,909,7,6,-1,655,865,910,-1,910,865,911,-1,910,911,912,-1,912,911,913,-1,912,913,914,-1,914,913,915,-1,914,915,916,-1,916,915,917,-1,916,917,918,-1,918,917,909,-1,918,909,919,-1,919,909,6,-1,919,6,5,-1,651,866,865,-1,865,866,920,-1,865,920,911,-1,911,920,921,-1,911,921,913,-1,913,921,922,-1,913,922,915,-1,915,922,923,-1,915,923,917,-1,917,923,845,-1,917,845,909,-1,909,845,10,-1,909,10,9,-1,924,15,13,-1,647,867,866,-1,866,867,925,-1,866,925,920,-1,920,925,926,-1,920,926,921,-1,921,926,927,-1,921,927,922,-1,922,927,928,-1,922,928,923,-1,923,928,924,-1,923,924,845,-1,845,924,13,-1,845,13,12,-1,20,19,929,-1,929,19,17,-1,643,868,867,-1,867,868,930,-1,867,930,925,-1,925,930,931,-1,925,931,926,-1,926,931,932,-1,926,932,927,-1,927,932,933,-1,927,933,928,-1,928,933,929,-1,928,929,924,-1,924,929,17,-1,924,17,15,-1,934,23,21,-1,639,864,868,-1,868,864,935,-1,868,935,930,-1,930,935,936,-1,930,936,931,-1,931,936,937,-1,931,937,932,-1,932,937,938,-1,932,938,933,-1,933,938,934,-1,933,934,929,-1,929,934,21,-1,929,21,20,-1,28,27,939,-1,939,27,25,-1,636,869,864,-1,864,869,940,-1,864,940,935,-1,935,940,941,-1,935,941,936,-1,936,941,942,-1,936,942,937,-1,937,942,943,-1,937,943,938,-1,938,943,939,-1,938,939,934,-1,934,939,25,-1,934,25,23,-1,631,863,869,-1,869,863,944,-1,869,944,940,-1,940,944,945,-1,940,945,941,-1,941,945,946,-1,941,946,942,-1,942,946,947,-1,942,947,943,-1,943,947,948,-1,943,948,939,-1,939,948,29,-1,939,29,28,-1,35,33,949,-1,949,33,31,-1,629,870,863,-1,863,870,950,-1,863,950,944,-1,944,950,951,-1,944,951,945,-1,945,951,952,-1,945,952,946,-1,946,952,953,-1,946,953,947,-1,947,953,949,-1,947,949,948,-1,948,949,31,-1,948,31,29,-1,625,871,870,-1,870,871,954,-1,870,954,950,-1,950,954,955,-1,950,955,951,-1,951,955,956,-1,951,956,952,-1,952,956,957,-1,952,957,953,-1,953,957,844,-1,953,844,949,-1,949,844,36,-1,949,36,35,-1,43,41,958,-1,958,41,39,-1,621,872,871,-1,871,872,959,-1,871,959,954,-1,954,959,960,-1,954,960,955,-1,955,960,961,-1,955,961,956,-1,956,961,962,-1,956,962,957,-1,957,962,958,-1,957,958,844,-1,844,958,39,-1,844,39,38,-1,617,873,872,-1,872,873,963,-1,872,963,959,-1,959,963,964,-1,959,964,960,-1,960,964,965,-1,960,965,961,-1,961,965,966,-1,961,966,962,-1,962,966,843,-1,962,843,958,-1,958,843,45,-1,958,45,43,-1,967,49,47,-1,613,862,873,-1,873,862,968,-1,873,968,963,-1,963,968,969,-1,963,969,964,-1,964,969,970,-1,964,970,965,-1,965,970,971,-1,965,971,966,-1,966,971,967,-1,966,967,843,-1,843,967,47,-1,843,47,46,-1,54,53,972,-1,972,53,51,-1,610,874,862,-1,862,874,973,-1,862,973,968,-1,968,973,974,-1,968,974,969,-1,969,974,975,-1,969,975,970,-1,970,975,976,-1,970,976,971,-1,971,976,972,-1,971,972,967,-1,967,972,51,-1,967,51,49,-1,605,861,874,-1,874,861,977,-1,874,977,973,-1,973,977,978,-1,973,978,974,-1,974,978,979,-1,974,979,975,-1,975,979,980,-1,975,980,976,-1,976,980,981,-1,976,981,972,-1,972,981,55,-1,972,55,54,-1,61,59,982,-1,982,59,57,-1,603,875,861,-1,861,875,983,-1,861,983,977,-1,977,983,984,-1,977,984,978,-1,978,984,985,-1,978,985,979,-1,979,985,986,-1,979,986,980,-1,980,986,982,-1,980,982,981,-1,981,982,57,-1,981,57,55,-1,599,876,875,-1,875,876,987,-1,875,987,983,-1,983,987,988,-1,983,988,984,-1,984,988,989,-1,984,989,985,-1,985,989,990,-1,985,990,986,-1,986,990,842,-1,986,842,982,-1,982,842,62,-1,982,62,61,-1,991,67,65,-1,595,877,876,-1,876,877,992,-1,876,992,987,-1,987,992,993,-1,987,993,988,-1,988,993,994,-1,988,994,989,-1,989,994,995,-1,989,995,990,-1,990,995,991,-1,990,991,842,-1,842,991,65,-1,842,65,64,-1,72,71,996,-1,996,71,69,-1,591,878,877,-1,877,878,997,-1,877,997,992,-1,992,997,998,-1,992,998,993,-1,993,998,999,-1,993,999,994,-1,994,999,1000,-1,994,1000,995,-1,995,1000,996,-1,995,996,991,-1,991,996,69,-1,991,69,67,-1,1001,75,73,-1,587,860,878,-1,878,860,1002,-1,878,1002,997,-1,997,1002,1003,-1,997,1003,998,-1,998,1003,1004,-1,998,1004,999,-1,999,1004,1005,-1,999,1005,1000,-1,1000,1005,1001,-1,1000,1001,996,-1,996,1001,73,-1,996,73,72,-1,80,79,1006,-1,1006,79,77,-1,584,879,860,-1,860,879,1007,-1,860,1007,1002,-1,1002,1007,1008,-1,1002,1008,1003,-1,1003,1008,1009,-1,1003,1009,1004,-1,1004,1009,1010,-1,1004,1010,1005,-1,1005,1010,1006,-1,1005,1006,1001,-1,1001,1006,77,-1,1001,77,75,-1,579,859,879,-1,879,859,1011,-1,879,1011,1007,-1,1007,1011,1012,-1,1007,1012,1008,-1,1008,1012,1013,-1,1008,1013,1009,-1,1009,1013,1014,-1,1009,1014,1010,-1,1010,1014,1015,-1,1010,1015,1006,-1,1006,1015,81,-1,1006,81,80,-1,87,85,1016,-1,1016,85,83,-1,577,880,859,-1,859,880,1017,-1,859,1017,1011,-1,1011,1017,1018,-1,1011,1018,1012,-1,1012,1018,1019,-1,1012,1019,1013,-1,1013,1019,1020,-1,1013,1020,1014,-1,1014,1020,1016,-1,1014,1016,1015,-1,1015,1016,83,-1,1015,83,81,-1,573,881,880,-1,880,881,1021,-1,880,1021,1017,-1,1017,1021,1022,-1,1017,1022,1018,-1,1018,1022,1023,-1,1018,1023,1019,-1,1019,1023,1024,-1,1019,1024,1020,-1,1020,1024,841,-1,1020,841,1016,-1,1016,841,88,-1,1016,88,87,-1,1025,93,91,-1,569,882,881,-1,881,882,1026,-1,881,1026,1021,-1,1021,1026,1027,-1,1021,1027,1022,-1,1022,1027,1028,-1,1022,1028,1023,-1,1023,1028,1029,-1,1023,1029,1024,-1,1024,1029,1025,-1,1024,1025,841,-1,841,1025,91,-1,841,91,90,-1,98,97,1030,-1,1030,97,95,-1,565,883,882,-1,882,883,1031,-1,882,1031,1026,-1,1026,1031,1032,-1,1026,1032,1027,-1,1027,1032,1033,-1,1027,1033,1028,-1,1028,1033,1034,-1,1028,1034,1029,-1,1029,1034,1030,-1,1029,1030,1025,-1,1025,1030,95,-1,1025,95,93,-1,1035,101,99,-1,561,858,883,-1,883,858,1036,-1,883,1036,1031,-1,1031,1036,1037,-1,1031,1037,1032,-1,1032,1037,1038,-1,1032,1038,1033,-1,1033,1038,1039,-1,1033,1039,1034,-1,1034,1039,1035,-1,1034,1035,1030,-1,1030,1035,99,-1,1030,99,98,-1,106,105,1040,-1,1040,105,103,-1,558,884,858,-1,858,884,1041,-1,858,1041,1036,-1,1036,1041,1042,-1,1036,1042,1037,-1,1037,1042,1043,-1,1037,1043,1038,-1,1038,1043,1044,-1,1038,1044,1039,-1,1039,1044,1040,-1,1039,1040,1035,-1,1035,1040,103,-1,1035,103,101,-1,553,857,884,-1,884,857,1045,-1,884,1045,1041,-1,1041,1045,1046,-1,1041,1046,1042,-1,1042,1046,1047,-1,1042,1047,1043,-1,1043,1047,1048,-1,1043,1048,1044,-1,1044,1048,1049,-1,1044,1049,1040,-1,1040,1049,107,-1,1040,107,106,-1,113,111,1050,-1,1050,111,109,-1,551,885,857,-1,857,885,1051,-1,857,1051,1045,-1,1045,1051,1052,-1,1045,1052,1046,-1,1046,1052,1053,-1,1046,1053,1047,-1,1047,1053,1054,-1,1047,1054,1048,-1,1048,1054,1050,-1,1048,1050,1049,-1,1049,1050,109,-1,1049,109,107,-1,547,886,885,-1,885,886,1055,-1,885,1055,1051,-1,1051,1055,1056,-1,1051,1056,1052,-1,1052,1056,1057,-1,1052,1057,1053,-1,1053,1057,1058,-1,1053,1058,1054,-1,1054,1058,840,-1,1054,840,1050,-1,1050,840,114,-1,1050,114,113,-1,1059,119,117,-1,543,887,886,-1,886,887,1060,-1,886,1060,1055,-1,1055,1060,1061,-1,1055,1061,1056,-1,1056,1061,1062,-1,1056,1062,1057,-1,1057,1062,1063,-1,1057,1063,1058,-1,1058,1063,1059,-1,1058,1059,840,-1,840,1059,117,-1,840,117,116,-1,124,123,1064,-1,1064,123,121,-1,539,888,887,-1,887,888,1065,-1,887,1065,1060,-1,1060,1065,1066,-1,1060,1066,1061,-1,1061,1066,1067,-1,1061,1067,1062,-1,1062,1067,1068,-1,1062,1068,1063,-1,1063,1068,1064,-1,1063,1064,1059,-1,1059,1064,121,-1,1059,121,119,-1,1069,127,125,-1,535,856,888,-1,888,856,1070,-1,888,1070,1065,-1,1065,1070,1071,-1,1065,1071,1066,-1,1066,1071,1072,-1,1066,1072,1067,-1,1067,1072,1073,-1,1067,1073,1068,-1,1068,1073,1069,-1,1068,1069,1064,-1,1064,1069,125,-1,1064,125,124,-1,132,131,1074,-1,1074,131,129,-1,532,889,856,-1,856,889,1075,-1,856,1075,1070,-1,1070,1075,1076,-1,1070,1076,1071,-1,1071,1076,1077,-1,1071,1077,1072,-1,1072,1077,1078,-1,1072,1078,1073,-1,1073,1078,1074,-1,1073,1074,1069,-1,1069,1074,129,-1,1069,129,127,-1,527,855,889,-1,889,855,1079,-1,889,1079,1075,-1,1075,1079,1080,-1,1075,1080,1076,-1,1076,1080,1081,-1,1076,1081,1077,-1,1077,1081,1082,-1,1077,1082,1078,-1,1078,1082,1083,-1,1078,1083,1074,-1,1074,1083,133,-1,1074,133,132,-1,139,137,1084,-1,1084,137,135,-1,525,890,855,-1,855,890,1085,-1,855,1085,1079,-1,1079,1085,1086,-1,1079,1086,1080,-1,1080,1086,1087,-1,1080,1087,1081,-1,1081,1087,1088,-1,1081,1088,1082,-1,1082,1088,1084,-1,1082,1084,1083,-1,1083,1084,135,-1,1083,135,133,-1,521,891,890,-1,890,891,1089,-1,890,1089,1085,-1,1085,1089,1090,-1,1085,1090,1086,-1,1086,1090,1091,-1,1086,1091,1087,-1,1087,1091,1092,-1,1087,1092,1088,-1,1088,1092,839,-1,1088,839,1084,-1,1084,839,140,-1,1084,140,139,-1,1093,145,143,-1,517,854,891,-1,891,854,1094,-1,891,1094,1089,-1,1089,1094,1095,-1,1089,1095,1090,-1,1090,1095,1096,-1,1090,1096,1091,-1,1091,1096,1097,-1,1091,1097,1092,-1,1092,1097,1093,-1,1092,1093,839,-1,839,1093,143,-1,839,143,142,-1,150,149,1098,-1,1098,149,147,-1,515,892,854,-1,854,892,1099,-1,854,1099,1094,-1,1094,1099,1100,-1,1094,1100,1095,-1,1095,1100,1101,-1,1095,1101,1096,-1,1096,1101,1102,-1,1096,1102,1097,-1,1097,1102,1098,-1,1097,1098,1093,-1,1093,1098,147,-1,1093,147,145,-1,1103,153,151,-1,509,853,892,-1,892,853,1104,-1,892,1104,1099,-1,1099,1104,1105,-1,1099,1105,1100,-1,1100,1105,1106,-1,1100,1106,1101,-1,1101,1106,1107,-1,1101,1107,1102,-1,1102,1107,1103,-1,1102,1103,1098,-1,1098,1103,151,-1,1098,151,150,-1,158,157,1108,-1,1108,157,155,-1,506,893,853,-1,853,893,1109,-1,853,1109,1104,-1,1104,1109,1110,-1,1104,1110,1105,-1,1105,1110,1111,-1,1105,1111,1106,-1,1106,1111,1112,-1,1106,1112,1107,-1,1107,1112,1108,-1,1107,1108,1103,-1,1103,1108,155,-1,1103,155,153,-1,501,852,893,-1,893,852,1113,-1,893,1113,1109,-1,1109,1113,1114,-1,1109,1114,1110,-1,1110,1114,1115,-1,1110,1115,1111,-1,1111,1115,1116,-1,1111,1116,1112,-1,1112,1116,1117,-1,1112,1117,1108,-1,1108,1117,159,-1,1108,159,158,-1,165,163,1118,-1,1118,163,161,-1,499,894,852,-1,852,894,1119,-1,852,1119,1113,-1,1113,1119,1120,-1,1113,1120,1114,-1,1114,1120,1121,-1,1114,1121,1115,-1,1115,1121,1122,-1,1115,1122,1116,-1,1116,1122,1118,-1,1116,1118,1117,-1,1117,1118,161,-1,1117,161,159,-1,495,895,894,-1,894,895,1123,-1,894,1123,1119,-1,1119,1123,1124,-1,1119,1124,1120,-1,1120,1124,1125,-1,1120,1125,1121,-1,1121,1125,1126,-1,1121,1126,1122,-1,1122,1126,838,-1,1122,838,1118,-1,1118,838,166,-1,1118,166,165,-1,1127,171,169,-1,491,896,895,-1,895,896,1128,-1,895,1128,1123,-1,1123,1128,1129,-1,1123,1129,1124,-1,1124,1129,1130,-1,1124,1130,1125,-1,1125,1130,1131,-1,1125,1131,1126,-1,1126,1131,1127,-1,1126,1127,838,-1,838,1127,169,-1,838,169,168,-1,176,175,1132,-1,1132,175,173,-1,487,897,896,-1,896,897,1133,-1,896,1133,1128,-1,1128,1133,1134,-1,1128,1134,1129,-1,1129,1134,1135,-1,1129,1135,1130,-1,1130,1135,1136,-1,1130,1136,1131,-1,1131,1136,1132,-1,1131,1132,1127,-1,1127,1132,173,-1,1127,173,171,-1,1137,179,177,-1,483,851,897,-1,897,851,1138,-1,897,1138,1133,-1,1133,1138,1139,-1,1133,1139,1134,-1,1134,1139,1140,-1,1134,1140,1135,-1,1135,1140,1141,-1,1135,1141,1136,-1,1136,1141,1137,-1,1136,1137,1132,-1,1132,1137,177,-1,1132,177,176,-1,184,183,1142,-1,1142,183,181,-1,480,898,851,-1,851,898,1143,-1,851,1143,1138,-1,1138,1143,1144,-1,1138,1144,1139,-1,1139,1144,1145,-1,1139,1145,1140,-1,1140,1145,1146,-1,1140,1146,1141,-1,1141,1146,1142,-1,1141,1142,1137,-1,1137,1142,181,-1,1137,181,179,-1,475,850,898,-1,898,850,1147,-1,898,1147,1143,-1,1143,1147,1148,-1,1143,1148,1144,-1,1144,1148,1149,-1,1144,1149,1145,-1,1145,1149,1150,-1,1145,1150,1146,-1,1146,1150,1151,-1,1146,1151,1142,-1,1142,1151,185,-1,1142,185,184,-1,191,189,1152,-1,1152,189,187,-1,473,899,850,-1,850,899,1153,-1,850,1153,1147,-1,1147,1153,1154,-1,1147,1154,1148,-1,1148,1154,1155,-1,1148,1155,1149,-1,1149,1155,1156,-1,1149,1156,1150,-1,1150,1156,1152,-1,1150,1152,1151,-1,1151,1152,187,-1,1151,187,185,-1,469,900,899,-1,899,900,1157,-1,899,1157,1153,-1,1153,1157,1158,-1,1153,1158,1154,-1,1154,1158,1159,-1,1154,1159,1155,-1,1155,1159,1160,-1,1155,1160,1156,-1,1156,1160,837,-1,1156,837,1152,-1,1152,837,192,-1,1152,192,191,-1,1161,197,195,-1,465,901,900,-1,900,901,1162,-1,900,1162,1157,-1,1157,1162,1163,-1,1157,1163,1158,-1,1158,1163,1164,-1,1158,1164,1159,-1,1159,1164,1165,-1,1159,1165,1160,-1,1160,1165,1161,-1,1160,1161,837,-1,837,1161,195,-1,837,195,194,-1,202,201,1166,-1,1166,201,199,-1,461,902,901,-1,901,902,1167,-1,901,1167,1162,-1,1162,1167,1168,-1,1162,1168,1163,-1,1163,1168,1169,-1,1163,1169,1164,-1,1164,1169,1170,-1,1164,1170,1165,-1,1165,1170,1166,-1,1165,1166,1161,-1,1161,1166,199,-1,1161,199,197,-1,1171,205,203,-1,457,849,902,-1,902,849,1172,-1,902,1172,1167,-1,1167,1172,1173,-1,1167,1173,1168,-1,1168,1173,1174,-1,1168,1174,1169,-1,1169,1174,1175,-1,1169,1175,1170,-1,1170,1175,1171,-1,1170,1171,1166,-1,1166,1171,203,-1,1166,203,202,-1,210,209,1176,-1,1176,209,207,-1,454,903,849,-1,849,903,1177,-1,849,1177,1172,-1,1172,1177,1178,-1,1172,1178,1173,-1,1173,1178,1179,-1,1173,1179,1174,-1,1174,1179,1180,-1,1174,1180,1175,-1,1175,1180,1176,-1,1175,1176,1171,-1,1171,1176,207,-1,1171,207,205,-1,449,848,903,-1,903,848,1181,-1,903,1181,1177,-1,1177,1181,1182,-1,1177,1182,1178,-1,1178,1182,1183,-1,1178,1183,1179,-1,1179,1183,1184,-1,1179,1184,1180,-1,1180,1184,1185,-1,1180,1185,1176,-1,1176,1185,211,-1,1176,211,210,-1,217,215,1186,-1,1186,215,213,-1,447,904,848,-1,848,904,1187,-1,848,1187,1181,-1,1181,1187,1188,-1,1181,1188,1182,-1,1182,1188,1189,-1,1182,1189,1183,-1,1183,1189,1190,-1,1183,1190,1184,-1,1184,1190,1186,-1,1184,1186,1185,-1,1185,1186,213,-1,1185,213,211,-1,443,905,904,-1,904,905,1191,-1,904,1191,1187,-1,1187,1191,1192,-1,1187,1192,1188,-1,1188,1192,1193,-1,1188,1193,1189,-1,1189,1193,1194,-1,1189,1194,1190,-1,1190,1194,836,-1,1190,836,1186,-1,1186,836,218,-1,1186,218,217,-1,1195,223,221,-1,439,906,905,-1,905,906,1196,-1,905,1196,1191,-1,1191,1196,1197,-1,1191,1197,1192,-1,1192,1197,1198,-1,1192,1198,1193,-1,1193,1198,1199,-1,1193,1199,1194,-1,1194,1199,1195,-1,1194,1195,836,-1,836,1195,221,-1,836,221,220,-1,228,227,1200,-1,1200,227,225,-1,435,907,906,-1,906,907,1201,-1,906,1201,1196,-1,1196,1201,1202,-1,1196,1202,1197,-1,1197,1202,1203,-1,1197,1203,1198,-1,1198,1203,1204,-1,1198,1204,1199,-1,1199,1204,1200,-1,1199,1200,1195,-1,1195,1200,225,-1,1195,225,223,-1,1205,231,229,-1,431,847,907,-1,907,847,1206,-1,907,1206,1201,-1,1201,1206,1207,-1,1201,1207,1202,-1,1202,1207,1208,-1,1202,1208,1203,-1,1203,1208,1209,-1,1203,1209,1204,-1,1204,1209,1205,-1,1204,1205,1200,-1,1200,1205,229,-1,1200,229,228,-1,236,235,1210,-1,1210,235,233,-1,428,908,847,-1,847,908,1211,-1,847,1211,1206,-1,1206,1211,1212,-1,1206,1212,1207,-1,1207,1212,1213,-1,1207,1213,1208,-1,1208,1213,1214,-1,1208,1214,1209,-1,1209,1214,1210,-1,1209,1210,1205,-1,1205,1210,233,-1,1205,233,231,-1,424,846,908,-1,908,846,1215,-1,908,1215,1211,-1,1211,1215,1216,-1,1211,1216,1212,-1,1212,1216,1217,-1,1212,1217,1213,-1,1213,1217,1218,-1,1213,1218,1214,-1,1214,1218,1219,-1,1214,1219,1210,-1,1210,1219,237,-1,1210,237,236,-1,1220,1221,1222,-1,1222,1221,1223,-1,1222,1223,1224,-1,1224,1223,1225,-1,1224,1225,1226,-1,1226,1225,1227,-1,1228,1229,1230,-1,1231,1232,1233,-1,1234,1235,1236,-1,1237,1238,1239,-1,1240,1241,1242,-1,1242,1241,1243,-1,1244,1245,1246,-1,1246,1245,1247,-1,1246,1247,1248,-1,1248,1247,1249,-1,1248,1249,1250,-1,1250,1249,1239,-1,1251,1252,1253,-1,1254,1255,1256,-1,1253,1252,1256,-1,1256,1252,1257,-1,1256,1257,1254,-1,1255,1258,1256,-1,1256,1258,1259,-1,1256,1259,1260,-1,1260,1259,1261,-1,1260,1261,1262,-1,1239,1249,1237,-1,1237,1249,1263,-1,1237,1263,1264,-1,1264,1265,1237,-1,1237,1265,1266,-1,1237,1266,1253,-1,1253,1266,1267,-1,1253,1267,1251,-1,1268,1269,1270,-1,1270,1271,1268,-1,1268,1271,1272,-1,1268,1272,1240,-1,1240,1272,1273,-1,1273,1274,1240,-1,1240,1274,1275,-1,1240,1275,1276,-1,1276,1277,1240,-1,1240,1277,1278,-1,1240,1278,1279,-1,1244,1241,1245,-1,1245,1241,1240,-1,1245,1240,1280,-1,1280,1240,1279,-1,1281,1282,1247,-1,1280,1283,1245,-1,1245,1283,1284,-1,1245,1284,1247,-1,1247,1284,1285,-1,1247,1285,1281,-1,1282,1286,1247,-1,1247,1286,1287,-1,1247,1287,1288,-1,1288,1287,1289,-1,1288,1289,1290,-1,1290,1289,1291,-1,1290,1291,1292,-1,1293,1294,1269,-1,1269,1294,1295,-1,1269,1295,1296,-1,1236,1235,1297,-1,1235,1298,1297,-1,1297,1298,1299,-1,1297,1299,1268,-1,1268,1299,1300,-1,1268,1300,1269,-1,1301,1293,1302,-1,1302,1293,1269,-1,1302,1269,1303,-1,1303,1269,1300,-1,1303,1300,1304,-1,1304,1300,1305,-1,1306,1307,1236,-1,1308,1309,1306,-1,1307,1310,1236,-1,1236,1310,1311,-1,1236,1311,1234,-1,1234,1311,1312,-1,1234,1312,1296,-1,1296,1312,1292,-1,1296,1292,1269,-1,1269,1292,1291,-1,1269,1291,1270,-1,1313,1314,1315,-1,1313,1315,1309,-1,1309,1315,1316,-1,1309,1316,1306,-1,1317,1318,1319,-1,1319,1318,1320,-1,1319,1320,1231,-1,1310,1321,1311,-1,1311,1321,1322,-1,1311,1322,1323,-1,1323,1322,1324,-1,1323,1324,1319,-1,1319,1324,1325,-1,1319,1325,1317,-1,1297,1326,1327,-1,1328,1329,1236,-1,1236,1329,1330,-1,1236,1330,1306,-1,1306,1330,1331,-1,1306,1331,1308,-1,1332,1333,1236,-1,1327,1334,1297,-1,1297,1334,1335,-1,1297,1335,1236,-1,1236,1335,1336,-1,1236,1336,1332,-1,1333,1337,1236,-1,1236,1337,1338,-1,1236,1338,1339,-1,1339,1340,1236,-1,1236,1340,1341,-1,1236,1341,1328,-1,1342,1343,1344,-1,1345,1346,1347,-1,1347,1346,1348,-1,1347,1348,1349,-1,1232,1350,1233,-1,1233,1350,1351,-1,1233,1351,1347,-1,1347,1351,1352,-1,1347,1352,1345,-1,1353,1354,1233,-1,1233,1354,1355,-1,1231,1233,1319,-1,1319,1233,1355,-1,1319,1355,1356,-1,1356,1355,1357,-1,1356,1357,1229,-1,1229,1357,1230,-1,1230,1357,1358,-1,1230,1358,1359,-1,1359,1358,1360,-1,1359,1360,1361,-1,1362,1363,1364,-1,1365,1366,1367,-1,1368,1369,1370,-1,1371,1372,1373,-1,1373,1372,1374,-1,1373,1374,1375,-1,1366,1362,1367,-1,1367,1362,1364,-1,1367,1364,1373,-1,1373,1364,1376,-1,1373,1376,1371,-1,1369,1377,1370,-1,1370,1377,1378,-1,1370,1378,1367,-1,1367,1378,1379,-1,1367,1379,1365,-1,1375,1380,1373,-1,1373,1380,1381,-1,1373,1381,1359,-1,1359,1381,1382,-1,1359,1382,1383,-1,1383,1384,1359,-1,1359,1384,1385,-1,1359,1385,1230,-1,1230,1385,1386,-1,1387,1388,1370,-1,1370,1388,1389,-1,1370,1389,1368,-1,1386,1390,1230,-1,1230,1390,1391,-1,1230,1391,1387,-1,1387,1391,1392,-1,1387,1392,1388,-1,1393,1394,1262,-1,1395,1396,1242,-1,1243,1260,1242,-1,1242,1260,1262,-1,1242,1262,1395,-1,1395,1262,1394,-1,1395,1394,1397,-1,1396,1398,1242,-1,1242,1398,1399,-1,1242,1399,1400,-1,1401,1402,1403,-1,1262,1404,1393,-1,1393,1404,1405,-1,1393,1405,1406,-1,1406,1405,1407,-1,1406,1407,1408,-1,1402,1409,1403,-1,1403,1409,1410,-1,1403,1410,1411,-1,1412,1413,1414,-1,1407,1415,1408,-1,1408,1415,1416,-1,1408,1416,1417,-1,1417,1416,1418,-1,1417,1418,1419,-1,1419,1418,1420,-1,1419,1420,1421,-1,1422,1423,1424,-1,1424,1423,1425,-1,1424,1425,1426,-1,1412,1427,1413,-1,1413,1427,1428,-1,1413,1428,1426,-1,1426,1428,1429,-1,1426,1429,1424,-1,1430,1431,1432,-1,1432,1431,1433,-1,1432,1433,1414,-1,1414,1433,1434,-1,1414,1434,1412,-1,1420,1435,1421,-1,1421,1435,1436,-1,1421,1436,1437,-1,1437,1436,1438,-1,1437,1438,1430,-1,1430,1438,1439,-1,1430,1439,1431,-1,1440,1230,1441,-1,1441,1230,1442,-1,1440,1443,1230,-1,1230,1443,1444,-1,1230,1444,1228,-1,1445,1446,1387,-1,1387,1446,1447,-1,1387,1447,1230,-1,1230,1447,1448,-1,1230,1448,1442,-1,1449,1450,1370,-1,1370,1450,1451,-1,1370,1451,1387,-1,1387,1451,1452,-1,1387,1452,1445,-1,1367,1453,1454,-1,1454,1455,1367,-1,1367,1455,1456,-1,1367,1456,1370,-1,1370,1456,1457,-1,1370,1457,1449,-1,1458,1459,1367,-1,1367,1459,1460,-1,1460,1461,1367,-1,1367,1461,1462,-1,1367,1462,1453,-1,1373,1463,1464,-1,1464,1465,1373,-1,1373,1465,1466,-1,1373,1466,1367,-1,1367,1466,1467,-1,1367,1467,1458,-1,1468,1469,1373,-1,1373,1469,1470,-1,1470,1471,1373,-1,1373,1471,1472,-1,1373,1472,1463,-1,1473,1474,1475,-1,1475,1474,1468,-1,1476,1473,1344,-1,1344,1473,1475,-1,1344,1475,1342,-1,1342,1475,1347,-1,1342,1347,1477,-1,1477,1347,1349,-1,1476,1344,1478,-1,1478,1344,1479,-1,1478,1479,1480,-1,1480,1479,1481,-1,1481,1479,1482,-1,1481,1482,1483,-1,1483,1482,1484,-1,1484,1482,1403,-1,1484,1403,1424,-1,1424,1403,1411,-1,1424,1411,1422,-1,1400,1401,1242,-1,1242,1401,1403,-1,1242,1403,1240,-1,1240,1403,1482,-1,1240,1482,1268,-1,1268,1482,1479,-1,1268,1479,1297,-1,1297,1479,1344,-1,1297,1344,1326,-1,1326,1344,1343,-1,1468,1373,1475,-1,1475,1373,1359,-1,1475,1359,1347,-1,1347,1359,1361,-1,1347,1361,1233,-1,1233,1361,1485,-1,1233,1485,1353,-1,1486,1487,1488,-1,1488,1487,1489,-1,1488,1489,1490,-1,1491,1492,1488,-1,1488,1492,1493,-1,1488,1493,1494,-1,1490,1495,1488,-1,1488,1495,1496,-1,1488,1496,1497,-1,1497,1498,1488,-1,1488,1498,1499,-1,1488,1499,1491,-1,1500,1501,1493,-1,1493,1501,1502,-1,1493,1502,1494,-1,
        ]
    }
}
Shape{
    appearance Appearance {
        material  Material {
            diffuseColor 1.0 1.0 1.0
            specularColor 0.8784313725490196 0.8784313725490196 0.8784313725490196
            ambientIntensity 1.0
            transparency 0.0
            shininess 0.5
        }
    }
    geometry IndexedFaceSet {
        ccw TRUE
        solid FALSE
        coord DEF co Coordinate {
            point [
                0.8454 1.7719 0.3937, 0.771 1.9688 0.3937, 0.9229 1.7537 0.3937, 1.0104 1.5044 0.3937, 1.0139 1.4848 0.3937, 0.9761 1.4262 0.3937, 1.0051 1.5235 0.3937, 1.0157 1.4848 0.3937, 1.0533 1.4176 0.3937, 0.9794 1.4176 0.3937, 1.132 1.8142 0.3937, 1.1072 1.7537 0.3937, 0.9761 1.8142 0.3937, 0.9043 1.8142 0.3937, 0.8517 1.9688 0.3937, 1.0193 1.5043 0.3937, 1.0242 1.5235 0.3937, 1.1916 1.7719 0.3937, 1.2684 1.9688 0.3937, 1.1878 1.9688 0.3937, 0.361 1.9083 0.3937, 0.2871 1.9688 0.3937, 0.4392 1.9083 0.3937, 0.4369 1.9688 0.3937, 0.4974 1.9029 0.3937, 0.5051 1.9628 0.3937, 0.5438 1.8884 0.3937, 0.5686 1.9439 0.3937, 0.5814 1.8661 0.3937, 0.6262 1.9105 0.3937, 0.6123 1.8356 0.3937, 0.6716 1.867 0.3937, 0.6355 1.7976 0.3937, 0.62 1.5554 0.3937, 0.6473 1.4895 0.3937, 0.5933 1.527 0.3937, 0.6467 1.489 0.3937, 0.553 1.501 0.3937, 0.5867 1.4488 0.3937, 0.5075 1.485 0.3937, 0.5222 1.4261 0.3937, 0.4423 1.4781 0.3937, 0.4426 1.4176 0.3937, 0.361 1.4781 0.3937, 0.2871 1.4176 0.3937, 0.2871 1.7719 0.3937, 0.7032 1.8177 0.3937, 0.7189 1.7719 0.3937, 0.6517 1.7457 0.3937, 0.7229 1.76 0.3937, 0.6567 1.6878 0.3937, 0.7307 1.6863 0.3937, 0.6521 1.633 0.3937, 0.7267 1.6344 0.3937, 0.6392 1.5894 0.3937, 0.7119 1.5801 0.3937, 0.6863 1.5327 0.3937, -0.0423 1.7201 0.3937, -0.1163 1.4176 0.3937, -0.1163 1.7719 0.3937, 0.1795 1.9688 0.3937, 0.1795 1.9083 0.3937, -0.1163 1.9688 0.3937, -0.0423 1.9083 0.3937, -0.0423 1.7719 0.3937, 0.1661 1.4781 0.3937, 0.1661 1.4176 0.3937, -0.0423 1.4781 0.3937, -0.0423 1.6596 0.3937, 0.1526 1.6596 0.3937, 0.1526 1.7201 0.3937, -0.2859 1.4801 0.3937, -0.2238 1.5067 0.3937, -0.2238 1.4327 0.3937, -0.4167 1.9093 0.3937, -0.3755 1.9755 0.3937, -0.3653 1.915 0.3937, -0.3604 1.9753 0.3937, -0.2921 1.9069 0.3937, -0.2826 1.9644 0.3937, -0.2337 1.8852 0.3937, -0.2238 1.9402 0.3937, -0.2238 1.8797 0.3937, -0.6119 1.8258 0.3937, -0.5825 1.8782 0.3937, -0.5165 1.8444 0.3937, -0.2875 1.4154 0.3937, -0.3048 1.4143 0.3937, -0.3529 1.4714 0.3937, -0.4907 1.8717 0.3937, -0.5411 1.9218 0.3937, -0.4568 1.8945 0.3937, -0.4968 1.9501 0.3937, -0.4434 1.9685 0.3937, -0.5393 1.8062 0.3937, -0.5501 1.7719 0.3937, -0.6272 1.7719 0.3937, -0.5543 1.7588 0.3937, -0.6285 1.7674 0.3937, -0.5599 1.6991 0.3937, -0.3535 1.4109 0.3937, -0.3947 1.4143 0.3937, -0.4072 1.4775 0.3937, -0.4089 1.4154 0.3937, -0.4484 1.4924 0.3937, -0.4703 1.4333 0.3937, -0.4866 1.5179 0.3937, -0.5227 1.4634 0.3937, -0.5198 1.5546 0.3937, -0.5724 1.5113 0.3937, -0.5426 1.5972 0.3937, -0.6047 1.5628 0.3937, -0.5573 1.6562 0.3937, -0.6259 1.6252 0.3937, -0.6338 1.7036 0.3937, -0.8893 1.4176 0.3937, -0.9632 1.4176 0.3937, -0.8893 1.7719 0.3937, -0.9632 1.7719 0.3937, -0.8893 1.9083 0.3937, -0.9632 1.9688 0.3937, -0.6809 1.9083 0.3937, -0.6809 1.9688 0.3937, -2.2636 0.0578 -0.0, -2.2636 0.0578 0.3937, -2.4355 0.1538 0.3937, -2.4355 0.1538 -0.0, -2.5781 0.2895 0.3937, -2.5781 0.2895 -0.0, -2.6826 0.4563 0.3937, -2.6826 0.4563 -0.0, -2.7425 0.6438 0.3937, -2.7425 0.6438 -0.0, -2.754 0.8403 0.3937, -2.754 0.8403 -0.0, -2.7164 1.0335 0.3937, -2.7164 1.0335 -0.0, -2.632 1.2114 0.3937, -2.632 1.2114 -0.0, -2.5062 1.3628 0.3937, -2.5062 1.3628 -0.0, -2.4351 1.4143 0.3937, -2.3468 1.4782 -0.0, -2.3468 1.4782 0.3937, -2.1637 1.5505 0.3937, -2.1637 1.5505 -0.0, -1.9684 1.5751 0.3937, -1.9684 1.5751 -0.0, -1.773 1.5505 0.3937, -1.773 1.5505 -0.0, -1.59 1.4782 0.3937, -1.59 1.4782 -0.0, -1.5016 1.4143 0.3937, -1.4305 1.3628 -0.0, -1.4305 1.3628 0.3937, -1.3047 1.2114 0.3937, -1.3047 1.2114 -0.0, -1.2203 1.0335 0.3937, -1.2203 1.0335 -0.0, -1.1827 0.8403 0.3937, -1.1827 0.8403 -0.0, -1.1942 0.6438 0.3937, -1.1942 0.6438 -0.0, -1.2541 0.4563 0.3937, -1.2541 0.4563 -0.0, -1.3586 0.2895 0.3937, -1.3586 0.2895 -0.0, -1.5013 0.1538 0.3937, -1.5013 0.1538 -0.0, -1.6731 0.0578 0.3937, -1.6731 0.0578 -0.0, -1.6731 0.1578 -0.0, -2.2636 0.1578 -0.0, 2.2639 -0.0572 -0.0, 2.2639 -0.0572 0.3937, 2.4358 -0.1532 0.3937, 2.4358 -0.1532 -0.0, 2.5784 -0.2889 0.3937, 2.5784 -0.2889 -0.0, 2.6829 -0.4557 0.3937, 2.6829 -0.4557 -0.0, 2.7428 -0.6432 0.3937, 2.7428 -0.6432 -0.0, 2.7543 -0.8397 0.3937, 2.7543 -0.8397 -0.0, 2.7492 -0.8658 0.3937, 2.7167 -1.0329 -0.0, 2.7167 -1.0329 0.3937, 2.6323 -1.2108 0.3937, 2.6323 -1.2108 -0.0, 2.5065 -1.3622 0.3937, 2.5065 -1.3622 -0.0, 2.3471 -1.4776 0.3937, 2.3471 -1.4776 -0.0, 2.164 -1.5499 0.3937, 2.164 -1.5499 -0.0, 1.9687 -1.5745 0.3937, 1.9687 -1.5745 -0.0, 1.7733 -1.5499 0.3937, 1.7733 -1.5499 -0.0, 1.5902 -1.4776 0.3937, 1.5902 -1.4776 -0.0, 1.4308 -1.3622 0.3937, 1.4308 -1.3622 -0.0, 1.305 -1.2108 0.3937, 1.305 -1.2108 -0.0, 1.2206 -1.0329 0.3937, 1.2206 -1.0329 -0.0, 1.1881 -0.8658 0.3937, 1.183 -0.8397 -0.0, 1.183 -0.8397 0.3937, 1.1945 -0.6432 0.3937, 1.1945 -0.6432 -0.0, 1.2544 -0.4557 0.3937, 1.2544 -0.4557 -0.0, 1.3589 -0.2889 0.3937, 1.3589 -0.2889 -0.0, 1.5016 -0.1532 0.3937, 1.5016 -0.1532 -0.0, 1.6734 -0.0572 0.3937, 1.6734 -0.0572 -0.0, 1.6734 -0.1572 -0.0, 2.2639 -0.1572 -0.0, -1.6731 -0.1572 0.3937, -1.6731 -0.1572 -0.9843, -1.6731 0.1578 -0.9843, -1.8109 0.1578 -1.378, -2.1258 0.1578 -1.378, -2.2636 0.1578 -0.9843, -2.2636 -0.1572 0.3937, -2.2636 -0.1572 -0.9843, -1.8109 -0.1572 -1.378, -2.1258 -0.1572 -1.378, 2.2639 0.1578 0.3937, 2.2639 -0.1572 -0.9843, 2.2639 0.1578 -0.9843, 1.6734 0.1578 0.3937, 1.6734 0.1578 -0.9843, 1.8112 0.1578 -1.378, 2.1261 0.1578 -1.378, 1.6734 -0.1572 -0.9843, 1.8112 -0.1572 -1.378, 2.1261 -0.1572 -1.378
            ]
        }
        coordIndex [
            0,1,2,-1,3,4,5,-1,0,2,5,-1,5,2,6,-1,5,6,3,-1,4,7,5,-1,5,7,8,-1,5,8,9,-1,10,11,12,-1,12,11,2,-1,12,2,13,-1,13,2,1,-1,13,1,14,-1,7,15,8,-1,8,15,16,-1,8,16,17,-1,17,16,11,-1,17,11,18,-1,18,11,10,-1,18,10,19,-1,20,21,22,-1,22,21,23,-1,22,23,24,-1,24,23,25,-1,24,25,26,-1,26,25,27,-1,26,27,28,-1,28,27,29,-1,28,29,30,-1,30,29,31,-1,30,31,32,-1,33,34,35,-1,35,34,36,-1,35,36,37,-1,37,36,38,-1,37,38,39,-1,39,38,40,-1,39,40,41,-1,41,40,42,-1,41,42,43,-1,43,42,44,-1,43,44,20,-1,20,44,45,-1,20,45,21,-1,31,46,32,-1,32,46,47,-1,32,47,48,-1,48,47,49,-1,48,49,50,-1,50,49,51,-1,50,51,52,-1,52,51,53,-1,52,53,54,-1,54,53,55,-1,54,55,33,-1,33,55,56,-1,33,56,34,-1,57,58,59,-1,60,61,62,-1,62,61,63,-1,62,63,59,-1,59,63,64,-1,59,64,57,-1,65,66,67,-1,67,66,58,-1,67,58,68,-1,68,58,57,-1,68,57,69,-1,69,57,70,-1,71,72,73,-1,74,75,76,-1,76,75,77,-1,76,77,78,-1,78,77,79,-1,78,79,80,-1,80,79,81,-1,80,81,82,-1,83,84,85,-1,73,86,71,-1,71,86,87,-1,71,87,88,-1,85,84,89,-1,89,84,90,-1,89,90,91,-1,91,90,92,-1,91,92,74,-1,74,92,93,-1,74,93,75,-1,85,94,83,-1,83,94,95,-1,83,95,96,-1,96,95,97,-1,96,97,98,-1,98,97,99,-1,87,100,88,-1,88,100,101,-1,88,101,102,-1,102,101,103,-1,102,103,104,-1,104,103,105,-1,104,105,106,-1,106,105,107,-1,106,107,108,-1,108,107,109,-1,108,109,110,-1,110,109,111,-1,110,111,112,-1,112,111,113,-1,112,113,99,-1,99,113,114,-1,99,114,98,-1,115,116,117,-1,117,116,118,-1,117,118,119,-1,119,118,120,-1,119,120,121,-1,121,120,122,-1,123,124,125,-1,123,125,126,-1,126,125,127,-1,126,127,128,-1,128,127,129,-1,128,129,130,-1,130,129,131,-1,130,131,132,-1,132,131,133,-1,132,133,134,-1,134,133,135,-1,134,135,136,-1,136,135,137,-1,136,137,138,-1,138,137,139,-1,138,139,140,-1,140,139,141,-1,140,141,142,-1,141,143,142,-1,142,143,144,-1,142,144,145,-1,145,144,146,-1,145,146,147,-1,147,146,148,-1,147,148,149,-1,149,148,150,-1,149,150,151,-1,151,150,152,-1,151,152,153,-1,152,154,153,-1,153,154,155,-1,153,155,156,-1,156,155,157,-1,156,157,158,-1,158,157,159,-1,158,159,160,-1,160,159,161,-1,160,161,162,-1,162,161,163,-1,162,163,164,-1,164,163,165,-1,164,165,166,-1,166,165,167,-1,166,167,168,-1,168,167,169,-1,168,169,170,-1,171,162,164,-1,164,166,171,-1,171,166,168,-1,171,168,170,-1,138,140,171,-1,138,171,136,-1,171,147,149,-1,123,126,172,-1,172,126,128,-1,140,142,171,-1,171,142,145,-1,171,145,147,-1,149,151,171,-1,171,151,153,-1,171,153,156,-1,128,130,172,-1,172,130,132,-1,172,132,171,-1,171,132,134,-1,171,134,136,-1,156,158,171,-1,171,158,160,-1,171,160,162,-1,173,174,175,-1,173,175,176,-1,176,175,177,-1,176,177,178,-1,178,177,179,-1,178,179,180,-1,180,179,181,-1,180,181,182,-1,182,181,183,-1,182,183,184,-1,184,183,185,-1,184,185,186,-1,185,187,186,-1,186,187,188,-1,186,188,189,-1,189,188,190,-1,189,190,191,-1,191,190,192,-1,191,192,193,-1,193,192,194,-1,193,194,195,-1,195,194,196,-1,195,196,197,-1,197,196,198,-1,197,198,199,-1,199,198,200,-1,199,200,201,-1,201,200,202,-1,201,202,203,-1,203,202,204,-1,203,204,205,-1,205,204,206,-1,205,206,207,-1,207,206,208,-1,207,208,209,-1,208,210,209,-1,209,210,211,-1,209,211,212,-1,212,211,213,-1,212,213,214,-1,214,213,215,-1,214,215,216,-1,216,215,217,-1,216,217,218,-1,218,217,219,-1,218,219,220,-1,214,216,221,-1,221,216,218,-1,221,218,220,-1,178,222,176,-1,176,222,173,-1,178,180,222,-1,222,180,182,-1,222,182,184,-1,191,193,222,-1,222,193,195,-1,222,195,197,-1,197,199,222,-1,222,199,201,-1,222,201,203,-1,222,209,221,-1,221,209,212,-1,221,212,214,-1,184,186,222,-1,222,186,189,-1,222,189,191,-1,203,205,222,-1,222,205,207,-1,222,207,209,-1,169,223,170,-1,170,223,224,-1,170,224,171,-1,171,224,225,-1,226,227,225,-1,225,227,228,-1,225,228,171,-1,171,228,172,-1,229,124,123,-1,172,228,123,-1,123,228,230,-1,123,230,229,-1,223,229,224,-1,224,229,230,-1,224,230,231,-1,231,230,232,-1,231,232,226,-1,226,232,227,-1,233,174,173,-1,222,234,173,-1,173,234,235,-1,173,235,233,-1,236,233,237,-1,237,233,235,-1,237,235,238,-1,238,235,239,-1,219,236,220,-1,220,236,237,-1,220,237,221,-1,221,237,240,-1,241,242,240,-1,240,242,234,-1,240,234,221,-1,221,234,222,-1,238,239,241,-1,241,239,242,-1,224,231,225,-1,225,231,226,-1,228,227,230,-1,230,227,232,-1,237,238,240,-1,240,238,241,-1,234,242,235,-1,235,242,239,-1,
        ]
    }
}
Shape{
    appearance Appearance {
        material  Material {
            diffuseColor 0.054901960784313725 0.054901960784313725 0.054901960784313725
            specularColor 0.047058823529411764 0.047058823529411764 0.047058823529411764
            ambientIntensity 0.0549
            transparency 0.0
            shininess 0.5
        }
    }
    geometry IndexedFaceSet {
        ccw TRUE
        solid FALSE
        coord DEF co Coordinate {
            point [
                -3.4958 -2.8767 11.811, -3.2013 -3.2012 11.811, -1.8459 4.1344 11.811, 3.2016 3.2018 11.811, 3.0589 3.3384 11.811, 3.3382 3.0591 11.811, -2.8769 -3.4956 11.811, -2.5255 -3.7574 11.811, 2.7219 3.6184 11.811, 2.3595 3.8645 11.811, 1.9749 4.0745 11.811, 1.5718 4.2463 11.811, 1.1541 4.3783 11.811, 0.7255 4.4694 11.811, -2.1504 -3.9839 11.811, -1.7553 -4.1731 11.811, -1.3436 -4.3233 11.811, -0.9194 -4.4329 11.811, -0.4866 -4.501 11.811, -0.0492 -4.527 11.811, 0.2901 4.5186 11.811, -0.148 4.5254 11.811, -0.5847 4.4899 11.811, -1.0159 4.4124 11.811, -1.4376 4.2935 11.811, -4.452 0.8229 11.811, -4.5107 0.3887 11.811, -4.5271 -0.0491 11.811, -4.5012 -0.4865 11.811, 0.3886 -4.5106 11.811, 0.8228 -4.4519 11.811, 1.2493 -4.3515 11.811, 4.4898 -0.5846 11.811, 4.5253 -0.1478 11.811, 4.5184 0.2902 11.811, 3.6182 2.7221 11.811, 3.8644 2.3596 11.811, 1.6641 -4.2104 11.811, 2.0633 -4.0299 11.811, 2.4432 -3.8116 11.811, 3.4325 -2.9523 11.811, 3.7018 -2.6067 11.811, 3.9365 -2.2367 11.811, 4.1343 -1.8457 11.811, 4.2933 -1.4375 11.811, 4.4122 -1.0158 11.811, 4.4692 0.7256 11.811, 4.3782 1.1542 11.811, 4.0744 1.975 11.811, 4.2462 1.572 11.811, -3.8117 2.4434 11.811, -4.03 2.0635 11.811, -3.5577 2.8004 11.811, -3.2704 3.1312 11.811, -2.6069 3.702 11.811, -2.9525 3.4326 11.811, -4.3517 1.2494 11.811, -4.2106 1.6642 11.811, -4.433 -0.9193 11.811, -4.3234 -1.3435 11.811, -4.1733 -1.7551 11.811, 2.8002 -3.5576 11.811, 3.131 -3.2703 11.811, -2.2368 3.9366 11.811, -3.984 -2.1503 11.811, -3.7575 -2.5253 11.811
            ]
        }
        coordIndex [
            0,1,2,-1,1,3,4,-1,3,1,5,-1,5,1,6,-1,5,6,7,-1,4,8,1,-1,1,8,9,-1,1,9,10,-1,10,11,1,-1,1,11,12,-1,1,12,13,-1,7,14,5,-1,5,14,15,-1,5,15,16,-1,16,17,5,-1,5,17,18,-1,5,18,19,-1,13,20,1,-1,1,20,21,-1,1,21,22,-1,22,23,1,-1,1,23,24,-1,1,24,2,-1,25,26,2,-1,2,26,27,-1,2,27,28,-1,19,29,5,-1,5,29,30,-1,5,30,31,-1,32,33,5,-1,5,33,34,-1,5,34,35,-1,35,34,36,-1,31,37,5,-1,5,37,38,-1,5,38,39,-1,40,41,5,-1,5,41,42,-1,5,42,43,-1,43,44,5,-1,5,44,45,-1,5,45,32,-1,34,46,36,-1,36,46,47,-1,36,47,48,-1,48,47,49,-1,50,51,52,-1,52,51,53,-1,54,55,56,-1,56,55,53,-1,56,53,57,-1,57,53,51,-1,28,58,2,-1,2,58,59,-1,2,59,60,-1,39,61,5,-1,5,61,62,-1,5,62,40,-1,25,2,56,-1,56,2,63,-1,56,63,54,-1,60,64,2,-1,2,64,65,-1,2,65,0,-1,
        ]
    }
}
Shape{
    appearance Appearance {
        material  Material {
            diffuseColor 1.0 1.0 1.0
            specularColor 0.8784313725490196 0.8784313725490196 0.8784313725490196
            ambientIntensity 1.0
            transparency 0.0
            shininess 0.5
        }
    }
    geometry IndexedFaceSet {
        ccw TRUE
        solid FALSE
        coord DEF co Coordinate {
            point [
                3.0589 3.3384 0.3937, 3.0589 3.3384 0.4134, 3.2016 3.2018 0.3937, 3.3382 3.0591 0.4134, 3.3382 3.0591 0.3937, 3.3116 3.6141 0.7874, 3.614 3.3117 0.7874, 3.303 3.6047 0.6906, 3.6046 3.3031 0.6906, 3.2778 3.5772 0.6004, 3.577 3.2779 0.6004, 3.2376 3.5333 0.5229, 3.5332 3.2377 0.5229, 3.1853 3.4762 0.4635, 3.4761 3.1854 0.4635, 3.1243 3.4097 0.4261, 3.4096 3.1245 0.4261, 3.3116 3.6141 1.018, 3.614 3.3117 1.018, 3.2376 3.5333 1.2825, 3.5332 3.2377 1.2825, 3.2778 3.5772 1.205, 3.577 3.2779 1.205, 3.303 3.6047 1.1148, 3.6046 3.3031 1.1148, 3.2376 3.5333 1.8671, 3.5332 3.2377 1.8671, 3.4907 3.1987 1.7947, 3.1986 3.4908 1.7947, 3.461 3.1716 1.7113, 3.1715 3.4612 1.7113, 3.4459 3.1577 1.6211, 3.1576 3.446 1.6211, 3.4459 3.1577 1.5285, 3.1576 3.446 1.5285, 3.461 3.1716 1.4383, 3.1715 3.4612 1.4383, 3.4907 3.1987 1.3549, 3.1986 3.4908 1.3549, 3.3116 3.6141 2.1316, 3.614 3.3117 2.1316, 3.303 3.6047 2.0348, 3.6046 3.3031 2.0348, 3.2778 3.5772 1.9446, 3.577 3.2779 1.9446, 3.3116 3.6141 11.4173, 3.614 3.3117 11.4173, 3.0589 3.3384 11.7913, 3.3382 3.0591 11.7913, 3.1243 3.4097 11.7786, 3.4096 3.1245 11.7786, 3.1853 3.4762 11.7412, 3.4761 3.1854 11.7412, 3.2376 3.5333 11.6818, 3.5332 3.2377 11.6818, 3.2778 3.5772 11.6043, 3.577 3.2779 11.6043, 3.303 3.6047 11.5141, 3.6046 3.3031 11.5141, 3.3382 3.0591 11.811, 3.2016 3.2018 11.811, 3.0589 3.3384 11.811, 3.4133 3.1279 11.7976, 3.4833 3.1921 11.7583, 3.5435 3.2471 11.6957, 3.5896 3.2894 11.6142, 3.6186 3.316 11.5192, 3.6285 3.325 11.4173, 3.6285 3.325 6.7745, 3.6285 3.325 2.1316, 3.6186 3.316 2.0297, 3.5896 3.2894 1.9347, 3.5435 3.2471 1.8532, 3.5029 3.21 1.7843, 3.4747 3.1842 1.7048, 3.4603 3.1709 1.6189, 3.4603 3.1709 1.5307, 3.4747 3.1842 1.4448, 3.5029 3.21 1.3653, 3.5435 3.2471 1.2964, 3.5896 3.2894 1.2149, 3.6186 3.316 1.1199, 3.6285 3.325 1.018, 3.6285 3.325 0.7874, 3.6186 3.316 0.6855, 3.5896 3.2894 0.5906, 3.5435 3.2471 0.509, 3.4833 3.1921 0.4464, 3.4133 3.1279 0.4071, 3.1278 3.4135 11.7976, 3.1919 3.4835 11.7583, 3.247 3.5436 11.6957, 3.2893 3.5897 11.6142, 3.3158 3.6187 11.5192, 3.3249 3.6286 11.4173, 3.3249 3.6286 6.7745, 3.1278 3.4135 0.4071, 3.1919 3.4835 0.4464, 3.247 3.5436 0.509, 3.2893 3.5897 0.5906, 3.3158 3.6187 0.6855, 3.3249 3.6286 0.7874, 3.3249 3.6286 1.018, 3.3158 3.6187 1.1199, 3.2893 3.5897 1.2149, 3.247 3.5436 1.2964, 3.2099 3.5031 1.3653, 3.184 3.4749 1.4448, 3.1708 3.4604 1.5307, 3.1708 3.4604 1.6189, 3.184 3.4749 1.7048, 3.2099 3.5031 1.7843, 3.247 3.5436 1.8532, 3.2893 3.5897 1.9347, 3.3158 3.6187 2.0297, 3.3249 3.6286 2.1316
            ]
        }
        coordIndex [
            0,1,2,-1,2,1,3,-1,2,3,4,-1,5,6,7,-1,7,6,8,-1,7,8,9,-1,9,8,10,-1,9,10,11,-1,11,10,12,-1,11,12,13,-1,13,12,14,-1,13,14,15,-1,15,14,16,-1,15,16,1,-1,1,16,3,-1,17,18,5,-1,5,18,6,-1,19,20,21,-1,21,20,22,-1,21,22,23,-1,23,22,24,-1,23,24,17,-1,17,24,18,-1,25,26,27,-1,25,27,28,-1,28,27,29,-1,28,29,30,-1,30,29,31,-1,30,31,32,-1,32,31,33,-1,32,33,34,-1,34,33,35,-1,34,35,36,-1,36,35,37,-1,36,37,38,-1,38,37,20,-1,38,20,19,-1,39,40,41,-1,41,40,42,-1,41,42,43,-1,43,42,44,-1,43,44,25,-1,25,44,26,-1,45,46,39,-1,39,46,40,-1,47,48,49,-1,49,48,50,-1,49,50,51,-1,51,50,52,-1,51,52,53,-1,53,52,54,-1,53,54,55,-1,55,54,56,-1,55,56,57,-1,57,56,58,-1,57,58,45,-1,45,58,46,-1,59,48,60,-1,60,48,47,-1,60,47,61,-1,48,59,50,-1,50,59,62,-1,50,62,52,-1,52,62,63,-1,52,63,54,-1,54,63,64,-1,54,64,56,-1,56,64,65,-1,56,65,58,-1,58,65,66,-1,58,66,46,-1,66,67,46,-1,46,67,68,-1,46,68,40,-1,40,68,69,-1,40,69,42,-1,42,69,70,-1,42,70,44,-1,44,70,71,-1,44,71,26,-1,26,71,72,-1,26,72,27,-1,27,72,73,-1,27,73,29,-1,29,73,74,-1,29,74,31,-1,31,74,75,-1,31,75,33,-1,33,75,76,-1,33,76,35,-1,35,76,77,-1,35,77,37,-1,37,77,78,-1,37,78,20,-1,20,78,79,-1,20,79,22,-1,22,79,80,-1,22,80,24,-1,24,80,81,-1,24,81,18,-1,18,81,82,-1,18,82,6,-1,6,82,83,-1,6,83,8,-1,8,83,84,-1,8,84,10,-1,10,84,85,-1,10,85,12,-1,12,85,86,-1,12,86,14,-1,14,86,87,-1,14,87,16,-1,16,87,88,-1,16,88,3,-1,3,88,4,-1,61,47,89,-1,89,47,49,-1,89,49,90,-1,90,49,51,-1,90,51,91,-1,91,51,53,-1,91,53,92,-1,92,53,55,-1,92,55,93,-1,93,55,57,-1,93,57,94,-1,94,57,45,-1,94,45,95,-1,95,45,39,-1,1,0,15,-1,15,0,96,-1,15,96,13,-1,13,96,97,-1,13,97,11,-1,11,97,98,-1,11,98,9,-1,9,98,99,-1,9,99,7,-1,7,99,100,-1,7,100,5,-1,5,100,101,-1,5,101,17,-1,17,101,102,-1,17,102,23,-1,23,102,103,-1,23,103,21,-1,21,103,104,-1,21,104,19,-1,19,104,105,-1,19,105,38,-1,38,105,106,-1,38,106,36,-1,36,106,107,-1,36,107,34,-1,34,107,108,-1,34,108,32,-1,32,108,109,-1,32,109,30,-1,30,109,110,-1,30,110,28,-1,28,110,111,-1,28,111,25,-1,25,111,112,-1,25,112,43,-1,43,112,113,-1,43,113,41,-1,41,113,114,-1,41,114,39,-1,39,114,115,-1,39,115,95,-1,
        ]
    }
}