ISO-10303-21;
HEADER;
FILE_DESCRIPTION (( 'STEP AP214' ),
    '1' );
FILE_NAME ('RES-TH_BD9.5-L22.0-H9.5-P35.56-D0.7.step',
    '2022-07-28T09:22:17',
    ( '' ),
    ( '' ),
    'SwSTEP 2.0',
    'SolidWorks 2020',
    '' );
FILE_SCHEMA (( 'AUTOMOTIVE_DESIGN' ));
ENDSEC;

DATA;
#1 = ORIENTED_EDGE ( 'NONE', *, *, #4285, .T. ) ;
#2 = SURFACE_SIDE_STYLE ('',( #4519 ) ) ;
#3 = UNCERTAINTY_MEASURE_WITH_UNIT (LENGTH_MEASURE( 1.000000000000000082E-05 ), #6710, 'distance_accuracy_value', 'NONE');
#4 = CARTESIAN_POINT ( 'NONE',  ( 5.209631791485263896, 4.751000000000000334, 2.932708180580608559 ) ) ;
#5 = SURFACE_SIDE_STYLE ('',( #11260 ) ) ;
#6 = COLOUR_RGB ( '',0.0000000000000000000, 0.0000000000000000000, 0.0000000000000000000 ) ;
#7 = CARTESIAN_POINT ( 'NONE',  ( 5.073393827616294871, 4.750000000000000000, 2.423287523707776003 ) ) ;
#8 = VERTEX_POINT ( 'NONE', #11858 ) ;
#9 = STYLED_ITEM ( 'NONE', ( #7174 ), #1720 ) ;
#10 = SURFACE_STYLE_USAGE ( .BOTH. , #9349 ) ;
#11 = B_SPLINE_CURVE_WITH_KNOTS ( 'NONE', 3,
 ( #1553, #4379, #2293, #2540 ),
 .UNSPECIFIED., .F., .F.,
 ( 4, 4 ),
 ( 7.000000000000000000, 8.000000000000000000 ),
 .UNSPECIFIED. ) ;
#12 = PLANE ( 'NONE',  #8400 ) ;
#13 = DIRECTION ( 'NONE',  ( -0.0000000000000000000, -1.000000000000000000, -0.0000000000000000000 ) ) ;
#14 = ORIENTED_EDGE ( 'NONE', *, *, #9207, .T. ) ;
#15 = DIRECTION ( 'NONE',  ( 0.007092178509961926183, 0.0000000000000000000, -0.9999748501857348426 ) ) ;
#16 = ORIENTED_EDGE ( 'NONE', *, *, #4812, .F. ) ;
#17 = CARTESIAN_POINT ( 'NONE',  ( 7.556228387931413160, 4.751000000000000334, 1.744587548815732525 ) ) ;
#18 = COLOUR_RGB ( '',0.0000000000000000000, 0.0000000000000000000, 0.0000000000000000000 ) ;
#19 =( GEOMETRIC_REPRESENTATION_CONTEXT ( 3 ) GLOBAL_UNCERTAINTY_ASSIGNED_CONTEXT ( ( #347 ) ) GLOBAL_UNIT_ASSIGNED_CONTEXT ( ( #10389, #175, #9458 ) ) REPRESENTATION_CONTEXT ( 'NONE', 'WORKASPACE' ) );
#20 = FACE_BOUND ( 'NONE', #4259, .T. ) ;
#21 = CARTESIAN_POINT ( 'NONE',  ( 5.291395676200669307, 4.750000000000000000, 1.501765365410277386 ) ) ;
#22 = VERTEX_POINT ( 'NONE', #10997 ) ;
#23 = CARTESIAN_POINT ( 'NONE',  ( 3.903614538374840848, 4.750000000000000000, 2.023252384388694924 ) ) ;
#24 = DIRECTION ( 'NONE',  ( -0.0000000000000000000, -1.000000000000000000, -0.0000000000000000000 ) ) ;
#25 = FILL_AREA_STYLE ('',( #10242 ) ) ;
#26 = STYLED_ITEM ( 'NONE', ( #465 ), #7478 ) ;
#27 = COLOUR_RGB ( '',0.8823529411764705621, 0.8823529411764705621, 0.8823529411764705621 ) ;
#28 = ORIENTED_EDGE ( 'NONE', *, *, #9949, .T. ) ;
#29 = EDGE_CURVE ( 'NONE', #5445, #1110, #8826, .T. ) ;
#30 = CARTESIAN_POINT ( 'NONE',  ( 5.067603335331337000, 4.751000000000000334, 2.873213010331563844 ) ) ;
#31 = EDGE_CURVE ( 'NONE', #3983, #9452, #5232, .T. ) ;
#32 = STYLED_ITEM ( 'NONE', ( #8078 ), #400 ) ;
#33 =( GEOMETRIC_REPRESENTATION_CONTEXT ( 3 ) GLOBAL_UNCERTAINTY_ASSIGNED_CONTEXT ( ( #9406 ) ) GLOBAL_UNIT_ASSIGNED_CONTEXT ( ( #10473, #8598, #323 ) ) REPRESENTATION_CONTEXT ( 'NONE', 'WORKASPACE' ) );
#34 = PRESENTATION_LAYER_ASSIGNMENT (  '', '', ( #3207 ) ) ;
#35 = COLOUR_RGB ( '',0.0000000000000000000, 0.0000000000000000000, 0.0000000000000000000 ) ;
#36 = CARTESIAN_POINT ( 'NONE',  ( 5.994954703094022896, 4.751000000000000334, 2.617504586363720964 ) ) ;
#37 = DIRECTION ( 'NONE',  ( 0.5773502691896257311, 0.5773502691896257311, 0.5773502691896257311 ) ) ;
#38 = SURFACE_SIDE_STYLE ('',( #9133 ) ) ;
#39 = SURFACE_SIDE_STYLE ('',( #6798 ) ) ;
#40 = VECTOR ( 'NONE', #3635, 1000.000000000000000 ) ;
#41 = ORIENTED_EDGE ( 'NONE', *, *, #725, .F. ) ;
#42 = ADVANCED_FACE ( 'NONE', ( #11675 ), #8953, .F. ) ;
#43 = EDGE_CURVE ( 'NONE', #4523, #6482, #10145, .T. ) ;
#44 = VECTOR ( 'NONE', #8757, 1000.000000000000000 ) ;
#45 = VECTOR ( 'NONE', #8900, 1000.000000000000114 ) ;
#46 = CARTESIAN_POINT ( 'NONE',  ( -17.77999999999999758, 0.0000000000000000000, 3.750000000000003997 ) ) ;
#47 =( NAMED_UNIT ( * ) SI_UNIT ( $, .STERADIAN. ) SOLID_ANGLE_UNIT ( ) );
#48 = ORIENTED_EDGE ( 'NONE', *, *, #4126, .F. ) ;
#49 = AXIS2_PLACEMENT_3D ( 'NONE', #5993, #1183, #3298 ) ;
#50 = DIRECTION ( 'NONE',  ( -0.9999748501857348426, 0.0000000000000000000, -0.007092178509963378147 ) ) ;
#51 = DIRECTION ( 'NONE',  ( 0.0000000000000000000, 0.0000000000000000000, 1.000000000000000000 ) ) ;
#52 = VERTEX_POINT ( 'NONE', #10081 ) ;
#53 =( NAMED_UNIT ( * ) SI_UNIT ( $, .STERADIAN. ) SOLID_ANGLE_UNIT ( ) );
#54 = B_SPLINE_CURVE_WITH_KNOTS ( 'NONE', 3,
 ( #11126, #9329, #2778, #5609 ),
 .UNSPECIFIED., .F., .F.,
 ( 4, 4 ),
 ( 26.00000000000000000, 27.00000000000000000 ),
 .UNSPECIFIED. ) ;
#55 = ADVANCED_FACE ( 'NONE', ( #7486 ), #4789, .T. ) ;
#56 = EDGE_CURVE ( 'NONE', #210, #10266, #6564, .T. ) ;
#57 = VECTOR ( 'NONE', #9171, 1000.000000000000000 ) ;
#58 = ORIENTED_EDGE ( 'NONE', *, *, #3177, .T. ) ;
#59 =( GEOMETRIC_REPRESENTATION_CONTEXT ( 3 ) GLOBAL_UNCERTAINTY_ASSIGNED_CONTEXT ( ( #10672 ) ) GLOBAL_UNIT_ASSIGNED_CONTEXT ( ( #11625, #6644, #1058 ) ) REPRESENTATION_CONTEXT ( 'NONE', 'WORKASPACE' ) );
#60 = EDGE_CURVE ( 'NONE', #6772, #11825, #5420, .T. ) ;
#61 = SURFACE_SIDE_STYLE ('',( #4689 ) ) ;
#62 = LINE ( 'NONE', #12165, #1970 ) ;
#63 = FACE_OUTER_BOUND ( 'NONE', #2003, .T. ) ;
#64 = ORIENTED_EDGE ( 'NONE', *, *, #4783, .F. ) ;
#65 = DIRECTION ( 'NONE',  ( -0.0000000000000000000, -1.000000000000000000, -0.0000000000000000000 ) ) ;
#66 =( NAMED_UNIT ( * ) SI_UNIT ( $, .STERADIAN. ) SOLID_ANGLE_UNIT ( ) );
#67 = STYLED_ITEM ( 'NONE', ( #3879 ), #2925 ) ;
#68 = ORIENTED_EDGE ( 'NONE', *, *, #11334, .F. ) ;
#69 = COLOUR_RGB ( '',0.0000000000000000000, 0.0000000000000000000, 0.0000000000000000000 ) ;
#70 = LINE ( 'NONE', #1934, #2092 ) ;
#71 = DIRECTION ( 'NONE',  ( 0.9999748501857348426, -0.0000000000000000000, 0.007092178509965225627 ) ) ;
#72 = ORIENTED_EDGE ( 'NONE', *, *, #8673, .F. ) ;
#73 = UNCERTAINTY_MEASURE_WITH_UNIT (LENGTH_MEASURE( 1.000000000000000082E-05 ), #1927, 'distance_accuracy_value', 'NONE');
#74 = SURFACE_SIDE_STYLE ('',( #10467 ) ) ;
#75 = ORIENTED_EDGE ( 'NONE', *, *, #4596, .T. ) ;
#76 = VECTOR ( 'NONE', #2301, 1000.000000000000000 ) ;
#77 = SURFACE_STYLE_USAGE ( .BOTH. , #5822 ) ;
#78 = DIRECTION ( 'NONE',  ( 0.007092178509961379745, 0.0000000000000000000, -0.9999748501857348426 ) ) ;
#79 =( GEOMETRIC_REPRESENTATION_CONTEXT ( 3 ) GLOBAL_UNCERTAINTY_ASSIGNED_CONTEXT ( ( #6829 ) ) GLOBAL_UNIT_ASSIGNED_CONTEXT ( ( #3691, #6483, #1828 ) ) REPRESENTATION_CONTEXT ( 'NONE', 'WORKASPACE' ) );
#80 = CARTESIAN_POINT ( 'NONE',  ( 5.825310698065924164, 4.751000000000000334, 2.420042167947327183 ) ) ;
#81 = CARTESIAN_POINT ( 'NONE',  ( 6.292133750659454350, 4.751000000000000334, 1.912559120873657648 ) ) ;
#82 = CARTESIAN_POINT ( 'NONE',  ( 4.313609839173923710, 4.750000000000000000, 2.417898864508952528 ) ) ;
#83 = ORIENTED_EDGE ( 'NONE', *, *, #7121, .T. ) ;
#84 = LINE ( 'NONE', #8492, #11864 ) ;
#85 = CARTESIAN_POINT ( 'NONE',  ( 4.872846275826086426, 4.750000000000000000, 2.862993559193159232 ) ) ;
#86 = LINE ( 'NONE', #8321, #7971 ) ;
#87 = COLOUR_RGB ( '',0.0000000000000000000, 0.0000000000000000000, 0.0000000000000000000 ) ;
#88 = VECTOR ( 'NONE', #2376, 1000.000000000000000 ) ;
#89 = FILL_AREA_STYLE_COLOUR ( '', #7256 ) ;
#90 = ORIENTED_EDGE ( 'NONE', *, *, #60, .F. ) ;
#91 = SURFACE_SIDE_STYLE ('',( #6791 ) ) ;
#92 = PRESENTATION_LAYER_ASSIGNMENT (  '', '', ( #1086 ) ) ;
#93 = COLOUR_RGB ( '',0.0000000000000000000, 0.0000000000000000000, 0.0000000000000000000 ) ;
#94 = FILL_AREA_STYLE ('',( #5658 ) ) ;
#95 = FACE_OUTER_BOUND ( 'NONE', #11505, .T. ) ;
#96 = DIRECTION ( 'NONE',  ( -0.0000000000000000000, -1.000000000000000000, -0.0000000000000000000 ) ) ;
#97 = EDGE_CURVE ( 'NONE', #9867, #3109, #7452, .T. ) ;
#98 = DIRECTION ( 'NONE',  ( -0.3382111624868748279, -0.0000000000000000000, 0.9410702468834496459 ) ) ;
#99 =( LENGTH_UNIT ( ) NAMED_UNIT ( * ) SI_UNIT ( .MILLI., .METRE. ) );
#100 = CARTESIAN_POINT ( 'NONE',  ( 8.301841673013029776, 4.750000000000000000, 1.616118361597241870 ) ) ;
#101 = VECTOR ( 'NONE', #3636, 1000.000000000000000 ) ;
#102 = VERTEX_POINT ( 'NONE', #6500 ) ;
#103 = COLOUR_RGB ( '',0.8823529411764705621, 0.8823529411764705621, 0.8823529411764705621 ) ;
#104 = SURFACE_SIDE_STYLE ('',( #10906 ) ) ;
#105 = CARTESIAN_POINT ( 'NONE',  ( 4.361959337496944755, 4.750000000000000000, 1.611629286669713945 ) ) ;
#106 = UNCERTAINTY_MEASURE_WITH_UNIT (LENGTH_MEASURE( 1.000000000000000082E-05 ), #1159, 'distance_accuracy_value', 'NONE');
#107 = SURFACE_STYLE_FILL_AREA ( #1965 ) ;
#108 = CARTESIAN_POINT ( 'NONE',  ( 4.166460228167889746, 4.750000000000000000, 1.870968591937121506 ) ) ;
#109 = ORIENTED_EDGE ( 'NONE', *, *, #97, .F. ) ;
#110 = DIRECTION ( 'NONE',  ( -0.0000000000000000000, -1.000000000000000000, -0.0000000000000000000 ) ) ;
#111 = CARTESIAN_POINT ( 'NONE',  ( 6.290979696380119002, 4.751000000000000334, 2.075277142348034065 ) ) ;
#112 = EDGE_CURVE ( 'NONE', #10723, #9557, #6855, .T. ) ;
#113 = PRESENTATION_LAYER_ASSIGNMENT (  '', '', ( #1523 ) ) ;
#114 = CARTESIAN_POINT ( 'NONE',  ( 8.245387808543862107, 4.750000000000000000, 2.949674791134507146 ) ) ;
#115 = VERTEX_POINT ( 'NONE', #5541 ) ;
#116 = LINE ( 'NONE', #1244, #9713 ) ;
#117 = COLOUR_RGB ( '',0.0000000000000000000, 0.0000000000000000000, 0.0000000000000000000 ) ;
#118 = VERTEX_POINT ( 'NONE', #9187 ) ;
#119 =( GEOMETRIC_REPRESENTATION_CONTEXT ( 3 ) GLOBAL_UNCERTAINTY_ASSIGNED_CONTEXT ( ( #4062 ) ) GLOBAL_UNIT_ASSIGNED_CONTEXT ( ( #4088, #4136, #5928 ) ) REPRESENTATION_CONTEXT ( 'NONE', 'WORKASPACE' ) );
#120 = DIRECTION ( 'NONE',  ( -0.0000000000000000000, -0.0000000000000000000, 1.000000000000000000 ) ) ;
#121 = LINE ( 'NONE', #5558, #11971 ) ;
#122 = SURFACE_STYLE_USAGE ( .BOTH. , #1175 ) ;
#123 = ORIENTED_EDGE ( 'NONE', *, *, #3775, .F. ) ;
#124 =( NAMED_UNIT ( * ) SI_UNIT ( $, .STERADIAN. ) SOLID_ANGLE_UNIT ( ) );
#125 =( LENGTH_UNIT ( ) NAMED_UNIT ( * ) SI_UNIT ( .MILLI., .METRE. ) );
#126 = EDGE_CURVE ( 'NONE', #9522, #11676, #846, .T. ) ;
#127 = EDGE_CURVE ( 'NONE', #7342, #11131, #10680, .T. ) ;
#128 = FILL_AREA_STYLE_COLOUR ( '', #8546 ) ;
#129 = CARTESIAN_POINT ( 'NONE',  ( 4.532180195612942164, 4.751000000000000334, 2.827304343640511419 ) ) ;
#130 = ORIENTED_EDGE ( 'NONE', *, *, #967, .T. ) ;
#131 = CARTESIAN_POINT ( 'NONE',  ( 4.866470573614145145, 4.750000000000000000, 2.680726182749451070 ) ) ;
#132 = PLANE ( 'NONE',  #1242 ) ;
#133 = PRESENTATION_STYLE_ASSIGNMENT (( #877 ) ) ;
#134 = LINE ( 'NONE', #1003, #10214 ) ;
#135 = EDGE_LOOP ( 'NONE', ( #4651, #6976, #4386, #8469 ) ) ;
#136 = VERTEX_POINT ( 'NONE', #5661 ) ;
#137 = DIRECTION ( 'NONE',  ( -0.4567202763531402199, 0.0000000000000000000, -0.8896103580601517624 ) ) ;
#138 = SURFACE_SIDE_STYLE ('',( #2874 ) ) ;
#139 = PRESENTATION_STYLE_ASSIGNMENT (( #10472 ) ) ;
#140 = B_SPLINE_CURVE_WITH_KNOTS ( 'NONE', 3,
 ( #6374, #830, #1711, #9053 ),
 .UNSPECIFIED., .F., .F.,
 ( 4, 4 ),
 ( 20.00000000000000000, 21.00000000000000000 ),
 .UNSPECIFIED. ) ;
#141 = FACE_OUTER_BOUND ( 'NONE', #9883, .T. ) ;
#142 =( LENGTH_UNIT ( ) NAMED_UNIT ( * ) SI_UNIT ( .MILLI., .METRE. ) );
#143 = ORIENTED_EDGE ( 'NONE', *, *, #9754, .T. ) ;
#144 = CARTESIAN_POINT ( 'NONE',  ( 7.504825414979132248, 4.751000000000000334, 1.856289749603854622 ) ) ;
#145 = CARTESIAN_POINT ( 'NONE',  ( 3.942850571533626169, 4.751000000000000334, 2.117111226341641839 ) ) ;
#146 = CARTESIAN_POINT ( 'NONE',  ( 6.772620466632170988, 4.750000000000000000, 2.133071390992519412 ) ) ;
#147 = CARTESIAN_POINT ( 'NONE',  ( 5.308871863372027988, 4.751000000000000334, 2.482925579693021856 ) ) ;
#148 = ORIENTED_EDGE ( 'NONE', *, *, #2551, .F. ) ;
#149 = ORIENTED_EDGE ( 'NONE', *, *, #8275, .F. ) ;
#150 = FACE_OUTER_BOUND ( 'NONE', #4452, .T. ) ;
#151 = SURFACE_SIDE_STYLE ('',( #5711 ) ) ;
#152 = CARTESIAN_POINT ( 'NONE',  ( 5.994523315392167540, 4.750000000000000000, 2.678328894709728125 ) ) ;
#153 = FACE_OUTER_BOUND ( 'NONE', #7683, .T. ) ;
#154 = LINE ( 'NONE', #3076, #3819 ) ;
#155 = CARTESIAN_POINT ( 'NONE',  ( 6.356197968279209576, 4.751000000000000334, 2.134227547358212185 ) ) ;
#156 = FILL_AREA_STYLE ('',( #10432 ) ) ;
#157 = ADVANCED_FACE ( 'NONE', ( #10257 ), #8388, .F. ) ;
#158 = B_SPLINE_CURVE_WITH_KNOTS ( 'NONE', 3,
 ( #5593, #1777, #7236, #1591 ),
 .UNSPECIFIED., .F., .F.,
 ( 4, 4 ),
 ( 17.00000000000000000, 18.00000000000000000 ),
 .UNSPECIFIED. ) ;
#159 = ORIENTED_EDGE ( 'NONE', *, *, #8159, .F. ) ;
#160 = B_SPLINE_CURVE_WITH_KNOTS ( 'NONE', 3,
 ( #10775, #372, #7152, #3240 ),
 .UNSPECIFIED., .F., .F.,
 ( 4, 4 ),
 ( 10.00000000000000000, 11.00000000000000000 ),
 .UNSPECIFIED. ) ;
#161 = CARTESIAN_POINT ( 'NONE',  ( 5.999493410425640327, 4.750000000000000000, 2.490683120358338609 ) ) ;
#162 = PRESENTATION_LAYER_ASSIGNMENT (  '', '', ( #6463 ) ) ;
#163 =( NAMED_UNIT ( * ) PLANE_ANGLE_UNIT ( ) SI_UNIT ( $, .RADIAN. ) );
#164 = CARTESIAN_POINT ( 'NONE',  ( 5.842287570945464914, 4.751000000000000334, 1.675677182235557838 ) ) ;
#165 = ORIENTED_EDGE ( 'NONE', *, *, #9054, .F. ) ;
#166 = DIRECTION ( 'NONE',  ( -0.007092178509961323367, -0.0000000000000000000, 0.9999748501857348426 ) ) ;
#167 =( NAMED_UNIT ( * ) SI_UNIT ( $, .STERADIAN. ) SOLID_ANGLE_UNIT ( ) );
#168 = CARTESIAN_POINT ( 'NONE',  ( 5.582732426778765245, 4.750000000000000000, 2.426899934826519889 ) ) ;
#169 = EDGE_LOOP ( 'NONE', ( #2121, #11531, #225, #1052 ) ) ;
#170 = CARTESIAN_POINT ( 'NONE',  ( 4.456868807089730211, 4.750000000000000000, 2.615434096842193412 ) ) ;
#171 = PRESENTATION_LAYER_ASSIGNMENT (  '', '', ( #11762 ) ) ;
#172 = DIRECTION ( 'NONE',  ( 0.0000000000000000000, -0.0000000000000000000, -1.000000000000000000 ) ) ;
#173 = ORIENTED_EDGE ( 'NONE', *, *, #8446, .F. ) ;
#174 = EDGE_CURVE ( 'NONE', #11711, #10466, #7024, .T. ) ;
#175 =( NAMED_UNIT ( * ) PLANE_ANGLE_UNIT ( ) SI_UNIT ( $, .RADIAN. ) );
#176 = CARTESIAN_POINT ( 'NONE',  ( 5.565717048484234653, 4.750000000000000000, 1.857237533160986942 ) ) ;
#177 = ORIENTED_EDGE ( 'NONE', *, *, #8987, .T. ) ;
#178 = FACE_OUTER_BOUND ( 'NONE', #6076, .T. ) ;
#179 = FILL_AREA_STYLE_COLOUR ( '', #3033 ) ;
#180 = FACE_OUTER_BOUND ( 'NONE', #3751, .T. ) ;
#181 = LINE ( 'NONE', #6771, #11465 ) ;
#182 = ORIENTED_EDGE ( 'NONE', *, *, #9991, .T. ) ;
#183 = CARTESIAN_POINT ( 'NONE',  ( 5.073372618235536535, 4.750000000000000000, 2.481255335001208095 ) ) ;
#184 = FILL_AREA_STYLE ('',( #8652 ) ) ;
#185 = PRESENTATION_LAYER_ASSIGNMENT (  '', '', ( #1184 ) ) ;
#186 = CARTESIAN_POINT ( 'NONE',  ( 5.801078790548504394, 4.751000000000000334, 2.886213460521970475 ) ) ;
#187 = STYLED_ITEM ( 'NONE', ( #11679 ), #1296 ) ;
#188 = STYLED_ITEM ( 'NONE', ( #11180 ), #5188 ) ;
#189 =( LENGTH_UNIT ( ) NAMED_UNIT ( * ) SI_UNIT ( .MILLI., .METRE. ) );
#190 = UNCERTAINTY_MEASURE_WITH_UNIT (LENGTH_MEASURE( 1.000000000000000082E-05 ), #7496, 'distance_accuracy_value', 'NONE');
#191 = EDGE_CURVE ( 'NONE', #2909, #2972, #8688, .T. ) ;
#192 = ADVANCED_FACE ( 'NONE', ( #4905 ), #10555, .F. ) ;
#193 = EDGE_LOOP ( 'NONE', ( #3722, #6121, #2840, #5176, #11409, #3191, #913, #4028, #8787, #3203, #2338, #5071, #999, #389, #4872, #5515, #4299, #1340, #12159, #11376, #7495, #5076, #3975, #5942, #2868, #6146, #2777, #8258, #7386, #9378, #7195, #9727, #4865 ) ) ;
#194 =( NAMED_UNIT ( * ) PLANE_ANGLE_UNIT ( ) SI_UNIT ( $, .RADIAN. ) );
#195 = DIRECTION ( 'NONE',  ( -0.0000000000000000000, -1.000000000000000000, -0.0000000000000000000 ) ) ;
#196 = DIRECTION ( 'NONE',  ( -0.007092178510042682765, 0.0000000000000000000, 0.9999748501857342875 ) ) ;
#197 = AXIS2_PLACEMENT_3D ( 'NONE', #5958, #11658, #11537 ) ;
#198 = CARTESIAN_POINT ( 'NONE',  ( 9.078424850482647912, 4.751000000000000334, 2.218111013886742811 ) ) ;
#199 = AXIS2_PLACEMENT_3D ( 'NONE', #8973, #3174, #1512 ) ;
#200 = LINE ( 'NONE', #1203, #5440 ) ;
#201 = ORIENTED_EDGE ( 'NONE', *, *, #9519, .T. ) ;
#202 =( LENGTH_UNIT ( ) NAMED_UNIT ( * ) SI_UNIT ( .MILLI., .METRE. ) );
#203 = CARTESIAN_POINT ( 'NONE',  ( 6.293759750458746360, 4.751000000000000334, 1.683298266340057303 ) ) ;
#204 = SURFACE_STYLE_USAGE ( .BOTH. , #5649 ) ;
#205 = CARTESIAN_POINT ( 'NONE',  ( 5.535957494871449391, 4.751000000000000334, 1.838310354582733286 ) ) ;
#206 = ORIENTED_EDGE ( 'NONE', *, *, #5788, .F. ) ;
#207 = VECTOR ( 'NONE', #2353, 1000.000000000000000 ) ;
#208 = EDGE_CURVE ( 'NONE', #4954, #7882, #2643, .T. ) ;
#209 = STYLED_ITEM ( 'NONE', ( #2273 ), #5412 ) ;
#210 = VERTEX_POINT ( 'NONE', #11479 ) ;
#211 = DIRECTION ( 'NONE',  ( -0.0000000000000000000, -1.000000000000000000, -0.0000000000000000000 ) ) ;
#212 = EDGE_CURVE ( 'NONE', #11804, #9667, #154, .T. ) ;
#213 = LINE ( 'NONE', #9682, #621 ) ;
#214 = DIRECTION ( 'NONE',  ( 0.0000000000000000000, -0.0000000000000000000, -1.000000000000000000 ) ) ;
#215 = SURFACE_STYLE_FILL_AREA ( #6023 ) ;
#216 = FILL_AREA_STYLE ('',( #4054 ) ) ;
#217 = STYLED_ITEM ( 'NONE', ( #11984 ), #1885 ) ;
#218 = SURFACE_STYLE_USAGE ( .BOTH. , #8560 ) ;
#219 = B_SPLINE_CURVE_WITH_KNOTS ( 'NONE', 3,
 ( #8206, #7188, #2409, #10079 ),
 .UNSPECIFIED., .F., .F.,
 ( 4, 4 ),
 ( 0.0000000000000000000, 1.000000000000000000 ),
 .UNSPECIFIED. ) ;
#220 = EDGE_CURVE ( 'NONE', #5855, #4603, #5704, .T. ) ;
#221 = CIRCLE ( 'NONE', #1615, 0.6600000000000008082 ) ;
#222 = CARTESIAN_POINT ( 'NONE',  ( 5.516688250219739409, 4.751000000000000334, 2.484399487674353146 ) ) ;
#223 =( NAMED_UNIT ( * ) PLANE_ANGLE_UNIT ( ) SI_UNIT ( $, .RADIAN. ) );
#224 = DIRECTION ( 'NONE',  ( 0.9999748501857349536, -0.0000000000000000000, 0.007092178509957245032 ) ) ;
#225 = ORIENTED_EDGE ( 'NONE', *, *, #2926, .F. ) ;
#226 =( NAMED_UNIT ( * ) PLANE_ANGLE_UNIT ( ) SI_UNIT ( $, .RADIAN. ) );
#227 = AXIS2_PLACEMENT_3D ( 'NONE', #1075, #11453, #263 ) ;
#228 = VECTOR ( 'NONE', #9710, 1000.000000000000114 ) ;
#229 = MECHANICAL_DESIGN_GEOMETRIC_PRESENTATION_REPRESENTATION (  '', ( #8463 ), #7310 ) ;
#230 = CARTESIAN_POINT ( 'NONE',  ( 5.842287570945464914, 4.751000000000000334, 1.675677182235557838 ) ) ;
#231 = SURFACE_STYLE_USAGE ( .BOTH. , #8629 ) ;
#232 = VERTEX_POINT ( 'NONE', #9434 ) ;
#233 = CARTESIAN_POINT ( 'NONE',  ( 4.771091816475728997, 4.751000000000000334, 2.421143489958795580 ) ) ;
#234 =( LENGTH_UNIT ( ) NAMED_UNIT ( * ) SI_UNIT ( .MILLI., .METRE. ) );
#235 = CARTESIAN_POINT ( 'NONE',  ( 5.797309041287892484, 4.750000000000000000, 1.621809299018642569 ) ) ;
#236 = PRESENTATION_STYLE_ASSIGNMENT (( #8283 ) ) ;
#237 =( NAMED_UNIT ( * ) SI_UNIT ( $, .STERADIAN. ) SOLID_ANGLE_UNIT ( ) );
#238 = LINE ( 'NONE', #4074, #4042 ) ;
#239 = ORIENTED_EDGE ( 'NONE', *, *, #3911, .F. ) ;
#240 = CARTESIAN_POINT ( 'NONE',  ( 9.014818347857493919, 4.751000000000000334, 2.521324823015196781 ) ) ;
#241 = VECTOR ( 'NONE', #7507, 1000.000000000000114 ) ;
#242 = B_SPLINE_CURVE_WITH_KNOTS ( 'NONE', 3,
 ( #4540, #2455, #8253, #11841 ),
 .UNSPECIFIED., .F., .F.,
 ( 4, 4 ),
 ( 0.0000000000000000000, 1.000000000000000000 ),
 .UNSPECIFIED. ) ;
#243 = VERTEX_POINT ( 'NONE', #1225 ) ;
#244 =( NAMED_UNIT ( * ) SI_UNIT ( $, .STERADIAN. ) SOLID_ANGLE_UNIT ( ) );
#245 = CARTESIAN_POINT ( 'NONE',  ( 5.801078790548504394, 4.751000000000000334, 2.886213460521970475 ) ) ;
#246 = ORIENTED_EDGE ( 'NONE', *, *, #9445, .F. ) ;
#247 = MECHANICAL_DESIGN_GEOMETRIC_PRESENTATION_REPRESENTATION (  '', ( #7698 ), #9270 ) ;
#248 = CARTESIAN_POINT ( 'NONE',  ( 4.987519092845790425, 4.750000000000000000, 2.931132878053961832 ) ) ;
#249 = CARTESIAN_POINT ( 'NONE',  ( 5.798600401375948898, 4.751000000000000334, 1.677966797405070931 ) ) ;
#250 = CARTESIAN_POINT ( 'NONE',  ( 4.235035505866965089, 4.750000000000000000, 1.933062158233945338 ) ) ;
#251 = DIRECTION ( 'NONE',  ( 0.9999748501857348426, 0.0000000000000000000, 0.007092178509963908972 ) ) ;
#252 = LINE ( 'NONE', #1258, #10098 ) ;
#253 = ORIENTED_EDGE ( 'NONE', *, *, #9052, .F. ) ;
#254 = EDGE_CURVE ( 'NONE', #11742, #3982, #4973, .T. ) ;
#255 = FILL_AREA_STYLE_COLOUR ( '', #10779 ) ;
#256 = AXIS2_PLACEMENT_3D ( 'NONE', #4135, #2107, #1984 ) ;
#257 = LINE ( 'NONE', #5062, #9018 ) ;
#258 = CARTESIAN_POINT ( 'NONE',  ( 7.452191677006363868, 4.751000000000000334, 1.631782914312548627 ) ) ;
#259 = VERTEX_POINT ( 'NONE', #1538 ) ;
#260 = DIRECTION ( 'NONE',  ( -0.0000000000000000000, -1.000000000000000000, -0.0000000000000000000 ) ) ;
#261 = CARTESIAN_POINT ( 'NONE',  ( 6.062852483774308965, 4.750000000000000000, 2.756797314557061895 ) ) ;
#262 = ORIENTED_EDGE ( 'NONE', *, *, #1731, .F. ) ;
#263 = DIRECTION ( 'NONE',  ( -0.3451999324527387225, 0.0000000000000000000, 0.9385291719678321432 ) ) ;
#264 = CARTESIAN_POINT ( 'NONE',  ( 5.549370781357334081, 4.750000000000000000, 1.779657686630379709 ) ) ;
#265 =( NAMED_UNIT ( * ) SI_UNIT ( $, .STERADIAN. ) SOLID_ANGLE_UNIT ( ) );
#266 = VERTEX_POINT ( 'NONE', #11777 ) ;
#267 = EDGE_CURVE ( 'NONE', #620, #11444, #6143, .T. ) ;
#268 = LINE ( 'NONE', #11526, #1920 ) ;
#269 = DIRECTION ( 'NONE',  ( 0.007092178509963667846, 0.0000000000000000000, -0.9999748501857348426 ) ) ;
#270 = PRESENTATION_STYLE_ASSIGNMENT (( #3065 ) ) ;
#271 = ORIENTED_EDGE ( 'NONE', *, *, #335, .F. ) ;
#272 = ORIENTED_EDGE ( 'NONE', *, *, #9450, .F. ) ;
#273 =( NAMED_UNIT ( * ) SI_UNIT ( $, .STERADIAN. ) SOLID_ANGLE_UNIT ( ) );
#274 = SURFACE_STYLE_FILL_AREA ( #3128 ) ;
#275 =( NAMED_UNIT ( * ) PLANE_ANGLE_UNIT ( ) SI_UNIT ( $, .RADIAN. ) );
#276 = VECTOR ( 'NONE', #11775, 1000.000000000000000 ) ;
#277 = CARTESIAN_POINT ( 'NONE',  ( 5.994069805244063964, 4.750000000000000000, 2.742272398355441343 ) ) ;
#278 = CARTESIAN_POINT ( 'NONE',  ( 4.798004064616037567, 4.751000000000000334, 2.603296572898962769 ) ) ;
#279 = EDGE_CURVE ( 'NONE', #210, #102, #3447, .T. ) ;
#280 = DIRECTION ( 'NONE',  ( -0.007092178509965220423, 0.0000000000000000000, 0.9999748501857348426 ) ) ;
#281 = EDGE_CURVE ( 'NONE', #3139, #5907, #6087, .T. ) ;
#282 = MECHANICAL_DESIGN_GEOMETRIC_PRESENTATION_REPRESENTATION (  '', ( #1073 ), #3054 ) ;
#283 = CARTESIAN_POINT ( 'NONE',  ( 4.884266745028948975, 4.751000000000000334, 2.792109294685853893 ) ) ;
#284 =( NAMED_UNIT ( * ) PLANE_ANGLE_UNIT ( ) SI_UNIT ( $, .RADIAN. ) );
#285 = CARTESIAN_POINT ( 'NONE',  ( 5.910310741161374892, 4.751000000000000334, 1.614032528851506498 ) ) ;
#286 = B_SPLINE_CURVE_WITH_KNOTS ( 'NONE', 3,
 ( #5490, #2543, #1677, #9199 ),
 .UNSPECIFIED., .F., .F.,
 ( 4, 4 ),
 ( 22.00000000000000000, 23.00000000000000000 ),
 .UNSPECIFIED. ) ;
#287 =( NAMED_UNIT ( * ) PLANE_ANGLE_UNIT ( ) SI_UNIT ( $, .RADIAN. ) );
#288 = ORIENTED_EDGE ( 'NONE', *, *, #7418, .F. ) ;
#289 =( LENGTH_UNIT ( ) NAMED_UNIT ( * ) SI_UNIT ( .MILLI., .METRE. ) );
#290 = ORIENTED_EDGE ( 'NONE', *, *, #5774, .T. ) ;
#291 =( NAMED_UNIT ( * ) PLANE_ANGLE_UNIT ( ) SI_UNIT ( $, .RADIAN. ) );
#292 = FILL_AREA_STYLE_COLOUR ( '', #861 ) ;
#293 = B_SPLINE_CURVE_WITH_KNOTS ( 'NONE', 3,
 ( #2239, #1325, #8783, #375 ),
 .UNSPECIFIED., .F., .F.,
 ( 4, 4 ),
 ( 4.000000000000000000, 5.000000000000000000 ),
 .UNSPECIFIED. ) ;
#294 = CARTESIAN_POINT ( 'NONE',  ( 7.238914016114391892, 4.750000000000000000, 1.630270273026668049 ) ) ;
#295 =( GEOMETRIC_REPRESENTATION_CONTEXT ( 3 ) GLOBAL_UNCERTAINTY_ASSIGNED_CONTEXT ( ( #8959 ) ) GLOBAL_UNIT_ASSIGNED_CONTEXT ( ( #4187, #9894, #8269 ) ) REPRESENTATION_CONTEXT ( 'NONE', 'WORKASPACE' ) );
#296 =( NAMED_UNIT ( * ) SI_UNIT ( $, .STERADIAN. ) SOLID_ANGLE_UNIT ( ) );
#297 = EDGE_LOOP ( 'NONE', ( #3124, #10735, #10231, #6408 ) ) ;
#298 = CIRCLE ( 'NONE', #7185, 0.3400000000000000244 ) ;
#299 = FACE_OUTER_BOUND ( 'NONE', #940, .T. ) ;
#300 = EDGE_LOOP ( 'NONE', ( #2507, #11528, #687, #8977 ) ) ;
#301 = PRESENTATION_LAYER_ASSIGNMENT (  '', '', ( #715 ) ) ;
#302 = DIRECTION ( 'NONE',  ( 0.9999748501857348426, 0.0000000000000000000, 0.007092178509962484764 ) ) ;
#303 = CARTESIAN_POINT ( 'NONE',  ( 7.421708908919367964, 4.750000000000000000, 1.852085253997889147 ) ) ;
#304 = ORIENTED_EDGE ( 'NONE', *, *, #2098, .T. ) ;
#305 = CARTESIAN_POINT ( 'NONE',  ( 3.755145885214310475, 4.751000000000000334, 1.607325549105677487 ) ) ;
#306 = CARTESIAN_POINT ( 'NONE',  ( 5.356587225513623096, 4.750000000000000000, 1.509506215612625102 ) ) ;
#307 = CARTESIAN_POINT ( 'NONE',  ( 8.644101041224818260, 4.751000000000000334, 2.800670125863558457 ) ) ;
#308 = ORIENTED_EDGE ( 'NONE', *, *, #478, .F. ) ;
#309 = CARTESIAN_POINT ( 'NONE',  ( 5.515927921669627310, 4.751000000000000334, 1.766943089134374700 ) ) ;
#310 = SURFACE_STYLE_USAGE ( .BOTH. , #11632 ) ;
#311 = PLANE ( 'NONE',  #7816 ) ;
#312 = MECHANICAL_DESIGN_GEOMETRIC_PRESENTATION_REPRESENTATION (  '', ( #7389 ), #12096 ) ;
#313 = SURFACE_SIDE_STYLE ('',( #9786 ) ) ;
#314 = UNCERTAINTY_MEASURE_WITH_UNIT (LENGTH_MEASURE( 1.000000000000000082E-05 ), #6499, 'distance_accuracy_value', 'NONE');
#315 = LINE ( 'NONE', #5007, #9423 ) ;
#316 = VERTEX_POINT ( 'NONE', #1351 ) ;
#317 =( NAMED_UNIT ( * ) PLANE_ANGLE_UNIT ( ) SI_UNIT ( $, .RADIAN. ) );
#318 = EDGE_CURVE ( 'NONE', #11347, #3689, #539, .T. ) ;
#319 =( GEOMETRIC_REPRESENTATION_CONTEXT ( 3 ) GLOBAL_UNCERTAINTY_ASSIGNED_CONTEXT ( ( #4819 ) ) GLOBAL_UNIT_ASSIGNED_CONTEXT ( ( #2579, #6376, #9057 ) ) REPRESENTATION_CONTEXT ( 'NONE', 'WORKASPACE' ) );
#320 = CARTESIAN_POINT ( 'NONE',  ( 5.862257191475202411, 4.750000000000000000, 1.993732792304178325 ) ) ;
#321 = CARTESIAN_POINT ( 'NONE',  ( 5.795671980265464818, 4.751000000000000334, 1.852629751203852315 ) ) ;
#322 = ORIENTED_EDGE ( 'NONE', *, *, #9656, .F. ) ;
#323 =( NAMED_UNIT ( * ) SI_UNIT ( $, .STERADIAN. ) SOLID_ANGLE_UNIT ( ) );
#324 = CARTESIAN_POINT ( 'NONE',  ( 7.259039443439511352, 4.750000000000000000, 1.850931544094996051 ) ) ;
#325 = CARTESIAN_POINT ( 'NONE',  ( 5.684346846922543328, 4.751000000000000334, 2.448676247909279180 ) ) ;
#326 = VERTEX_POINT ( 'NONE', #4355 ) ;
#327 = FILL_AREA_STYLE ('',( #8735 ) ) ;
#328 = PLANE ( 'NONE',  #1319 ) ;
#329 =( NAMED_UNIT ( * ) PLANE_ANGLE_UNIT ( ) SI_UNIT ( $, .RADIAN. ) );
#330 = ORIENTED_EDGE ( 'NONE', *, *, #8537, .T. ) ;
#331 = CARTESIAN_POINT ( 'NONE',  ( 4.582252505543461751, 4.751000000000000334, 1.613191684436038775 ) ) ;
#332 = VERTEX_POINT ( 'NONE', #4171 ) ;
#333 = ORIENTED_EDGE ( 'NONE', *, *, #9124, .T. ) ;
#334 = PLANE ( 'NONE',  #8851 ) ;
#335 = EDGE_CURVE ( 'NONE', #5445, #820, #11599, .T. ) ;
#336 = DIRECTION ( 'NONE',  ( 0.0000000000000000000, -1.000000000000000000, 0.0000000000000000000 ) ) ;
#337 = CARTESIAN_POINT ( 'NONE',  ( 4.433603965366805788, 4.750000000000000000, 2.120591824551475657 ) ) ;
#338 = CARTESIAN_POINT ( 'NONE',  ( 4.875469629243789349, 4.750000000000000000, 2.493108983224471498 ) ) ;
#339 = CARTESIAN_POINT ( 'NONE',  ( 5.929786345941820080, 4.750000000000000000, 1.671878672492646878 ) ) ;
#340 = PRESENTATION_STYLE_ASSIGNMENT (( #8746 ) ) ;
#341 = FILL_AREA_STYLE_COLOUR ( '', #7523 ) ;
#342 =( LENGTH_UNIT ( ) NAMED_UNIT ( * ) SI_UNIT ( .MILLI., .METRE. ) );
#343 = SURFACE_STYLE_USAGE ( .BOTH. , #5222 ) ;
#344 = ORIENTED_EDGE ( 'NONE', *, *, #7365, .T. ) ;
#345 = EDGE_CURVE ( 'NONE', #6425, #8181, #8935, .T. ) ;
#346 = EDGE_CURVE ( 'NONE', #1994, #11420, #4243, .T. ) ;
#347 = UNCERTAINTY_MEASURE_WITH_UNIT (LENGTH_MEASURE( 1.000000000000000082E-05 ), #10389, 'distance_accuracy_value', 'NONE');
#348 = CARTESIAN_POINT ( 'NONE',  ( 8.024367669542977310, 4.750000000000000000, 2.000962016688119238 ) ) ;
#349 = LINE ( 'NONE', #3144, #8050 ) ;
#350 = CARTESIAN_POINT ( 'NONE',  ( 5.717710370691858834, 4.750000000000000000, 2.875744233302981456 ) ) ;
#351 = VERTEX_POINT ( 'NONE', #6926 ) ;
#352 = CARTESIAN_POINT ( 'NONE',  ( 8.100946824540946167, 4.751000000000000334, 1.397790288773736345 ) ) ;
#353 = PRESENTATION_STYLE_ASSIGNMENT (( #5045 ) ) ;
#354 = CARTESIAN_POINT ( 'NONE',  ( 4.686673580517120463, 4.751000000000000334, 2.063898830827285202 ) ) ;
#355 = ORIENTED_EDGE ( 'NONE', *, *, #1280, .T. ) ;
#356 = FILL_AREA_STYLE ('',( #10640 ) ) ;
#357 = ORIENTED_EDGE ( 'NONE', *, *, #567, .T. ) ;
#358 = EDGE_CURVE ( 'NONE', #584, #6735, #7116, .T. ) ;
#359 = DIRECTION ( 'NONE',  ( -0.9999748501857341765, -0.0000000000000000000, -0.007092178510042681898 ) ) ;
#360 =( LENGTH_UNIT ( ) NAMED_UNIT ( * ) SI_UNIT ( .MILLI., .METRE. ) );
#361 = CARTESIAN_POINT ( 'NONE',  ( 5.912626032410770449, 4.750000000000000000, 2.497085568361215646 ) ) ;
#362 = ORIENTED_EDGE ( 'NONE', *, *, #725, .T. ) ;
#363 = EDGE_CURVE ( 'NONE', #10207, #6307, #4098, .T. ) ;
#364 = DIRECTION ( 'NONE',  ( -0.0000000000000000000, -1.000000000000000000, -0.0000000000000000000 ) ) ;
#365 = SURFACE_STYLE_FILL_AREA ( #1179 ) ;
#366 = MECHANICAL_DESIGN_GEOMETRIC_PRESENTATION_REPRESENTATION (  '', ( #9386 ), #11165 ) ;
#367 = ORIENTED_EDGE ( 'NONE', *, *, #4879, .F. ) ;
#368 = CARTESIAN_POINT ( 'NONE',  ( 4.822088384724650290, 4.751000000000000334, 2.817662905229705306 ) ) ;
#369 = FACE_BOUND ( 'NONE', #1437, .T. ) ;
#370 = CARTESIAN_POINT ( 'NONE',  ( 4.534599783055221600, 4.751000000000000334, 2.834340046667266133 ) ) ;
#371 = AXIS2_PLACEMENT_3D ( 'NONE', #887, #78, #1884 ) ;
#372 = CARTESIAN_POINT ( 'NONE',  ( 8.100946824540946167, 4.751000000000000334, 1.397790288773736345 ) ) ;
#373 = VECTOR ( 'NONE', #10977, 1000.000000000000114 ) ;
#374 = VERTEX_POINT ( 'NONE', #5149 ) ;
#375 = CARTESIAN_POINT ( 'NONE',  ( 8.488661322871575265, 4.750000000000000000, 2.799567691907449696 ) ) ;
#376 = CARTESIAN_POINT ( 'NONE',  ( 5.774789756611023783, 4.751000000000000334, 1.993112442040618992 ) ) ;
#377 = CARTESIAN_POINT ( 'NONE',  ( 4.951747182100116440, 4.750000000000000000, 1.615812272547964223 ) ) ;
#378 = EDGE_LOOP ( 'NONE', ( #2187, #2374, #7616, #1275, #5858, #8459, #4988, #8601, #3947, #8876, #1282, #2025 ) ) ;
#379 = PLANE ( 'NONE',  #1458 ) ;
#380 = CARTESIAN_POINT ( 'NONE',  ( 4.549985602116449535, 4.751000000000000334, 2.827430625937853215 ) ) ;
#381 = ORIENTED_EDGE ( 'NONE', *, *, #9450, .T. ) ;
#382 = VECTOR ( 'NONE', #7265, 1000.000000000000000 ) ;
#383 = CARTESIAN_POINT ( 'NONE',  ( 5.576269200065953946, 4.750000000000000000, 1.982086460788947457 ) ) ;
#384 = DIRECTION ( 'NONE',  ( 0.007092178509963991372, 0.0000000000000000000, -0.9999748501857348426 ) ) ;
#385 = COLOUR_RGB ( '',0.8823529411764705621, 0.8823529411764705621, 0.8823529411764705621 ) ;
#386 = DIRECTION ( 'NONE',  ( 0.9999748501857348426, -0.0000000000000000000, 0.007092178509963667846 ) ) ;
#387 = ORIENTED_EDGE ( 'NONE', *, *, #3605, .T. ) ;
#388 = PRESENTATION_STYLE_ASSIGNMENT (( #1339 ) ) ;
#389 = ORIENTED_EDGE ( 'NONE', *, *, #4785, .F. ) ;
#390 = ORIENTED_EDGE ( 'NONE', *, *, #12138, .F. ) ;
#391 = COLOUR_RGB ( '',0.0000000000000000000, 0.0000000000000000000, 0.0000000000000000000 ) ;
#392 = DIRECTION ( 'NONE',  ( -0.0000000000000000000, -1.000000000000000000, -0.0000000000000000000 ) ) ;
#393 = STYLED_ITEM ( 'NONE', ( #2539 ), #1403 ) ;
#394 =( LENGTH_UNIT ( ) NAMED_UNIT ( * ) SI_UNIT ( .MILLI., .METRE. ) );
#395 = CARTESIAN_POINT ( 'NONE',  ( 16.78000000000000114, 0.0000000000000000000, 3.750000000000004885 ) ) ;
#396 = B_SPLINE_SURFACE_WITH_KNOTS ( 'NONE', 3, 1, ( 
 ( #5804, #9587 ),
 ( #7738, #10577 ),
 ( #8897, #7018 ),
 ( #9712, #5299 ) ),
 .UNSPECIFIED., .F., .F., .F.,
 ( 4, 4 ),
 ( 2, 2 ),
 ( 5.000000000000000000, 6.000000000000000000 ),
 ( 0.0000000000000000000, 1.000000000000000000 ),
 .UNSPECIFIED. ) ;
#397 = CARTESIAN_POINT ( 'NONE',  ( 8.584519778110365706, 4.750000000000000000, 2.026625182209353060 ) ) ;
#398 = SURFACE_STYLE_USAGE ( .BOTH. , #2395 ) ;
#399 = SURFACE_SIDE_STYLE ('',( #10869 ) ) ;
#400 = ADVANCED_FACE ( 'NONE', ( #8019 ), #1575, .T. ) ;
#401 = COLOUR_RGB ( '',0.6470588235294117974, 0.6470588235294117974, 0.6470588235294117974 ) ;
#402 = DIRECTION ( 'NONE',  ( -0.9999748501857348426, 0.0000000000000000000, -0.007092178509965066900 ) ) ;
#403 = VERTEX_POINT ( 'NONE', #7229 ) ;
#404 = ORIENTED_EDGE ( 'NONE', *, *, #8972, .F. ) ;
#405 = EDGE_CURVE ( 'NONE', #7820, #2178, #7290, .T. ) ;
#406 =( GEOMETRIC_REPRESENTATION_CONTEXT ( 3 ) GLOBAL_UNCERTAINTY_ASSIGNED_CONTEXT ( ( #1849 ) ) GLOBAL_UNIT_ASSIGNED_CONTEXT ( ( #2358, #11563, #10831 ) ) REPRESENTATION_CONTEXT ( 'NONE', 'WORKASPACE' ) );
#407 = FILL_AREA_STYLE_COLOUR ( '', #4925 ) ;
#408 = MECHANICAL_DESIGN_GEOMETRIC_PRESENTATION_REPRESENTATION (  '', ( #9242 ), #4757 ) ;
#409 = DIRECTION ( 'NONE',  ( 0.9919892169122311865, 0.0000000000000000000, -0.1263225772768203081 ) ) ;
#410 =( GEOMETRIC_REPRESENTATION_CONTEXT ( 3 ) GLOBAL_UNCERTAINTY_ASSIGNED_CONTEXT ( ( #10438 ) ) GLOBAL_UNIT_ASSIGNED_CONTEXT ( ( #5153, #8877, #3453 ) ) REPRESENTATION_CONTEXT ( 'NONE', 'WORKASPACE' ) );
#411 = EDGE_LOOP ( 'NONE', ( #9404, #681, #5138, #1499 ) ) ;
#412 = CARTESIAN_POINT ( 'NONE',  ( 8.100946824540946167, 4.750000000000000000, 1.397790288773736345 ) ) ;
#413 = PRESENTATION_STYLE_ASSIGNMENT (( #1546 ) ) ;
#414 = DIRECTION ( 'NONE',  ( 0.9999748501857348426, -0.0000000000000000000, 0.007092178509965225627 ) ) ;
#415 = ADVANCED_FACE ( 'NONE', ( #11152 ), #132, .F. ) ;
#416 = FILL_AREA_STYLE ('',( #489 ) ) ;
#417 = EDGE_CURVE ( 'NONE', #1911, #11104, #4662, .T. ) ;
#418 = VECTOR ( 'NONE', #3105, 1000.000000000000000 ) ;
#419 = PRESENTATION_LAYER_ASSIGNMENT (  '', '', ( #4953 ) ) ;
#420 = PLANE ( 'NONE',  #6117 ) ;
#421 = ORIENTED_EDGE ( 'NONE', *, *, #2895, .F. ) ;
#422 = SURFACE_SIDE_STYLE ('',( #8894 ) ) ;
#423 = CARTESIAN_POINT ( 'NONE',  ( 5.717710370691858834, 4.751000000000000334, 2.875744233302981456 ) ) ;
#424 = PRESENTATION_LAYER_ASSIGNMENT (  '', '', ( #32 ) ) ;
#425 = FILL_AREA_STYLE_COLOUR ( '', #1821 ) ;
#426 = VERTEX_POINT ( 'NONE', #5813 ) ;
#427 = CARTESIAN_POINT ( 'NONE',  ( 8.299841908398944312, 4.750000000000000000, 1.898078878745585119 ) ) ;
#428 = CARTESIAN_POINT ( 'NONE',  ( 5.942858560643561106, 4.750000000000000000, 1.771270763671490389 ) ) ;
#429 = STYLED_ITEM ( 'NONE', ( #4682 ), #7107 ) ;
#430 = COLOUR_RGB ( '',0.0000000000000000000, 0.0000000000000000000, 0.0000000000000000000 ) ;
#431 = PRESENTATION_LAYER_ASSIGNMENT (  '', '', ( #3610 ) ) ;
#432 =( NAMED_UNIT ( * ) PLANE_ANGLE_UNIT ( ) SI_UNIT ( $, .RADIAN. ) );
#433 = EDGE_LOOP ( 'NONE', ( #4860, #11664, #8893, #5280 ) ) ;
#434 = EDGE_CURVE ( 'NONE', #2690, #4250, #6316, .T. ) ;
#435 = CARTESIAN_POINT ( 'NONE',  ( 8.118226163192861833, 4.751000000000000334, 3.039149390787762250 ) ) ;
#436 = EDGE_CURVE ( 'NONE', #6161, #3598, #9192, .T. ) ;
#437 = APPLICATION_PROTOCOL_DEFINITION ( 'draft international standard', 'automotive_design', 1998, #7469 ) ;
#438 = LINE ( 'NONE', #6059, #5961 ) ;
#439 = CARTESIAN_POINT ( 'NONE',  ( 8.294611753513905228, 4.751000000000000334, 2.125790671099390572 ) ) ;
#440 = CARTESIAN_POINT ( 'NONE',  ( 5.765111325619892924, 4.751000000000000334, 2.478103066264586651 ) ) ;
#441 = UNCERTAINTY_MEASURE_WITH_UNIT (LENGTH_MEASURE( 1.000000000000000082E-05 ), #7707, 'distance_accuracy_value', 'NONE');
#442 = CARTESIAN_POINT ( 'NONE',  ( 5.589416121537609250, 4.750000000000000000, 1.796058355507088367 ) ) ;
#443 = MECHANICAL_DESIGN_GEOMETRIC_PRESENTATION_REPRESENTATION (  '', ( #10453 ), #7122 ) ;
#444 = AXIS2_PLACEMENT_3D ( 'NONE', #9382, #7499, #11244 ) ;
#445 = CARTESIAN_POINT ( 'NONE',  ( 5.579126468040183084, 4.751000000000000334, 2.935328768692522239 ) ) ;
#446 = CARTESIAN_POINT ( 'NONE',  ( 7.110752489468366022, 4.751000000000000334, 1.860724989050378531 ) ) ;
#447 = EDGE_CURVE ( 'NONE', #9529, #11895, #3695, .T. ) ;
#448 = DIRECTION ( 'NONE',  ( -0.0000000000000000000, -1.000000000000000000, -0.0000000000000000000 ) ) ;
#449 = ORIENTED_EDGE ( 'NONE', *, *, #8310, .T. ) ;
#450 = CARTESIAN_POINT ( 'NONE',  ( 4.573835816210541694, 4.751000000000000334, 2.928198888620188622 ) ) ;
#451 = CARTESIAN_POINT ( 'NONE',  ( 5.416976395264091693, 4.750000000000000000, 1.974458048948823929 ) ) ;
#452 = SURFACE_STYLE_FILL_AREA ( #4469 ) ;
#453 = VERTEX_POINT ( 'NONE', #10987 ) ;
#454 = CARTESIAN_POINT ( 'NONE',  ( 7.969657260002554366, 4.751000000000000334, 3.088706510065378552 ) ) ;
#455 = CARTESIAN_POINT ( 'NONE',  ( 4.167018819935679019, 4.750000000000000000, 1.792208910616929662 ) ) ;
#456 = FILL_AREA_STYLE ('',( #10853 ) ) ;
#457 = ORIENTED_EDGE ( 'NONE', *, *, #3401, .F. ) ;
#458 = ORIENTED_EDGE ( 'NONE', *, *, #6961, .T. ) ;
#459 = ORIENTED_EDGE ( 'NONE', *, *, #7293, .F. ) ;
#460 = AXIS2_PLACEMENT_3D ( 'NONE', #7470, #6603, #2815 ) ;
#461 = CARTESIAN_POINT ( 'NONE',  ( 7.935636645477226914, 4.750000000000000000, 1.768968883389729019 ) ) ;
#462 = LINE ( 'NONE', #5145, #6638 ) ;
#463 = VECTOR ( 'NONE', #4641, 1000.000000000000114 ) ;
#464 = DIRECTION ( 'NONE',  ( -0.0000000000000000000, -1.000000000000000000, -0.0000000000000000000 ) ) ;
#465 = PRESENTATION_STYLE_ASSIGNMENT (( #4052 ) ) ;
#466 = DIRECTION ( 'NONE',  ( -0.0000000000000000000, -1.000000000000000000, -0.0000000000000000000 ) ) ;
#467 = FILL_AREA_STYLE_COLOUR ( '', #1651 ) ;
#468 = PRESENTATION_STYLE_ASSIGNMENT (( #7959 ) ) ;
#469 = DIRECTION ( 'NONE',  ( -0.007092178509965236036, 0.0000000000000000000, 0.9999748501857348426 ) ) ;
#470 =( GEOMETRIC_REPRESENTATION_CONTEXT ( 3 ) GLOBAL_UNCERTAINTY_ASSIGNED_CONTEXT ( ( #1733 ) ) GLOBAL_UNIT_ASSIGNED_CONTEXT ( ( #12003, #11025, #9289 ) ) REPRESENTATION_CONTEXT ( 'NONE', 'WORKASPACE' ) );
#471 = DIRECTION ( 'NONE',  ( -0.0000000000000000000, -1.000000000000000000, -0.0000000000000000000 ) ) ;
#472 = PRESENTATION_LAYER_ASSIGNMENT (  '', '', ( #7917 ) ) ;
#473 = EDGE_LOOP ( 'NONE', ( #8420, #4108, #4099, #3844 ) ) ;
#474 = ORIENTED_EDGE ( 'NONE', *, *, #2973, .T. ) ;
#475 = B_SPLINE_CURVE_WITH_KNOTS ( 'NONE', 3,
 ( #5286, #12034, #2712, #8333 ),
 .UNSPECIFIED., .F., .F.,
 ( 4, 4 ),
 ( 18.00000000000000000, 19.00000000000000000 ),
 .UNSPECIFIED. ) ;
#476 = VECTOR ( 'NONE', #10301, 1000.000000000000000 ) ;
#477 = UNCERTAINTY_MEASURE_WITH_UNIT (LENGTH_MEASURE( 1.000000000000000082E-05 ), #10353, 'distance_accuracy_value', 'NONE');
#478 = EDGE_CURVE ( 'NONE', #9303, #1355, #833, .T. ) ;
#479 = CARTESIAN_POINT ( 'NONE',  ( 5.576269200065953946, 4.751000000000000334, 1.982086460788947457 ) ) ;
#480 = PRESENTATION_LAYER_ASSIGNMENT (  '', '', ( #1073 ) ) ;
#481 = DIRECTION ( 'NONE',  ( 0.0000000000000000000, 1.000000000000000000, 0.0000000000000000000 ) ) ;
#482 = FILL_AREA_STYLE_COLOUR ( '', #1750 ) ;
#483 = PRESENTATION_STYLE_ASSIGNMENT (( #9888 ) ) ;
#484 = DIRECTION ( 'NONE',  ( 0.0000000000000000000, 1.195372373669727292E-16, 1.000000000000000000 ) ) ;
#485 = PLANE ( 'NONE',  #2052 ) ;
#486 = FACE_OUTER_BOUND ( 'NONE', #11543, .T. ) ;
#487 = CARTESIAN_POINT ( 'NONE',  ( 5.954113105697486752, 4.751000000000000334, 1.760432852223317468 ) ) ;
#488 = EDGE_LOOP ( 'NONE', ( #4543, #4103, #11080, #879 ) ) ;
#489 = FILL_AREA_STYLE_COLOUR ( '', #7360 ) ;
#490 = AXIS2_PLACEMENT_3D ( 'NONE', #8954, #9828, #2285 ) ;
#491 =( GEOMETRIC_REPRESENTATION_CONTEXT ( 3 ) GLOBAL_UNCERTAINTY_ASSIGNED_CONTEXT ( ( #2550 ) ) GLOBAL_UNIT_ASSIGNED_CONTEXT ( ( #4627, #8458, #11245 ) ) REPRESENTATION_CONTEXT ( 'NONE', 'WORKASPACE' ) );
#492 =( NAMED_UNIT ( * ) PLANE_ANGLE_UNIT ( ) SI_UNIT ( $, .RADIAN. ) );
#493 = EDGE_LOOP ( 'NONE', ( #4060, #2604, #4816, #7965 ) ) ;
#494 = UNCERTAINTY_MEASURE_WITH_UNIT (LENGTH_MEASURE( 1.000000000000000082E-05 ), #760, 'distance_accuracy_value', 'NONE');
#495 = CARTESIAN_POINT ( 'NONE',  ( 5.443412126751434599, 4.751000000000000334, 1.985563273292652031 ) ) ;
#496 = EDGE_CURVE ( 'NONE', #5590, #7724, #7619, .T. ) ;
#497 = CARTESIAN_POINT ( 'NONE',  ( 5.627399508885816637, 4.751000000000000334, 1.828301107298216266 ) ) ;
#498 = SURFACE_STYLE_USAGE ( .BOTH. , #8895 ) ;
#499 = VERTEX_POINT ( 'NONE', #4541 ) ;
#500 = CARTESIAN_POINT ( 'NONE',  ( 5.513908196141112938, 4.751000000000000334, 2.876378363682340122 ) ) ;
#501 =( GEOMETRIC_REPRESENTATION_CONTEXT ( 3 ) GLOBAL_UNCERTAINTY_ASSIGNED_CONTEXT ( ( #10199 ) ) GLOBAL_UNIT_ASSIGNED_CONTEXT ( ( #2593, #3764, #7372 ) ) REPRESENTATION_CONTEXT ( 'NONE', 'WORKASPACE' ) );
#502 = CARTESIAN_POINT ( 'NONE',  ( 5.320508165666915978, 4.751000000000000334, 1.501971841575278299 ) ) ;
#503 = LINE ( 'NONE', #2425, #6342 ) ;
#504 = ORIENTED_EDGE ( 'NONE', *, *, #3167, .T. ) ;
#505 = CARTESIAN_POINT ( 'NONE',  ( 17.78000000000000114, 0.0000000000000000000, 3.750000000000004885 ) ) ;
#506 = DIRECTION ( 'NONE',  ( -0.0000000000000000000, -1.000000000000000000, -0.0000000000000000000 ) ) ;
#507 =( LENGTH_UNIT ( ) NAMED_UNIT ( * ) SI_UNIT ( .MILLI., .METRE. ) );
#508 = B_SPLINE_SURFACE_WITH_KNOTS ( 'NONE', 3, 1, ( 
 ( #10600, #4101 ),
 ( #3061, #5202 ),
 ( #7096, #11759 ),
 ( #706, #10047 ) ),
 .UNSPECIFIED., .F., .F., .F.,
 ( 4, 4 ),
 ( 2, 2 ),
 ( 3.000000000000000000, 4.000000000000000000 ),
 ( 0.0000000000000000000, 1.000000000000000000 ),
 .UNSPECIFIED. ) ;
#509 = VECTOR ( 'NONE', #12071, 1000.000000000000114 ) ;
#510 = SURFACE_SIDE_STYLE ('',( #7865 ) ) ;
#511 = EDGE_CURVE ( 'NONE', #6772, #6365, #8756, .T. ) ;
#512 = CARTESIAN_POINT ( 'NONE',  ( 4.648716840333255718, 4.751000000000000334, 2.559346681875779517 ) ) ;
#513 = EDGE_CURVE ( 'NONE', #5270, #7380, #723, .T. ) ;
#514 = DIRECTION ( 'NONE',  ( 0.007092178509964114537, 0.0000000000000000000, -0.9999748501857348426 ) ) ;
#515 = EDGE_CURVE ( 'NONE', #7733, #620, #8254, .T. ) ;
#516 = CARTESIAN_POINT ( 'NONE',  ( 7.428938690520136667, 4.751000000000000334, 1.852136530189176788 ) ) ;
#517 = ORIENTED_EDGE ( 'NONE', *, *, #5564, .T. ) ;
#518 = UNCERTAINTY_MEASURE_WITH_UNIT (LENGTH_MEASURE( 1.000000000000000082E-05 ), #3235, 'distance_accuracy_value', 'NONE');
#519 = DIRECTION ( 'NONE',  ( 0.007092178509963424117, -0.0000000000000000000, -0.9999748501857348426 ) ) ;
#520 = PRESENTATION_LAYER_ASSIGNMENT (  '', '', ( #6789 ) ) ;
#521 = SURFACE_STYLE_USAGE ( .BOTH. , #8917 ) ;
#522 = CARTESIAN_POINT ( 'NONE',  ( 5.797309041287892484, 4.751000000000000334, 1.621809299018642569 ) ) ;
#523 = ORIENTED_EDGE ( 'NONE', *, *, #29, .F. ) ;
#524 = PLANE ( 'NONE',  #11483 ) ;
#525 = MECHANICAL_DESIGN_GEOMETRIC_PRESENTATION_REPRESENTATION (  '', ( #11702 ), #8165 ) ;
#526 = CARTESIAN_POINT ( 'NONE',  ( 8.636102286682207918, 4.750000000000000000, 1.889618746306694463 ) ) ;
#527 = PLANE ( 'NONE',  #9936 ) ;
#528 = ORIENTED_EDGE ( 'NONE', *, *, #3435, .F. ) ;
#529 = DIRECTION ( 'NONE',  ( -1.000000000000000000, -0.0000000000000000000, -0.0000000000000000000 ) ) ;
#530 = ORIENTED_EDGE ( 'NONE', *, *, #2842, .T. ) ;
#531 = ORIENTED_EDGE ( 'NONE', *, *, #9051, .F. ) ;
#532 = CARTESIAN_POINT ( 'NONE',  ( 5.548873985797055042, 4.751000000000000334, 1.611469090392399384 ) ) ;
#533 = CARTESIAN_POINT ( 'NONE',  ( 6.085551493019715430, 4.750000000000000000, 2.488434068809013855 ) ) ;
#534 = B_SPLINE_CURVE_WITH_KNOTS ( 'NONE', 3,
 ( #3043, #7860, #2111, #5060 ),
 .UNSPECIFIED., .F., .F.,
 ( 4, 4 ),
 ( 13.00000000000000000, 14.00000000000000000 ),
 .UNSPECIFIED. ) ;
#535 = CARTESIAN_POINT ( 'NONE',  ( 5.331942458495920079, 4.750000000000000000, 1.447464274159149245 ) ) ;
#536 = CARTESIAN_POINT ( 'NONE',  ( 8.159297564931996760, 4.750000000000000000, 1.835626060166847928 ) ) ;
#537 = MECHANICAL_DESIGN_GEOMETRIC_PRESENTATION_REPRESENTATION (  '', ( #6236 ), #3509 ) ;
#538 = CARTESIAN_POINT ( 'NONE',  ( 6.094730325434776219, 4.751000000000000334, 2.073885271771534811 ) ) ;
#539 = LINE ( 'NONE', #8999, #2612 ) ;
#540 = CARTESIAN_POINT ( 'NONE',  ( 8.299841908398944312, 4.750000000000000000, 1.898078878745585119 ) ) ;
#541 =( NAMED_UNIT ( * ) SI_UNIT ( $, .STERADIAN. ) SOLID_ANGLE_UNIT ( ) );
#542 = ORIENTED_EDGE ( 'NONE', *, *, #10215, .F. ) ;
#543 = ORIENTED_EDGE ( 'NONE', *, *, #2146, .F. ) ;
#544 = PRESENTATION_STYLE_ASSIGNMENT (( #7968 ) ) ;
#545 = DIRECTION ( 'NONE',  ( -0.0000000000000000000, -1.000000000000000000, -0.0000000000000000000 ) ) ;
#546 =( NAMED_UNIT ( * ) PLANE_ANGLE_UNIT ( ) SI_UNIT ( $, .RADIAN. ) );
#547 = FILL_AREA_STYLE ('',( #4305 ) ) ;
#548 = LINE ( 'NONE', #3337, #11589 ) ;
#549 = CARTESIAN_POINT ( 'NONE',  ( 5.893434448391693614, 4.751000000000000334, 1.666161985511055210 ) ) ;
#550 = FILL_AREA_STYLE ('',( #11794 ) ) ;
#551 = SURFACE_STYLE_FILL_AREA ( #416 ) ;
#552 = CARTESIAN_POINT ( 'NONE',  ( 7.427477186061907766, 4.751000000000000334, 2.058184615345579171 ) ) ;
#553 = ORIENTED_EDGE ( 'NONE', *, *, #279, .F. ) ;
#554 = CARTESIAN_POINT ( 'NONE',  ( 5.868602513033557067, 4.751000000000000334, 1.942048538271248015 ) ) ;
#555 = DIRECTION ( 'NONE',  ( 0.3349296976928480829, 0.0000000000000000000, 0.9422431202207726120 ) ) ;
#556 = ORIENTED_EDGE ( 'NONE', *, *, #346, .T. ) ;
#557 = FILL_AREA_STYLE ('',( #3290 ) ) ;
#558 = SURFACE_SIDE_STYLE ('',( #7252 ) ) ;
#559 = CARTESIAN_POINT ( 'NONE',  ( 8.636102286682207918, 4.750000000000000000, 1.889618746306694463 ) ) ;
#560 = SURFACE_STYLE_USAGE ( .BOTH. , #1608 ) ;
#561 = ORIENTED_EDGE ( 'NONE', *, *, #7684, .F. ) ;
#562 = CARTESIAN_POINT ( 'NONE',  ( 5.603698580691133913, 4.751000000000000334, 1.963044994509220320 ) ) ;
#563 = SHAPE_DEFINITION_REPRESENTATION ( #9829, #10498 ) ;
#564 = SURFACE_STYLE_FILL_AREA ( #6566 ) ;
#565 = EDGE_CURVE ( 'NONE', #266, #1461, #10182, .T. ) ;
#566 = LINE ( 'NONE', #4388, #1398 ) ;
#567 = EDGE_CURVE ( 'NONE', #5058, #2270, #6486, .T. ) ;
#568 = CARTESIAN_POINT ( 'NONE',  ( 5.317658825195752392, 4.751000000000000334, 2.874986493105841312 ) ) ;
#569 = CARTESIAN_POINT ( 'NONE',  ( 4.921845531079022784, 4.751000000000000334, 2.533209638221726845 ) ) ;
#570 = LINE ( 'NONE', #1390, #2616 ) ;
#571 = STYLED_ITEM ( 'NONE', ( #10375 ), #4368 ) ;
#572 = EDGE_LOOP ( 'NONE', ( #3189, #10819, #11011, #10833, #28, #5074, #9080, #8166, #7788, #4162, #2344, #10606 ) ) ;
#573 = DIRECTION ( 'NONE',  ( 0.0000000000000000000, 1.000000000000000000, -1.195372373669727292E-16 ) ) ;
#574 = CARTESIAN_POINT ( 'NONE',  ( 5.471967879589486827, 4.750000000000000000, 1.990964721217279854 ) ) ;
#575 = SURFACE_STYLE_FILL_AREA ( #1628 ) ;
#576 = ORIENTED_EDGE ( 'NONE', *, *, #7503, .T. ) ;
#577 = CARTESIAN_POINT ( 'NONE',  ( 6.350477472386660160, 4.751000000000000334, 2.940799465296190629 ) ) ;
#578 = STYLED_ITEM ( 'NONE', ( #6428 ), #880 ) ;
#579 = EDGE_CURVE ( 'NONE', #22, #10604, #2918, .T. ) ;
#580 = EDGE_CURVE ( 'NONE', #6842, #10582, #438, .T. ) ;
#581 = COLOUR_RGB ( '',0.0000000000000000000, 0.0000000000000000000, 0.0000000000000000000 ) ;
#582 = CARTESIAN_POINT ( 'NONE',  ( 6.024710714677333101, 4.751000000000000334, 1.720641923077660840 ) ) ;
#583 = ORIENTED_EDGE ( 'NONE', *, *, #11405, .F. ) ;
#584 = VERTEX_POINT ( 'NONE', #7745 ) ;
#585 = B_SPLINE_CURVE_WITH_KNOTS ( 'NONE', 3,
 ( #114, #8572, #2149, #5735 ),
 .UNSPECIFIED., .F., .F.,
 ( 4, 4 ),
 ( 3.000000000000000000, 4.000000000000000000 ),
 .UNSPECIFIED. ) ;
#586 = DIRECTION ( 'NONE',  ( -0.0000000000000000000, -1.000000000000000000, -0.0000000000000000000 ) ) ;
#587 = LINE ( 'NONE', #6019, #7232 ) ;
#588 = CIRCLE ( 'NONE', #3565, 1.339999999999999192 ) ;
#589 =( NAMED_UNIT ( * ) PLANE_ANGLE_UNIT ( ) SI_UNIT ( $, .RADIAN. ) );
#590 = VECTOR ( 'NONE', #8655, 1000.000000000000114 ) ;
#591 = SURFACE_SIDE_STYLE ('',( #10126 ) ) ;
#592 = CARTESIAN_POINT ( 'NONE',  ( 4.191103140047736098, 4.750000000000000000, 2.006575242951158522 ) ) ;
#593 = CARTESIAN_POINT ( 'NONE',  ( 8.301841673013029776, 4.750000000000000000, 1.616118361597241870 ) ) ;
#594 = CARTESIAN_POINT ( 'NONE',  ( 4.578646546804878703, 4.750000000000000000, 2.121620518302036906 ) ) ;
#595 =( NAMED_UNIT ( * ) PLANE_ANGLE_UNIT ( ) SI_UNIT ( $, .RADIAN. ) );
#596 = DIRECTION ( 'NONE',  ( -0.0000000000000000000, -1.000000000000000000, -0.0000000000000000000 ) ) ;
#597 = LINE ( 'NONE', #1352, #5428 ) ;
#598 = EDGE_CURVE ( 'NONE', #11895, #9180, #3961, .T. ) ;
#599 = MECHANICAL_DESIGN_GEOMETRIC_PRESENTATION_REPRESENTATION (  '', ( #1184 ), #8609 ) ;
#600 = VERTEX_POINT ( 'NONE', #1321 ) ;
#601 = PRESENTATION_LAYER_ASSIGNMENT (  '', '', ( #4131 ) ) ;
#602 = ORIENTED_EDGE ( 'NONE', *, *, #1277, .F. ) ;
#603 = COLOUR_RGB ( '',0.0000000000000000000, 0.0000000000000000000, 0.0000000000000000000 ) ;
#604 = EDGE_CURVE ( 'NONE', #1823, #2461, #8588, .T. ) ;
#605 = SURFACE_STYLE_FILL_AREA ( #8083 ) ;
#606 = UNCERTAINTY_MEASURE_WITH_UNIT (LENGTH_MEASURE( 1.000000000000000082E-05 ), #10036, 'distance_accuracy_value', 'NONE');
#607 = EDGE_CURVE ( 'NONE', #8495, #6670, #2165, .T. ) ;
#608 = CARTESIAN_POINT ( 'NONE',  ( 4.290225155933111267, 4.751000000000000334, 2.013257010046226814 ) ) ;
#609 = DIRECTION ( 'NONE',  ( -0.0000000000000000000, -1.000000000000000000, -0.0000000000000000000 ) ) ;
#610 = STYLED_ITEM ( 'NONE', ( #2193 ), #2365 ) ;
#611 =( NAMED_UNIT ( * ) PLANE_ANGLE_UNIT ( ) SI_UNIT ( $, .RADIAN. ) );
#612 = CARTESIAN_POINT ( 'NONE',  ( 4.140106571802283142, 4.751000000000000334, 1.610055827680276774 ) ) ;
#613 = MECHANICAL_DESIGN_GEOMETRIC_PRESENTATION_REPRESENTATION (  '', ( #5920 ), #6116 ) ;
#614 = LINE ( 'NONE', #7189, #9090 ) ;
#615 = PRESENTATION_LAYER_ASSIGNMENT (  '', '', ( #9226 ) ) ;
#616 = DIRECTION ( 'NONE',  ( -0.0000000000000000000, -1.000000000000000000, -0.0000000000000000000 ) ) ;
#617 = CARTESIAN_POINT ( 'NONE',  ( 5.801078790548504394, 4.750000000000000000, 2.886213460521970475 ) ) ;
#618 = B_SPLINE_CURVE_WITH_KNOTS ( 'NONE', 3,
 ( #11049, #7534, #8380, #7417 ),
 .UNSPECIFIED., .F., .F.,
 ( 4, 4 ),
 ( 18.00000000000000000, 19.00000000000000000 ),
 .UNSPECIFIED. ) ;
#619 =( NAMED_UNIT ( * ) SI_UNIT ( $, .STERADIAN. ) SOLID_ANGLE_UNIT ( ) );
#620 = VERTEX_POINT ( 'NONE', #10773 ) ;
#621 = VECTOR ( 'NONE', #3986, 1000.000000000000000 ) ;
#622 = UNCERTAINTY_MEASURE_WITH_UNIT (LENGTH_MEASURE( 1.000000000000000082E-05 ), #5829, 'distance_accuracy_value', 'NONE');
#623 = FACE_OUTER_BOUND ( 'NONE', #4719, .T. ) ;
#624 = LINE ( 'NONE', #11802, #2571 ) ;
#625 = CARTESIAN_POINT ( 'NONE',  ( 4.882922951460731298, 4.750000000000000000, 2.065290701403772022 ) ) ;
#626 = ORIENTED_EDGE ( 'NONE', *, *, #3465, .F. ) ;
#627 = SURFACE_STYLE_USAGE ( .BOTH. , #2295 ) ;
#628 =( NAMED_UNIT ( * ) SI_UNIT ( $, .STERADIAN. ) SOLID_ANGLE_UNIT ( ) );
#629 = CARTESIAN_POINT ( 'NONE',  ( 8.685402946060902352, 4.750000000000000000, 2.584059729898250168 ) ) ;
#630 = PRESENTATION_STYLE_ASSIGNMENT (( #560 ) ) ;
#631 = ORIENTED_EDGE ( 'NONE', *, *, #174, .F. ) ;
#632 = CARTESIAN_POINT ( 'NONE',  ( 4.442408582935913230, 4.751000000000000334, 1.612199861429208125 ) ) ;
#633 = MECHANICAL_DESIGN_GEOMETRIC_PRESENTATION_REPRESENTATION (  '', ( #4393 ), #2996 ) ;
#634 = STYLED_ITEM ( 'NONE', ( #8802 ), #5761 ) ;
#635 = DIRECTION ( 'NONE',  ( 0.007092178509964220355, 0.0000000000000000000, -0.9999748501857348426 ) ) ;
#636 = FILL_AREA_STYLE ('',( #3540 ) ) ;
#637 = B_SPLINE_CURVE_WITH_KNOTS ( 'NONE', 3,
 ( #4111, #6985, #7823, #11594 ),
 .UNSPECIFIED., .F., .F.,
 ( 4, 4 ),
 ( 5.000000000000000000, 6.000000000000000000 ),
 .UNSPECIFIED. ) ;
#638 = FILL_AREA_STYLE ('',( #9728 ) ) ;
#639 =( NAMED_UNIT ( * ) SI_UNIT ( $, .STERADIAN. ) SOLID_ANGLE_UNIT ( ) );
#640 = AXIS2_PLACEMENT_3D ( 'NONE', #11137, #11999, #7333 ) ;
#641 = CIRCLE ( 'NONE', #8272, 0.3400000000000000244 ) ;
#642 = ORIENTED_EDGE ( 'NONE', *, *, #7506, .T. ) ;
#643 = UNCERTAINTY_MEASURE_WITH_UNIT (LENGTH_MEASURE( 1.000000000000000082E-05 ), #4737, 'distance_accuracy_value', 'NONE');
#644 = DIRECTION ( 'NONE',  ( -0.9999748501857348426, 0.0000000000000000000, -0.007092178509963424117 ) ) ;
#645 = EDGE_CURVE ( 'NONE', #3066, #7558, #10585, .T. ) ;
#646 = UNCERTAINTY_MEASURE_WITH_UNIT (LENGTH_MEASURE( 1.000000000000000082E-05 ), #9782, 'distance_accuracy_value', 'NONE');
#647 =( NAMED_UNIT ( * ) PLANE_ANGLE_UNIT ( ) SI_UNIT ( $, .RADIAN. ) );
#648 = LINE ( 'NONE', #3549, #1116 ) ;
#649 = CARTESIAN_POINT ( 'NONE',  ( 6.062852483774308965, 4.751000000000000334, 2.756797314557061895 ) ) ;
#650 = EDGE_LOOP ( 'NONE', ( #10785, #11872, #9759, #7564 ) ) ;
#651 = B_SPLINE_CURVE_WITH_KNOTS ( 'NONE', 3,
 ( #10315, #5782, #3823, #9502 ),
 .UNSPECIFIED., .F., .F.,
 ( 4, 4 ),
 ( 4.000000000000000000, 5.000000000000000000 ),
 .UNSPECIFIED. ) ;
#652 = COLOUR_RGB ( '',0.0000000000000000000, 0.0000000000000000000, 0.0000000000000000000 ) ;
#653 = CARTESIAN_POINT ( 'NONE',  ( 8.405570455151950782, 4.751000000000000334, 2.791748271027798989 ) ) ;
#654 = EDGE_LOOP ( 'NONE', ( #2217, #5329, #11136, #2258, #7943, #11630, #5983, #10572, #6590, #9229, #11782, #5663 ) ) ;
#655 = ORIENTED_EDGE ( 'NONE', *, *, #281, .T. ) ;
#656 = CARTESIAN_POINT ( 'NONE',  ( 5.579697231358384357, 4.750000000000000000, 1.663676903184503786 ) ) ;
#657 = EDGE_CURVE ( 'NONE', #6423, #11846, #6162, .T. ) ;
#658 = CARTESIAN_POINT ( 'NONE',  ( 5.295142505985755754, 4.751000000000000334, 1.981392340027532395 ) ) ;
#659 = VECTOR ( 'NONE', #8789, 999.9999999999998863 ) ;
#660 = DIRECTION ( 'NONE',  ( 0.007092178509967095659, 0.0000000000000000000, -0.9999748501857348426 ) ) ;
#661 = CARTESIAN_POINT ( 'NONE',  ( 5.416976395264090804, 4.751000000000000334, 1.974458048948823929 ) ) ;
#662 =( NAMED_UNIT ( * ) SI_UNIT ( $, .STERADIAN. ) SOLID_ANGLE_UNIT ( ) );
#663 = FACE_OUTER_BOUND ( 'NONE', #3416, .T. ) ;
#664 = B_SPLINE_CURVE_WITH_KNOTS ( 'NONE', 3,
 ( #6587, #3897, #248, #10338 ),
 .UNSPECIFIED., .F., .F.,
 ( 4, 4 ),
 ( 2.000000000000000000, 3.000000000000000000 ),
 .UNSPECIFIED. ) ;
#665 = PRESENTATION_STYLE_ASSIGNMENT (( #6259 ) ) ;
#666 = CARTESIAN_POINT ( 'NONE',  ( 5.646770985724858249, 4.751000000000000334, 1.699245326436861880 ) ) ;
#667 = MECHANICAL_DESIGN_GEOMETRIC_PRESENTATION_REPRESENTATION (  '', ( #10086 ), #11853 ) ;
#668 = VERTEX_POINT ( 'NONE', #4090 ) ;
#669 = ORIENTED_EDGE ( 'NONE', *, *, #6462, .F. ) ;
#670 = COLOUR_RGB ( '',0.0000000000000000000, 0.0000000000000000000, 0.0000000000000000000 ) ;
#671 = CARTESIAN_POINT ( 'NONE',  ( 4.313609839173923710, 4.751000000000000334, 2.417898864508952528 ) ) ;
#672 = ADVANCED_FACE ( 'NONE', ( #8779 ), #6827, .F. ) ;
#673 = CARTESIAN_POINT ( 'NONE',  ( 4.442387373558622343, 4.750000000000000000, 1.670167672722675078 ) ) ;
#674 = ADVANCED_FACE ( 'NONE', ( #5867 ), #5514, .F. ) ;
#675 = CARTESIAN_POINT ( 'NONE',  ( 3.919000357439532678, 4.751000000000000334, 2.016342963659302434 ) ) ;
#676 = FACE_OUTER_BOUND ( 'NONE', #10292, .T. ) ;
#677 = DIRECTION ( 'NONE',  ( -0.007092178509963185593, -0.0000000000000000000, 0.9999748501857348426 ) ) ;
#678 = FILL_AREA_STYLE ('',( #4494 ) ) ;
#679 = EDGE_CURVE ( 'NONE', #3882, #1169, #3323, .T. ) ;
#680 = SURFACE_SIDE_STYLE ('',( #9010 ) ) ;
#681 = ORIENTED_EDGE ( 'NONE', *, *, #11930, .F. ) ;
#682 = VECTOR ( 'NONE', #1785, 1000.000000000000000 ) ;
#683 = EDGE_LOOP ( 'NONE', ( #7761, #2420, #7762, #58 ) ) ;
#684 = VECTOR ( 'NONE', #2638, 1000.000000000000000 ) ;
#685 = PRESENTATION_STYLE_ASSIGNMENT (( #6219 ) ) ;
#686 = CARTESIAN_POINT ( 'NONE',  ( 4.921210400610024571, 4.751000000000000334, 2.824344672324774042 ) ) ;
#687 = ORIENTED_EDGE ( 'NONE', *, *, #9338, .F. ) ;
#688 =( NAMED_UNIT ( * ) SI_UNIT ( $, .STERADIAN. ) SOLID_ANGLE_UNIT ( ) );
#689 = CARTESIAN_POINT ( 'NONE',  ( 7.276729123073038430, 4.751000000000000334, 2.415006130194304657 ) ) ;
#690 = CARTESIAN_POINT ( 'NONE',  ( 8.486584710475561621, 4.750000000000000000, 2.582649640016943859 ) ) ;
#691 = CARTESIAN_POINT ( 'NONE',  ( 8.905602803042032889, 4.751000000000000334, 2.629001958253291527 ) ) ;
#692 = STYLED_ITEM ( 'NONE', ( #340 ), #3082 ) ;
#693 = ORIENTED_EDGE ( 'NONE', *, *, #9310, .T. ) ;
#694 = DIRECTION ( 'NONE',  ( -1.000000000000000000, -0.0000000000000000000, -0.0000000000000000000 ) ) ;
#695 = B_SPLINE_SURFACE_WITH_KNOTS ( 'NONE', 3, 1, ( 
 ( #3750, #8198 ),
 ( #1715, #11957 ),
 ( #5469, #9178 ),
 ( #777, #12026 ) ),
 .UNSPECIFIED., .F., .F., .F.,
 ( 4, 4 ),
 ( 2, 2 ),
 ( 26.00000000000000000, 27.00000000000000000 ),
 ( 0.0000000000000000000, 1.000000000000000000 ),
 .UNSPECIFIED. ) ;
#696 =( GEOMETRIC_REPRESENTATION_CONTEXT ( 3 ) GLOBAL_UNCERTAINTY_ASSIGNED_CONTEXT ( ( #9653 ) ) GLOBAL_UNIT_ASSIGNED_CONTEXT ( ( #9633, #1109, #296 ) ) REPRESENTATION_CONTEXT ( 'NONE', 'WORKASPACE' ) );
#697 = FACE_OUTER_BOUND ( 'NONE', #11649, .T. ) ;
#698 = DIRECTION ( 'NONE',  ( 0.0000000000000000000, -1.000000000000000000, 1.195372373669727292E-16 ) ) ;
#699 = CARTESIAN_POINT ( 'NONE',  ( 5.073372618235536535, 4.751000000000000334, 2.481255335001208095 ) ) ;
#700 = CARTESIAN_POINT ( 'NONE',  ( 5.185555950048876817, 4.751000000000000334, 1.562621918254316178 ) ) ;
#701 = VERTEX_POINT ( 'NONE', #9935 ) ;
#702 = CARTESIAN_POINT ( 'NONE',  ( 8.636102286682207918, 4.751000000000000334, 1.889618746306694463 ) ) ;
#703 = DIRECTION ( 'NONE',  ( 0.9999748501857348426, -0.0000000000000000000, 0.007092178509964055556 ) ) ;
#704 = LINE ( 'NONE', #7271, #4858 ) ;
#705 = ORIENTED_EDGE ( 'NONE', *, *, #7764, .F. ) ;
#706 = CARTESIAN_POINT ( 'NONE',  ( 4.235485328940698402, 4.751000000000000334, 1.869638520470928267 ) ) ;
#707 = CARTESIAN_POINT ( 'NONE',  ( 5.857744171827659052, 4.751000000000000334, 2.886615351628824211 ) ) ;
#708 = CARTESIAN_POINT ( 'NONE',  ( 8.358141235678351322, 4.751000000000000334, 2.852867879538017792 ) ) ;
#709 = ORIENTED_EDGE ( 'NONE', *, *, #1574, .T. ) ;
#710 = UNCERTAINTY_MEASURE_WITH_UNIT (LENGTH_MEASURE( 1.000000000000000082E-05 ), #9431, 'distance_accuracy_value', 'NONE');
#711 = EDGE_CURVE ( 'NONE', #8739, #8101, #462, .T. ) ;
#712 = ORIENTED_EDGE ( 'NONE', *, *, #11612, .T. ) ;
#713 = PRESENTATION_STYLE_ASSIGNMENT (( #8370 ) ) ;
#714 = SURFACE_STYLE_USAGE ( .BOTH. , #3504 ) ;
#715 = STYLED_ITEM ( 'NONE', ( #10417 ), #3977 ) ;
#716 = CARTESIAN_POINT ( 'NONE',  ( 5.213237750223846945, 4.751000000000000334, 2.424279346714607097 ) ) ;
#717 = VECTOR ( 'NONE', #8616, 1000.000000000000000 ) ;
#718 = CARTESIAN_POINT ( 'NONE',  ( 5.868602513033557067, 4.750000000000000000, 1.942048538271248015 ) ) ;
#719 = SURFACE_STYLE_USAGE ( .BOTH. , #4292 ) ;
#720 = DIRECTION ( 'NONE',  ( -0.3475765303544195439, 0.0000000000000000000, 0.9376516173647775343 ) ) ;
#721 =( NAMED_UNIT ( * ) SI_UNIT ( $, .STERADIAN. ) SOLID_ANGLE_UNIT ( ) );
#722 = SURFACE_SIDE_STYLE ('',( #5466 ) ) ;
#723 = LINE ( 'NONE', #8323, #4389 ) ;
#724 = ORIENTED_EDGE ( 'NONE', *, *, #3011, .T. ) ;
#725 = EDGE_CURVE ( 'NONE', #11742, #7773, #3818, .T. ) ;
#726 = VERTEX_POINT ( 'NONE', #8927 ) ;
#727 =( LENGTH_UNIT ( ) NAMED_UNIT ( * ) SI_UNIT ( .MILLI., .METRE. ) );
#728 = STYLED_ITEM ( 'NONE', ( #8303 ), #12064 ) ;
#729 = CARTESIAN_POINT ( 'NONE',  ( 5.796263755702638854, 4.751000000000000334, 1.769191276932375212 ) ) ;
#730 = CARTESIAN_POINT ( 'NONE',  ( 6.908806553402303763, 4.750000000000000000, 1.790606681095846975 ) ) ;
#731 =( NAMED_UNIT ( * ) SI_UNIT ( $, .STERADIAN. ) SOLID_ANGLE_UNIT ( ) );
#732 = SURFACE_STYLE_USAGE ( .BOTH. , #10816 ) ;
#733 = FACE_OUTER_BOUND ( 'NONE', #11645, .T. ) ;
#734 = PRESENTATION_STYLE_ASSIGNMENT (( #7240 ) ) ;
#735 = CARTESIAN_POINT ( 'NONE',  ( 6.062852483774308965, 4.750000000000000000, 2.756797314557061895 ) ) ;
#736 = FILL_AREA_STYLE_COLOUR ( '', #7373 ) ;
#737 = EDGE_CURVE ( 'NONE', #9933, #5012, #10609, .T. ) ;
#738 = EDGE_CURVE ( 'NONE', #12062, #797, #587, .T. ) ;
#739 = DIRECTION ( 'NONE',  ( -0.007092178509961665975, 0.0000000000000000000, 0.9999748501857348426 ) ) ;
#740 = VERTEX_POINT ( 'NONE', #7108 ) ;
#741 = UNCERTAINTY_MEASURE_WITH_UNIT (LENGTH_MEASURE( 1.000000000000000082E-05 ), #1919, 'distance_accuracy_value', 'NONE');
#742 = CARTESIAN_POINT ( 'NONE',  ( 4.442408582935913230, 4.751000000000000334, 1.612199861429208125 ) ) ;
#743 = CARTESIAN_POINT ( 'NONE',  ( 4.921210400610024571, 4.751000000000000334, 2.824344672324774042 ) ) ;
#744 = FACE_OUTER_BOUND ( 'NONE', #1652, .T. ) ;
#745 = ORIENTED_EDGE ( 'NONE', *, *, #6438, .F. ) ;
#746 = CARTESIAN_POINT ( 'NONE',  ( 8.459742334365129679, 4.751000000000000334, 2.799362588120311912 ) ) ;
#747 = CARTESIAN_POINT ( 'NONE',  ( 5.565717048484234653, 4.750000000000000000, 1.857237533160986942 ) ) ;
#748 = CARTESIAN_POINT ( 'NONE',  ( 6.063973354384260439, 4.750000000000000000, 2.598758086033984949 ) ) ;
#749 = ORIENTED_EDGE ( 'NONE', *, *, #11404, .F. ) ;
#750 = ADVANCED_FACE ( 'NONE', ( #1532 ), #8519, .F. ) ;
#751 = FILL_AREA_STYLE_COLOUR ( '', #4732 ) ;
#752 =( NAMED_UNIT ( * ) SI_UNIT ( $, .STERADIAN. ) SOLID_ANGLE_UNIT ( ) );
#753 = EDGE_CURVE ( 'NONE', #2106, #1516, #7590, .T. ) ;
#754 = ORIENTED_EDGE ( 'NONE', *, *, #9654, .T. ) ;
#755 = UNCERTAINTY_MEASURE_WITH_UNIT (LENGTH_MEASURE( 1.000000000000000082E-05 ), #8844, 'distance_accuracy_value', 'NONE');
#756 = VECTOR ( 'NONE', #166, 1000.000000000000000 ) ;
#757 = DIRECTION ( 'NONE',  ( 0.0000000000000000000, -0.0000000000000000000, -1.000000000000000000 ) ) ;
#758 = ORIENTED_EDGE ( 'NONE', *, *, #5353, .F. ) ;
#759 = LINE ( 'NONE', #2377, #6424 ) ;
#760 =( LENGTH_UNIT ( ) NAMED_UNIT ( * ) SI_UNIT ( .MILLI., .METRE. ) );
#761 = FILL_AREA_STYLE_COLOUR ( '', #5708 ) ;
#762 = ORIENTED_EDGE ( 'NONE', *, *, #1921, .T. ) ;
#763 =( GEOMETRIC_REPRESENTATION_CONTEXT ( 3 ) GLOBAL_UNCERTAINTY_ASSIGNED_CONTEXT ( ( #1480 ) ) GLOBAL_UNIT_ASSIGNED_CONTEXT ( ( #5573, #4884, #9293 ) ) REPRESENTATION_CONTEXT ( 'NONE', 'WORKASPACE' ) );
#764 = ORIENTED_EDGE ( 'NONE', *, *, #9491, .T. ) ;
#765 = FACE_OUTER_BOUND ( 'NONE', #3096, .T. ) ;
#766 = FACE_OUTER_BOUND ( 'NONE', #3611, .T. ) ;
#767 = CARTESIAN_POINT ( 'NONE',  ( 5.721917299346993779, 4.751000000000000334, 2.429186813697154168 ) ) ;
#768 = PRESENTATION_STYLE_ASSIGNMENT (( #5461 ) ) ;
#769 = LINE ( 'NONE', #7110, #9340 ) ;
#770 = CARTESIAN_POINT ( 'NONE',  ( 6.921548235588514508, 4.751000000000000334, 2.542629192773553815 ) ) ;
#771 = FILL_AREA_STYLE_COLOUR ( '', #9309 ) ;
#772 = CARTESIAN_POINT ( 'NONE',  ( 5.999493410425640327, 4.751000000000000334, 2.490683120358338609 ) ) ;
#773 = DIRECTION ( 'NONE',  ( 0.9999748501857349536, -0.0000000000000000000, 0.007092178509958491431 ) ) ;
#774 = STYLED_ITEM ( 'NONE', ( #2702 ), #4439 ) ;
#775 = CARTESIAN_POINT ( 'NONE',  ( 5.733625470583529449, 4.751000000000000334, 1.621357632407723903 ) ) ;
#776 =( LENGTH_UNIT ( ) NAMED_UNIT ( * ) SI_UNIT ( .MILLI., .METRE. ) );
#777 = CARTESIAN_POINT ( 'NONE',  ( 7.443372478218416077, 4.751000000000000334, 1.855853903444935948 ) ) ;
#778 = ORIENTED_EDGE ( 'NONE', *, *, #5471, .F. ) ;
#779 = ORIENTED_EDGE ( 'NONE', *, *, #6373, .T. ) ;
#780 = CARTESIAN_POINT ( 'NONE',  ( 7.287573726526743734, 4.750000000000000000, 2.415083043992236167 ) ) ;
#781 =( GEOMETRIC_REPRESENTATION_CONTEXT ( 3 ) GLOBAL_UNCERTAINTY_ASSIGNED_CONTEXT ( ( #7595 ) ) GLOBAL_UNIT_ASSIGNED_CONTEXT ( ( #189, #5752, #3964 ) ) REPRESENTATION_CONTEXT ( 'NONE', 'WORKASPACE' ) );
#782 = CARTESIAN_POINT ( 'NONE',  ( 3.915822168946374582, 4.751000000000000334, 2.024638695343270012 ) ) ;
#783 = LINE ( 'NONE', #841, #8197 ) ;
#784 = CARTESIAN_POINT ( 'NONE',  ( -16.78000000000000114, 0.0000000000000000000, 3.750000000000004885 ) ) ;
#785 = EDGE_CURVE ( 'NONE', #5907, #243, #3258, .T. ) ;
#786 = CARTESIAN_POINT ( 'NONE',  ( 16.78000000000000114, 0.0000000000000000000, 4.750000000000005329 ) ) ;
#787 =( NAMED_UNIT ( * ) SI_UNIT ( $, .STERADIAN. ) SOLID_ANGLE_UNIT ( ) );
#788 = DIRECTION ( 'NONE',  ( -0.0000000000000000000, -1.000000000000000000, -0.0000000000000000000 ) ) ;
#789 = MECHANICAL_DESIGN_GEOMETRIC_PRESENTATION_REPRESENTATION (  '', ( #8415 ), #4917 ) ;
#790 = FACE_OUTER_BOUND ( 'NONE', #2509, .T. ) ;
#791 = ORIENTED_EDGE ( 'NONE', *, *, #9154, .F. ) ;
#792 = CARTESIAN_POINT ( 'NONE',  ( 6.042704028533234961, 4.751000000000000334, 2.537259976450128462 ) ) ;
#793 = STYLED_ITEM ( 'NONE', ( #5778 ), #2267 ) ;
#794 = MECHANICAL_DESIGN_GEOMETRIC_PRESENTATION_REPRESENTATION (  '', ( #393 ), #10608 ) ;
#795 = CARTESIAN_POINT ( 'NONE',  ( 3.996529538601966358, 4.750000000000000000, 1.805556716723700106 ) ) ;
#796 =( GEOMETRIC_REPRESENTATION_CONTEXT ( 3 ) GLOBAL_UNCERTAINTY_ASSIGNED_CONTEXT ( ( #9067 ) ) GLOBAL_UNIT_ASSIGNED_CONTEXT ( ( #7914, #492, #9706 ) ) REPRESENTATION_CONTEXT ( 'NONE', 'WORKASPACE' ) );
#797 = VERTEX_POINT ( 'NONE', #1467 ) ;
#798 = FACE_OUTER_BOUND ( 'NONE', #10120, .T. ) ;
#799 = DIRECTION ( 'NONE',  ( -0.9999748501857349536, 0.0000000000000000000, -0.007092178509958489696 ) ) ;
#800 = EDGE_CURVE ( 'NONE', #10780, #2689, #1286, .T. ) ;
#801 = CARTESIAN_POINT ( 'NONE',  ( 5.515062250420447398, 4.751000000000000334, 2.713660342207970810 ) ) ;
#802 = CARTESIAN_POINT ( 'NONE',  ( 5.733625470583529449, 4.751000000000000334, 1.621357632407723903 ) ) ;
#803 =( NAMED_UNIT ( * ) PLANE_ANGLE_UNIT ( ) SI_UNIT ( $, .RADIAN. ) );
#804 = ORIENTED_EDGE ( 'NONE', *, *, #9519, .F. ) ;
#805 = LINE ( 'NONE', #3723, #2867 ) ;
#806 = PRESENTATION_LAYER_ASSIGNMENT (  '', '', ( #6496 ) ) ;
#807 = AXIS2_PLACEMENT_3D ( 'NONE', #974, #6623, #2953 ) ;
#808 = AXIS2_PLACEMENT_3D ( 'NONE', #10161, #7327, #5498 ) ;
#809 = DIRECTION ( 'NONE',  ( -0.9999748501857348426, 0.0000000000000000000, -0.007092178509964220355 ) ) ;
#810 = CARTESIAN_POINT ( 'NONE',  ( 8.299765060126279792, 4.751000000000000334, 1.399200378655042210 ) ) ;
#811 = VERTEX_POINT ( 'NONE', #4228 ) ;
#812 = PLANE ( 'NONE',  #640 ) ;
#813 = EDGE_CURVE ( 'NONE', #9892, #7866, #4109, .T. ) ;
#814 = SURFACE_STYLE_FILL_AREA ( #8236 ) ;
#815 = B_SPLINE_CURVE_WITH_KNOTS ( 'NONE', 3,
 ( #10633, #6041, #4985, #2346 ),
 .UNSPECIFIED., .F., .F.,
 ( 4, 4 ),
 ( 4.000000000000000000, 5.000000000000000000 ),
 .UNSPECIFIED. ) ;
#816 = STYLED_ITEM ( 'NONE', ( #5039 ), #6581 ) ;
#817 = ADVANCED_FACE ( 'NONE', ( #6192 ), #2569, .F. ) ;
#818 = SURFACE_STYLE_FILL_AREA ( #2799 ) ;
#819 = FILL_AREA_STYLE ('',( #9162 ) ) ;
#820 = VERTEX_POINT ( 'NONE', #3439 ) ;
#821 = DIRECTION ( 'NONE',  ( -0.9999748501857348426, -0.0000000000000000000, -0.007092178509965236036 ) ) ;
#822 = ADVANCED_FACE ( 'NONE', ( #1759 ), #2744, .F. ) ;
#823 = CARTESIAN_POINT ( 'NONE',  ( 4.882922951460731298, 4.751000000000000334, 2.065290701403772022 ) ) ;
#824 = ORIENTED_EDGE ( 'NONE', *, *, #8736, .F. ) ;
#825 = UNCERTAINTY_MEASURE_WITH_UNIT (LENGTH_MEASURE( 1.000000000000000082E-05 ), #4397, 'distance_accuracy_value', 'NONE');
#826 = ORIENTED_EDGE ( 'NONE', *, *, #8518, .T. ) ;
#827 =( LENGTH_UNIT ( ) NAMED_UNIT ( * ) SI_UNIT ( .MILLI., .METRE. ) );
#828 = PRESENTATION_STYLE_ASSIGNMENT (( #1010 ) ) ;
#829 = ORIENTED_EDGE ( 'NONE', *, *, #7900, .T. ) ;
#830 = CARTESIAN_POINT ( 'NONE',  ( 8.225262519482084755, 4.751000000000000334, 2.729013469338142261 ) ) ;
#831 = VECTOR ( 'NONE', #409, 1000.000000000000227 ) ;
#832 = PRESENTATION_LAYER_ASSIGNMENT (  '', '', ( #8060 ) ) ;
#833 = LINE ( 'NONE', #11955, #11634 ) ;
#834 = FACE_OUTER_BOUND ( 'NONE', #8679, .T. ) ;
#835 = FACE_OUTER_BOUND ( 'NONE', #5793, .T. ) ;
#836 = VERTEX_POINT ( 'NONE', #9048 ) ;
#837 = CARTESIAN_POINT ( 'NONE',  ( 5.549370781357334081, 4.751000000000000334, 1.779657686630379709 ) ) ;
#838 = COLOUR_RGB ( '',0.0000000000000000000, 0.0000000000000000000, 0.0000000000000000000 ) ;
#839 = MECHANICAL_DESIGN_GEOMETRIC_PRESENTATION_REPRESENTATION (  '', ( #4977 ), #11236 ) ;
#840 = CARTESIAN_POINT ( 'NONE',  ( 8.905602803042032889, 4.750000000000000000, 2.629001958253291527 ) ) ;
#841 = CARTESIAN_POINT ( 'NONE',  ( 5.226490770812755926, 4.751000000000000334, 1.618540690179138375 ) ) ;
#842 = CARTESIAN_POINT ( 'NONE',  ( 5.909564986855239788, 4.751000000000000334, 1.994068316072286295 ) ) ;
#843 = DIRECTION ( 'NONE',  ( -0.0000000000000000000, -1.000000000000000000, -0.0000000000000000000 ) ) ;
#844 = MECHANICAL_DESIGN_GEOMETRIC_PRESENTATION_REPRESENTATION (  '', ( #2635 ), #5572 ) ;
#845 = SURFACE_STYLE_FILL_AREA ( #8336 ) ;
#846 = LINE ( 'NONE', #3709, #7137 ) ;
#847 = CARTESIAN_POINT ( 'NONE',  ( 6.354083431125243209, 4.751000000000000334, 2.432370631430188723 ) ) ;
#848 = COLOUR_RGB ( '',0.0000000000000000000, 0.0000000000000000000, 0.0000000000000000000 ) ;
#849 = VERTEX_POINT ( 'NONE', #8137 ) ;
#850 = EDGE_CURVE ( 'NONE', #499, #4424, #3627, .T. ) ;
#851 = CARTESIAN_POINT ( 'NONE',  ( 4.921845531079022784, 4.750000000000000000, 2.533209638221726845 ) ) ;
#852 = B_SPLINE_CURVE_WITH_KNOTS ( 'NONE', 3,
 ( #3990, #3261, #397, #9562 ),
 .UNSPECIFIED., .F., .F.,
 ( 4, 4 ),
 ( 16.00000000000000000, 17.00000000000000000 ),
 .UNSPECIFIED. ) ;
#853 = UNCERTAINTY_MEASURE_WITH_UNIT (LENGTH_MEASURE( 1.000000000000000082E-05 ), #342, 'distance_accuracy_value', 'NONE');
#854 = CARTESIAN_POINT ( 'NONE',  ( 4.290860286402125467, 4.750000000000000000, 1.722121975943186500 ) ) ;
#855 = CARTESIAN_POINT ( 'NONE',  ( 6.085551493019715430, 4.751000000000000334, 2.488434068809013855 ) ) ;
#856 = EDGE_LOOP ( 'NONE', ( #3126, #2312, #2294, #6578 ) ) ;
#857 = CARTESIAN_POINT ( 'NONE',  ( -17.78000000000000114, 0.0000000000000000000, -5.000000000000000000 ) ) ;
#858 = FILL_AREA_STYLE_COLOUR ( '', #4631 ) ;
#859 = ORIENTED_EDGE ( 'NONE', *, *, #8537, .F. ) ;
#860 = STYLED_ITEM ( 'NONE', ( #10112 ), #2706 ) ;
#861 = COLOUR_RGB ( '',0.0000000000000000000, 0.0000000000000000000, 0.0000000000000000000 ) ;
#862 = EDGE_CURVE ( 'NONE', #2321, #8274, #8891, .T. ) ;
#863 = CARTESIAN_POINT ( 'NONE',  ( 4.797445472848246517, 4.751000000000000334, 2.682056254219147728 ) ) ;
#864 = SURFACE_SIDE_STYLE ('',( #1865 ) ) ;
#865 = SURFACE_STYLE_FILL_AREA ( #7557 ) ;
#866 = DIRECTION ( 'NONE',  ( -0.0000000000000000000, -1.000000000000000000, -0.0000000000000000000 ) ) ;
#867 = ORIENTED_EDGE ( 'NONE', *, *, #1037, .T. ) ;
#868 = CARTESIAN_POINT ( 'NONE',  ( 7.555792542750506158, 4.750000000000000000, 1.806040347679827240 ) ) ;
#869 = STYLED_ITEM ( 'NONE', ( #9908 ), #3451 ) ;
#870 = UNCERTAINTY_MEASURE_WITH_UNIT (LENGTH_MEASURE( 1.000000000000000082E-05 ), #8186, 'distance_accuracy_value', 'NONE');
#871 = CARTESIAN_POINT ( 'NONE',  ( 5.994523315392167540, 4.751000000000000334, 2.678328894709728125 ) ) ;
#872 = MECHANICAL_DESIGN_GEOMETRIC_PRESENTATION_REPRESENTATION (  '', ( #6761 ), #7929 ) ;
#873 =( LENGTH_UNIT ( ) NAMED_UNIT ( * ) SI_UNIT ( .MILLI., .METRE. ) );
#874 = CARTESIAN_POINT ( 'NONE',  ( 5.073393827616294871, 4.751000000000000334, 2.423287523707776003 ) ) ;
#875 = ORIENTED_EDGE ( 'NONE', *, *, #4564, .F. ) ;
#876 = CARTESIAN_POINT ( 'NONE',  ( 4.241861031149168682, 4.751000000000000334, 2.051905896914612448 ) ) ;
#877 = SURFACE_STYLE_USAGE ( .BOTH. , #11198 ) ;
#878 = DIRECTION ( 'NONE',  ( -0.9999748501857349536, 0.0000000000000000000, -0.007092178509959462009 ) ) ;
#879 = ORIENTED_EDGE ( 'NONE', *, *, #10782, .T. ) ;
#880 = ADVANCED_FACE ( 'NONE', ( #766 ), #1776, .F. ) ;
#881 = EDGE_CURVE ( 'NONE', #9982, #7171, #9410, .T. ) ;
#882 = ADVANCED_FACE ( 'NONE', ( #5640 ), #8595, .T. ) ;
#883 = B_SPLINE_SURFACE_WITH_KNOTS ( 'NONE', 3, 1, ( 
 ( #6844, #5770 ),
 ( #1897, #1083 ),
 ( #5651, #9866 ),
 ( #11829, #4221 ) ),
 .UNSPECIFIED., .F., .F., .F.,
 ( 4, 4 ),
 ( 2, 2 ),
 ( 21.00000000000000000, 22.00000000000000000 ),
 ( 0.0000000000000000000, 1.000000000000000000 ),
 .UNSPECIFIED. ) ;
#884 = MECHANICAL_DESIGN_GEOMETRIC_PRESENTATION_REPRESENTATION (  '', ( #2669 ), #491 ) ;
#885 = ORIENTED_EDGE ( 'NONE', *, *, #5721, .F. ) ;
#886 = CARTESIAN_POINT ( 'NONE',  ( 5.254901820486773012, 4.751000000000000334, 1.552715903246770113 ) ) ;
#887 = CARTESIAN_POINT ( 'NONE',  ( 4.436618090650971347, 4.751000000000000334, 2.062125348052995744 ) ) ;
#888 = CARTESIAN_POINT ( 'NONE',  ( 5.184920842784719319, 4.750000000000000000, 1.707147399115480413 ) ) ;
#889 =( GEOMETRIC_REPRESENTATION_CONTEXT ( 3 ) GLOBAL_UNCERTAINTY_ASSIGNED_CONTEXT ( ( #8215 ) ) GLOBAL_UNIT_ASSIGNED_CONTEXT ( ( #4791, #7542, #2891 ) ) REPRESENTATION_CONTEXT ( 'NONE', 'WORKASPACE' ) );
#890 = CARTESIAN_POINT ( 'NONE',  ( 11.00000000000000000, 4.750000000000000000, -1.135603754986240755E-15 ) ) ;
#891 = ORIENTED_EDGE ( 'NONE', *, *, #11030, .T. ) ;
#892 = PRESENTATION_STYLE_ASSIGNMENT (( #2749 ) ) ;
#893 = AXIS2_PLACEMENT_3D ( 'NONE', #6044, #4184, #7912 ) ;
#894 = CARTESIAN_POINT ( 'NONE',  ( 4.822088384724650290, 4.751000000000000334, 2.817662905229705306 ) ) ;
#895 = SURFACE_SIDE_STYLE ('',( #9306 ) ) ;
#896 = FILL_AREA_STYLE_COLOUR ( '', #10442 ) ;
#897 =( LENGTH_UNIT ( ) NAMED_UNIT ( * ) SI_UNIT ( .MILLI., .METRE. ) );
#898 = VERTEX_POINT ( 'NONE', #3856 ) ;
#899 = EDGE_CURVE ( 'NONE', #11468, #10576, #5874, .T. ) ;
#900 = MECHANICAL_DESIGN_GEOMETRIC_PRESENTATION_REPRESENTATION (  '', ( #11500 ), #5238 ) ;
#901 = CARTESIAN_POINT ( 'NONE',  ( -11.00000000000000000, -4.750000000000000000, 0.0000000000000000000 ) ) ;
#902 = MECHANICAL_DESIGN_GEOMETRIC_PRESENTATION_REPRESENTATION (  '', ( #5036 ), #10319 ) ;
#903 = CARTESIAN_POINT ( 'NONE',  ( -16.78000000000000114, 0.0000000000000000000, 4.750000000000005329 ) ) ;
#904 = FILL_AREA_STYLE_COLOUR ( '', #10638 ) ;
#905 = CARTESIAN_POINT ( 'NONE',  ( 4.875469629243789349, 4.751000000000000334, 2.493108983224471498 ) ) ;
#906 = CARTESIAN_POINT ( 'NONE',  ( 4.921210400610024571, 4.750000000000000000, 2.824344672324774042 ) ) ;
#907 = FILL_AREA_STYLE ('',( #3521 ) ) ;
#908 =( NAMED_UNIT ( * ) SI_UNIT ( $, .STERADIAN. ) SOLID_ANGLE_UNIT ( ) );
#909 = CARTESIAN_POINT ( 'NONE',  ( 5.586564262336614739, 4.751000000000000334, 1.611736403284577568 ) ) ;
#910 = SURFACE_SIDE_STYLE ('',( #6333 ) ) ;
#911 = FILL_AREA_STYLE_COLOUR ( '', #9375 ) ;
#912 = B_SPLINE_CURVE_WITH_KNOTS ( 'NONE', 3,
 ( #264, #3117, #7874, #5879 ),
 .UNSPECIFIED., .F., .F.,
 ( 4, 4 ),
 ( 3.000000000000000000, 4.000000000000000000 ),
 .UNSPECIFIED. ) ;
#913 = ORIENTED_EDGE ( 'NONE', *, *, #7047, .F. ) ;
#914 = B_SPLINE_CURVE_WITH_KNOTS ( 'NONE', 3,
 ( #2644, #6488, #1769, #5526 ),
 .UNSPECIFIED., .F., .F.,
 ( 4, 4 ),
 ( 4.000000000000000000, 5.000000000000000000 ),
 .UNSPECIFIED. ) ;
#915 = VECTOR ( 'NONE', #8934, 1000.000000000000000 ) ;
#916 = CARTESIAN_POINT ( 'NONE',  ( 4.872846275826086426, 4.751000000000000334, 2.862993559193159232 ) ) ;
#917 = CARTESIAN_POINT ( 'NONE',  ( 5.436451115987675387, 4.751000000000000334, 1.794193635048218383 ) ) ;
#918 = CARTESIAN_POINT ( 'NONE',  ( 5.073393827616294871, 4.750000000000000000, 2.423287523707776003 ) ) ;
#919 = EDGE_LOOP ( 'NONE', ( #8280, #4976, #2965, #10393 ) ) ;
#920 = LINE ( 'NONE', #9146, #6148 ) ;
#921 = CARTESIAN_POINT ( 'NONE',  ( 6.995666073745777425, 4.750000000000000000, 2.286485671185586988 ) ) ;
#922 = CARTESIAN_POINT ( 'NONE',  ( 5.903391143265677599, 4.751000000000000334, 1.838316864983614352 ) ) ;
#923 = CARTESIAN_POINT ( 'NONE',  ( 5.559768075817047794, 4.750000000000000000, 1.926340981356293725 ) ) ;
#924 = CARTESIAN_POINT ( 'NONE',  ( 8.118226163192861833, 4.751000000000000334, 3.039149390787762250 ) ) ;
#925 = ORIENTED_EDGE ( 'NONE', *, *, #11247, .F. ) ;
#926 = CARTESIAN_POINT ( 'NONE',  ( 5.647237400633260407, 4.751000000000000334, 1.633482292201687835 ) ) ;
#927 = CYLINDRICAL_SURFACE ( 'NONE', #3193, 0.3400000000000000244 ) ;
#928 = CARTESIAN_POINT ( 'NONE',  ( 5.768905249728132567, 4.750000000000000000, 2.419642120377659023 ) ) ;
#929 = PRESENTATION_STYLE_ASSIGNMENT (( #11073 ) ) ;
#930 = ORIENTED_EDGE ( 'NONE', *, *, #11757, .T. ) ;
#931 = FILL_AREA_STYLE_COLOUR ( '', #2995 ) ;
#932 = SURFACE_STYLE_USAGE ( .BOTH. , #1178 ) ;
#933 = CARTESIAN_POINT ( 'NONE',  ( 11.00000000000000000, 4.750000000000000000, -1.135603754986240755E-15 ) ) ;
#934 = SURFACE_SIDE_STYLE ('',( #8301 ) ) ;
#935 = ORIENTED_EDGE ( 'NONE', *, *, #4926, .T. ) ;
#936 = ADVANCED_FACE ( 'NONE', ( #2928 ), #6655, .F. ) ;
#937 = SURFACE_STYLE_FILL_AREA ( #4700 ) ;
#938 = FILL_AREA_STYLE ('',( #4764 ) ) ;
#939 = CARTESIAN_POINT ( 'NONE',  ( 9.078424850482647912, 4.751000000000000334, 2.218111013886742811 ) ) ;
#940 = EDGE_LOOP ( 'NONE', ( #8758, #5200, #1165, #709 ) ) ;
#941 = UNCERTAINTY_MEASURE_WITH_UNIT (LENGTH_MEASURE( 1.000000000000000082E-05 ), #11622, 'distance_accuracy_value', 'NONE');
#942 =( NAMED_UNIT ( * ) PLANE_ANGLE_UNIT ( ) SI_UNIT ( $, .RADIAN. ) );
#943 = VERTEX_POINT ( 'NONE', #320 ) ;
#944 = FILL_AREA_STYLE_COLOUR ( '', #11218 ) ;
#945 = CARTESIAN_POINT ( 'NONE',  ( 5.825310698065924164, 4.751000000000000334, 2.420042167947327183 ) ) ;
#946 =( NAMED_UNIT ( * ) PLANE_ANGLE_UNIT ( ) SI_UNIT ( $, .RADIAN. ) );
#947 = COLOUR_RGB ( '',0.0000000000000000000, 0.0000000000000000000, 0.0000000000000000000 ) ;
#948 = SURFACE_STYLE_FILL_AREA ( #3743 ) ;
#949 = VECTOR ( 'NONE', #2448, 1000.000000000000000 ) ;
#950 =( NAMED_UNIT ( * ) PLANE_ANGLE_UNIT ( ) SI_UNIT ( $, .RADIAN. ) );
#951 = ORIENTED_EDGE ( 'NONE', *, *, #7255, .T. ) ;
#952 = EDGE_CURVE ( 'NONE', #10919, #6203, #5126, .T. ) ;
#953 = LINE ( 'NONE', #8603, #1863 ) ;
#954 = EDGE_CURVE ( 'NONE', #3473, #332, #7719, .T. ) ;
#955 = LINE ( 'NONE', #2005, #5799 ) ;
#956 = CARTESIAN_POINT ( 'NONE',  ( 5.194616714856695516, 4.750000000000000000, 1.677842265815224998 ) ) ;
#957 = VECTOR ( 'NONE', #7725, 1000.000000000000114 ) ;
#958 = CARTESIAN_POINT ( 'NONE',  ( 8.459742334365129679, 4.751000000000000334, 2.799362588120311912 ) ) ;
#959 = EDGE_LOOP ( 'NONE', ( #9272, #11322, #1572, #2872 ) ) ;
#960 = FACE_OUTER_BOUND ( 'NONE', #7146, .T. ) ;
#961 = VECTOR ( 'NONE', #506, 1000.000000000000000 ) ;
#962 = CARTESIAN_POINT ( 'NONE',  ( 7.320312642992590213, 4.751000000000000334, 2.896118056044793221 ) ) ;
#963 = EDGE_CURVE ( 'NONE', #10168, #12067, #1145, .T. ) ;
#964 = SURFACE_STYLE_FILL_AREA ( #7710 ) ;
#965 = EDGE_CURVE ( 'NONE', #2163, #4470, #9729, .T. ) ;
#966 = LINE ( 'NONE', #10313, #8338 ) ;
#967 = EDGE_CURVE ( 'NONE', #8939, #6784, #2173, .T. ) ;
#968 =( NAMED_UNIT ( * ) PLANE_ANGLE_UNIT ( ) SI_UNIT ( $, .RADIAN. ) );
#969 = ORIENTED_EDGE ( 'NONE', *, *, #254, .T. ) ;
#970 = AXIS2_PLACEMENT_3D ( 'NONE', #8070, #10981, #10922 ) ;
#971 = MECHANICAL_DESIGN_GEOMETRIC_PRESENTATION_REPRESENTATION (  '', ( #774 ), #2562 ) ;
#972 =( NAMED_UNIT ( * ) PLANE_ANGLE_UNIT ( ) SI_UNIT ( $, .RADIAN. ) );
#973 = UNCERTAINTY_MEASURE_WITH_UNIT (LENGTH_MEASURE( 1.000000000000000082E-05 ), #3920, 'distance_accuracy_value', 'NONE');
#974 = CARTESIAN_POINT ( 'NONE',  ( 5.903391143265677599, 4.751000000000000334, 1.838316864983614352 ) ) ;
#975 = DIRECTION ( 'NONE',  ( -0.007092178509972501058, -0.0000000000000000000, 0.9999748501857347316 ) ) ;
#976 = ORIENTED_EDGE ( 'NONE', *, *, #4073, .F. ) ;
#977 = CARTESIAN_POINT ( 'NONE',  ( 5.444454632525748572, 4.751000000000000334, 1.930202165564974592 ) ) ;
#978 = AXIS2_PLACEMENT_3D ( 'NONE', #11018, #9918, #3488 ) ;
#979 = CARTESIAN_POINT ( 'NONE',  ( 4.866020750540412720, 4.750000000000000000, 2.744149820512457705 ) ) ;
#980 = CARTESIAN_POINT ( 'NONE',  ( 4.796910847063915462, 4.750000000000000000, 2.757436807294808112 ) ) ;
#981 = ORIENTED_EDGE ( 'NONE', *, *, #212, .F. ) ;
#982 = DIRECTION ( 'NONE',  ( -1.000000000000000000, -0.0000000000000000000, -0.0000000000000000000 ) ) ;
#983 = B_SPLINE_SURFACE_WITH_KNOTS ( 'NONE', 3, 1, ( 
 ( #743, #7313 ),
 ( #11004, #7140 ),
 ( #1552, #5241 ),
 ( #1497, #5296 ) ),
 .UNSPECIFIED., .F., .F., .F.,
 ( 4, 4 ),
 ( 2, 2 ),
 ( 5.000000000000000000, 6.000000000000000000 ),
 ( 0.0000000000000000000, 1.000000000000000000 ),
 .UNSPECIFIED. ) ;
#984 = B_SPLINE_CURVE_WITH_KNOTS ( 'NONE', 3,
 ( #1814, #9346, #9397, #8473 ),
 .UNSPECIFIED., .F., .F.,
 ( 4, 4 ),
 ( 3.000000000000000000, 4.000000000000000000 ),
 .UNSPECIFIED. ) ;
#985 = PLANE ( 'NONE',  #1783 ) ;
#986 = STYLED_ITEM ( 'NONE', ( #2902 ), #1953 ) ;
#987 = ORIENTED_EDGE ( 'NONE', *, *, #8755, .F. ) ;
#988 = COLOUR_RGB ( '',0.6470588235294117974, 0.6470588235294117974, 0.6470588235294117974 ) ;
#989 = STYLED_ITEM ( 'NONE', ( #3483 ), #5107 ) ;
#990 = CARTESIAN_POINT ( 'NONE',  ( 5.194616714856695516, 4.750000000000000000, 1.677842265815224998 ) ) ;
#991 = DIRECTION ( 'NONE',  ( 0.0000000000000000000, 1.000000000000000000, 0.0000000000000000000 ) ) ;
#992 = LINE ( 'NONE', #10515, #4374 ) ;
#993 = ORIENTED_EDGE ( 'NONE', *, *, #3157, .F. ) ;
#994 = CARTESIAN_POINT ( 'NONE',  ( 4.534599783055221600, 4.750000000000000000, 2.834340046667266133 ) ) ;
#995 = PRESENTATION_STYLE_ASSIGNMENT (( #3953 ) ) ;
#996 = PRODUCT_DEFINITION_CONTEXT ( 'detailed design', #1189, 'design' ) ;
#997 = CARTESIAN_POINT ( 'NONE',  ( 5.646770985724859138, 4.751000000000000334, 1.699245326436861658 ) ) ;
#998 = CARTESIAN_POINT ( 'NONE',  ( 4.926883819583915525, 4.751000000000000334, 2.445903509962146671 ) ) ;
#999 = ORIENTED_EDGE ( 'NONE', *, *, #9138, .F. ) ;
#1000 = AXIS2_PLACEMENT_3D ( 'NONE', #1902, #8434, #2759 ) ;
#1001 =( NAMED_UNIT ( * ) SI_UNIT ( $, .STERADIAN. ) SOLID_ANGLE_UNIT ( ) );
#1002 =( GEOMETRIC_REPRESENTATION_CONTEXT ( 3 ) GLOBAL_UNCERTAINTY_ASSIGNED_CONTEXT ( ( #11302 ) ) GLOBAL_UNIT_ASSIGNED_CONTEXT ( ( #8711, #11616, #3098 ) ) REPRESENTATION_CONTEXT ( 'NONE', 'WORKASPACE' ) );
#1003 = CARTESIAN_POINT ( 'NONE',  ( 6.350477472386660160, 4.751000000000000334, 2.940799465296190629 ) ) ;
#1004 = ORIENTED_EDGE ( 'NONE', *, *, #5499, .T. ) ;
#1005 = SURFACE_STYLE_FILL_AREA ( #1993 ) ;
#1006 = ORIENTED_EDGE ( 'NONE', *, *, #363, .F. ) ;
#1007 =( GEOMETRIC_REPRESENTATION_CONTEXT ( 3 ) GLOBAL_UNCERTAINTY_ASSIGNED_CONTEXT ( ( #4677 ) ) GLOBAL_UNIT_ASSIGNED_CONTEXT ( ( #6643, #10339, #2047 ) ) REPRESENTATION_CONTEXT ( 'NONE', 'WORKASPACE' ) );
#1008 = EDGE_CURVE ( 'NONE', #2143, #3219, #10520, .T. ) ;
#1009 = CARTESIAN_POINT ( 'NONE',  ( 5.956282792318048358, 4.750000000000000000, 2.444106264266553197 ) ) ;
#1010 = SURFACE_STYLE_USAGE ( .BOTH. , #1886 ) ;
#1011 = STYLED_ITEM ( 'NONE', ( #2492 ), #5350 ) ;
#1012 = CARTESIAN_POINT ( 'NONE',  ( 4.678297727484437729, 4.751000000000000334, 1.613872871426799582 ) ) ;
#1013 = B_SPLINE_CURVE_WITH_KNOTS ( 'NONE', 3,
 ( #5893, #277, #7767, #8870 ),
 .UNSPECIFIED., .F., .F.,
 ( 4, 4 ),
 ( 9.000000000000000000, 10.00000000000000000 ),
 .UNSPECIFIED. ) ;
#1014 = FILL_AREA_STYLE_COLOUR ( '', #3687 ) ;
#1015 = ORIENTED_EDGE ( 'NONE', *, *, #6751, .T. ) ;
#1016 = CARTESIAN_POINT ( 'NONE',  ( 5.796016721719511544, 4.751000000000000334, 1.804022291115300547 ) ) ;
#1017 = LINE ( 'NONE', #8428, #11871 ) ;
#1018 =( NAMED_UNIT ( * ) SI_UNIT ( $, .STERADIAN. ) SOLID_ANGLE_UNIT ( ) );
#1019 = VECTOR ( 'NONE', #586, 1000.000000000000000 ) ;
#1020 = CARTESIAN_POINT ( 'NONE',  ( 8.488661322871575265, 4.751000000000000334, 2.799567691907449696 ) ) ;
#1021 = ORIENTED_EDGE ( 'NONE', *, *, #1368, .T. ) ;
#1022 = ADVANCED_FACE ( 'NONE', ( #9660 ), #10591, .F. ) ;
#1023 = FACE_OUTER_BOUND ( 'NONE', #4445, .T. ) ;
#1024 = VECTOR ( 'NONE', #4260, 1000.000000000000000 ) ;
#1025 = AXIS2_PLACEMENT_3D ( 'NONE', #5999, #4326, #8846 ) ;
#1026 = SURFACE_STYLE_FILL_AREA ( #9252 ) ;
#1027 = SURFACE_STYLE_USAGE ( .BOTH. , #8437 ) ;
#1028 = CARTESIAN_POINT ( 'NONE',  ( 4.017731595656384158, 4.751000000000000334, 1.748259019593764618 ) ) ;
#1029 = CARTESIAN_POINT ( 'NONE',  ( 8.405570455151950782, 4.751000000000000334, 2.791748271027798989 ) ) ;
#1030 = CARTESIAN_POINT ( 'NONE',  ( 7.935636645477226914, 4.751000000000000334, 1.768968883389729019 ) ) ;
#1031 = CARTESIAN_POINT ( 'NONE',  ( 8.442386016479979105, 4.750000000000000000, 1.678571180176002597 ) ) ;
#1032 = VECTOR ( 'NONE', #5405, 1000.000000000000000 ) ;
#1033 = CARTESIAN_POINT ( 'NONE',  ( 5.876818815972950638, 4.750000000000000000, 2.946018327615769650 ) ) ;
#1034 = ORIENTED_EDGE ( 'NONE', *, *, #737, .F. ) ;
#1035 = VECTOR ( 'NONE', #4744, 1000.000000000000114 ) ;
#1036 = ADVANCED_FACE ( 'NONE', ( #2240 ), #6000, .F. ) ;
#1037 = EDGE_CURVE ( 'NONE', #6015, #10219, #4336, .T. ) ;
#1038 = CARTESIAN_POINT ( 'NONE',  ( 3.825883562409373884, 4.751000000000000334, 1.804346434560163637 ) ) ;
#1039 = SURFACE_STYLE_FILL_AREA ( #11425 ) ;
#1040 = LINE ( 'NONE', #855, #2385 ) ;
#1041 = DIRECTION ( 'NONE',  ( 0.9999748501857348426, -0.0000000000000000000, 0.007092178509962024195 ) ) ;
#1042 = ORIENTED_EDGE ( 'NONE', *, *, #8310, .F. ) ;
#1043 = PRESENTATION_STYLE_ASSIGNMENT (( #8396 ) ) ;
#1044 = CARTESIAN_POINT ( 'NONE',  ( 6.995666073745777425, 4.751000000000000334, 2.286485671185586988 ) ) ;
#1045 = STYLED_ITEM ( 'NONE', ( #9161 ), #8753 ) ;
#1046 = FACE_OUTER_BOUND ( 'NONE', #2110, .T. ) ;
#1047 = CARTESIAN_POINT ( 'NONE',  ( 5.073393827616294871, 4.750000000000000000, 2.423287523707776003 ) ) ;
#1048 = ORIENTED_EDGE ( 'NONE', *, *, #4965, .T. ) ;
#1049 = CARTESIAN_POINT ( 'NONE',  ( 11.00000000000000000, 4.750000000000000000, -1.135603754986240755E-15 ) ) ;
#1050 = AXIS2_PLACEMENT_3D ( 'NONE', #2831, #12146, #9134 ) ;
#1051 = STYLED_ITEM ( 'NONE', ( #11210 ), #2574 ) ;
#1052 = ORIENTED_EDGE ( 'NONE', *, *, #4497, .T. ) ;
#1053 = STYLED_ITEM ( 'NONE', ( #7677 ), #8814 ) ;
#1054 = CARTESIAN_POINT ( 'NONE',  ( 5.192927150737901343, 4.750000000000000000, 1.677830282823520314 ) ) ;
#1055 = EDGE_LOOP ( 'NONE', ( #8902, #3032, #3121, #10944 ) ) ;
#1056 =( NAMED_UNIT ( * ) PLANE_ANGLE_UNIT ( ) SI_UNIT ( $, .RADIAN. ) );
#1057 = FILL_AREA_STYLE ('',( #1872 ) ) ;
#1058 =( NAMED_UNIT ( * ) SI_UNIT ( $, .STERADIAN. ) SOLID_ANGLE_UNIT ( ) );
#1059 = CARTESIAN_POINT ( 'NONE',  ( 4.235485328940698402, 4.751000000000000334, 1.869638520470928267 ) ) ;
#1060 = ORIENTED_EDGE ( 'NONE', *, *, #4648, .T. ) ;
#1061 = STYLED_ITEM ( 'NONE', ( #413 ), #9176 ) ;
#1062 = CARTESIAN_POINT ( 'NONE',  ( 4.866920396687878458, 4.751000000000000334, 2.617302544986444435 ) ) ;
#1063 = CARTESIAN_POINT ( 'NONE',  ( 5.681463554761415402, 4.750000000000000000, 2.855211368650384163 ) ) ;
#1064 = CARTESIAN_POINT ( 'NONE',  ( 4.771091816475728997, 4.750000000000000000, 2.421143489958795580 ) ) ;
#1065 = EDGE_LOOP ( 'NONE', ( #3376, #5976, #390, #4329 ) ) ;
#1066 = B_SPLINE_CURVE_WITH_KNOTS ( 'NONE', 3,
 ( #3071, #2079, #1903, #7648 ),
 .UNSPECIFIED., .F., .F.,
 ( 4, 4 ),
 ( 8.000000000000000000, 9.000000000000000000 ),
 .UNSPECIFIED. ) ;
#1067 = UNCERTAINTY_MEASURE_WITH_UNIT (LENGTH_MEASURE( 1.000000000000000082E-05 ), #3349, 'distance_accuracy_value', 'NONE');
#1068 = DIRECTION ( 'NONE',  ( 0.0000000000000000000, 0.0000000000000000000, -1.000000000000000000 ) ) ;
#1069 = ORIENTED_EDGE ( 'NONE', *, *, #1798, .T. ) ;
#1070 = PRESENTATION_LAYER_ASSIGNMENT (  '', '', ( #4428 ) ) ;
#1071 = SURFACE_STYLE_USAGE ( .BOTH. , #10533 ) ;
#1072 = SURFACE_STYLE_USAGE ( .BOTH. , #9476 ) ;
#1073 = STYLED_ITEM ( 'NONE', ( #468 ), #9425 ) ;
#1074 =( NAMED_UNIT ( * ) SI_UNIT ( $, .STERADIAN. ) SOLID_ANGLE_UNIT ( ) );
#1075 = CARTESIAN_POINT ( 'NONE',  ( 4.549985602116449535, 4.751000000000000334, 2.827430625937853215 ) ) ;
#1076 = DIRECTION ( 'NONE',  ( 0.0000000000000000000, -0.0000000000000000000, -1.000000000000000000 ) ) ;
#1077 = CARTESIAN_POINT ( 'NONE',  ( 5.684346846922543328, 4.750000000000000000, 2.448676247909279180 ) ) ;
#1078 = VERTEX_POINT ( 'NONE', #8180 ) ;
#1079 = PLANE ( 'NONE',  #9500 ) ;
#1080 = SURFACE_STYLE_FILL_AREA ( #9485 ) ;
#1081 = CARTESIAN_POINT ( 'NONE',  ( 7.935713559275157536, 4.751000000000000334, 1.758124279936008172 ) ) ;
#1082 =( GEOMETRIC_REPRESENTATION_CONTEXT ( 3 ) GLOBAL_UNCERTAINTY_ASSIGNED_CONTEXT ( ( #2477 ) ) GLOBAL_UNIT_ASSIGNED_CONTEXT ( ( #5737, #6813, #3943 ) ) REPRESENTATION_CONTEXT ( 'NONE', 'WORKASPACE' ) );
#1083 = CARTESIAN_POINT ( 'NONE',  ( 7.548254970993747648, 4.750000000000000000, 2.868814243971447020 ) ) ;
#1084 = ORIENTED_EDGE ( 'NONE', *, *, #9040, .F. ) ;
#1085 = ORIENTED_EDGE ( 'NONE', *, *, #1173, .F. ) ;
#1086 = STYLED_ITEM ( 'NONE', ( #3710 ), #3754 ) ;
#1087 = DIRECTION ( 'NONE',  ( -0.007092178509964090251, 0.0000000000000000000, 0.9999748501857348426 ) ) ;
#1088 = B_SPLINE_SURFACE_WITH_KNOTS ( 'NONE', 3, 1, ( 
 ( #7775, #10434 ),
 ( #8624, #6802 ),
 ( #8817, #7718 ),
 ( #4978, #9692 ) ),
 .UNSPECIFIED., .F., .F., .F.,
 ( 4, 4 ),
 ( 2, 2 ),
 ( 9.000000000000000000, 10.00000000000000000 ),
 ( 0.0000000000000000000, 1.000000000000000000 ),
 .UNSPECIFIED. ) ;
#1089 = CIRCLE ( 'NONE', #9116, 0.3400000000000000244 ) ;
#1090 = CARTESIAN_POINT ( 'NONE',  ( 5.945644884347442982, 4.750000000000000000, 2.532932354128212715 ) ) ;
#1091 = SURFACE_SIDE_STYLE ('',( #7770 ) ) ;
#1092 =( NAMED_UNIT ( * ) SI_UNIT ( $, .STERADIAN. ) SOLID_ANGLE_UNIT ( ) );
#1093 = EDGE_CURVE ( 'NONE', #10168, #6930, #7391, .T. ) ;
#1094 = FACE_OUTER_BOUND ( 'NONE', #11481, .T. ) ;
#1095 = AXIS2_PLACEMENT_3D ( 'NONE', #9611, #6667, #8429 ) ;
#1096 = FACE_OUTER_BOUND ( 'NONE', #1464, .T. ) ;
#1097 = ORIENTED_EDGE ( 'NONE', *, *, #7045, .T. ) ;
#1098 = EDGE_CURVE ( 'NONE', #11299, #10219, #588, .T. ) ;
#1099 = VECTOR ( 'NONE', #11657, 1000.000000000000000 ) ;
#1100 = CARTESIAN_POINT ( 'NONE',  ( 7.556228387931413160, 4.751000000000000334, 1.744587548815732525 ) ) ;
#1101 = CARTESIAN_POINT ( 'NONE',  ( 5.940023096017200466, 4.751000000000000334, 2.830790617506793616 ) ) ;
#1102 = SURFACE_STYLE_USAGE ( .BOTH. , #7723 ) ;
#1103 = CARTESIAN_POINT ( 'NONE',  ( 5.893434448391693614, 4.751000000000000334, 1.666161985511055210 ) ) ;
#1104 = ORIENTED_EDGE ( 'NONE', *, *, #2710, .T. ) ;
#1105 = SURFACE_STYLE_FILL_AREA ( #8168 ) ;
#1106 =( NAMED_UNIT ( * ) PLANE_ANGLE_UNIT ( ) SI_UNIT ( $, .RADIAN. ) );
#1107 = PRESENTATION_LAYER_ASSIGNMENT (  '', '', ( #11702 ) ) ;
#1108 = SURFACE_SIDE_STYLE ('',( #1474 ) ) ;
#1109 =( NAMED_UNIT ( * ) PLANE_ANGLE_UNIT ( ) SI_UNIT ( $, .RADIAN. ) );
#1110 = VERTEX_POINT ( 'NONE', #2614 ) ;
#1111 = ADVANCED_FACE ( 'NONE', ( #6292 ), #11937, .F. ) ;
#1112 = EDGE_CURVE ( 'NONE', #2629, #8162, #10163, .T. ) ;
#1113 =( GEOMETRIC_REPRESENTATION_CONTEXT ( 3 ) GLOBAL_UNCERTAINTY_ASSIGNED_CONTEXT ( ( #4465 ) ) GLOBAL_UNIT_ASSIGNED_CONTEXT ( ( #1950, #11214, #11279 ) ) REPRESENTATION_CONTEXT ( 'NONE', 'WORKASPACE' ) );
#1114 = SURFACE_STYLE_FILL_AREA ( #5617 ) ;
#1115 = VERTEX_POINT ( 'NONE', #9973 ) ;
#1116 = VECTOR ( 'NONE', #8980, 1000.000000000000000 ) ;
#1117 = FACE_OUTER_BOUND ( 'NONE', #3202, .T. ) ;
#1118 = SURFACE_STYLE_USAGE ( .BOTH. , #6466 ) ;
#1119 = EDGE_LOOP ( 'NONE', ( #4897, #3916, #5375, #8107 ) ) ;
#1120 = CARTESIAN_POINT ( 'NONE',  ( 4.882922951460731298, 4.751000000000000334, 2.065290701403772022 ) ) ;
#1121 =( NAMED_UNIT ( * ) SI_UNIT ( $, .STERADIAN. ) SOLID_ANGLE_UNIT ( ) );
#1122 = UNCERTAINTY_MEASURE_WITH_UNIT (LENGTH_MEASURE( 1.000000000000000082E-05 ), #4715, 'distance_accuracy_value', 'NONE');
#1123 = CARTESIAN_POINT ( 'NONE',  ( 8.636102286682207918, 4.751000000000000334, 1.889618746306694463 ) ) ;
#1124 = CARTESIAN_POINT ( 'NONE',  ( 6.996768507457382213, 4.751000000000000334, 2.131045987306499079 ) ) ;
#1125 = CARTESIAN_POINT ( 'NONE',  ( 5.731968130652063564, 4.750000000000000000, 1.855037346947814969 ) ) ;
#1126 = ORIENTED_EDGE ( 'NONE', *, *, #1192, .T. ) ;
#1127 = EDGE_CURVE ( 'NONE', #7214, #620, #1620, .T. ) ;
#1128 = CARTESIAN_POINT ( 'NONE',  ( 5.482928423974117393, 4.751000000000000334, 1.746693201634514692 ) ) ;
#1129 = FILL_AREA_STYLE ('',( #6114 ) ) ;
#1130 = EDGE_CURVE ( 'NONE', #5261, #4767, #2787, .T. ) ;
#1131 = DIRECTION ( 'NONE',  ( -0.0000000000000000000, -1.000000000000000000, -0.0000000000000000000 ) ) ;
#1132 = ORIENTED_EDGE ( 'NONE', *, *, #2017, .T. ) ;
#1133 = CARTESIAN_POINT ( 'NONE',  ( 7.510004154309248392, 4.751000000000000334, 1.635807944716032303 ) ) ;
#1134 = EDGE_LOOP ( 'NONE', ( #6586, #6660, #10893, #7344 ) ) ;
#1135 =( LENGTH_UNIT ( ) NAMED_UNIT ( * ) SI_UNIT ( .MILLI., .METRE. ) );
#1136 = FILL_AREA_STYLE ('',( #10471 ) ) ;
#1137 = LINE ( 'NONE', #81, #9636 ) ;
#1138 = DIRECTION ( 'NONE',  ( -0.0000000000000000000, -0.0000000000000000000, 1.000000000000000000 ) ) ;
#1139 = CARTESIAN_POINT ( 'NONE',  ( 6.997819665466719741, 4.750000000000000000, 1.982836016078136643 ) ) ;
#1140 = CARTESIAN_POINT ( 'NONE',  ( 5.768905249728132567, 4.751000000000000334, 2.419642120377659023 ) ) ;
#1141 = ORIENTED_EDGE ( 'NONE', *, *, #5868, .F. ) ;
#1142 = SURFACE_SIDE_STYLE ('',( #6605 ) ) ;
#1143 = PRESENTATION_STYLE_ASSIGNMENT (( #5948 ) ) ;
#1144 = FILL_AREA_STYLE_COLOUR ( '', #5629 ) ;
#1145 = B_SPLINE_CURVE_WITH_KNOTS ( 'NONE', 3,
 ( #4209, #4097, #4272, #7805 ),
 .UNSPECIFIED., .F., .F.,
 ( 4, 4 ),
 ( 15.00000000000000000, 16.00000000000000000 ),
 .UNSPECIFIED. ) ;
#1146 = CARTESIAN_POINT ( 'NONE',  ( 3.806016214681442467, 4.751000000000000334, 1.746757458554603959 ) ) ;
#1147 = EDGE_LOOP ( 'NONE', ( #8770, #3966, #165, #5934 ) ) ;
#1148 = VERTEX_POINT ( 'NONE', #12054 ) ;
#1149 = CARTESIAN_POINT ( 'NONE',  ( 11.00000000000000000, 4.750000000000000000, -1.135603754986240755E-15 ) ) ;
#1150 = SURFACE_STYLE_USAGE ( .BOTH. , #9560 ) ;
#1151 =( NAMED_UNIT ( * ) PLANE_ANGLE_UNIT ( ) SI_UNIT ( $, .RADIAN. ) );
#1152 = DIRECTION ( 'NONE',  ( 0.9912876782291656363, -0.0000000000000000000, -0.1317146119116258118 ) ) ;
#1153 = CARTESIAN_POINT ( 'NONE',  ( 6.024941156825767585, 4.751000000000000334, 1.688150305370378135 ) ) ;
#1154 = CARTESIAN_POINT ( 'NONE',  ( 7.127134631112414631, 4.751000000000000334, 2.609158316483524143 ) ) ;
#1155 = CARTESIAN_POINT ( 'NONE',  ( 4.235935152014430827, 4.751000000000000334, 1.806214882707928737 ) ) ;
#1156 = SURFACE_STYLE_USAGE ( .BOTH. , #9567 ) ;
#1157 = FILL_AREA_STYLE ('',( #5962 ) ) ;
#1158 = EDGE_LOOP ( 'NONE', ( #2056, #8445, #10343, #8082 ) ) ;
#1159 =( LENGTH_UNIT ( ) NAMED_UNIT ( * ) SI_UNIT ( .MILLI., .METRE. ) );
#1160 = MECHANICAL_DESIGN_GEOMETRIC_PRESENTATION_REPRESENTATION (  '', ( #3537 ), #6843 ) ;
#1161 = CARTESIAN_POINT ( 'NONE',  ( 5.975903065453572083, 4.751000000000000334, 2.793092972618828274 ) ) ;
#1162 = EDGE_CURVE ( 'NONE', #11557, #326, #5311, .T. ) ;
#1163 = B_SPLINE_CURVE_WITH_KNOTS ( 'NONE', 3,
 ( #3893, #928, #11373, #11184 ),
 .UNSPECIFIED., .F., .F.,
 ( 4, 4 ),
 ( 0.0000000000000000000, 1.000000000000000000 ),
 .UNSPECIFIED. ) ;
#1164 = CARTESIAN_POINT ( 'NONE',  ( 5.842287570945464914, 4.750000000000000000, 1.675677182235557838 ) ) ;
#1165 = ORIENTED_EDGE ( 'NONE', *, *, #3011, .F. ) ;
#1166 = SURFACE_STYLE_FILL_AREA ( #2724 ) ;
#1167 = DIRECTION ( 'NONE',  ( -0.9999748501857348426, -0.0000000000000000000, -0.007092178509962440529 ) ) ;
#1168 = CARTESIAN_POINT ( 'NONE',  ( 5.796910837255422777, 4.750000000000000000, 1.677954814413354256 ) ) ;
#1169 = VERTEX_POINT ( 'NONE', #5379 ) ;
#1170 = B_SPLINE_CURVE_WITH_KNOTS ( 'NONE', 3,
 ( #8793, #1335, #5072, #4155, #7877, #11646, #5136 ),
 .UNSPECIFIED., .F., .F.,
 ( 4, 3, 4 ),
 ( 0.0000000000000000000, 1.000000000000000000, 2.000000000000000000 ),
 .UNSPECIFIED. ) ;
#1171 = ORIENTED_EDGE ( 'NONE', *, *, #2176, .F. ) ;
#1172 = DIRECTION ( 'NONE',  ( -0.007092178509958225151, -0.0000000000000000000, 0.9999748501857349536 ) ) ;
#1173 = EDGE_CURVE ( 'NONE', #6753, #9711, #7154, .T. ) ;
#1174 = DIRECTION ( 'NONE',  ( -0.0000000000000000000, -1.000000000000000000, -0.0000000000000000000 ) ) ;
#1175 = SURFACE_SIDE_STYLE ('',( #4930 ) ) ;
#1176 = VERTEX_POINT ( 'NONE', #7446 ) ;
#1177 = CARTESIAN_POINT ( 'NONE',  ( 5.639373934904177155, 4.750000000000000000, 1.844242741217313464 ) ) ;
#1178 = SURFACE_SIDE_STYLE ('',( #5860 ) ) ;
#1179 = FILL_AREA_STYLE ('',( #9591 ) ) ;
#1180 = CARTESIAN_POINT ( 'NONE',  ( 4.534599783055221600, 4.750000000000000000, 2.834340046667266133 ) ) ;
#1181 = VERTEX_POINT ( 'NONE', #9341 ) ;
#1182 = CARTESIAN_POINT ( 'NONE',  ( 5.493781083721530401, 4.750000000000000000, 1.755868283154152998 ) ) ;
#1183 = DIRECTION ( 'NONE',  ( 1.000000000000000000, -0.0000000000000000000, -0.0000000000000000000 ) ) ;
#1184 = STYLED_ITEM ( 'NONE', ( #1916 ), #2000 ) ;
#1185 = CARTESIAN_POINT ( 'NONE',  ( 8.024367669542975534, 4.751000000000000334, 2.000962016688119238 ) ) ;
#1186 = PRESENTATION_LAYER_ASSIGNMENT (  '', '', ( #2769 ) ) ;
#1187 = VECTOR ( 'NONE', #13, 1000.000000000000000 ) ;
#1188 = CARTESIAN_POINT ( 'NONE',  ( 4.797445472848246517, 4.750000000000000000, 2.682056254219147728 ) ) ;
#1189 = APPLICATION_CONTEXT ( 'automotive_design' ) ;
#1190 = B_SPLINE_SURFACE_WITH_KNOTS ( 'NONE', 3, 1, ( 
 ( #6625, #5792 ),
 ( #11486, #10380 ),
 ( #1966, #5728 ),
 ( #8512, #108 ) ),
 .UNSPECIFIED., .F., .F., .F.,
 ( 4, 4 ),
 ( 2, 2 ),
 ( 4.000000000000000000, 5.000000000000000000 ),
 ( 0.0000000000000000000, 1.000000000000000000 ),
 .UNSPECIFIED. ) ;
#1191 = ORIENTED_EDGE ( 'NONE', *, *, #738, .T. ) ;
#1192 = EDGE_CURVE ( 'NONE', #7558, #2847, #121, .T. ) ;
#1193 = CARTESIAN_POINT ( 'NONE',  ( 6.997819665466719741, 4.751000000000000334, 1.982836016078136643 ) ) ;
#1194 = EDGE_CURVE ( 'NONE', #3625, #1478, #1163, .T. ) ;
#1195 = CARTESIAN_POINT ( 'NONE',  ( 6.062852483774308965, 4.751000000000000334, 2.756797314557061895 ) ) ;
#1196 = ORIENTED_EDGE ( 'NONE', *, *, #3085, .T. ) ;
#1197 = SURFACE_SIDE_STYLE ('',( #11521 ) ) ;
#1198 = MECHANICAL_DESIGN_GEOMETRIC_PRESENTATION_REPRESENTATION (  '', ( #610 ), #3770 ) ;
#1199 =( GEOMETRIC_REPRESENTATION_CONTEXT ( 3 ) GLOBAL_UNCERTAINTY_ASSIGNED_CONTEXT ( ( #643 ) ) GLOBAL_UNIT_ASSIGNED_CONTEXT ( ( #4737, #7547, #1788 ) ) REPRESENTATION_CONTEXT ( 'NONE', 'WORKASPACE' ) );
#1200 = CARTESIAN_POINT ( 'NONE',  ( 9.079450370396346059, 4.751000000000000334, 2.073515933457894533 ) ) ;
#1201 = PRESENTATION_LAYER_ASSIGNMENT (  '', '', ( #1789 ) ) ;
#1202 = EDGE_CURVE ( 'NONE', #10645, #118, #62, .T. ) ;
#1203 = CARTESIAN_POINT ( 'NONE',  ( 5.731968130652062676, 4.750000000000000000, 1.855037346947814969 ) ) ;
#1204 = CARTESIAN_POINT ( 'NONE',  ( 5.768905249728132567, 4.750000000000000000, 2.419642120377659023 ) ) ;
#1205 = ORIENTED_EDGE ( 'NONE', *, *, #2255, .F. ) ;
#1206 = DIRECTION ( 'NONE',  ( -0.9999748501857348426, 0.0000000000000000000, -0.007092178509963397229 ) ) ;
#1207 =( NAMED_UNIT ( * ) PLANE_ANGLE_UNIT ( ) SI_UNIT ( $, .RADIAN. ) );
#1208 = ORIENTED_EDGE ( 'NONE', *, *, #513, .T. ) ;
#1209 = STYLED_ITEM ( 'NONE', ( #2465 ), #1530 ) ;
#1210 = COLOUR_RGB ( '',0.0000000000000000000, 0.0000000000000000000, 0.0000000000000000000 ) ;
#1211 = STYLED_ITEM ( 'NONE', ( #9970 ), #5345 ) ;
#1212 = ORIENTED_EDGE ( 'NONE', *, *, #6635, .T. ) ;
#1213 = FILL_AREA_STYLE ('',( #2074 ) ) ;
#1214 = CARTESIAN_POINT ( 'NONE',  ( 5.073372618235536535, 4.751000000000000334, 2.481255335001208540 ) ) ;
#1215 = FACE_OUTER_BOUND ( 'NONE', #6975, .T. ) ;
#1216 = DIRECTION ( 'NONE',  ( -0.007092178509957415902, -0.0000000000000000000, 0.9999748501857349536 ) ) ;
#1217 = CARTESIAN_POINT ( 'NONE',  ( 4.244484384566872492, 4.751000000000000334, 1.682021320945930931 ) ) ;
#1218 = COLOUR_RGB ( '',0.0000000000000000000, 0.0000000000000000000, 0.0000000000000000000 ) ;
#1219 = PRESENTATION_STYLE_ASSIGNMENT (( #5895 ) ) ;
#1220 = VECTOR ( 'NONE', #10356, 1000.000000000000000 ) ;
#1222 = CARTESIAN_POINT ( 'NONE',  ( 5.999493410425640327, 4.750000000000000000, 2.490683120358338609 ) ) ;
#1221 =( GEOMETRIC_REPRESENTATION_CONTEXT ( 3 ) GLOBAL_UNCERTAINTY_ASSIGNED_CONTEXT ( ( #6830 ) ) GLOBAL_UNIT_ASSIGNED_CONTEXT ( ( #2061, #6902, #11394 ) ) REPRESENTATION_CONTEXT ( 'NONE', 'WORKASPACE' ) );
#1223 = PRESENTATION_LAYER_ASSIGNMENT (  '', '', ( #6507 ) ) ;
#1224 = FILL_AREA_STYLE ('',( #10554 ) ) ;
#1225 = CARTESIAN_POINT ( 'NONE',  ( 5.683900710923180277, 4.750000000000000000, 2.511580019789578788 ) ) ;
#1226 = CARTESIAN_POINT ( 'NONE',  ( 8.377754104025239457, 4.750000000000000000, 1.616656759649717001 ) ) ;
#1227 =( LENGTH_UNIT ( ) NAMED_UNIT ( * ) SI_UNIT ( .MILLI., .METRE. ) );
#1228 = ORIENTED_EDGE ( 'NONE', *, *, #12126, .F. ) ;
#1229 = B_SPLINE_CURVE_WITH_KNOTS ( 'NONE', 3,
 ( #9599, #6778, #10405, #4946 ),
 .UNSPECIFIED., .F., .F.,
 ( 4, 4 ),
 ( 6.000000000000000000, 7.000000000000000000 ),
 .UNSPECIFIED. ) ;
#1230 = CARTESIAN_POINT ( 'NONE',  ( 6.063973354384260439, 4.750000000000000000, 2.598758086033984949 ) ) ;
#1231 = PRESENTATION_LAYER_ASSIGNMENT (  '', '', ( #6324 ) ) ;
#1232 =( GEOMETRIC_REPRESENTATION_CONTEXT ( 3 ) GLOBAL_UNCERTAINTY_ASSIGNED_CONTEXT ( ( #6477 ) ) GLOBAL_UNIT_ASSIGNED_CONTEXT ( ( #10454, #9528, #8579 ) ) REPRESENTATION_CONTEXT ( 'NONE', 'WORKASPACE' ) );
#1233 = UNCERTAINTY_MEASURE_WITH_UNIT (LENGTH_MEASURE( 1.000000000000000082E-05 ), #5856, 'distance_accuracy_value', 'NONE');
#1234 = CARTESIAN_POINT ( 'NONE',  ( 16.78000000000000114, 4.163799117100997848E-17, 4.410000000000005471 ) ) ;
#1235 =( NAMED_UNIT ( * ) SI_UNIT ( $, .STERADIAN. ) SOLID_ANGLE_UNIT ( ) );
#1236 = CARTESIAN_POINT ( 'NONE',  ( 5.194616714856695516, 4.751000000000000334, 1.677842265815224998 ) ) ;
#1237 = EDGE_LOOP ( 'NONE', ( #8097, #859, #6800, #1746 ) ) ;
#1238 =( NAMED_UNIT ( * ) PLANE_ANGLE_UNIT ( ) SI_UNIT ( $, .RADIAN. ) );
#1239 = SURFACE_SIDE_STYLE ('',( #10699 ) ) ;
#1240 = FACE_OUTER_BOUND ( 'NONE', #2150, .T. ) ;
#1241 =( LENGTH_UNIT ( ) NAMED_UNIT ( * ) SI_UNIT ( .MILLI., .METRE. ) );
#1242 = AXIS2_PLACEMENT_3D ( 'NONE', #775, #5586, #2699 ) ;
#1243 = VERTEX_POINT ( 'NONE', #1924 ) ;
#1244 = CARTESIAN_POINT ( 'NONE',  ( 4.884489958070044047, 4.751000000000000334, 1.844347701000388140 ) ) ;
#1245 = B_SPLINE_CURVE_WITH_KNOTS ( 'NONE', 3,
 ( #2068, #2124, #4780, #4895 ),
 .UNSPECIFIED., .F., .F.,
 ( 4, 4 ),
 ( 3.000000000000000000, 4.000000000000000000 ),
 .UNSPECIFIED. ) ;
#1246 =( GEOMETRIC_REPRESENTATION_CONTEXT ( 3 ) GLOBAL_UNCERTAINTY_ASSIGNED_CONTEXT ( ( #5870 ) ) GLOBAL_UNIT_ASSIGNED_CONTEXT ( ( #7315, #1676, #8167 ) ) REPRESENTATION_CONTEXT ( 'NONE', 'WORKASPACE' ) );
#1247 = VECTOR ( 'NONE', #11160, 1000.000000000000000 ) ;
#1248 =( GEOMETRIC_REPRESENTATION_CONTEXT ( 3 ) GLOBAL_UNCERTAINTY_ASSIGNED_CONTEXT ( ( #7160 ) ) GLOBAL_UNIT_ASSIGNED_CONTEXT ( ( #8839, #432, #10956 ) ) REPRESENTATION_CONTEXT ( 'NONE', 'WORKASPACE' ) );
#1249 = EDGE_CURVE ( 'NONE', #9084, #668, #1488, .T. ) ;
#1250 = PRESENTATION_STYLE_ASSIGNMENT (( #2216 ) ) ;
#1251 = ORIENTED_EDGE ( 'NONE', *, *, #3332, .F. ) ;
#1252 = DIRECTION ( 'NONE',  ( 0.9999748501857348426, -0.0000000000000000000, 0.007092178509963991372 ) ) ;
#1253 = DIRECTION ( 'NONE',  ( 0.9999748501857348426, -0.0000000000000000000, 0.007092178509972501925 ) ) ;
#1254 = ORIENTED_EDGE ( 'NONE', *, *, #4945, .T. ) ;
#1255 = AXIS2_PLACEMENT_3D ( 'NONE', #6692, #6757, #3025 ) ;
#1256 =( NAMED_UNIT ( * ) SI_UNIT ( $, .STERADIAN. ) SOLID_ANGLE_UNIT ( ) );
#1257 = FACE_OUTER_BOUND ( 'NONE', #2950, .T. ) ;
#1258 = CARTESIAN_POINT ( 'NONE',  ( 7.538179504055722902, 4.751000000000000334, 2.250567915820366416 ) ) ;
#1259 = VERTEX_POINT ( 'NONE', #2044 ) ;
#1260 = CARTESIAN_POINT ( 'NONE',  ( 4.541415183388064492, 4.750000000000000000, 2.862982445754848282 ) ) ;
#1261 = CARTESIAN_POINT ( 'NONE',  ( 4.796910847063915462, 4.751000000000000334, 2.757436807294808112 ) ) ;
#1262 =( GEOMETRIC_REPRESENTATION_CONTEXT ( 3 ) GLOBAL_UNCERTAINTY_ASSIGNED_CONTEXT ( ( #6414 ) ) GLOBAL_UNIT_ASSIGNED_CONTEXT ( ( #4731, #8268, #11229 ) ) REPRESENTATION_CONTEXT ( 'NONE', 'WORKASPACE' ) );
#1263 = CARTESIAN_POINT ( 'NONE',  ( 5.144413519584437822, 4.751000000000000334, 2.873757775570414452 ) ) ;
#1264 = ADVANCED_FACE ( 'NONE', ( #1867, #11320 ), #9526, .F. ) ;
#1265 = MECHANICAL_DESIGN_GEOMETRIC_PRESENTATION_REPRESENTATION (  '', ( #5187 ), #59 ) ;
#1266 = FILL_AREA_STYLE ('',( #6061 ) ) ;
#1267 = ORIENTED_EDGE ( 'NONE', *, *, #645, .T. ) ;
#1268 = CARTESIAN_POINT ( 'NONE',  ( 6.284844404620406166, 4.751000000000000334, 2.940333972156369935 ) ) ;
#1269 =( NAMED_UNIT ( * ) SI_UNIT ( $, .STERADIAN. ) SOLID_ANGLE_UNIT ( ) );
#1270 = ORIENTED_EDGE ( 'NONE', *, *, #4596, .F. ) ;
#1271 = COLOUR_RGB ( '',0.0000000000000000000, 0.0000000000000000000, 0.0000000000000000000 ) ;
#1272 =( NAMED_UNIT ( * ) PLANE_ANGLE_UNIT ( ) SI_UNIT ( $, .RADIAN. ) );
#1273 = SURFACE_STYLE_USAGE ( .BOTH. , #11398 ) ;
#1274 = FACE_OUTER_BOUND ( 'NONE', #8311, .T. ) ;
#1275 = ORIENTED_EDGE ( 'NONE', *, *, #267, .F. ) ;
#1276 = CARTESIAN_POINT ( 'NONE',  ( 5.796910837255422777, 4.751000000000000334, 1.677954814413354256 ) ) ;
#1277 = EDGE_CURVE ( 'NONE', #3951, #2114, #9279, .T. ) ;
#1278 = FILL_AREA_STYLE ('',( #1460 ) ) ;
#1279 = ADVANCED_FACE ( 'NONE', ( #8466 ), #4753, .T. ) ;
#1280 = EDGE_CURVE ( 'NONE', #7543, #8830, #5880, .T. ) ;
#1281 = ORIENTED_EDGE ( 'NONE', *, *, #9974, .T. ) ;
#1282 = ORIENTED_EDGE ( 'NONE', *, *, #10732, .F. ) ;
#1283 = STYLED_ITEM ( 'NONE', ( #7528 ), #9592 ) ;
#1284 = VERTEX_POINT ( 'NONE', #5923 ) ;
#1285 = SURFACE_STYLE_USAGE ( .BOTH. , #91 ) ;
#1286 = LINE ( 'NONE', #8865, #6628 ) ;
#1287 = CARTESIAN_POINT ( 'NONE',  ( 4.292618922247162239, 4.750000000000000000, 2.097236550874577166 ) ) ;
#1288 = COLOUR_RGB ( '',0.0000000000000000000, 0.0000000000000000000, 0.0000000000000000000 ) ;
#1289 = LINE ( 'NONE', #6085, #717 ) ;
#1290 = CARTESIAN_POINT ( 'NONE',  ( 4.797445472848246517, 4.751000000000000334, 2.682056254219147728 ) ) ;
#1291 = CARTESIAN_POINT ( 'NONE',  ( 8.159861601080121929, 4.751000000000000334, 1.756098738353367938 ) ) ;
#1292 = VECTOR ( 'NONE', #3370, 999.9999999999998863 ) ;
#1293 = FILL_AREA_STYLE ('',( #9687 ) ) ;
#1294 =( LENGTH_UNIT ( ) NAMED_UNIT ( * ) SI_UNIT ( .MILLI., .METRE. ) );
#1295 = DIRECTION ( 'NONE',  ( 0.007092178509962506448, 0.0000000000000000000, -0.9999748501857348426 ) ) ;
#1296 = ADVANCED_FACE ( 'NONE', ( #4192 ), #11874, .F. ) ;
#1297 = ORIENTED_EDGE ( 'NONE', *, *, #3711, .F. ) ;
#1298 = EDGE_CURVE ( 'NONE', #11700, #10919, #3034, .T. ) ;
#1299 = AXIS2_PLACEMENT_3D ( 'NONE', #8350, #982, #9208 ) ;
#1300 = CARTESIAN_POINT ( 'NONE',  ( 5.951363496090055882, 4.750000000000000000, 1.983187087298805329 ) ) ;
#1301 = STYLED_ITEM ( 'NONE', ( #11116 ), #10109 ) ;
#1302 = SURFACE_STYLE_USAGE ( .BOTH. , #5967 ) ;
#1303 = DIRECTION ( 'NONE',  ( -0.0000000000000000000, -1.000000000000000000, -0.0000000000000000000 ) ) ;
#1304 = VERTEX_POINT ( 'NONE', #10644 ) ;
#1305 = SURFACE_STYLE_FILL_AREA ( #1429 ) ;
#1306 = MECHANICAL_DESIGN_GEOMETRIC_PRESENTATION_REPRESENTATION (  '', ( #6973 ), #501 ) ;
#1307 = ORIENTED_EDGE ( 'NONE', *, *, #1868, .F. ) ;
#1308 =( GEOMETRIC_REPRESENTATION_CONTEXT ( 3 ) GLOBAL_UNCERTAINTY_ASSIGNED_CONTEXT ( ( #6959 ) ) GLOBAL_UNIT_ASSIGNED_CONTEXT ( ( #6869, #1238, #8882 ) ) REPRESENTATION_CONTEXT ( 'NONE', 'WORKASPACE' ) );
#1309 = FILL_AREA_STYLE ('',( #4922 ) ) ;
#1310 = ORIENTED_EDGE ( 'NONE', *, *, #10034, .F. ) ;
#1311 = MECHANICAL_DESIGN_GEOMETRIC_PRESENTATION_REPRESENTATION (  '', ( #10726 ), #3078 ) ;
#1312 = LINE ( 'NONE', #2418, #9864 ) ;
#1313 = VECTOR ( 'NONE', #7576, 1000.000000000000114 ) ;
#1314 = FILL_AREA_STYLE ('',( #425 ) ) ;
#1315 = ORIENTED_EDGE ( 'NONE', *, *, #4876, .F. ) ;
#1316 = SURFACE_STYLE_USAGE ( .BOTH. , #9714 ) ;
#1317 = ORIENTED_EDGE ( 'NONE', *, *, #5383, .F. ) ;
#1318 = CARTESIAN_POINT ( 'NONE',  ( 5.825310698065924164, 4.751000000000000334, 2.420042167947327183 ) ) ;
#1319 = AXIS2_PLACEMENT_3D ( 'NONE', #203, #384, #5828 ) ;
#1320 = LINE ( 'NONE', #11511, #8955 ) ;
#1321 = CARTESIAN_POINT ( 'NONE',  ( 6.085943363609318979, 4.750000000000000000, 1.681824358358713356 ) ) ;
#1322 = SURFACE_STYLE_USAGE ( .BOTH. , #5189 ) ;
#1323 = SURFACE_SIDE_STYLE ('',( #6175 ) ) ;
#1324 = ORIENTED_EDGE ( 'NONE', *, *, #5635, .T. ) ;
#1325 = CARTESIAN_POINT ( 'NONE',  ( 8.434463805562756988, 4.750000000000000000, 2.795568265614454706 ) ) ;
#1326 = FILL_AREA_STYLE_COLOUR ( '', #9200 ) ;
#1327 = PLANE ( 'NONE',  #10836 ) ;
#1328 = ORIENTED_EDGE ( 'NONE', *, *, #1851, .F. ) ;
#1329 = PRESENTATION_STYLE_ASSIGNMENT (( #2556 ) ) ;
#1330 = EDGE_CURVE ( 'NONE', #6611, #4982, #2513, .T. ) ;
#1331 = CARTESIAN_POINT ( 'NONE',  ( 6.350477472386660160, 4.750000000000000000, 2.940799465296190629 ) ) ;
#1332 = CARTESIAN_POINT ( 'NONE',  ( 7.110752489468366022, 4.750000000000000000, 1.860724989050378531 ) ) ;
#1333 = CARTESIAN_POINT ( 'NONE',  ( 5.825310698065924164, 4.751000000000000334, 2.420042167947327183 ) ) ;
#1334 = ORIENTED_EDGE ( 'NONE', *, *, #1008, .T. ) ;
#1335 = CARTESIAN_POINT ( 'NONE',  ( 8.222314420147885272, 4.751000000000000334, 1.615554325938123315 ) ) ;
#1336 = EDGE_CURVE ( 'NONE', #8734, #10562, #9584, .T. ) ;
#1337 = CARTESIAN_POINT ( 'NONE',  ( 7.427477186061907766, 4.751000000000000334, 2.058184615345579171 ) ) ;
#1338 = ORIENTED_EDGE ( 'NONE', *, *, #6518, .F. ) ;
#1339 = SURFACE_STYLE_USAGE ( .BOTH. , #3190 ) ;
#1340 = ORIENTED_EDGE ( 'NONE', *, *, #9960, .F. ) ;
#1341 = UNCERTAINTY_MEASURE_WITH_UNIT (LENGTH_MEASURE( 1.000000000000000082E-05 ), #3846, 'distance_accuracy_value', 'NONE');
#1342 = VERTEX_POINT ( 'NONE', #4929 ) ;
#1343 = CARTESIAN_POINT ( 'NONE',  ( 7.276729123073038430, 4.751000000000000334, 2.415006130194304657 ) ) ;
#1344 = CARTESIAN_POINT ( 'NONE',  ( 8.225262519482084755, 4.751000000000000334, 2.729013469338142261 ) ) ;
#1345 = EDGE_CURVE ( 'NONE', #7543, #3598, #2154, .T. ) ;
#1346 = ADVANCED_FACE ( 'NONE', ( #11502 ), #2566, .F. ) ;
#1347 = SURFACE_SIDE_STYLE ('',( #9748 ) ) ;
#1348 =( NAMED_UNIT ( * ) SI_UNIT ( $, .STERADIAN. ) SOLID_ANGLE_UNIT ( ) );
#1349 = CARTESIAN_POINT ( 'NONE',  ( 8.223929477385006237, 4.751000000000000334, 1.897540480693097775 ) ) ;
#1350 = CARTESIAN_POINT ( 'NONE',  ( 8.488661322871575265, 4.751000000000000334, 2.799567691907449696 ) ) ;
#1351 = CARTESIAN_POINT ( 'NONE',  ( 6.086354472402111249, 4.751000000000000334, 1.623859312371049191 ) ) ;
#1352 = CARTESIAN_POINT ( 'NONE',  ( 7.452191677006363868, 4.751000000000000334, 1.631782914312548627 ) ) ;
#1353 =( NAMED_UNIT ( * ) SI_UNIT ( $, .STERADIAN. ) SOLID_ANGLE_UNIT ( ) );
#1354 = VECTOR ( 'NONE', #10862, 1000.000000000000000 ) ;
#1355 = VERTEX_POINT ( 'NONE', #8216 ) ;
#1356 = ORIENTED_EDGE ( 'NONE', *, *, #6398, .F. ) ;
#1357 = CARTESIAN_POINT ( 'NONE',  ( 6.063973354384260439, 4.751000000000000334, 2.598758086033984949 ) ) ;
#1358 = UNCERTAINTY_MEASURE_WITH_UNIT (LENGTH_MEASURE( 1.000000000000000082E-05 ), #5253, 'distance_accuracy_value', 'NONE');
#1359 = EDGE_CURVE ( 'NONE', #1439, #11825, #624, .T. ) ;
#1360 =( LENGTH_UNIT ( ) NAMED_UNIT ( * ) SI_UNIT ( .MILLI., .METRE. ) );
#1361 = ADVANCED_FACE ( 'NONE', ( #1673 ), #983, .T. ) ;
#1362 = LINE ( 'NONE', #6387, #1247 ) ;
#1363 = ORIENTED_EDGE ( 'NONE', *, *, #5342, .T. ) ;
#1364 = FILL_AREA_STYLE ('',( #9766 ) ) ;
#1365 = CARTESIAN_POINT ( 'NONE',  ( 8.307148401352032252, 4.751000000000000334, 2.906732102824259645 ) ) ;
#1366 = SURFACE_STYLE_USAGE ( .BOTH. , #1239 ) ;
#1367 = FILL_AREA_STYLE_COLOUR ( '', #5791 ) ;
#1368 = EDGE_CURVE ( 'NONE', #10219, #6015, #10020, .T. ) ;
#1369 = CARTESIAN_POINT ( 'NONE',  ( 8.088897030104146069, 4.750000000000000000, 2.077335931467613417 ) ) ;
#1370 = VERTEX_POINT ( 'NONE', #7248 ) ;
#1371 = SURFACE_STYLE_USAGE ( .BOTH. , #4251 ) ;
#1372 = EDGE_CURVE ( 'NONE', #7268, #8938, #7983, .T. ) ;
#1373 = SURFACE_STYLE_USAGE ( .BOTH. , #9772 ) ;
#1374 = EDGE_LOOP ( 'NONE', ( #3576, #5925, #9868, #1494 ) ) ;
#1375 = PRESENTATION_STYLE_ASSIGNMENT (( #11678 ) ) ;
#1376 = CARTESIAN_POINT ( 'NONE',  ( 5.549370781357334081, 4.751000000000000334, 1.779657686630379709 ) ) ;
#1377 = ORIENTED_EDGE ( 'NONE', *, *, #2386, .T. ) ;
#1378 = CARTESIAN_POINT ( 'NONE',  ( 5.731968130652063564, 4.750000000000000000, 1.855037346947814969 ) ) ;
#1379 =( NAMED_UNIT ( * ) PLANE_ANGLE_UNIT ( ) SI_UNIT ( $, .RADIAN. ) );
#1380 = COLOUR_RGB ( '',0.0000000000000000000, 0.0000000000000000000, 0.0000000000000000000 ) ;
#1381 = VERTEX_POINT ( 'NONE', #10021 ) ;
#1382 = CARTESIAN_POINT ( 'NONE',  ( 5.941925765637444457, 4.751000000000000334, 1.682882502287691651 ) ) ;
#1383 = DIRECTION ( 'NONE',  ( 0.007092178509965090319, -0.0000000000000000000, -0.9999748501857348426 ) ) ;
#1384 = CARTESIAN_POINT ( 'NONE',  ( 4.290225155933111267, 4.750000000000000000, 2.013257010046226814 ) ) ;
#1385 = CARTESIAN_POINT ( 'NONE',  ( 5.309282972164819370, 4.751000000000000334, 2.424960533705367460 ) ) ;
#1386 = COLOUR_RGB ( '',0.0000000000000000000, 0.0000000000000000000, 0.0000000000000000000 ) ;
#1387 = VECTOR ( 'NONE', #7341, 1000.000000000000000 ) ;
#1388 = EDGE_LOOP ( 'NONE', ( #7311, #5638, #10096, #9882, #3795, #5608, #6283 ) ) ;
#1389 = CARTESIAN_POINT ( 'NONE',  ( 4.958850658148711510, 4.751000000000000334, 2.914130539956863331 ) ) ;
#1390 = CARTESIAN_POINT ( 'NONE',  ( 5.202202696331129417, 4.750000000000000000, 1.707789860221158085 ) ) ;
#1391 = EDGE_LOOP ( 'NONE', ( #2496, #5370, #2400, #602 ) ) ;
#1392 =( NAMED_UNIT ( * ) PLANE_ANGLE_UNIT ( ) SI_UNIT ( $, .RADIAN. ) );
#1393 = CARTESIAN_POINT ( 'NONE',  ( 4.923604166927503023, 4.750000000000000000, 2.908324213156613602 ) ) ;
#1394 = ORIENTED_EDGE ( 'NONE', *, *, #8090, .T. ) ;
#1395 = COLOUR_RGB ( '',0.0000000000000000000, 0.0000000000000000000, 0.0000000000000000000 ) ;
#1396 = DIRECTION ( 'NONE',  ( 0.0000000000000000000, -0.0000000000000000000, -1.000000000000000000 ) ) ;
#1397 = CARTESIAN_POINT ( 'NONE',  ( 4.193070194226705460, 4.750000000000000000, 1.729226794211716323 ) ) ;
#1398 = VECTOR ( 'NONE', #6233, 1000.000000000000114 ) ;
#1399 = CARTESIAN_POINT ( 'NONE',  ( 3.919000357439531790, 4.751000000000000334, 2.016342963659302434 ) ) ;
#1400 = B_SPLINE_CURVE_WITH_KNOTS ( 'NONE', 3,
 ( #632, #10958, #5376, #6229 ),
 .UNSPECIFIED., .F., .F.,
 ( 4, 4 ),
 ( 5.000000000000000000, 6.000000000000000000 ),
 .UNSPECIFIED. ) ;
#1401 = ORIENTED_EDGE ( 'NONE', *, *, #10195, .F. ) ;
#1402 = VERTEX_POINT ( 'NONE', #11866 ) ;
#1403 = ADVANCED_FACE ( 'NONE', ( #5425 ), #3471, .T. ) ;
#1404 = ORIENTED_EDGE ( 'NONE', *, *, #3740, .T. ) ;
#1405 = VECTOR ( 'NONE', #9380, 1000.000000000000000 ) ;
#1406 = CARTESIAN_POINT ( 'NONE',  ( 4.295898574903574740, 4.751000000000000334, 1.634815847680124223 ) ) ;
#1407 = PRESENTATION_LAYER_ASSIGNMENT (  '', '', ( #393 ) ) ;
#1408 = CARTESIAN_POINT ( 'NONE',  ( 7.320312642992590213, 4.750000000000000000, 2.896118056044793221 ) ) ;
#1409 = MECHANICAL_DESIGN_GEOMETRIC_PRESENTATION_REPRESENTATION (  '', ( #9226 ), #1979 ) ;
#1410 =( LENGTH_UNIT ( ) NAMED_UNIT ( * ) SI_UNIT ( .MILLI., .METRE. ) );
#1411 = B_SPLINE_SURFACE_WITH_KNOTS ( 'NONE', 3, 1, ( 
 ( #3973, #9794 ),
 ( #9550, #1139 ),
 ( #4892, #1332 ),
 ( #3057, #324 ) ),
 .UNSPECIFIED., .F., .F., .F.,
 ( 4, 4 ),
 ( 2, 2 ),
 ( 24.00000000000000000, 25.00000000000000000 ),
 ( 0.0000000000000000000, 1.000000000000000000 ),
 .UNSPECIFIED. ) ;
#1412 = DIRECTION ( 'NONE',  ( -0.007092178509963812695, 0.0000000000000000000, 0.9999748501857348426 ) ) ;
#1413 = FACE_OUTER_BOUND ( 'NONE', #11517, .T. ) ;
#1414 =( NAMED_UNIT ( * ) PLANE_ANGLE_UNIT ( ) SI_UNIT ( $, .RADIAN. ) );
#1415 =( NAMED_UNIT ( * ) PLANE_ANGLE_UNIT ( ) SI_UNIT ( $, .RADIAN. ) );
#1416 = DIRECTION ( 'NONE',  ( 0.9999748501857346206, -0.0000000000000000000, 0.007092178509998247823 ) ) ;
#1417 = COLOUR_RGB ( '',0.0000000000000000000, 0.0000000000000000000, 0.0000000000000000000 ) ;
#1418 = EDGE_LOOP ( 'NONE', ( #2905, #10318, #7500, #333, #3659, #11958, #3829, #2238, #3840, #1932, #4675, #2371 ) ) ;
#1419 = EDGE_CURVE ( 'NONE', #5024, #4908, #3958, .T. ) ;
#1420 = VERTEX_POINT ( 'NONE', #5727 ) ;
#1421 =( NAMED_UNIT ( * ) PLANE_ANGLE_UNIT ( ) SI_UNIT ( $, .RADIAN. ) );
#1422 = VECTOR ( 'NONE', #6456, 1000.000000000000000 ) ;
#1423 = SURFACE_STYLE_FILL_AREA ( #1481 ) ;
#1424 = B_SPLINE_CURVE_WITH_KNOTS ( 'NONE', 3,
 ( #10150, #8450, #7428, #6399 ),
 .UNSPECIFIED., .F., .F.,
 ( 4, 4 ),
 ( 2.000000000000000000, 3.000000000000000000 ),
 .UNSPECIFIED. ) ;
#1425 = MECHANICAL_DESIGN_GEOMETRIC_PRESENTATION_REPRESENTATION (  '', ( #1998 ), #11817 ) ;
#1426 = VECTOR ( 'NONE', #2822, 1000.000000000000000 ) ;
#1427 = ORIENTED_EDGE ( 'NONE', *, *, #1663, .F. ) ;
#1428 =( LENGTH_UNIT ( ) NAMED_UNIT ( * ) SI_UNIT ( .MILLI., .METRE. ) );
#1429 = FILL_AREA_STYLE ('',( #2408 ) ) ;
#1430 = LINE ( 'NONE', #6444, #6777 ) ;
#1431 = SURFACE_STYLE_USAGE ( .BOTH. , #9955 ) ;
#1432 = EDGE_CURVE ( 'NONE', #4282, #3066, #1040, .T. ) ;
#1433 = ADVANCED_FACE ( 'NONE', ( #5668 ), #10118, .F. ) ;
#1434 = VECTOR ( 'NONE', #2793, 1000.000000000000000 ) ;
#1435 = ADVANCED_FACE ( 'NONE', ( #9326 ), #7493, .F. ) ;
#1436 = MECHANICAL_DESIGN_GEOMETRIC_PRESENTATION_REPRESENTATION (  '', ( #26 ), #6901 ) ;
#1437 = EDGE_LOOP ( 'NONE', ( #4794, #9160 ) ) ;
#1438 = CARTESIAN_POINT ( 'NONE',  ( 5.994954703094022896, 4.750000000000000000, 2.617504586363720964 ) ) ;
#1439 = VERTEX_POINT ( 'NONE', #10753 ) ;
#1440 = LINE ( 'NONE', #500, #1024 ) ;
#1441 = SURFACE_STYLE_USAGE ( .BOTH. , #7988 ) ;
#1442 =( GEOMETRIC_REPRESENTATION_CONTEXT ( 3 ) GLOBAL_UNCERTAINTY_ASSIGNED_CONTEXT ( ( #11145 ) ) GLOBAL_UNIT_ASSIGNED_CONTEXT ( ( #11488, #4805, #4001 ) ) REPRESENTATION_CONTEXT ( 'NONE', 'WORKASPACE' ) );
#1443 = MECHANICAL_DESIGN_GEOMETRIC_PRESENTATION_REPRESENTATION (  '', ( #12020 ), #1232 ) ;
#1444 = EDGE_LOOP ( 'NONE', ( #11939, #1670, #2677, #1653 ) ) ;
#1445 = CARTESIAN_POINT ( 'NONE',  ( 5.614445286366139598, 4.751000000000000334, 1.675620919542373910 ) ) ;
#1446 = DIRECTION ( 'NONE',  ( 0.007092178509965384355, 0.0000000000000000000, -0.9999748501857348426 ) ) ;
#1447 = SURFACE_STYLE_USAGE ( .BOTH. , #313 ) ;
#1448 = FACE_OUTER_BOUND ( 'NONE', #2012, .T. ) ;
#1449 = CIRCLE ( 'NONE', #9345, 0.3400000000000000244 ) ;
#1450 = CARTESIAN_POINT ( 'NONE',  ( 5.216777411245091756, 4.751000000000000334, 1.485379439029014481 ) ) ;
#1451 = VERTEX_POINT ( 'NONE', #9695 ) ;
#1452 = CARTESIAN_POINT ( 'NONE',  ( 7.276729123073038430, 4.750000000000000000, 2.415006130194304657 ) ) ;
#1453 = LINE ( 'NONE', #2437, #11448 ) ;
#1454 = FILL_AREA_STYLE ('',( #8062 ) ) ;
#1455 =( LENGTH_UNIT ( ) NAMED_UNIT ( * ) SI_UNIT ( .MILLI., .METRE. ) );
#1456 = ORIENTED_EDGE ( 'NONE', *, *, #5637, .F. ) ;
#1457 = PRESENTATION_STYLE_ASSIGNMENT (( #2603 ) ) ;
#1458 = AXIS2_PLACEMENT_3D ( 'NONE', #7628, #6837, #10725 ) ;
#1459 = FILL_AREA_STYLE ('',( #5390 ) ) ;
#1460 = FILL_AREA_STYLE_COLOUR ( '', #11689 ) ;
#1461 = VERTEX_POINT ( 'NONE', #5905 ) ;
#1462 = CARTESIAN_POINT ( 'NONE',  ( 7.808526143341535608, 4.751000000000000334, 2.870660180011683327 ) ) ;
#1463 = ORIENTED_EDGE ( 'NONE', *, *, #607, .F. ) ;
#1464 = EDGE_LOOP ( 'NONE', ( #10239, #8185, #6436, #1048 ) ) ;
#1465 = VECTOR ( 'NONE', #2747, 1000.000000000000114 ) ;
#1466 = DIRECTION ( 'NONE',  ( 0.9999748501857348426, 0.0000000000000000000, 0.007092178509961380613 ) ) ;
#1467 = CARTESIAN_POINT ( 'NONE',  ( 6.086354472402111249, 4.750000000000000000, 1.623859312371049191 ) ) ;
#1468 = MECHANICAL_DESIGN_GEOMETRIC_PRESENTATION_REPRESENTATION (  '', ( #1053 ), #9276 ) ;
#1469 = EDGE_CURVE ( 'NONE', #3331, #1967, #349, .T. ) ;
#1470 = CARTESIAN_POINT ( 'NONE',  ( 5.008779282236432984, 4.750000000000000000, 2.480797216010141248 ) ) ;
#1471 = SURFACE_STYLE_USAGE ( .BOTH. , #591 ) ;
#1472 = CARTESIAN_POINT ( 'NONE',  ( 5.213237750223846945, 4.750000000000000000, 2.424279346714607097 ) ) ;
#1473 =( LENGTH_UNIT ( ) NAMED_UNIT ( * ) SI_UNIT ( .MILLI., .METRE. ) );
#1474 = SURFACE_STYLE_FILL_AREA ( #9577 ) ;
#1475 = PRESENTATION_LAYER_ASSIGNMENT (  '', '', ( #5595 ) ) ;
#1476 = CARTESIAN_POINT ( 'NONE',  ( 5.579126468040183084, 4.750000000000000000, 2.935328768692522239 ) ) ;
#1477 = CARTESIAN_POINT ( 'NONE',  ( 7.935713559275157536, 4.751000000000000334, 1.758124279936008172 ) ) ;
#1478 = VERTEX_POINT ( 'NONE', #6804 ) ;
#1479 = DIRECTION ( 'NONE',  ( 0.9999748501857349536, 0.0000000000000000000, 0.007092178509959462876 ) ) ;
#1480 = UNCERTAINTY_MEASURE_WITH_UNIT (LENGTH_MEASURE( 1.000000000000000082E-05 ), #5573, 'distance_accuracy_value', 'NONE');
#1481 = FILL_AREA_STYLE ('',( #4242 ) ) ;
#1482 = VECTOR ( 'NONE', #4417, 1000.000000000000000 ) ;
#1483 = CARTESIAN_POINT ( 'NONE',  ( 5.067603335331337000, 4.750000000000000000, 2.873213010331563844 ) ) ;
#1484 = PRESENTATION_STYLE_ASSIGNMENT (( #5970 ) ) ;
#1485 = FACE_OUTER_BOUND ( 'NONE', #9595, .T. ) ;
#1486 = LINE ( 'NONE', #7058, #2583 ) ;
#1487 = ADVANCED_FACE ( 'NONE', ( #6750 ), #11426, .F. ) ;
#1488 = B_SPLINE_CURVE_WITH_KNOTS ( 'NONE', 3,
 ( #176, #6701, #2790, #10277 ),
 .UNSPECIFIED., .F., .F.,
 ( 4, 4 ),
 ( 13.00000000000000000, 14.00000000000000000 ),
 .UNSPECIFIED. ) ;
#1489 = FACE_OUTER_BOUND ( 'NONE', #1879, .T. ) ;
#1490 = EDGE_LOOP ( 'NONE', ( #1212, #8577, #5872, #9988 ) ) ;
#1491 =( LENGTH_UNIT ( ) NAMED_UNIT ( * ) SI_UNIT ( .MILLI., .METRE. ) );
#1492 = EDGE_CURVE ( 'NONE', #1342, #2045, #3698, .T. ) ;
#1493 = COLOUR_RGB ( '',0.0000000000000000000, 0.0000000000000000000, 0.0000000000000000000 ) ;
#1494 = ORIENTED_EDGE ( 'NONE', *, *, #3532, .T. ) ;
#1495 = B_SPLINE_CURVE_WITH_KNOTS ( 'NONE', 3,
 ( #3073, #10312, #8685, #1090 ),
 .UNSPECIFIED., .F., .F.,
 ( 4, 4 ),
 ( 11.00000000000000000, 12.00000000000000000 ),
 .UNSPECIFIED. ) ;
#1496 = UNCERTAINTY_MEASURE_WITH_UNIT (LENGTH_MEASURE( 1.000000000000000082E-05 ), #11806, 'distance_accuracy_value', 'NONE');
#1497 = CARTESIAN_POINT ( 'NONE',  ( 5.067603335331337000, 4.751000000000000334, 2.873213010331563844 ) ) ;
#1498 = CARTESIAN_POINT ( 'NONE',  ( 5.994523315392167540, 4.750000000000000000, 2.678328894709728125 ) ) ;
#1499 = ORIENTED_EDGE ( 'NONE', *, *, #447, .T. ) ;
#1500 = FACE_OUTER_BOUND ( 'NONE', #6090, .T. ) ;
#1501 =( NAMED_UNIT ( * ) SI_UNIT ( $, .STERADIAN. ) SOLID_ANGLE_UNIT ( ) );
#1502 = ADVANCED_FACE ( 'NONE', ( #3088 ), #11389, .F. ) ;
#1503 = SURFACE_STYLE_FILL_AREA ( #9020 ) ;
#1504 = EDGE_CURVE ( 'NONE', #12133, #2955, #11133, .T. ) ;
#1505 = MECHANICAL_DESIGN_GEOMETRIC_PRESENTATION_REPRESENTATION (  '', ( #1301 ), #11685 ) ;
#1506 = ORIENTED_EDGE ( 'NONE', *, *, #7247, .T. ) ;
#1507 = CARTESIAN_POINT ( 'NONE',  ( 7.810602685323946304, 4.750000000000000000, 3.087578438258134828 ) ) ;
#1508 = FACE_OUTER_BOUND ( 'NONE', #4528, .T. ) ;
#1509 = STYLED_ITEM ( 'NONE', ( #4421 ), #3945 ) ;
#1510 = B_SPLINE_SURFACE_WITH_KNOTS ( 'NONE', 3, 1, ( 
 ( #9835, #9195 ),
 ( #3595, #7246 ),
 ( #3656, #3715 ),
 ( #1551, #7312 ) ),
 .UNSPECIFIED., .F., .F., .F.,
 ( 4, 4 ),
 ( 2, 2 ),
 ( 12.00000000000000000, 13.00000000000000000 ),
 ( 0.0000000000000000000, 1.000000000000000000 ),
 .UNSPECIFIED. ) ;
#1511 =( GEOMETRIC_REPRESENTATION_CONTEXT ( 3 ) GLOBAL_UNCERTAINTY_ASSIGNED_CONTEXT ( ( #10652 ) ) GLOBAL_UNIT_ASSIGNED_CONTEXT ( ( #5910, #5044, #4120 ) ) REPRESENTATION_CONTEXT ( 'NONE', 'WORKASPACE' ) );
#1512 = DIRECTION ( 'NONE',  ( -1.000000000000000000, 0.0000000000000000000, 0.0000000000000000000 ) ) ;
#1513 = LINE ( 'NONE', #6898, #11423 ) ;
#1514 = CARTESIAN_POINT ( 'NONE',  ( 5.422269103503259302, 4.751000000000000334, 1.777976398121686508 ) ) ;
#1515 = CARTESIAN_POINT ( 'NONE',  ( 4.437001459358331346, 4.751000000000000334, 2.557845120836619301 ) ) ;
#1516 = VERTEX_POINT ( 'NONE', #729 ) ;
#1517 = UNCERTAINTY_MEASURE_WITH_UNIT (LENGTH_MEASURE( 1.000000000000000082E-05 ), #3772, 'distance_accuracy_value', 'NONE');
#1518 = FILL_AREA_STYLE_COLOUR ( '', #10435 ) ;
#1519 = PLANE ( 'NONE',  #2823 ) ;
#1520 = EDGE_CURVE ( 'NONE', #8063, #2792, #8025, .T. ) ;
#1521 =( GEOMETRIC_REPRESENTATION_CONTEXT ( 3 ) GLOBAL_UNCERTAINTY_ASSIGNED_CONTEXT ( ( #5295 ) ) GLOBAL_UNIT_ASSIGNED_CONTEXT ( ( #4590, #8304, #10048 ) ) REPRESENTATION_CONTEXT ( 'NONE', 'WORKASPACE' ) );
#1522 = ORIENTED_EDGE ( 'NONE', *, *, #11715, .T. ) ;
#1523 = STYLED_ITEM ( 'NONE', ( #7891 ), #10754 ) ;
#1524 = CARTESIAN_POINT ( 'NONE',  ( 8.636102286682207918, 4.751000000000000334, 1.889618746306694463 ) ) ;
#1525 = ADVANCED_FACE ( 'NONE', ( #10006 ), #9886, .F. ) ;
#1526 = FACE_OUTER_BOUND ( 'NONE', #3377, .T. ) ;
#1527 = ORIENTED_EDGE ( 'NONE', *, *, #7869, .T. ) ;
#1528 = LINE ( 'NONE', #5269, #9610 ) ;
#1529 = ORIENTED_EDGE ( 'NONE', *, *, #4372, .T. ) ;
#1530 = ADVANCED_FACE ( 'NONE', ( #9819 ), #9105, .T. ) ;
#1531 = ORIENTED_EDGE ( 'NONE', *, *, #8292, .T. ) ;
#1532 = FACE_OUTER_BOUND ( 'NONE', #6217, .T. ) ;
#1533 = FILL_AREA_STYLE_COLOUR ( '', #18 ) ;
#1534 = FACE_BOUND ( 'NONE', #10046, .T. ) ;
#1535 = CARTESIAN_POINT ( 'NONE',  ( 8.160399998643601549, 4.750000000000000000, 1.680186376287746919 ) ) ;
#1536 = CARTESIAN_POINT ( 'NONE',  ( 4.884077005740065758, 4.750000000000000000, 1.902572679929395827 ) ) ;
#1537 = SURFACE_STYLE_USAGE ( .BOTH. , #9942 ) ;
#1538 = CARTESIAN_POINT ( 'NONE',  ( 8.301841673013029776, 4.751000000000000334, 1.616118361597241870 ) ) ;
#1539 = SURFACE_SIDE_STYLE ('',( #9002 ) ) ;
#1540 = ORIENTED_EDGE ( 'NONE', *, *, #4821, .T. ) ;
#1541 = ORIENTED_EDGE ( 'NONE', *, *, #10556, .T. ) ;
#1542 = FILL_AREA_STYLE ('',( #2462 ) ) ;
#1543 = CARTESIAN_POINT ( 'NONE',  ( 5.083817024422867981, 4.751000000000000334, 1.979893544294149654 ) ) ;
#1544 =( NAMED_UNIT ( * ) PLANE_ANGLE_UNIT ( ) SI_UNIT ( $, .RADIAN. ) );
#1545 = LINE ( 'NONE', #8152, #1779 ) ;
#1546 = SURFACE_STYLE_USAGE ( .BOTH. , #8029 ) ;
#1547 = CARTESIAN_POINT ( 'NONE',  ( 8.294611753513905228, 4.750000000000000000, 2.125790671099390572 ) ) ;
#1548 = SURFACE_SIDE_STYLE ('',( #11859 ) ) ;
#1549 = ORIENTED_EDGE ( 'NONE', *, *, #10428, .F. ) ;
#1550 = ADVANCED_FACE ( 'NONE', ( #3516 ), #1683, .F. ) ;
#1551 = CARTESIAN_POINT ( 'NONE',  ( 5.192927150737902231, 4.751000000000000334, 1.677830282823520314 ) ) ;
#1552 = CARTESIAN_POINT ( 'NONE',  ( 5.007038959926687127, 4.751000000000000334, 2.872783466166893618 ) ) ;
#1553 = CARTESIAN_POINT ( 'NONE',  ( 5.994066292223217296, 4.750000000000000000, 1.643220614943113889 ) ) ;
#1554 = ORIENTED_EDGE ( 'NONE', *, *, #2525, .T. ) ;
#1555 = CARTESIAN_POINT ( 'NONE',  ( 5.731315518487698490, 4.751000000000000334, 1.947053608294354365 ) ) ;
#1556 = CARTESIAN_POINT ( 'NONE',  ( 5.931474049120690317, 4.750000000000000000, 1.782107753354527757 ) ) ;
#1557 = VERTEX_POINT ( 'NONE', #10188 ) ;
#1558 = CARTESIAN_POINT ( 'NONE',  ( 5.315956582583631906, 4.751000000000000334, 1.447350896622117356 ) ) ;
#1559 = UNCERTAINTY_MEASURE_WITH_UNIT (LENGTH_MEASURE( 1.000000000000000082E-05 ), #8790, 'distance_accuracy_value', 'NONE');
#1560 = ADVANCED_FACE ( 'NONE', ( #8498 ), #6616, .T. ) ;
#1561 =( NAMED_UNIT ( * ) SI_UNIT ( $, .STERADIAN. ) SOLID_ANGLE_UNIT ( ) );
#1562 = CARTESIAN_POINT ( 'NONE',  ( -17.43999999999999773, 4.163799117100994766E-17, 3.750000000000004885 ) ) ;
#1563 = FILL_AREA_STYLE ('',( #7998 ) ) ;
#1564 = VECTOR ( 'NONE', #5005, 1000.000000000000000 ) ;
#1565 = VERTEX_POINT ( 'NONE', #5592 ) ;
#1566 = CARTESIAN_POINT ( 'NONE',  ( 6.359803927017792624, 4.751000000000000334, 1.625798713492213832 ) ) ;
#1567 = CARTESIAN_POINT ( 'NONE',  ( 5.565717048484234653, 4.751000000000000334, 1.857237533160986942 ) ) ;
#1568 = ORIENTED_EDGE ( 'NONE', *, *, #1768, .F. ) ;
#1569 = CARTESIAN_POINT ( 'NONE',  ( 6.772620466632170988, 4.750000000000000000, 2.133071390992519412 ) ) ;
#1570 = PRESENTATION_STYLE_ASSIGNMENT (( #7276 ) ) ;
#1571 =( GEOMETRIC_REPRESENTATION_CONTEXT ( 3 ) GLOBAL_UNCERTAINTY_ASSIGNED_CONTEXT ( ( #8234 ) ) GLOBAL_UNIT_ASSIGNED_CONTEXT ( ( #3741, #7464, #5692 ) ) REPRESENTATION_CONTEXT ( 'NONE', 'WORKASPACE' ) );
#1572 = ORIENTED_EDGE ( 'NONE', *, *, #2642, .F. ) ;
#1573 = ADVANCED_FACE ( 'NONE', ( #1023 ), #10308, .F. ) ;
#1574 = EDGE_CURVE ( 'NONE', #3774, #4557, #6737, .T. ) ;
#1575 = B_SPLINE_SURFACE_WITH_KNOTS ( 'NONE', 3, 1, ( 
 ( #10932, #9877 ),
 ( #2519, #1583 ),
 ( #9999, #5341 ),
 ( #7828, #9307 ) ),
 .UNSPECIFIED., .F., .F., .F.,
 ( 4, 4 ),
 ( 2, 2 ),
 ( 1.000000000000000000, 2.000000000000000000 ),
 ( 0.0000000000000000000, 1.000000000000000000 ),
 .UNSPECIFIED. ) ;
#1576 = ORIENTED_EDGE ( 'NONE', *, *, #3395, .F. ) ;
#1577 =( NAMED_UNIT ( * ) SI_UNIT ( $, .STERADIAN. ) SOLID_ANGLE_UNIT ( ) );
#1578 = EDGE_CURVE ( 'NONE', #1451, #2523, #11411, .T. ) ;
#1579 = VECTOR ( 'NONE', #4013, 1000.000000000000000 ) ;
#1580 = SURFACE_STYLE_USAGE ( .BOTH. , #9992 ) ;
#1581 = FILL_AREA_STYLE_COLOUR ( '', #7566 ) ;
#1582 = DIRECTION ( 'NONE',  ( 0.9912876782291656363, -0.0000000000000000000, -0.1317146119116258118 ) ) ;
#1583 = CARTESIAN_POINT ( 'NONE',  ( 3.903614538374840848, 4.750000000000000000, 2.023252384388694924 ) ) ;
#1584 = CARTESIAN_POINT ( 'NONE',  ( 11.00000000000000000, -4.750000000000000000, 0.0000000000000000000 ) ) ;
#1585 = PRESENTATION_STYLE_ASSIGNMENT (( #2459 ) ) ;
#1586 = ORIENTED_EDGE ( 'NONE', *, *, #6145, .F. ) ;
#1587 = ORIENTED_EDGE ( 'NONE', *, *, #8023, .T. ) ;
#1588 = CARTESIAN_POINT ( 'NONE',  ( 16.78000000000000114, 0.0000000000000000000, 4.750000000000006217 ) ) ;
#1589 = UNCERTAINTY_MEASURE_WITH_UNIT (LENGTH_MEASURE( 1.000000000000000082E-05 ), #5886, 'distance_accuracy_value', 'NONE');
#1590 = CARTESIAN_POINT ( 'NONE',  ( 4.442387373558622343, 4.751000000000000334, 1.670167672722675078 ) ) ;
#1591 = CARTESIAN_POINT ( 'NONE',  ( 5.401380459378324339, 4.751000000000000334, 1.717780718550358188 ) ) ;
#1592 = CARTESIAN_POINT ( 'NONE',  ( 8.299765060126279792, 4.751000000000000334, 1.399200378655042210 ) ) ;
#1593 = VECTOR ( 'NONE', #2016, 1000.000000000000000 ) ;
#1594 = SURFACE_STYLE_USAGE ( .BOTH. , #2765 ) ;
#1595 = CARTESIAN_POINT ( 'NONE',  ( 8.636102286682207918, 4.751000000000000334, 1.889618746306694463 ) ) ;
#1596 = ORIENTED_EDGE ( 'NONE', *, *, #7776, .T. ) ;
#1597 = EDGE_LOOP ( 'NONE', ( #4370, #271, #6016, #5456 ) ) ;
#1598 = VECTOR ( 'NONE', #10518, 1000.000000000000000 ) ;
#1599 = MECHANICAL_DESIGN_GEOMETRIC_PRESENTATION_REPRESENTATION (  '', ( #1211 ), #3593 ) ;
#1600 = UNCERTAINTY_MEASURE_WITH_UNIT (LENGTH_MEASURE( 1.000000000000000082E-05 ), #1455, 'distance_accuracy_value', 'NONE');
#1601 = CARTESIAN_POINT ( 'NONE',  ( 8.295380826456906220, 4.750000000000000000, 2.527067671165228457 ) ) ;
#1602 = CARTESIAN_POINT ( 'NONE',  ( 5.868602513033557067, 4.750000000000000000, 1.942048538271248015 ) ) ;
#1603 = PRESENTATION_STYLE_ASSIGNMENT (( #2722 ) ) ;
#1604 = VERTEX_POINT ( 'NONE', #2190 ) ;
#1605 = CARTESIAN_POINT ( 'NONE',  ( 8.488661322871575265, 4.750000000000000000, 2.799567691907449696 ) ) ;
#1606 = CARTESIAN_POINT ( 'NONE',  ( -11.00000000000000000, -4.750000000000000000, 0.0000000000000000000 ) ) ;
#1607 =( NAMED_UNIT ( * ) PLANE_ANGLE_UNIT ( ) SI_UNIT ( $, .RADIAN. ) );
#1608 = SURFACE_SIDE_STYLE ('',( #6954 ) ) ;
#1609 = ORIENTED_EDGE ( 'NONE', *, *, #6600, .T. ) ;
#1610 = EDGE_CURVE ( 'NONE', #351, #2090, #4554, .T. ) ;
#1611 = FILL_AREA_STYLE_COLOUR ( '', #7536 ) ;
#1612 =( GEOMETRIC_REPRESENTATION_CONTEXT ( 3 ) GLOBAL_UNCERTAINTY_ASSIGNED_CONTEXT ( ( #9541 ) ) GLOBAL_UNIT_ASSIGNED_CONTEXT ( ( #11275, #7522, #5694 ) ) REPRESENTATION_CONTEXT ( 'NONE', 'WORKASPACE' ) );
#1613 =( NAMED_UNIT ( * ) SI_UNIT ( $, .STERADIAN. ) SOLID_ANGLE_UNIT ( ) );
#1614 = COLOUR_RGB ( '',0.0000000000000000000, 0.0000000000000000000, 0.0000000000000000000 ) ;
#1615 = AXIS2_PLACEMENT_3D ( 'NONE', #4288, #4344, #7041 ) ;
#1616 = SURFACE_SIDE_STYLE ('',( #564 ) ) ;
#1617 = DIRECTION ( 'NONE',  ( -0.0000000000000000000, -1.000000000000000000, -0.0000000000000000000 ) ) ;
#1618 =( LENGTH_UNIT ( ) NAMED_UNIT ( * ) SI_UNIT ( .MILLI., .METRE. ) );
#1619 = CARTESIAN_POINT ( 'NONE',  ( 17.44000000000000128, 4.163799117100994766E-17, -4.999999999999999112 ) ) ;
#1620 = LINE ( 'NONE', #5443, #7832 ) ;
#1621 = COLOUR_RGB ( '',0.0000000000000000000, 0.0000000000000000000, 0.0000000000000000000 ) ;
#1622 = MECHANICAL_DESIGN_GEOMETRIC_PRESENTATION_REPRESENTATION (  '', ( #3003 ), #11041 ) ;
#1623 = PRESENTATION_LAYER_ASSIGNMENT (  '', '', ( #11820 ) ) ;
#1624 = EDGE_LOOP ( 'NONE', ( #10486, #8356, #9356, #5457 ) ) ;
#1625 = UNCERTAINTY_MEASURE_WITH_UNIT (LENGTH_MEASURE( 1.000000000000000082E-05 ), #6899, 'distance_accuracy_value', 'NONE');
#1626 = CARTESIAN_POINT ( 'NONE',  ( 7.504825414979132248, 4.750000000000000000, 1.856289749603854622 ) ) ;
#1627 = CARTESIAN_POINT ( 'NONE',  ( 4.292618922247162239, 4.751000000000000334, 2.097236550874577166 ) ) ;
#1628 = FILL_AREA_STYLE ('',( #8184 ) ) ;
#1629 = ORIENTED_EDGE ( 'NONE', *, *, #1768, .T. ) ;
#1630 = EDGE_CURVE ( 'NONE', #1181, #403, #7646, .T. ) ;
#1631 = DIRECTION ( 'NONE',  ( -0.0000000000000000000, -1.000000000000000000, -0.0000000000000000000 ) ) ;
#1632 = VECTOR ( 'NONE', #3212, 1000.000000000000000 ) ;
#1633 = AXIS2_PLACEMENT_3D ( 'NONE', #11807, #9843, #5117 ) ;
#1634 = SURFACE_SIDE_STYLE ('',( #8305 ) ) ;
#1635 = VERTEX_POINT ( 'NONE', #6793 ) ;
#1636 = ORIENTED_EDGE ( 'NONE', *, *, #3366, .T. ) ;
#1637 = SURFACE_STYLE_USAGE ( .BOTH. , #1883 ) ;
#1638 =( NAMED_UNIT ( * ) SI_UNIT ( $, .STERADIAN. ) SOLID_ANGLE_UNIT ( ) );
#1640 = PRESENTATION_LAYER_ASSIGNMENT (  '', '', ( #2635 ) ) ;
#1639 = DIRECTION ( 'NONE',  ( 0.9999748501857348426, -0.0000000000000000000, 0.007092178509963330442 ) ) ;
#1641 = B_SPLINE_CURVE_WITH_KNOTS ( 'NONE', 3,
 ( #5096, #10755, #8820, #10252 ),
 .UNSPECIFIED., .F., .F.,
 ( 4, 4 ),
 ( 3.000000000000000000, 4.000000000000000000 ),
 .UNSPECIFIED. ) ;
#1642 = VECTOR ( 'NONE', #2735, 1000.000000000000227 ) ;
#1643 = B_SPLINE_CURVE_WITH_KNOTS ( 'NONE', 3,
 ( #2756, #9181, #12134, #6613 ),
 .UNSPECIFIED., .F., .F.,
 ( 4, 4 ),
 ( 6.000000000000000000, 7.000000000000000000 ),
 .UNSPECIFIED. ) ;
#1644 = PRESENTATION_STYLE_ASSIGNMENT (( #1471 ) ) ;
#1645 =( LENGTH_UNIT ( ) NAMED_UNIT ( * ) SI_UNIT ( .MILLI., .METRE. ) );
#1646 = EDGE_CURVE ( 'NONE', #11756, #7605, #213, .T. ) ;
#1647 = CARTESIAN_POINT ( 'NONE',  ( 3.919000357439532678, 4.750000000000000000, 2.016342963659302434 ) ) ;
#1648 = ADVANCED_FACE ( 'NONE', ( #11471 ), #10677, .F. ) ;
#1649 = CARTESIAN_POINT ( 'NONE',  ( 5.973406235107098006, 4.751000000000000334, 1.624098027228533692 ) ) ;
#1650 = FILL_AREA_STYLE_COLOUR ( '', #1380 ) ;
#1651 = COLOUR_RGB ( '',0.0000000000000000000, 0.0000000000000000000, 0.0000000000000000000 ) ;
#1652 = EDGE_LOOP ( 'NONE', ( #5706, #2361, #1675, #2356 ) ) ;
#1653 = ORIENTED_EDGE ( 'NONE', *, *, #11530, .T. ) ;
#1654 = PRESENTATION_LAYER_ASSIGNMENT (  '', '', ( #7524 ) ) ;
#1655 = FILL_AREA_STYLE_COLOUR ( '', #4940 ) ;
#1656 = SURFACE_STYLE_FILL_AREA ( #6323 ) ;
#1657 =( NAMED_UNIT ( * ) PLANE_ANGLE_UNIT ( ) SI_UNIT ( $, .RADIAN. ) );
#1658 = FACE_OUTER_BOUND ( 'NONE', #9945, .T. ) ;
#1659 = MECHANICAL_DESIGN_GEOMETRIC_PRESENTATION_REPRESENTATION (  '', ( #12051 ), #7915 ) ;
#1660 = DIRECTION ( 'NONE',  ( 0.5773502691896257311, -0.5773502691896257311, 0.5773502691896257311 ) ) ;
#1661 = CARTESIAN_POINT ( 'NONE',  ( 5.909564986855239788, 4.750000000000000000, 1.994068316072286295 ) ) ;
#1662 = DIRECTION ( 'NONE',  ( -0.007092178509963667846, -0.0000000000000000000, 0.9999748501857348426 ) ) ;
#1663 = EDGE_CURVE ( 'NONE', #6190, #8110, #10419, .T. ) ;
#1664 = CARTESIAN_POINT ( 'NONE',  ( 6.772620466632170988, 4.751000000000000334, 2.133071390992519412 ) ) ;
#1665 = CARTESIAN_POINT ( 'NONE',  ( 6.024710714677333101, 4.750000000000000000, 1.720641923077660840 ) ) ;
#1666 = ADVANCED_FACE ( 'NONE', ( #6672 ), #8418, .T. ) ;
#1667 = B_SPLINE_CURVE_WITH_KNOTS ( 'NONE', 3,
 ( #12065, #6363, #5575, #11892 ),
 .UNSPECIFIED., .F., .F.,
 ( 4, 4 ),
 ( 10.00000000000000000, 11.00000000000000000 ),
 .UNSPECIFIED. ) ;
#1668 = PLANE ( 'NONE',  #3181 ) ;
#1669 = PRESENTATION_LAYER_ASSIGNMENT (  '', '', ( #869 ) ) ;
#1670 = ORIENTED_EDGE ( 'NONE', *, *, #2220, .F. ) ;
#1671 = MECHANICAL_DESIGN_GEOMETRIC_PRESENTATION_REPRESENTATION (  '', ( #1283 ), #6380 ) ;
#1672 = EDGE_CURVE ( 'NONE', #9859, #11681, #10740, .T. ) ;
#1673 = FACE_OUTER_BOUND ( 'NONE', #2157, .T. ) ;
#1674 = DIRECTION ( 'NONE',  ( 0.0000000000000000000, 1.000000000000000000, 0.0000000000000000000 ) ) ;
#1675 = ORIENTED_EDGE ( 'NONE', *, *, #7354, .F. ) ;
#1676 =( NAMED_UNIT ( * ) PLANE_ANGLE_UNIT ( ) SI_UNIT ( $, .RADIAN. ) );
#1677 = CARTESIAN_POINT ( 'NONE',  ( 7.287573726526743734, 4.751000000000000334, 2.415083043992236167 ) ) ;
#1678 = DIRECTION ( 'NONE',  ( -0.0000000000000000000, -1.000000000000000000, -0.0000000000000000000 ) ) ;
#1679 = DIRECTION ( 'NONE',  ( -0.0000000000000000000, -1.000000000000000000, -0.0000000000000000000 ) ) ;
#1680 = LINE ( 'NONE', #1276, #88 ) ;
#1681 = ORIENTED_EDGE ( 'NONE', *, *, #679, .T. ) ;
#1682 = CARTESIAN_POINT ( 'NONE',  ( 7.452191677006363868, 4.750000000000000000, 1.631782914312548627 ) ) ;
#1683 = B_SPLINE_SURFACE_WITH_KNOTS ( 'NONE', 3, 1, ( 
 ( #7235, #8329 ),
 ( #3756, #5657 ),
 ( #7585, #12137 ),
 ( #4671, #6493 ) ),
 .UNSPECIFIED., .F., .F., .F.,
 ( 4, 4 ),
 ( 2, 2 ),
 ( 10.00000000000000000, 11.00000000000000000 ),
 ( 0.0000000000000000000, 1.000000000000000000 ),
 .UNSPECIFIED. ) ;
#1684 = VECTOR ( 'NONE', #7665, 1000.000000000000114 ) ;
#1685 = SURFACE_STYLE_FILL_AREA ( #7930 ) ;
#1686 = PRESENTATION_STYLE_ASSIGNMENT (( #11071 ) ) ;
#1687 = UNCERTAINTY_MEASURE_WITH_UNIT (LENGTH_MEASURE( 1.000000000000000082E-05 ), #6344, 'distance_accuracy_value', 'NONE');
#1688 = CARTESIAN_POINT ( 'NONE',  ( 5.401210853957079117, 4.750000000000000000, 1.741694549182599250 ) ) ;
#1689 = AXIS2_PLACEMENT_3D ( 'NONE', #6393, #10999, #10082 ) ;
#1690 = CARTESIAN_POINT ( 'NONE',  ( 5.954113105697486752, 4.751000000000000334, 1.760432852223317468 ) ) ;
#1691 = STYLED_ITEM ( 'NONE', ( #4369 ), #10031 ) ;
#1692 = CARTESIAN_POINT ( 'NONE',  ( 5.910887727688271198, 4.750000000000000000, 1.789240236281552043 ) ) ;
#1693 = ORIENTED_EDGE ( 'NONE', *, *, #1951, .F. ) ;
#1694 = DIRECTION ( 'NONE',  ( -0.9999748501857348426, 0.0000000000000000000, -0.007092178509963984433 ) ) ;
#1695 = CARTESIAN_POINT ( 'NONE',  ( 5.295142505985755754, 4.751000000000000334, 1.981392340027532395 ) ) ;
#1696 = CARTESIAN_POINT ( 'NONE',  ( 5.467030124781331324, 4.751000000000000334, 1.679254426904941644 ) ) ;
#1697 = ORIENTED_EDGE ( 'NONE', *, *, #6462, .T. ) ;
#1698 =( GEOMETRIC_REPRESENTATION_CONTEXT ( 3 ) GLOBAL_UNCERTAINTY_ASSIGNED_CONTEXT ( ( #622 ) ) GLOBAL_UNIT_ASSIGNED_CONTEXT ( ( #5829, #1207, #7473 ) ) REPRESENTATION_CONTEXT ( 'NONE', 'WORKASPACE' ) );
#1699 = LINE ( 'NONE', #5454, #10526 ) ;
#1700 = VECTOR ( 'NONE', #466, 1000.000000000000000 ) ;
#1701 = ORIENTED_EDGE ( 'NONE', *, *, #9140, .F. ) ;
#1702 = B_SPLINE_CURVE_WITH_KNOTS ( 'NONE', 3,
 ( #1217, #6986, #2330, #5894 ),
 .UNSPECIFIED., .F., .F.,
 ( 4, 4 ),
 ( 4.000000000000000000, 5.000000000000000000 ),
 .UNSPECIFIED. ) ;
#1703 = ORIENTED_EDGE ( 'NONE', *, *, #965, .T. ) ;
#1704 = CARTESIAN_POINT ( 'NONE',  ( 5.956282792318048358, 4.751000000000000334, 2.444106264266553197 ) ) ;
#1705 = EDGE_CURVE ( 'NONE', #9789, #11650, #9049, .T. ) ;
#1706 = FILL_AREA_STYLE_COLOUR ( '', #3154 ) ;
#1707 = FILL_AREA_STYLE_COLOUR ( '', #7384 ) ;
#1708 = COLOUR_RGB ( '',0.7921568627450980005, 0.8196078431372548767, 0.9333333333333333481 ) ;
#1709 = CARTESIAN_POINT ( 'NONE',  ( 5.798600401375948898, 4.751000000000000334, 1.677966797405070931 ) ) ;
#1710 = AXIS2_PLACEMENT_3D ( 'NONE', #6795, #8806, #2080 ) ;
#1711 = CARTESIAN_POINT ( 'NONE',  ( 8.036263367435045879, 4.751000000000000334, 2.872275373680138966 ) ) ;
#1712 = SURFACE_STYLE_FILL_AREA ( #6199 ) ;
#1713 = DIRECTION ( 'NONE',  ( 0.0000000000000000000, -0.0000000000000000000, -1.000000000000000000 ) ) ;
#1714 = VECTOR ( 'NONE', #5585, 1000.000000000000000 ) ;
#1715 = CARTESIAN_POINT ( 'NONE',  ( 7.428938690520136667, 4.751000000000000334, 1.852136530189176788 ) ) ;
#1716 = ORIENTED_EDGE ( 'NONE', *, *, #8596, .T. ) ;
#1717 = ORIENTED_EDGE ( 'NONE', *, *, #1574, .F. ) ;
#1718 = VECTOR ( 'NONE', #4400, 1000.000000000000227 ) ;
#1719 = CARTESIAN_POINT ( 'NONE',  ( 8.294611753513905228, 4.751000000000000334, 2.125790671099390572 ) ) ;
#1720 = ADVANCED_FACE ( 'NONE', ( #7042 ), #10924, .F. ) ;
#1721 = UNCERTAINTY_MEASURE_WITH_UNIT (LENGTH_MEASURE( 1.000000000000000082E-05 ), #10379, 'distance_accuracy_value', 'NONE');
#1722 = STYLED_ITEM ( 'NONE', ( #9101 ), #11863 ) ;
#1723 = FILL_AREA_STYLE ('',( #10138 ) ) ;
#1724 = LINE ( 'NONE', #6264, #5373 ) ;
#1725 = LINE ( 'NONE', #4549, #3914 ) ;
#1726 =( NAMED_UNIT ( * ) PLANE_ANGLE_UNIT ( ) SI_UNIT ( $, .RADIAN. ) );
#1727 = SURFACE_STYLE_FILL_AREA ( #6332 ) ;
#1728 = CARTESIAN_POINT ( 'NONE',  ( 7.427477186061907766, 4.750000000000000000, 2.058184615345579171 ) ) ;
#1729 = EDGE_CURVE ( 'NONE', #9529, #2118, #11768, .T. ) ;
#1730 = ORIENTED_EDGE ( 'NONE', *, *, #7856, .T. ) ;
#1731 = EDGE_CURVE ( 'NONE', #8188, #9933, #2514, .T. ) ;
#1732 = SURFACE_STYLE_USAGE ( .BOTH. , #2719 ) ;
#1733 = UNCERTAINTY_MEASURE_WITH_UNIT (LENGTH_MEASURE( 1.000000000000000082E-05 ), #12003, 'distance_accuracy_value', 'NONE');
#1734 = ORIENTED_EDGE ( 'NONE', *, *, #7900, .F. ) ;
#1735 = ADVANCED_FACE ( 'NONE', ( #6193 ), #11963, .F. ) ;
#1736 = FILL_AREA_STYLE_COLOUR ( '', #9635 ) ;
#1737 = SURFACE_STYLE_FILL_AREA ( #10156 ) ;
#1738 = SURFACE_STYLE_USAGE ( .BOTH. , #11986 ) ;
#1739 = PLANE ( 'NONE',  #6001 ) ;
#1740 = ORIENTED_EDGE ( 'NONE', *, *, #9589, .F. ) ;
#1741 = PRESENTATION_STYLE_ASSIGNMENT (( #6461 ) ) ;
#1742 = DIRECTION ( 'NONE',  ( 0.3427414958247883003, 0.0000000000000000000, 0.9394297563095318493 ) ) ;
#1743 = CARTESIAN_POINT ( 'NONE',  ( 4.244484384566872492, 4.751000000000000334, 1.682021320945930931 ) ) ;
#1744 = DIRECTION ( 'NONE',  ( -0.0000000000000000000, -1.000000000000000000, -0.0000000000000000000 ) ) ;
#1745 = CARTESIAN_POINT ( 'NONE',  ( 5.881095909275361855, 4.751000000000000334, 1.793188078342175196 ) ) ;
#1746 = ORIENTED_EDGE ( 'NONE', *, *, #7035, .T. ) ;
#1747 = UNCERTAINTY_MEASURE_WITH_UNIT (LENGTH_MEASURE( 1.000000000000000082E-05 ), #9950, 'distance_accuracy_value', 'NONE');
#1748 = DIRECTION ( 'NONE',  ( -0.9999748501857348426, -0.0000000000000000000, -0.007092178509963749378 ) ) ;
#1749 = UNCERTAINTY_MEASURE_WITH_UNIT (LENGTH_MEASURE( 1.000000000000000082E-05 ), #9904, 'distance_accuracy_value', 'NONE');
#1750 = COLOUR_RGB ( '',0.0000000000000000000, 0.0000000000000000000, 0.0000000000000000000 ) ;
#1751 = SURFACE_STYLE_USAGE ( .BOTH. , #5 ) ;
#1752 = VERTEX_POINT ( 'NONE', #10394 ) ;
#1753 = CARTESIAN_POINT ( 'NONE',  ( 5.647237400633260407, 4.750000000000000000, 1.633482292201687835 ) ) ;
#1754 = FILL_AREA_STYLE_COLOUR ( '', #5832 ) ;
#1755 = CARTESIAN_POINT ( 'NONE',  ( 4.921845531079022784, 4.751000000000000334, 2.533209638221726845 ) ) ;
#1756 = VERTEX_POINT ( 'NONE', #5624 ) ;
#1757 = AXIS2_PLACEMENT_3D ( 'NONE', #6859, #3824, #9623 ) ;
#1758 = ORIENTED_EDGE ( 'NONE', *, *, #9909, .F. ) ;
#1759 = FACE_OUTER_BOUND ( 'NONE', #411, .T. ) ;
#1760 = B_SPLINE_CURVE_WITH_KNOTS ( 'NONE', 3,
 ( #10578, #4017, #2422, #9902 ),
 .UNSPECIFIED., .F., .F.,
 ( 4, 4 ),
 ( 12.00000000000000000, 13.00000000000000000 ),
 .UNSPECIFIED. ) ;
#1761 = CARTESIAN_POINT ( 'NONE',  ( 5.941925765637444457, 4.751000000000000334, 1.682882502287691651 ) ) ;
#1762 = LINE ( 'NONE', #9169, #2195 ) ;
#1763 = SURFACE_STYLE_FILL_AREA ( #12018 ) ;
#1764 = CARTESIAN_POINT ( 'NONE',  ( 8.641435026956958865, 4.750000000000000000, 1.647447597840791644 ) ) ;
#1765 = DIRECTION ( 'NONE',  ( -0.0000000000000000000, -1.000000000000000000, -0.0000000000000000000 ) ) ;
#1766 = COLOUR_RGB ( '',0.0000000000000000000, 0.0000000000000000000, 0.0000000000000000000 ) ;
#1767 = DIRECTION ( 'NONE',  ( -0.0000000000000000000, -1.000000000000000000, -0.0000000000000000000 ) ) ;
#1768 = EDGE_CURVE ( 'NONE', #1807, #9859, #4875, .T. ) ;
#1769 = CARTESIAN_POINT ( 'NONE',  ( 4.253281500352056987, 4.750000000000000000, 1.981021632403855648 ) ) ;
#1770 = B_SPLINE_CURVE_WITH_KNOTS ( 'NONE', 3,
 ( #2828, #12035, #5419, #9132 ),
 .UNSPECIFIED., .F., .F.,
 ( 4, 4 ),
 ( 15.00000000000000000, 16.00000000000000000 ),
 .UNSPECIFIED. ) ;
#1771 = ORIENTED_EDGE ( 'NONE', *, *, #8090, .F. ) ;
#1772 = CARTESIAN_POINT ( 'NONE',  ( 7.305648111579486681, 4.750000000000000000, 2.415211233981442440 ) ) ;
#1773 = AXIS2_PLACEMENT_3D ( 'NONE', #1268, #8909, #514 ) ;
#1774 =( GEOMETRIC_REPRESENTATION_CONTEXT ( 3 ) GLOBAL_UNCERTAINTY_ASSIGNED_CONTEXT ( ( #11667 ) ) GLOBAL_UNIT_ASSIGNED_CONTEXT ( ( #12120, #7277, #5328 ) ) REPRESENTATION_CONTEXT ( 'NONE', 'WORKASPACE' ) );
#1775 = CARTESIAN_POINT ( 'NONE',  ( 5.442876645918871326, 4.751000000000000334, 1.639571327278545931 ) ) ;
#1776 = B_SPLINE_SURFACE_WITH_KNOTS ( 'NONE', 3, 1, ( 
 ( #7282, #10535 ),
 ( #11204, #1009 ),
 ( #11272, #9546 ),
 ( #945, #8422 ) ),
 .UNSPECIFIED., .F., .F., .F.,
 ( 4, 4 ),
 ( 2, 2 ),
 ( 1.000000000000000000, 2.000000000000000000 ),
 ( 0.0000000000000000000, 1.000000000000000000 ),
 .UNSPECIFIED. ) ;
#1777 = CARTESIAN_POINT ( 'NONE',  ( 5.415449108830877378, 4.751000000000000334, 1.658352860616929991 ) ) ;
#1778 = CARTESIAN_POINT ( 'NONE',  ( 5.903391143265678487, 4.750000000000000000, 1.838316864983614130 ) ) ;
#1779 = VECTOR ( 'NONE', #677, 1000.000000000000000 ) ;
#1780 = DIRECTION ( 'NONE',  ( -0.9999748501857348426, -0.0000000000000000000, -0.007092178509963964483 ) ) ;
#1781 = ADVANCED_FACE ( 'NONE', ( #11323 ), #7560, .F. ) ;
#1782 = SURFACE_STYLE_USAGE ( .BOTH. , #910 ) ;
#1783 = AXIS2_PLACEMENT_3D ( 'NONE', #1049, #8576, #172 ) ;
#1784 = ORIENTED_EDGE ( 'NONE', *, *, #9363, .F. ) ;
#1785 = DIRECTION ( 'NONE',  ( -0.0000000000000000000, -1.195372373669727292E-16, -1.000000000000000000 ) ) ;
#1786 = CARTESIAN_POINT ( 'NONE',  ( 8.417902061060656749, 4.751000000000000334, 2.582162518155731945 ) ) ;
#1787 = PRESENTATION_LAYER_ASSIGNMENT (  '', '', ( #6870 ) ) ;
#1788 =( NAMED_UNIT ( * ) SI_UNIT ( $, .STERADIAN. ) SOLID_ANGLE_UNIT ( ) );
#1789 = STYLED_ITEM ( 'NONE', ( #6062 ), #5327 ) ;
#1790 = VERTEX_POINT ( 'NONE', #8526 ) ;
#1791 = SURFACE_STYLE_USAGE ( .BOTH. , #9085 ) ;
#1792 = CARTESIAN_POINT ( 'NONE',  ( 5.603698580691133913, 4.750000000000000000, 1.963044994509220320 ) ) ;
#1793 = B_SPLINE_CURVE_WITH_KNOTS ( 'NONE', 3,
 ( #6981, #461, #4227, #7954 ),
 .UNSPECIFIED., .F., .F.,
 ( 4, 4 ),
 ( 11.00000000000000000, 12.00000000000000000 ),
 .UNSPECIFIED. ) ;
#1794 = SURFACE_STYLE_FILL_AREA ( #9149 ) ;
#1795 = PRESENTATION_STYLE_ASSIGNMENT (( #6515 ) ) ;
#1796 = EDGE_LOOP ( 'NONE', ( #1506, #11020, #10070, #5846 ) ) ;
#1797 = ADVANCED_FACE ( 'NONE', ( #9588 ), #10280, .F. ) ;
#1798 = EDGE_CURVE ( 'NONE', #11929, #4711, #9509, .T. ) ;
#1799 = CARTESIAN_POINT ( 'NONE',  ( 4.677886618691644571, 4.751000000000000334, 1.671837917414463970 ) ) ;
#1800 = EDGE_CURVE ( 'NONE', #1557, #11200, #11684, .T. ) ;
#1801 = MECHANICAL_DESIGN_GEOMETRIC_PRESENTATION_REPRESENTATION (  '', ( #11990 ), #5333 ) ;
#1802 = PRESENTATION_LAYER_ASSIGNMENT (  '', '', ( #7090 ) ) ;
#1803 =( NAMED_UNIT ( * ) SI_UNIT ( $, .STERADIAN. ) SOLID_ANGLE_UNIT ( ) );
#1804 = FACE_OUTER_BOUND ( 'NONE', #10851, .T. ) ;
#1805 = FILL_AREA_STYLE_COLOUR ( '', #7260 ) ;
#1806 = SURFACE_SIDE_STYLE ('',( #11186 ) ) ;
#1807 = VERTEX_POINT ( 'NONE', #3106 ) ;
#1808 = CARTESIAN_POINT ( 'NONE',  ( 5.954195151803697961, 4.751000000000000334, 1.693887253854797326 ) ) ;
#1809 = SURFACE_STYLE_FILL_AREA ( #6253 ) ;
#1810 = CARTESIAN_POINT ( 'NONE',  ( 5.356989116620489710, 4.751000000000000334, 1.452840834331738273 ) ) ;
#1811 = MECHANICAL_DESIGN_GEOMETRIC_PRESENTATION_REPRESENTATION (  '', ( #2984 ), #1612 ) ;
#1812 = MECHANICAL_DESIGN_GEOMETRIC_PRESENTATION_REPRESENTATION (  '', ( #7491 ), #1221 ) ;
#1813 = AXIS2_PLACEMENT_3D ( 'NONE', #886, #10121, #6540 ) ;
#1814 = CARTESIAN_POINT ( 'NONE',  ( 5.941925765637444457, 4.750000000000000000, 1.682882502287691651 ) ) ;
#1815 = VERTEX_POINT ( 'NONE', #249 ) ;
#1816 = FILL_AREA_STYLE_COLOUR ( '', #4087 ) ;
#1817 = FACE_OUTER_BOUND ( 'NONE', #8367, .T. ) ;
#1818 = DIRECTION ( 'NONE',  ( 0.9999748501857348426, 0.0000000000000000000, 0.007092178509964536075 ) ) ;
#1819 = ORIENTED_EDGE ( 'NONE', *, *, #4811, .T. ) ;
#1820 = UNCERTAINTY_MEASURE_WITH_UNIT (LENGTH_MEASURE( 1.000000000000000082E-05 ), #4624, 'distance_accuracy_value', 'NONE');
#1821 = COLOUR_RGB ( '',0.0000000000000000000, 0.0000000000000000000, 0.0000000000000000000 ) ;
#1822 = COLOUR_RGB ( '',0.8823529411764705621, 0.8823529411764705621, 0.8823529411764705621 ) ;
#1823 = VERTEX_POINT ( 'NONE', #10710 ) ;
#1824 = CARTESIAN_POINT ( 'NONE',  ( 5.639373934904177155, 4.750000000000000000, 1.844242741217313464 ) ) ;
#1825 = FACE_OUTER_BOUND ( 'NONE', #4681, .T. ) ;
#1826 =( NAMED_UNIT ( * ) SI_UNIT ( $, .STERADIAN. ) SOLID_ANGLE_UNIT ( ) );
#1827 = VERTEX_POINT ( 'NONE', #8837 ) ;
#1828 =( NAMED_UNIT ( * ) SI_UNIT ( $, .STERADIAN. ) SOLID_ANGLE_UNIT ( ) );
#1829 =( GEOMETRIC_REPRESENTATION_CONTEXT ( 3 ) GLOBAL_UNCERTAINTY_ASSIGNED_CONTEXT ( ( #1067 ) ) GLOBAL_UNIT_ASSIGNED_CONTEXT ( ( #3349, #6222, #10766 ) ) REPRESENTATION_CONTEXT ( 'NONE', 'WORKASPACE' ) );
#1831 = FILL_AREA_STYLE_COLOUR ( '', #1288 ) ;
#1830 = AXIS2_PLACEMENT_3D ( 'NONE', #2467, #481, #8945 ) ;
#1832 = DIRECTION ( 'NONE',  ( -0.007092178509963324370, 0.0000000000000000000, 0.9999748501857348426 ) ) ;
#1833 =( NAMED_UNIT ( * ) PLANE_ANGLE_UNIT ( ) SI_UNIT ( $, .RADIAN. ) );
#1834 = FACE_OUTER_BOUND ( 'NONE', #3551, .T. ) ;
#1835 = ORIENTED_EDGE ( 'NONE', *, *, #6241, .F. ) ;
#1836 = CARTESIAN_POINT ( 'NONE',  ( 4.921845531079022784, 4.751000000000000334, 2.533209638221726845 ) ) ;
#1837 = VECTOR ( 'NONE', #11052, 1000.000000000000000 ) ;
#1838 = PRESENTATION_LAYER_ASSIGNMENT (  '', '', ( #5574 ) ) ;
#1839 = CARTESIAN_POINT ( 'NONE',  ( 6.293759750458745472, 4.750000000000000000, 1.683298266340057525 ) ) ;
#1840 = PLANE ( 'NONE',  #4363 ) ;
#1841 = CARTESIAN_POINT ( 'NONE',  ( 4.698570525758425376, 4.751000000000000334, 2.420629143083527168 ) ) ;
#1842 = PRESENTATION_STYLE_ASSIGNMENT (( #7425 ) ) ;
#1843 = PLANE ( 'NONE',  #9715 ) ;
#1844 = FILL_AREA_STYLE ('',( #736 ) ) ;
#1845 = MECHANICAL_DESIGN_GEOMETRIC_PRESENTATION_REPRESENTATION (  '', ( #9082 ), #6361 ) ;
#1846 = ORIENTED_EDGE ( 'NONE', *, *, #10903, .F. ) ;
#1847 = CARTESIAN_POINT ( 'NONE',  ( 5.999493410425640327, 4.751000000000000334, 2.490683120358338609 ) ) ;
#1848 = MECHANICAL_DESIGN_GEOMETRIC_PRESENTATION_REPRESENTATION (  '', ( #4410 ), #4607 ) ;
#1849 = UNCERTAINTY_MEASURE_WITH_UNIT (LENGTH_MEASURE( 1.000000000000000082E-05 ), #2358, 'distance_accuracy_value', 'NONE');
#1850 = CARTESIAN_POINT ( 'NONE',  ( 5.549370781357334081, 4.751000000000000334, 1.779657686630379709 ) ) ;
#1851 = EDGE_CURVE ( 'NONE', #8938, #6144, #7740, .T. ) ;
#1852 = CARTESIAN_POINT ( 'NONE',  ( 5.463631619092542024, 4.751000000000000334, 1.810243115892779642 ) ) ;
#1853 = PRESENTATION_LAYER_ASSIGNMENT (  '', '', ( #9897 ) ) ;
#1854 = CARTESIAN_POINT ( 'NONE',  ( -17.78000000000000114, 0.0000000000000000000, -5.000000000000000000 ) ) ;
#1855 = ORIENTED_EDGE ( 'NONE', *, *, #496, .F. ) ;
#1856 = CARTESIAN_POINT ( 'NONE',  ( 8.434463805562756988, 4.750000000000000000, 2.795568265614454706 ) ) ;
#1857 = CARTESIAN_POINT ( 'NONE',  ( 7.121289439193951409, 4.751000000000000334, 2.413903696482698535 ) ) ;
#1858 = DIRECTION ( 'NONE',  ( -0.0000000000000000000, -1.000000000000000000, -0.0000000000000000000 ) ) ;
#1859 = EDGE_CURVE ( 'NONE', #9707, #10723, #1760, .T. ) ;
#1860 =( NAMED_UNIT ( * ) PLANE_ANGLE_UNIT ( ) SI_UNIT ( $, .RADIAN. ) );
#1861 = ORIENTED_EDGE ( 'NONE', *, *, #5713, .F. ) ;
#1862 = CARTESIAN_POINT ( 'NONE',  ( 7.556638595505687839, 4.750000000000000000, 1.686749571802851566 ) ) ;
#1863 = VECTOR ( 'NONE', #4957, 1000.000000000000000 ) ;
#1864 = LINE ( 'NONE', #7672, #2959 ) ;
#1865 = SURFACE_STYLE_FILL_AREA ( #10037 ) ;
#1866 = ADVANCED_FACE ( 'NONE', ( #2158 ), #4529, .F. ) ;
#1867 = FACE_OUTER_BOUND ( 'NONE', #6243, .T. ) ;
#1868 = EDGE_CURVE ( 'NONE', #11825, #5266, #8916, .T. ) ;
#1869 = EDGE_LOOP ( 'NONE', ( #9780, #4734, #9743, #7570 ) ) ;
#1870 = CARTESIAN_POINT ( 'NONE',  ( 5.630999838382803269, 4.751000000000000334, 1.943742673523004783 ) ) ;
#1871 = B_SPLINE_CURVE_WITH_KNOTS ( 'NONE', 3,
 ( #1260, #5931, #8651, #3902 ),
 .UNSPECIFIED., .F., .F.,
 ( 4, 4 ),
 ( 3.000000000000000000, 4.000000000000000000 ),
 .UNSPECIFIED. ) ;
#1872 = FILL_AREA_STYLE_COLOUR ( '', #3192 ) ;
#1873 = LINE ( 'NONE', #11325, #11647 ) ;
#1874 = CARTESIAN_POINT ( 'NONE',  ( 5.627399508885816637, 4.751000000000000334, 1.828301107298216266 ) ) ;
#1875 = ORIENTED_EDGE ( 'NONE', *, *, #8690, .F. ) ;
#1876 = SURFACE_STYLE_FILL_AREA ( #4645 ) ;
#1877 = CARTESIAN_POINT ( 'NONE',  ( 5.147193573663065180, 4.750000000000000000, 2.481778899562427476 ) ) ;
#1878 = DIRECTION ( 'NONE',  ( -0.0000000000000000000, -1.000000000000000000, -0.0000000000000000000 ) ) ;
#1879 = EDGE_LOOP ( 'NONE', ( #5930, #2584, #1835, #3224 ) ) ;
#1880 = VECTOR ( 'NONE', #4038, 1000.000000000000000 ) ;
#1881 = EDGE_LOOP ( 'NONE', ( #3241, #8623, #3184, #4898 ) ) ;
#1882 = EDGE_CURVE ( 'NONE', #4947, #1148, #2226, .T. ) ;
#1883 = SURFACE_SIDE_STYLE ('',( #7403 ) ) ;
#1884 = DIRECTION ( 'NONE',  ( -0.9999748501857348426, 0.0000000000000000000, -0.007092178509961379745 ) ) ;
#1885 = ADVANCED_FACE ( 'NONE', ( #2296 ), #3591, .T. ) ;
#1886 = SURFACE_SIDE_STYLE ('',( #3684 ) ) ;
#1887 = DIRECTION ( 'NONE',  ( 0.0000000000000000000, -1.000000000000000000, 0.0000000000000000000 ) ) ;
#1888 = ADVANCED_FACE ( 'NONE', ( #6054 ), #8043, .F. ) ;
#1889 = MECHANICAL_DESIGN_GEOMETRIC_PRESENTATION_REPRESENTATION (  '', ( #3270 ), #10916 ) ;
#1890 = SURFACE_SIDE_STYLE ('',( #1945 ) ) ;
#1891 = CARTESIAN_POINT ( 'NONE',  ( 4.433603965366805788, 4.750000000000000000, 2.120591824551476101 ) ) ;
#1892 = EDGE_LOOP ( 'NONE', ( #6835, #976, #3639, #3739 ) ) ;
#1893 = FILL_AREA_STYLE_COLOUR ( '', #5808 ) ;
#1894 = DIRECTION ( 'NONE',  ( -0.0000000000000000000, -1.000000000000000000, -0.0000000000000000000 ) ) ;
#1895 = SURFACE_STYLE_FILL_AREA ( #8605 ) ;
#1896 = EDGE_CURVE ( 'NONE', #1381, #11804, #286, .T. ) ;
#1897 = CARTESIAN_POINT ( 'NONE',  ( 7.548254970993747648, 4.751000000000000334, 2.868814243971447020 ) ) ;
#1898 = ORIENTED_EDGE ( 'NONE', *, *, #2162, .T. ) ;
#1899 = STYLED_ITEM ( 'NONE', ( #5884 ), #3976 ) ;
#1900 = FILL_AREA_STYLE_COLOUR ( '', #4759 ) ;
#1901 = MECHANICAL_DESIGN_GEOMETRIC_PRESENTATION_REPRESENTATION (  '', ( #11692 ), #1308 ) ;
#1902 = CARTESIAN_POINT ( 'NONE',  ( 4.456868807089730211, 4.751000000000000334, 2.615434096842193412 ) ) ;
#1903 = CARTESIAN_POINT ( 'NONE',  ( 8.753291089815085968, 4.751000000000000334, 1.677161364133628707 ) ) ;
#1904 = CARTESIAN_POINT ( 'NONE',  ( 5.951363496090055882, 4.751000000000000334, 1.983187087298805329 ) ) ;
#1905 =( LENGTH_UNIT ( ) NAMED_UNIT ( * ) SI_UNIT ( .MILLI., .METRE. ) );
#1906 = CARTESIAN_POINT ( 'NONE',  ( 8.595467138837317833, 4.751000000000000334, 1.502519223391100001 ) ) ;
#1907 = CARTESIAN_POINT ( 'NONE',  ( 5.960080507932782545, 4.751000000000000334, 1.725382462917125492 ) ) ;
#1908 = CARTESIAN_POINT ( 'NONE',  ( 5.559768075817047794, 4.751000000000000334, 1.926340981356293725 ) ) ;
#1909 = SURFACE_STYLE_FILL_AREA ( #8563 ) ;
#1910 = COLOUR_RGB ( '',0.0000000000000000000, 0.0000000000000000000, 0.0000000000000000000 ) ;
#1911 = VERTEX_POINT ( 'NONE', #1606 ) ;
#1912 = CARTESIAN_POINT ( 'NONE',  ( 5.417415157114687574, 4.750000000000000000, 1.912594008837416704 ) ) ;
#1913 = CARTESIAN_POINT ( 'NONE',  ( 5.466698288087580515, 4.751000000000000334, 1.726042356404005718 ) ) ;
#1914 = SURFACE_STYLE_USAGE ( .BOTH. , #6805 ) ;
#1915 = ORIENTED_EDGE ( 'NONE', *, *, #11677, .F. ) ;
#1916 = PRESENTATION_STYLE_ASSIGNMENT (( #11172 ) ) ;
#1917 = SURFACE_SIDE_STYLE ('',( #4509 ) ) ;
#1918 = ORIENTED_EDGE ( 'NONE', *, *, #9642, .F. ) ;
#1919 =( LENGTH_UNIT ( ) NAMED_UNIT ( * ) SI_UNIT ( .MILLI., .METRE. ) );
#1920 = VECTOR ( 'NONE', #5019, 1000.000000000000000 ) ;
#1921 = EDGE_CURVE ( 'NONE', #243, #2754, #4699, .T. ) ;
#1922 = CARTESIAN_POINT ( 'NONE',  ( 5.185555950048877705, 4.751000000000000334, 1.562621918254316178 ) ) ;
#1923 = ORIENTED_EDGE ( 'NONE', *, *, #9310, .F. ) ;
#1924 = CARTESIAN_POINT ( 'NONE',  ( 9.078424850482647912, 4.750000000000000000, 2.218111013886742811 ) ) ;
#1925 = FACE_OUTER_BOUND ( 'NONE', #11608, .T. ) ;
#1926 = VERTEX_POINT ( 'NONE', #5372 ) ;
#1927 =( LENGTH_UNIT ( ) NAMED_UNIT ( * ) SI_UNIT ( .MILLI., .METRE. ) );
#1928 = CARTESIAN_POINT ( 'NONE',  ( 4.686673580517120463, 4.751000000000000334, 2.063898830827285202 ) ) ;
#1929 = DIRECTION ( 'NONE',  ( -0.9999748501857348426, 0.0000000000000000000, -0.007092178509963044213 ) ) ;
#1930 = CARTESIAN_POINT ( 'NONE',  ( 5.542266887760171734, 4.751000000000000334, 1.663411433829511177 ) ) ;
#1931 = CARTESIAN_POINT ( 'NONE',  ( 4.992944582177305080, 4.751000000000000334, 2.422716948948281601 ) ) ;
#1932 = ORIENTED_EDGE ( 'NONE', *, *, #29, .T. ) ;
#1933 = DIRECTION ( 'NONE',  ( 0.007092178509979854550, -0.0000000000000000000, -0.9999748501857347316 ) ) ;
#1934 = CARTESIAN_POINT ( 'NONE',  ( 5.680976860943950157, 4.751000000000000334, 2.923833665243924074 ) ) ;
#1935 = EDGE_CURVE ( 'NONE', #10989, #1355, #7325, .T. ) ;
#1936 = DIRECTION ( 'NONE',  ( 0.9999748501857348426, 0.0000000000000000000, 0.007092178509963430189 ) ) ;
#1937 = ORIENTED_EDGE ( 'NONE', *, *, #8578, .F. ) ;
#1938 = UNCERTAINTY_MEASURE_WITH_UNIT (LENGTH_MEASURE( 1.000000000000000082E-05 ), #8435, 'distance_accuracy_value', 'NONE');
#1939 = DIRECTION ( 'NONE',  ( -1.000000000000000000, 0.0000000000000000000, 0.0000000000000000000 ) ) ;
#1940 = ORIENTED_EDGE ( 'NONE', *, *, #12081, .F. ) ;
#1941 = SURFACE_STYLE_FILL_AREA ( #5873 ) ;
#1942 = LINE ( 'NONE', #4655, #509 ) ;
#1943 =( GEOMETRIC_REPRESENTATION_CONTEXT ( 3 ) GLOBAL_UNCERTAINTY_ASSIGNED_CONTEXT ( ( #1938 ) ) GLOBAL_UNIT_ASSIGNED_CONTEXT ( ( #8435, #10309, #3004 ) ) REPRESENTATION_CONTEXT ( 'NONE', 'WORKASPACE' ) );
#1944 = SURFACE_STYLE_USAGE ( .BOTH. , #3803 ) ;
#1945 = SURFACE_STYLE_FILL_AREA ( #5520 ) ;
#1946 = SURFACE_STYLE_USAGE ( .BOTH. , #3632 ) ;
#1947 = ORIENTED_EDGE ( 'NONE', *, *, #2786, .T. ) ;
#1948 = PRESENTATION_STYLE_ASSIGNMENT (( #12130 ) ) ;
#1949 = CARTESIAN_POINT ( 'NONE',  ( 4.796910847063915462, 4.751000000000000334, 2.757436807294808112 ) ) ;
#1950 =( LENGTH_UNIT ( ) NAMED_UNIT ( * ) SI_UNIT ( .MILLI., .METRE. ) );
#1951 = EDGE_CURVE ( 'NONE', #1169, #3390, #10895, .T. ) ;
#1952 =( NAMED_UNIT ( * ) SI_UNIT ( $, .STERADIAN. ) SOLID_ANGLE_UNIT ( ) );
#1953 = ADVANCED_FACE ( 'NONE', ( #2481 ), #6385, .F. ) ;
#1954 = MECHANICAL_DESIGN_GEOMETRIC_PRESENTATION_REPRESENTATION (  '', ( #571 ), #4899 ) ;
#1955 = ORIENTED_EDGE ( 'NONE', *, *, #3711, .T. ) ;
#1956 = DIRECTION ( 'NONE',  ( -0.0000000000000000000, -1.000000000000000000, -0.0000000000000000000 ) ) ;
#1957 = CARTESIAN_POINT ( 'NONE',  ( 7.538179504055722902, 4.751000000000000334, 2.250567915820366416 ) ) ;
#1958 =( LENGTH_UNIT ( ) NAMED_UNIT ( * ) SI_UNIT ( .MILLI., .METRE. ) );
#1959 = SURFACE_STYLE_FILL_AREA ( #6618 ) ;
#1960 = ORIENTED_EDGE ( 'NONE', *, *, #8058, .T. ) ;
#1961 = VECTOR ( 'NONE', #5205, 1000.000000000000000 ) ;
#1962 = CARTESIAN_POINT ( 'NONE',  ( 4.442408582935913230, 4.750000000000000000, 1.612199861429208125 ) ) ;
#1963 = UNCERTAINTY_MEASURE_WITH_UNIT (LENGTH_MEASURE( 1.000000000000000082E-05 ), #6747, 'distance_accuracy_value', 'NONE');
#1964 =( NAMED_UNIT ( * ) PLANE_ANGLE_UNIT ( ) SI_UNIT ( $, .RADIAN. ) );
#1965 = FILL_AREA_STYLE ('',( #5606 ) ) ;
#1966 = CARTESIAN_POINT ( 'NONE',  ( 4.167018819935679019, 4.751000000000000334, 1.792208910616929662 ) ) ;
#1967 = VERTEX_POINT ( 'NONE', #1792 ) ;
#1968 = LINE ( 'NONE', #5731, #9368 ) ;
#1969 = DIRECTION ( 'NONE',  ( -0.007092178509963365136, -0.0000000000000000000, 0.9999748501857348426 ) ) ;
#1970 = VECTOR ( 'NONE', #6524, 1000.000000000000000 ) ;
#1971 = PLANE ( 'NONE',  #9300 ) ;
#1972 = FACE_OUTER_BOUND ( 'NONE', #4425, .T. ) ;
#1973 = ORIENTED_EDGE ( 'NONE', *, *, #8133, .F. ) ;
#1974 = LINE ( 'NONE', #5916, #11085 ) ;
#1975 = B_SPLINE_SURFACE_WITH_KNOTS ( 'NONE', 3, 1, ( 
 ( #2315, #4278 ),
 ( #6071, #5388 ),
 ( #9924, #5134 ),
 ( #7942, #3495 ) ),
 .UNSPECIFIED., .F., .F., .F.,
 ( 4, 4 ),
 ( 2, 2 ),
 ( 3.000000000000000000, 4.000000000000000000 ),
 ( 0.0000000000000000000, 1.000000000000000000 ),
 .UNSPECIFIED. ) ;
#1976 = CARTESIAN_POINT ( 'NONE',  ( 5.472075764224972438, 4.750000000000000000, 1.737518120114881048 ) ) ;
#1977 = PRESENTATION_LAYER_ASSIGNMENT (  '', '', ( #5121 ) ) ;
#1978 = ORIENTED_EDGE ( 'NONE', *, *, #5082, .F. ) ;
#1979 =( GEOMETRIC_REPRESENTATION_CONTEXT ( 3 ) GLOBAL_UNCERTAINTY_ASSIGNED_CONTEXT ( ( #10691 ) ) GLOBAL_UNIT_ASSIGNED_CONTEXT ( ( #2475, #2594, #4311 ) ) REPRESENTATION_CONTEXT ( 'NONE', 'WORKASPACE' ) );
#1980 = CARTESIAN_POINT ( 'NONE',  ( 5.752700836336341439, 4.750000000000000000, 2.945138038608785536 ) ) ;
#1981 = CARTESIAN_POINT ( 'NONE',  ( 5.647237400633260407, 4.750000000000000000, 1.633482292201687613 ) ) ;
#1982 = ORIENTED_EDGE ( 'NONE', *, *, #43, .T. ) ;
#1983 = CARTESIAN_POINT ( 'NONE',  ( 5.627399508885816637, 4.751000000000000334, 1.828301107298216266 ) ) ;
#1984 = DIRECTION ( 'NONE',  ( -1.000000000000000000, 0.0000000000000000000, 0.0000000000000000000 ) ) ;
#1985 = CARTESIAN_POINT ( 'NONE',  ( 8.850636211324955482, 4.750000000000000000, 2.223725738735952362 ) ) ;
#1986 = ORIENTED_EDGE ( 'NONE', *, *, #417, .F. ) ;
#1987 = AXIS2_PLACEMENT_3D ( 'NONE', #5891, #1087, #5081 ) ;
#1988 = CARTESIAN_POINT ( 'NONE',  ( 4.885336008198335023, 4.751000000000000334, 2.568043411908375706 ) ) ;
#1989 = STYLED_ITEM ( 'NONE', ( #3342 ), #5240 ) ;
#1990 = CARTESIAN_POINT ( 'NONE',  ( 5.757540022823293135, 4.750000000000000000, 2.885904668043086208 ) ) ;
#1991 = SURFACE_STYLE_FILL_AREA ( #2979 ) ;
#1992 = ORIENTED_EDGE ( 'NONE', *, *, #5259, .F. ) ;
#1993 = FILL_AREA_STYLE ('',( #5689 ) ) ;
#1994 = VERTEX_POINT ( 'NONE', #5610 ) ;
#1995 = PRESENTATION_LAYER_ASSIGNMENT (  '', '', ( #217 ) ) ;
#1996 = FILL_AREA_STYLE ('',( #10408 ) ) ;
#1997 = B_SPLINE_CURVE_WITH_KNOTS ( 'NONE', 3,
 ( #1059, #7563, #10395, #5863 ),
 .UNSPECIFIED., .F., .F.,
 ( 4, 4 ),
 ( 4.000000000000000000, 5.000000000000000000 ),
 .UNSPECIFIED. ) ;
#1998 = STYLED_ITEM ( 'NONE', ( #5823 ), #6686 ) ;
#1999 = PLANE ( 'NONE',  #10250 ) ;
#2000 = ADVANCED_FACE ( 'NONE', ( #3776 ), #2779, .F. ) ;
#2001 = DIRECTION ( 'NONE',  ( -0.0000000000000000000, -1.000000000000000000, -0.0000000000000000000 ) ) ;
#2002 = CARTESIAN_POINT ( 'NONE',  ( 5.825310698065924164, 4.750000000000000000, 2.420042167947327183 ) ) ;
#2003 = EDGE_LOOP ( 'NONE', ( #4746, #4740, #7272, #10874 ) ) ;
#2004 = DIRECTION ( 'NONE',  ( -0.1263225772768203359, 0.0000000000000000000, -0.9919892169122312975 ) ) ;
#2005 = CARTESIAN_POINT ( 'NONE',  ( 4.503653921965412366, 4.750000000000000000, 2.927701133579587722 ) ) ;
#2006 = CARTESIAN_POINT ( 'NONE',  ( 6.821382862433653216, 4.751000000000000334, 1.883978115874779924 ) ) ;
#2007 = MECHANICAL_DESIGN_GEOMETRIC_PRESENTATION_REPRESENTATION (  '', ( #4571 ), #2213 ) ;
#2008 = COLOUR_RGB ( '',0.0000000000000000000, 0.0000000000000000000, 0.0000000000000000000 ) ;
#2009 = MECHANICAL_DESIGN_GEOMETRIC_PRESENTATION_REPRESENTATION (  '', ( #11813 ), #7104 ) ;
#2010 =( NAMED_UNIT ( * ) PLANE_ANGLE_UNIT ( ) SI_UNIT ( $, .RADIAN. ) );
#2011 = ORIENTED_EDGE ( 'NONE', *, *, #7066, .F. ) ;
#2012 = EDGE_LOOP ( 'NONE', ( #5494, #9462, #7812, #1324 ) ) ;
#2013 =( LENGTH_UNIT ( ) NAMED_UNIT ( * ) SI_UNIT ( .MILLI., .METRE. ) );
#2014 =( GEOMETRIC_REPRESENTATION_CONTEXT ( 3 ) GLOBAL_UNCERTAINTY_ASSIGNED_CONTEXT ( ( #5195 ) ) GLOBAL_UNIT_ASSIGNED_CONTEXT ( ( #3327, #9943, #11842 ) ) REPRESENTATION_CONTEXT ( 'NONE', 'WORKASPACE' ) );
#2015 = EDGE_CURVE ( 'NONE', #6063, #7733, #7550, .T. ) ;
#2016 = DIRECTION ( 'NONE',  ( 0.007092178509955768782, -0.0000000000000000000, -0.9999748501857349536 ) ) ;
#2017 = EDGE_CURVE ( 'NONE', #9557, #2223, #6734, .T. ) ;
#2018 =( GEOMETRIC_REPRESENTATION_CONTEXT ( 3 ) GLOBAL_UNCERTAINTY_ASSIGNED_CONTEXT ( ( #10291 ) ) GLOBAL_UNIT_ASSIGNED_CONTEXT ( ( #10218, #11135, #6352 ) ) REPRESENTATION_CONTEXT ( 'NONE', 'WORKASPACE' ) );
#2019 = AXIS2_PLACEMENT_3D ( 'NONE', #1389, #8908, #3176 ) ;
#2020 =( NAMED_UNIT ( * ) PLANE_ANGLE_UNIT ( ) SI_UNIT ( $, .RADIAN. ) );
#2021 = LINE ( 'NONE', #1028, #10295 ) ;
#2022 = CARTESIAN_POINT ( 'NONE',  ( 4.254350763521417278, 4.751000000000000334, 1.756955749629828922 ) ) ;
#2023 = DIRECTION ( 'NONE',  ( -0.9999748501857348426, 0.0000000000000000000, -0.007092178509965224760 ) ) ;
#2024 = CARTESIAN_POINT ( 'NONE',  ( 5.929070904569432976, 4.751000000000000334, 1.985790906711840442 ) ) ;
#2025 = ORIENTED_EDGE ( 'NONE', *, *, #10656, .F. ) ;
#2026 = VECTOR ( 'NONE', #1303, 1000.000000000000000 ) ;
#2027 = CARTESIAN_POINT ( 'NONE',  ( 5.999493410425640327, 4.751000000000000334, 2.490683120358338609 ) ) ;
#2028 = DIRECTION ( 'NONE',  ( -3.965082230804128741E-16, -0.0000000000000000000, -1.000000000000000000 ) ) ;
#2029 = EDGE_CURVE ( 'NONE', #374, #6573, #12106, .T. ) ;
#2030 =( NAMED_UNIT ( * ) SI_UNIT ( $, .STERADIAN. ) SOLID_ANGLE_UNIT ( ) );
#2031 = ORIENTED_EDGE ( 'NONE', *, *, #5840, .F. ) ;
#2032 = LINE ( 'NONE', #3883, #8013 ) ;
#2033 = PRESENTATION_STYLE_ASSIGNMENT (( #6872 ) ) ;
#2034 = PRESENTATION_LAYER_ASSIGNMENT (  '', '', ( #7328 ) ) ;
#2035 = EDGE_CURVE ( 'NONE', #3852, #1557, #4741, .T. ) ;
#2036 = CARTESIAN_POINT ( 'NONE',  ( 5.579383801027882228, 4.751000000000000334, 1.891127444814575842 ) ) ;
#2037 = ORIENTED_EDGE ( 'NONE', *, *, #1345, .T. ) ;
#2038 = SURFACE_STYLE_FILL_AREA ( #10446 ) ;
#2039 = CARTESIAN_POINT ( 'NONE',  ( 5.216777411245091756, 4.751000000000000334, 1.485379439029014481 ) ) ;
#2040 = VECTOR ( 'NONE', #3135, 1000.000000000000000 ) ;
#2041 = B_SPLINE_CURVE_WITH_KNOTS ( 'NONE', 3,
 ( #5777, #7537, #11289, #4787 ),
 .UNSPECIFIED., .F., .F.,
 ( 4, 4 ),
 ( 5.000000000000000000, 6.000000000000000000 ),
 .UNSPECIFIED. ) ;
#2042 = ORIENTED_EDGE ( 'NONE', *, *, #657, .F. ) ;
#2043 = VECTOR ( 'NONE', #5056, 1000.000000000000000 ) ;
#2044 = CARTESIAN_POINT ( 'NONE',  ( 5.559768075817047794, 4.750000000000000000, 1.926340981356293725 ) ) ;
#2045 = VERTEX_POINT ( 'NONE', #3884 ) ;
#2046 = LINE ( 'NONE', #1120, #418 ) ;
#2047 =( NAMED_UNIT ( * ) SI_UNIT ( $, .STERADIAN. ) SOLID_ANGLE_UNIT ( ) );
#2048 = LINE ( 'NONE', #5809, #3809 ) ;
#2049 = COLOUR_RGB ( '',0.0000000000000000000, 0.0000000000000000000, 0.0000000000000000000 ) ;
#2050 = CARTESIAN_POINT ( 'NONE',  ( 4.541415183388064492, 4.751000000000000334, 2.862982445754848282 ) ) ;
#2051 = ORIENTED_EDGE ( 'NONE', *, *, #8071, .T. ) ;
#2052 = AXIS2_PLACEMENT_3D ( 'NONE', #8949, #8885, #4247 ) ;
#2053 = CARTESIAN_POINT ( 'NONE',  ( 5.493781083721530401, 4.751000000000000334, 1.755868283154152998 ) ) ;
#2054 = FILL_AREA_STYLE ('',( #896 ) ) ;
#2055 = SURFACE_STYLE_FILL_AREA ( #6711 ) ;
#2056 = ORIENTED_EDGE ( 'NONE', *, *, #8958, .T. ) ;
#2057 = SURFACE_STYLE_USAGE ( .BOTH. , #74 ) ;
#2058 = ORIENTED_EDGE ( 'NONE', *, *, #1280, .F. ) ;
#2059 = DIRECTION ( 'NONE',  ( -0.8896103580601516514, 0.0000000000000000000, 0.4567202763531401644 ) ) ;
#2060 =( GEOMETRIC_REPRESENTATION_CONTEXT ( 3 ) GLOBAL_UNCERTAINTY_ASSIGNED_CONTEXT ( ( #710 ) ) GLOBAL_UNIT_ASSIGNED_CONTEXT ( ( #9431, #8932, #2332 ) ) REPRESENTATION_CONTEXT ( 'NONE', 'WORKASPACE' ) );
#2061 =( LENGTH_UNIT ( ) NAMED_UNIT ( * ) SI_UNIT ( .MILLI., .METRE. ) );
#2062 = CARTESIAN_POINT ( 'NONE',  ( 8.929394564106914345, 4.751000000000000334, 1.823012706599978827 ) ) ;
#2063 = SURFACE_STYLE_FILL_AREA ( #6070 ) ;
#2064 = SURFACE_STYLE_FILL_AREA ( #11580 ) ;
#2065 = VERTEX_POINT ( 'NONE', #10202 ) ;
#2066 = DIRECTION ( 'NONE',  ( -0.0000000000000000000, -1.000000000000000000, -0.0000000000000000000 ) ) ;
#2067 = STYLED_ITEM ( 'NONE', ( #5104 ), #3624 ) ;
#2068 = CARTESIAN_POINT ( 'NONE',  ( 4.921845531079022784, 4.750000000000000000, 2.533209638221726845 ) ) ;
#2069 = MECHANICAL_DESIGN_GEOMETRIC_PRESENTATION_REPRESENTATION (  '', ( #9705 ), #11875 ) ;
#2070 = CARTESIAN_POINT ( 'NONE',  ( 6.063433197988347345, 4.751000000000000334, 2.674918437937169990 ) ) ;
#2071 = ORIENTED_EDGE ( 'NONE', *, *, #6945, .T. ) ;
#2072 = EDGE_CURVE ( 'NONE', #115, #499, #5551, .T. ) ;
#2073 = ORIENTED_EDGE ( 'NONE', *, *, #4709, .F. ) ;
#2074 = FILL_AREA_STYLE_COLOUR ( '', #3971 ) ;
#2075 = COLOUR_RGB ( '',0.0000000000000000000, 0.0000000000000000000, 0.0000000000000000000 ) ;
#2076 = CARTESIAN_POINT ( 'NONE',  ( 3.906130908621855191, 4.751000000000000334, 2.034967802135362103 ) ) ;
#2077 = B_SPLINE_SURFACE_WITH_KNOTS ( 'NONE', 3, 1, ( 
 ( #11597, #6854 ),
 ( #3326, #339 ),
 ( #8996, #10616 ),
 ( #2394, #5216 ) ),
 .UNSPECIFIED., .F., .F., .F.,
 ( 4, 4 ),
 ( 2, 2 ),
 ( 3.000000000000000000, 4.000000000000000000 ),
 ( 0.0000000000000000000, 1.000000000000000000 ),
 .UNSPECIFIED. ) ;
#2078 = VECTOR ( 'NONE', #2715, 1000.000000000000114 ) ;
#2079 = CARTESIAN_POINT ( 'NONE',  ( 8.850482589108768394, 4.751000000000000334, 1.735691567280405190 ) ) ;
#2080 = DIRECTION ( 'NONE',  ( -0.007092178509965090319, 0.0000000000000000000, 0.9999748501857348426 ) ) ;
#2081 = PRESENTATION_STYLE_ASSIGNMENT (( #8683 ) ) ;
#2082 = PLANE ( 'NONE',  #5605 ) ;
#2083 = DIRECTION ( 'NONE',  ( -0.9999748501857348426, -0.0000000000000000000, -0.007092178509964204743 ) ) ;
#2084 = SURFACE_STYLE_FILL_AREA ( #8443 ) ;
#2085 = MECHANICAL_DESIGN_GEOMETRIC_PRESENTATION_REPRESENTATION (  '', ( #7381 ), #6591 ) ;
#2086 = ORIENTED_EDGE ( 'NONE', *, *, #7418, .T. ) ;
#2087 = ADVANCED_FACE ( 'NONE', ( #9630 ), #8330, .F. ) ;
#2088 = CARTESIAN_POINT ( 'NONE',  ( 8.299765060126279792, 4.750000000000000000, 1.399200378655042210 ) ) ;
#2089 = DIRECTION ( 'NONE',  ( 0.9410702468834496459, -0.0000000000000000000, 0.3382111624868748834 ) ) ;
#2090 = VERTEX_POINT ( 'NONE', #11728 ) ;
#2091 = SURFACE_SIDE_STYLE ('',( #1166 ) ) ;
#2092 = VECTOR ( 'NONE', #2978, 1000.000000000000000 ) ;
#2093 =( NAMED_UNIT ( * ) PLANE_ANGLE_UNIT ( ) SI_UNIT ( $, .RADIAN. ) );
#2094 = SURFACE_SIDE_STYLE ('',( #7729 ) ) ;
#2095 = VERTEX_POINT ( 'NONE', #5973 ) ;
#2096 = FILL_AREA_STYLE ('',( #7731 ) ) ;
#2097 = B_SPLINE_CURVE_WITH_KNOTS ( 'NONE', 3,
 ( #1185, #8721, #11633, #439 ),
 .UNSPECIFIED., .F., .F.,
 ( 4, 4 ),
 ( 15.00000000000000000, 16.00000000000000000 ),
 .UNSPECIFIED. ) ;
#2098 = EDGE_CURVE ( 'NONE', #5614, #9867, #815, .T. ) ;
#2099 = AXIS2_PLACEMENT_3D ( 'NONE', #1337, #10667, #8794 ) ;
#2100 = ADVANCED_FACE ( 'NONE', ( #7782 ), #5162, .F. ) ;
#2101 = SURFACE_SIDE_STYLE ('',( #8765 ) ) ;
#2102 = ORIENTED_EDGE ( 'NONE', *, *, #9077, .F. ) ;
#2103 = SURFACE_STYLE_USAGE ( .BOTH. , #61 ) ;
#2104 = CARTESIAN_POINT ( 'NONE',  ( 7.510004154309248392, 4.750000000000000000, 1.635807944716032303 ) ) ;
#2105 = CARTESIAN_POINT ( 'NONE',  ( 4.627514783282306254, 4.751000000000000334, 2.616644379005729881 ) ) ;
#2106 = VERTEX_POINT ( 'NONE', #10506 ) ;
#2107 = DIRECTION ( 'NONE',  ( 0.0000000000000000000, 0.0000000000000000000, -1.000000000000000000 ) ) ;
#2108 = CARTESIAN_POINT ( 'NONE',  ( 8.905602803042032889, 4.751000000000000334, 2.629001958253291527 ) ) ;
#2109 = SURFACE_STYLE_FILL_AREA ( #10581 ) ;
#2110 = EDGE_LOOP ( 'NONE', ( #1328, #10388, #4045, #4223 ) ) ;
#2111 = CARTESIAN_POINT ( 'NONE',  ( 5.579487039110382796, 4.751000000000000334, 1.876571200081450508 ) ) ;
#2112 = SURFACE_STYLE_USAGE ( .BOTH. , #4024 ) ;
#2113 = LINE ( 'NONE', #6831, #9045 ) ;
#2114 = VERTEX_POINT ( 'NONE', #9575 ) ;
#2115 = B_SPLINE_CURVE_WITH_KNOTS ( 'NONE', 3,
 ( #3055, #4836, #8545, #8665 ),
 .UNSPECIFIED., .F., .F.,
 ( 4, 4 ),
 ( 17.00000000000000000, 18.00000000000000000 ),
 .UNSPECIFIED. ) ;
#2116 = CARTESIAN_POINT ( 'NONE',  ( 5.960080507932782545, 4.750000000000000000, 1.725382462917125492 ) ) ;
#2117 = CARTESIAN_POINT ( 'NONE',  ( 5.988601053710414845, 4.750000000000000000, 2.871946674335578376 ) ) ;
#2118 = VERTEX_POINT ( 'NONE', #8632 ) ;
#2119 = SURFACE_SIDE_STYLE ('',( #10662 ) ) ;
#2120 = SURFACE_STYLE_USAGE ( .BOTH. , #10541 ) ;
#2121 = ORIENTED_EDGE ( 'NONE', *, *, #11455, .T. ) ;
#2122 = CARTESIAN_POINT ( 'NONE',  ( 6.772620466632170988, 4.750000000000000000, 2.133071390992519412 ) ) ;
#2123 = SURFACE_STYLE_FILL_AREA ( #6074 ) ;
#2124 = CARTESIAN_POINT ( 'NONE',  ( 4.885336008198335023, 4.750000000000000000, 2.568043411908375706 ) ) ;
#2125 = ORIENTED_EDGE ( 'NONE', *, *, #8020, .F. ) ;
#2126 = VERTEX_POINT ( 'NONE', #235 ) ;
#2127 = CARTESIAN_POINT ( 'NONE',  ( 5.530039856534351372, 4.751000000000000334, 1.939647331084633386 ) ) ;
#2128 = CARTESIAN_POINT ( 'NONE',  ( 3.901194950936028860, 4.751000000000000334, 2.016216681361961083 ) ) ;
#2129 = CARTESIAN_POINT ( 'NONE',  ( 5.647237400633260407, 4.751000000000000334, 1.633482292201687835 ) ) ;
#2130 = SURFACE_SIDE_STYLE ('',( #10491 ) ) ;
#2131 = EDGE_CURVE ( 'NONE', #4603, #8734, #5664, .T. ) ;
#2132 = SURFACE_SIDE_STYLE ('',( #1959 ) ) ;
#2133 = STYLED_ITEM ( 'NONE', ( #1484 ), #7201 ) ;
#2134 = SURFACE_STYLE_USAGE ( .BOTH. , #1091 ) ;
#2135 = DIRECTION ( 'NONE',  ( -0.0000000000000000000, -1.000000000000000000, -0.0000000000000000000 ) ) ;
#2136 =( NAMED_UNIT ( * ) PLANE_ANGLE_UNIT ( ) SI_UNIT ( $, .RADIAN. ) );
#2137 = PRESENTATION_STYLE_ASSIGNMENT (( #6745 ) ) ;
#2138 = ORIENTED_EDGE ( 'NONE', *, *, #8308, .F. ) ;
#2139 = CARTESIAN_POINT ( 'NONE',  ( 6.063433197988347345, 4.751000000000000334, 2.674918437937169990 ) ) ;
#2140 =( GEOMETRIC_REPRESENTATION_CONTEXT ( 3 ) GLOBAL_UNCERTAINTY_ASSIGNED_CONTEXT ( ( #11546 ) ) GLOBAL_UNIT_ASSIGNED_CONTEXT ( ( #4733, #2548, #6174 ) ) REPRESENTATION_CONTEXT ( 'NONE', 'WORKASPACE' ) );
#2141 = FILL_AREA_STYLE ('',( #9444 ) ) ;
#2142 = CARTESIAN_POINT ( 'NONE',  ( 6.024710714677333101, 4.750000000000000000, 1.720641923077660840 ) ) ;
#2143 = VERTEX_POINT ( 'NONE', #11489 ) ;
#2144 = SURFACE_SIDE_STYLE ('',( #5908 ) ) ;
#2145 = CARTESIAN_POINT ( 'NONE',  ( 8.299765060126279792, 4.750000000000000000, 1.399200378655042210 ) ) ;
#2146 = EDGE_CURVE ( 'NONE', #2927, #11220, #1545, .T. ) ;
#2147 = LINE ( 'NONE', #11363, #8496 ) ;
#2148 =( LENGTH_UNIT ( ) NAMED_UNIT ( * ) SI_UNIT ( .MILLI., .METRE. ) );
#2149 = CARTESIAN_POINT ( 'NONE',  ( 8.358141235678351322, 4.750000000000000000, 2.852867879538017792 ) ) ;
#2150 = EDGE_LOOP ( 'NONE', ( #9691, #9266, #10512, #3855 ) ) ;
#2151 = MECHANICAL_DESIGN_GEOMETRIC_PRESENTATION_REPRESENTATION (  '', ( #5890 ), #5518 ) ;
#2152 = CARTESIAN_POINT ( 'NONE',  ( 9.077322416771066216, 4.750000000000000000, 2.373550697762365491 ) ) ;
#2153 = ORIENTED_EDGE ( 'NONE', *, *, #4290, .F. ) ;
#2154 = LINE ( 'NONE', #245, #1579 ) ;
#2155 = PRESENTATION_STYLE_ASSIGNMENT (( #5982 ) ) ;
#2156 = AXIS2_PLACEMENT_3D ( 'NONE', #331, #10734, #9931 ) ;
#2157 = EDGE_LOOP ( 'NONE', ( #8246, #5946, #6904, #7702 ) ) ;
#2158 = FACE_OUTER_BOUND ( 'NONE', #7375, .T. ) ;
#2159 = ADVANCED_FACE ( 'NONE', ( #9953 ), #7554, .F. ) ;
#2160 = EDGE_CURVE ( 'NONE', #9557, #3230, #548, .T. ) ;
#2161 = SURFACE_SIDE_STYLE ('',( #365 ) ) ;
#2162 = EDGE_CURVE ( 'NONE', #2991, #7065, #219, .T. ) ;
#2163 = VERTEX_POINT ( 'NONE', #11967 ) ;
#2164 = CARTESIAN_POINT ( 'NONE',  ( 4.948141223361533392, 4.751000000000000334, 2.124241106413962576 ) ) ;
#2165 = LINE ( 'NONE', #3044, #3812 ) ;
#2166 =( NAMED_UNIT ( * ) PLANE_ANGLE_UNIT ( ) SI_UNIT ( $, .RADIAN. ) );
#2167 =( NAMED_UNIT ( * ) SI_UNIT ( $, .STERADIAN. ) SOLID_ANGLE_UNIT ( ) );
#2168 = UNCERTAINTY_MEASURE_WITH_UNIT (LENGTH_MEASURE( 1.000000000000000082E-05 ), #9150, 'distance_accuracy_value', 'NONE');
#2169 = UNCERTAINTY_MEASURE_WITH_UNIT (LENGTH_MEASURE( 1.000000000000000082E-05 ), #3597, 'distance_accuracy_value', 'NONE');
#2170 = FACE_OUTER_BOUND ( 'NONE', #4006, .T. ) ;
#2171 = ORIENTED_EDGE ( 'NONE', *, *, #3242, .T. ) ;
#2172 = CARTESIAN_POINT ( 'NONE',  ( 5.960204024924320443, 4.751000000000000334, 1.707966955829119726 ) ) ;
#2173 = LINE ( 'NONE', #10843, #2951 ) ;
#2174 = CARTESIAN_POINT ( 'NONE',  ( 5.819605153532990904, 4.751000000000000334, 1.941701031511422482 ) ) ;
#2175 = ORIENTED_EDGE ( 'NONE', *, *, #7476, .F. ) ;
#2176 = EDGE_CURVE ( 'NONE', #8634, #2545, #6153, .T. ) ;
#2177 = FACE_OUTER_BOUND ( 'NONE', #2535, .T. ) ;
#2178 = VERTEX_POINT ( 'NONE', #11855 ) ;
#2179 = LINE ( 'NONE', #3311, #11281 ) ;
#2180 = CARTESIAN_POINT ( 'NONE',  ( 4.884077005740065758, 4.751000000000000334, 1.902572679929395605 ) ) ;
#2181 = EDGE_CURVE ( 'NONE', #3640, #9421, #1486, .T. ) ;
#2182 = DIRECTION ( 'NONE',  ( 0.0000000000000000000, -0.0000000000000000000, 1.000000000000000000 ) ) ;
#2183 = ORIENTED_EDGE ( 'NONE', *, *, #3210, .T. ) ;
#2184 = LINE ( 'NONE', #7817, #4721 ) ;
#2185 = ORIENTED_EDGE ( 'NONE', *, *, #8374, .F. ) ;
#2186 = B_SPLINE_CURVE_WITH_KNOTS ( 'NONE', 3,
 ( #11413, #842, #1904, #9428 ),
 .UNSPECIFIED., .F., .F.,
 ( 4, 4 ),
 ( 0.0000000000000000000, 1.000000000000000000 ),
 .UNSPECIFIED. ) ;
#2187 = ORIENTED_EDGE ( 'NONE', *, *, #7489, .F. ) ;
#2188 = CARTESIAN_POINT ( 'NONE',  ( 5.546836871404643432, 4.751000000000000334, 1.935347379223294917 ) ) ;
#2189 = PRESENTATION_STYLE_ASSIGNMENT (( #10738 ) ) ;
#2190 = CARTESIAN_POINT ( 'NONE',  ( 5.565717048484234653, 4.751000000000000334, 1.857237533160986942 ) ) ;
#2191 = CARTESIAN_POINT ( 'NONE',  ( 4.241861031149168682, 4.750000000000000000, 2.051905896914612448 ) ) ;
#2192 = LINE ( 'NONE', #5836, #8158 ) ;
#2193 = PRESENTATION_STYLE_ASSIGNMENT (( #3262 ) ) ;
#2194 = CARTESIAN_POINT ( 'NONE',  ( 8.222314420147885272, 4.750000000000000000, 1.615554325938123315 ) ) ;
#2195 = VECTOR ( 'NONE', #6543, 1000.000000000000000 ) ;
#2197 = CARTESIAN_POINT ( 'NONE',  ( 5.819605153532990904, 4.750000000000000000, 1.941701031511422482 ) ) ;
#2196 = VECTOR ( 'NONE', #2434, 1000.000000000000114 ) ;
#2198 = VECTOR ( 'NONE', #6437, 1000.000000000000000 ) ;
#2199 = SURFACE_STYLE_USAGE ( .BOTH. , #8747 ) ;
#2200 = ORIENTED_EDGE ( 'NONE', *, *, #3911, .T. ) ;
#2201 = FACE_OUTER_BOUND ( 'NONE', #7061, .T. ) ;
#2202 = VECTOR ( 'NONE', #1694, 1000.000000000000000 ) ;
#2203 = VECTOR ( 'NONE', #9961, 1000.000000000000000 ) ;
#2204 = UNCERTAINTY_MEASURE_WITH_UNIT (LENGTH_MEASURE( 1.000000000000000082E-05 ), #2609, 'distance_accuracy_value', 'NONE');
#2205 = SURFACE_STYLE_FILL_AREA ( #10624 ) ;
#2206 = ORIENTED_EDGE ( 'NONE', *, *, #6093, .T. ) ;
#2207 = FILL_AREA_STYLE ('',( #482 ) ) ;
#2208 = SURFACE_SIDE_STYLE ('',( #10351 ) ) ;
#2209 = FILL_AREA_STYLE_COLOUR ( '', #11002 ) ;
#2210 = CARTESIAN_POINT ( 'NONE',  ( 5.579280562945406530, 4.751000000000000334, 1.905683689544232173 ) ) ;
#2211 = ORIENTED_EDGE ( 'NONE', *, *, #1419, .F. ) ;
#2212 = CARTESIAN_POINT ( 'NONE',  ( 9.014818347857493919, 4.750000000000000000, 2.521324823015196781 ) ) ;
#2213 =( GEOMETRIC_REPRESENTATION_CONTEXT ( 3 ) GLOBAL_UNCERTAINTY_ASSIGNED_CONTEXT ( ( #2924 ) ) GLOBAL_UNIT_ASSIGNED_CONTEXT ( ( #7559, #1056, #124 ) ) REPRESENTATION_CONTEXT ( 'NONE', 'WORKASPACE' ) );
#2214 = VECTOR ( 'NONE', #4179, 1000.000000000000000 ) ;
#2215 = VECTOR ( 'NONE', #5432, 1000.000000000000000 ) ;
#2216 = SURFACE_STYLE_USAGE ( .BOTH. , #2101 ) ;
#2217 = ORIENTED_EDGE ( 'NONE', *, *, #3140, .F. ) ;
#2218 = EDGE_CURVE ( 'NONE', #9741, #5602, #5230, .T. ) ;
#2219 = FILL_AREA_STYLE_COLOUR ( '', #8611 ) ;
#2220 = EDGE_CURVE ( 'NONE', #8132, #11780, #10879, .T. ) ;
#2221 =( GEOMETRIC_REPRESENTATION_CONTEXT ( 3 ) GLOBAL_UNCERTAINTY_ASSIGNED_CONTEXT ( ( #7819 ) ) GLOBAL_UNIT_ASSIGNED_CONTEXT ( ( #5565, #11259, #2859 ) ) REPRESENTATION_CONTEXT ( 'NONE', 'WORKASPACE' ) );
#2222 = DIRECTION ( 'NONE',  ( 0.007092178509972501925, 0.0000000000000000000, -0.9999748501857348426 ) ) ;
#2223 = VERTEX_POINT ( 'NONE', #8948 ) ;
#2224 = VECTOR ( 'NONE', #5892, 1000.000000000000000 ) ;
#2225 = PRESENTATION_STYLE_ASSIGNMENT (( #10894 ) ) ;
#2226 = LINE ( 'NONE', #5985, #7101 ) ;
#2227 = CARTESIAN_POINT ( 'NONE',  ( 4.235035505866965089, 4.751000000000000334, 1.933062158233945338 ) ) ;
#2228 = ORIENTED_EDGE ( 'NONE', *, *, #2842, .F. ) ;
#2229 =( NAMED_UNIT ( * ) PLANE_ANGLE_UNIT ( ) SI_UNIT ( $, .RADIAN. ) );
#2230 = DIRECTION ( 'NONE',  ( -0.0000000000000000000, -1.000000000000000000, -0.0000000000000000000 ) ) ;
#2231 = STYLED_ITEM ( 'NONE', ( #5960 ), #192 ) ;
#2232 = PRESENTATION_LAYER_ASSIGNMENT (  '', '', ( #4009 ) ) ;
#2233 = STYLED_ITEM ( 'NONE', ( #10025 ), #8899 ) ;
#2234 = CARTESIAN_POINT ( 'NONE',  ( 4.290860286402125467, 4.751000000000000334, 1.722121975943186500 ) ) ;
#2235 = EDGE_CURVE ( 'NONE', #5576, #4947, #4306, .T. ) ;
#2236 = EDGE_CURVE ( 'NONE', #5771, #8014, #11914, .T. ) ;
#2237 = CARTESIAN_POINT ( 'NONE',  ( 5.549370781357334081, 4.750000000000000000, 1.779657686630379709 ) ) ;
#2238 = ORIENTED_EDGE ( 'NONE', *, *, #3068, .T. ) ;
#2239 = CARTESIAN_POINT ( 'NONE',  ( 8.405570455151950782, 4.750000000000000000, 2.791748271027798989 ) ) ;
#2240 = FACE_OUTER_BOUND ( 'NONE', #12109, .T. ) ;
#2241 = ORIENTED_EDGE ( 'NONE', *, *, #4197, .T. ) ;
#2242 = DIRECTION ( 'NONE',  ( 0.0000000000000000000, 1.000000000000000000, 0.0000000000000000000 ) ) ;
#2243 = PRESENTATION_LAYER_ASSIGNMENT (  '', '', ( #3040 ) ) ;
#2244 = FACE_OUTER_BOUND ( 'NONE', #5023, .T. ) ;
#2245 =( GEOMETRIC_REPRESENTATION_CONTEXT ( 3 ) GLOBAL_UNCERTAINTY_ASSIGNED_CONTEXT ( ( #7952 ) ) GLOBAL_UNIT_ASSIGNED_CONTEXT ( ( #11968, #7306, #6389 ) ) REPRESENTATION_CONTEXT ( 'NONE', 'WORKASPACE' ) );
#2246 = CARTESIAN_POINT ( 'NONE',  ( 5.482928423974117393, 4.750000000000000000, 1.746693201634514692 ) ) ;
#2247 = CARTESIAN_POINT ( 'NONE',  ( 4.627514783282306254, 4.751000000000000334, 2.616644379005729881 ) ) ;
#2248 = ORIENTED_EDGE ( 'NONE', *, *, #1610, .F. ) ;
#2249 = CARTESIAN_POINT ( 'NONE',  ( 8.486584710475561621, 4.751000000000000334, 2.582649640016943859 ) ) ;
#2250 = SURFACE_SIDE_STYLE ('',( #2123 ) ) ;
#2251 = ORIENTED_EDGE ( 'NONE', *, *, #11066, .T. ) ;
#2252 = SURFACE_STYLE_USAGE ( .BOTH. , #7099 ) ;
#2253 = AXIS2_PLACEMENT_3D ( 'NONE', #2639, #9173, #6314 ) ;
#2254 = ORIENTED_EDGE ( 'NONE', *, *, #318, .F. ) ;
#2255 = EDGE_CURVE ( 'NONE', #11725, #5268, #9008, .T. ) ;
#2256 = EDGE_CURVE ( 'NONE', #2703, #6956, #7588, .T. ) ;
#2257 = PRESENTATION_LAYER_ASSIGNMENT (  '', '', ( #2466 ) ) ;
#2258 = ORIENTED_EDGE ( 'NONE', *, *, #10320, .F. ) ;
#2259 = CARTESIAN_POINT ( 'NONE',  ( 5.683900710923180277, 4.751000000000000334, 2.511580019789579232 ) ) ;
#2260 = EDGE_CURVE ( 'NONE', #7030, #8274, #8500, .T. ) ;
#2261 = PRESENTATION_STYLE_ASSIGNMENT (( #1150 ) ) ;
#2262 = LINE ( 'NONE', #2129, #7870 ) ;
#2263 =( GEOMETRIC_REPRESENTATION_CONTEXT ( 3 ) GLOBAL_UNCERTAINTY_ASSIGNED_CONTEXT ( ( #7138 ) ) GLOBAL_UNIT_ASSIGNED_CONTEXT ( ( #4170, #1415, #662 ) ) REPRESENTATION_CONTEXT ( 'NONE', 'WORKASPACE' ) );
#2264 =( NAMED_UNIT ( * ) PLANE_ANGLE_UNIT ( ) SI_UNIT ( $, .RADIAN. ) );
#2265 = SURFACE_STYLE_FILL_AREA ( #5085 ) ;
#2266 = PRESENTATION_LAYER_ASSIGNMENT (  '', '', ( #5616 ) ) ;
#2267 = ADVANCED_FACE ( 'NONE', ( #9253 ), #7538, .F. ) ;
#2268 = CARTESIAN_POINT ( 'NONE',  ( 5.893434448391693614, 4.750000000000000000, 1.666161985511055210 ) ) ;
#2269 = SURFACE_STYLE_FILL_AREA ( #11722 ) ;
#2270 = VERTEX_POINT ( 'NONE', #2826 ) ;
#2271 = ORIENTED_EDGE ( 'NONE', *, *, #8446, .T. ) ;
#2272 = MECHANICAL_DESIGN_GEOMETRIC_PRESENTATION_REPRESENTATION (  '', ( #12066 ), #9112 ) ;
#2273 = PRESENTATION_STYLE_ASSIGNMENT (( #6932 ) ) ;
#2274 = VECTOR ( 'NONE', #7521, 1000.000000000000000 ) ;
#2275 = DIRECTION ( 'NONE',  ( -1.000000000000000000, -0.0000000000000000000, -0.0000000000000000000 ) ) ;
#2276 = CARTESIAN_POINT ( 'NONE',  ( 6.024941156825767585, 4.750000000000000000, 1.688150305370378135 ) ) ;
#2277 = LINE ( 'NONE', #9764, #10260 ) ;
#2278 = VERTEX_POINT ( 'NONE', #1778 ) ;
#2279 = DIRECTION ( 'NONE',  ( -0.0000000000000000000, -1.000000000000000000, -0.0000000000000000000 ) ) ;
#2280 =( NAMED_UNIT ( * ) PLANE_ANGLE_UNIT ( ) SI_UNIT ( $, .RADIAN. ) );
#2281 = FACE_OUTER_BOUND ( 'NONE', #4691, .T. ) ;
#2282 = VECTOR ( 'NONE', #9944, 1000.000000000000114 ) ;
#2283 = SURFACE_STYLE_USAGE ( .BOTH. , #680 ) ;
#2284 = VERTEX_POINT ( 'NONE', #12142 ) ;
#2285 = DIRECTION ( 'NONE',  ( 0.0000000000000000000, -0.0000000000000000000, -1.000000000000000000 ) ) ;
#2286 = AXIS2_PLACEMENT_3D ( 'NONE', #1841, #7423, #2943 ) ;
#2287 = CARTESIAN_POINT ( 'NONE',  ( 5.466797839095709932, 4.750000000000000000, 1.712005977553587632 ) ) ;
#2288 = ORIENTED_EDGE ( 'NONE', *, *, #1630, .F. ) ;
#2289 = PRESENTATION_LAYER_ASSIGNMENT (  '', '', ( #3867 ) ) ;
#2290 = CARTESIAN_POINT ( 'NONE',  ( 7.556228387931413160, 4.751000000000000334, 1.744587548815732525 ) ) ;
#2291 = SURFACE_STYLE_USAGE ( .BOTH. , #3161 ) ;
#2292 = STYLED_ITEM ( 'NONE', ( #5581 ), #10923 ) ;
#2293 = CARTESIAN_POINT ( 'NONE',  ( 5.945531654754600659, 4.750000000000000000, 1.614282328140399514 ) ) ;
#2294 = ORIENTED_EDGE ( 'NONE', *, *, #6487, .F. ) ;
#2295 = SURFACE_SIDE_STYLE ('',( #10830 ) ) ;
#2296 = FACE_OUTER_BOUND ( 'NONE', #3766, .T. ) ;
#2297 = CARTESIAN_POINT ( 'NONE',  ( 8.850636211324955482, 4.750000000000000000, 2.223725738735952362 ) ) ;
#2298 = PRESENTATION_STYLE_ASSIGNMENT (( #3352 ) ) ;
#2299 = ORIENTED_EDGE ( 'NONE', *, *, #9072, .T. ) ;
#2300 = EDGE_CURVE ( 'NONE', #6670, #1439, #2944, .T. ) ;
#2301 = DIRECTION ( 'NONE',  ( -0.0000000000000000000, -1.000000000000000000, -0.0000000000000000000 ) ) ;
#2302 = PRESENTATION_LAYER_ASSIGNMENT (  '', '', ( #4854 ) ) ;
#2303 =( NAMED_UNIT ( * ) SI_UNIT ( $, .STERADIAN. ) SOLID_ANGLE_UNIT ( ) );
#2304 = DIRECTION ( 'NONE',  ( 0.007092178509955768782, -0.0000000000000000000, -0.9999748501857349536 ) ) ;
#2305 = DIRECTION ( 'NONE',  ( 0.9999748501857348426, 0.0000000000000000000, 0.007092178509963508251 ) ) ;
#2306 = VECTOR ( 'NONE', #5682, 1000.000000000000000 ) ;
#2307 = UNCERTAINTY_MEASURE_WITH_UNIT (LENGTH_MEASURE( 1.000000000000000082E-05 ), #234, 'distance_accuracy_value', 'NONE');
#2308 = ORIENTED_EDGE ( 'NONE', *, *, #10333, .T. ) ;
#2309 = VECTOR ( 'NONE', #7617, 1000.000000000000000 ) ;
#2310 = CARTESIAN_POINT ( 'NONE',  ( 5.862257191475202411, 4.751000000000000334, 1.993732792304178325 ) ) ;
#2311 = LINE ( 'NONE', #7871, #8067 ) ;
#2312 = ORIENTED_EDGE ( 'NONE', *, *, #4821, .F. ) ;
#2313 = LINE ( 'NONE', #1331, #659 ) ;
#2314 =( NAMED_UNIT ( * ) SI_UNIT ( $, .STERADIAN. ) SOLID_ANGLE_UNIT ( ) );
#2315 = CARTESIAN_POINT ( 'NONE',  ( 4.166460228167889746, 4.751000000000000334, 1.870968591937121506 ) ) ;
#2316 = ORIENTED_EDGE ( 'NONE', *, *, #9993, .T. ) ;
#2317 = EDGE_CURVE ( 'NONE', #3530, #8989, #3029, .T. ) ;
#2318 = CARTESIAN_POINT ( 'NONE',  ( 5.542669639717325403, 4.750000000000000000, 1.991466163332251238 ) ) ;
#2319 = FILL_AREA_STYLE_COLOUR ( '', #8752 ) ;
#2320 = SURFACE_STYLE_FILL_AREA ( #456 ) ;
#2321 = VERTEX_POINT ( 'NONE', #906 ) ;
#2322 =( LENGTH_UNIT ( ) NAMED_UNIT ( * ) SI_UNIT ( .MILLI., .METRE. ) );
#2323 = ORIENTED_EDGE ( 'NONE', *, *, #3006, .T. ) ;
#2324 = UNCERTAINTY_MEASURE_WITH_UNIT (LENGTH_MEASURE( 1.000000000000000082E-05 ), #5046, 'distance_accuracy_value', 'NONE');
#2325 = ORIENTED_EDGE ( 'NONE', *, *, #7504, .T. ) ;
#2326 = CARTESIAN_POINT ( 'NONE',  ( 4.872846275826086426, 4.750000000000000000, 2.862993559193159232 ) ) ;
#2327 = CARTESIAN_POINT ( 'NONE',  ( 7.808526143341535608, 4.751000000000000334, 2.870660180011683327 ) ) ;
#2328 = CARTESIAN_POINT ( 'NONE',  ( 7.556228387931413160, 4.751000000000000334, 1.744587548815732525 ) ) ;
#2329 = PLANE ( 'NONE',  #11908 ) ;
#2330 = CARTESIAN_POINT ( 'NONE',  ( 4.167018819935679019, 4.751000000000000334, 1.792208910616929662 ) ) ;
#2331 = ADVANCED_FACE ( 'NONE', ( #6560 ), #8334, .F. ) ;
#2332 =( NAMED_UNIT ( * ) SI_UNIT ( $, .STERADIAN. ) SOLID_ANGLE_UNIT ( ) );
#2333 = EDGE_CURVE ( 'NONE', #4908, #2065, #9602, .T. ) ;
#2334 = CARTESIAN_POINT ( 'NONE',  ( 5.795671980265464818, 4.750000000000000000, 1.852629751203852759 ) ) ;
#2335 = CARTESIAN_POINT ( 'NONE',  ( 4.235935152014430827, 4.750000000000000000, 1.806214882707928737 ) ) ;
#2336 = FACE_OUTER_BOUND ( 'NONE', #2426, .T. ) ;
#2337 = FILL_AREA_STYLE_COLOUR ( '', #581 ) ;
#2338 = ORIENTED_EDGE ( 'NONE', *, *, #5653, .F. ) ;
#2339 = ORIENTED_EDGE ( 'NONE', *, *, #9815, .T. ) ;
#2340 = SURFACE_SIDE_STYLE ('',( #605 ) ) ;
#2341 = UNCERTAINTY_MEASURE_WITH_UNIT (LENGTH_MEASURE( 1.000000000000000082E-05 ), #3271, 'distance_accuracy_value', 'NONE');
#2342 = CARTESIAN_POINT ( 'NONE',  ( 5.356989116620489710, 4.750000000000000000, 1.452840834331738273 ) ) ;
#2343 = CARTESIAN_POINT ( 'NONE',  ( 5.684346846922542440, 4.751000000000000334, 2.448676247909279180 ) ) ;
#2344 = ORIENTED_EDGE ( 'NONE', *, *, #6988, .T. ) ;
#2345 = PRESENTATION_LAYER_ASSIGNMENT (  '', '', ( #8575 ) ) ;
#2346 = CARTESIAN_POINT ( 'NONE',  ( 5.988601053710414845, 4.750000000000000000, 2.871946674335578376 ) ) ;
#2347 =( NAMED_UNIT ( * ) PLANE_ANGLE_UNIT ( ) SI_UNIT ( $, .RADIAN. ) );
#2348 = CARTESIAN_POINT ( 'NONE',  ( 16.78000000000000114, 0.0000000000000000000, 4.750000000000006217 ) ) ;
#2349 = ORIENTED_EDGE ( 'NONE', *, *, #112, .F. ) ;
#2350 = FILL_AREA_STYLE_COLOUR ( '', #87 ) ;
#2351 = ORIENTED_EDGE ( 'NONE', *, *, #11624, .F. ) ;
#2352 = UNCERTAINTY_MEASURE_WITH_UNIT (LENGTH_MEASURE( 1.000000000000000082E-05 ), #4382, 'distance_accuracy_value', 'NONE');
#2353 = DIRECTION ( 'NONE',  ( -0.0000000000000000000, -1.000000000000000000, -0.0000000000000000000 ) ) ;
#2354 = DIRECTION ( 'NONE',  ( -0.007092178509962484764, 0.0000000000000000000, 0.9999748501857348426 ) ) ;
#2355 = CARTESIAN_POINT ( 'NONE',  ( 5.680976860943950157, 4.750000000000000000, 2.923833665243924074 ) ) ;
#2356 = ORIENTED_EDGE ( 'NONE', *, *, #5481, .T. ) ;
#2357 = FILL_AREA_STYLE_COLOUR ( '', #4579 ) ;
#2358 =( LENGTH_UNIT ( ) NAMED_UNIT ( * ) SI_UNIT ( .MILLI., .METRE. ) );
#2359 = SURFACE_STYLE_FILL_AREA ( #7924 ) ;
#2360 = CARTESIAN_POINT ( 'NONE',  ( 4.698570525758425376, 4.751000000000000334, 2.420629143083527168 ) ) ;
#2361 = ORIENTED_EDGE ( 'NONE', *, *, #3520, .F. ) ;
#2362 = CARTESIAN_POINT ( 'NONE',  ( 5.415449108830877378, 4.750000000000000000, 1.658352860616929991 ) ) ;
#2363 =( NAMED_UNIT ( * ) PLANE_ANGLE_UNIT ( ) SI_UNIT ( $, .RADIAN. ) );
#2364 = CARTESIAN_POINT ( 'NONE',  ( 5.683900710923180277, 4.751000000000000334, 2.511580019789578788 ) ) ;
#2365 = ADVANCED_FACE ( 'NONE', ( #8384 ), #4902, .F. ) ;
#2366 = COLOUR_RGB ( '',0.0000000000000000000, 0.0000000000000000000, 0.0000000000000000000 ) ;
#2367 = PLANE ( 'NONE',  #6688 ) ;
#2368 = VECTOR ( 'NONE', #4340, 1000.000000000000000 ) ;
#2369 = FACE_OUTER_BOUND ( 'NONE', #4871, .T. ) ;
#2370 = SURFACE_SIDE_STYLE ('',( #9790 ) ) ;
#2371 = ORIENTED_EDGE ( 'NONE', *, *, #8992, .T. ) ;
#2372 = CARTESIAN_POINT ( 'NONE',  ( 3.913008070351545520, 4.750000000000000000, 2.036576253518942892 ) ) ;
#2373 = CARTESIAN_POINT ( 'NONE',  ( 7.456831887810671411, 4.750000000000000000, 3.016383252325527398 ) ) ;
#2374 = ORIENTED_EDGE ( 'NONE', *, *, #8386, .F. ) ;
#2375 = AXIS2_PLACEMENT_3D ( 'NONE', #4578, #9093, #10104 ) ;
#2376 = DIRECTION ( 'NONE',  ( -0.0000000000000000000, -1.000000000000000000, -0.0000000000000000000 ) ) ;
#2377 = CARTESIAN_POINT ( 'NONE',  ( 5.795671980265464818, 4.751000000000000334, 1.852629751203852315 ) ) ;
#2378 = PRESENTATION_LAYER_ASSIGNMENT (  '', '', ( #2770 ) ) ;
#2379 = SURFACE_STYLE_FILL_AREA ( #1278 ) ;
#2380 = ORIENTED_EDGE ( 'NONE', *, *, #11319, .F. ) ;
#2381 = CARTESIAN_POINT ( 'NONE',  ( 6.359803927017792624, 4.751000000000000334, 1.625798713492213832 ) ) ;
#2382 = VERTEX_POINT ( 'NONE', #4168 ) ;
#2383 = ORIENTED_EDGE ( 'NONE', *, *, #7506, .F. ) ;
#2384 =( NAMED_UNIT ( * ) PLANE_ANGLE_UNIT ( ) SI_UNIT ( $, .RADIAN. ) );
#2385 = VECTOR ( 'NONE', #975, 1000.000000000000114 ) ;
#2386 = EDGE_CURVE ( 'NONE', #6860, #2909, #7768, .T. ) ;
#2387 = CARTESIAN_POINT ( 'NONE',  ( 5.801308296424873667, 4.751000000000000334, 2.945482780062832706 ) ) ;
#2388 = STYLED_ITEM ( 'NONE', ( #5366 ), #5273 ) ;
#2389 = B_SPLINE_CURVE_WITH_KNOTS ( 'NONE', 3,
 ( #5369, #4566, #6339, #8343 ),
 .UNSPECIFIED., .F., .F.,
 ( 4, 4 ),
 ( 3.000000000000000000, 4.000000000000000000 ),
 .UNSPECIFIED. ) ;
#2390 = PRESENTATION_STYLE_ASSIGNMENT (( #7766 ) ) ;
#2391 = B_SPLINE_SURFACE_WITH_KNOTS ( 'NONE', 3, 1, ( 
 ( #7674, #7607 ),
 ( #9525, #11436 ),
 ( #4928, #4130 ),
 ( #3346, #11559 ) ),
 .UNSPECIFIED., .F., .F., .F.,
 ( 4, 4 ),
 ( 2, 2 ),
 ( 5.000000000000000000, 6.000000000000000000 ),
 ( 0.0000000000000000000, 1.000000000000000000 ),
 .UNSPECIFIED. ) ;
#2392 = CARTESIAN_POINT ( 'NONE',  ( 6.293759750458746360, 4.751000000000000334, 1.683298266340057303 ) ) ;
#2393 = PRESENTATION_STYLE_ASSIGNMENT (( #719 ) ) ;
#2394 = CARTESIAN_POINT ( 'NONE',  ( 5.893434448391693614, 4.751000000000000334, 1.666161985511055210 ) ) ;
#2395 = SURFACE_SIDE_STYLE ('',( #4056 ) ) ;
#2396 =( NAMED_UNIT ( * ) PLANE_ANGLE_UNIT ( ) SI_UNIT ( $, .RADIAN. ) );
#2397 = CARTESIAN_POINT ( 'NONE',  ( 5.865491657165016193, 4.750000000000000000, 1.665963805263412478 ) ) ;
#2398 = PRESENTATION_LAYER_ASSIGNMENT (  '', '', ( #1209 ) ) ;
#2399 = STYLED_ITEM ( 'NONE', ( #3017 ), #6449 ) ;
#2400 = ORIENTED_EDGE ( 'NONE', *, *, #10969, .F. ) ;
#2401 = EDGE_CURVE ( 'NONE', #9290, #1115, #1702, .T. ) ;
#2402 = ADVANCED_FACE ( 'NONE', ( #1413 ), #3560, .F. ) ;
#2403 = PRESENTATION_LAYER_ASSIGNMENT (  '', '', ( #6892 ) ) ;
#2404 = CARTESIAN_POINT ( 'NONE',  ( 5.008779282236432984, 4.750000000000000000, 2.480797216010141248 ) ) ;
#2405 = PRESENTATION_LAYER_ASSIGNMENT (  '', '', ( #816 ) ) ;
#2406 = VECTOR ( 'NONE', #6556, 1000.000000000000000 ) ;
#2407 = PRESENTATION_STYLE_ASSIGNMENT (( #8701 ) ) ;
#2408 = FILL_AREA_STYLE_COLOUR ( '', #103 ) ;
#2409 = CARTESIAN_POINT ( 'NONE',  ( 7.234119575604224472, 4.750000000000000000, 2.815975439130735669 ) ) ;
#2410 = CARTESIAN_POINT ( 'NONE',  ( 5.017794057246313777, 4.751000000000000334, 1.979425285848563476 ) ) ;
#2411 = VERTEX_POINT ( 'NONE', #8745 ) ;
#2412 = CARTESIAN_POINT ( 'NONE',  ( 5.466797839095709932, 4.751000000000000334, 1.712005977553587632 ) ) ;
#2413 =( GEOMETRIC_REPRESENTATION_CONTEXT ( 3 ) GLOBAL_UNCERTAINTY_ASSIGNED_CONTEXT ( ( #73 ) ) GLOBAL_UNIT_ASSIGNED_CONTEXT ( ( #1927, #8581, #1256 ) ) REPRESENTATION_CONTEXT ( 'NONE', 'WORKASPACE' ) );
#2414 = AXIS2_PLACEMENT_3D ( 'NONE', #6585, #7447, #3609 ) ;
#2415 = VECTOR ( 'NONE', #2674, 1000.000000000000114 ) ;
#2416 = ORIENTED_EDGE ( 'NONE', *, *, #191, .F. ) ;
#2417 = EDGE_CURVE ( 'NONE', #8326, #1176, #8561, .T. ) ;
#2418 = CARTESIAN_POINT ( 'NONE',  ( 4.067585281081509407, 4.751000000000000334, 1.609541480804983715 ) ) ;
#2419 = CARTESIAN_POINT ( 'NONE',  ( 5.721231509315352071, 4.751000000000000334, 2.489229479681916324 ) ) ;
#2420 = ORIENTED_EDGE ( 'NONE', *, *, #7255, .F. ) ;
#2421 = ADVANCED_FACE ( 'NONE', ( #4112 ), #11719, .F. ) ;
#2422 = CARTESIAN_POINT ( 'NONE',  ( 5.572697436692285677, 4.751000000000000334, 1.917594516430659812 ) ) ;
#2423 = AXIS2_PLACEMENT_3D ( 'NONE', #11065, #2662, #6403 ) ;
#2424 = VECTOR ( 'NONE', #12044, 1000.000000000000000 ) ;
#2425 = CARTESIAN_POINT ( 'NONE',  ( 4.698570525758425376, 4.750000000000000000, 2.420629143083527168 ) ) ;
#2426 = EDGE_LOOP ( 'NONE', ( #8608, #9388, #4518, #7169 ) ) ;
#2427 = SURFACE_STYLE_FILL_AREA ( #11810 ) ;
#2428 = CARTESIAN_POINT ( 'NONE',  ( 7.234119575604224472, 4.750000000000000000, 2.815975439130735669 ) ) ;
#2429 =( NAMED_UNIT ( * ) SI_UNIT ( $, .STERADIAN. ) SOLID_ANGLE_UNIT ( ) );
#2430 =( NAMED_UNIT ( * ) SI_UNIT ( $, .STERADIAN. ) SOLID_ANGLE_UNIT ( ) );
#2431 = UNCERTAINTY_MEASURE_WITH_UNIT (LENGTH_MEASURE( 1.000000000000000082E-05 ), #202, 'distance_accuracy_value', 'NONE');
#2432 = SURFACE_STYLE_USAGE ( .BOTH. , #1323 ) ;
#2433 = PRESENTATION_LAYER_ASSIGNMENT (  '', '', ( #7697 ) ) ;
#2434 = DIRECTION ( 'NONE',  ( 0.9999748501857360639, 0.0000000000000000000, 0.007092178509781885305 ) ) ;
#2435 = ORIENTED_EDGE ( 'NONE', *, *, #4255, .F. ) ;
#2436 =( NAMED_UNIT ( * ) PLANE_ANGLE_UNIT ( ) SI_UNIT ( $, .RADIAN. ) );
#2437 = CARTESIAN_POINT ( 'NONE',  ( 6.359803927017792624, 4.750000000000000000, 1.625798713492213832 ) ) ;
#2438 = CARTESIAN_POINT ( 'NONE',  ( 5.548873985797055042, 4.751000000000000334, 1.611469090392399384 ) ) ;
#2439 =( NAMED_UNIT ( * ) SI_UNIT ( $, .STERADIAN. ) SOLID_ANGLE_UNIT ( ) );
#2440 = ORIENTED_EDGE ( 'NONE', *, *, #7994, .F. ) ;
#2441 = COLOUR_RGB ( '',0.0000000000000000000, 0.0000000000000000000, 0.0000000000000000000 ) ;
#2442 = CARTESIAN_POINT ( 'NONE',  ( 6.110310657974830306, 4.751000000000000334, 1.911269566611054405 ) ) ;
#2443 = ORIENTED_EDGE ( 'NONE', *, *, #3706, .T. ) ;
#2444 = ORIENTED_EDGE ( 'NONE', *, *, #12052, .F. ) ;
#2445 = ORIENTED_EDGE ( 'NONE', *, *, #2487, .F. ) ;
#2446 = COLOUR_RGB ( '',0.0000000000000000000, 0.0000000000000000000, 0.0000000000000000000 ) ;
#2447 = CARTESIAN_POINT ( 'NONE',  ( 7.808526143341535608, 4.751000000000000334, 2.870660180011683327 ) ) ;
#2448 = DIRECTION ( 'NONE',  ( 0.9999748501857348426, -0.0000000000000000000, 0.007092178509963398096 ) ) ;
#2449 = PRESENTATION_LAYER_ASSIGNMENT (  '', '', ( #9890 ) ) ;
#2450 = DIRECTION ( 'NONE',  ( -0.9999748501857348426, -0.0000000000000000000, -0.007092178509964782405 ) ) ;
#2451 = FACE_BOUND ( 'NONE', #11029, .T. ) ;
#2452 = FACE_OUTER_BOUND ( 'NONE', #8302, .T. ) ;
#2453 = FILL_AREA_STYLE_COLOUR ( '', #9910 ) ;
#2454 = DIRECTION ( 'NONE',  ( 0.9999748501857348426, 0.0000000000000000000, 0.007092178509965236036 ) ) ;
#2455 = CARTESIAN_POINT ( 'NONE',  ( 5.910887727688271198, 4.751000000000000334, 1.789240236281552043 ) ) ;
#2456 = STYLED_ITEM ( 'NONE', ( #10681 ), #2992 ) ;
#2457 = ADVANCED_FACE ( 'NONE', ( #5338 ), #5710, .F. ) ;
#2458 =( GEOMETRIC_REPRESENTATION_CONTEXT ( 3 ) GLOBAL_UNCERTAINTY_ASSIGNED_CONTEXT ( ( #6977 ) ) GLOBAL_UNIT_ASSIGNED_CONTEXT ( ( #8455, #1106, #3023 ) ) REPRESENTATION_CONTEXT ( 'NONE', 'WORKASPACE' ) );
#2459 = SURFACE_STYLE_USAGE ( .BOTH. , #1539 ) ;
#2460 = ORIENTED_EDGE ( 'NONE', *, *, #3913, .T. ) ;
#2461 = VERTEX_POINT ( 'NONE', #1472 ) ;
#2462 = FILL_AREA_STYLE_COLOUR ( '', #4555 ) ;
#2463 = B_SPLINE_CURVE_WITH_KNOTS ( 'NONE', 3,
 ( #2684, #5570, #9292, #876 ),
 .UNSPECIFIED., .F., .F.,
 ( 4, 4 ),
 ( 3.000000000000000000, 4.000000000000000000 ),
 .UNSPECIFIED. ) ;
#2464 = UNCERTAINTY_MEASURE_WITH_UNIT (LENGTH_MEASURE( 1.000000000000000082E-05 ), #7964, 'distance_accuracy_value', 'NONE');
#2465 = PRESENTATION_STYLE_ASSIGNMENT (( #10075 ) ) ;
#2466 = STYLED_ITEM ( 'NONE', ( #1219 ), #9417 ) ;
#2467 = CARTESIAN_POINT ( 'NONE',  ( 4.327865413470510347, 4.751000000000000334, 2.103042877677007816 ) ) ;
#2468 = CARTESIAN_POINT ( 'NONE',  ( 4.513428274907542281, 4.751000000000000334, 2.062670113291871221 ) ) ;
#2469 = LINE ( 'NONE', #3400, #9492 ) ;
#2470 = LINE ( 'NONE', #5289, #3272 ) ;
#2471 = ORIENTED_EDGE ( 'NONE', *, *, #2538, .T. ) ;
#2472 = EDGE_CURVE ( 'NONE', #8057, #6567, #9874, .T. ) ;
#2473 = CARTESIAN_POINT ( 'NONE',  ( 16.78000000000000114, 0.0000000000000000000, 3.750000000000004885 ) ) ;
#2474 = MECHANICAL_DESIGN_GEOMETRIC_PRESENTATION_REPRESENTATION (  '', ( #9919 ), #696 ) ;
#2475 =( LENGTH_UNIT ( ) NAMED_UNIT ( * ) SI_UNIT ( .MILLI., .METRE. ) );
#2476 = ORIENTED_EDGE ( 'NONE', *, *, #6960, .F. ) ;
#2477 = UNCERTAINTY_MEASURE_WITH_UNIT (LENGTH_MEASURE( 1.000000000000000082E-05 ), #5737, 'distance_accuracy_value', 'NONE');
#2478 = DIRECTION ( 'NONE',  ( 1.000000000000000000, -0.0000000000000000000, -0.0000000000000000000 ) ) ;
#2479 = ORIENTED_EDGE ( 'NONE', *, *, #6226, .T. ) ;
#2480 = AXIS2_PLACEMENT_3D ( 'NONE', #3328, #1295, #4356 ) ;
#2481 = FACE_OUTER_BOUND ( 'NONE', #11026, .T. ) ;
#2482 =( LENGTH_UNIT ( ) NAMED_UNIT ( * ) SI_UNIT ( .MILLI., .METRE. ) );
#2483 = STYLED_ITEM ( 'NONE', ( #4972 ), #10256 ) ;
#2484 = EDGE_LOOP ( 'NONE', ( #8171, #10305, #8362, #3601 ) ) ;
#2485 = ADVANCED_FACE ( 'NONE', ( #2452 ), #3853, .F. ) ;
#2486 = CARTESIAN_POINT ( 'NONE',  ( 8.245387808543862107, 4.750000000000000000, 2.949674791134507146 ) ) ;
#2487 = EDGE_CURVE ( 'NONE', #4201, #7605, #3861, .T. ) ;
#2488 = CARTESIAN_POINT ( 'NONE',  ( 11.00000000000000000, 0.0000000000000000000, 0.0000000000000000000 ) ) ;
#2489 = DIRECTION ( 'NONE',  ( -0.0000000000000000000, -1.000000000000000000, -0.0000000000000000000 ) ) ;
#2490 = B_SPLINE_SURFACE_WITH_KNOTS ( 'NONE', 3, 1, ( 
 ( #4468, #7162 ),
 ( #4214, #5567 ),
 ( #8238, #3847 ),
 ( #997, #3790 ) ),
 .UNSPECIFIED., .F., .F., .F.,
 ( 4, 4 ),
 ( 2, 2 ),
 ( 0.0000000000000000000, 1.000000000000000000 ),
 ( 0.0000000000000000000, 1.000000000000000000 ),
 .UNSPECIFIED. ) ;
#2491 = STYLED_ITEM ( 'NONE', ( #2764 ), #10568 ) ;
#2492 = PRESENTATION_STYLE_ASSIGNMENT (( #6349 ) ) ;
#2493 =( NAMED_UNIT ( * ) SI_UNIT ( $, .STERADIAN. ) SOLID_ANGLE_UNIT ( ) );
#2494 = DIRECTION ( 'NONE',  ( -0.007092178509964183926, 0.0000000000000000000, 0.9999748501857348426 ) ) ;
#2495 = CARTESIAN_POINT ( 'NONE',  ( 5.467030124781331324, 4.750000000000000000, 1.679254426904941644 ) ) ;
#2496 = ORIENTED_EDGE ( 'NONE', *, *, #10752, .T. ) ;
#2497 = UNCERTAINTY_MEASURE_WITH_UNIT (LENGTH_MEASURE( 1.000000000000000082E-05 ), #394, 'distance_accuracy_value', 'NONE');
#2498 = FILL_AREA_STYLE ('',( #9978 ) ) ;
#2499 = UNCERTAINTY_MEASURE_WITH_UNIT (LENGTH_MEASURE( 1.000000000000000082E-05 ), #10271, 'distance_accuracy_value', 'NONE');
#2500 = CARTESIAN_POINT ( 'NONE',  ( 6.292133750659454350, 4.751000000000000334, 1.912559120873657648 ) ) ;
#2501 = DIRECTION ( 'NONE',  ( -0.9999748501857348426, 0.0000000000000000000, -0.007092178509964562096 ) ) ;
#2502 = SURFACE_SIDE_STYLE ('',( #575 ) ) ;
#2503 = EDGE_LOOP ( 'NONE', ( #1898, #10980, #7231, #530 ) ) ;
#2504 =( GEOMETRIC_REPRESENTATION_CONTEXT ( 3 ) GLOBAL_UNCERTAINTY_ASSIGNED_CONTEXT ( ( #7933 ) ) GLOBAL_UNIT_ASSIGNED_CONTEXT ( ( #6372, #4479, #8930 ) ) REPRESENTATION_CONTEXT ( 'NONE', 'WORKASPACE' ) );
#2505 =( NAMED_UNIT ( * ) SI_UNIT ( $, .STERADIAN. ) SOLID_ANGLE_UNIT ( ) );
#2506 = CARTESIAN_POINT ( 'NONE',  ( 4.313609839173923710, 4.751000000000000334, 2.417898864508952528 ) ) ;
#2507 = ORIENTED_EDGE ( 'NONE', *, *, #7286, .T. ) ;
#2508 = MECHANICAL_DESIGN_GEOMETRIC_PRESENTATION_REPRESENTATION (  '', ( #2701 ), #4077 ) ;
#2509 = EDGE_LOOP ( 'NONE', ( #9399, #10708, #3426, #7953 ) ) ;
#2510 = CARTESIAN_POINT ( 'NONE',  ( 4.244484384566872492, 4.751000000000000334, 1.682021320945930931 ) ) ;
#2511 = FILL_AREA_STYLE_COLOUR ( '', #5648 ) ;
#2512 = VECTOR ( 'NONE', #5199, 1000.000000000000114 ) ;
#2513 = B_SPLINE_CURVE_WITH_KNOTS ( 'NONE', 3,
 ( #5109, #8642, #2104, #10706 ),
 .UNSPECIFIED., .F., .F.,
 ( 4, 4 ),
 ( 28.00000000000000000, 29.00000000000000000 ),
 .UNSPECIFIED. ) ;
#2514 = LINE ( 'NONE', #10863, #11605 ) ;
#2515 = CARTESIAN_POINT ( 'NONE',  ( 5.825310698065924164, 4.751000000000000334, 2.420042167947327183 ) ) ;
#2516 = VECTOR ( 'NONE', #6301, 1000.000000000000000 ) ;
#2517 = CARTESIAN_POINT ( 'NONE',  ( 8.753291089815085968, 4.750000000000000000, 1.677161364133628707 ) ) ;
#2518 = FILL_AREA_STYLE_COLOUR ( '', #11314 ) ;
#2519 = CARTESIAN_POINT ( 'NONE',  ( 3.903614538374840848, 4.751000000000000334, 2.023252384388694924 ) ) ;
#2520 = FACE_OUTER_BOUND ( 'NONE', #10259, .T. ) ;
#2521 =( LENGTH_UNIT ( ) NAMED_UNIT ( * ) SI_UNIT ( .MILLI., .METRE. ) );
#2522 = EDGE_LOOP ( 'NONE', ( #10712, #6511, #1208, #764 ) ) ;
#2523 = VERTEX_POINT ( 'NONE', #6546 ) ;
#2524 = PRESENTATION_STYLE_ASSIGNMENT (( #10936 ) ) ;
#2525 = EDGE_CURVE ( 'NONE', #2411, #4216, #10793, .T. ) ;
#2526 =( LENGTH_UNIT ( ) NAMED_UNIT ( * ) SI_UNIT ( .MILLI., .METRE. ) );
#2527 = CARTESIAN_POINT ( 'NONE',  ( 4.578646546804878703, 4.751000000000000334, 2.121620518302036906 ) ) ;
#2528 = DIRECTION ( 'NONE',  ( -0.0000000000000000000, -1.000000000000000000, -0.0000000000000000000 ) ) ;
#2529 = FILL_AREA_STYLE_COLOUR ( '', #2880 ) ;
#2530 = CARTESIAN_POINT ( 'NONE',  ( 5.994954703094022896, 4.751000000000000334, 2.617504586363720964 ) ) ;
#2531 = DIRECTION ( 'NONE',  ( 0.007092178509965622012, 0.0000000000000000000, -0.9999748501857348426 ) ) ;
#2532 = LINE ( 'NONE', #10011, #6014 ) ;
#2533 = ORIENTED_EDGE ( 'NONE', *, *, #3226, .T. ) ;
#2534 = SURFACE_STYLE_USAGE ( .BOTH. , #10948 ) ;
#2535 = EDGE_LOOP ( 'NONE', ( #11944, #1042, #10542, #2171 ) ) ;
#2536 = VECTOR ( 'NONE', #11549, 1000.000000000000114 ) ;
#2537 = CARTESIAN_POINT ( 'NONE',  ( 8.417902061060656749, 4.750000000000000000, 2.582162518155731945 ) ) ;
#2538 = EDGE_CURVE ( 'NONE', #1420, #11895, #10298, .T. ) ;
#2539 = PRESENTATION_STYLE_ASSIGNMENT (( #11735 ) ) ;
#2540 = CARTESIAN_POINT ( 'NONE',  ( 5.910310741161374892, 4.750000000000000000, 1.614032528851506498 ) ) ;
#2541 = ORIENTED_EDGE ( 'NONE', *, *, #3810, .T. ) ;
#2542 = FILL_AREA_STYLE_COLOUR ( '', #8084 ) ;
#2543 = CARTESIAN_POINT ( 'NONE',  ( 7.294803508127515101, 4.751000000000000334, 2.415134320183523364 ) ) ;
#2544 = CARTESIAN_POINT ( 'NONE',  ( 7.305648111579486681, 4.751000000000000334, 2.415211233981442440 ) ) ;
#2545 = VERTEX_POINT ( 'NONE', #2877 ) ;
#2546 = CARTESIAN_POINT ( 'NONE',  ( 8.245387808543862107, 4.751000000000000334, 2.949674791134507146 ) ) ;
#2547 = AXIS2_PLACEMENT_3D ( 'NONE', #2488, #10960, #11814 ) ;
#2548 =( NAMED_UNIT ( * ) PLANE_ANGLE_UNIT ( ) SI_UNIT ( $, .RADIAN. ) );
#2549 =( LENGTH_UNIT ( ) NAMED_UNIT ( * ) SI_UNIT ( .MILLI., .METRE. ) );
#2550 = UNCERTAINTY_MEASURE_WITH_UNIT (LENGTH_MEASURE( 1.000000000000000082E-05 ), #4627, 'distance_accuracy_value', 'NONE');
#2551 = EDGE_CURVE ( 'NONE', #7951, #6190, #4401, .T. ) ;
#2552 = EDGE_CURVE ( 'NONE', #3114, #7949, #5644, .T. ) ;
#2553 = CARTESIAN_POINT ( 'NONE',  ( 5.857744171827659052, 4.751000000000000334, 2.886615351628824211 ) ) ;
#2554 = STYLED_ITEM ( 'NONE', ( #9320 ), #4321 ) ;
#2555 = ORIENTED_EDGE ( 'NONE', *, *, #1646, .T. ) ;
#2556 = SURFACE_STYLE_USAGE ( .BOTH. , #10968 ) ;
#2557 =( LENGTH_UNIT ( ) NAMED_UNIT ( * ) SI_UNIT ( .MILLI., .METRE. ) );
#2558 = CARTESIAN_POINT ( 'NONE',  ( 7.810602685323946304, 4.750000000000000000, 3.087578438258134828 ) ) ;
#2559 = ORIENTED_EDGE ( 'NONE', *, *, #4255, .T. ) ;
#2560 = FILL_AREA_STYLE_COLOUR ( '', #5656 ) ;
#2561 = MECHANICAL_DESIGN_GEOMETRIC_PRESENTATION_REPRESENTATION (  '', ( #11372 ), #10203 ) ;
#2562 =( GEOMETRIC_REPRESENTATION_CONTEXT ( 3 ) GLOBAL_UNCERTAINTY_ASSIGNED_CONTEXT ( ( #6863 ) ) GLOBAL_UNIT_ASSIGNED_CONTEXT ( ( #11103, #4423, #7415 ) ) REPRESENTATION_CONTEXT ( 'NONE', 'WORKASPACE' ) );
#2563 = CARTESIAN_POINT ( 'NONE',  ( 6.024710714677333101, 4.750000000000000000, 1.720641923077660840 ) ) ;
#2564 = ORIENTED_EDGE ( 'NONE', *, *, #7774, .T. ) ;
#2565 = UNCERTAINTY_MEASURE_WITH_UNIT (LENGTH_MEASURE( 1.000000000000000082E-05 ), #11477, 'distance_accuracy_value', 'NONE');
#2566 = B_SPLINE_SURFACE_WITH_KNOTS ( 'NONE', 3, 1, ( 
 ( #4993, #11980 ),
 ( #3409, #8039 ),
 ( #6165, #2599 ),
 ( #554, #1602 ) ),
 .UNSPECIFIED., .F., .F., .F.,
 ( 4, 4 ),
 ( 2, 2 ),
 ( 12.00000000000000000, 13.00000000000000000 ),
 ( 0.0000000000000000000, 1.000000000000000000 ),
 .UNSPECIFIED. ) ;
#2567 = ORIENTED_EDGE ( 'NONE', *, *, #10752, .F. ) ;
#2568 = CARTESIAN_POINT ( 'NONE',  ( 5.881095909275361855, 4.751000000000000334, 1.793188078342175196 ) ) ;
#2569 = PLANE ( 'NONE',  #3359 ) ;
#2570 = EDGE_CURVE ( 'NONE', #1790, #3036, #6481, .T. ) ;
#2571 = VECTOR ( 'NONE', #10088, 1000.000000000000000 ) ;
#2572 = DIRECTION ( 'NONE',  ( 0.9468623945986612833, 0.0000000000000000000, -0.3216389368451669228 ) ) ;
#2573 = VECTOR ( 'NONE', #4766, 1000.000000000000114 ) ;
#2574 = ADVANCED_FACE ( 'NONE', ( #10178 ), #3745, .F. ) ;
#2575 = DIRECTION ( 'NONE',  ( -0.9999748501857348426, -0.0000000000000000000, -0.007092178509963964483 ) ) ;
#2576 = SURFACE_SIDE_STYLE ('',( #10984 ) ) ;
#2577 = CARTESIAN_POINT ( 'NONE',  ( 5.509505154144900274, 4.751000000000000334, 1.939501691646833503 ) ) ;
#2578 = B_SPLINE_CURVE_WITH_KNOTS ( 'NONE', 3,
 ( #3282, #8098, #5049, #6214 ),
 .UNSPECIFIED., .F., .F.,
 ( 4, 4 ),
 ( 2.000000000000000000, 3.000000000000000000 ),
 .UNSPECIFIED. ) ;
#2579 =( LENGTH_UNIT ( ) NAMED_UNIT ( * ) SI_UNIT ( .MILLI., .METRE. ) );
#2580 =( LENGTH_UNIT ( ) NAMED_UNIT ( * ) SI_UNIT ( .MILLI., .METRE. ) );
#2581 =( LENGTH_UNIT ( ) NAMED_UNIT ( * ) SI_UNIT ( .MILLI., .METRE. ) );
#2582 =( NAMED_UNIT ( * ) SI_UNIT ( $, .STERADIAN. ) SOLID_ANGLE_UNIT ( ) );
#2583 = VECTOR ( 'NONE', #6329, 1000.000000000000000 ) ;
#2584 = ORIENTED_EDGE ( 'NONE', *, *, #1162, .F. ) ;
#2585 =( GEOMETRIC_REPRESENTATION_CONTEXT ( 3 ) GLOBAL_UNCERTAINTY_ASSIGNED_CONTEXT ( ( #1517 ) ) GLOBAL_UNIT_ASSIGNED_CONTEXT ( ( #3772, #11305, #11547 ) ) REPRESENTATION_CONTEXT ( 'NONE', 'WORKASPACE' ) );
#2586 = ORIENTED_EDGE ( 'NONE', *, *, #1672, .F. ) ;
#2587 =( GEOMETRIC_REPRESENTATION_CONTEXT ( 3 ) GLOBAL_UNCERTAINTY_ASSIGNED_CONTEXT ( ( #8942 ) ) GLOBAL_UNIT_ASSIGNED_CONTEXT ( ( #507, #9913, #2167 ) ) REPRESENTATION_CONTEXT ( 'NONE', 'WORKASPACE' ) );
#2588 = FACE_OUTER_BOUND ( 'NONE', #7119, .T. ) ;
#2589 = PRESENTATION_STYLE_ASSIGNMENT (( #6326 ) ) ;
#2590 = SURFACE_STYLE_USAGE ( .BOTH. , #11672 ) ;
#2591 = SURFACE_STYLE_USAGE ( .BOTH. , #8094 ) ;
#2592 = COLOUR_RGB ( '',0.0000000000000000000, 0.0000000000000000000, 0.0000000000000000000 ) ;
#2593 =( LENGTH_UNIT ( ) NAMED_UNIT ( * ) SI_UNIT ( .MILLI., .METRE. ) );
#2594 =( NAMED_UNIT ( * ) PLANE_ANGLE_UNIT ( ) SI_UNIT ( $, .RADIAN. ) );
#2595 = VERTEX_POINT ( 'NONE', #1891 ) ;
#2596 = PRESENTATION_LAYER_ASSIGNMENT (  '', '', ( #6504 ) ) ;
#2597 = PRESENTATION_LAYER_ASSIGNMENT (  '', '', ( #2984 ) ) ;
#2598 =( NAMED_UNIT ( * ) PLANE_ANGLE_UNIT ( ) SI_UNIT ( $, .RADIAN. ) );
#2599 = CARTESIAN_POINT ( 'NONE',  ( 5.912141280760506490, 4.750000000000000000, 1.942357330750144939 ) ) ;
#2600 = DIRECTION ( 'NONE',  ( 0.0000000000000000000, -0.0000000000000000000, 1.000000000000000000 ) ) ;
#2601 = EDGE_LOOP ( 'NONE', ( #6647, #5899, #457, #6654 ) ) ;
#2602 = LINE ( 'NONE', #4625, #11439 ) ;
#2603 = SURFACE_STYLE_USAGE ( .BOTH. , #9668 ) ;
#2604 = ORIENTED_EDGE ( 'NONE', *, *, #1882, .F. ) ;
#2605 = CARTESIAN_POINT ( 'NONE',  ( 7.556228387931413160, 4.751000000000000334, 1.744587548815732525 ) ) ;
#2606 = STYLED_ITEM ( 'NONE', ( #6704 ), #6912 ) ;
#2607 = STYLED_ITEM ( 'NONE', ( #5820 ), #7561 ) ;
#2608 = VECTOR ( 'NONE', #4669, 1000.000000000000000 ) ;
#2609 =( LENGTH_UNIT ( ) NAMED_UNIT ( * ) SI_UNIT ( .MILLI., .METRE. ) );
#2610 = EDGE_CURVE ( 'NONE', #8181, #6460, #6250, .T. ) ;
#2611 = CARTESIAN_POINT ( 'NONE',  ( 8.636102286682207918, 4.751000000000000334, 1.889618746306694463 ) ) ;
#2612 = VECTOR ( 'NONE', #3265, 1000.000000000000000 ) ;
#2613 = DIRECTION ( 'NONE',  ( 0.0000000000000000000, -1.195372373669727292E-16, -1.000000000000000000 ) ) ;
#2614 = CARTESIAN_POINT ( 'NONE',  ( 6.356197968279209576, 4.751000000000000334, 2.134227547358212185 ) ) ;
#2615 =( GEOMETRIC_REPRESENTATION_CONTEXT ( 3 ) GLOBAL_UNCERTAINTY_ASSIGNED_CONTEXT ( ( #941 ) ) GLOBAL_UNIT_ASSIGNED_CONTEXT ( ( #11622, #11805, #6952 ) ) REPRESENTATION_CONTEXT ( 'NONE', 'WORKASPACE' ) );
#2616 = VECTOR ( 'NONE', #9094, 1000.000000000000227 ) ;
#2617 = ORIENTED_EDGE ( 'NONE', *, *, #9686, .F. ) ;
#2618 = UNCERTAINTY_MEASURE_WITH_UNIT (LENGTH_MEASURE( 1.000000000000000082E-05 ), #7572, 'distance_accuracy_value', 'NONE');
#2619 = CARTESIAN_POINT ( 'NONE',  ( 5.796263755702638854, 4.750000000000000000, 1.769191276932375212 ) ) ;
#2620 = CARTESIAN_POINT ( 'NONE',  ( 3.915822168946374582, 4.750000000000000000, 2.024638695343270012 ) ) ;
#2621 = CARTESIAN_POINT ( 'NONE',  ( 5.645215970810377293, 4.751000000000000334, 1.863520180253583902 ) ) ;
#2622 = ORIENTED_EDGE ( 'NONE', *, *, #7283, .F. ) ;
#2623 = CARTESIAN_POINT ( 'NONE',  ( 3.908870341059587528, 4.751000000000000334, 2.051883722249699726 ) ) ;
#2624 = EDGE_CURVE ( 'NONE', #266, #2629, #8733, .T. ) ;
#2625 = ADVANCED_FACE ( 'NONE', ( #2177 ), #7363, .F. ) ;
#2626 = VECTOR ( 'NONE', #4444, 1000.000000000000000 ) ;
#2627 = MECHANICAL_DESIGN_GEOMETRIC_PRESENTATION_REPRESENTATION (  '', ( #10654 ), #10456 ) ;
#2628 = CARTESIAN_POINT ( 'NONE',  ( 5.994066292223217296, 4.751000000000000334, 1.643220614943113889 ) ) ;
#2629 = VERTEX_POINT ( 'NONE', #2247 ) ;
#2630 = ORIENTED_EDGE ( 'NONE', *, *, #56, .T. ) ;
#2631 = DIRECTION ( 'NONE',  ( 0.0000000000000000000, 1.000000000000000000, -1.195372373669727292E-16 ) ) ;
#2632 = CARTESIAN_POINT ( 'NONE',  ( 4.921210400610024571, 4.750000000000000000, 2.824344672324774042 ) ) ;
#2633 = FACE_OUTER_BOUND ( 'NONE', #6078, .T. ) ;
#2635 = STYLED_ITEM ( 'NONE', ( #9720 ), #672 ) ;
#2634 = FACE_OUTER_BOUND ( 'NONE', #9731, .T. ) ;
#2636 =( GEOMETRIC_REPRESENTATION_CONTEXT ( 3 ) GLOBAL_UNCERTAINTY_ASSIGNED_CONTEXT ( ( #3796 ) ) GLOBAL_UNIT_ASSIGNED_CONTEXT ( ( #3582, #1657, #4431 ) ) REPRESENTATION_CONTEXT ( 'NONE', 'WORKASPACE' ) );
#2637 = PRESENTATION_STYLE_ASSIGNMENT (( #11038 ) ) ;
#2638 = DIRECTION ( 'NONE',  ( -0.0000000000000000000, -1.000000000000000000, -0.0000000000000000000 ) ) ;
#2639 = CARTESIAN_POINT ( 'NONE',  ( 4.503653921965412366, 4.751000000000000334, 2.927701133579587722 ) ) ;
#2640 = CARTESIAN_POINT ( 'NONE',  ( 11.00000000000000000, 4.750000000000000000, -1.135603754986240755E-15 ) ) ;
#2641 = ADVANCED_FACE ( 'NONE', ( #4893 ), #8134, .F. ) ;
#2642 = EDGE_CURVE ( 'NONE', #3281, #5139, #8409, .T. ) ;
#2643 = B_SPLINE_CURVE_WITH_KNOTS ( 'NONE', 3,
 ( #5781, #1030, #4856, #8504 ),
 .UNSPECIFIED., .F., .F.,
 ( 4, 4 ),
 ( 11.00000000000000000, 12.00000000000000000 ),
 .UNSPECIFIED. ) ;
#2644 = CARTESIAN_POINT ( 'NONE',  ( 4.235485328940698402, 4.750000000000000000, 1.869638520470928267 ) ) ;
#2645 = COLOUR_RGB ( '',0.0000000000000000000, 0.0000000000000000000, 0.0000000000000000000 ) ;
#2646 = EDGE_LOOP ( 'NONE', ( #10505, #11047, #9855, #6382 ) ) ;
#2647 = EDGE_LOOP ( 'NONE', ( #7578, #11466, #10607, #5528 ) ) ;
#2648 = PRESENTATION_LAYER_ASSIGNMENT (  '', '', ( #2233 ) ) ;
#2649 = ADVANCED_FACE ( 'NONE', ( #1274 ), #1975, .F. ) ;
#2650 = CARTESIAN_POINT ( 'NONE',  ( 4.437001459358331346, 4.751000000000000334, 2.557845120836619301 ) ) ;
#2651 = ADVANCED_FACE ( 'NONE', ( #8126 ), #8228, .F. ) ;
#2652 = LINE ( 'NONE', #12033, #10269 ) ;
#2653 = CARTESIAN_POINT ( 'NONE',  ( 8.753291089815085968, 4.750000000000000000, 1.677161364133628707 ) ) ;
#2654 = COLOUR_RGB ( '',0.0000000000000000000, 0.0000000000000000000, 0.0000000000000000000 ) ;
#2655 = CARTESIAN_POINT ( 'NONE',  ( 5.647237400633260407, 4.751000000000000334, 1.633482292201687835 ) ) ;
#2656 = VECTOR ( 'NONE', #7529, 1000.000000000000000 ) ;
#2657 = ORIENTED_EDGE ( 'NONE', *, *, #1951, .T. ) ;
#2658 = MECHANICAL_DESIGN_GEOMETRIC_PRESENTATION_REPRESENTATION (  '', ( #5800 ), #9696 ) ;
#2659 = CARTESIAN_POINT ( 'NONE',  ( 5.579383801027882228, 4.750000000000000000, 1.891127444814575842 ) ) ;
#2660 = FILL_AREA_STYLE_COLOUR ( '', #5344 ) ;
#2661 = VERTEX_POINT ( 'NONE', #522 ) ;
#2662 = DIRECTION ( 'NONE',  ( 0.9999748501857348426, -0.0000000000000000000, 0.007092178509963559425 ) ) ;
#2663 = FILL_AREA_STYLE ('',( #1736 ) ) ;
#2664 = PLANE ( 'NONE',  #7347 ) ;
#2665 = SURFACE_SIDE_STYLE ('',( #10328 ) ) ;
#2666 = ORIENTED_EDGE ( 'NONE', *, *, #8433, .T. ) ;
#2667 = DIRECTION ( 'NONE',  ( 0.9999748501857347316, 0.0000000000000000000, 0.007092178509983381243 ) ) ;
#2668 = B_SPLINE_SURFACE_WITH_KNOTS ( 'NONE', 3, 1, ( 
 ( #10241, #9719 ),
 ( #1949, #2750 ),
 ( #894, #3808 ),
 ( #10481, #85 ) ),
 .UNSPECIFIED., .F., .F., .F.,
 ( 4, 4 ),
 ( 2, 2 ),
 ( 3.000000000000000000, 4.000000000000000000 ),
 ( 0.0000000000000000000, 1.000000000000000000 ),
 .UNSPECIFIED. ) ;
#2669 = STYLED_ITEM ( 'NONE', ( #8348 ), #9803 ) ;
#2670 = UNCERTAINTY_MEASURE_WITH_UNIT (LENGTH_MEASURE( 1.000000000000000082E-05 ), #8559, 'distance_accuracy_value', 'NONE');
#2671 =( NAMED_UNIT ( * ) PLANE_ANGLE_UNIT ( ) SI_UNIT ( $, .RADIAN. ) );
#2672 = B_SPLINE_CURVE_WITH_KNOTS ( 'NONE', 3,
 ( #3420, #4094, #442, #2237 ),
 .UNSPECIFIED., .F., .F.,
 ( 4, 4 ),
 ( 4.000000000000000000, 5.000000000000000000 ),
 .UNSPECIFIED. ) ;
#2673 = MECHANICAL_DESIGN_GEOMETRIC_PRESENTATION_REPRESENTATION (  '', ( #1086 ), #889 ) ;
#2674 = DIRECTION ( 'NONE',  ( -0.9999748501857348426, -0.0000000000000000000, -0.007092178509963925452 ) ) ;
#2675 = PRESENTATION_LAYER_ASSIGNMENT (  '', '', ( #6396 ) ) ;
#2676 = SURFACE_SIDE_STYLE ('',( #4690 ) ) ;
#2677 = ORIENTED_EDGE ( 'NONE', *, *, #10049, .T. ) ;
#2678 = LINE ( 'NONE', #4585, #7502 ) ;
#2679 = EDGE_CURVE ( 'NONE', #7065, #10002, #7827, .T. ) ;
#2680 = LINE ( 'NONE', #5680, #4392 ) ;
#2681 = CARTESIAN_POINT ( 'NONE',  ( 5.466797839095709932, 4.751000000000000334, 1.712005977553587632 ) ) ;
#2682 = PRESENTATION_STYLE_ASSIGNMENT (( #2736 ) ) ;
#2683 = ORIENTED_EDGE ( 'NONE', *, *, #3857, .T. ) ;
#2684 = CARTESIAN_POINT ( 'NONE',  ( 4.166460228167889746, 4.751000000000000334, 1.870968591937121506 ) ) ;
#2685 = PRESENTATION_LAYER_ASSIGNMENT (  '', '', ( #1509 ) ) ;
#2686 = CARTESIAN_POINT ( 'NONE',  ( 5.994523315392167540, 4.750000000000000000, 2.678328894709728125 ) ) ;
#2687 = STYLED_ITEM ( 'NONE', ( #483 ), #10425 ) ;
#2688 = CARTESIAN_POINT ( 'NONE',  ( 3.996529538601966358, 4.751000000000000334, 1.805556716723700106 ) ) ;
#2689 = VERTEX_POINT ( 'NONE', #6298 ) ;
#2690 = VERTEX_POINT ( 'NONE', #10784 ) ;
#2691 = CARTESIAN_POINT ( 'NONE',  ( 4.885703005539357768, 4.750000000000000000, 1.673311825395795704 ) ) ;
#2692 = FILL_AREA_STYLE ('',( #2511 ) ) ;
#2693 = CARTESIAN_POINT ( 'NONE',  ( 4.884266745028948975, 4.751000000000000334, 2.792109294685853893 ) ) ;
#2694 = EDGE_CURVE ( 'NONE', #9360, #10582, #10045, .T. ) ;
#2695 = COLOUR_RGB ( '',0.0000000000000000000, 0.0000000000000000000, 0.0000000000000000000 ) ;
#2696 = DIRECTION ( 'NONE',  ( 0.0000000000000000000, -1.000000000000000000, 1.195372373669727292E-16 ) ) ;
#2697 = SURFACE_STYLE_FILL_AREA ( #11952 ) ;
#2698 = FACE_OUTER_BOUND ( 'NONE', #2923, .T. ) ;
#2699 = DIRECTION ( 'NONE',  ( 0.9999748501857348426, 0.0000000000000000000, 0.007092178509964204743 ) ) ;
#2700 = SURFACE_SIDE_STYLE ('',( #8196 ) ) ;
#2701 = STYLED_ITEM ( 'NONE', ( #7634 ), #11743 ) ;
#2702 = PRESENTATION_STYLE_ASSIGNMENT (( #12084 ) ) ;
#2703 = VERTEX_POINT ( 'NONE', #5507 ) ;
#2704 = EDGE_LOOP ( 'NONE', ( #1819, #5488, #3067, #1703 ) ) ;
#2705 = CARTESIAN_POINT ( 'NONE',  ( 5.184920842784719319, 4.751000000000000334, 1.707147399115480413 ) ) ;
#2706 = ADVANCED_FACE ( 'NONE', ( #6532 ), #10404, .F. ) ;
#2707 = EDGE_CURVE ( 'NONE', #11780, #8127, #3480, .T. ) ;
#2708 =( GEOMETRIC_REPRESENTATION_CONTEXT ( 3 ) GLOBAL_UNCERTAINTY_ASSIGNED_CONTEXT ( ( #646 ) ) GLOBAL_UNIT_ASSIGNED_CONTEXT ( ( #9782, #2229, #8587 ) ) REPRESENTATION_CONTEXT ( 'NONE', 'WORKASPACE' ) );
#2709 = SURFACE_STYLE_FILL_AREA ( #1723 ) ;
#2710 = EDGE_CURVE ( 'NONE', #9569, #2991, #9438, .T. ) ;
#2711 = FILL_AREA_STYLE ('',( #10994 ) ) ;
#2712 = CARTESIAN_POINT ( 'NONE',  ( 5.470176060073355551, 4.750000000000000000, 1.620528939233694121 ) ) ;
#2713 = CARTESIAN_POINT ( 'NONE',  ( 7.259039443439512240, 4.750000000000000000, 1.850931544094996051 ) ) ;
#2714 = FACE_OUTER_BOUND ( 'NONE', #6970, .T. ) ;
#2715 = DIRECTION ( 'NONE',  ( -0.9999748501857348426, 0.0000000000000000000, -0.007092178509963753714 ) ) ;
#2716 = CARTESIAN_POINT ( 'NONE',  ( 6.037952372350956942, 4.750000000000000000, 2.822387056300098340 ) ) ;
#2717 = AXIS2_PLACEMENT_3D ( 'NONE', #5436, #3297, #4323 ) ;
#2718 = ORIENTED_EDGE ( 'NONE', *, *, #11930, .T. ) ;
#2719 = SURFACE_SIDE_STYLE ('',( #6506 ) ) ;
#2720 = FACE_OUTER_BOUND ( 'NONE', #7852, .T. ) ;
#2721 = FILL_AREA_STYLE_COLOUR ( '', #5911 ) ;
#2722 = SURFACE_STYLE_USAGE ( .BOTH. , #8394 ) ;
#2723 = ORIENTED_EDGE ( 'NONE', *, *, #1520, .F. ) ;
#2724 = FILL_AREA_STYLE ('',( #12046 ) ) ;
#2725 = CARTESIAN_POINT ( 'NONE',  ( 5.472075764224972438, 4.750000000000000000, 1.737518120114881048 ) ) ;
#2726 = DIRECTION ( 'NONE',  ( -0.0000000000000000000, -1.000000000000000000, -0.0000000000000000000 ) ) ;
#2727 = PLANE ( 'NONE',  #444 ) ;
#2728 = FILL_AREA_STYLE ('',( #6459 ) ) ;
#2729 = ORIENTED_EDGE ( 'NONE', *, *, #1192, .F. ) ;
#2730 = SURFACE_SIDE_STYLE ('',( #11070 ) ) ;
#2731 = DIRECTION ( 'NONE',  ( -0.0000000000000000000, -1.000000000000000000, -0.0000000000000000000 ) ) ;
#2732 = CARTESIAN_POINT ( 'NONE',  ( 5.954113105697486752, 4.750000000000000000, 1.760432852223317468 ) ) ;
#2733 = VERTEX_POINT ( 'NONE', #8361 ) ;
#2734 = CARTESIAN_POINT ( 'NONE',  ( 5.960204024924320443, 4.751000000000000334, 1.707966955829119726 ) ) ;
#2735 = DIRECTION ( 'NONE',  ( -0.8873869422626031733, 0.0000000000000000000, 0.4610253948556709558 ) ) ;
#2736 = SURFACE_STYLE_USAGE ( .BOTH. , #5626 ) ;
#2737 = ORIENTED_EDGE ( 'NONE', *, *, #5091, .T. ) ;
#2738 = DIRECTION ( 'NONE',  ( 0.3625544875035004444, -0.0000000000000000000, -0.9319625762824782500 ) ) ;
#2739 = FILL_AREA_STYLE ('',( #10917 ) ) ;
#2740 = DIRECTION ( 'NONE',  ( -0.007092178509964536075, 0.0000000000000000000, 0.9999748501857348426 ) ) ;
#2741 = VERTEX_POINT ( 'NONE', #2862 ) ;
#2742 = ORIENTED_EDGE ( 'NONE', *, *, #4372, .F. ) ;
#2743 = CARTESIAN_POINT ( 'NONE',  ( 7.504825414979132248, 4.751000000000000334, 1.856289749603854622 ) ) ;
#2744 = PLANE ( 'NONE',  #970 ) ;
#2745 = CARTESIAN_POINT ( 'NONE',  ( 0.0000000000000000000, 4.751000000000000334, 0.0000000000000000000 ) ) ;
#2746 =( LENGTH_UNIT ( ) NAMED_UNIT ( * ) SI_UNIT ( .MILLI., .METRE. ) );
#2747 = DIRECTION ( 'NONE',  ( -0.9999748501857348426, -0.0000000000000000000, -0.007092178509964089383 ) ) ;
#2748 = ORIENTED_EDGE ( 'NONE', *, *, #565, .T. ) ;
#2749 = SURFACE_STYLE_USAGE ( .BOTH. , #12076 ) ;
#2750 = CARTESIAN_POINT ( 'NONE',  ( 4.796910847063915462, 4.750000000000000000, 2.757436807294808112 ) ) ;
#2751 = STYLED_ITEM ( 'NONE', ( #1585 ), #4426 ) ;
#2752 = CARTESIAN_POINT ( 'NONE',  ( 5.291395676200669307, 4.751000000000000334, 1.501765365410277386 ) ) ;
#2753 =( NAMED_UNIT ( * ) SI_UNIT ( $, .STERADIAN. ) SOLID_ANGLE_UNIT ( ) );
#2754 = VERTEX_POINT ( 'NONE', #8474 ) ;
#2755 = EDGE_CURVE ( 'NONE', #7357, #6573, #7454, .T. ) ;
#2756 = CARTESIAN_POINT ( 'NONE',  ( 5.603698580691133913, 4.750000000000000000, 1.963044994509220320 ) ) ;
#2757 = EDGE_CURVE ( 'NONE', #9801, #8147, #8848, .T. ) ;
#2758 = MECHANICAL_DESIGN_GEOMETRIC_PRESENTATION_REPRESENTATION (  '', ( #10992 ), #1774 ) ;
#2759 = DIRECTION ( 'NONE',  ( -0.3349296976928480829, 0.0000000000000000000, -0.9422431202207726120 ) ) ;
#2760 = B_SPLINE_SURFACE_WITH_KNOTS ( 'NONE', 3, 1, ( 
 ( #186, #2803 ),
 ( #3962, #1990 ),
 ( #3045, #10229 ),
 ( #7456, #1063 ) ),
 .UNSPECIFIED., .F., .F., .F.,
 ( 4, 4 ),
 ( 2, 2 ),
 ( 7.000000000000000000, 8.000000000000000000 ),
 ( 0.0000000000000000000, 1.000000000000000000 ),
 .UNSPECIFIED. ) ;
#2761 = CARTESIAN_POINT ( 'NONE',  ( 3.919000357439532678, 4.750000000000000000, 2.016342963659302434 ) ) ;
#2762 = CARTESIAN_POINT ( 'NONE',  ( 4.884489958070044047, 4.751000000000000334, 1.844347701000388140 ) ) ;
#2763 = B_SPLINE_CURVE_WITH_KNOTS ( 'NONE', 3,
 ( #7215, #6129, #7165, #1569 ),
 .UNSPECIFIED., .F., .F.,
 ( 4, 4 ),
 ( 34.00000000000000000, 35.00000000000000000 ),
 .UNSPECIFIED. ) ;
#2764 = PRESENTATION_STYLE_ASSIGNMENT (( #4850 ) ) ;
#2765 = SURFACE_SIDE_STYLE ('',( #6330 ) ) ;
#2766 = STYLED_ITEM ( 'NONE', ( #353 ), #2087 ) ;
#2767 = LINE ( 'NONE', #3762, #11496 ) ;
#2768 = DIRECTION ( 'NONE',  ( -0.007092178509965146697, -0.0000000000000000000, 0.9999748501857348426 ) ) ;
#2769 = STYLED_ITEM ( 'NONE', ( #6881 ), #1346 ) ;
#2770 = STYLED_ITEM ( 'NONE', ( #6828 ), #4963 ) ;
#2771 = ADVANCED_FACE ( 'NONE', ( #6358 ), #5818, .F. ) ;
#2772 = EDGE_CURVE ( 'NONE', #10593, #374, #252, .T. ) ;
#2773 = CARTESIAN_POINT ( 'NONE',  ( -9.999999999999998224, -3.750000000000000888, -1.195372373669724334E-16 ) ) ;
#2774 = MECHANICAL_DESIGN_GEOMETRIC_PRESENTATION_REPRESENTATION (  '', ( #5331 ), #11788 ) ;
#2775 = CARTESIAN_POINT ( 'NONE',  ( 5.482928423974117393, 4.751000000000000334, 1.746693201634514692 ) ) ;
#2776 = CARTESIAN_POINT ( 'NONE',  ( 5.241555958271323590, 4.751000000000000334, 1.475872188206218905 ) ) ;
#2777 = ORIENTED_EDGE ( 'NONE', *, *, #7551, .F. ) ;
#2778 = CARTESIAN_POINT ( 'NONE',  ( 7.436142834514272160, 4.750000000000000000, 1.855802628231660867 ) ) ;
#2779 = PLANE ( 'NONE',  #10814 ) ;
#2780 = LINE ( 'NONE', #6457, #5783 ) ;
#2781 = FILL_AREA_STYLE ('',( #6514 ) ) ;
#2782 = SURFACE_STYLE_FILL_AREA ( #2728 ) ;
#2783 = VERTEX_POINT ( 'NONE', #8529 ) ;
#2784 = STYLED_ITEM ( 'NONE', ( #11350 ), #1560 ) ;
#2785 =( GEOMETRIC_REPRESENTATION_CONTEXT ( 3 ) GLOBAL_UNCERTAINTY_ASSIGNED_CONTEXT ( ( #7835 ) ) GLOBAL_UNIT_ASSIGNED_CONTEXT ( ( #3287, #10705, #7849 ) ) REPRESENTATION_CONTEXT ( 'NONE', 'WORKASPACE' ) );
#2786 = EDGE_CURVE ( 'NONE', #10466, #2690, #1997, .T. ) ;
#2787 = B_SPLINE_CURVE_WITH_KNOTS ( 'NONE', 3,
 ( #699, #8296, #4460, #569 ),
 .UNSPECIFIED., .F., .F.,
 ( 4, 4 ),
 ( 2.000000000000000000, 3.000000000000000000 ),
 .UNSPECIFIED. ) ;
#2788 = STYLED_ITEM ( 'NONE', ( #7657 ), #5399 ) ;
#2789 = ADVANCED_FACE ( 'NONE', ( #486 ), #3666, .T. ) ;
#2790 = CARTESIAN_POINT ( 'NONE',  ( 5.579487039110382796, 4.750000000000000000, 1.876571200081450508 ) ) ;
#2791 = FILL_AREA_STYLE_COLOUR ( '', #8462 ) ;
#2792 = VERTEX_POINT ( 'NONE', #2050 ) ;
#2793 = DIRECTION ( 'NONE',  ( -0.0000000000000000000, -1.000000000000000000, -0.0000000000000000000 ) ) ;
#2794 =( GEOMETRIC_REPRESENTATION_CONTEXT ( 3 ) GLOBAL_UNCERTAINTY_ASSIGNED_CONTEXT ( ( #2352 ) ) GLOBAL_UNIT_ASSIGNED_CONTEXT ( ( #4382, #6405, #1501 ) ) REPRESENTATION_CONTEXT ( 'NONE', 'WORKASPACE' ) );
#2795 = FILL_AREA_STYLE_COLOUR ( '', #9076 ) ;
#2796 = AXIS2_PLACEMENT_3D ( 'NONE', #11577, #2242, #6004 ) ;
#2797 =( GEOMETRIC_REPRESENTATION_CONTEXT ( 3 ) GLOBAL_UNCERTAINTY_ASSIGNED_CONTEXT ( ( #4652 ) ) GLOBAL_UNIT_ASSIGNED_CONTEXT ( ( #11288, #4786, #10742 ) ) REPRESENTATION_CONTEXT ( 'NONE', 'WORKASPACE' ) );
#2798 = PRESENTATION_LAYER_ASSIGNMENT (  '', '', ( #11813 ) ) ;
#2799 = FILL_AREA_STYLE ('',( #9222 ) ) ;
#2800 = CARTESIAN_POINT ( 'NONE',  ( 11.00000000000000000, 4.750000000000000000, -1.135603754986240755E-15 ) ) ;
#2801 = EDGE_LOOP ( 'NONE', ( #5173, #7661, #11510, #5950 ) ) ;
#2802 = FACE_OUTER_BOUND ( 'NONE', #9573, .T. ) ;
#2803 = CARTESIAN_POINT ( 'NONE',  ( 5.801078790548504394, 4.750000000000000000, 2.886213460521970475 ) ) ;
#2804 = CARTESIAN_POINT ( 'NONE',  ( 5.681463554761415402, 4.751000000000000334, 2.855211368650384163 ) ) ;
#2805 = ORIENTED_EDGE ( 'NONE', *, *, #10488, .T. ) ;
#2806 = UNCERTAINTY_MEASURE_WITH_UNIT (LENGTH_MEASURE( 1.000000000000000082E-05 ), #11021, 'distance_accuracy_value', 'NONE');
#2807 =( GEOMETRIC_REPRESENTATION_CONTEXT ( 3 ) GLOBAL_UNCERTAINTY_ASSIGNED_CONTEXT ( ( #4768 ) ) GLOBAL_UNIT_ASSIGNED_CONTEXT ( ( #6067, #3307, #10781 ) ) REPRESENTATION_CONTEXT ( 'NONE', 'WORKASPACE' ) );
#2808 = VECTOR ( 'NONE', #10963, 1000.000000000000000 ) ;
#2809 = VERTEX_POINT ( 'NONE', #10461 ) ;
#2810 = FILL_AREA_STYLE ('',( #944 ) ) ;
#2811 = SURFACE_SIDE_STYLE ('',( #6371 ) ) ;
#2812 = B_SPLINE_CURVE_WITH_KNOTS ( 'NONE', 3,
 ( #10728, #11701, #5947, #2249 ),
 .UNSPECIFIED., .F., .F.,
 ( 4, 4 ),
 ( 18.00000000000000000, 19.00000000000000000 ),
 .UNSPECIFIED. ) ;
#2813 = VECTOR ( 'NONE', #3510, 1000.000000000000000 ) ;
#2814 = CARTESIAN_POINT ( 'NONE',  ( 11.00000000000000000, 4.750000000000000000, -1.135603754986240755E-15 ) ) ;
#2815 = DIRECTION ( 'NONE',  ( -0.9999748501857348426, 0.0000000000000000000, -0.007092178509965295016 ) ) ;
#2816 = VERTEX_POINT ( 'NONE', #1125 ) ;
#2817 = LINE ( 'NONE', #6910, #1880 ) ;
#2819 = CARTESIAN_POINT ( 'NONE',  ( 5.941925765637444457, 4.750000000000000000, 1.682882502287691651 ) ) ;
#2818 = PRESENTATION_LAYER_ASSIGNMENT (  '', '', ( #12030 ) ) ;
#2820 = PLANE ( 'NONE',  #2099 ) ;
#2821 = ORIENTED_EDGE ( 'NONE', *, *, #7136, .F. ) ;
#2822 = DIRECTION ( 'NONE',  ( 0.9999748501857348426, -0.0000000000000000000, 0.007092178509964221222 ) ) ;
#2823 = AXIS2_PLACEMENT_3D ( 'NONE', #5449, #1929, #3786 ) ;
#2824 = B_SPLINE_CURVE_WITH_KNOTS ( 'NONE', 3,
 ( #11766, #656, #8136, #3322 ),
 .UNSPECIFIED., .F., .F.,
 ( 4, 4 ),
 ( 0.0000000000000000000, 1.000000000000000000 ),
 .UNSPECIFIED. ) ;
#2825 = CARTESIAN_POINT ( 'NONE',  ( 5.994954703094022896, 4.750000000000000000, 2.617504586363720964 ) ) ;
#2826 = CARTESIAN_POINT ( 'NONE',  ( 5.987963358095000466, 4.751000000000000334, 1.898964211162375681 ) ) ;
#2827 = EDGE_CURVE ( 'NONE', #7518, #4037, #4881, .T. ) ;
#2828 = CARTESIAN_POINT ( 'NONE',  ( 5.422269103503259302, 4.750000000000000000, 1.777976398121686508 ) ) ;
#2829 = CLOSED_SHELL ( 'NONE', ( #55, #10500, #4351, #5240, #9280, #5273, #10923, #10946, #1022, #6649, #4321, #9803, #6788, #4796, #4963, #2331, #6224, #3677, #2100, #3894, #6736, #672, #1403, #1885, #11996, #3451, #3553, #6274, #5326, #7845, #3849, #936, #1888, #11596, #7182, #5724, #2625, #11346, #5001, #7918, #10568, #4106, #4129, #4199, #10109, #6306, #4412, #7609, #5412, #880, #4048, #4415, #9816, #4427, #6521, #4439, #4286, #3979, #7201, #1487, #2574, #5256, #11710, #9676, #6081, #1525, #2706, #2402, #3168, #10955, #5080, #10754, #3892, #4426, #1279, #1666, #12064, #10256, #1361, #11166, #1264, #3155, #2000, #6979, #10501, #6887, #7752, #5327, #2365, #9299, #1560, #2789, #8921, #9111, #6686, #5715, #1781, #11773, #10810, #1648, #822, #8676, #1797, #2992, #5537, #3767, #6756, #4213, #3623, #4368, #2159, #6013, #1346, #7606, #6447, #5399, #4665, #3082, #5227, #7562, #7789, #415, #6576, #7022, #7794, #6209, #5995, #9425, #8211, #7234, #7107, #9606, #11651, #11147, #9188, #2087, #2457, #1573, #5345, #1433, #2651, #2925, #9839, #5700, #1550, #4511, #6310, #1502, #2641, #6912, #1296, #12157, #5188, #3624, #6581, #9426, #9563, #6390, #8675, #10031, #1720, #7561, #9278, #5904, #2485, #1866, #11016, #3534, #5107, #9109, #8092, #7406, #3822, #8207, #7421, #42, #8600, #192, #5350, #3945, #1111, #2267, #6597, #817, #8363, #1036, #5761, #8235, #2649, #7478, #9592, #4663, #882, #8731, #5254, #1530, #11849, #8814, #6978, #5150, #10348, #2421, #9125, #157, #9176, #1435, #11264, #4337, #8884, #4722, #11556, #400, #9806, #8531, #11485, #10425, #7419, #10139, #674, #1735, #3329, #10415, #7044, #11267, #3487, #8637, #7264, #6449, #10397, #11743, #3976, #11772, #6012, #7120, #11863, #8890, #2771, #6394, #750, #4577, #11369, #1953, #11001, #8899, #4454, #5939, #3482, #5552, #8753, #3977, #9417, #3754, #11555 ) ) ;
#2830 = CARTESIAN_POINT ( 'NONE',  ( 4.516208328986168752, 4.751000000000000334, 1.670691237283894681 ) ) ;
#2831 = CARTESIAN_POINT ( 'NONE',  ( 16.78000000000000114, 0.0000000000000000000, 3.750000000000004885 ) ) ;
#2832 = LINE ( 'NONE', #10014, #10316 ) ;
#2833 = VECTOR ( 'NONE', #10326, 1000.000000000000000 ) ;
#2834 = CARTESIAN_POINT ( 'NONE',  ( 3.755145885214310475, 4.751000000000000334, 1.607325549105677487 ) ) ;
#2835 = ORIENTED_EDGE ( 'NONE', *, *, #3085, .F. ) ;
#2836 = CARTESIAN_POINT ( 'NONE',  ( 5.945644884347442982, 4.751000000000000334, 2.532932354128212715 ) ) ;
#2837 = UNCERTAINTY_MEASURE_WITH_UNIT (LENGTH_MEASURE( 1.000000000000000082E-05 ), #4906, 'distance_accuracy_value', 'NONE');
#2838 = SURFACE_STYLE_USAGE ( .BOTH. , #8510 ) ;
#2839 = SURFACE_STYLE_FILL_AREA ( #6572 ) ;
#2840 = ORIENTED_EDGE ( 'NONE', *, *, #8433, .F. ) ;
#2841 = CARTESIAN_POINT ( 'NONE',  ( 6.996768507457382213, 4.751000000000000334, 2.131045987306499079 ) ) ;
#2842 = EDGE_CURVE ( 'NONE', #4216, #2991, #181, .T. ) ;
#2843 = CARTESIAN_POINT ( 'NONE',  ( 5.731968130652062676, 4.751000000000000334, 1.855037346947814969 ) ) ;
#2844 = CARTESIAN_POINT ( 'NONE',  ( 9.999999999999998224, -3.750000000000000000, 0.5000000000000004441 ) ) ;
#2845 = FILL_AREA_STYLE ('',( #858 ) ) ;
#2846 = B_SPLINE_CURVE_WITH_KNOTS ( 'NONE', 3,
 ( #7155, #2495, #7085, #11639 ),
 .UNSPECIFIED., .F., .F.,
 ( 4, 4 ),
 ( 1.000000000000000000, 2.000000000000000000 ),
 .UNSPECIFIED. ) ;
#2847 = VERTEX_POINT ( 'NONE', #7545 ) ;
#2848 = FACE_OUTER_BOUND ( 'NONE', #6017, .T. ) ;
#2849 = COLOUR_RGB ( '',0.0000000000000000000, 0.0000000000000000000, 0.0000000000000000000 ) ;
#2850 =( NAMED_UNIT ( * ) SI_UNIT ( $, .STERADIAN. ) SOLID_ANGLE_UNIT ( ) );
#2851 = SURFACE_STYLE_USAGE ( .BOTH. , #3102 ) ;
#2852 = B_SPLINE_CURVE_WITH_KNOTS ( 'NONE', 3,
 ( #3137, #3200, #3266, #6991 ),
 .UNSPECIFIED., .F., .F.,
 ( 4, 4 ),
 ( 17.00000000000000000, 18.00000000000000000 ),
 .UNSPECIFIED. ) ;
#2853 =( NAMED_UNIT ( * ) SI_UNIT ( $, .STERADIAN. ) SOLID_ANGLE_UNIT ( ) );
#2854 = ORIENTED_EDGE ( 'NONE', *, *, #5865, .T. ) ;
#2855 = CARTESIAN_POINT ( 'NONE',  ( 5.442876645918871326, 4.751000000000000334, 1.639571327278545931 ) ) ;
#2856 = VECTOR ( 'NONE', #8076, 1000.000000000000000 ) ;
#2857 = CARTESIAN_POINT ( 'NONE',  ( 7.810602685323946304, 4.750000000000000000, 3.087578438258134828 ) ) ;
#2858 = EDGE_CURVE ( 'NONE', #7380, #351, #9374, .T. ) ;
#2859 =( NAMED_UNIT ( * ) SI_UNIT ( $, .STERADIAN. ) SOLID_ANGLE_UNIT ( ) );
#2860 = EDGE_CURVE ( 'NONE', #5181, #453, #9763, .T. ) ;
#2861 =( GEOMETRIC_REPRESENTATION_CONTEXT ( 3 ) GLOBAL_UNCERTAINTY_ASSIGNED_CONTEXT ( ( #1687 ) ) GLOBAL_UNIT_ASSIGNED_CONTEXT ( ( #6344, #3122, #9797 ) ) REPRESENTATION_CONTEXT ( 'NONE', 'WORKASPACE' ) );
#2862 = CARTESIAN_POINT ( 'NONE',  ( 4.866470573614145145, 4.750000000000000000, 2.680726182749451070 ) ) ;
#2863 = ORIENTED_EDGE ( 'NONE', *, *, #5721, .T. ) ;
#2864 =( LENGTH_UNIT ( ) NAMED_UNIT ( * ) SI_UNIT ( .MILLI., .METRE. ) );
#2865 = EDGE_CURVE ( 'NONE', #4603, #3289, #6621, .T. ) ;
#2866 = LINE ( 'NONE', #2804, #1187 ) ;
#2867 = VECTOR ( 'NONE', #10330, 1000.000000000000000 ) ;
#2868 = ORIENTED_EDGE ( 'NONE', *, *, #3084, .F. ) ;
#2869 = B_SPLINE_SURFACE_WITH_KNOTS ( 'NONE', 3, 1, ( 
 ( #4477, #5516 ),
 ( #2743, #10233 ),
 ( #3626, #9298 ),
 ( #17, #8190 ) ),
 .UNSPECIFIED., .F., .F., .F.,
 ( 4, 4 ),
 ( 2, 2 ),
 ( 27.00000000000000000, 28.00000000000000000 ),
 ( 0.0000000000000000000, 1.000000000000000000 ),
 .UNSPECIFIED. ) ;
#2870 = VECTOR ( 'NONE', #8503, 1000.000000000000000 ) ;
#2871 = PLANE ( 'NONE',  #10436 ) ;
#2872 = ORIENTED_EDGE ( 'NONE', *, *, #11643, .T. ) ;
#2873 = SURFACE_SIDE_STYLE ('',( #1941 ) ) ;
#2874 = SURFACE_STYLE_FILL_AREA ( #1136 ) ;
#2875 = FACE_OUTER_BOUND ( 'NONE', #5054, .T. ) ;
#2876 = PRESENTATION_STYLE_ASSIGNMENT (( #1944 ) ) ;
#2877 = CARTESIAN_POINT ( 'NONE',  ( 5.147193573663065180, 4.750000000000000000, 2.481778899562427476 ) ) ;
#2878 = ORIENTED_EDGE ( 'NONE', *, *, #2029, .T. ) ;
#2879 = DIRECTION ( 'NONE',  ( 0.007092178509963397229, 0.0000000000000000000, -0.9999748501857348426 ) ) ;
#2880 = COLOUR_RGB ( '',0.6470588235294117974, 0.6470588235294117974, 0.6470588235294117974 ) ;
#2881 = LINE ( 'NONE', #7857, #8709 ) ;
#2882 = FILL_AREA_STYLE_COLOUR ( '', #1766 ) ;
#2883 = EDGE_LOOP ( 'NONE', ( #3041, #2894, #5135, #9179, #7966, #669, #7625, #11435 ) ) ;
#2884 =( GEOMETRIC_REPRESENTATION_CONTEXT ( 3 ) GLOBAL_UNCERTAINTY_ASSIGNED_CONTEXT ( ( #973 ) ) GLOBAL_UNIT_ASSIGNED_CONTEXT ( ( #3920, #7699, #1952 ) ) REPRESENTATION_CONTEXT ( 'NONE', 'WORKASPACE' ) );
#2885 = CARTESIAN_POINT ( 'NONE',  ( 5.987963358095000466, 4.751000000000000334, 1.898964211162375681 ) ) ;
#2886 =( NAMED_UNIT ( * ) PLANE_ANGLE_UNIT ( ) SI_UNIT ( $, .RADIAN. ) );
#2887 = FILL_AREA_STYLE_COLOUR ( '', #10926 ) ;
#2888 = SURFACE_STYLE_USAGE ( .BOTH. , #10424 ) ;
#2889 = COLOUR_RGB ( '',0.0000000000000000000, 0.0000000000000000000, 0.0000000000000000000 ) ;
#2890 = CARTESIAN_POINT ( 'NONE',  ( 6.921548235588514508, 4.750000000000000000, 2.542629192773553815 ) ) ;
#2891 =( NAMED_UNIT ( * ) SI_UNIT ( $, .STERADIAN. ) SOLID_ANGLE_UNIT ( ) );
#2892 = COLOUR_RGB ( '',0.0000000000000000000, 0.0000000000000000000, 0.0000000000000000000 ) ;
#2893 = SURFACE_SIDE_STYLE ('',( #11480 ) ) ;
#2894 = ORIENTED_EDGE ( 'NONE', *, *, #11708, .F. ) ;
#2895 = EDGE_CURVE ( 'NONE', #8127, #3253, #1424, .T. ) ;
#2896 = PRESENTATION_LAYER_ASSIGNMENT (  '', '', ( #728 ) ) ;
#2897 = CARTESIAN_POINT ( 'NONE',  ( 5.574887518259884267, 4.751000000000000334, 1.865360899920029958 ) ) ;
#2898 = PLANE ( 'NONE',  #3394 ) ;
#2899 = CARTESIAN_POINT ( 'NONE',  ( 5.893434448391693614, 4.750000000000000000, 1.666161985511055210 ) ) ;
#2900 = ORIENTED_EDGE ( 'NONE', *, *, #9518, .F. ) ;
#2901 = CARTESIAN_POINT ( 'NONE',  ( 6.085962601812507700, 4.751000000000000334, 2.430469022821359459 ) ) ;
#2902 = PRESENTATION_STYLE_ASSIGNMENT (( #11241 ) ) ;
#2903 = PRESENTATION_STYLE_ASSIGNMENT (( #5734 ) ) ;
#2904 = SURFACE_STYLE_USAGE ( .BOTH. , #2665 ) ;
#2905 = ORIENTED_EDGE ( 'NONE', *, *, #9833, .T. ) ;
#2906 = CARTESIAN_POINT ( 'NONE',  ( 9.078424850482647912, 4.751000000000000334, 2.218111013886742811 ) ) ;
#2907 =( GEOMETRIC_REPRESENTATION_CONTEXT ( 3 ) GLOBAL_UNCERTAINTY_ASSIGNED_CONTEXT ( ( #8122 ) ) GLOBAL_UNIT_ASSIGNED_CONTEXT ( ( #3355, #2363, #1613 ) ) REPRESENTATION_CONTEXT ( 'NONE', 'WORKASPACE' ) );
#2908 = CARTESIAN_POINT ( 'NONE',  ( 5.482928423974117393, 4.750000000000000000, 1.746693201634514692 ) ) ;
#2909 = VERTEX_POINT ( 'NONE', #6569 ) ;
#2910 = EDGE_CURVE ( 'NONE', #10084, #6860, #10262, .T. ) ;
#2911 = CARTESIAN_POINT ( 'NONE',  ( 5.513908196141112938, 4.751000000000000334, 2.876378363682340122 ) ) ;
#2912 = PRESENTATION_STYLE_ASSIGNMENT (( #1118 ) ) ;
#2913 = SURFACE_SIDE_STYLE ('',( #10575 ) ) ;
#2914 = ORIENTED_EDGE ( 'NONE', *, *, #5480, .T. ) ;
#2915 = CARTESIAN_POINT ( 'NONE',  ( 4.539855585739943855, 4.750000000000000000, 2.862971384531736607 ) ) ;
#2916 = SURFACE_STYLE_FILL_AREA ( #11189 ) ;
#2917 = CARTESIAN_POINT ( 'NONE',  ( 5.565717048484234653, 4.751000000000000334, 1.857237533160986942 ) ) ;
#2918 = B_SPLINE_CURVE_WITH_KNOTS ( 'NONE', 3,
 ( #11446, #1261, #368, #4023 ),
 .UNSPECIFIED., .F., .F.,
 ( 4, 4 ),
 ( 3.000000000000000000, 4.000000000000000000 ),
 .UNSPECIFIED. ) ;
#2919 =( NAMED_UNIT ( * ) SI_UNIT ( $, .STERADIAN. ) SOLID_ANGLE_UNIT ( ) );
#2920 = ORIENTED_EDGE ( 'NONE', *, *, #5279, .F. ) ;
#2921 = CARTESIAN_POINT ( 'NONE',  ( 4.921845531079022784, 4.751000000000000334, 2.533209638221726845 ) ) ;
#2922 = SURFACE_STYLE_FILL_AREA ( #938 ) ;
#2923 = EDGE_LOOP ( 'NONE', ( #4220, #8525, #4813, #11089, #5097, #556, #5697, #11525 ) ) ;
#2924 = UNCERTAINTY_MEASURE_WITH_UNIT (LENGTH_MEASURE( 1.000000000000000082E-05 ), #7559, 'distance_accuracy_value', 'NONE');
#2925 = ADVANCED_FACE ( 'NONE', ( #3826 ), #6673, .F. ) ;
#2926 = EDGE_CURVE ( 'NONE', #5139, #232, #11185, .T. ) ;
#2927 = VERTEX_POINT ( 'NONE', #1912 ) ;
#2928 = FACE_OUTER_BOUND ( 'NONE', #11572, .T. ) ;
#2929 = CARTESIAN_POINT ( 'NONE',  ( 5.795671980265464818, 4.750000000000000000, 1.852629751203852315 ) ) ;
#2930 = MECHANICAL_DESIGN_GEOMETRIC_PRESENTATION_REPRESENTATION (  '', ( #3134 ), #3527 ) ;
#2931 =( NAMED_UNIT ( * ) PLANE_ANGLE_UNIT ( ) SI_UNIT ( $, .RADIAN. ) );
#2932 = ORIENTED_EDGE ( 'NONE', *, *, #11230, .F. ) ;
#2933 = CARTESIAN_POINT ( 'NONE',  ( 6.908806553402303763, 4.751000000000000334, 1.790606681095846975 ) ) ;
#2934 = DIRECTION ( 'NONE',  ( -0.007092178509958225151, -0.0000000000000000000, 0.9999748501857349536 ) ) ;
#2935 = CARTESIAN_POINT ( 'NONE',  ( 5.083817024422867981, 4.750000000000000000, 1.979893544294150542 ) ) ;
#2936 = MECHANICAL_DESIGN_GEOMETRIC_PRESENTATION_REPRESENTATION (  '', ( #9593 ), #763 ) ;
#2937 = SURFACE_SIDE_STYLE ('',( #6786 ) ) ;
#2938 = ORIENTED_EDGE ( 'NONE', *, *, #4446, .T. ) ;
#2939 = EDGE_CURVE ( 'NONE', #6189, #7951, #8276, .T. ) ;
#2940 = ORIENTED_EDGE ( 'NONE', *, *, #2910, .F. ) ;
#2941 = EDGE_CURVE ( 'NONE', #2961, #5919, #6450, .T. ) ;
#2942 = CARTESIAN_POINT ( 'NONE',  ( 3.903614538374840848, 4.751000000000000334, 2.023252384388694924 ) ) ;
#2943 = DIRECTION ( 'NONE',  ( 0.9999748501857349536, 0.0000000000000000000, 0.007092178509959459407 ) ) ;
#2944 = LINE ( 'NONE', #6676, #11193 ) ;
#2945 = CARTESIAN_POINT ( 'NONE',  ( 8.299765060126279792, 4.751000000000000334, 1.399200378655042210 ) ) ;
#2946 = DIRECTION ( 'NONE',  ( -0.0000000000000000000, -1.000000000000000000, -0.0000000000000000000 ) ) ;
#2947 = B_SPLINE_CURVE_WITH_KNOTS ( 'NONE', 3,
 ( #6210, #10010, #7059, #7130 ),
 .UNSPECIFIED., .F., .F.,
 ( 4, 4 ),
 ( 20.00000000000000000, 21.00000000000000000 ),
 .UNSPECIFIED. ) ;
#2948 = FILL_AREA_STYLE ('',( #5662 ) ) ;
#2949 = SURFACE_SIDE_STYLE ('',( #3930 ) ) ;
#2950 = EDGE_LOOP ( 'NONE', ( #5103, #2254, #5152, #11587 ) ) ;
#2951 = VECTOR ( 'NONE', #11519, 1000.000000000000000 ) ;
#2952 = CARTESIAN_POINT ( 'NONE',  ( 5.752700836336341439, 4.751000000000000334, 2.945138038608785536 ) ) ;
#2953 = DIRECTION ( 'NONE',  ( -0.9912876782291655253, 0.0000000000000000000, 0.1317146119116258118 ) ) ;
#2954 = FILL_AREA_STYLE ('',( #2721 ) ) ;
#2955 = VERTEX_POINT ( 'NONE', #851 ) ;
#2956 = PLANE ( 'NONE',  #4695 ) ;
#2957 =( NAMED_UNIT ( * ) PLANE_ANGLE_UNIT ( ) SI_UNIT ( $, .RADIAN. ) );
#2958 = CARTESIAN_POINT ( 'NONE',  ( 4.549985602116449535, 4.750000000000000000, 2.827430625937853215 ) ) ;
#2959 = VECTOR ( 'NONE', #4633, 1000.000000000000000 ) ;
#2960 = CARTESIAN_POINT ( 'NONE',  ( 5.579383801027882228, 4.750000000000000000, 1.891127444814575842 ) ) ;
#2961 = VERTEX_POINT ( 'NONE', #4619 ) ;
#2962 = SURFACE_STYLE_FILL_AREA ( #2096 ) ;
#2963 = B_SPLINE_SURFACE_WITH_KNOTS ( 'NONE', 3, 1, ( 
 ( #582, #2563 ),
 ( #5392, #4591 ),
 ( #11946, #7167 ),
 ( #2628, #3499 ) ),
 .UNSPECIFIED., .F., .F., .F.,
 ( 4, 4 ),
 ( 2, 2 ),
 ( 8.000000000000000000, 9.000000000000000000 ),
 ( 0.0000000000000000000, 1.000000000000000000 ),
 .UNSPECIFIED. ) ;
#2964 = CARTESIAN_POINT ( 'NONE',  ( 5.216777411245091756, 4.750000000000000000, 1.485379439029014481 ) ) ;
#2965 = ORIENTED_EDGE ( 'NONE', *, *, #4738, .F. ) ;
#2966 = PRESENTATION_STYLE_ASSIGNMENT (( #2851 ) ) ;
#2967 = SURFACE_SIDE_STYLE ('',( #3949 ) ) ;
#2968 = VERTEX_POINT ( 'NONE', #12099 ) ;
#2969 =( LENGTH_UNIT ( ) NAMED_UNIT ( * ) SI_UNIT ( .MILLI., .METRE. ) );
#2970 = DIRECTION ( 'NONE',  ( -0.9999748501857348426, -0.0000000000000000000, -0.007092178509963000844 ) ) ;
#2971 = CARTESIAN_POINT ( 'NONE',  ( 4.539855585739943855, 4.750000000000000000, 2.862971384531736607 ) ) ;
#2972 = VERTEX_POINT ( 'NONE', #2773 ) ;
#2973 = EDGE_CURVE ( 'NONE', #6703, #5798, #9580, .T. ) ;
#2974 = COLOUR_RGB ( '',0.0000000000000000000, 0.0000000000000000000, 0.0000000000000000000 ) ;
#2975 = SURFACE_STYLE_FILL_AREA ( #7685 ) ;
#2976 = COLOUR_RGB ( '',0.0000000000000000000, 0.0000000000000000000, 0.0000000000000000000 ) ;
#2977 = CARTESIAN_POINT ( 'NONE',  ( 5.254901820486773900, 4.751000000000000334, 1.552715903246769891 ) ) ;
#2978 = DIRECTION ( 'NONE',  ( -0.007092178509968146902, -0.0000000000000000000, 0.9999748501857348426 ) ) ;
#2979 = FILL_AREA_STYLE ('',( #11329 ) ) ;
#2980 = ORIENTED_EDGE ( 'NONE', *, *, #2181, .F. ) ;
#2981 = CARTESIAN_POINT ( 'NONE',  ( 5.801078790548504394, 4.751000000000000334, 2.886213460521970475 ) ) ;
#2982 = ORIENTED_EDGE ( 'NONE', *, *, #1663, .T. ) ;
#2983 = SURFACE_STYLE_FILL_AREA ( #1996 ) ;
#2984 = STYLED_ITEM ( 'NONE', ( #2876 ), #6597 ) ;
#2985 = CARTESIAN_POINT ( 'NONE',  ( 5.819605153532990904, 4.750000000000000000, 1.941701031511422482 ) ) ;
#2986 = MECHANICAL_DESIGN_GEOMETRIC_PRESENTATION_REPRESENTATION (  '', ( #4953 ), #3789 ) ;
#2987 = DIRECTION ( 'NONE',  ( -1.000000000000000000, -0.0000000000000000000, -0.0000000000000000000 ) ) ;
#2988 = SURFACE_STYLE_FILL_AREA ( #4150 ) ;
#2989 = CARTESIAN_POINT ( 'NONE',  ( 5.627399508885816637, 4.750000000000000000, 1.828301107298216266 ) ) ;
#2990 = SURFACE_SIDE_STYLE ('',( #6908 ) ) ;
#2991 = VERTEX_POINT ( 'NONE', #3264 ) ;
#2992 = ADVANCED_FACE ( 'NONE', ( #6141 ), #6989, .F. ) ;
#2993 = PLANE ( 'NONE',  #8910 ) ;
#2994 = FILL_AREA_STYLE_COLOUR ( '', #4248 ) ;
#2995 = COLOUR_RGB ( '',0.0000000000000000000, 0.0000000000000000000, 0.0000000000000000000 ) ;
#2996 =( GEOMETRIC_REPRESENTATION_CONTEXT ( 3 ) GLOBAL_UNCERTAINTY_ASSIGNED_CONTEXT ( ( #7687 ) ) GLOBAL_UNIT_ASSIGNED_CONTEXT ( ( #4831, #7624, #1269 ) ) REPRESENTATION_CONTEXT ( 'NONE', 'WORKASPACE' ) );
#2997 = AXIS2_PLACEMENT_3D ( 'NONE', #6721, #137, #2059 ) ;
#2998 = CARTESIAN_POINT ( 'NONE',  ( 5.504074232833599645, 4.751000000000000334, 1.825606818309852608 ) ) ;
#2999 = ORIENTED_EDGE ( 'NONE', *, *, #5066, .F. ) ;
#3000 = VERTEX_POINT ( 'NONE', #6025 ) ;
#3001 =( NAMED_UNIT ( * ) PLANE_ANGLE_UNIT ( ) SI_UNIT ( $, .RADIAN. ) );
#3002 = STYLED_ITEM ( 'NONE', ( #2225 ), #7022 ) ;
#3003 = STYLED_ITEM ( 'NONE', ( #4210 ), #7752 ) ;
#3004 =( NAMED_UNIT ( * ) SI_UNIT ( $, .STERADIAN. ) SOLID_ANGLE_UNIT ( ) );
#3005 =( NAMED_UNIT ( * ) PLANE_ANGLE_UNIT ( ) SI_UNIT ( $, .RADIAN. ) );
#3006 = EDGE_CURVE ( 'NONE', #11438, #3625, #8694, .T. ) ;
#3007 = LINE ( 'NONE', #4903, #12060 ) ;
#3008 = EDGE_CURVE ( 'NONE', #2095, #4584, #10801, .T. ) ;
#3009 = CARTESIAN_POINT ( 'NONE',  ( 5.869214468749759384, 4.751000000000000334, 2.478841402908140701 ) ) ;
#3010 = CARTESIAN_POINT ( 'NONE',  ( 4.313609839173923710, 4.751000000000000334, 2.417898864508952528 ) ) ;
#3011 = EDGE_CURVE ( 'NONE', #3774, #1815, #8117, .T. ) ;
#3012 = FACE_OUTER_BOUND ( 'NONE', #3621, .T. ) ;
#3013 = ORIENTED_EDGE ( 'NONE', *, *, #2858, .F. ) ;
#3014 =( GEOMETRIC_REPRESENTATION_CONTEXT ( 3 ) GLOBAL_UNCERTAINTY_ASSIGNED_CONTEXT ( ( #7460 ) ) GLOBAL_UNIT_ASSIGNED_CONTEXT ( ( #12103, #5548, #7494 ) ) REPRESENTATION_CONTEXT ( 'NONE', 'WORKASPACE' ) );
#3015 = VECTOR ( 'NONE', #2970, 1000.000000000000114 ) ;
#3016 = FILL_AREA_STYLE_COLOUR ( '', #2976 ) ;
#3017 = PRESENTATION_STYLE_ASSIGNMENT (( #2838 ) ) ;
#3018 = CARTESIAN_POINT ( 'NONE',  ( 5.317244029328589860, 4.751000000000000334, 2.933471404976201846 ) ) ;
#3019 = FACE_OUTER_BOUND ( 'NONE', #5817, .T. ) ;
#3020 = VERTEX_POINT ( 'NONE', #5086 ) ;
#3021 = LINE ( 'NONE', #6754, #8271 ) ;
#3022 = CARTESIAN_POINT ( 'NONE',  ( 5.417415157114687574, 4.751000000000000334, 1.912594008837416704 ) ) ;
#3023 =( NAMED_UNIT ( * ) SI_UNIT ( $, .STERADIAN. ) SOLID_ANGLE_UNIT ( ) );
#3024 = MECHANICAL_DESIGN_GEOMETRIC_PRESENTATION_REPRESENTATION (  '', ( #10083 ), #5378 ) ;
#3025 = DIRECTION ( 'NONE',  ( 0.0000000000000000000, -0.0000000000000000000, -1.000000000000000000 ) ) ;
#3026 = CARTESIAN_POINT ( 'NONE',  ( 5.796263755702638854, 4.751000000000000334, 1.769191276932375212 ) ) ;
#3027 = ORIENTED_EDGE ( 'NONE', *, *, #7432, .F. ) ;
#3028 = CARTESIAN_POINT ( 'NONE',  ( 5.345705999642916595, 4.751000000000000334, 1.449381512223034463 ) ) ;
#3029 = B_SPLINE_CURVE_WITH_KNOTS ( 'NONE', 3,
 ( #10370, #3872, #11163, #2713 ),
 .UNSPECIFIED., .F., .F.,
 ( 4, 4 ),
 ( 24.00000000000000000, 25.00000000000000000 ),
 .UNSPECIFIED. ) ;
#3030 = DIRECTION ( 'NONE',  ( -0.0000000000000000000, -1.000000000000000000, -0.0000000000000000000 ) ) ;
#3031 = PRESENTATION_LAYER_ASSIGNMENT (  '', '', ( #7906 ) ) ;
#3032 = ORIENTED_EDGE ( 'NONE', *, *, #8566, .F. ) ;
#3033 = COLOUR_RGB ( '',0.0000000000000000000, 0.0000000000000000000, 0.0000000000000000000 ) ;
#3034 = LINE ( 'NONE', #11560, #4534 ) ;
#3035 = CARTESIAN_POINT ( 'NONE',  ( 6.085551493019715430, 4.751000000000000334, 2.488434068809013855 ) ) ;
#3036 = VERTEX_POINT ( 'NONE', #5218 ) ;
#3037 = CARTESIAN_POINT ( 'NONE',  ( 8.595467138837317833, 4.750000000000000000, 1.502519223391100001 ) ) ;
#3038 = CARTESIAN_POINT ( 'NONE',  ( 7.629858834791350297, 4.751000000000000334, 3.086296538366034792 ) ) ;
#3039 = SURFACE_STYLE_FILL_AREA ( #3954 ) ;
#3040 = STYLED_ITEM ( 'NONE', ( #2682 ), #2771 ) ;
#3041 = ORIENTED_EDGE ( 'NONE', *, *, #10049, .F. ) ;
#3042 = COLOUR_RGB ( '',0.0000000000000000000, 0.0000000000000000000, 0.0000000000000000000 ) ;
#3043 = CARTESIAN_POINT ( 'NONE',  ( 5.565717048484234653, 4.751000000000000334, 1.857237533160986942 ) ) ;
#3044 = CARTESIAN_POINT ( 'NONE',  ( 5.366364131998036413, 4.751000000000000334, 1.981897469216886476 ) ) ;
#3045 = CARTESIAN_POINT ( 'NONE',  ( 5.717710370691858834, 4.751000000000000334, 2.875744233302981456 ) ) ;
#3046 = CARTESIAN_POINT ( 'NONE',  ( 11.00000000000000000, 0.0000000000000000000, 9.499999999999998224 ) ) ;
#3047 = UNCERTAINTY_MEASURE_WITH_UNIT (LENGTH_MEASURE( 1.000000000000000082E-05 ), #11452, 'distance_accuracy_value', 'NONE');
#3048 = CARTESIAN_POINT ( 'NONE',  ( 5.191579554064231772, 4.751000000000000334, 1.684579321623171699 ) ) ;
#3049 = B_SPLINE_CURVE_WITH_KNOTS ( 'NONE', 3,
 ( #5317, #2372, #2620, #6357 ),
 .UNSPECIFIED., .F., .F.,
 ( 4, 4 ),
 ( 3.000000000000000000, 4.000000000000000000 ),
 .UNSPECIFIED. ) ;
#3050 = ORIENTED_EDGE ( 'NONE', *, *, #9972, .F. ) ;
#3051 = VECTOR ( 'NONE', #11840, 1000.000000000000000 ) ;
#3052 = CARTESIAN_POINT ( 'NONE',  ( 5.954195151803697961, 4.751000000000000334, 1.693887253854797326 ) ) ;
#3053 = EDGE_CURVE ( 'NONE', #8379, #10329, #8261, .T. ) ;
#3054 =( GEOMETRIC_REPRESENTATION_CONTEXT ( 3 ) GLOBAL_UNCERTAINTY_ASSIGNED_CONTEXT ( ( #3320 ) ) GLOBAL_UNIT_ASSIGNED_CONTEXT ( ( #10679, #9752, #7046 ) ) REPRESENTATION_CONTEXT ( 'NONE', 'WORKASPACE' ) );
#3055 = CARTESIAN_POINT ( 'NONE',  ( 8.636102286682207918, 4.750000000000000000, 1.889618746306694463 ) ) ;
#3056 = SURFACE_STYLE_FILL_AREA ( #5944 ) ;
#3057 = CARTESIAN_POINT ( 'NONE',  ( 7.259039443439511352, 4.751000000000000334, 1.850931544094996051 ) ) ;
#3058 = SURFACE_SIDE_STYLE ('',( #2064 ) ) ;
#3059 = ORIENTED_EDGE ( 'NONE', *, *, #2827, .F. ) ;
#3060 = SURFACE_STYLE_USAGE ( .BOTH. , #6548 ) ;
#3061 = CARTESIAN_POINT ( 'NONE',  ( 4.254350763521417278, 4.751000000000000334, 1.756955749629828922 ) ) ;
#3062 = PRESENTATION_LAYER_ASSIGNMENT (  '', '', ( #2067 ) ) ;
#3063 = CARTESIAN_POINT ( 'NONE',  ( 10.49999999999999822, -4.249999999999999112, 9.999999999999998224 ) ) ;
#3064 = MECHANICAL_DESIGN_GEOMETRIC_PRESENTATION_REPRESENTATION (  '', ( #3263 ), #2861 ) ;
#3065 = SURFACE_STYLE_USAGE ( .BOTH. , #11464 ) ;
#3066 = VERTEX_POINT ( 'NONE', #8017 ) ;
#3067 = ORIENTED_EDGE ( 'NONE', *, *, #7144, .F. ) ;
#3068 = EDGE_CURVE ( 'NONE', #1557, #584, #9620, .T. ) ;
#3069 = CARTESIAN_POINT ( 'NONE',  ( 5.415449108830877378, 4.751000000000000334, 1.658352860616929991 ) ) ;
#3070 = MECHANICAL_DESIGN_GEOMETRIC_PRESENTATION_REPRESENTATION (  '', ( #11099 ), #10918 ) ;
#3071 = CARTESIAN_POINT ( 'NONE',  ( 8.929394564106914345, 4.751000000000000334, 1.823012706599978827 ) ) ;
#3072 = DIRECTION ( 'NONE',  ( -0.0000000000000000000, -1.000000000000000000, -0.0000000000000000000 ) ) ;
#3073 = CARTESIAN_POINT ( 'NONE',  ( 5.815408349828971701, 4.750000000000000000, 2.478459790710350497 ) ) ;
#3074 = B_SPLINE_CURVE_WITH_KNOTS ( 'NONE', 3,
 ( #80, #9168, #767, #6370 ),
 .UNSPECIFIED., .F., .F.,
 ( 4, 4 ),
 ( 0.0000000000000000000, 1.000000000000000000 ),
 .UNSPECIFIED. ) ;
#3075 = DIRECTION ( 'NONE',  ( 1.000000000000000000, -0.0000000000000000000, -0.0000000000000000000 ) ) ;
#3076 = CARTESIAN_POINT ( 'NONE',  ( 7.276729123073038430, 4.751000000000000334, 2.415006130194304657 ) ) ;
#3077 = CARTESIAN_POINT ( 'NONE',  ( 8.301841673013029776, 4.751000000000000334, 1.616118361597241870 ) ) ;
#3078 =( GEOMETRIC_REPRESENTATION_CONTEXT ( 3 ) GLOBAL_UNCERTAINTY_ASSIGNED_CONTEXT ( ( #5174 ) ) GLOBAL_UNIT_ASSIGNED_CONTEXT ( ( #5203, #329, #3123 ) ) REPRESENTATION_CONTEXT ( 'NONE', 'WORKASPACE' ) );
#3079 = CARTESIAN_POINT ( 'NONE',  ( 4.241861031149168682, 4.751000000000000334, 2.051905896914612448 ) ) ;
#3080 = ORIENTED_EDGE ( 'NONE', *, *, #2235, .T. ) ;
#3081 = PRESENTATION_LAYER_ASSIGNMENT (  '', '', ( #2687 ) ) ;
#3082 = ADVANCED_FACE ( 'NONE', ( #10617 ), #12068, .F. ) ;
#3083 = SURFACE_STYLE_FILL_AREA ( #6682 ) ;
#3084 = EDGE_CURVE ( 'NONE', #4084, #9421, #3900, .T. ) ;
#3085 = EDGE_CURVE ( 'NONE', #11392, #9613, #11150, .T. ) ;
#3086 = UNCERTAINTY_MEASURE_WITH_UNIT (LENGTH_MEASURE( 1.000000000000000082E-05 ), #8662, 'distance_accuracy_value', 'NONE');
#3087 =( LENGTH_UNIT ( ) NAMED_UNIT ( * ) SI_UNIT ( .MILLI., .METRE. ) );
#3088 = FACE_OUTER_BOUND ( 'NONE', #1881, .T. ) ;
#3089 = CARTESIAN_POINT ( 'NONE',  ( 4.442408582935913230, 4.751000000000000334, 1.612199861429208125 ) ) ;
#3090 = EDGE_LOOP ( 'NONE', ( #2031, #8840, #11621, #9311, #4279, #5759, #1456, #322, #11959, #543, #5915, #6178, #8766, #10376, #10765, #10567, #5470, #4211, #459, #5142, #2444 ) ) ;
#3091 = DIRECTION ( 'NONE',  ( -1.000000000000000000, -0.0000000000000000000, -0.0000000000000000000 ) ) ;
#3092 = CARTESIAN_POINT ( 'NONE',  ( 5.945644884347442982, 4.751000000000000334, 2.532932354128212715 ) ) ;
#3093 =( LENGTH_UNIT ( ) NAMED_UNIT ( * ) SI_UNIT ( .MILLI., .METRE. ) );
#3094 = MECHANICAL_DESIGN_GEOMETRIC_PRESENTATION_REPRESENTATION (  '', ( #11118 ), #2504 ) ;
#3095 = CARTESIAN_POINT ( 'NONE',  ( 5.572697436692285677, 4.750000000000000000, 1.917594516430659812 ) ) ;
#3096 = EDGE_LOOP ( 'NONE', ( #8835, #10468, #9004, #381 ) ) ;
#3097 = SURFACE_SIDE_STYLE ('',( #2962 ) ) ;
#3098 =( NAMED_UNIT ( * ) SI_UNIT ( $, .STERADIAN. ) SOLID_ANGLE_UNIT ( ) );
#3099 = ORIENTED_EDGE ( 'NONE', *, *, #5637, .T. ) ;
#3100 = EDGE_CURVE ( 'NONE', #7979, #6321, #9056, .T. ) ;
#3101 = COLOUR_RGB ( '',0.0000000000000000000, 0.0000000000000000000, 0.0000000000000000000 ) ;
#3102 = SURFACE_SIDE_STYLE ('',( #10513 ) ) ;
#3103 = DIRECTION ( 'NONE',  ( -0.0000000000000000000, -1.000000000000000000, -0.0000000000000000000 ) ) ;
#3104 = VERTEX_POINT ( 'NONE', #8195 ) ;
#3105 = DIRECTION ( 'NONE',  ( -0.0000000000000000000, -1.000000000000000000, -0.0000000000000000000 ) ) ;
#3106 = CARTESIAN_POINT ( 'NONE',  ( 4.882922951460731298, 4.751000000000000334, 2.065290701403772022 ) ) ;
#3107 = MECHANICAL_DESIGN_GEOMETRIC_PRESENTATION_REPRESENTATION (  '', ( #728 ), #10160 ) ;
#3108 = CARTESIAN_POINT ( 'NONE',  ( 4.290225155933111267, 4.750000000000000000, 2.013257010046226814 ) ) ;
#3109 = VERTEX_POINT ( 'NONE', #5340 ) ;
#3110 = DIRECTION ( 'NONE',  ( 0.3216389368451668673, -0.0000000000000000000, 0.9468623945986611723 ) ) ;
#3111 = SURFACE_STYLE_FILL_AREA ( #184 ) ;
#3112 = SURFACE_STYLE_FILL_AREA ( #1266 ) ;
#3113 = CARTESIAN_POINT ( 'NONE',  ( 7.421708908919367964, 4.751000000000000334, 1.852085253997889369 ) ) ;
#3114 = VERTEX_POINT ( 'NONE', #1536 ) ;
#3115 = CARTESIAN_POINT ( 'NONE',  ( 6.063433197988347345, 4.750000000000000000, 2.674918437937169990 ) ) ;
#3116 = EDGE_LOOP ( 'NONE', ( #2863, #5281, #804, #75 ) ) ;
#3117 = CARTESIAN_POINT ( 'NONE',  ( 5.515927921669627310, 4.750000000000000000, 1.766943089134374700 ) ) ;
#3118 =( NAMED_UNIT ( * ) SI_UNIT ( $, .STERADIAN. ) SOLID_ANGLE_UNIT ( ) );
#3119 = CARTESIAN_POINT ( 'NONE',  ( 5.644828828001019261, 4.751000000000000334, 1.918106098000174953 ) ) ;
#3120 = EDGE_CURVE ( 'NONE', #2595, #8738, #11100, .T. ) ;
#3121 = ORIENTED_EDGE ( 'NONE', *, *, #8237, .T. ) ;
#3122 =( NAMED_UNIT ( * ) PLANE_ANGLE_UNIT ( ) SI_UNIT ( $, .RADIAN. ) );
#3123 =( NAMED_UNIT ( * ) SI_UNIT ( $, .STERADIAN. ) SOLID_ANGLE_UNIT ( ) );
#3124 = ORIENTED_EDGE ( 'NONE', *, *, #9140, .T. ) ;
#3125 = ORIENTED_EDGE ( 'NONE', *, *, #1859, .F. ) ;
#3126 = ORIENTED_EDGE ( 'NONE', *, *, #8593, .T. ) ;
#3127 = CARTESIAN_POINT ( 'NONE',  ( 5.530039856534351372, 4.750000000000000000, 1.939647331084633386 ) ) ;
#3128 = FILL_AREA_STYLE ('',( #4966 ) ) ;
#3129 = B_SPLINE_CURVE_WITH_KNOTS ( 'NONE', 3,
 ( #11746, #5186, #10651, #9652 ),
 .UNSPECIFIED., .F., .F.,
 ( 4, 4 ),
 ( 7.000000000000000000, 8.000000000000000000 ),
 .UNSPECIFIED. ) ;
#3130 = CARTESIAN_POINT ( 'NONE',  ( -10.49999999999999822, 4.249999999999999112, 9.999999999999998224 ) ) ;
#3131 = FILL_AREA_STYLE_COLOUR ( '', #6 ) ;
#3132 = LINE ( 'NONE', #10492, #4422 ) ;
#3133 = CARTESIAN_POINT ( 'NONE',  ( 5.898221888198729168, 4.750000000000000000, 2.420559280128398605 ) ) ;
#3134 = STYLED_ITEM ( 'NONE', ( #2407 ), #7234 ) ;
#3135 = DIRECTION ( 'NONE',  ( -1.000000000000000000, 0.0000000000000000000, 0.0000000000000000000 ) ) ;
#3136 = EDGE_CURVE ( 'NONE', #232, #11438, #5277, .T. ) ;
#3137 = CARTESIAN_POINT ( 'NONE',  ( 8.636102286682207918, 4.751000000000000334, 1.889618746306694463 ) ) ;
#3138 = DIRECTION ( 'NONE',  ( 0.0000000000000000000, 1.000000000000000000, 0.0000000000000000000 ) ) ;
#3139 = VERTEX_POINT ( 'NONE', #3444 ) ;
#3140 = EDGE_CURVE ( 'NONE', #7866, #2961, #7180, .T. ) ;
#3141 = CARTESIAN_POINT ( 'NONE',  ( 18.12000000000000099, 0.0000000000000000000, -4.999999999999999112 ) ) ;
#3142 = MECHANICAL_DESIGN_GEOMETRIC_PRESENTATION_REPRESENTATION (  '', ( #2554 ), #4310 ) ;
#3143 = CARTESIAN_POINT ( 'NONE',  ( 5.731968130652062676, 4.751000000000000334, 1.855037346947814969 ) ) ;
#3144 = CARTESIAN_POINT ( 'NONE',  ( 5.603698580691133913, 4.751000000000000334, 1.963044994509220320 ) ) ;
#3145 = LINE ( 'NONE', #9006, #831 ) ;
#3146 = EDGE_LOOP ( 'NONE', ( #10052, #3574, #2805, #7676 ) ) ;
#3147 = CARTESIAN_POINT ( 'NONE',  ( 5.796475762479197158, 4.751000000000000334, 1.739298988642075106 ) ) ;
#3148 = PRESENTATION_STYLE_ASSIGNMENT (( #5161 ) ) ;
#3149 = CARTESIAN_POINT ( 'NONE',  ( 5.548873985797055042, 4.750000000000000000, 1.611469090392399384 ) ) ;
#3150 = CARTESIAN_POINT ( 'NONE',  ( 4.442387373558622343, 4.751000000000000334, 1.670167672722675078 ) ) ;
#3151 = SURFACE_STYLE_USAGE ( .BOTH. , #1108 ) ;
#3152 = FILL_AREA_STYLE_COLOUR ( '', #10908 ) ;
#3153 = ORIENTED_EDGE ( 'NONE', *, *, #12136, .T. ) ;
#3154 = COLOUR_RGB ( '',0.0000000000000000000, 0.0000000000000000000, 0.0000000000000000000 ) ;
#3155 = ADVANCED_FACE ( 'NONE', ( #10930 ), #9997, .F. ) ;
#3156 = DIRECTION ( 'NONE',  ( -0.3427414958247883003, -0.0000000000000000000, -0.9394297563095319603 ) ) ;
#3157 = EDGE_CURVE ( 'NONE', #5268, #10733, #10063, .T. ) ;
#3158 = MECHANICAL_DESIGN_GEOMETRIC_PRESENTATION_REPRESENTATION (  '', ( #11762 ), #6850 ) ;
#3159 = DIRECTION ( 'NONE',  ( 0.0000000000000000000, 0.0000000000000000000, 1.000000000000000000 ) ) ;
#3160 = ORIENTED_EDGE ( 'NONE', *, *, #7639, .T. ) ;
#3161 = SURFACE_SIDE_STYLE ('',( #6948 ) ) ;
#3162 = VECTOR ( 'NONE', #529, 1000.000000000000000 ) ;
#3163 = ORIENTED_EDGE ( 'NONE', *, *, #1336, .T. ) ;
#3164 = SURFACE_SIDE_STYLE ('',( #6884 ) ) ;
#3165 = CARTESIAN_POINT ( 'NONE',  ( 5.254901820486773900, 4.750000000000000000, 1.552715903246769891 ) ) ;
#3166 = EDGE_LOOP ( 'NONE', ( #2854, #10090, #7985, #9770 ) ) ;
#3167 = EDGE_CURVE ( 'NONE', #8014, #6860, #5401, .T. ) ;
#3168 = ADVANCED_FACE ( 'NONE', ( #8493 ), #2668, .F. ) ;
#3169 = PRESENTATION_STYLE_ASSIGNMENT (( #310 ) ) ;
#3170 =( GEOMETRIC_REPRESENTATION_CONTEXT ( 3 ) GLOBAL_UNCERTAINTY_ASSIGNED_CONTEXT ( ( #8832 ) ) GLOBAL_UNIT_ASSIGNED_CONTEXT ( ( #8703, #291, #4246 ) ) REPRESENTATION_CONTEXT ( 'NONE', 'WORKASPACE' ) );
#3171 = PRESENTATION_LAYER_ASSIGNMENT (  '', '', ( #7840 ) ) ;
#3172 = VECTOR ( 'NONE', #9849, 1000.000000000000000 ) ;
#3173 = EDGE_CURVE ( 'NONE', #12112, #11756, #5701, .T. ) ;
#3174 = DIRECTION ( 'NONE',  ( 0.0000000000000000000, 0.0000000000000000000, -1.000000000000000000 ) ) ;
#3175 = ORIENTED_EDGE ( 'NONE', *, *, #1851, .T. ) ;
#3176 = DIRECTION ( 'NONE',  ( 0.0000000000000000000, -0.0000000000000000000, 1.000000000000000000 ) ) ;
#3177 = EDGE_CURVE ( 'NONE', #11178, #11921, #4660, .T. ) ;
#3178 = ORIENTED_EDGE ( 'NONE', *, *, #4785, .T. ) ;
#3179 = CARTESIAN_POINT ( 'NONE',  ( 5.366364131998036413, 4.750000000000000000, 1.981897469216886476 ) ) ;
#3180 = VECTOR ( 'NONE', #464, 1000.000000000000000 ) ;
#3181 = AXIS2_PLACEMENT_3D ( 'NONE', #8956, #9137, #739 ) ;
#3182 = CARTESIAN_POINT ( 'NONE',  ( 5.064589210043722645, 4.751000000000000334, 2.931679486830022441 ) ) ;
#3183 = CARTESIAN_POINT ( 'NONE',  ( 5.721917299346993779, 4.751000000000000334, 2.429186813697154168 ) ) ;
#3184 = ORIENTED_EDGE ( 'NONE', *, *, #11098, .F. ) ;
#3185 = CARTESIAN_POINT ( 'NONE',  ( 4.516208328986168752, 4.750000000000000000, 1.670691237283894681 ) ) ;
#3186 = FACE_OUTER_BOUND ( 'NONE', #3561, .T. ) ;
#3187 = B_SPLINE_CURVE_WITH_KNOTS ( 'NONE', 3,
 ( #6058, #3959, #11382, #5992 ),
 .UNSPECIFIED., .F., .F.,
 ( 4, 4 ),
 ( 6.000000000000000000, 7.000000000000000000 ),
 .UNSPECIFIED. ) ;
#3188 = SURFACE_SIDE_STYLE ('',( #2320 ) ) ;
#3189 = ORIENTED_EDGE ( 'NONE', *, *, #6728, .T. ) ;
#3190 = SURFACE_SIDE_STYLE ('',( #11586 ) ) ;
#3191 = ORIENTED_EDGE ( 'NONE', *, *, #6815, .F. ) ;
#3192 = COLOUR_RGB ( '',0.0000000000000000000, 0.0000000000000000000, 0.0000000000000000000 ) ;
#3193 = AXIS2_PLACEMENT_3D ( 'NONE', #11318, #120, #9389 ) ;
#3194 = PRESENTATION_LAYER_ASSIGNMENT (  '', '', ( #2788 ) ) ;
#3195 = ORIENTED_EDGE ( 'NONE', *, *, #2255, .T. ) ;
#3196 =( NAMED_UNIT ( * ) SI_UNIT ( $, .STERADIAN. ) SOLID_ANGLE_UNIT ( ) );
#3197 = CARTESIAN_POINT ( 'NONE',  ( 8.036263367435045879, 4.751000000000000334, 2.872275373680138966 ) ) ;
#3198 = LINE ( 'NONE', #5147, #1099 ) ;
#3199 = STYLED_ITEM ( 'NONE', ( #11337 ), #7606 ) ;
#3200 = CARTESIAN_POINT ( 'NONE',  ( 8.762212773991592485, 4.751000000000000334, 1.948354122188889592 ) ) ;
#3201 =( NAMED_UNIT ( * ) SI_UNIT ( $, .STERADIAN. ) SOLID_ANGLE_UNIT ( ) );
#3202 = EDGE_LOOP ( 'NONE', ( #11576, #8984, #6479, #10197 ) ) ;
#3203 = ORIENTED_EDGE ( 'NONE', *, *, #6738, .F. ) ;
#3204 = VECTOR ( 'NONE', #788, 1000.000000000000000 ) ;
#3205 = SURFACE_SIDE_STYLE ('',( #9570 ) ) ;
#3206 = AXIS2_PLACEMENT_3D ( 'NONE', #4275, #8001, #5505 ) ;
#3207 = STYLED_ITEM ( 'NONE', ( #929 ), #7794 ) ;
#3208 = UNCERTAINTY_MEASURE_WITH_UNIT (LENGTH_MEASURE( 1.000000000000000082E-05 ), #4992, 'distance_accuracy_value', 'NONE');
#3209 =( LENGTH_UNIT ( ) NAMED_UNIT ( * ) SI_UNIT ( .MILLI., .METRE. ) );
#3210 = EDGE_CURVE ( 'NONE', #1115, #8326, #8377, .T. ) ;
#3211 = FILL_AREA_STYLE ('',( #407 ) ) ;
#3212 = DIRECTION ( 'NONE',  ( -0.0000000000000000000, -1.000000000000000000, -0.0000000000000000000 ) ) ;
#3213 = ORIENTED_EDGE ( 'NONE', *, *, #10187, .T. ) ;
#3214 =( NAMED_UNIT ( * ) SI_UNIT ( $, .STERADIAN. ) SOLID_ANGLE_UNIT ( ) );
#3215 = FILL_AREA_STYLE ('',( #9823 ) ) ;
#3216 = DIRECTION ( 'NONE',  ( 0.9999748501857348426, -0.0000000000000000000, 0.007092178509962507316 ) ) ;
#3217 = VECTOR ( 'NONE', #11383, 1000.000000000000000 ) ;
#3218 = CARTESIAN_POINT ( 'NONE',  ( 5.559768075817047794, 4.751000000000000334, 1.926340981356293725 ) ) ;
#3219 = VERTEX_POINT ( 'NONE', #3747 ) ;
#3220 = DIRECTION ( 'NONE',  ( -0.007092178509962025063, -0.0000000000000000000, 0.9999748501857348426 ) ) ;
#3221 = PRESENTATION_LAYER_ASSIGNMENT (  '', '', ( #10453 ) ) ;
#3222 = PRESENTATION_LAYER_ASSIGNMENT (  '', '', ( #10654 ) ) ;
#3223 = SURFACE_STYLE_FILL_AREA ( #356 ) ;
#3224 = ORIENTED_EDGE ( 'NONE', *, *, #8222, .T. ) ;
#3225 = PRESENTATION_STYLE_ASSIGNMENT (( #10890 ) ) ;
#3226 = EDGE_CURVE ( 'NONE', #3036, #9474, #955, .T. ) ;
#3227 = SURFACE_STYLE_USAGE ( .BOTH. , #5857 ) ;
#3228 =( GEOMETRIC_REPRESENTATION_CONTEXT ( 3 ) GLOBAL_UNCERTAINTY_ASSIGNED_CONTEXT ( ( #10403 ) ) GLOBAL_UNIT_ASSIGNED_CONTEXT ( ( #6297, #1392, #4467 ) ) REPRESENTATION_CONTEXT ( 'NONE', 'WORKASPACE' ) );
#3229 = CARTESIAN_POINT ( 'NONE',  ( 5.815408349828971701, 4.751000000000000334, 2.478459790710350497 ) ) ;
#3230 = VERTEX_POINT ( 'NONE', #7472 ) ;
#3231 = DIRECTION ( 'NONE',  ( -0.007092178509963908972, 0.0000000000000000000, 0.9999748501857348426 ) ) ;
#3232 = EDGE_LOOP ( 'NONE', ( #8855, #5833, #10001, #7038 ) ) ;
#3233 = FILL_AREA_STYLE ('',( #1611 ) ) ;
#3234 = CARTESIAN_POINT ( 'NONE',  ( 5.549370781357334081, 4.750000000000000000, 1.779657686630379709 ) ) ;
#3235 =( LENGTH_UNIT ( ) NAMED_UNIT ( * ) SI_UNIT ( .MILLI., .METRE. ) );
#3236 = VECTOR ( 'NONE', #9256, 1000.000000000000000 ) ;
#3237 = VECTOR ( 'NONE', #11095, 1000.000000000000114 ) ;
#3238 = PLANE ( 'NONE',  #2547 ) ;
#3239 = PRESENTATION_LAYER_ASSIGNMENT (  '', '', ( #5187 ) ) ;
#3240 = CARTESIAN_POINT ( 'NONE',  ( 7.935713559275157536, 4.751000000000000334, 1.758124279936008172 ) ) ;
#3241 = ORIENTED_EDGE ( 'NONE', *, *, #9656, .T. ) ;
#3242 = EDGE_CURVE ( 'NONE', #10872, #3625, #5990, .T. ) ;
#3243 = CARTESIAN_POINT ( 'NONE',  ( 5.731968130652062676, 4.751000000000000334, 1.855037346947814969 ) ) ;
#3244 = EDGE_CURVE ( 'NONE', #2382, #11201, #5059, .T. ) ;
#3245 = LINE ( 'NONE', #5260, #2196 ) ;
#3246 = EDGE_LOOP ( 'NONE', ( #4706, #7548, #10272, #4751 ) ) ;
#3247 =( NAMED_UNIT ( * ) SI_UNIT ( $, .STERADIAN. ) SOLID_ANGLE_UNIT ( ) );
#3248 =( GEOMETRIC_REPRESENTATION_CONTEXT ( 3 ) GLOBAL_UNCERTAINTY_ASSIGNED_CONTEXT ( ( #11800 ) ) GLOBAL_UNIT_ASSIGNED_CONTEXT ( ( #5483, #972, #11301 ) ) REPRESENTATION_CONTEXT ( 'NONE', 'WORKASPACE' ) );
#3249 = CARTESIAN_POINT ( 'NONE',  ( 9.026227097545170608, 4.751000000000000334, 1.932151104916106199 ) ) ;
#3250 = CARTESIAN_POINT ( 'NONE',  ( 4.872846275826086426, 4.750000000000000000, 2.862993559193159232 ) ) ;
#3251 = ORIENTED_EDGE ( 'NONE', *, *, #5850, .T. ) ;
#3252 = LINE ( 'NONE', #7947, #6983 ) ;
#3253 = VERTEX_POINT ( 'NONE', #2819 ) ;
#3254 =( NAMED_UNIT ( * ) PLANE_ANGLE_UNIT ( ) SI_UNIT ( $, .RADIAN. ) );
#3255 = ORIENTED_EDGE ( 'NONE', *, *, #8448, .F. ) ;
#3256 = ORIENTED_EDGE ( 'NONE', *, *, #3810, .F. ) ;
#3257 = CARTESIAN_POINT ( 'NONE',  ( 5.815408349828971701, 4.751000000000000334, 2.478459790710350497 ) ) ;
#3258 = LINE ( 'NONE', #2259, #11934 ) ;
#3259 =( LENGTH_UNIT ( ) NAMED_UNIT ( * ) SI_UNIT ( .MILLI., .METRE. ) );
#3260 = CARTESIAN_POINT ( 'NONE',  ( 17.78000000000000114, 0.0000000000000000000, -4.999999999999999112 ) ) ;
#3261 = CARTESIAN_POINT ( 'NONE',  ( 8.450051506341306862, 4.750000000000000000, 2.126893105300002418 ) ) ;
#3262 = SURFACE_STYLE_USAGE ( .BOTH. , #9808 ) ;
#3263 = STYLED_ITEM ( 'NONE', ( #1457 ), #9676 ) ;
#3264 = CARTESIAN_POINT ( 'NONE',  ( 7.127134631112414631, 4.750000000000000000, 2.609158316483524143 ) ) ;
#3265 = DIRECTION ( 'NONE',  ( -0.0000000000000000000, -1.000000000000000000, -0.0000000000000000000 ) ) ;
#3266 = CARTESIAN_POINT ( 'NONE',  ( 8.851687369334293010, 4.751000000000000334, 2.075515767507586151 ) ) ;
#3267 = PLANE ( 'NONE',  #5302 ) ;
#3268 = ORIENTED_EDGE ( 'NONE', *, *, #6762, .F. ) ;
#3269 = VERTEX_POINT ( 'NONE', #8776 ) ;
#3270 = STYLED_ITEM ( 'NONE', ( #11295 ), #3767 ) ;
#3271 =( LENGTH_UNIT ( ) NAMED_UNIT ( * ) SI_UNIT ( .MILLI., .METRE. ) );
#3272 = VECTOR ( 'NONE', #5102, 1000.000000000000114 ) ;
#3273 = PLANE ( 'NONE',  #6900 ) ;
#3274 =( NAMED_UNIT ( * ) PLANE_ANGLE_UNIT ( ) SI_UNIT ( $, .RADIAN. ) );
#3275 = ORIENTED_EDGE ( 'NONE', *, *, #11250, .T. ) ;
#3276 = CARTESIAN_POINT ( 'NONE',  ( 8.245387808543862107, 4.751000000000000334, 2.949674791134507146 ) ) ;
#3277 = CARTESIAN_POINT ( 'NONE',  ( 5.586564262336614739, 4.750000000000000000, 1.611736403284577568 ) ) ;
#3278 = CARTESIAN_POINT ( 'NONE',  ( 6.110310657974830306, 4.750000000000000000, 1.911269566611054627 ) ) ;
#3279 = VECTOR ( 'NONE', #5949, 1000.000000000000000 ) ;
#3280 = CARTESIAN_POINT ( 'NONE',  ( 4.885703005539357768, 4.751000000000000334, 1.673311825395795482 ) ) ;
#3281 = VERTEX_POINT ( 'NONE', #6549 ) ;
#3282 = CARTESIAN_POINT ( 'NONE',  ( 5.356989116620489710, 4.751000000000000334, 1.452840834331738273 ) ) ;
#3283 = B_SPLINE_SURFACE_WITH_KNOTS ( 'NONE', 3, 1, ( 
 ( #5485, #7378 ),
 ( #1786, #2537 ),
 ( #9959, #5547 ),
 ( #11977, #1601 ) ),
 .UNSPECIFIED., .F., .F., .F.,
 ( 4, 4 ),
 ( 2, 2 ),
 ( 19.00000000000000000, 20.00000000000000000 ),
 ( 0.0000000000000000000, 1.000000000000000000 ),
 .UNSPECIFIED. ) ;
#3284 = MECHANICAL_DESIGN_GEOMETRIC_PRESENTATION_REPRESENTATION (  '', ( #2687 ), #10136 ) ;
#3285 = FACE_OUTER_BOUND ( 'NONE', #5209, .T. ) ;
#3286 = EDGE_LOOP ( 'NONE', ( #9863, #2999, #10225, #5883 ) ) ;
#3287 =( LENGTH_UNIT ( ) NAMED_UNIT ( * ) SI_UNIT ( .MILLI., .METRE. ) );
#3288 = CARTESIAN_POINT ( 'NONE',  ( 5.344145471521368762, 4.751000000000000334, 1.504478999934985906 ) ) ;
#3289 = VERTEX_POINT ( 'NONE', #5646 ) ;
#3290 = FILL_AREA_STYLE_COLOUR ( '', #8658 ) ;
#3291 = CARTESIAN_POINT ( 'NONE',  ( 6.290979696380119002, 4.751000000000000334, 2.075277142348034065 ) ) ;
#3292 =( NAMED_UNIT ( * ) SI_UNIT ( $, .STERADIAN. ) SOLID_ANGLE_UNIT ( ) );
#3293 = LINE ( 'NONE', #5180, #45 ) ;
#3294 = ORIENTED_EDGE ( 'NONE', *, *, #7359, .F. ) ;
#3295 = CARTESIAN_POINT ( 'NONE',  ( 9.999999999999998224, -3.750000000000000000, 0.5000000000000004441 ) ) ;
#3296 = COLOUR_RGB ( '',0.0000000000000000000, 0.0000000000000000000, 0.0000000000000000000 ) ;
#3297 = DIRECTION ( 'NONE',  ( 0.0000000000000000000, 0.0000000000000000000, 1.000000000000000000 ) ) ;
#3298 = DIRECTION ( 'NONE',  ( 0.0000000000000000000, 0.0000000000000000000, 1.000000000000000000 ) ) ;
#3299 = CARTESIAN_POINT ( 'NONE',  ( 4.702253913058890511, 4.751000000000000334, 1.901283125666817009 ) ) ;
#3300 = EDGE_CURVE ( 'NONE', #9121, #6402, #6484, .T. ) ;
#3301 = STYLED_ITEM ( 'NONE', ( #10521 ), #11267 ) ;
#3302 = EDGE_CURVE ( 'NONE', #6294, #6063, #2881, .T. ) ;
#3303 = CARTESIAN_POINT ( 'NONE',  ( -17.77999999999999758, 0.0000000000000000000, 3.750000000000003997 ) ) ;
#3304 = LINE ( 'NONE', #7028, #6917 ) ;
#3305 = PRESENTATION_STYLE_ASSIGNMENT (( #5010 ) ) ;
#3306 = ORIENTED_EDGE ( 'NONE', *, *, #10659, .F. ) ;
#3307 =( NAMED_UNIT ( * ) PLANE_ANGLE_UNIT ( ) SI_UNIT ( $, .RADIAN. ) );
#3308 = DIRECTION ( 'NONE',  ( 0.007092178509998248691, 0.0000000000000000000, -0.9999748501857346206 ) ) ;
#3309 = LINE ( 'NONE', #6242, #7400 ) ;
#3310 = ORIENTED_EDGE ( 'NONE', *, *, #11167, .T. ) ;
#3311 = CARTESIAN_POINT ( 'NONE',  ( 5.366364131998036413, 4.750000000000000000, 1.981897469216886476 ) ) ;
#3312 = FILL_AREA_STYLE_COLOUR ( '', #5837 ) ;
#3313 = SURFACE_STYLE_USAGE ( .BOTH. , #3188 ) ;
#3314 = EDGE_CURVE ( 'NONE', #8288, #10158, #1017, .T. ) ;
#3315 = EDGE_CURVE ( 'NONE', #8288, #2411, #10179, .T. ) ;
#3316 = ORIENTED_EDGE ( 'NONE', *, *, #5307, .F. ) ;
#3317 = FILL_AREA_STYLE_COLOUR ( '', #6290 ) ;
#3318 = EDGE_LOOP ( 'NONE', ( #6132, #1855, #6091, #8247 ) ) ;
#3319 = B_SPLINE_CURVE_WITH_KNOTS ( 'NONE', 3,
 ( #2775, #11238, #1913, #6570 ),
 .UNSPECIFIED., .F., .F.,
 ( 4, 4 ),
 ( 2.000000000000000000, 3.000000000000000000 ),
 .UNSPECIFIED. ) ;
#3320 = UNCERTAINTY_MEASURE_WITH_UNIT (LENGTH_MEASURE( 1.000000000000000082E-05 ), #10679, 'distance_accuracy_value', 'NONE');
#3321 = ORIENTED_EDGE ( 'NONE', *, *, #4693, .T. ) ;
#3322 = CARTESIAN_POINT ( 'NONE',  ( 5.646770985724858249, 4.750000000000000000, 1.699245326436861658 ) ) ;
#3323 = LINE ( 'NONE', #7821, #949 ) ;
#3324 = FILL_AREA_STYLE_COLOUR ( '', #9671 ) ;
#3325 = CARTESIAN_POINT ( 'NONE',  ( 5.345705999642916595, 4.750000000000000000, 1.449381512223034463 ) ) ;
#3326 = CARTESIAN_POINT ( 'NONE',  ( 5.929786345941820080, 4.751000000000000334, 1.671878672492646878 ) ) ;
#3327 =( LENGTH_UNIT ( ) NAMED_UNIT ( * ) SI_UNIT ( .MILLI., .METRE. ) );
#3328 = CARTESIAN_POINT ( 'NONE',  ( 6.288039254566196945, 4.751000000000000334, 2.489870184278021537 ) ) ;
#3329 = ADVANCED_FACE ( 'NONE', ( #11343 ), #10209, .F. ) ;
#3330 = ORIENTED_EDGE ( 'NONE', *, *, #8713, .F. ) ;
#3331 = VERTEX_POINT ( 'NONE', #562 ) ;
#3332 = EDGE_CURVE ( 'NONE', #426, #9290, #1400, .T. ) ;
#3333 = UNCERTAINTY_MEASURE_WITH_UNIT (LENGTH_MEASURE( 1.000000000000000082E-05 ), #5686, 'distance_accuracy_value', 'NONE');
#3334 = PRESENTATION_STYLE_ASSIGNMENT (( #11786 ) ) ;
#3335 = VECTOR ( 'NONE', #4119, 1000.000000000000000 ) ;
#3336 = CARTESIAN_POINT ( 'NONE',  ( 5.317658825195752392, 4.751000000000000334, 2.874986493105841312 ) ) ;
#3337 = CARTESIAN_POINT ( 'NONE',  ( 5.509505154144900274, 4.751000000000000334, 1.939501691646833503 ) ) ;
#3338 = CARTESIAN_POINT ( 'NONE',  ( 4.067585281081509407, 4.751000000000000334, 1.609541480804983715 ) ) ;
#3339 = DIRECTION ( 'NONE',  ( -0.007092178509965119809, -0.0000000000000000000, 0.9999748501857348426 ) ) ;
#3340 = ORIENTED_EDGE ( 'NONE', *, *, #3008, .F. ) ;
#3341 = MECHANICAL_DESIGN_GEOMETRIC_PRESENTATION_REPRESENTATION (  '', ( #10579 ), #3921 ) ;
#3342 = PRESENTATION_STYLE_ASSIGNMENT (( #4008 ) ) ;
#3343 = ORIENTED_EDGE ( 'NONE', *, *, #281, .F. ) ;
#3344 = STYLED_ITEM ( 'NONE', ( #2189 ), #750 ) ;
#3345 = UNCERTAINTY_MEASURE_WITH_UNIT (LENGTH_MEASURE( 1.000000000000000082E-05 ), #1491, 'distance_accuracy_value', 'NONE');
#3346 = CARTESIAN_POINT ( 'NONE',  ( 5.801308296424873667, 4.751000000000000334, 2.945482780062832706 ) ) ;
#3347 = LINE ( 'NONE', #6950, #5556 ) ;
#3348 = VERTEX_POINT ( 'NONE', #6284 ) ;
#3349 =( LENGTH_UNIT ( ) NAMED_UNIT ( * ) SI_UNIT ( .MILLI., .METRE. ) );
#3350 = FACE_OUTER_BOUND ( 'NONE', #9475, .T. ) ;
#3351 = PRESENTATION_LAYER_ASSIGNMENT (  '', '', ( #8591 ) ) ;
#3352 = SURFACE_STYLE_USAGE ( .BOTH. , #7074 ) ;
#3353 = ORIENTED_EDGE ( 'NONE', *, *, #10066, .F. ) ;
#3354 = CARTESIAN_POINT ( 'NONE',  ( 4.582252505543461751, 4.751000000000000334, 1.613191684436038775 ) ) ;
#3355 =( LENGTH_UNIT ( ) NAMED_UNIT ( * ) SI_UNIT ( .MILLI., .METRE. ) );
#3356 = CARTESIAN_POINT ( 'NONE',  ( 7.127134631112414631, 4.750000000000000000, 2.609158316483524143 ) ) ;
#3357 = LINE ( 'NONE', #3481, #11751 ) ;
#3358 = CARTESIAN_POINT ( 'NONE',  ( 4.327241686349327487, 4.751000000000000334, 1.687027347546587785 ) ) ;
#3359 = AXIS2_PLACEMENT_3D ( 'NONE', #4595, #11897, #10056 ) ;
#3360 = CARTESIAN_POINT ( 'NONE',  ( 5.579126468040183084, 4.751000000000000334, 2.935328768692522239 ) ) ;
#3361 = SURFACE_SIDE_STYLE ('',( #11749 ) ) ;
#3362 = CARTESIAN_POINT ( 'NONE',  ( 5.940023096017200466, 4.751000000000000334, 2.830790617506793616 ) ) ;
#3363 = VERTEX_POINT ( 'NONE', #4387 ) ;
#3364 = UNCERTAINTY_MEASURE_WITH_UNIT (LENGTH_MEASURE( 1.000000000000000082E-05 ), #3528, 'distance_accuracy_value', 'NONE');
#3365 = FILL_AREA_STYLE ('',( #1518 ) ) ;
#3366 = EDGE_CURVE ( 'NONE', #9014, #3363, #5363, .T. ) ;
#3367 = LINE ( 'NONE', #5264, #1718 ) ;
#3368 =( GEOMETRIC_REPRESENTATION_CONTEXT ( 3 ) GLOBAL_UNCERTAINTY_ASSIGNED_CONTEXT ( ( #11168 ) ) GLOBAL_UNIT_ASSIGNED_CONTEXT ( ( #5795, #2957, #9447 ) ) REPRESENTATION_CONTEXT ( 'NONE', 'WORKASPACE' ) );
#3369 = ORIENTED_EDGE ( 'NONE', *, *, #8915, .F. ) ;
#3370 = DIRECTION ( 'NONE',  ( -0.9999748501857349536, -0.0000000000000000000, -0.007092178509959459407 ) ) ;
#3371 = CARTESIAN_POINT ( 'NONE',  ( 8.301841673013029776, 4.750000000000000000, 1.616118361597241870 ) ) ;
#3372 = PRESENTATION_LAYER_ASSIGNMENT (  '', '', ( #188 ) ) ;
#3373 = LINE ( 'NONE', #4157, #6992 ) ;
#3374 = EDGE_LOOP ( 'NONE', ( #2737, #11056, #6764, #7314 ) ) ;
#3375 = LINE ( 'NONE', #6918, #2368 ) ;
#3376 = ORIENTED_EDGE ( 'NONE', *, *, #10873, .T. ) ;
#3377 = EDGE_LOOP ( 'NONE', ( #10523, #4274, #4015, #5068 ) ) ;
#3378 = VECTOR ( 'NONE', #11476, 1000.000000000000000 ) ;
#3379 = CARTESIAN_POINT ( 'NONE',  ( 4.290860286402125467, 4.751000000000000334, 1.722121975943186500 ) ) ;
#3380 = EDGE_CURVE ( 'NONE', #10822, #2909, #11688, .T. ) ;
#3381 = CARTESIAN_POINT ( 'NONE',  ( 6.110310657974830306, 4.751000000000000334, 1.911269566611054405 ) ) ;
#3382 = B_SPLINE_SURFACE_WITH_KNOTS ( 'NONE', 3, 1, ( 
 ( #4890, #2117 ),
 ( #5876, #9603 ),
 ( #1195, #261 ),
 ( #7753, #3115 ) ),
 .UNSPECIFIED., .F., .F., .F.,
 ( 4, 4 ),
 ( 2, 2 ),
 ( 3.000000000000000000, 4.000000000000000000 ),
 ( 0.0000000000000000000, 1.000000000000000000 ),
 .UNSPECIFIED. ) ;
#3383 = CARTESIAN_POINT ( 'NONE',  ( 8.299841908398944312, 4.751000000000000334, 1.898078878745585119 ) ) ;
#3384 =( NAMED_UNIT ( * ) SI_UNIT ( $, .STERADIAN. ) SOLID_ANGLE_UNIT ( ) );
#3385 = CARTESIAN_POINT ( 'NONE',  ( 5.194616714856695516, 4.751000000000000334, 1.677842265815224998 ) ) ;
#3386 = CARTESIAN_POINT ( 'NONE',  ( 4.885703005539357768, 4.751000000000000334, 1.673311825395795482 ) ) ;
#3387 =( GEOMETRIC_REPRESENTATION_CONTEXT ( 3 ) GLOBAL_UNCERTAINTY_ASSIGNED_CONTEXT ( ( #5903 ) ) GLOBAL_UNIT_ASSIGNED_CONTEXT ( ( #3725, #3606, #7329 ) ) REPRESENTATION_CONTEXT ( 'NONE', 'WORKASPACE' ) );
#3388 =( GEOMETRIC_REPRESENTATION_CONTEXT ( 3 ) GLOBAL_UNCERTAINTY_ASSIGNED_CONTEXT ( ( #2341 ) ) GLOBAL_UNIT_ASSIGNED_CONTEXT ( ( #3271, #4176, #8024 ) ) REPRESENTATION_CONTEXT ( 'NONE', 'WORKASPACE' ) );
#3389 = FILL_AREA_STYLE ('',( #6928 ) ) ;
#3390 = VERTEX_POINT ( 'NONE', #3354 ) ;
#3391 = ORIENTED_EDGE ( 'NONE', *, *, #345, .F. ) ;
#3392 = EDGE_CURVE ( 'NONE', #6190, #7951, #5998, .T. ) ;
#3393 = DIRECTION ( 'NONE',  ( -0.007092178509963965351, 0.0000000000000000000, 0.9999748501857348426 ) ) ;
#3394 = AXIS2_PLACEMENT_3D ( 'NONE', #5094, #7970, #3505 ) ;
#3395 = EDGE_CURVE ( 'NONE', #6423, #11299, #9089, .T. ) ;
#3396 = CARTESIAN_POINT ( 'NONE',  ( 4.166460228167889746, 4.750000000000000000, 1.870968591937121506 ) ) ;
#3397 = VECTOR ( 'NONE', #4594, 1000.000000000000000 ) ;
#3398 = FACE_OUTER_BOUND ( 'NONE', #3676, .T. ) ;
#3399 = CARTESIAN_POINT ( 'NONE',  ( 5.987524596244380604, 4.750000000000000000, 1.960828251277271450 ) ) ;
#3400 = CARTESIAN_POINT ( 'NONE',  ( 8.245387808543862107, 4.751000000000000334, 2.949674791134507146 ) ) ;
#3401 = EDGE_CURVE ( 'NONE', #1284, #836, #7113, .T. ) ;
#3402 = DIRECTION ( 'NONE',  ( -0.0000000000000000000, -1.000000000000000000, -0.0000000000000000000 ) ) ;
#3403 = CARTESIAN_POINT ( 'NONE',  ( 6.356197968279209576, 4.751000000000000334, 2.134227547358212185 ) ) ;
#3404 = PRESENTATION_LAYER_ASSIGNMENT (  '', '', ( #8647 ) ) ;
#3405 =( GEOMETRIC_REPRESENTATION_CONTEXT ( 3 ) GLOBAL_UNCERTAINTY_ASSIGNED_CONTEXT ( ( #9694 ) ) GLOBAL_UNIT_ASSIGNED_CONTEXT ( ( #1135, #194, #2493 ) ) REPRESENTATION_CONTEXT ( 'NONE', 'WORKASPACE' ) );
#3406 = DIRECTION ( 'NONE',  ( -0.0000000000000000000, -1.000000000000000000, -0.0000000000000000000 ) ) ;
#3407 = ORIENTED_EDGE ( 'NONE', *, *, #10942, .T. ) ;
#3408 = CARTESIAN_POINT ( 'NONE',  ( 5.513908196141112050, 4.750000000000000000, 2.876378363682340122 ) ) ;
#3409 = CARTESIAN_POINT ( 'NONE',  ( 5.951886135981641068, 4.751000000000000334, 1.927822292496756962 ) ) ;
#3410 = CARTESIAN_POINT ( 'NONE',  ( 5.765111325619892924, 4.751000000000000334, 2.478103066264586651 ) ) ;
#3411 = ORIENTED_EDGE ( 'NONE', *, *, #11405, .T. ) ;
#3412 = CARTESIAN_POINT ( 'NONE',  ( 5.731968130652063564, 4.751000000000000334, 1.855037346947814969 ) ) ;
#3413 = CARTESIAN_POINT ( 'NONE',  ( 5.466797839095709932, 4.750000000000000000, 1.712005977553587632 ) ) ;
#3414 = AXIS2_PLACEMENT_3D ( 'NONE', #1854, #8279, #11063 ) ;
#3415 =( GEOMETRIC_REPRESENTATION_CONTEXT ( 3 ) GLOBAL_UNCERTAINTY_ASSIGNED_CONTEXT ( ( #3580 ) ) GLOBAL_UNIT_ASSIGNED_CONTEXT ( ( #6451, #11003, #4502 ) ) REPRESENTATION_CONTEXT ( 'NONE', 'WORKASPACE' ) );
#3416 = EDGE_LOOP ( 'NONE', ( #11925, #6929, #68, #4755 ) ) ;
#3417 = CARTESIAN_POINT ( 'NONE',  ( 5.579697231358384357, 4.751000000000000334, 1.663676903184503786 ) ) ;
#3418 = FILL_AREA_STYLE ('',( #911 ) ) ;
#3419 = UNCERTAINTY_MEASURE_WITH_UNIT (LENGTH_MEASURE( 1.000000000000000082E-05 ), #11209, 'distance_accuracy_value', 'NONE');
#3420 = CARTESIAN_POINT ( 'NONE',  ( 5.627399508885816637, 4.750000000000000000, 1.828301107298216266 ) ) ;
#3421 = MECHANICAL_DESIGN_GEOMETRIC_PRESENTATION_REPRESENTATION (  '', ( #7697 ), #2221 ) ;
#3422 = MECHANICAL_DESIGN_GEOMETRIC_PRESENTATION_REPRESENTATION (  '', ( #5574 ), #12031 ) ;
#3423 = LINE ( 'NONE', #4208, #6142 ) ;
#3424 = DIRECTION ( 'NONE',  ( -0.0000000000000000000, -1.000000000000000000, -0.0000000000000000000 ) ) ;
#3425 = CARTESIAN_POINT ( 'NONE',  ( 5.904015003649081272, 4.751000000000000334, 2.868227407681360752 ) ) ;
#3426 = ORIENTED_EDGE ( 'NONE', *, *, #7513, .T. ) ;
#3427 = CARTESIAN_POINT ( 'NONE',  ( 4.948141223361533392, 4.751000000000000334, 2.124241106413962576 ) ) ;
#3428 = CARTESIAN_POINT ( 'NONE',  ( 5.194616714856695516, 4.751000000000000334, 1.677842265815224998 ) ) ;
#3429 = CARTESIAN_POINT ( 'NONE',  ( 5.504074232833599645, 4.751000000000000334, 1.825606818309852608 ) ) ;
#3430 = EDGE_LOOP ( 'NONE', ( #1716, #5569, #9151, #344 ) ) ;
#3431 =( NAMED_UNIT ( * ) PLANE_ANGLE_UNIT ( ) SI_UNIT ( $, .RADIAN. ) );
#3432 = CARTESIAN_POINT ( 'NONE',  ( 5.940023096017200466, 4.751000000000000334, 2.830790617506793616 ) ) ;
#3433 = LINE ( 'NONE', #4283, #3162 ) ;
#3434 = ORIENTED_EDGE ( 'NONE', *, *, #7859, .F. ) ;
#3435 = EDGE_CURVE ( 'NONE', #11700, #600, #5183, .T. ) ;
#3436 = ORIENTED_EDGE ( 'NONE', *, *, #5566, .T. ) ;
#3437 = MECHANICAL_DESIGN_GEOMETRIC_PRESENTATION_REPRESENTATION (  '', ( #1051 ), #6553 ) ;
#3438 = SURFACE_STYLE_USAGE ( .BOTH. , #11832 ) ;
#3439 = CARTESIAN_POINT ( 'NONE',  ( 6.094315529567613687, 4.750000000000000000, 2.132370183641892680 ) ) ;
#3440 = DIRECTION ( 'NONE',  ( -0.3216389368451668673, 0.0000000000000000000, -0.9468623945986611723 ) ) ;
#3441 = CARTESIAN_POINT ( 'NONE',  ( 6.292546702989431751, 4.751000000000000334, 1.854334141944649961 ) ) ;
#3442 = CARTESIAN_POINT ( 'NONE',  ( 4.241861031149168682, 4.750000000000000000, 2.051905896914612448 ) ) ;
#3443 = LINE ( 'NONE', #12019, #684 ) ;
#3444 = CARTESIAN_POINT ( 'NONE',  ( 5.684346846922542440, 4.751000000000000334, 2.448676247909279180 ) ) ;
#3445 = CARTESIAN_POINT ( 'NONE',  ( 5.417415157114687574, 4.751000000000000334, 1.912594008837416704 ) ) ;
#3446 = COLOUR_RGB ( '',0.0000000000000000000, 0.0000000000000000000, 0.0000000000000000000 ) ;
#3447 = LINE ( 'NONE', #3385, #10673 ) ;
#3448 = CARTESIAN_POINT ( 'NONE',  ( -9.999999999999998224, -3.750000000000000000, 0.5000000000000004441 ) ) ;
#3449 = DIRECTION ( 'NONE',  ( 0.007092178509942577078, 0.0000000000000000000, -0.9999748501857350647 ) ) ;
#3450 = ORIENTED_EDGE ( 'NONE', *, *, #1859, .T. ) ;
#3451 = ADVANCED_FACE ( 'NONE', ( #7990 ), #10835, .T. ) ;
#3452 = ORIENTED_EDGE ( 'NONE', *, *, #9518, .T. ) ;
#3453 =( NAMED_UNIT ( * ) SI_UNIT ( $, .STERADIAN. ) SOLID_ANGLE_UNIT ( ) );
#3454 =( GEOMETRIC_REPRESENTATION_CONTEXT ( 3 ) GLOBAL_UNCERTAINTY_ASSIGNED_CONTEXT ( ( #10950 ) ) GLOBAL_UNIT_ASSIGNED_CONTEXT ( ( #4138, #9305, #3918 ) ) REPRESENTATION_CONTEXT ( 'NONE', 'WORKASPACE' ) );
#3455 = UNCERTAINTY_MEASURE_WITH_UNIT (LENGTH_MEASURE( 1.000000000000000082E-05 ), #10487, 'distance_accuracy_value', 'NONE');
#3456 = CARTESIAN_POINT ( 'NONE',  ( 5.317658825195752392, 4.751000000000000334, 2.874986493105841312 ) ) ;
#3457 = LINE ( 'NONE', #1543, #4501 ) ;
#3458 =( NAMED_UNIT ( * ) PLANE_ANGLE_UNIT ( ) SI_UNIT ( $, .RADIAN. ) );
#3459 = PRESENTATION_STYLE_ASSIGNMENT (( #732 ) ) ;
#3460 =( LENGTH_UNIT ( ) NAMED_UNIT ( * ) SI_UNIT ( .MILLI., .METRE. ) );
#3461 = CARTESIAN_POINT ( 'NONE',  ( 7.810602685323946304, 4.750000000000000000, 3.087578438258134828 ) ) ;
#3462 = ORIENTED_EDGE ( 'NONE', *, *, #10587, .T. ) ;
#3463 = PRESENTATION_STYLE_ASSIGNMENT (( #9771 ) ) ;
#3464 = EDGE_CURVE ( 'NONE', #7558, #10024, #805, .T. ) ;
#3465 = EDGE_CURVE ( 'NONE', #836, #7342, #11012, .T. ) ;
#3466 = EDGE_CURVE ( 'NONE', #11156, #9776, #11931, .T. ) ;
#3467 = VECTOR ( 'NONE', #2946, 1000.000000000000000 ) ;
#3468 = CARTESIAN_POINT ( 'NONE',  ( 5.073372618235536535, 4.751000000000000334, 2.481255335001208095 ) ) ;
#3469 = ORIENTED_EDGE ( 'NONE', *, *, #1093, .T. ) ;
#3470 = UNCERTAINTY_MEASURE_WITH_UNIT (LENGTH_MEASURE( 1.000000000000000082E-05 ), #6086, 'distance_accuracy_value', 'NONE');
#3471 = CYLINDRICAL_SURFACE ( 'NONE', #7080, 0.3400000000000000244 ) ;
#3472 = CARTESIAN_POINT ( 'NONE',  ( 5.627399508885816637, 4.751000000000000334, 1.828301107298216266 ) ) ;
#3473 = VERTEX_POINT ( 'NONE', #5615 ) ;
#3474 = CARTESIAN_POINT ( 'NONE',  ( 11.00000000000000000, 0.0000000000000000000, 5.090000000000005187 ) ) ;
#3475 = VECTOR ( 'NONE', #11231, 1000.000000000000000 ) ;
#3476 =( LENGTH_UNIT ( ) NAMED_UNIT ( * ) SI_UNIT ( .MILLI., .METRE. ) );
#3477 = VECTOR ( 'NONE', #2083, 1000.000000000000114 ) ;
#3478 = VERTEX_POINT ( 'NONE', #1799 ) ;
#3479 = CARTESIAN_POINT ( 'NONE',  ( 16.78000000000000114, 0.0000000000000000000, 5.090000000000005187 ) ) ;
#3480 = B_SPLINE_CURVE_WITH_KNOTS ( 'NONE', 3,
 ( #10167, #5451, #3733, #11079 ),
 .UNSPECIFIED., .F., .F.,
 ( 4, 4 ),
 ( 1.000000000000000000, 2.000000000000000000 ),
 .UNSPECIFIED. ) ;
#3481 = CARTESIAN_POINT ( 'NONE',  ( 6.085551493019715430, 4.751000000000000334, 2.488434068809013855 ) ) ;
#3482 = ADVANCED_FACE ( 'NONE', ( #11249 ), #7647, .F. ) ;
#3483 = PRESENTATION_STYLE_ASSIGNMENT (( #8290 ) ) ;
#3484 = AXIS2_PLACEMENT_3D ( 'NONE', #6011, #386, #269 ) ;
#3485 = B_SPLINE_SURFACE_WITH_KNOTS ( 'NONE', 3, 1, ( 
 ( #3703, #5535 ),
 ( #7587, #10254 ),
 ( #36, #2825 ),
 ( #10191, #7481 ) ),
 .UNSPECIFIED., .F., .F., .F.,
 ( 4, 4 ),
 ( 2, 2 ),
 ( 10.00000000000000000, 11.00000000000000000 ),
 ( 0.0000000000000000000, 1.000000000000000000 ),
 .UNSPECIFIED. ) ;
#3486 = VECTOR ( 'NONE', #1660, 999.9999999999998863 ) ;
#3487 = ADVANCED_FACE ( 'NONE', ( #2848 ), #11087, .F. ) ;
#3488 = DIRECTION ( 'NONE',  ( 1.000000000000000000, 0.0000000000000000000, 0.0000000000000000000 ) ) ;
#3489 = DIRECTION ( 'NONE',  ( -0.007092178509962440529, 0.0000000000000000000, 0.9999748501857348426 ) ) ;
#3490 = ORIENTED_EDGE ( 'NONE', *, *, #8654, .F. ) ;
#3491 = UNCERTAINTY_MEASURE_WITH_UNIT (LENGTH_MEASURE( 1.000000000000000082E-05 ), #7535, 'distance_accuracy_value', 'NONE');
#3492 = CARTESIAN_POINT ( 'NONE',  ( 0.0000000000000000000, 5.976861868348636460E-17, 0.5000000000000000000 ) ) ;
#3493 = UNCERTAINTY_MEASURE_WITH_UNIT (LENGTH_MEASURE( 1.000000000000000082E-05 ), #2148, 'distance_accuracy_value', 'NONE');
#3494 = LINE ( 'NONE', #10111, #2512 ) ;
#3495 = CARTESIAN_POINT ( 'NONE',  ( 4.241861031149168682, 4.750000000000000000, 2.051905896914612448 ) ) ;
#3496 = ORIENTED_EDGE ( 'NONE', *, *, #2131, .F. ) ;
#3497 = VECTOR ( 'NONE', #10490, 999.9999999999998863 ) ;
#3498 = FACE_OUTER_BOUND ( 'NONE', #3286, .T. ) ;
#3499 = CARTESIAN_POINT ( 'NONE',  ( 5.994066292223217296, 4.750000000000000000, 1.643220614943113889 ) ) ;
#3500 = VERTEX_POINT ( 'NONE', #170 ) ;
#3501 = PRESENTATION_LAYER_ASSIGNMENT (  '', '', ( #12098 ) ) ;
#3502 = ORIENTED_EDGE ( 'NONE', *, *, #11497, .F. ) ;
#3503 = CARTESIAN_POINT ( 'NONE',  ( 4.361959337496944755, 4.751000000000000334, 1.611629286669713945 ) ) ;
#3504 = SURFACE_SIDE_STYLE ('',( #7404 ) ) ;
#3505 = DIRECTION ( 'NONE',  ( 0.9999748501857348426, 0.0000000000000000000, 0.007092178509963000844 ) ) ;
#3506 = CARTESIAN_POINT ( 'NONE',  ( 7.320312642992590213, 4.751000000000000334, 2.896118056044793221 ) ) ;
#3507 = DIRECTION ( 'NONE',  ( -0.9999748501857348426, -0.0000000000000000000, -0.007092178509962399763 ) ) ;
#3508 = CARTESIAN_POINT ( 'NONE',  ( 5.442876645918871326, 4.750000000000000000, 1.639571327278545931 ) ) ;
#3509 =( GEOMETRIC_REPRESENTATION_CONTEXT ( 3 ) GLOBAL_UNCERTAINTY_ASSIGNED_CONTEXT ( ( #11190 ) ) GLOBAL_UNIT_ASSIGNED_CONTEXT ( ( #10544, #6009, #4958 ) ) REPRESENTATION_CONTEXT ( 'NONE', 'WORKASPACE' ) );
#3510 = DIRECTION ( 'NONE',  ( -0.0000000000000000000, 1.000000000000000000, -1.195372373669727292E-16 ) ) ;
#3511 =( NAMED_UNIT ( * ) PLANE_ANGLE_UNIT ( ) SI_UNIT ( $, .RADIAN. ) );
#3512 = PRESENTATION_STYLE_ASSIGNMENT (( #10132 ) ) ;
#3513 = ORIENTED_EDGE ( 'NONE', *, *, #2610, .T. ) ;
#3514 = EDGE_LOOP ( 'NONE', ( #7410, #2982, #1281, #9261 ) ) ;
#3515 = DIRECTION ( 'NONE',  ( 0.9999748501857349536, -0.0000000000000000000, 0.007092178509958225151 ) ) ;
#3516 = FACE_OUTER_BOUND ( 'NONE', #4919, .T. ) ;
#3517 = CARTESIAN_POINT ( 'NONE',  ( 7.238914016114391892, 4.750000000000000000, 1.630270273026668049 ) ) ;
#3518 = CARTESIAN_POINT ( 'NONE',  ( 7.320312642992590213, 4.751000000000000334, 2.896118056044793221 ) ) ;
#3519 = CARTESIAN_POINT ( 'NONE',  ( 5.144413519584437822, 4.750000000000000000, 2.873757775570414452 ) ) ;
#3520 = EDGE_CURVE ( 'NONE', #1402, #6845, #116, .T. ) ;
#3521 = FILL_AREA_STYLE_COLOUR ( '', #3042 ) ;
#3522 = FILL_AREA_STYLE_COLOUR ( '', #7555 ) ;
#3523 = ORIENTED_EDGE ( 'NONE', *, *, #6960, .T. ) ;
#3524 = CARTESIAN_POINT ( 'NONE',  ( 5.542266887760171734, 4.750000000000000000, 1.663411433829511177 ) ) ;
#3525 = FILL_AREA_STYLE ('',( #11920 ) ) ;
#3526 = ORIENTED_EDGE ( 'NONE', *, *, #10782, .F. ) ;
#3527 =( GEOMETRIC_REPRESENTATION_CONTEXT ( 3 ) GLOBAL_UNCERTAINTY_ASSIGNED_CONTEXT ( ( #11388 ) ) GLOBAL_UNIT_ASSIGNED_CONTEXT ( ( #5229, #546, #3214 ) ) REPRESENTATION_CONTEXT ( 'NONE', 'WORKASPACE' ) );
#3528 =( LENGTH_UNIT ( ) NAMED_UNIT ( * ) SI_UNIT ( .MILLI., .METRE. ) );
#3529 = CARTESIAN_POINT ( 'NONE',  ( 5.960080507932782545, 4.751000000000000334, 1.725382462917125492 ) ) ;
#3530 = VERTEX_POINT ( 'NONE', #11313 ) ;
#3531 =( NAMED_UNIT ( * ) PLANE_ANGLE_UNIT ( ) SI_UNIT ( $, .RADIAN. ) );
#3532 = EDGE_CURVE ( 'NONE', #5270, #7268, #1974, .T. ) ;
#3533 = DIRECTION ( 'NONE',  ( -0.9999748501857348426, -0.0000000000000000000, -0.007092178509963908105 ) ) ;
#3534 = ADVANCED_FACE ( 'NONE', ( #10387 ), #4829, .F. ) ;
#3535 = CARTESIAN_POINT ( 'NONE',  ( 5.815408349828971701, 4.751000000000000334, 2.478459790710350497 ) ) ;
#3536 = ORIENTED_EDGE ( 'NONE', *, *, #6723, .T. ) ;
#3537 = STYLED_ITEM ( 'NONE', ( #133 ), #4213 ) ;
#3538 = SURFACE_STYLE_FILL_AREA ( #9911 ) ;
#3539 = CARTESIAN_POINT ( 'NONE',  ( 5.260200966600935502, 4.750000000000000000, 1.446955457895424679 ) ) ;
#3540 = FILL_AREA_STYLE_COLOUR ( '', #5932 ) ;
#3541 =( LENGTH_UNIT ( ) NAMED_UNIT ( * ) SI_UNIT ( .MILLI., .METRE. ) );
#3542 = CARTESIAN_POINT ( 'NONE',  ( 4.436618090650972235, 4.751000000000000334, 2.062125348052995299 ) ) ;
#3543 = COLOUR_RGB ( '',0.0000000000000000000, 0.0000000000000000000, 0.0000000000000000000 ) ;
#3544 = ORIENTED_EDGE ( 'NONE', *, *, #4219, .F. ) ;
#3545 = SURFACE_STYLE_USAGE ( .BOTH. , #2 ) ;
#3546 = EDGE_CURVE ( 'NONE', #1110, #5294, #4076, .T. ) ;
#3547 = FILL_AREA_STYLE ('',( #7031 ) ) ;
#3548 = EDGE_CURVE ( 'NONE', #9579, #1790, #5977, .T. ) ;
#3549 = CARTESIAN_POINT ( 'NONE',  ( -11.00000000000000000, 4.750000000000000000, -1.135603754986240755E-15 ) ) ;
#3550 = DIRECTION ( 'NONE',  ( 0.8896103580601516514, 0.0000000000000000000, -0.4567202763531402199 ) ) ;
#3551 = EDGE_LOOP ( 'NONE', ( #9792, #272, #5864, #10704 ) ) ;
#3552 = CARTESIAN_POINT ( 'NONE',  ( 4.532180195612942164, 4.750000000000000000, 2.827304343640511419 ) ) ;
#3553 = ADVANCED_FACE ( 'NONE', ( #9703 ), #6195, .T. ) ;
#3554 = CARTESIAN_POINT ( 'NONE',  ( 5.975903065453572083, 4.750000000000000000, 2.793092972618828274 ) ) ;
#3555 = PRESENTATION_LAYER_ASSIGNMENT (  '', '', ( #11372 ) ) ;
#3556 = MECHANICAL_DESIGN_GEOMETRIC_PRESENTATION_REPRESENTATION (  '', ( #7635 ), #9402 ) ;
#3557 = SURFACE_STYLE_USAGE ( .BOTH. , #1634 ) ;
#3558 = ORIENTED_EDGE ( 'NONE', *, *, #12014, .F. ) ;
#3559 = UNCERTAINTY_MEASURE_WITH_UNIT (LENGTH_MEASURE( 1.000000000000000082E-05 ), #2482, 'distance_accuracy_value', 'NONE');
#3560 = B_SPLINE_SURFACE_WITH_KNOTS ( 'NONE', 3, 1, ( 
 ( #10552, #338 ),
 ( #6740, #9685 ),
 ( #278, #6852 ),
 ( #1290, #5029 ) ),
 .UNSPECIFIED., .F., .F., .F.,
 ( 4, 4 ),
 ( 2, 2 ),
 ( 4.000000000000000000, 5.000000000000000000 ),
 ( 0.0000000000000000000, 1.000000000000000000 ),
 .UNSPECIFIED. ) ;
#3561 = EDGE_LOOP ( 'NONE', ( #9607, #3526, #10028, #7434 ) ) ;
#3562 = LINE ( 'NONE', #11034, #5155 ) ;
#3563 = SURFACE_STYLE_FILL_AREA ( #2692 ) ;
#3564 = DIRECTION ( 'NONE',  ( 0.9999748501857348426, 0.0000000000000000000, 0.007092178509963576773 ) ) ;
#3565 = AXIS2_PLACEMENT_3D ( 'NONE', #3668, #10907, #5258 ) ;
#3566 =( GEOMETRIC_REPRESENTATION_CONTEXT ( 3 ) GLOBAL_UNCERTAINTY_ASSIGNED_CONTEXT ( ( #7721 ) ) GLOBAL_UNIT_ASSIGNED_CONTEXT ( ( #11570, #6958, #2430 ) ) REPRESENTATION_CONTEXT ( 'NONE', 'WORKASPACE' ) );
#3567 = FACE_BOUND ( 'NONE', #11882, .T. ) ;
#3568 = CARTESIAN_POINT ( 'NONE',  ( 5.254901820486773900, 4.751000000000000334, 1.552715903246769891 ) ) ;
#3569 = SURFACE_SIDE_STYLE ('',( #1712 ) ) ;
#3570 = DIRECTION ( 'NONE',  ( -0.0000000000000000000, -1.000000000000000000, -0.0000000000000000000 ) ) ;
#3571 = CARTESIAN_POINT ( 'NONE',  ( 5.549370781357334081, 4.751000000000000334, 1.779657686630379709 ) ) ;
#3572 = FILL_AREA_STYLE ('',( #9177 ) ) ;
#3573 = PLANE ( 'NONE',  #9391 ) ;
#3574 = ORIENTED_EDGE ( 'NONE', *, *, #580, .F. ) ;
#3575 = MECHANICAL_DESIGN_GEOMETRIC_PRESENTATION_REPRESENTATION (  '', ( #4131 ), #6300 ) ;
#3576 = ORIENTED_EDGE ( 'NONE', *, *, #9072, .F. ) ;
#3577 = COLOUR_RGB ( '',0.6470588235294117974, 0.6470588235294117974, 0.6470588235294117974 ) ;
#3578 = B_SPLINE_CURVE_WITH_KNOTS ( 'NONE', 3,
 ( #11727, #7836, #350, #10876 ),
 .UNSPECIFIED., .F., .F.,
 ( 4, 4 ),
 ( 7.000000000000000000, 8.000000000000000000 ),
 .UNSPECIFIED. ) ;
#3579 = CARTESIAN_POINT ( 'NONE',  ( 5.504074232833599645, 4.750000000000000000, 1.825606818309852608 ) ) ;
#3580 = UNCERTAINTY_MEASURE_WITH_UNIT (LENGTH_MEASURE( 1.000000000000000082E-05 ), #6451, 'distance_accuracy_value', 'NONE');
#3581 = CARTESIAN_POINT ( 'NONE',  ( 4.290860286402125467, 4.750000000000000000, 1.722121975943186500 ) ) ;
#3582 =( LENGTH_UNIT ( ) NAMED_UNIT ( * ) SI_UNIT ( .MILLI., .METRE. ) );
#3583 = LINE ( 'NONE', #9069, #6584 ) ;
#3584 = CARTESIAN_POINT ( 'NONE',  ( 5.942858560643561106, 4.751000000000000334, 1.771270763671490389 ) ) ;
#3585 = PRESENTATION_STYLE_ASSIGNMENT (( #1594 ) ) ;
#3586 = PRESENTATION_LAYER_ASSIGNMENT (  '', '', ( #10630 ) ) ;
#3587 = CARTESIAN_POINT ( 'NONE',  ( 5.530039856534351372, 4.751000000000000334, 1.939647331084633386 ) ) ;
#3588 = DIRECTION ( 'NONE',  ( -0.0000000000000000000, -1.000000000000000000, -0.0000000000000000000 ) ) ;
#3589 = DIRECTION ( 'NONE',  ( -0.007092178509963754582, 0.0000000000000000000, 0.9999748501857348426 ) ) ;
#3590 = ORIENTED_EDGE ( 'NONE', *, *, #10885, .F. ) ;
#3591 = TOROIDAL_SURFACE ( 'NONE', #10426, 0.9999999999999991118, 0.3399999999999997469 ) ;
#3592 = EDGE_CURVE ( 'NONE', #5919, #6845, #4747, .T. ) ;
#3593 =( GEOMETRIC_REPRESENTATION_CONTEXT ( 3 ) GLOBAL_UNCERTAINTY_ASSIGNED_CONTEXT ( ( #5283 ) ) GLOBAL_UNIT_ASSIGNED_CONTEXT ( ( #1618, #3667, #1561 ) ) REPRESENTATION_CONTEXT ( 'NONE', 'WORKASPACE' ) );
#3594 = UNCERTAINTY_MEASURE_WITH_UNIT (LENGTH_MEASURE( 1.000000000000000082E-05 ), #10620, 'distance_accuracy_value', 'NONE');
#3595 = CARTESIAN_POINT ( 'NONE',  ( 5.188910170230661478, 4.751000000000000334, 1.694438338033092073 ) ) ;
#3596 = SURFACE_STYLE_FILL_AREA ( #4503 ) ;
#3597 =( LENGTH_UNIT ( ) NAMED_UNIT ( * ) SI_UNIT ( .MILLI., .METRE. ) );
#3598 = VERTEX_POINT ( 'NONE', #617 ) ;
#3599 = CARTESIAN_POINT ( 'NONE',  ( 8.405570455151950782, 4.750000000000000000, 2.791748271027798989 ) ) ;
#3600 = LINE ( 'NONE', #8346, #2833 ) ;
#3601 = ORIENTED_EDGE ( 'NONE', *, *, #5787, .T. ) ;
#3602 = FILL_AREA_STYLE ('',( #10159 ) ) ;
#3603 = STYLED_ITEM ( 'NONE', ( #11883 ), #6756 ) ;
#3604 = CARTESIAN_POINT ( 'NONE',  ( 4.537116153298770271, 4.751000000000000334, 2.846055464413908886 ) ) ;
#3605 = EDGE_CURVE ( 'NONE', #11733, #6425, #2578, .T. ) ;
#3606 =( NAMED_UNIT ( * ) PLANE_ANGLE_UNIT ( ) SI_UNIT ( $, .RADIAN. ) );
#3607 = PRESENTATION_LAYER_ASSIGNMENT (  '', '', ( #7508 ) ) ;
#3608 = PRESENTATION_LAYER_ASSIGNMENT (  '', '', ( #10062 ) ) ;
#3609 = DIRECTION ( 'NONE',  ( -0.007092178509954529322, 0.0000000000000000000, 0.9999748501857349536 ) ) ;
#3610 = STYLED_ITEM ( 'NONE', ( #9917 ), #6081 ) ;
#3611 = EDGE_LOOP ( 'NONE', ( #2323, #6413, #6944, #7593 ) ) ;
#3612 = UNCERTAINTY_MEASURE_WITH_UNIT (LENGTH_MEASURE( 1.000000000000000082E-05 ), #7626, 'distance_accuracy_value', 'NONE');
#3613 = CARTESIAN_POINT ( 'NONE',  ( 6.996230106470864740, 4.750000000000000000, 1.697235245338857057 ) ) ;
#3614 = CARTESIAN_POINT ( 'NONE',  ( 5.994066292223217296, 4.751000000000000334, 1.643220614943113889 ) ) ;
#3615 = ORIENTED_EDGE ( 'NONE', *, *, #7148, .F. ) ;
#3616 = CARTESIAN_POINT ( 'NONE',  ( 4.539855585739943855, 4.751000000000000334, 2.862971384531736607 ) ) ;
#3617 = PRESENTATION_STYLE_ASSIGNMENT (( #9227 ) ) ;
#3618 = MECHANICAL_DESIGN_GEOMETRIC_PRESENTATION_REPRESENTATION (  '', ( #12030 ), #6729 ) ;
#3619 = PRESENTATION_LAYER_ASSIGNMENT (  '', '', ( #7698 ) ) ;
#3620 = CARTESIAN_POINT ( 'NONE',  ( 8.417902061060656749, 4.750000000000000000, 2.582162518155731945 ) ) ;
#3621 = EDGE_LOOP ( 'NONE', ( #304, #5051, #3256, #7833 ) ) ;
#3622 = EDGE_CURVE ( 'NONE', #10723, #1259, #6046, .T. ) ;
#3623 = ADVANCED_FACE ( 'NONE', ( #5291 ), #7010, .F. ) ;
#3624 = ADVANCED_FACE ( 'NONE', ( #5168 ), #4630, .F. ) ;
#3625 = VERTEX_POINT ( 'NONE', #5542 ) ;
#3626 = CARTESIAN_POINT ( 'NONE',  ( 7.555792542750506158, 4.751000000000000334, 1.806040347679827240 ) ) ;
#3627 = LINE ( 'NONE', #11950, #4316 ) ;
#3628 = DIRECTION ( 'NONE',  ( -0.007092178509958225151, -0.0000000000000000000, 0.9999748501857349536 ) ) ;
#3629 =( NAMED_UNIT ( * ) SI_UNIT ( $, .STERADIAN. ) SOLID_ANGLE_UNIT ( ) );
#3630 = MECHANICAL_DESIGN_GEOMETRIC_PRESENTATION_REPRESENTATION (  '', ( #7516 ), #3228 ) ;
#3631 =( LENGTH_UNIT ( ) NAMED_UNIT ( * ) SI_UNIT ( .MILLI., .METRE. ) );
#3632 = SURFACE_SIDE_STYLE ('',( #7408 ) ) ;
#3633 = LINE ( 'NONE', #8320, #1482 ) ;
#3634 = DIRECTION ( 'NONE',  ( -0.007092178509963667846, -0.0000000000000000000, 0.9999748501857348426 ) ) ;
#3635 = DIRECTION ( 'NONE',  ( -0.0000000000000000000, -1.000000000000000000, -0.0000000000000000000 ) ) ;
#3636 = DIRECTION ( 'NONE',  ( 0.0000000000000000000, 1.000000000000000000, -1.195372373669727292E-16 ) ) ;
#3637 = VECTOR ( 'NONE', #471, 1000.000000000000000 ) ;
#3638 = CARTESIAN_POINT ( 'NONE',  ( 4.573835816210541694, 4.750000000000000000, 2.928198888620188622 ) ) ;
#3639 = ORIENTED_EDGE ( 'NONE', *, *, #5604, .F. ) ;
#3640 = VERTEX_POINT ( 'NONE', #9319 ) ;
#3641 = CIRCLE ( 'NONE', #256, 0.3400000000000000244 ) ;
#3642 = CARTESIAN_POINT ( 'NONE',  ( 4.573835816210541694, 4.750000000000000000, 2.928198888620188622 ) ) ;
#3643 = LINE ( 'NONE', #675, #10571 ) ;
#3644 = COLOUR_RGB ( '',0.0000000000000000000, 0.0000000000000000000, 0.0000000000000000000 ) ;
#3645 = DIRECTION ( 'NONE',  ( 0.0000000000000000000, 0.0000000000000000000, -1.000000000000000000 ) ) ;
#3646 = CARTESIAN_POINT ( 'NONE',  ( 5.067603335331337000, 4.751000000000000334, 2.873213010331563844 ) ) ;
#3647 = MECHANICAL_DESIGN_GEOMETRIC_PRESENTATION_REPRESENTATION (  '', ( #10485 ), #2458 ) ;
#3648 = CARTESIAN_POINT ( 'NONE',  ( 5.627399508885816637, 4.751000000000000334, 1.828301107298216266 ) ) ;
#3649 =( NAMED_UNIT ( * ) SI_UNIT ( $, .STERADIAN. ) SOLID_ANGLE_UNIT ( ) );
#3650 = PRESENTATION_STYLE_ASSIGNMENT (( #1782 ) ) ;
#3651 = B_SPLINE_CURVE_WITH_KNOTS ( 'NONE', 3,
 ( #6126, #10850, #5386, #7212 ),
 .UNSPECIFIED., .F., .F.,
 ( 4, 4 ),
 ( 7.000000000000000000, 8.000000000000000000 ),
 .UNSPECIFIED. ) ;
#3652 = VECTOR ( 'NONE', #4482, 1000.000000000000000 ) ;
#3653 = ORIENTED_EDGE ( 'NONE', *, *, #11994, .T. ) ;
#3654 = AXIS2_PLACEMENT_3D ( 'NONE', #8375, #6256, #7288 ) ;
#3655 = CARTESIAN_POINT ( 'NONE',  ( 17.44000000000000128, 4.163799117100997848E-17, -4.999999999999999112 ) ) ;
#3656 = CARTESIAN_POINT ( 'NONE',  ( 5.191579554064231772, 4.751000000000000334, 1.684579321623171699 ) ) ;
#3657 = CARTESIAN_POINT ( 'NONE',  ( 5.903391143265677599, 4.751000000000000334, 1.838316864983614352 ) ) ;
#3658 = CARTESIAN_POINT ( 'NONE',  ( 5.315956582583631906, 4.750000000000000000, 1.447350896622117356 ) ) ;
#3659 = ORIENTED_EDGE ( 'NONE', *, *, #1729, .T. ) ;
#3660 = PRESENTATION_STYLE_ASSIGNMENT (( #7316 ) ) ;
#3661 = LINE ( 'NONE', #4683, #6544 ) ;
#3662 = FACE_OUTER_BOUND ( 'NONE', #5582, .T. ) ;
#3663 = VECTOR ( 'NONE', #7387, 1000.000000000000114 ) ;
#3664 = DIRECTION ( 'NONE',  ( -0.9999748501857360639, 0.0000000000000000000, -0.007092178509781886173 ) ) ;
#3665 = EDGE_LOOP ( 'NONE', ( #5669, #8669, #11069, #3901, #2271, #7884, #10671, #8912, #6527, #3450, #7640, #1132, #6516, #8349, #7885, #6435, #11906, #2051, #5089, #6641, #11707 ) ) ;
#3666 = B_SPLINE_SURFACE_WITH_KNOTS ( 'NONE', 3, 1, ( 
 ( #129, #6646 ),
 ( #9533, #1180 ),
 ( #5747, #11380 ),
 ( #6708, #2971 ) ),
 .UNSPECIFIED., .F., .F., .F.,
 ( 4, 4 ),
 ( 2, 2 ),
 ( 1.000000000000000000, 2.000000000000000000 ),
 ( 0.0000000000000000000, 1.000000000000000000 ),
 .UNSPECIFIED. ) ;
#3667 =( NAMED_UNIT ( * ) PLANE_ANGLE_UNIT ( ) SI_UNIT ( $, .RADIAN. ) );
#3668 = CARTESIAN_POINT ( 'NONE',  ( -16.78000000000000114, 0.0000000000000000000, 3.750000000000004885 ) ) ;
#3669 = VECTOR ( 'NONE', #8620, 1000.000000000000000 ) ;
#3670 = SURFACE_STYLE_USAGE ( .BOTH. , #1806 ) ;
#3671 = VERTEX_POINT ( 'NONE', #5479 ) ;
#3672 = CARTESIAN_POINT ( 'NONE',  ( 6.908806553402303763, 4.750000000000000000, 1.790606681095846975 ) ) ;
#3673 = B_SPLINE_CURVE_WITH_KNOTS ( 'NONE', 3,
 ( #9255, #12036, #12145, #9369 ),
 .UNSPECIFIED., .F., .F.,
 ( 4, 4 ),
 ( 2.000000000000000000, 3.000000000000000000 ),
 .UNSPECIFIED. ) ;
#3674 = SURFACE_STYLE_USAGE ( .BOTH. , #4586 ) ;
#3675 = CARTESIAN_POINT ( 'NONE',  ( 6.774697009592587804, 4.750000000000000000, 2.349989511342342574 ) ) ;
#3676 = EDGE_LOOP ( 'NONE', ( #3490, #2383, #3712, #8417 ) ) ;
#3677 = ADVANCED_FACE ( 'NONE', ( #12037 ), #7242, .F. ) ;
#3678 = AXIS2_PLACEMENT_3D ( 'NONE', #4842, #6551, #5703 ) ;
#3679 = ORIENTED_EDGE ( 'NONE', *, *, #1800, .T. ) ;
#3680 = UNCERTAINTY_MEASURE_WITH_UNIT (LENGTH_MEASURE( 1.000000000000000082E-05 ), #289, 'distance_accuracy_value', 'NONE');
#3681 = ORIENTED_EDGE ( 'NONE', *, *, #8516, .T. ) ;
#3682 = PLANE ( 'NONE',  #1813 ) ;
#3683 = FILL_AREA_STYLE_COLOUR ( '', #1386 ) ;
#3684 = SURFACE_STYLE_FILL_AREA ( #10176 ) ;
#3685 = VECTOR ( 'NONE', #9042, 1000.000000000000000 ) ;
#3686 = LINE ( 'NONE', #10238, #7292 ) ;
#3687 = COLOUR_RGB ( '',0.8823529411764705621, 0.8823529411764705621, 0.8823529411764705621 ) ;
#3688 = CARTESIAN_POINT ( 'NONE',  ( 5.269571445656204389, 4.751000000000000334, 1.518507071263895503 ) ) ;
#3689 = VERTEX_POINT ( 'NONE', #4498 ) ;
#3690 = EDGE_CURVE ( 'NONE', #5602, #7780, #6502, .T. ) ;
#3691 =( LENGTH_UNIT ( ) NAMED_UNIT ( * ) SI_UNIT ( .MILLI., .METRE. ) );
#3692 = EDGE_CURVE ( 'NONE', #7030, #11468, #2832, .T. ) ;
#3693 = CARTESIAN_POINT ( 'NONE',  ( 5.945531654754600659, 4.751000000000000334, 1.614282328140399514 ) ) ;
#3694 = DIRECTION ( 'NONE',  ( 0.9999748501857348426, 0.0000000000000000000, 0.007092178509963324370 ) ) ;
#3695 = LINE ( 'NONE', #3903, #3217 ) ;
#3696 = ORIENTED_EDGE ( 'NONE', *, *, #11319, .T. ) ;
#3697 = VECTOR ( 'NONE', #10341, 1000.000000000000000 ) ;
#3698 = B_SPLINE_CURVE_WITH_KNOTS ( 'NONE', 3,
 ( #2142, #2276, #8627, #4980 ),
 .UNSPECIFIED., .F., .F.,
 ( 4, 4 ),
 ( 8.000000000000000000, 9.000000000000000000 ),
 .UNSPECIFIED. ) ;
#3699 = CARTESIAN_POINT ( 'NONE',  ( 5.535957494871449391, 4.750000000000000000, 1.838310354582733286 ) ) ;
#3700 = PRESENTATION_LAYER_ASSIGNMENT (  '', '', ( #3878 ) ) ;
#3701 = CARTESIAN_POINT ( 'NONE',  ( 3.913008070351545520, 4.750000000000000000, 2.036576253518942892 ) ) ;
#3702 = CARTESIAN_POINT ( 'NONE',  ( 8.753291089815085968, 4.751000000000000334, 1.677161364133628707 ) ) ;
#3703 = CARTESIAN_POINT ( 'NONE',  ( 5.945644884347442982, 4.751000000000000334, 2.532932354128212715 ) ) ;
#3704 = CARTESIAN_POINT ( 'NONE',  ( 11.00000000000000000, 4.249999999999999112, 9.999999999999998224 ) ) ;
#3705 = CARTESIAN_POINT ( 'NONE',  ( 5.226490770812755926, 4.751000000000000334, 1.618540690179138375 ) ) ;
#3706 = EDGE_CURVE ( 'NONE', #2178, #7357, #8210, .T. ) ;
#3707 = SURFACE_STYLE_USAGE ( .BOTH. , #12093 ) ;
#3708 = B_SPLINE_CURVE_WITH_KNOTS ( 'NONE', 3,
 ( #4853, #10553, #4969, #11291 ),
 .UNSPECIFIED., .F., .F.,
 ( 4, 4 ),
 ( 21.00000000000000000, 22.00000000000000000 ),
 .UNSPECIFIED. ) ;
#3709 = CARTESIAN_POINT ( 'NONE',  ( 4.702253913058890511, 4.750000000000000000, 1.901283125666817009 ) ) ;
#3710 = PRESENTATION_STYLE_ASSIGNMENT (( #12095 ) ) ;
#3711 = EDGE_CURVE ( 'NONE', #2278, #1342, #9136, .T. ) ;
#3712 = ORIENTED_EDGE ( 'NONE', *, *, #753, .T. ) ;
#3713 = CARTESIAN_POINT ( 'NONE',  ( 5.574887518259884267, 4.750000000000000000, 1.865360899920029958 ) ) ;
#3714 = UNCERTAINTY_MEASURE_WITH_UNIT (LENGTH_MEASURE( 1.000000000000000082E-05 ), #10615, 'distance_accuracy_value', 'NONE');
#3715 = CARTESIAN_POINT ( 'NONE',  ( 5.191579554064231772, 4.750000000000000000, 1.684579321623171699 ) ) ;
#3716 = CARTESIAN_POINT ( 'NONE',  ( 5.422269103503259302, 4.750000000000000000, 1.777976398121686508 ) ) ;
#3717 = LINE ( 'NONE', #686, #2626 ) ;
#3718 = ORIENTED_EDGE ( 'NONE', *, *, #5868, .T. ) ;
#3719 = SURFACE_STYLE_FILL_AREA ( #6455 ) ;
#3720 = DIRECTION ( 'NONE',  ( -0.0000000000000000000, -1.000000000000000000, -0.0000000000000000000 ) ) ;
#3721 = CARTESIAN_POINT ( 'NONE',  ( 5.509505154144900274, 4.750000000000000000, 1.939501691646833503 ) ) ;
#3722 = ORIENTED_EDGE ( 'NONE', *, *, #2710, .F. ) ;
#3723 = CARTESIAN_POINT ( 'NONE',  ( 6.288039254566196945, 4.751000000000000334, 2.489870184278021537 ) ) ;
#3724 = FILL_AREA_STYLE_COLOUR ( '', #4535 ) ;
#3725 =( LENGTH_UNIT ( ) NAMED_UNIT ( * ) SI_UNIT ( .MILLI., .METRE. ) );
#3726 = FILL_AREA_STYLE_COLOUR ( '', #430 ) ;
#3727 = ORIENTED_EDGE ( 'NONE', *, *, #9207, .F. ) ;
#3728 = FILL_AREA_STYLE ('',( #12113 ) ) ;
#3729 = CARTESIAN_POINT ( 'NONE',  ( 7.456831887810671411, 4.750000000000000000, 3.016383252325527398 ) ) ;
#3730 = CARTESIAN_POINT ( 'NONE',  ( 7.935457179296720120, 4.751000000000000334, 1.794273050044952633 ) ) ;
#3731 = COLOUR_RGB ( '',0.0000000000000000000, 0.0000000000000000000, 0.0000000000000000000 ) ;
#3732 = CARTESIAN_POINT ( 'NONE',  ( 11.00000000000000000, 4.750000000000000000, -1.135603754986240755E-15 ) ) ;
#3733 = CARTESIAN_POINT ( 'NONE',  ( 5.959940399106526954, 4.750000000000000000, 1.745137366484235786 ) ) ;
#3734 = ORIENTED_EDGE ( 'NONE', *, *, #4512, .F. ) ;
#3735 = DIRECTION ( 'NONE',  ( 0.0000000000000000000, 0.0000000000000000000, 1.000000000000000000 ) ) ;
#3736 = CARTESIAN_POINT ( 'NONE',  ( 7.234119575604224472, 4.751000000000000334, 2.815975439130735669 ) ) ;
#3737 = VERTEX_POINT ( 'NONE', #4437 ) ;
#3738 = STYLED_ITEM ( 'NONE', ( #6232 ), #4337 ) ;
#3739 = ORIENTED_EDGE ( 'NONE', *, *, #7844, .T. ) ;
#3740 = EDGE_CURVE ( 'NONE', #8, #8188, #10193, .T. ) ;
#3741 =( LENGTH_UNIT ( ) NAMED_UNIT ( * ) SI_UNIT ( .MILLI., .METRE. ) );
#3742 = LINE ( 'NONE', #6542, #4839 ) ;
#3743 = FILL_AREA_STYLE ('',( #4597 ) ) ;
#3744 =( NAMED_UNIT ( * ) SI_UNIT ( $, .STERADIAN. ) SOLID_ANGLE_UNIT ( ) );
#3745 = PLANE ( 'NONE',  #460 ) ;
#3746 = EDGE_LOOP ( 'NONE', ( #7989, #7815, #2821, #7021 ) ) ;
#3747 = CARTESIAN_POINT ( 'NONE',  ( 5.862257191475202411, 4.751000000000000334, 1.993732792304178325 ) ) ;
#3748 = B_SPLINE_CURVE_WITH_KNOTS ( 'NONE', 3,
 ( #4912, #8625, #230, #7722 ),
 .UNSPECIFIED., .F., .F.,
 ( 4, 4 ),
 ( 4.000000000000000000, 5.000000000000000000 ),
 .UNSPECIFIED. ) ;
#3749 = PLANE ( 'NONE',  #3678 ) ;
#3750 = CARTESIAN_POINT ( 'NONE',  ( 7.421708908919367964, 4.751000000000000334, 1.852085253997889147 ) ) ;
#3751 = EDGE_LOOP ( 'NONE', ( #11048, #9335, #3343, #449 ) ) ;
#3752 = CARTESIAN_POINT ( 'NONE',  ( 5.951886135981641068, 4.751000000000000334, 1.927822292496756962 ) ) ;
#3753 = VECTOR ( 'NONE', #6237, 1000.000000000000000 ) ;
#3754 = ADVANCED_FACE ( 'NONE', ( #790 ), #9210, .T. ) ;
#3755 = VECTOR ( 'NONE', #9598, 1000.000000000000114 ) ;
#3756 = CARTESIAN_POINT ( 'NONE',  ( 5.475064039375723723, 4.751000000000000334, 1.939257422969496547 ) ) ;
#3757 = B_SPLINE_SURFACE_WITH_KNOTS ( 'NONE', 3, 1, ( 
 ( #4079, #6103 ),
 ( #9830, #7847 ),
 ( #4127, #7012 ),
 ( #4253, #6816 ) ),
 .UNSPECIFIED., .F., .F., .F.,
 ( 4, 4 ),
 ( 2, 2 ),
 ( 6.000000000000000000, 7.000000000000000000 ),
 ( 0.0000000000000000000, 1.000000000000000000 ),
 .UNSPECIFIED. ) ;
#3758 = SURFACE_SIDE_STYLE ('',( #8382 ) ) ;
#3759 = CARTESIAN_POINT ( 'NONE',  ( 5.945531654754600659, 4.751000000000000334, 1.614282328140399514 ) ) ;
#3760 = SURFACE_STYLE_FILL_AREA ( #9429 ) ;
#3761 = VECTOR ( 'NONE', #1969, 1000.000000000000114 ) ;
#3762 = CARTESIAN_POINT ( 'NONE',  ( 4.541415183388064492, 4.751000000000000334, 2.862982445754848282 ) ) ;
#3763 = SURFACE_SIDE_STYLE ('',( #1727 ) ) ;
#3764 =( NAMED_UNIT ( * ) PLANE_ANGLE_UNIT ( ) SI_UNIT ( $, .RADIAN. ) );
#3765 =( GEOMETRIC_REPRESENTATION_CONTEXT ( 3 ) GLOBAL_UNCERTAINTY_ASSIGNED_CONTEXT ( ( #10937 ) ) GLOBAL_UNIT_ASSIGNED_CONTEXT ( ( #10211, #6409, #11991 ) ) REPRESENTATION_CONTEXT ( 'NONE', 'WORKASPACE' ) );
#3766 = EDGE_LOOP ( 'NONE', ( #10622, #64, #9662, #867 ) ) ;
#3767 = ADVANCED_FACE ( 'NONE', ( #5898 ), #9622, .F. ) ;
#3768 = EDGE_CURVE ( 'NONE', #4424, #4698, #5719, .T. ) ;
#3769 = CARTESIAN_POINT ( 'NONE',  ( 4.295898574903574740, 4.750000000000000000, 1.634815847680124223 ) ) ;
#3770 =( GEOMETRIC_REPRESENTATION_CONTEXT ( 3 ) GLOBAL_UNCERTAINTY_ASSIGNED_CONTEXT ( ( #3470 ) ) GLOBAL_UNIT_ASSIGNED_CONTEXT ( ( #6086, #3005, #1348 ) ) REPRESENTATION_CONTEXT ( 'NONE', 'WORKASPACE' ) );
#3771 =( NAMED_UNIT ( * ) SI_UNIT ( $, .STERADIAN. ) SOLID_ANGLE_UNIT ( ) );
#3772 =( LENGTH_UNIT ( ) NAMED_UNIT ( * ) SI_UNIT ( .MILLI., .METRE. ) );
#3773 = MECHANICAL_DESIGN_GEOMETRIC_PRESENTATION_REPRESENTATION (  '', ( #1789 ), #11207 ) ;
#3774 = VERTEX_POINT ( 'NONE', #285 ) ;
#3775 = EDGE_CURVE ( 'NONE', #8925, #6941, #9435, .T. ) ;
#3776 = FACE_OUTER_BOUND ( 'NONE', #6221, .T. ) ;
#3777 = SURFACE_STYLE_USAGE ( .BOTH. , #5493 ) ;
#3778 = ORIENTED_EDGE ( 'NONE', *, *, #5307, .T. ) ;
#3779 =( GEOMETRIC_REPRESENTATION_CONTEXT ( 3 ) GLOBAL_UNCERTAINTY_ASSIGNED_CONTEXT ( ( #1496 ) ) GLOBAL_UNIT_ASSIGNED_CONTEXT ( ( #11806, #3531, #628 ) ) REPRESENTATION_CONTEXT ( 'NONE', 'WORKASPACE' ) );
#3780 = VECTOR ( 'NONE', #11784, 1000.000000000000000 ) ;
#3781 = SURFACE_STYLE_USAGE ( .BOTH. , #7443 ) ;
#3782 = PRESENTATION_STYLE_ASSIGNMENT (( #7675 ) ) ;
#3783 = PLANE ( 'NONE',  #2414 ) ;
#3784 = ORIENTED_EDGE ( 'NONE', *, *, #3857, .F. ) ;
#3785 = PRESENTATION_STYLE_ASSIGNMENT (( #3545 ) ) ;
#3786 = DIRECTION ( 'NONE',  ( -0.007092178509963044213, 0.0000000000000000000, 0.9999748501857348426 ) ) ;
#3787 = COLOUR_RGB ( '',0.0000000000000000000, 0.0000000000000000000, 0.0000000000000000000 ) ;
#3788 = MECHANICAL_DESIGN_GEOMETRIC_PRESENTATION_REPRESENTATION (  '', ( #2607 ), #9637 ) ;
#3789 =( GEOMETRIC_REPRESENTATION_CONTEXT ( 3 ) GLOBAL_UNCERTAINTY_ASSIGNED_CONTEXT ( ( #3935 ) ) GLOBAL_UNIT_ASSIGNED_CONTEXT ( ( #727, #5530, #11469 ) ) REPRESENTATION_CONTEXT ( 'NONE', 'WORKASPACE' ) );
#3790 = CARTESIAN_POINT ( 'NONE',  ( 5.646770985724859138, 4.750000000000000000, 1.699245326436861658 ) ) ;
#3791 = CARTESIAN_POINT ( 'NONE',  ( 4.875469629243789349, 4.751000000000000334, 2.493108983224471498 ) ) ;
#3792 = ORIENTED_EDGE ( 'NONE', *, *, #967, .F. ) ;
#3793 = PRESENTATION_STYLE_ASSIGNMENT (( #4701 ) ) ;
#3794 = CARTESIAN_POINT ( 'NONE',  ( 5.482928423974117393, 4.751000000000000334, 1.746693201634514692 ) ) ;
#3795 = ORIENTED_EDGE ( 'NONE', *, *, #10281, .F. ) ;
#3796 = UNCERTAINTY_MEASURE_WITH_UNIT (LENGTH_MEASURE( 1.000000000000000082E-05 ), #3582, 'distance_accuracy_value', 'NONE');
#3797 = VECTOR ( 'NONE', #6836, 1000.000000000000000 ) ;
#3798 = FILL_AREA_STYLE ('',( #6652 ) ) ;
#3799 = VECTOR ( 'NONE', #555, 1000.000000000000000 ) ;
#3800 = PRESENTATION_LAYER_ASSIGNMENT (  '', '', ( #8463 ) ) ;
#3801 = ORIENTED_EDGE ( 'NONE', *, *, #8566, .T. ) ;
#3802 = PLANE ( 'NONE',  #9126 ) ;
#3803 = SURFACE_SIDE_STYLE ('',( #948 ) ) ;
#3804 = CARTESIAN_POINT ( 'NONE',  ( 6.772620466632170988, 4.751000000000000334, 2.133071390992519412 ) ) ;
#3805 = ORIENTED_EDGE ( 'NONE', *, *, #2786, .F. ) ;
#3806 =( NAMED_UNIT ( * ) PLANE_ANGLE_UNIT ( ) SI_UNIT ( $, .RADIAN. ) );
#3808 = CARTESIAN_POINT ( 'NONE',  ( 4.822088384724650290, 4.750000000000000000, 2.817662905229705306 ) ) ;
#3807 = STYLED_ITEM ( 'NONE', ( #2589 ), #8531 ) ;
#3809 = VECTOR ( 'NONE', #10580, 1000.000000000000114 ) ;
#3810 = EDGE_CURVE ( 'NONE', #7773, #3281, #651, .T. ) ;
#3811 = ORIENTED_EDGE ( 'NONE', *, *, #11918, .T. ) ;
#3812 = VECTOR ( 'NONE', #2230, 1000.000000000000000 ) ;
#3813 = CARTESIAN_POINT ( 'NONE',  ( 5.801308296424873667, 4.750000000000000000, 2.945482780062832706 ) ) ;
#3814 = MECHANICAL_DESIGN_GEOMETRIC_PRESENTATION_REPRESENTATION (  '', ( #1045 ), #6931 ) ;
#3815 = FILL_AREA_STYLE ('',( #904 ) ) ;
#3816 = CARTESIAN_POINT ( 'NONE',  ( 3.682624594497005965, 4.751000000000000334, 1.606811202230409075 ) ) ;
#3817 = CARTESIAN_POINT ( 'NONE',  ( 8.301841673013029776, 4.751000000000000334, 1.616118361597241870 ) ) ;
#3818 = B_SPLINE_CURVE_WITH_KNOTS ( 'NONE', 3,
 ( #5211, #7887, #2952, #2387 ),
 .UNSPECIFIED., .F., .F.,
 ( 4, 4 ),
 ( 5.000000000000000000, 6.000000000000000000 ),
 .UNSPECIFIED. ) ;
#3819 = VECTOR ( 'NONE', #2135, 1000.000000000000000 ) ;
#3820 = DIRECTION ( 'NONE',  ( 0.0000000000000000000, 0.0000000000000000000, 1.000000000000000000 ) ) ;
#3821 = DIRECTION ( 'NONE',  ( 0.9999748501857348426, -0.0000000000000000000, 0.007092178509965146697 ) ) ;
#3822 = ADVANCED_FACE ( 'NONE', ( #1094 ), #11541, .F. ) ;
#3823 = CARTESIAN_POINT ( 'NONE',  ( 5.939249735068117708, 4.751000000000000334, 2.921506292374504987 ) ) ;
#3824 = DIRECTION ( 'NONE',  ( -0.0000000000000000000, -0.0000000000000000000, 1.000000000000000000 ) ) ;
#3825 = ORIENTED_EDGE ( 'NONE', *, *, #4182, .F. ) ;
#3826 = FACE_OUTER_BOUND ( 'NONE', #4772, .T. ) ;
#3827 = VECTOR ( 'NONE', #5665, 1000.000000000000000 ) ;
#3828 = CARTESIAN_POINT ( 'NONE',  ( 5.185555950048876817, 4.750000000000000000, 1.562621918254316400 ) ) ;
#3829 = ORIENTED_EDGE ( 'NONE', *, *, #2035, .T. ) ;
#3830 = CARTESIAN_POINT ( 'NONE',  ( 8.294611753513905228, 4.750000000000000000, 2.125790671099390572 ) ) ;
#3831 = DIRECTION ( 'NONE',  ( 0.007092178509964094588, 0.0000000000000000000, -0.9999748501857348426 ) ) ;
#3832 =( NAMED_UNIT ( * ) SI_UNIT ( $, .STERADIAN. ) SOLID_ANGLE_UNIT ( ) );
#3833 = SURFACE_SIDE_STYLE ('',( #11364 ) ) ;
#3834 = CARTESIAN_POINT ( 'NONE',  ( 5.645057426612244633, 4.751000000000000334, 1.885874413237700553 ) ) ;
#3835 = ORIENTED_EDGE ( 'NONE', *, *, #10414, .T. ) ;
#3836 = EDGE_CURVE ( 'NONE', #11201, #4500, #10803, .T. ) ;
#3837 = CARTESIAN_POINT ( 'NONE',  ( 8.905602803042032889, 4.750000000000000000, 2.629001958253291527 ) ) ;
#3838 = EDGE_CURVE ( 'NONE', #4954, #6596, #9879, .T. ) ;
#3839 = VECTOR ( 'NONE', #2066, 1000.000000000000000 ) ;
#3840 = ORIENTED_EDGE ( 'NONE', *, *, #10367, .T. ) ;
#3841 = CARTESIAN_POINT ( 'NONE',  ( 5.681463554761415402, 4.750000000000000000, 2.855211368650384163 ) ) ;
#3842 = FILL_AREA_STYLE_COLOUR ( '', #1395 ) ;
#3843 = FILL_AREA_STYLE ('',( #4815 ) ) ;
#3844 = ORIENTED_EDGE ( 'NONE', *, *, #3546, .T. ) ;
#3845 = VECTOR ( 'NONE', #3220, 1000.000000000000000 ) ;
#3846 =( LENGTH_UNIT ( ) NAMED_UNIT ( * ) SI_UNIT ( .MILLI., .METRE. ) );
#3847 = CARTESIAN_POINT ( 'NONE',  ( 5.614445286366139598, 4.750000000000000000, 1.675620919542373910 ) ) ;
#3848 = ORIENTED_EDGE ( 'NONE', *, *, #4632, .F. ) ;
#3849 = ADVANCED_FACE ( 'NONE', ( #7895 ), #7962, .F. ) ;
#3850 = EDGE_CURVE ( 'NONE', #4711, #11929, #10026, .T. ) ;
#3851 = CARTESIAN_POINT ( 'NONE',  ( 4.678297727484437729, 4.751000000000000334, 1.613872871426799582 ) ) ;
#3852 = VERTEX_POINT ( 'NONE', #5221 ) ;
#3853 = B_SPLINE_SURFACE_WITH_KNOTS ( 'NONE', 3, 1, ( 
 ( #3568, #8426 ),
 ( #3688, #4710 ),
 ( #8490, #21 ),
 ( #11277, #8372 ) ),
 .UNSPECIFIED., .F., .F., .F.,
 ( 4, 4 ),
 ( 2, 2 ),
 ( 5.000000000000000000, 6.000000000000000000 ),
 ( 0.0000000000000000000, 1.000000000000000000 ),
 .UNSPECIFIED. ) ;
#3854 = PRESENTATION_STYLE_ASSIGNMENT (( #8481 ) ) ;
#3855 = ORIENTED_EDGE ( 'NONE', *, *, #3244, .T. ) ;
#3856 = CARTESIAN_POINT ( 'NONE',  ( 5.333239157737540204, 4.750000000000000000, 2.712370787945379558 ) ) ;
#3857 = EDGE_CURVE ( 'NONE', #8233, #4982, #597, .T. ) ;
#3858 = DIRECTION ( 'NONE',  ( 0.0000000000000000000, -1.000000000000000000, 0.0000000000000000000 ) ) ;
#3859 =( GEOMETRIC_REPRESENTATION_CONTEXT ( 3 ) GLOBAL_UNCERTAINTY_ASSIGNED_CONTEXT ( ( #853 ) ) GLOBAL_UNIT_ASSIGNED_CONTEXT ( ( #342, #9689, #9000 ) ) REPRESENTATION_CONTEXT ( 'NONE', 'WORKASPACE' ) );
#3860 = CARTESIAN_POINT ( 'NONE',  ( 6.292133750659454350, 4.750000000000000000, 1.912559120873657648 ) ) ;
#3861 = LINE ( 'NONE', #4602, #57 ) ;
#3862 = EDGE_LOOP ( 'NONE', ( #1960, #1717, #11149, #5000 ) ) ;
#3863 = CARTESIAN_POINT ( 'NONE',  ( 4.442387373558622343, 4.751000000000000334, 1.670167672722675078 ) ) ;
#3864 = CARTESIAN_POINT ( 'NONE',  ( 5.356989116620489710, 4.751000000000000334, 1.452840834331738273 ) ) ;
#3865 = FILL_AREA_STYLE ('',( #89 ) ) ;
#3866 = ORIENTED_EDGE ( 'NONE', *, *, #11461, .T. ) ;
#3867 = STYLED_ITEM ( 'NONE', ( #7414 ), #3894 ) ;
#3868 = CARTESIAN_POINT ( 'NONE',  ( 5.546836871404643432, 4.750000000000000000, 1.935347379223294917 ) ) ;
#3869 = FILL_AREA_STYLE_COLOUR ( '', #2592 ) ;
#3870 = B_SPLINE_CURVE_WITH_KNOTS ( 'NONE', 3,
 ( #8366, #6247, #5455, #6303 ),
 .UNSPECIFIED., .F., .F.,
 ( 4, 4 ),
 ( 11.00000000000000000, 12.00000000000000000 ),
 .UNSPECIFIED. ) ;
#3871 =( NAMED_UNIT ( * ) PLANE_ANGLE_UNIT ( ) SI_UNIT ( $, .RADIAN. ) );
#3872 = CARTESIAN_POINT ( 'NONE',  ( 6.997819665466719741, 4.750000000000000000, 1.982836016078136643 ) ) ;
#3873 = VECTOR ( 'NONE', #9998, 1000.000000000000000 ) ;
#3874 = PRESENTATION_STYLE_ASSIGNMENT (( #2199 ) ) ;
#3875 =( NAMED_UNIT ( * ) PLANE_ANGLE_UNIT ( ) SI_UNIT ( $, .RADIAN. ) );
#3876 = EDGE_LOOP ( 'NONE', ( #6554, #11348 ) ) ;
#3877 = CARTESIAN_POINT ( 'NONE',  ( 5.401380459378324339, 4.751000000000000334, 1.717780718550358188 ) ) ;
#3878 = STYLED_ITEM ( 'NONE', ( #9650 ), #12157 ) ;
#3879 = PRESENTATION_STYLE_ASSIGNMENT (( #1732 ) ) ;
#3880 = CARTESIAN_POINT ( 'NONE',  ( 8.299765060126279792, 4.751000000000000334, 1.399200378655042210 ) ) ;
#3881 = EDGE_CURVE ( 'NONE', #10017, #3104, #2852, .T. ) ;
#3882 = VERTEX_POINT ( 'NONE', #10747 ) ;
#3883 = CARTESIAN_POINT ( 'NONE',  ( 11.00000000000000000, -4.750000000000000000, 0.0000000000000000000 ) ) ;
#3884 = CARTESIAN_POINT ( 'NONE',  ( 5.994066292223217296, 4.750000000000000000, 1.643220614943113889 ) ) ;
#3885 = FILL_AREA_STYLE_COLOUR ( '', #2654 ) ;
#3886 = CARTESIAN_POINT ( 'NONE',  ( 3.825883562409373884, 4.751000000000000334, 1.804346434560163637 ) ) ;
#3887 = CARTESIAN_POINT ( 'NONE',  ( 4.926883819583915525, 4.750000000000000000, 2.445903509962146671 ) ) ;
#3888 = ORIENTED_EDGE ( 'NONE', *, *, #9675, .F. ) ;
#3889 = PRESENTATION_STYLE_ASSIGNMENT (( #7786 ) ) ;
#3890 = CARTESIAN_POINT ( 'NONE',  ( -9.999999999999998224, 3.750000000000000000, 0.4999999999999995559 ) ) ;
#3891 = ORIENTED_EDGE ( 'NONE', *, *, #7856, .F. ) ;
#3892 = ADVANCED_FACE ( 'NONE', ( #2336 ), #8079, .T. ) ;
#3893 = CARTESIAN_POINT ( 'NONE',  ( 5.825310698065924164, 4.750000000000000000, 2.420042167947327183 ) ) ;
#3894 = ADVANCED_FACE ( 'NONE', ( #2520 ), #10245, .F. ) ;
#3895 = PRESENTATION_STYLE_ASSIGNMENT (( #122 ) ) ;
#3896 = ORIENTED_EDGE ( 'NONE', *, *, #7395, .F. ) ;
#3897 = CARTESIAN_POINT ( 'NONE',  ( 4.923604166927503023, 4.750000000000000000, 2.908324213156613602 ) ) ;
#3898 = CARTESIAN_POINT ( 'NONE',  ( 7.320312642992590213, 4.750000000000000000, 2.896118056044793221 ) ) ;
#3899 = DIRECTION ( 'NONE',  ( -0.007092178509962362466, 0.0000000000000000000, 0.9999748501857348426 ) ) ;
#3900 = B_SPLINE_CURVE_WITH_KNOTS ( 'NONE', 3,
 ( #4539, #12078, #2517, #1764 ),
 .UNSPECIFIED., .F., .F.,
 ( 4, 4 ),
 ( 8.000000000000000000, 9.000000000000000000 ),
 .UNSPECIFIED. ) ;
#3901 = ORIENTED_EDGE ( 'NONE', *, *, #5618, .T. ) ;
#3902 = CARTESIAN_POINT ( 'NONE',  ( 4.549985602116449535, 4.750000000000000000, 2.827430625937853215 ) ) ;
#3903 = CARTESIAN_POINT ( 'NONE',  ( 6.110723610304808595, 4.751000000000000334, 1.853044587682046718 ) ) ;
#3904 =( NAMED_UNIT ( * ) SI_UNIT ( $, .STERADIAN. ) SOLID_ANGLE_UNIT ( ) );
#3905 =( GEOMETRIC_REPRESENTATION_CONTEXT ( 3 ) GLOBAL_UNCERTAINTY_ASSIGNED_CONTEXT ( ( #518 ) ) GLOBAL_UNIT_ASSIGNED_CONTEXT ( ( #3235, #4268, #10838 ) ) REPRESENTATION_CONTEXT ( 'NONE', 'WORKASPACE' ) );
#3906 = CARTESIAN_POINT ( 'NONE',  ( 7.166129083135588829, 4.751000000000000334, 2.717886644385019590 ) ) ;
#3907 = ORIENTED_EDGE ( 'NONE', *, *, #1249, .T. ) ;
#3908 = UNCERTAINTY_MEASURE_WITH_UNIT (LENGTH_MEASURE( 1.000000000000000082E-05 ), #5906, 'distance_accuracy_value', 'NONE');
#3909 = CARTESIAN_POINT ( 'NONE',  ( 5.192927150737901343, 4.751000000000000334, 1.677830282823520314 ) ) ;
#3910 = ORIENTED_EDGE ( 'NONE', *, *, #8800, .T. ) ;
#3911 = EDGE_CURVE ( 'NONE', #2809, #5771, #6379, .T. ) ;
#3912 = FILL_AREA_STYLE ('',( #4948 ) ) ;
#3913 = EDGE_CURVE ( 'NONE', #5409, #6183, #5525, .T. ) ;
#3914 = VECTOR ( 'NONE', #4491, 1000.000000000000114 ) ;
#3915 = SURFACE_STYLE_FILL_AREA ( #5069 ) ;
#3916 = ORIENTED_EDGE ( 'NONE', *, *, #8477, .F. ) ;
#3917 = CARTESIAN_POINT ( 'NONE',  ( 7.555792542750506158, 4.751000000000000334, 1.806040347679827240 ) ) ;
#3918 =( NAMED_UNIT ( * ) SI_UNIT ( $, .STERADIAN. ) SOLID_ANGLE_UNIT ( ) );
#3919 = LINE ( 'NONE', #6730, #1714 ) ;
#3920 =( LENGTH_UNIT ( ) NAMED_UNIT ( * ) SI_UNIT ( .MILLI., .METRE. ) );
#3921 =( GEOMETRIC_REPRESENTATION_CONTEXT ( 3 ) GLOBAL_UNCERTAINTY_ASSIGNED_CONTEXT ( ( #4177 ) ) GLOBAL_UNIT_ASSIGNED_CONTEXT ( ( #7931, #7991, #9721 ) ) REPRESENTATION_CONTEXT ( 'NONE', 'WORKASPACE' ) );
#3922 = ORIENTED_EDGE ( 'NONE', *, *, #4795, .T. ) ;
#3923 = VERTEX_POINT ( 'NONE', #11102 ) ;
#3924 = CARTESIAN_POINT ( 'NONE',  ( 3.908870341059587528, 4.751000000000000334, 2.051883722249699726 ) ) ;
#3925 =( GEOMETRIC_REPRESENTATION_CONTEXT ( 3 ) GLOBAL_UNCERTAINTY_ASSIGNED_CONTEXT ( ( #6149 ) ) GLOBAL_UNIT_ASSIGNED_CONTEXT ( ( #897, #5347, #2582 ) ) REPRESENTATION_CONTEXT ( 'NONE', 'WORKASPACE' ) );
#3926 = SURFACE_STYLE_FILL_AREA ( #8615 ) ;
#3927 = SURFACE_STYLE_FILL_AREA ( #216 ) ;
#3928 = FILL_AREA_STYLE_COLOUR ( '', #11273 ) ;
#3929 = CARTESIAN_POINT ( 'NONE',  ( 4.290860286402125467, 4.750000000000000000, 1.722121975943186500 ) ) ;
#3930 = SURFACE_STYLE_FILL_AREA ( #156 ) ;
#3931 = ORIENTED_EDGE ( 'NONE', *, *, #2757, .F. ) ;
#3932 =( GEOMETRIC_REPRESENTATION_CONTEXT ( 3 ) GLOBAL_UNCERTAINTY_ASSIGNED_CONTEXT ( ( #7269 ) ) GLOBAL_UNIT_ASSIGNED_CONTEXT ( ( #11035, #9990, #8191 ) ) REPRESENTATION_CONTEXT ( 'NONE', 'WORKASPACE' ) );
#3933 =( GEOMETRIC_REPRESENTATION_CONTEXT ( 3 ) GLOBAL_UNCERTAINTY_ASSIGNED_CONTEXT ( ( #4799 ) ) GLOBAL_UNIT_ASSIGNED_CONTEXT ( ( #3981, #2010, #10483 ) ) REPRESENTATION_CONTEXT ( 'NONE', 'WORKASPACE' ) );
#3934 = SURFACE_STYLE_USAGE ( .BOTH. , #5902 ) ;
#3935 = UNCERTAINTY_MEASURE_WITH_UNIT (LENGTH_MEASURE( 1.000000000000000082E-05 ), #727, 'distance_accuracy_value', 'NONE');
#3936 = CARTESIAN_POINT ( 'NONE',  ( 8.595467138837317833, 4.750000000000000000, 1.502519223391100001 ) ) ;
#3937 = FILL_AREA_STYLE_COLOUR ( '', #3987 ) ;
#3938 = ORIENTED_EDGE ( 'NONE', *, *, #5564, .F. ) ;
#3939 = MECHANICAL_DESIGN_GEOMETRIC_PRESENTATION_REPRESENTATION (  '', ( #187 ), #11182 ) ;
#3940 =( NAMED_UNIT ( * ) PLANE_ANGLE_UNIT ( ) SI_UNIT ( $, .RADIAN. ) );
#3941 = LINE ( 'NONE', #1168, #1684 ) ;
#3942 = ORIENTED_EDGE ( 'NONE', *, *, #3140, .T. ) ;
#3943 =( NAMED_UNIT ( * ) SI_UNIT ( $, .STERADIAN. ) SOLID_ANGLE_UNIT ( ) );
#3944 = B_SPLINE_SURFACE_WITH_KNOTS ( 'NONE', 3, 1, ( 
 ( #4878, #10647 ),
 ( #2227, #250 ),
 ( #11507, #11564 ),
 ( #10519, #3108 ) ),
 .UNSPECIFIED., .F., .F., .F.,
 ( 4, 4 ),
 ( 2, 2 ),
 ( 4.000000000000000000, 5.000000000000000000 ),
 ( 0.0000000000000000000, 1.000000000000000000 ),
 .UNSPECIFIED. ) ;
#3945 = ADVANCED_FACE ( 'NONE', ( #834 ), #8143, .F. ) ;
#3946 = DIRECTION ( 'NONE',  ( 1.000000000000000000, 0.0000000000000000000, 0.0000000000000000000 ) ) ;
#3947 = ORIENTED_EDGE ( 'NONE', *, *, #9395, .F. ) ;
#3948 =( GEOMETRIC_REPRESENTATION_CONTEXT ( 3 ) GLOBAL_UNCERTAINTY_ASSIGNED_CONTEXT ( ( #9948 ) ) GLOBAL_UNIT_ASSIGNED_CONTEXT ( ( #8053, #8726, #11693 ) ) REPRESENTATION_CONTEXT ( 'NONE', 'WORKASPACE' ) );
#3949 = SURFACE_STYLE_FILL_AREA ( #5621 ) ;
#3950 = LINE ( 'NONE', #2105, #11224 ) ;
#3951 = VERTEX_POINT ( 'NONE', #3063 ) ;
#3952 = CARTESIAN_POINT ( 'NONE',  ( 5.627399508885816637, 4.750000000000000000, 1.828301107298216266 ) ) ;
#3953 = SURFACE_STYLE_USAGE ( .BOTH. , #9465 ) ;
#3954 = FILL_AREA_STYLE ('',( #179 ) ) ;
#3955 = PLANE ( 'NONE',  #1633 ) ;
#3956 = VERTEX_POINT ( 'NONE', #2935 ) ;
#3957 =( GEOMETRIC_REPRESENTATION_CONTEXT ( 3 ) GLOBAL_UNCERTAINTY_ASSIGNED_CONTEXT ( ( #1747 ) ) GLOBAL_UNIT_ASSIGNED_CONTEXT ( ( #9950, #4489, #11850 ) ) REPRESENTATION_CONTEXT ( 'NONE', 'WORKASPACE' ) );
#3958 = B_SPLINE_CURVE_WITH_KNOTS ( 'NONE', 3,
 ( #3657, #4565, #9265, #12042 ),
 .UNSPECIFIED., .F., .F.,
 ( 4, 4 ),
 ( 9.000000000000000000, 10.00000000000000000 ),
 .UNSPECIFIED. ) ;
#3959 = CARTESIAN_POINT ( 'NONE',  ( 5.861313381660806954, 4.750000000000000000, 1.613685022091681187 ) ) ;
#3960 = VECTOR ( 'NONE', #9063, 1000.000000000000000 ) ;
#3961 = LINE ( 'NONE', #7800, #9880 ) ;
#3962 = CARTESIAN_POINT ( 'NONE',  ( 5.757540022823293135, 4.751000000000000334, 2.885904668043086208 ) ) ;
#3963 = EDGE_CURVE ( 'NONE', #2955, #2741, #1245, .T. ) ;
#3964 =( NAMED_UNIT ( * ) SI_UNIT ( $, .STERADIAN. ) SOLID_ANGLE_UNIT ( ) );
#3965 = CARTESIAN_POINT ( 'NONE',  ( 8.441257944183728767, 4.751000000000000334, 1.837625823802922387 ) ) ;
#3966 = ORIENTED_EDGE ( 'NONE', *, *, #6134, .F. ) ;
#3967 = CARTESIAN_POINT ( 'NONE',  ( 5.960204024924320443, 4.750000000000000000, 1.707966955829119726 ) ) ;
#3968 = COLOUR_RGB ( '',0.0000000000000000000, 0.0000000000000000000, 0.0000000000000000000 ) ;
#3969 = COLOUR_RGB ( '',0.0000000000000000000, 0.0000000000000000000, 0.0000000000000000000 ) ;
#3970 = FACE_OUTER_BOUND ( 'NONE', #9821, .T. ) ;
#3971 = COLOUR_RGB ( '',0.0000000000000000000, 0.0000000000000000000, 0.0000000000000000000 ) ;
#3972 =( NAMED_UNIT ( * ) SI_UNIT ( $, .STERADIAN. ) SOLID_ANGLE_UNIT ( ) );
#3973 = CARTESIAN_POINT ( 'NONE',  ( 6.996768507457382213, 4.751000000000000334, 2.131045987306499079 ) ) ;
#3974 =( NAMED_UNIT ( * ) SI_UNIT ( $, .STERADIAN. ) SOLID_ANGLE_UNIT ( ) );
#3975 = ORIENTED_EDGE ( 'NONE', *, *, #4724, .F. ) ;
#3976 = ADVANCED_FACE ( 'NONE', ( #8378 ), #3749, .F. ) ;
#3977 = ADVANCED_FACE ( 'NONE', ( #10303 ), #6478, .F. ) ;
#3978 = COLOUR_RGB ( '',0.8823529411764705621, 0.8823529411764705621, 0.8823529411764705621 ) ;
#3979 = ADVANCED_FACE ( 'NONE', ( #10603 ), #8674, .F. ) ;
#3980 = PRESENTATION_LAYER_ASSIGNMENT (  '', '', ( #8861 ) ) ;
#3981 =( LENGTH_UNIT ( ) NAMED_UNIT ( * ) SI_UNIT ( .MILLI., .METRE. ) );
#3982 = VERTEX_POINT ( 'NONE', #5073 ) ;
#3983 = VERTEX_POINT ( 'NONE', #1399 ) ;
#3984 = PRESENTATION_STYLE_ASSIGNMENT (( #1285 ) ) ;
#3985 = B_SPLINE_CURVE_WITH_KNOTS ( 'NONE', 3,
 ( #10095, #2318, #383, #5018 ),
 .UNSPECIFIED., .F., .F.,
 ( 4, 4 ),
 ( 7.000000000000000000, 8.000000000000000000 ),
 .UNSPECIFIED. ) ;
#3986 = DIRECTION ( 'NONE',  ( 0.007092178509963425852, -0.0000000000000000000, -0.9999748501857348426 ) ) ;
#3987 = COLOUR_RGB ( '',0.0000000000000000000, 0.0000000000000000000, 0.0000000000000000000 ) ;
#3988 = VECTOR ( 'NONE', #9015, 1000.000000000000000 ) ;
#3989 = DIRECTION ( 'NONE',  ( 0.0000000000000000000, -1.000000000000000000, 0.0000000000000000000 ) ) ;
#3990 = CARTESIAN_POINT ( 'NONE',  ( 8.294611753513905228, 4.750000000000000000, 2.125790671099390572 ) ) ;
#3991 = FILL_AREA_STYLE ('',( #3131 ) ) ;
#3992 = FILL_AREA_STYLE_COLOUR ( '', #69 ) ;
#3993 = CARTESIAN_POINT ( 'NONE',  ( 6.908806553402303763, 4.750000000000000000, 1.790606681095846975 ) ) ;
#3994 = CARTESIAN_POINT ( 'NONE',  ( 8.299841908398944312, 4.750000000000000000, 1.898078878745585119 ) ) ;
#3995 = ORIENTED_EDGE ( 'NONE', *, *, #11402, .F. ) ;
#3996 = COLOUR_RGB ( '',0.0000000000000000000, 0.0000000000000000000, 0.0000000000000000000 ) ;
#3997 = FILL_AREA_STYLE_COLOUR ( '', #7659 ) ;
#3998 =( NAMED_UNIT ( * ) PLANE_ANGLE_UNIT ( ) SI_UNIT ( $, .RADIAN. ) );
#3999 = DIRECTION ( 'NONE',  ( -0.9999748501857348426, -0.0000000000000000000, -0.007092178509964184793 ) ) ;
#4000 = ORIENTED_EDGE ( 'NONE', *, *, #9907, .T. ) ;
#4001 =( NAMED_UNIT ( * ) SI_UNIT ( $, .STERADIAN. ) SOLID_ANGLE_UNIT ( ) );
#4002 = FILL_AREA_STYLE ('',( #7908 ) ) ;
#4003 = CARTESIAN_POINT ( 'NONE',  ( 4.541415183388064492, 4.751000000000000334, 2.862982445754848282 ) ) ;
#4004 = VECTOR ( 'NONE', #9647, 1000.000000000000000 ) ;
#4005 = CARTESIAN_POINT ( 'NONE',  ( 6.354083431125243209, 4.751000000000000334, 2.432370631430188723 ) ) ;
#4006 = EDGE_LOOP ( 'NONE', ( #11328, #2325 ) ) ;
#4007 = DIRECTION ( 'NONE',  ( -0.0000000000000000000, -1.000000000000000000, -0.0000000000000000000 ) ) ;
#4008 = SURFACE_STYLE_USAGE ( .BOTH. , #5172 ) ;
#4009 = STYLED_ITEM ( 'NONE', ( #7177 ), #2421 ) ;
#4010 = ORIENTED_EDGE ( 'NONE', *, *, #1336, .F. ) ;
#4011 = MECHANICAL_DESIGN_GEOMETRIC_PRESENTATION_REPRESENTATION (  '', ( #6369 ), #4022 ) ;
#4012 = LINE ( 'NONE', #8465, #7483 ) ;
#4013 = DIRECTION ( 'NONE',  ( -0.0000000000000000000, -1.000000000000000000, -0.0000000000000000000 ) ) ;
#4014 = DIRECTION ( 'NONE',  ( -0.9999748501857348426, 0.0000000000000000000, -0.007092178509965221291 ) ) ;
#4015 = ORIENTED_EDGE ( 'NONE', *, *, #7622, .F. ) ;
#4016 = CARTESIAN_POINT ( 'NONE',  ( 8.641435026956958865, 4.750000000000000000, 1.647447597840791644 ) ) ;
#4017 = CARTESIAN_POINT ( 'NONE',  ( 5.579280562945406530, 4.751000000000000334, 1.905683689544232173 ) ) ;
#4018 =( NAMED_UNIT ( * ) SI_UNIT ( $, .STERADIAN. ) SOLID_ANGLE_UNIT ( ) );
#4019 = SURFACE_STYLE_USAGE ( .BOTH. , #4934 ) ;
#4020 = CARTESIAN_POINT ( 'NONE',  ( 8.849226121443638959, 4.751000000000000334, 2.422543974323019711 ) ) ;
#4021 = ORIENTED_EDGE ( 'NONE', *, *, #10283, .T. ) ;
#4022 =( GEOMETRIC_REPRESENTATION_CONTEXT ( 3 ) GLOBAL_UNCERTAINTY_ASSIGNED_CONTEXT ( ( #7219 ) ) GLOBAL_UNIT_ASSIGNED_CONTEXT ( ( #4807, #7663, #3832 ) ) REPRESENTATION_CONTEXT ( 'NONE', 'WORKASPACE' ) );
#4023 = CARTESIAN_POINT ( 'NONE',  ( 4.872846275826086426, 4.751000000000000334, 2.862993559193159232 ) ) ;
#4024 = SURFACE_SIDE_STYLE ('',( #7801 ) ) ;
#4025 = DIRECTION ( 'NONE',  ( -0.9999748501857348426, -0.0000000000000000000, -0.007092178509963576773 ) ) ;
#4026 = UNCERTAINTY_MEASURE_WITH_UNIT (LENGTH_MEASURE( 1.000000000000000082E-05 ), #11659, 'distance_accuracy_value', 'NONE');
#4027 = UNCERTAINTY_MEASURE_WITH_UNIT (LENGTH_MEASURE( 1.000000000000000082E-05 ), #8869, 'distance_accuracy_value', 'NONE');
#4028 = ORIENTED_EDGE ( 'NONE', *, *, #4944, .F. ) ;
#4029 = VECTOR ( 'NONE', #10359, 1000.000000000000000 ) ;
#4030 = FILL_AREA_STYLE ('',( #11393 ) ) ;
#4031 = FILL_AREA_STYLE_COLOUR ( '', #8602 ) ;
#4032 = STYLED_ITEM ( 'NONE', ( #892 ), #9563 ) ;
#4033 = EDGE_LOOP ( 'NONE', ( #10174, #1915, #11588, #6503 ) ) ;
#4034 = EDGE_CURVE ( 'NONE', #6689, #6772, #7097, .T. ) ;
#4035 = LINE ( 'NONE', #7757, #6792 ) ;
#4036 =( NAMED_UNIT ( * ) SI_UNIT ( $, .STERADIAN. ) SOLID_ANGLE_UNIT ( ) );
#4037 = VERTEX_POINT ( 'NONE', #6185 ) ;
#4038 = DIRECTION ( 'NONE',  ( -0.0000000000000000000, -1.000000000000000000, -0.0000000000000000000 ) ) ;
#4039 = LINE ( 'NONE', #2180, #8552 ) ;
#4040 = MECHANICAL_DESIGN_GEOMETRIC_PRESENTATION_REPRESENTATION (  '', ( #7739 ), #9916 ) ;
#4041 = CARTESIAN_POINT ( 'NONE',  ( 5.254901820486773012, 4.751000000000000334, 1.552715903246770113 ) ) ;
#4042 = VECTOR ( 'NONE', #8706, 1000.000000000000114 ) ;
#4043 = ORIENTED_EDGE ( 'NONE', *, *, #7191, .F. ) ;
#4044 = ORIENTED_EDGE ( 'NONE', *, *, #3768, .T. ) ;
#4045 = ORIENTED_EDGE ( 'NONE', *, *, #2858, .T. ) ;
#4046 = FILL_AREA_STYLE_COLOUR ( '', #27 ) ;
#4047 = COLOUR_RGB ( '',0.8823529411764705621, 0.8823529411764705621, 0.8823529411764705621 ) ;
#4048 = ADVANCED_FACE ( 'NONE', ( #10788 ), #527, .T. ) ;
#4049 = SURFACE_SIDE_STYLE ('',( #274 ) ) ;
#4050 = EDGE_CURVE ( 'NONE', #332, #7519, #3373, .T. ) ;
#4051 = B_SPLINE_SURFACE_WITH_KNOTS ( 'NONE', 3, 1, ( 
 ( #3817, #593 ),
 ( #9940, #2194 ),
 ( #8073, #1535 ),
 ( #1291, #11839 ),
 ( #4232, #536 ),
 ( #1349, #5031 ),
 ( #3383, #8872 ) ),
 .UNSPECIFIED., .F., .F., .F.,
 ( 4, 3, 4 ),
 ( 2, 2 ),
 ( 0.0000000000000000000, 1.000000000000000000, 2.000000000000000000 ),
 ( 0.0000000000000000000, 1.000000000000000000 ),
 .UNSPECIFIED. ) ;
#4052 = SURFACE_STYLE_USAGE ( .BOTH. , #1347 ) ;
#4053 =( NAMED_UNIT ( * ) SI_UNIT ( $, .STERADIAN. ) SOLID_ANGLE_UNIT ( ) );
#4054 = FILL_AREA_STYLE_COLOUR ( '', #4343 ) ;
#4055 = LINE ( 'NONE', #7589, #8502 ) ;
#4056 = SURFACE_STYLE_FILL_AREA ( #11660 ) ;
#4057 =( NAMED_UNIT ( * ) PLANE_ANGLE_UNIT ( ) SI_UNIT ( $, .RADIAN. ) );
#4058 =( LENGTH_UNIT ( ) NAMED_UNIT ( * ) SI_UNIT ( .MILLI., .METRE. ) );
#4059 = CARTESIAN_POINT ( 'NONE',  ( 8.375754339411152216, 4.751000000000000334, 1.898617276798059805 ) ) ;
#4060 = ORIENTED_EDGE ( 'NONE', *, *, #9735, .F. ) ;
#4061 = VECTOR ( 'NONE', #12141, 1000.000000000000000 ) ;
#4062 = UNCERTAINTY_MEASURE_WITH_UNIT (LENGTH_MEASURE( 1.000000000000000082E-05 ), #4088, 'distance_accuracy_value', 'NONE');
#4063 = LINE ( 'NONE', #1100, #10043 ) ;
#4064 = UNCERTAINTY_MEASURE_WITH_UNIT (LENGTH_MEASURE( 1.000000000000000082E-05 ), #827, 'distance_accuracy_value', 'NONE');
#4065 =( NAMED_UNIT ( * ) SI_UNIT ( $, .STERADIAN. ) SOLID_ANGLE_UNIT ( ) );
#4066 = EDGE_CURVE ( 'NONE', #600, #8452, #3252, .T. ) ;
#4067 = CARTESIAN_POINT ( 'NONE',  ( 5.824082122674338002, 4.751000000000000334, 1.695303959968161633 ) ) ;
#4068 = ORIENTED_EDGE ( 'NONE', *, *, #11167, .F. ) ;
#4069 = CARTESIAN_POINT ( 'NONE',  ( 5.515062250420447398, 4.750000000000000000, 2.713660342207970810 ) ) ;
#4070 =( LENGTH_UNIT ( ) NAMED_UNIT ( * ) SI_UNIT ( .MILLI., .METRE. ) );
#4071 = FILL_AREA_STYLE ('',( #292 ) ) ;
#4072 = PRESENTATION_LAYER_ASSIGNMENT (  '', '', ( #2292 ) ) ;
#4073 = EDGE_CURVE ( 'NONE', #849, #8379, #11704, .T. ) ;
#4074 = CARTESIAN_POINT ( 'NONE',  ( 6.085943363609318091, 4.751000000000000334, 1.681824358358713578 ) ) ;
#4075 = ORIENTED_EDGE ( 'NONE', *, *, #813, .F. ) ;
#4076 = LINE ( 'NONE', #7604, #11284 ) ;
#4077 =( GEOMETRIC_REPRESENTATION_CONTEXT ( 3 ) GLOBAL_UNCERTAINTY_ASSIGNED_CONTEXT ( ( #1122 ) ) GLOBAL_UNIT_ASSIGNED_CONTEXT ( ( #4715, #5647, #9419 ) ) REPRESENTATION_CONTEXT ( 'NONE', 'WORKASPACE' ) );
#4078 = EDGE_CURVE ( 'NONE', #6015, #7556, #7760, .T. ) ;
#4079 = CARTESIAN_POINT ( 'NONE',  ( 5.910310741161374892, 4.751000000000000334, 1.614032528851506498 ) ) ;
#4080 = EDGE_LOOP ( 'NONE', ( #9702, #9032, #4320, #11006, #891, #1681, #2657 ) ) ;
#4081 = FILL_AREA_STYLE_COLOUR ( '', #8660 ) ;
#4082 = FILL_AREA_STYLE_COLOUR ( '', #10399 ) ;
#4083 = DIRECTION ( 'NONE',  ( -0.0000000000000000000, -1.000000000000000000, -0.0000000000000000000 ) ) ;
#4084 = VERTEX_POINT ( 'NONE', #10976 ) ;
#4085 = SURFACE_STYLE_USAGE ( .BOTH. , #9393 ) ;
#4086 = CARTESIAN_POINT ( 'NONE',  ( 5.332205148039942166, 4.751000000000000334, 1.502054800748703567 ) ) ;
#4087 = COLOUR_RGB ( '',0.0000000000000000000, 0.0000000000000000000, 0.0000000000000000000 ) ;
#4088 =( LENGTH_UNIT ( ) NAMED_UNIT ( * ) SI_UNIT ( .MILLI., .METRE. ) );
#4089 = ORIENTED_EDGE ( 'NONE', *, *, #8505, .F. ) ;
#4090 = CARTESIAN_POINT ( 'NONE',  ( 5.579383801027882228, 4.750000000000000000, 1.891127444814575842 ) ) ;
#4091 = FILL_AREA_STYLE ('',( #255 ) ) ;
#4092 = PRESENTATION_STYLE_ASSIGNMENT (( #1447 ) ) ;
#4093 = PRODUCT_DEFINITION_FORMATION_WITH_SPECIFIED_SOURCE ( '任何', '', #8614, .NOT_KNOWN. ) ;
#4094 = CARTESIAN_POINT ( 'NONE',  ( 5.615555049338119886, 4.750000000000000000, 1.812360395147708081 ) ) ;
#4095 = VERTEX_POINT ( 'NONE', #9984 ) ;
#4096 = SURFACE_STYLE_USAGE ( .BOTH. , #2873 ) ;
#4097 = CARTESIAN_POINT ( 'NONE',  ( 5.436451115987675387, 4.751000000000000334, 1.794193635048218383 ) ) ;
#4098 = B_SPLINE_CURVE_WITH_KNOTS ( 'NONE', 3,
 ( #7894, #4234, #2335, #9809 ),
 .UNSPECIFIED., .F., .F.,
 ( 4, 4 ),
 ( 3.000000000000000000, 4.000000000000000000 ),
 .UNSPECIFIED. ) ;
#4099 = ORIENTED_EDGE ( 'NONE', *, *, #4600, .F. ) ;
#4100 = ORIENTED_EDGE ( 'NONE', *, *, #7395, .T. ) ;
#4101 = CARTESIAN_POINT ( 'NONE',  ( 4.290860286402125467, 4.750000000000000000, 1.722121975943186500 ) ) ;
#4102 =( NAMED_UNIT ( * ) SI_UNIT ( $, .STERADIAN. ) SOLID_ANGLE_UNIT ( ) );
#4103 = ORIENTED_EDGE ( 'NONE', *, *, #7121, .F. ) ;
#4104 = FACE_OUTER_BOUND ( 'NONE', #6338, .T. ) ;
#4105 = EDGE_LOOP ( 'NONE', ( #6419, #1085, #290, #3696 ) ) ;
#4106 = ADVANCED_FACE ( 'NONE', ( #6302 ), #9517, .F. ) ;
#4107 = VECTOR ( 'NONE', #9129, 1000.000000000000000 ) ;
#4108 = ORIENTED_EDGE ( 'NONE', *, *, #11250, .F. ) ;
#4109 = LINE ( 'NONE', #7955, #1354 ) ;
#4110 = VECTOR ( 'NONE', #7594, 1000.000000000000114 ) ;
#4111 = CARTESIAN_POINT ( 'NONE',  ( 5.073393827616294871, 4.751000000000000334, 2.423287523707776003 ) ) ;
#4112 = FACE_OUTER_BOUND ( 'NONE', #3232, .T. ) ;
#4113 = SURFACE_SIDE_STYLE ('',( #4352 ) ) ;
#4114 = CARTESIAN_POINT ( 'NONE',  ( 8.301841673013029776, 4.750000000000000000, 1.616118361597241870 ) ) ;
#4115 = ORIENTED_EDGE ( 'NONE', *, *, #11558, .T. ) ;
#4116 = EDGE_CURVE ( 'NONE', #9896, #6920, #12063, .T. ) ;
#4117 = CARTESIAN_POINT ( 'NONE',  ( 5.868602513033557067, 4.750000000000000000, 1.942048538271248015 ) ) ;
#4118 = EDGE_LOOP ( 'NONE', ( #11637, #7701, #3825, #8568 ) ) ;
#4119 = DIRECTION ( 'NONE',  ( -0.3733863129577229545, -0.0000000000000000000, 0.9276759462742566464 ) ) ;
#4120 =( NAMED_UNIT ( * ) SI_UNIT ( $, .STERADIAN. ) SOLID_ANGLE_UNIT ( ) );
#4121 = B_SPLINE_CURVE_WITH_KNOTS ( 'NONE', 3,
 ( #10103, #11501, #5676, #6765 ),
 .UNSPECIFIED., .F., .F.,
 ( 4, 4 ),
 ( 16.00000000000000000, 17.00000000000000000 ),
 .UNSPECIFIED. ) ;
#4122 = DIRECTION ( 'NONE',  ( -0.9999748501857348426, 0.0000000000000000000, -0.007092178509962082308 ) ) ;
#4123 = EDGE_LOOP ( 'NONE', ( #8888, #9223, #5802, #5504 ) ) ;
#4124 = VECTOR ( 'NONE', #9120, 1000.000000000000000 ) ;
#4125 = EDGE_CURVE ( 'NONE', #8274, #8634, #4525, .T. ) ;
#4126 = EDGE_CURVE ( 'NONE', #6956, #11201, #1699, .T. ) ;
#4127 = CARTESIAN_POINT ( 'NONE',  ( 5.823989957417400554, 4.751000000000000334, 1.634995830430475250 ) ) ;
#4128 = EDGE_LOOP ( 'NONE', ( #7449, #6045, #10278, #2339 ) ) ;
#4129 = ADVANCED_FACE ( 'NONE', ( #1526 ), #11286, .F. ) ;
#4130 = CARTESIAN_POINT ( 'NONE',  ( 5.752700836336341439, 4.750000000000000000, 2.945138038608785536 ) ) ;
#4131 = STYLED_ITEM ( 'NONE', ( #685 ), #1361 ) ;
#4132 = CARTESIAN_POINT ( 'NONE',  ( 5.994523315392167540, 4.751000000000000334, 2.678328894709728125 ) ) ;
#4133 = ORIENTED_EDGE ( 'NONE', *, *, #11096, .T. ) ;
#4134 = CARTESIAN_POINT ( 'NONE',  ( 3.825883562409373884, 4.750000000000000000, 1.804346434560163637 ) ) ;
#4135 = CARTESIAN_POINT ( 'NONE',  ( 17.78000000000000114, 0.0000000000000000000, -4.999999999999999112 ) ) ;
#4136 =( NAMED_UNIT ( * ) PLANE_ANGLE_UNIT ( ) SI_UNIT ( $, .RADIAN. ) );
#4137 = EDGE_LOOP ( 'NONE', ( #7744, #1463, #6935, #6821 ) ) ;
#4138 =( LENGTH_UNIT ( ) NAMED_UNIT ( * ) SI_UNIT ( .MILLI., .METRE. ) );
#4139 =( NAMED_UNIT ( * ) SI_UNIT ( $, .STERADIAN. ) SOLID_ANGLE_UNIT ( ) );
#4140 = VECTOR ( 'NONE', #7239, 1000.000000000000000 ) ;
#4141 =( NAMED_UNIT ( * ) SI_UNIT ( $, .STERADIAN. ) SOLID_ANGLE_UNIT ( ) );
#4142 = PRESENTATION_LAYER_ASSIGNMENT (  '', '', ( #9412 ) ) ;
#4143 = MECHANICAL_DESIGN_GEOMETRIC_PRESENTATION_REPRESENTATION (  '', ( #7071 ), #3566 ) ;
#4144 = CARTESIAN_POINT ( 'NONE',  ( 5.815408349828971701, 4.751000000000000334, 2.478459790710350497 ) ) ;
#4145 = B_SPLINE_SURFACE_WITH_KNOTS ( 'NONE', 3, 1, ( 
 ( #7614, #8774 ),
 ( #307, #11629 ),
 ( #11566, #5746 ),
 ( #2108, #6824 ) ),
 .UNSPECIFIED., .F., .F., .F.,
 ( 4, 4 ),
 ( 2, 2 ),
 ( 5.000000000000000000, 6.000000000000000000 ),
 ( 0.0000000000000000000, 1.000000000000000000 ),
 .UNSPECIFIED. ) ;
#4146 = FILL_AREA_STYLE_COLOUR ( '', #3577 ) ;
#4147 = ORIENTED_EDGE ( 'NONE', *, *, #8309, .F. ) ;
#4148 = PLANE ( 'NONE',  #2019 ) ;
#4149 = VERTEX_POINT ( 'NONE', #10464 ) ;
#4150 = FILL_AREA_STYLE ('',( #11456 ) ) ;
#4151 = COLOUR_RGB ( '',0.0000000000000000000, 0.0000000000000000000, 0.0000000000000000000 ) ;
#4152 =( NAMED_UNIT ( * ) PLANE_ANGLE_UNIT ( ) SI_UNIT ( $, .RADIAN. ) );
#4153 = DIRECTION ( 'NONE',  ( 0.3451999324527386670, 0.0000000000000000000, -0.9385291719678321432 ) ) ;
#4154 = VERTEX_POINT ( 'NONE', #11266 ) ;
#4155 = CARTESIAN_POINT ( 'NONE',  ( 8.159861601080121929, 4.751000000000000334, 1.756098738353367938 ) ) ;
#4156 = CARTESIAN_POINT ( 'NONE',  ( 4.648716840333254829, 4.750000000000000000, 2.559346681875779517 ) ) ;
#4157 = CARTESIAN_POINT ( 'NONE',  ( 7.259039443439511352, 4.751000000000000334, 1.850931544094996051 ) ) ;
#4158 = ORIENTED_EDGE ( 'NONE', *, *, #6160, .T. ) ;
#4159 = ORIENTED_EDGE ( 'NONE', *, *, #10954, .T. ) ;
#4160 = MECHANICAL_DESIGN_GEOMETRIC_PRESENTATION_REPRESENTATION (  '', ( #10625 ), #11414 ) ;
#4161 = MECHANICAL_DESIGN_GEOMETRIC_PRESENTATION_REPRESENTATION (  '', ( #4951 ), #11023 ) ;
#4162 = ORIENTED_EDGE ( 'NONE', *, *, #6032, .T. ) ;
#4163 = DIRECTION ( 'NONE',  ( 0.0000000000000000000, -1.000000000000000000, 0.0000000000000000000 ) ) ;
#4164 = CARTESIAN_POINT ( 'NONE',  ( 5.796263755702638854, 4.751000000000000334, 1.769191276932375212 ) ) ;
#4165 = CARTESIAN_POINT ( 'NONE',  ( 4.702253913058890511, 4.751000000000000334, 1.901283125666817009 ) ) ;
#4166 = CARTESIAN_POINT ( 'NONE',  ( 5.356587225513623096, 4.751000000000000334, 1.509506215612625324 ) ) ;
#4167 = CARTESIAN_POINT ( 'NONE',  ( 6.293759750458746360, 4.751000000000000334, 1.683298266340057303 ) ) ;
#4168 = CARTESIAN_POINT ( 'NONE',  ( 3.872668677285026728, 4.751000000000000334, 2.116613471301016070 ) ) ;
#4169 =( GEOMETRIC_REPRESENTATION_CONTEXT ( 3 ) GLOBAL_UNCERTAINTY_ASSIGNED_CONTEXT ( ( #825 ) ) GLOBAL_UNIT_ASSIGNED_CONTEXT ( ( #4397, #2436, #3247 ) ) REPRESENTATION_CONTEXT ( 'NONE', 'WORKASPACE' ) );
#4170 =( LENGTH_UNIT ( ) NAMED_UNIT ( * ) SI_UNIT ( .MILLI., .METRE. ) );
#4171 = CARTESIAN_POINT ( 'NONE',  ( 7.259039443439511352, 4.751000000000000334, 1.850931544094996051 ) ) ;
#4172 = DIRECTION ( 'NONE',  ( -0.0000000000000000000, -1.000000000000000000, -0.0000000000000000000 ) ) ;
#4173 =( NAMED_UNIT ( * ) PLANE_ANGLE_UNIT ( ) SI_UNIT ( $, .RADIAN. ) );
#4174 = ORIENTED_EDGE ( 'NONE', *, *, #7864, .T. ) ;
#4175 = ORIENTED_EDGE ( 'NONE', *, *, #12014, .T. ) ;
#4176 =( NAMED_UNIT ( * ) PLANE_ANGLE_UNIT ( ) SI_UNIT ( $, .RADIAN. ) );
#4177 = UNCERTAINTY_MEASURE_WITH_UNIT (LENGTH_MEASURE( 1.000000000000000082E-05 ), #7931, 'distance_accuracy_value', 'NONE');
#4178 = DIRECTION ( 'NONE',  ( -0.0000000000000000000, -1.000000000000000000, -0.0000000000000000000 ) ) ;
#4179 = DIRECTION ( 'NONE',  ( -0.0000000000000000000, -1.000000000000000000, -0.0000000000000000000 ) ) ;
#4180 = ORIENTED_EDGE ( 'NONE', *, *, #11032, .T. ) ;
#4181 = CARTESIAN_POINT ( 'NONE',  ( 8.929394564106914345, 4.751000000000000334, 1.823012706599978827 ) ) ;
#4182 = EDGE_CURVE ( 'NONE', #8830, #11742, #70, .T. ) ;
#4183 =( NAMED_UNIT ( * ) SI_UNIT ( $, .STERADIAN. ) SOLID_ANGLE_UNIT ( ) );
#4184 = DIRECTION ( 'NONE',  ( 0.9693831581461890279, 0.0000000000000000000, -0.2455530343989273112 ) ) ;
#4185 = CARTESIAN_POINT ( 'NONE',  ( 3.919000357439532678, 4.751000000000000334, 2.016342963659302434 ) ) ;
#4186 = MANIFOLD_SOLID_BREP ( '凸台-拉伸2', #2829 ) ;
#4187 =( LENGTH_UNIT ( ) NAMED_UNIT ( * ) SI_UNIT ( .MILLI., .METRE. ) );
#4188 = COLOUR_RGB ( '',0.0000000000000000000, 0.0000000000000000000, 0.0000000000000000000 ) ;
#4189 = COLOUR_RGB ( '',0.0000000000000000000, 0.0000000000000000000, 0.0000000000000000000 ) ;
#4190 = VERTEX_POINT ( 'NONE', #9400 ) ;
#4191 = SURFACE_STYLE_FILL_AREA ( #8037 ) ;
#4192 = FACE_OUTER_BOUND ( 'NONE', #3318, .T. ) ;
#4193 = MECHANICAL_DESIGN_GEOMETRIC_PRESENTATION_REPRESENTATION (  '', ( #10465 ), #6536 ) ;
#4194 = CARTESIAN_POINT ( 'NONE',  ( 5.945644884347442982, 4.750000000000000000, 2.532932354128212715 ) ) ;
#4195 = EDGE_LOOP ( 'NONE', ( #7793, #8700, #10794, #6476 ) ) ;
#4196 = CARTESIAN_POINT ( 'NONE',  ( 5.291395676200669307, 4.750000000000000000, 1.501765365410277386 ) ) ;
#4197 = EDGE_CURVE ( 'NONE', #2545, #12133, #8589, .T. ) ;
#4198 = FACE_OUTER_BOUND ( 'NONE', #1624, .T. ) ;
#4199 = ADVANCED_FACE ( 'NONE', ( #4647 ), #2760, .F. ) ;
#4200 =( NAMED_UNIT ( * ) PLANE_ANGLE_UNIT ( ) SI_UNIT ( $, .RADIAN. ) );
#4201 = VERTEX_POINT ( 'NONE', #5750 ) ;
#4202 = CARTESIAN_POINT ( 'NONE',  ( 8.118226163192861833, 4.750000000000000000, 3.039149390787762250 ) ) ;
#4203 = SURFACE_SIDE_STYLE ('',( #3111 ) ) ;
#4204 = MECHANICAL_DESIGN_GEOMETRIC_PRESENTATION_REPRESENTATION (  '', ( #2231 ), #7905 ) ;
#4205 = COLOUR_RGB ( '',0.0000000000000000000, 0.0000000000000000000, 0.0000000000000000000 ) ;
#4206 = CARTESIAN_POINT ( 'NONE',  ( 5.815408349828971701, 4.750000000000000000, 2.478459790710350497 ) ) ;
#4207 = DIRECTION ( 'NONE',  ( -3.965082230804128741E-16, -0.0000000000000000000, -1.000000000000000000 ) ) ;
#4208 = CARTESIAN_POINT ( 'NONE',  ( 5.731968130652062676, 4.751000000000000334, 1.855037346947814969 ) ) ;
#4209 = CARTESIAN_POINT ( 'NONE',  ( 5.422269103503259302, 4.751000000000000334, 1.777976398121686508 ) ) ;
#4210 = PRESENTATION_STYLE_ASSIGNMENT (( #6293 ) ) ;
#4211 = ORIENTED_EDGE ( 'NONE', *, *, #3366, .F. ) ;
#4212 = MECHANICAL_DESIGN_GEOMETRIC_PRESENTATION_REPRESENTATION (  '', ( #2456 ), #8131 ) ;
#4213 = ADVANCED_FACE ( 'NONE', ( #1817 ), #12, .F. ) ;
#4214 = CARTESIAN_POINT ( 'NONE',  ( 5.579697231358384357, 4.751000000000000334, 1.663676903184503786 ) ) ;
#4215 = SURFACE_SIDE_STYLE ('',( #452 ) ) ;
#4216 = VERTEX_POINT ( 'NONE', #5994 ) ;
#4217 = CARTESIAN_POINT ( 'NONE',  ( 8.294611753513905228, 4.750000000000000000, 2.125790671099390572 ) ) ;
#4218 = SURFACE_STYLE_USAGE ( .BOTH. , #2250 ) ;
#4219 = EDGE_CURVE ( 'NONE', #403, #11676, #6895, .T. ) ;
#4220 = ORIENTED_EDGE ( 'NONE', *, *, #11114, .T. ) ;
#4221 = CARTESIAN_POINT ( 'NONE',  ( 7.305648111579486681, 4.750000000000000000, 2.415211233981442440 ) ) ;
#4222 = VECTOR ( 'NONE', #5465, 1000.000000000000114 ) ;
#4223 = ORIENTED_EDGE ( 'NONE', *, *, #6818, .T. ) ;
#4224 = MECHANICAL_DESIGN_GEOMETRIC_PRESENTATION_REPRESENTATION (  '', ( #2466 ), #2060 ) ;
#4225 = EDGE_CURVE ( 'NONE', #11468, #8634, #9785, .T. ) ;
#4226 = ORIENTED_EDGE ( 'NONE', *, *, #8222, .F. ) ;
#4227 = CARTESIAN_POINT ( 'NONE',  ( 7.935559731679295403, 4.750000000000000000, 1.779813486843429882 ) ) ;
#4228 = CARTESIAN_POINT ( 'NONE',  ( 5.356587225513623096, 4.751000000000000334, 1.509506215612625324 ) ) ;
#4229 =( NAMED_UNIT ( * ) SI_UNIT ( $, .STERADIAN. ) SOLID_ANGLE_UNIT ( ) );
#4230 = FILL_AREA_STYLE_COLOUR ( '', #8740 ) ;
#4231 =( NAMED_UNIT ( * ) PLANE_ANGLE_UNIT ( ) SI_UNIT ( $, .RADIAN. ) );
#4232 = CARTESIAN_POINT ( 'NONE',  ( 8.159297564931996760, 4.751000000000000334, 1.835626060166847928 ) ) ;
#4233 = CARTESIAN_POINT ( 'NONE',  ( 5.798600401375948898, 4.751000000000000334, 1.677966797405070931 ) ) ;
#4234 = CARTESIAN_POINT ( 'NONE',  ( 4.254350763521417278, 4.750000000000000000, 1.756955749629828922 ) ) ;
#4235 = PRESENTATION_STYLE_ASSIGNMENT (( #1156 ) ) ;
#4236 = PRESENTATION_STYLE_ASSIGNMENT (( #343 ) ) ;
#4237 = ORIENTED_EDGE ( 'NONE', *, *, #5566, .F. ) ;
#4238 = ORIENTED_EDGE ( 'NONE', *, *, #3546, .F. ) ;
#4239 = SURFACE_STYLE_FILL_AREA ( #1542 ) ;
#4240 = VECTOR ( 'NONE', #10237, 1000.000000000000000 ) ;
#4241 = PRESENTATION_STYLE_ASSIGNMENT (( #4979 ) ) ;
#4242 = FILL_AREA_STYLE_COLOUR ( '', #8242 ) ;
#4243 = B_SPLINE_CURVE_WITH_KNOTS ( 'NONE', 3,
 ( #2268, #2397, #7961, #5220 ),
 .UNSPECIFIED., .F., .F.,
 ( 4, 4 ),
 ( 4.000000000000000000, 5.000000000000000000 ),
 .UNSPECIFIED. ) ;
#4244 = LINE ( 'NONE', #6151, #2026 ) ;
#4245 = PRESENTATION_STYLE_ASSIGNMENT (( #11610 ) ) ;
#4246 =( NAMED_UNIT ( * ) SI_UNIT ( $, .STERADIAN. ) SOLID_ANGLE_UNIT ( ) );
#4247 = DIRECTION ( 'NONE',  ( -0.007092178509979854550, 0.0000000000000000000, 0.9999748501857347316 ) ) ;
#4248 = COLOUR_RGB ( '',0.0000000000000000000, 0.0000000000000000000, 0.0000000000000000000 ) ;
#4249 = CARTESIAN_POINT ( 'NONE',  ( 5.959940399106526954, 4.751000000000000334, 1.745137366484235786 ) ) ;
#4250 = VERTEX_POINT ( 'NONE', #1384 ) ;
#4251 = SURFACE_SIDE_STYLE ('',( #551 ) ) ;
#4252 =( GEOMETRIC_REPRESENTATION_CONTEXT ( 3 ) GLOBAL_UNCERTAINTY_ASSIGNED_CONTEXT ( ( #11992 ) ) GLOBAL_UNIT_ASSIGNED_CONTEXT ( ( #9130, #3458, #8947 ) ) REPRESENTATION_CONTEXT ( 'NONE', 'WORKASPACE' ) );
#4253 = CARTESIAN_POINT ( 'NONE',  ( 5.798600401375948898, 4.751000000000000334, 1.677966797405070931 ) ) ;
#4254 = ORIENTED_EDGE ( 'NONE', *, *, #3120, .F. ) ;
#4255 = EDGE_CURVE ( 'NONE', #2689, #3951, #7026, .T. ) ;
#4256 = CARTESIAN_POINT ( 'NONE',  ( 5.589416121537609250, 4.751000000000000334, 1.796058355507088367 ) ) ;
#4257 = VECTOR ( 'NONE', #1216, 1000.000000000000114 ) ;
#4258 = PRESENTATION_STYLE_ASSIGNMENT (( #498 ) ) ;
#4259 = EDGE_LOOP ( 'NONE', ( #7393, #10455, #9062, #2153, #2248, #3013 ) ) ;
#4260 = DIRECTION ( 'NONE',  ( -0.0000000000000000000, -1.000000000000000000, -0.0000000000000000000 ) ) ;
#4261 = FILL_AREA_STYLE ('',( #10646 ) ) ;
#4262 = CARTESIAN_POINT ( 'NONE',  ( 5.910887727688271198, 4.750000000000000000, 1.789240236281552043 ) ) ;
#4263 = CARTESIAN_POINT ( 'NONE',  ( 7.238914016114391892, 4.751000000000000334, 1.630270273026668049 ) ) ;
#4264 = ORIENTED_EDGE ( 'NONE', *, *, #5092, .T. ) ;
#4265 = CARTESIAN_POINT ( 'NONE',  ( 6.085943363609318091, 4.751000000000000334, 1.681824358358713578 ) ) ;
#4266 = STYLED_ITEM ( 'NONE', ( #7530 ), #11772 ) ;
#4267 = FILL_AREA_STYLE_COLOUR ( '', #8368 ) ;
#4268 =( NAMED_UNIT ( * ) PLANE_ANGLE_UNIT ( ) SI_UNIT ( $, .RADIAN. ) );
#4269 = DIRECTION ( 'NONE',  ( 1.000000000000000000, 0.0000000000000000000, 0.0000000000000000000 ) ) ;
#4270 = CARTESIAN_POINT ( 'NONE',  ( -10.49999999999999822, 4.750000000000000000, 9.999999999999998224 ) ) ;
#4271 = EDGE_CURVE ( 'NONE', #374, #5691, #2097, .T. ) ;
#4272 = CARTESIAN_POINT ( 'NONE',  ( 5.463631619092542024, 4.751000000000000334, 1.810243115892779642 ) ) ;
#4273 = CARTESIAN_POINT ( 'NONE',  ( 7.436142834514272160, 4.751000000000000334, 1.855802628231660867 ) ) ;
#4274 = ORIENTED_EDGE ( 'NONE', *, *, #1345, .F. ) ;
#4275 = CARTESIAN_POINT ( 'NONE',  ( 11.00000000000000000, -4.750000000000000000, 9.499999999999998224 ) ) ;
#4276 = CARTESIAN_POINT ( 'NONE',  ( 4.771091816475728109, 4.750000000000000000, 2.421143489958795136 ) ) ;
#4277 = PRESENTATION_STYLE_ASSIGNMENT (( #521 ) ) ;
#4278 = CARTESIAN_POINT ( 'NONE',  ( 4.166460228167889746, 4.750000000000000000, 1.870968591937121506 ) ) ;
#4279 = ORIENTED_EDGE ( 'NONE', *, *, #5304, .F. ) ;
#4280 = CARTESIAN_POINT ( 'NONE',  ( 5.579383801027882228, 4.751000000000000334, 1.891127444814575842 ) ) ;
#4281 = CARTESIAN_POINT ( 'NONE',  ( 5.747765649026731261, 4.751000000000000334, 2.426900652260130631 ) ) ;
#4282 = VERTEX_POINT ( 'NONE', #10715 ) ;
#4283 = CARTESIAN_POINT ( 'NONE',  ( 16.78000000000000114, 0.0000000000000000000, 5.090000000000005187 ) ) ;
#4284 = ORIENTED_EDGE ( 'NONE', *, *, #3173, .T. ) ;
#4285 = EDGE_CURVE ( 'NONE', #1243, #4084, #3129, .T. ) ;
#4286 = ADVANCED_FACE ( 'NONE', ( #9597 ), #311, .F. ) ;
#4287 = ORIENTED_EDGE ( 'NONE', *, *, #10050, .T. ) ;
#4288 = CARTESIAN_POINT ( 'NONE',  ( 16.78000000000000114, 4.163799117100997848E-17, 3.750000000000004885 ) ) ;
#4289 = CARTESIAN_POINT ( 'NONE',  ( 8.295380826456906220, 4.750000000000000000, 2.527067671165228457 ) ) ;
#4290 = EDGE_CURVE ( 'NONE', #2090, #7621, #10527, .T. ) ;
#4291 = FACE_BOUND ( 'NONE', #8035, .T. ) ;
#4292 = SURFACE_SIDE_STYLE ('',( #8871 ) ) ;
#4293 = SURFACE_SIDE_STYLE ('',( #2265 ) ) ;
#4294 = CARTESIAN_POINT ( 'NONE',  ( 5.823989957417400554, 4.751000000000000334, 1.634995830430475250 ) ) ;
#4295 = CARTESIAN_POINT ( 'NONE',  ( 5.315956582583631906, 4.751000000000000334, 1.447350896622117356 ) ) ;
#4296 = FILL_AREA_STYLE_COLOUR ( '', #2075 ) ;
#4297 = SURFACE_STYLE_USAGE ( .BOTH. , #8811 ) ;
#4298 = ORIENTED_EDGE ( 'NONE', *, *, #6427, .T. ) ;
#4299 = ORIENTED_EDGE ( 'NONE', *, *, #10731, .F. ) ;
#4300 = DIRECTION ( 'NONE',  ( 0.9999748501857348426, 0.0000000000000000000, 0.007092178509961380613 ) ) ;
#4301 = UNCERTAINTY_MEASURE_WITH_UNIT (LENGTH_MEASURE( 1.000000000000000082E-05 ), #11796, 'distance_accuracy_value', 'NONE');
#4302 = CARTESIAN_POINT ( 'NONE',  ( 5.073393827616294871, 4.751000000000000334, 2.423287523707776447 ) ) ;
#4303 = CARTESIAN_POINT ( 'NONE',  ( 8.294611753513905228, 4.751000000000000334, 2.125790671099390572 ) ) ;
#4304 = COLOUR_RGB ( '',0.0000000000000000000, 0.0000000000000000000, 0.0000000000000000000 ) ;
#4305 = FILL_AREA_STYLE_COLOUR ( '', #6216 ) ;
#4306 = LINE ( 'NONE', #2468, #10410 ) ;
#4307 = CARTESIAN_POINT ( 'NONE',  ( 3.942850571533626169, 4.751000000000000334, 2.117111226341641839 ) ) ;
#4308 = CARTESIAN_POINT ( 'NONE',  ( 5.333239157737539315, 4.751000000000000334, 2.712370787945379558 ) ) ;
#4309 = PRESENTATION_STYLE_ASSIGNMENT (( #1431 ) ) ;
#4310 =( GEOMETRIC_REPRESENTATION_CONTEXT ( 3 ) GLOBAL_UNCERTAINTY_ASSIGNED_CONTEXT ( ( #2204 ) ) GLOBAL_UNIT_ASSIGNED_CONTEXT ( ( #2609, #10902, #10099 ) ) REPRESENTATION_CONTEXT ( 'NONE', 'WORKASPACE' ) );
#4311 =( NAMED_UNIT ( * ) SI_UNIT ( $, .STERADIAN. ) SOLID_ANGLE_UNIT ( ) );
#4312 = ORIENTED_EDGE ( 'NONE', *, *, #6583, .T. ) ;
#4313 = UNCERTAINTY_MEASURE_WITH_UNIT (LENGTH_MEASURE( 1.000000000000000082E-05 ), #11153, 'distance_accuracy_value', 'NONE');
#4314 = CARTESIAN_POINT ( 'NONE',  ( 5.482928423974117393, 4.751000000000000334, 1.746693201634514692 ) ) ;
#4315 = ORIENTED_EDGE ( 'NONE', *, *, #10859, .F. ) ;
#4316 = VECTOR ( 'NONE', #11834, 1000.000000000000114 ) ;
#4317 = CARTESIAN_POINT ( 'NONE',  ( 8.762212773991592485, 4.751000000000000334, 1.948354122188889592 ) ) ;
#4318 =( GEOMETRIC_REPRESENTATION_CONTEXT ( 3 ) GLOBAL_UNCERTAINTY_ASSIGNED_CONTEXT ( ( #8089 ) ) GLOBAL_UNIT_ASSIGNED_CONTEXT ( ( #2521, #7830, #1353 ) ) REPRESENTATION_CONTEXT ( 'NONE', 'WORKASPACE' ) );
#4319 = CARTESIAN_POINT ( 'NONE',  ( 5.516688250219739409, 4.751000000000000334, 2.484399487674353146 ) ) ;
#4320 = ORIENTED_EDGE ( 'NONE', *, *, #2401, .T. ) ;
#4321 = ADVANCED_FACE ( 'NONE', ( #369, #7863 ), #3238, .F. ) ;
#4322 = DIRECTION ( 'NONE',  ( -0.0000000000000000000, -1.195372373669727292E-16, -1.000000000000000000 ) ) ;
#4323 = DIRECTION ( 'NONE',  ( 1.000000000000000000, 0.0000000000000000000, 0.0000000000000000000 ) ) ;
#4324 = CARTESIAN_POINT ( 'NONE',  ( 5.295142505985755754, 4.751000000000000334, 1.981392340027532395 ) ) ;
#4325 = VECTOR ( 'NONE', #878, 1000.000000000000000 ) ;
#4326 = DIRECTION ( 'NONE',  ( -0.9999748501857349536, 0.0000000000000000000, -0.007092178509955769650 ) ) ;
#4327 =( NAMED_UNIT ( * ) SI_UNIT ( $, .STERADIAN. ) SOLID_ANGLE_UNIT ( ) );
#4328 =( NAMED_UNIT ( * ) PLANE_ANGLE_UNIT ( ) SI_UNIT ( $, .RADIAN. ) );
#4329 = ORIENTED_EDGE ( 'NONE', *, *, #1162, .T. ) ;
#4330 = UNCERTAINTY_MEASURE_WITH_UNIT (LENGTH_MEASURE( 1.000000000000000082E-05 ), #10721, 'distance_accuracy_value', 'NONE');
#4331 = DIRECTION ( 'NONE',  ( 0.9999748501857348426, -0.0000000000000000000, 0.007092178509964109333 ) ) ;
#4332 = PRESENTATION_STYLE_ASSIGNMENT (( #8979 ) ) ;
#4333 = CARTESIAN_POINT ( 'NONE',  ( 5.516688250219738521, 4.750000000000000000, 2.484399487674353146 ) ) ;
#4334 = MECHANICAL_DESIGN_GEOMETRIC_PRESENTATION_REPRESENTATION (  '', ( #4729 ), #3170 ) ;
#4335 = EDGE_LOOP ( 'NONE', ( #5244, #2185, #1338, #12039 ) ) ;
#4336 = CIRCLE ( 'NONE', #978, 0.3400000000000000244 ) ;
#4337 = ADVANCED_FACE ( 'NONE', ( #1508 ), #5250, .F. ) ;
#4338 = DIRECTION ( 'NONE',  ( -0.9999748501857348426, -0.0000000000000000000, -0.007092178509963908105 ) ) ;
#4339 =( NAMED_UNIT ( * ) PLANE_ANGLE_UNIT ( ) SI_UNIT ( $, .RADIAN. ) );
#4340 = DIRECTION ( 'NONE',  ( 0.0000000000000000000, -1.000000000000000000, 1.195372373669727292E-16 ) ) ;
#4341 = ORIENTED_EDGE ( 'NONE', *, *, #10903, .T. ) ;
#4342 = ORIENTED_EDGE ( 'NONE', *, *, #5774, .F. ) ;
#4343 = COLOUR_RGB ( '',0.0000000000000000000, 0.0000000000000000000, 0.0000000000000000000 ) ;
#4344 = DIRECTION ( 'NONE',  ( -0.0000000000000000000, -1.000000000000000000, 0.0000000000000000000 ) ) ;
#4345 =( GEOMETRIC_REPRESENTATION_CONTEXT ( 3 ) GLOBAL_UNCERTAINTY_ASSIGNED_CONTEXT ( ( #4463 ) ) GLOBAL_UNIT_ASSIGNED_CONTEXT ( ( #1360, #3998, #5040 ) ) REPRESENTATION_CONTEXT ( 'NONE', 'WORKASPACE' ) );
#4346 = STYLED_ITEM ( 'NONE', ( #1250 ), #5227 ) ;
#4347 =( NAMED_UNIT ( * ) SI_UNIT ( $, .STERADIAN. ) SOLID_ANGLE_UNIT ( ) );
#4348 = B_SPLINE_SURFACE_WITH_KNOTS ( 'NONE', 3, 1, ( 
 ( #198, #6906 ),
 ( #1200, #8381 ),
 ( #3249, #8599 ),
 ( #2062, #6781 ) ),
 .UNSPECIFIED., .F., .F., .F.,
 ( 4, 4 ),
 ( 2, 2 ),
 ( 7.000000000000000000, 8.000000000000000000 ),
 ( 0.0000000000000000000, 1.000000000000000000 ),
 .UNSPECIFIED. ) ;
#4349 = FACE_BOUND ( 'NONE', #7094, .T. ) ;
#4350 = EDGE_CURVE ( 'NONE', #3066, #5012, #3357, .T. ) ;
#4351 = ADVANCED_FACE ( 'NONE', ( #7204 ), #6286, .T. ) ;
#4352 = SURFACE_STYLE_FILL_AREA ( #8807 ) ;
#4353 = EDGE_CURVE ( 'NONE', #4149, #1176, #7655, .T. ) ;
#4354 = CARTESIAN_POINT ( 'NONE',  ( 6.350477472386660160, 4.751000000000000334, 2.940799465296190629 ) ) ;
#4355 = CARTESIAN_POINT ( 'NONE',  ( 5.202202696331129417, 4.750000000000000000, 1.707789860221158085 ) ) ;
#4356 = DIRECTION ( 'NONE',  ( -0.9999748501857348426, 0.0000000000000000000, -0.007092178509962506448 ) ) ;
#4357 = PRESENTATION_LAYER_ASSIGNMENT (  '', '', ( #1211 ) ) ;
#4358 = CARTESIAN_POINT ( 'NONE',  ( 4.386131129894691227, 4.751000000000000334, 2.418413211384245365 ) ) ;
#4359 = ORIENTED_EDGE ( 'NONE', *, *, #4290, .T. ) ;
#4360 = ORIENTED_EDGE ( 'NONE', *, *, #1798, .F. ) ;
#4361 = STYLED_ITEM ( 'NONE', ( #3660 ), #1888 ) ;
#4362 = DIRECTION ( 'NONE',  ( 0.9999748501857347316, 0.0000000000000000000, 0.007092178509983381243 ) ) ;
#4363 = AXIS2_PLACEMENT_3D ( 'NONE', #9807, #1412, #5146 ) ;
#4364 = LINE ( 'NONE', #4303, #1632 ) ;
#4365 = CARTESIAN_POINT ( 'NONE',  ( 8.417902061060656749, 4.751000000000000334, 2.582162518155731945 ) ) ;
#4366 = FILL_AREA_STYLE ('',( #6208 ) ) ;
#4367 = SURFACE_SIDE_STYLE ('',( #9769 ) ) ;
#4368 = ADVANCED_FACE ( 'NONE', ( #9568, #4859 ), #7716, .T. ) ;
#4369 = PRESENTATION_STYLE_ASSIGNMENT (( #2283 ) ) ;
#4370 = ORIENTED_EDGE ( 'NONE', *, *, #6245, .T. ) ;
#4371 = DIRECTION ( 'NONE',  ( -0.0000000000000000000, -1.000000000000000000, -0.0000000000000000000 ) ) ;
#4372 = EDGE_CURVE ( 'NONE', #9982, #9741, #5784, .T. ) ;
#4373 = PRESENTATION_LAYER_ASSIGNMENT (  '', '', ( #5555 ) ) ;
#4374 = VECTOR ( 'NONE', #4083, 1000.000000000000000 ) ;
#4375 = MECHANICAL_DESIGN_GEOMETRIC_PRESENTATION_REPRESENTATION (  '', ( #11820 ), #3387 ) ;
#4376 = ORIENTED_EDGE ( 'NONE', *, *, #2570, .T. ) ;
#4377 = FILL_AREA_STYLE ('',( #9263 ) ) ;
#4378 = FILL_AREA_STYLE ('',( #10891 ) ) ;
#4379 = CARTESIAN_POINT ( 'NONE',  ( 5.973406235107098006, 4.750000000000000000, 1.624098027228533692 ) ) ;
#4380 = ORIENTED_EDGE ( 'NONE', *, *, #850, .T. ) ;
#4381 = DIRECTION ( 'NONE',  ( -0.9319625762846397432, 0.0000000000000000000, -0.3625544874979442778 ) ) ;
#4382 =( LENGTH_UNIT ( ) NAMED_UNIT ( * ) SI_UNIT ( .MILLI., .METRE. ) );
#4383 = SURFACE_SIDE_STYLE ('',( #1503 ) ) ;
#4384 = PRESENTATION_LAYER_ASSIGNMENT (  '', '', ( #3002 ) ) ;
#4385 = CIRCLE ( 'NONE', #11235, 0.3400000000000000244 ) ;
#4386 = ORIENTED_EDGE ( 'NONE', *, *, #5655, .F. ) ;
#4387 = CARTESIAN_POINT ( 'NONE',  ( 5.401380459378324339, 4.750000000000000000, 1.717780718550358188 ) ) ;
#4388 = CARTESIAN_POINT ( 'NONE',  ( 6.290979696380119002, 4.750000000000000000, 2.075277142348034065 ) ) ;
#4389 = VECTOR ( 'NONE', #10243, 1000.000000000000114 ) ;
#4390 = UNCERTAINTY_MEASURE_WITH_UNIT (LENGTH_MEASURE( 1.000000000000000082E-05 ), #873, 'distance_accuracy_value', 'NONE');
#4391 = CARTESIAN_POINT ( 'NONE',  ( 5.422269103503259302, 4.751000000000000334, 1.777976398121686508 ) ) ;
#4392 = VECTOR ( 'NONE', #10110, 1000.000000000000000 ) ;
#4393 = STYLED_ITEM ( 'NONE', ( #3854 ), #7562 ) ;
#4394 = FILL_AREA_STYLE_COLOUR ( '', #9250 ) ;
#4395 = FACE_OUTER_BOUND ( 'NONE', #1869, .T. ) ;
#4396 = ORIENTED_EDGE ( 'NONE', *, *, #6534, .T. ) ;
#4397 =( LENGTH_UNIT ( ) NAMED_UNIT ( * ) SI_UNIT ( .MILLI., .METRE. ) );
#4398 = DIRECTION ( 'NONE',  ( -0.9999748501857346206, 0.0000000000000000000, -0.007092178509998248691 ) ) ;
#4399 = MECHANICAL_DESIGN_GEOMETRIC_PRESENTATION_REPRESENTATION (  '', ( #11619 ), #1262 ) ;
#4400 = DIRECTION ( 'NONE',  ( 0.9919892169122311865, 0.0000000000000000000, -0.1263225772768203081 ) ) ;
#4401 = CIRCLE ( 'NONE', #8488, 0.3400000000000000244 ) ;
#4402 =( NAMED_UNIT ( * ) PLANE_ANGLE_UNIT ( ) SI_UNIT ( $, .RADIAN. ) );
#4403 = ORIENTED_EDGE ( 'NONE', *, *, #2642, .T. ) ;
#4404 = VECTOR ( 'NONE', #5430, 1000.000000000000000 ) ;
#4405 = DIRECTION ( 'NONE',  ( -0.3427414958530305977, -0.0000000000000000000, -0.9394297562992280914 ) ) ;
#4406 = DIRECTION ( 'NONE',  ( 0.9999748501857348426, 0.0000000000000000000, 0.007092178509965551755 ) ) ;
#4407 = CARTESIAN_POINT ( 'NONE',  ( 7.249758619568092755, 4.750000000000000000, 1.630347186824599115 ) ) ;
#4408 = EDGE_LOOP ( 'NONE', ( #10055, #2351, #10792, #6620 ) ) ;
#4409 = ORIENTED_EDGE ( 'NONE', *, *, #3913, .F. ) ;
#4410 = STYLED_ITEM ( 'NONE', ( #2393 ), #2457 ) ;
#4411 = CARTESIAN_POINT ( 'NONE',  ( 4.442408582935913230, 4.751000000000000334, 1.612199861429208125 ) ) ;
#4412 = ADVANCED_FACE ( 'NONE', ( #3012 ), #10007, .F. ) ;
#4413 = VECTOR ( 'NONE', #1662, 1000.000000000000114 ) ;
#4414 = DIRECTION ( 'NONE',  ( -0.0000000000000000000, -1.000000000000000000, -0.0000000000000000000 ) ) ;
#4415 = ADVANCED_FACE ( 'NONE', ( #1096 ), #3267, .F. ) ;
#4416 = LINE ( 'NONE', #4536, #7197 ) ;
#4417 = DIRECTION ( 'NONE',  ( -0.9999748501857348426, -0.0000000000000000000, -0.007092178509962363334 ) ) ;
#4418 = CARTESIAN_POINT ( 'NONE',  ( 4.698570525758425376, 4.751000000000000334, 2.420629143083527168 ) ) ;
#4419 =( LENGTH_UNIT ( ) NAMED_UNIT ( * ) SI_UNIT ( .MILLI., .METRE. ) );
#4420 = VECTOR ( 'NONE', #11194, 1000.000000000000000 ) ;
#4421 = PRESENTATION_STYLE_ASSIGNMENT (( #5587 ) ) ;
#4422 = VECTOR ( 'NONE', #10427, 1000.000000000000114 ) ;
#4423 =( NAMED_UNIT ( * ) PLANE_ANGLE_UNIT ( ) SI_UNIT ( $, .RADIAN. ) );
#4424 = VERTEX_POINT ( 'NONE', #4358 ) ;
#4425 = EDGE_LOOP ( 'NONE', ( #11270, #11306, #7118, #935 ) ) ;
#4426 = ADVANCED_FACE ( 'NONE', ( #6993 ), #10000, .T. ) ;
#4427 = ADVANCED_FACE ( 'NONE', ( #6030 ), #5151, .F. ) ;
#4428 = STYLED_ITEM ( 'NONE', ( #8252 ), #3155 ) ;
#4429 = CARTESIAN_POINT ( 'NONE',  ( 4.377794037559535667, 4.750000000000000000, 1.669709553731607787 ) ) ;
#4430 = B_SPLINE_SURFACE_WITH_KNOTS ( 'NONE', 3, 1, ( 
 ( #6426, #2116 ),
 ( #2172, #3967 ),
 ( #3052, #4833 ),
 ( #7751, #6833 ) ),
 .UNSPECIFIED., .F., .F., .F.,
 ( 4, 4 ),
 ( 2, 2 ),
 ( 2.000000000000000000, 3.000000000000000000 ),
 ( 0.0000000000000000000, 1.000000000000000000 ),
 .UNSPECIFIED. ) ;
#4431 =( NAMED_UNIT ( * ) SI_UNIT ( $, .STERADIAN. ) SOLID_ANGLE_UNIT ( ) );
#4432 = DIRECTION ( 'NONE',  ( -0.0000000000000000000, -1.000000000000000000, -0.0000000000000000000 ) ) ;
#4433 = DIRECTION ( 'NONE',  ( 0.3475765303544195439, -0.0000000000000000000, -0.9376516173647775343 ) ) ;
#4434 = CARTESIAN_POINT ( 'NONE',  ( 5.774789756611023783, 4.750000000000000000, 1.993112442040618992 ) ) ;
#4435 = DIRECTION ( 'NONE',  ( 0.0000000000000000000, 0.0000000000000000000, -1.000000000000000000 ) ) ;
#4436 = EDGE_LOOP ( 'NONE', ( #4021, #8508, #3931, #10661 ) ) ;
#4437 = CARTESIAN_POINT ( 'NONE',  ( -16.78000000000000114, 4.163799117100994766E-17, 4.410000000000005471 ) ) ;
#4438 = MECHANICAL_DESIGN_GEOMETRIC_PRESENTATION_REPRESENTATION (  '', ( #2483 ), #11287 ) ;
#4439 = ADVANCED_FACE ( 'NONE', ( #835 ), #3573, .F. ) ;
#4440 = VERTEX_POINT ( 'NONE', #6319 ) ;
#4441 = EDGE_CURVE ( 'NONE', #6307, #4250, #914, .T. ) ;
#4442 = UNCERTAINTY_MEASURE_WITH_UNIT (LENGTH_MEASURE( 1.000000000000000082E-05 ), #8028, 'distance_accuracy_value', 'NONE');
#4443 = SURFACE_STYLE_FILL_AREA ( #4377 ) ;
#4444 = DIRECTION ( 'NONE',  ( -0.0000000000000000000, -1.000000000000000000, -0.0000000000000000000 ) ) ;
#4445 = EDGE_LOOP ( 'NONE', ( #1636, #11278, #173, #8491 ) ) ;
#4446 = EDGE_CURVE ( 'NONE', #836, #10039, #4666, .T. ) ;
#4447 = STYLED_ITEM ( 'NONE', ( #4235 ), #3822 ) ;
#4448 = FILL_AREA_STYLE_COLOUR ( '', #10805 ) ;
#4449 = CARTESIAN_POINT ( 'NONE',  ( 8.850636211324955482, 4.751000000000000334, 2.223725738735952362 ) ) ;
#4450 = VECTOR ( 'NONE', #3628, 1000.000000000000000 ) ;
#4451 = FILL_AREA_STYLE ('',( #6770 ) ) ;
#4452 = EDGE_LOOP ( 'NONE', ( #6202, #1267, #1126, #10641, #1097, #11171 ) ) ;
#4453 =( NAMED_UNIT ( * ) SI_UNIT ( $, .STERADIAN. ) SOLID_ANGLE_UNIT ( ) );
#4454 = ADVANCED_FACE ( 'NONE', ( #1834 ), #695, .F. ) ;
#4455 =( LENGTH_UNIT ( ) NAMED_UNIT ( * ) SI_UNIT ( .MILLI., .METRE. ) );
#4456 =( GEOMETRIC_REPRESENTATION_CONTEXT ( 3 ) GLOBAL_UNCERTAINTY_ASSIGNED_CONTEXT ( ( #11060 ) ) GLOBAL_UNIT_ASSIGNED_CONTEXT ( ( #776, #12082, #2753 ) ) REPRESENTATION_CONTEXT ( 'NONE', 'WORKASPACE' ) );
#4457 = STYLED_ITEM ( 'NONE', ( #5643 ), #10955 ) ;
#4458 = B_SPLINE_CURVE_WITH_KNOTS ( 'NONE', 3,
 ( #8056, #9853, #1450, #700 ),
 .UNSPECIFIED., .F., .F.,
 ( 4, 4 ),
 ( 1.000000000000000000, 2.000000000000000000 ),
 .UNSPECIFIED. ) ;
#4459 = CARTESIAN_POINT ( 'NONE',  ( 18.12000000000000099, 0.0000000000000000000, 3.750000000000004885 ) ) ;
#4460 = CARTESIAN_POINT ( 'NONE',  ( 4.958226931026218587, 4.751000000000000334, 2.498115009828596023 ) ) ;
#4461 = CARTESIAN_POINT ( 'NONE',  ( 5.931474049120690317, 4.750000000000000000, 1.782107753354527757 ) ) ;
#4462 = ORIENTED_EDGE ( 'NONE', *, *, #434, .F. ) ;
#4463 = UNCERTAINTY_MEASURE_WITH_UNIT (LENGTH_MEASURE( 1.000000000000000082E-05 ), #1360, 'distance_accuracy_value', 'NONE');
#4464 = LINE ( 'NONE', #5382, #2202 ) ;
#4465 = UNCERTAINTY_MEASURE_WITH_UNIT (LENGTH_MEASURE( 1.000000000000000082E-05 ), #1950, 'distance_accuracy_value', 'NONE');
#4466 = PRESENTATION_LAYER_ASSIGNMENT (  '', '', ( #10534 ) ) ;
#4467 =( NAMED_UNIT ( * ) SI_UNIT ( $, .STERADIAN. ) SOLID_ANGLE_UNIT ( ) );
#4468 = CARTESIAN_POINT ( 'NONE',  ( 5.542266887760171734, 4.751000000000000334, 1.663411433829511177 ) ) ;
#4469 = FILL_AREA_STYLE ('',( #6127 ) ) ;
#4470 = VERTEX_POINT ( 'NONE', #3638 ) ;
#4471 = STYLED_ITEM ( 'NONE', ( #6531 ), #11166 ) ;
#4472 = SURFACE_STYLE_USAGE ( .BOTH. , #10915 ) ;
#4473 = CARTESIAN_POINT ( 'NONE',  ( 5.857744171827659052, 4.750000000000000000, 2.886615351628824211 ) ) ;
#4474 = DIRECTION ( 'NONE',  ( 0.0000000000000000000, 0.0000000000000000000, -1.000000000000000000 ) ) ;
#4475 = EDGE_LOOP ( 'NONE', ( #404, #10655, #474, #10858 ) ) ;
#4476 = EDGE_LOOP ( 'NONE', ( #2443, #2011, #8319, #11601 ) ) ;
#4477 = CARTESIAN_POINT ( 'NONE',  ( 7.443372478218416077, 4.751000000000000334, 1.855853903444935948 ) ) ;
#4478 = PRESENTATION_STYLE_ASSIGNMENT (( #714 ) ) ;
#4479 =( NAMED_UNIT ( * ) PLANE_ANGLE_UNIT ( ) SI_UNIT ( $, .RADIAN. ) );
#4480 = CARTESIAN_POINT ( 'NONE',  ( 5.505595151013206845, 4.751000000000000334, 1.611162141450700247 ) ) ;
#4481 = CARTESIAN_POINT ( 'NONE',  ( 5.443412126751434599, 4.751000000000000334, 1.985563273292652031 ) ) ;
#4482 = DIRECTION ( 'NONE',  ( 1.000000000000000000, 0.0000000000000000000, 0.0000000000000000000 ) ) ;
#4483 = CARTESIAN_POINT ( 'NONE',  ( 6.085943363609318091, 4.751000000000000334, 1.681824358358713578 ) ) ;
#4484 = PRESENTATION_STYLE_ASSIGNMENT (( #5524 ) ) ;
#4485 = EDGE_CURVE ( 'NONE', #9896, #11105, #10361, .T. ) ;
#4486 = ORIENTED_EDGE ( 'NONE', *, *, #9971, .F. ) ;
#4487 = ORIENTED_EDGE ( 'NONE', *, *, #7992, .T. ) ;
#4488 = SURFACE_STYLE_FILL_AREA ( #12029 ) ;
#4489 =( NAMED_UNIT ( * ) PLANE_ANGLE_UNIT ( ) SI_UNIT ( $, .RADIAN. ) );
#4490 = DIRECTION ( 'NONE',  ( 1.000000000000000000, 0.0000000000000000000, 0.0000000000000000000 ) ) ;
#4491 = DIRECTION ( 'NONE',  ( -0.9999748501857348426, -0.0000000000000000000, -0.007092178509963813562 ) ) ;
#4492 = CARTESIAN_POINT ( 'NONE',  ( 11.00000000000000000, 4.750000000000000000, -1.135603754986240755E-15 ) ) ;
#4493 = CARTESIAN_POINT ( 'NONE',  ( 5.862257191475202411, 4.751000000000000334, 1.993732792304178325 ) ) ;
#4494 = FILL_AREA_STYLE_COLOUR ( '', #10685 ) ;
#4495 = CARTESIAN_POINT ( 'NONE',  ( 6.292546702989431751, 4.750000000000000000, 1.854334141944649961 ) ) ;
#4496 = DIRECTION ( 'NONE',  ( 0.007092178509965146697, 0.0000000000000000000, -0.9999748501857348426 ) ) ;
#4497 = EDGE_CURVE ( 'NONE', #5139, #3109, #9364, .T. ) ;
#4498 = CARTESIAN_POINT ( 'NONE',  ( 8.905602803042032889, 4.750000000000000000, 2.629001958253291527 ) ) ;
#4499 = CARTESIAN_POINT ( 'NONE',  ( 4.140106571802283142, 4.751000000000000334, 1.610055827680276774 ) ) ;
#4500 = VERTEX_POINT ( 'NONE', #6732 ) ;
#4501 = VECTOR ( 'NONE', #609, 1000.000000000000000 ) ;
#4502 =( NAMED_UNIT ( * ) SI_UNIT ( $, .STERADIAN. ) SOLID_ANGLE_UNIT ( ) );
#4503 = FILL_AREA_STYLE ('',( #10827 ) ) ;
#4504 = FILL_AREA_STYLE ('',( #4680 ) ) ;
#4505 = ORIENTED_EDGE ( 'NONE', *, *, #6501, .F. ) ;
#4506 = DIRECTION ( 'NONE',  ( 0.007092178509963378147, -0.0000000000000000000, -0.9999748501857348426 ) ) ;
#4507 = CARTESIAN_POINT ( 'NONE',  ( 5.765111325619892924, 4.750000000000000000, 2.478103066264586651 ) ) ;
#4508 = FACE_OUTER_BOUND ( 'NONE', #1796, .T. ) ;
#4509 = SURFACE_STYLE_FILL_AREA ( #2781 ) ;
#4510 = ORIENTED_EDGE ( 'NONE', *, *, #3548, .F. ) ;
#4511 = ADVANCED_FACE ( 'NONE', ( #9488 ), #10546, .F. ) ;
#4512 = EDGE_CURVE ( 'NONE', #9773, #2095, #8087, .T. ) ;
#4513 = CARTESIAN_POINT ( 'NONE',  ( 5.579126468040183084, 4.751000000000000334, 2.935328768692522239 ) ) ;
#4514 = UNCERTAINTY_MEASURE_WITH_UNIT (LENGTH_MEASURE( 1.000000000000000082E-05 ), #11091, 'distance_accuracy_value', 'NONE');
#4515 = FILL_AREA_STYLE ('',( #4394 ) ) ;
#4516 = CARTESIAN_POINT ( 'NONE',  ( 7.443372478218416077, 4.751000000000000334, 1.855853903444935948 ) ) ;
#4517 = VECTOR ( 'NONE', #224, 1000.000000000000114 ) ;
#4518 = ORIENTED_EDGE ( 'NONE', *, *, #3692, .T. ) ;
#4519 = SURFACE_STYLE_FILL_AREA ( #8182 ) ;
#4520 = SURFACE_STYLE_USAGE ( .BOTH. , #6417 ) ;
#4521 = LINE ( 'NONE', #7336, #9143 ) ;
#4522 = SURFACE_STYLE_FILL_AREA ( #819 ) ;
#4523 = VERTEX_POINT ( 'NONE', #147 ) ;
#4524 = LINE ( 'NONE', #2623, #9354 ) ;
#4525 = LINE ( 'NONE', #10114, #7963 ) ;
#4526 = PRESENTATION_LAYER_ASSIGNMENT (  '', '', ( #5890 ) ) ;
#4527 = CARTESIAN_POINT ( 'NONE',  ( 8.349373239732326368, 4.750000000000000000, 2.559986120442274249 ) ) ;
#4528 = EDGE_LOOP ( 'NONE', ( #3653, #1270, #6533, #4828 ) ) ;
#4529 = B_SPLINE_SURFACE_WITH_KNOTS ( 'NONE', 3, 1, ( 
 ( #502, #5178 ),
 ( #4086, #9646 ),
 ( #6953, #8716 ),
 ( #5115, #306 ) ),
 .UNSPECIFIED., .F., .F., .F.,
 ( 4, 4 ),
 ( 2, 2 ),
 ( 4.000000000000000000, 5.000000000000000000 ),
 ( 0.0000000000000000000, 1.000000000000000000 ),
 .UNSPECIFIED. ) ;
#4530 = EDGE_LOOP ( 'NONE', ( #829, #9122, #5472, #10920 ) ) ;
#4531 = CARTESIAN_POINT ( 'NONE',  ( 5.825310698065924164, 4.751000000000000334, 2.420042167947327183 ) ) ;
#4532 = SURFACE_STYLE_FILL_AREA ( #5459 ) ;
#4533 = CARTESIAN_POINT ( 'NONE',  ( 4.866470573614145145, 4.751000000000000334, 2.680726182749451070 ) ) ;
#4534 = VECTOR ( 'NONE', #1252, 1000.000000000000114 ) ;
#4535 = COLOUR_RGB ( '',0.0000000000000000000, 0.0000000000000000000, 0.0000000000000000000 ) ;
#4536 = CARTESIAN_POINT ( 'NONE',  ( 4.872846275826086426, 4.751000000000000334, 2.862993559193159232 ) ) ;
#4537 = CARTESIAN_POINT ( 'NONE',  ( 17.78000000000000114, 0.0000000000000000000, 3.750000000000004885 ) ) ;
#4538 = CARTESIAN_POINT ( 'NONE',  ( 5.502899899645201209, 4.751000000000000334, 1.991184102142578238 ) ) ;
#4539 = CARTESIAN_POINT ( 'NONE',  ( 8.929394564106914345, 4.750000000000000000, 1.823012706599978827 ) ) ;
#4540 = CARTESIAN_POINT ( 'NONE',  ( 5.881095909275361855, 4.751000000000000334, 1.793188078342175196 ) ) ;
#4541 = CARTESIAN_POINT ( 'NONE',  ( 4.437001459358331346, 4.751000000000000334, 2.557845120836619301 ) ) ;
#4542 = VECTOR ( 'NONE', #96, 1000.000000000000000 ) ;
#4543 = ORIENTED_EDGE ( 'NONE', *, *, #10071, .T. ) ;
#4544 = AXIS2_PLACEMENT_3D ( 'NONE', #3018, #8754, #6865 ) ;
#4545 = ORIENTED_EDGE ( 'NONE', *, *, #6288, .T. ) ;
#4546 = PRESENTATION_LAYER_ASSIGNMENT (  '', '', ( #11600 ) ) ;
#4547 = LINE ( 'NONE', #11960, #7302 ) ;
#4548 = CARTESIAN_POINT ( 'NONE',  ( 8.644101041224818260, 4.750000000000000000, 2.800670125863558457 ) ) ;
#4549 = CARTESIAN_POINT ( 'NONE',  ( 4.702666865388868800, 4.750000000000000000, 1.843058146737809544 ) ) ;
#4550 = CARTESIAN_POINT ( 'NONE',  ( 5.987524596244380604, 4.751000000000000334, 1.960828251277271450 ) ) ;
#4551 = PRESENTATION_LAYER_ASSIGNMENT (  '', '', ( #11990 ) ) ;
#4552 = DIRECTION ( 'NONE',  ( -1.000000000000000000, -0.0000000000000000000, -0.0000000000000000000 ) ) ;
#4553 =( GEOMETRIC_REPRESENTATION_CONTEXT ( 3 ) GLOBAL_UNCERTAINTY_ASSIGNED_CONTEXT ( ( #1233 ) ) GLOBAL_UNIT_ASSIGNED_CONTEXT ( ( #5856, #10451, #244 ) ) REPRESENTATION_CONTEXT ( 'NONE', 'WORKASPACE' ) );
#4554 = B_SPLINE_CURVE_WITH_KNOTS ( 'NONE', 3,
 ( #2128, #2942, #2076, #3924 ),
 .UNSPECIFIED., .F., .F.,
 ( 4, 4 ),
 ( 1.000000000000000000, 2.000000000000000000 ),
 .UNSPECIFIED. ) ;
#4555 = COLOUR_RGB ( '',0.0000000000000000000, 0.0000000000000000000, 0.0000000000000000000 ) ;
#4556 = CARTESIAN_POINT ( 'NONE',  ( 8.299841908398944312, 4.751000000000000334, 1.898078878745585119 ) ) ;
#4557 = VERTEX_POINT ( 'NONE', #8606 ) ;
#4558 = PRESENTATION_LAYER_ASSIGNMENT (  '', '', ( #2399 ) ) ;
#4559 = CARTESIAN_POINT ( 'NONE',  ( 6.063973354384260439, 4.751000000000000334, 2.598758086033984949 ) ) ;
#4560 = VECTOR ( 'NONE', #392, 1000.000000000000000 ) ;
#4561 = B_SPLINE_CURVE_WITH_KNOTS ( 'NONE', 3,
 ( #9553, #23, #6785, #10480 ),
 .UNSPECIFIED., .F., .F.,
 ( 4, 4 ),
 ( 1.000000000000000000, 2.000000000000000000 ),
 .UNSPECIFIED. ) ;
#4562 = UNCERTAINTY_MEASURE_WITH_UNIT (LENGTH_MEASURE( 1.000000000000000082E-05 ), #142, 'distance_accuracy_value', 'NONE');
#4563 = CARTESIAN_POINT ( 'NONE',  ( -11.00000000000000000, 0.0000000000000000000, 5.090000000000005187 ) ) ;
#4564 = EDGE_CURVE ( 'NONE', #12067, #1604, #10741, .T. ) ;
#4565 = CARTESIAN_POINT ( 'NONE',  ( 5.983789694333044196, 4.751000000000000334, 1.827709401482467300 ) ) ;
#4566 = CARTESIAN_POINT ( 'NONE',  ( 4.543993315028436619, 4.751000000000000334, 2.847663915800954904 ) ) ;
#4567 = ORIENTED_EDGE ( 'NONE', *, *, #3464, .T. ) ;
#4568 = FACE_OUTER_BOUND ( 'NONE', #11868, .T. ) ;
#4569 = DIRECTION ( 'NONE',  ( -0.007092178509963331309, -0.0000000000000000000, 0.9999748501857348426 ) ) ;
#4570 = ORIENTED_EDGE ( 'NONE', *, *, #2417, .F. ) ;
#4571 = STYLED_ITEM ( 'NONE', ( #8470 ), #6978 ) ;
#4572 = STYLED_ITEM ( 'NONE', ( #11255 ), #7789 ) ;
#4573 =( GEOMETRIC_REPRESENTATION_CONTEXT ( 3 ) GLOBAL_UNCERTAINTY_ASSIGNED_CONTEXT ( ( #10559 ) ) GLOBAL_UNIT_ASSIGNED_CONTEXT ( ( #9030, #7867, #11815 ) ) REPRESENTATION_CONTEXT ( 'NONE', 'WORKASPACE' ) );
#4574 = SURFACE_SIDE_STYLE ('',( #11877 ) ) ;
#4575 = CARTESIAN_POINT ( 'NONE',  ( 5.862257191475202411, 4.750000000000000000, 1.993732792304178325 ) ) ;
#4576 =( NAMED_UNIT ( * ) PLANE_ANGLE_UNIT ( ) SI_UNIT ( $, .RADIAN. ) );
#4577 = ADVANCED_FACE ( 'NONE', ( #4781 ), #883, .F. ) ;
#4578 = CARTESIAN_POINT ( 'NONE',  ( 4.948141223361533392, 4.751000000000000334, 2.124241106413962576 ) ) ;
#4579 = COLOUR_RGB ( '',0.0000000000000000000, 0.0000000000000000000, 0.0000000000000000000 ) ;
#4580 = EDGE_CURVE ( 'NONE', #8110, #7050, #3433, .T. ) ;
#4581 = VECTOR ( 'NONE', #866, 1000.000000000000000 ) ;
#4582 = CARTESIAN_POINT ( 'NONE',  ( 5.444454632525748572, 4.750000000000000000, 1.930202165564974592 ) ) ;
#4583 = MECHANICAL_DESIGN_GEOMETRIC_PRESENTATION_REPRESENTATION (  '', ( #8628 ), #3415 ) ;
#4584 = VERTEX_POINT ( 'NONE', #6131 ) ;
#4585 = CARTESIAN_POINT ( 'NONE',  ( 5.416976395264090804, 4.751000000000000334, 1.974458048948823929 ) ) ;
#4586 = SURFACE_SIDE_STYLE ('',( #818 ) ) ;
#4587 = VERTEX_POINT ( 'NONE', #1462 ) ;
#4588 = CARTESIAN_POINT ( 'NONE',  ( 6.359803927017792624, 4.750000000000000000, 1.625798713492213832 ) ) ;
#4589 = B_SPLINE_CURVE_WITH_KNOTS ( 'NONE', 3,
 ( #11170, #11005, #10089, #6510 ),
 .UNSPECIFIED., .F., .F.,
 ( 4, 4 ),
 ( 5.000000000000000000, 6.000000000000000000 ),
 .UNSPECIFIED. ) ;
#4590 =( LENGTH_UNIT ( ) NAMED_UNIT ( * ) SI_UNIT ( .MILLI., .METRE. ) );
#4591 = CARTESIAN_POINT ( 'NONE',  ( 6.024941156825767585, 4.750000000000000000, 1.688150305370378135 ) ) ;
#4592 = ORIENTED_EDGE ( 'NONE', *, *, #8988, .T. ) ;
#4593 = ORIENTED_EDGE ( 'NONE', *, *, #405, .T. ) ;
#4594 = DIRECTION ( 'NONE',  ( -0.0000000000000000000, -1.000000000000000000, -0.0000000000000000000 ) ) ;
#4595 = CARTESIAN_POINT ( 'NONE',  ( 0.0000000000000000000, 4.751000000000000334, 0.0000000000000000000 ) ) ;
#4596 = EDGE_CURVE ( 'NONE', #6920, #3671, #1528, .T. ) ;
#4598 = VECTOR ( 'NONE', #10525, 1000.000000000000000 ) ;
#4597 = FILL_AREA_STYLE_COLOUR ( '', #3968 ) ;
#4599 = AXIS2_PLACEMENT_3D ( 'NONE', #10911, #7270, #9857 ) ;
#4600 = EDGE_CURVE ( 'NONE', #1110, #3923, #6187, .T. ) ;
#4601 = SURFACE_STYLE_USAGE ( .BOTH. , #1890 ) ;
#4602 = CARTESIAN_POINT ( 'NONE',  ( 4.951747182100116440, 4.751000000000000334, 1.615812272547964223 ) ) ;
#4603 = VERTEX_POINT ( 'NONE', #8011 ) ;
#4604 = DIRECTION ( 'NONE',  ( -0.9999748501857348426, -0.0000000000000000000, -0.007092178509963925452 ) ) ;
#4605 = DIRECTION ( 'NONE',  ( -0.0000000000000000000, -1.000000000000000000, -0.0000000000000000000 ) ) ;
#4606 = DIRECTION ( 'NONE',  ( 0.9999748501857348426, -0.0000000000000000000, 0.007092178509961323367 ) ) ;
#4607 =( GEOMETRIC_REPRESENTATION_CONTEXT ( 3 ) GLOBAL_UNCERTAINTY_ASSIGNED_CONTEXT ( ( #5424 ) ) GLOBAL_UNIT_ASSIGNED_CONTEXT ( ( #9995, #4231, #11838 ) ) REPRESENTATION_CONTEXT ( 'NONE', 'WORKASPACE' ) );
#4608 = EDGE_LOOP ( 'NONE', ( #561, #8986, #4359, #3436 ) ) ;
#4609 = AXIS2_PLACEMENT_3D ( 'NONE', #7383, #9332, #9381 ) ;
#4610 = CARTESIAN_POINT ( 'NONE',  ( 3.913008070351545520, 4.751000000000000334, 2.036576253518942892 ) ) ;
#4611 = DIRECTION ( 'NONE',  ( -0.0000000000000000000, -1.000000000000000000, -0.0000000000000000000 ) ) ;
#4612 = CARTESIAN_POINT ( 'NONE',  ( 4.798004064616037567, 4.751000000000000334, 2.603296572898962769 ) ) ;
#4613 = DIRECTION ( 'NONE',  ( -0.9332416532319373070, 0.0000000000000000000, 0.3592492403233727427 ) ) ;
#4614 = DIRECTION ( 'NONE',  ( -0.0000000000000000000, -1.000000000000000000, -0.0000000000000000000 ) ) ;
#4615 = CARTESIAN_POINT ( 'NONE',  ( 4.702253913058890511, 4.751000000000000334, 1.901283125666817009 ) ) ;
#4616 = SURFACE_SIDE_STYLE ('',( #9257 ) ) ;
#4617 = EDGE_LOOP ( 'NONE', ( #5953, #7051, #41, #969 ) ) ;
#4618 = AXIS2_PLACEMENT_3D ( 'NONE', #786, #4552, #8267 ) ;
#4619 = CARTESIAN_POINT ( 'NONE',  ( 4.677886618691644571, 4.750000000000000000, 1.671837917414463970 ) ) ;
#4620 = FILL_AREA_STYLE ('',( #2660 ) ) ;
#4621 =( NAMED_UNIT ( * ) PLANE_ANGLE_UNIT ( ) SI_UNIT ( $, .RADIAN. ) );
#4622 = CARTESIAN_POINT ( 'NONE',  ( 5.942858560643561106, 4.751000000000000334, 1.771270763671490389 ) ) ;
#4623 = ORIENTED_EDGE ( 'NONE', *, *, #4225, .F. ) ;
#4624 =( LENGTH_UNIT ( ) NAMED_UNIT ( * ) SI_UNIT ( .MILLI., .METRE. ) );
#4625 = CARTESIAN_POINT ( 'NONE',  ( 5.960080507932782545, 4.751000000000000334, 1.725382462917125492 ) ) ;
#4626 = MECHANICAL_DESIGN_GEOMETRIC_PRESENTATION_REPRESENTATION (  '', ( #2067 ), #295 ) ;
#4627 =( LENGTH_UNIT ( ) NAMED_UNIT ( * ) SI_UNIT ( .MILLI., .METRE. ) );
#4628 = ORIENTED_EDGE ( 'NONE', *, *, #5636, .F. ) ;
#4629 = SURFACE_STYLE_USAGE ( .BOTH. , #9273 ) ;
#4630 = B_SPLINE_SURFACE_WITH_KNOTS ( 'NONE', 3, 1, ( 
 ( #2412, #11919 ),
 ( #10258, #5421 ),
 ( #5601, #7426 ),
 ( #9135, #3524 ) ),
 .UNSPECIFIED., .F., .F., .F.,
 ( 4, 4 ),
 ( 2, 2 ),
 ( 1.000000000000000000, 2.000000000000000000 ),
 ( 0.0000000000000000000, 1.000000000000000000 ),
 .UNSPECIFIED. ) ;
#4631 = COLOUR_RGB ( '',0.0000000000000000000, 0.0000000000000000000, 0.0000000000000000000 ) ;
#4632 = EDGE_CURVE ( 'NONE', #1461, #8162, #2184, .T. ) ;
#4633 = DIRECTION ( 'NONE',  ( -0.0000000000000000000, -1.000000000000000000, -0.0000000000000000000 ) ) ;
#4634 = FACE_OUTER_BOUND ( 'NONE', #4956, .T. ) ;
#4635 = AXIS2_PLACEMENT_3D ( 'NONE', #5468, #12025, #4664 ) ;
#4636 =( NAMED_UNIT ( * ) SI_UNIT ( $, .STERADIAN. ) SOLID_ANGLE_UNIT ( ) );
#4637 = VECTOR ( 'NONE', #4614, 1000.000000000000000 ) ;
#4638 = CARTESIAN_POINT ( 'NONE',  ( 4.433603965366805788, 4.750000000000000000, 2.120591824551476101 ) ) ;
#4639 = ORIENTED_EDGE ( 'NONE', *, *, #1112, .T. ) ;
#4640 = FACE_OUTER_BOUND ( 'NONE', #4436, .T. ) ;
#4641 = DIRECTION ( 'NONE',  ( -0.9999748501857348426, -0.0000000000000000000, -0.007092178509964782405 ) ) ;
#4642 = DIRECTION ( 'NONE',  ( -0.0000000000000000000, -1.000000000000000000, -0.0000000000000000000 ) ) ;
#4643 = CARTESIAN_POINT ( 'NONE',  ( 6.772620466632170988, 4.750000000000000000, 2.133071390992519412 ) ) ;
#4644 = ORIENTED_EDGE ( 'NONE', *, *, #10034, .T. ) ;
#4645 = FILL_AREA_STYLE ('',( #1816 ) ) ;
#4646 = MECHANICAL_DESIGN_GEOMETRIC_PRESENTATION_REPRESENTATION (  '', ( #3867 ), #4456 ) ;
#4647 = FACE_OUTER_BOUND ( 'NONE', #5237, .T. ) ;
#4648 = EDGE_CURVE ( 'NONE', #10084, #10822, #3375, .T. ) ;
#4649 = PRESENTATION_LAYER_ASSIGNMENT (  '', '', ( #9938 ) ) ;
#4650 = LINE ( 'NONE', #10171, #1387 ) ;
#4651 = ORIENTED_EDGE ( 'NONE', *, *, #10363, .T. ) ;
#4652 = UNCERTAINTY_MEASURE_WITH_UNIT (LENGTH_MEASURE( 1.000000000000000082E-05 ), #11288, 'distance_accuracy_value', 'NONE');
#4653 = ORIENTED_EDGE ( 'NONE', *, *, #1731, .T. ) ;
#4654 = DIRECTION ( 'NONE',  ( 0.007092178509965066033, 0.0000000000000000000, -0.9999748501857348426 ) ) ;
#4655 = CARTESIAN_POINT ( 'NONE',  ( 7.427477186061907766, 4.751000000000000334, 2.058184615345579171 ) ) ;
#4656 = VECTOR ( 'NONE', #2001, 1000.000000000000000 ) ;
#4657 = FILL_AREA_STYLE_COLOUR ( '', #1910 ) ;
#4658 =( NAMED_UNIT ( * ) SI_UNIT ( $, .STERADIAN. ) SOLID_ANGLE_UNIT ( ) );
#4659 = EDGE_LOOP ( 'NONE', ( #7903, #1401, #6733, #1982 ) ) ;
#4660 = LINE ( 'NONE', #7580, #3839 ) ;
#4661 = SURFACE_STYLE_USAGE ( .BOTH. , #895 ) ;
#4662 = LINE ( 'NONE', #11045, #2813 ) ;
#4663 = ADVANCED_FACE ( 'NONE', ( #10670 ), #8065, .F. ) ;
#4664 = DIRECTION ( 'NONE',  ( -0.9999748501857348426, 0.0000000000000000000, -0.007092178509965551755 ) ) ;
#4665 = ADVANCED_FACE ( 'NONE', ( #4104 ), #2963, .F. ) ;
#4666 = LINE ( 'NONE', #666, #4124 ) ;
#4667 = EDGE_LOOP ( 'NONE', ( #1171, #4623, #9734, #5672 ) ) ;
#4668 = MECHANICAL_DESIGN_GEOMETRIC_PRESENTATION_REPRESENTATION (  '', ( #9549 ), #5453 ) ;
#4669 = DIRECTION ( 'NONE',  ( -0.0000000000000000000, -1.000000000000000000, -0.0000000000000000000 ) ) ;
#4670 = MECHANICAL_DESIGN_GEOMETRIC_PRESENTATION_REPRESENTATION (  '', ( #11324 ), #10947 ) ;
#4671 = CARTESIAN_POINT ( 'NONE',  ( 5.417415157114687574, 4.751000000000000334, 1.912594008837416704 ) ) ;
#4672 =( NAMED_UNIT ( * ) SI_UNIT ( $, .STERADIAN. ) SOLID_ANGLE_UNIT ( ) );
#4673 = FILL_AREA_STYLE_COLOUR ( '', #7749 ) ;
#4674 = CARTESIAN_POINT ( 'NONE',  ( 5.548873985797055042, 4.751000000000000334, 1.611469090392399384 ) ) ;
#4675 = ORIENTED_EDGE ( 'NONE', *, *, #4600, .T. ) ;
#4676 = DIRECTION ( 'NONE',  ( -0.0000000000000000000, -1.000000000000000000, -0.0000000000000000000 ) ) ;
#4677 = UNCERTAINTY_MEASURE_WITH_UNIT (LENGTH_MEASURE( 1.000000000000000082E-05 ), #6643, 'distance_accuracy_value', 'NONE');
#4678 = CARTESIAN_POINT ( 'NONE',  ( 4.923604166927503023, 4.751000000000000334, 2.908324213156613602 ) ) ;
#4679 = SURFACE_SIDE_STYLE ('',( #107 ) ) ;
#4680 = FILL_AREA_STYLE_COLOUR ( '', #4188 ) ;
#4681 = EDGE_LOOP ( 'NONE', ( #4409, #12104, #517, #3615 ) ) ;
#4682 = PRESENTATION_STYLE_ASSIGNMENT (( #1791 ) ) ;
#4683 = CARTESIAN_POINT ( 'NONE',  ( 4.017731595656384158, 4.750000000000000000, 1.748259019593764618 ) ) ;
#4684 = FACE_OUTER_BOUND ( 'NONE', #1374, .T. ) ;
#4685 = FACE_BOUND ( 'NONE', #10433, .T. ) ;
#4686 = ORIENTED_EDGE ( 'NONE', *, *, #11081, .T. ) ;
#4687 =( NAMED_UNIT ( * ) PLANE_ANGLE_UNIT ( ) SI_UNIT ( $, .RADIAN. ) );
#4688 = CARTESIAN_POINT ( 'NONE',  ( 6.086354472402111249, 4.751000000000000334, 1.623859312371049191 ) ) ;
#4689 = SURFACE_STYLE_FILL_AREA ( #4752 ) ;
#4690 = SURFACE_STYLE_FILL_AREA ( #8405 ) ;
#4691 = EDGE_LOOP ( 'NONE', ( #5088, #2175, #626, #2938 ) ) ;
#4692 = CARTESIAN_POINT ( 'NONE',  ( 4.686673580517120463, 4.750000000000000000, 2.063898830827285202 ) ) ;
#4693 = EDGE_CURVE ( 'NONE', #11312, #1807, #7217, .T. ) ;
#4694 = CARTESIAN_POINT ( 'NONE',  ( 7.112316406945546454, 4.751000000000000334, 1.640217546555912564 ) ) ;
#4695 = AXIS2_PLACEMENT_3D ( 'NONE', #3336, #6207, #9822 ) ;
#4696 =( NAMED_UNIT ( * ) PLANE_ANGLE_UNIT ( ) SI_UNIT ( $, .RADIAN. ) );
#4697 = SURFACE_STYLE_USAGE ( .BOTH. , #934 ) ;
#4698 = VERTEX_POINT ( 'NONE', #2506 ) ;
#4699 = B_SPLINE_CURVE_WITH_KNOTS ( 'NONE', 3,
 ( #9147, #8965, #4507, #12047 ),
 .UNSPECIFIED., .F., .F.,
 ( 4, 4 ),
 ( 12.00000000000000000, 13.00000000000000000 ),
 .UNSPECIFIED. ) ;
#4700 = FILL_AREA_STYLE ('',( #2560 ) ) ;
#4701 = SURFACE_STYLE_USAGE ( .BOTH. , #12119 ) ;
#4702 = LINE ( 'NONE', #8416, #5720 ) ;
#4703 = VERTEX_POINT ( 'NONE', #9985 ) ;
#4704 = CARTESIAN_POINT ( 'NONE',  ( 8.375754339411152216, 4.751000000000000334, 1.898617276798059805 ) ) ;
#4705 = COLOUR_RGB ( '',0.0000000000000000000, 0.0000000000000000000, 0.0000000000000000000 ) ;
#4706 = ORIENTED_EDGE ( 'NONE', *, *, #11119, .T. ) ;
#4707 =( LENGTH_UNIT ( ) NAMED_UNIT ( * ) SI_UNIT ( .MILLI., .METRE. ) );
#4708 = CARTESIAN_POINT ( 'NONE',  ( 4.921845531079022784, 4.751000000000000334, 2.533209638221726845 ) ) ;
#4709 = EDGE_CURVE ( 'NONE', #849, #1304, #3870, .T. ) ;
#4710 = CARTESIAN_POINT ( 'NONE',  ( 5.269571445656204389, 4.750000000000000000, 1.518507071263895503 ) ) ;
#4711 = VERTEX_POINT ( 'NONE', #6475 ) ;
#4712 = STYLED_ITEM ( 'NONE', ( #4478 ), #822 ) ;
#4713 = FACE_OUTER_BOUND ( 'NONE', #1119, .T. ) ;
#4714 = DIRECTION ( 'NONE',  ( 0.3492990578015341407, -0.0000000000000000000, 0.9370112956730887177 ) ) ;
#4715 =( LENGTH_UNIT ( ) NAMED_UNIT ( * ) SI_UNIT ( .MILLI., .METRE. ) );
#4716 = PRESENTATION_LAYER_ASSIGNMENT (  '', '', ( #774 ) ) ;
#4717 = SURFACE_STYLE_FILL_AREA ( #11463 ) ;
#4718 = FILL_AREA_STYLE ('',( #2882 ) ) ;
#4719 = EDGE_LOOP ( 'NONE', ( #8821, #531, #246, #5207 ) ) ;
#4720 = CARTESIAN_POINT ( 'NONE',  ( 5.007038959926687127, 4.751000000000000334, 2.872783466166893618 ) ) ;
#4721 = VECTOR ( 'NONE', #5075, 1000.000000000000114 ) ;
#4722 = ADVANCED_FACE ( 'NONE', ( #11143 ), #11028, .T. ) ;
#4723 =( NAMED_UNIT ( * ) PLANE_ANGLE_UNIT ( ) SI_UNIT ( $, .RADIAN. ) );
#4724 = EDGE_CURVE ( 'NONE', #5627, #6596, #1667, .T. ) ;
#4725 = B_SPLINE_SURFACE_WITH_KNOTS ( 'NONE', 3, 1, ( 
 ( #4411, #10737 ),
 ( #3503, #6018 ),
 ( #1406, #7172 ),
 ( #2510, #6191 ) ),
 .UNSPECIFIED., .F., .F., .F.,
 ( 4, 4 ),
 ( 2, 2 ),
 ( 5.000000000000000000, 6.000000000000000000 ),
 ( 0.0000000000000000000, 1.000000000000000000 ),
 .UNSPECIFIED. ) ;
#4726 = DIRECTION ( 'NONE',  ( -0.0000000000000000000, -1.000000000000000000, -0.0000000000000000000 ) ) ;
#4727 = FILL_AREA_STYLE ('',( #11352 ) ) ;
#4728 = PRESENTATION_STYLE_ASSIGNMENT (( #218 ) ) ;
#4729 = STYLED_ITEM ( 'NONE', ( #5100 ), #2100 ) ;
#4730 = FACE_OUTER_BOUND ( 'NONE', #5393, .T. ) ;
#4731 =( LENGTH_UNIT ( ) NAMED_UNIT ( * ) SI_UNIT ( .MILLI., .METRE. ) );
#4732 = COLOUR_RGB ( '',0.0000000000000000000, 0.0000000000000000000, 0.0000000000000000000 ) ;
#4733 =( LENGTH_UNIT ( ) NAMED_UNIT ( * ) SI_UNIT ( .MILLI., .METRE. ) );
#4734 = ORIENTED_EDGE ( 'NONE', *, *, #5635, .F. ) ;
#4735 = CARTESIAN_POINT ( 'NONE',  ( 8.641435026956958865, 4.751000000000000334, 1.647447597840791644 ) ) ;
#4736 = MECHANICAL_DESIGN_GEOMETRIC_PRESENTATION_REPRESENTATION (  '', ( #10619 ), #11013 ) ;
#4737 =( LENGTH_UNIT ( ) NAMED_UNIT ( * ) SI_UNIT ( .MILLI., .METRE. ) );
#4738 = EDGE_CURVE ( 'NONE', #5678, #9773, #11044, .T. ) ;
#4739 = PRESENTATION_STYLE_ASSIGNMENT (( #231 ) ) ;
#4740 = ORIENTED_EDGE ( 'NONE', *, *, #2865, .F. ) ;
#4741 = LINE ( 'NONE', #111, #3761 ) ;
#4742 = LINE ( 'NONE', #5611, #6744 ) ;
#4743 = EDGE_CURVE ( 'NONE', #4982, #11567, #6422, .T. ) ;
#4744 = DIRECTION ( 'NONE',  ( -0.9999748501857348426, -0.0000000000000000000, -0.007092178509964204743 ) ) ;
#4745 = DIRECTION ( 'NONE',  ( 0.007092178509781887040, 0.0000000000000000000, -0.9999748501857361749 ) ) ;
#4746 = ORIENTED_EDGE ( 'NONE', *, *, #9362, .T. ) ;
#4747 = LINE ( 'NONE', #8032, #3845 ) ;
#4748 = VECTOR ( 'NONE', #5579, 1000.000000000000114 ) ;
#4749 = VECTOR ( 'NONE', #6997, 1000.000000000000000 ) ;
#4750 = CARTESIAN_POINT ( 'NONE',  ( 5.017794057246313777, 4.751000000000000334, 1.979425285848563476 ) ) ;
#4751 = ORIENTED_EDGE ( 'NONE', *, *, #6889, .T. ) ;
#4752 = FILL_AREA_STYLE ('',( #8403 ) ) ;
#4753 = PLANE ( 'NONE',  #9212 ) ;
#4754 = CARTESIAN_POINT ( 'NONE',  ( 5.188910170230661478, 4.750000000000000000, 1.694438338033092073 ) ) ;
#4755 = ORIENTED_EDGE ( 'NONE', *, *, #9912, .T. ) ;
#4756 = SURFACE_SIDE_STYLE ('',( #5679 ) ) ;
#4757 =( GEOMETRIC_REPRESENTATION_CONTEXT ( 3 ) GLOBAL_UNCERTAINTY_ASSIGNED_CONTEXT ( ( #7361 ) ) GLOBAL_UNIT_ASSIGNED_CONTEXT ( ( #3087, #8697, #4065 ) ) REPRESENTATION_CONTEXT ( 'NONE', 'WORKASPACE' ) );
#4758 = COLOUR_RGB ( '',0.0000000000000000000, 0.0000000000000000000, 0.0000000000000000000 ) ;
#4759 = COLOUR_RGB ( '',0.0000000000000000000, 0.0000000000000000000, 0.0000000000000000000 ) ;
#4760 = FACE_OUTER_BOUND ( 'NONE', #12028, .T. ) ;
#4761 = CARTESIAN_POINT ( 'NONE',  ( 4.926883819583915525, 4.750000000000000000, 2.445903509962146671 ) ) ;
#4762 = EDGE_LOOP ( 'NONE', ( #10856, #7804, #1697, #642 ) ) ;
#4763 = CARTESIAN_POINT ( 'NONE',  ( 4.140106571802283142, 4.750000000000000000, 1.610055827680276774 ) ) ;
#4764 = FILL_AREA_STYLE_COLOUR ( '', #4705 ) ;
#4765 = MECHANICAL_DESIGN_GEOMETRIC_PRESENTATION_REPRESENTATION (  '', ( #8456 ), #5580 ) ;
#4766 = DIRECTION ( 'NONE',  ( 0.9999748501857348426, -0.0000000000000000000, 0.007092178509965384355 ) ) ;
#4767 = VERTEX_POINT ( 'NONE', #1755 ) ;
#4768 = UNCERTAINTY_MEASURE_WITH_UNIT (LENGTH_MEASURE( 1.000000000000000082E-05 ), #6067, 'distance_accuracy_value', 'NONE');
#4769 = SURFACE_SIDE_STYLE ('',( #1005 ) ) ;
#4770 =( GEOMETRIC_REPRESENTATION_CONTEXT ( 3 ) GLOBAL_UNCERTAINTY_ASSIGNED_CONTEXT ( ( #8540 ) ) GLOBAL_UNIT_ASSIGNED_CONTEXT ( ( #9643, #11374, #10391 ) ) REPRESENTATION_CONTEXT ( 'NONE', 'WORKASPACE' ) );
#4771 = COLOUR_RGB ( '',0.0000000000000000000, 0.0000000000000000000, 0.0000000000000000000 ) ;
#4772 = EDGE_LOOP ( 'NONE', ( #3907, #3727, #6273, #10687 ) ) ;
#4773 = FACE_OUTER_BOUND ( 'NONE', #10949, .T. ) ;
#4774 = SURFACE_STYLE_USAGE ( .BOTH. , #138 ) ;
#4775 = CARTESIAN_POINT ( 'NONE',  ( 6.094315529567612799, 4.751000000000000334, 2.132370183641892236 ) ) ;
#4776 = SURFACE_STYLE_USAGE ( .BOTH. , #2119 ) ;
#4777 = ORIENTED_EDGE ( 'NONE', *, *, #10748, .T. ) ;
#4779 = SURFACE_SIDE_STYLE ('',( #1080 ) ) ;
#4778 = MECHANICAL_DESIGN_GEOMETRIC_PRESENTATION_REPRESENTATION (  '', ( #3807 ), #2636 ) ;
#4780 = CARTESIAN_POINT ( 'NONE',  ( 4.866920396687878458, 4.750000000000000000, 2.617302544986444435 ) ) ;
#4781 = FACE_OUTER_BOUND ( 'NONE', #9925, .T. ) ;
#4782 = ORIENTED_EDGE ( 'NONE', *, *, #10716, .F. ) ;
#4783 = EDGE_CURVE ( 'NONE', #3737, #11299, #11375, .T. ) ;
#4784 = VECTOR ( 'NONE', #1767, 1000.000000000000000 ) ;
#4785 = EDGE_CURVE ( 'NONE', #11064, #118, #10605, .T. ) ;
#4786 =( NAMED_UNIT ( * ) PLANE_ANGLE_UNIT ( ) SI_UNIT ( $, .RADIAN. ) );
#4787 = CARTESIAN_POINT ( 'NONE',  ( 4.436618090650972235, 4.750000000000000000, 2.062125348052995299 ) ) ;
#4788 =( NAMED_UNIT ( * ) SI_UNIT ( $, .STERADIAN. ) SOLID_ANGLE_UNIT ( ) );
#4789 = TOROIDAL_SURFACE ( 'NONE', #1050, 1.000000000000000888, 0.3399999999999997469 ) ;
#4790 = VECTOR ( 'NONE', #4153, 1000.000000000000114 ) ;
#4791 =( LENGTH_UNIT ( ) NAMED_UNIT ( * ) SI_UNIT ( .MILLI., .METRE. ) );
#4792 = COLOUR_RGB ( '',0.0000000000000000000, 0.0000000000000000000, 0.0000000000000000000 ) ;
#4793 = CARTESIAN_POINT ( 'NONE',  ( 5.939249735068117708, 4.751000000000000334, 2.921506292374504987 ) ) ;
#4794 = ORIENTED_EDGE ( 'NONE', *, *, #7935, .F. ) ;
#4795 = EDGE_CURVE ( 'NONE', #9859, #7427, #4650, .T. ) ;
#4796 = ADVANCED_FACE ( 'NONE', ( #5511 ), #10230, .F. ) ;
#4797 = DIRECTION ( 'NONE',  ( 0.3349296977015606691, 0.0000000000000000000, 0.9422431202176756448 ) ) ;
#4798 = VECTOR ( 'NONE', #4797, 1000.000000000000114 ) ;
#4799 = UNCERTAINTY_MEASURE_WITH_UNIT (LENGTH_MEASURE( 1.000000000000000082E-05 ), #3981, 'distance_accuracy_value', 'NONE');
#4800 = FACE_OUTER_BOUND ( 'NONE', #9831, .T. ) ;
#4801 = CARTESIAN_POINT ( 'NONE',  ( 5.504074232833599645, 4.751000000000000334, 1.825606818309852608 ) ) ;
#4802 =( GEOMETRIC_REPRESENTATION_CONTEXT ( 3 ) GLOBAL_UNCERTAINTY_ASSIGNED_CONTEXT ( ( #2324 ) ) GLOBAL_UNIT_ASSIGNED_CONTEXT ( ( #5046, #11792, #4183 ) ) REPRESENTATION_CONTEXT ( 'NONE', 'WORKASPACE' ) );
#4803 = CARTESIAN_POINT ( 'NONE',  ( 5.865491657165016193, 4.750000000000000000, 1.665963805263412478 ) ) ;
#4804 = EDGE_LOOP ( 'NONE', ( #3866, #2200, #10396, #1060 ) ) ;
#4805 =( NAMED_UNIT ( * ) PLANE_ANGLE_UNIT ( ) SI_UNIT ( $, .RADIAN. ) );
#4806 = CARTESIAN_POINT ( 'NONE',  ( 8.024367669542975534, 4.751000000000000334, 2.000962016688119238 ) ) ;
#4807 =( LENGTH_UNIT ( ) NAMED_UNIT ( * ) SI_UNIT ( .MILLI., .METRE. ) );
#4808 = CARTESIAN_POINT ( 'NONE',  ( 4.992944582177305080, 4.750000000000000000, 2.422716948948281601 ) ) ;
#4809 = ORIENTED_EDGE ( 'NONE', *, *, #9681, .T. ) ;
#4810 =( GEOMETRIC_REPRESENTATION_CONTEXT ( 3 ) GLOBAL_UNCERTAINTY_ASSIGNED_CONTEXT ( ( #9834 ) ) GLOBAL_UNIT_ASSIGNED_CONTEXT ( ( #11042, #10985, #721 ) ) REPRESENTATION_CONTEXT ( 'NONE', 'WORKASPACE' ) );
#4811 = EDGE_CURVE ( 'NONE', #4470, #8730, #11386, .T. ) ;
#4812 = EDGE_CURVE ( 'NONE', #3348, #9003, #9473, .T. ) ;
#4813 = ORIENTED_EDGE ( 'NONE', *, *, #2707, .T. ) ;
#4814 =( NAMED_UNIT ( * ) PLANE_ANGLE_UNIT ( ) SI_UNIT ( $, .RADIAN. ) );
#4815 = FILL_AREA_STYLE_COLOUR ( '', #5154 ) ;
#4816 = ORIENTED_EDGE ( 'NONE', *, *, #10124, .T. ) ;
#4817 = FILL_AREA_STYLE ('',( #5926 ) ) ;
#4818 = PRESENTATION_LAYER_ASSIGNMENT (  '', '', ( #10116 ) ) ;
#4819 = UNCERTAINTY_MEASURE_WITH_UNIT (LENGTH_MEASURE( 1.000000000000000082E-05 ), #2579, 'distance_accuracy_value', 'NONE');
#4820 = STYLED_ITEM ( 'NONE', ( #1948 ), #9606 ) ;
#4821 = EDGE_CURVE ( 'NONE', #8022, #10989, #8538, .T. ) ;
#4822 = DIRECTION ( 'NONE',  ( -0.0000000000000000000, -1.000000000000000000, -0.0000000000000000000 ) ) ;
#4823 = FILL_AREA_STYLE_COLOUR ( '', #2849 ) ;
#4824 = ORIENTED_EDGE ( 'NONE', *, *, #9907, .F. ) ;
#4825 = CARTESIAN_POINT ( 'NONE',  ( 4.866920396687878458, 4.750000000000000000, 2.617302544986444435 ) ) ;
#4826 = FILL_AREA_STYLE ('',( #9471 ) ) ;
#4827 = VECTOR ( 'NONE', #8689, 1000.000000000000114 ) ;
#4828 = ORIENTED_EDGE ( 'NONE', *, *, #4485, .T. ) ;
#4829 = B_SPLINE_SURFACE_WITH_KNOTS ( 'NONE', 3, 1, ( 
 ( #8460, #8708 ),
 ( #3028, #8517 ),
 ( #11495, #6694 ),
 ( #5851, #10569 ) ),
 .UNSPECIFIED., .F., .F., .F.,
 ( 4, 4 ),
 ( 2, 2 ),
 ( 2.000000000000000000, 3.000000000000000000 ),
 ( 0.0000000000000000000, 1.000000000000000000 ),
 .UNSPECIFIED. ) ;
#4830 = VECTOR ( 'NONE', #7060, 1000.000000000000000 ) ;
#4831 =( LENGTH_UNIT ( ) NAMED_UNIT ( * ) SI_UNIT ( .MILLI., .METRE. ) );
#4832 = VERTEX_POINT ( 'NONE', #1188 ) ;
#4833 = CARTESIAN_POINT ( 'NONE',  ( 5.954195151803697961, 4.750000000000000000, 1.693887253854797326 ) ) ;
#4834 = PRESENTATION_STYLE_ASSIGNMENT (( #1072 ) ) ;
#4835 = FILL_AREA_STYLE ('',( #7691 ) ) ;
#4836 = CARTESIAN_POINT ( 'NONE',  ( 8.762212773991592485, 4.750000000000000000, 1.948354122188889592 ) ) ;
#4837 = B_SPLINE_CURVE_WITH_KNOTS ( 'NONE', 3,
 ( #8027, #4365, #5478, #11854 ),
 .UNSPECIFIED., .F., .F.,
 ( 4, 4 ),
 ( 19.00000000000000000, 20.00000000000000000 ),
 .UNSPECIFIED. ) ;
#4838 = ORIENTED_EDGE ( 'NONE', *, *, #12083, .F. ) ;
#4839 = VECTOR ( 'NONE', #5693, 1000.000000000000000 ) ;
#4840 = CARTESIAN_POINT ( 'NONE',  ( 4.166460228167889746, 4.751000000000000334, 1.870968591937121506 ) ) ;
#4841 = DIRECTION ( 'NONE',  ( 0.9999748501857346206, -0.0000000000000000000, 0.007092178509992796455 ) ) ;
#4842 = CARTESIAN_POINT ( 'NONE',  ( 7.935457179296720120, 4.751000000000000334, 1.794273050044952633 ) ) ;
#4843 = SURFACE_STYLE_FILL_AREA ( #3865 ) ;
#4844 = VERTEX_POINT ( 'NONE', #5815 ) ;
#4845 = MECHANICAL_DESIGN_GEOMETRIC_PRESENTATION_REPRESENTATION (  '', ( #8534 ), #11115 ) ;
#4846 = VERTEX_POINT ( 'NONE', #4943 ) ;
#4847 = LINE ( 'NONE', #8497, #5941 ) ;
#4848 = VECTOR ( 'NONE', #2575, 1000.000000000000114 ) ;
#4849 = CARTESIAN_POINT ( 'NONE',  ( 5.987963358095000466, 4.750000000000000000, 1.898964211162375681 ) ) ;
#4850 = SURFACE_STYLE_USAGE ( .BOTH. , #12091 ) ;
#4851 = DIRECTION ( 'NONE',  ( -0.007092178509963425852, 0.0000000000000000000, 0.9999748501857348426 ) ) ;
#4852 = EDGE_CURVE ( 'NONE', #4201, #9892, #7517, .T. ) ;
#4853 = CARTESIAN_POINT ( 'NONE',  ( 7.808526143341535608, 4.751000000000000334, 2.870660180011683327 ) ) ;
#4854 = STYLED_ITEM ( 'NONE', ( #1143 ), #11773 ) ;
#4855 = DIRECTION ( 'NONE',  ( -0.9999748501857348426, 0.0000000000000000000, -0.007092178509965221291 ) ) ;
#4856 = CARTESIAN_POINT ( 'NONE',  ( 7.935559731679295403, 4.751000000000000334, 1.779813486843429882 ) ) ;
#4857 = FILL_AREA_STYLE_COLOUR ( '', #5619 ) ;
#4858 = VECTOR ( 'NONE', #7032, 1000.000000000000114 ) ;
#4859 = FACE_BOUND ( 'NONE', #2883, .T. ) ;
#4860 = ORIENTED_EDGE ( 'NONE', *, *, #2317, .T. ) ;
#4861 = DIRECTION ( 'NONE',  ( -0.0000000000000000000, -1.000000000000000000, -0.0000000000000000000 ) ) ;
#4862 = CARTESIAN_POINT ( 'NONE',  ( 5.515927921669627310, 4.751000000000000334, 1.766943089134374700 ) ) ;
#4863 =( LENGTH_UNIT ( ) NAMED_UNIT ( * ) SI_UNIT ( .MILLI., .METRE. ) );
#4864 = LINE ( 'NONE', #3089, #9871 ) ;
#4865 = ORIENTED_EDGE ( 'NONE', *, *, #2162, .F. ) ;
#4866 = CARTESIAN_POINT ( 'NONE',  ( 8.088897030104146069, 4.751000000000000334, 2.077335931467613417 ) ) ;
#4867 = SURFACE_SIDE_STYLE ('',( #1105 ) ) ;
#4868 = EDGE_CURVE ( 'NONE', #4216, #8982, #9865, .T. ) ;
#4869 = PLANE ( 'NONE',  #9742 ) ;
#4870 = CARTESIAN_POINT ( 'NONE',  ( 6.350477472386660160, 4.750000000000000000, 2.940799465296190629 ) ) ;
#4871 = EDGE_LOOP ( 'NONE', ( #9228, #7730, #9796, #11581, #10547, #9799, #930 ) ) ;
#4872 = ORIENTED_EDGE ( 'NONE', *, *, #8898, .F. ) ;
#4873 = LINE ( 'NONE', #990, #241 ) ;
#4874 = ORIENTED_EDGE ( 'NONE', *, *, #5091, .F. ) ;
#4875 = LINE ( 'NONE', #1928, #1598 ) ;
#4876 = EDGE_CURVE ( 'NONE', #5058, #1451, #7458, .T. ) ;
#4877 = EDGE_CURVE ( 'NONE', #1635, #2968, #7228, .T. ) ;
#4878 = CARTESIAN_POINT ( 'NONE',  ( 4.235485328940698402, 4.751000000000000334, 1.869638520470928267 ) ) ;
#4879 = EDGE_CURVE ( 'NONE', #8830, #6269, #2866, .T. ) ;
#4880 = DIRECTION ( 'NONE',  ( -0.0000000000000000000, -1.000000000000000000, -0.0000000000000000000 ) ) ;
#4881 = LINE ( 'NONE', #8585, #5988 ) ;
#4882 = ORIENTED_EDGE ( 'NONE', *, *, #785, .T. ) ;
#4883 = CARTESIAN_POINT ( 'NONE',  ( 6.288039254566196945, 4.751000000000000334, 2.489870184278021537 ) ) ;
#4884 =( NAMED_UNIT ( * ) PLANE_ANGLE_UNIT ( ) SI_UNIT ( $, .RADIAN. ) );
#4885 = SURFACE_SIDE_STYLE ('',( #1991 ) ) ;
#4886 = UNCERTAINTY_MEASURE_WITH_UNIT (LENGTH_MEASURE( 1.000000000000000082E-05 ), #11092, 'distance_accuracy_value', 'NONE');
#4887 = CARTESIAN_POINT ( 'NONE',  ( 8.301841673013029776, 4.751000000000000334, 1.616118361597241870 ) ) ;
#4888 = EDGE_LOOP ( 'NONE', ( #7818, #4924, #2102, #7553 ) ) ;
#4889 =( NAMED_UNIT ( * ) PLANE_ANGLE_UNIT ( ) SI_UNIT ( $, .RADIAN. ) );
#4890 = CARTESIAN_POINT ( 'NONE',  ( 5.988601053710414845, 4.751000000000000334, 2.871946674335578376 ) ) ;
#4891 = PRESENTATION_LAYER_ASSIGNMENT (  '', '', ( #5077 ) ) ;
#4892 = CARTESIAN_POINT ( 'NONE',  ( 7.110752489468366022, 4.751000000000000334, 1.860724989050378531 ) ) ;
#4893 = FACE_OUTER_BOUND ( 'NONE', #9392, .T. ) ;
#4894 = ORIENTED_EDGE ( 'NONE', *, *, #11216, .F. ) ;
#4895 = CARTESIAN_POINT ( 'NONE',  ( 4.866470573614145145, 4.750000000000000000, 2.680726182749451070 ) ) ;
#4896 = CARTESIAN_POINT ( 'NONE',  ( 8.434463805562756988, 4.751000000000000334, 2.795568265614454706 ) ) ;
#4897 = ORIENTED_EDGE ( 'NONE', *, *, #3120, .T. ) ;
#4898 = ORIENTED_EDGE ( 'NONE', *, *, #1705, .T. ) ;
#4899 =( GEOMETRIC_REPRESENTATION_CONTEXT ( 3 ) GLOBAL_UNCERTAINTY_ASSIGNED_CONTEXT ( ( #6749 ) ) GLOBAL_UNIT_ASSIGNED_CONTEXT ( ( #11542, #3875, #10496 ) ) REPRESENTATION_CONTEXT ( 'NONE', 'WORKASPACE' ) );
#4900 = DIRECTION ( 'NONE',  ( 0.9999748501857348426, -0.0000000000000000000, 0.007092178509971254659 ) ) ;
#4901 = DIRECTION ( 'NONE',  ( 0.9999748501857348426, -0.0000000000000000000, 0.007092178509962083176 ) ) ;
#4902 = PLANE ( 'NONE',  #197 ) ;
#4903 = CARTESIAN_POINT ( 'NONE',  ( -7.499999999999999112, -1.250000000000000222, 12.99999999999999822 ) ) ;
#4904 = CARTESIAN_POINT ( 'NONE',  ( 5.422269103503259302, 4.751000000000000334, 1.777976398121686508 ) ) ;
#4905 = FACE_OUTER_BOUND ( 'NONE', #6072, .T. ) ;
#4906 =( LENGTH_UNIT ( ) NAMED_UNIT ( * ) SI_UNIT ( .MILLI., .METRE. ) );
#4907 = SURFACE_STYLE_USAGE ( .BOTH. , #2949 ) ;
#4908 = VERTEX_POINT ( 'NONE', #9352 ) ;
#4909 = PRESENTATION_LAYER_ASSIGNMENT (  '', '', ( #8031 ) ) ;
#4910 = AXIS2_PLACEMENT_3D ( 'NONE', #3046, #5869, #6713 ) ;
#4911 = UNCERTAINTY_MEASURE_WITH_UNIT (LENGTH_MEASURE( 1.000000000000000082E-05 ), #4707, 'distance_accuracy_value', 'NONE');
#4912 = CARTESIAN_POINT ( 'NONE',  ( 5.893434448391693614, 4.751000000000000334, 1.666161985511055210 ) ) ;
#4913 = DIRECTION ( 'NONE',  ( -0.0000000000000000000, -1.000000000000000000, -0.0000000000000000000 ) ) ;
#4914 = ORIENTED_EDGE ( 'NONE', *, *, #2624, .F. ) ;
#4915 = CARTESIAN_POINT ( 'NONE',  ( 8.024367669542977310, 4.750000000000000000, 2.000962016688119238 ) ) ;
#4916 = FILL_AREA_STYLE ('',( #2209 ) ) ;
#4917 =( GEOMETRIC_REPRESENTATION_CONTEXT ( 3 ) GLOBAL_UNCERTAINTY_ASSIGNED_CONTEXT ( ( #11822 ) ) GLOBAL_UNIT_ASSIGNED_CONTEXT ( ( #10964, #11995, #4327 ) ) REPRESENTATION_CONTEXT ( 'NONE', 'WORKASPACE' ) );
#4918 =( NAMED_UNIT ( * ) SI_UNIT ( $, .STERADIAN. ) SOLID_ANGLE_UNIT ( ) );
#4919 = EDGE_LOOP ( 'NONE', ( #7898, #10484, #6239, #10324 ) ) ;
#4920 = PRESENTATION_STYLE_ASSIGNMENT (( #7667 ) ) ;
#4921 = B_SPLINE_SURFACE_WITH_KNOTS ( 'NONE', 3, 1, ( 
 ( #10787, #9983 ),
 ( #5267, #10852 ),
 ( #8983, #6244 ),
 ( #1524, #526 ) ),
 .UNSPECIFIED., .F., .F., .F.,
 ( 4, 4 ),
 ( 2, 2 ),
 ( 16.00000000000000000, 17.00000000000000000 ),
 ( 0.0000000000000000000, 1.000000000000000000 ),
 .UNSPECIFIED. ) ;
#4922 = FILL_AREA_STYLE_COLOUR ( '', #4151 ) ;
#4923 = COLOUR_RGB ( '',0.8823529411764705621, 0.8823529411764705621, 0.8823529411764705621 ) ;
#4924 = ORIENTED_EDGE ( 'NONE', *, *, #4485, .F. ) ;
#4925 = COLOUR_RGB ( '',0.0000000000000000000, 0.0000000000000000000, 0.0000000000000000000 ) ;
#4926 = EDGE_CURVE ( 'NONE', #11949, #9906, #134, .T. ) ;
#4927 = AXIS2_PLACEMENT_3D ( 'NONE', #7787, #9638, #3159 ) ;
#4928 = CARTESIAN_POINT ( 'NONE',  ( 5.752700836336341439, 4.751000000000000334, 2.945138038608785536 ) ) ;
#4929 = CARTESIAN_POINT ( 'NONE',  ( 6.024710714677333101, 4.750000000000000000, 1.720641923077660840 ) ) ;
#4930 = SURFACE_STYLE_FILL_AREA ( #3843 ) ;
#4931 = ORIENTED_EDGE ( 'NONE', *, *, #813, .T. ) ;
#4932 = DIRECTION ( 'NONE',  ( 0.9999748501857348426, -0.0000000000000000000, 0.007092178509963365136 ) ) ;
#4933 = FILL_AREA_STYLE ('',( #5927 ) ) ;
#4934 = SURFACE_SIDE_STYLE ('',( #4998 ) ) ;
#4935 =( NAMED_UNIT ( * ) SI_UNIT ( $, .STERADIAN. ) SOLID_ANGLE_UNIT ( ) );
#4936 = ORIENTED_EDGE ( 'NONE', *, *, #7442, .T. ) ;
#4937 = COLOUR_RGB ( '',0.0000000000000000000, 0.0000000000000000000, 0.0000000000000000000 ) ;
#4938 = PRESENTATION_LAYER_ASSIGNMENT (  '', '', ( #8628 ) ) ;
#4939 = CARTESIAN_POINT ( 'NONE',  ( 5.482928423974117393, 4.750000000000000000, 1.746693201634514692 ) ) ;
#4940 = COLOUR_RGB ( '',0.0000000000000000000, 0.0000000000000000000, 0.0000000000000000000 ) ;
#4941 = CARTESIAN_POINT ( 'NONE',  ( 5.213237750223846945, 4.750000000000000000, 2.424279346714607097 ) ) ;
#4942 = CARTESIAN_POINT ( 'NONE',  ( 6.086354472402111249, 4.751000000000000334, 1.623859312371049191 ) ) ;
#4943 = CARTESIAN_POINT ( 'NONE',  ( 8.299841908398944312, 4.751000000000000334, 1.898078878745585119 ) ) ;
#4944 = EDGE_CURVE ( 'NONE', #8989, #7873, #4702, .T. ) ;
#4945 = EDGE_CURVE ( 'NONE', #820, #5294, #5687, .T. ) ;
#4946 = CARTESIAN_POINT ( 'NONE',  ( 9.078424850482647912, 4.750000000000000000, 2.218111013886742811 ) ) ;
#4947 = VERTEX_POINT ( 'NONE', #7567 ) ;
#4948 = FILL_AREA_STYLE_COLOUR ( '', #5758 ) ;
#4949 = PRESENTATION_LAYER_ASSIGNMENT (  '', '', ( #10244 ) ) ;
#4950 = DIRECTION ( 'NONE',  ( -0.007092178509967096527, -0.0000000000000000000, 0.9999748501857348426 ) ) ;
#4951 = STYLED_ITEM ( 'NONE', ( #768 ), #6649 ) ;
#4952 = DIRECTION ( 'NONE',  ( 0.9999748501857341765, 0.0000000000000000000, 0.007092178510042681898 ) ) ;
#4953 = STYLED_ITEM ( 'NONE', ( #5707 ), #5700 ) ;
#4954 = VERTEX_POINT ( 'NONE', #6650 ) ;
#4955 = CARTESIAN_POINT ( 'NONE',  ( 5.603698580691133913, 4.751000000000000334, 1.963044994509220320 ) ) ;
#4956 = EDGE_LOOP ( 'NONE', ( #6381, #2586, #1568, #2071 ) ) ;
#4957 = DIRECTION ( 'NONE',  ( -1.000000000000000000, 0.0000000000000000000, 0.0000000000000000000 ) ) ;
#4958 =( NAMED_UNIT ( * ) SI_UNIT ( $, .STERADIAN. ) SOLID_ANGLE_UNIT ( ) );
#4959 = DIRECTION ( 'NONE',  ( -0.0000000000000000000, -1.000000000000000000, -0.0000000000000000000 ) ) ;
#4960 = B_SPLINE_CURVE_WITH_KNOTS ( 'NONE', 3,
 ( #4263, #8967, #11741, #10832 ),
 .UNSPECIFIED., .F., .F.,
 ( 4, 4 ),
 ( 33.00000000000000000, 34.00000000000000000 ),
 .UNSPECIFIED. ) ;
#4961 =( NAMED_UNIT ( * ) SI_UNIT ( $, .STERADIAN. ) SOLID_ANGLE_UNIT ( ) );
#4962 = ORIENTED_EDGE ( 'NONE', *, *, #565, .F. ) ;
#4963 = ADVANCED_FACE ( 'NONE', ( #10401 ), #7620, .T. ) ;
#4964 = EDGE_LOOP ( 'NONE', ( #7737, #90, #9717, #5997 ) ) ;
#4965 = EDGE_CURVE ( 'NONE', #5224, #4844, #11747, .T. ) ;
#4966 = FILL_AREA_STYLE_COLOUR ( '', #5130 ) ;
#4967 = MECHANICAL_DESIGN_GEOMETRIC_PRESENTATION_REPRESENTATION (  '', ( #3002 ), #1829 ) ;
#4968 = LINE ( 'NONE', #5028, #6996 ) ;
#4969 = CARTESIAN_POINT ( 'NONE',  ( 7.332772440236989375, 4.751000000000000334, 2.668457728513866645 ) ) ;
#4970 = EDGE_CURVE ( 'NONE', #9121, #11711, #9260, .T. ) ;
#4971 = CARTESIAN_POINT ( 'NONE',  ( 4.866020750540412720, 4.751000000000000334, 2.744149820512457705 ) ) ;
#4972 = PRESENTATION_STYLE_ASSIGNMENT (( #2134 ) ) ;
#4973 = LINE ( 'NONE', #10683, #11058 ) ;
#4974 = DIRECTION ( 'NONE',  ( 0.007092178509965224760, 0.0000000000000000000, -0.9999748501857348426 ) ) ;
#4975 = VECTOR ( 'NONE', #7353, 1000.000000000000000 ) ;
#4976 = ORIENTED_EDGE ( 'NONE', *, *, #10194, .F. ) ;
#4977 = STYLED_ITEM ( 'NONE', ( #5492 ), #11555 ) ;
#4978 = CARTESIAN_POINT ( 'NONE',  ( 6.024710714677333101, 4.751000000000000334, 1.720641923077660840 ) ) ;
#4979 = SURFACE_STYLE_USAGE ( .BOTH. , #11668 ) ;
#4980 = CARTESIAN_POINT ( 'NONE',  ( 5.994066292223217296, 4.750000000000000000, 1.643220614943113889 ) ) ;
#4981 = DIRECTION ( 'NONE',  ( 0.007092178509962024195, 0.0000000000000000000, -0.9999748501857348426 ) ) ;
#4982 = VERTEX_POINT ( 'NONE', #8722 ) ;
#4983 = CARTESIAN_POINT ( 'NONE',  ( 5.805748551469767094, 4.750000000000000000, 1.714669882987327254 ) ) ;
#4984 =( GEOMETRIC_REPRESENTATION_CONTEXT ( 3 ) GLOBAL_UNCERTAINTY_ASSIGNED_CONTEXT ( ( #10967 ) ) GLOBAL_UNIT_ASSIGNED_CONTEXT ( ( #4058, #284, #1092 ) ) REPRESENTATION_CONTEXT ( 'NONE', 'WORKASPACE' ) );
#4985 = CARTESIAN_POINT ( 'NONE',  ( 5.939249735068117708, 4.750000000000000000, 2.921506292374504987 ) ) ;
#4986 =( NAMED_UNIT ( * ) SI_UNIT ( $, .STERADIAN. ) SOLID_ANGLE_UNIT ( ) );
#4987 = COLOUR_RGB ( '',0.0000000000000000000, 0.0000000000000000000, 0.0000000000000000000 ) ;
#4988 = ORIENTED_EDGE ( 'NONE', *, *, #3100, .F. ) ;
#4989 =( NAMED_UNIT ( * ) PLANE_ANGLE_UNIT ( ) SI_UNIT ( $, .RADIAN. ) );
#4990 = ORIENTED_EDGE ( 'NONE', *, *, #965, .F. ) ;
#4991 = AXIS2_PLACEMENT_3D ( 'NONE', #3705, #4613, #5538 ) ;
#4992 =( LENGTH_UNIT ( ) NAMED_UNIT ( * ) SI_UNIT ( .MILLI., .METRE. ) );
#4993 = CARTESIAN_POINT ( 'NONE',  ( 5.987963358095001354, 4.751000000000000334, 1.898964211162375681 ) ) ;
#4994 = CARTESIAN_POINT ( 'NONE',  ( 4.678297727484437729, 4.750000000000000000, 1.613872871426799582 ) ) ;
#4995 = ORIENTED_EDGE ( 'NONE', *, *, #3314, .F. ) ;
#4996 = CARTESIAN_POINT ( 'NONE',  ( 5.645215970810377293, 4.750000000000000000, 1.863520180253583902 ) ) ;
#4997 = CARTESIAN_POINT ( 'NONE',  ( 8.159861601080121929, 4.750000000000000000, 1.756098738353367938 ) ) ;
#4998 = SURFACE_STYLE_FILL_AREA ( #10460 ) ;
#4999 = MECHANICAL_DESIGN_GEOMETRIC_PRESENTATION_REPRESENTATION (  '', ( #3040 ), #8121 ) ;
#5000 = ORIENTED_EDGE ( 'NONE', *, *, #11230, .T. ) ;
#5001 = ADVANCED_FACE ( 'NONE', ( #7082 ), #9314, .F. ) ;
#5002 = PRESENTATION_LAYER_ASSIGNMENT (  '', '', ( #6761 ) ) ;
#5003 = LINE ( 'NONE', #11445, #2309 ) ;
#5004 =( NAMED_UNIT ( * ) PLANE_ANGLE_UNIT ( ) SI_UNIT ( $, .RADIAN. ) );
#5005 = DIRECTION ( 'NONE',  ( -0.0000000000000000000, -1.000000000000000000, -0.0000000000000000000 ) ) ;
#5006 = CARTESIAN_POINT ( 'NONE',  ( 5.721231509315352071, 4.751000000000000334, 2.489229479681916324 ) ) ;
#5007 = CARTESIAN_POINT ( 'NONE',  ( 5.504074232833599645, 4.751000000000000334, 1.825606818309852608 ) ) ;
#5008 = ORIENTED_EDGE ( 'NONE', *, *, #6159, .T. ) ;
#5009 = PRESENTATION_STYLE_ASSIGNMENT (( #1071 ) ) ;
#5010 = SURFACE_STYLE_USAGE ( .BOTH. , #2370 ) ;
#5011 = MECHANICAL_DESIGN_GEOMETRIC_PRESENTATION_REPRESENTATION (  '', ( #4820 ), #7179 ) ;
#5012 = VERTEX_POINT ( 'NONE', #9722 ) ;
#5013 = SURFACE_STYLE_USAGE ( .BOTH. , #9664 ) ;
#5014 = CARTESIAN_POINT ( 'NONE',  ( 4.987519092845790425, 4.750000000000000000, 2.931132878053961832 ) ) ;
#5015 = CARTESIAN_POINT ( 'NONE',  ( 5.988601053710414845, 4.751000000000000334, 2.871946674335578376 ) ) ;
#5016 = ORIENTED_EDGE ( 'NONE', *, *, #2176, .T. ) ;
#5017 = EDGE_CURVE ( 'NONE', #7605, #7866, #257, .T. ) ;
#5018 = CARTESIAN_POINT ( 'NONE',  ( 5.603698580691133913, 4.750000000000000000, 1.963044994509220320 ) ) ;
#5019 = DIRECTION ( 'NONE',  ( -1.000000000000000000, 0.0000000000000000000, 0.0000000000000000000 ) ) ;
#5020 = MECHANICAL_DESIGN_GEOMETRIC_PRESENTATION_REPRESENTATION (  '', ( #10307 ), #1082 ) ;
#5021 = ORIENTED_EDGE ( 'NONE', *, *, #8292, .F. ) ;
#5022 = FILL_AREA_STYLE_COLOUR ( '', #10392 ) ;
#5023 = EDGE_LOOP ( 'NONE', ( #2206, #7210, #8427, #9600 ) ) ;
#5024 = VERTEX_POINT ( 'NONE', #7747 ) ;
#5025 = CARTESIAN_POINT ( 'NONE',  ( 8.295380826456906220, 4.751000000000000334, 2.527067671165228457 ) ) ;
#5026 = PRESENTATION_LAYER_ASSIGNMENT (  '', '', ( #2491 ) ) ;
#5027 = CARTESIAN_POINT ( 'NONE',  ( 4.433603965366805788, 4.751000000000000334, 2.120591824551475657 ) ) ;
#5028 = CARTESIAN_POINT ( 'NONE',  ( 5.356989116620488822, 4.751000000000000334, 1.452840834331738273 ) ) ;
#5029 = CARTESIAN_POINT ( 'NONE',  ( 4.797445472848246517, 4.750000000000000000, 2.682056254219147728 ) ) ;
#5030 = EDGE_CURVE ( 'NONE', #11178, #8063, #9408, .T. ) ;
#5031 = CARTESIAN_POINT ( 'NONE',  ( 8.223929477385006237, 4.750000000000000000, 1.897540480693097775 ) ) ;
#5032 = EDGE_CURVE ( 'NONE', #8750, #2284, #8781, .T. ) ;
#5033 = SURFACE_SIDE_STYLE ('',( #7048 ) ) ;
#5034 = PRESENTATION_LAYER_ASSIGNMENT (  '', '', ( #7381 ) ) ;
#5035 = VERTEX_POINT ( 'NONE', #5497 ) ;
#5036 = STYLED_ITEM ( 'NONE', ( #7187 ), #10501 ) ;
#5037 = B_SPLINE_CURVE_WITH_KNOTS ( 'NONE', 3,
 ( #6717, #10531, #3048, #3909 ),
 .UNSPECIFIED., .F., .F.,
 ( 4, 4 ),
 ( 12.00000000000000000, 13.00000000000000000 ),
 .UNSPECIFIED. ) ;
#5038 = UNCERTAINTY_MEASURE_WITH_UNIT (LENGTH_MEASURE( 1.000000000000000082E-05 ), #2322, 'distance_accuracy_value', 'NONE');
#5039 = PRESENTATION_STYLE_ASSIGNMENT (( #1302 ) ) ;
#5040 =( NAMED_UNIT ( * ) SI_UNIT ( $, .STERADIAN. ) SOLID_ANGLE_UNIT ( ) );
#5041 = CARTESIAN_POINT ( 'NONE',  ( 5.797309041287892484, 4.751000000000000334, 1.621809299018642569 ) ) ;
#5042 = ORIENTED_EDGE ( 'NONE', *, *, #1672, .T. ) ;
#5043 = LINE ( 'NONE', #8759, #3335 ) ;
#5044 =( NAMED_UNIT ( * ) PLANE_ANGLE_UNIT ( ) SI_UNIT ( $, .RADIAN. ) );
#5045 = SURFACE_STYLE_USAGE ( .BOTH. , #11673 ) ;
#5046 =( LENGTH_UNIT ( ) NAMED_UNIT ( * ) SI_UNIT ( .MILLI., .METRE. ) );
#5047 =( GEOMETRIC_REPRESENTATION_CONTEXT ( 3 ) GLOBAL_UNCERTAINTY_ASSIGNED_CONTEXT ( ( #10905 ) ) GLOBAL_UNIT_ASSIGNED_CONTEXT ( ( #2746, #950, #265 ) ) REPRESENTATION_CONTEXT ( 'NONE', 'WORKASPACE' ) );
#5048 = ORIENTED_EDGE ( 'NONE', *, *, #3768, .F. ) ;
#5049 = CARTESIAN_POINT ( 'NONE',  ( 5.331942458495920079, 4.751000000000000334, 1.447464274159149245 ) ) ;
#5050 = CYLINDRICAL_SURFACE ( 'NONE', #4927, 0.3400000000000000244 ) ;
#5051 = ORIENTED_EDGE ( 'NONE', *, *, #11643, .F. ) ;
#5052 = CARTESIAN_POINT ( 'NONE',  ( 5.929786345941820080, 4.751000000000000334, 1.671878672492646878 ) ) ;
#5053 = CARTESIAN_POINT ( 'NONE',  ( 5.815408349828971701, 4.750000000000000000, 2.478459790710350497 ) ) ;
#5054 = EDGE_LOOP ( 'NONE', ( #4133, #2316, #3195, #9245, #10789, #8081, #9295, #201 ) ) ;
#5055 = CARTESIAN_POINT ( 'NONE',  ( 8.223929477385006237, 4.750000000000000000, 1.897540480693097775 ) ) ;
#5056 = DIRECTION ( 'NONE',  ( -0.0000000000000000000, -1.000000000000000000, -0.0000000000000000000 ) ) ;
#5057 =( NAMED_UNIT ( * ) SI_UNIT ( $, .STERADIAN. ) SOLID_ANGLE_UNIT ( ) );
#5058 = VERTEX_POINT ( 'NONE', #10961 ) ;
#5059 = LINE ( 'NONE', #11213, #2656 ) ;
#5060 = CARTESIAN_POINT ( 'NONE',  ( 5.579383801027882228, 4.751000000000000334, 1.891127444814575842 ) ) ;
#5061 = CARTESIAN_POINT ( 'NONE',  ( 5.515062250420447398, 4.751000000000000334, 2.713660342207970810 ) ) ;
#5062 = CARTESIAN_POINT ( 'NONE',  ( 4.678297727484437729, 4.750000000000000000, 1.613872871426799582 ) ) ;
#5063 = PRESENTATION_STYLE_ASSIGNMENT (( #2432 ) ) ;
#5064 = ORIENTED_EDGE ( 'NONE', *, *, #10187, .F. ) ;
#5065 = DIRECTION ( 'NONE',  ( -0.0000000000000000000, -1.000000000000000000, -0.0000000000000000000 ) ) ;
#5066 = EDGE_CURVE ( 'NONE', #10017, #10988, #6348, .T. ) ;
#5067 = FILL_AREA_STYLE ('',( #1326 ) ) ;
#5068 = ORIENTED_EDGE ( 'NONE', *, *, #5471, .T. ) ;
#5069 = FILL_AREA_STYLE ('',( #11458 ) ) ;
#5070 =( LENGTH_UNIT ( ) NAMED_UNIT ( * ) SI_UNIT ( .MILLI., .METRE. ) );
#5071 = ORIENTED_EDGE ( 'NONE', *, *, #9231, .F. ) ;
#5072 = CARTESIAN_POINT ( 'NONE',  ( 8.160399998643601549, 4.751000000000000334, 1.680186376287746919 ) ) ;
#5073 = CARTESIAN_POINT ( 'NONE',  ( 5.680976860943950157, 4.750000000000000000, 2.923833665243924074 ) ) ;
#5074 = ORIENTED_EDGE ( 'NONE', *, *, #4812, .T. ) ;
#5075 = DIRECTION ( 'NONE',  ( 0.3451999324527386670, 0.0000000000000000000, -0.9385291719678321432 ) ) ;
#5076 = ORIENTED_EDGE ( 'NONE', *, *, #5865, .F. ) ;
#5077 = STYLED_ITEM ( 'NONE', ( #7480 ), #7419 ) ;
#5078 = ORIENTED_EDGE ( 'NONE', *, *, #2772, .T. ) ;
#5079 = CARTESIAN_POINT ( 'NONE',  ( 7.259039443439511352, 4.751000000000000334, 1.850931544094996051 ) ) ;
#5080 = ADVANCED_FACE ( 'NONE', ( #10033 ), #9211, .F. ) ;
#5081 = DIRECTION ( 'NONE',  ( 0.9999748501857348426, 0.0000000000000000000, 0.007092178509964090251 ) ) ;
#5082 = EDGE_CURVE ( 'NONE', #10576, #2545, #10904, .T. ) ;
#5083 = CARTESIAN_POINT ( 'NONE',  ( 4.356533848168873568, 4.751000000000000334, 2.120045215775415048 ) ) ;
#5084 = PLANE ( 'NONE',  #1710 ) ;
#5085 = FILL_AREA_STYLE ('',( #7112 ) ) ;
#5086 = CARTESIAN_POINT ( 'NONE',  ( 16.78000000000000114, 4.163799117100994766E-17, 4.410000000000006359 ) ) ;
#5087 = DIRECTION ( 'NONE',  ( -0.007092178509957415902, -0.0000000000000000000, 0.9999748501857349536 ) ) ;
#5088 = ORIENTED_EDGE ( 'NONE', *, *, #12052, .T. ) ;
#5089 = ORIENTED_EDGE ( 'NONE', *, *, #6487, .T. ) ;
#5090 = CARTESIAN_POINT ( 'NONE',  ( 5.987524596244379715, 4.750000000000000000, 1.960828251277271894 ) ) ;
#5091 = EDGE_CURVE ( 'NONE', #11358, #11200, #566, .T. ) ;
#5092 = EDGE_CURVE ( 'NONE', #6128, #11444, #9969, .T. ) ;
#5093 = STYLED_ITEM ( 'NONE', ( #3512 ), #4454 ) ;
#5094 = CARTESIAN_POINT ( 'NONE',  ( 5.333652110067516716, 4.751000000000000334, 2.654145809016371871 ) ) ;
#5095 = CARTESIAN_POINT ( 'NONE',  ( 5.502899899645201209, 4.751000000000000334, 1.991184102142578238 ) ) ;
#5096 = CARTESIAN_POINT ( 'NONE',  ( 3.910429938711176501, 4.751000000000000334, 2.051894783472836270 ) ) ;
#5097 = ORIENTED_EDGE ( 'NONE', *, *, #11158, .T. ) ;
#5098 = CARTESIAN_POINT ( 'NONE',  ( 5.824082122674338002, 4.750000000000000000, 1.695303959968161633 ) ) ;
#5099 = CARTESIAN_POINT ( 'NONE',  ( 8.358141235678351322, 4.750000000000000000, 2.852867879538017792 ) ) ;
#5100 = PRESENTATION_STYLE_ASSIGNMENT (( #1366 ) ) ;
#5101 = SURFACE_STYLE_USAGE ( .BOTH. , #4367 ) ;
#5102 = DIRECTION ( 'NONE',  ( 0.9999748501857348426, -0.0000000000000000000, 0.007092178509965621144 ) ) ;
#5103 = ORIENTED_EDGE ( 'NONE', *, *, #8421, .T. ) ;
#5104 = PRESENTATION_STYLE_ASSIGNMENT (( #1371 ) ) ;
#5105 = PRESENTATION_STYLE_ASSIGNMENT (( #1373 ) ) ;
#5106 = ORIENTED_EDGE ( 'NONE', *, *, #345, .T. ) ;
#5107 = ADVANCED_FACE ( 'NONE', ( #7259 ), #5415, .F. ) ;
#5108 = CARTESIAN_POINT ( 'NONE',  ( 5.502899899645201209, 4.751000000000000334, 1.991184102142578238 ) ) ;
#5109 = CARTESIAN_POINT ( 'NONE',  ( 7.556228387931413160, 4.750000000000000000, 1.744587548815732525 ) ) ;
#5110 = CARTESIAN_POINT ( 'NONE',  ( 5.515062250420446510, 4.750000000000000000, 2.713660342207970810 ) ) ;
#5111 = STYLED_ITEM ( 'NONE', ( #1686 ), #5080 ) ;
#5112 = ORIENTED_EDGE ( 'NONE', *, *, #10748, .F. ) ;
#5113 = EDGE_CURVE ( 'NONE', #5771, #10084, #10449, .T. ) ;
#5114 = CARTESIAN_POINT ( 'NONE',  ( 5.774789756611023783, 4.751000000000000334, 1.993112442040618992 ) ) ;
#5115 = CARTESIAN_POINT ( 'NONE',  ( 5.356587225513623096, 4.751000000000000334, 1.509506215612625102 ) ) ;
#5116 = DIRECTION ( 'NONE',  ( 0.007092178509963431056, 0.0000000000000000000, -0.9999748501857348426 ) ) ;
#5117 = DIRECTION ( 'NONE',  ( 0.007092178509957415902, 0.0000000000000000000, -0.9999748501857349536 ) ) ;
#5118 = ORIENTED_EDGE ( 'NONE', *, *, #11470, .T. ) ;
#5119 = CARTESIAN_POINT ( 'NONE',  ( 7.969657260002554366, 4.751000000000000334, 3.088706510065378552 ) ) ;
#5120 = SURFACE_SIDE_STYLE ('',( #2975 ) ) ;
#5121 = STYLED_ITEM ( 'NONE', ( #3459 ), #2159 ) ;
#5122 = MECHANICAL_DESIGN_GEOMETRIC_PRESENTATION_REPRESENTATION (  '', ( #10411 ), #6491 ) ;
#5123 = B_SPLINE_SURFACE_WITH_KNOTS ( 'NONE', 3, 1, ( 
 ( #1745, #8355 ),
 ( #12166, #1692 ),
 ( #7509, #4461 ),
 ( #11938, #5502 ) ),
 .UNSPECIFIED., .F., .F., .F.,
 ( 4, 4 ),
 ( 2, 2 ),
 ( 0.0000000000000000000, 1.000000000000000000 ),
 ( 0.0000000000000000000, 1.000000000000000000 ),
 .UNSPECIFIED. ) ;
#5124 = ORIENTED_EDGE ( 'NONE', *, *, #8755, .T. ) ;
#5125 = LINE ( 'NONE', #512, #8264 ) ;
#5126 = LINE ( 'NONE', #5938, #6848 ) ;
#5127 = CARTESIAN_POINT ( 'NONE',  ( 5.801308296424873667, 4.751000000000000334, 2.945482780062832706 ) ) ;
#5128 = ORIENTED_EDGE ( 'NONE', *, *, #8009, .T. ) ;
#5129 = CARTESIAN_POINT ( 'NONE',  ( 4.875469629243789349, 4.750000000000000000, 2.493108983224471498 ) ) ;
#5130 = COLOUR_RGB ( '',0.0000000000000000000, 0.0000000000000000000, 0.0000000000000000000 ) ;
#5131 =( LENGTH_UNIT ( ) NAMED_UNIT ( * ) SI_UNIT ( .MILLI., .METRE. ) );
#5132 =( GEOMETRIC_REPRESENTATION_CONTEXT ( 3 ) GLOBAL_UNCERTAINTY_ASSIGNED_CONTEXT ( ( #106 ) ) GLOBAL_UNIT_ASSIGNED_CONTEXT ( ( #1159, #6033, #9506 ) ) REPRESENTATION_CONTEXT ( 'NONE', 'WORKASPACE' ) );
#5133 = CARTESIAN_POINT ( 'NONE',  ( 3.806016214681442023, 4.750000000000000000, 1.746757458554603737 ) ) ;
#5134 = CARTESIAN_POINT ( 'NONE',  ( 4.191103140047736098, 4.750000000000000000, 2.006575242951158522 ) ) ;
#5135 = ORIENTED_EDGE ( 'NONE', *, *, #8237, .F. ) ;
#5136 = CARTESIAN_POINT ( 'NONE',  ( 8.299841908398944312, 4.751000000000000334, 1.898078878745585119 ) ) ;
#5137 = CARTESIAN_POINT ( 'NONE',  ( 7.276729123073038430, 4.751000000000000334, 2.415006130194304657 ) ) ;
#5138 = ORIENTED_EDGE ( 'NONE', *, *, #1729, .F. ) ;
#5139 = VERTEX_POINT ( 'NONE', #10331 ) ;
#5140 = VECTOR ( 'NONE', #7109, 1000.000000000000114 ) ;
#5141 = STYLED_ITEM ( 'NONE', ( #11604 ), #6521 ) ;
#5142 = ORIENTED_EDGE ( 'NONE', *, *, #7869, .F. ) ;
#5143 = B_SPLINE_CURVE_WITH_KNOTS ( 'NONE', 3,
 ( #8618, #1906, #6741, #2945 ),
 .UNSPECIFIED., .F., .F.,
 ( 4, 4 ),
 ( 9.000000000000000000, 10.00000000000000000 ),
 .UNSPECIFIED. ) ;
#5144 = CARTESIAN_POINT ( 'NONE',  ( 6.995666073745777425, 4.751000000000000334, 2.286485671185586988 ) ) ;
#5145 = CARTESIAN_POINT ( 'NONE',  ( 5.073393827616294871, 4.751000000000000334, 2.423287523707776003 ) ) ;
#5146 = DIRECTION ( 'NONE',  ( 0.9999748501857348426, 0.0000000000000000000, 0.007092178509963812695 ) ) ;
#5147 = CARTESIAN_POINT ( 'NONE',  ( -18.11999999999999744, 0.0000000000000000000, 3.750000000000003997 ) ) ;
#5148 = COLOUR_RGB ( '',0.0000000000000000000, 0.0000000000000000000, 0.0000000000000000000 ) ;
#5149 = CARTESIAN_POINT ( 'NONE',  ( 8.024367669542975534, 4.751000000000000334, 2.000962016688119238 ) ) ;
#5150 = ADVANCED_FACE ( 'NONE', ( #9520 ), #985, .F. ) ;
#5151 = PLANE ( 'NONE',  #10005 ) ;
#5152 = ORIENTED_EDGE ( 'NONE', *, *, #8160, .F. ) ;
#5153 =( LENGTH_UNIT ( ) NAMED_UNIT ( * ) SI_UNIT ( .MILLI., .METRE. ) );
#5154 = COLOUR_RGB ( '',0.0000000000000000000, 0.0000000000000000000, 0.0000000000000000000 ) ;
#5155 = VECTOR ( 'NONE', #2631, 1000.000000000000000 ) ;
#5156 = FILL_AREA_STYLE ('',( #10560 ) ) ;
#5157 = CARTESIAN_POINT ( 'NONE',  ( 5.603698580691133913, 4.750000000000000000, 1.963044994509220320 ) ) ;
#5158 = SURFACE_STYLE_FILL_AREA ( #7973 ) ;
#5159 = ORIENTED_EDGE ( 'NONE', *, *, #1127, .T. ) ;
#5160 = CARTESIAN_POINT ( 'NONE',  ( 5.824082122674338002, 4.751000000000000334, 1.695303959968161633 ) ) ;
#5161 = SURFACE_STYLE_USAGE ( .BOTH. , #11550 ) ;
#5162 = PLANE ( 'NONE',  #11181 ) ;
#5163 = DIRECTION ( 'NONE',  ( 0.8896103580601516514, 0.0000000000000000000, -0.4567202763531402199 ) ) ;
#5164 = CARTESIAN_POINT ( 'NONE',  ( 5.942858560643561106, 4.751000000000000334, 1.771270763671490389 ) ) ;
#5165 = B_SPLINE_CURVE_WITH_KNOTS ( 'NONE', 3,
 ( #3517, #5476, #10140, #730 ),
 .UNSPECIFIED., .F., .F.,
 ( 4, 4 ),
 ( 33.00000000000000000, 34.00000000000000000 ),
 .UNSPECIFIED. ) ;
#5166 =( LENGTH_UNIT ( ) NAMED_UNIT ( * ) SI_UNIT ( .MILLI., .METRE. ) );
#5167 = EDGE_CURVE ( 'NONE', #9966, #1827, #1864, .T. ) ;
#5168 = FACE_OUTER_BOUND ( 'NONE', #5549, .T. ) ;
#5169 =( GEOMETRIC_REPRESENTATION_CONTEXT ( 3 ) GLOBAL_UNCERTAINTY_ASSIGNED_CONTEXT ( ( #2169 ) ) GLOBAL_UNIT_ASSIGNED_CONTEXT ( ( #3597, #10153, #5487 ) ) REPRESENTATION_CONTEXT ( 'NONE', 'WORKASPACE' ) );
#5170 = B_SPLINE_CURVE_WITH_KNOTS ( 'NONE', 3,
 ( #4575, #8293, #1300, #5090 ),
 .UNSPECIFIED., .F., .F.,
 ( 4, 4 ),
 ( 0.0000000000000000000, 1.000000000000000000 ),
 .UNSPECIFIED. ) ;
#5171 = VECTOR ( 'NONE', #8528, 1000.000000000000000 ) ;
#5172 = SURFACE_SIDE_STYLE ('',( #9582 ) ) ;
#5173 = ORIENTED_EDGE ( 'NONE', *, *, #10320, .T. ) ;
#5174 = UNCERTAINTY_MEASURE_WITH_UNIT (LENGTH_MEASURE( 1.000000000000000082E-05 ), #5203, 'distance_accuracy_value', 'NONE');
#5175 = FACE_OUTER_BOUND ( 'NONE', #3246, .T. ) ;
#5176 = ORIENTED_EDGE ( 'NONE', *, *, #4743, .F. ) ;
#5177 = CARTESIAN_POINT ( 'NONE',  ( 5.774789756611023783, 4.750000000000000000, 1.993112442040618992 ) ) ;
#5178 = CARTESIAN_POINT ( 'NONE',  ( 5.320508165666915978, 4.750000000000000000, 1.501971841575278299 ) ) ;
#5179 = PRESENTATION_STYLE_ASSIGNMENT (( #1441 ) ) ;
#5180 = CARTESIAN_POINT ( 'NONE',  ( 6.085943363609318091, 4.750000000000000000, 1.681824358358713578 ) ) ;
#5181 = VERTEX_POINT ( 'NONE', #8520 ) ;
#5182 = EDGE_CURVE ( 'NONE', #11602, #9982, #9274, .T. ) ;
#5183 = LINE ( 'NONE', #4265, #76 ) ;
#5184 = EDGE_CURVE ( 'NONE', #316, #797, #11434, .T. ) ;
#5185 = CARTESIAN_POINT ( 'NONE',  ( 7.234119575604224472, 4.751000000000000334, 2.815975439130735669 ) ) ;
#5186 = CARTESIAN_POINT ( 'NONE',  ( 9.079450370396346059, 4.750000000000000000, 2.073515933457894533 ) ) ;
#5187 = STYLED_ITEM ( 'NONE', ( #7854 ), #8884 ) ;
#5188 = ADVANCED_FACE ( 'NONE', ( #8402 ), #7461, .F. ) ;
#5189 = SURFACE_SIDE_STYLE ('',( #3112 ) ) ;
#5190 = B_SPLINE_CURVE_WITH_KNOTS ( 'NONE', 3,
 ( #5743, #4754, #8468, #1054 ),
 .UNSPECIFIED., .F., .F.,
 ( 4, 4 ),
 ( 12.00000000000000000, 13.00000000000000000 ),
 .UNSPECIFIED. ) ;
#5191 = CARTESIAN_POINT ( 'NONE',  ( 5.516688250219739409, 4.751000000000000334, 2.484399487674353146 ) ) ;
#5192 = DIRECTION ( 'NONE',  ( -1.000000000000000000, 0.0000000000000000000, -0.0000000000000000000 ) ) ;
#5193 = CARTESIAN_POINT ( 'NONE',  ( 5.184920842784719319, 4.750000000000000000, 1.707147399115480413 ) ) ;
#5194 = ORIENTED_EDGE ( 'NONE', *, *, #9413, .F. ) ;
#5195 = UNCERTAINTY_MEASURE_WITH_UNIT (LENGTH_MEASURE( 1.000000000000000082E-05 ), #3327, 'distance_accuracy_value', 'NONE');
#5196 = STYLED_ITEM ( 'NONE', ( #11699 ), #2651 ) ;
#5197 = PRESENTATION_STYLE_ASSIGNMENT (( #5384 ) ) ;
#5198 = AXIS2_PLACEMENT_3D ( 'NONE', #3338, #10700, #9009 ) ;
#5199 = DIRECTION ( 'NONE',  ( -0.9999748501857348426, 0.0000000000000000000, -0.007092178509962483897 ) ) ;
#5200 = ORIENTED_EDGE ( 'NONE', *, *, #6583, .F. ) ;
#5201 = DIRECTION ( 'NONE',  ( 0.0000000000000000000, -1.000000000000000000, 0.0000000000000000000 ) ) ;
#5202 = CARTESIAN_POINT ( 'NONE',  ( 4.254350763521417278, 4.750000000000000000, 1.756955749629828922 ) ) ;
#5203 =( LENGTH_UNIT ( ) NAMED_UNIT ( * ) SI_UNIT ( .MILLI., .METRE. ) );
#5204 = VERTEX_POINT ( 'NONE', #11498 ) ;
#5205 = DIRECTION ( 'NONE',  ( 0.007092178509963424117, -0.0000000000000000000, -0.9999748501857348426 ) ) ;
#5206 = COLOUR_RGB ( '',0.0000000000000000000, 0.0000000000000000000, 0.0000000000000000000 ) ;
#5207 = ORIENTED_EDGE ( 'NONE', *, *, #11861, .T. ) ;
#5208 = VECTOR ( 'NONE', #10128, 1000.000000000000114 ) ;
#5209 = EDGE_LOOP ( 'NONE', ( #11671, #3536, #4115, #9043 ) ) ;
#5210 = DIRECTION ( 'NONE',  ( 0.0000000000000000000, -0.0000000000000000000, -1.000000000000000000 ) ) ;
#5211 = CARTESIAN_POINT ( 'NONE',  ( 5.680976860943950157, 4.751000000000000334, 2.923833665243924074 ) ) ;
#5212 = CARTESIAN_POINT ( 'NONE',  ( 4.921845531079022784, 4.751000000000000334, 2.533209638221726845 ) ) ;
#5213 = STYLED_ITEM ( 'NONE', ( #1741 ), #3487 ) ;
#5214 = CARTESIAN_POINT ( 'NONE',  ( 5.912141280760506490, 4.750000000000000000, 1.942357330750144939 ) ) ;
#5215 = FILL_AREA_STYLE_COLOUR ( '', #4205 ) ;
#5216 = CARTESIAN_POINT ( 'NONE',  ( 5.893434448391693614, 4.750000000000000000, 1.666161985511055210 ) ) ;
#5217 = VECTOR ( 'NONE', #9204, 1000.000000000000000 ) ;
#5218 = CARTESIAN_POINT ( 'NONE',  ( 4.313609839173923710, 4.750000000000000000, 2.417898864508952528 ) ) ;
#5219 = DIRECTION ( 'NONE',  ( 0.0000000000000000000, 0.0000000000000000000, 1.000000000000000000 ) ) ;
#5220 = CARTESIAN_POINT ( 'NONE',  ( 5.824082122674338002, 4.750000000000000000, 1.695303959968161633 ) ) ;
#5221 = CARTESIAN_POINT ( 'NONE',  ( 6.292133750659454350, 4.751000000000000334, 1.912559120873657648 ) ) ;
#5222 = SURFACE_SIDE_STYLE ('',( #8749 ) ) ;
#5223 = ORIENTED_EDGE ( 'NONE', *, *, #10570, .T. ) ;
#5224 = VERTEX_POINT ( 'NONE', #6048 ) ;
#5225 = CARTESIAN_POINT ( 'NONE',  ( 4.436618090650971347, 4.750000000000000000, 2.062125348052995744 ) ) ;
#5226 = PRESENTATION_LAYER_ASSIGNMENT (  '', '', ( #1691 ) ) ;
#5227 = ADVANCED_FACE ( 'NONE', ( #299 ), #3757, .F. ) ;
#5228 = CARTESIAN_POINT ( 'NONE',  ( 4.539855585739942967, 4.751000000000000334, 2.862971384531736607 ) ) ;
#5229 =( LENGTH_UNIT ( ) NAMED_UNIT ( * ) SI_UNIT ( .MILLI., .METRE. ) );
#5230 = LINE ( 'NONE', #7129, #10018 ) ;
#5231 = VECTOR ( 'NONE', #4959, 1000.000000000000000 ) ;
#5232 = LINE ( 'NONE', #4185, #5385 ) ;
#5233 =( NAMED_UNIT ( * ) SI_UNIT ( $, .STERADIAN. ) SOLID_ANGLE_UNIT ( ) );
#5234 = B_SPLINE_SURFACE_WITH_KNOTS ( 'NONE', 3, 1, ( 
 ( #3412, #1378 ),
 ( #1555, #6053 ),
 ( #5114, #5177 ),
 ( #8836, #6111 ) ),
 .UNSPECIFIED., .F., .F., .F.,
 ( 4, 4 ),
 ( 2, 2 ),
 ( 1.000000000000000000, 2.000000000000000000 ),
 ( 0.0000000000000000000, 1.000000000000000000 ),
 .UNSPECIFIED. ) ;
#5235 = PRESENTATION_LAYER_ASSIGNMENT (  '', '', ( #11692 ) ) ;
#5236 = FILL_AREA_STYLE ('',( #9895 ) ) ;
#5237 = EDGE_LOOP ( 'NONE', ( #5348, #367, #2058, #2037 ) ) ;
#5238 =( GEOMETRIC_REPRESENTATION_CONTEXT ( 3 ) GLOBAL_UNCERTAINTY_ASSIGNED_CONTEXT ( ( #494 ) ) GLOBAL_UNIT_ASSIGNED_CONTEXT ( ( #760, #4339, #2505 ) ) REPRESENTATION_CONTEXT ( 'NONE', 'WORKASPACE' ) );
#5239 = LINE ( 'NONE', #8960, #9626 ) ;
#5240 = ADVANCED_FACE ( 'NONE', ( #3285 ), #5050, .T. ) ;
#5241 = CARTESIAN_POINT ( 'NONE',  ( 5.007038959926687127, 4.750000000000000000, 2.872783466166893618 ) ) ;
#5242 = MECHANICAL_DESIGN_GEOMETRIC_PRESENTATION_REPRESENTATION (  '', ( #2292 ), #10147 ) ;
#5243 = CARTESIAN_POINT ( 'NONE',  ( 5.869214468749759384, 4.751000000000000334, 2.478841402908140701 ) ) ;
#5244 = ORIENTED_EDGE ( 'NONE', *, *, #11321, .T. ) ;
#5245 = PLANE ( 'NONE',  #5955 ) ;
#5246 = SURFACE_STYLE_USAGE ( .BOTH. , #8966 ) ;
#5247 = CARTESIAN_POINT ( 'NONE',  ( 5.824082122674338002, 4.750000000000000000, 1.695303959968161633 ) ) ;
#5248 = ORIENTED_EDGE ( 'NONE', *, *, #1008, .F. ) ;
#5249 = VECTOR ( 'NONE', #7351, 1000.000000000000000 ) ;
#5250 = PLANE ( 'NONE',  #5495 ) ;
#5251 = STYLED_ITEM ( 'NONE', ( #5625 ), #11264 ) ;
#5252 = CARTESIAN_POINT ( 'NONE',  ( 5.683900710923180277, 4.750000000000000000, 2.511580019789578788 ) ) ;
#5253 =( LENGTH_UNIT ( ) NAMED_UNIT ( * ) SI_UNIT ( .MILLI., .METRE. ) );
#5254 = ADVANCED_FACE ( 'NONE', ( #6876 ), #420, .T. ) ;
#5255 = LINE ( 'NONE', #5191, #6337 ) ;
#5256 = ADVANCED_FACE ( 'NONE', ( #6272 ), #1668, .F. ) ;
#5257 = VECTOR ( 'NONE', #2738, 1000.000000000000000 ) ;
#5258 = DIRECTION ( 'NONE',  ( 0.0000000000000000000, 0.0000000000000000000, -1.000000000000000000 ) ) ;
#5259 = EDGE_CURVE ( 'NONE', #8607, #2178, #9013, .T. ) ;
#5260 = CARTESIAN_POINT ( 'NONE',  ( 3.908870341059587084, 4.750000000000000000, 2.051883722249700170 ) ) ;
#5261 = VERTEX_POINT ( 'NONE', #3468 ) ;
#5262 = CARTESIAN_POINT ( 'NONE',  ( 7.121289439193951409, 4.750000000000000000, 2.413903696482698535 ) ) ;
#5263 = SURFACE_SIDE_STYLE ('',( #9923 ) ) ;
#5264 = CARTESIAN_POINT ( 'NONE',  ( 5.796016721719511544, 4.750000000000000000, 1.804022291115300547 ) ) ;
#5265 = CARTESIAN_POINT ( 'NONE',  ( 5.535957494871449391, 4.751000000000000334, 1.838310354582733286 ) ) ;
#5266 = VERTEX_POINT ( 'NONE', #7194 ) ;
#5267 = CARTESIAN_POINT ( 'NONE',  ( 8.450051506341306862, 4.751000000000000334, 2.126893105300002418 ) ) ;
#5268 = VERTEX_POINT ( 'NONE', #4499 ) ;
#5269 = CARTESIAN_POINT ( 'NONE',  ( 3.755145885214310475, 4.751000000000000334, 1.607325549105677487 ) ) ;
#5270 = VERTEX_POINT ( 'NONE', #11973 ) ;
#5271 = ORIENTED_EDGE ( 'NONE', *, *, #10210, .F. ) ;
#5272 = SURFACE_STYLE_FILL_AREA ( #9870 ) ;
#5273 = ADVANCED_FACE ( 'NONE', ( #10821 ), #9726, .T. ) ;
#5274 = FACE_BOUND ( 'NONE', #3090, .T. ) ;
#5275 = DIRECTION ( 'NONE',  ( 0.9370112956751690536, 0.0000000000000000000, -0.3492990577959537712 ) ) ;
#5276 = CARTESIAN_POINT ( 'NONE',  ( 8.641435026956958865, 4.750000000000000000, 1.647447597840791644 ) ) ;
#5277 = LINE ( 'NONE', #772, #3051 ) ;
#5278 = PRESENTATION_STYLE_ASSIGNMENT (( #1537 ) ) ;
#5279 = EDGE_CURVE ( 'NONE', #12067, #1078, #315, .T. ) ;
#5280 = ORIENTED_EDGE ( 'NONE', *, *, #11336, .T. ) ;
#5281 = ORIENTED_EDGE ( 'NONE', *, *, #2256, .F. ) ;
#5282 = CARTESIAN_POINT ( 'NONE',  ( 6.094315529567612799, 4.751000000000000334, 2.132370183641892236 ) ) ;
#5283 = UNCERTAINTY_MEASURE_WITH_UNIT (LENGTH_MEASURE( 1.000000000000000082E-05 ), #1618, 'distance_accuracy_value', 'NONE');
#5284 = LINE ( 'NONE', #5041, #44 ) ;
#5285 = STYLED_ITEM ( 'NONE', ( #1043 ), #7182 ) ;
#5286 = CARTESIAN_POINT ( 'NONE',  ( 5.548873985797055042, 4.750000000000000000, 1.611469090392399384 ) ) ;
#5287 = CARTESIAN_POINT ( 'NONE',  ( 5.940023096017200466, 4.751000000000000334, 2.830790617506793616 ) ) ;
#5288 = DIRECTION ( 'NONE',  ( 0.007092178509963044213, 0.0000000000000000000, -0.9999748501857348426 ) ) ;
#5289 = CARTESIAN_POINT ( 'NONE',  ( 3.942850571533626169, 4.751000000000000334, 2.117111226341641839 ) ) ;
#5290 =( NAMED_UNIT ( * ) PLANE_ANGLE_UNIT ( ) SI_UNIT ( $, .RADIAN. ) );
#5291 = FACE_OUTER_BOUND ( 'NONE', #1418, .T. ) ;
#5292 = COLOUR_RGB ( '',0.0000000000000000000, 0.0000000000000000000, 0.0000000000000000000 ) ;
#5293 = SURFACE_SIDE_STYLE ('',( #8213 ) ) ;
#5294 = VERTEX_POINT ( 'NONE', #7027 ) ;
#5295 = UNCERTAINTY_MEASURE_WITH_UNIT (LENGTH_MEASURE( 1.000000000000000082E-05 ), #4590, 'distance_accuracy_value', 'NONE');
#5296 = CARTESIAN_POINT ( 'NONE',  ( 5.067603335331337000, 4.750000000000000000, 2.873213010331563844 ) ) ;
#5297 = DIRECTION ( 'NONE',  ( -0.007092178509968146902, -0.0000000000000000000, 0.9999748501857348426 ) ) ;
#5298 = ORIENTED_EDGE ( 'NONE', *, *, #2417, .T. ) ;
#5299 = CARTESIAN_POINT ( 'NONE',  ( 4.436618090650972235, 4.750000000000000000, 2.062125348052995299 ) ) ;
#5300 = MECHANICAL_DESIGN_GEOMETRIC_PRESENTATION_REPRESENTATION (  '', ( #578 ), #1571 ) ;
#5301 = CARTESIAN_POINT ( 'NONE',  ( 8.849226121443638959, 4.750000000000000000, 2.422543974323019711 ) ) ;
#5302 = AXIS2_PLACEMENT_3D ( 'NONE', #6261, #10749, #3449 ) ;
#5303 = ORIENTED_EDGE ( 'NONE', *, *, #9264, .T. ) ;
#5304 = EDGE_CURVE ( 'NONE', #10966, #7724, #2672, .T. ) ;
#5305 = FILL_AREA_STYLE_COLOUR ( '', #603 ) ;
#5306 =( GEOMETRIC_REPRESENTATION_CONTEXT ( 3 ) GLOBAL_UNCERTAINTY_ASSIGNED_CONTEXT ( ( #9096 ) ) GLOBAL_UNIT_ASSIGNED_CONTEXT ( ( #6640, #8354, #5742 ) ) REPRESENTATION_CONTEXT ( 'NONE', 'WORKASPACE' ) );
#5307 = EDGE_CURVE ( 'NONE', #10479, #4954, #160, .T. ) ;
#5308 = DIRECTION ( 'NONE',  ( -0.9394297563095319603, 0.0000000000000000000, 0.3427414958247883559 ) ) ;
#5309 = MECHANICAL_DESIGN_GEOMETRIC_PRESENTATION_REPRESENTATION (  '', ( #8591 ), #3933 ) ;
#5310 = LINE ( 'NONE', #3360, #10253 ) ;
#5311 = LINE ( 'NONE', #8055, #10213 ) ;
#5312 = EDGE_LOOP ( 'NONE', ( #1, #3294, #11752, #10406 ) ) ;
#5313 = UNCERTAINTY_MEASURE_WITH_UNIT (LENGTH_MEASURE( 1.000000000000000082E-05 ), #8278, 'distance_accuracy_value', 'NONE');
#5314 = CARTESIAN_POINT ( 'NONE',  ( 6.996768507457382213, 4.750000000000000000, 2.131045987306499079 ) ) ;
#5315 = UNCERTAINTY_MEASURE_WITH_UNIT (LENGTH_MEASURE( 1.000000000000000082E-05 ), #7742, 'distance_accuracy_value', 'NONE');
#5316 = LINE ( 'NONE', #2500, #7704 ) ;
#5317 = CARTESIAN_POINT ( 'NONE',  ( 3.910429938711176501, 4.750000000000000000, 2.051894783472836270 ) ) ;
#5318 =( GEOMETRIC_REPRESENTATION_CONTEXT ( 3 ) GLOBAL_UNCERTAINTY_ASSIGNED_CONTEXT ( ( #4442 ) ) GLOBAL_UNIT_ASSIGNED_CONTEXT ( ( #8028, #5359, #10142 ) ) REPRESENTATION_CONTEXT ( 'NONE', 'WORKASPACE' ) );
#5319 = CARTESIAN_POINT ( 'NONE',  ( 7.320312642992590213, 4.750000000000000000, 2.896118056044793221 ) ) ;
#5320 = EDGE_LOOP ( 'NONE', ( #5675, #7527, #6919, #11917 ) ) ;
#5321 = VECTOR ( 'NONE', #8104, 1000.000000000000114 ) ;
#5322 = LINE ( 'NONE', #9041, #9555 ) ;
#5323 = VECTOR ( 'NONE', #3946, 1000.000000000000000 ) ;
#5324 = B_SPLINE_CURVE_WITH_KNOTS ( 'NONE', 3,
 ( #7693, #10539, #8666, #2619 ),
 .UNSPECIFIED., .F., .F.,
 ( 4, 4 ),
 ( 5.000000000000000000, 6.000000000000000000 ),
 .UNSPECIFIED. ) ;
#5325 = CARTESIAN_POINT ( 'NONE',  ( 3.755145885214310475, 4.751000000000000334, 1.607325549105677487 ) ) ;
#5326 = ADVANCED_FACE ( 'NONE', ( #2170 ), #9850, .T. ) ;
#5327 = ADVANCED_FACE ( 'NONE', ( #1448 ), #2367, .F. ) ;
#5328 =( NAMED_UNIT ( * ) SI_UNIT ( $, .STERADIAN. ) SOLID_ANGLE_UNIT ( ) );
#5329 = ORIENTED_EDGE ( 'NONE', *, *, #5017, .F. ) ;
#5330 = ORIENTED_EDGE ( 'NONE', *, *, #515, .F. ) ;
#5331 = STYLED_ITEM ( 'NONE', ( #6495 ), #2331 ) ;
#5332 = CARTESIAN_POINT ( 'NONE',  ( 4.921210400610024571, 4.751000000000000334, 2.824344672324774042 ) ) ;
#5333 =( GEOMETRIC_REPRESENTATION_CONTEXT ( 3 ) GLOBAL_UNCERTAINTY_ASSIGNED_CONTEXT ( ( #10847 ) ) GLOBAL_UNIT_ASSIGNED_CONTEXT ( ( #3259, #11716, #4347 ) ) REPRESENTATION_CONTEXT ( 'NONE', 'WORKASPACE' ) );
#5334 = SURFACE_STYLE_USAGE ( .BOTH. , #5517 ) ;
#5335 = PRESENTATION_STYLE_ASSIGNMENT (( #1580 ) ) ;
#5336 = B_SPLINE_SURFACE_WITH_KNOTS ( 'NONE', 3, 1, ( 
 ( #4003, #9512 ),
 ( #9631, #9700 ),
 ( #6629, #6809 ),
 ( #7783, #2958 ) ),
 .UNSPECIFIED., .F., .F., .F.,
 ( 4, 4 ),
 ( 2, 2 ),
 ( 3.000000000000000000, 4.000000000000000000 ),
 ( 0.0000000000000000000, 1.000000000000000000 ),
 .UNSPECIFIED. ) ;
#5337 = FILL_AREA_STYLE ('',( #1581 ) ) ;
#5338 = FACE_OUTER_BOUND ( 'NONE', #2484, .T. ) ;
#5339 = CARTESIAN_POINT ( 'NONE',  ( 5.408217057489516755, 4.751000000000000334, 1.761760082963730545 ) ) ;
#5340 = CARTESIAN_POINT ( 'NONE',  ( 6.063433197988347345, 4.750000000000000000, 2.674918437937169990 ) ) ;
#5341 = CARTESIAN_POINT ( 'NONE',  ( 3.906130908621855191, 4.750000000000000000, 2.034967802135362103 ) ) ;
#5342 = EDGE_CURVE ( 'NONE', #22, #4832, #9029, .T. ) ;
#5343 = FILL_AREA_STYLE ('',( #9060 ) ) ;
#5344 = COLOUR_RGB ( '',0.0000000000000000000, 0.0000000000000000000, 0.0000000000000000000 ) ;
#5345 = ADVANCED_FACE ( 'NONE', ( #697 ), #6579, .F. ) ;
#5346 = COLOUR_RGB ( '',0.0000000000000000000, 0.0000000000000000000, 0.0000000000000000000 ) ;
#5347 =( NAMED_UNIT ( * ) PLANE_ANGLE_UNIT ( ) SI_UNIT ( $, .RADIAN. ) );
#5348 = ORIENTED_EDGE ( 'NONE', *, *, #8275, .T. ) ;
#5349 = ORIENTED_EDGE ( 'NONE', *, *, #8764, .F. ) ;
#5350 = ADVANCED_FACE ( 'NONE', ( #4634 ), #8176, .F. ) ;
#5351 = SURFACE_SIDE_STYLE ('',( #4239 ) ) ;
#5352 = DIRECTION ( 'NONE',  ( 0.9999748501857348426, 0.0000000000000000000, 0.007092178509963965351 ) ) ;
#5353 = EDGE_CURVE ( 'NONE', #943, #1451, #5170, .T. ) ;
#5354 = MECHANICAL_DESIGN_GEOMETRIC_PRESENTATION_REPRESENTATION (  '', ( #11243 ), #2797 ) ;
#5355 = CARTESIAN_POINT ( 'NONE',  ( 5.366364131998036413, 4.751000000000000334, 1.981897469216886476 ) ) ;
#5356 = VECTOR ( 'NONE', #1466, 1000.000000000000000 ) ;
#5357 = CARTESIAN_POINT ( 'NONE',  ( 8.850482589108768394, 4.751000000000000334, 1.735691567280405190 ) ) ;
#5358 = SURFACE_STYLE_FILL_AREA ( #547 ) ;
#5359 =( NAMED_UNIT ( * ) PLANE_ANGLE_UNIT ( ) SI_UNIT ( $, .RADIAN. ) );
#5360 = ORIENTED_EDGE ( 'NONE', *, *, #10884, .T. ) ;
#5361 = DIRECTION ( 'NONE',  ( 0.9999748501857348426, 0.0000000000000000000, 0.007092178509965551755 ) ) ;
#5362 = COLOUR_RGB ( '',0.6470588235294117974, 0.6470588235294117974, 0.6470588235294117974 ) ;
#5363 = B_SPLINE_CURVE_WITH_KNOTS ( 'NONE', 3,
 ( #10713, #2362, #7928, #11873 ),
 .UNSPECIFIED., .F., .F.,
 ( 4, 4 ),
 ( 17.00000000000000000, 18.00000000000000000 ),
 .UNSPECIFIED. ) ;
#5364 = AXIS2_PLACEMENT_3D ( 'NONE', #1515, #3489, #10038 ) ;
#5365 = MECHANICAL_DESIGN_GEOMETRIC_PRESENTATION_REPRESENTATION (  '', ( #9454 ), #3405 ) ;
#5366 = PRESENTATION_STYLE_ASSIGNMENT (( #2534 ) ) ;
#5367 = ORIENTED_EDGE ( 'NONE', *, *, #7247, .F. ) ;
#5368 = CARTESIAN_POINT ( 'NONE',  ( 4.582252505543461751, 4.750000000000000000, 1.613191684436038775 ) ) ;
#5369 = CARTESIAN_POINT ( 'NONE',  ( 4.541415183388064492, 4.751000000000000334, 2.862982445754848282 ) ) ;
#5370 = ORIENTED_EDGE ( 'NONE', *, *, #7442, .F. ) ;
#5371 = SURFACE_STYLE_FILL_AREA ( #11926 ) ;
#5372 = CARTESIAN_POINT ( 'NONE',  ( 5.645057426612244633, 4.750000000000000000, 1.885874413237700553 ) ) ;
#5373 = VECTOR ( 'NONE', #9315, 1000.000000000000000 ) ;
#5374 = VECTOR ( 'NONE', #4822, 1000.000000000000000 ) ;
#5375 = ORIENTED_EDGE ( 'NONE', *, *, #679, .F. ) ;
#5376 = CARTESIAN_POINT ( 'NONE',  ( 4.295898574903574740, 4.751000000000000334, 1.634815847680124223 ) ) ;
#5377 = PRESENTATION_STYLE_ASSIGNMENT (( #10317 ) ) ;
#5378 =( GEOMETRIC_REPRESENTATION_CONTEXT ( 3 ) GLOBAL_UNCERTAINTY_ASSIGNED_CONTEXT ( ( #5754 ) ) GLOBAL_UNIT_ASSIGNED_CONTEXT ( ( #5131, #647, #8914 ) ) REPRESENTATION_CONTEXT ( 'NONE', 'WORKASPACE' ) );
#5379 = CARTESIAN_POINT ( 'NONE',  ( 4.578646546804878703, 4.751000000000000334, 2.121620518302036906 ) ) ;
#5380 = CARTESIAN_POINT ( 'NONE',  ( 5.801308296424873667, 4.751000000000000334, 2.945482780062832706 ) ) ;
#5381 = ORIENTED_EDGE ( 'NONE', *, *, #7432, .T. ) ;
#5382 = CARTESIAN_POINT ( 'NONE',  ( 7.452191677006362980, 4.751000000000000334, 1.631782914312548849 ) ) ;
#5383 = EDGE_CURVE ( 'NONE', #11392, #115, #9213, .T. ) ;
#5384 = SURFACE_STYLE_USAGE ( .BOTH. , #8123 ) ;
#5385 = VECTOR ( 'NONE', #7913, 1000.000000000000000 ) ;
#5386 = CARTESIAN_POINT ( 'NONE',  ( 5.576269200065953946, 4.751000000000000334, 1.982086460788947457 ) ) ;
#5387 = VECTOR ( 'NONE', #10127, 1000.000000000000000 ) ;
#5388 = CARTESIAN_POINT ( 'NONE',  ( 4.165925602383532933, 4.750000000000000000, 1.946349145016240012 ) ) ;
#5389 = ORIENTED_EDGE ( 'NONE', *, *, #11848, .T. ) ;
#5390 = FILL_AREA_STYLE_COLOUR ( '', #7777 ) ;
#5391 = CARTESIAN_POINT ( 'NONE',  ( 5.940023096017200466, 4.750000000000000000, 2.830790617506793616 ) ) ;
#5392 = CARTESIAN_POINT ( 'NONE',  ( 6.024941156825767585, 4.751000000000000334, 1.688150305370378135 ) ) ;
#5393 = EDGE_LOOP ( 'NONE', ( #1104, #2228, #8644, #8727 ) ) ;
#5394 = UNCERTAINTY_MEASURE_WITH_UNIT (LENGTH_MEASURE( 1.000000000000000082E-05 ), #6497, 'distance_accuracy_value', 'NONE');
#5395 = ORIENTED_EDGE ( 'NONE', *, *, #7937, .F. ) ;
#5396 = COLOUR_RGB ( '',0.0000000000000000000, 0.0000000000000000000, 0.0000000000000000000 ) ;
#5397 = PRESENTATION_STYLE_ASSIGNMENT (( #5334 ) ) ;
#5398 = FACE_OUTER_BOUND ( 'NONE', #3665, .T. ) ;
#5399 = ADVANCED_FACE ( 'NONE', ( #2201 ), #1088, .F. ) ;
#5400 = DIRECTION ( 'NONE',  ( -0.3492990577959537157, 0.0000000000000000000, -0.9370112956751689426 ) ) ;
#5401 = LINE ( 'NONE', #9117, #3652 ) ;
#5402 = DIRECTION ( 'NONE',  ( 0.0000000000000000000, -1.000000000000000000, 0.0000000000000000000 ) ) ;
#5403 = B_SPLINE_CURVE_WITH_KNOTS ( 'NONE', 3,
 ( #11129, #11010, #10327, #11175 ),
 .UNSPECIFIED., .F., .F.,
 ( 4, 4 ),
 ( 4.000000000000000000, 5.000000000000000000 ),
 .UNSPECIFIED. ) ;
#5404 =( GEOMETRIC_REPRESENTATION_CONTEXT ( 3 ) GLOBAL_UNCERTAINTY_ASSIGNED_CONTEXT ( ( #6400 ) ) GLOBAL_UNIT_ASSIGNED_CONTEXT ( ( #10770, #6113, #4453 ) ) REPRESENTATION_CONTEXT ( 'NONE', 'WORKASPACE' ) );
#5405 = DIRECTION ( 'NONE',  ( -0.0000000000000000000, -1.000000000000000000, -0.0000000000000000000 ) ) ;
#5406 =( NAMED_UNIT ( * ) PLANE_ANGLE_UNIT ( ) SI_UNIT ( $, .RADIAN. ) );
#5407 = PRESENTATION_LAYER_ASSIGNMENT (  '', '', ( #4032 ) ) ;
#5408 = VERTEX_POINT ( 'NONE', #3141 ) ;
#5409 = VERTEX_POINT ( 'NONE', #7834 ) ;
#5410 = LINE ( 'NONE', #10990, #4749 ) ;
#5411 = VECTOR ( 'NONE', #4371, 1000.000000000000000 ) ;
#5412 = ADVANCED_FACE ( 'NONE', ( #5966 ), #12161, .F. ) ;
#5413 = CARTESIAN_POINT ( 'NONE',  ( 5.576269200065953946, 4.750000000000000000, 1.982086460788947457 ) ) ;
#5414 = EDGE_CURVE ( 'NONE', #6359, #6611, #4063, .T. ) ;
#5415 = B_SPLINE_SURFACE_WITH_KNOTS ( 'NONE', 3, 1, ( 
 ( #1558, #8175 ),
 ( #11933, #3539 ),
 ( #2039, #2964 ),
 ( #1922, #6698 ) ),
 .UNSPECIFIED., .F., .F., .F.,
 ( 4, 4 ),
 ( 2, 2 ),
 ( 1.000000000000000000, 2.000000000000000000 ),
 ( 0.0000000000000000000, 1.000000000000000000 ),
 .UNSPECIFIED. ) ;
#5416 = FILL_AREA_STYLE_COLOUR ( '', #947 ) ;
#5417 = PRESENTATION_STYLE_ASSIGNMENT (( #2591 ) ) ;
#5418 = CARTESIAN_POINT ( 'NONE',  ( -9.999999999999998224, 3.750000000000000000, 0.4999999999999995559 ) ) ;
#5419 = CARTESIAN_POINT ( 'NONE',  ( 5.463631619092542024, 4.750000000000000000, 1.810243115892779642 ) ) ;
#5420 = LINE ( 'NONE', #10314, #3236 ) ;
#5421 = CARTESIAN_POINT ( 'NONE',  ( 5.467030124781331324, 4.750000000000000000, 1.679254426904941644 ) ) ;
#5422 = MECHANICAL_DESIGN_GEOMETRIC_PRESENTATION_REPRESENTATION (  '', ( #12073 ), #9927 ) ;
#5423 = ORIENTED_EDGE ( 'NONE', *, *, #12126, .T. ) ;
#5424 = UNCERTAINTY_MEASURE_WITH_UNIT (LENGTH_MEASURE( 1.000000000000000082E-05 ), #9995, 'distance_accuracy_value', 'NONE');
#5425 = FACE_OUTER_BOUND ( 'NONE', #7105, .T. ) ;
#5426 = ORIENTED_EDGE ( 'NONE', *, *, #7864, .F. ) ;
#5427 = LINE ( 'NONE', #10201, #5755 ) ;
#5428 = VECTOR ( 'NONE', #4172, 1000.000000000000000 ) ;
#5429 = FILL_AREA_STYLE ('',( #10767 ) ) ;
#5430 = DIRECTION ( 'NONE',  ( 0.3451999324342969189, 0.0000000000000000000, -0.9385291719746152728 ) ) ;
#5431 =( GEOMETRIC_REPRESENTATION_CONTEXT ( 3 ) GLOBAL_UNCERTAINTY_ASSIGNED_CONTEXT ( ( #2670 ) ) GLOBAL_UNIT_ASSIGNED_CONTEXT ( ( #8559, #3871, #11162 ) ) REPRESENTATION_CONTEXT ( 'NONE', 'WORKASPACE' ) );
#5432 = DIRECTION ( 'NONE',  ( -1.000000000000000000, 0.0000000000000000000, 0.0000000000000000000 ) ) ;
#5433 = DIRECTION ( 'NONE',  ( -1.000000000000000000, 0.0000000000000000000, 0.0000000000000000000 ) ) ;
#5434 = ORIENTED_EDGE ( 'NONE', *, *, #2181, .T. ) ;
#5435 = CARTESIAN_POINT ( 'NONE',  ( 4.539855585739942967, 4.750000000000000000, 2.862971384531736607 ) ) ;
#5436 = CARTESIAN_POINT ( 'NONE',  ( 0.0000000000000000000, 0.0000000000000000000, 0.0000000000000000000 ) ) ;
#5437 = FILL_AREA_STYLE_COLOUR ( '', #8998 ) ;
#5438 = CARTESIAN_POINT ( 'NONE',  ( 5.209631791485263896, 4.751000000000000334, 2.932708180580608559 ) ) ;
#5439 = COLOUR_RGB ( '',0.0000000000000000000, 0.0000000000000000000, 0.0000000000000000000 ) ;
#5440 = VECTOR ( 'NONE', #6782, 1000.000000000000000 ) ;
#5441 = SURFACE_STYLE_FILL_AREA ( #8352 ) ;
#5442 = PRESENTATION_STYLE_ASSIGNMENT (( #5620 ) ) ;
#5443 = CARTESIAN_POINT ( 'NONE',  ( 5.317244029328589860, 4.750000000000000000, 2.933471404976201846 ) ) ;
#5444 = CARTESIAN_POINT ( 'NONE',  ( 5.582732426778765245, 4.751000000000000334, 2.426899934826519889 ) ) ;
#5445 = VERTEX_POINT ( 'NONE', #8565 ) ;
#5446 = UNCERTAINTY_MEASURE_WITH_UNIT (LENGTH_MEASURE( 1.000000000000000082E-05 ), #5166, 'distance_accuracy_value', 'NONE');
#5447 = CARTESIAN_POINT ( 'NONE',  ( 9.999999999999998224, 3.750000000000000000, -4.482646401261477961E-16 ) ) ;
#5448 = MECHANICAL_DESIGN_GEOMETRIC_PRESENTATION_REPRESENTATION (  '', ( #10534 ), #11709 ) ;
#5449 = CARTESIAN_POINT ( 'NONE',  ( 4.513428274907542281, 4.751000000000000334, 2.062670113291871221 ) ) ;
#5450 = CARTESIAN_POINT ( 'NONE',  ( 5.416976395264091693, 4.750000000000000000, 1.974458048948823929 ) ) ;
#5451 = CARTESIAN_POINT ( 'NONE',  ( 5.954113105697486752, 4.750000000000000000, 1.760432852223317468 ) ) ;
#5452 = ORIENTED_EDGE ( 'NONE', *, *, #9681, .F. ) ;
#5453 =( GEOMETRIC_REPRESENTATION_CONTEXT ( 3 ) GLOBAL_UNCERTAINTY_ASSIGNED_CONTEXT ( ( #1559 ) ) GLOBAL_UNIT_ASSIGNED_CONTEXT ( ( #8790, #4152, #2314 ) ) REPRESENTATION_CONTEXT ( 'NONE', 'WORKASPACE' ) );
#5454 = CARTESIAN_POINT ( 'NONE',  ( 3.872668677285026728, 4.750000000000000000, 2.116613471301016070 ) ) ;
#5455 = CARTESIAN_POINT ( 'NONE',  ( 5.795251653786746004, 4.751000000000000334, 1.911894461898256958 ) ) ;
#5456 = ORIENTED_EDGE ( 'NONE', *, *, #358, .T. ) ;
#5457 = ORIENTED_EDGE ( 'NONE', *, *, #10066, .T. ) ;
#5458 = FILL_AREA_STYLE_COLOUR ( '', #10246 ) ;
#5459 = FILL_AREA_STYLE ('',( #1706 ) ) ;
#5460 = CARTESIAN_POINT ( 'NONE',  ( 5.192927150737901343, 4.750000000000000000, 1.677830282823520314 ) ) ;
#5461 = SURFACE_STYLE_USAGE ( .BOTH. , #2811 ) ;
#5462 = FILL_AREA_STYLE ('',( #11536 ) ) ;
#5463 = CARTESIAN_POINT ( 'NONE',  ( 6.774697009592587804, 4.751000000000000334, 2.349989511342342574 ) ) ;
#5464 = PLANE ( 'NONE',  #7161 ) ;
#5465 = DIRECTION ( 'NONE',  ( -0.007092178509971254659, -0.0000000000000000000, 0.9999748501857347316 ) ) ;
#5466 = SURFACE_STYLE_FILL_AREA ( #10064 ) ;
#5467 = SURFACE_STYLE_FILL_AREA ( #2054 ) ;
#5468 = CARTESIAN_POINT ( 'NONE',  ( 5.067603335331337000, 4.751000000000000334, 2.873213010331563844 ) ) ;
#5469 = CARTESIAN_POINT ( 'NONE',  ( 7.436142834514272160, 4.751000000000000334, 1.855802628231660867 ) ) ;
#5470 = ORIENTED_EDGE ( 'NONE', *, *, #6226, .F. ) ;
#5471 = EDGE_CURVE ( 'NONE', #10497, #6161, #5410, .T. ) ;
#5472 = ORIENTED_EDGE ( 'NONE', *, *, #7539, .F. ) ;
#5473 = CARTESIAN_POINT ( 'NONE',  ( 5.559768075817047794, 4.751000000000000334, 1.926340981356293725 ) ) ;
#5474 = EDGE_CURVE ( 'NONE', #1756, #6842, #10003, .T. ) ;
#5475 = SURFACE_SIDE_STYLE ('',( #11222 ) ) ;
#5476 = CARTESIAN_POINT ( 'NONE',  ( 7.112316406945546454, 4.750000000000000000, 1.640217546555912564 ) ) ;
#5477 = CARTESIAN_POINT ( 'NONE',  ( 8.850482589108768394, 4.750000000000000000, 1.735691567280405190 ) ) ;
#5478 = CARTESIAN_POINT ( 'NONE',  ( 8.349373239732326368, 4.751000000000000334, 2.559986120442274249 ) ) ;
#5479 = CARTESIAN_POINT ( 'NONE',  ( 3.755145885214311363, 4.750000000000000000, 1.607325549105677709 ) ) ;
#5480 = EDGE_CURVE ( 'NONE', #9711, #701, #7233, .T. ) ;
#5481 = EDGE_CURVE ( 'NONE', #726, #5919, #8941, .T. ) ;
#5482 = ORIENTED_EDGE ( 'NONE', *, *, #9754, .F. ) ;
#5483 =( LENGTH_UNIT ( ) NAMED_UNIT ( * ) SI_UNIT ( .MILLI., .METRE. ) );
#5484 = VECTOR ( 'NONE', #11161, 1000.000000000000000 ) ;
#5485 = CARTESIAN_POINT ( 'NONE',  ( 8.486584710475561621, 4.751000000000000334, 2.582649640016943859 ) ) ;
#5486 = DIRECTION ( 'NONE',  ( 1.000000000000000000, 0.0000000000000000000, 0.0000000000000000000 ) ) ;
#5487 =( NAMED_UNIT ( * ) SI_UNIT ( $, .STERADIAN. ) SOLID_ANGLE_UNIT ( ) );
#5488 = ORIENTED_EDGE ( 'NONE', *, *, #11627, .F. ) ;
#5489 = CARTESIAN_POINT ( 'NONE',  ( 8.459742334365129679, 4.750000000000000000, 2.799362588120311912 ) ) ;
#5490 = CARTESIAN_POINT ( 'NONE',  ( 7.305648111579486681, 4.751000000000000334, 2.415211233981442440 ) ) ;
#5491 = SURFACE_SIDE_STYLE ('',( #1737 ) ) ;
#5492 = PRESENTATION_STYLE_ASSIGNMENT (( #1738 ) ) ;
#5493 = SURFACE_SIDE_STYLE ('',( #7321 ) ) ;
#5494 = ORIENTED_EDGE ( 'NONE', *, *, #3548, .T. ) ;
#5495 = AXIS2_PLACEMENT_3D ( 'NONE', #2834, #11232, #11876 ) ;
#5496 = EDGE_CURVE ( 'NONE', #4698, #3036, #7184, .T. ) ;
#5497 = CARTESIAN_POINT ( 'NONE',  ( 5.733625470583528561, 4.750000000000000000, 1.621357632407724125 ) ) ;
#5498 = DIRECTION ( 'NONE',  ( 0.9999748501857348426, 0.0000000000000000000, 0.007092178509963749378 ) ) ;
#5499 = EDGE_CURVE ( 'NONE', #3020, #8110, #7091, .T. ) ;
#5500 = SURFACE_SIDE_STYLE ('',( #11936 ) ) ;
#5501 = PRESENTATION_STYLE_ASSIGNMENT (( #7208 ) ) ;
#5502 = CARTESIAN_POINT ( 'NONE',  ( 5.942858560643561106, 4.750000000000000000, 1.771270763671490389 ) ) ;
#5503 = PRESENTATION_LAYER_ASSIGNMENT (  '', '', ( #9386 ) ) ;
#5504 = ORIENTED_EDGE ( 'NONE', *, *, #515, .T. ) ;
#5505 = DIRECTION ( 'NONE',  ( -1.000000000000000000, 0.0000000000000000000, 0.0000000000000000000 ) ) ;
#5506 = DIRECTION ( 'NONE',  ( -0.0000000000000000000, -1.000000000000000000, -0.0000000000000000000 ) ) ;
#5507 = CARTESIAN_POINT ( 'NONE',  ( 3.682624594497005965, 4.751000000000000334, 1.606811202230409075 ) ) ;
#5508 = EDGE_LOOP ( 'NONE', ( #1394, #11705, #1317, #1196 ) ) ;
#5509 = FILL_AREA_STYLE ('',( #1754 ) ) ;
#5510 = PRESENTATION_LAYER_ASSIGNMENT (  '', '', ( #6102 ) ) ;
#5511 = FACE_OUTER_BOUND ( 'NONE', #1391, .T. ) ;
#5512 = ORIENTED_EDGE ( 'NONE', *, *, #11833, .T. ) ;
#5513 = UNCERTAINTY_MEASURE_WITH_UNIT (LENGTH_MEASURE( 1.000000000000000082E-05 ), #1428, 'distance_accuracy_value', 'NONE');
#5514 = B_SPLINE_SURFACE_WITH_KNOTS ( 'NONE', 3, 1, ( 
 ( #7862, #3356 ),
 ( #11745, #7077 ),
 ( #5185, #2428 ),
 ( #8991, #1408 ) ),
 .UNSPECIFIED., .F., .F., .F.,
 ( 4, 4 ),
 ( 2, 2 ),
 ( 0.0000000000000000000, 1.000000000000000000 ),
 ( 0.0000000000000000000, 1.000000000000000000 ),
 .UNSPECIFIED. ) ;
#5515 = ORIENTED_EDGE ( 'NONE', *, *, #6668, .F. ) ;
#5516 = CARTESIAN_POINT ( 'NONE',  ( 7.443372478218416077, 4.750000000000000000, 1.855853903444935948 ) ) ;
#5517 = SURFACE_SIDE_STYLE ('',( #3563 ) ) ;
#5518 =( GEOMETRIC_REPRESENTATION_CONTEXT ( 3 ) GLOBAL_UNCERTAINTY_ASSIGNED_CONTEXT ( ( #4330 ) ) GLOBAL_UNIT_ASSIGNED_CONTEXT ( ( #10721, #11816, #639 ) ) REPRESENTATION_CONTEXT ( 'NONE', 'WORKASPACE' ) );
#5519 = VECTOR ( 'NONE', #3030, 1000.000000000000000 ) ;
#5520 = FILL_AREA_STYLE ('',( #4657 ) ) ;
#5521 = FILL_AREA_STYLE_COLOUR ( '', #6742 ) ;
#5522 = LINE ( 'NONE', #9996, #10493 ) ;
#5523 = PLANE ( 'NONE',  #9545 ) ;
#5524 = SURFACE_STYLE_USAGE ( .BOTH. , #8533 ) ;
#5525 = LINE ( 'NONE', #1584, #6029 ) ;
#5526 = CARTESIAN_POINT ( 'NONE',  ( 4.290225155933111267, 4.750000000000000000, 2.013257010046226814 ) ) ;
#5527 = MECHANICAL_DESIGN_GEOMETRIC_PRESENTATION_REPRESENTATION (  '', ( #2766 ), #5909 ) ;
#5528 = ORIENTED_EDGE ( 'NONE', *, *, #5066, .T. ) ;
#5529 = MECHANICAL_DESIGN_GEOMETRIC_PRESENTATION_REPRESENTATION (  '', ( #9224 ), #4345 ) ;
#5530 =( NAMED_UNIT ( * ) PLANE_ANGLE_UNIT ( ) SI_UNIT ( $, .RADIAN. ) );
#5531 = UNCERTAINTY_MEASURE_WITH_UNIT (LENGTH_MEASURE( 1.000000000000000082E-05 ), #6092, 'distance_accuracy_value', 'NONE');
#5532 = PRESENTATION_STYLE_ASSIGNMENT (( #11109 ) ) ;
#5533 = DIRECTION ( 'NONE',  ( 0.0000000000000000000, 0.0000000000000000000, -1.000000000000000000 ) ) ;
#5534 = CARTESIAN_POINT ( 'NONE',  ( 5.796263755702638854, 4.751000000000000334, 1.769191276932375212 ) ) ;
#5535 = CARTESIAN_POINT ( 'NONE',  ( 5.945644884347442982, 4.750000000000000000, 2.532932354128212715 ) ) ;
#5536 = MECHANICAL_DESIGN_GEOMETRIC_PRESENTATION_REPRESENTATION (  '', ( #1209 ), #3957 ) ;
#5537 = ADVANCED_FACE ( 'NONE', ( #11665 ), #6205, .F. ) ;
#5538 = DIRECTION ( 'NONE',  ( 0.3592492403233727427, 0.0000000000000000000, 0.9332416532319373070 ) ) ;
#5539 = MECHANICAL_DESIGN_GEOMETRIC_PRESENTATION_REPRESENTATION (  '', ( #8440 ), #4553 ) ;
#5540 = DIRECTION ( 'NONE',  ( -0.0000000000000000000, -1.000000000000000000, -0.0000000000000000000 ) ) ;
#5541 = CARTESIAN_POINT ( 'NONE',  ( 4.648716840333255718, 4.751000000000000334, 2.559346681875779517 ) ) ;
#5542 = CARTESIAN_POINT ( 'NONE',  ( 5.825310698065924164, 4.750000000000000000, 2.420042167947327183 ) ) ;
#5543 = ORIENTED_EDGE ( 'NONE', *, *, #6454, .T. ) ;
#5544 =( GEOMETRIC_REPRESENTATION_CONTEXT ( 3 ) GLOBAL_UNCERTAINTY_ASSIGNED_CONTEXT ( ( #5531 ) ) GLOBAL_UNIT_ASSIGNED_CONTEXT ( ( #6092, #1421, #9110 ) ) REPRESENTATION_CONTEXT ( 'NONE', 'WORKASPACE' ) );
#5545 = CARTESIAN_POINT ( 'NONE',  ( 4.885703005539357768, 4.750000000000000000, 1.673311825395795482 ) ) ;
#5546 = UNCERTAINTY_MEASURE_WITH_UNIT (LENGTH_MEASURE( 1.000000000000000082E-05 ), #11509, 'distance_accuracy_value', 'NONE');
#5547 = CARTESIAN_POINT ( 'NONE',  ( 8.349373239732326368, 4.750000000000000000, 2.559986120442274249 ) ) ;
#5548 =( NAMED_UNIT ( * ) PLANE_ANGLE_UNIT ( ) SI_UNIT ( $, .RADIAN. ) );
#5549 = EDGE_LOOP ( 'NONE', ( #3160, #8661, #4894, #11263 ) ) ;
#5550 = CARTESIAN_POINT ( 'NONE',  ( 8.488661322871575265, 4.751000000000000334, 2.799567691907449696 ) ) ;
#5551 = LINE ( 'NONE', #11551, #6678 ) ;
#5552 = ADVANCED_FACE ( 'NONE', ( #2588 ), #10072, .F. ) ;
#5553 = FACE_OUTER_BOUND ( 'NONE', #5785, .T. ) ;
#5554 = ORIENTED_EDGE ( 'NONE', *, *, #4066, .F. ) ;
#5555 = STYLED_ITEM ( 'NONE', ( #3785 ), #6887 ) ;
#5556 = VECTOR ( 'NONE', #11736, 1000.000000000000000 ) ;
#5557 = FILL_AREA_STYLE_COLOUR ( '', #1822 ) ;
#5558 = CARTESIAN_POINT ( 'NONE',  ( 6.284844404620406166, 4.751000000000000334, 2.940333972156369935 ) ) ;
#5559 = PRESENTATION_LAYER_ASSIGNMENT (  '', '', ( #9453 ) ) ;
#5560 = VECTOR ( 'NONE', #4913, 1000.000000000000000 ) ;
#5561 = COLOUR_RGB ( '',0.6470588235294117974, 0.6470588235294117974, 0.6470588235294117974 ) ;
#5562 = EDGE_LOOP ( 'NONE', ( #10402, #1084, #1947, #10635 ) ) ;
#5563 = CARTESIAN_POINT ( 'NONE',  ( 5.941925765637444457, 4.751000000000000334, 1.682882502287691651 ) ) ;
#5564 = EDGE_CURVE ( 'NONE', #1756, #1911, #8201, .T. ) ;
#5565 =( LENGTH_UNIT ( ) NAMED_UNIT ( * ) SI_UNIT ( .MILLI., .METRE. ) );
#5566 = EDGE_CURVE ( 'NONE', #7621, #10381, #4547, .T. ) ;
#5567 = CARTESIAN_POINT ( 'NONE',  ( 5.579697231358384357, 4.750000000000000000, 1.663676903184503786 ) ) ;
#5568 = FILL_AREA_STYLE_COLOUR ( '', #7159 ) ;
#5569 = ORIENTED_EDGE ( 'NONE', *, *, #4926, .F. ) ;
#5570 = CARTESIAN_POINT ( 'NONE',  ( 4.165925602383532933, 4.751000000000000334, 1.946349145016240012 ) ) ;
#5571 = EDGE_CURVE ( 'NONE', #1078, #9084, #6194, .T. ) ;
#5572 =( GEOMETRIC_REPRESENTATION_CONTEXT ( 3 ) GLOBAL_UNCERTAINTY_ASSIGNED_CONTEXT ( ( #755 ) ) GLOBAL_UNIT_ASSIGNED_CONTEXT ( ( #8844, #5004, #4139 ) ) REPRESENTATION_CONTEXT ( 'NONE', 'WORKASPACE' ) );
#5573 =( LENGTH_UNIT ( ) NAMED_UNIT ( * ) SI_UNIT ( .MILLI., .METRE. ) );
#5574 = STYLED_ITEM ( 'NONE', ( #8224 ), #11485 ) ;
#5575 = CARTESIAN_POINT ( 'NONE',  ( 7.937123649156475835, 4.750000000000000000, 1.559306044348946818 ) ) ;
#5576 = VERTEX_POINT ( 'NONE', #10249 ) ;
#5577 = VERTEX_POINT ( 'NONE', #7298 ) ;
#5578 =( NAMED_UNIT ( * ) SI_UNIT ( $, .STERADIAN. ) SOLID_ANGLE_UNIT ( ) );
#5580 =( GEOMETRIC_REPRESENTATION_CONTEXT ( 3 ) GLOBAL_UNCERTAINTY_ASSIGNED_CONTEXT ( ( #5446 ) ) GLOBAL_UNIT_ASSIGNED_CONTEXT ( ( #5166, #5290, #3649 ) ) REPRESENTATION_CONTEXT ( 'NONE', 'WORKASPACE' ) );
#5579 = DIRECTION ( 'NONE',  ( 0.3475765303544195439, -0.0000000000000000000, -0.9376516173647775343 ) ) ;
#5581 = PRESENTATION_STYLE_ASSIGNMENT (( #6658 ) ) ;
#5582 = EDGE_LOOP ( 'NONE', ( #6891, #1069 ) ) ;
#5583 = CARTESIAN_POINT ( 'NONE',  ( 5.422269103503259302, 4.751000000000000334, 1.777976398121686508 ) ) ;
#5584 = SURFACE_STYLE_USAGE ( .BOTH. , #4779 ) ;
#5585 = DIRECTION ( 'NONE',  ( 0.007092178509965090319, -0.0000000000000000000, -0.9999748501857348426 ) ) ;
#5586 = DIRECTION ( 'NONE',  ( -0.007092178509964204743, 0.0000000000000000000, 0.9999748501857348426 ) ) ;
#5587 = SURFACE_STYLE_USAGE ( .BOTH. , #10183 ) ;
#5588 = SURFACE_SIDE_STYLE ('',( #8144 ) ) ;
#5589 = B_SPLINE_CURVE_WITH_KNOTS ( 'NONE', 3,
 ( #8154, #1369, #10818, #1547 ),
 .UNSPECIFIED., .F., .F.,
 ( 4, 4 ),
 ( 15.00000000000000000, 16.00000000000000000 ),
 .UNSPECIFIED. ) ;
#5590 = VERTEX_POINT ( 'NONE', #837 ) ;
#5591 = LINE ( 'NONE', #2650, #10054 ) ;
#5592 = CARTESIAN_POINT ( 'NONE',  ( 5.796910837255423665, 4.750000000000000000, 1.677954814413354256 ) ) ;
#5593 = CARTESIAN_POINT ( 'NONE',  ( 5.442876645918871326, 4.751000000000000334, 1.639571327278545931 ) ) ;
#5594 = SURFACE_STYLE_USAGE ( .BOTH. , #3758 ) ;
#5595 = STYLED_ITEM ( 'NONE', ( #7743 ), #2789 ) ;
#5596 = CARTESIAN_POINT ( 'NONE',  ( 4.797445472848246517, 4.751000000000000334, 2.682056254219147728 ) ) ;
#5597 = DIRECTION ( 'NONE',  ( -1.000000000000000000, 0.0000000000000000000, 0.0000000000000000000 ) ) ;
#5598 = MECHANICAL_DESIGN_GEOMETRIC_PRESENTATION_REPRESENTATION (  '', ( #4032 ), #79 ) ;
#5599 = DIRECTION ( 'NONE',  ( -0.007092178509967096527, -0.0000000000000000000, 0.9999748501857348426 ) ) ;
#5600 = CARTESIAN_POINT ( 'NONE',  ( 5.619264193944027319, 4.751000000000000334, 1.619246811335037783 ) ) ;
#5601 = CARTESIAN_POINT ( 'NONE',  ( 5.492229796492457794, 4.751000000000000334, 1.663056552920932019 ) ) ;
#5602 = VERTEX_POINT ( 'NONE', #2705 ) ;
#5603 = AXIS2_PLACEMENT_3D ( 'NONE', #538, #469, #2454 ) ;
#5604 = EDGE_CURVE ( 'NONE', #2270, #849, #11017, .T. ) ;
#5605 = AXIS2_PLACEMENT_3D ( 'NONE', #8501, #280, #11415 ) ;
#5606 = FILL_AREA_STYLE_COLOUR ( '', #10817 ) ;
#5607 = CARTESIAN_POINT ( 'NONE',  ( 6.354083431125243209, 4.750000000000000000, 2.432370631430188723 ) ) ;
#5608 = ORIENTED_EDGE ( 'NONE', *, *, #1130, .F. ) ;
#5609 = CARTESIAN_POINT ( 'NONE',  ( 7.443372478218416077, 4.750000000000000000, 1.855853903444935948 ) ) ;
#5610 = CARTESIAN_POINT ( 'NONE',  ( 5.893434448391693614, 4.750000000000000000, 1.666161985511055210 ) ) ;
#5611 = CARTESIAN_POINT ( 'NONE',  ( 5.797309041287892484, 4.751000000000000334, 1.621809299018642569 ) ) ;
#5612 = CARTESIAN_POINT ( 'NONE',  ( 5.530039856534351372, 4.750000000000000000, 1.939647331084633386 ) ) ;
#5613 = COLOUR_RGB ( '',0.0000000000000000000, 0.0000000000000000000, 0.0000000000000000000 ) ;
#5614 = VERTEX_POINT ( 'NONE', #3813 ) ;
#5615 = CARTESIAN_POINT ( 'NONE',  ( 6.996768507457382213, 4.751000000000000334, 2.131045987306499079 ) ) ;
#5616 = STYLED_ITEM ( 'NONE', ( #6874 ), #9839 ) ;
#5617 = FILL_AREA_STYLE ('',( #11315 ) ) ;
#5618 = EDGE_CURVE ( 'NONE', #11131, #5204, #618, .T. ) ;
#5619 = COLOUR_RGB ( '',0.0000000000000000000, 0.0000000000000000000, 0.0000000000000000000 ) ;
#5620 = SURFACE_STYLE_USAGE ( .BOTH. , #864 ) ;
#5621 = FILL_AREA_STYLE ('',( #1805 ) ) ;
#5622 = ORIENTED_EDGE ( 'NONE', *, *, #1492, .F. ) ;
#5623 = CARTESIAN_POINT ( 'NONE',  ( 3.901194950936028860, 4.751000000000000334, 2.016216681361961083 ) ) ;
#5624 = CARTESIAN_POINT ( 'NONE',  ( -11.00000000000000000, -4.750000000000000000, 9.499999999999998224 ) ) ;
#5625 = PRESENTATION_STYLE_ASSIGNMENT (( #3674 ) ) ;
#5626 = SURFACE_SIDE_STYLE ('',( #4522 ) ) ;
#5627 = VERTEX_POINT ( 'NONE', #11283 ) ;
#5628 = SURFACE_STYLE_USAGE ( .BOTH. , #6648 ) ;
#5629 = COLOUR_RGB ( '',0.0000000000000000000, 0.0000000000000000000, 0.0000000000000000000 ) ;
#5630 = SURFACE_SIDE_STYLE ('',( #2055 ) ) ;
#5631 = VECTOR ( 'NONE', #4901, 1000.000000000000000 ) ;
#5632 = CARTESIAN_POINT ( 'NONE',  ( 7.320312642992590213, 4.751000000000000334, 2.896118056044793221 ) ) ;
#5633 = ORIENTED_EDGE ( 'NONE', *, *, #2160, .F. ) ;
#5634 = UNCERTAINTY_MEASURE_WITH_UNIT (LENGTH_MEASURE( 1.000000000000000082E-05 ), #9887, 'distance_accuracy_value', 'NONE');
#5635 = EDGE_CURVE ( 'NONE', #499, #9579, #5591, .T. ) ;
#5636 = EDGE_CURVE ( 'NONE', #4767, #2955, #9312, .T. ) ;
#5637 = EDGE_CURVE ( 'NONE', #1967, #1926, #1643, .T. ) ;
#5638 = ORIENTED_EDGE ( 'NONE', *, *, #3692, .F. ) ;
#5639 = PRESENTATION_STYLE_ASSIGNMENT (( #1637 ) ) ;
#5640 = FACE_OUTER_BOUND ( 'NONE', #4105, .T. ) ;
#5641 = LINE ( 'NONE', #11274, #4240 ) ;
#5642 = PLANE ( 'NONE',  #7858 ) ;
#5643 = PRESENTATION_STYLE_ASSIGNMENT (( #4601 ) ) ;
#5644 = LINE ( 'NONE', #5696, #8687 ) ;
#5645 = EDGE_LOOP ( 'NONE', ( #3153, #9490, #7921, #12008 ) ) ;
#5646 = CARTESIAN_POINT ( 'NONE',  ( 5.945644884347442982, 4.750000000000000000, 2.532932354128212715 ) ) ;
#5647 =( NAMED_UNIT ( * ) PLANE_ANGLE_UNIT ( ) SI_UNIT ( $, .RADIAN. ) );
#5648 = COLOUR_RGB ( '',0.0000000000000000000, 0.0000000000000000000, 0.0000000000000000000 ) ;
#5649 = SURFACE_SIDE_STYLE ('',( #1895 ) ) ;
#5650 = PRESENTATION_LAYER_ASSIGNMENT (  '', '', ( #4266 ) ) ;
#5651 = CARTESIAN_POINT ( 'NONE',  ( 7.332772440236989375, 4.751000000000000334, 2.668457728513866645 ) ) ;
#5652 = EDGE_LOOP ( 'NONE', ( #1554, #9039, #4100, #143, #11640, #11074, #7848, #8480, #7843, #2086, #693, #3778, #12055, #5124, #7220, #5078, #6075, #8298, #6112, #754, #11548, #3452, #10888, #9483, #11125, #8339, #8548, #2564, #6963, #576, #6693, #11487, #9634 ) ) ;
#5653 = EDGE_CURVE ( 'NONE', #9986, #9667, #10276, .T. ) ;
#5654 = SURFACE_STYLE_USAGE ( .BOTH. , #10365 ) ;
#5655 = EDGE_CURVE ( 'NONE', #7518, #8792, #8432, .T. ) ;
#5656 = COLOUR_RGB ( '',0.6470588235294117974, 0.6470588235294117974, 0.6470588235294117974 ) ;
#5657 = CARTESIAN_POINT ( 'NONE',  ( 5.475064039375723723, 4.750000000000000000, 1.939257422969496547 ) ) ;
#5658 = FILL_AREA_STYLE_COLOUR ( '', #7039 ) ;
#5659 = DIRECTION ( 'NONE',  ( -0.3592492403233727427, -0.0000000000000000000, -0.9332416532319373070 ) ) ;
#5660 = CARTESIAN_POINT ( 'NONE',  ( 5.680976860943950157, 4.751000000000000334, 2.923833665243924074 ) ) ;
#5661 = CARTESIAN_POINT ( 'NONE',  ( 8.850636211324955482, 4.750000000000000000, 2.223725738735952362 ) ) ;
#5662 = FILL_AREA_STYLE_COLOUR ( '', #10125 ) ;
#5663 = ORIENTED_EDGE ( 'NONE', *, *, #2941, .F. ) ;
#5664 = B_SPLINE_CURVE_WITH_KNOTS ( 'NONE', 3,
 ( #3092, #10009, #2530, #8266 ),
 .UNSPECIFIED., .F., .F.,
 ( 4, 4 ),
 ( 10.00000000000000000, 11.00000000000000000 ),
 .UNSPECIFIED. ) ;
#5665 = DIRECTION ( 'NONE',  ( -0.0000000000000000000, -1.000000000000000000, -0.0000000000000000000 ) ) ;
#5666 = UNCERTAINTY_MEASURE_WITH_UNIT (LENGTH_MEASURE( 1.000000000000000082E-05 ), #2581, 'distance_accuracy_value', 'NONE');
#5667 = LINE ( 'NONE', #11303, #10637 ) ;
#5668 = FACE_OUTER_BOUND ( 'NONE', #11687, .T. ) ;
#5669 = ORIENTED_EDGE ( 'NONE', *, *, #3401, .T. ) ;
#5670 = CARTESIAN_POINT ( 'NONE',  ( 3.919000357439532678, 4.750000000000000000, 2.016342963659302434 ) ) ;
#5671 = CARTESIAN_POINT ( 'NONE',  ( 4.797445472848246517, 4.750000000000000000, 2.682056254219147728 ) ) ;
#5672 = ORIENTED_EDGE ( 'NONE', *, *, #5082, .T. ) ;
#5673 = STYLED_ITEM ( 'NONE', ( #9496 ), #7406 ) ;
#5674 = SURFACE_STYLE_USAGE ( .BOTH. , #9339 ) ;
#5675 = ORIENTED_EDGE ( 'NONE', *, *, #737, .T. ) ;
#5676 = CARTESIAN_POINT ( 'NONE',  ( 5.408217057489516755, 4.750000000000000000, 1.761760082963730545 ) ) ;
#5677 = DIRECTION ( 'NONE',  ( 0.0000000000000000000, 0.0000000000000000000, -1.000000000000000000 ) ) ;
#5678 = VERTEX_POINT ( 'NONE', #6383 ) ;
#5679 = SURFACE_STYLE_FILL_AREA ( #4817 ) ;
#5680 = CARTESIAN_POINT ( 'NONE',  ( 4.686258784649957043, 4.751000000000000334, 2.122383742697642628 ) ) ;
#5681 = MECHANICAL_DESIGN_GEOMETRIC_PRESENTATION_REPRESENTATION (  '', ( #6463 ), #10378 ) ;
#5682 = DIRECTION ( 'NONE',  ( -1.000000000000000000, -0.0000000000000000000, -0.0000000000000000000 ) ) ;
#5683 = ORIENTED_EDGE ( 'NONE', *, *, #11979, .F. ) ;
#5684 = EDGE_CURVE ( 'NONE', #8069, #4095, #9246, .T. ) ;
#5685 =( NAMED_UNIT ( * ) PLANE_ANGLE_UNIT ( ) SI_UNIT ( $, .RADIAN. ) );
#5686 =( LENGTH_UNIT ( ) NAMED_UNIT ( * ) SI_UNIT ( .MILLI., .METRE. ) );
#5687 = LINE ( 'NONE', #8479, #7643 ) ;
#5688 = EDGE_LOOP ( 'NONE', ( #1527, #8241, #10957, #10148 ) ) ;
#5689 = FILL_AREA_STYLE_COLOUR ( '', #1614 ) ;
#5690 =( GEOMETRIC_REPRESENTATION_CONTEXT ( 3 ) GLOBAL_UNCERTAINTY_ASSIGNED_CONTEXT ( ( #9443 ) ) GLOBAL_UNIT_ASSIGNED_CONTEXT ( ( #6089, #4173, #3201 ) ) REPRESENTATION_CONTEXT ( 'NONE', 'WORKASPACE' ) );
#5691 = VERTEX_POINT ( 'NONE', #1719 ) ;
#5692 =( NAMED_UNIT ( * ) SI_UNIT ( $, .STERADIAN. ) SOLID_ANGLE_UNIT ( ) );
#5693 = DIRECTION ( 'NONE',  ( 0.9999748501857348426, -0.0000000000000000000, 0.007092178509964221222 ) ) ;
#5694 =( NAMED_UNIT ( * ) SI_UNIT ( $, .STERADIAN. ) SOLID_ANGLE_UNIT ( ) );
#5695 = LINE ( 'NONE', #3860, #1313 ) ;
#5696 = CARTESIAN_POINT ( 'NONE',  ( 4.882922951460731298, 4.750000000000000000, 2.065290701403772022 ) ) ;
#5697 = ORIENTED_EDGE ( 'NONE', *, *, #8654, .T. ) ;
#5698 = EDGE_CURVE ( 'NONE', #5798, #7030, #6614, .T. ) ;
#5699 =( NAMED_UNIT ( * ) PLANE_ANGLE_UNIT ( ) SI_UNIT ( $, .RADIAN. ) );
#5700 = ADVANCED_FACE ( 'NONE', ( #960 ), #6285, .F. ) ;
#5701 = LINE ( 'NONE', #9418, #12057 ) ;
#5702 =( NAMED_UNIT ( * ) SI_UNIT ( $, .STERADIAN. ) SOLID_ANGLE_UNIT ( ) );
#5703 = DIRECTION ( 'NONE',  ( 0.8873869422626031733, 0.0000000000000000000, -0.4610253948556710113 ) ) ;
#5704 = B_SPLINE_CURVE_WITH_KNOTS ( 'NONE', 3,
 ( #11418, #3009, #6743, #5897 ),
 .UNSPECIFIED., .F., .F.,
 ( 4, 4 ),
 ( 11.00000000000000000, 12.00000000000000000 ),
 .UNSPECIFIED. ) ;
#5705 = DIRECTION ( 'NONE',  ( 0.9999748501857348426, -0.0000000000000000000, 0.007092178509963184725 ) ) ;
#5706 = ORIENTED_EDGE ( 'NONE', *, *, #3592, .T. ) ;
#5707 = PRESENTATION_STYLE_ASSIGNMENT (( #5654 ) ) ;
#5708 = COLOUR_RGB ( '',0.0000000000000000000, 0.0000000000000000000, 0.0000000000000000000 ) ;
#5709 =( NAMED_UNIT ( * ) SI_UNIT ( $, .STERADIAN. ) SOLID_ANGLE_UNIT ( ) );
#5710 = B_SPLINE_SURFACE_WITH_KNOTS ( 'NONE', 3, 1, ( 
 ( #11771, #9114 ),
 ( #4480, #8140 ),
 ( #8194, #6139 ),
 ( #8995, #3508 ) ),
 .UNSPECIFIED., .F., .F., .F.,
 ( 4, 4 ),
 ( 2, 2 ),
 ( 18.00000000000000000, 19.00000000000000000 ),
 ( 0.0000000000000000000, 1.000000000000000000 ),
 .UNSPECIFIED. ) ;
#5711 = SURFACE_STYLE_FILL_AREA ( #94 ) ;
#5712 = CARTESIAN_POINT ( 'NONE',  ( 4.872846275826086426, 4.751000000000000334, 2.862993559193159232 ) ) ;
#5713 = EDGE_CURVE ( 'NONE', #52, #10002, #8680, .T. ) ;
#5714 = CARTESIAN_POINT ( 'NONE',  ( -18.12000000000000099, 0.0000000000000000000, -5.000000000000000000 ) ) ;
#5715 = ADVANCED_FACE ( 'NONE', ( #9559 ), #11590, .F. ) ;
#5716 = LINE ( 'NONE', #7712, #2870 ) ;
#5717 =( NAMED_UNIT ( * ) SI_UNIT ( $, .STERADIAN. ) SOLID_ANGLE_UNIT ( ) );
#5718 =( GEOMETRIC_REPRESENTATION_CONTEXT ( 3 ) GLOBAL_UNCERTAINTY_ASSIGNED_CONTEXT ( ( #8000 ) ) GLOBAL_UNIT_ASSIGNED_CONTEXT ( ( #4863, #163, #1235 ) ) REPRESENTATION_CONTEXT ( 'NONE', 'WORKASPACE' ) );
#5719 = LINE ( 'NONE', #3010, #4827 ) ;
#5720 = VECTOR ( 'NONE', #1936, 1000.000000000000114 ) ;
#5721 = EDGE_CURVE ( 'NONE', #3671, #6956, #4847, .T. ) ;
#5722 = CARTESIAN_POINT ( 'NONE',  ( 5.801308296424873667, 4.751000000000000334, 2.945482780062832706 ) ) ;
#5723 = VERTEX_POINT ( 'NONE', #6671 ) ;
#5724 = ADVANCED_FACE ( 'NONE', ( #150 ), #334, .F. ) ;
#5725 = CARTESIAN_POINT ( 'NONE',  ( 5.579487039110382796, 4.751000000000000334, 1.876571200081450508 ) ) ;
#5726 = CARTESIAN_POINT ( 'NONE',  ( 5.482928423974117393, 4.751000000000000334, 1.746693201634514692 ) ) ;
#5727 = CARTESIAN_POINT ( 'NONE',  ( 6.292546702989430862, 4.750000000000000000, 1.854334141944649961 ) ) ;
#5728 = CARTESIAN_POINT ( 'NONE',  ( 4.167018819935679019, 4.750000000000000000, 1.792208910616929662 ) ) ;
#5729 =( GEOMETRIC_REPRESENTATION_CONTEXT ( 3 ) GLOBAL_UNCERTAINTY_ASSIGNED_CONTEXT ( ( #4301 ) ) GLOBAL_UNIT_ASSIGNED_CONTEXT ( ( #11796, #9079, #619 ) ) REPRESENTATION_CONTEXT ( 'NONE', 'WORKASPACE' ) );
#5730 = VERTEX_POINT ( 'NONE', #9934 ) ;
#5731 = CARTESIAN_POINT ( 'NONE',  ( 5.083817024422867981, 4.750000000000000000, 1.979893544294149654 ) ) ;
#5732 = CARTESIAN_POINT ( 'NONE',  ( 5.509505154144900274, 4.751000000000000334, 1.939501691646833503 ) ) ;
#5733 = FILL_AREA_STYLE ('',( #3885 ) ) ;
#5734 = SURFACE_STYLE_USAGE ( .BOTH. , #3833 ) ;
#5735 = CARTESIAN_POINT ( 'NONE',  ( 8.405570455151950782, 4.750000000000000000, 2.791748271027798989 ) ) ;
#5736 = ORIENTED_EDGE ( 'NONE', *, *, #567, .F. ) ;
#5737 =( LENGTH_UNIT ( ) NAMED_UNIT ( * ) SI_UNIT ( .MILLI., .METRE. ) );
#5738 = COLOUR_RGB ( '',0.0000000000000000000, 0.0000000000000000000, 0.0000000000000000000 ) ;
#5739 = SURFACE_STYLE_FILL_AREA ( #8351 ) ;
#5740 = VERTEX_POINT ( 'NONE', #2326 ) ;
#5741 = FACE_OUTER_BOUND ( 'NONE', #4617, .T. ) ;
#5742 =( NAMED_UNIT ( * ) SI_UNIT ( $, .STERADIAN. ) SOLID_ANGLE_UNIT ( ) );
#5743 = CARTESIAN_POINT ( 'NONE',  ( 5.184920842784719319, 4.750000000000000000, 1.707147399115480413 ) ) ;
#5744 = ORIENTED_EDGE ( 'NONE', *, *, #1578, .F. ) ;
#5745 = SURFACE_STYLE_USAGE ( .BOTH. , #4756 ) ;
#5746 = CARTESIAN_POINT ( 'NONE',  ( 8.792746823891690156, 4.750000000000000000, 2.740268381345278836 ) ) ;
#5747 = CARTESIAN_POINT ( 'NONE',  ( 4.537116153298770271, 4.751000000000000334, 2.846055464413908886 ) ) ;
#5748 = ORIENTED_EDGE ( 'NONE', *, *, #9972, .T. ) ;
#5749 = CARTESIAN_POINT ( 'NONE',  ( 4.885336008198335023, 4.750000000000000000, 2.568043411908375706 ) ) ;
#5750 = CARTESIAN_POINT ( 'NONE',  ( 4.951747182100116440, 4.751000000000000334, 1.615812272547964223 ) ) ;
#5751 = STYLED_ITEM ( 'NONE', ( #3874 ), #157 ) ;
#5752 =( NAMED_UNIT ( * ) PLANE_ANGLE_UNIT ( ) SI_UNIT ( $, .RADIAN. ) );
#5753 = ORIENTED_EDGE ( 'NONE', *, *, #5030, .F. ) ;
#5754 = UNCERTAINTY_MEASURE_WITH_UNIT (LENGTH_MEASURE( 1.000000000000000082E-05 ), #5131, 'distance_accuracy_value', 'NONE');
#5755 = VECTOR ( 'NONE', #4506, 1000.000000000000000 ) ;
#5756 =( LENGTH_UNIT ( ) NAMED_UNIT ( * ) SI_UNIT ( .MILLI., .METRE. ) );
#5757 = AXIS2_PLACEMENT_3D ( 'NONE', #3035, #1253, #2222 ) ;
#5758 = COLOUR_RGB ( '',0.0000000000000000000, 0.0000000000000000000, 0.0000000000000000000 ) ;
#5759 = ORIENTED_EDGE ( 'NONE', *, *, #10283, .F. ) ;
#5760 =( NAMED_UNIT ( * ) PLANE_ANGLE_UNIT ( ) SI_UNIT ( $, .RADIAN. ) );
#5761 = ADVANCED_FACE ( 'NONE', ( #8926 ), #4725, .F. ) ;
#5762 = CARTESIAN_POINT ( 'NONE',  ( 5.796910837255422777, 4.751000000000000334, 1.677954814413354256 ) ) ;
#5763 = FILL_AREA_STYLE_COLOUR ( '', #3978 ) ;
#5764 = CARTESIAN_POINT ( 'NONE',  ( 4.872846275826086426, 4.751000000000000334, 2.862993559193159232 ) ) ;
#5765 = B_SPLINE_CURVE_WITH_KNOTS ( 'NONE', 3,
 ( #6440, #4548, #8150, #840 ),
 .UNSPECIFIED., .F., .F.,
 ( 4, 4 ),
 ( 5.000000000000000000, 6.000000000000000000 ),
 .UNSPECIFIED. ) ;
#5766 = EDGE_LOOP ( 'NONE', ( #7244, #3891, #16, #4592 ) ) ;
#5767 = FACE_OUTER_BOUND ( 'NONE', #1055, .T. ) ;
#5768 = PRESENTATION_LAYER_ASSIGNMENT (  '', '', ( #6156 ) ) ;
#5769 = CARTESIAN_POINT ( 'NONE',  ( 6.773517796556638437, 4.751000000000000334, 2.006550695619879754 ) ) ;
#5770 = CARTESIAN_POINT ( 'NONE',  ( 7.808526143341535608, 4.750000000000000000, 2.870660180011683327 ) ) ;
#5771 = VERTEX_POINT ( 'NONE', #9869 ) ;
#5772 = ORIENTED_EDGE ( 'NONE', *, *, #5571, .T. ) ;
#5773 = DIRECTION ( 'NONE',  ( 0.0000000000000000000, -1.000000000000000000, 0.0000000000000000000 ) ) ;
#5774 = EDGE_CURVE ( 'NONE', #6753, #5576, #8990, .T. ) ;
#5775 =( NAMED_UNIT ( * ) SI_UNIT ( $, .STERADIAN. ) SOLID_ANGLE_UNIT ( ) );
#5776 = SURFACE_SIDE_STYLE ('',( #3926 ) ) ;
#5777 = CARTESIAN_POINT ( 'NONE',  ( 4.290225155933111267, 4.750000000000000000, 2.013257010046226814 ) ) ;
#5778 = PRESENTATION_STYLE_ASSIGNMENT (( #1027 ) ) ;
#5779 = PRESENTATION_LAYER_ASSIGNMENT (  '', '', ( #11059 ) ) ;
#5780 = CARTESIAN_POINT ( 'NONE',  ( 4.866470573614145145, 4.750000000000000000, 2.680726182749451070 ) ) ;
#5781 = CARTESIAN_POINT ( 'NONE',  ( 7.935713559275157536, 4.751000000000000334, 1.758124279936008172 ) ) ;
#5782 = CARTESIAN_POINT ( 'NONE',  ( 5.876818815972950638, 4.751000000000000334, 2.946018327615769650 ) ) ;
#5783 = VECTOR ( 'NONE', #9268, 1000.000000000000114 ) ;
#5784 = LINE ( 'NONE', #11419, #4517 ) ;
#5785 = EDGE_LOOP ( 'NONE', ( #3938, #11406, #7332, #1986 ) ) ;
#5786 = B_SPLINE_CURVE_WITH_KNOTS ( 'NONE', 3,
 ( #8232, #7392, #4582, #12111 ),
 .UNSPECIFIED., .F., .F.,
 ( 4, 4 ),
 ( 10.00000000000000000, 11.00000000000000000 ),
 .UNSPECIFIED. ) ;
#5787 = EDGE_CURVE ( 'NONE', #11131, #9659, #10861, .T. ) ;
#5788 = EDGE_CURVE ( 'NONE', #11804, #3473, #7052, .T. ) ;
#5789 = MECHANICAL_DESIGN_GEOMETRIC_PRESENTATION_REPRESENTATION (  '', ( #5595 ), #9693 ) ;
#5790 = CARTESIAN_POINT ( 'NONE',  ( 8.641435026956958865, 4.750000000000000000, 1.647447597840791644 ) ) ;
#5791 = COLOUR_RGB ( '',0.0000000000000000000, 0.0000000000000000000, 0.0000000000000000000 ) ;
#5792 = CARTESIAN_POINT ( 'NONE',  ( 4.244484384566872492, 4.750000000000000000, 1.682021320945930931 ) ) ;
#5793 = EDGE_LOOP ( 'NONE', ( #9022, #8306, #8798, #8369 ) ) ;
#5794 = FACE_OUTER_BOUND ( 'NONE', #10910, .T. ) ;
#5795 =( LENGTH_UNIT ( ) NAMED_UNIT ( * ) SI_UNIT ( .MILLI., .METRE. ) );
#5796 = DIRECTION ( 'NONE',  ( -0.3349296977015606691, 0.0000000000000000000, -0.9422431202176756448 ) ) ;
#5797 = CARTESIAN_POINT ( 'NONE',  ( 5.988601053710414845, 4.750000000000000000, 2.871946674335578376 ) ) ;
#5798 = VERTEX_POINT ( 'NONE', #5332 ) ;
#5799 = VECTOR ( 'NONE', #4714, 1000.000000000000114 ) ;
#5800 = STYLED_ITEM ( 'NONE', ( #4728 ), #9299 ) ;
#5801 = DIRECTION ( 'NONE',  ( -0.3733863129577229545, -0.0000000000000000000, 0.9276759462742566464 ) ) ;
#5802 = ORIENTED_EDGE ( 'NONE', *, *, #6032, .F. ) ;
#5803 = ORIENTED_EDGE ( 'NONE', *, *, #3622, .F. ) ;
#5804 = CARTESIAN_POINT ( 'NONE',  ( 4.290225155933111267, 4.751000000000000334, 2.013257010046226814 ) ) ;
#5805 =( GEOMETRIC_REPRESENTATION_CONTEXT ( 3 ) GLOBAL_UNCERTAINTY_ASSIGNED_CONTEXT ( ( #9958 ) ) GLOBAL_UNIT_ASSIGNED_CONTEXT ( ( #7192, #10945, #11615 ) ) REPRESENTATION_CONTEXT ( 'NONE', 'WORKASPACE' ) );
#5806 = CARTESIAN_POINT ( 'NONE',  ( 7.810602685323946304, 4.751000000000000334, 3.087578438258134828 ) ) ;
#5807 = CARTESIAN_POINT ( 'NONE',  ( 5.681463554761415402, 4.751000000000000334, 2.855211368650384163 ) ) ;
#5808 = COLOUR_RGB ( '',0.0000000000000000000, 0.0000000000000000000, 0.0000000000000000000 ) ;
#5809 = CARTESIAN_POINT ( 'NONE',  ( 5.309282972164819370, 4.751000000000000334, 2.424960533705367460 ) ) ;
#5810 = CARTESIAN_POINT ( 'NONE',  ( 8.849226121443638959, 4.750000000000000000, 2.422543974323019711 ) ) ;
#5811 = ORIENTED_EDGE ( 'NONE', *, *, #1492, .T. ) ;
#5812 = DIRECTION ( 'NONE',  ( -0.0000000000000000000, -1.000000000000000000, -0.0000000000000000000 ) ) ;
#5813 = CARTESIAN_POINT ( 'NONE',  ( 4.442408582935913230, 4.751000000000000334, 1.612199861429208125 ) ) ;
#5814 = SURFACE_STYLE_USAGE ( .BOTH. , #5630 ) ;
#5815 = CARTESIAN_POINT ( 'NONE',  ( 5.309282972164819370, 4.750000000000000000, 2.424960533705367460 ) ) ;
#5816 = STYLED_ITEM ( 'NONE', ( #6201 ), #3849 ) ;
#5817 = EDGE_LOOP ( 'NONE', ( #5389, #7401, #10631, #4158 ) ) ;
#5818 = B_SPLINE_SURFACE_WITH_KNOTS ( 'NONE', 3, 1, ( 
 ( #10342, #1985 ),
 ( #4020, #5810 ),
 ( #5929, #9594 ),
 ( #11443, #8649 ) ),
 .UNSPECIFIED., .F., .F., .F.,
 ( 4, 4 ),
 ( 2, 2 ),
 ( 18.00000000000000000, 19.00000000000000000 ),
 ( 0.0000000000000000000, 1.000000000000000000 ),
 .UNSPECIFIED. ) ;
#5819 =( GEOMETRIC_REPRESENTATION_CONTEXT ( 3 ) GLOBAL_UNCERTAINTY_ASSIGNED_CONTEXT ( ( #4514 ) ) GLOBAL_UNIT_ASSIGNED_CONTEXT ( ( #11091, #946, #8485 ) ) REPRESENTATION_CONTEXT ( 'NONE', 'WORKASPACE' ) );
#5820 = PRESENTATION_STYLE_ASSIGNMENT (( #2057 ) ) ;
#5821 = ORIENTED_EDGE ( 'NONE', *, *, #3226, .F. ) ;
#5822 = SURFACE_SIDE_STYLE ('',( #8483 ) ) ;
#5823 = PRESENTATION_STYLE_ASSIGNMENT (( #4776 ) ) ;
#5824 = MECHANICAL_DESIGN_GEOMETRIC_PRESENTATION_REPRESENTATION (  '', ( #1899 ), #1698 ) ;
#5825 = EDGE_LOOP ( 'NONE', ( #3513, #8957, #705, #5106 ) ) ;
#5826 = CARTESIAN_POINT ( 'NONE',  ( 4.437001459358331346, 4.750000000000000000, 2.557845120836619301 ) ) ;
#5827 = TOROIDAL_SURFACE ( 'NONE', #9725, 0.9999999999999991118, 0.3399999999999997469 ) ;
#5828 = DIRECTION ( 'NONE',  ( -0.9999748501857348426, 0.0000000000000000000, -0.007092178509963991372 ) ) ;
#5829 =( LENGTH_UNIT ( ) NAMED_UNIT ( * ) SI_UNIT ( .MILLI., .METRE. ) );
#5830 = DIRECTION ( 'NONE',  ( 0.007092178509963184725, 0.0000000000000000000, -0.9999748501857348426 ) ) ;
#5831 = ORIENTED_EDGE ( 'NONE', *, *, #6666, .F. ) ;
#5832 = COLOUR_RGB ( '',0.0000000000000000000, 0.0000000000000000000, 0.0000000000000000000 ) ;
#5833 = ORIENTED_EDGE ( 'NONE', *, *, #3244, .F. ) ;
#5834 = PRESENTATION_LAYER_ASSIGNMENT (  '', '', ( #4457 ) ) ;
#5835 =( LENGTH_UNIT ( ) NAMED_UNIT ( * ) SI_UNIT ( .MILLI., .METRE. ) );
#5836 = CARTESIAN_POINT ( 'NONE',  ( 5.903391143265677599, 4.750000000000000000, 1.838316864983614352 ) ) ;
#5837 = COLOUR_RGB ( '',0.0000000000000000000, 0.0000000000000000000, 0.0000000000000000000 ) ;
#5838 = FACE_OUTER_BOUND ( 'NONE', #4475, .T. ) ;
#5839 = DIRECTION ( 'NONE',  ( -0.9319625762824782500, 0.0000000000000000000, -0.3625544875035003889 ) ) ;
#5840 = EDGE_CURVE ( 'NONE', #7515, #10039, #2824, .T. ) ;
#5841 = ORIENTED_EDGE ( 'NONE', *, *, #6814, .F. ) ;
#5842 = PRESENTATION_LAYER_ASSIGNMENT (  '', '', ( #6236 ) ) ;
#5843 = CARTESIAN_POINT ( 'NONE',  ( 5.994069805244063964, 4.751000000000000334, 2.742272398355441343 ) ) ;
#5844 = PRESENTATION_STYLE_ASSIGNMENT (( #9762 ) ) ;
#5845 = CARTESIAN_POINT ( 'NONE',  ( 5.865491657165016193, 4.751000000000000334, 1.665963805263412478 ) ) ;
#5846 = ORIENTED_EDGE ( 'NONE', *, *, #12114, .T. ) ;
#5847 = SURFACE_STYLE_USAGE ( .BOTH. , #2091 ) ;
#5848 = PRESENTATION_STYLE_ASSIGNMENT (( #5912 ) ) ;
#5849 = ORIENTED_EDGE ( 'NONE', *, *, #5383, .T. ) ;
#5850 = EDGE_CURVE ( 'NONE', #332, #8989, #11896, .T. ) ;
#5851 = CARTESIAN_POINT ( 'NONE',  ( 5.315956582583631906, 4.751000000000000334, 1.447350896622117356 ) ) ;
#5852 = STYLED_ITEM ( 'NONE', ( #8112 ), #10498 ) ;
#5853 = EDGE_CURVE ( 'NONE', #11711, #10207, #7886, .T. ) ;
#5854 = B_SPLINE_CURVE_WITH_KNOTS ( 'NONE', 3,
 ( #7649, #9316, #3759, #11226 ),
 .UNSPECIFIED., .F., .F.,
 ( 4, 4 ),
 ( 7.000000000000000000, 8.000000000000000000 ),
 .UNSPECIFIED. ) ;
#5855 = VERTEX_POINT ( 'NONE', #3257 ) ;
#5856 =( LENGTH_UNIT ( ) NAMED_UNIT ( * ) SI_UNIT ( .MILLI., .METRE. ) );
#5857 = SURFACE_SIDE_STYLE ('',( #7919 ) ) ;
#5858 = ORIENTED_EDGE ( 'NONE', *, *, #1127, .F. ) ;
#5859 = CARTESIAN_POINT ( 'NONE',  ( 5.645215970810377293, 4.751000000000000334, 1.863520180253583902 ) ) ;
#5860 = SURFACE_STYLE_FILL_AREA ( #1057 ) ;
#5861 = LINE ( 'NONE', #6888, #4004 ) ;
#5862 = LINE ( 'NONE', #11508, #5171 ) ;
#5863 = CARTESIAN_POINT ( 'NONE',  ( 4.290225155933111267, 4.751000000000000334, 2.013257010046226814 ) ) ;
#5864 = ORIENTED_EDGE ( 'NONE', *, *, #7774, .F. ) ;
#5865 = EDGE_CURVE ( 'NONE', #6596, #7820, #1793, .T. ) ;
#5866 = CARTESIAN_POINT ( 'NONE',  ( 5.515927921669627310, 4.750000000000000000, 1.766943089134374700 ) ) ;
#5867 = FACE_OUTER_BOUND ( 'NONE', #2503, .T. ) ;
#5868 = EDGE_CURVE ( 'NONE', #4587, #6049, #8864, .T. ) ;
#5869 = DIRECTION ( 'NONE',  ( -0.7071067811865475727, -0.0000000000000000000, -0.7071067811865475727 ) ) ;
#5870 = UNCERTAINTY_MEASURE_WITH_UNIT (LENGTH_MEASURE( 1.000000000000000082E-05 ), #7315, 'distance_accuracy_value', 'NONE');
#5871 = CARTESIAN_POINT ( 'NONE',  ( 5.542266887760171734, 4.750000000000000000, 1.663411433829511177 ) ) ;
#5872 = ORIENTED_EDGE ( 'NONE', *, *, #2218, .F. ) ;
#5873 = FILL_AREA_STYLE ('',( #11451 ) ) ;
#5874 = LINE ( 'NONE', #11335, #6474 ) ;
#5875 = EDGE_CURVE ( 'NONE', #7951, #3020, #221, .T. ) ;
#5876 = CARTESIAN_POINT ( 'NONE',  ( 6.037952372350956942, 4.751000000000000334, 2.822387056300098340 ) ) ;
#5877 = ORIENTED_EDGE ( 'NONE', *, *, #9052, .T. ) ;
#5878 =( LENGTH_UNIT ( ) NAMED_UNIT ( * ) SI_UNIT ( .MILLI., .METRE. ) );
#5879 = CARTESIAN_POINT ( 'NONE',  ( 5.482928423974117393, 4.750000000000000000, 1.746693201634514692 ) ) ;
#5880 = B_SPLINE_CURVE_WITH_KNOTS ( 'NONE', 3,
 ( #10763, #7850, #423, #6107 ),
 .UNSPECIFIED., .F., .F.,
 ( 4, 4 ),
 ( 7.000000000000000000, 8.000000000000000000 ),
 .UNSPECIFIED. ) ;
#5881 =( NAMED_UNIT ( * ) PLANE_ANGLE_UNIT ( ) SI_UNIT ( $, .RADIAN. ) );
#5882 = FILL_AREA_STYLE_COLOUR ( '', #2645 ) ;
#5883 = ORIENTED_EDGE ( 'NONE', *, *, #8308, .T. ) ;
#5884 = PRESENTATION_STYLE_ASSIGNMENT (( #10360 ) ) ;
#5885 = COLOUR_RGB ( '',0.0000000000000000000, 0.0000000000000000000, 0.0000000000000000000 ) ;
#5886 =( LENGTH_UNIT ( ) NAMED_UNIT ( * ) SI_UNIT ( .MILLI., .METRE. ) );
#5887 = ORIENTED_EDGE ( 'NONE', *, *, #9455, .F. ) ;
#5888 = ORIENTED_EDGE ( 'NONE', *, *, #1504, .T. ) ;
#5889 = SURFACE_STYLE_USAGE ( .BOTH. , #7641 ) ;
#5890 = STYLED_ITEM ( 'NONE', ( #8784 ), #1036 ) ;
#5891 = CARTESIAN_POINT ( 'NONE',  ( 6.110723610304808595, 4.751000000000000334, 1.853044587682046718 ) ) ;
#5892 = DIRECTION ( 'NONE',  ( -0.0000000000000000000, -1.000000000000000000, -0.0000000000000000000 ) ) ;
#5893 = CARTESIAN_POINT ( 'NONE',  ( 5.994523315392167540, 4.750000000000000000, 2.678328894709728125 ) ) ;
#5894 = CARTESIAN_POINT ( 'NONE',  ( 4.166460228167889746, 4.751000000000000334, 1.870968591937121506 ) ) ;
#5895 = SURFACE_STYLE_USAGE ( .BOTH. , #2132 ) ;
#5896 = LINE ( 'NONE', #1029, #3467 ) ;
#5897 = CARTESIAN_POINT ( 'NONE',  ( 5.945644884347442982, 4.751000000000000334, 2.532932354128212715 ) ) ;
#5898 = FACE_OUTER_BOUND ( 'NONE', #10418, .T. ) ;
#5899 = ORIENTED_EDGE ( 'NONE', *, *, #4446, .F. ) ;
#5900 = AXIS2_PLACEMENT_3D ( 'NONE', #6351, #2494, #9031 ) ;
#5901 = MECHANICAL_DESIGN_GEOMETRIC_PRESENTATION_REPRESENTATION (  '', ( #10798 ), #781 ) ;
#5902 = SURFACE_SIDE_STYLE ('',( #3083 ) ) ;
#5903 = UNCERTAINTY_MEASURE_WITH_UNIT (LENGTH_MEASURE( 1.000000000000000082E-05 ), #3725, 'distance_accuracy_value', 'NONE');
#5904 = ADVANCED_FACE ( 'NONE', ( #11202 ), #3682, .F. ) ;
#5905 = CARTESIAN_POINT ( 'NONE',  ( 4.549985602116449535, 4.750000000000000000, 2.827430625937853215 ) ) ;
#5906 =( LENGTH_UNIT ( ) NAMED_UNIT ( * ) SI_UNIT ( .MILLI., .METRE. ) );
#5907 = VERTEX_POINT ( 'NONE', #10175 ) ;
#5908 = SURFACE_STYLE_FILL_AREA ( #12153 ) ;
#5909 =( GEOMETRIC_REPRESENTATION_CONTEXT ( 3 ) GLOBAL_UNCERTAINTY_ASSIGNED_CONTEXT ( ( #8102 ) ) GLOBAL_UNIT_ASSIGNED_CONTEXT ( ( #4070, #2280, #11611 ) ) REPRESENTATION_CONTEXT ( 'NONE', 'WORKASPACE' ) );
#5910 =( LENGTH_UNIT ( ) NAMED_UNIT ( * ) SI_UNIT ( .MILLI., .METRE. ) );
#5911 = COLOUR_RGB ( '',0.0000000000000000000, 0.0000000000000000000, 0.0000000000000000000 ) ;
#5912 = SURFACE_STYLE_USAGE ( .BOTH. , #7601 ) ;
#5913 = VECTOR ( 'NONE', #8229, 1000.000000000000000 ) ;
#5914 = DIRECTION ( 'NONE',  ( -0.0000000000000000000, -1.000000000000000000, -0.0000000000000000000 ) ) ;
#5915 = ORIENTED_EDGE ( 'NONE', *, *, #7778, .F. ) ;
#5916 = CARTESIAN_POINT ( 'NONE',  ( 3.996529538601966358, 4.751000000000000334, 1.805556716723700106 ) ) ;
#5917 = B_SPLINE_SURFACE_WITH_KNOTS ( 'NONE', 3, 1, ( 
 ( #10613, #2191 ),
 ( #9683, #1287 ),
 ( #5083, #8805 ),
 ( #5027, #337 ) ),
 .UNSPECIFIED., .F., .F., .F.,
 ( 4, 4 ),
 ( 2, 2 ),
 ( 2.000000000000000000, 3.000000000000000000 ),
 ( 0.0000000000000000000, 1.000000000000000000 ),
 .UNSPECIFIED. ) ;
#5918 =( GEOMETRIC_REPRESENTATION_CONTEXT ( 3 ) GLOBAL_UNCERTAINTY_ASSIGNED_CONTEXT ( ( #8341 ) ) GLOBAL_UNIT_ASSIGNED_CONTEXT ( ( #1905, #7368, #4788 ) ) REPRESENTATION_CONTEXT ( 'NONE', 'WORKASPACE' ) );
#5919 = VERTEX_POINT ( 'NONE', #2691 ) ;
#5920 = STYLED_ITEM ( 'NONE', ( #7054 ), #1525 ) ;
#5921 = MECHANICAL_DESIGN_GEOMETRIC_PRESENTATION_REPRESENTATION (  '', ( #2388 ), #3948 ) ;
#5922 = EDGE_CURVE ( 'NONE', #6547, #1370, #8313, .T. ) ;
#5923 = CARTESIAN_POINT ( 'NONE',  ( 5.542266887760171734, 4.751000000000000334, 1.663411433829511177 ) ) ;
#5924 = DIRECTION ( 'NONE',  ( -0.0000000000000000000, -1.000000000000000000, -0.0000000000000000000 ) ) ;
#5925 = ORIENTED_EDGE ( 'NONE', *, *, #31, .F. ) ;
#5926 = FILL_AREA_STYLE_COLOUR ( '', #10844 ) ;
#5927 = FILL_AREA_STYLE_COLOUR ( '', #4792 ) ;
#5928 =( NAMED_UNIT ( * ) SI_UNIT ( $, .STERADIAN. ) SOLID_ANGLE_UNIT ( ) );
#5929 = CARTESIAN_POINT ( 'NONE',  ( 8.685402946060902352, 4.751000000000000334, 2.584059729898250168 ) ) ;
#5930 = ORIENTED_EDGE ( 'NONE', *, *, #7711, .T. ) ;
#5931 = CARTESIAN_POINT ( 'NONE',  ( 4.543993315028436619, 4.750000000000000000, 2.847663915800954904 ) ) ;
#5932 = COLOUR_RGB ( '',0.0000000000000000000, 0.0000000000000000000, 0.0000000000000000000 ) ;
#5933 = DIRECTION ( 'NONE',  ( -0.007092178509980015880, -0.0000000000000000000, 0.9999748501857347316 ) ) ;
#5934 = ORIENTED_EDGE ( 'NONE', *, *, #10626, .T. ) ;
#5935 = B_SPLINE_CURVE_WITH_KNOTS ( 'NONE', 3,
 ( #916, #4678, #8392, #12150 ),
 .UNSPECIFIED., .F., .F.,
 ( 4, 4 ),
 ( 2.000000000000000000, 3.000000000000000000 ),
 .UNSPECIFIED. ) ;
#5936 = EDGE_CURVE ( 'NONE', #232, #10872, #7206, .T. ) ;
#5937 = MECHANICAL_DESIGN_GEOMETRIC_PRESENTATION_REPRESENTATION (  '', ( #4361 ), #3779 ) ;
#5938 = CARTESIAN_POINT ( 'NONE',  ( 6.292546702989431751, 4.751000000000000334, 1.854334141944649961 ) ) ;
#5939 = ADVANCED_FACE ( 'NONE', ( #765 ), #2869, .F. ) ;
#5940 = PRESENTATION_LAYER_ASSIGNMENT (  '', '', ( #4393 ) ) ;
#5941 = VECTOR ( 'NONE', #9494, 1000.000000000000000 ) ;
#5942 = ORIENTED_EDGE ( 'NONE', *, *, #6961, .F. ) ;
#5943 = CARTESIAN_POINT ( 'NONE',  ( 5.308871863372027988, 4.751000000000000334, 2.482925579693021856 ) ) ;
#5944 = FILL_AREA_STYLE ('',( #6724 ) ) ;
#5945 = SURFACE_STYLE_USAGE ( .BOTH. , #3058 ) ;
#5946 = ORIENTED_EDGE ( 'NONE', *, *, #8146, .F. ) ;
#5947 = CARTESIAN_POINT ( 'NONE',  ( 8.685402946060902352, 4.751000000000000334, 2.584059729898250168 ) ) ;
#5948 = SURFACE_STYLE_USAGE ( .BOTH. , #9737 ) ;
#5949 = DIRECTION ( 'NONE',  ( -3.965082230804128741E-16, -0.0000000000000000000, -1.000000000000000000 ) ) ;
#5950 = ORIENTED_EDGE ( 'NONE', *, *, #8742, .T. ) ;
#5951 = FILL_AREA_STYLE ('',( #5022 ) ) ;
#5952 = ORIENTED_EDGE ( 'NONE', *, *, #6360, .F. ) ;
#5953 = ORIENTED_EDGE ( 'NONE', *, *, #6305, .T. ) ;
#5954 = FILL_AREA_STYLE_COLOUR ( '', #10234 ) ;
#5955 = AXIS2_PLACEMENT_3D ( 'NONE', #8042, #4381, #5984 ) ;
#5956 = AXIS2_PLACEMENT_3D ( 'NONE', #6752, #1041, #4981 ) ;
#5957 = CARTESIAN_POINT ( 'NONE',  ( 5.559768075817047794, 4.751000000000000334, 1.926340981356293725 ) ) ;
#5958 = CARTESIAN_POINT ( 'NONE',  ( 4.313609839173923710, 4.751000000000000334, 2.417898864508952528 ) ) ;
#5959 = CARTESIAN_POINT ( 'NONE',  ( 5.994066292223217296, 4.751000000000000334, 1.643220614943113889 ) ) ;
#5960 = PRESENTATION_STYLE_ASSIGNMENT (( #6679 ) ) ;
#5961 = VECTOR ( 'NONE', #9784, 1000.000000000000000 ) ;
#5962 = FILL_AREA_STYLE_COLOUR ( '', #8212 ) ;
#5963 = ORIENTED_EDGE ( 'NONE', *, *, #6159, .F. ) ;
#5964 = PRESENTATION_LAYER_ASSIGNMENT (  '', '', ( #1045 ) ) ;
#5965 = PRESENTATION_LAYER_ASSIGNMENT (  '', '', ( #11243 ) ) ;
#5966 = FACE_OUTER_BOUND ( 'NONE', #169, .T. ) ;
#5967 = SURFACE_SIDE_STYLE ('',( #2205 ) ) ;
#5968 = CARTESIAN_POINT ( 'NONE',  ( 6.908806553402303763, 4.751000000000000334, 1.790606681095846975 ) ) ;
#5969 = ORIENTED_EDGE ( 'NONE', *, *, #511, .T. ) ;
#5970 = SURFACE_STYLE_USAGE ( .BOTH. , #10697 ) ;
#5971 = VECTOR ( 'NONE', #7371, 1000.000000000000000 ) ;
#5972 = CARTESIAN_POINT ( 'NONE',  ( 8.307148401352032252, 4.750000000000000000, 2.906732102824259645 ) ) ;
#5973 = CARTESIAN_POINT ( 'NONE',  ( 8.488661322871575265, 4.751000000000000334, 2.799567691907449696 ) ) ;
#5974 = VECTOR ( 'NONE', #3533, 1000.000000000000114 ) ;
#5975 = CARTESIAN_POINT ( 'NONE',  ( 5.579280562945406530, 4.750000000000000000, 1.905683689544232173 ) ) ;
#5976 = ORIENTED_EDGE ( 'NONE', *, *, #5032, .F. ) ;
#5977 = LINE ( 'NONE', #11554, #8509 ) ;
#5978 = EDGE_CURVE ( 'NONE', #2972, #8014, #3562, .T. ) ;
#5979 = CARTESIAN_POINT ( 'NONE',  ( 5.466698288087580515, 4.751000000000000334, 1.726042356404005718 ) ) ;
#5980 = PRESENTATION_LAYER_ASSIGNMENT (  '', '', ( #12051 ) ) ;
#5981 = EDGE_LOOP ( 'NONE', ( #4043, #5367, #7241, #3590, #7143, #10421, #1307, #9649, #11893, #3888, #9236, #10769, #7475, #1734, #6172 ) ) ;
#5982 = SURFACE_STYLE_USAGE ( .BOTH. , #2913 ) ;
#5983 = ORIENTED_EDGE ( 'NONE', *, *, #2552, .F. ) ;
#5984 = DIRECTION ( 'NONE',  ( -0.3625544874979442778, 0.0000000000000000000, 0.9319625762846397432 ) ) ;
#5985 = CARTESIAN_POINT ( 'NONE',  ( 4.516208328986168752, 4.751000000000000334, 1.670691237283894681 ) ) ;
#5986 = FACE_OUTER_BOUND ( 'NONE', #3116, .T. ) ;
#5987 = LINE ( 'NONE', #11379, #3015 ) ;
#5988 = VECTOR ( 'NONE', #10522, 1000.000000000000000 ) ;
#5989 = ORIENTED_EDGE ( 'NONE', *, *, #604, .F. ) ;
#5990 = LINE ( 'NONE', #1318, #476 ) ;
#5991 = COLOUR_RGB ( '',0.0000000000000000000, 0.0000000000000000000, 0.0000000000000000000 ) ;
#5992 = CARTESIAN_POINT ( 'NONE',  ( 5.798600401375948898, 4.750000000000000000, 1.677966797405071153 ) ) ;
#5993 = CARTESIAN_POINT ( 'NONE',  ( -11.00000000000000000, 0.0000000000000000000, 4.750000000000005329 ) ) ;
#5994 = CARTESIAN_POINT ( 'NONE',  ( 7.127134631112414631, 4.751000000000000334, 2.609158316483524143 ) ) ;
#5995 = ADVANCED_FACE ( 'NONE', ( #6367 ), #4430, .T. ) ;
#5996 = UNCERTAINTY_MEASURE_WITH_UNIT (LENGTH_MEASURE( 1.000000000000000082E-05 ), #10300, 'distance_accuracy_value', 'NONE');
#5997 = ORIENTED_EDGE ( 'NONE', *, *, #7266, .T. ) ;
#5998 = CIRCLE ( 'NONE', #6188, 0.3400000000000000244 ) ;
#5999 = CARTESIAN_POINT ( 'NONE',  ( 5.987963358095000466, 4.751000000000000334, 1.898964211162375681 ) ) ;
#6000 = PLANE ( 'NONE',  #5900 ) ;
#6001 = AXIS2_PLACEMENT_3D ( 'NONE', #12108, #4745, #3664 ) ;
#6002 = FILL_AREA_STYLE_COLOUR ( '', #2008 ) ;
#6003 = ORIENTED_EDGE ( 'NONE', *, *, #881, .T. ) ;
#6004 = DIRECTION ( 'NONE',  ( 0.0000000000000000000, -0.0000000000000000000, 1.000000000000000000 ) ) ;
#6005 =( LENGTH_UNIT ( ) NAMED_UNIT ( * ) SI_UNIT ( .MILLI., .METRE. ) );
#6006 = FACE_OUTER_BOUND ( 'NONE', #433, .T. ) ;
#6007 = ORIENTED_EDGE ( 'NONE', *, *, #3836, .F. ) ;
#6008 = DIRECTION ( 'NONE',  ( -0.9999748501857348426, 0.0000000000000000000, -0.007092178509963753714 ) ) ;
#6009 =( NAMED_UNIT ( * ) PLANE_ANGLE_UNIT ( ) SI_UNIT ( $, .RADIAN. ) );
#6010 = COLOUR_RGB ( '',0.6470588235294117974, 0.6470588235294117974, 0.6470588235294117974 ) ;
#6011 = CARTESIAN_POINT ( 'NONE',  ( 5.513908196141112938, 4.751000000000000334, 2.876378363682340122 ) ) ;
#6012 = ADVANCED_FACE ( 'NONE', ( #8728 ), #8543, .F. ) ;
#6013 = ADVANCED_FACE ( 'NONE', ( #4773 ), #6780, .F. ) ;
#6014 = VECTOR ( 'NONE', #3402, 1000.000000000000000 ) ;
#6015 = VERTEX_POINT ( 'NONE', #1562 ) ;
#6016 = ORIENTED_EDGE ( 'NONE', *, *, #10367, .F. ) ;
#6017 = EDGE_LOOP ( 'NONE', ( #6714, #824, #6213, #8530 ) ) ;
#6018 = CARTESIAN_POINT ( 'NONE',  ( 4.361959337496944755, 4.750000000000000000, 1.611629286669713945 ) ) ;
#6019 = CARTESIAN_POINT ( 'NONE',  ( 6.086354472402111249, 4.750000000000000000, 1.623859312371049191 ) ) ;
#6020 = CARTESIAN_POINT ( 'NONE',  ( 5.442876645918871326, 4.750000000000000000, 1.639571327278545931 ) ) ;
#6021 = PRESENTATION_LAYER_ASSIGNMENT (  '', '', ( #5036 ) ) ;
#6022 = DIRECTION ( 'NONE',  ( -0.0000000000000000000, -1.000000000000000000, -0.0000000000000000000 ) ) ;
#6023 = FILL_AREA_STYLE ('',( #4230 ) ) ;
#6024 = PRESENTATION_STYLE_ASSIGNMENT (( #7826 ) ) ;
#6025 = CARTESIAN_POINT ( 'NONE',  ( 4.503653921965412366, 4.751000000000000334, 2.927701133579587722 ) ) ;
#6026 = SURFACE_STYLE_USAGE ( .BOTH. , #399 ) ;
#6027 = DIRECTION ( 'NONE',  ( -0.9999748501857348426, 0.0000000000000000000, -0.007092178509963067631 ) ) ;
#6028 = EDGE_CURVE ( 'NONE', #4523, #11428, #5255, .T. ) ;
#6029 = VECTOR ( 'NONE', #9308, 1000.000000000000000 ) ;
#6030 = FACE_OUTER_BOUND ( 'NONE', #3746, .T. ) ;
#6031 = EDGE_LOOP ( 'NONE', ( #1541, #357, #11370, #9328, #11432, #8677, #6967, #9384, #724, #11381, #6746, #9061, #9644, #1334 ) ) ;
#6032 = EDGE_CURVE ( 'NONE', #7733, #6128, #5310, .T. ) ;
#6033 =( NAMED_UNIT ( * ) PLANE_ANGLE_UNIT ( ) SI_UNIT ( $, .RADIAN. ) );
#6034 = UNCERTAINTY_MEASURE_WITH_UNIT (LENGTH_MEASURE( 1.000000000000000082E-05 ), #9740, 'distance_accuracy_value', 'NONE');
#6035 = SURFACE_SIDE_STYLE ('',( #10692 ) ) ;
#6036 = COLOUR_RGB ( '',0.0000000000000000000, 0.0000000000000000000, 0.0000000000000000000 ) ;
#6037 = FILL_AREA_STYLE ('',( #10627 ) ) ;
#6038 = DIRECTION ( 'NONE',  ( -0.007092178509963185593, -0.0000000000000000000, 0.9999748501857348426 ) ) ;
#6039 = EDGE_LOOP ( 'NONE', ( #762, #8395, #10186, #4882 ) ) ;
#6040 = FACE_OUTER_BOUND ( 'NONE', #9104, .T. ) ;
#6041 = CARTESIAN_POINT ( 'NONE',  ( 5.876818815972950638, 4.750000000000000000, 2.946018327615769650 ) ) ;
#6042 = FILL_AREA_STYLE ('',( #1367 ) ) ;
#6043 = AXIS2_PLACEMENT_3D ( 'NONE', #8854, #2501, #6181 ) ;
#6044 = CARTESIAN_POINT ( 'NONE',  ( 5.202202696331129417, 4.751000000000000334, 1.707789860221158085 ) ) ;
#6045 = ORIENTED_EDGE ( 'NONE', *, *, #6534, .F. ) ;
#6046 = LINE ( 'NONE', #8763, #5411 ) ;
#6047 = MECHANICAL_DESIGN_GEOMETRIC_PRESENTATION_REPRESENTATION (  '', ( #1722 ), #11132 ) ;
#6048 = CARTESIAN_POINT ( 'NONE',  ( 5.309282972164819370, 4.751000000000000334, 2.424960533705367460 ) ) ;
#6049 = VERTEX_POINT ( 'NONE', #6235 ) ;
#6050 = CARTESIAN_POINT ( 'NONE',  ( 5.416976395264091693, 4.751000000000000334, 1.974458048948823929 ) ) ;
#6051 = CARTESIAN_POINT ( 'NONE',  ( 5.615555049338119886, 4.751000000000000334, 1.812360395147708081 ) ) ;
#6052 = ORIENTED_EDGE ( 'NONE', *, *, #511, .F. ) ;
#6053 = CARTESIAN_POINT ( 'NONE',  ( 5.731315518487698490, 4.750000000000000000, 1.947053608294354365 ) ) ;
#6054 = FACE_OUTER_BOUND ( 'NONE', #3430, .T. ) ;
#6055 = PLANE ( 'NONE',  #7715 ) ;
#6056 = FILL_AREA_STYLE ('',( #10768 ) ) ;
#6057 = VERTEX_POINT ( 'NONE', #10720 ) ;
#6058 = CARTESIAN_POINT ( 'NONE',  ( 5.910310741161374892, 4.750000000000000000, 1.614032528851506498 ) ) ;
#6059 = CARTESIAN_POINT ( 'NONE',  ( 11.00000000000000000, 4.750000000000000000, 9.499999999999998224 ) ) ;
#6060 =( LENGTH_UNIT ( ) NAMED_UNIT ( * ) SI_UNIT ( .MILLI., .METRE. ) );
#6061 = FILL_AREA_STYLE_COLOUR ( '', #385 ) ;
#6062 = PRESENTATION_STYLE_ASSIGNMENT (( #11635 ) ) ;
#6063 = VERTEX_POINT ( 'NONE', #568 ) ;
#6064 = SURFACE_STYLE_USAGE ( .BOTH. , #3361 ) ;
#6065 = CARTESIAN_POINT ( 'NONE',  ( 9.014818347857493919, 4.751000000000000334, 2.521324823015196781 ) ) ;
#6066 = ORIENTED_EDGE ( 'NONE', *, *, #11861, .F. ) ;
#6067 =( LENGTH_UNIT ( ) NAMED_UNIT ( * ) SI_UNIT ( .MILLI., .METRE. ) );
#6068 = EDGE_CURVE ( 'NONE', #3390, #7763, #11638, .T. ) ;
#6069 =( LENGTH_UNIT ( ) NAMED_UNIT ( * ) SI_UNIT ( .MILLI., .METRE. ) );
#6070 = FILL_AREA_STYLE ('',( #7694 ) ) ;
#6071 = CARTESIAN_POINT ( 'NONE',  ( 4.165925602383532933, 4.751000000000000334, 1.946349145016240012 ) ) ;
#6072 = EDGE_LOOP ( 'NONE', ( #10134, #10978, #8373, #2308 ) ) ;
#6073 = SURFACE_STYLE_FILL_AREA ( #327 ) ;
#6074 = FILL_AREA_STYLE ('',( #2319 ) ) ;
#6075 = ORIENTED_EDGE ( 'NONE', *, *, #4271, .T. ) ;
#6076 = EDGE_LOOP ( 'NONE', ( #10914, #4462, #1531, #8226 ) ) ;
#6077 = MECHANICAL_DESIGN_GEOMETRIC_PRESENTATION_REPRESENTATION (  '', ( #5673 ), #1943 ) ;
#6078 = EDGE_LOOP ( 'NONE', ( #9139, #10232, #3316, #6168 ) ) ;
#6079 = FILL_AREA_STYLE ('',( #7106 ) ) ;
#6080 = DIRECTION ( 'NONE',  ( -0.0000000000000000000, -1.000000000000000000, -0.0000000000000000000 ) ) ;
#6081 = ADVANCED_FACE ( 'NONE', ( #2369, #6964 ), #4148, .T. ) ;
#6082 = FILL_AREA_STYLE ('',( #10797 ) ) ;
#6083 = EDGE_CURVE ( 'NONE', #115, #11845, #5125, .T. ) ;
#6084 = CARTESIAN_POINT ( 'NONE',  ( 7.556638595505687839, 4.751000000000000334, 1.686749571802851566 ) ) ;
#6085 = CARTESIAN_POINT ( 'NONE',  ( 5.515475202750425687, 4.750000000000000000, 2.655435363278962679 ) ) ;
#6086 =( LENGTH_UNIT ( ) NAMED_UNIT ( * ) SI_UNIT ( .MILLI., .METRE. ) );
#6087 = LINE ( 'NONE', #10746, #8487 ) ;
#6088 = FILL_AREA_STYLE_COLOUR ( '', #10709 ) ;
#6089 =( LENGTH_UNIT ( ) NAMED_UNIT ( * ) SI_UNIT ( .MILLI., .METRE. ) );
#6090 = EDGE_LOOP ( 'NONE', ( #5303, #4147, #5248, #8004 ) ) ;
#6091 = ORIENTED_EDGE ( 'NONE', *, *, #8071, .F. ) ;
#6092 =( LENGTH_UNIT ( ) NAMED_UNIT ( * ) SI_UNIT ( .MILLI., .METRE. ) );
#6093 = EDGE_CURVE ( 'NONE', #11676, #3114, #1513, .T. ) ;
#6094 = EDGE_CURVE ( 'NONE', #3269, #4584, #293, .T. ) ;
#6095 = PLANE ( 'NONE',  #1830 ) ;
#6096 = ORIENTED_EDGE ( 'NONE', *, *, #3084, .T. ) ;
#6097 = CARTESIAN_POINT ( 'NONE',  ( 7.937123649156475835, 4.750000000000000000, 1.559306044348946818 ) ) ;
#6098 = CARTESIAN_POINT ( 'NONE',  ( 5.647237400633260407, 4.751000000000000334, 1.633482292201687613 ) ) ;
#6099 = LINE ( 'NONE', #549, #12077 ) ;
#6100 = ORIENTED_EDGE ( 'NONE', *, *, #8741, .F. ) ;
#6101 = DIRECTION ( 'NONE',  ( -0.0000000000000000000, -1.000000000000000000, 0.0000000000000000000 ) ) ;
#6102 = STYLED_ITEM ( 'NONE', ( #11763 ), #4663 ) ;
#6103 = CARTESIAN_POINT ( 'NONE',  ( 5.910310741161374892, 4.750000000000000000, 1.614032528851506498 ) ) ;
#6104 = ORIENTED_EDGE ( 'NONE', *, *, #3963, .T. ) ;
#6105 = CARTESIAN_POINT ( 'NONE',  ( 5.893434448391693614, 4.751000000000000334, 1.666161985511055210 ) ) ;
#6106 = MECHANICAL_DESIGN_GEOMETRIC_PRESENTATION_REPRESENTATION (  '', ( #11781 ), #10598 ) ;
#6107 = CARTESIAN_POINT ( 'NONE',  ( 5.681463554761415402, 4.751000000000000334, 2.855211368650384163 ) ) ;
#6108 = SURFACE_STYLE_FILL_AREA ( #1314 ) ;
#6109 = VECTOR ( 'NONE', #2489, 1000.000000000000000 ) ;
#6110 = EDGE_LOOP ( 'NONE', ( #8812, #6277, #11663, #1730 ) ) ;
#6111 = CARTESIAN_POINT ( 'NONE',  ( 5.862257191475202411, 4.750000000000000000, 1.993732792304178325 ) ) ;
#6112 = ORIENTED_EDGE ( 'NONE', *, *, #3881, .T. ) ;
#6113 =( NAMED_UNIT ( * ) PLANE_ANGLE_UNIT ( ) SI_UNIT ( $, .RADIAN. ) );
#6114 = FILL_AREA_STYLE_COLOUR ( '', #11545 ) ;
#6115 = COLOUR_RGB ( '',0.0000000000000000000, 0.0000000000000000000, 0.0000000000000000000 ) ;
#6116 =( GEOMETRIC_REPRESENTATION_CONTEXT ( 3 ) GLOBAL_UNCERTAINTY_ASSIGNED_CONTEXT ( ( #11940 ) ) GLOBAL_UNIT_ASSIGNED_CONTEXT ( ( #2526, #7972, #8091 ) ) REPRESENTATION_CONTEXT ( 'NONE', 'WORKASPACE' ) );
#6117 = AXIS2_PLACEMENT_3D ( 'NONE', #8161, #3589, #10016 ) ;
#6118 = B_SPLINE_SURFACE_WITH_KNOTS ( 'NONE', 3, 1, ( 
 ( #9157, #9277 ),
 ( #1690, #2732 ),
 ( #6291, #6465 ),
 ( #7444, #8295 ) ),
 .UNSPECIFIED., .F., .F., .F.,
 ( 4, 4 ),
 ( 2, 2 ),
 ( 1.000000000000000000, 2.000000000000000000 ),
 ( 0.0000000000000000000, 1.000000000000000000 ),
 .UNSPECIFIED. ) ;
#6119 = FILL_AREA_STYLE_COLOUR ( '', #7081 ) ;
#6120 = CARTESIAN_POINT ( 'NONE',  ( 5.572697436692285677, 4.750000000000000000, 1.917594516430659812 ) ) ;
#6121 = ORIENTED_EDGE ( 'NONE', *, *, #11905, .F. ) ;
#6122 = VECTOR ( 'NONE', #8557, 1000.000000000000114 ) ;
#6123 = PLANE ( 'NONE',  #4599 ) ;
#6124 =( GEOMETRIC_REPRESENTATION_CONTEXT ( 3 ) GLOBAL_UNCERTAINTY_ASSIGNED_CONTEXT ( ( #11051 ) ) GLOBAL_UNIT_ASSIGNED_CONTEXT ( ( #11923, #2598, #3771 ) ) REPRESENTATION_CONTEXT ( 'NONE', 'WORKASPACE' ) );
#6125 = PRESENTATION_LAYER_ASSIGNMENT (  '', '', ( #1011 ) ) ;
#6126 = CARTESIAN_POINT ( 'NONE',  ( 5.502899899645201209, 4.751000000000000334, 1.991184102142578238 ) ) ;
#6127 = FILL_AREA_STYLE_COLOUR ( '', #2049 ) ;
#6128 = VERTEX_POINT ( 'NONE', #445 ) ;
#6129 = CARTESIAN_POINT ( 'NONE',  ( 6.821382862433653216, 4.750000000000000000, 1.883978115874779924 ) ) ;
#6130 = ORIENTED_EDGE ( 'NONE', *, *, #10583, .T. ) ;
#6131 = CARTESIAN_POINT ( 'NONE',  ( 8.488661322871575265, 4.750000000000000000, 2.799567691907449696 ) ) ;
#6132 = ORIENTED_EDGE ( 'NONE', *, *, #5304, .T. ) ;
#6133 = AXIS2_PLACEMENT_3D ( 'NONE', #6529, #6588, #9344 ) ;
#6134 = EDGE_CURVE ( 'NONE', #2143, #2816, #3423, .T. ) ;
#6135 = STYLED_ITEM ( 'NONE', ( #713 ), #5904 ) ;
#6136 = EDGE_LOOP ( 'NONE', ( #5159, #5330, #7471, #330 ) ) ;
#6137 =( NAMED_UNIT ( * ) PLANE_ANGLE_UNIT ( ) SI_UNIT ( $, .RADIAN. ) );
#6138 = CARTESIAN_POINT ( 'NONE',  ( 5.356989116620489710, 4.750000000000000000, 1.452840834331738273 ) ) ;
#6139 = CARTESIAN_POINT ( 'NONE',  ( 5.470176060073355551, 4.750000000000000000, 1.620528939233694121 ) ) ;
#6141 = FACE_OUTER_BOUND ( 'NONE', #9739, .T. ) ;
#6140 = VECTOR ( 'NONE', #5297, 1000.000000000000000 ) ;
#6142 = VECTOR ( 'NONE', #7936, 1000.000000000000000 ) ;
#6143 = LINE ( 'NONE', #1476, #7879 ) ;
#6144 = VERTEX_POINT ( 'NONE', #11694 ) ;
#6145 = EDGE_CURVE ( 'NONE', #7763, #5181, #3304, .T. ) ;
#6146 = ORIENTED_EDGE ( 'NONE', *, *, #4285, .F. ) ;
#6147 = CARTESIAN_POINT ( 'NONE',  ( 7.249758619568092755, 4.751000000000000334, 1.630347186824599115 ) ) ;
#6148 = VECTOR ( 'NONE', #10155, 1000.000000000000000 ) ;
#6149 = UNCERTAINTY_MEASURE_WITH_UNIT (LENGTH_MEASURE( 1.000000000000000082E-05 ), #897, 'distance_accuracy_value', 'NONE');
#6150 = CARTESIAN_POINT ( 'NONE',  ( 5.603698580691133913, 4.751000000000000334, 1.963044994509220320 ) ) ;
#6151 = CARTESIAN_POINT ( 'NONE',  ( 5.862257191475202411, 4.751000000000000334, 1.993732792304178325 ) ) ;
#6152 = FACE_OUTER_BOUND ( 'NONE', #7017, .T. ) ;
#6153 = LINE ( 'NONE', #3519, #12163 ) ;
#6154 = CARTESIAN_POINT ( 'NONE',  ( 4.798004064616037567, 4.750000000000000000, 2.603296572898962769 ) ) ;
#6155 = ORIENTED_EDGE ( 'NONE', *, *, #6427, .F. ) ;
#6156 = STYLED_ITEM ( 'NONE', ( #4739 ), #8211 ) ;
#6157 = VECTOR ( 'NONE', #1679, 1000.000000000000000 ) ;
#6158 = EDGE_CURVE ( 'NONE', #11333, #11830, #7153, .T. ) ;
#6159 = EDGE_CURVE ( 'NONE', #9892, #3478, #8178, .T. ) ;
#6160 = EDGE_CURVE ( 'NONE', #9290, #453, #10162, .T. ) ;
#6161 = VERTEX_POINT ( 'NONE', #10216 ) ;
#6162 = CIRCLE ( 'NONE', #49, 0.3400000000000000244 ) ;
#6163 = UNCERTAINTY_MEASURE_WITH_UNIT (LENGTH_MEASURE( 1.000000000000000082E-05 ), #6519, 'distance_accuracy_value', 'NONE');
#6164 = DIRECTION ( 'NONE',  ( -0.0000000000000000000, -1.000000000000000000, -0.0000000000000000000 ) ) ;
#6165 = CARTESIAN_POINT ( 'NONE',  ( 5.912141280760506490, 4.751000000000000334, 1.942357330750144939 ) ) ;
#6166 = COLOUR_RGB ( '',0.0000000000000000000, 0.0000000000000000000, 0.0000000000000000000 ) ;
#6167 = CARTESIAN_POINT ( 'NONE',  ( 5.356587225513623096, 4.751000000000000334, 1.509506215612625324 ) ) ;
#6168 = ORIENTED_EDGE ( 'NONE', *, *, #7829, .T. ) ;
#6169 = CARTESIAN_POINT ( 'NONE',  ( 8.222314420147885272, 4.750000000000000000, 1.615554325938123315 ) ) ;
#6170 = FILL_AREA_STYLE_COLOUR ( '', #2441 ) ;
#6171 = DIRECTION ( 'NONE',  ( -0.9999748501857349536, -0.0000000000000000000, -0.007092178509959459407 ) ) ;
#6172 = ORIENTED_EDGE ( 'NONE', *, *, #6635, .F. ) ;
#6173 = SURFACE_SIDE_STYLE ('',( #2427 ) ) ;
#6174 =( NAMED_UNIT ( * ) SI_UNIT ( $, .STERADIAN. ) SOLID_ANGLE_UNIT ( ) );
#6175 = SURFACE_STYLE_FILL_AREA ( #10841 ) ;
#6176 = DIRECTION ( 'NONE',  ( 0.9999748501857348426, -0.0000000000000000000, 0.007092178509965295884 ) ) ;
#6177 = SURFACE_SIDE_STYLE ('',( #8976 ) ) ;
#6178 = ORIENTED_EDGE ( 'NONE', *, *, #11472, .F. ) ;
#6179 = UNCERTAINTY_MEASURE_WITH_UNIT (LENGTH_MEASURE( 1.000000000000000082E-05 ), #1410, 'distance_accuracy_value', 'NONE');
#6180 = PRESENTATION_LAYER_ASSIGNMENT (  '', '', ( #67 ) ) ;
#6181 = DIRECTION ( 'NONE',  ( -0.007092178509964562096, 0.0000000000000000000, 0.9999748501857348426 ) ) ;
#6182 = PRESENTATION_STYLE_ASSIGNMENT (( #9795 ) ) ;
#6183 = VERTEX_POINT ( 'NONE', #11879 ) ;
#6184 = B_SPLINE_CURVE_WITH_KNOTS ( 'NONE', 3,
 ( #1047, #4808, #3887, #11365 ),
 .UNSPECIFIED., .F., .F.,
 ( 4, 4 ),
 ( 5.000000000000000000, 6.000000000000000000 ),
 .UNSPECIFIED. ) ;
#6185 = CARTESIAN_POINT ( 'NONE',  ( 5.064589210043722645, 4.750000000000000000, 2.931679486830022885 ) ) ;
#6186 = EDGE_LOOP ( 'NONE', ( #9628, #4342, #5021, #3805, #631, #9342, #10362 ) ) ;
#6187 = LINE ( 'NONE', #2381, #1961 ) ;
#6188 = AXIS2_PLACEMENT_3D ( 'NONE', #505, #10029, #7023 ) ;
#6189 = VERTEX_POINT ( 'NONE', #1619 ) ;
#6190 = VERTEX_POINT ( 'NONE', #4459 ) ;
#6191 = CARTESIAN_POINT ( 'NONE',  ( 4.244484384566872492, 4.750000000000000000, 1.682021320945930931 ) ) ;
#6192 = FACE_OUTER_BOUND ( 'NONE', #9624, .T. ) ;
#6193 = FACE_OUTER_BOUND ( 'NONE', #9217, .T. ) ;
#6194 = B_SPLINE_CURVE_WITH_KNOTS ( 'NONE', 3,
 ( #3579, #3699, #8327, #9366 ),
 .UNSPECIFIED., .F., .F.,
 ( 4, 4 ),
 ( 14.00000000000000000, 15.00000000000000000 ),
 .UNSPECIFIED. ) ;
#6195 = TOROIDAL_SURFACE ( 'NONE', #7934, 1.000000000000000888, 0.3399999999999997469 ) ;
#6196 = LINE ( 'NONE', #10983, #8536 ) ;
#6197 = FILL_AREA_STYLE_COLOUR ( '', #2446 ) ;
#6198 = PRESENTATION_LAYER_ASSIGNMENT (  '', '', ( #9705 ) ) ;
#6199 = FILL_AREA_STYLE ('',( #8142 ) ) ;
#6200 = FILL_AREA_STYLE_COLOUR ( '', #117 ) ;
#6201 = PRESENTATION_STYLE_ASSIGNMENT (( #8810 ) ) ;
#6202 = ORIENTED_EDGE ( 'NONE', *, *, #1432, .T. ) ;
#6203 = VERTEX_POINT ( 'NONE', #9215 ) ;
#6204 = AXIS2_PLACEMENT_3D ( 'NONE', #3386, #10684, #6027 ) ;
#6205 = PLANE ( 'NONE',  #9627 ) ;
#6206 = LINE ( 'NONE', #9951, #6526 ) ;
#6207 = DIRECTION ( 'NONE',  ( -0.007092178509962399763, 0.0000000000000000000, 0.9999748501857348426 ) ) ;
#6208 = FILL_AREA_STYLE_COLOUR ( '', #391 ) ;
#6209 = ADVANCED_FACE ( 'NONE', ( #8116 ), #6118, .T. ) ;
#6210 = CARTESIAN_POINT ( 'NONE',  ( 8.295380826456906220, 4.750000000000000000, 2.527067671165228457 ) ) ;
#6211 = PRESENTATION_LAYER_ASSIGNMENT (  '', '', ( #11500 ) ) ;
#6212 = DIRECTION ( 'NONE',  ( -0.0000000000000000000, -1.000000000000000000, -0.0000000000000000000 ) ) ;
#6213 = ORIENTED_EDGE ( 'NONE', *, *, #7709, .F. ) ;
#6214 = CARTESIAN_POINT ( 'NONE',  ( 5.315956582583631906, 4.751000000000000334, 1.447350896622117356 ) ) ;
#6215 = B_SPLINE_SURFACE_WITH_KNOTS ( 'NONE', 3, 1, ( 
 ( #8357, #10457 ),
 ( #5859, #4996 ),
 ( #9645, #1177 ),
 ( #1983, #3952 ) ),
 .UNSPECIFIED., .F., .F., .F.,
 ( 4, 4 ),
 ( 2, 2 ),
 ( 5.000000000000000000, 6.000000000000000000 ),
 ( 0.0000000000000000000, 1.000000000000000000 ),
 .UNSPECIFIED. ) ;
#6216 = COLOUR_RGB ( '',0.0000000000000000000, 0.0000000000000000000, 0.0000000000000000000 ) ;
#6217 = EDGE_LOOP ( 'NONE', ( #7183, #1141, #2900, #9197 ) ) ;
#6218 = DIRECTION ( 'NONE',  ( -0.0000000000000000000, -1.000000000000000000, -0.0000000000000000000 ) ) ;
#6219 = SURFACE_STYLE_USAGE ( .BOTH. , #9196 ) ;
#6220 = CARTESIAN_POINT ( 'NONE',  ( 5.320508165666915978, 4.751000000000000334, 1.501971841575278299 ) ) ;
#6221 = EDGE_LOOP ( 'NONE', ( #9046, #4990, #72, #3310 ) ) ;
#6222 =( NAMED_UNIT ( * ) PLANE_ANGLE_UNIT ( ) SI_UNIT ( $, .RADIAN. ) );
#6223 = CARTESIAN_POINT ( 'NONE',  ( -16.78000000000000114, 0.0000000000000000000, 3.750000000000004885 ) ) ;
#6224 = ADVANCED_FACE ( 'NONE', ( #1804 ), #7263, .F. ) ;
#6225 = CARTESIAN_POINT ( 'NONE',  ( 8.851687369334293010, 4.750000000000000000, 2.075515767507586151 ) ) ;
#6226 = EDGE_CURVE ( 'NONE', #3363, #6930, #4121, .T. ) ;
#6227 = CARTESIAN_POINT ( 'NONE',  ( 6.292133750659454350, 4.750000000000000000, 1.912559120873657648 ) ) ;
#6228 = ORIENTED_EDGE ( 'NONE', *, *, #7354, .T. ) ;
#6229 = CARTESIAN_POINT ( 'NONE',  ( 4.244484384566872492, 4.751000000000000334, 1.682021320945930931 ) ) ;
#6230 = AXIS2_PLACEMENT_3D ( 'NONE', #9361, #1832, #3694 ) ;
#6231 = SURFACE_STYLE_USAGE ( .BOTH. , #7258 ) ;
#6232 = PRESENTATION_STYLE_ASSIGNMENT (( #7079 ) ) ;
#6233 = DIRECTION ( 'NONE',  ( -0.007092178509963365136, -0.0000000000000000000, 0.9999748501857348426 ) ) ;
#6234 = UNCERTAINTY_MEASURE_WITH_UNIT (LENGTH_MEASURE( 1.000000000000000082E-05 ), #10595, 'distance_accuracy_value', 'NONE');
#6235 = CARTESIAN_POINT ( 'NONE',  ( 7.808526143341535608, 4.750000000000000000, 2.870660180011683327 ) ) ;
#6236 = STYLED_ITEM ( 'NONE', ( #7945 ), #11849 ) ;
#6237 = DIRECTION ( 'NONE',  ( -0.0000000000000000000, -1.000000000000000000, -0.0000000000000000000 ) ) ;
#6238 = LINE ( 'NONE', #5127, #8075 ) ;
#6239 = ORIENTED_EDGE ( 'NONE', *, *, #2017, .F. ) ;
#6240 = FILL_AREA_STYLE_COLOUR ( '', #6166 ) ;
#6241 = EDGE_CURVE ( 'NONE', #102, #11557, #6350, .T. ) ;
#6242 = CARTESIAN_POINT ( 'NONE',  ( 5.366364131998036413, 4.751000000000000334, 1.981897469216886476 ) ) ;
#6243 = EDGE_LOOP ( 'NONE', ( #3835, #10883, #8135, #8580, #5849, #8521, #4380, #4044 ) ) ;
#6244 = CARTESIAN_POINT ( 'NONE',  ( 8.584519778110365706, 4.750000000000000000, 2.026625182209353060 ) ) ;
#6245 = EDGE_CURVE ( 'NONE', #6735, #820, #4012, .T. ) ;
#6246 = SURFACE_STYLE_FILL_AREA ( #5509 ) ;
#6247 = CARTESIAN_POINT ( 'NONE',  ( 5.819605153532990904, 4.751000000000000334, 1.941701031511422482 ) ) ;
#6248 = ORIENTED_EDGE ( 'NONE', *, *, #8972, .T. ) ;
#6249 = UNCERTAINTY_MEASURE_WITH_UNIT (LENGTH_MEASURE( 1.000000000000000082E-05 ), #11740, 'distance_accuracy_value', 'NONE');
#6250 = B_SPLINE_CURVE_WITH_KNOTS ( 'NONE', 3,
 ( #7630, #9482, #7811, #6783 ),
 .UNSPECIFIED., .F., .F.,
 ( 4, 4 ),
 ( 1.000000000000000000, 2.000000000000000000 ),
 .UNSPECIFIED. ) ;
#6251 = EDGE_LOOP ( 'NONE', ( #8390, #1978, #4686, #8586 ) ) ;
#6252 = CARTESIAN_POINT ( 'NONE',  ( 4.436618090650971347, 4.751000000000000334, 2.062125348052995744 ) ) ;
#6253 = FILL_AREA_STYLE ('',( #1533 ) ) ;
#6254 = FACE_OUTER_BOUND ( 'NONE', #2646, .T. ) ;
#6255 = CARTESIAN_POINT ( 'NONE',  ( 3.872668677285026728, 4.751000000000000334, 2.116613471301016070 ) ) ;
#6256 = DIRECTION ( 'NONE',  ( 0.007092178509957244165, 0.0000000000000000000, -0.9999748501857349536 ) ) ;
#6257 = CARTESIAN_POINT ( 'NONE',  ( 5.910310741161374892, 4.751000000000000334, 1.614032528851506498 ) ) ;
#6258 = SURFACE_STYLE_FILL_AREA ( #10931 ) ;
#6259 = SURFACE_STYLE_USAGE ( .BOTH. , #11956 ) ;
#6260 = COLOUR_RGB ( '',0.0000000000000000000, 0.0000000000000000000, 0.0000000000000000000 ) ;
#6261 = CARTESIAN_POINT ( 'NONE',  ( 5.308871863372027988, 4.751000000000000334, 2.482925579693021856 ) ) ;
#6262 = EDGE_LOOP ( 'NONE', ( #7250, #4237, #7338, #12085 ) ) ;
#6263 = ORIENTED_EDGE ( 'NONE', *, *, #5030, .T. ) ;
#6264 = CARTESIAN_POINT ( 'NONE',  ( 7.935457179296720120, 4.751000000000000334, 1.794273050044952633 ) ) ;
#6265 =( GEOMETRIC_REPRESENTATION_CONTEXT ( 3 ) GLOBAL_UNCERTAINTY_ASSIGNED_CONTEXT ( ( #8657 ) ) GLOBAL_UNIT_ASSIGNED_CONTEXT ( ( #9251, #6441, #731 ) ) REPRESENTATION_CONTEXT ( 'NONE', 'WORKASPACE' ) );
#6266 = LINE ( 'NONE', #7303, #10772 ) ;
#6267 = FACE_OUTER_BOUND ( 'NONE', #11450, .T. ) ;
#6268 =( NAMED_UNIT ( * ) SI_UNIT ( $, .STERADIAN. ) SOLID_ANGLE_UNIT ( ) );
#6269 = VERTEX_POINT ( 'NONE', #3841 ) ;
#6270 = DIRECTION ( 'NONE',  ( 0.0000000000000000000, 0.0000000000000000000, -1.000000000000000000 ) ) ;
#6271 = VECTOR ( 'NONE', #8780, 1000.000000000000114 ) ;
#6272 = FACE_OUTER_BOUND ( 'NONE', #8719, .T. ) ;
#6273 = ORIENTED_EDGE ( 'NONE', *, *, #12151, .F. ) ;
#6274 = ADVANCED_FACE ( 'NONE', ( #1117 ), #927, .T. ) ;
#6275 = UNCERTAINTY_MEASURE_WITH_UNIT (LENGTH_MEASURE( 1.000000000000000082E-05 ), #8471, 'distance_accuracy_value', 'NONE');
#6276 = CARTESIAN_POINT ( 'NONE',  ( 5.627399508885816637, 4.751000000000000334, 1.828301107298216266 ) ) ;
#6277 = ORIENTED_EDGE ( 'NONE', *, *, #7035, .F. ) ;
#6278 = CARTESIAN_POINT ( 'NONE',  ( 8.434463805562756988, 4.751000000000000334, 2.795568265614454706 ) ) ;
#6279 = SURFACE_STYLE_FILL_AREA ( #2663 ) ;
#6280 = PRESENTATION_LAYER_ASSIGNMENT (  '', '', ( #4712 ) ) ;
#6281 = SURFACE_STYLE_USAGE ( .BOTH. , #4383 ) ;
#6282 = PRESENTATION_LAYER_ASSIGNMENT (  '', '', ( #2751 ) ) ;
#6283 = ORIENTED_EDGE ( 'NONE', *, *, #11081, .F. ) ;
#6284 = CARTESIAN_POINT ( 'NONE',  ( 5.333239157737539315, 4.751000000000000334, 2.712370787945379558 ) ) ;
#6285 = B_SPLINE_SURFACE_WITH_KNOTS ( 'NONE', 3, 1, ( 
 ( #5473, #8556 ),
 ( #2188, #3868 ),
 ( #2127, #3127 ),
 ( #6847, #9679 ) ),
 .UNSPECIFIED., .F., .F., .F.,
 ( 4, 4 ),
 ( 2, 2 ),
 ( 11.00000000000000000, 12.00000000000000000 ),
 ( 0.0000000000000000000, 1.000000000000000000 ),
 .UNSPECIFIED. ) ;
#6286 = CYLINDRICAL_SURFACE ( 'NONE', #1757, 0.3400000000000000244 ) ;
#6287 =( GEOMETRIC_REPRESENTATION_CONTEXT ( 3 ) GLOBAL_UNCERTAINTY_ASSIGNED_CONTEXT ( ( #9977 ) ) GLOBAL_UNIT_ASSIGNED_CONTEXT ( ( #360, #9142, #7069 ) ) REPRESENTATION_CONTEXT ( 'NONE', 'WORKASPACE' ) );
#6288 = EDGE_CURVE ( 'NONE', #10266, #11737, #4873, .T. ) ;
#6289 = SURFACE_STYLE_USAGE ( .BOTH. , #104 ) ;
#6290 = COLOUR_RGB ( '',0.0000000000000000000, 0.0000000000000000000, 0.0000000000000000000 ) ;
#6291 = CARTESIAN_POINT ( 'NONE',  ( 5.959940399106526954, 4.751000000000000334, 1.745137366484235786 ) ) ;
#6292 = FACE_OUTER_BOUND ( 'NONE', #2801, .T. ) ;
#6293 = SURFACE_STYLE_USAGE ( .BOTH. , #6177 ) ;
#6294 = VERTEX_POINT ( 'NONE', #2911 ) ;
#6295 = UNCERTAINTY_MEASURE_WITH_UNIT (LENGTH_MEASURE( 1.000000000000000082E-05 ), #1294, 'distance_accuracy_value', 'NONE');
#6296 = SURFACE_SIDE_STYLE ('',( #11823 ) ) ;
#6297 =( LENGTH_UNIT ( ) NAMED_UNIT ( * ) SI_UNIT ( .MILLI., .METRE. ) );
#6298 = CARTESIAN_POINT ( 'NONE',  ( -10.49999999999999822, -4.249999999999999112, 9.999999999999998224 ) ) ;
#6299 = ORIENTED_EDGE ( 'NONE', *, *, #9654, .F. ) ;
#6300 =( GEOMETRIC_REPRESENTATION_CONTEXT ( 3 ) GLOBAL_UNCERTAINTY_ASSIGNED_CONTEXT ( ( #3364 ) ) GLOBAL_UNIT_ASSIGNED_CONTEXT ( ( #3528, #8961, #8164 ) ) REPRESENTATION_CONTEXT ( 'NONE', 'WORKASPACE' ) );
#6301 = DIRECTION ( 'NONE',  ( -0.0000000000000000000, -1.000000000000000000, -0.0000000000000000000 ) ) ;
#6302 = FACE_OUTER_BOUND ( 'NONE', #6726, .T. ) ;
#6303 = CARTESIAN_POINT ( 'NONE',  ( 5.795671980265464818, 4.751000000000000334, 1.852629751203852315 ) ) ;
#6304 = EDGE_LOOP ( 'NONE', ( #8464, #11000, #1693, #9416 ) ) ;
#6305 = EDGE_CURVE ( 'NONE', #3982, #5614, #11296, .T. ) ;
#6306 = ADVANCED_FACE ( 'NONE', ( #5741 ), #2391, .F. ) ;
#6307 = VERTEX_POINT ( 'NONE', #9774 ) ;
#6308 = STYLED_ITEM ( 'NONE', ( #11285 ), #1550 ) ;
#6309 = PRESENTATION_LAYER_ASSIGNMENT (  '', '', ( #2388 ) ) ;
#6310 = ADVANCED_FACE ( 'NONE', ( #5175 ), #8929, .F. ) ;
#6311 = DIRECTION ( 'NONE',  ( -0.3592492403233727427, -0.0000000000000000000, -0.9332416532319373070 ) ) ;
#6312 =( NAMED_UNIT ( * ) SI_UNIT ( $, .STERADIAN. ) SOLID_ANGLE_UNIT ( ) );
#6313 = CARTESIAN_POINT ( 'NONE',  ( 5.184920842784719319, 4.751000000000000334, 1.707147399115480413 ) ) ;
#6314 = DIRECTION ( 'NONE',  ( -0.3492990578015340852, 0.0000000000000000000, -0.9370112956730887177 ) ) ;
#6315 = DIRECTION ( 'NONE',  ( -0.0000000000000000000, -1.000000000000000000, -0.0000000000000000000 ) ) ;
#6316 = LINE ( 'NONE', #9536, #40 ) ;
#6317 = DIRECTION ( 'NONE',  ( 0.0000000000000000000, 0.0000000000000000000, 1.000000000000000000 ) ) ;
#6318 =( GEOMETRIC_REPRESENTATION_CONTEXT ( 3 ) GLOBAL_UNCERTAINTY_ASSIGNED_CONTEXT ( ( #10530 ) ) GLOBAL_UNIT_ASSIGNED_CONTEXT ( ( #3209, #12125, #3629 ) ) REPRESENTATION_CONTEXT ( 'NONE', 'WORKASPACE' ) );
#6319 = CARTESIAN_POINT ( 'NONE',  ( 5.796910837255422777, 4.751000000000000334, 1.677954814413354256 ) ) ;
#6320 = ORIENTED_EDGE ( 'NONE', *, *, #11158, .F. ) ;
#6321 = VERTEX_POINT ( 'NONE', #3408 ) ;
#6322 = DIRECTION ( 'NONE',  ( 0.007092178509958225151, 0.0000000000000000000, -0.9999748501857349536 ) ) ;
#6323 = FILL_AREA_STYLE ('',( #7125 ) ) ;
#6324 = STYLED_ITEM ( 'NONE', ( #1329 ), #6788 ) ;
#6325 = AXIS2_PLACEMENT_3D ( 'NONE', #9427, #3989, #214 ) ;
#6326 = SURFACE_STYLE_USAGE ( .BOTH. , #8332 ) ;
#6327 = PRESENTATION_LAYER_ASSIGNMENT (  '', '', ( #634 ) ) ;
#6328 = DIRECTION ( 'NONE',  ( -0.0000000000000000000, -1.000000000000000000, -0.0000000000000000000 ) ) ;
#6329 = DIRECTION ( 'NONE',  ( -0.0000000000000000000, -1.000000000000000000, -0.0000000000000000000 ) ) ;
#6330 = SURFACE_STYLE_FILL_AREA ( #907 ) ;
#6331 = EDGE_CURVE ( 'NONE', #1381, #9986, #10826, .T. ) ;
#6332 = FILL_AREA_STYLE ('',( #6392 ) ) ;
#6333 = SURFACE_STYLE_FILL_AREA ( #1844 ) ;
#6334 = COLOUR_RGB ( '',0.0000000000000000000, 0.0000000000000000000, 0.0000000000000000000 ) ;
#6335 =( GEOMETRIC_REPRESENTATION_CONTEXT ( 3 ) GLOBAL_UNCERTAINTY_ASSIGNED_CONTEXT ( ( #2806 ) ) GLOBAL_UNIT_ASSIGNED_CONTEXT ( ( #11021, #10165, #10220 ) ) REPRESENTATION_CONTEXT ( 'NONE', 'WORKASPACE' ) );
#6336 = MECHANICAL_DESIGN_GEOMETRIC_PRESENTATION_REPRESENTATION (  '', ( #10062 ), #4770 ) ;
#6337 = VECTOR ( 'NONE', #10842, 1000.000000000000000 ) ;
#6338 = EDGE_LOOP ( 'NONE', ( #5811, #2932, #9503, #7568 ) ) ;
#6339 = CARTESIAN_POINT ( 'NONE',  ( 4.546807413626736682, 4.751000000000000334, 2.835726357625306893 ) ) ;
#6340 = ORIENTED_EDGE ( 'NONE', *, *, #6160, .F. ) ;
#6341 = CARTESIAN_POINT ( 'NONE',  ( 7.320312642992590213, 4.751000000000000334, 2.896118056044793221 ) ) ;
#6342 = VECTOR ( 'NONE', #6171, 999.9999999999998863 ) ;
#6343 = CARTESIAN_POINT ( 'NONE',  ( 5.546836871404643432, 4.750000000000000000, 1.935347379223294917 ) ) ;
#6344 =( LENGTH_UNIT ( ) NAMED_UNIT ( * ) SI_UNIT ( .MILLI., .METRE. ) );
#6345 = ORIENTED_EDGE ( 'NONE', *, *, #8174, .T. ) ;
#6346 = CARTESIAN_POINT ( 'NONE',  ( 7.510004154309248392, 4.751000000000000334, 1.635807944716032303 ) ) ;
#6347 = SURFACE_SIDE_STYLE ('',( #3538 ) ) ;
#6348 = LINE ( 'NONE', #2611, #11183 ) ;
#6349 = SURFACE_STYLE_USAGE ( .BOTH. , #7261 ) ;
#6350 = LINE ( 'NONE', #10573, #9035 ) ;
#6351 = CARTESIAN_POINT ( 'NONE',  ( 4.442408582935913230, 4.751000000000000334, 1.612199861429208125 ) ) ;
#6352 =( NAMED_UNIT ( * ) SI_UNIT ( $, .STERADIAN. ) SOLID_ANGLE_UNIT ( ) );
#6353 = ORIENTED_EDGE ( 'NONE', *, *, #4271, .F. ) ;
#6354 = CARTESIAN_POINT ( 'NONE',  ( 5.644828828001019261, 4.751000000000000334, 1.918106098000174953 ) ) ;
#6355 = SURFACE_STYLE_USAGE ( .BOTH. , #11884 ) ;
#6356 = PRESENTATION_LAYER_ASSIGNMENT (  '', '', ( #11619 ) ) ;
#6357 = CARTESIAN_POINT ( 'NONE',  ( 3.919000357439532678, 4.750000000000000000, 2.016342963659302434 ) ) ;
#6358 = FACE_OUTER_BOUND ( 'NONE', #9510, .T. ) ;
#6359 = VERTEX_POINT ( 'NONE', #2290 ) ;
#6360 = EDGE_CURVE ( 'NONE', #10733, #11830, #1312, .T. ) ;
#6361 =( GEOMETRIC_REPRESENTATION_CONTEXT ( 3 ) GLOBAL_UNCERTAINTY_ASSIGNED_CONTEXT ( ( #3559 ) ) GLOBAL_UNIT_ASSIGNED_CONTEXT ( ( #2482, #1379, #3292 ) ) REPRESENTATION_CONTEXT ( 'NONE', 'WORKASPACE' ) );
#6362 = DIRECTION ( 'NONE',  ( -0.0000000000000000000, -1.000000000000000000, -0.0000000000000000000 ) ) ;
#6363 = CARTESIAN_POINT ( 'NONE',  ( 8.100946824540946167, 4.750000000000000000, 1.397790288773736345 ) ) ;
#6364 = ORIENTED_EDGE ( 'NONE', *, *, #6331, .F. ) ;
#6365 = VERTEX_POINT ( 'NONE', #8767 ) ;
#6366 = VECTOR ( 'NONE', #7376, 1000.000000000000000 ) ;
#6367 = FACE_OUTER_BOUND ( 'NONE', #12075, .T. ) ;
#6368 = CARTESIAN_POINT ( 'NONE',  ( 4.958154056194548964, 4.750000000000000000, 2.856580049967182955 ) ) ;
#6369 = STYLED_ITEM ( 'NONE', ( #5848 ), #9111 ) ;
#6370 = CARTESIAN_POINT ( 'NONE',  ( 5.684346846922542440, 4.751000000000000334, 2.448676247909279180 ) ) ;
#6371 = SURFACE_STYLE_FILL_AREA ( #11208 ) ;
#6372 =( LENGTH_UNIT ( ) NAMED_UNIT ( * ) SI_UNIT ( .MILLI., .METRE. ) );
#6373 = EDGE_CURVE ( 'NONE', #10352, #2733, #9885, .T. ) ;
#6374 = CARTESIAN_POINT ( 'NONE',  ( 8.295380826456906220, 4.751000000000000334, 2.527067671165228457 ) ) ;
#6375 = EDGE_CURVE ( 'NONE', #1815, #4440, #5239, .T. ) ;
#6376 =( NAMED_UNIT ( * ) PLANE_ANGLE_UNIT ( ) SI_UNIT ( $, .RADIAN. ) );
#6377 = STYLED_ITEM ( 'NONE', ( #7076 ), #3329 ) ;
#6378 =( NAMED_UNIT ( * ) SI_UNIT ( $, .STERADIAN. ) SOLID_ANGLE_UNIT ( ) );
#6379 = LINE ( 'NONE', #11843, #101 ) ;
#6380 =( GEOMETRIC_REPRESENTATION_CONTEXT ( 3 ) GLOBAL_UNCERTAINTY_ASSIGNED_CONTEXT ( ( #5996 ) ) GLOBAL_UNIT_ASSIGNED_CONTEXT ( ( #10300, #3806, #7579 ) ) REPRESENTATION_CONTEXT ( 'NONE', 'WORKASPACE' ) );
#6381 = ORIENTED_EDGE ( 'NONE', *, *, #6871, .T. ) ;
#6382 = ORIENTED_EDGE ( 'NONE', *, *, #11247, .T. ) ;
#6383 = CARTESIAN_POINT ( 'NONE',  ( 8.245387808543862107, 4.751000000000000334, 2.949674791134507146 ) ) ;
#6384 =( LENGTH_UNIT ( ) NAMED_UNIT ( * ) SI_UNIT ( .MILLI., .METRE. ) );
#6385 = B_SPLINE_SURFACE_WITH_KNOTS ( 'NONE', 3, 1, ( 
 ( #689, #8454 ),
 ( #1857, #8345 ),
 ( #1044, #921 ),
 ( #2841, #11309 ) ),
 .UNSPECIFIED., .F., .F., .F.,
 ( 4, 4 ),
 ( 2, 2 ),
 ( 23.00000000000000000, 24.00000000000000000 ),
 ( 0.0000000000000000000, 1.000000000000000000 ),
 .UNSPECIFIED. ) ;
#6386 = VECTOR ( 'NONE', #6008, 1000.000000000000114 ) ;
#6387 = CARTESIAN_POINT ( 'NONE',  ( 6.085962601812507700, 4.751000000000000334, 2.430469022821359459 ) ) ;
#6388 = PRESENTATION_STYLE_ASSIGNMENT (( #2590 ) ) ;
#6389 =( NAMED_UNIT ( * ) SI_UNIT ( $, .STERADIAN. ) SOLID_ANGLE_UNIT ( ) );
#6390 = ADVANCED_FACE ( 'NONE', ( #11618 ), #1510, .F. ) ;
#6391 = DIRECTION ( 'NONE',  ( -0.0000000000000000000, -1.000000000000000000, -0.0000000000000000000 ) ) ;
#6392 = FILL_AREA_STYLE_COLOUR ( '', #5362 ) ;
#6393 = CARTESIAN_POINT ( 'NONE',  ( 9.999999999999998224, 3.750000000000000000, 0.4999999999999995559 ) ) ;
#6394 = ADVANCED_FACE ( 'NONE', ( #2720 ), #3283, .F. ) ;
#6395 =( GEOMETRIC_REPRESENTATION_CONTEXT ( 3 ) GLOBAL_UNCERTAINTY_ASSIGNED_CONTEXT ( ( #3594 ) ) GLOBAL_UNIT_ASSIGNED_CONTEXT ( ( #10620, #6858, #8874 ) ) REPRESENTATION_CONTEXT ( 'NONE', 'WORKASPACE' ) );
#6396 = STYLED_ITEM ( 'NONE', ( #828 ), #10348 ) ;
#6397 = ORIENTED_EDGE ( 'NONE', *, *, #11491, .T. ) ;
#6398 = EDGE_CURVE ( 'NONE', #8738, #7763, #9141, .T. ) ;
#6399 = CARTESIAN_POINT ( 'NONE',  ( 5.941925765637444457, 4.750000000000000000, 1.682882502287691651 ) ) ;
#6400 = UNCERTAINTY_MEASURE_WITH_UNIT (LENGTH_MEASURE( 1.000000000000000082E-05 ), #10770, 'distance_accuracy_value', 'NONE');
#6401 = SURFACE_STYLE_FILL_AREA ( #4504 ) ;
#6402 = VERTEX_POINT ( 'NONE', #7430 ) ;
#6403 = DIRECTION ( 'NONE',  ( 0.007092178509963559425, 0.0000000000000000000, -0.9999748501857348426 ) ) ;
#6404 = COLOUR_RGB ( '',0.0000000000000000000, 0.0000000000000000000, 0.0000000000000000000 ) ;
#6405 =( NAMED_UNIT ( * ) PLANE_ANGLE_UNIT ( ) SI_UNIT ( $, .RADIAN. ) );
#6406 = FILL_AREA_STYLE_COLOUR ( '', #670 ) ;
#6407 = CARTESIAN_POINT ( 'NONE',  ( 4.872846275826086426, 4.750000000000000000, 2.862993559193159232 ) ) ;
#6408 = ORIENTED_EDGE ( 'NONE', *, *, #4350, .T. ) ;
#6409 =( NAMED_UNIT ( * ) PLANE_ANGLE_UNIT ( ) SI_UNIT ( $, .RADIAN. ) );
#6410 = COLOUR_RGB ( '',0.0000000000000000000, 0.0000000000000000000, 0.0000000000000000000 ) ;
#6411 = CARTESIAN_POINT ( 'NONE',  ( 5.408217057489516755, 4.751000000000000334, 1.761760082963730545 ) ) ;
#6412 = CARTESIAN_POINT ( 'NONE',  ( 4.677886618691644571, 4.751000000000000334, 1.671837917414463970 ) ) ;
#6413 = ORIENTED_EDGE ( 'NONE', *, *, #3242, .F. ) ;
#6414 = UNCERTAINTY_MEASURE_WITH_UNIT (LENGTH_MEASURE( 1.000000000000000082E-05 ), #4731, 'distance_accuracy_value', 'NONE');
#6415 = DIRECTION ( 'NONE',  ( -0.0000000000000000000, -1.000000000000000000, -0.0000000000000000000 ) ) ;
#6416 = VECTOR ( 'NONE', #1765, 1000.000000000000000 ) ;
#6417 = SURFACE_SIDE_STYLE ('',( #814 ) ) ;
#6418 = LINE ( 'NONE', #10166, #6420 ) ;
#6419 = ORIENTED_EDGE ( 'NONE', *, *, #5480, .F. ) ;
#6420 = VECTOR ( 'NONE', #5506, 1000.000000000000000 ) ;
#6421 = SURFACE_STYLE_FILL_AREA ( #2739 ) ;
#6422 = LINE ( 'NONE', #4407, #4325 ) ;
#6423 = VERTEX_POINT ( 'NONE', #4563 ) ;
#6424 = VECTOR ( 'NONE', #1631, 1000.000000000000000 ) ;
#6425 = VERTEX_POINT ( 'NONE', #8277 ) ;
#6426 = CARTESIAN_POINT ( 'NONE',  ( 5.960080507932782545, 4.751000000000000334, 1.725382462917125492 ) ) ;
#6427 = EDGE_CURVE ( 'NONE', #426, #5181, #12041, .T. ) ;
#6428 = PRESENTATION_STYLE_ASSIGNMENT (( #11090 ) ) ;
#6429 = LINE ( 'NONE', #12124, #2274 ) ;
#6430 =( NAMED_UNIT ( * ) PLANE_ANGLE_UNIT ( ) SI_UNIT ( $, .RADIAN. ) );
#6431 = LINE ( 'NONE', #11097, #7732 ) ;
#6432 = CARTESIAN_POINT ( 'NONE',  ( 5.973406235107098006, 4.750000000000000000, 1.624098027228533692 ) ) ;
#6433 = PLANE ( 'NONE',  #6230 ) ;
#6434 = CARTESIAN_POINT ( 'NONE',  ( 5.904015003649081272, 4.750000000000000000, 2.868227407681360752 ) ) ;
#6435 = ORIENTED_EDGE ( 'NONE', *, *, #6814, .T. ) ;
#6436 = ORIENTED_EDGE ( 'NONE', *, *, #6728, .F. ) ;
#6437 = DIRECTION ( 'NONE',  ( -0.0000000000000000000, -1.000000000000000000, -0.0000000000000000000 ) ) ;
#6438 = EDGE_CURVE ( 'NONE', #6402, #10207, #9285, .T. ) ;
#6439 = SURFACE_STYLE_USAGE ( .BOTH. , #7479 ) ;
#6440 = CARTESIAN_POINT ( 'NONE',  ( 8.488661322871575265, 4.750000000000000000, 2.799567691907449696 ) ) ;
#6441 =( NAMED_UNIT ( * ) PLANE_ANGLE_UNIT ( ) SI_UNIT ( $, .RADIAN. ) );
#6442 = DIRECTION ( 'NONE',  ( -0.0000000000000000000, -1.000000000000000000, -0.0000000000000000000 ) ) ;
#6443 = CARTESIAN_POINT ( 'NONE',  ( 7.548254970993747648, 4.750000000000000000, 2.868814243971447020 ) ) ;
#6444 = CARTESIAN_POINT ( 'NONE',  ( 4.702666865388868800, 4.751000000000000334, 1.843058146737809544 ) ) ;
#6445 = CARTESIAN_POINT ( 'NONE',  ( 6.063433197988347345, 4.750000000000000000, 2.674918437937169990 ) ) ;
#6446 = FILL_AREA_STYLE ('',( #11117 ) ) ;
#6447 = ADVANCED_FACE ( 'NONE', ( #623 ), #12100, .F. ) ;
#6448 = EDGE_LOOP ( 'NONE', ( #1529, #10829, #10719, #7164, #11821, #6812, #4180, #4341, #11366, #5969, #10696, #4777, #387, #12097, #10172 ) ) ;
#6449 = ADVANCED_FACE ( 'NONE', ( #4800 ), #11691, .F. ) ;
#6450 = LINE ( 'NONE', #5545, #9297 ) ;
#6451 =( LENGTH_UNIT ( ) NAMED_UNIT ( * ) SI_UNIT ( .MILLI., .METRE. ) );
#6452 = PRESENTATION_STYLE_ASSIGNMENT (( #6624 ) ) ;
#6453 = ORIENTED_EDGE ( 'NONE', *, *, #8829, .F. ) ;
#6454 = EDGE_CURVE ( 'NONE', #8734, #10497, #7531, .T. ) ;
#6455 = FILL_AREA_STYLE ('',( #7251 ) ) ;
#6456 = DIRECTION ( 'NONE',  ( 0.007092178509963429321, -0.0000000000000000000, -0.9999748501857348426 ) ) ;
#6457 = CARTESIAN_POINT ( 'NONE',  ( 6.086354472402111249, 4.751000000000000334, 1.623859312371049191 ) ) ;
#6458 = DIRECTION ( 'NONE',  ( -0.0000000000000000000, -1.000000000000000000, -0.0000000000000000000 ) ) ;
#6459 = FILL_AREA_STYLE_COLOUR ( '', #6568 ) ;
#6460 = VERTEX_POINT ( 'NONE', #3828 ) ;
#6461 = SURFACE_STYLE_USAGE ( .BOTH. , #2730 ) ;
#6462 = EDGE_CURVE ( 'NONE', #2733, #2106, #3748, .T. ) ;
#6463 = STYLED_ITEM ( 'NONE', ( #5377 ), #4351 ) ;
#6464 = DIRECTION ( 'NONE',  ( -0.0000000000000000000, -1.000000000000000000, -0.0000000000000000000 ) ) ;
#6465 = CARTESIAN_POINT ( 'NONE',  ( 5.959940399106526954, 4.750000000000000000, 1.745137366484235786 ) ) ;
#6466 = SURFACE_SIDE_STYLE ('',( #865 ) ) ;
#6467 = AXIS2_PLACEMENT_3D ( 'NONE', #2024, #3138, #6799 ) ;
#6468 = ORIENTED_EDGE ( 'NONE', *, *, #6068, .T. ) ;
#6469 = LINE ( 'NONE', #1810, #2043 ) ;
#6470 = LINE ( 'NONE', #3614, #11317 ) ;
#6471 = ORIENTED_EDGE ( 'NONE', *, *, #9040, .T. ) ;
#6472 =( NAMED_UNIT ( * ) SI_UNIT ( $, .STERADIAN. ) SOLID_ANGLE_UNIT ( ) );
#6473 = SURFACE_SIDE_STYLE ('',( #6246 ) ) ;
#6474 = VECTOR ( 'NONE', #4654, 1000.000000000000114 ) ;
#6475 = CARTESIAN_POINT ( 'NONE',  ( 8.299841908398944312, 4.750000000000000000, 1.898078878745585119 ) ) ;
#6476 = ORIENTED_EDGE ( 'NONE', *, *, #10643, .F. ) ;
#6477 = UNCERTAINTY_MEASURE_WITH_UNIT (LENGTH_MEASURE( 1.000000000000000082E-05 ), #10454, 'distance_accuracy_value', 'NONE');
#6478 = B_SPLINE_SURFACE_WITH_KNOTS ( 'NONE', 3, 1, ( 
 ( #7581, #11345 ),
 ( #2006, #11403 ),
 ( #5769, #9487 ),
 ( #8551, #146 ) ),
 .UNSPECIFIED., .F., .F., .F.,
 ( 4, 4 ),
 ( 2, 2 ),
 ( 34.00000000000000000, 35.00000000000000000 ),
 ( 0.0000000000000000000, 1.000000000000000000 ),
 .UNSPECIFIED. ) ;
#6479 = ORIENTED_EDGE ( 'NONE', *, *, #8578, .T. ) ;
#6480 = CARTESIAN_POINT ( 'NONE',  ( 4.921210400610024571, 4.751000000000000334, 2.824344672324774042 ) ) ;
#6481 = LINE ( 'NONE', #82, #3237 ) ;
#6482 = VERTEX_POINT ( 'NONE', #10263 ) ;
#6483 =( NAMED_UNIT ( * ) PLANE_ANGLE_UNIT ( ) SI_UNIT ( $, .RADIAN. ) );
#6484 = LINE ( 'NONE', #3863, #4029 ) ;
#6485 = CARTESIAN_POINT ( 'NONE',  ( 4.948141223361533392, 4.750000000000000000, 2.124241106413962576 ) ) ;
#6486 = LINE ( 'NONE', #7686, #8291 ) ;
#6487 = EDGE_CURVE ( 'NONE', #5590, #8022, #8684, .T. ) ;
#6488 = CARTESIAN_POINT ( 'NONE',  ( 4.235035505866965089, 4.750000000000000000, 1.933062158233945338 ) ) ;
#6489 = EDGE_LOOP ( 'NONE', ( #3523, #3059, #4505, #10358 ) ) ;
#6490 = PRESENTATION_LAYER_ASSIGNMENT (  '', '', ( #9224 ) ) ;
#6491 =( GEOMETRIC_REPRESENTATION_CONTEXT ( 3 ) GLOBAL_UNCERTAINTY_ASSIGNED_CONTEXT ( ( #11785 ) ) GLOBAL_UNIT_ASSIGNED_CONTEXT ( ( #9788, #9915, #7995 ) ) REPRESENTATION_CONTEXT ( 'NONE', 'WORKASPACE' ) );
#6492 = DIRECTION ( 'NONE',  ( -0.0000000000000000000, -1.000000000000000000, -0.0000000000000000000 ) ) ;
#6493 = CARTESIAN_POINT ( 'NONE',  ( 5.417415157114687574, 4.750000000000000000, 1.912594008837416704 ) ) ;
#6494 = LINE ( 'NONE', #10940, #9987 ) ;
#6495 = PRESENTATION_STYLE_ASSIGNMENT (( #2888 ) ) ;
#6496 = STYLED_ITEM ( 'NONE', ( #2261 ), #1648 ) ;
#6497 =( LENGTH_UNIT ( ) NAMED_UNIT ( * ) SI_UNIT ( .MILLI., .METRE. ) );
#6498 = VECTOR ( 'NONE', #6218, 1000.000000000000000 ) ;
#6499 =( LENGTH_UNIT ( ) NAMED_UNIT ( * ) SI_UNIT ( .MILLI., .METRE. ) );
#6500 = CARTESIAN_POINT ( 'NONE',  ( 5.194616714856695516, 4.751000000000000334, 1.677842265815224998 ) ) ;
#6501 = EDGE_CURVE ( 'NONE', #10604, #7518, #5935, .T. ) ;
#6502 = LINE ( 'NONE', #10146, #3475 ) ;
#6503 = ORIENTED_EDGE ( 'NONE', *, *, #3314, .T. ) ;
#6504 = STYLED_ITEM ( 'NONE', ( #7923 ), #1866 ) ;
#6505 =( GEOMETRIC_REPRESENTATION_CONTEXT ( 3 ) GLOBAL_UNCERTAINTY_ASSIGNED_CONTEXT ( ( #1721 ) ) GLOBAL_UNIT_ASSIGNED_CONTEXT ( ( #10379, #1964, #9325 ) ) REPRESENTATION_CONTEXT ( 'NONE', 'WORKASPACE' ) );
#6506 = SURFACE_STYLE_FILL_AREA ( #10321 ) ;
#6507 = STYLED_ITEM ( 'NONE', ( #5639 ), #5939 ) ;
#6508 = CARTESIAN_POINT ( 'NONE',  ( 8.458819703754935304, 4.751000000000000334, 1.400328450951303871 ) ) ;
#6509 = SURFACE_STYLE_FILL_AREA ( #2954 ) ;
#6510 = CARTESIAN_POINT ( 'NONE',  ( 8.905602803042032889, 4.751000000000000334, 2.629001958253291527 ) ) ;
#6511 = ORIENTED_EDGE ( 'NONE', *, *, #3532, .F. ) ;
#6512 =( NAMED_UNIT ( * ) PLANE_ANGLE_UNIT ( ) SI_UNIT ( $, .RADIAN. ) );
#6513 = DIRECTION ( 'NONE',  ( 3.965082230804128741E-16, 0.0000000000000000000, 1.000000000000000000 ) ) ;
#6514 = FILL_AREA_STYLE_COLOUR ( '', #7134 ) ;
#6515 = SURFACE_STYLE_USAGE ( .BOTH. , #10206 ) ;
#6516 = ORIENTED_EDGE ( 'NONE', *, *, #8389, .T. ) ;
#6517 = EDGE_CURVE ( 'NONE', #8022, #9303, #3319, .T. ) ;
#6518 = EDGE_CURVE ( 'NONE', #8069, #1752, #5667, .T. ) ;
#6519 =( LENGTH_UNIT ( ) NAMED_UNIT ( * ) SI_UNIT ( .MILLI., .METRE. ) );
#6520 = VECTOR ( 'NONE', #4331, 1000.000000000000000 ) ;
#6521 = ADVANCED_FACE ( 'NONE', ( #9376 ), #2898, .F. ) ;
#6522 = PRESENTATION_LAYER_ASSIGNMENT (  '', '', ( #6719 ) ) ;
#6523 =( GEOMETRIC_REPRESENTATION_CONTEXT ( 3 ) GLOBAL_UNCERTAINTY_ASSIGNED_CONTEXT ( ( #8978 ) ) GLOBAL_UNIT_ASSIGNED_CONTEXT ( ( #2580, #1833, #6378 ) ) REPRESENTATION_CONTEXT ( 'NONE', 'WORKASPACE' ) );
#6524 = DIRECTION ( 'NONE',  ( -0.0000000000000000000, -1.000000000000000000, -0.0000000000000000000 ) ) ;
#6525 = STYLED_ITEM ( 'NONE', ( #11007 ), #7044 ) ;
#6526 = VECTOR ( 'NONE', #545, 1000.000000000000000 ) ;
#6527 = ORIENTED_EDGE ( 'NONE', *, *, #12151, .T. ) ;
#6528 = CARTESIAN_POINT ( 'NONE',  ( 5.960080507932782545, 4.751000000000000334, 1.725382462917125492 ) ) ;
#6529 = CARTESIAN_POINT ( 'NONE',  ( 6.085943363609318091, 4.751000000000000334, 1.681824358358713578 ) ) ;
#6530 = LINE ( 'NONE', #3730, #1642 ) ;
#6531 = PRESENTATION_STYLE_ASSIGNMENT (( #1751 ) ) ;
#6532 = FACE_OUTER_BOUND ( 'NONE', #9673, .T. ) ;
#6533 = ORIENTED_EDGE ( 'NONE', *, *, #4116, .F. ) ;
#6534 = EDGE_CURVE ( 'NONE', #5730, #2461, #7221, .T. ) ;
#6535 = PRESENTATION_STYLE_ASSIGNMENT (( #5814 ) ) ;
#6536 =( GEOMETRIC_REPRESENTATION_CONTEXT ( 3 ) GLOBAL_UNCERTAINTY_ASSIGNED_CONTEXT ( ( #11269 ) ) GLOBAL_UNIT_ASSIGNED_CONTEXT ( ( #6005, #1272, #11396 ) ) REPRESENTATION_CONTEXT ( 'NONE', 'WORKASPACE' ) );
#6537 = CARTESIAN_POINT ( 'NONE',  ( 9.026227097545170608, 4.751000000000000334, 1.932151104916106199 ) ) ;
#6538 = ORIENTED_EDGE ( 'NONE', *, *, #10194, .T. ) ;
#6539 = ORIENTED_EDGE ( 'NONE', *, *, #4353, .F. ) ;
#6540 = DIRECTION ( 'NONE',  ( -0.3962797719141797903, 0.0000000000000000000, 0.9181298069290886321 ) ) ;
#6541 =( NAMED_UNIT ( * ) PLANE_ANGLE_UNIT ( ) SI_UNIT ( $, .RADIAN. ) );
#6542 = CARTESIAN_POINT ( 'NONE',  ( 5.209631791485263896, 4.750000000000000000, 2.932708180580608559 ) ) ;
#6543 = DIRECTION ( 'NONE',  ( -0.0000000000000000000, 1.000000000000000000, -1.195372373669727292E-16 ) ) ;
#6544 = VECTOR ( 'NONE', #11173, 1000.000000000000000 ) ;
#6545 = PRESENTATION_STYLE_ASSIGNMENT (( #6602 ) ) ;
#6546 = CARTESIAN_POINT ( 'NONE',  ( 5.987963358095001354, 4.750000000000000000, 1.898964211162375681 ) ) ;
#6547 = VERTEX_POINT ( 'NONE', #10982 ) ;
#6548 = SURFACE_SIDE_STYLE ('',( #11212 ) ) ;
#6549 = CARTESIAN_POINT ( 'NONE',  ( 5.988601053710414845, 4.751000000000000334, 2.871946674335578376 ) ) ;
#6550 = FILL_AREA_STYLE ('',( #6607 ) ) ;
#6551 = DIRECTION ( 'NONE',  ( 0.4610253948556710113, -0.0000000000000000000, 0.8873869422626031733 ) ) ;
#6552 = DIRECTION ( 'NONE',  ( 0.007092178509961323367, 0.0000000000000000000, -0.9999748501857348426 ) ) ;
#6553 =( GEOMETRIC_REPRESENTATION_CONTEXT ( 3 ) GLOBAL_UNCERTAINTY_ASSIGNED_CONTEXT ( ( #11922 ) ) GLOBAL_UNIT_ASSIGNED_CONTEXT ( ( #12128, #8318, #1826 ) ) REPRESENTATION_CONTEXT ( 'NONE', 'WORKASPACE' ) );
#6554 = ORIENTED_EDGE ( 'NONE', *, *, #9751, .F. ) ;
#6555 = PRESENTATION_LAYER_ASSIGNMENT (  '', '', ( #6946 ) ) ;
#6556 = DIRECTION ( 'NONE',  ( -0.0000000000000000000, -0.0000000000000000000, -1.000000000000000000 ) ) ;
#6557 =( NAMED_UNIT ( * ) SI_UNIT ( $, .STERADIAN. ) SOLID_ANGLE_UNIT ( ) );
#6558 = B_SPLINE_CURVE_WITH_KNOTS ( 'NONE', 3,
 ( #923, #6343, #5612, #3721 ),
 .UNSPECIFIED., .F., .F.,
 ( 4, 4 ),
 ( 11.00000000000000000, 12.00000000000000000 ),
 .UNSPECIFIED. ) ;
#6559 = CARTESIAN_POINT ( 'NONE',  ( 11.00000000000000000, 4.750000000000000000, 9.499999999999998224 ) ) ;
#6560 = FACE_OUTER_BOUND ( 'NONE', #3146, .T. ) ;
#6561 = CARTESIAN_POINT ( 'NONE',  ( 7.305648111579486681, 4.750000000000000000, 2.415211233981442440 ) ) ;
#6562 = COLOUR_RGB ( '',0.0000000000000000000, 0.0000000000000000000, 0.0000000000000000000 ) ;
#6563 = LINE ( 'NONE', #4495, #9929 ) ;
#6564 = LINE ( 'NONE', #11055, #5971 ) ;
#6565 =( NAMED_UNIT ( * ) SI_UNIT ( $, .STERADIAN. ) SOLID_ANGLE_UNIT ( ) );
#6566 = FILL_AREA_STYLE ('',( #8970 ) ) ;
#6567 = VERTEX_POINT ( 'NONE', #2342 ) ;
#6568 = COLOUR_RGB ( '',0.0000000000000000000, 0.0000000000000000000, 0.0000000000000000000 ) ;
#6569 = CARTESIAN_POINT ( 'NONE',  ( 9.999999999999998224, -3.750000000000000000, 4.482646401261477961E-16 ) ) ;
#6570 = CARTESIAN_POINT ( 'NONE',  ( 5.466797839095709932, 4.751000000000000334, 1.712005977553587632 ) ) ;
#6571 = EDGE_CURVE ( 'NONE', #11846, #3737, #9818, .T. ) ;
#6572 = FILL_AREA_STYLE ('',( #7779 ) ) ;
#6573 = VERTEX_POINT ( 'NONE', #348 ) ;
#6574 = SURFACE_STYLE_FILL_AREA ( #9267 ) ;
#6575 = LINE ( 'NONE', #9201, #10476 ) ;
#6576 = ADVANCED_FACE ( 'NONE', ( #8818 ), #3273, .F. ) ;
#6577 = VECTOR ( 'NONE', #2667, 1000.000000000000000 ) ;
#6578 = ORIENTED_EDGE ( 'NONE', *, *, #496, .T. ) ;
#6579 = B_SPLINE_SURFACE_WITH_KNOTS ( 'NONE', 3, 1, ( 
 ( #3877, #11935 ),
 ( #10962, #1688 ),
 ( #6411, #9275 ),
 ( #4391, #10102 ) ),
 .UNSPECIFIED., .F., .F., .F.,
 ( 4, 4 ),
 ( 2, 2 ),
 ( 16.00000000000000000, 17.00000000000000000 ),
 ( 0.0000000000000000000, 1.000000000000000000 ),
 .UNSPECIFIED. ) ;
#6580 =( GEOMETRIC_REPRESENTATION_CONTEXT ( 3 ) GLOBAL_UNCERTAINTY_ASSIGNED_CONTEXT ( ( #7205 ) ) GLOBAL_UNIT_ASSIGNED_CONTEXT ( ( #7008, #11731, #6268 ) ) REPRESENTATION_CONTEXT ( 'NONE', 'WORKASPACE' ) );
#6581 = ADVANCED_FACE ( 'NONE', ( #5398 ), #7000, .F. ) ;
#6582 =( NAMED_UNIT ( * ) SI_UNIT ( $, .STERADIAN. ) SOLID_ANGLE_UNIT ( ) );
#6583 = EDGE_CURVE ( 'NONE', #1815, #2783, #9234, .T. ) ;
#6584 = VECTOR ( 'NONE', #6442, 1000.000000000000000 ) ;
#6585 = CARTESIAN_POINT ( 'NONE',  ( 5.797309041287892484, 4.751000000000000334, 1.621809299018642569 ) ) ;
#6586 = ORIENTED_EDGE ( 'NONE', *, *, #6723, .F. ) ;
#6587 = CARTESIAN_POINT ( 'NONE',  ( 4.872846275826086426, 4.750000000000000000, 2.862993559193159232 ) ) ;
#6588 = DIRECTION ( 'NONE',  ( 0.9999748501857348426, -0.0000000000000000000, 0.007092178509971281547 ) ) ;
#6589 = CARTESIAN_POINT ( 'NONE',  ( 5.645057426612244633, 4.751000000000000334, 1.885874413237700553 ) ) ;
#6590 = ORIENTED_EDGE ( 'NONE', *, *, #126, .F. ) ;
#6591 =( GEOMETRIC_REPRESENTATION_CONTEXT ( 3 ) GLOBAL_UNCERTAINTY_ASSIGNED_CONTEXT ( ( #7981 ) ) GLOBAL_UNIT_ASSIGNED_CONTEXT ( ( #9738, #9672, #4102 ) ) REPRESENTATION_CONTEXT ( 'NONE', 'WORKASPACE' ) );
#6592 = DIRECTION ( 'NONE',  ( -0.0000000000000000000, -1.000000000000000000, -0.0000000000000000000 ) ) ;
#6593 = ORIENTED_EDGE ( 'NONE', *, *, #5017, .T. ) ;
#6594 = UNCERTAINTY_MEASURE_WITH_UNIT (LENGTH_MEASURE( 1.000000000000000082E-05 ), #6069, 'distance_accuracy_value', 'NONE');
#6595 = FACE_OUTER_BOUND ( 'NONE', #9365, .T. ) ;
#6596 = VERTEX_POINT ( 'NONE', #11036 ) ;
#6597 = ADVANCED_FACE ( 'NONE', ( #2634 ), #5642, .F. ) ;
#6598 =( GEOMETRIC_REPRESENTATION_CONTEXT ( 3 ) GLOBAL_UNCERTAINTY_ASSIGNED_CONTEXT ( ( #9220 ) ) GLOBAL_UNIT_ASSIGNED_CONTEXT ( ( #8671, #7878, #11703 ) ) REPRESENTATION_CONTEXT ( 'NONE', 'WORKASPACE' ) );
#6599 = CARTESIAN_POINT ( 'NONE',  ( 5.017794057246313777, 4.751000000000000334, 1.979425285848563476 ) ) ;
#6600 = EDGE_CURVE ( 'NONE', #6183, #9360, #1762, .T. ) ;
#6601 = VECTOR ( 'NONE', #3507, 1000.000000000000114 ) ;
#6602 = SURFACE_STYLE_USAGE ( .BOTH. , #12074 ) ;
#6603 = DIRECTION ( 'NONE',  ( 0.007092178509965295016, 0.0000000000000000000, -0.9999748501857348426 ) ) ;
#6604 = ORIENTED_EDGE ( 'NONE', *, *, #10885, .T. ) ;
#6605 = SURFACE_STYLE_FILL_AREA ( #11460 ) ;
#6606 = DIRECTION ( 'NONE',  ( -0.9999748501857348426, -0.0000000000000000000, -0.007092178509962399763 ) ) ;
#6607 = FILL_AREA_STYLE_COLOUR ( '', #6036 ) ;
#6608 =( GEOMETRIC_REPRESENTATION_CONTEXT ( 3 ) GLOBAL_UNCERTAINTY_ASSIGNED_CONTEXT ( ( #10970 ) ) GLOBAL_UNIT_ASSIGNED_CONTEXT ( ( #4419, #595, #5702 ) ) REPRESENTATION_CONTEXT ( 'NONE', 'WORKASPACE' ) );
#6609 = EDGE_CURVE ( 'NONE', #9801, #1926, #3686, .T. ) ;
#6610 = CARTESIAN_POINT ( 'NONE',  ( 8.405570455151950782, 4.751000000000000334, 2.791748271027798989 ) ) ;
#6611 = VERTEX_POINT ( 'NONE', #8192 ) ;
#6612 = B_SPLINE_CURVE_WITH_KNOTS ( 'NONE', 3,
 ( #8040, #7016, #1438, #1498 ),
 .UNSPECIFIED., .F., .F.,
 ( 4, 4 ),
 ( 10.00000000000000000, 11.00000000000000000 ),
 .UNSPECIFIED. ) ;
#6613 = CARTESIAN_POINT ( 'NONE',  ( 5.645057426612244633, 4.750000000000000000, 1.885874413237700553 ) ) ;
#6614 = B_SPLINE_CURVE_WITH_KNOTS ( 'NONE', 3,
 ( #10306, #11107, #4720, #30 ),
 .UNSPECIFIED., .F., .F.,
 ( 4, 4 ),
 ( 5.000000000000000000, 6.000000000000000000 ),
 .UNSPECIFIED. ) ;
#6615 = PRESENTATION_LAYER_ASSIGNMENT (  '', '', ( #1722 ) ) ;
#6616 = PLANE ( 'NONE',  #1000 ) ;
#6617 = DIRECTION ( 'NONE',  ( -0.0000000000000000000, -1.000000000000000000, -0.0000000000000000000 ) ) ;
#6618 = FILL_AREA_STYLE ('',( #3928 ) ) ;
#6619 = CARTESIAN_POINT ( 'NONE',  ( 7.127134631112414631, 4.750000000000000000, 2.609158316483524143 ) ) ;
#6620 = ORIENTED_EDGE ( 'NONE', *, *, #5636, .T. ) ;
#6621 = LINE ( 'NONE', #2836, #3827 ) ;
#6622 = UNCERTAINTY_MEASURE_WITH_UNIT (LENGTH_MEASURE( 1.000000000000000082E-05 ), #2549, 'distance_accuracy_value', 'NONE');
#6623 = DIRECTION ( 'NONE',  ( -0.1317146119116258396, 0.0000000000000000000, -0.9912876782291656363 ) ) ;
#6624 = SURFACE_STYLE_USAGE ( .BOTH. , #7431 ) ;
#6625 = CARTESIAN_POINT ( 'NONE',  ( 4.244484384566872492, 4.751000000000000334, 1.682021320945930931 ) ) ;
#6626 = ORIENTED_EDGE ( 'NONE', *, *, #2098, .F. ) ;
#6627 = DIRECTION ( 'NONE',  ( -0.007092178509964783273, 0.0000000000000000000, 0.9999748501857348426 ) ) ;
#6628 = VECTOR ( 'NONE', #336, 1000.000000000000000 ) ;
#6629 = CARTESIAN_POINT ( 'NONE',  ( 4.546807413626736682, 4.751000000000000334, 2.835726357625306893 ) ) ;
#6630 = DIRECTION ( 'NONE',  ( -0.007092178509963378147, 0.0000000000000000000, 0.9999748501857348426 ) ) ;
#6631 = CARTESIAN_POINT ( 'NONE',  ( 8.245387808543862107, 4.751000000000000334, 2.949674791134507146 ) ) ;
#6632 = B_SPLINE_CURVE_WITH_KNOTS ( 'NONE', 3,
 ( #10722, #6065, #9975, #9791 ),
 .UNSPECIFIED., .F., .F.,
 ( 4, 4 ),
 ( 6.000000000000000000, 7.000000000000000000 ),
 .UNSPECIFIED. ) ;
#6633 = ORIENTED_EDGE ( 'NONE', *, *, #5414, .T. ) ;
#6634 = CARTESIAN_POINT ( 'NONE',  ( 9.078424850482647912, 4.750000000000000000, 2.218111013886742811 ) ) ;
#6635 = EDGE_CURVE ( 'NONE', #3956, #7780, #10177, .T. ) ;
#6636 = CARTESIAN_POINT ( 'NONE',  ( 5.472075764224972438, 4.751000000000000334, 1.737518120114881048 ) ) ;
#6637 = ORIENTED_EDGE ( 'NONE', *, *, #8133, .T. ) ;
#6638 = VECTOR ( 'NONE', #11713, 1000.000000000000000 ) ;
#6639 = FILL_AREA_STYLE_COLOUR ( '', #8086 ) ;
#6640 =( LENGTH_UNIT ( ) NAMED_UNIT ( * ) SI_UNIT ( .MILLI., .METRE. ) );
#6641 = ORIENTED_EDGE ( 'NONE', *, *, #6517, .T. ) ;
#6642 = CARTESIAN_POINT ( 'NONE',  ( 8.458819703754935304, 4.750000000000000000, 1.400328450951303871 ) ) ;
#6643 =( LENGTH_UNIT ( ) NAMED_UNIT ( * ) SI_UNIT ( .MILLI., .METRE. ) );
#6644 =( NAMED_UNIT ( * ) PLANE_ANGLE_UNIT ( ) SI_UNIT ( $, .RADIAN. ) );
#6645 = FILL_AREA_STYLE ('',( #11078 ) ) ;
#6646 = CARTESIAN_POINT ( 'NONE',  ( 4.532180195612942164, 4.750000000000000000, 2.827304343640511419 ) ) ;
#6647 = ORIENTED_EDGE ( 'NONE', *, *, #5840, .T. ) ;
#6648 = SURFACE_SIDE_STYLE ('',( #1876 ) ) ;
#6649 = ADVANCED_FACE ( 'NONE', ( #1825 ), #10297, .F. ) ;
#6650 = CARTESIAN_POINT ( 'NONE',  ( 7.935713559275157536, 4.751000000000000334, 1.758124279936008172 ) ) ;
#6651 = ORIENTED_EDGE ( 'NONE', *, *, #579, .F. ) ;
#6652 = FILL_AREA_STYLE_COLOUR ( '', #3969 ) ;
#6653 = MECHANICAL_DESIGN_GEOMETRIC_PRESENTATION_REPRESENTATION (  '', ( #2751 ), #5690 ) ;
#6654 = ORIENTED_EDGE ( 'NONE', *, *, #9590, .T. ) ;
#6655 = PLANE ( 'NONE',  #1773 ) ;
#6656 = SURFACE_STYLE_FILL_AREA ( #4835 ) ;
#6657 = CARTESIAN_POINT ( 'NONE',  ( 4.866470573614145145, 4.751000000000000334, 2.680726182749451070 ) ) ;
#6658 = SURFACE_STYLE_USAGE ( .BOTH. , #9235 ) ;
#6659 = DIRECTION ( 'NONE',  ( -1.000000000000000000, 0.0000000000000000000, 0.0000000000000000000 ) ) ;
#6660 = ORIENTED_EDGE ( 'NONE', *, *, #9974, .F. ) ;
#6661 = AXIS2_PLACEMENT_3D ( 'NONE', #7084, #11574, #5192 ) ;
#6662 =( NAMED_UNIT ( * ) SI_UNIT ( $, .STERADIAN. ) SOLID_ANGLE_UNIT ( ) );
#6663 = CARTESIAN_POINT ( 'NONE',  ( 6.821382862433653216, 4.751000000000000334, 1.883978115874779924 ) ) ;
#6664 = CARTESIAN_POINT ( 'NONE',  ( 5.680976860943950157, 4.751000000000000334, 2.923833665243924074 ) ) ;
#6665 =( GEOMETRIC_REPRESENTATION_CONTEXT ( 3 ) GLOBAL_UNCERTAINTY_ASSIGNED_CONTEXT ( ( #6034 ) ) GLOBAL_UNIT_ASSIGNED_CONTEXT ( ( #9740, #11706, #8797 ) ) REPRESENTATION_CONTEXT ( 'NONE', 'WORKASPACE' ) );
#6666 = EDGE_CURVE ( 'NONE', #3852, #11358, #1137, .T. ) ;
#6667 = DIRECTION ( 'NONE',  ( 0.9999748501857349536, -0.0000000000000000000, 0.007092178509958225151 ) ) ;
#6668 = EDGE_CURVE ( 'NONE', #10988, #136, #2115, .T. ) ;
#6669 = ORIENTED_EDGE ( 'NONE', *, *, #6988, .F. ) ;
#6670 = VERTEX_POINT ( 'NONE', #3179 ) ;
#6671 = CARTESIAN_POINT ( 'NONE',  ( 8.245387808543862107, 4.750000000000000000, 2.949674791134507146 ) ) ;
#6672 = FACE_OUTER_BOUND ( 'NONE', #4408, .T. ) ;
#6673 = B_SPLINE_SURFACE_WITH_KNOTS ( 'NONE', 3, 1, ( 
 ( #11237, #9193 ),
 ( #2897, #3713 ),
 ( #5725, #11057 ),
 ( #9441, #2659 ) ),
 .UNSPECIFIED., .F., .F., .F.,
 ( 4, 4 ),
 ( 2, 2 ),
 ( 13.00000000000000000, 14.00000000000000000 ),
 ( 0.0000000000000000000, 1.000000000000000000 ),
 .UNSPECIFIED. ) ;
#6674 = FACE_OUTER_BOUND ( 'NONE', #300, .T. ) ;
#6675 = CARTESIAN_POINT ( 'NONE',  ( 5.147193573663065180, 4.751000000000000334, 2.481778899562427476 ) ) ;
#6676 = CARTESIAN_POINT ( 'NONE',  ( 5.226490770812755926, 4.750000000000000000, 1.618540690179138375 ) ) ;
#6677 = DIRECTION ( 'NONE',  ( 0.007092178509963425852, -0.0000000000000000000, -0.9999748501857348426 ) ) ;
#6678 = VECTOR ( 'NONE', #1167, 1000.000000000000000 ) ;
#6679 = SURFACE_STYLE_USAGE ( .BOTH. , #8621 ) ;
#6680 = AXIS2_PLACEMENT_3D ( 'NONE', #7001, #2089, #11669 ) ;
#6681 = ORIENTED_EDGE ( 'NONE', *, *, #2300, .T. ) ;
#6682 = FILL_AREA_STYLE ('',( #3016 ) ) ;
#6683 = SURFACE_SIDE_STYLE ('',( #5272 ) ) ;
#6684 = CARTESIAN_POINT ( 'NONE',  ( 8.595467138837317833, 4.751000000000000334, 1.502519223391100001 ) ) ;
#6685 = AXIS2_PLACEMENT_3D ( 'NONE', #395, #9615, #7888 ) ;
#6686 = ADVANCED_FACE ( 'NONE', ( #9732 ), #7692, .T. ) ;
#6687 = FACE_OUTER_BOUND ( 'NONE', #4762, .T. ) ;
#6688 = AXIS2_PLACEMENT_3D ( 'NONE', #9156, #5308, #1742 ) ;
#6689 = VERTEX_POINT ( 'NONE', #10594 ) ;
#6690 = CARTESIAN_POINT ( 'NONE',  ( 8.186165443194001412, 4.751000000000000334, 2.125021531164128064 ) ) ;
#6691 = SURFACE_STYLE_FILL_AREA ( #4071 ) ;
#6692 = CARTESIAN_POINT ( 'NONE',  ( 11.00000000000000000, 4.750000000000000000, -1.135603754986240755E-15 ) ) ;
#6693 = ORIENTED_EDGE ( 'NONE', *, *, #6853, .T. ) ;
#6694 = CARTESIAN_POINT ( 'NONE',  ( 5.331942458495920079, 4.750000000000000000, 1.447464274159149245 ) ) ;
#6695 = AXIS2_PLACEMENT_3D ( 'NONE', #10953, #10092, #799 ) ;
#6696 = PRESENTATION_LAYER_ASSIGNMENT (  '', '', ( #1998 ) ) ;
#6697 =( GEOMETRIC_REPRESENTATION_CONTEXT ( 3 ) GLOBAL_UNCERTAINTY_ASSIGNED_CONTEXT ( ( #9571 ) ) GLOBAL_UNIT_ASSIGNED_CONTEXT ( ( #9047, #2384, #1577 ) ) REPRESENTATION_CONTEXT ( 'NONE', 'WORKASPACE' ) );
#6698 = CARTESIAN_POINT ( 'NONE',  ( 5.185555950048877705, 4.750000000000000000, 1.562621918254316178 ) ) ;
#6699 = EDGE_LOOP ( 'NONE', ( #4545, #4226, #553, #2630 ) ) ;
#6700 = CARTESIAN_POINT ( 'NONE',  ( 5.801308296424873667, 4.750000000000000000, 2.945482780062832706 ) ) ;
#6701 = CARTESIAN_POINT ( 'NONE',  ( 5.574887518259884267, 4.750000000000000000, 1.865360899920029958 ) ) ;
#6702 = CARTESIAN_POINT ( 'NONE',  ( 5.619264193944027319, 4.750000000000000000, 1.619246811335037783 ) ) ;
#6703 = VERTEX_POINT ( 'NONE', #6657 ) ;
#6704 = PRESENTATION_STYLE_ASSIGNMENT (( #4085 ) ) ;
#6705 = PRESENTATION_LAYER_ASSIGNMENT (  '', '', ( #7491 ) ) ;
#6706 =( GEOMETRIC_REPRESENTATION_CONTEXT ( 3 ) GLOBAL_UNCERTAINTY_ASSIGNED_CONTEXT ( ( #7969 ) ) GLOBAL_UNIT_ASSIGNED_CONTEXT ( ( #3541, #4576, #4636 ) ) REPRESENTATION_CONTEXT ( 'NONE', 'WORKASPACE' ) );
#6707 = B_SPLINE_CURVE_WITH_KNOTS ( 'NONE', 3,
 ( #10729, #1397, #455, #11462 ),
 .UNSPECIFIED., .F., .F.,
 ( 4, 4 ),
 ( 4.000000000000000000, 5.000000000000000000 ),
 .UNSPECIFIED. ) ;
#6708 = CARTESIAN_POINT ( 'NONE',  ( 4.539855585739943855, 4.751000000000000334, 2.862971384531736607 ) ) ;
#6709 = ORIENTED_EDGE ( 'NONE', *, *, #3963, .F. ) ;
#6710 =( LENGTH_UNIT ( ) NAMED_UNIT ( * ) SI_UNIT ( .MILLI., .METRE. ) );
#6711 = FILL_AREA_STYLE ('',( #8414 ) ) ;
#6712 = MECHANICAL_DESIGN_GEOMETRIC_PRESENTATION_REPRESENTATION (  '', ( #32 ), #2014 ) ;
#6713 = DIRECTION ( 'NONE',  ( 0.0000000000000000000, -1.000000000000000000, 0.0000000000000000000 ) ) ;
#6714 = ORIENTED_EDGE ( 'NONE', *, *, #7551, .T. ) ;
#6715 = UNCERTAINTY_MEASURE_WITH_UNIT (LENGTH_MEASURE( 1.000000000000000082E-05 ), #10489, 'distance_accuracy_value', 'NONE');
#6716 = MECHANICAL_DESIGN_GEOMETRIC_PRESENTATION_REPRESENTATION (  '', ( #7508 ), #1442 ) ;
#6717 = CARTESIAN_POINT ( 'NONE',  ( 5.184920842784719319, 4.751000000000000334, 1.707147399115480413 ) ) ;
#6718 = PRESENTATION_LAYER_ASSIGNMENT (  '', '', ( #12020 ) ) ;
#6719 = STYLED_ITEM ( 'NONE', ( #8594 ), #6012 ) ;
#6720 = ORIENTED_EDGE ( 'NONE', *, *, #6331, .T. ) ;
#6721 = CARTESIAN_POINT ( 'NONE',  ( 7.538179504055722902, 4.751000000000000334, 2.250567915820366416 ) ) ;
#6722 = DIRECTION ( 'NONE',  ( -0.0000000000000000000, -1.000000000000000000, -0.0000000000000000000 ) ) ;
#6723 = EDGE_CURVE ( 'NONE', #3020, #10537, #7627, .T. ) ;
#6724 = FILL_AREA_STYLE_COLOUR ( '', #3996 ) ;
#6725 = DIRECTION ( 'NONE',  ( 0.5773502691896257311, 0.5773502691896257311, -0.5773502691896257311 ) ) ;
#6726 = EDGE_LOOP ( 'NONE', ( #7754, #778, #10462, #3163 ) ) ;
#6727 = FILL_AREA_STYLE_COLOUR ( '', #6562 ) ;
#6728 = EDGE_CURVE ( 'NONE', #5224, #4523, #10409, .T. ) ;
#6729 =( GEOMETRIC_REPRESENTATION_CONTEXT ( 3 ) GLOBAL_UNCERTAINTY_ASSIGNED_CONTEXT ( ( #5634 ) ) GLOBAL_UNIT_ASSIGNED_CONTEXT ( ( #9887, #3274, #7126 ) ) REPRESENTATION_CONTEXT ( 'NONE', 'WORKASPACE' ) );
#6730 = CARTESIAN_POINT ( 'NONE',  ( 5.213237750223846945, 4.751000000000000334, 2.424279346714607097 ) ) ;
#6731 = AXIS2_PLACEMENT_3D ( 'NONE', #3886, #11492, #5796 ) ;
#6732 = CARTESIAN_POINT ( 'NONE',  ( 3.942850571533626169, 4.750000000000000000, 2.117111226341640950 ) ) ;
#6733 = ORIENTED_EDGE ( 'NONE', *, *, #6028, .F. ) ;
#6734 = B_SPLINE_CURVE_WITH_KNOTS ( 'NONE', 3,
 ( #5732, #10383, #977, #3022 ),
 .UNSPECIFIED., .F., .F.,
 ( 4, 4 ),
 ( 10.00000000000000000, 11.00000000000000000 ),
 .UNSPECIFIED. ) ;
#6735 = VERTEX_POINT ( 'NONE', #7755 ) ;
#6736 = ADVANCED_FACE ( 'NONE', ( #10538 ), #1999, .T. ) ;
#6737 = LINE ( 'NONE', #10611, #7088 ) ;
#6738 = EDGE_CURVE ( 'NONE', #9667, #3530, #8255, .T. ) ;
#6739 = SURFACE_STYLE_USAGE ( .BOTH. , #151 ) ;
#6740 = CARTESIAN_POINT ( 'NONE',  ( 4.824055438903618764, 4.751000000000000334, 2.540314456490260220 ) ) ;
#6741 = CARTESIAN_POINT ( 'NONE',  ( 8.458819703754935304, 4.751000000000000334, 1.400328450951303871 ) ) ;
#6742 = COLOUR_RGB ( '',0.0000000000000000000, 0.0000000000000000000, 0.0000000000000000000 ) ;
#6743 = CARTESIAN_POINT ( 'NONE',  ( 5.912626032410770449, 4.751000000000000334, 2.497085568361215646 ) ) ;
#6744 = VECTOR ( 'NONE', #1858, 1000.000000000000000 ) ;
#6745 = SURFACE_STYLE_USAGE ( .BOTH. , #2893 ) ;
#6746 = ORIENTED_EDGE ( 'NONE', *, *, #8376, .T. ) ;
#6747 =( LENGTH_UNIT ( ) NAMED_UNIT ( * ) SI_UNIT ( .MILLI., .METRE. ) );
#6748 = MECHANICAL_DESIGN_GEOMETRIC_PRESENTATION_REPRESENTATION (  '', ( #67 ), #3248 ) ;
#6749 = UNCERTAINTY_MEASURE_WITH_UNIT (LENGTH_MEASURE( 1.000000000000000082E-05 ), #11542, 'distance_accuracy_value', 'NONE');
#6750 = FACE_OUTER_BOUND ( 'NONE', #6136, .T. ) ;
#6751 = EDGE_CURVE ( 'NONE', #7427, #12112, #11753, .T. ) ;
#6752 = CARTESIAN_POINT ( 'NONE',  ( 4.884489958070044047, 4.751000000000000334, 1.844347701000388140 ) ) ;
#6753 = VERTEX_POINT ( 'NONE', #7940 ) ;
#6754 = CARTESIAN_POINT ( 'NONE',  ( 6.292546702989431751, 4.751000000000000334, 1.854334141944649961 ) ) ;
#6755 = B_SPLINE_CURVE_WITH_KNOTS ( 'NONE', 3,
 ( #5164, #487, #4249, #1907 ),
 .UNSPECIFIED., .F., .F.,
 ( 4, 4 ),
 ( 1.000000000000000000, 2.000000000000000000 ),
 .UNSPECIFIED. ) ;
#6756 = ADVANCED_FACE ( 'NONE', ( #11641 ), #9033, .F. ) ;
#6757 = DIRECTION ( 'NONE',  ( 0.0000000000000000000, -1.000000000000000000, 0.0000000000000000000 ) ) ;
#6758 = SURFACE_STYLE_USAGE ( .BOTH. , #2094 ) ;
#6759 = ORIENTED_EDGE ( 'NONE', *, *, #7148, .T. ) ;
#6760 = STYLED_ITEM ( 'NONE', ( #7633 ), #3168 ) ;
#6761 = STYLED_ITEM ( 'NONE', ( #6024 ), #9426 ) ;
#6762 = EDGE_CURVE ( 'NONE', #3737, #6015, #7114, .T. ) ;
#6763 =( LENGTH_UNIT ( ) NAMED_UNIT ( * ) SI_UNIT ( .MILLI., .METRE. ) );
#6764 = ORIENTED_EDGE ( 'NONE', *, *, #2035, .F. ) ;
#6765 = CARTESIAN_POINT ( 'NONE',  ( 5.422269103503259302, 4.750000000000000000, 1.777976398121686508 ) ) ;
#6766 = LINE ( 'NONE', #7610, #10447 ) ;
#6767 = ORIENTED_EDGE ( 'NONE', *, *, #6609, .F. ) ;
#6768 = CARTESIAN_POINT ( 'NONE',  ( 4.537116153298770271, 4.750000000000000000, 2.846055464413908886 ) ) ;
#6769 = MECHANICAL_DESIGN_GEOMETRIC_PRESENTATION_REPRESENTATION (  '', ( #10116 ), #5805 ) ;
#6770 = FILL_AREA_STYLE_COLOUR ( '', #4189 ) ;
#6771 = CARTESIAN_POINT ( 'NONE',  ( 7.127134631112414631, 4.751000000000000334, 2.609158316483524143 ) ) ;
#6772 = VERTEX_POINT ( 'NONE', #10724 ) ;
#6773 = CARTESIAN_POINT ( 'NONE',  ( -17.78000000000000114, 0.0000000000000000000, -5.000000000000000000 ) ) ;
#6774 = SURFACE_STYLE_USAGE ( .BOTH. , #4885 ) ;
#6775 = PRESENTATION_LAYER_ASSIGNMENT (  '', '', ( #12073 ) ) ;
#6776 = B_SPLINE_SURFACE_WITH_KNOTS ( 'NONE', 3, 1, ( 
 ( #7974, #2145 ),
 ( #352, #412 ),
 ( #9629, #6097 ),
 ( #7057, #8760 ) ),
 .UNSPECIFIED., .F., .F., .F.,
 ( 4, 4 ),
 ( 2, 2 ),
 ( 10.00000000000000000, 11.00000000000000000 ),
 ( 0.0000000000000000000, 1.000000000000000000 ),
 .UNSPECIFIED. ) ;
#6777 = VECTOR ( 'NONE', #6391, 1000.000000000000000 ) ;
#6778 = CARTESIAN_POINT ( 'NONE',  ( 9.014818347857493919, 4.750000000000000000, 2.521324823015196781 ) ) ;
#6779 = EDGE_LOOP ( 'NONE', ( #10516, #4936, #2460, #1609 ) ) ;
#6780 = PLANE ( 'NONE',  #1025 ) ;
#6781 = CARTESIAN_POINT ( 'NONE',  ( 8.929394564106914345, 4.750000000000000000, 1.823012706599978827 ) ) ;
#6782 = DIRECTION ( 'NONE',  ( -0.007092178509963331309, -0.0000000000000000000, 0.9999748501857348426 ) ) ;
#6783 = CARTESIAN_POINT ( 'NONE',  ( 5.185555950048876817, 4.750000000000000000, 1.562621918254316400 ) ) ;
#6784 = VERTEX_POINT ( 'NONE', #5129 ) ;
#6785 = CARTESIAN_POINT ( 'NONE',  ( 3.906130908621855191, 4.750000000000000000, 2.034967802135362103 ) ) ;
#6786 = SURFACE_STYLE_FILL_AREA ( #4718 ) ;
#6787 = ORIENTED_EDGE ( 'NONE', *, *, #4078, .F. ) ;
#6788 = ADVANCED_FACE ( 'NONE', ( #8120 ), #8913, .F. ) ;
#6789 = STYLED_ITEM ( 'NONE', ( #3617 ), #4129 ) ;
#6790 = ORIENTED_EDGE ( 'NONE', *, *, #6438, .T. ) ;
#6791 = SURFACE_STYLE_FILL_AREA ( #11532 ) ;
#6792 = VECTOR ( 'NONE', #6725, 999.9999999999998863 ) ;
#6793 = CARTESIAN_POINT ( 'NONE',  ( 9.078424850482647912, 4.751000000000000334, 2.218111013886742811 ) ) ;
#6794 = FILL_AREA_STYLE ('',( #3324 ) ) ;
#6795 = CARTESIAN_POINT ( 'NONE',  ( 5.213237750223846945, 4.751000000000000334, 2.424279346714607097 ) ) ;
#6796 = PRESENTATION_LAYER_ASSIGNMENT (  '', '', ( #7396 ) ) ;
#6797 = LINE ( 'NONE', #11478, #3477 ) ;
#6798 = SURFACE_STYLE_FILL_AREA ( #2948 ) ;
#6799 = DIRECTION ( 'NONE',  ( 0.0000000000000000000, -0.0000000000000000000, 1.000000000000000000 ) ) ;
#6800 = ORIENTED_EDGE ( 'NONE', *, *, #3302, .F. ) ;
#6801 = EDGE_CURVE ( 'NONE', #5204, #9014, #11941, .T. ) ;
#6802 = CARTESIAN_POINT ( 'NONE',  ( 5.983789694333044196, 4.750000000000000000, 1.827709401482467300 ) ) ;
#6803 = B_SPLINE_CURVE_WITH_KNOTS ( 'NONE', 3,
 ( #9464, #994, #6768, #2915 ),
 .UNSPECIFIED., .F., .F.,
 ( 4, 4 ),
 ( 1.000000000000000000, 2.000000000000000000 ),
 .UNSPECIFIED. ) ;
#6804 = CARTESIAN_POINT ( 'NONE',  ( 5.684346846922542440, 4.750000000000000000, 2.448676247909279180 ) ) ;
#6805 = SURFACE_SIDE_STYLE ('',( #2839 ) ) ;
#6806 = ORIENTED_EDGE ( 'NONE', *, *, #10215, .T. ) ;
#6807 = CARTESIAN_POINT ( 'NONE',  ( 5.017794057246313777, 4.750000000000000000, 1.979425285848563476 ) ) ;
#6808 = CARTESIAN_POINT ( 'NONE',  ( 5.619264193944027319, 4.751000000000000334, 1.619246811335037783 ) ) ;
#6809 = CARTESIAN_POINT ( 'NONE',  ( 4.546807413626736682, 4.750000000000000000, 2.835726357625306893 ) ) ;
#6810 = FILL_AREA_STYLE ('',( #9632 ) ) ;
#6811 = CARTESIAN_POINT ( 'NONE',  ( 5.559768075817047794, 4.750000000000000000, 1.926340981356293725 ) ) ;
#6812 = ORIENTED_EDGE ( 'NONE', *, *, #12138, .T. ) ;
#6813 =( NAMED_UNIT ( * ) PLANE_ANGLE_UNIT ( ) SI_UNIT ( $, .RADIAN. ) );
#6814 = EDGE_CURVE ( 'NONE', #3331, #9801, #8401, .T. ) ;
#6815 = EDGE_CURVE ( 'NONE', #12050, #6611, #8109, .T. ) ;
#6816 = CARTESIAN_POINT ( 'NONE',  ( 5.798600401375948898, 4.750000000000000000, 1.677966797405070931 ) ) ;
#6817 = ORIENTED_EDGE ( 'NONE', *, *, #10071, .F. ) ;
#6818 = EDGE_CURVE ( 'NONE', #351, #6144, #11076, .T. ) ;
#6819 = CARTESIAN_POINT ( 'NONE',  ( 5.615555049338119886, 4.751000000000000334, 1.812360395147708081 ) ) ;
#6820 = FILL_AREA_STYLE ('',( #7736 ) ) ;
#6821 = ORIENTED_EDGE ( 'NONE', *, *, #5032, .T. ) ;
#6822 = CARTESIAN_POINT ( 'NONE',  ( 8.299765060126279792, 4.750000000000000000, 1.399200378655042210 ) ) ;
#6823 = SURFACE_STYLE_FILL_AREA ( #4261 ) ;
#6824 = CARTESIAN_POINT ( 'NONE',  ( 8.905602803042032889, 4.750000000000000000, 2.629001958253291527 ) ) ;
#6825 = ORIENTED_EDGE ( 'NONE', *, *, #1277, .T. ) ;
#6826 = FILL_AREA_STYLE_COLOUR ( '', #10545 ) ;
#6827 = PLANE ( 'NONE',  #7131 ) ;
#6828 = PRESENTATION_STYLE_ASSIGNMENT (( #1322 ) ) ;
#6829 = UNCERTAINTY_MEASURE_WITH_UNIT (LENGTH_MEASURE( 1.000000000000000082E-05 ), #3691, 'distance_accuracy_value', 'NONE');
#6830 = UNCERTAINTY_MEASURE_WITH_UNIT (LENGTH_MEASURE( 1.000000000000000082E-05 ), #2061, 'distance_accuracy_value', 'NONE');
#6831 = CARTESIAN_POINT ( 'NONE',  ( 5.824082122674338002, 4.751000000000000334, 1.695303959968161633 ) ) ;
#6832 = ORIENTED_EDGE ( 'NONE', *, *, #4125, .T. ) ;
#6833 = CARTESIAN_POINT ( 'NONE',  ( 5.941925765637444457, 4.750000000000000000, 1.682882502287691651 ) ) ;
#6834 = VECTOR ( 'NONE', #4432, 1000.000000000000000 ) ;
#6835 = ORIENTED_EDGE ( 'NONE', *, *, #10859, .T. ) ;
#6836 = DIRECTION ( 'NONE',  ( -0.007092178509942577078, -0.0000000000000000000, 0.9999748501857350647 ) ) ;
#6837 = DIRECTION ( 'NONE',  ( 0.007092178509963812695, 0.0000000000000000000, -0.9999748501857348426 ) ) ;
#6838 = CARTESIAN_POINT ( 'NONE',  ( 5.645057426612244633, 4.751000000000000334, 1.885874413237700553 ) ) ;
#6839 = ORIENTED_EDGE ( 'NONE', *, *, #11869, .T. ) ;
#6840 = CARTESIAN_POINT ( 'NONE',  ( 4.067585281081509407, 4.750000000000000000, 1.609541480804983937 ) ) ;
#6841 = CARTESIAN_POINT ( 'NONE',  ( -17.43999999999999773, 4.163799117100997848E-17, 3.750000000000003997 ) ) ;
#6842 = VERTEX_POINT ( 'NONE', #11257 ) ;
#6843 =( GEOMETRIC_REPRESENTATION_CONTEXT ( 3 ) GLOBAL_UNCERTAINTY_ASSIGNED_CONTEXT ( ( #8696 ) ) GLOBAL_UNIT_ASSIGNED_CONTEXT ( ( #6060, #2166, #4141 ) ) REPRESENTATION_CONTEXT ( 'NONE', 'WORKASPACE' ) );
#6844 = CARTESIAN_POINT ( 'NONE',  ( 7.808526143341535608, 4.751000000000000334, 2.870660180011683327 ) ) ;
#6845 = VERTEX_POINT ( 'NONE', #10107 ) ;
#6846 = ORIENTED_EDGE ( 'NONE', *, *, #11472, .T. ) ;
#6847 = CARTESIAN_POINT ( 'NONE',  ( 5.509505154144900274, 4.751000000000000334, 1.939501691646833503 ) ) ;
#6848 = VECTOR ( 'NONE', #4950, 1000.000000000000000 ) ;
#6849 = CARTESIAN_POINT ( 'NONE',  ( 5.415449108830877378, 4.750000000000000000, 1.658352860616929991 ) ) ;
#6850 =( GEOMETRIC_REPRESENTATION_CONTEXT ( 3 ) GLOBAL_UNCERTAINTY_ASSIGNED_CONTEXT ( ( #2464 ) ) GLOBAL_UNIT_ASSIGNED_CONTEXT ( ( #7964, #11844, #541 ) ) REPRESENTATION_CONTEXT ( 'NONE', 'WORKASPACE' ) );
#6851 = LINE ( 'NONE', #10614, #5631 ) ;
#6852 = CARTESIAN_POINT ( 'NONE',  ( 4.798004064616037567, 4.750000000000000000, 2.603296572898962769 ) ) ;
#6853 = EDGE_CURVE ( 'NONE', #8233, #7278, #4464, .T. ) ;
#6854 = CARTESIAN_POINT ( 'NONE',  ( 5.941925765637444457, 4.750000000000000000, 1.682882502287691651 ) ) ;
#6855 = B_SPLINE_CURVE_WITH_KNOTS ( 'NONE', 3,
 ( #1908, #10192, #3587, #7307 ),
 .UNSPECIFIED., .F., .F.,
 ( 4, 4 ),
 ( 11.00000000000000000, 12.00000000000000000 ),
 .UNSPECIFIED. ) ;
#6856 = CARTESIAN_POINT ( 'NONE',  ( 5.861313381660806954, 4.751000000000000334, 1.613685022091681187 ) ) ;
#6857 = DIRECTION ( 'NONE',  ( 0.007092178509963365136, 0.0000000000000000000, -0.9999748501857348426 ) ) ;
#6858 =( NAMED_UNIT ( * ) PLANE_ANGLE_UNIT ( ) SI_UNIT ( $, .RADIAN. ) );
#6859 = CARTESIAN_POINT ( 'NONE',  ( 17.78000000000000114, 0.0000000000000000000, -4.999999999999999112 ) ) ;
#6860 = VERTEX_POINT ( 'NONE', #5447 ) ;
#6861 = VECTOR ( 'NONE', #1744, 1000.000000000000000 ) ;
#6862 = MECHANICAL_DESIGN_GEOMETRIC_PRESENTATION_REPRESENTATION (  '', ( #12156 ), #9012 ) ;
#6863 = UNCERTAINTY_MEASURE_WITH_UNIT (LENGTH_MEASURE( 1.000000000000000082E-05 ), #11103, 'distance_accuracy_value', 'NONE');
#6864 = FILL_AREA_STYLE_COLOUR ( '', #7670 ) ;
#6865 = DIRECTION ( 'NONE',  ( 0.007092178509957857389, 0.0000000000000000000, -0.9999748501857349536 ) ) ;
#6866 = ORIENTED_EDGE ( 'NONE', *, *, #2487, .T. ) ;
#6867 = CARTESIAN_POINT ( 'NONE',  ( 5.796475762479197158, 4.750000000000000000, 1.739298988642075106 ) ) ;
#6868 = PRESENTATION_LAYER_ASSIGNMENT (  '', '', ( #986 ) ) ;
#6869 =( LENGTH_UNIT ( ) NAMED_UNIT ( * ) SI_UNIT ( .MILLI., .METRE. ) );
#6870 = STYLED_ITEM ( 'NONE', ( #6452 ), #1433 ) ;
#6871 = EDGE_CURVE ( 'NONE', #7949, #11681, #9097, .T. ) ;
#6872 = SURFACE_STYLE_USAGE ( .BOTH. , #11552 ) ;
#6873 = MECHANICAL_DESIGN_GEOMETRIC_PRESENTATION_REPRESENTATION (  '', ( #2770 ), #2587 ) ;
#6874 = PRESENTATION_STYLE_ASSIGNMENT (( #6758 ) ) ;
#6875 = ORIENTED_EDGE ( 'NONE', *, *, #2472, .T. ) ;
#6876 = FACE_OUTER_BOUND ( 'NONE', #493, .T. ) ;
#6877 = EDGE_LOOP ( 'NONE', ( #3462, #2914, #12045, #7402, #6790, #8399, #10441 ) ) ;
#6878 = MECHANICAL_DESIGN_GEOMETRIC_PRESENTATION_REPRESENTATION (  '', ( #2784 ), #7281 ) ;
#6879 = COLOUR_RGB ( '',0.0000000000000000000, 0.0000000000000000000, 0.0000000000000000000 ) ;
#6880 = FILL_AREA_STYLE_COLOUR ( '', #2974 ) ;
#6881 = PRESENTATION_STYLE_ASSIGNMENT (( #2291 ) ) ;
#6882 = LINE ( 'NONE', #8643, #9852 ) ;
#6883 = EDGE_LOOP ( 'NONE', ( #1740, #8513, #11330, #8431 ) ) ;
#6884 = SURFACE_STYLE_FILL_AREA ( #9963 ) ;
#6885 = CARTESIAN_POINT ( 'NONE',  ( 5.320508165666915978, 4.750000000000000000, 1.501971841575278299 ) ) ;
#6886 = EDGE_CURVE ( 'NONE', #5691, #10017, #6942, .T. ) ;
#6887 = ADVANCED_FACE ( 'NONE', ( #9219 ), #812, .F. ) ;
#6888 = CARTESIAN_POINT ( 'NONE',  ( 4.437001459358331346, 4.750000000000000000, 2.557845120836619301 ) ) ;
#6889 = EDGE_CURVE ( 'NONE', #6909, #11220, #2678, .T. ) ;
#6890 = CARTESIAN_POINT ( 'NONE',  ( 4.884077005740065758, 4.751000000000000334, 1.902572679929395605 ) ) ;
#6891 = ORIENTED_EDGE ( 'NONE', *, *, #3850, .T. ) ;
#6892 = STYLED_ITEM ( 'NONE', ( #9394 ), #1797 ) ;
#6893 = LINE ( 'NONE', #9535, #9153 ) ;
#6894 = VECTOR ( 'NONE', #2731, 1000.000000000000000 ) ;
#6895 = LINE ( 'NONE', #3299, #1564 ) ;
#6896 = FILL_AREA_STYLE ('',( #6119 ) ) ;
#6897 = EDGE_LOOP ( 'NONE', ( #9962, #6340, #1251, #4298 ) ) ;
#6898 = CARTESIAN_POINT ( 'NONE',  ( 4.884077005740065758, 4.750000000000000000, 1.902572679929395605 ) ) ;
#6899 =( LENGTH_UNIT ( ) NAMED_UNIT ( * ) SI_UNIT ( .MILLI., .METRE. ) );
#6900 = AXIS2_PLACEMENT_3D ( 'NONE', #3143, #1639, #9761 ) ;
#6901 =( GEOMETRIC_REPRESENTATION_CONTEXT ( 3 ) GLOBAL_UNCERTAINTY_ASSIGNED_CONTEXT ( ( #4027 ) ) GLOBAL_UNIT_ASSIGNED_CONTEXT ( ( #8869, #275, #11535 ) ) REPRESENTATION_CONTEXT ( 'NONE', 'WORKASPACE' ) );
#6902 =( NAMED_UNIT ( * ) PLANE_ANGLE_UNIT ( ) SI_UNIT ( $, .RADIAN. ) );
#6903 = VECTOR ( 'NONE', #211, 1000.000000000000000 ) ;
#6904 = ORIENTED_EDGE ( 'NONE', *, *, #5698, .T. ) ;
#6905 =( NAMED_UNIT ( * ) SI_UNIT ( $, .STERADIAN. ) SOLID_ANGLE_UNIT ( ) );
#6906 = CARTESIAN_POINT ( 'NONE',  ( 9.078424850482647912, 4.750000000000000000, 2.218111013886742811 ) ) ;
#6907 = EDGE_CURVE ( 'NONE', #8155, #10352, #12080, .T. ) ;
#6908 = SURFACE_STYLE_FILL_AREA ( #8791 ) ;
#6909 = VERTEX_POINT ( 'NONE', #12056 ) ;
#6910 = CARTESIAN_POINT ( 'NONE',  ( 8.486584710475561621, 4.751000000000000334, 2.582649640016943859 ) ) ;
#6911 = DIRECTION ( 'NONE',  ( 0.9999748501857348426, -0.0000000000000000000, 0.007092178509963813562 ) ) ;
#6912 = ADVANCED_FACE ( 'NONE', ( #4640 ), #6215, .F. ) ;
#6913 = DIRECTION ( 'NONE',  ( 0.0000000000000000000, 1.000000000000000000, 0.0000000000000000000 ) ) ;
#6914 = STYLED_ITEM ( 'NONE', ( #9478 ), #6736 ) ;
#6915 =( GEOMETRIC_REPRESENTATION_CONTEXT ( 3 ) GLOBAL_UNCERTAINTY_ASSIGNED_CONTEXT ( ( #8307 ) ) GLOBAL_UNIT_ASSIGNED_CONTEXT ( ( #7267, #10336, #2853 ) ) REPRESENTATION_CONTEXT ( 'NONE', 'WORKASPACE' ) );
#6916 = EDGE_LOOP ( 'NONE', ( #5360, #10688, #9639, #4396 ) ) ;
#6917 = VECTOR ( 'NONE', #11748, 1000.000000000000114 ) ;
#6918 = CARTESIAN_POINT ( 'NONE',  ( 9.999999999999998224, 3.750000000000000000, 0.4999999999999995559 ) ) ;
#6919 = ORIENTED_EDGE ( 'NONE', *, *, #1432, .F. ) ;
#6920 = VERTEX_POINT ( 'NONE', #305 ) ;
#6921 = CARTESIAN_POINT ( 'NONE',  ( 5.824082122674338002, 4.751000000000000334, 1.695303959968161633 ) ) ;
#6922 = CARTESIAN_POINT ( 'NONE',  ( 5.401616432138315105, 4.751000000000000334, 1.684509302019001620 ) ) ;
#6923 = CARTESIAN_POINT ( 'NONE',  ( 5.308871863372027988, 4.750000000000000000, 2.482925579693021856 ) ) ;
#6924 = DIRECTION ( 'NONE',  ( 0.007092178509964562963, -0.0000000000000000000, -0.9999748501857348426 ) ) ;
#6925 = CARTESIAN_POINT ( 'NONE',  ( 6.094730325434776219, 4.751000000000000334, 2.073885271771534811 ) ) ;
#6926 = CARTESIAN_POINT ( 'NONE',  ( 3.901194950936028860, 4.751000000000000334, 2.016216681361961083 ) ) ;
#6927 = COLOUR_RGB ( '',0.6470588235294117974, 0.6470588235294117974, 0.6470588235294117974 ) ;
#6928 = FILL_AREA_STYLE_COLOUR ( '', #7243 ) ;
#6929 = ORIENTED_EDGE ( 'NONE', *, *, #4965, .F. ) ;
#6930 = VERTEX_POINT ( 'NONE', #11440 ) ;
#6931 =( GEOMETRIC_REPRESENTATION_CONTEXT ( 3 ) GLOBAL_UNCERTAINTY_ASSIGNED_CONTEXT ( ( #1341 ) ) GLOBAL_UNIT_ASSIGNED_CONTEXT ( ( #3846, #9396, #8299 ) ) REPRESENTATION_CONTEXT ( 'NONE', 'WORKASPACE' ) );
#6932 = SURFACE_STYLE_USAGE ( .BOTH. , #3205 ) ;
#6933 = CARTESIAN_POINT ( 'NONE',  ( 5.502899899645201209, 4.750000000000000000, 1.991184102142578238 ) ) ;
#6934 = CARTESIAN_POINT ( 'NONE',  ( 5.309282972164819370, 4.750000000000000000, 2.424960533705367460 ) ) ;
#6935 = ORIENTED_EDGE ( 'NONE', *, *, #11032, .F. ) ;
#6936 = CARTESIAN_POINT ( 'NONE',  ( 5.805748551469767094, 4.751000000000000334, 1.714669882987327254 ) ) ;
#6937 = PRESENTATION_LAYER_ASSIGNMENT (  '', '', ( #2231 ) ) ;
#6938 =( GEOMETRIC_REPRESENTATION_CONTEXT ( 3 ) GLOBAL_UNCERTAINTY_ASSIGNED_CONTEXT ( ( #10322 ) ) GLOBAL_UNIT_ASSIGNED_CONTEXT ( ( #1645, #10866, #6312 ) ) REPRESENTATION_CONTEXT ( 'NONE', 'WORKASPACE' ) );
#6939 = FILL_AREA_STYLE_COLOUR ( '', #10889 ) ;
#6940 = VECTOR ( 'NONE', #4569, 1000.000000000000000 ) ;
#6941 = VERTEX_POINT ( 'NONE', #11506 ) ;
#6942 = B_SPLINE_CURVE_WITH_KNOTS ( 'NONE', 3,
 ( #7394, #8407, #7511, #702 ),
 .UNSPECIFIED., .F., .F.,
 ( 4, 4 ),
 ( 16.00000000000000000, 17.00000000000000000 ),
 .UNSPECIFIED. ) ;
#6943 = CARTESIAN_POINT ( 'NONE',  ( 5.466698288087580515, 4.750000000000000000, 1.726042356404005718 ) ) ;
#6944 = ORIENTED_EDGE ( 'NONE', *, *, #5936, .F. ) ;
#6945 = EDGE_CURVE ( 'NONE', #1807, #7949, #2046, .T. ) ;
#6946 = STYLED_ITEM ( 'NONE', ( #1842 ), #9280 ) ;
#6947 =( NAMED_UNIT ( * ) SI_UNIT ( $, .STERADIAN. ) SOLID_ANGLE_UNIT ( ) );
#6948 = SURFACE_STYLE_FILL_AREA ( #8714 ) ;
#6949 = EDGE_CURVE ( 'NONE', #11921, #11156, #6803, .T. ) ;
#6950 = CARTESIAN_POINT ( 'NONE',  ( 3.942850571533626169, 4.751000000000000334, 2.117111226341641839 ) ) ;
#6951 = ORIENTED_EDGE ( 'NONE', *, *, #10884, .F. ) ;
#6952 =( NAMED_UNIT ( * ) SI_UNIT ( $, .STERADIAN. ) SOLID_ANGLE_UNIT ( ) );
#6953 = CARTESIAN_POINT ( 'NONE',  ( 5.344145471521368762, 4.751000000000000334, 1.504478999934985906 ) ) ;
#6954 = SURFACE_STYLE_FILL_AREA ( #6056 ) ;
#6955 = COLOUR_RGB ( '',0.6470588235294117974, 0.6470588235294117974, 0.6470588235294117974 ) ;
#6956 = VERTEX_POINT ( 'NONE', #10517 ) ;
#6957 = PRESENTATION_STYLE_ASSIGNMENT (( #2112 ) ) ;
#6958 =( NAMED_UNIT ( * ) PLANE_ANGLE_UNIT ( ) SI_UNIT ( $, .RADIAN. ) );
#6959 = UNCERTAINTY_MEASURE_WITH_UNIT (LENGTH_MEASURE( 1.000000000000000082E-05 ), #6869, 'distance_accuracy_value', 'NONE');
#6960 = EDGE_CURVE ( 'NONE', #5740, #4037, #664, .T. ) ;
#6961 = EDGE_CURVE ( 'NONE', #9421, #5627, #7668, .T. ) ;
#6962 = DIRECTION ( 'NONE',  ( -1.000000000000000000, 0.0000000000000000000, 0.0000000000000000000 ) ) ;
#6963 = ORIENTED_EDGE ( 'NONE', *, *, #9640, .T. ) ;
#6964 = FACE_BOUND ( 'NONE', #1388, .T. ) ;
#6965 =( NAMED_UNIT ( * ) PLANE_ANGLE_UNIT ( ) SI_UNIT ( $, .RADIAN. ) );
#6966 = DIRECTION ( 'NONE',  ( -0.0000000000000000000, -1.000000000000000000, -0.0000000000000000000 ) ) ;
#6967 = ORIENTED_EDGE ( 'NONE', *, *, #2333, .T. ) ;
#6968 = CARTESIAN_POINT ( 'NONE',  ( -16.78000000000000114, 4.163799117100997848E-17, 3.750000000000004885 ) ) ;
#6969 = SURFACE_SIDE_STYLE ('',( #2988 ) ) ;
#6970 = EDGE_LOOP ( 'NONE', ( #6681, #9697, #1846, #11862 ) ) ;
#6971 = CARTESIAN_POINT ( 'NONE',  ( 8.405570455151950782, 4.751000000000000334, 2.791748271027798989 ) ) ;
#6972 = CARTESIAN_POINT ( 'NONE',  ( 5.254901820486773900, 4.750000000000000000, 1.552715903246769891 ) ) ;
#6973 = STYLED_ITEM ( 'NONE', ( #3650 ), #3677 ) ;
#6974 = MECHANICAL_DESIGN_GEOMETRIC_PRESENTATION_REPRESENTATION (  '', ( #6396 ), #5819 ) ;
#6975 = EDGE_LOOP ( 'NONE', ( #1596, #7584, #8737, #9827 ) ) ;
#6976 = ORIENTED_EDGE ( 'NONE', *, *, #9815, .F. ) ;
#6977 = UNCERTAINTY_MEASURE_WITH_UNIT (LENGTH_MEASURE( 1.000000000000000082E-05 ), #8455, 'distance_accuracy_value', 'NONE');
#6978 = ADVANCED_FACE ( 'NONE', ( #178 ), #396, .T. ) ;
#6979 = ADVANCED_FACE ( 'NONE', ( #8964 ), #5245, .F. ) ;
#6980 = ORIENTED_EDGE ( 'NONE', *, *, #6158, .F. ) ;
#6981 = CARTESIAN_POINT ( 'NONE',  ( 7.935713559275157536, 4.750000000000000000, 1.758124279936008394 ) ) ;
#6982 = FILL_AREA_STYLE_COLOUR ( '', #9001 ) ;
#6983 = VECTOR ( 'NONE', #10668, 1000.000000000000114 ) ;
#6984 = VECTOR ( 'NONE', #4726, 1000.000000000000000 ) ;
#6985 = CARTESIAN_POINT ( 'NONE',  ( 4.992944582177305080, 4.751000000000000334, 2.422716948948281601 ) ) ;
#6986 = CARTESIAN_POINT ( 'NONE',  ( 4.193070194226705460, 4.751000000000000334, 1.729226794211716323 ) ) ;
#6987 = FACE_OUTER_BOUND ( 'NONE', #11585, .T. ) ;
#6988 = EDGE_CURVE ( 'NONE', #6128, #7808, #7922, .T. ) ;
#6989 = PLANE ( 'NONE',  #5603 ) ;
#6990 = CARTESIAN_POINT ( 'NONE',  ( 6.094315529567612799, 4.751000000000000334, 2.132370183641892236 ) ) ;
#6991 = CARTESIAN_POINT ( 'NONE',  ( 8.850636211324955482, 4.751000000000000334, 2.223725738735952362 ) ) ;
#6992 = VECTOR ( 'NONE', #7880, 1000.000000000000114 ) ;
#6993 = FACE_OUTER_BOUND ( 'NONE', #4667, .T. ) ;
#6994 = ORIENTED_EDGE ( 'NONE', *, *, #2236, .F. ) ;
#6995 = ORIENTED_EDGE ( 'NONE', *, *, #8596, .F. ) ;
#6996 = VECTOR ( 'NONE', #6924, 1000.000000000000000 ) ;
#6997 = DIRECTION ( 'NONE',  ( -0.0000000000000000000, -1.000000000000000000, -0.0000000000000000000 ) ) ;
#6998 = B_SPLINE_CURVE_WITH_KNOTS ( 'NONE', 3,
 ( #2681, #1696, #9287, #1930 ),
 .UNSPECIFIED., .F., .F.,
 ( 4, 4 ),
 ( 1.000000000000000000, 2.000000000000000000 ),
 .UNSPECIFIED. ) ;
#6999 = UNCERTAINTY_MEASURE_WITH_UNIT (LENGTH_MEASURE( 1.000000000000000082E-05 ), #6763, 'distance_accuracy_value', 'NONE');
#7000 = PLANE ( 'NONE',  #7490 ) ;
#7001 = CARTESIAN_POINT ( 'NONE',  ( 4.017731595656384158, 4.751000000000000334, 1.748259019593764618 ) ) ;
#7002 = LINE ( 'NONE', #6934, #8659 ) ;
#7003 = ORIENTED_EDGE ( 'NONE', *, *, #4795, .F. ) ;
#7004 =( NAMED_UNIT ( * ) SI_UNIT ( $, .STERADIAN. ) SOLID_ANGLE_UNIT ( ) );
#7005 = CARTESIAN_POINT ( 'NONE',  ( 8.405570455151950782, 4.751000000000000334, 2.791748271027798989 ) ) ;
#7006 = CARTESIAN_POINT ( 'NONE',  ( 5.548873985797055042, 4.751000000000000334, 1.611469090392399384 ) ) ;
#7007 = MECHANICAL_DESIGN_GEOMETRIC_PRESENTATION_REPRESENTATION (  '', ( #4471 ), #8950 ) ;
#7008 =( LENGTH_UNIT ( ) NAMED_UNIT ( * ) SI_UNIT ( .MILLI., .METRE. ) );
#7009 = SURFACE_STYLE_FILL_AREA ( #550 ) ;
#7010 = PLANE ( 'NONE',  #490 ) ;
#7011 =( GEOMETRIC_REPRESENTATION_CONTEXT ( 3 ) GLOBAL_UNCERTAINTY_ASSIGNED_CONTEXT ( ( #3 ) ) GLOBAL_UNIT_ASSIGNED_CONTEXT ( ( #6710, #8777, #2303 ) ) REPRESENTATION_CONTEXT ( 'NONE', 'WORKASPACE' ) );
#7012 = CARTESIAN_POINT ( 'NONE',  ( 5.823989957417400554, 4.750000000000000000, 1.634995830430475250 ) ) ;
#7013 = EDGE_LOOP ( 'NONE', ( #7037, #10727 ) ) ;
#7014 = UNCERTAINTY_MEASURE_WITH_UNIT (LENGTH_MEASURE( 1.000000000000000082E-05 ), #1958, 'distance_accuracy_value', 'NONE');
#7015 = CARTESIAN_POINT ( 'NONE',  ( 7.305648111579486681, 4.751000000000000334, 2.415211233981442440 ) ) ;
#7016 = CARTESIAN_POINT ( 'NONE',  ( 5.978661892746930384, 4.750000000000000000, 2.569039072836556414 ) ) ;
#7017 = EDGE_LOOP ( 'NONE', ( #2299, #10413, #3175, #8630, #8918, #2251 ) ) ;
#7018 = CARTESIAN_POINT ( 'NONE',  ( 4.376053715246305487, 4.750000000000000000, 2.061695803888325518 ) ) ;
#7019 = PLANE ( 'NONE',  #4609 ) ;
#7020 = FACE_OUTER_BOUND ( 'NONE', #9932, .T. ) ;
#7021 = ORIENTED_EDGE ( 'NONE', *, *, #10195, .T. ) ;
#7022 = ADVANCED_FACE ( 'NONE', ( #1500 ), #5234, .F. ) ;
#7023 = DIRECTION ( 'NONE',  ( -1.000000000000000000, 0.0000000000000000000, 0.0000000000000000000 ) ) ;
#7024 = B_SPLINE_CURVE_WITH_KNOTS ( 'NONE', 3,
 ( #11356, #2022, #1155, #10374 ),
 .UNSPECIFIED., .F., .F.,
 ( 4, 4 ),
 ( 3.000000000000000000, 4.000000000000000000 ),
 .UNSPECIFIED. ) ;
#7025 = DIRECTION ( 'NONE',  ( 1.000000000000000000, 0.0000000000000000000, -3.965082230804128741E-16 ) ) ;
#7026 = LINE ( 'NONE', #10586, #7613 ) ;
#7027 = CARTESIAN_POINT ( 'NONE',  ( 6.356197968279208688, 4.750000000000000000, 2.134227547358212185 ) ) ;
#7028 = CARTESIAN_POINT ( 'NONE',  ( 4.442408582935913230, 4.750000000000000000, 1.612199861429208125 ) ) ;
#7029 =( NAMED_UNIT ( * ) SI_UNIT ( $, .STERADIAN. ) SOLID_ANGLE_UNIT ( ) );
#7030 = VERTEX_POINT ( 'NONE', #11682 ) ;
#7031 = FILL_AREA_STYLE_COLOUR ( '', #848 ) ;
#7032 = DIRECTION ( 'NONE',  ( 0.3492990577959537157, -0.0000000000000000000, 0.9370112956751689426 ) ) ;
#7033 = CARTESIAN_POINT ( 'NONE',  ( 5.504074232833599645, 4.750000000000000000, 1.825606818309852608 ) ) ;
#7034 = VERTEX_POINT ( 'NONE', #9840 ) ;
#7035 = EDGE_CURVE ( 'NONE', #6294, #6321, #1440, .T. ) ;
#7036 = DIRECTION ( 'NONE',  ( 0.9999748501857348426, -0.0000000000000000000, 0.007092178509961926183 ) ) ;
#7037 = ORIENTED_EDGE ( 'NONE', *, *, #8174, .F. ) ;
#7038 = ORIENTED_EDGE ( 'NONE', *, *, #2256, .T. ) ;
#7039 = COLOUR_RGB ( '',0.0000000000000000000, 0.0000000000000000000, 0.0000000000000000000 ) ;
#7040 = ORIENTED_EDGE ( 'NONE', *, *, #5481, .F. ) ;
#7041 = DIRECTION ( 'NONE',  ( 0.0000000000000000000, 0.0000000000000000000, -1.000000000000000000 ) ) ;
#7042 = FACE_OUTER_BOUND ( 'NONE', #1065, .T. ) ;
#7043 = CARTESIAN_POINT ( 'NONE',  ( 5.073393827616294871, 4.750000000000000000, 2.423287523707776447 ) ) ;
#7044 = ADVANCED_FACE ( 'NONE', ( #11738 ), #7846, .F. ) ;
#7045 = EDGE_CURVE ( 'NONE', #11949, #8, #5427, .T. ) ;
#7046 =( NAMED_UNIT ( * ) SI_UNIT ( $, .STERADIAN. ) SOLID_ANGLE_UNIT ( ) );
#7047 = EDGE_CURVE ( 'NONE', #7873, #12050, #54, .T. ) ;
#7048 = SURFACE_STYLE_FILL_AREA ( #1293 ) ;
#7049 = CARTESIAN_POINT ( 'NONE',  ( 8.377754104025239457, 4.750000000000000000, 1.616656759649717001 ) ) ;
#7050 = VERTEX_POINT ( 'NONE', #3474 ) ;
#7051 = ORIENTED_EDGE ( 'NONE', *, *, #7696, .F. ) ;
#7052 = B_SPLINE_CURVE_WITH_KNOTS ( 'NONE', 3,
 ( #1343, #9989, #5144, #11654 ),
 .UNSPECIFIED., .F., .F.,
 ( 4, 4 ),
 ( 23.00000000000000000, 24.00000000000000000 ),
 .UNSPECIFIED. ) ;
#7053 = VECTOR ( 'NONE', #7700, 1000.000000000000000 ) ;
#7054 = PRESENTATION_STYLE_ASSIGNMENT (( #10993 ) ) ;
#7055 = LINE ( 'NONE', #2343, #2214 ) ;
#7056 = FILL_AREA_STYLE_COLOUR ( '', #3731 ) ;
#7057 = CARTESIAN_POINT ( 'NONE',  ( 7.935713559275157536, 4.751000000000000334, 1.758124279936008172 ) ) ;
#7058 = CARTESIAN_POINT ( 'NONE',  ( 8.641435026956958865, 4.751000000000000334, 1.647447597840791644 ) ) ;
#7059 = CARTESIAN_POINT ( 'NONE',  ( 8.036263367435045879, 4.750000000000000000, 2.872275373680138966 ) ) ;
#7060 = DIRECTION ( 'NONE',  ( 0.9999748501857348426, -0.0000000000000000000, 0.007092178509963067631 ) ) ;
#7061 = EDGE_LOOP ( 'NONE', ( #1955, #9900, #2211, #7897 ) ) ;
#7062 =( GEOMETRIC_REPRESENTATION_CONTEXT ( 3 ) GLOBAL_UNCERTAINTY_ASSIGNED_CONTEXT ( ( #2618 ) ) GLOBAL_UNIT_ASSIGNED_CONTEXT ( ( #7572, #6541, #8484 ) ) REPRESENTATION_CONTEXT ( 'NONE', 'WORKASPACE' ) );
#7063 =( NAMED_UNIT ( * ) PLANE_ANGLE_UNIT ( ) SI_UNIT ( $, .RADIAN. ) );
#7064 = PRESENTATION_LAYER_ASSIGNMENT (  '', '', ( #7635 ) ) ;
#7065 = VERTEX_POINT ( 'NONE', #7435 ) ;
#7066 = EDGE_CURVE ( 'NONE', #10593, #7357, #920, .T. ) ;
#7067 = CARTESIAN_POINT ( 'NONE',  ( 5.416976395264091693, 4.750000000000000000, 1.974458048948823929 ) ) ;
#7068 = VECTOR ( 'NONE', #991, 1000.000000000000000 ) ;
#7069 =( NAMED_UNIT ( * ) SI_UNIT ( $, .STERADIAN. ) SOLID_ANGLE_UNIT ( ) );
#7070 = FACE_OUTER_BOUND ( 'NONE', #6448, .T. ) ;
#7071 = STYLED_ITEM ( 'NONE', ( #4092 ), #5001 ) ;
#7072 = ORIENTED_EDGE ( 'NONE', *, *, #5279, .T. ) ;
#7073 = SURFACE_SIDE_STYLE ('',( #6823 ) ) ;
#7074 = SURFACE_SIDE_STYLE ('',( #8170 ) ) ;
#7075 = ORIENTED_EDGE ( 'NONE', *, *, #7644, .T. ) ;
#7076 = PRESENTATION_STYLE_ASSIGNMENT (( #10901 ) ) ;
#7077 = CARTESIAN_POINT ( 'NONE',  ( 7.166129083135588829, 4.750000000000000000, 2.717886644385019590 ) ) ;
#7078 = PRESENTATION_LAYER_ASSIGNMENT (  '', '', ( #610 ) ) ;
#7079 = SURFACE_STYLE_USAGE ( .BOTH. , #7150 ) ;
#7080 = AXIS2_PLACEMENT_3D ( 'NONE', #46, #2028, #11123 ) ;
#7081 = COLOUR_RGB ( '',0.0000000000000000000, 0.0000000000000000000, 0.0000000000000000000 ) ;
#7082 = FACE_OUTER_BOUND ( 'NONE', #6039, .T. ) ;
#7083 = B_SPLINE_SURFACE_WITH_KNOTS ( 'NONE', 3, 1, ( 
 ( #12000, #8472 ),
 ( #4694, #12059 ),
 ( #8408, #3613 ),
 ( #7334, #3672 ) ),
 .UNSPECIFIED., .F., .F., .F.,
 ( 4, 4 ),
 ( 2, 2 ),
 ( 33.00000000000000000, 34.00000000000000000 ),
 ( 0.0000000000000000000, 1.000000000000000000 ),
 .UNSPECIFIED. ) ;
#7084 = CARTESIAN_POINT ( 'NONE',  ( 11.00000000000000000, 4.750000000000000000, 9.999999999999998224 ) ) ;
#7085 = CARTESIAN_POINT ( 'NONE',  ( 5.492229796492457794, 4.750000000000000000, 1.663056552920932019 ) ) ;
#7086 = EDGE_LOOP ( 'NONE', ( #6825, #10069, #10509, #2559 ) ) ;
#7087 = DIRECTION ( 'NONE',  ( -0.007092178509963424117, 0.0000000000000000000, 0.9999748501857348426 ) ) ;
#7088 = VECTOR ( 'NONE', #9747, 1000.000000000000000 ) ;
#7089 = FILL_AREA_STYLE_COLOUR ( '', #838 ) ;
#7090 = STYLED_ITEM ( 'NONE', ( #3225 ), #6390 ) ;
#7091 = CIRCLE ( 'NONE', #10825, 0.3400000000000000244 ) ;
#7092 =( NAMED_UNIT ( * ) SI_UNIT ( $, .STERADIAN. ) SOLID_ANGLE_UNIT ( ) );
#7093 =( NAMED_UNIT ( * ) PLANE_ANGLE_UNIT ( ) SI_UNIT ( $, .RADIAN. ) );
#7094 = EDGE_LOOP ( 'NONE', ( #1586, #1356, #4254, #9543, #4570, #9583, #12147 ) ) ;
#7095 = LINE ( 'NONE', #3185, #6386 ) ;
#7096 = CARTESIAN_POINT ( 'NONE',  ( 4.235935152014430827, 4.751000000000000334, 1.806214882707928737 ) ) ;
#7097 = LINE ( 'NONE', #4041, #11898 ) ;
#7098 = ORIENTED_EDGE ( 'NONE', *, *, #5922, .F. ) ;
#7099 = SURFACE_SIDE_STYLE ('',( #10791 ) ) ;
#7100 = ORIENTED_EDGE ( 'NONE', *, *, #174, .T. ) ;
#7101 = VECTOR ( 'NONE', #364, 1000.000000000000000 ) ;
#7102 = PRESENTATION_LAYER_ASSIGNMENT (  '', '', ( #5141 ) ) ;
#7103 = PRESENTATION_LAYER_ASSIGNMENT (  '', '', ( #3199 ) ) ;
#7104 =( GEOMETRIC_REPRESENTATION_CONTEXT ( 3 ) GLOBAL_UNCERTAINTY_ASSIGNED_CONTEXT ( ( #3455 ) ) GLOBAL_UNIT_ASSIGNED_CONTEXT ( ( #10487, #7703, #3196 ) ) REPRESENTATION_CONTEXT ( 'NONE', 'WORKASPACE' ) );
#7105 = EDGE_LOOP ( 'NONE', ( #6787, #10751, #11187, #6345 ) ) ;
#7106 = FILL_AREA_STYLE_COLOUR ( '', #5148 ) ;
#7107 = ADVANCED_FACE ( 'NONE', ( #4568 ), #9198, .T. ) ;
#7108 = CARTESIAN_POINT ( 'NONE',  ( 5.333652110067516716, 4.750000000000000000, 2.654145809016371871 ) ) ;
#7109 = DIRECTION ( 'NONE',  ( -0.007092178509980015880, -0.0000000000000000000, 0.9999748501857347316 ) ) ;
#7110 = CARTESIAN_POINT ( 'NONE',  ( 5.226490770812755926, 4.751000000000000334, 1.618540690179138375 ) ) ;
#7111 = CARTESIAN_POINT ( 'NONE',  ( 5.356989116620488822, 4.750000000000000000, 1.452840834331738273 ) ) ;
#7112 = FILL_AREA_STYLE_COLOUR ( '', #5991 ) ;
#7113 = B_SPLINE_CURVE_WITH_KNOTS ( 'NONE', 3,
 ( #9846, #3417, #1445, #9781 ),
 .UNSPECIFIED., .F., .F.,
 ( 4, 4 ),
 ( 0.0000000000000000000, 1.000000000000000000 ),
 .UNSPECIFIED. ) ;
#7114 = CIRCLE ( 'NONE', #11223, 0.6599999999999991429 ) ;
#7115 = CARTESIAN_POINT ( 'NONE',  ( 4.702253913058891399, 4.750000000000000000, 1.901283125666817009 ) ) ;
#7116 = LINE ( 'NONE', #10802, #3637 ) ;
#7117 = DIRECTION ( 'NONE',  ( -0.0000000000000000000, -1.000000000000000000, -0.0000000000000000000 ) ) ;
#7118 = ORIENTED_EDGE ( 'NONE', *, *, #7045, .F. ) ;
#7119 = EDGE_LOOP ( 'NONE', ( #7717, #253, #11529, #2683 ) ) ;
#7120 = ADVANCED_FACE ( 'NONE', ( #798 ), #11899, .F. ) ;
#7121 = EDGE_CURVE ( 'NONE', #6203, #1420, #3021, .T. ) ;
#7122 =( GEOMETRIC_REPRESENTATION_CONTEXT ( 3 ) GLOBAL_UNCERTAINTY_ASSIGNED_CONTEXT ( ( #3908 ) ) GLOBAL_UNIT_ASSIGNED_CONTEXT ( ( #5906, #10440, #2030 ) ) REPRESENTATION_CONTEXT ( 'NONE', 'WORKASPACE' ) );
#7123 = STYLED_ITEM ( 'NONE', ( #8163 ), #6447 ) ;
#7124 = UNCERTAINTY_MEASURE_WITH_UNIT (LENGTH_MEASURE( 1.000000000000000082E-05 ), #4455, 'distance_accuracy_value', 'NONE');
#7125 = FILL_AREA_STYLE_COLOUR ( '', #4937 ) ;
#7126 =( NAMED_UNIT ( * ) SI_UNIT ( $, .STERADIAN. ) SOLID_ANGLE_UNIT ( ) );
#7127 = CARTESIAN_POINT ( 'NONE',  ( 5.317658825195753280, 4.750000000000000000, 2.874986493105841312 ) ) ;
#7128 = DIRECTION ( 'NONE',  ( -0.0000000000000000000, -1.000000000000000000, 0.0000000000000000000 ) ) ;
#7129 = CARTESIAN_POINT ( 'NONE',  ( 5.184920842784719319, 4.751000000000000334, 1.707147399115480413 ) ) ;
#7130 = CARTESIAN_POINT ( 'NONE',  ( 7.808526143341535608, 4.750000000000000000, 2.870660180011683327 ) ) ;
#7131 = AXIS2_PLACEMENT_3D ( 'NONE', #6773, #11568, #7025 ) ;
#7132 = CARTESIAN_POINT ( 'NONE',  ( 6.284844404620406166, 4.750000000000000000, 2.940333972156369935 ) ) ;
#7133 = PRESENTATION_LAYER_ASSIGNMENT (  '', '', ( #7516 ) ) ;
#7134 = COLOUR_RGB ( '',0.0000000000000000000, 0.0000000000000000000, 0.0000000000000000000 ) ;
#7135 = ORIENTED_EDGE ( 'NONE', *, *, #10363, .F. ) ;
#7136 = EDGE_CURVE ( 'NONE', #11428, #8069, #7549, .T. ) ;
#7137 = VECTOR ( 'NONE', #2768, 1000.000000000000114 ) ;
#7138 = UNCERTAINTY_MEASURE_WITH_UNIT (LENGTH_MEASURE( 1.000000000000000082E-05 ), #4170, 'distance_accuracy_value', 'NONE');
#7139 = CARTESIAN_POINT ( 'NONE',  ( 5.443412126751434599, 4.750000000000000000, 1.985563273292652031 ) ) ;
#7140 = CARTESIAN_POINT ( 'NONE',  ( 4.958154056194548964, 4.750000000000000000, 2.856580049967182955 ) ) ;
#7141 = PRESENTATION_LAYER_ASSIGNMENT (  '', '', ( #9082 ) ) ;
#7142 = DIRECTION ( 'NONE',  ( 0.0000000000000000000, 0.0000000000000000000, 1.000000000000000000 ) ) ;
#7143 = ORIENTED_EDGE ( 'NONE', *, *, #2472, .F. ) ;
#7144 = EDGE_CURVE ( 'NONE', #2163, #5577, #8631, .T. ) ;
#7145 = CARTESIAN_POINT ( 'NONE',  ( 5.579126468040183084, 4.750000000000000000, 2.935328768692522239 ) ) ;
#7146 = EDGE_LOOP ( 'NONE', ( #6846, #5633, #2349, #10012 ) ) ;
#7147 = SURFACE_STYLE_USAGE ( .BOTH. , #6173 ) ;
#7148 = EDGE_CURVE ( 'NONE', #6183, #1911, #2032, .T. ) ;
#7149 = PRESENTATION_LAYER_ASSIGNMENT (  '', '', ( #4410 ) ) ;
#7150 = SURFACE_SIDE_STYLE ('',( #10839 ) ) ;
#7151 = MECHANICAL_DESIGN_GEOMETRIC_PRESENTATION_REPRESENTATION (  '', ( #7917 ), #10288 ) ;
#7152 = CARTESIAN_POINT ( 'NONE',  ( 7.937123649156475835, 4.751000000000000334, 1.559306044348946818 ) ) ;
#7153 = LINE ( 'NONE', #10776, #2415 ) ;
#7154 = LINE ( 'NONE', #3542, #382 ) ;
#7155 = CARTESIAN_POINT ( 'NONE',  ( 5.466797839095709932, 4.750000000000000000, 1.712005977553587632 ) ) ;
#7156 = ORIENTED_EDGE ( 'NONE', *, *, #2551, .T. ) ;
#7157 = UNCERTAINTY_MEASURE_WITH_UNIT (LENGTH_MEASURE( 1.000000000000000082E-05 ), #8314, 'distance_accuracy_value', 'NONE');
#7158 = DIRECTION ( 'NONE',  ( -0.0000000000000000000, -1.000000000000000000, 0.0000000000000000000 ) ) ;
#7159 = COLOUR_RGB ( '',0.0000000000000000000, 0.0000000000000000000, 0.0000000000000000000 ) ;
#7160 = UNCERTAINTY_MEASURE_WITH_UNIT (LENGTH_MEASURE( 1.000000000000000082E-05 ), #8839, 'distance_accuracy_value', 'NONE');
#7161 = AXIS2_PLACEMENT_3D ( 'NONE', #6313, #10061, #720 ) ;
#7162 = CARTESIAN_POINT ( 'NONE',  ( 5.542266887760171734, 4.750000000000000000, 1.663411433829511177 ) ) ;
#7163 = CARTESIAN_POINT ( 'NONE',  ( 5.535957494871449391, 4.750000000000000000, 1.838310354582733286 ) ) ;
#7164 = ORIENTED_EDGE ( 'NONE', *, *, #279, .T. ) ;
#7165 = CARTESIAN_POINT ( 'NONE',  ( 6.773517796556638437, 4.750000000000000000, 2.006550695619879754 ) ) ;
#7166 = CARTESIAN_POINT ( 'NONE',  ( 5.940023096017200466, 4.750000000000000000, 2.830790617506793616 ) ) ;
#7167 = CARTESIAN_POINT ( 'NONE',  ( 6.014726349341069422, 4.750000000000000000, 1.662343202657706520 ) ) ;
#7168 = VECTOR ( 'NONE', #8808, 1000.000000000000000 ) ;
#7169 = ORIENTED_EDGE ( 'NONE', *, *, #4225, .T. ) ;
#7170 = COLOUR_RGB ( '',0.8823529411764705621, 0.8823529411764705621, 0.8823529411764705621 ) ;
#7171 = VERTEX_POINT ( 'NONE', #6807 ) ;
#7172 = CARTESIAN_POINT ( 'NONE',  ( 4.295898574903574740, 4.750000000000000000, 1.634815847680124223 ) ) ;
#7173 = CARTESIAN_POINT ( 'NONE',  ( 5.007038959926687127, 4.750000000000000000, 2.872783466166893618 ) ) ;
#7174 = PRESENTATION_STYLE_ASSIGNMENT (( #8993 ) ) ;
#7175 = COLOUR_RGB ( '',0.0000000000000000000, 0.0000000000000000000, 0.0000000000000000000 ) ;
#7176 = CARTESIAN_POINT ( 'NONE',  ( 5.315956582583631906, 4.750000000000000000, 1.447350896622117356 ) ) ;
#7177 = PRESENTATION_STYLE_ASSIGNMENT (( #7958 ) ) ;
#7178 = LINE ( 'NONE', #10240, #5208 ) ;
#7179 =( GEOMETRIC_REPRESENTATION_CONTEXT ( 3 ) GLOBAL_UNCERTAINTY_ASSIGNED_CONTEXT ( ( #2431 ) ) GLOBAL_UNIT_ASSIGNED_CONTEXT ( ( #202, #5699, #6662 ) ) REPRESENTATION_CONTEXT ( 'NONE', 'WORKASPACE' ) );
#7180 = LINE ( 'NONE', #10180, #4222 ) ;
#7181 = PRESENTATION_STYLE_ASSIGNMENT (( #10181 ) ) ;
#7182 = ADVANCED_FACE ( 'NONE', ( #5794 ), #11307, .F. ) ;
#7183 = ORIENTED_EDGE ( 'NONE', *, *, #9138, .T. ) ;
#7184 = LINE ( 'NONE', #671, #3780 ) ;
#7185 = AXIS2_PLACEMENT_3D ( 'NONE', #10430, #3075, #3820 ) ;
#7186 = CARTESIAN_POINT ( 'NONE',  ( 7.538179504055722902, 4.750000000000000000, 2.250567915820366416 ) ) ;
#7187 = PRESENTATION_STYLE_ASSIGNMENT (( #7367 ) ) ;
#7188 = CARTESIAN_POINT ( 'NONE',  ( 7.166129083135588829, 4.750000000000000000, 2.717886644385019590 ) ) ;
#7189 = CARTESIAN_POINT ( 'NONE',  ( 6.288039254566196945, 4.750000000000000000, 2.489870184278021537 ) ) ;
#7190 = EDGE_LOOP ( 'NONE', ( #8707, #3544, #2288, #4287 ) ) ;
#7191 = EDGE_CURVE ( 'NONE', #7171, #3956, #1968, .T. ) ;
#7192 =( LENGTH_UNIT ( ) NAMED_UNIT ( * ) SI_UNIT ( .MILLI., .METRE. ) );
#7193 = B_SPLINE_SURFACE_WITH_KNOTS ( 'NONE', 3, 1, ( 
 ( #5160, #5098 ),
 ( #6936, #4983 ),
 ( #3147, #6867 ),
 ( #10632, #9698 ) ),
 .UNSPECIFIED., .F., .F., .F.,
 ( 4, 4 ),
 ( 2, 2 ),
 ( 5.000000000000000000, 6.000000000000000000 ),
 ( 0.0000000000000000000, 1.000000000000000000 ),
 .UNSPECIFIED. ) ;
#7194 = CARTESIAN_POINT ( 'NONE',  ( 5.320508165666915978, 4.750000000000000000, 1.501971841575278299 ) ) ;
#7195 = ORIENTED_EDGE ( 'NONE', *, *, #10067, .F. ) ;
#7196 = SURFACE_SIDE_STYLE ('',( #3596 ) ) ;
#7197 = VECTOR ( 'NONE', #10927, 1000.000000000000000 ) ;
#7198 = CARTESIAN_POINT ( 'NONE',  ( 4.648716840333255718, 4.750000000000000000, 2.559346681875779517 ) ) ;
#7199 = ORIENTED_EDGE ( 'NONE', *, *, #11627, .T. ) ;
#7200 = EDGE_LOOP ( 'NONE', ( #1006, #11975, #7100, #6471 ) ) ;
#7201 = ADVANCED_FACE ( 'NONE', ( #7599 ), #2956, .F. ) ;
#7202 = PRESENTATION_LAYER_ASSIGNMENT (  '', '', ( #2701 ) ) ;
#7203 = EDGE_CURVE ( 'NONE', #898, #7979, #8822, .T. ) ;
#7204 = FACE_OUTER_BOUND ( 'NONE', #11246, .T. ) ;
#7205 = UNCERTAINTY_MEASURE_WITH_UNIT (LENGTH_MEASURE( 1.000000000000000082E-05 ), #7008, 'distance_accuracy_value', 'NONE');
#7206 = B_SPLINE_CURVE_WITH_KNOTS ( 'NONE', 3,
 ( #7463, #1704, #10294, #4531 ),
 .UNSPECIFIED., .F., .F.,
 ( 4, 4 ),
 ( 1.000000000000000000, 2.000000000000000000 ),
 .UNSPECIFIED. ) ;
#7207 = VECTOR ( 'NONE', #7274, 1000.000000000000000 ) ;
#7208 = SURFACE_STYLE_USAGE ( .BOTH. , #11134 ) ;
#7209 = CARTESIAN_POINT ( 'NONE',  ( 4.582252505543461751, 4.750000000000000000, 1.613191684436038775 ) ) ;
#7210 = ORIENTED_EDGE ( 'NONE', *, *, #10333, .F. ) ;
#7211 = SURFACE_STYLE_FILL_AREA ( #3365 ) ;
#7212 = CARTESIAN_POINT ( 'NONE',  ( 5.603698580691133913, 4.751000000000000334, 1.963044994509220320 ) ) ;
#7213 = CARTESIAN_POINT ( 'NONE',  ( 5.565717048484234653, 4.750000000000000000, 1.857237533160986942 ) ) ;
#7214 = VERTEX_POINT ( 'NONE', #7127 ) ;
#7215 = CARTESIAN_POINT ( 'NONE',  ( 6.908806553402303763, 4.750000000000000000, 1.790606681095846975 ) ) ;
#7216 = CARTESIAN_POINT ( 'NONE',  ( 5.994069805244063964, 4.751000000000000334, 2.742272398355441343 ) ) ;
#7217 = LINE ( 'NONE', #823, #373 ) ;
#7218 = ORIENTED_EDGE ( 'NONE', *, *, #3167, .F. ) ;
#7219 = UNCERTAINTY_MEASURE_WITH_UNIT (LENGTH_MEASURE( 1.000000000000000082E-05 ), #4807, 'distance_accuracy_value', 'NONE');
#7220 = ORIENTED_EDGE ( 'NONE', *, *, #10350, .T. ) ;
#7221 = LINE ( 'NONE', #716, #9044 ) ;
#7222 = CARTESIAN_POINT ( 'NONE',  ( 5.502899899645201209, 4.751000000000000334, 1.991184102142578238 ) ) ;
#7223 = CARTESIAN_POINT ( 'NONE',  ( 5.987963358095001354, 4.750000000000000000, 1.898964211162375681 ) ) ;
#7224 = SURFACE_SIDE_STYLE ('',( #7287 ) ) ;
#7225 = B_SPLINE_CURVE_WITH_KNOTS ( 'NONE', 3,
 ( #3518, #7237, #10995, #10077 ),
 .UNSPECIFIED., .F., .F.,
 ( 4, 4 ),
 ( 1.000000000000000000, 2.000000000000000000 ),
 .UNSPECIFIED. ) ;
#7226 = CARTESIAN_POINT ( 'NONE',  ( 5.513908196141112938, 4.750000000000000000, 2.876378363682340122 ) ) ;
#7227 = CARTESIAN_POINT ( 'NONE',  ( 5.502899899645201209, 4.750000000000000000, 1.991184102142578238 ) ) ;
#7228 = B_SPLINE_CURVE_WITH_KNOTS ( 'NONE', 3,
 ( #939, #9403, #6537, #10289 ),
 .UNSPECIFIED., .F., .F.,
 ( 4, 4 ),
 ( 7.000000000000000000, 8.000000000000000000 ),
 .UNSPECIFIED. ) ;
#7229 = CARTESIAN_POINT ( 'NONE',  ( 4.702253913058890511, 4.751000000000000334, 1.901283125666817009 ) ) ;
#7230 = ORIENTED_EDGE ( 'NONE', *, *, #8177, .F. ) ;
#7231 = ORIENTED_EDGE ( 'NONE', *, *, #4868, .F. ) ;
#7232 = VECTOR ( 'NONE', #11360, 1000.000000000000114 ) ;
#7233 = LINE ( 'NONE', #5225, #9036 ) ;
#7234 = ADVANCED_FACE ( 'NONE', ( #3398 ), #7193, .T. ) ;
#7235 = CARTESIAN_POINT ( 'NONE',  ( 5.509505154144900274, 4.751000000000000334, 1.939501691646833503 ) ) ;
#7236 = CARTESIAN_POINT ( 'NONE',  ( 5.401616432138315105, 4.751000000000000334, 1.684509302019001620 ) ) ;
#7237 = CARTESIAN_POINT ( 'NONE',  ( 7.456831887810671411, 4.751000000000000334, 3.016383252325527398 ) ) ;
#7238 = SURFACE_STYLE_FILL_AREA ( #11789 ) ;
#7239 = DIRECTION ( 'NONE',  ( -0.0000000000000000000, -1.195372373669727292E-16, -1.000000000000000000 ) ) ;
#7240 = SURFACE_STYLE_USAGE ( .BOTH. , #38 ) ;
#7241 = ORIENTED_EDGE ( 'NONE', *, *, #2610, .F. ) ;
#7242 = PLANE ( 'NONE',  #1689 ) ;
#7243 = COLOUR_RGB ( '',0.0000000000000000000, 0.0000000000000000000, 0.0000000000000000000 ) ;
#7244 = ORIENTED_EDGE ( 'NONE', *, *, #7203, .T. ) ;
#7245 = UNCERTAINTY_MEASURE_WITH_UNIT (LENGTH_MEASURE( 1.000000000000000082E-05 ), #7398, 'distance_accuracy_value', 'NONE');
#7246 = CARTESIAN_POINT ( 'NONE',  ( 5.188910170230661478, 4.750000000000000000, 1.694438338033092073 ) ) ;
#7247 = EDGE_CURVE ( 'NONE', #6460, #7171, #5043, .T. ) ;
#7248 = CARTESIAN_POINT ( 'NONE',  ( 5.881095909275361855, 4.750000000000000000, 1.793188078342175418 ) ) ;
#7249 = CARTESIAN_POINT ( 'NONE',  ( 6.284844404620406166, 4.750000000000000000, 2.940333972156369935 ) ) ;
#7250 = ORIENTED_EDGE ( 'NONE', *, *, #11066, .F. ) ;
#7251 = FILL_AREA_STYLE_COLOUR ( '', #11040 ) ;
#7252 = SURFACE_STYLE_FILL_AREA ( #5429 ) ;
#7253 = COLOUR_RGB ( '',0.0000000000000000000, 0.0000000000000000000, 0.0000000000000000000 ) ;
#7254 = CARTESIAN_POINT ( 'NONE',  ( 3.806016214681442467, 4.751000000000000334, 1.746757458554603959 ) ) ;
#7255 = EDGE_CURVE ( 'NONE', #6057, #3500, #7838, .T. ) ;
#7256 = COLOUR_RGB ( '',0.0000000000000000000, 0.0000000000000000000, 0.0000000000000000000 ) ;
#7257 = EDGE_LOOP ( 'NONE', ( #1228, #3353, #6637, #2748 ) ) ;
#7258 = SURFACE_SIDE_STYLE ('',( #1685 ) ) ;
#7259 = FACE_OUTER_BOUND ( 'NONE', #5825, .T. ) ;
#7260 = COLOUR_RGB ( '',0.0000000000000000000, 0.0000000000000000000, 0.0000000000000000000 ) ;
#7261 = SURFACE_SIDE_STYLE ('',( #5441 ) ) ;
#7262 = COLOUR_RGB ( '',0.8823529411764705621, 0.8823529411764705621, 0.8823529411764705621 ) ;
#7263 = PLANE ( 'NONE',  #10824 ) ;
#7264 = ADVANCED_FACE ( 'NONE', ( #6040 ), #8724, .F. ) ;
#7265 = DIRECTION ( 'NONE',  ( -0.0000000000000000000, -1.000000000000000000, -0.0000000000000000000 ) ) ;
#7266 = EDGE_CURVE ( 'NONE', #6689, #1439, #783, .T. ) ;
#7267 =( LENGTH_UNIT ( ) NAMED_UNIT ( * ) SI_UNIT ( .MILLI., .METRE. ) );
#7268 = VERTEX_POINT ( 'NONE', #10141 ) ;
#7269 = UNCERTAINTY_MEASURE_WITH_UNIT (LENGTH_MEASURE( 1.000000000000000082E-05 ), #11035, 'distance_accuracy_value', 'NONE');
#7270 = DIRECTION ( 'NONE',  ( 0.007092178509964056424, 0.0000000000000000000, -0.9999748501857348426 ) ) ;
#7271 = CARTESIAN_POINT ( 'NONE',  ( 3.872668677285026728, 4.751000000000000334, 2.116613471301016070 ) ) ;
#7272 = ORIENTED_EDGE ( 'NONE', *, *, #220, .F. ) ;
#7273 = MECHANICAL_DESIGN_GEOMETRIC_PRESENTATION_REPRESENTATION (  '', ( #6870 ), #1199 ) ;
#7274 = DIRECTION ( 'NONE',  ( -0.0000000000000000000, -1.000000000000000000, -0.0000000000000000000 ) ) ;
#7275 = AXIS2_PLACEMENT_3D ( 'NONE', #5438, #635, #809 ) ;
#7276 = SURFACE_STYLE_USAGE ( .BOTH. , #11945 ) ;
#7277 =( NAMED_UNIT ( * ) PLANE_ANGLE_UNIT ( ) SI_UNIT ( $, .RADIAN. ) );
#7278 = VERTEX_POINT ( 'NONE', #9184 ) ;
#7279 = ORIENTED_EDGE ( 'NONE', *, *, #657, .T. ) ;
#7280 = SURFACE_STYLE_FILL_AREA ( #2810 ) ;
#7281 =( GEOMETRIC_REPRESENTATION_CONTEXT ( 3 ) GLOBAL_UNCERTAINTY_ASSIGNED_CONTEXT ( ( #8119 ) ) GLOBAL_UNIT_ASSIGNED_CONTEXT ( ( #11159, #4723, #6557 ) ) REPRESENTATION_CONTEXT ( 'NONE', 'WORKASPACE' ) );
#7282 = CARTESIAN_POINT ( 'NONE',  ( 5.999493410425640327, 4.751000000000000334, 2.490683120358338609 ) ) ;
#7283 = EDGE_CURVE ( 'NONE', #9741, #3956, #3457, .T. ) ;
#7284 = MECHANICAL_DESIGN_GEOMETRIC_PRESENTATION_REPRESENTATION (  '', ( #11600 ), #5729 ) ;
#7285 = FILL_AREA_STYLE_COLOUR ( '', #8447 ) ;
#7286 = EDGE_CURVE ( 'NONE', #6845, #9522, #1725, .T. ) ;
#7287 = SURFACE_STYLE_FILL_AREA ( #11901 ) ;
#7288 = DIRECTION ( 'NONE',  ( -0.9999748501857349536, 0.0000000000000000000, -0.007092178509957244165 ) ) ;
#7289 = CARTESIAN_POINT ( 'NONE',  ( 5.988601053710414845, 4.751000000000000334, 2.871946674335578376 ) ) ;
#7290 = LINE ( 'NONE', #9175, #8858 ) ;
#7291 = COLOUR_RGB ( '',0.6470588235294117974, 0.6470588235294117974, 0.6470588235294117974 ) ;
#7292 = VECTOR ( 'NONE', #7405, 1000.000000000000000 ) ;
#7293 = EDGE_CURVE ( 'NONE', #9659, #9014, #475, .T. ) ;
#7294 =( GEOMETRIC_REPRESENTATION_CONTEXT ( 3 ) GLOBAL_UNCERTAINTY_ASSIGNED_CONTEXT ( ( #606 ) ) GLOBAL_UNIT_ASSIGNED_CONTEXT ( ( #10036, #2671, #752 ) ) REPRESENTATION_CONTEXT ( 'NONE', 'WORKASPACE' ) );
#7295 = CARTESIAN_POINT ( 'NONE',  ( 5.515475202750425687, 4.751000000000000334, 2.655435363278962679 ) ) ;
#7296 = EDGE_LOOP ( 'NONE', ( #48, #885, #7759, #5683, #8852, #6980, #3558, #6007 ) ) ;
#7297 = EDGE_LOOP ( 'NONE', ( #504, #2940, #10299, #10154 ) ) ;
#7298 = CARTESIAN_POINT ( 'NONE',  ( 4.771091816475728997, 4.751000000000000334, 2.421143489958795580 ) ) ;
#7299 = CARTESIAN_POINT ( 'NONE',  ( 5.073372618235536535, 4.750000000000000000, 2.481255335001208095 ) ) ;
#7300 = PRESENTATION_LAYER_ASSIGNMENT (  '', '', ( #4571 ) ) ;
#7301 = LINE ( 'NONE', #10008, #1837 ) ;
#7302 = VECTOR ( 'NONE', #6492, 1000.000000000000000 ) ;
#7303 = CARTESIAN_POINT ( 'NONE',  ( 6.284844404620406166, 4.751000000000000334, 2.940333972156369935 ) ) ;
#7304 = CARTESIAN_POINT ( 'NONE',  ( 4.235485328940698402, 4.751000000000000334, 1.869638520470928267 ) ) ;
#7305 = DIRECTION ( 'NONE',  ( -0.0000000000000000000, -1.000000000000000000, -0.0000000000000000000 ) ) ;
#7306 =( NAMED_UNIT ( * ) PLANE_ANGLE_UNIT ( ) SI_UNIT ( $, .RADIAN. ) );
#7307 = CARTESIAN_POINT ( 'NONE',  ( 5.509505154144900274, 4.751000000000000334, 1.939501691646833503 ) ) ;
#7308 = PRESENTATION_LAYER_ASSIGNMENT (  '', '', ( #429 ) ) ;
#7309 = PRESENTATION_LAYER_ASSIGNMENT (  '', '', ( #3003 ) ) ;
#7310 =( GEOMETRIC_REPRESENTATION_CONTEXT ( 3 ) GLOBAL_UNCERTAINTY_ASSIGNED_CONTEXT ( ( #3086 ) ) GLOBAL_UNIT_ASSIGNED_CONTEXT ( ( #8662, #317, #10469 ) ) REPRESENTATION_CONTEXT ( 'NONE', 'WORKASPACE' ) );
#7311 = ORIENTED_EDGE ( 'NONE', *, *, #899, .F. ) ;
#7312 = CARTESIAN_POINT ( 'NONE',  ( 5.192927150737902231, 4.750000000000000000, 1.677830282823520314 ) ) ;
#7313 = CARTESIAN_POINT ( 'NONE',  ( 4.921210400610024571, 4.750000000000000000, 2.824344672324774042 ) ) ;
#7314 = ORIENTED_EDGE ( 'NONE', *, *, #6666, .T. ) ;
#7315 =( LENGTH_UNIT ( ) NAMED_UNIT ( * ) SI_UNIT ( .MILLI., .METRE. ) );
#7316 = SURFACE_STYLE_USAGE ( .BOTH. , #9964 ) ;
#7317 =( NAMED_UNIT ( * ) SI_UNIT ( $, .STERADIAN. ) SOLID_ANGLE_UNIT ( ) );
#7318 = VECTOR ( 'NONE', #7433, 1000.000000000000000 ) ;
#7319 = AXIS2_PLACEMENT_3D ( 'NONE', #2544, #10027, #9087 ) ;
#7320 = CARTESIAN_POINT ( 'NONE',  ( 6.063433197988347345, 4.750000000000000000, 2.674918437937169990 ) ) ;
#7321 = SURFACE_STYLE_FILL_AREA ( #8398 ) ;
#7322 = ORIENTED_EDGE ( 'NONE', *, *, #12017, .F. ) ;
#7323 = FILL_AREA_STYLE ('',( #11989 ) ) ;
#7324 = EDGE_CURVE ( 'NONE', #3983, #5270, #3643, .T. ) ;
#7325 = B_SPLINE_CURVE_WITH_KNOTS ( 'NONE', 3,
 ( #9086, #2725, #11127, #3413 ),
 .UNSPECIFIED., .F., .F.,
 ( 4, 4 ),
 ( 2.000000000000000000, 3.000000000000000000 ),
 .UNSPECIFIED. ) ;
#7326 = SURFACE_SIDE_STYLE ('',( #8051 ) ) ;
#7327 = DIRECTION ( 'NONE',  ( -0.007092178509963749378, 0.0000000000000000000, 0.9999748501857348426 ) ) ;
#7328 = STYLED_ITEM ( 'NONE', ( #11578 ), #8637 ) ;
#7329 =( NAMED_UNIT ( * ) SI_UNIT ( $, .STERADIAN. ) SOLID_ANGLE_UNIT ( ) );
#7330 = SURFACE_STYLE_FILL_AREA ( #8231 ) ;
#7331 = CARTESIAN_POINT ( 'NONE',  ( 4.292618922247162239, 4.750000000000000000, 2.097236550874577166 ) ) ;
#7332 = ORIENTED_EDGE ( 'NONE', *, *, #11083, .F. ) ;
#7333 = DIRECTION ( 'NONE',  ( 0.3382111624796507732, 0.0000000000000000000, -0.9410702468860459025 ) ) ;
#7334 = CARTESIAN_POINT ( 'NONE',  ( 6.908806553402303763, 4.751000000000000334, 1.790606681095846975 ) ) ;
#7335 = MECHANICAL_DESIGN_GEOMETRIC_PRESENTATION_REPRESENTATION (  '', ( #5751 ), #4984 ) ;
#7336 = CARTESIAN_POINT ( 'NONE',  ( 8.850636211324955482, 4.751000000000000334, 2.223725738735952362 ) ) ;
#7337 = MECHANICAL_DESIGN_GEOMETRIC_PRESENTATION_REPRESENTATION (  '', ( #11059 ), #11454 ) ;
#7338 = ORIENTED_EDGE ( 'NONE', *, *, #8391, .T. ) ;
#7339 = CARTESIAN_POINT ( 'NONE',  ( 5.504074232833599645, 4.751000000000000334, 1.825606818309852608 ) ) ;
#7340 = EDGE_CURVE ( 'NONE', #259, #11929, #7422, .T. ) ;
#7341 = DIRECTION ( 'NONE',  ( -0.007092178509958225151, -0.0000000000000000000, 0.9999748501857349536 ) ) ;
#7342 = VERTEX_POINT ( 'NONE', #12090 ) ;
#7343 = UNCERTAINTY_MEASURE_WITH_UNIT (LENGTH_MEASURE( 1.000000000000000082E-05 ), #2969, 'distance_accuracy_value', 'NONE');
#7344 = ORIENTED_EDGE ( 'NONE', *, *, #7935, .T. ) ;
#7345 = FILL_AREA_STYLE ('',( #5458 ) ) ;
#7346 = SURFACE_SIDE_STYLE ('',( #4532 ) ) ;
#7347 = AXIS2_PLACEMENT_3D ( 'NONE', #8704, #10507, #11490 ) ;
#7348 = FILL_AREA_STYLE ('',( #1707 ) ) ;
#7349 = PLANE ( 'NONE',  #8940 ) ;
#7350 = CARTESIAN_POINT ( 'NONE',  ( 4.702666865388868800, 4.750000000000000000, 1.843058146737809544 ) ) ;
#7351 = DIRECTION ( 'NONE',  ( -0.0000000000000000000, -1.000000000000000000, -0.0000000000000000000 ) ) ;
#7352 = PRESENTATION_LAYER_ASSIGNMENT (  '', '', ( #692 ) ) ;
#7353 = DIRECTION ( 'NONE',  ( -0.0000000000000000000, -1.000000000000000000, -0.0000000000000000000 ) ) ;
#7354 = EDGE_CURVE ( 'NONE', #726, #1402, #9007, .T. ) ;
#7355 = SURFACE_STYLE_FILL_AREA ( #9810 ) ;
#7356 = EDGE_CURVE ( 'NONE', #1516, #7034, #7366, .T. ) ;
#7357 = VERTEX_POINT ( 'NONE', #7186 ) ;
#7358 = ORIENTED_EDGE ( 'NONE', *, *, #4852, .F. ) ;
#7359 = EDGE_CURVE ( 'NONE', #2968, #4084, #6494, .T. ) ;
#7360 = COLOUR_RGB ( '',0.0000000000000000000, 0.0000000000000000000, 0.0000000000000000000 ) ;
#7361 = UNCERTAINTY_MEASURE_WITH_UNIT (LENGTH_MEASURE( 1.000000000000000082E-05 ), #3087, 'distance_accuracy_value', 'NONE');
#7362 = SURFACE_SIDE_STYLE ('',( #2709 ) ) ;
#7363 = B_SPLINE_SURFACE_WITH_KNOTS ( 'NONE', 3, 1, ( 
 ( #1333, #2002 ),
 ( #1140, #1204 ),
 ( #3183, #7875 ),
 ( #325, #1077 ) ),
 .UNSPECIFIED., .F., .F., .F.,
 ( 4, 4 ),
 ( 2, 2 ),
 ( 0.0000000000000000000, 1.000000000000000000 ),
 ( 0.0000000000000000000, 1.000000000000000000 ),
 .UNSPECIFIED. ) ;
#7364 = VECTOR ( 'NONE', #8919, 1000.000000000000000 ) ;
#7365 = EDGE_CURVE ( 'NONE', #2847, #9921, #6266, .T. ) ;
#7366 = LINE ( 'NONE', #5534, #5484 ) ;
#7367 = SURFACE_STYLE_USAGE ( .BOTH. , #8265 ) ;
#7368 =( NAMED_UNIT ( * ) PLANE_ANGLE_UNIT ( ) SI_UNIT ( $, .RADIAN. ) );
#7369 = CARTESIAN_POINT ( 'NONE',  ( 7.808526143341535608, 4.750000000000000000, 2.870660180011683327 ) ) ;
#7370 = LINE ( 'NONE', #3648, #4637 ) ;
#7371 = DIRECTION ( 'NONE',  ( -0.0000000000000000000, -1.000000000000000000, -0.0000000000000000000 ) ) ;
#7372 =( NAMED_UNIT ( * ) SI_UNIT ( $, .STERADIAN. ) SOLID_ANGLE_UNIT ( ) );
#7373 = COLOUR_RGB ( '',0.8823529411764705621, 0.8823529411764705621, 0.8823529411764705621 ) ;
#7374 = VECTOR ( 'NONE', #3339, 1000.000000000000000 ) ;
#7375 = EDGE_LOOP ( 'NONE', ( #5118, #3027, #2440, #11888 ) ) ;
#7376 = DIRECTION ( 'NONE',  ( -0.0000000000000000000, -0.0000000000000000000, 1.000000000000000000 ) ) ;
#7377 = UNCERTAINTY_MEASURE_WITH_UNIT (LENGTH_MEASURE( 1.000000000000000082E-05 ), #5070, 'distance_accuracy_value', 'NONE');
#7378 = CARTESIAN_POINT ( 'NONE',  ( 8.486584710475561621, 4.750000000000000000, 2.582649640016943859 ) ) ;
#7379 = CARTESIAN_POINT ( 'NONE',  ( 16.78000000000000114, 0.0000000000000000000, 5.090000000000006075 ) ) ;
#7380 = VERTEX_POINT ( 'NONE', #8151 ) ;
#7381 = STYLED_ITEM ( 'NONE', ( #8007 ), #3979 ) ;
#7382 = CARTESIAN_POINT ( 'NONE',  ( 4.582252505543461751, 4.751000000000000334, 1.613191684436038775 ) ) ;
#7383 = CARTESIAN_POINT ( 'NONE',  ( 4.539855585739942967, 4.751000000000000334, 2.862971384531736607 ) ) ;
#7384 = COLOUR_RGB ( '',0.0000000000000000000, 0.0000000000000000000, 0.0000000000000000000 ) ;
#7385 = FACE_OUTER_BOUND ( 'NONE', #4608, .T. ) ;
#7386 = ORIENTED_EDGE ( 'NONE', *, *, #6094, .F. ) ;
#7387 = DIRECTION ( 'NONE',  ( 0.007092178509979854550, -0.0000000000000000000, -0.9999748501857347316 ) ) ;
#7388 =( NAMED_UNIT ( * ) PLANE_ANGLE_UNIT ( ) SI_UNIT ( $, .RADIAN. ) );
#7389 = STYLED_ITEM ( 'NONE', ( #6545 ), #10946 ) ;
#7390 = PRESENTATION_STYLE_ASSIGNMENT (( #11993 ) ) ;
#7391 = LINE ( 'NONE', #1514, #3753 ) ;
#7392 = CARTESIAN_POINT ( 'NONE',  ( 5.475064039375723723, 4.750000000000000000, 1.939257422969496547 ) ) ;
#7393 = ORIENTED_EDGE ( 'NONE', *, *, #513, .F. ) ;
#7394 = CARTESIAN_POINT ( 'NONE',  ( 8.294611753513905228, 4.751000000000000334, 2.125790671099390572 ) ) ;
#7395 = EDGE_CURVE ( 'NONE', #8982, #52, #7225, .T. ) ;
#7396 = STYLED_ITEM ( 'NONE', ( #5278 ), #11710 ) ;
#7397 = CARTESIAN_POINT ( 'NONE',  ( 4.503653921965412366, 4.751000000000000334, 2.927701133579587722 ) ) ;
#7398 =( LENGTH_UNIT ( ) NAMED_UNIT ( * ) SI_UNIT ( .MILLI., .METRE. ) );
#7399 = ORIENTED_EDGE ( 'NONE', *, *, #3053, .F. ) ;
#7400 = VECTOR ( 'NONE', #9980, 1000.000000000000114 ) ;
#7401 = ORIENTED_EDGE ( 'NONE', *, *, #3210, .F. ) ;
#7402 = ORIENTED_EDGE ( 'NONE', *, *, #9735, .T. ) ;
#7403 = SURFACE_STYLE_FILL_AREA ( #7345 ) ;
#7404 = SURFACE_STYLE_FILL_AREA ( #10235 ) ;
#7405 = DIRECTION ( 'NONE',  ( -0.0000000000000000000, -1.000000000000000000, -0.0000000000000000000 ) ) ;
#7406 = ADVANCED_FACE ( 'NONE', ( #1658 ), #11912, .F. ) ;
#7407 =( NAMED_UNIT ( * ) PLANE_ANGLE_UNIT ( ) SI_UNIT ( $, .RADIAN. ) );
#7408 = SURFACE_STYLE_FILL_AREA ( #10357 ) ;
#7409 = MECHANICAL_DESIGN_GEOMETRIC_PRESENTATION_REPRESENTATION (  '', ( #3344 ), #10364 ) ;
#7410 = ORIENTED_EDGE ( 'NONE', *, *, #3392, .F. ) ;
#7411 = CARTESIAN_POINT ( 'NONE',  ( 5.945531654754600659, 4.750000000000000000, 1.614282328140399514 ) ) ;
#7412 = SURFACE_STYLE_USAGE ( .BOTH. , #11151 ) ;
#7413 = CARTESIAN_POINT ( 'NONE',  ( 4.549985602116449535, 4.751000000000000334, 2.827430625937853215 ) ) ;
#7414 = PRESENTATION_STYLE_ASSIGNMENT (( #8324 ) ) ;
#7415 =( NAMED_UNIT ( * ) SI_UNIT ( $, .STERADIAN. ) SOLID_ANGLE_UNIT ( ) );
#7416 = ORIENTED_EDGE ( 'NONE', *, *, #4182, .T. ) ;
#7417 = CARTESIAN_POINT ( 'NONE',  ( 5.442876645918871326, 4.751000000000000334, 1.639571327278545931 ) ) ;
#7418 = EDGE_CURVE ( 'NONE', #2968, #3640, #1066, .T. ) ;
#7419 = ADVANCED_FACE ( 'NONE', ( #10369, #11412 ), #8558, .F. ) ;
#7420 = FILL_AREA_STYLE ('',( #3869 ) ) ;
#7421 = ADVANCED_FACE ( 'NONE', ( #6674 ), #1840, .F. ) ;
#7422 = LINE ( 'NONE', #8204, #6834 ) ;
#7423 = DIRECTION ( 'NONE',  ( -0.007092178509959459407, 0.0000000000000000000, 0.9999748501857349536 ) ) ;
#7424 = DIRECTION ( 'NONE',  ( -0.0000000000000000000, -0.7071067811865475727, -0.7071067811865475727 ) ) ;
#7425 = SURFACE_STYLE_USAGE ( .BOTH. , #12143 ) ;
#7426 = CARTESIAN_POINT ( 'NONE',  ( 5.492229796492457794, 4.750000000000000000, 1.663056552920932019 ) ) ;
#7427 = VERTEX_POINT ( 'NONE', #11717 ) ;
#7428 = CARTESIAN_POINT ( 'NONE',  ( 5.954195151803697961, 4.750000000000000000, 1.693887253854797326 ) ) ;
#7429 = MECHANICAL_DESIGN_GEOMETRIC_PRESENTATION_REPRESENTATION (  '', ( #5285 ), #11354 ) ;
#7430 = CARTESIAN_POINT ( 'NONE',  ( 4.442387373558622343, 4.750000000000000000, 1.670167672722675078 ) ) ;
#7431 = SURFACE_SIDE_STYLE ('',( #6509 ) ) ;
#7432 = EDGE_CURVE ( 'NONE', #811, #8057, #9616, .T. ) ;
#7433 = DIRECTION ( 'NONE',  ( -0.007092178509964115404, -0.0000000000000000000, 0.9999748501857348426 ) ) ;
#7434 = ORIENTED_EDGE ( 'NONE', *, *, #3435, .T. ) ;
#7435 = CARTESIAN_POINT ( 'NONE',  ( 7.320312642992590213, 4.750000000000000000, 2.896118056044793221 ) ) ;
#7436 = FILL_AREA_STYLE_COLOUR ( '', #8036 ) ;
#7437 = CARTESIAN_POINT ( 'NONE',  ( 4.866470573614145145, 4.750000000000000000, 2.680726182749451070 ) ) ;
#7438 = CARTESIAN_POINT ( 'NONE',  ( 4.822088384724650290, 4.750000000000000000, 2.817662905229705306 ) ) ;
#7439 = LINE ( 'NONE', #11176, #5217 ) ;
#7440 = ORIENTED_EDGE ( 'NONE', *, *, #11402, .T. ) ;
#7441 = PRESENTATION_LAYER_ASSIGNMENT (  '', '', ( #571 ) ) ;
#7442 = EDGE_CURVE ( 'NONE', #10582, #5409, #10799, .T. ) ;
#7443 = SURFACE_SIDE_STYLE ('',( #5739 ) ) ;
#7444 = CARTESIAN_POINT ( 'NONE',  ( 5.960080507932782545, 4.751000000000000334, 1.725382462917125492 ) ) ;
#7445 =( GEOMETRIC_REPRESENTATION_CONTEXT ( 3 ) GLOBAL_UNCERTAINTY_ASSIGNED_CONTEXT ( ( #3612 ) ) GLOBAL_UNIT_ASSIGNED_CONTEXT ( ( #7626, #4889, #8847 ) ) REPRESENTATION_CONTEXT ( 'NONE', 'WORKASPACE' ) );
#7446 = CARTESIAN_POINT ( 'NONE',  ( 4.241861031149168682, 4.750000000000000000, 2.051905896914612448 ) ) ;
#7447 = DIRECTION ( 'NONE',  ( -0.9999748501857349536, 0.0000000000000000000, -0.007092178509954529322 ) ) ;
#7448 = STYLED_ITEM ( 'NONE', ( #4236 ), #4427 ) ;
#7449 = ORIENTED_EDGE ( 'NONE', *, *, #604, .T. ) ;
#7450 = SURFACE_STYLE_FILL_AREA ( #3728 ) ;
#7451 = LINE ( 'NONE', #2917, #9669 ) ;
#7452 = B_SPLINE_CURVE_WITH_KNOTS ( 'NONE', 3,
 ( #12094, #2716, #735, #6445 ),
 .UNSPECIFIED., .F., .F.,
 ( 4, 4 ),
 ( 3.000000000000000000, 4.000000000000000000 ),
 .UNSPECIFIED. ) ;
#7453 = CARTESIAN_POINT ( 'NONE',  ( 4.539855585739943855, 4.750000000000000000, 2.862971384531736607 ) ) ;
#7454 = LINE ( 'NONE', #10286, #8695 ) ;
#7455 = ORIENTED_EDGE ( 'NONE', *, *, #4970, .T. ) ;
#7456 = CARTESIAN_POINT ( 'NONE',  ( 5.681463554761415402, 4.751000000000000334, 2.855211368650384163 ) ) ;
#7457 = PRESENTATION_LAYER_ASSIGNMENT (  '', '', ( #7642 ) ) ;
#7458 = LINE ( 'NONE', #11199, #10601 ) ;
#7459 = EDGE_LOOP ( 'NONE', ( #5772, #6100, #875, #7072 ) ) ;
#7460 = UNCERTAINTY_MEASURE_WITH_UNIT (LENGTH_MEASURE( 1.000000000000000082E-05 ), #12103, 'distance_accuracy_value', 'NONE');
#7461 = B_SPLINE_SURFACE_WITH_KNOTS ( 'NONE', 3, 1, ( 
 ( #12162, #2908 ),
 ( #6636, #1976 ),
 ( #5979, #6943 ),
 ( #8639, #2287 ) ),
 .UNSPECIFIED., .F., .F., .F.,
 ( 4, 4 ),
 ( 2, 2 ),
 ( 2.000000000000000000, 3.000000000000000000 ),
 ( 0.0000000000000000000, 1.000000000000000000 ),
 .UNSPECIFIED. ) ;
#7462 = ORIENTED_EDGE ( 'NONE', *, *, #10954, .F. ) ;
#7463 = CARTESIAN_POINT ( 'NONE',  ( 5.999493410425640327, 4.751000000000000334, 2.490683120358338609 ) ) ;
#7464 =( NAMED_UNIT ( * ) PLANE_ANGLE_UNIT ( ) SI_UNIT ( $, .RADIAN. ) );
#7465 = CARTESIAN_POINT ( 'NONE',  ( 4.921210400610024571, 4.750000000000000000, 2.824344672324774042 ) ) ;
#7466 = MECHANICAL_DESIGN_GEOMETRIC_PRESENTATION_REPRESENTATION (  '', ( #986 ), #3368 ) ;
#7467 = PRESENTATION_LAYER_ASSIGNMENT (  '', '', ( #7071 ) ) ;
#7468 = DIRECTION ( 'NONE',  ( -0.0000000000000000000, 1.195372373669727292E-16, 1.000000000000000000 ) ) ;
#7469 = APPLICATION_CONTEXT ( 'automotive_design' ) ;
#7470 = CARTESIAN_POINT ( 'NONE',  ( 5.579126468040183084, 4.751000000000000334, 2.935328768692522239 ) ) ;
#7471 = ORIENTED_EDGE ( 'NONE', *, *, #2015, .F. ) ;
#7472 = CARTESIAN_POINT ( 'NONE',  ( 5.509505154144900274, 4.750000000000000000, 1.939501691646833503 ) ) ;
#7473 =( NAMED_UNIT ( * ) SI_UNIT ( $, .STERADIAN. ) SOLID_ANGLE_UNIT ( ) );
#7474 = CARTESIAN_POINT ( 'NONE',  ( 5.333239157737539315, 4.751000000000000334, 2.712370787945379558 ) ) ;
#7475 = ORIENTED_EDGE ( 'NONE', *, *, #6288, .F. ) ;
#7476 = EDGE_CURVE ( 'NONE', #7342, #11341, #2262, .T. ) ;
#7477 = CARTESIAN_POINT ( 'NONE',  ( 7.294803508127515101, 4.750000000000000000, 2.415134320183523364 ) ) ;
#7478 = ADVANCED_FACE ( 'NONE', ( #1215 ), #5917, .F. ) ;
#7479 = SURFACE_SIDE_STYLE ('',( #10368 ) ) ;
#7480 = PRESENTATION_STYLE_ASSIGNMENT (( #6739 ) ) ;
#7481 = CARTESIAN_POINT ( 'NONE',  ( 5.994523315392167540, 4.750000000000000000, 2.678328894709728125 ) ) ;
#7482 = AXIS2_PLACEMENT_3D ( 'NONE', #4302, #3393, #5352 ) ;
#7483 = VECTOR ( 'NONE', #1172, 1000.000000000000000 ) ;
#7484 = MECHANICAL_DESIGN_GEOMETRIC_PRESENTATION_REPRESENTATION (  '', ( #209 ), #5132 ) ;
#7485 = B_SPLINE_CURVE_WITH_KNOTS ( 'NONE', 3,
 ( #7437, #979, #10204, #11985 ),
 .UNSPECIFIED., .F., .F.,
 ( 4, 4 ),
 ( 4.000000000000000000, 5.000000000000000000 ),
 .UNSPECIFIED. ) ;
#7486 = FACE_OUTER_BOUND ( 'NONE', #3514, .T. ) ;
#7487 = ORIENTED_EDGE ( 'NONE', *, *, #10488, .F. ) ;
#7488 = EDGE_CURVE ( 'NONE', #8739, #8939, #637, .T. ) ;
#7489 = EDGE_CURVE ( 'NONE', #4844, #6482, #8743, .T. ) ;
#7490 = AXIS2_PLACEMENT_3D ( 'NONE', #10123, #1887, #8423 ) ;
#7491 = STYLED_ITEM ( 'NONE', ( #139 ), #7609 ) ;
#7492 = UNCERTAINTY_MEASURE_WITH_UNIT (LENGTH_MEASURE( 1.000000000000000082E-05 ), #1473, 'distance_accuracy_value', 'NONE');
#7493 = PLANE ( 'NONE',  #6680 ) ;
#7494 =( NAMED_UNIT ( * ) SI_UNIT ( $, .STERADIAN. ) SOLID_ANGLE_UNIT ( ) );
#7495 = ORIENTED_EDGE ( 'NONE', *, *, #405, .F. ) ;
#7496 =( LENGTH_UNIT ( ) NAMED_UNIT ( * ) SI_UNIT ( .MILLI., .METRE. ) );
#7497 = DIRECTION ( 'NONE',  ( -0.0000000000000000000, -1.000000000000000000, -0.0000000000000000000 ) ) ;
#7498 = LINE ( 'NONE', #2843, #6940 ) ;
#7499 = DIRECTION ( 'NONE',  ( -0.9385291719746152728, 0.0000000000000000000, -0.3451999324342968634 ) ) ;
#7500 = ORIENTED_EDGE ( 'NONE', *, *, #952, .T. ) ;
#7501 =( NAMED_UNIT ( * ) SI_UNIT ( $, .STERADIAN. ) SOLID_ANGLE_UNIT ( ) );
#7502 = VECTOR ( 'NONE', #6415, 1000.000000000000000 ) ;
#7503 = EDGE_CURVE ( 'NONE', #6359, #8233, #7645, .T. ) ;
#7504 = EDGE_CURVE ( 'NONE', #6189, #5408, #8099, .T. ) ;
#7505 =( LENGTH_UNIT ( ) NAMED_UNIT ( * ) SI_UNIT ( .MILLI., .METRE. ) );
#7506 = EDGE_CURVE ( 'NONE', #2106, #11420, #2113, .T. ) ;
#7507 = DIRECTION ( 'NONE',  ( 0.9999748501857346206, -0.0000000000000000000, 0.007092178509998247823 ) ) ;
#7508 = STYLED_ITEM ( 'NONE', ( #11240 ), #7120 ) ;
#7509 = CARTESIAN_POINT ( 'NONE',  ( 5.931474049120690317, 4.751000000000000334, 1.782107753354527757 ) ) ;
#7510 = ORIENTED_EDGE ( 'NONE', *, *, #11648, .T. ) ;
#7511 = CARTESIAN_POINT ( 'NONE',  ( 8.584519778110365706, 4.751000000000000334, 2.026625182209353060 ) ) ;
#7512 = CARTESIAN_POINT ( 'NONE',  ( 5.073393827616294871, 4.751000000000000334, 2.423287523707776003 ) ) ;
#7513 = EDGE_CURVE ( 'NONE', #4846, #259, #9405, .T. ) ;
#7514 = CARTESIAN_POINT ( 'NONE',  ( 4.875469629243789349, 4.750000000000000000, 2.493108983224471498 ) ) ;
#7515 = VERTEX_POINT ( 'NONE', #5871 ) ;
#7516 = STYLED_ITEM ( 'NONE', ( #8853 ), #8675 ) ;
#7517 = LINE ( 'NONE', #3851, #590 ) ;
#7518 = VERTEX_POINT ( 'NONE', #11449 ) ;
#7519 = VERTEX_POINT ( 'NONE', #3113 ) ;
#7520 =( NAMED_UNIT ( * ) PLANE_ANGLE_UNIT ( ) SI_UNIT ( $, .RADIAN. ) );
#7521 = DIRECTION ( 'NONE',  ( 0.9999748501857348426, -0.0000000000000000000, 0.007092178509964109333 ) ) ;
#7523 = COLOUR_RGB ( '',0.0000000000000000000, 0.0000000000000000000, 0.0000000000000000000 ) ;
#7522 =( NAMED_UNIT ( * ) PLANE_ANGLE_UNIT ( ) SI_UNIT ( $, .RADIAN. ) );
#7524 = STYLED_ITEM ( 'NONE', ( #236 ), #9109 ) ;
#7525 = DIRECTION ( 'NONE',  ( 0.0000000000000000000, -1.000000000000000000, 0.0000000000000000000 ) ) ;
#7526 = CARTESIAN_POINT ( 'NONE',  ( 7.127134631112414631, 4.751000000000000334, 2.609158316483524143 ) ) ;
#7527 = ORIENTED_EDGE ( 'NONE', *, *, #4350, .F. ) ;
#7528 = PRESENTATION_STYLE_ASSIGNMENT (( #3060 ) ) ;
#7529 = DIRECTION ( 'NONE',  ( -0.0000000000000000000, -1.000000000000000000, -0.0000000000000000000 ) ) ;
#7530 = PRESENTATION_STYLE_ASSIGNMENT (( #4661 ) ) ;
#7531 = B_SPLINE_CURVE_WITH_KNOTS ( 'NONE', 3,
 ( #9508, #5843, #1161, #1101 ),
 .UNSPECIFIED., .F., .F.,
 ( 4, 4 ),
 ( 9.000000000000000000, 10.00000000000000000 ),
 .UNSPECIFIED. ) ;
#7532 = MECHANICAL_DESIGN_GEOMETRIC_PRESENTATION_REPRESENTATION (  '', ( #5196 ), #8312 ) ;
#7533 = ORIENTED_EDGE ( 'NONE', *, *, #1868, .T. ) ;
#7534 = CARTESIAN_POINT ( 'NONE',  ( 5.505595151013206845, 4.751000000000000334, 1.611162141450700247 ) ) ;
#7535 =( LENGTH_UNIT ( ) NAMED_UNIT ( * ) SI_UNIT ( .MILLI., .METRE. ) );
#7536 = COLOUR_RGB ( '',0.0000000000000000000, 0.0000000000000000000, 0.0000000000000000000 ) ;
#7537 = CARTESIAN_POINT ( 'NONE',  ( 4.327168811514208180, 4.750000000000000000, 2.045492387685146074 ) ) ;
#7538 = PLANE ( 'NONE',  #10224 ) ;
#7539 = EDGE_CURVE ( 'NONE', #5602, #210, #5037, .T. ) ;
#7540 = CARTESIAN_POINT ( 'NONE',  ( 6.772620466632170988, 4.750000000000000000, 2.133071390992519412 ) ) ;
#7541 = PRESENTATION_STYLE_ASSIGNMENT (( #11970 ) ) ;
#7542 =( NAMED_UNIT ( * ) PLANE_ANGLE_UNIT ( ) SI_UNIT ( $, .RADIAN. ) );
#7543 = VERTEX_POINT ( 'NONE', #2981 ) ;
#7544 = AXIS2_PLACEMENT_3D ( 'NONE', #10566, #7602, #4122 ) ;
#7545 = CARTESIAN_POINT ( 'NONE',  ( 6.284844404620406166, 4.751000000000000334, 2.940333972156369935 ) ) ;
#7546 = CARTESIAN_POINT ( 'NONE',  ( 5.493781083721530401, 4.751000000000000334, 1.755868283154152998 ) ) ;
#7547 =( NAMED_UNIT ( * ) PLANE_ANGLE_UNIT ( ) SI_UNIT ( $, .RADIAN. ) );
#7548 = ORIENTED_EDGE ( 'NONE', *, *, #1705, .F. ) ;
#7549 = LINE ( 'NONE', #9574, #756 ) ;
#7550 = LINE ( 'NONE', #12154, #1405 ) ;
#7551 = EDGE_CURVE ( 'NONE', #3689, #1243, #1229, .T. ) ;
#7552 = PRESENTATION_LAYER_ASSIGNMENT (  '', '', ( #12066 ) ) ;
#7553 = ORIENTED_EDGE ( 'NONE', *, *, #5167, .T. ) ;
#7554 = B_SPLINE_SURFACE_WITH_KNOTS ( 'NONE', 3, 1, ( 
 ( #4493, #9889 ),
 ( #8095, #1661 ),
 ( #9185, #11790 ),
 ( #4550, #3399 ) ),
 .UNSPECIFIED., .F., .F., .F.,
 ( 4, 4 ),
 ( 2, 2 ),
 ( 0.0000000000000000000, 1.000000000000000000 ),
 ( 0.0000000000000000000, 1.000000000000000000 ),
 .UNSPECIFIED. ) ;
#7555 = COLOUR_RGB ( '',0.0000000000000000000, 0.0000000000000000000, 0.0000000000000000000 ) ;
#7556 = VERTEX_POINT ( 'NONE', #9355 ) ;
#7557 = FILL_AREA_STYLE ('',( #3842 ) ) ;
#7558 = VERTEX_POINT ( 'NONE', #9407 ) ;
#7559 =( LENGTH_UNIT ( ) NAMED_UNIT ( * ) SI_UNIT ( .MILLI., .METRE. ) );
#7560 = PLANE ( 'NONE',  #6133 ) ;
#7561 = ADVANCED_FACE ( 'NONE', ( #10589 ), #2871, .F. ) ;
#7562 = ADVANCED_FACE ( 'NONE', ( #6595 ), #1327, .F. ) ;
#7563 = CARTESIAN_POINT ( 'NONE',  ( 4.235035505866965089, 4.751000000000000334, 1.933062158233945338 ) ) ;
#7564 = ORIENTED_EDGE ( 'NONE', *, *, #7066, .T. ) ;
#7565 = MECHANICAL_DESIGN_GEOMETRIC_PRESENTATION_REPRESENTATION (  '', ( #1509 ), #9524 ) ;
#7566 = COLOUR_RGB ( '',0.8823529411764705621, 0.8823529411764705621, 0.8823529411764705621 ) ;
#7567 = CARTESIAN_POINT ( 'NONE',  ( 4.516208328986168752, 4.751000000000000334, 1.670691237283894681 ) ) ;
#7568 = ORIENTED_EDGE ( 'NONE', *, *, #11385, .T. ) ;
#7569 = UNCERTAINTY_MEASURE_WITH_UNIT (LENGTH_MEASURE( 1.000000000000000082E-05 ), #9920, 'distance_accuracy_value', 'NONE');
#7570 = ORIENTED_EDGE ( 'NONE', *, *, #6083, .T. ) ;
#7571 = SURFACE_STYLE_FILL_AREA ( #4030 ) ;
#7572 =( LENGTH_UNIT ( ) NAMED_UNIT ( * ) SI_UNIT ( .MILLI., .METRE. ) );
#7573 = CARTESIAN_POINT ( 'NONE',  ( 3.910429938711176501, 4.750000000000000000, 2.051894783472836270 ) ) ;
#7574 = FILL_AREA_STYLE_COLOUR ( '', #5738 ) ;
#7575 = AXIS2_PLACEMENT_3D ( 'NONE', #933, #8410, #757 ) ;
#7576 = DIRECTION ( 'NONE',  ( 0.9999748501857348426, -0.0000000000000000000, 0.007092178509964055556 ) ) ;
#7577 = CARTESIAN_POINT ( 'NONE',  ( 6.110723610304808595, 4.750000000000000000, 1.853044587682046718 ) ) ;
#7578 = ORIENTED_EDGE ( 'NONE', *, *, #6668, .T. ) ;
#7579 =( NAMED_UNIT ( * ) SI_UNIT ( $, .STERADIAN. ) SOLID_ANGLE_UNIT ( ) );
#7580 = CARTESIAN_POINT ( 'NONE',  ( 4.532180195612942164, 4.751000000000000334, 2.827304343640511419 ) ) ;
#7581 = CARTESIAN_POINT ( 'NONE',  ( 6.908806553402303763, 4.751000000000000334, 1.790606681095846975 ) ) ;
#7582 = VECTOR ( 'NONE', #8720, 1000.000000000000000 ) ;
#7583 = CARTESIAN_POINT ( 'NONE',  ( 5.565717048484234653, 4.751000000000000334, 1.857237533160986942 ) ) ;
#7584 = ORIENTED_EDGE ( 'NONE', *, *, #7623, .F. ) ;
#7585 = CARTESIAN_POINT ( 'NONE',  ( 5.444454632525748572, 4.751000000000000334, 1.930202165564974592 ) ) ;
#7586 = CARTESIAN_POINT ( 'NONE',  ( 4.677886618691644571, 4.751000000000000334, 1.671837917414463970 ) ) ;
#7587 = CARTESIAN_POINT ( 'NONE',  ( 5.978661892746930384, 4.751000000000000334, 2.569039072836556414 ) ) ;
#7588 = LINE ( 'NONE', #3816, #11779 ) ;
#7589 = CARTESIAN_POINT ( 'NONE',  ( 4.951747182100116440, 4.751000000000000334, 1.615812272547964223 ) ) ;
#7590 = B_SPLINE_CURVE_WITH_KNOTS ( 'NONE', 3,
 ( #6921, #10675, #10795, #4164 ),
 .UNSPECIFIED., .F., .F.,
 ( 4, 4 ),
 ( 5.000000000000000000, 6.000000000000000000 ),
 .UNSPECIFIED. ) ;
#7591 =( NAMED_UNIT ( * ) SI_UNIT ( $, .STERADIAN. ) SOLID_ANGLE_UNIT ( ) );
#7592 = CARTESIAN_POINT ( 'NONE',  ( 5.988601053710414845, 4.751000000000000334, 2.871946674335578376 ) ) ;
#7593 = ORIENTED_EDGE ( 'NONE', *, *, #3136, .T. ) ;
#7594 = DIRECTION ( 'NONE',  ( -0.007092178509972501058, -0.0000000000000000000, 0.9999748501857347316 ) ) ;
#7595 = UNCERTAINTY_MEASURE_WITH_UNIT (LENGTH_MEASURE( 1.000000000000000082E-05 ), #189, 'distance_accuracy_value', 'NONE');
#7596 = CARTESIAN_POINT ( 'NONE',  ( 5.463631619092542024, 4.750000000000000000, 1.810243115892779642 ) ) ;
#7597 = PRESENTATION_STYLE_ASSIGNMENT (( #1914 ) ) ;
#7598 = ORIENTED_EDGE ( 'NONE', *, *, #1093, .F. ) ;
#7599 = FACE_OUTER_BOUND ( 'NONE', #1237, .T. ) ;
#7600 = SURFACE_SIDE_STYLE ('',( #6574 ) ) ;
#7601 = SURFACE_SIDE_STYLE ('',( #6691 ) ) ;
#7602 = DIRECTION ( 'NONE',  ( 0.007092178509962082308, 0.0000000000000000000, -0.9999748501857348426 ) ) ;
#7603 = ORIENTED_EDGE ( 'NONE', *, *, #5978, .F. ) ;
#7604 = CARTESIAN_POINT ( 'NONE',  ( 6.356197968279209576, 4.751000000000000334, 2.134227547358212185 ) ) ;
#7605 = VERTEX_POINT ( 'NONE', #377 ) ;
#7606 = ADVANCED_FACE ( 'NONE', ( #3970 ), #10718, .F. ) ;
#7607 = CARTESIAN_POINT ( 'NONE',  ( 5.680976860943950157, 4.750000000000000000, 2.923833665243924074 ) ) ;
#7608 = DIRECTION ( 'NONE',  ( -0.007092178509964115404, -0.0000000000000000000, 0.9999748501857348426 ) ) ;
#7609 = ADVANCED_FACE ( 'NONE', ( #11575 ), #3382, .F. ) ;
#7610 = CARTESIAN_POINT ( 'NONE',  ( 5.320508165666915978, 4.751000000000000334, 1.501971841575278299 ) ) ;
#7611 = ORIENTED_EDGE ( 'NONE', *, *, #10524, .F. ) ;
#7612 = DIRECTION ( 'NONE',  ( 0.9999748501857348426, 0.0000000000000000000, 0.007092178509962362466 ) ) ;
#7613 = VECTOR ( 'NONE', #4269, 1000.000000000000000 ) ;
#7614 = CARTESIAN_POINT ( 'NONE',  ( 8.488661322871575265, 4.751000000000000334, 2.799567691907449696 ) ) ;
#7615 =( NAMED_UNIT ( * ) PLANE_ANGLE_UNIT ( ) SI_UNIT ( $, .RADIAN. ) );
#7616 = ORIENTED_EDGE ( 'NONE', *, *, #11612, .F. ) ;
#7617 = DIRECTION ( 'NONE',  ( 0.007092178509954529322, -0.0000000000000000000, -0.9999748501857349536 ) ) ;
#7618 = MECHANICAL_DESIGN_GEOMETRIC_PRESENTATION_REPRESENTATION (  '', ( #10366 ), #3905 ) ;
#7619 = LINE ( 'NONE', #3571, #1032 ) ;
#7620 = PLANE ( 'NONE',  #10023 ) ;
#7621 = VERTEX_POINT ( 'NONE', #11881 ) ;
#7622 = EDGE_CURVE ( 'NONE', #10497, #7543, #11177, .T. ) ;
#7623 = EDGE_CURVE ( 'NONE', #3882, #2595, #2311, .T. ) ;
#7624 =( NAMED_UNIT ( * ) PLANE_ANGLE_UNIT ( ) SI_UNIT ( $, .RADIAN. ) );
#7625 = ORIENTED_EDGE ( 'NONE', *, *, #6373, .F. ) ;
#7626 =( LENGTH_UNIT ( ) NAMED_UNIT ( * ) SI_UNIT ( .MILLI., .METRE. ) );
#7627 = LINE ( 'NONE', #9547, #11626 ) ;
#7628 = CARTESIAN_POINT ( 'NONE',  ( 4.884077005740065758, 4.751000000000000334, 1.902572679929395605 ) ) ;
#7629 = CARTESIAN_POINT ( 'NONE',  ( 5.064589210043722645, 4.750000000000000000, 2.931679486830022441 ) ) ;
#7630 = CARTESIAN_POINT ( 'NONE',  ( 5.315956582583631906, 4.750000000000000000, 1.447350896622117356 ) ) ;
#7631 = ORIENTED_EDGE ( 'NONE', *, *, #8518, .F. ) ;
#7632 = CARTESIAN_POINT ( 'NONE',  ( 7.556228387931413160, 4.751000000000000334, 1.744587548815732525 ) ) ;
#7633 = PRESENTATION_STYLE_ASSIGNMENT (( #5584 ) ) ;
#7634 = PRESENTATION_STYLE_ASSIGNMENT (( #7412 ) ) ;
#7635 = STYLED_ITEM ( 'NONE', ( #270 ), #4577 ) ;
#7636 = SURFACE_SIDE_STYLE ('',( #4717 ) ) ;
#7637 = PRESENTATION_STYLE_ASSIGNMENT (( #8430 ) ) ;
#7638 = ORIENTED_EDGE ( 'NONE', *, *, #711, .T. ) ;
#7639 = EDGE_CURVE ( 'NONE', #1355, #7515, #2846, .T. ) ;
#7640 = ORIENTED_EDGE ( 'NONE', *, *, #112, .T. ) ;
#7641 = SURFACE_SIDE_STYLE ('',( #9424 ) ) ;
#7642 = STYLED_ITEM ( 'NONE', ( #2912 ), #1279 ) ;
#7643 = VECTOR ( 'NONE', #71, 1000.000000000000000 ) ;
#7644 = EDGE_CURVE ( 'NONE', #668, #1259, #8527, .T. ) ;
#7645 = B_SPLINE_CURVE_WITH_KNOTS ( 'NONE', 3,
 ( #2328, #6084, #1133, #258 ),
 .UNSPECIFIED., .F., .F.,
 ( 4, 4 ),
 ( 28.00000000000000000, 29.00000000000000000 ),
 .UNSPECIFIED. ) ;
#7646 = LINE ( 'NONE', #4165, #6122 ) ;
#7647 = B_SPLINE_SURFACE_WITH_KNOTS ( 'NONE', 3, 1, ( 
 ( #2605, #8227 ),
 ( #12160, #1862 ),
 ( #6346, #11179 ),
 ( #10097, #1682 ) ),
 .UNSPECIFIED., .F., .F., .F.,
 ( 4, 4 ),
 ( 2, 2 ),
 ( 28.00000000000000000, 29.00000000000000000 ),
 ( 0.0000000000000000000, 1.000000000000000000 ),
 .UNSPECIFIED. ) ;
#7648 = CARTESIAN_POINT ( 'NONE',  ( 8.641435026956958865, 4.751000000000000334, 1.647447597840791644 ) ) ;
#7649 = CARTESIAN_POINT ( 'NONE',  ( 5.994066292223217296, 4.751000000000000334, 1.643220614943113889 ) ) ;
#7650 =( NAMED_UNIT ( * ) PLANE_ANGLE_UNIT ( ) SI_UNIT ( $, .RADIAN. ) );
#7651 = MECHANICAL_DESIGN_GEOMETRIC_PRESENTATION_REPRESENTATION (  '', ( #793 ), #5918 ) ;
#7652 = LINE ( 'NONE', #222, #3669 ) ;
#7653 = DIRECTION ( 'NONE',  ( 0.9999748501857348426, -0.0000000000000000000, 0.007092178509963365136 ) ) ;
#7654 = COLOUR_RGB ( '',0.0000000000000000000, 0.0000000000000000000, 0.0000000000000000000 ) ;
#7655 = LINE ( 'NONE', #3079, #8583 ) ;
#7656 = ORIENTED_EDGE ( 'NONE', *, *, #9751, .T. ) ;
#7657 = PRESENTATION_STYLE_ASSIGNMENT (( #3934 ) ) ;
#7658 = MECHANICAL_DESIGN_GEOMETRIC_PRESENTATION_REPRESENTATION (  '', ( #9 ), #7669 ) ;
#7659 = COLOUR_RGB ( '',0.0000000000000000000, 0.0000000000000000000, 0.0000000000000000000 ) ;
#7660 = FILL_AREA_STYLE ('',( #3937 ) ) ;
#7661 = ORIENTED_EDGE ( 'NONE', *, *, #3173, .F. ) ;
#7662 = CARTESIAN_POINT ( 'NONE',  ( 4.573835816210541694, 4.751000000000000334, 2.928198888620188622 ) ) ;
#7663 =( NAMED_UNIT ( * ) PLANE_ANGLE_UNIT ( ) SI_UNIT ( $, .RADIAN. ) );
#7664 = PRESENTATION_STYLE_ASSIGNMENT (( #3151 ) ) ;
#7665 = DIRECTION ( 'NONE',  ( -0.9999748501857341765, -0.0000000000000000000, -0.007092178510042681898 ) ) ;
#7666 = EDGE_LOOP ( 'NONE', ( #1377, #10974, #10761, #11764 ) ) ;
#7667 = SURFACE_STYLE_USAGE ( .BOTH. , #8574 ) ;
#7668 = B_SPLINE_CURVE_WITH_KNOTS ( 'NONE', 3,
 ( #4016, #3037, #6642, #6822 ),
 .UNSPECIFIED., .F., .F.,
 ( 4, 4 ),
 ( 9.000000000000000000, 10.00000000000000000 ),
 .UNSPECIFIED. ) ;
#7669 =( GEOMETRIC_REPRESENTATION_CONTEXT ( 3 ) GLOBAL_UNCERTAINTY_ASSIGNED_CONTEXT ( ( #6179 ) ) GLOBAL_UNIT_ASSIGNED_CONTEXT ( ( #1410, #589, #4229 ) ) REPRESENTATION_CONTEXT ( 'NONE', 'WORKASPACE' ) );
#7670 = COLOUR_RGB ( '',0.0000000000000000000, 0.0000000000000000000, 0.0000000000000000000 ) ;
#7671 =( GEOMETRIC_REPRESENTATION_CONTEXT ( 3 ) GLOBAL_UNCERTAINTY_ASSIGNED_CONTEXT ( ( #4064 ) ) GLOBAL_UNIT_ASSIGNED_CONTEXT ( ( #827, #12070, #9108 ) ) REPRESENTATION_CONTEXT ( 'NONE', 'WORKASPACE' ) );
#7672 = CARTESIAN_POINT ( 'NONE',  ( 4.017731595656384158, 4.751000000000000334, 1.748259019593764618 ) ) ;
#7673 = EDGE_LOOP ( 'NONE', ( #4376, #8968, #5048, #6839 ) ) ;
#7674 = CARTESIAN_POINT ( 'NONE',  ( 5.680976860943950157, 4.751000000000000334, 2.923833665243924074 ) ) ;
#7675 = SURFACE_STYLE_USAGE ( .BOTH. , #2967 ) ;
#7676 = ORIENTED_EDGE ( 'NONE', *, *, #9576, .F. ) ;
#7677 = PRESENTATION_STYLE_ASSIGNMENT (( #1316 ) ) ;
#7678 = PRESENTATION_LAYER_ASSIGNMENT (  '', '', ( #3603 ) ) ;
#7679 = MECHANICAL_DESIGN_GEOMETRIC_PRESENTATION_REPRESENTATION (  '', ( #3207 ), #2018 ) ;
#7680 = PRESENTATION_LAYER_ASSIGNMENT (  '', '', ( #9454 ) ) ;
#7681 = LINE ( 'NONE', #10649, #5374 ) ;
#7682 = SURFACE_SIDE_STYLE ('',( #2109 ) ) ;
#7683 = EDGE_LOOP ( 'NONE', ( #4360, #10133, #7656, #1587 ) ) ;
#7684 = EDGE_CURVE ( 'NONE', #10347, #10381, #3245, .T. ) ;
#7685 = FILL_AREA_STYLE ('',( #6826 ) ) ;
#7686 = CARTESIAN_POINT ( 'NONE',  ( 5.987963358095000466, 4.751000000000000334, 1.898964211162375681 ) ) ;
#7687 = UNCERTAINTY_MEASURE_WITH_UNIT (LENGTH_MEASURE( 1.000000000000000082E-05 ), #4831, 'distance_accuracy_value', 'NONE');
#7688 = DIRECTION ( 'NONE',  ( -0.9999748501857348426, 0.0000000000000000000, -0.007092178509961926183 ) ) ;
#7689 = MECHANICAL_DESIGN_GEOMETRIC_PRESENTATION_REPRESENTATION (  '', ( #7090 ), #9259 ) ;
#7690 = ORIENTED_EDGE ( 'NONE', *, *, #1330, .T. ) ;
#7691 = FILL_AREA_STYLE_COLOUR ( '', #4758 ) ;
#7692 = PLANE ( 'NONE',  #227 ) ;
#7693 = CARTESIAN_POINT ( 'NONE',  ( 5.824082122674338002, 4.750000000000000000, 1.695303959968161633 ) ) ;
#7694 = FILL_AREA_STYLE_COLOUR ( '', #2695 ) ;
#7695 = ORIENTED_EDGE ( 'NONE', *, *, #8309, .T. ) ;
#7696 = EDGE_CURVE ( 'NONE', #7773, #5614, #6238, .T. ) ;
#7697 = STYLED_ITEM ( 'NONE', ( #4332 ), #8731 ) ;
#7698 = STYLED_ITEM ( 'NONE', ( #2298 ), #11346 ) ;
#7699 =( NAMED_UNIT ( * ) PLANE_ANGLE_UNIT ( ) SI_UNIT ( $, .RADIAN. ) );
#7700 = DIRECTION ( 'NONE',  ( -0.0000000000000000000, -1.000000000000000000, -0.0000000000000000000 ) ) ;
#7701 = ORIENTED_EDGE ( 'NONE', *, *, #254, .F. ) ;
#7702 = ORIENTED_EDGE ( 'NONE', *, *, #2260, .T. ) ;
#7703 =( NAMED_UNIT ( * ) PLANE_ANGLE_UNIT ( ) SI_UNIT ( $, .RADIAN. ) );
#7704 = VECTOR ( 'NONE', #703, 1000.000000000000114 ) ;
#7705 = SURFACE_STYLE_FILL_AREA ( #10549 ) ;
#7706 = SURFACE_STYLE_USAGE ( .BOTH. , #5776 ) ;
#7707 =( LENGTH_UNIT ( ) NAMED_UNIT ( * ) SI_UNIT ( .MILLI., .METRE. ) );
#7708 =( NAMED_UNIT ( * ) PLANE_ANGLE_UNIT ( ) SI_UNIT ( $, .RADIAN. ) );
#7709 = EDGE_CURVE ( 'NONE', #11347, #1635, #6632, .T. ) ;
#7710 = FILL_AREA_STYLE ('',( #3992 ) ) ;
#7711 = EDGE_CURVE ( 'NONE', #11737, #326, #570, .T. ) ;
#7712 = CARTESIAN_POINT ( 'NONE',  ( -9.999999999999998224, -3.750000000000000000, 0.5000000000000004441 ) ) ;
#7713 = CARTESIAN_POINT ( 'NONE',  ( 4.882922951460731298, 4.751000000000000334, 2.065290701403772022 ) ) ;
#7714 = CARTESIAN_POINT ( 'NONE',  ( 8.441257944183728767, 4.751000000000000334, 1.837625823802922387 ) ) ;
#7715 = AXIS2_PLACEMENT_3D ( 'NONE', #9842, #5116, #9903 ) ;
#7716 = PLANE ( 'NONE',  #6467 ) ;
#7717 = ORIENTED_EDGE ( 'NONE', *, *, #4743, .T. ) ;
#7718 = CARTESIAN_POINT ( 'NONE',  ( 6.024229551471425026, 4.750000000000000000, 1.788484420847151313 ) ) ;
#7719 = B_SPLINE_CURVE_WITH_KNOTS ( 'NONE', 3,
 ( #9601, #1193, #446, #10777 ),
 .UNSPECIFIED., .F., .F.,
 ( 4, 4 ),
 ( 24.00000000000000000, 25.00000000000000000 ),
 .UNSPECIFIED. ) ;
#7720 = COLOUR_RGB ( '',0.0000000000000000000, 0.0000000000000000000, 0.0000000000000000000 ) ;
#7721 = UNCERTAINTY_MEASURE_WITH_UNIT (LENGTH_MEASURE( 1.000000000000000082E-05 ), #11570, 'distance_accuracy_value', 'NONE');
#7722 = CARTESIAN_POINT ( 'NONE',  ( 5.824082122674338002, 4.751000000000000334, 1.695303959968161633 ) ) ;
#7723 = SURFACE_SIDE_STYLE ('',( #7901 ) ) ;
#7724 = VERTEX_POINT ( 'NONE', #10965 ) ;
#7725 = DIRECTION ( 'NONE',  ( 0.3625544874979442778, -0.0000000000000000000, -0.9319625762846397432 ) ) ;
#7726 = FACE_OUTER_BOUND ( 'NONE', #919, .T. ) ;
#7727 = CARTESIAN_POINT ( 'NONE',  ( 5.586564262336614739, 4.751000000000000334, 1.611736403284577568 ) ) ;
#7728 =( NAMED_UNIT ( * ) SI_UNIT ( $, .STERADIAN. ) SOLID_ANGLE_UNIT ( ) );
#7729 = SURFACE_STYLE_FILL_AREA ( #8633 ) ;
#7730 = ORIENTED_EDGE ( 'NONE', *, *, #7488, .T. ) ;
#7731 = FILL_AREA_STYLE_COLOUR ( '', #5613 ) ;
#7732 = VECTOR ( 'NONE', #9115, 1000.000000000000000 ) ;
#7733 = VERTEX_POINT ( 'NONE', #11819 ) ;
#7734 = CARTESIAN_POINT ( 'NONE',  ( 5.712590972354506746, 4.750000000000000000, 2.937835022689848419 ) ) ;
#7735 = CARTESIAN_POINT ( 'NONE',  ( 5.627399508885816637, 4.750000000000000000, 1.828301107298216266 ) ) ;
#7736 = FILL_AREA_STYLE_COLOUR ( '', #11818 ) ;
#7737 = ORIENTED_EDGE ( 'NONE', *, *, #1359, .T. ) ;
#7738 = CARTESIAN_POINT ( 'NONE',  ( 4.327168811514208180, 4.751000000000000334, 2.045492387685146074 ) ) ;
#7739 = STYLED_ITEM ( 'NONE', ( #10208 ), #3482 ) ;
#7740 = LINE ( 'NONE', #4134, #9034 ) ;
#7741 = PRESENTATION_LAYER_ASSIGNMENT (  '', '', ( #9919 ) ) ;
#7742 =( LENGTH_UNIT ( ) NAMED_UNIT ( * ) SI_UNIT ( .MILLI., .METRE. ) );
#7743 = PRESENTATION_STYLE_ASSIGNMENT (( #11327 ) ) ;
#7744 = ORIENTED_EDGE ( 'NONE', *, *, #9675, .T. ) ;
#7745 = CARTESIAN_POINT ( 'NONE',  ( 6.094730325434776219, 4.751000000000000334, 2.073885271771534811 ) ) ;
#7746 = B_SPLINE_CURVE_WITH_KNOTS ( 'NONE', 3,
 ( #905, #9367, #4612, #5596 ),
 .UNSPECIFIED., .F., .F.,
 ( 4, 4 ),
 ( 4.000000000000000000, 5.000000000000000000 ),
 .UNSPECIFIED. ) ;
#7747 = CARTESIAN_POINT ( 'NONE',  ( 5.903391143265677599, 4.751000000000000334, 1.838316864983614352 ) ) ;
#7748 = PRESENTATION_LAYER_ASSIGNMENT (  '', '', ( #3270 ) ) ;
#7749 = COLOUR_RGB ( '',0.0000000000000000000, 0.0000000000000000000, 0.0000000000000000000 ) ;
#7750 = EDGE_LOOP ( 'NONE', ( #7690, #3784, #11459, #6633 ) ) ;
#7751 = CARTESIAN_POINT ( 'NONE',  ( 5.941925765637444457, 4.751000000000000334, 1.682882502287691651 ) ) ;
#7752 = ADVANCED_FACE ( 'NONE', ( #4395 ), #10778, .F. ) ;
#7753 = CARTESIAN_POINT ( 'NONE',  ( 6.063433197988347345, 4.751000000000000334, 2.674918437937169990 ) ) ;
#7754 = ORIENTED_EDGE ( 'NONE', *, *, #10659, .T. ) ;
#7755 = CARTESIAN_POINT ( 'NONE',  ( 6.094730325434777107, 4.750000000000000000, 2.073885271771534811 ) ) ;
#7756 =( NAMED_UNIT ( * ) SI_UNIT ( $, .STERADIAN. ) SOLID_ANGLE_UNIT ( ) );
#7757 = CARTESIAN_POINT ( 'NONE',  ( 9.416666666666666075, 3.166666666666666519, 11.08333333333333037 ) ) ;
#7758 = CARTESIAN_POINT ( 'NONE',  ( 5.630999838382803269, 4.751000000000000334, 1.943742673523004783 ) ) ;
#7759 = ORIENTED_EDGE ( 'NONE', *, *, #11994, .F. ) ;
#7760 = LINE ( 'NONE', #6841, #3279 ) ;
#7761 = ORIENTED_EDGE ( 'NONE', *, *, #11304, .F. ) ;
#7762 = ORIENTED_EDGE ( 'NONE', *, *, #7937, .T. ) ;
#7763 = VERTEX_POINT ( 'NONE', #7209 ) ;
#7764 = EDGE_CURVE ( 'NONE', #6425, #11602, #4458, .T. ) ;
#7765 =( GEOMETRIC_REPRESENTATION_CONTEXT ( 3 ) GLOBAL_UNCERTAINTY_ASSIGNED_CONTEXT ( ( #441 ) ) GLOBAL_UNIT_ASSIGNED_CONTEXT ( ( #7707, #2264, #4053 ) ) REPRESENTATION_CONTEXT ( 'NONE', 'WORKASPACE' ) );
#7766 = SURFACE_STYLE_USAGE ( .BOTH. , #4049 ) ;
#7767 = CARTESIAN_POINT ( 'NONE',  ( 5.975903065453572083, 4.750000000000000000, 2.793092972618828274 ) ) ;
#7768 = LINE ( 'NONE', #7892, #3378 ) ;
#7769 = AXIS2_PLACEMENT_3D ( 'NONE', #2640, #5402, #1713 ) ;
#7770 = SURFACE_STYLE_FILL_AREA ( #1224 ) ;
#7771 = CARTESIAN_POINT ( 'NONE',  ( 5.796263755702638854, 4.750000000000000000, 1.769191276932375212 ) ) ;
#7772 =( NAMED_UNIT ( * ) SI_UNIT ( $, .STERADIAN. ) SOLID_ANGLE_UNIT ( ) );
#7773 = VERTEX_POINT ( 'NONE', #5380 ) ;
#7774 = EDGE_CURVE ( 'NONE', #7519, #10590, #10602, .T. ) ;
#7775 = CARTESIAN_POINT ( 'NONE',  ( 5.903391143265678487, 4.751000000000000334, 1.838316864983614130 ) ) ;
#7776 = EDGE_CURVE ( 'NONE', #1176, #2595, #10173, .T. ) ;
#7777 = COLOUR_RGB ( '',0.0000000000000000000, 0.0000000000000000000, 0.0000000000000000000 ) ;
#7778 = EDGE_CURVE ( 'NONE', #3230, #2927, #5786, .T. ) ;
#7779 = FILL_AREA_STYLE_COLOUR ( '', #9460 ) ;
#7780 = VERTEX_POINT ( 'NONE', #5193 ) ;
#7781 = CARTESIAN_POINT ( 'NONE',  ( 4.503653921965412366, 4.751000000000000334, 2.927701133579587722 ) ) ;
#7782 = FACE_OUTER_BOUND ( 'NONE', #7297, .T. ) ;
#7783 = CARTESIAN_POINT ( 'NONE',  ( 4.549985602116449535, 4.751000000000000334, 2.827430625937853215 ) ) ;
#7784 = CARTESIAN_POINT ( 'NONE',  ( 5.202202696331129417, 4.751000000000000334, 1.707789860221158085 ) ) ;
#7785 = EDGE_LOOP ( 'NONE', ( #11831, #925, #8259, #6759 ) ) ;
#7786 = SURFACE_STYLE_USAGE ( .BOTH. , #3097 ) ;
#7787 = CARTESIAN_POINT ( 'NONE',  ( 16.78000000000000114, 0.0000000000000000000, 4.750000000000005329 ) ) ;
#7788 = ORIENTED_EDGE ( 'NONE', *, *, #2015, .T. ) ;
#7789 = ADVANCED_FACE ( 'NONE', ( #11997 ), #3783, .F. ) ;
#7790 = SURFACE_SIDE_STYLE ('',( #4191 ) ) ;
#7791 = CARTESIAN_POINT ( 'NONE',  ( 5.549370781357334081, 4.751000000000000334, 1.779657686630379709 ) ) ;
#7792 = CARTESIAN_POINT ( 'NONE',  ( 5.586564262336614739, 4.750000000000000000, 1.611736403284577568 ) ) ;
#7793 = ORIENTED_EDGE ( 'NONE', *, *, #1037, .F. ) ;
#7794 = ADVANCED_FACE ( 'NONE', ( #1925 ), #5123, .T. ) ;
#7795 = CARTESIAN_POINT ( 'NONE',  ( 5.269571445656204389, 4.750000000000000000, 1.518507071263895503 ) ) ;
#7796 = SURFACE_STYLE_FILL_AREA ( #4933 ) ;
#7797 = CARTESIAN_POINT ( 'NONE',  ( 3.806016214681442467, 4.751000000000000334, 1.746757458554603959 ) ) ;
#7798 = EDGE_LOOP ( 'NONE', ( #8650, #12129, #7487, #11907 ) ) ;
#7799 = PRESENTATION_LAYER_ASSIGNMENT (  '', '', ( #5673 ) ) ;
#7800 = CARTESIAN_POINT ( 'NONE',  ( 6.110310657974830306, 4.750000000000000000, 1.911269566611054405 ) ) ;
#7801 = SURFACE_STYLE_FILL_AREA ( #4091 ) ;
#7802 = CARTESIAN_POINT ( 'NONE',  ( 4.377794037559535667, 4.751000000000000334, 1.669709553731607787 ) ) ;
#7803 = UNCERTAINTY_MEASURE_WITH_UNIT (LENGTH_MEASURE( 1.000000000000000082E-05 ), #11969, 'distance_accuracy_value', 'NONE');
#7804 = ORIENTED_EDGE ( 'NONE', *, *, #9991, .F. ) ;
#7805 = CARTESIAN_POINT ( 'NONE',  ( 5.504074232833599645, 4.751000000000000334, 1.825606818309852608 ) ) ;
#7806 =( NAMED_UNIT ( * ) PLANE_ANGLE_UNIT ( ) SI_UNIT ( $, .RADIAN. ) );
#7807 = PRESENTATION_LAYER_ASSIGNMENT (  '', '', ( #2554 ) ) ;
#7808 = VERTEX_POINT ( 'NONE', #5444 ) ;
#7809 = PRESENTATION_STYLE_ASSIGNMENT (( #11522 ) ) ;
#7810 = PLANE ( 'NONE',  #6043 ) ;
#7811 = CARTESIAN_POINT ( 'NONE',  ( 5.216777411245091756, 4.750000000000000000, 1.485379439029014481 ) ) ;
#7812 = ORIENTED_EDGE ( 'NONE', *, *, #850, .F. ) ;
#7813 = LINE ( 'NONE', #10599, #7364 ) ;
#7814 = SURFACE_STYLE_FILL_AREA ( #8857 ) ;
#7815 = ORIENTED_EDGE ( 'NONE', *, *, #5684, .F. ) ;
#7816 = AXIS2_PLACEMENT_3D ( 'NONE', #5061, #1446, #8905 ) ;
#7817 = CARTESIAN_POINT ( 'NONE',  ( 4.549985602116449535, 4.750000000000000000, 2.827430625937853215 ) ) ;
#7818 = ORIENTED_EDGE ( 'NONE', *, *, #11979, .T. ) ;
#7819 = UNCERTAINTY_MEASURE_WITH_UNIT (LENGTH_MEASURE( 1.000000000000000082E-05 ), #5565, 'distance_accuracy_value', 'NONE');
#7820 = VERTEX_POINT ( 'NONE', #9159 ) ;
#7821 = CARTESIAN_POINT ( 'NONE',  ( 4.578646546804878703, 4.751000000000000334, 2.121620518302036906 ) ) ;
#7822 = VECTOR ( 'NONE', #195, 1000.000000000000000 ) ;
#7823 = CARTESIAN_POINT ( 'NONE',  ( 4.926883819583915525, 4.751000000000000334, 2.445903509962146671 ) ) ;
#7824 = FACE_OUTER_BOUND ( 'NONE', #4128, .T. ) ;
#7825 = CARTESIAN_POINT ( 'NONE',  ( 4.166460228167889746, 4.750000000000000000, 1.870968591937121506 ) ) ;
#7826 = SURFACE_STYLE_USAGE ( .BOTH. , #4113 ) ;
#7827 = B_SPLINE_CURVE_WITH_KNOTS ( 'NONE', 3,
 ( #5319, #2373, #9038, #2558 ),
 .UNSPECIFIED., .F., .F.,
 ( 4, 4 ),
 ( 1.000000000000000000, 2.000000000000000000 ),
 .UNSPECIFIED. ) ;
#7828 = CARTESIAN_POINT ( 'NONE',  ( 3.908870341059587528, 4.751000000000000334, 2.051883722249699726 ) ) ;
#7829 = EDGE_CURVE ( 'NONE', #10479, #5627, #9216, .T. ) ;
#7830 =( NAMED_UNIT ( * ) PLANE_ANGLE_UNIT ( ) SI_UNIT ( $, .RADIAN. ) );
#7831 = ORIENTED_EDGE ( 'NONE', *, *, #9209, .T. ) ;
#7832 = VECTOR ( 'NONE', #9158, 1000.000000000000000 ) ;
#7833 = ORIENTED_EDGE ( 'NONE', *, *, #7696, .T. ) ;
#7834 = CARTESIAN_POINT ( 'NONE',  ( 11.00000000000000000, -4.750000000000000000, 9.499999999999998224 ) ) ;
#7835 = UNCERTAINTY_MEASURE_WITH_UNIT (LENGTH_MEASURE( 1.000000000000000082E-05 ), #3287, 'distance_accuracy_value', 'NONE');
#7836 = CARTESIAN_POINT ( 'NONE',  ( 5.757540022823293135, 4.750000000000000000, 2.885904668043086208 ) ) ;
#7837 = EDGE_LOOP ( 'NONE', ( #2666, #4995, #749, #5877 ) ) ;
#7838 = LINE ( 'NONE', #11609, #9581 ) ;
#7839 = VECTOR ( 'NONE', #7497, 1000.000000000000000 ) ;
#7840 = STYLED_ITEM ( 'NONE', ( #8511 ), #1435 ) ;
#7841 = PLANE ( 'NONE',  #5198 ) ;
#7842 = MECHANICAL_DESIGN_GEOMETRIC_PRESENTATION_REPRESENTATION (  '', ( #11972 ), #8612 ) ;
#7843 = ORIENTED_EDGE ( 'NONE', *, *, #4877, .T. ) ;
#7844 = EDGE_CURVE ( 'NONE', #2270, #2523, #6882, .T. ) ;
#7845 = ADVANCED_FACE ( 'NONE', ( #9461 ), #11504, .F. ) ;
#7846 = B_SPLINE_SURFACE_WITH_KNOTS ( 'NONE', 3, 1, ( 
 ( #7986, #3599 ),
 ( #6278, #1856 ),
 ( #746, #5489 ),
 ( #5550, #1605 ) ),
 .UNSPECIFIED., .F., .F., .F.,
 ( 4, 4 ),
 ( 2, 2 ),
 ( 4.000000000000000000, 5.000000000000000000 ),
 ( 0.0000000000000000000, 1.000000000000000000 ),
 .UNSPECIFIED. ) ;
#7847 = CARTESIAN_POINT ( 'NONE',  ( 5.861313381660806954, 4.750000000000000000, 1.613685022091681187 ) ) ;
#7848 = ORIENTED_EDGE ( 'NONE', *, *, #8160, .T. ) ;
#7849 =( NAMED_UNIT ( * ) SI_UNIT ( $, .STERADIAN. ) SOLID_ANGLE_UNIT ( ) );
#7850 = CARTESIAN_POINT ( 'NONE',  ( 5.757540022823293135, 4.751000000000000334, 2.885904668043086208 ) ) ;
#7851 = CARTESIAN_POINT ( 'NONE',  ( 5.945644884347442982, 4.751000000000000334, 2.532932354128212715 ) ) ;
#7852 = EDGE_LOOP ( 'NONE', ( #3178, #10736, #8715, #8640 ) ) ;
#7853 = CARTESIAN_POINT ( 'NONE',  ( 8.159297564931996760, 4.750000000000000000, 1.835626060166847928 ) ) ;
#7854 = PRESENTATION_STYLE_ASSIGNMENT (( #8773 ) ) ;
#7855 = ORIENTED_EDGE ( 'NONE', *, *, #8992, .F. ) ;
#7856 = EDGE_CURVE ( 'NONE', #9003, #7979, #992, .T. ) ;
#7857 = CARTESIAN_POINT ( 'NONE',  ( 5.317658825195752392, 4.751000000000000334, 2.874986493105841312 ) ) ;
#7858 = AXIS2_PLACEMENT_3D ( 'NONE', #1012, #12072, #3564 ) ;
#7859 = EDGE_CURVE ( 'NONE', #6365, #5266, #6766, .T. ) ;
#7860 = CARTESIAN_POINT ( 'NONE',  ( 5.574887518259884267, 4.751000000000000334, 1.865360899920029958 ) ) ;
#7861 = PRESENTATION_LAYER_ASSIGNMENT (  '', '', ( #11607 ) ) ;
#7862 = CARTESIAN_POINT ( 'NONE',  ( 7.127134631112414631, 4.751000000000000334, 2.609158316483524143 ) ) ;
#7863 = FACE_OUTER_BOUND ( 'NONE', #6779, .T. ) ;
#7864 = EDGE_CURVE ( 'NONE', #2629, #6057, #3950, .T. ) ;
#7865 = SURFACE_STYLE_FILL_AREA ( #6896 ) ;
#7866 = VERTEX_POINT ( 'NONE', #4994 ) ;
#7867 =( NAMED_UNIT ( * ) PLANE_ANGLE_UNIT ( ) SI_UNIT ( $, .RADIAN. ) );
#7868 = COLOUR_RGB ( '',0.0000000000000000000, 0.0000000000000000000, 0.0000000000000000000 ) ;
#7869 = EDGE_CURVE ( 'NONE', #11341, #9659, #9127, .T. ) ;
#7870 = VECTOR ( 'NONE', #6022, 1000.000000000000000 ) ;
#7871 = CARTESIAN_POINT ( 'NONE',  ( 4.433603965366805788, 4.751000000000000334, 2.120591824551475657 ) ) ;
#7872 = MECHANICAL_DESIGN_GEOMETRIC_PRESENTATION_REPRESENTATION (  '', ( #6135 ), #7671 ) ;
#7873 = VERTEX_POINT ( 'NONE', #303 ) ;
#7874 = CARTESIAN_POINT ( 'NONE',  ( 5.493781083721530401, 4.750000000000000000, 1.755868283154152998 ) ) ;
#7875 = CARTESIAN_POINT ( 'NONE',  ( 5.721917299346993779, 4.750000000000000000, 2.429186813697154168 ) ) ;
#7876 = EDGE_LOOP ( 'NONE', ( #745, #8555, #7455, #10445 ) ) ;
#7877 = CARTESIAN_POINT ( 'NONE',  ( 8.159297564931996760, 4.751000000000000334, 1.835626060166847928 ) ) ;
#7878 =( NAMED_UNIT ( * ) PLANE_ANGLE_UNIT ( ) SI_UNIT ( $, .RADIAN. ) );
#7879 = VECTOR ( 'NONE', #11661, 1000.000000000000000 ) ;
#7880 = DIRECTION ( 'NONE',  ( 0.9999748501857348426, 0.0000000000000000000, 0.007092178509963430189 ) ) ;
#7881 = COLOUR_RGB ( '',0.0000000000000000000, 0.0000000000000000000, 0.0000000000000000000 ) ;
#7882 = VERTEX_POINT ( 'NONE', #9585 ) ;
#7883 = MECHANICAL_DESIGN_GEOMETRIC_PRESENTATION_REPRESENTATION (  '', ( #6719 ), #12023 ) ;
#7884 = ORIENTED_EDGE ( 'NONE', *, *, #9455, .T. ) ;
#7885 = ORIENTED_EDGE ( 'NONE', *, *, #11098, .T. ) ;
#7886 = LINE ( 'NONE', #3379, #1019 ) ;
#7887 = CARTESIAN_POINT ( 'NONE',  ( 5.712590972354506746, 4.751000000000000334, 2.937835022689848419 ) ) ;
#7888 = DIRECTION ( 'NONE',  ( 0.0000000000000000000, 0.0000000000000000000, -1.000000000000000000 ) ) ;
#7889 = STYLED_ITEM ( 'NONE', ( #1603 ), #8207 ) ;
#7890 = DIRECTION ( 'NONE',  ( 0.0000000000000000000, -1.000000000000000000, 0.0000000000000000000 ) ) ;
#7891 = PRESENTATION_STYLE_ASSIGNMENT (( #8744 ) ) ;
#7892 = CARTESIAN_POINT ( 'NONE',  ( 9.999999999999998224, 3.750000000000000000, -4.482646401261477961E-16 ) ) ;
#7893 = PLANE ( 'NONE',  #3654 ) ;
#7894 = CARTESIAN_POINT ( 'NONE',  ( 4.290860286402125467, 4.750000000000000000, 1.722121975943186500 ) ) ;
#7895 = FACE_OUTER_BOUND ( 'NONE', #297, .T. ) ;
#7896 = DIRECTION ( 'NONE',  ( -0.007092178509965066900, 0.0000000000000000000, 0.9999748501857348426 ) ) ;
#7897 = ORIENTED_EDGE ( 'NONE', *, *, #9051, .T. ) ;
#7898 = ORIENTED_EDGE ( 'NONE', *, *, #7778, .T. ) ;
#7899 = DIRECTION ( 'NONE',  ( -0.0000000000000000000, -1.000000000000000000, -0.0000000000000000000 ) ) ;
#7900 = EDGE_CURVE ( 'NONE', #7780, #10266, #5190, .T. ) ;
#7901 = SURFACE_STYLE_FILL_AREA ( #3211 ) ;
#7902 = FILL_AREA_STYLE_COLOUR ( '', #8868 ) ;
#7903 = ORIENTED_EDGE ( 'NONE', *, *, #10656, .T. ) ;
#7904 = SURFACE_STYLE_FILL_AREA ( #1364 ) ;
#7905 =( GEOMETRIC_REPRESENTATION_CONTEXT ( 3 ) GLOBAL_UNCERTAINTY_ASSIGNED_CONTEXT ( ( #6295 ) ) GLOBAL_UNIT_ASSIGNED_CONTEXT ( ( #1294, #223, #5717 ) ) REPRESENTATION_CONTEXT ( 'NONE', 'WORKASPACE' ) );
#7906 = STYLED_ITEM ( 'NONE', ( #11644 ), #2625 ) ;
#7907 = LINE ( 'NONE', #7781, #8523 ) ;
#7908 = FILL_AREA_STYLE_COLOUR ( '', #9614 ) ;
#7909 = B_SPLINE_CURVE_WITH_KNOTS ( 'NONE', 3,
 ( #661, #4481, #9172, #4538 ),
 .UNSPECIFIED., .F., .F.,
 ( 4, 4 ),
 ( 8.000000000000000000, 9.000000000000000000 ),
 .UNSPECIFIED. ) ;
#7910 = PRESENTATION_STYLE_ASSIGNMENT (( #5101 ) ) ;
#7911 = COLOUR_RGB ( '',0.0000000000000000000, 0.0000000000000000000, 0.0000000000000000000 ) ;
#7912 = DIRECTION ( 'NONE',  ( -0.2455530343989273112, 0.0000000000000000000, -0.9693831581461890279 ) ) ;
#7913 = DIRECTION ( 'NONE',  ( -0.0000000000000000000, -1.000000000000000000, -0.0000000000000000000 ) ) ;
#7914 =( LENGTH_UNIT ( ) NAMED_UNIT ( * ) SI_UNIT ( .MILLI., .METRE. ) );
#7915 =( GEOMETRIC_REPRESENTATION_CONTEXT ( 3 ) GLOBAL_UNCERTAINTY_ASSIGNED_CONTEXT ( ( #1600 ) ) GLOBAL_UNIT_ASSIGNED_CONTEXT ( ( #1455, #4402, #8003 ) ) REPRESENTATION_CONTEXT ( 'NONE', 'WORKASPACE' ) );
#7916 = ORIENTED_EDGE ( 'NONE', *, *, #335, .T. ) ;
#7917 = STYLED_ITEM ( 'NONE', ( #7910 ), #9188 ) ;
#7918 = ADVANCED_FACE ( 'NONE', ( #63 ), #8052, .F. ) ;
#7919 = SURFACE_STYLE_FILL_AREA ( #8833 ) ;
#7920 = CARTESIAN_POINT ( 'NONE',  ( 17.44000000000000128, 4.163799117100994766E-17, 3.750000000000004885 ) ) ;
#7921 = ORIENTED_EDGE ( 'NONE', *, *, #8376, .F. ) ;
#7922 = LINE ( 'NONE', #9901, #9655 ) ;
#7923 = PRESENTATION_STYLE_ASSIGNMENT (( #11623 ) ) ;
#7924 = FILL_AREA_STYLE ('',( #9778 ) ) ;
#7925 = CARTESIAN_POINT ( 'NONE',  ( 6.024710714677333101, 4.751000000000000334, 1.720641923077660840 ) ) ;
#7926 = VECTOR ( 'NONE', #694, 1000.000000000000000 ) ;
#7927 = ORIENTED_EDGE ( 'NONE', *, *, #6949, .F. ) ;
#7928 = CARTESIAN_POINT ( 'NONE',  ( 5.401616432138315105, 4.750000000000000000, 1.684509302019001620 ) ) ;
#7929 =( GEOMETRIC_REPRESENTATION_CONTEXT ( 3 ) GLOBAL_UNCERTAINTY_ASSIGNED_CONTEXT ( ( #4026 ) ) GLOBAL_UNIT_ASSIGNED_CONTEXT ( ( #11659, #1414, #10929 ) ) REPRESENTATION_CONTEXT ( 'NONE', 'WORKASPACE' ) );
#7930 = FILL_AREA_STYLE ('',( #4267 ) ) ;
#7931 =( LENGTH_UNIT ( ) NAMED_UNIT ( * ) SI_UNIT ( .MILLI., .METRE. ) );
#7932 = CARTESIAN_POINT ( 'NONE',  ( 5.765111325619892924, 4.750000000000000000, 2.478103066264586651 ) ) ;
#7933 = UNCERTAINTY_MEASURE_WITH_UNIT (LENGTH_MEASURE( 1.000000000000000082E-05 ), #6372, 'distance_accuracy_value', 'NONE');
#7934 = AXIS2_PLACEMENT_3D ( 'NONE', #2473, #6101, #6270 ) ;
#7935 = EDGE_CURVE ( 'NONE', #7050, #10537, #641, .T. ) ;
#7936 = DIRECTION ( 'NONE',  ( -0.0000000000000000000, -1.000000000000000000, -0.0000000000000000000 ) ) ;
#7937 = EDGE_CURVE ( 'NONE', #6057, #11178, #9017, .T. ) ;
#7938 =( GEOMETRIC_REPRESENTATION_CONTEXT ( 3 ) GLOBAL_UNCERTAINTY_ASSIGNED_CONTEXT ( ( #8656 ) ) GLOBAL_UNIT_ASSIGNED_CONTEXT ( ( #9578, #10444, #10634 ) ) REPRESENTATION_CONTEXT ( 'NONE', 'WORKASPACE' ) );
#7939 = ORIENTED_EDGE ( 'NONE', *, *, #10281, .T. ) ;
#7940 = CARTESIAN_POINT ( 'NONE',  ( 4.436618090650972235, 4.751000000000000334, 2.062125348052995299 ) ) ;
#7941 = DIRECTION ( 'NONE',  ( 0.9999748501857348426, -0.0000000000000000000, 0.007092178509964095455 ) ) ;
#7942 = CARTESIAN_POINT ( 'NONE',  ( 4.241861031149168682, 4.751000000000000334, 2.051905896914612448 ) ) ;
#7943 = ORIENTED_EDGE ( 'NONE', *, *, #11715, .F. ) ;
#7944 = CARTESIAN_POINT ( 'NONE',  ( 7.276729123073038430, 4.750000000000000000, 2.415006130194304657 ) ) ;
#7945 = PRESENTATION_STYLE_ASSIGNMENT (( #4218 ) ) ;
#7946 = COLOUR_RGB ( '',0.0000000000000000000, 0.0000000000000000000, 0.0000000000000000000 ) ;
#7947 = CARTESIAN_POINT ( 'NONE',  ( 6.293759750458746360, 4.750000000000000000, 1.683298266340057303 ) ) ;
#7948 = VECTOR ( 'NONE', #4855, 1000.000000000000114 ) ;
#7949 = VERTEX_POINT ( 'NONE', #625 ) ;
#7950 = DIRECTION ( 'NONE',  ( -0.0000000000000000000, -1.000000000000000000, -0.0000000000000000000 ) ) ;
#7951 = VERTEX_POINT ( 'NONE', #7920 ) ;
#7952 = UNCERTAINTY_MEASURE_WITH_UNIT (LENGTH_MEASURE( 1.000000000000000082E-05 ), #11968, 'distance_accuracy_value', 'NONE');
#7953 = ORIENTED_EDGE ( 'NONE', *, *, #7340, .T. ) ;
#7954 = CARTESIAN_POINT ( 'NONE',  ( 7.935457179296720120, 4.750000000000000000, 1.794273050044952411 ) ) ;
#7955 = CARTESIAN_POINT ( 'NONE',  ( 4.678297727484437729, 4.751000000000000334, 1.613872871426799582 ) ) ;
#7956 = MECHANICAL_DESIGN_GEOMETRIC_PRESENTATION_REPRESENTATION (  '', ( #9527 ), #1511 ) ;
#7957 = LINE ( 'NONE', #8682, #3497 ) ;
#7958 = SURFACE_STYLE_USAGE ( .BOTH. , #2576 ) ;
#7959 = SURFACE_STYLE_USAGE ( .BOTH. , #4293 ) ;
#7960 = FILL_AREA_STYLE_COLOUR ( '', #7720 ) ;
#7961 = CARTESIAN_POINT ( 'NONE',  ( 5.842287570945464914, 4.750000000000000000, 1.675677182235557838 ) ) ;
#7962 = PLANE ( 'NONE',  #2480 ) ;
#7963 = VECTOR ( 'NONE', #4406, 1000.000000000000000 ) ;
#7964 =( LENGTH_UNIT ( ) NAMED_UNIT ( * ) SI_UNIT ( .MILLI., .METRE. ) );
#7965 = ORIENTED_EDGE ( 'NONE', *, *, #3300, .T. ) ;
#7966 = ORIENTED_EDGE ( 'NONE', *, *, #753, .F. ) ;
#7967 = PRESENTATION_LAYER_ASSIGNMENT (  '', '', ( #7389 ) ) ;
#7968 = SURFACE_STYLE_USAGE ( .BOTH. , #5351 ) ;
#7969 = UNCERTAINTY_MEASURE_WITH_UNIT (LENGTH_MEASURE( 1.000000000000000082E-05 ), #3541, 'distance_accuracy_value', 'NONE');
#7970 = DIRECTION ( 'NONE',  ( -0.007092178509963000844, 0.0000000000000000000, 0.9999748501857348426 ) ) ;
#7971 = VECTOR ( 'NONE', #2934, 1000.000000000000000 ) ;
#7972 =( NAMED_UNIT ( * ) PLANE_ANGLE_UNIT ( ) SI_UNIT ( $, .RADIAN. ) );
#7973 = FILL_AREA_STYLE ('',( #7902 ) ) ;
#7974 = CARTESIAN_POINT ( 'NONE',  ( 8.299765060126279792, 4.751000000000000334, 1.399200378655042210 ) ) ;
#7975 = SURFACE_STYLE_FILL_AREA ( #4002 ) ;
#7976 = LINE ( 'NONE', #12092, #4413 ) ;
#7977 = PRESENTATION_LAYER_ASSIGNMENT (  '', '', ( #9348 ) ) ;
#7978 = CARTESIAN_POINT ( 'NONE',  ( 4.017731595656384158, 4.751000000000000334, 1.748259019593764618 ) ) ;
#7979 = VERTEX_POINT ( 'NONE', #5110 ) ;
#7980 = EDGE_LOOP ( 'NONE', ( #8041, #2042, #8046, #826 ) ) ;
#7981 = UNCERTAINTY_MEASURE_WITH_UNIT (LENGTH_MEASURE( 1.000000000000000082E-05 ), #9738, 'distance_accuracy_value', 'NONE');
#7982 = CARTESIAN_POINT ( 'NONE',  ( 5.471967879589486827, 4.750000000000000000, 1.990964721217279854 ) ) ;
#7983 = LINE ( 'NONE', #795, #5321 ) ;
#7984 = LINE ( 'NONE', #7198, #228 ) ;
#7985 = ORIENTED_EDGE ( 'NONE', *, *, #208, .F. ) ;
#7986 = CARTESIAN_POINT ( 'NONE',  ( 8.405570455151950782, 4.751000000000000334, 2.791748271027798989 ) ) ;
#7987 = CARTESIAN_POINT ( 'NONE',  ( 6.290979696380119002, 4.751000000000000334, 2.075277142348034065 ) ) ;
#7988 = SURFACE_SIDE_STYLE ('',( #2359 ) ) ;
#7989 = ORIENTED_EDGE ( 'NONE', *, *, #10732, .T. ) ;
#7990 = FACE_OUTER_BOUND ( 'NONE', #1134, .T. ) ;
#7991 =( NAMED_UNIT ( * ) PLANE_ANGLE_UNIT ( ) SI_UNIT ( $, .RADIAN. ) );
#7992 = EDGE_CURVE ( 'NONE', #5907, #5855, #10896, .T. ) ;
#7993 = DIRECTION ( 'NONE',  ( 0.0000000000000000000, 1.000000000000000000, 0.0000000000000000000 ) ) ;
#7994 = EDGE_CURVE ( 'NONE', #6365, #811, #8952, .T. ) ;
#7995 =( NAMED_UNIT ( * ) SI_UNIT ( $, .STERADIAN. ) SOLID_ANGLE_UNIT ( ) );
#7996 = DIRECTION ( 'NONE',  ( -0.0000000000000000000, -1.000000000000000000, -0.0000000000000000000 ) ) ;
#7997 = CARTESIAN_POINT ( 'NONE',  ( 5.731315518487698490, 4.751000000000000334, 1.947053608294354365 ) ) ;
#7998 = FILL_AREA_STYLE_COLOUR ( '', #9055 ) ;
#7999 = VERTEX_POINT ( 'NONE', #9899 ) ;
#8000 = UNCERTAINTY_MEASURE_WITH_UNIT (LENGTH_MEASURE( 1.000000000000000082E-05 ), #4863, 'distance_accuracy_value', 'NONE');
#8001 = DIRECTION ( 'NONE',  ( 0.0000000000000000000, 0.7071067811865475727, -0.7071067811865475727 ) ) ;
#8002 = FACE_OUTER_BOUND ( 'NONE', #10200, .T. ) ;
#8003 =( NAMED_UNIT ( * ) SI_UNIT ( $, .STERADIAN. ) SOLID_ANGLE_UNIT ( ) );
#8004 = ORIENTED_EDGE ( 'NONE', *, *, #6134, .T. ) ;
#8005 = CARTESIAN_POINT ( 'NONE',  ( 4.436618090650972235, 4.750000000000000000, 2.062125348052995299 ) ) ;
#8006 = LINE ( 'NONE', #3616, #2516 ) ;
#8007 = PRESENTATION_STYLE_ASSIGNMENT (( #3313 ) ) ;
#8008 = EDGE_CURVE ( 'NONE', #6269, #3982, #9837, .T. ) ;
#8009 = EDGE_CURVE ( 'NONE', #11725, #4500, #3347, .T. ) ;
#8010 = ORIENTED_EDGE ( 'NONE', *, *, #191, .T. ) ;
#8011 = CARTESIAN_POINT ( 'NONE',  ( 5.945644884347442982, 4.751000000000000334, 2.532932354128212715 ) ) ;
#8012 = ORIENTED_EDGE ( 'NONE', *, *, #1469, .T. ) ;
#8013 = VECTOR ( 'NONE', #3091, 1000.000000000000000 ) ;
#8014 = VERTEX_POINT ( 'NONE', #10951 ) ;
#8015 = CARTESIAN_POINT ( 'NONE',  ( 7.808526143341535608, 4.750000000000000000, 2.870660180011683327 ) ) ;
#8016 = CARTESIAN_POINT ( 'NONE',  ( 5.073372618235536535, 4.750000000000000000, 2.481255335001208540 ) ) ;
#8017 = CARTESIAN_POINT ( 'NONE',  ( 6.085551493019715430, 4.751000000000000334, 2.488434068809013855 ) ) ;
#8018 = PLANE ( 'NONE',  #7769 ) ;
#8019 = FACE_OUTER_BOUND ( 'NONE', #6883, .T. ) ;
#8020 = EDGE_CURVE ( 'NONE', #3289, #10562, #6612, .T. ) ;
#8021 = ORIENTED_EDGE ( 'NONE', *, *, #10414, .F. ) ;
#8022 = VERTEX_POINT ( 'NONE', #4314 ) ;
#8023 = EDGE_CURVE ( 'NONE', #4846, #4711, #10764, .T. ) ;
#8024 =( NAMED_UNIT ( * ) SI_UNIT ( $, .STERADIAN. ) SOLID_ANGLE_UNIT ( ) );
#8025 = LINE ( 'NONE', #5228, #11978 ) ;
#8026 = FACE_OUTER_BOUND ( 'NONE', #4080, .T. ) ;
#8027 = CARTESIAN_POINT ( 'NONE',  ( 8.486584710475561621, 4.751000000000000334, 2.582649640016943859 ) ) ;
#8028 =( LENGTH_UNIT ( ) NAMED_UNIT ( * ) SI_UNIT ( .MILLI., .METRE. ) );
#8029 = SURFACE_SIDE_STYLE ('',( #11730 ) ) ;
#8030 = LINE ( 'NONE', #4308, #7374 ) ;
#8031 = STYLED_ITEM ( 'NONE', ( #4834 ), #936 ) ;
#8032 = CARTESIAN_POINT ( 'NONE',  ( 4.884489958070044047, 4.750000000000000000, 1.844347701000388140 ) ) ;
#8033 = PRESENTATION_LAYER_ASSIGNMENT (  '', '', ( #12156 ) ) ;
#8034 = SURFACE_STYLE_FILL_AREA ( #5236 ) ;
#8035 = EDGE_LOOP ( 'NONE', ( #8862, #9205, #9457, #109, #6626, #9296, #9758, #149, #12117, #3306, #2125, #9353, #8801, #11562 ) ) ;
#8036 = COLOUR_RGB ( '',0.0000000000000000000, 0.0000000000000000000, 0.0000000000000000000 ) ;
#8037 = FILL_AREA_STYLE ('',( #4081 ) ) ;
#8038 = MECHANICAL_DESIGN_GEOMETRIC_PRESENTATION_REPRESENTATION (  '', ( #2769 ), #6287 ) ;
#8039 = CARTESIAN_POINT ( 'NONE',  ( 5.951886135981641068, 4.750000000000000000, 1.927822292496756962 ) ) ;
#8040 = CARTESIAN_POINT ( 'NONE',  ( 5.945644884347442982, 4.750000000000000000, 2.532932354128212715 ) ) ;
#8041 = ORIENTED_EDGE ( 'NONE', *, *, #6571, .F. ) ;
#8042 = CARTESIAN_POINT ( 'NONE',  ( 4.771091816475728997, 4.751000000000000334, 2.421143489958795580 ) ) ;
#8043 = PLANE ( 'NONE',  #6695 ) ;
#8044 = PRESENTATION_STYLE_ASSIGNMENT (( #5246 ) ) ;
#8045 = CARTESIAN_POINT ( 'NONE',  ( 5.999493410425640327, 4.750000000000000000, 2.490683120358338609 ) ) ;
#8046 = ORIENTED_EDGE ( 'NONE', *, *, #3395, .T. ) ;
#8047 = FILL_AREA_STYLE_COLOUR ( '', #6955 ) ;
#8048 = STYLED_ITEM ( 'NONE', ( #2081 ), #2402 ) ;
#8049 = DIRECTION ( 'NONE',  ( -0.0000000000000000000, -1.000000000000000000, -0.0000000000000000000 ) ) ;
#8050 = VECTOR ( 'NONE', #4178, 1000.000000000000000 ) ;
#8051 = SURFACE_STYLE_FILL_AREA ( #10101 ) ;
#8052 = B_SPLINE_SURFACE_WITH_KNOTS ( 'NONE', 3, 1, ( 
 ( #8524, #5053 ),
 ( #5243, #8769 ),
 ( #8962, #361 ),
 ( #7851, #4194 ) ),
 .UNSPECIFIED., .F., .F., .F.,
 ( 4, 4 ),
 ( 2, 2 ),
 ( 11.00000000000000000, 12.00000000000000000 ),
 ( 0.0000000000000000000, 1.000000000000000000 ),
 .UNSPECIFIED. ) ;
#8053 =( LENGTH_UNIT ( ) NAMED_UNIT ( * ) SI_UNIT ( .MILLI., .METRE. ) );
#8054 = SURFACE_STYLE_USAGE ( .BOTH. , #9851 ) ;
#8055 = CARTESIAN_POINT ( 'NONE',  ( 5.202202696331129417, 4.751000000000000334, 1.707789860221158085 ) ) ;
#8056 = CARTESIAN_POINT ( 'NONE',  ( 5.315956582583631906, 4.751000000000000334, 1.447350896622117356 ) ) ;
#8057 = VERTEX_POINT ( 'NONE', #10892 ) ;
#8058 = EDGE_CURVE ( 'NONE', #2045, #4557, #11, .T. ) ;
#8059 = SURFACE_STYLE_FILL_AREA ( #3547 ) ;
#8060 = STYLED_ITEM ( 'NONE', ( #2966 ), #6306 ) ;
#8061 = VECTOR ( 'NONE', #10623, 1000.000000000000114 ) ;
#8062 = FILL_AREA_STYLE_COLOUR ( '', #3101 ) ;
#8063 = VERTEX_POINT ( 'NONE', #8106 ) ;
#8064 = CARTESIAN_POINT ( 'NONE',  ( 5.904015003649081272, 4.751000000000000334, 2.868227407681360752 ) ) ;
#8065 = PLANE ( 'NONE',  #2156 ) ;
#8066 = ORIENTED_EDGE ( 'NONE', *, *, #12083, .T. ) ;
#8067 = VECTOR ( 'NONE', #6966, 1000.000000000000000 ) ;
#8068 = MECHANICAL_DESIGN_GEOMETRIC_PRESENTATION_REPRESENTATION (  '', ( #6507 ), #8648 ) ;
#8069 = VERTEX_POINT ( 'NONE', #11867 ) ;
#8070 = CARTESIAN_POINT ( 'NONE',  ( 6.110310657974830306, 4.751000000000000334, 1.911269566611054405 ) ) ;
#8071 = EDGE_CURVE ( 'NONE', #8147, #5590, #8365, .T. ) ;
#8072 = FACE_BOUND ( 'NONE', #7296, .T. ) ;
#8073 = CARTESIAN_POINT ( 'NONE',  ( 8.160399998643601549, 4.751000000000000334, 1.680186376287746919 ) ) ;
#8074 = MECHANICAL_DESIGN_GEOMETRIC_PRESENTATION_REPRESENTATION (  '', ( #3603 ), #4169 ) ;
#8076 = DIRECTION ( 'NONE',  ( 0.9999748501857348426, -0.0000000000000000000, 0.007092178509963398096 ) ) ;
#8075 = VECTOR ( 'NONE', #448, 1000.000000000000000 ) ;
#8077 = LINE ( 'NONE', #3445, #3873 ) ;
#8078 = PRESENTATION_STYLE_ASSIGNMENT (( #6026 ) ) ;
#8079 = PLANE ( 'NONE',  #4635 ) ;
#8080 = FILL_AREA_STYLE_COLOUR ( '', #11571 ) ;
#8081 = ORIENTED_EDGE ( 'NONE', *, *, #9077, .T. ) ;
#8082 = ORIENTED_EDGE ( 'NONE', *, *, #6360, .T. ) ;
#8083 = FILL_AREA_STYLE ('',( #1655 ) ) ;
#8084 = COLOUR_RGB ( '',0.0000000000000000000, 0.0000000000000000000, 0.0000000000000000000 ) ;
#8085 = AXIS2_PLACEMENT_3D ( 'NONE', #2776, #1674, #2600 ) ;
#8086 = COLOUR_RGB ( '',0.0000000000000000000, 0.0000000000000000000, 0.0000000000000000000 ) ;
#8087 = B_SPLINE_CURVE_WITH_KNOTS ( 'NONE', 3,
 ( #6610, #4896, #958, #1020 ),
 .UNSPECIFIED., .F., .F.,
 ( 4, 4 ),
 ( 4.000000000000000000, 5.000000000000000000 ),
 .UNSPECIFIED. ) ;
#8088 = COLOUR_RGB ( '',0.8823529411764705621, 0.8823529411764705621, 0.8823529411764705621 ) ;
#8089 = UNCERTAINTY_MEASURE_WITH_UNIT (LENGTH_MEASURE( 1.000000000000000082E-05 ), #2521, 'distance_accuracy_value', 'NONE');
#8090 = EDGE_CURVE ( 'NONE', #9613, #11845, #7984, .T. ) ;
#8091 =( NAMED_UNIT ( * ) SI_UNIT ( $, .STERADIAN. ) SOLID_ANGLE_UNIT ( ) );
#8092 = ADVANCED_FACE ( 'NONE', ( #7070 ), #8834, .T. ) ;
#8093 = CARTESIAN_POINT ( 'NONE',  ( 3.910429938711176501, 4.750000000000000000, 2.051894783472836270 ) ) ;
#8094 = SURFACE_SIDE_STYLE ('',( #7238 ) ) ;
#8095 = CARTESIAN_POINT ( 'NONE',  ( 5.909564986855239788, 4.751000000000000334, 1.994068316072286295 ) ) ;
#8096 = CARTESIAN_POINT ( 'NONE',  ( 7.305648111579486681, 4.750000000000000000, 2.415211233981442440 ) ) ;
#8097 = ORIENTED_EDGE ( 'NONE', *, *, #10811, .T. ) ;
#8098 = CARTESIAN_POINT ( 'NONE',  ( 5.345705999642916595, 4.751000000000000334, 1.449381512223034463 ) ) ;
#8099 = CIRCLE ( 'NONE', #8262, 0.3400000000000000244 ) ;
#8100 = SURFACE_STYLE_USAGE ( .BOTH. , #5293 ) ;
#8101 = VERTEX_POINT ( 'NONE', #918 ) ;
#8102 = UNCERTAINTY_MEASURE_WITH_UNIT (LENGTH_MEASURE( 1.000000000000000082E-05 ), #4070, 'distance_accuracy_value', 'NONE');
#8103 = SURFACE_SIDE_STYLE ('',( #4443 ) ) ;
#8104 = DIRECTION ( 'NONE',  ( -0.9999748501857348426, 0.0000000000000000000, -0.007092178509964535207 ) ) ;
#8105 = AXIS2_PLACEMENT_3D ( 'NONE', #857, #6513, #9148 ) ;
#8106 = CARTESIAN_POINT ( 'NONE',  ( 4.539855585739943855, 4.751000000000000334, 2.862971384531736607 ) ) ;
#8107 = ORIENTED_EDGE ( 'NONE', *, *, #7623, .T. ) ;
#8108 = DIRECTION ( 'NONE',  ( 0.007092178509961665975, -0.0000000000000000000, -0.9999748501857348426 ) ) ;
#8109 = B_SPLINE_CURVE_WITH_KNOTS ( 'NONE', 3,
 ( #10040, #1626, #868, #11188 ),
 .UNSPECIFIED., .F., .F.,
 ( 4, 4 ),
 ( 27.00000000000000000, 28.00000000000000000 ),
 .UNSPECIFIED. ) ;
#8110 = VERTEX_POINT ( 'NONE', #7379 ) ;
#8111 = CARTESIAN_POINT ( 'NONE',  ( 7.810602685323946304, 4.751000000000000334, 3.087578438258134828 ) ) ;
#8112 = PRESENTATION_STYLE_ASSIGNMENT (( #6231 ) ) ;
#8113 =( GEOMETRIC_REPRESENTATION_CONTEXT ( 3 ) GLOBAL_UNCERTAINTY_ASSIGNED_CONTEXT ( ( #5394 ) ) GLOBAL_UNIT_ASSIGNED_CONTEXT ( ( #6497, #9071, #4672 ) ) REPRESENTATION_CONTEXT ( 'NONE', 'WORKASPACE' ) );
#8114 = FILL_AREA_STYLE ('',( #5305 ) ) ;
#8115 = FILL_AREA_STYLE_COLOUR ( '', #8441 ) ;
#8116 = FACE_OUTER_BOUND ( 'NONE', #1444, .T. ) ;
#8117 = B_SPLINE_CURVE_WITH_KNOTS ( 'NONE', 3,
 ( #8686, #6856, #4294, #4233 ),
 .UNSPECIFIED., .F., .F.,
 ( 4, 4 ),
 ( 6.000000000000000000, 7.000000000000000000 ),
 .UNSPECIFIED. ) ;
#8118 = ORIENTED_EDGE ( 'NONE', *, *, #2939, .T. ) ;
#8119 = UNCERTAINTY_MEASURE_WITH_UNIT (LENGTH_MEASURE( 1.000000000000000082E-05 ), #11159, 'distance_accuracy_value', 'NONE');
#8120 = FACE_OUTER_BOUND ( 'NONE', #9586, .T. ) ;
#8121 =( GEOMETRIC_REPRESENTATION_CONTEXT ( 3 ) GLOBAL_UNCERTAINTY_ASSIGNED_CONTEXT ( ( #7245 ) ) GLOBAL_UNIT_ASSIGNED_CONTEXT ( ( #7398, #11140, #4935 ) ) REPRESENTATION_CONTEXT ( 'NONE', 'WORKASPACE' ) );
#8122 = UNCERTAINTY_MEASURE_WITH_UNIT (LENGTH_MEASURE( 1.000000000000000082E-05 ), #3355, 'distance_accuracy_value', 'NONE');
#8123 = SURFACE_SIDE_STYLE ('',( #8059 ) ) ;
#8124 = PRESENTATION_LAYER_ASSIGNMENT (  '', '', ( #1283 ) ) ;
#8125 = SURFACE_STYLE_FILL_AREA ( #1454 ) ;
#8126 = FACE_OUTER_BOUND ( 'NONE', #7459, .T. ) ;
#8127 = VERTEX_POINT ( 'NONE', #9083 ) ;
#8128 = LINE ( 'NONE', #12005, #7207 ) ;
#8129 = DIRECTION ( 'NONE',  ( 0.3492990577959537157, -0.0000000000000000000, 0.9370112956751689426 ) ) ;
#8130 = CARTESIAN_POINT ( 'NONE',  ( -16.78000000000000114, 0.0000000000000000000, 4.750000000000005329 ) ) ;
#8131 =( GEOMETRIC_REPRESENTATION_CONTEXT ( 3 ) GLOBAL_UNCERTAINTY_ASSIGNED_CONTEXT ( ( #7492 ) ) GLOBAL_UNIT_ASSIGNED_CONTEXT ( ( #1473, #11720, #3384 ) ) REPRESENTATION_CONTEXT ( 'NONE', 'WORKASPACE' ) );
#8132 = VERTEX_POINT ( 'NONE', #4622 ) ;
#8133 = EDGE_CURVE ( 'NONE', #2792, #266, #2389, .T. ) ;
#8134 = B_SPLINE_SURFACE_WITH_KNOTS ( 'NONE', 3, 1, ( 
 ( #4955, #8668 ),
 ( #7758, #11524 ),
 ( #3119, #10596 ),
 ( #6838, #9666 ) ),
 .UNSPECIFIED., .F., .F., .F.,
 ( 4, 4 ),
 ( 2, 2 ),
 ( 6.000000000000000000, 7.000000000000000000 ),
 ( 0.0000000000000000000, 1.000000000000000000 ),
 .UNSPECIFIED. ) ;
#8135 = ORIENTED_EDGE ( 'NONE', *, *, #7144, .T. ) ;
#8136 = CARTESIAN_POINT ( 'NONE',  ( 5.614445286366139598, 4.750000000000000000, 1.675620919542373910 ) ) ;
#8137 = CARTESIAN_POINT ( 'NONE',  ( 5.868602513033557067, 4.751000000000000334, 1.942048538271248015 ) ) ;
#8138 = CARTESIAN_POINT ( 'NONE',  ( 4.958226931026218587, 4.750000000000000000, 2.498115009828596023 ) ) ;
#8139 = PRESENTATION_LAYER_ASSIGNMENT (  '', '', ( #10307 ) ) ;
#8140 = CARTESIAN_POINT ( 'NONE',  ( 5.505595151013206845, 4.750000000000000000, 1.611162141450700247 ) ) ;
#8141 = COLOUR_RGB ( '',0.0000000000000000000, 0.0000000000000000000, 0.0000000000000000000 ) ;
#8142 = FILL_AREA_STYLE_COLOUR ( '', #9704 ) ;
#8143 = PLANE ( 'NONE',  #1095 ) ;
#8144 = SURFACE_STYLE_FILL_AREA ( #10068 ) ;
#8145 = ORIENTED_EDGE ( 'NONE', *, *, #7191, .T. ) ;
#8146 = EDGE_CURVE ( 'NONE', #5798, #2321, #3717, .T. ) ;
#8147 = VERTEX_POINT ( 'NONE', #6276 ) ;
#8148 = CARTESIAN_POINT ( 'NONE',  ( 4.885703005539357768, 4.751000000000000334, 1.673311825395795482 ) ) ;
#8149 = CARTESIAN_POINT ( 'NONE',  ( 4.327241686349327487, 4.751000000000000334, 1.687027347546587785 ) ) ;
#8150 = CARTESIAN_POINT ( 'NONE',  ( 8.792746823891690156, 4.750000000000000000, 2.740268381345278836 ) ) ;
#8151 = CARTESIAN_POINT ( 'NONE',  ( 3.825883562409373884, 4.751000000000000334, 1.804346434560163637 ) ) ;
#8152 = CARTESIAN_POINT ( 'NONE',  ( 5.416976395264090804, 4.750000000000000000, 1.974458048948823929 ) ) ;
#8153 = CARTESIAN_POINT ( 'NONE',  ( 7.332772440236989375, 4.750000000000000000, 2.668457728513866645 ) ) ;
#8154 = CARTESIAN_POINT ( 'NONE',  ( 8.024367669542977310, 4.750000000000000000, 2.000962016688119238 ) ) ;
#8155 = VERTEX_POINT ( 'NONE', #3529 ) ;
#8156 = CARTESIAN_POINT ( 'NONE',  ( 6.024229551471425026, 4.750000000000000000, 1.788484420847151313 ) ) ;
#8157 = B_SPLINE_SURFACE_WITH_KNOTS ( 'NONE', 3, 1, ( 
 ( #9596, #3234 ),
 ( #309, #5866 ),
 ( #2053, #1182 ),
 ( #1128, #4939 ) ),
 .UNSPECIFIED., .F., .F., .F.,
 ( 4, 4 ),
 ( 2, 2 ),
 ( 3.000000000000000000, 4.000000000000000000 ),
 ( 0.0000000000000000000, 1.000000000000000000 ),
 .UNSPECIFIED. ) ;
#8158 = VECTOR ( 'NONE', #1152, 1000.000000000000000 ) ;
#8159 = EDGE_CURVE ( 'NONE', #10024, #9921, #11981, .T. ) ;
#8160 = EDGE_CURVE ( 'NONE', #2095, #11347, #4589, .T. ) ;
#8161 = CARTESIAN_POINT ( 'NONE',  ( 4.516208328986168752, 4.751000000000000334, 1.670691237283894681 ) ) ;
#8162 = VERTEX_POINT ( 'NONE', #10265 ) ;
#8163 = PRESENTATION_STYLE_ASSIGNMENT (( #11865 ) ) ;
#8164 =( NAMED_UNIT ( * ) SI_UNIT ( $, .STERADIAN. ) SOLID_ANGLE_UNIT ( ) );
#8165 =( GEOMETRIC_REPRESENTATION_CONTEXT ( 3 ) GLOBAL_UNCERTAINTY_ASSIGNED_CONTEXT ( ( #6234 ) ) GLOBAL_UNIT_ASSIGNED_CONTEXT ( ( #10595, #5881, #3118 ) ) REPRESENTATION_CONTEXT ( 'NONE', 'WORKASPACE' ) );
#8166 = ORIENTED_EDGE ( 'NONE', *, *, #3302, .T. ) ;
#8167 =( NAMED_UNIT ( * ) SI_UNIT ( $, .STERADIAN. ) SOLID_ANGLE_UNIT ( ) );
#8168 = FILL_AREA_STYLE ('',( #4448 ) ) ;
#8169 =( NAMED_UNIT ( * ) SI_UNIT ( $, .STERADIAN. ) SOLID_ANGLE_UNIT ( ) );
#8170 = SURFACE_STYLE_FILL_AREA ( #4451 ) ;
#8171 = ORIENTED_EDGE ( 'NONE', *, *, #7293, .T. ) ;
#8172 =( NAMED_UNIT ( * ) PLANE_ANGLE_UNIT ( ) SI_UNIT ( $, .RADIAN. ) );
#8173 = PRESENTATION_LAYER_ASSIGNMENT (  '', '', ( #11324 ) ) ;
#8174 = EDGE_CURVE ( 'NONE', #9347, #7556, #10855, .T. ) ;
#8175 = CARTESIAN_POINT ( 'NONE',  ( 5.315956582583631906, 4.750000000000000000, 1.447350896622117356 ) ) ;
#8176 = PLANE ( 'NONE',  #808 ) ;
#8177 = EDGE_CURVE ( 'NONE', #9906, #8188, #9144, .T. ) ;
#8178 = LINE ( 'NONE', #6412, #11628 ) ;
#8179 = VECTOR ( 'NONE', #1933, 1000.000000000000114 ) ;
#8180 = CARTESIAN_POINT ( 'NONE',  ( 5.504074232833599645, 4.750000000000000000, 1.825606818309852608 ) ) ;
#8181 = VERTEX_POINT ( 'NONE', #3658 ) ;
#8182 = FILL_AREA_STYLE ('',( #931 ) ) ;
#8183 = FACE_OUTER_BOUND ( 'NONE', #2601, .T. ) ;
#8184 = FILL_AREA_STYLE_COLOUR ( '', #3644 ) ;
#8185 = ORIENTED_EDGE ( 'NONE', *, *, #43, .F. ) ;
#8186 =( LENGTH_UNIT ( ) NAMED_UNIT ( * ) SI_UNIT ( .MILLI., .METRE. ) );
#8187 = CARTESIAN_POINT ( 'NONE',  ( 5.801078790548504394, 4.751000000000000334, 2.886213460521970475 ) ) ;
#8188 = VERTEX_POINT ( 'NONE', #9327 ) ;
#8189 = ORIENTED_EDGE ( 'NONE', *, *, #10067, .T. ) ;
#8190 = CARTESIAN_POINT ( 'NONE',  ( 7.556228387931413160, 4.750000000000000000, 1.744587548815732525 ) ) ;
#8191 =( NAMED_UNIT ( * ) SI_UNIT ( $, .STERADIAN. ) SOLID_ANGLE_UNIT ( ) );
#8192 = CARTESIAN_POINT ( 'NONE',  ( 7.556228387931413160, 4.750000000000000000, 1.744587548815732525 ) ) ;
#8193 = CARTESIAN_POINT ( 'NONE',  ( 5.317658825195752392, 4.750000000000000000, 2.874986493105841312 ) ) ;
#8194 = CARTESIAN_POINT ( 'NONE',  ( 5.470176060073355551, 4.751000000000000334, 1.620528939233694121 ) ) ;
#8195 = CARTESIAN_POINT ( 'NONE',  ( 8.850636211324955482, 4.751000000000000334, 2.223725738735952362 ) ) ;
#8196 = SURFACE_STYLE_FILL_AREA ( #3572 ) ;
#8197 = VECTOR ( 'NONE', #4611, 1000.000000000000000 ) ;
#8198 = CARTESIAN_POINT ( 'NONE',  ( 7.421708908919367964, 4.750000000000000000, 1.852085253997889147 ) ) ;
#8199 = ORIENTED_EDGE ( 'NONE', *, *, #5653, .T. ) ;
#8200 = EDGE_LOOP ( 'NONE', ( #4175, #4486, #1205, #5128 ) ) ;
#8201 = LINE ( 'NONE', #901, #2406 ) ;
#8202 = CARTESIAN_POINT ( 'NONE',  ( 4.290860286402125467, 4.751000000000000334, 1.722121975943186500 ) ) ;
#8203 = DIRECTION ( 'NONE',  ( 0.9999748501857348426, -0.0000000000000000000, 0.007092178509964095455 ) ) ;
#8204 = CARTESIAN_POINT ( 'NONE',  ( 8.301841673013029776, 4.751000000000000334, 1.616118361597241870 ) ) ;
#8205 =( NAMED_UNIT ( * ) SI_UNIT ( $, .STERADIAN. ) SOLID_ANGLE_UNIT ( ) );
#8206 = CARTESIAN_POINT ( 'NONE',  ( 7.127134631112414631, 4.750000000000000000, 2.609158316483524143 ) ) ;
#8207 = ADVANCED_FACE ( 'NONE', ( #744 ), #10022, .F. ) ;
#8208 = SURFACE_STYLE_FILL_AREA ( #678 ) ;
#8209 = DIRECTION ( 'NONE',  ( 0.9999748501857348426, -0.0000000000000000000, 0.007092178509968146902 ) ) ;
#8210 = LINE ( 'NONE', #1728, #11297 ) ;
#8211 = ADVANCED_FACE ( 'NONE', ( #6687 ), #10925, .T. ) ;
#8212 = COLOUR_RGB ( '',0.0000000000000000000, 0.0000000000000000000, 0.0000000000000000000 ) ;
#8213 = SURFACE_STYLE_FILL_AREA ( #3525 ) ;
#8214 = ORIENTED_EDGE ( 'NONE', *, *, #9363, .T. ) ;
#8215 = UNCERTAINTY_MEASURE_WITH_UNIT (LENGTH_MEASURE( 1.000000000000000082E-05 ), #4791, 'distance_accuracy_value', 'NONE');
#8216 = CARTESIAN_POINT ( 'NONE',  ( 5.466797839095709932, 4.750000000000000000, 1.712005977553587632 ) ) ;
#8217 = EDGE_LOOP ( 'NONE', ( #10935, #1315, #10548, #7695 ) ) ;
#8218 = SURFACE_STYLE_USAGE ( .BOTH. , #558 ) ;
#8219 = MECHANICAL_DESIGN_GEOMETRIC_PRESENTATION_REPRESENTATION (  '', ( #8031 ), #7445 ) ;
#8220 = EDGE_CURVE ( 'NONE', #3390, #426, #4864, .T. ) ;
#8221 = CARTESIAN_POINT ( 'NONE',  ( 7.259039443439512240, 4.750000000000000000, 1.850931544094996051 ) ) ;
#8222 = EDGE_CURVE ( 'NONE', #102, #11737, #8699, .T. ) ;
#8223 = COLOUR_RGB ( '',0.8823529411764705621, 0.8823529411764705621, 0.8823529411764705621 ) ;
#8224 = PRESENTATION_STYLE_ASSIGNMENT (( #9203 ) ) ;
#8225 = PLANE ( 'NONE',  #8710 ) ;
#8226 = ORIENTED_EDGE ( 'NONE', *, *, #1173, .T. ) ;
#8227 = CARTESIAN_POINT ( 'NONE',  ( 7.556228387931413160, 4.750000000000000000, 1.744587548815732525 ) ) ;
#8228 = B_SPLINE_SURFACE_WITH_KNOTS ( 'NONE', 3, 1, ( 
 ( #3429, #7033 ),
 ( #5265, #7163 ),
 ( #10913, #9981 ),
 ( #1567, #7213 ) ),
 .UNSPECIFIED., .F., .F., .F.,
 ( 4, 4 ),
 ( 2, 2 ),
 ( 14.00000000000000000, 15.00000000000000000 ),
 ( 0.0000000000000000000, 1.000000000000000000 ),
 .UNSPECIFIED. ) ;
#8229 = DIRECTION ( 'NONE',  ( -0.0000000000000000000, -1.000000000000000000, -0.0000000000000000000 ) ) ;
#8230 = PRESENTATION_LAYER_ASSIGNMENT (  '', '', ( #11781 ) ) ;
#8231 = FILL_AREA_STYLE ('',( #11880 ) ) ;
#8232 = CARTESIAN_POINT ( 'NONE',  ( 5.509505154144900274, 4.750000000000000000, 1.939501691646833503 ) ) ;
#8233 = VERTEX_POINT ( 'NONE', #10561 ) ;
#8234 = UNCERTAINTY_MEASURE_WITH_UNIT (LENGTH_MEASURE( 1.000000000000000082E-05 ), #3741, 'distance_accuracy_value', 'NONE');
#8235 = ADVANCED_FACE ( 'NONE', ( #3019 ), #1190, .F. ) ;
#8236 = FILL_AREA_STYLE ('',( #2795 ) ) ;
#8237 = EDGE_CURVE ( 'NONE', #7034, #6547, #3145, .T. ) ;
#8238 = CARTESIAN_POINT ( 'NONE',  ( 5.614445286366139598, 4.751000000000000334, 1.675620919542373910 ) ) ;
#8239 = PRESENTATION_LAYER_ASSIGNMENT (  '', '', ( #2766 ) ) ;
#8240 = CARTESIAN_POINT ( 'NONE',  ( 4.992944582177305080, 4.750000000000000000, 2.422716948948281601 ) ) ;
#8241 = ORIENTED_EDGE ( 'NONE', *, *, #5787, .F. ) ;
#8242 = COLOUR_RGB ( '',0.0000000000000000000, 0.0000000000000000000, 0.0000000000000000000 ) ;
#8243 = SURFACE_STYLE_FILL_AREA ( #1459 ) ;
#8244 = VECTOR ( 'NONE', #3406, 1000.000000000000000 ) ;
#8245 = CARTESIAN_POINT ( 'NONE',  ( 8.295380826456906220, 4.750000000000000000, 2.527067671165228457 ) ) ;
#8246 = ORIENTED_EDGE ( 'NONE', *, *, #862, .F. ) ;
#8247 = ORIENTED_EDGE ( 'NONE', *, *, #10076, .T. ) ;
#8248 = PRESENTATION_LAYER_ASSIGNMENT (  '', '', ( #9 ) ) ;
#8249 = CARTESIAN_POINT ( 'NONE',  ( 5.645215970810377293, 4.750000000000000000, 1.863520180253583902 ) ) ;
#8250 = DIRECTION ( 'NONE',  ( 0.0000000000000000000, 0.0000000000000000000, -1.000000000000000000 ) ) ;
#8251 = FACE_OUTER_BOUND ( 'NONE', #1490, .T. ) ;
#8252 = PRESENTATION_STYLE_ASSIGNMENT (( #11903 ) ) ;
#8253 = CARTESIAN_POINT ( 'NONE',  ( 5.931474049120690317, 4.751000000000000334, 1.782107753354527757 ) ) ;
#8254 = LINE ( 'NONE', #12024, #4975 ) ;
#8255 = B_SPLINE_CURVE_WITH_KNOTS ( 'NONE', 3,
 ( #1452, #5262, #11696, #5314 ),
 .UNSPECIFIED., .F., .F.,
 ( 4, 4 ),
 ( 23.00000000000000000, 24.00000000000000000 ),
 .UNSPECIFIED. ) ;
#8256 = MECHANICAL_DESIGN_GEOMETRIC_PRESENTATION_REPRESENTATION (  '', ( #6892 ), #8438 ) ;
#8257 = MECHANICAL_DESIGN_GEOMETRIC_PRESENTATION_REPRESENTATION (  '', ( #634 ), #6697 ) ;
#8258 = ORIENTED_EDGE ( 'NONE', *, *, #8421, .F. ) ;
#8259 = ORIENTED_EDGE ( 'NONE', *, *, #6600, .F. ) ;
#8260 = CARTESIAN_POINT ( 'NONE',  ( 5.912141280760506490, 4.751000000000000334, 1.942357330750144939 ) ) ;
#8261 = B_SPLINE_CURVE_WITH_KNOTS ( 'NONE', 3,
 ( #9875, #2197, #11598, #2334 ),
 .UNSPECIFIED., .F., .F.,
 ( 4, 4 ),
 ( 11.00000000000000000, 12.00000000000000000 ),
 .UNSPECIFIED. ) ;
#8262 = AXIS2_PLACEMENT_3D ( 'NONE', #3260, #1068, #1939 ) ;
#8263 = FACE_OUTER_BOUND ( 'NONE', #6262, .T. ) ;
#8264 = VECTOR ( 'NONE', #7996, 1000.000000000000000 ) ;
#8265 = SURFACE_SIDE_STYLE ('',( #5358 ) ) ;
#8266 = CARTESIAN_POINT ( 'NONE',  ( 5.994523315392167540, 4.751000000000000334, 2.678328894709728125 ) ) ;
#8267 = DIRECTION ( 'NONE',  ( 0.0000000000000000000, 0.0000000000000000000, 1.000000000000000000 ) ) ;
#8268 =( NAMED_UNIT ( * ) PLANE_ANGLE_UNIT ( ) SI_UNIT ( $, .RADIAN. ) );
#8269 =( NAMED_UNIT ( * ) SI_UNIT ( $, .STERADIAN. ) SOLID_ANGLE_UNIT ( ) );
#8270 = PRESENTATION_LAYER_ASSIGNMENT (  '', '', ( #12016 ) ) ;
#8271 = VECTOR ( 'NONE', #110, 1000.000000000000000 ) ;
#8272 = AXIS2_PLACEMENT_3D ( 'NONE', #10828, #2478, #7142 ) ;
#8273 = MECHANICAL_DESIGN_GEOMETRIC_PRESENTATION_REPRESENTATION (  '', ( #8060 ), #19 ) ;
#8274 = VERTEX_POINT ( 'NONE', #1483 ) ;
#8275 = EDGE_CURVE ( 'NONE', #3598, #6269, #3578, .T. ) ;
#8276 = LINE ( 'NONE', #3655, #6366 ) ;
#8277 = CARTESIAN_POINT ( 'NONE',  ( 5.315956582583631906, 4.751000000000000334, 1.447350896622117356 ) ) ;
#8278 =( LENGTH_UNIT ( ) NAMED_UNIT ( * ) SI_UNIT ( .MILLI., .METRE. ) );
#8279 = DIRECTION ( 'NONE',  ( 3.965082230804128741E-16, 0.0000000000000000000, 1.000000000000000000 ) ) ;
#8280 = ORIENTED_EDGE ( 'NONE', *, *, #9878, .T. ) ;
#8281 = CARTESIAN_POINT ( 'NONE',  ( 8.024367669542977310, 4.751000000000000334, 2.000962016688119238 ) ) ;
#8282 = DIRECTION ( 'NONE',  ( 0.0000000000000000000, 0.0000000000000000000, -1.000000000000000000 ) ) ;
#8283 = SURFACE_STYLE_USAGE ( .BOTH. , #5491 ) ;
#8284 = MECHANICAL_DESIGN_GEOMETRIC_PRESENTATION_REPRESENTATION (  '', ( #6156 ), #9065 ) ;
#8285 = PRESENTATION_LAYER_ASSIGNMENT (  '', '', ( #3301 ) ) ;
#8286 =( LENGTH_UNIT ( ) NAMED_UNIT ( * ) SI_UNIT ( .MILLI., .METRE. ) );
#8287 = FACE_OUTER_BOUND ( 'NONE', #4659, .T. ) ;
#8288 = VERTEX_POINT ( 'NONE', #5968 ) ;
#8289 =( LENGTH_UNIT ( ) NAMED_UNIT ( * ) SI_UNIT ( .MILLI., .METRE. ) );
#8290 = SURFACE_STYLE_USAGE ( .BOTH. , #4574 ) ;
#8291 = VECTOR ( 'NONE', #2304, 1000.000000000000000 ) ;
#8292 = EDGE_CURVE ( 'NONE', #2690, #6753, #9102, .T. ) ;
#8293 = CARTESIAN_POINT ( 'NONE',  ( 5.909564986855239788, 4.750000000000000000, 1.994068316072286295 ) ) ;
#8294 =( GEOMETRIC_REPRESENTATION_CONTEXT ( 3 ) GLOBAL_UNCERTAINTY_ASSIGNED_CONTEXT ( ( #6594 ) ) GLOBAL_UNIT_ASSIGNED_CONTEXT ( ( #6069, #9793, #7756 ) ) REPRESENTATION_CONTEXT ( 'NONE', 'WORKASPACE' ) );
#8295 = CARTESIAN_POINT ( 'NONE',  ( 5.960080507932782545, 4.750000000000000000, 1.725382462917125492 ) ) ;
#8296 = CARTESIAN_POINT ( 'NONE',  ( 5.008779282236432984, 4.751000000000000334, 2.480797216010141248 ) ) ;
#8297 = FILL_AREA_STYLE ('',( #3726 ) ) ;
#8298 = ORIENTED_EDGE ( 'NONE', *, *, #6886, .T. ) ;
#8299 =( NAMED_UNIT ( * ) SI_UNIT ( $, .STERADIAN. ) SOLID_ANGLE_UNIT ( ) );
#8300 = LINE ( 'NONE', #7397, #3697 ) ;
#8301 = SURFACE_STYLE_FILL_AREA ( #8411 ) ;
#8302 = EDGE_LOOP ( 'NONE', ( #7533, #3434, #6052, #8782 ) ) ;
#8303 = PRESENTATION_STYLE_ASSIGNMENT (( #5628 ) ) ;
#8304 =( NAMED_UNIT ( * ) PLANE_ANGLE_UNIT ( ) SI_UNIT ( $, .RADIAN. ) );
#8305 = SURFACE_STYLE_FILL_AREA ( #10051 ) ;
#8306 = ORIENTED_EDGE ( 'NONE', *, *, #8988, .F. ) ;
#8307 = UNCERTAINTY_MEASURE_WITH_UNIT (LENGTH_MEASURE( 1.000000000000000082E-05 ), #7267, 'distance_accuracy_value', 'NONE');
#8308 = EDGE_CURVE ( 'NONE', #5691, #9674, #4364, .T. ) ;
#8309 = EDGE_CURVE ( 'NONE', #3219, #943, #4244, .T. ) ;
#8310 = EDGE_CURVE ( 'NONE', #3139, #1478, #7055, .T. ) ;
#8311 = EDGE_LOOP ( 'NONE', ( #5298, #6539, #1940, #2183 ) ) ;
#8312 =( GEOMETRIC_REPRESENTATION_CONTEXT ( 3 ) GLOBAL_UNCERTAINTY_ASSIGNED_CONTEXT ( ( #12149 ) ) GLOBAL_UNIT_ASSIGNED_CONTEXT ( ( #8981, #7093, #2439 ) ) REPRESENTATION_CONTEXT ( 'NONE', 'WORKASPACE' ) );
#8313 = LINE ( 'NONE', #2568, #3397 ) ;
#8314 =( LENGTH_UNIT ( ) NAMED_UNIT ( * ) SI_UNIT ( .MILLI., .METRE. ) );
#8315 = VECTOR ( 'NONE', #843, 1000.000000000000000 ) ;
#8316 = FILL_AREA_STYLE_COLOUR ( '', #93 ) ;
#8317 = LINE ( 'NONE', #11094, #4656 ) ;
#8318 =( NAMED_UNIT ( * ) PLANE_ANGLE_UNIT ( ) SI_UNIT ( $, .RADIAN. ) );
#8319 = ORIENTED_EDGE ( 'NONE', *, *, #10350, .F. ) ;
#8320 = CARTESIAN_POINT ( 'NONE',  ( 3.682624594497005965, 4.751000000000000334, 1.606811202230409075 ) ) ;
#8321 = CARTESIAN_POINT ( 'NONE',  ( 4.686258784649957043, 4.750000000000000000, 2.122383742697642628 ) ) ;
#8322 = VECTOR ( 'NONE', #4322, 1000.000000000000000 ) ;
#8323 = CARTESIAN_POINT ( 'NONE',  ( 3.996529538601966358, 4.751000000000000334, 1.805556716723700106 ) ) ;
#8324 = SURFACE_STYLE_USAGE ( .BOTH. , #2700 ) ;
#8325 = FILL_AREA_STYLE ('',( #1650 ) ) ;
#8326 = VERTEX_POINT ( 'NONE', #3396 ) ;
#8327 = CARTESIAN_POINT ( 'NONE',  ( 5.556418455773386889, 4.750000000000000000, 1.848853311688531287 ) ) ;
#8328 =( GEOMETRIC_REPRESENTATION_CONTEXT ( 3 ) GLOBAL_UNCERTAINTY_ASSIGNED_CONTEXT ( ( #12040 ) ) GLOBAL_UNIT_ASSIGNED_CONTEXT ( ( #8289, #4989, #53 ) ) REPRESENTATION_CONTEXT ( 'NONE', 'WORKASPACE' ) );
#8329 = CARTESIAN_POINT ( 'NONE',  ( 5.509505154144900274, 4.750000000000000000, 1.939501691646833503 ) ) ;
#8330 = B_SPLINE_SURFACE_WITH_KNOTS ( 'NONE', 3, 1, ( 
 ( #6098, #10757 ),
 ( #6808, #10565 ),
 ( #7727, #3277 ),
 ( #7006, #3149 ) ),
 .UNSPECIFIED., .F., .F., .F.,
 ( 4, 4 ),
 ( 2, 2 ),
 ( 19.00000000000000000, 20.00000000000000000 ),
 ( 0.0000000000000000000, 1.000000000000000000 ),
 .UNSPECIFIED. ) ;
#8331 = PRESENTATION_LAYER_ASSIGNMENT (  '', '', ( #3263 ) ) ;
#8332 = SURFACE_SIDE_STYLE ('',( #12089 ) ) ;
#8333 = CARTESIAN_POINT ( 'NONE',  ( 5.442876645918871326, 4.750000000000000000, 1.639571327278545931 ) ) ;
#8334 = PLANE ( 'NONE',  #9024 ) ;
#8335 = CARTESIAN_POINT ( 'NONE',  ( 4.244484384566872492, 4.751000000000000334, 1.682021320945930931 ) ) ;
#8336 = FILL_AREA_STYLE ('',( #4673 ) ) ;
#8337 = CARTESIAN_POINT ( 'NONE',  ( 5.983789694333044196, 4.750000000000000000, 1.827709401482467300 ) ) ;
#8338 = VECTOR ( 'NONE', #1780, 1000.000000000000114 ) ;
#8339 = ORIENTED_EDGE ( 'NONE', *, *, #954, .T. ) ;
#8340 = FILL_AREA_STYLE_COLOUR ( '', #5396 ) ;
#8341 = UNCERTAINTY_MEASURE_WITH_UNIT (LENGTH_MEASURE( 1.000000000000000082E-05 ), #1905, 'distance_accuracy_value', 'NONE');
#8342 = CARTESIAN_POINT ( 'NONE',  ( 4.377794037559535667, 4.750000000000000000, 1.669709553731607787 ) ) ;
#8343 = CARTESIAN_POINT ( 'NONE',  ( 4.549985602116449535, 4.751000000000000334, 2.827430625937853215 ) ) ;
#8344 = ORIENTED_EDGE ( 'NONE', *, *, #6517, .F. ) ;
#8345 = CARTESIAN_POINT ( 'NONE',  ( 7.121289439193951409, 4.750000000000000000, 2.413903696482698535 ) ) ;
#8346 = CARTESIAN_POINT ( 'NONE',  ( 4.235485328940698402, 4.751000000000000334, 1.869638520470928267 ) ) ;
#8347 = PLANE ( 'NONE',  #1255 ) ;
#8348 = PRESENTATION_STYLE_ASSIGNMENT (( #3777 ) ) ;
#8349 = ORIENTED_EDGE ( 'NONE', *, *, #9504, .T. ) ;
#8350 = CARTESIAN_POINT ( 'NONE',  ( 16.78000000000000114, 0.0000000000000000000, 4.750000000000005329 ) ) ;
#8351 = FILL_AREA_STYLE ('',( #3724 ) ) ;
#8352 = FILL_AREA_STYLE ('',( #8115 ) ) ;
#8353 = B_SPLINE_CURVE_WITH_KNOTS ( 'NONE', 3,
 ( #9891, #11793, #6154, #8951 ),
 .UNSPECIFIED., .F., .F.,
 ( 4, 4 ),
 ( 4.000000000000000000, 5.000000000000000000 ),
 .UNSPECIFIED. ) ;
#8354 =( NAMED_UNIT ( * ) PLANE_ANGLE_UNIT ( ) SI_UNIT ( $, .RADIAN. ) );
#8355 = CARTESIAN_POINT ( 'NONE',  ( 5.881095909275361855, 4.750000000000000000, 1.793188078342175196 ) ) ;
#8356 = ORIENTED_EDGE ( 'NONE', *, *, #11918, .F. ) ;
#8357 = CARTESIAN_POINT ( 'NONE',  ( 5.645057426612244633, 4.751000000000000334, 1.885874413237700553 ) ) ;
#8358 = CARTESIAN_POINT ( 'NONE',  ( 7.456831887810671411, 4.751000000000000334, 3.016383252325527398 ) ) ;
#8359 = MECHANICAL_DESIGN_GEOMETRIC_PRESENTATION_REPRESENTATION (  '', ( #12098 ), #319 ) ;
#8360 = LINE ( 'NONE', #3732, #2306 ) ;
#8361 = CARTESIAN_POINT ( 'NONE',  ( 5.893434448391693614, 4.751000000000000334, 1.666161985511055210 ) ) ;
#8362 = ORIENTED_EDGE ( 'NONE', *, *, #5618, .F. ) ;
#8363 = ADVANCED_FACE ( 'NONE', ( #8026, #10812 ), #6095, .T. ) ;
#8364 = MECHANICAL_DESIGN_GEOMETRIC_PRESENTATION_REPRESENTATION (  '', ( #9348 ), #10152 ) ;
#8365 = B_SPLINE_CURVE_WITH_KNOTS ( 'NONE', 3,
 ( #3472, #6051, #9775, #1376 ),
 .UNSPECIFIED., .F., .F.,
 ( 4, 4 ),
 ( 4.000000000000000000, 5.000000000000000000 ),
 .UNSPECIFIED. ) ;
#8366 = CARTESIAN_POINT ( 'NONE',  ( 5.868602513033557067, 4.751000000000000334, 1.942048538271248015 ) ) ;
#8367 = EDGE_LOOP ( 'NONE', ( #1191, #9558, #7855, #3275 ) ) ;
#8368 = COLOUR_RGB ( '',0.7921568627450980005, 0.8196078431372548767, 0.9333333333333333481 ) ;
#8369 = ORIENTED_EDGE ( 'NONE', *, *, #8374, .T. ) ;
#8370 = SURFACE_STYLE_USAGE ( .BOTH. , #9357 ) ;
#8371 = CARTESIAN_POINT ( 'NONE',  ( 5.627399508885816637, 4.750000000000000000, 1.828301107298216266 ) ) ;
#8372 = CARTESIAN_POINT ( 'NONE',  ( 5.320508165666915978, 4.750000000000000000, 1.501971841575278299 ) ) ;
#8373 = ORIENTED_EDGE ( 'NONE', *, *, #4693, .F. ) ;
#8374 = EDGE_CURVE ( 'NONE', #1752, #740, #6206, .T. ) ;
#8375 = CARTESIAN_POINT ( 'NONE',  ( 5.083817024422867981, 4.751000000000000334, 1.979893544294149654 ) ) ;
#8376 = EDGE_CURVE ( 'NONE', #4440, #2661, #5284, .T. ) ;
#8377 = LINE ( 'NONE', #4840, #9905 ) ;
#8378 = FACE_OUTER_BOUND ( 'NONE', #8515, .T. ) ;
#8379 = VERTEX_POINT ( 'NONE', #4117 ) ;
#8380 = CARTESIAN_POINT ( 'NONE',  ( 5.470176060073355551, 4.751000000000000334, 1.620528939233694121 ) ) ;
#8381 = CARTESIAN_POINT ( 'NONE',  ( 9.079450370396346059, 4.750000000000000000, 2.073515933457894533 ) ) ;
#8382 = SURFACE_STYLE_FILL_AREA ( #3815 ) ;
#8383 = CARTESIAN_POINT ( 'NONE',  ( 5.401380459378324339, 4.751000000000000334, 1.717780718550358188 ) ) ;
#8384 = FACE_OUTER_BOUND ( 'NONE', #7673, .T. ) ;
#8385 = PLANE ( 'NONE',  #4991 ) ;
#8386 = EDGE_CURVE ( 'NONE', #4154, #4844, #7002, .T. ) ;
#8387 = DIRECTION ( 'NONE',  ( 0.007092178509968146902, 0.0000000000000000000, -0.9999748501857348426 ) ) ;
#8388 = PLANE ( 'NONE',  #9479 ) ;
#8389 = EDGE_CURVE ( 'NONE', #2223, #6909, #2277, .T. ) ;
#8390 = ORIENTED_EDGE ( 'NONE', *, *, #4197, .F. ) ;
#8391 = EDGE_CURVE ( 'NONE', #7621, #3983, #1641, .T. ) ;
#8392 = CARTESIAN_POINT ( 'NONE',  ( 4.987519092845790425, 4.751000000000000334, 2.931132878053961832 ) ) ;
#8393 = SURFACE_STYLE_USAGE ( .BOTH. , #4679 ) ;
#8394 = SURFACE_SIDE_STYLE ('',( #6401 ) ) ;
#8395 = ORIENTED_EDGE ( 'NONE', *, *, #11544, .F. ) ;
#8396 = SURFACE_STYLE_USAGE ( .BOTH. , #2144 ) ;
#8397 = CARTESIAN_POINT ( 'NONE',  ( 6.042704028533234961, 4.750000000000000000, 2.537259976450128462 ) ) ;
#8398 = FILL_AREA_STYLE ('',( #11068 ) ) ;
#8399 = ORIENTED_EDGE ( 'NONE', *, *, #363, .T. ) ;
#8400 = AXIS2_PLACEMENT_3D ( 'NONE', #4942, #8653, #2305 ) ;
#8401 = B_SPLINE_CURVE_WITH_KNOTS ( 'NONE', 3,
 ( #9343, #1870, #6354, #9283 ),
 .UNSPECIFIED., .F., .F.,
 ( 4, 4 ),
 ( 6.000000000000000000, 7.000000000000000000 ),
 .UNSPECIFIED. ) ;
#8402 = FACE_OUTER_BOUND ( 'NONE', #10750, .T. ) ;
#8403 = FILL_AREA_STYLE_COLOUR ( '', #5561 ) ;
#8404 = MECHANICAL_DESIGN_GEOMETRIC_PRESENTATION_REPRESENTATION (  '', ( #4712 ), #3932 ) ;
#8405 = FILL_AREA_STYLE ('',( #2791 ) ) ;
#8406 = ORIENTED_EDGE ( 'NONE', *, *, #12017, .T. ) ;
#8407 = CARTESIAN_POINT ( 'NONE',  ( 8.450051506341306862, 4.751000000000000334, 2.126893105300002418 ) ) ;
#8408 = CARTESIAN_POINT ( 'NONE',  ( 6.996230106470864740, 4.751000000000000334, 1.697235245338857057 ) ) ;
#8409 = B_SPLINE_CURVE_WITH_KNOTS ( 'NONE', 3,
 ( #5015, #11886, #649, #11755 ),
 .UNSPECIFIED., .F., .F.,
 ( 4, 4 ),
 ( 3.000000000000000000, 4.000000000000000000 ),
 .UNSPECIFIED. ) ;
#8410 = DIRECTION ( 'NONE',  ( 0.0000000000000000000, -1.000000000000000000, 0.0000000000000000000 ) ) ;
#8411 = FILL_AREA_STYLE ('',( #5568 ) ) ;
#8412 = EDGE_LOOP ( 'NONE', ( #2555, #2445, #1784, #4284 ) ) ;
#8413 = CARTESIAN_POINT ( 'NONE',  ( 7.443372478218416077, 4.750000000000000000, 1.855853903444935948 ) ) ;
#8414 = FILL_AREA_STYLE_COLOUR ( '', #1708 ) ;
#8415 = STYLED_ITEM ( 'NONE', ( #5501 ), #1111 ) ;
#8416 = CARTESIAN_POINT ( 'NONE',  ( 7.259039443439511352, 4.750000000000000000, 1.850931544094996051 ) ) ;
#8417 = ORIENTED_EDGE ( 'NONE', *, *, #9909, .T. ) ;
#8418 = B_SPLINE_SURFACE_WITH_KNOTS ( 'NONE', 3, 1, ( 
 ( #1214, #8016 ),
 ( #11656, #1470 ),
 ( #8867, #8138 ),
 ( #5212, #8928 ) ),
 .UNSPECIFIED., .F., .F., .F.,
 ( 4, 4 ),
 ( 2, 2 ),
 ( 2.000000000000000000, 3.000000000000000000 ),
 ( 0.0000000000000000000, 1.000000000000000000 ),
 .UNSPECIFIED. ) ;
#8419 = CARTESIAN_POINT ( 'NONE',  ( 8.442386016479979105, 4.751000000000000334, 1.678571180176002597 ) ) ;
#8420 = ORIENTED_EDGE ( 'NONE', *, *, #8690, .T. ) ;
#8421 = EDGE_CURVE ( 'NONE', #4584, #3689, #5765, .T. ) ;
#8422 = CARTESIAN_POINT ( 'NONE',  ( 5.825310698065924164, 4.750000000000000000, 2.420042167947327183 ) ) ;
#8423 = DIRECTION ( 'NONE',  ( 0.0000000000000000000, -0.0000000000000000000, -1.000000000000000000 ) ) ;
#8424 = PRESENTATION_LAYER_ASSIGNMENT (  '', '', ( #793 ) ) ;
#8425 = COLOUR_RGB ( '',0.0000000000000000000, 0.0000000000000000000, 0.0000000000000000000 ) ;
#8426 = CARTESIAN_POINT ( 'NONE',  ( 5.254901820486773900, 4.750000000000000000, 1.552715903246769891 ) ) ;
#8427 = ORIENTED_EDGE ( 'NONE', *, *, #11833, .F. ) ;
#8428 = CARTESIAN_POINT ( 'NONE',  ( 6.908806553402303763, 4.751000000000000334, 1.790606681095846975 ) ) ;
#8429 = DIRECTION ( 'NONE',  ( 0.007092178509958225151, 0.0000000000000000000, -0.9999748501857349536 ) ) ;
#8430 = SURFACE_STYLE_USAGE ( .BOTH. , #2937 ) ;
#8431 = ORIENTED_EDGE ( 'NONE', *, *, #11932, .T. ) ;
#8432 = LINE ( 'NONE', #11221, #1426 ) ;
#8433 = EDGE_CURVE ( 'NONE', #11567, #10158, #5165, .T. ) ;
#8434 = DIRECTION ( 'NONE',  ( 0.9422431202207726120, 0.0000000000000000000, -0.3349296976928480829 ) ) ;
#8435 =( LENGTH_UNIT ( ) NAMED_UNIT ( * ) SI_UNIT ( .MILLI., .METRE. ) );
#8436 = CARTESIAN_POINT ( 'NONE',  ( 7.443372478218416077, 4.751000000000000334, 1.855853903444935948 ) ) ;
#8437 = SURFACE_SIDE_STYLE ('',( #10255 ) ) ;
#8438 =( GEOMETRIC_REPRESENTATION_CONTEXT ( 3 ) GLOBAL_UNCERTAINTY_ASSIGNED_CONTEXT ( ( #6275 ) ) GLOBAL_UNIT_ASSIGNED_CONTEXT ( ( #8471, #11377, #10458 ) ) REPRESENTATION_CONTEXT ( 'NONE', 'WORKASPACE' ) );
#8439 = CARTESIAN_POINT ( 'NONE',  ( 5.333239157737539315, 4.750000000000000000, 2.712370787945379558 ) ) ;
#8440 = STYLED_ITEM ( 'NONE', ( #10335 ), #6274 ) ;
#8441 = COLOUR_RGB ( '',0.0000000000000000000, 0.0000000000000000000, 0.0000000000000000000 ) ;
#8442 = FILL_AREA_STYLE_COLOUR ( '', #8141 ) ;
#8443 = FILL_AREA_STYLE ('',( #9370 ) ) ;
#8444 = DIRECTION ( 'NONE',  ( -0.007092178509963560293, 0.0000000000000000000, 0.9999748501857348426 ) ) ;
#8445 = ORIENTED_EDGE ( 'NONE', *, *, #5167, .F. ) ;
#8446 = EDGE_CURVE ( 'NONE', #5204, #7999, #158, .T. ) ;
#8447 = COLOUR_RGB ( '',0.8823529411764705621, 0.8823529411764705621, 0.8823529411764705621 ) ;
#8448 = EDGE_CURVE ( 'NONE', #4282, #9933, #1362, .T. ) ;
#8449 = VECTOR ( 'NONE', #10678, 1000.000000000000000 ) ;
#8450 = CARTESIAN_POINT ( 'NONE',  ( 5.960204024924320443, 4.750000000000000000, 1.707966955829119726 ) ) ;
#8451 = UNCERTAINTY_MEASURE_WITH_UNIT (LENGTH_MEASURE( 1.000000000000000082E-05 ), #125, 'distance_accuracy_value', 'NONE');
#8452 = VERTEX_POINT ( 'NONE', #1839 ) ;
#8453 = CARTESIAN_POINT ( 'NONE',  ( 8.088897030104146069, 4.750000000000000000, 2.077335931467613417 ) ) ;
#8454 = CARTESIAN_POINT ( 'NONE',  ( 7.276729123073038430, 4.750000000000000000, 2.415006130194304657 ) ) ;
#8455 =( LENGTH_UNIT ( ) NAMED_UNIT ( * ) SI_UNIT ( .MILLI., .METRE. ) );
#8456 = STYLED_ITEM ( 'NONE', ( #4309 ), #42 ) ;
#8457 = LINE ( 'NONE', #3535, #6157 ) ;
#8458 =( NAMED_UNIT ( * ) PLANE_ANGLE_UNIT ( ) SI_UNIT ( $, .RADIAN. ) );
#8459 = ORIENTED_EDGE ( 'NONE', *, *, #10811, .F. ) ;
#8460 = CARTESIAN_POINT ( 'NONE',  ( 5.356989116620489710, 4.751000000000000334, 1.452840834331738273 ) ) ;
#8461 = MECHANICAL_DESIGN_GEOMETRIC_PRESENTATION_REPRESENTATION (  '', ( #6324 ), #2807 ) ;
#8462 = COLOUR_RGB ( '',0.0000000000000000000, 0.0000000000000000000, 0.0000000000000000000 ) ;
#8463 = STYLED_ITEM ( 'NONE', ( #5009 ), #5995 ) ;
#8464 = ORIENTED_EDGE ( 'NONE', *, *, #6398, .T. ) ;
#8465 = CARTESIAN_POINT ( 'NONE',  ( 6.094315529567612799, 4.750000000000000000, 2.132370183641892236 ) ) ;
#8466 = FACE_OUTER_BOUND ( 'NONE', #6251, .T. ) ;
#8467 = VECTOR ( 'NONE', #8203, 1000.000000000000000 ) ;
#8468 = CARTESIAN_POINT ( 'NONE',  ( 5.191579554064231772, 4.750000000000000000, 1.684579321623171699 ) ) ;
#8469 = ORIENTED_EDGE ( 'NONE', *, *, #2827, .T. ) ;
#8470 = PRESENTATION_STYLE_ASSIGNMENT (( #5745 ) ) ;
#8471 =( LENGTH_UNIT ( ) NAMED_UNIT ( * ) SI_UNIT ( .MILLI., .METRE. ) );
#8472 = CARTESIAN_POINT ( 'NONE',  ( 7.238914016114391892, 4.750000000000000000, 1.630270273026668049 ) ) ;
#8473 = CARTESIAN_POINT ( 'NONE',  ( 5.893434448391693614, 4.750000000000000000, 1.666161985511055210 ) ) ;
#8474 = CARTESIAN_POINT ( 'NONE',  ( 5.815408349828971701, 4.750000000000000000, 2.478459790710350497 ) ) ;
#8475 = ORIENTED_EDGE ( 'NONE', *, *, #5496, .T. ) ;
#8476 =( LENGTH_UNIT ( ) NAMED_UNIT ( * ) SI_UNIT ( .MILLI., .METRE. ) );
#8477 = EDGE_CURVE ( 'NONE', #1169, #8738, #10189, .T. ) ;
#8478 = MECHANICAL_DESIGN_GEOMETRIC_PRESENTATION_REPRESENTATION (  '', ( #7328 ), #8294 ) ;
#8479 = CARTESIAN_POINT ( 'NONE',  ( 6.356197968279209576, 4.750000000000000000, 2.134227547358212185 ) ) ;
#8480 = ORIENTED_EDGE ( 'NONE', *, *, #7709, .T. ) ;
#8481 = SURFACE_STYLE_USAGE ( .BOTH. , #4769 ) ;
#8482 = ORIENTED_EDGE ( 'NONE', *, *, #3068, .F. ) ;
#8483 = SURFACE_STYLE_FILL_AREA ( #3912 ) ;
#8484 =( NAMED_UNIT ( * ) SI_UNIT ( $, .STERADIAN. ) SOLID_ANGLE_UNIT ( ) );
#8485 =( NAMED_UNIT ( * ) SI_UNIT ( $, .STERADIAN. ) SOLID_ANGLE_UNIT ( ) );
#8487 = VECTOR ( 'NONE', #5087, 1000.000000000000114 ) ;
#8486 = FILL_AREA_STYLE ('',( #7574 ) ) ;
#8488 = AXIS2_PLACEMENT_3D ( 'NONE', #4537, #8250, #6659 ) ;
#8489 = MECHANICAL_DESIGN_GEOMETRIC_PRESENTATION_REPRESENTATION (  '', ( #7524 ), #11467 ) ;
#8490 = CARTESIAN_POINT ( 'NONE',  ( 5.291395676200669307, 4.751000000000000334, 1.501765365410277386 ) ) ;
#8491 = ORIENTED_EDGE ( 'NONE', *, *, #6801, .T. ) ;
#8492 = CARTESIAN_POINT ( 'NONE',  ( 5.542266887760171734, 4.751000000000000334, 1.663411433829511177 ) ) ;
#8493 = FACE_OUTER_BOUND ( 'NONE', #10846, .T. ) ;
#8494 = CARTESIAN_POINT ( 'NONE',  ( 5.556418455773386889, 4.751000000000000334, 1.848853311688531287 ) ) ;
#8495 = VERTEX_POINT ( 'NONE', #5355 ) ;
#8496 = VECTOR ( 'NONE', #10384, 1000.000000000000114 ) ;
#8497 = CARTESIAN_POINT ( 'NONE',  ( 3.682624594497005965, 4.750000000000000000, 1.606811202230409075 ) ) ;
#8498 = FACE_OUTER_BOUND ( 'NONE', #683, .T. ) ;
#8499 =( NAMED_UNIT ( * ) SI_UNIT ( $, .STERADIAN. ) SOLID_ANGLE_UNIT ( ) );
#8500 = LINE ( 'NONE', #3646, #4542 ) ;
#8501 = CARTESIAN_POINT ( 'NONE',  ( 4.627514783282306254, 4.751000000000000334, 2.616644379005729881 ) ) ;
#8502 = VECTOR ( 'NONE', #6677, 1000.000000000000000 ) ;
#8503 = DIRECTION ( 'NONE',  ( -0.0000000000000000000, -1.195372373669727292E-16, -1.000000000000000000 ) ) ;
#8504 = CARTESIAN_POINT ( 'NONE',  ( 7.935457179296720120, 4.751000000000000334, 1.794273050044952633 ) ) ;
#8505 = EDGE_CURVE ( 'NONE', #9474, #4470, #11911, .T. ) ;
#8506 = CARTESIAN_POINT ( 'NONE',  ( 8.377754104025239457, 4.751000000000000334, 1.616656759649717001 ) ) ;
#8507 = CARTESIAN_POINT ( 'NONE',  ( 5.939249735068117708, 4.750000000000000000, 2.921506292374504987 ) ) ;
#8508 = ORIENTED_EDGE ( 'NONE', *, *, #10076, .F. ) ;
#8509 = VECTOR ( 'NONE', #3156, 1000.000000000000114 ) ;
#8510 = SURFACE_SIDE_STYLE ('',( #1039 ) ) ;
#8511 = PRESENTATION_STYLE_ASSIGNMENT (( #8393 ) ) ;
#8512 = CARTESIAN_POINT ( 'NONE',  ( 4.166460228167889746, 4.751000000000000334, 1.870968591937121506 ) ) ;
#8513 = ORIENTED_EDGE ( 'NONE', *, *, #6818, .F. ) ;
#8514 = FACE_OUTER_BOUND ( 'NONE', #7257, .T. ) ;
#8515 = EDGE_LOOP ( 'NONE', ( #4593, #1992, #987, #3681 ) ) ;
#8516 = EDGE_CURVE ( 'NONE', #7882, #7820, #1724, .T. ) ;
#8517 = CARTESIAN_POINT ( 'NONE',  ( 5.345705999642916595, 4.750000000000000000, 1.449381512223034463 ) ) ;
#8518 = EDGE_CURVE ( 'NONE', #11299, #3737, #4385, .T. ) ;
#8519 = B_SPLINE_SURFACE_WITH_KNOTS ( 'NONE', 3, 1, ( 
 ( #5025, #4289 ),
 ( #1344, #9745 ),
 ( #3197, #8803 ),
 ( #2327, #8015 ) ),
 .UNSPECIFIED., .F., .F., .F.,
 ( 4, 4 ),
 ( 2, 2 ),
 ( 20.00000000000000000, 21.00000000000000000 ),
 ( 0.0000000000000000000, 1.000000000000000000 ),
 .UNSPECIFIED. ) ;
#8520 = CARTESIAN_POINT ( 'NONE',  ( 4.442408582935913230, 4.750000000000000000, 1.612199861429208125 ) ) ;
#8521 = ORIENTED_EDGE ( 'NONE', *, *, #2072, .T. ) ;
#8522 = PRESENTATION_LAYER_ASSIGNMENT (  '', '', ( #10726 ) ) ;
#8523 = VECTOR ( 'NONE', #8702, 1000.000000000000114 ) ;
#8524 = CARTESIAN_POINT ( 'NONE',  ( 5.815408349828971701, 4.751000000000000334, 2.478459790710350497 ) ) ;
#8525 = ORIENTED_EDGE ( 'NONE', *, *, #8915, .T. ) ;
#8526 = CARTESIAN_POINT ( 'NONE',  ( 4.386131129894690339, 4.750000000000000000, 2.418413211384245365 ) ) ;
#8527 = B_SPLINE_CURVE_WITH_KNOTS ( 'NONE', 3,
 ( #10845, #10909, #6120, #11750 ),
 .UNSPECIFIED., .F., .F.,
 ( 4, 4 ),
 ( 12.00000000000000000, 13.00000000000000000 ),
 .UNSPECIFIED. ) ;
#8528 = DIRECTION ( 'NONE',  ( 0.3349296976928480829, 0.0000000000000000000, 0.9422431202207726120 ) ) ;
#8529 = CARTESIAN_POINT ( 'NONE',  ( 5.798600401375948898, 4.750000000000000000, 1.677966797405071153 ) ) ;
#8530 = ORIENTED_EDGE ( 'NONE', *, *, #318, .T. ) ;
#8531 = ADVANCED_FACE ( 'NONE', ( #8263 ), #10820, .T. ) ;
#8532 = CARTESIAN_POINT ( 'NONE',  ( 4.866470573614145145, 4.751000000000000334, 2.680726182749451070 ) ) ;
#8533 = SURFACE_SIDE_STYLE ('',( #5467 ) ) ;
#8534 = STYLED_ITEM ( 'NONE', ( #6535 ), #4186 ) ;
#8535 = SURFACE_STYLE_FILL_AREA ( #4826 ) ;
#8536 = VECTOR ( 'NONE', #11770, 1000.000000000000227 ) ;
#8537 = EDGE_CURVE ( 'NONE', #6063, #7214, #11851, .T. ) ;
#8538 = LINE ( 'NONE', #3794, #11769 ) ;
#8539 = ORIENTED_EDGE ( 'NONE', *, *, #1112, .F. ) ;
#8540 = UNCERTAINTY_MEASURE_WITH_UNIT (LENGTH_MEASURE( 1.000000000000000082E-05 ), #9643, 'distance_accuracy_value', 'NONE');
#8541 = CARTESIAN_POINT ( 'NONE',  ( 8.377754104025239457, 4.751000000000000334, 1.616656759649717001 ) ) ;
#8542 = ORIENTED_EDGE ( 'NONE', *, *, #9893, .F. ) ;
#8543 = PLANE ( 'NONE',  #2997 ) ;
#8544 = SURFACE_SIDE_STYLE ('',( #6656 ) ) ;
#8545 = CARTESIAN_POINT ( 'NONE',  ( 8.851687369334293010, 4.750000000000000000, 2.075515767507586151 ) ) ;
#8546 = COLOUR_RGB ( '',0.0000000000000000000, 0.0000000000000000000, 0.0000000000000000000 ) ;
#8547 = SURFACE_STYLE_USAGE ( .BOTH. , #2990 ) ;
#8548 = ORIENTED_EDGE ( 'NONE', *, *, #4050, .T. ) ;
#8549 = CARTESIAN_POINT ( 'NONE',  ( 7.443372478218416077, 4.751000000000000334, 1.855853903444935948 ) ) ;
#8550 = DIRECTION ( 'NONE',  ( 0.007092178509992796455, 0.0000000000000000000, -0.9999748501857346206 ) ) ;
#8551 = CARTESIAN_POINT ( 'NONE',  ( 6.772620466632170988, 4.751000000000000334, 2.133071390992519412 ) ) ;
#8552 = VECTOR ( 'NONE', #6911, 1000.000000000000114 ) ;
#8553 =( NAMED_UNIT ( * ) PLANE_ANGLE_UNIT ( ) SI_UNIT ( $, .RADIAN. ) );
#8554 = ORIENTED_EDGE ( 'NONE', *, *, #10210, .T. ) ;
#8555 = ORIENTED_EDGE ( 'NONE', *, *, #3300, .F. ) ;
#8556 = CARTESIAN_POINT ( 'NONE',  ( 5.559768075817047794, 4.750000000000000000, 1.926340981356293725 ) ) ;
#8557 = DIRECTION ( 'NONE',  ( -0.007092178509965146697, -0.0000000000000000000, 0.9999748501857348426 ) ) ;
#8558 = PLANE ( 'NONE',  #6325 ) ;
#8559 =( LENGTH_UNIT ( ) NAMED_UNIT ( * ) SI_UNIT ( .MILLI., .METRE. ) );
#8560 = SURFACE_SIDE_STYLE ('',( #964 ) ) ;
#8561 = B_SPLINE_CURVE_WITH_KNOTS ( 'NONE', 3,
 ( #7825, #10928, #592, #3442 ),
 .UNSPECIFIED., .F., .F.,
 ( 4, 4 ),
 ( 3.000000000000000000, 4.000000000000000000 ),
 .UNSPECIFIED. ) ;
#8562 = CARTESIAN_POINT ( 'NONE',  ( 6.774697009592587804, 4.751000000000000334, 2.349989511342342574 ) ) ;
#8563 = FILL_AREA_STYLE ('',( #4857 ) ) ;
#8564 = ORIENTED_EDGE ( 'NONE', *, *, #3380, .T. ) ;
#8565 = CARTESIAN_POINT ( 'NONE',  ( 6.094315529567612799, 4.751000000000000334, 2.132370183641892236 ) ) ;
#8566 = EDGE_CURVE ( 'NONE', #7034, #6941, #7301, .T. ) ;
#8567 = CARTESIAN_POINT ( 'NONE',  ( 5.824082122674338002, 4.750000000000000000, 1.695303959968161633 ) ) ;
#8568 = ORIENTED_EDGE ( 'NONE', *, *, #4879, .T. ) ;
#8569 = CARTESIAN_POINT ( 'NONE',  ( 8.186165443194001412, 4.750000000000000000, 2.125021531164128064 ) ) ;
#8570 =( NAMED_UNIT ( * ) PLANE_ANGLE_UNIT ( ) SI_UNIT ( $, .RADIAN. ) );
#8571 = LINE ( 'NONE', #168, #915 ) ;
#8572 = CARTESIAN_POINT ( 'NONE',  ( 8.307148401352032252, 4.750000000000000000, 2.906732102824259645 ) ) ;
#8573 = ORIENTED_EDGE ( 'NONE', *, *, #1630, .T. ) ;
#8574 = SURFACE_SIDE_STYLE ('',( #2038 ) ) ;
#8575 = STYLED_ITEM ( 'NONE', ( #6388 ), #7264 ) ;
#8576 = DIRECTION ( 'NONE',  ( 0.0000000000000000000, -1.000000000000000000, 0.0000000000000000000 ) ) ;
#8577 = ORIENTED_EDGE ( 'NONE', *, *, #3690, .F. ) ;
#8578 = EDGE_CURVE ( 'NONE', #5408, #6190, #2652, .T. ) ;
#8579 =( NAMED_UNIT ( * ) SI_UNIT ( $, .STERADIAN. ) SOLID_ANGLE_UNIT ( ) );
#8580 = ORIENTED_EDGE ( 'NONE', *, *, #9718, .T. ) ;
#8581 =( NAMED_UNIT ( * ) PLANE_ANGLE_UNIT ( ) SI_UNIT ( $, .RADIAN. ) );
#8582 = FILL_AREA_STYLE_COLOUR ( '', #1218 ) ;
#8583 = VECTOR ( 'NONE', #10621, 1000.000000000000000 ) ;
#8584 = CARTESIAN_POINT ( 'NONE',  ( 5.647237400633260407, 4.750000000000000000, 1.633482292201687613 ) ) ;
#8585 = CARTESIAN_POINT ( 'NONE',  ( 5.064589210043722645, 4.751000000000000334, 2.931679486830022441 ) ) ;
#8586 = ORIENTED_EDGE ( 'NONE', *, *, #11624, .T. ) ;
#8587 =( NAMED_UNIT ( * ) SI_UNIT ( $, .STERADIAN. ) SOLID_ANGLE_UNIT ( ) );
#8588 = LINE ( 'NONE', #4941, #9073 ) ;
#8589 = LINE ( 'NONE', #1877, #8937 ) ;
#8590 = CARTESIAN_POINT ( 'NONE',  ( 5.515062250420447398, 4.751000000000000334, 2.713660342207970810 ) ) ;
#8591 = STYLED_ITEM ( 'NONE', ( #7637 ), #4511 ) ;
#8592 = ORIENTED_EDGE ( 'NONE', *, *, #7622, .T. ) ;
#8593 = EDGE_CURVE ( 'NONE', #7724, #10989, #912, .T. ) ;
#8594 = PRESENTATION_STYLE_ASSIGNMENT (( #4096 ) ) ;
#8595 = PLANE ( 'NONE',  #371 ) ;
#8596 = EDGE_CURVE ( 'NONE', #9921, #9906, #2313, .T. ) ;
#8597 = FILL_AREA_STYLE ('',( #6002 ) ) ;
#8598 =( NAMED_UNIT ( * ) PLANE_ANGLE_UNIT ( ) SI_UNIT ( $, .RADIAN. ) );
#8599 = CARTESIAN_POINT ( 'NONE',  ( 9.026227097545170608, 4.750000000000000000, 1.932151104916106199 ) ) ;
#8600 = ADVANCED_FACE ( 'NONE', ( #2244 ), #379, .F. ) ;
#8601 = ORIENTED_EDGE ( 'NONE', *, *, #7203, .F. ) ;
#8602 = COLOUR_RGB ( '',0.8823529411764705621, 0.8823529411764705621, 0.8823529411764705621 ) ;
#8603 = CARTESIAN_POINT ( 'NONE',  ( 11.00000000000000000, 4.249999999999999112, 9.999999999999998224 ) ) ;
#8604 = AXIS2_PLACEMENT_3D ( 'NONE', #2688, #2740, #1818 ) ;
#8605 = FILL_AREA_STYLE ('',( #1144 ) ) ;
#8606 = CARTESIAN_POINT ( 'NONE',  ( 5.910310741161374892, 4.750000000000000000, 1.614032528851506498 ) ) ;
#8607 = VERTEX_POINT ( 'NONE', #8732 ) ;
#8608 = ORIENTED_EDGE ( 'NONE', *, *, #4125, .F. ) ;
#8609 =( GEOMETRIC_REPRESENTATION_CONTEXT ( 3 ) GLOBAL_UNCERTAINTY_ASSIGNED_CONTEXT ( ( #9324 ) ) GLOBAL_UNIT_ASSIGNED_CONTEXT ( ( #11362, #9331, #167 ) ) REPRESENTATION_CONTEXT ( 'NONE', 'WORKASPACE' ) );
#8610 = CARTESIAN_POINT ( 'NONE',  ( 0.0000000000000000000, 4.751000000000000334, 0.0000000000000000000 ) ) ;
#8611 = COLOUR_RGB ( '',0.0000000000000000000, 0.0000000000000000000, 0.0000000000000000000 ) ;
#8612 =( GEOMETRIC_REPRESENTATION_CONTEXT ( 3 ) GLOBAL_UNCERTAINTY_ASSIGNED_CONTEXT ( ( #6999 ) ) GLOBAL_UNIT_ASSIGNED_CONTEXT ( ( #6763, #9387, #12110 ) ) REPRESENTATION_CONTEXT ( 'NONE', 'WORKASPACE' ) );
#8613 = CARTESIAN_POINT ( 'NONE',  ( 5.401380459378324339, 4.750000000000000000, 1.717780718550358188 ) ) ;
#8614 = PRODUCT ( 'RES-TH_BD9.5-L22.0-H9.5-P35.56-D0.7', 'RES-TH_BD9.5-L22.0-H9.5-P35.56-D0.7', '', ( #10959 ) ) ;
#8615 = FILL_AREA_STYLE ('',( #5416 ) ) ;
#8616 = DIRECTION ( 'NONE',  ( -0.007092178509961323367, -0.0000000000000000000, 0.9999748501857348426 ) ) ;
#8617 = CARTESIAN_POINT ( 'NONE',  ( 5.994066292223217296, 4.751000000000000334, 1.643220614943113889 ) ) ;
#8618 = CARTESIAN_POINT ( 'NONE',  ( 8.641435026956958865, 4.751000000000000334, 1.647447597840791644 ) ) ;
#8619 = PRESENTATION_LAYER_ASSIGNMENT (  '', '', ( #5331 ) ) ;
#8620 = DIRECTION ( 'NONE',  ( -0.0000000000000000000, -1.000000000000000000, -0.0000000000000000000 ) ) ;
#8621 = SURFACE_SIDE_STYLE ('',( #9566 ) ) ;
#8622 = AXIS2_PLACEMENT_3D ( 'NONE', #9016, #11062, #5486 ) ;
#8623 = ORIENTED_EDGE ( 'NONE', *, *, #1469, .F. ) ;
#8624 = CARTESIAN_POINT ( 'NONE',  ( 5.983789694333044196, 4.751000000000000334, 1.827709401482467300 ) ) ;
#8625 = CARTESIAN_POINT ( 'NONE',  ( 5.865491657165016193, 4.751000000000000334, 1.665963805263412478 ) ) ;
#8626 =( GEOMETRIC_REPRESENTATION_CONTEXT ( 3 ) GLOBAL_UNCERTAINTY_ASSIGNED_CONTEXT ( ( #9218 ) ) GLOBAL_UNIT_ASSIGNED_CONTEXT ( ( #6384, #2886, #5709 ) ) REPRESENTATION_CONTEXT ( 'NONE', 'WORKASPACE' ) );
#8627 = CARTESIAN_POINT ( 'NONE',  ( 6.014726349341069422, 4.750000000000000000, 1.662343202657706520 ) ) ;
#8628 = STYLED_ITEM ( 'NONE', ( #11061 ), #6394 ) ;
#8629 = SURFACE_SIDE_STYLE ('',( #9572 ) ) ;
#8630 = ORIENTED_EDGE ( 'NONE', *, *, #9589, .T. ) ;
#8631 = LINE ( 'NONE', #233, #957 ) ;
#8632 = CARTESIAN_POINT ( 'NONE',  ( 6.110310657974830306, 4.751000000000000334, 1.911269566611054405 ) ) ;
#8633 = FILL_AREA_STYLE ('',( #3152 ) ) ;
#8634 = VERTEX_POINT ( 'NONE', #12139 ) ;
#8635 = DIRECTION ( 'NONE',  ( -0.0000000000000000000, -1.000000000000000000, -0.0000000000000000000 ) ) ;
#8636 = AXIS2_PLACEMENT_3D ( 'NONE', #7987, #4932, #8645 ) ;
#8637 = ADVANCED_FACE ( 'NONE', ( #11642 ), #4348, .F. ) ;
#8638 = MECHANICAL_DESIGN_GEOMETRIC_PRESENTATION_REPRESENTATION (  '', ( #2399 ), #6505 ) ;
#8639 = CARTESIAN_POINT ( 'NONE',  ( 5.466797839095709932, 4.751000000000000334, 1.712005977553587632 ) ) ;
#8640 = ORIENTED_EDGE ( 'NONE', *, *, #9642, .T. ) ;
#8641 = FILL_AREA_STYLE ('',( #6639 ) ) ;
#8642 = CARTESIAN_POINT ( 'NONE',  ( 7.556638595505687839, 4.750000000000000000, 1.686749571802851566 ) ) ;
#8643 = CARTESIAN_POINT ( 'NONE',  ( 5.987963358095000466, 4.751000000000000334, 1.898964211162375681 ) ) ;
#8644 = ORIENTED_EDGE ( 'NONE', *, *, #2525, .F. ) ;
#8645 = DIRECTION ( 'NONE',  ( 0.007092178509963365136, 0.0000000000000000000, -0.9999748501857348426 ) ) ;
#8646 = VECTOR ( 'NONE', #10279, 1000.000000000000000 ) ;
#8647 = STYLED_ITEM ( 'NONE', ( #4258 ), #8092 ) ;
#8648 =( GEOMETRIC_REPRESENTATION_CONTEXT ( 3 ) GLOBAL_UNCERTAINTY_ASSIGNED_CONTEXT ( ( #4911 ) ) GLOBAL_UNIT_ASSIGNED_CONTEXT ( ( #4707, #7520, #5578 ) ) REPRESENTATION_CONTEXT ( 'NONE', 'WORKASPACE' ) );
#8649 = CARTESIAN_POINT ( 'NONE',  ( 8.486584710475561621, 4.750000000000000000, 2.582649640016943859 ) ) ;
#8650 = ORIENTED_EDGE ( 'NONE', *, *, #9302, .T. ) ;
#8651 = CARTESIAN_POINT ( 'NONE',  ( 4.546807413626736682, 4.750000000000000000, 2.835726357625306893 ) ) ;
#8652 = FILL_AREA_STYLE_COLOUR ( '', #6927 ) ;
#8653 = DIRECTION ( 'NONE',  ( -0.007092178509963508251, 0.0000000000000000000, 0.9999748501857348426 ) ) ;
#8654 = EDGE_CURVE ( 'NONE', #11420, #8925, #5324, .T. ) ;
#8655 = DIRECTION ( 'NONE',  ( -0.9999748501857348426, -0.0000000000000000000, -0.007092178509963576773 ) ) ;
#8656 = UNCERTAINTY_MEASURE_WITH_UNIT (LENGTH_MEASURE( 1.000000000000000082E-05 ), #9578, 'distance_accuracy_value', 'NONE');
#8657 = UNCERTAINTY_MEASURE_WITH_UNIT (LENGTH_MEASURE( 1.000000000000000082E-05 ), #9251, 'distance_accuracy_value', 'NONE');
#8658 = COLOUR_RGB ( '',0.0000000000000000000, 0.0000000000000000000, 0.0000000000000000000 ) ;
#8659 = VECTOR ( 'NONE', #10695, 1000.000000000000114 ) ;
#8660 = COLOUR_RGB ( '',0.0000000000000000000, 0.0000000000000000000, 0.0000000000000000000 ) ;
#8661 = ORIENTED_EDGE ( 'NONE', *, *, #9590, .F. ) ;
#8662 =( LENGTH_UNIT ( ) NAMED_UNIT ( * ) SI_UNIT ( .MILLI., .METRE. ) );
#8663 = FILL_AREA_STYLE ('',( #4031 ) ) ;
#8664 = ORIENTED_EDGE ( 'NONE', *, *, #2146, .T. ) ;
#8665 = CARTESIAN_POINT ( 'NONE',  ( 8.850636211324955482, 4.750000000000000000, 2.223725738735952362 ) ) ;
#8666 = CARTESIAN_POINT ( 'NONE',  ( 5.796475762479197158, 4.750000000000000000, 1.739298988642075106 ) ) ;
#8667 = CARTESIAN_POINT ( 'NONE',  ( 4.987519092845790425, 4.751000000000000334, 2.931132878053961832 ) ) ;
#8668 = CARTESIAN_POINT ( 'NONE',  ( 5.603698580691133913, 4.750000000000000000, 1.963044994509220320 ) ) ;
#8669 = ORIENTED_EDGE ( 'NONE', *, *, #3465, .T. ) ;
#8670 = LINE ( 'NONE', #11582, #1292 ) ;
#8671 =( LENGTH_UNIT ( ) NAMED_UNIT ( * ) SI_UNIT ( .MILLI., .METRE. ) );
#8672 = MECHANICAL_DESIGN_GEOMETRIC_PRESENTATION_REPRESENTATION (  '', ( #3301 ), #11050 ) ;
#8673 = EDGE_CURVE ( 'NONE', #3000, #2163, #9548, .T. ) ;
#8674 = PLANE ( 'NONE',  #3484 ) ;
#8675 = ADVANCED_FACE ( 'NONE', ( #11942 ), #10971, .F. ) ;
#8676 = ADVANCED_FACE ( 'NONE', ( #11022 ), #6123, .F. ) ;
#8677 = ORIENTED_EDGE ( 'NONE', *, *, #1419, .T. ) ;
#8678 = PRESENTATION_LAYER_ASSIGNMENT (  '', '', ( #5751 ) ) ;
#8679 = EDGE_LOOP ( 'NONE', ( #1522, #10650, #7003, #5042 ) ) ;
#8680 = LINE ( 'NONE', #11349, #6903 ) ;
#8681 =( NAMED_UNIT ( * ) SI_UNIT ( $, .STERADIAN. ) SOLID_ANGLE_UNIT ( ) );
#8682 = CARTESIAN_POINT ( 'NONE',  ( 11.00000000000000000, -4.750000000000000000, 9.499999999999998224 ) ) ;
#8683 = SURFACE_STYLE_USAGE ( .BOTH. , #2130 ) ;
#8684 = B_SPLINE_CURVE_WITH_KNOTS ( 'NONE', 3,
 ( #1850, #4862, #7546, #5726 ),
 .UNSPECIFIED., .F., .F.,
 ( 4, 4 ),
 ( 3.000000000000000000, 4.000000000000000000 ),
 .UNSPECIFIED. ) ;
#8685 = CARTESIAN_POINT ( 'NONE',  ( 5.912626032410770449, 4.750000000000000000, 2.497085568361215646 ) ) ;
#8686 = CARTESIAN_POINT ( 'NONE',  ( 5.910310741161374892, 4.751000000000000334, 1.614032528851506498 ) ) ;
#8687 = VECTOR ( 'NONE', #9415, 1000.000000000000114 ) ;
#8688 = LINE ( 'NONE', #11540, #2040 ) ;
#8689 = DIRECTION ( 'NONE',  ( -0.9999748501857348426, -0.0000000000000000000, -0.007092178509961528932 ) ) ;
#8690 = EDGE_CURVE ( 'NONE', #5294, #12062, #1453, .T. ) ;
#8691 = MECHANICAL_DESIGN_GEOMETRIC_PRESENTATION_REPRESENTATION (  '', ( #9897 ), #8113 ) ;
#8692 = ORIENTED_EDGE ( 'NONE', *, *, #4632, .T. ) ;
#8693 = CARTESIAN_POINT ( 'NONE',  ( 6.042704028533234961, 4.751000000000000334, 2.537259976450128462 ) ) ;
#8694 = B_SPLINE_CURVE_WITH_KNOTS ( 'NONE', 3,
 ( #1222, #11539, #3133, #9755 ),
 .UNSPECIFIED., .F., .F.,
 ( 4, 4 ),
 ( 1.000000000000000000, 2.000000000000000000 ),
 .UNSPECIFIED. ) ;
#8695 = VECTOR ( 'NONE', #3550, 1000.000000000000114 ) ;
#8696 = UNCERTAINTY_MEASURE_WITH_UNIT (LENGTH_MEASURE( 1.000000000000000082E-05 ), #6060, 'distance_accuracy_value', 'NONE');
#8697 =( NAMED_UNIT ( * ) PLANE_ANGLE_UNIT ( ) SI_UNIT ( $, .RADIAN. ) );
#8698 = SURFACE_STYLE_FILL_AREA ( #6037 ) ;
#8699 = LINE ( 'NONE', #1236, #5560 ) ;
#8700 = ORIENTED_EDGE ( 'NONE', *, *, #4078, .T. ) ;
#8701 = SURFACE_STYLE_USAGE ( .BOTH. , #10813 ) ;
#8702 = DIRECTION ( 'NONE',  ( 0.3492990578015341407, -0.0000000000000000000, 0.9370112956730887177 ) ) ;
#8703 =( LENGTH_UNIT ( ) NAMED_UNIT ( * ) SI_UNIT ( .MILLI., .METRE. ) );
#8704 = CARTESIAN_POINT ( 'NONE',  ( 5.017794057246313777, 4.751000000000000334, 1.979425285848563476 ) ) ;
#8705 = DIRECTION ( 'NONE',  ( 1.000000000000000000, -0.0000000000000000000, -0.0000000000000000000 ) ) ;
#8706 = DIRECTION ( 'NONE',  ( -0.007092178509971280680, -0.0000000000000000000, 0.9999748501857347316 ) ) ;
#8707 = ORIENTED_EDGE ( 'NONE', *, *, #126, .T. ) ;
#8708 = CARTESIAN_POINT ( 'NONE',  ( 5.356989116620489710, 4.750000000000000000, 1.452840834331738273 ) ) ;
#8709 = VECTOR ( 'NONE', #6606, 1000.000000000000114 ) ;
#8710 = AXIS2_PLACEMENT_3D ( 'NONE', #11311, #5433, #51 ) ;
#8711 =( LENGTH_UNIT ( ) NAMED_UNIT ( * ) SI_UNIT ( .MILLI., .METRE. ) );
#8712 = ORIENTED_EDGE ( 'NONE', *, *, #738, .F. ) ;
#8713 = EDGE_CURVE ( 'NONE', #2118, #3852, #5316, .T. ) ;
#8714 = FILL_AREA_STYLE ('',( #2219 ) ) ;
#8715 = ORIENTED_EDGE ( 'NONE', *, *, #10470, .F. ) ;
#8716 = CARTESIAN_POINT ( 'NONE',  ( 5.344145471521368762, 4.750000000000000000, 1.504478999934985906 ) ) ;
#8717 = PLANE ( 'NONE',  #12043 ) ;
#8718 = PRESENTATION_LAYER_ASSIGNMENT (  '', '', ( #1301 ) ) ;
#8719 = EDGE_LOOP ( 'NONE', ( #712, #11400, #6669, #4264 ) ) ;
#8720 = DIRECTION ( 'NONE',  ( -0.0000000000000000000, -1.000000000000000000, -0.0000000000000000000 ) ) ;
#8721 = CARTESIAN_POINT ( 'NONE',  ( 8.088897030104146069, 4.751000000000000334, 2.077335931467613417 ) ) ;
#8722 = CARTESIAN_POINT ( 'NONE',  ( 7.452191677006362980, 4.750000000000000000, 1.631782914312547739 ) ) ;
#8723 = PRESENTATION_LAYER_ASSIGNMENT (  '', '', ( #6973 ) ) ;
#8724 = B_SPLINE_SURFACE_WITH_KNOTS ( 'NONE', 3, 1, ( 
 ( #4181, #11965 ),
 ( #5357, #5477 ),
 ( #3702, #2653 ),
 ( #9068, #11852 ) ),
 .UNSPECIFIED., .F., .F., .F.,
 ( 4, 4 ),
 ( 2, 2 ),
 ( 8.000000000000000000, 9.000000000000000000 ),
 ( 0.0000000000000000000, 1.000000000000000000 ),
 .UNSPECIFIED. ) ;
#8725 = MECHANICAL_DESIGN_GEOMETRIC_PRESENTATION_REPRESENTATION (  '', ( #1691 ), #6580 ) ;
#8726 =( NAMED_UNIT ( * ) PLANE_ANGLE_UNIT ( ) SI_UNIT ( $, .RADIAN. ) );
#8727 = ORIENTED_EDGE ( 'NONE', *, *, #11677, .T. ) ;
#8728 = FACE_OUTER_BOUND ( 'NONE', #650, .T. ) ;
#8729 = CARTESIAN_POINT ( 'NONE',  ( 4.573835816210541694, 4.751000000000000334, 2.928198888620188622 ) ) ;
#8730 = VERTEX_POINT ( 'NONE', #4276 ) ;
#8731 = ADVANCED_FACE ( 'NONE', ( #8002 ), #1519, .T. ) ;
#8732 = CARTESIAN_POINT ( 'NONE',  ( 7.427477186061907766, 4.751000000000000334, 2.058184615345579171 ) ) ;
#8733 = LINE ( 'NONE', #380, #4790 ) ;
#8734 = VERTEX_POINT ( 'NONE', #871 ) ;
#8735 = FILL_AREA_STYLE_COLOUR ( '', #1493 ) ;
#8736 = EDGE_CURVE ( 'NONE', #1635, #1243, #1873, .T. ) ;
#8737 = ORIENTED_EDGE ( 'NONE', *, *, #11030, .F. ) ;
#8738 = VERTEX_POINT ( 'NONE', #11191 ) ;
#8739 = VERTEX_POINT ( 'NONE', #7512 ) ;
#8740 = COLOUR_RGB ( '',0.0000000000000000000, 0.0000000000000000000, 0.0000000000000000000 ) ;
#8741 = EDGE_CURVE ( 'NONE', #1604, #9084, #7451, .T. ) ;
#8742 = EDGE_CURVE ( 'NONE', #7427, #4703, #2680, .T. ) ;
#8743 = LINE ( 'NONE', #6923, #8449 ) ;
#8744 = SURFACE_STYLE_USAGE ( .BOTH. , #11718 ) ;
#8745 = CARTESIAN_POINT ( 'NONE',  ( 6.772620466632170988, 4.751000000000000334, 2.133071390992519412 ) ) ;
#8746 = SURFACE_STYLE_USAGE ( .BOTH. , #5033 ) ;
#8747 = SURFACE_SIDE_STYLE ('',( #2084 ) ) ;
#8748 = CARTESIAN_POINT ( 'NONE',  ( 8.442386016479979105, 4.750000000000000000, 1.678571180176002597 ) ) ;
#8749 = SURFACE_STYLE_FILL_AREA ( #9881 ) ;
#8750 = VERTEX_POINT ( 'NONE', #1695 ) ;
#8751 =( NAMED_UNIT ( * ) SI_UNIT ( $, .STERADIAN. ) SOLID_ANGLE_UNIT ( ) );
#8752 = COLOUR_RGB ( '',0.0000000000000000000, 0.0000000000000000000, 0.0000000000000000000 ) ;
#8753 = ADVANCED_FACE ( 'NONE', ( #9221 ), #7083, .F. ) ;
#8754 = DIRECTION ( 'NONE',  ( 0.9999748501857349536, -0.0000000000000000000, 0.007092178509957857389 ) ) ;
#8755 = EDGE_CURVE ( 'NONE', #7882, #8607, #6530, .T. ) ;
#8756 = B_SPLINE_CURVE_WITH_KNOTS ( 'NONE', 3,
 ( #2977, #10463, #2752, #9119 ),
 .UNSPECIFIED., .F., .F.,
 ( 4, 4 ),
 ( 5.000000000000000000, 6.000000000000000000 ),
 .UNSPECIFIED. ) ;
#8757 = DIRECTION ( 'NONE',  ( 0.007092178509954529322, -0.0000000000000000000, -0.9999748501857349536 ) ) ;
#8758 = ORIENTED_EDGE ( 'NONE', *, *, #12135, .T. ) ;
#8759 = CARTESIAN_POINT ( 'NONE',  ( 5.017794057246313777, 4.750000000000000000, 1.979425285848563476 ) ) ;
#8760 = CARTESIAN_POINT ( 'NONE',  ( 7.935713559275157536, 4.750000000000000000, 1.758124279936008172 ) ) ;
#8761 = PRODUCT_DEFINITION ( '未知', '', #4093, #996 ) ;
#8762 = ORIENTED_EDGE ( 'NONE', *, *, #10626, .F. ) ;
#8763 = CARTESIAN_POINT ( 'NONE',  ( 5.559768075817047794, 4.751000000000000334, 1.926340981356293725 ) ) ;
#8764 = EDGE_CURVE ( 'NONE', #8, #4282, #11138, .T. ) ;
#8765 = SURFACE_STYLE_FILL_AREA ( #1309 ) ;
#8766 = ORIENTED_EDGE ( 'NONE', *, *, #7644, .F. ) ;
#8767 = CARTESIAN_POINT ( 'NONE',  ( 5.320508165666915978, 4.751000000000000334, 1.501971841575278299 ) ) ;
#8768 = CARTESIAN_POINT ( 'NONE',  ( 5.589416121537609250, 4.750000000000000000, 1.796058355507088367 ) ) ;
#8769 = CARTESIAN_POINT ( 'NONE',  ( 5.869214468749759384, 4.750000000000000000, 2.478841402908140701 ) ) ;
#8770 = ORIENTED_EDGE ( 'NONE', *, *, #10972, .T. ) ;
#8771 = PRESENTATION_STYLE_ASSIGNMENT (( #627 ) ) ;
#8772 = DIRECTION ( 'NONE',  ( 0.3349296977015606691, 0.0000000000000000000, 0.9422431202176756448 ) ) ;
#8773 = SURFACE_STYLE_USAGE ( .BOTH. , #2161 ) ;
#8774 = CARTESIAN_POINT ( 'NONE',  ( 8.488661322871575265, 4.750000000000000000, 2.799567691907449696 ) ) ;
#8775 = ORIENTED_EDGE ( 'NONE', *, *, #6158, .T. ) ;
#8776 = CARTESIAN_POINT ( 'NONE',  ( 8.405570455151950782, 4.750000000000000000, 2.791748271027798989 ) ) ;
#8777 =( NAMED_UNIT ( * ) PLANE_ANGLE_UNIT ( ) SI_UNIT ( $, .RADIAN. ) );
#8778 = AXIS2_PLACEMENT_3D ( 'NONE', #7586, #4900, #11473 ) ;
#8779 = FACE_OUTER_BOUND ( 'NONE', #7013, .T. ) ;
#8780 = DIRECTION ( 'NONE',  ( 0.9999748501857360639, 0.0000000000000000000, 0.007092178509781885305 ) ) ;
#8781 = LINE ( 'NONE', #4324, #10400 ) ;
#8782 = ORIENTED_EDGE ( 'NONE', *, *, #60, .T. ) ;
#8783 = CARTESIAN_POINT ( 'NONE',  ( 8.459742334365129679, 4.750000000000000000, 2.799362588120311912 ) ) ;
#8784 = PRESENTATION_STYLE_ASSIGNMENT (( #6064 ) ) ;
#8785 = CARTESIAN_POINT ( 'NONE',  ( 5.868602513033557067, 4.751000000000000334, 1.942048538271248015 ) ) ;
#8786 = PRESENTATION_LAYER_ASSIGNMENT (  '', '', ( #3738 ) ) ;
#8787 = ORIENTED_EDGE ( 'NONE', *, *, #2317, .F. ) ;
#8788 = DIRECTION ( 'NONE',  ( 0.0000000000000000000, 0.0000000000000000000, -1.000000000000000000 ) ) ;
#8789 = DIRECTION ( 'NONE',  ( 0.9999748501857349536, -0.0000000000000000000, 0.007092178509958491431 ) ) ;
#8790 =( LENGTH_UNIT ( ) NAMED_UNIT ( * ) SI_UNIT ( .MILLI., .METRE. ) );
#8791 = FILL_AREA_STYLE ('',( #5882 ) ) ;
#8792 = VERTEX_POINT ( 'NONE', #4 ) ;
#8793 = CARTESIAN_POINT ( 'NONE',  ( 8.301841673013029776, 4.751000000000000334, 1.616118361597241870 ) ) ;
#8794 = DIRECTION ( 'NONE',  ( -0.4987484692609973069, 0.0000000000000000000, -0.8667467706370828306 ) ) ;
#8795 = SURFACE_STYLE_USAGE ( .BOTH. , #11584 ) ;
#8796 = ORIENTED_EDGE ( 'NONE', *, *, #12136, .F. ) ;
#8797 =( NAMED_UNIT ( * ) SI_UNIT ( $, .STERADIAN. ) SOLID_ANGLE_UNIT ( ) );
#8798 = ORIENTED_EDGE ( 'NONE', *, *, #9949, .F. ) ;
#8799 = UNCERTAINTY_MEASURE_WITH_UNIT (LENGTH_MEASURE( 1.000000000000000082E-05 ), #3476, 'distance_accuracy_value', 'NONE');
#8800 = EDGE_CURVE ( 'NONE', #11733, #6567, #6469, .T. ) ;
#8801 = ORIENTED_EDGE ( 'NONE', *, *, #1921, .F. ) ;
#8802 = PRESENTATION_STYLE_ASSIGNMENT (( #3438 ) ) ;
#8803 = CARTESIAN_POINT ( 'NONE',  ( 8.036263367435045879, 4.750000000000000000, 2.872275373680138966 ) ) ;
#8804 = STYLED_ITEM ( 'NONE', ( #3305 ), #1022 ) ;
#8805 = CARTESIAN_POINT ( 'NONE',  ( 4.356533848168873568, 4.750000000000000000, 2.120045215775415048 ) ) ;
#8806 = DIRECTION ( 'NONE',  ( -0.9999748501857348426, 0.0000000000000000000, -0.007092178509965090319 ) ) ;
#8807 = FILL_AREA_STYLE ('',( #2453 ) ) ;
#8808 = DIRECTION ( 'NONE',  ( -0.9999748501857348426, -0.0000000000000000000, -0.007092178509965236036 ) ) ;
#8809 = DIRECTION ( 'NONE',  ( -0.0000000000000000000, -1.000000000000000000, -0.0000000000000000000 ) ) ;
#8810 = SURFACE_STYLE_USAGE ( .BOTH. , #10870 ) ;
#8811 = SURFACE_SIDE_STYLE ('',( #10686 ) ) ;
#8812 = ORIENTED_EDGE ( 'NONE', *, *, #3100, .T. ) ;
#8813 = MECHANICAL_DESIGN_GEOMETRIC_PRESENTATION_REPRESENTATION (  '', ( #7642 ), #5306 ) ;
#8814 = ADVANCED_FACE ( 'NONE', ( #11441 ), #3944, .T. ) ;
#8815 = ORIENTED_EDGE ( 'NONE', *, *, #9231, .T. ) ;
#8816 = MECHANICAL_DESIGN_GEOMETRIC_PRESENTATION_REPRESENTATION (  '', ( #989 ), #10610 ) ;
#8817 = CARTESIAN_POINT ( 'NONE',  ( 6.024229551471425026, 4.751000000000000334, 1.788484420847151313 ) ) ;
#8818 = FACE_OUTER_BOUND ( 'NONE', #1147, .T. ) ;
#8819 = CARTESIAN_POINT ( 'NONE',  ( 5.542669639717325403, 4.751000000000000334, 1.991466163332251238 ) ) ;
#8820 = CARTESIAN_POINT ( 'NONE',  ( 3.915822168946374582, 4.751000000000000334, 2.024638695343270012 ) ) ;
#8821 = ORIENTED_EDGE ( 'NONE', *, *, #10716, .T. ) ;
#8822 = LINE ( 'NONE', #4069, #2536 ) ;
#8823 = VECTOR ( 'NONE', #7305, 1000.000000000000000 ) ;
#8824 = CARTESIAN_POINT ( 'NONE',  ( 8.405570455151950782, 4.750000000000000000, 2.791748271027798989 ) ) ;
#8825 = MECHANICAL_DESIGN_GEOMETRIC_PRESENTATION_REPRESENTATION (  '', ( #9412 ), #5718 ) ;
#8826 = LINE ( 'NONE', #3403, #10871 ) ;
#8827 = B_SPLINE_SURFACE_WITH_KNOTS ( 'NONE', 3, 1, ( 
 ( #1664, #7540 ),
 ( #8562, #11292 ),
 ( #9565, #2890 ),
 ( #1154, #6619 ) ),
 .UNSPECIFIED., .F., .F., .F.,
 ( 4, 4 ),
 ( 2, 2 ),
 ( 35.00000000000000000, 36.00000000000000000 ),
 ( 0.0000000000000000000, 1.000000000000000000 ),
 .UNSPECIFIED. ) ;
#8828 = EDGE_CURVE ( 'NONE', #5408, #6189, #3641, .T. ) ;
#8829 = EDGE_CURVE ( 'NONE', #11845, #9579, #5861, .T. ) ;
#8830 = VERTEX_POINT ( 'NONE', #5807 ) ;
#8831 = PRESENTATION_LAYER_ASSIGNMENT (  '', '', ( #10619 ) ) ;
#8832 = UNCERTAINTY_MEASURE_WITH_UNIT (LENGTH_MEASURE( 1.000000000000000082E-05 ), #8703, 'distance_accuracy_value', 'NONE');
#8833 = FILL_AREA_STYLE ('',( #4082 ) ) ;
#8834 = PLANE ( 'NONE',  #8085 ) ;
#8835 = ORIENTED_EDGE ( 'NONE', *, *, #6815, .T. ) ;
#8836 = CARTESIAN_POINT ( 'NONE',  ( 5.862257191475202411, 4.751000000000000334, 1.993732792304178325 ) ) ;
#8837 = CARTESIAN_POINT ( 'NONE',  ( 4.017731595656383270, 4.750000000000000000, 1.748259019593764618 ) ) ;
#8838 = CARTESIAN_POINT ( 'NONE',  ( 5.881095909275361855, 4.750000000000000000, 1.793188078342175418 ) ) ;
#8839 =( LENGTH_UNIT ( ) NAMED_UNIT ( * ) SI_UNIT ( .MILLI., .METRE. ) );
#8840 = ORIENTED_EDGE ( 'NONE', *, *, #7639, .F. ) ;
#8841 = MECHANICAL_DESIGN_GEOMETRIC_PRESENTATION_REPRESENTATION (  '', ( #217 ), #2794 ) ;
#8842 = CARTESIAN_POINT ( 'NONE',  ( 7.969657260002554366, 4.750000000000000000, 3.088706510065378552 ) ) ;
#8843 = MECHANICAL_DESIGN_GEOMETRIC_PRESENTATION_REPRESENTATION (  '', ( #1011 ), #7294 ) ;
#8844 =( LENGTH_UNIT ( ) NAMED_UNIT ( * ) SI_UNIT ( .MILLI., .METRE. ) );
#8845 = CARTESIAN_POINT ( 'NONE',  ( 5.721231509315352071, 4.750000000000000000, 2.489229479681916324 ) ) ;
#8846 = DIRECTION ( 'NONE',  ( -0.007092178509955769650, 0.0000000000000000000, 0.9999748501857349536 ) ) ;
#8847 =( NAMED_UNIT ( * ) SI_UNIT ( $, .STERADIAN. ) SOLID_ANGLE_UNIT ( ) );
#8848 = B_SPLINE_CURVE_WITH_KNOTS ( 'NONE', 3,
 ( #6589, #2621, #12116, #1874 ),
 .UNSPECIFIED., .F., .F.,
 ( 4, 4 ),
 ( 5.000000000000000000, 6.000000000000000000 ),
 .UNSPECIFIED. ) ;
#8849 = MECHANICAL_DESIGN_GEOMETRIC_PRESENTATION_REPRESENTATION (  '', ( #3199 ), #12010 ) ;
#8850 = CARTESIAN_POINT ( 'NONE',  ( 5.801078790548504394, 4.751000000000000334, 2.886213460521970475 ) ) ;
#8851 = AXIS2_PLACEMENT_3D ( 'NONE', #8610, #4163, #5210 ) ;
#8852 = ORIENTED_EDGE ( 'NONE', *, *, #8958, .F. ) ;
#8853 = PRESENTATION_STYLE_ASSIGNMENT (( #6355 ) ) ;
#8854 = CARTESIAN_POINT ( 'NONE',  ( 5.356989116620488822, 4.751000000000000334, 1.452840834331738273 ) ) ;
#8855 = ORIENTED_EDGE ( 'NONE', *, *, #4126, .T. ) ;
#8856 = CARTESIAN_POINT ( 'NONE',  ( 7.810602685323946304, 4.751000000000000334, 3.087578438258134828 ) ) ;
#8857 = FILL_AREA_STYLE ('',( #3312 ) ) ;
#8858 = VECTOR ( 'NONE', #11904, 1000.000000000000227 ) ;
#8859 = MECHANICAL_DESIGN_GEOMETRIC_PRESENTATION_REPRESENTATION (  '', ( #4572 ), #6915 ) ;
#8860 = ORIENTED_EDGE ( 'NONE', *, *, #11774, .F. ) ;
#8861 = STYLED_ITEM ( 'NONE', ( #7390 ), #6209 ) ;
#8862 = ORIENTED_EDGE ( 'NONE', *, *, #1194, .F. ) ;
#8863 = EDGE_LOOP ( 'NONE', ( #1427, #148, #11120, #1004 ) ) ;
#8864 = LINE ( 'NONE', #2447, #11417 ) ;
#8865 = CARTESIAN_POINT ( 'NONE',  ( -10.49999999999999822, -4.750000000000000000, 9.999999999999998224 ) ) ;
#8866 = MECHANICAL_DESIGN_GEOMETRIC_PRESENTATION_REPRESENTATION (  '', ( #12016 ), #6523 ) ;
#8867 = CARTESIAN_POINT ( 'NONE',  ( 4.958226931026218587, 4.751000000000000334, 2.498115009828596023 ) ) ;
#8868 = COLOUR_RGB ( '',0.0000000000000000000, 0.0000000000000000000, 0.0000000000000000000 ) ;
#8869 =( LENGTH_UNIT ( ) NAMED_UNIT ( * ) SI_UNIT ( .MILLI., .METRE. ) );
#8870 = CARTESIAN_POINT ( 'NONE',  ( 5.940023096017200466, 4.750000000000000000, 2.830790617506793616 ) ) ;
#8871 = SURFACE_STYLE_FILL_AREA ( #8931 ) ;
#8872 = CARTESIAN_POINT ( 'NONE',  ( 8.299841908398944312, 4.750000000000000000, 1.898078878745585119 ) ) ;
#8873 = FILL_AREA_STYLE ('',( #11721 ) ) ;
#8874 =( NAMED_UNIT ( * ) SI_UNIT ( $, .STERADIAN. ) SOLID_ANGLE_UNIT ( ) );
#8875 = VERTEX_POINT ( 'NONE', #10459 ) ;
#8876 = ORIENTED_EDGE ( 'NONE', *, *, #11321, .F. ) ;
#8877 =( NAMED_UNIT ( * ) PLANE_ANGLE_UNIT ( ) SI_UNIT ( $, .RADIAN. ) );
#8878 = SURFACE_STYLE_FILL_AREA ( #5156 ) ;
#8879 = CARTESIAN_POINT ( 'NONE',  ( 4.958226931026218587, 4.750000000000000000, 2.498115009828596023 ) ) ;
#8880 = FILL_AREA_STYLE ('',( #7056 ) ) ;
#8881 = VECTOR ( 'NONE', #9059, 1000.000000000000000 ) ;
#8882 =( NAMED_UNIT ( * ) SI_UNIT ( $, .STERADIAN. ) SOLID_ANGLE_UNIT ( ) );
#8883 = CARTESIAN_POINT ( 'NONE',  ( -9.999999999999998224, 3.750000000000000000, 0.4999999999999995559 ) ) ;
#8884 = ADVANCED_FACE ( 'NONE', ( #5986 ), #8717, .F. ) ;
#8885 = DIRECTION ( 'NONE',  ( -0.9999748501857347316, 0.0000000000000000000, -0.007092178509979854550 ) ) ;
#8886 = MECHANICAL_DESIGN_GEOMETRIC_PRESENTATION_REPRESENTATION (  '', ( #9890 ), #9291 ) ;
#8887 = FILL_AREA_STYLE ('',( #3522 ) ) ;
#8888 = ORIENTED_EDGE ( 'NONE', *, *, #267, .T. ) ;
#8889 = FILL_AREA_STYLE ('',( #2350 ) ) ;
#8890 = ADVANCED_FACE ( 'NONE', ( #11378 ), #9028, .F. ) ;
#8891 = B_SPLINE_CURVE_WITH_KNOTS ( 'NONE', 3,
 ( #2632, #6368, #7173, #10122 ),
 .UNSPECIFIED., .F., .F.,
 ( 4, 4 ),
 ( 5.000000000000000000, 6.000000000000000000 ),
 .UNSPECIFIED. ) ;
#8892 = FILL_AREA_STYLE_COLOUR ( '', #401 ) ;
#8893 = ORIENTED_EDGE ( 'NONE', *, *, #954, .F. ) ;
#8894 = SURFACE_STYLE_FILL_AREA ( #9708 ) ;
#8895 = SURFACE_SIDE_STYLE ('',( #6108 ) ) ;
#8896 = EDGE_LOOP ( 'NONE', ( #5426, #4914, #1973, #2723, #5753, #5395 ) ) ;
#8897 = CARTESIAN_POINT ( 'NONE',  ( 4.376053715246305487, 4.751000000000000334, 2.061695803888325518 ) ) ;
#8898 = EDGE_CURVE ( 'NONE', #136, #11064, #11447, .T. ) ;
#8899 = ADVANCED_FACE ( 'NONE', ( #3350 ), #6055, .F. ) ;
#8900 = DIRECTION ( 'NONE',  ( -0.007092178509971280680, -0.0000000000000000000, 0.9999748501857347316 ) ) ;
#8901 = PRESENTATION_LAYER_ASSIGNMENT (  '', '', ( #6760 ) ) ;
#8902 = ORIENTED_EDGE ( 'NONE', *, *, #11114, .F. ) ;
#8903 = SURFACE_SIDE_STYLE ('',( #8969 ) ) ;
#8904 = PRESENTATION_LAYER_ASSIGNMENT (  '', '', ( #5800 ) ) ;
#8905 = DIRECTION ( 'NONE',  ( -0.9999748501857348426, 0.0000000000000000000, -0.007092178509965384355 ) ) ;
#8906 = DIRECTION ( 'NONE',  ( -0.7071067811865475727, 0.0000000000000000000, 0.7071067811865475727 ) ) ;
#8907 =( NAMED_UNIT ( * ) PLANE_ANGLE_UNIT ( ) SI_UNIT ( $, .RADIAN. ) );
#8908 = DIRECTION ( 'NONE',  ( 0.0000000000000000000, 1.000000000000000000, 0.0000000000000000000 ) ) ;
#8909 = DIRECTION ( 'NONE',  ( 0.9999748501857348426, -0.0000000000000000000, 0.007092178509964114537 ) ) ;
#8910 = AXIS2_PLACEMENT_3D ( 'NONE', #1016, #2004, #10543 ) ;
#8911 = CARTESIAN_POINT ( 'NONE',  ( 7.421708908919367964, 4.751000000000000334, 1.852085253997889369 ) ) ;
#8912 = ORIENTED_EDGE ( 'NONE', *, *, #4564, .T. ) ;
#8913 = PLANE ( 'NONE',  #3206 ) ;
#8914 =( NAMED_UNIT ( * ) SI_UNIT ( $, .STERADIAN. ) SOLID_ANGLE_UNIT ( ) );
#8915 = EDGE_CURVE ( 'NONE', #1370, #11780, #11293, .T. ) ;
#8916 = B_SPLINE_CURVE_WITH_KNOTS ( 'NONE', 3,
 ( #3165, #7795, #4196, #6885 ),
 .UNSPECIFIED., .F., .F.,
 ( 4, 4 ),
 ( 5.000000000000000000, 6.000000000000000000 ),
 .UNSPECIFIED. ) ;
#8917 = SURFACE_SIDE_STYLE ('',( #8125 ) ) ;
#8918 = ORIENTED_EDGE ( 'NONE', *, *, #7684, .T. ) ;
#8919 = DIRECTION ( 'NONE',  ( -0.0000000000000000000, -1.000000000000000000, -0.0000000000000000000 ) ) ;
#8920 =( NAMED_UNIT ( * ) SI_UNIT ( $, .STERADIAN. ) SOLID_ANGLE_UNIT ( ) );
#8921 = ADVANCED_FACE ( 'NONE', ( #4198 ), #7019, .T. ) ;
#8922 = MECHANICAL_DESIGN_GEOMETRIC_PRESENTATION_REPRESENTATION (  '', ( #5816 ), #3859 ) ;
#8923 = EDGE_LOOP ( 'NONE', ( #2471, #10759, #12012, #83 ) ) ;
#8924 = EDGE_LOOP ( 'NONE', ( #11086, #655, #4487, #9552, #11765, #5543, #8592, #355, #7416, #362, #2541, #4403, #11998, #8963 ) ) ;
#8925 = VERTEX_POINT ( 'NONE', #11242 ) ;
#8926 = FACE_OUTER_BOUND ( 'NONE', #6897, .T. ) ;
#8927 = CARTESIAN_POINT ( 'NONE',  ( 4.885703005539357768, 4.751000000000000334, 1.673311825395795482 ) ) ;
#8928 = CARTESIAN_POINT ( 'NONE',  ( 4.921845531079022784, 4.750000000000000000, 2.533209638221726845 ) ) ;
#8929 = B_SPLINE_SURFACE_WITH_KNOTS ( 'NONE', 3, 1, ( 
 ( #6050, #7067 ),
 ( #495, #7139 ),
 ( #11801, #7982 ),
 ( #5108, #11734 ) ),
 .UNSPECIFIED., .F., .F., .F.,
 ( 4, 4 ),
 ( 2, 2 ),
 ( 8.000000000000000000, 9.000000000000000000 ),
 ( 0.0000000000000000000, 1.000000000000000000 ),
 .UNSPECIFIED. ) ;
#8930 =( NAMED_UNIT ( * ) SI_UNIT ( $, .STERADIAN. ) SOLID_ANGLE_UNIT ( ) );
#8931 = FILL_AREA_STYLE ('',( #467 ) ) ;
#8932 =( NAMED_UNIT ( * ) PLANE_ANGLE_UNIT ( ) SI_UNIT ( $, .RADIAN. ) );
#8933 = CARTESIAN_POINT ( 'NONE',  ( 4.921210400610024571, 4.751000000000000334, 2.824344672324774042 ) ) ;
#8934 = DIRECTION ( 'NONE',  ( 0.007092178509961665975, -0.0000000000000000000, -0.9999748501857348426 ) ) ;
#8935 = LINE ( 'NONE', #4295, #9449 ) ;
#8936 = CARTESIAN_POINT ( 'NONE',  ( 8.375754339411152216, 4.750000000000000000, 1.898617276798059805 ) ) ;
#8937 = VECTOR ( 'NONE', #9350, 1000.000000000000114 ) ;
#8938 = VERTEX_POINT ( 'NONE', #12155 ) ;
#8939 = VERTEX_POINT ( 'NONE', #11128 ) ;
#8940 = AXIS2_PLACEMENT_3D ( 'NONE', #890, #7468, #2696 ) ;
#8941 = LINE ( 'NONE', #8148, #3960 ) ;
#8942 = UNCERTAINTY_MEASURE_WITH_UNIT (LENGTH_MEASURE( 1.000000000000000082E-05 ), #507, 'distance_accuracy_value', 'NONE');
#8943 = MECHANICAL_DESIGN_GEOMETRIC_PRESENTATION_REPRESENTATION (  '', ( #4854 ), #6598 ) ;
#8944 = SURFACE_SIDE_STYLE ('',( #1423 ) ) ;
#8945 = DIRECTION ( 'NONE',  ( 0.0000000000000000000, -0.0000000000000000000, 1.000000000000000000 ) ) ;
#8946 =( NAMED_UNIT ( * ) PLANE_ANGLE_UNIT ( ) SI_UNIT ( $, .RADIAN. ) );
#8947 =( NAMED_UNIT ( * ) SI_UNIT ( $, .STERADIAN. ) SOLID_ANGLE_UNIT ( ) );
#8948 = CARTESIAN_POINT ( 'NONE',  ( 5.417415157114687574, 4.751000000000000334, 1.912594008837416704 ) ) ;
#8949 = CARTESIAN_POINT ( 'NONE',  ( 5.647237400633260407, 4.751000000000000334, 1.633482292201687835 ) ) ;
#8950 =( GEOMETRIC_REPRESENTATION_CONTEXT ( 3 ) GLOBAL_UNCERTAINTY_ASSIGNED_CONTEXT ( ( #4390 ) ) GLOBAL_UNIT_ASSIGNED_CONTEXT ( ( #873, #4696, #66 ) ) REPRESENTATION_CONTEXT ( 'NONE', 'WORKASPACE' ) );
#8951 = CARTESIAN_POINT ( 'NONE',  ( 4.797445472848246517, 4.750000000000000000, 2.682056254219147728 ) ) ;
#8952 = B_SPLINE_CURVE_WITH_KNOTS ( 'NONE', 3,
 ( #6220, #10707, #3288, #6167 ),
 .UNSPECIFIED., .F., .F.,
 ( 4, 4 ),
 ( 4.000000000000000000, 5.000000000000000000 ),
 .UNSPECIFIED. ) ;
#8953 = PLANE ( 'NONE',  #9677 ) ;
#8954 = CARTESIAN_POINT ( 'NONE',  ( 0.0000000000000000000, 4.751000000000000334, 0.0000000000000000000 ) ) ;
#8955 = VECTOR ( 'NONE', #5812, 1000.000000000000000 ) ;
#8956 = CARTESIAN_POINT ( 'NONE',  ( 5.582732426778765245, 4.751000000000000334, 2.426899934826519889 ) ) ;
#8957 = ORIENTED_EDGE ( 'NONE', *, *, #12114, .F. ) ;
#8958 = EDGE_CURVE ( 'NONE', #11830, #1827, #3661, .T. ) ;
#8959 = UNCERTAINTY_MEASURE_WITH_UNIT (LENGTH_MEASURE( 1.000000000000000082E-05 ), #4187, 'distance_accuracy_value', 'NONE');
#8960 = CARTESIAN_POINT ( 'NONE',  ( 5.796910837255422777, 4.751000000000000334, 1.677954814413354256 ) ) ;
#8961 =( NAMED_UNIT ( * ) PLANE_ANGLE_UNIT ( ) SI_UNIT ( $, .RADIAN. ) );
#8962 = CARTESIAN_POINT ( 'NONE',  ( 5.912626032410770449, 4.751000000000000334, 2.497085568361215646 ) ) ;
#8963 = ORIENTED_EDGE ( 'NONE', *, *, #5936, .T. ) ;
#8964 = FACE_OUTER_BOUND ( 'NONE', #2704, .T. ) ;
#8965 = CARTESIAN_POINT ( 'NONE',  ( 5.721231509315352071, 4.750000000000000000, 2.489229479681916324 ) ) ;
#8966 = SURFACE_SIDE_STYLE ('',( #3039 ) ) ;
#8967 = CARTESIAN_POINT ( 'NONE',  ( 7.112316406945546454, 4.751000000000000334, 1.640217546555912564 ) ) ;
#8968 = ORIENTED_EDGE ( 'NONE', *, *, #5496, .F. ) ;
#8969 = SURFACE_STYLE_FILL_AREA ( #3233 ) ;
#8970 = FILL_AREA_STYLE_COLOUR ( '', #10979 ) ;
#8971 = CARTESIAN_POINT ( 'NONE',  ( 5.147193573663065180, 4.751000000000000334, 2.481778899562427476 ) ) ;
#8972 = EDGE_CURVE ( 'NONE', #2741, #2321, #7485, .T. ) ;
#8973 = CARTESIAN_POINT ( 'NONE',  ( 17.78000000000000114, 0.0000000000000000000, -4.999999999999999112 ) ) ;
#8974 = PRESENTATION_LAYER_ASSIGNMENT (  '', '', ( #10366 ) ) ;
#8975 = SURFACE_STYLE_FILL_AREA ( #638 ) ;
#8976 = SURFACE_STYLE_FILL_AREA ( #1563 ) ;
#8977 = ORIENTED_EDGE ( 'NONE', *, *, #3520, .T. ) ;
#8978 = UNCERTAINTY_MEASURE_WITH_UNIT (LENGTH_MEASURE( 1.000000000000000082E-05 ), #2580, 'distance_accuracy_value', 'NONE');
#8979 = SURFACE_STYLE_USAGE ( .BOTH. , #5263 ) ;
#8980 = DIRECTION ( 'NONE',  ( 0.0000000000000000000, 0.0000000000000000000, 1.000000000000000000 ) ) ;
#8981 =( LENGTH_UNIT ( ) NAMED_UNIT ( * ) SI_UNIT ( .MILLI., .METRE. ) );
#8982 = VERTEX_POINT ( 'NONE', #6341 ) ;
#8983 = CARTESIAN_POINT ( 'NONE',  ( 8.584519778110365706, 4.751000000000000334, 2.026625182209353060 ) ) ;
#8984 = ORIENTED_EDGE ( 'NONE', *, *, #8828, .F. ) ;
#8985 = FILL_AREA_STYLE ('',( #3317 ) ) ;
#8986 = ORIENTED_EDGE ( 'NONE', *, *, #11932, .F. ) ;
#8987 = EDGE_CURVE ( 'NONE', #2661, #2126, #4742, .T. ) ;
#8988 = EDGE_CURVE ( 'NONE', #3348, #898, #6575, .T. ) ;
#8989 = VERTEX_POINT ( 'NONE', #8221 ) ;
#8990 = LINE ( 'NONE', #6252, #5356 ) ;
#8991 = CARTESIAN_POINT ( 'NONE',  ( 7.320312642992590213, 4.751000000000000334, 2.896118056044793221 ) ) ;
#8992 = EDGE_CURVE ( 'NONE', #3923, #316, #2780, .T. ) ;
#8993 = SURFACE_STYLE_USAGE ( .BOTH. , #10057 ) ;
#8994 = FACE_BOUND ( 'NONE', #654, .T. ) ;
#8995 = CARTESIAN_POINT ( 'NONE',  ( 5.442876645918871326, 4.751000000000000334, 1.639571327278545931 ) ) ;
#8996 = CARTESIAN_POINT ( 'NONE',  ( 5.913579251370840950, 4.751000000000000334, 1.666304859643089387 ) ) ;
#8997 = CARTESIAN_POINT ( 'NONE',  ( 5.994066292223217296, 4.750000000000000000, 1.643220614943113889 ) ) ;
#8998 = COLOUR_RGB ( '',0.8823529411764705621, 0.8823529411764705621, 0.8823529411764705621 ) ;
#8999 = CARTESIAN_POINT ( 'NONE',  ( 8.905602803042032889, 4.751000000000000334, 2.629001958253291527 ) ) ;
#9000 =( NAMED_UNIT ( * ) SI_UNIT ( $, .STERADIAN. ) SOLID_ANGLE_UNIT ( ) );
#9001 = COLOUR_RGB ( '',0.0000000000000000000, 0.0000000000000000000, 0.0000000000000000000 ) ;
#9002 = SURFACE_STYLE_FILL_AREA ( #9757 ) ;
#9003 = VERTEX_POINT ( 'NONE', #801 ) ;
#9004 = ORIENTED_EDGE ( 'NONE', *, *, #9640, .F. ) ;
#9005 = DIRECTION ( 'NONE',  ( 0.0000000000000000000, 0.0000000000000000000, -1.000000000000000000 ) ) ;
#9006 = CARTESIAN_POINT ( 'NONE',  ( 5.796016721719511544, 4.751000000000000334, 1.804022291115300547 ) ) ;
#9007 = LINE ( 'NONE', #2762, #4107 ) ;
#9008 = LINE ( 'NONE', #612, #11976 ) ;
#9009 = DIRECTION ( 'NONE',  ( 0.9999748501857348426, 0.0000000000000000000, 0.007092178509963925452 ) ) ;
#9010 = SURFACE_STYLE_FILL_AREA ( #8887 ) ;
#9011 = PRESENTATION_LAYER_ASSIGNMENT (  '', '', ( #8415 ) ) ;
#9012 =( GEOMETRIC_REPRESENTATION_CONTEXT ( 3 ) GLOBAL_UNCERTAINTY_ASSIGNED_CONTEXT ( ( #5038 ) ) GLOBAL_UNIT_ASSIGNED_CONTEXT ( ( #2322, #3254, #9800 ) ) REPRESENTATION_CONTEXT ( 'NONE', 'WORKASPACE' ) );
#9013 = LINE ( 'NONE', #552, #8244 ) ;
#9014 = VERTEX_POINT ( 'NONE', #10093 ) ;
#9015 = DIRECTION ( 'NONE',  ( 0.007092178509963429321, -0.0000000000000000000, -0.9999748501857348426 ) ) ;
#9016 = CARTESIAN_POINT ( 'NONE',  ( -17.77999999999999758, 0.0000000000000000000, 3.750000000000004885 ) ) ;
#9017 = LINE ( 'NONE', #11620, #3799 ) ;
#9018 = VECTOR ( 'NONE', #4025, 1000.000000000000114 ) ;
#9019 = ORIENTED_EDGE ( 'NONE', *, *, #9893, .T. ) ;
#9020 = FILL_AREA_STYLE ('',( #6170 ) ) ;
#9021 = PLANE ( 'NONE',  #7319 ) ;
#9022 = ORIENTED_EDGE ( 'NONE', *, *, #9395, .T. ) ;
#9023 = EDGE_CURVE ( 'NONE', #7556, #9347, #11457, .T. ) ;
#9024 = AXIS2_PLACEMENT_3D ( 'NONE', #3704, #7424, #5597 ) ;
#9025 = VECTOR ( 'NONE', #4414, 1000.000000000000000 ) ;
#9026 = PRESENTATION_LAYER_ASSIGNMENT (  '', '', ( #10411 ) ) ;
#9027 = UNCERTAINTY_MEASURE_WITH_UNIT (LENGTH_MEASURE( 1.000000000000000082E-05 ), #2557, 'distance_accuracy_value', 'NONE');
#9028 = B_SPLINE_SURFACE_WITH_KNOTS ( 'NONE', 3, 1, ( 
 ( #1123, #559 ),
 ( #4317, #11870 ),
 ( #10897, #6225 ),
 ( #4449, #2297 ) ),
 .UNSPECIFIED., .F., .F., .F.,
 ( 4, 4 ),
 ( 2, 2 ),
 ( 17.00000000000000000, 18.00000000000000000 ),
 ( 0.0000000000000000000, 1.000000000000000000 ),
 .UNSPECIFIED. ) ;
#9029 = LINE ( 'NONE', #863, #6894 ) ;
#9030 =( LENGTH_UNIT ( ) NAMED_UNIT ( * ) SI_UNIT ( .MILLI., .METRE. ) );
#9031 = DIRECTION ( 'NONE',  ( 0.9999748501857348426, 0.0000000000000000000, 0.007092178509964183926 ) ) ;
#9032 = ORIENTED_EDGE ( 'NONE', *, *, #3332, .T. ) ;
#9033 = PLANE ( 'NONE',  #12009 ) ;
#9034 = VECTOR ( 'NONE', #8772, 1000.000000000000114 ) ;
#9035 = VECTOR ( 'NONE', #11253, 1000.000000000000227 ) ;
#9036 = VECTOR ( 'NONE', #4300, 1000.000000000000000 ) ;
#9037 = CARTESIAN_POINT ( 'NONE',  ( -11.00000000000000000, 4.750000000000000000, -1.135603754986240755E-15 ) ) ;
#9038 = CARTESIAN_POINT ( 'NONE',  ( 7.629858834791350297, 4.750000000000000000, 3.086296538366034792 ) ) ;
#9039 = ORIENTED_EDGE ( 'NONE', *, *, #4868, .T. ) ;
#9040 = EDGE_CURVE ( 'NONE', #10466, #6307, #3600, .T. ) ;
#9041 = CARTESIAN_POINT ( 'NONE',  ( 3.755145885214310475, 4.750000000000000000, 1.607325549105677487 ) ) ;
#9042 = DIRECTION ( 'NONE',  ( -0.3427414958530305977, -0.0000000000000000000, -0.9394297562992280914 ) ) ;
#9043 = ORIENTED_EDGE ( 'NONE', *, *, #4580, .F. ) ;
#9044 = VECTOR ( 'NONE', #7899, 1000.000000000000000 ) ;
#9045 = VECTOR ( 'NONE', #11390, 1000.000000000000000 ) ;
#9046 = ORIENTED_EDGE ( 'NONE', *, *, #8505, .T. ) ;
#9047 =( LENGTH_UNIT ( ) NAMED_UNIT ( * ) SI_UNIT ( .MILLI., .METRE. ) );
#9048 = CARTESIAN_POINT ( 'NONE',  ( 5.646770985724858249, 4.751000000000000334, 1.699245326436861880 ) ) ;
#9049 = LINE ( 'NONE', #7222, #9025 ) ;
#9050 = SURFACE_STYLE_FILL_AREA ( #5337 ) ;
#9051 = EDGE_CURVE ( 'NONE', #5024, #2278, #11067, .T. ) ;
#9052 = EDGE_CURVE ( 'NONE', #7278, #11567, #12107, .T. ) ;
#9053 = CARTESIAN_POINT ( 'NONE',  ( 7.808526143341535608, 4.751000000000000334, 2.870660180011683327 ) ) ;
#9054 = EDGE_CURVE ( 'NONE', #8875, #2143, #7498, .T. ) ;
#9056 = LINE ( 'NONE', #7226, #9098 ) ;
#9055 = COLOUR_RGB ( '',0.0000000000000000000, 0.0000000000000000000, 0.0000000000000000000 ) ;
#9057 =( NAMED_UNIT ( * ) SI_UNIT ( $, .STERADIAN. ) SOLID_ANGLE_UNIT ( ) );
#9058 = COLOUR_RGB ( '',0.0000000000000000000, 0.0000000000000000000, 0.0000000000000000000 ) ;
#9059 = DIRECTION ( 'NONE',  ( -0.0000000000000000000, -1.000000000000000000, -0.0000000000000000000 ) ) ;
#9060 = FILL_AREA_STYLE_COLOUR ( '', #5439 ) ;
#9061 = ORIENTED_EDGE ( 'NONE', *, *, #11497, .T. ) ;
#9062 = ORIENTED_EDGE ( 'NONE', *, *, #8391, .F. ) ;
#9063 = DIRECTION ( 'NONE',  ( -0.0000000000000000000, -1.000000000000000000, -0.0000000000000000000 ) ) ;
#9064 = MECHANICAL_DESIGN_GEOMETRIC_PRESENTATION_REPRESENTATION (  '', ( #9453 ), #2615 ) ;
#9065 =( GEOMETRIC_REPRESENTATION_CONTEXT ( 3 ) GLOBAL_UNCERTAINTY_ASSIGNED_CONTEXT ( ( #3680 ) ) GLOBAL_UNIT_ASSIGNED_CONTEXT ( ( #289, #11427, #47 ) ) REPRESENTATION_CONTEXT ( 'NONE', 'WORKASPACE' ) );
#9066 = COLOUR_RGB ( '',0.0000000000000000000, 0.0000000000000000000, 0.0000000000000000000 ) ;
#9067 = UNCERTAINTY_MEASURE_WITH_UNIT (LENGTH_MEASURE( 1.000000000000000082E-05 ), #7914, 'distance_accuracy_value', 'NONE');
#9068 = CARTESIAN_POINT ( 'NONE',  ( 8.641435026956958865, 4.751000000000000334, 1.647447597840791644 ) ) ;
#9069 = CARTESIAN_POINT ( 'NONE',  ( 7.421708908919367964, 4.751000000000000334, 1.852085253997889369 ) ) ;
#9070 = DIRECTION ( 'NONE',  ( -0.0000000000000000000, -1.000000000000000000, -0.0000000000000000000 ) ) ;
#9071 =( NAMED_UNIT ( * ) PLANE_ANGLE_UNIT ( ) SI_UNIT ( $, .RADIAN. ) );
#9072 = EDGE_CURVE ( 'NONE', #9452, #7268, #11009, .T. ) ;
#9073 = VECTOR ( 'NONE', #1383, 1000.000000000000000 ) ;
#9074 = ORIENTED_EDGE ( 'NONE', *, *, #1098, .T. ) ;
#9075 = DIRECTION ( 'NONE',  ( 0.4987484692609973624, 0.0000000000000000000, 0.8667467706370828306 ) ) ;
#9076 = COLOUR_RGB ( '',0.0000000000000000000, 0.0000000000000000000, 0.0000000000000000000 ) ;
#9077 = EDGE_CURVE ( 'NONE', #9966, #9896, #11927, .T. ) ;
#9078 = VECTOR ( 'NONE', #7890, 1000.000000000000000 ) ;
#9079 =( NAMED_UNIT ( * ) PLANE_ANGLE_UNIT ( ) SI_UNIT ( $, .RADIAN. ) );
#9080 = ORIENTED_EDGE ( 'NONE', *, *, #9206, .T. ) ;
#9081 = PRESENTATION_LAYER_ASSIGNMENT (  '', '', ( #8048 ) ) ;
#9082 = STYLED_ITEM ( 'NONE', ( #8044 ), #8890 ) ;
#9083 = CARTESIAN_POINT ( 'NONE',  ( 5.960080507932782545, 4.750000000000000000, 1.725382462917125492 ) ) ;
#9084 = VERTEX_POINT ( 'NONE', #747 ) ;
#9085 = SURFACE_SIDE_STYLE ('',( #5371 ) ) ;
#9086 = CARTESIAN_POINT ( 'NONE',  ( 5.482928423974117393, 4.750000000000000000, 1.746693201634514692 ) ) ;
#9087 = DIRECTION ( 'NONE',  ( 0.9999748501857348426, 0.0000000000000000000, 0.007092178509975918463 ) ) ;
#9088 = ORIENTED_EDGE ( 'NONE', *, *, #9718, .F. ) ;
#9089 = LINE ( 'NONE', #3479, #7926 ) ;
#9090 = VECTOR ( 'NONE', #3216, 1000.000000000000000 ) ;
#9091 =( NAMED_UNIT ( * ) SI_UNIT ( $, .STERADIAN. ) SOLID_ANGLE_UNIT ( ) );
#9092 = CARTESIAN_POINT ( 'NONE',  ( 9.999999999999998224, -3.750000000000000000, 0.5000000000000004441 ) ) ;
#9093 = DIRECTION ( 'NONE',  ( 0.007092178509964109333, 0.0000000000000000000, -0.9999748501857348426 ) ) ;
#9094 = DIRECTION ( 'NONE',  ( 0.2455530343989273112, -0.0000000000000000000, 0.9693831581461889169 ) ) ;
#9095 = ORIENTED_EDGE ( 'NONE', *, *, #10972, .F. ) ;
#9096 = UNCERTAINTY_MEASURE_WITH_UNIT (LENGTH_MEASURE( 1.000000000000000082E-05 ), #6640, 'distance_accuracy_value', 'NONE');
#9097 = LINE ( 'NONE', #4692, #9648 ) ;
#9098 = VECTOR ( 'NONE', #3634, 1000.000000000000114 ) ;
#9099 =( NAMED_UNIT ( * ) PLANE_ANGLE_UNIT ( ) SI_UNIT ( $, .RADIAN. ) );
#9100 = EDGE_LOOP ( 'NONE', ( #4159, #5831, #3330, #2718 ) ) ;
#9101 = PRESENTATION_STYLE_ASSIGNMENT (( #4472 ) ) ;
#9102 = B_SPLINE_CURVE_WITH_KNOTS ( 'NONE', 3,
 ( #608, #10629, #9820, #11606 ),
 .UNSPECIFIED., .F., .F.,
 ( 4, 4 ),
 ( 5.000000000000000000, 6.000000000000000000 ),
 .UNSPECIFIED. ) ;
#9103 = CARTESIAN_POINT ( 'NONE',  ( 5.904015003649081272, 4.750000000000000000, 2.868227407681360752 ) ) ;
#9104 = EDGE_LOOP ( 'NONE', ( #6096, #2980, #288, #10287 ) ) ;
#9105 = B_SPLINE_SURFACE_WITH_KNOTS ( 'NONE', 3, 1, ( 
 ( #1590, #673 ),
 ( #11962, #4429 ),
 ( #8149, #11910 ),
 ( #8202, #3581 ) ),
 .UNSPECIFIED., .F., .F., .F.,
 ( 4, 4 ),
 ( 2, 2 ),
 ( 2.000000000000000000, 3.000000000000000000 ),
 ( 0.0000000000000000000, 1.000000000000000000 ),
 .UNSPECIFIED. ) ;
#9106 = MECHANICAL_DESIGN_GEOMETRIC_PRESENTATION_REPRESENTATION (  '', ( #5616 ), #7938 ) ;
#9107 = ORIENTED_EDGE ( 'NONE', *, *, #10222, .F. ) ;
#9108 =( NAMED_UNIT ( * ) SI_UNIT ( $, .STERADIAN. ) SOLID_ANGLE_UNIT ( ) );
#9109 = ADVANCED_FACE ( 'NONE', ( #4508 ), #2664, .F. ) ;
#9110 =( NAMED_UNIT ( * ) SI_UNIT ( $, .STERADIAN. ) SOLID_ANGLE_UNIT ( ) );
#9111 = ADVANCED_FACE ( 'NONE', ( #8514 ), #5336, .T. ) ;
#9112 =( GEOMETRIC_REPRESENTATION_CONTEXT ( 3 ) GLOBAL_UNCERTAINTY_ASSIGNED_CONTEXT ( ( #3345 ) ) GLOBAL_UNIT_ASSIGNED_CONTEXT ( ( #1491, #7063, #5233 ) ) REPRESENTATION_CONTEXT ( 'NONE', 'WORKASPACE' ) );
#9113 = CARTESIAN_POINT ( 'NONE',  ( 5.951886135981641068, 4.750000000000000000, 1.927822292496756962 ) ) ;
#9114 = CARTESIAN_POINT ( 'NONE',  ( 5.548873985797055042, 4.750000000000000000, 1.611469090392399384 ) ) ;
#9115 = DIRECTION ( 'NONE',  ( -0.0000000000000000000, -1.000000000000000000, -0.0000000000000000000 ) ) ;
#9116 = AXIS2_PLACEMENT_3D ( 'NONE', #2348, #10882, #4435 ) ;
#9117 = CARTESIAN_POINT ( 'NONE',  ( -9.999999999999998224, 3.750000000000000000, -4.482646401261477961E-16 ) ) ;
#9118 = CARTESIAN_POINT ( 'NONE',  ( 6.772620466632170988, 4.751000000000000334, 2.133071390992519412 ) ) ;
#9119 = CARTESIAN_POINT ( 'NONE',  ( 5.320508165666915978, 4.751000000000000334, 1.501971841575278299 ) ) ;
#9120 = DIRECTION ( 'NONE',  ( -0.0000000000000000000, -1.000000000000000000, -0.0000000000000000000 ) ) ;
#9121 = VERTEX_POINT ( 'NONE', #3150 ) ;
#9122 = ORIENTED_EDGE ( 'NONE', *, *, #56, .F. ) ;
#9123 = PRESENTATION_LAYER_ASSIGNMENT (  '', '', ( #5816 ) ) ;
#9124 = EDGE_CURVE ( 'NONE', #6203, #9529, #2147, .T. ) ;
#9125 = ADVANCED_FACE ( 'NONE', ( #1240 ), #1971, .F. ) ;
#9126 = AXIS2_PLACEMENT_3D ( 'NONE', #2745, #3858, #11206 ) ;
#9127 = B_SPLINE_CURVE_WITH_KNOTS ( 'NONE', 3,
 ( #1981, #6702, #7792, #11561 ),
 .UNSPECIFIED., .F., .F.,
 ( 4, 4 ),
 ( 19.00000000000000000, 20.00000000000000000 ),
 .UNSPECIFIED. ) ;
#9128 = CARTESIAN_POINT ( 'NONE',  ( 3.919000357439532678, 4.751000000000000334, 2.016342963659302434 ) ) ;
#9129 = DIRECTION ( 'NONE',  ( -0.007092178509962025063, -0.0000000000000000000, 0.9999748501857348426 ) ) ;
#9130 =( LENGTH_UNIT ( ) NAMED_UNIT ( * ) SI_UNIT ( .MILLI., .METRE. ) );
#9131 = DIRECTION ( 'NONE',  ( 0.007092178509965066033, 0.0000000000000000000, -0.9999748501857348426 ) ) ;
#9132 = CARTESIAN_POINT ( 'NONE',  ( 5.504074232833599645, 4.750000000000000000, 1.825606818309852608 ) ) ;
#9133 = SURFACE_STYLE_FILL_AREA ( #10080 ) ;
#9134 = DIRECTION ( 'NONE',  ( 0.0000000000000000000, 0.0000000000000000000, -1.000000000000000000 ) ) ;
#9135 = CARTESIAN_POINT ( 'NONE',  ( 5.542266887760171734, 4.751000000000000334, 1.663411433829511177 ) ) ;
#9136 = B_SPLINE_CURVE_WITH_KNOTS ( 'NONE', 3,
 ( #9189, #8337, #8156, #1665 ),
 .UNSPECIFIED., .F., .F.,
 ( 4, 4 ),
 ( 9.000000000000000000, 10.00000000000000000 ),
 .UNSPECIFIED. ) ;
#9137 = DIRECTION ( 'NONE',  ( -0.9999748501857348426, 0.0000000000000000000, -0.007092178509961665975 ) ) ;
#9138 = EDGE_CURVE ( 'NONE', #118, #6049, #2947, .T. ) ;
#9139 = ORIENTED_EDGE ( 'NONE', *, *, #4724, .T. ) ;
#9140 = EDGE_CURVE ( 'NONE', #5012, #10024, #614, .T. ) ;
#9141 = LINE ( 'NONE', #5368, #3988 ) ;
#9142 =( NAMED_UNIT ( * ) PLANE_ANGLE_UNIT ( ) SI_UNIT ( $, .RADIAN. ) );
#9143 = VECTOR ( 'NONE', #10223, 1000.000000000000000 ) ;
#9144 = LINE ( 'NONE', #5607, #2424 ) ;
#9145 = ORIENTED_EDGE ( 'NONE', *, *, #9264, .F. ) ;
#9146 = CARTESIAN_POINT ( 'NONE',  ( 7.538179504055722902, 4.751000000000000334, 2.250567915820366416 ) ) ;
#9147 = CARTESIAN_POINT ( 'NONE',  ( 5.683900710923180277, 4.750000000000000000, 2.511580019789578788 ) ) ;
#9148 = DIRECTION ( 'NONE',  ( 1.000000000000000000, 0.0000000000000000000, 0.0000000000000000000 ) ) ;
#9149 = FILL_AREA_STYLE ('',( #10205 ) ) ;
#9150 =( LENGTH_UNIT ( ) NAMED_UNIT ( * ) SI_UNIT ( .MILLI., .METRE. ) );
#9151 = ORIENTED_EDGE ( 'NONE', *, *, #11690, .F. ) ;
#9152 = CARTESIAN_POINT ( 'NONE',  ( 8.905602803042032889, 4.751000000000000334, 2.629001958253291527 ) ) ;
#9153 = VECTOR ( 'NONE', #3110, 1000.000000000000227 ) ;
#9154 = EDGE_CURVE ( 'NONE', #5678, #5723, #2469, .T. ) ;
#9155 = UNCERTAINTY_MEASURE_WITH_UNIT (LENGTH_MEASURE( 1.000000000000000082E-05 ), #99, 'distance_accuracy_value', 'NONE');
#9156 = CARTESIAN_POINT ( 'NONE',  ( 4.386131129894691227, 4.751000000000000334, 2.418413211384245365 ) ) ;
#9157 = CARTESIAN_POINT ( 'NONE',  ( 5.942858560643561106, 4.751000000000000334, 1.771270763671490389 ) ) ;
#9158 = DIRECTION ( 'NONE',  ( -0.007092178509957856522, -0.0000000000000000000, 0.9999748501857349536 ) ) ;
#9159 = CARTESIAN_POINT ( 'NONE',  ( 7.935457179296720120, 4.750000000000000000, 1.794273050044952411 ) ) ;
#9160 = ORIENTED_EDGE ( 'NONE', *, *, #11558, .F. ) ;
#9161 = PRESENTATION_STYLE_ASSIGNMENT (( #4520 ) ) ;
#9162 = FILL_AREA_STYLE_COLOUR ( '', #3446 ) ;
#9163 = ORIENTED_EDGE ( 'NONE', *, *, #11708, .T. ) ;
#9164 = LINE ( 'NONE', #2442, #9753 ) ;
#9165 = CARTESIAN_POINT ( 'NONE',  ( 8.486584710475561621, 4.750000000000000000, 2.582649640016943859 ) ) ;
#9166 = EDGE_LOOP ( 'NONE', ( #3995, #8712, #1875, #9612, #12027, #7322, #4874, #7462, #9167, #9812, #6817, #5554 ) ) ;
#9167 = ORIENTED_EDGE ( 'NONE', *, *, #598, .F. ) ;
#9168 = CARTESIAN_POINT ( 'NONE',  ( 5.768905249728132567, 4.751000000000000334, 2.419642120377659023 ) ) ;
#9169 = CARTESIAN_POINT ( 'NONE',  ( 11.00000000000000000, 4.750000000000000000, -1.135603754986240755E-15 ) ) ;
#9170 = LINE ( 'NONE', #7043, #4848 ) ;
#9171 = DIRECTION ( 'NONE',  ( -0.0000000000000000000, -1.000000000000000000, -0.0000000000000000000 ) ) ;
#9172 = CARTESIAN_POINT ( 'NONE',  ( 5.471967879589486827, 4.751000000000000334, 1.990964721217279854 ) ) ;
#9173 = DIRECTION ( 'NONE',  ( 0.9370112956730888287, 0.0000000000000000000, -0.3492990578015341407 ) ) ;
#9174 = LINE ( 'NONE', #9118, #11518 ) ;
#9175 = CARTESIAN_POINT ( 'NONE',  ( 7.935457179296720120, 4.750000000000000000, 1.794273050044952633 ) ) ;
#9176 = ADVANCED_FACE ( 'NONE', ( #6267 ), #7841, .F. ) ;
#9177 = FILL_AREA_STYLE_COLOUR ( '', #4047 ) ;
#9178 = CARTESIAN_POINT ( 'NONE',  ( 7.436142834514272160, 4.750000000000000000, 1.855802628231660867 ) ) ;
#9179 = ORIENTED_EDGE ( 'NONE', *, *, #7356, .F. ) ;
#9180 = VERTEX_POINT ( 'NONE', #3278 ) ;
#9181 = CARTESIAN_POINT ( 'NONE',  ( 5.630999838382803269, 4.750000000000000000, 1.943742673523004783 ) ) ;
#9182 = FILL_AREA_STYLE ('',( #12032 ) ) ;
#9183 = DIRECTION ( 'NONE',  ( -0.0000000000000000000, -1.000000000000000000, -0.0000000000000000000 ) ) ;
#9184 = CARTESIAN_POINT ( 'NONE',  ( 7.238914016114391892, 4.751000000000000334, 1.630270273026668049 ) ) ;
#9185 = CARTESIAN_POINT ( 'NONE',  ( 5.951363496090055882, 4.751000000000000334, 1.983187087298805329 ) ) ;
#9186 = CYLINDRICAL_SURFACE ( 'NONE', #4618, 0.3400000000000000244 ) ;
#9187 = CARTESIAN_POINT ( 'NONE',  ( 8.295380826456906220, 4.750000000000000000, 2.527067671165228457 ) ) ;
#9188 = ADVANCED_FACE ( 'NONE', ( #2281 ), #485, .F. ) ;
#9189 = CARTESIAN_POINT ( 'NONE',  ( 5.903391143265678487, 4.750000000000000000, 1.838316864983614130 ) ) ;
#9190 = MECHANICAL_DESIGN_GEOMETRIC_PRESENTATION_REPRESENTATION (  '', ( #7448 ), #4318 ) ;
#9191 = ORIENTED_EDGE ( 'NONE', *, *, #5713, .T. ) ;
#9192 = B_SPLINE_CURVE_WITH_KNOTS ( 'NONE', 3,
 ( #9239, #6434, #10065, #12079 ),
 .UNSPECIFIED., .F., .F.,
 ( 4, 4 ),
 ( 8.000000000000000000, 9.000000000000000000 ),
 .UNSPECIFIED. ) ;
#9193 = CARTESIAN_POINT ( 'NONE',  ( 5.565717048484234653, 4.750000000000000000, 1.857237533160986942 ) ) ;
#9194 = UNCERTAINTY_MEASURE_WITH_UNIT (LENGTH_MEASURE( 1.000000000000000082E-05 ), #11340, 'distance_accuracy_value', 'NONE');
#9195 = CARTESIAN_POINT ( 'NONE',  ( 5.184920842784719319, 4.750000000000000000, 1.707147399115480413 ) ) ;
#9196 = SURFACE_SIDE_STYLE ('',( #11924 ) ) ;
#9197 = ORIENTED_EDGE ( 'NONE', *, *, #1202, .T. ) ;
#9198 = PLANE ( 'NONE',  #2423 ) ;
#9199 = CARTESIAN_POINT ( 'NONE',  ( 7.276729123073038430, 4.751000000000000334, 2.415006130194304657 ) ) ;
#9200 = COLOUR_RGB ( '',0.0000000000000000000, 0.0000000000000000000, 0.0000000000000000000 ) ;
#9201 = CARTESIAN_POINT ( 'NONE',  ( 5.333239157737539315, 4.751000000000000334, 2.712370787945379558 ) ) ;
#9202 = PRESENTATION_LAYER_ASSIGNMENT (  '', '', ( #10992 ) ) ;
#9203 = SURFACE_STYLE_USAGE ( .BOTH. , #1917 ) ;
#9204 = DIRECTION ( 'NONE',  ( -0.0000000000000000000, -1.000000000000000000, -0.0000000000000000000 ) ) ;
#9205 = ORIENTED_EDGE ( 'NONE', *, *, #3006, .F. ) ;
#9206 = EDGE_CURVE ( 'NONE', #9003, #6294, #7976, .T. ) ;
#9207 = EDGE_CURVE ( 'NONE', #9707, #668, #11164, .T. ) ;
#9208 = DIRECTION ( 'NONE',  ( 0.0000000000000000000, 0.0000000000000000000, 1.000000000000000000 ) ) ;
#9209 = EDGE_CURVE ( 'NONE', #6930, #1078, #1770, .T. ) ;
#9210 = B_SPLINE_SURFACE_WITH_KNOTS ( 'NONE', 3, 1, ( 
 ( #4556, #3994 ),
 ( #4059, #10557 ),
 ( #7714, #9371 ),
 ( #10495, #1031 ),
 ( #8506, #1226 ),
 ( #3077, #100 ) ),
 .UNSPECIFIED., .F., .F., .F.,
 ( 4, 2, 4 ),
 ( 2, 2 ),
 ( 2.000000000000000000, 3.000000000000000000, 4.000000000000000000 ),
 ( 0.0000000000000000000, 1.000000000000000000 ),
 .UNSPECIFIED. ) ;
#9211 = PLANE ( 'NONE',  #7275 ) ;
#9212 = AXIS2_PLACEMENT_3D ( 'NONE', #9709, #2354, #302 ) ;
#9213 = LINE ( 'NONE', #11421, #8061 ) ;
#9214 = PRESENTATION_LAYER_ASSIGNMENT (  '', '', ( #989 ) ) ;
#9215 = CARTESIAN_POINT ( 'NONE',  ( 6.292546702989431751, 4.751000000000000334, 1.854334141944649961 ) ) ;
#9216 = LINE ( 'NONE', #810, #4581 ) ;
#9217 = EDGE_LOOP ( 'NONE', ( #10702, #1861, #3896, #6130 ) ) ;
#9218 = UNCERTAINTY_MEASURE_WITH_UNIT (LENGTH_MEASURE( 1.000000000000000082E-05 ), #6384, 'distance_accuracy_value', 'NONE');
#9219 = FACE_OUTER_BOUND ( 'NONE', #5508, .T. ) ;
#9220 = UNCERTAINTY_MEASURE_WITH_UNIT (LENGTH_MEASURE( 1.000000000000000082E-05 ), #8671, 'distance_accuracy_value', 'NONE');
#9221 = FACE_OUTER_BOUND ( 'NONE', #7837, .T. ) ;
#9222 = FILL_AREA_STYLE_COLOUR ( '', #10540 ) ;
#9223 = ORIENTED_EDGE ( 'NONE', *, *, #5092, .F. ) ;
#9224 = STYLED_ITEM ( 'NONE', ( #5844 ), #1502 ) ;
#9225 = LINE ( 'NONE', #4763, #5257 ) ;
#9226 = STYLED_ITEM ( 'NONE', ( #11860 ), #5256 ) ;
#9227 = SURFACE_STYLE_USAGE ( .BOTH. , #6473 ) ;
#9228 = ORIENTED_EDGE ( 'NONE', *, *, #10137, .T. ) ;
#9229 = ORIENTED_EDGE ( 'NONE', *, *, #7286, .F. ) ;
#9230 = PRESENTATION_LAYER_ASSIGNMENT (  '', '', ( #6308 ) ) ;
#9231 = EDGE_CURVE ( 'NONE', #6049, #9986, #9521, .T. ) ;
#9232 = CARTESIAN_POINT ( 'NONE',  ( 4.866920396687878458, 4.751000000000000334, 2.617302544986444435 ) ) ;
#9233 = PRESENTATION_LAYER_ASSIGNMENT (  '', '', ( #209 ) ) ;
#9234 = LINE ( 'NONE', #1709, #1220 ) ;
#9235 = SURFACE_SIDE_STYLE ('',( #9050 ) ) ;
#9236 = ORIENTED_EDGE ( 'NONE', *, *, #10873, .F. ) ;
#9237 = CARTESIAN_POINT ( 'NONE',  ( 6.110723610304808595, 4.751000000000000334, 1.853044587682046718 ) ) ;
#9238 = FACE_OUTER_BOUND ( 'NONE', #4476, .T. ) ;
#9239 = CARTESIAN_POINT ( 'NONE',  ( 5.940023096017200466, 4.750000000000000000, 2.830790617506793616 ) ) ;
#9240 = PRESENTATION_LAYER_ASSIGNMENT (  '', '', ( #10625 ) ) ;
#9241 = DIRECTION ( 'NONE',  ( -1.000000000000000000, 0.0000000000000000000, 0.0000000000000000000 ) ) ;
#9242 = STYLED_ITEM ( 'NONE', ( #4241 ), #6576 ) ;
#9243 = AXIS2_PLACEMENT_3D ( 'NONE', #1149, #5773, #11410 ) ;
#9244 = FILL_AREA_STYLE_COLOUR ( '', #3543 ) ;
#9245 = ORIENTED_EDGE ( 'NONE', *, *, #3157, .T. ) ;
#9246 = LINE ( 'NONE', #10135, #2198 ) ;
#9247 =( NAMED_UNIT ( * ) PLANE_ANGLE_UNIT ( ) SI_UNIT ( $, .RADIAN. ) );
#9248 = MECHANICAL_DESIGN_GEOMETRIC_PRESENTATION_REPRESENTATION (  '', ( #5555 ), #6335 ) ;
#9249 = CARTESIAN_POINT ( 'NONE',  ( 3.910429938711176501, 4.751000000000000334, 2.051894783472836270 ) ) ;
#9250 = COLOUR_RGB ( '',0.0000000000000000000, 0.0000000000000000000, 0.0000000000000000000 ) ;
#9251 =( LENGTH_UNIT ( ) NAMED_UNIT ( * ) SI_UNIT ( .MILLI., .METRE. ) );
#9252 = FILL_AREA_STYLE ('',( #2887 ) ) ;
#9253 = FACE_OUTER_BOUND ( 'NONE', #8412, .T. ) ;
#9254 = CARTESIAN_POINT ( 'NONE',  ( 5.731968130652063564, 4.750000000000000000, 1.855037346947814969 ) ) ;
#9255 = CARTESIAN_POINT ( 'NONE',  ( 7.810602685323946304, 4.750000000000000000, 3.087578438258134828 ) ) ;
#9256 = DIRECTION ( 'NONE',  ( -0.0000000000000000000, -1.000000000000000000, -0.0000000000000000000 ) ) ;
#9257 = SURFACE_STYLE_FILL_AREA ( #6446 ) ;
#9258 = MECHANICAL_DESIGN_GEOMETRIC_PRESENTATION_REPRESENTATION (  '', ( #7889 ), #5169 ) ;
#9259 =( GEOMETRIC_REPRESENTATION_CONTEXT ( 3 ) GLOBAL_UNCERTAINTY_ASSIGNED_CONTEXT ( ( #3208 ) ) GLOBAL_UNIT_ASSIGNED_CONTEXT ( ( #4992, #10642, #6947 ) ) REPRESENTATION_CONTEXT ( 'NONE', 'WORKASPACE' ) );
#9260 = B_SPLINE_CURVE_WITH_KNOTS ( 'NONE', 3,
 ( #10774, #7802, #3358, #2234 ),
 .UNSPECIFIED., .F., .F.,
 ( 4, 4 ),
 ( 2.000000000000000000, 3.000000000000000000 ),
 .UNSPECIFIED. ) ;
#9261 = ORIENTED_EDGE ( 'NONE', *, *, #5875, .F. ) ;
#9262 = DIRECTION ( 'NONE',  ( 0.9999748501857348426, -0.0000000000000000000, 0.007092178509963067631 ) ) ;
#9263 = FILL_AREA_STYLE_COLOUR ( '', #1210 ) ;
#9264 = EDGE_CURVE ( 'NONE', #2816, #943, #11729, .T. ) ;
#9265 = CARTESIAN_POINT ( 'NONE',  ( 6.024229551471425026, 4.751000000000000334, 1.788484420847151313 ) ) ;
#9266 = ORIENTED_EDGE ( 'NONE', *, *, #8009, .F. ) ;
#9267 = FILL_AREA_STYLE ('',( #7436 ) ) ;
#9268 = DIRECTION ( 'NONE',  ( -0.9999748501857348426, -0.0000000000000000000, -0.007092178509963508251 ) ) ;
#9269 = VECTOR ( 'NONE', #7941, 1000.000000000000000 ) ;
#9270 =( GEOMETRIC_REPRESENTATION_CONTEXT ( 3 ) GLOBAL_UNCERTAINTY_ASSIGNED_CONTEXT ( ( #1749 ) ) GLOBAL_UNIT_ASSIGNED_CONTEXT ( ( #9904, #4200, #11928 ) ) REPRESENTATION_CONTEXT ( 'NONE', 'WORKASPACE' ) );
#9271 =( NAMED_UNIT ( * ) SI_UNIT ( $, .STERADIAN. ) SOLID_ANGLE_UNIT ( ) );
#9272 = ORIENTED_EDGE ( 'NONE', *, *, #97, .T. ) ;
#9273 = SURFACE_SIDE_STYLE ('',( #9336 ) ) ;
#9274 = LINE ( 'NONE', #4750, #9813 ) ;
#9275 = CARTESIAN_POINT ( 'NONE',  ( 5.408217057489516755, 4.750000000000000000, 1.761760082963730545 ) ) ;
#9276 =( GEOMETRIC_REPRESENTATION_CONTEXT ( 3 ) GLOBAL_UNCERTAINTY_ASSIGNED_CONTEXT ( ( #7343 ) ) GLOBAL_UNIT_ASSIGNED_CONTEXT ( ( #2969, #9467, #4018 ) ) REPRESENTATION_CONTEXT ( 'NONE', 'WORKASPACE' ) );
#9277 = CARTESIAN_POINT ( 'NONE',  ( 5.942858560643561106, 4.750000000000000000, 1.771270763671490389 ) ) ;
#9278 = ADVANCED_FACE ( 'NONE', ( #2714 ), #8385, .F. ) ;
#9279 = LINE ( 'NONE', #10217, #7068 ) ;
#9280 = ADVANCED_FACE ( 'NONE', ( #733 ), #9186, .T. ) ;
#9281 = CARTESIAN_POINT ( 'NONE',  ( 4.241861031149168682, 4.750000000000000000, 2.051905896914612448 ) ) ;
#9282 = ORIENTED_EDGE ( 'NONE', *, *, #3466, .T. ) ;
#9283 = CARTESIAN_POINT ( 'NONE',  ( 5.645057426612244633, 4.751000000000000334, 1.885874413237700553 ) ) ;
#9284 = CARTESIAN_POINT ( 'NONE',  ( 4.686673580517120463, 4.751000000000000334, 2.063898830827285202 ) ) ;
#9285 = B_SPLINE_CURVE_WITH_KNOTS ( 'NONE', 3,
 ( #11169, #8342, #10151, #854 ),
 .UNSPECIFIED., .F., .F.,
 ( 4, 4 ),
 ( 2.000000000000000000, 3.000000000000000000 ),
 .UNSPECIFIED. ) ;
#9286 = DIRECTION ( 'NONE',  ( -0.0000000000000000000, -1.000000000000000000, -0.0000000000000000000 ) ) ;
#9287 = CARTESIAN_POINT ( 'NONE',  ( 5.492229796492457794, 4.751000000000000334, 1.663056552920932019 ) ) ;
#9288 = PRESENTATION_LAYER_ASSIGNMENT (  '', '', ( #1051 ) ) ;
#9289 =( NAMED_UNIT ( * ) SI_UNIT ( $, .STERADIAN. ) SOLID_ANGLE_UNIT ( ) );
#9290 = VERTEX_POINT ( 'NONE', #8335 ) ;
#9291 =( GEOMETRIC_REPRESENTATION_CONTEXT ( 3 ) GLOBAL_UNCERTAINTY_ASSIGNED_CONTEXT ( ( #6249 ) ) GLOBAL_UNIT_ASSIGNED_CONTEXT ( ( #11740, #12048, #7317 ) ) REPRESENTATION_CONTEXT ( 'NONE', 'WORKASPACE' ) );
#9292 = CARTESIAN_POINT ( 'NONE',  ( 4.191103140047736098, 4.751000000000000334, 2.006575242951158522 ) ) ;
#9293 =( NAMED_UNIT ( * ) SI_UNIT ( $, .STERADIAN. ) SOLID_ANGLE_UNIT ( ) );
#9294 = CARTESIAN_POINT ( 'NONE',  ( 8.245387808543862107, 4.751000000000000334, 2.949674791134507146 ) ) ;
#9295 = ORIENTED_EDGE ( 'NONE', *, *, #4116, .T. ) ;
#9296 = ORIENTED_EDGE ( 'NONE', *, *, #6305, .F. ) ;
#9297 = VECTOR ( 'NONE', #9262, 1000.000000000000000 ) ;
#9298 = CARTESIAN_POINT ( 'NONE',  ( 7.555792542750506158, 4.750000000000000000, 1.806040347679827240 ) ) ;
#9299 = ADVANCED_FACE ( 'NONE', ( #10371 ), #2082, .T. ) ;
#9300 = AXIS2_PLACEMENT_3D ( 'NONE', #4307, #2531, #10880 ) ;
#9301 =( NAMED_UNIT ( * ) PLANE_ANGLE_UNIT ( ) SI_UNIT ( $, .RADIAN. ) );
#9302 = EDGE_CURVE ( 'NONE', #1756, #2689, #3007, .T. ) ;
#9303 = VERTEX_POINT ( 'NONE', #11353 ) ;
#9304 = CARTESIAN_POINT ( 'NONE',  ( 4.503653921965413254, 4.750000000000000000, 2.927701133579588166 ) ) ;
#9305 =( NAMED_UNIT ( * ) PLANE_ANGLE_UNIT ( ) SI_UNIT ( $, .RADIAN. ) );
#9306 = SURFACE_STYLE_FILL_AREA ( #25 ) ;
#9307 = CARTESIAN_POINT ( 'NONE',  ( 3.908870341059587528, 4.750000000000000000, 2.051883722249699726 ) ) ;
#9308 = DIRECTION ( 'NONE',  ( -0.0000000000000000000, -0.0000000000000000000, -1.000000000000000000 ) ) ;
#9309 = COLOUR_RGB ( '',0.0000000000000000000, 0.0000000000000000000, 0.0000000000000000000 ) ;
#9310 = EDGE_CURVE ( 'NONE', #3640, #10479, #5143, .T. ) ;
#9311 = ORIENTED_EDGE ( 'NONE', *, *, #8593, .F. ) ;
#9312 = LINE ( 'NONE', #1836, #2608 ) ;
#9313 = SURFACE_STYLE_USAGE ( .BOTH. , #5475 ) ;
#9314 = B_SPLINE_SURFACE_WITH_KNOTS ( 'NONE', 3, 1, ( 
 ( #2364, #5252 ),
 ( #5006, #8845 ),
 ( #440, #7932 ),
 ( #4144, #4206 ) ),
 .UNSPECIFIED., .F., .F., .F.,
 ( 4, 4 ),
 ( 2, 2 ),
 ( 12.00000000000000000, 13.00000000000000000 ),
 ( 0.0000000000000000000, 1.000000000000000000 ),
 .UNSPECIFIED. ) ;
#9315 = DIRECTION ( 'NONE',  ( -0.0000000000000000000, -1.000000000000000000, -0.0000000000000000000 ) ) ;
#9316 = CARTESIAN_POINT ( 'NONE',  ( 5.973406235107098006, 4.751000000000000334, 1.624098027228533692 ) ) ;
#9317 = CARTESIAN_POINT ( 'NONE',  ( 9.999999999999998224, 3.750000000000000000, 0.4999999999999995559 ) ) ;
#9318 = CARTESIAN_POINT ( 'NONE',  ( 5.308871863372027988, 4.751000000000000334, 2.482925579693021856 ) ) ;
#9319 = CARTESIAN_POINT ( 'NONE',  ( 8.641435026956958865, 4.751000000000000334, 1.647447597840791644 ) ) ;
#9320 = PRESENTATION_STYLE_ASSIGNMENT (( #9968 ) ) ;
#9321 = EDGE_LOOP ( 'NONE', ( #8189, #791, #5482, #9191 ) ) ;
#9322 = COLOUR_RGB ( '',0.0000000000000000000, 0.0000000000000000000, 0.0000000000000000000 ) ;
#9323 = CARTESIAN_POINT ( 'NONE',  ( 4.866470573614145145, 4.751000000000000334, 2.680726182749451070 ) ) ;
#9324 = UNCERTAINTY_MEASURE_WITH_UNIT (LENGTH_MEASURE( 1.000000000000000082E-05 ), #11362, 'distance_accuracy_value', 'NONE');
#9325 =( NAMED_UNIT ( * ) SI_UNIT ( $, .STERADIAN. ) SOLID_ANGLE_UNIT ( ) );
#9326 = FACE_OUTER_BOUND ( 'NONE', #1158, .T. ) ;
#9327 = CARTESIAN_POINT ( 'NONE',  ( 6.354083431125243209, 4.750000000000000000, 2.432370631430189167 ) ) ;
#9328 = ORIENTED_EDGE ( 'NONE', *, *, #4709, .T. ) ;
#9329 = CARTESIAN_POINT ( 'NONE',  ( 7.428938690520136667, 4.750000000000000000, 1.852136530189176788 ) ) ;
#9330 = PRESENTATION_LAYER_ASSIGNMENT (  '', '', ( #1899 ) ) ;
#9331 =( NAMED_UNIT ( * ) PLANE_ANGLE_UNIT ( ) SI_UNIT ( $, .RADIAN. ) );
#9332 = DIRECTION ( 'NONE',  ( 0.007092178509983381243, 0.0000000000000000000, -0.9999748501857347316 ) ) ;
#9333 = MECHANICAL_DESIGN_GEOMETRIC_PRESENTATION_REPRESENTATION (  '', ( #2491 ), #5431 ) ;
#9334 = CARTESIAN_POINT ( 'NONE',  ( 5.999493410425640327, 4.750000000000000000, 2.490683120358338609 ) ) ;
#9335 = ORIENTED_EDGE ( 'NONE', *, *, #785, .F. ) ;
#9336 = SURFACE_STYLE_FILL_AREA ( #3602 ) ;
#9337 = B_SPLINE_CURVE_WITH_KNOTS ( 'NONE', 3,
 ( #5671, #980, #7438, #6407 ),
 .UNSPECIFIED., .F., .F.,
 ( 4, 4 ),
 ( 3.000000000000000000, 4.000000000000000000 ),
 .UNSPECIFIED. ) ;
#9338 = EDGE_CURVE ( 'NONE', #1402, #1181, #3132, .T. ) ;
#9339 = SURFACE_SIDE_STYLE ('',( #1114 ) ) ;
#9340 = VECTOR ( 'NONE', #6311, 1000.000000000000000 ) ;
#9341 = CARTESIAN_POINT ( 'NONE',  ( 4.702666865388868800, 4.751000000000000334, 1.843058146737809544 ) ) ;
#9342 = ORIENTED_EDGE ( 'NONE', *, *, #4970, .F. ) ;
#9343 = CARTESIAN_POINT ( 'NONE',  ( 5.603698580691133913, 4.751000000000000334, 1.963044994509220320 ) ) ;
#9344 = DIRECTION ( 'NONE',  ( 0.007092178509971281547, 0.0000000000000000000, -0.9999748501857348426 ) ) ;
#9345 = AXIS2_PLACEMENT_3D ( 'NONE', #9513, #8705, #5219 ) ;
#9346 = CARTESIAN_POINT ( 'NONE',  ( 5.929786345941820080, 4.750000000000000000, 1.671878672492646878 ) ) ;
#9347 = VERTEX_POINT ( 'NONE', #5714 ) ;
#9348 = STYLED_ITEM ( 'NONE', ( #4277 ), #11147 ) ;
#9349 = SURFACE_SIDE_STYLE ('',( #937 ) ) ;
#9350 = DIRECTION ( 'NONE',  ( -0.9999748501857348426, 0.0000000000000000000, -0.007092178509962483897 ) ) ;
#9351 = EDGE_CURVE ( 'NONE', #10733, #9966, #2021, .T. ) ;
#9352 = CARTESIAN_POINT ( 'NONE',  ( 6.024710714677333101, 4.751000000000000334, 1.720641923077660840 ) ) ;
#9353 = ORIENTED_EDGE ( 'NONE', *, *, #9362, .F. ) ;
#9354 = VECTOR ( 'NONE', #6362, 1000.000000000000000 ) ;
#9355 = CARTESIAN_POINT ( 'NONE',  ( -17.44000000000000128, 4.163799117100994766E-17, -5.000000000000000000 ) ) ;
#9356 = ORIENTED_EDGE ( 'NONE', *, *, #1520, .T. ) ;
#9357 = SURFACE_SIDE_STYLE ('',( #7280 ) ) ;
#9358 = CARTESIAN_POINT ( 'NONE',  ( 3.908870341059587528, 4.750000000000000000, 2.051883722249699726 ) ) ;
#9359 =( NAMED_UNIT ( * ) SI_UNIT ( $, .STERADIAN. ) SOLID_ANGLE_UNIT ( ) );
#9360 = VERTEX_POINT ( 'NONE', #9499 ) ;
#9361 = CARTESIAN_POINT ( 'NONE',  ( 5.309282972164819370, 4.751000000000000334, 2.424960533705367460 ) ) ;
#9362 = EDGE_CURVE ( 'NONE', #2754, #3289, #1495, .T. ) ;
#9363 = EDGE_CURVE ( 'NONE', #12112, #4201, #4055, .T. ) ;
#9364 = LINE ( 'NONE', #2070, #7053 ) ;
#9365 = EDGE_LOOP ( 'NONE', ( #4000, #2617, #11614, #4312 ) ) ;
#9366 = CARTESIAN_POINT ( 'NONE',  ( 5.565717048484234653, 4.750000000000000000, 1.857237533160986942 ) ) ;
#9367 = CARTESIAN_POINT ( 'NONE',  ( 4.824055438903618764, 4.751000000000000334, 2.540314456490260220 ) ) ;
#9368 = VECTOR ( 'NONE', #9511, 1000.000000000000114 ) ;
#9369 = CARTESIAN_POINT ( 'NONE',  ( 8.245387808543862107, 4.750000000000000000, 2.949674791134507146 ) ) ;
#9370 = FILL_AREA_STYLE_COLOUR ( '', #11251 ) ;
#9371 = CARTESIAN_POINT ( 'NONE',  ( 8.441257944183728767, 4.750000000000000000, 1.837625823802922387 ) ) ;
#9372 = ORIENTED_EDGE ( 'NONE', *, *, #2570, .F. ) ;
#9373 = UNCERTAINTY_MEASURE_WITH_UNIT (LENGTH_MEASURE( 1.000000000000000082E-05 ), #3460, 'distance_accuracy_value', 'NONE');
#9374 = LINE ( 'NONE', #1038, #4798 ) ;
#9375 = COLOUR_RGB ( '',0.0000000000000000000, 0.0000000000000000000, 0.0000000000000000000 ) ;
#9376 = FACE_OUTER_BOUND ( 'NONE', #4335, .T. ) ;
#9377 =( NAMED_UNIT ( * ) SI_UNIT ( $, .STERADIAN. ) SOLID_ANGLE_UNIT ( ) );
#9378 = ORIENTED_EDGE ( 'NONE', *, *, #9878, .F. ) ;
#9379 =( NAMED_UNIT ( * ) SI_UNIT ( $, .STERADIAN. ) SOLID_ANGLE_UNIT ( ) );
#9380 = DIRECTION ( 'NONE',  ( -0.007092178509957856522, -0.0000000000000000000, 0.9999748501857349536 ) ) ;
#9381 = DIRECTION ( 'NONE',  ( -0.9999748501857347316, 0.0000000000000000000, -0.007092178509983381243 ) ) ;
#9382 = CARTESIAN_POINT ( 'NONE',  ( 3.919000357439532678, 4.751000000000000334, 2.016342963659302434 ) ) ;
#9383 =( NAMED_UNIT ( * ) SI_UNIT ( $, .STERADIAN. ) SOLID_ANGLE_UNIT ( ) );
#9384 = ORIENTED_EDGE ( 'NONE', *, *, #10502, .T. ) ;
#9385 =( NAMED_UNIT ( * ) SI_UNIT ( $, .STERADIAN. ) SOLID_ANGLE_UNIT ( ) );
#9386 = STYLED_ITEM ( 'NONE', ( #2137 ), #4412 ) ;
#9387 =( NAMED_UNIT ( * ) PLANE_ANGLE_UNIT ( ) SI_UNIT ( $, .RADIAN. ) );
#9388 = ORIENTED_EDGE ( 'NONE', *, *, #2260, .F. ) ;
#9389 = DIRECTION ( 'NONE',  ( 1.000000000000000000, 0.0000000000000000000, 0.0000000000000000000 ) ) ;
#9390 = STYLED_ITEM ( 'NONE', ( #10354 ), #882 ) ;
#9391 = AXIS2_PLACEMENT_3D ( 'NONE', #7474, #10185, #11155 ) ;
#9392 = EDGE_LOOP ( 'NONE', ( #3099, #6767, #5841, #8012 ) ) ;
#9393 = SURFACE_SIDE_STYLE ('',( #7450 ) ) ;
#9394 = PRESENTATION_STYLE_ASSIGNMENT (( #932 ) ) ;
#9395 = EDGE_CURVE ( 'NONE', #740, #898, #11538, .T. ) ;
#9396 =( NAMED_UNIT ( * ) PLANE_ANGLE_UNIT ( ) SI_UNIT ( $, .RADIAN. ) );
#9397 = CARTESIAN_POINT ( 'NONE',  ( 5.913579251370840950, 4.750000000000000000, 1.666304859643089387 ) ) ;
#9398 = CARTESIAN_POINT ( 'NONE',  ( 7.127134631112414631, 4.750000000000000000, 2.609158316483524143 ) ) ;
#9399 = ORIENTED_EDGE ( 'NONE', *, *, #3850, .F. ) ;
#9400 = CARTESIAN_POINT ( 'NONE',  ( 8.486584710475561621, 4.751000000000000334, 2.582649640016943859 ) ) ;
#9401 = COLOUR_RGB ( '',0.0000000000000000000, 0.0000000000000000000, 0.0000000000000000000 ) ;
#9402 =( GEOMETRIC_REPRESENTATION_CONTEXT ( 3 ) GLOBAL_UNCERTAINTY_ASSIGNED_CONTEXT ( ( #1589 ) ) GLOBAL_UNIT_ASSIGNED_CONTEXT ( ( #5886, #8553, #4961 ) ) REPRESENTATION_CONTEXT ( 'NONE', 'WORKASPACE' ) );
#9403 = CARTESIAN_POINT ( 'NONE',  ( 9.079450370396346059, 4.751000000000000334, 2.073515933457894533 ) ) ;
#9404 = ORIENTED_EDGE ( 'NONE', *, *, #598, .T. ) ;
#9405 = B_SPLINE_CURVE_WITH_KNOTS ( 'NONE', 3,
 ( #9542, #4704, #3965, #8419, #8541, #4887 ),
 .UNSPECIFIED., .F., .F.,
 ( 4, 2, 4 ),
 ( 2.000000000000000000, 3.000000000000000000, 4.000000000000000000 ),
 .UNSPECIFIED. ) ;
#9406 = UNCERTAINTY_MEASURE_WITH_UNIT (LENGTH_MEASURE( 1.000000000000000082E-05 ), #10473, 'distance_accuracy_value', 'NONE');
#9407 = CARTESIAN_POINT ( 'NONE',  ( 6.288039254566196945, 4.751000000000000334, 2.489870184278021537 ) ) ;
#9408 = B_SPLINE_CURVE_WITH_KNOTS ( 'NONE', 3,
 ( #11514, #370, #3604, #11015 ),
 .UNSPECIFIED., .F., .F.,
 ( 4, 4 ),
 ( 1.000000000000000000, 2.000000000000000000 ),
 .UNSPECIFIED. ) ;
#9409 = ORIENTED_EDGE ( 'NONE', *, *, #7504, .F. ) ;
#9410 = LINE ( 'NONE', #6599, #7822 ) ;
#9411 = CARTESIAN_POINT ( 'NONE',  ( 5.645057426612244633, 4.750000000000000000, 1.885874413237700553 ) ) ;
#9412 = STYLED_ITEM ( 'NONE', ( #9625 ), #1487 ) ;
#9413 = EDGE_CURVE ( 'NONE', #4587, #1381, #3708, .T. ) ;
#9414 = MECHANICAL_DESIGN_GEOMETRIC_PRESENTATION_REPRESENTATION (  '', ( #5111 ), #3765 ) ;
#9415 = DIRECTION ( 'NONE',  ( -0.007092178509963365136, -0.0000000000000000000, 0.9999748501857348426 ) ) ;
#9416 = ORIENTED_EDGE ( 'NONE', *, *, #8477, .T. ) ;
#9417 = ADVANCED_FACE ( 'NONE', ( #153 ), #4051, .T. ) ;
#9418 = CARTESIAN_POINT ( 'NONE',  ( 4.948141223361533392, 4.751000000000000334, 2.124241106413962576 ) ) ;
#9419 =( NAMED_UNIT ( * ) SI_UNIT ( $, .STERADIAN. ) SOLID_ANGLE_UNIT ( ) );
#9420 = CARTESIAN_POINT ( 'NONE',  ( 5.416976395264090804, 4.751000000000000334, 1.974458048948823929 ) ) ;
#9421 = VERTEX_POINT ( 'NONE', #5276 ) ;
#9422 = MECHANICAL_DESIGN_GEOMETRIC_PRESENTATION_REPRESENTATION (  '', ( #6308 ), #8626 ) ;
#9423 = VECTOR ( 'NONE', #10653, 1000.000000000000000 ) ;
#9424 = SURFACE_STYLE_FILL_AREA ( #1213 ) ;
#9425 = ADVANCED_FACE ( 'NONE', ( #6987 ), #2077, .T. ) ;
#9426 = ADVANCED_FACE ( 'NONE', ( #10867 ), #7893, .F. ) ;
#9427 = CARTESIAN_POINT ( 'NONE',  ( 6.873561354160987236, 4.751000000000000334, 2.427510727477966590 ) ) ;
#9428 = CARTESIAN_POINT ( 'NONE',  ( 5.987524596244379715, 4.751000000000000334, 1.960828251277271894 ) ) ;
#9429 = FILL_AREA_STYLE ('',( #11112 ) ) ;
#9430 = MECHANICAL_DESIGN_GEOMETRIC_PRESENTATION_REPRESENTATION (  '', ( #6504 ), #406 ) ;
#9431 =( LENGTH_UNIT ( ) NAMED_UNIT ( * ) SI_UNIT ( .MILLI., .METRE. ) );
#9432 = MECHANICAL_DESIGN_GEOMETRIC_PRESENTATION_REPRESENTATION (  '', ( #11607 ), #410 ) ;
#9433 = LINE ( 'NONE', #9621, #7948 ) ;
#9434 = CARTESIAN_POINT ( 'NONE',  ( 5.999493410425640327, 4.751000000000000334, 2.490683120358338609 ) ) ;
#9435 = LINE ( 'NONE', #7771, #9723 ) ;
#9436 = CARTESIAN_POINT ( 'NONE',  ( 5.876818815972950638, 4.751000000000000334, 2.946018327615769650 ) ) ;
#9437 = ORIENTED_EDGE ( 'NONE', *, *, #2941, .T. ) ;
#9438 = B_SPLINE_CURVE_WITH_KNOTS ( 'NONE', 3,
 ( #4643, #3675, #11262, #9398 ),
 .UNSPECIFIED., .F., .F.,
 ( 4, 4 ),
 ( 35.00000000000000000, 36.00000000000000000 ),
 .UNSPECIFIED. ) ;
#9439 = PRESENTATION_LAYER_ASSIGNMENT (  '', '', ( #2606 ) ) ;
#9440 = PRESENTATION_LAYER_ASSIGNMENT (  '', '', ( #2607 ) ) ;
#9441 = CARTESIAN_POINT ( 'NONE',  ( 5.579383801027882228, 4.751000000000000334, 1.891127444814575842 ) ) ;
#9442 = PRESENTATION_LAYER_ASSIGNMENT (  '', '', ( #6135 ) ) ;
#9443 = UNCERTAINTY_MEASURE_WITH_UNIT (LENGTH_MEASURE( 1.000000000000000082E-05 ), #6089, 'distance_accuracy_value', 'NONE');
#9444 = FILL_AREA_STYLE_COLOUR ( '', #10053 ) ;
#9445 = EDGE_CURVE ( 'NONE', #1304, #5024, #5522, .T. ) ;
#9446 = ORIENTED_EDGE ( 'NONE', *, *, #212, .T. ) ;
#9447 =( NAMED_UNIT ( * ) SI_UNIT ( $, .STERADIAN. ) SOLID_ANGLE_UNIT ( ) );
#9448 = SURFACE_STYLE_FILL_AREA ( #5733 ) ;
#9449 = VECTOR ( 'NONE', #8809, 1000.000000000000000 ) ;
#9450 = EDGE_CURVE ( 'NONE', #10590, #12050, #6431, .T. ) ;
#9451 = CARTESIAN_POINT ( 'NONE',  ( 4.678297727484437729, 4.751000000000000334, 1.613872871426799582 ) ) ;
#9452 = VERTEX_POINT ( 'NONE', #1647 ) ;
#9453 = STYLED_ITEM ( 'NONE', ( #8771 ), #6979 ) ;
#9454 = STYLED_ITEM ( 'NONE', ( #9544 ), #6013 ) ;
#9455 = EDGE_CURVE ( 'NONE', #7999, #10168, #11887, .T. ) ;
#9456 = PRESENTATION_STYLE_ASSIGNMENT (( #5674 ) ) ;
#9457 = ORIENTED_EDGE ( 'NONE', *, *, #11455, .F. ) ;
#9458 =( NAMED_UNIT ( * ) SI_UNIT ( $, .STERADIAN. ) SOLID_ANGLE_UNIT ( ) );
#9459 = CARTESIAN_POINT ( 'NONE',  ( 0.0000000000000000000, 4.751000000000000334, 0.0000000000000000000 ) ) ;
#9460 = COLOUR_RGB ( '',0.0000000000000000000, 0.0000000000000000000, 0.0000000000000000000 ) ;
#9461 = FACE_OUTER_BOUND ( 'NONE', #5320, .T. ) ;
#9462 = ORIENTED_EDGE ( 'NONE', *, *, #11869, .F. ) ;
#9463 = STYLED_ITEM ( 'NONE', ( #630 ), #11369 ) ;
#9464 = CARTESIAN_POINT ( 'NONE',  ( 4.532180195612942164, 4.750000000000000000, 2.827304343640511419 ) ) ;
#9465 = SURFACE_SIDE_STYLE ('',( #2916 ) ) ;
#9466 = UNCERTAINTY_MEASURE_WITH_UNIT (LENGTH_MEASURE( 1.000000000000000082E-05 ), #8476, 'distance_accuracy_value', 'NONE');
#9467 =( NAMED_UNIT ( * ) PLANE_ANGLE_UNIT ( ) SI_UNIT ( $, .RADIAN. ) );
#9468 = CARTESIAN_POINT ( 'NONE',  ( -16.78000000000000114, 0.0000000000000000000, 5.090000000000005187 ) ) ;
#9469 = ORIENTED_EDGE ( 'NONE', *, *, #358, .F. ) ;
#9470 = CARTESIAN_POINT ( 'NONE',  ( 16.78000000000000114, 0.0000000000000000000, 4.750000000000005329 ) ) ;
#9471 = FILL_AREA_STYLE_COLOUR ( '', #5292 ) ;
#9472 = COLOUR_RGB ( '',0.0000000000000000000, 0.0000000000000000000, 0.0000000000000000000 ) ;
#9473 = LINE ( 'NONE', #8590, #2573 ) ;
#9474 = VERTEX_POINT ( 'NONE', #9304 ) ;
#9475 = EDGE_LOOP ( 'NONE', ( #9604, #1549, #10674, #3251 ) ) ;
#9476 = SURFACE_SIDE_STYLE ('',( #2983 ) ) ;
#9477 = SURFACE_STYLE_FILL_AREA ( #8597 ) ;
#9479 = AXIS2_PLACEMENT_3D ( 'NONE', #9688, #5839, #11294 ) ;
#9478 = PRESENTATION_STYLE_ASSIGNMENT (( #9663 ) ) ;
#9480 = MECHANICAL_DESIGN_GEOMETRIC_PRESENTATION_REPRESENTATION (  '', ( #7906 ), #11653 ) ;
#9481 = MECHANICAL_DESIGN_GEOMETRIC_PRESENTATION_REPRESENTATION (  '', ( #2233 ), #10275 ) ;
#9482 = CARTESIAN_POINT ( 'NONE',  ( 5.260200966600935502, 4.750000000000000000, 1.446955457895424679 ) ) ;
#9483 = ORIENTED_EDGE ( 'NONE', *, *, #1896, .T. ) ;
#9484 = DIRECTION ( 'NONE',  ( -0.0000000000000000000, -1.000000000000000000, -0.0000000000000000000 ) ) ;
#9485 = FILL_AREA_STYLE ('',( #1831 ) ) ;
#9486 = FACE_OUTER_BOUND ( 'NONE', #3166, .T. ) ;
#9487 = CARTESIAN_POINT ( 'NONE',  ( 6.773517796556638437, 4.750000000000000000, 2.006550695619879754 ) ) ;
#9488 = FACE_OUTER_BOUND ( 'NONE', #10450, .T. ) ;
#9489 = PRESENTATION_LAYER_ASSIGNMENT (  '', '', ( #2456 ) ) ;
#9490 = ORIENTED_EDGE ( 'NONE', *, *, #8987, .F. ) ;
#9491 = EDGE_CURVE ( 'NONE', #7380, #8938, #3443, .T. ) ;
#9492 = VECTOR ( 'NONE', #11856, 1000.000000000000000 ) ;
#9493 = ORIENTED_EDGE ( 'NONE', *, *, #8159, .T. ) ;
#9494 = DIRECTION ( 'NONE',  ( -0.9999748501857348426, -0.0000000000000000000, -0.007092178509962363334 ) ) ;
#9495 =( NAMED_UNIT ( * ) PLANE_ANGLE_UNIT ( ) SI_UNIT ( $, .RADIAN. ) );
#9496 = PRESENTATION_STYLE_ASSIGNMENT (( #7706 ) ) ;
#9497 = LINE ( 'NONE', #9749, #1700 ) ;
#9498 =( NAMED_UNIT ( * ) SI_UNIT ( $, .STERADIAN. ) SOLID_ANGLE_UNIT ( ) );
#9499 = CARTESIAN_POINT ( 'NONE',  ( 11.00000000000000000, 4.750000000000000000, -1.135603754986240755E-15 ) ) ;
#9500 = AXIS2_PLACEMENT_3D ( 'NONE', #11401, #2879, #1206 ) ;
#9501 = CARTESIAN_POINT ( 'NONE',  ( 4.866020750540412720, 4.751000000000000334, 2.744149820512457705 ) ) ;
#9502 = CARTESIAN_POINT ( 'NONE',  ( 5.988601053710414845, 4.751000000000000334, 2.871946674335578376 ) ) ;
#9503 = ORIENTED_EDGE ( 'NONE', *, *, #2333, .F. ) ;
#9504 = EDGE_CURVE ( 'NONE', #6909, #9789, #7909, .T. ) ;
#9505 = PRESENTATION_LAYER_ASSIGNMENT (  '', '', ( #5213 ) ) ;
#9506 =( NAMED_UNIT ( * ) SI_UNIT ( $, .STERADIAN. ) SOLID_ANGLE_UNIT ( ) );
#9507 = VECTOR ( 'NONE', #5914, 1000.000000000000000 ) ;
#9508 = CARTESIAN_POINT ( 'NONE',  ( 5.994523315392167540, 4.751000000000000334, 2.678328894709728125 ) ) ;
#9509 = B_SPLINE_CURVE_WITH_KNOTS ( 'NONE', 3,
 ( #11739, #6169, #9777, #4997, #7853, #5055, #427 ),
 .UNSPECIFIED., .F., .F.,
 ( 4, 3, 4 ),
 ( 0.0000000000000000000, 1.000000000000000000, 2.000000000000000000 ),
 .UNSPECIFIED. ) ;
#9510 = EDGE_LOOP ( 'NONE', ( #9534, #1918, #6299, #10337 ) ) ;
#9511 = DIRECTION ( 'NONE',  ( 0.9999748501857349536, -0.0000000000000000000, 0.007092178509957245032 ) ) ;
#9512 = CARTESIAN_POINT ( 'NONE',  ( 4.541415183388064492, 4.750000000000000000, 2.862982445754848282 ) ) ;
#9513 = CARTESIAN_POINT ( 'NONE',  ( 11.00000000000000000, 0.0000000000000000000, 4.750000000000005329 ) ) ;
#9514 = MECHANICAL_DESIGN_GEOMETRIC_PRESENTATION_REPRESENTATION (  '', ( #4447 ), #6395 ) ;
#9515 = CARTESIAN_POINT ( 'NONE',  ( 3.806016214681442467, 4.751000000000000334, 1.746757458554603959 ) ) ;
#9516 = ORIENTED_EDGE ( 'NONE', *, *, #6907, .T. ) ;
#9517 = B_SPLINE_SURFACE_WITH_KNOTS ( 'NONE', 3, 1, ( 
 ( #11891, #2686 ),
 ( #7216, #11827 ),
 ( #10170, #3554 ),
 ( #3432, #7166 ) ),
 .UNSPECIFIED., .F., .F., .F.,
 ( 4, 4 ),
 ( 2, 2 ),
 ( 9.000000000000000000, 10.00000000000000000 ),
 ( 0.0000000000000000000, 1.000000000000000000 ),
 .UNSPECIFIED. ) ;
#9518 = EDGE_CURVE ( 'NONE', #10645, #4587, #140, .T. ) ;
#9519 = EDGE_CURVE ( 'NONE', #6920, #2703, #3633, .T. ) ;
#9520 = FACE_OUTER_BOUND ( 'NONE', #6877, .T. ) ;
#9521 = B_SPLINE_CURVE_WITH_KNOTS ( 'NONE', 3,
 ( #7369, #6443, #8153, #6561 ),
 .UNSPECIFIED., .F., .F.,
 ( 4, 4 ),
 ( 21.00000000000000000, 22.00000000000000000 ),
 .UNSPECIFIED. ) ;
#9522 = VERTEX_POINT ( 'NONE', #7350 ) ;
#9523 = EDGE_CURVE ( 'NONE', #701, #1148, #7178, .T. ) ;
#9524 =( GEOMETRIC_REPRESENTATION_CONTEXT ( 3 ) GLOBAL_UNCERTAINTY_ASSIGNED_CONTEXT ( ( #5666 ) ) GLOBAL_UNIT_ASSIGNED_CONTEXT ( ( #2581, #5406, #1018 ) ) REPRESENTATION_CONTEXT ( 'NONE', 'WORKASPACE' ) );
#9525 = CARTESIAN_POINT ( 'NONE',  ( 5.712590972354506746, 4.751000000000000334, 2.937835022689848419 ) ) ;
#9526 = PLANE ( 'NONE',  #10013 ) ;
#9527 = STYLED_ITEM ( 'NONE', ( #4245 ), #10397 ) ;
#9528 =( NAMED_UNIT ( * ) PLANE_ANGLE_UNIT ( ) SI_UNIT ( $, .RADIAN. ) );
#9529 = VERTEX_POINT ( 'NONE', #9237 ) ;
#9530 =( NAMED_UNIT ( * ) PLANE_ANGLE_UNIT ( ) SI_UNIT ( $, .RADIAN. ) );
#9531 = CARTESIAN_POINT ( 'NONE',  ( 3.682624594497005965, 4.751000000000000334, 1.606811202230409075 ) ) ;
#9532 = LINE ( 'NONE', #1124, #10270 ) ;
#9533 = CARTESIAN_POINT ( 'NONE',  ( 4.534599783055221600, 4.751000000000000334, 2.834340046667266133 ) ) ;
#9534 = ORIENTED_EDGE ( 'NONE', *, *, #8898, .T. ) ;
#9535 = CARTESIAN_POINT ( 'NONE',  ( 5.295142505985755754, 4.751000000000000334, 1.981392340027532395 ) ) ;
#9536 = CARTESIAN_POINT ( 'NONE',  ( 4.290225155933111267, 4.751000000000000334, 2.013257010046226814 ) ) ;
#9537 = MECHANICAL_DESIGN_GEOMETRIC_PRESENTATION_REPRESENTATION (  '', ( #6789 ), #1521 ) ;
#9538 =( NAMED_UNIT ( * ) PLANE_ANGLE_UNIT ( ) SI_UNIT ( $, .RADIAN. ) );
#9539 = AXIS2_PLACEMENT_3D ( 'NONE', #2814, #7525, #1076 ) ;
#9540 = ORIENTED_EDGE ( 'NONE', *, *, #7844, .F. ) ;
#9541 = UNCERTAINTY_MEASURE_WITH_UNIT (LENGTH_MEASURE( 1.000000000000000082E-05 ), #11275, 'distance_accuracy_value', 'NONE');
#9542 = CARTESIAN_POINT ( 'NONE',  ( 8.299841908398944312, 4.751000000000000334, 1.898078878745585119 ) ) ;
#9543 = ORIENTED_EDGE ( 'NONE', *, *, #7776, .F. ) ;
#9544 = PRESENTATION_STYLE_ASSIGNMENT (( #77 ) ) ;
#9545 = AXIS2_PLACEMENT_3D ( 'NONE', #1081, #4841, #8550 ) ;
#9546 = CARTESIAN_POINT ( 'NONE',  ( 5.898221888198729168, 4.750000000000000000, 2.420559280128398605 ) ) ;
#9547 = CARTESIAN_POINT ( 'NONE',  ( 16.78000000000000114, 4.163799117100997848E-17, 4.410000000000005471 ) ) ;
#9548 = LINE ( 'NONE', #450, #9269 ) ;
#9549 = STYLED_ITEM ( 'NONE', ( #11579 ), #11016 ) ;
#9550 = CARTESIAN_POINT ( 'NONE',  ( 6.997819665466719741, 4.751000000000000334, 1.982836016078136643 ) ) ;
#9551 =( NAMED_UNIT ( * ) PLANE_ANGLE_UNIT ( ) SI_UNIT ( $, .RADIAN. ) );
#9552 = ORIENTED_EDGE ( 'NONE', *, *, #220, .T. ) ;
#9553 = CARTESIAN_POINT ( 'NONE',  ( 3.901194950936028860, 4.750000000000000000, 2.016216681361961083 ) ) ;
#9554 = CARTESIAN_POINT ( 'NONE',  ( 5.942858560643561106, 4.750000000000000000, 1.771270763671490389 ) ) ;
#9555 = VECTOR ( 'NONE', #4405, 1000.000000000000000 ) ;
#9556 = DIRECTION ( 'NONE',  ( -0.0000000000000000000, -1.000000000000000000, -0.0000000000000000000 ) ) ;
#9557 = VERTEX_POINT ( 'NONE', #2577 ) ;
#9558 = ORIENTED_EDGE ( 'NONE', *, *, #5184, .F. ) ;
#9559 = FACE_OUTER_BOUND ( 'NONE', #11211, .T. ) ;
#9560 = SURFACE_SIDE_STYLE ('',( #7705 ) ) ;
#9561 =( NAMED_UNIT ( * ) SI_UNIT ( $, .STERADIAN. ) SOLID_ANGLE_UNIT ( ) );
#9562 = CARTESIAN_POINT ( 'NONE',  ( 8.636102286682207918, 4.750000000000000000, 1.889618746306694463 ) ) ;
#9563 = ADVANCED_FACE ( 'NONE', ( #8251 ), #5464, .F. ) ;
#9564 = DIRECTION ( 'NONE',  ( -0.007092178509965119809, -0.0000000000000000000, 0.9999748501857348426 ) ) ;
#9565 = CARTESIAN_POINT ( 'NONE',  ( 6.921548235588514508, 4.751000000000000334, 2.542629192773553815 ) ) ;
#9566 = SURFACE_STYLE_FILL_AREA ( #10618 ) ;
#9567 = SURFACE_SIDE_STYLE ('',( #1909 ) ) ;
#9568 = FACE_OUTER_BOUND ( 'NONE', #6031, .T. ) ;
#9569 = VERTEX_POINT ( 'NONE', #2122 ) ;
#9570 = SURFACE_STYLE_FILL_AREA ( #10689 ) ;
#9571 = UNCERTAINTY_MEASURE_WITH_UNIT (LENGTH_MEASURE( 1.000000000000000082E-05 ), #9047, 'distance_accuracy_value', 'NONE');
#9572 = SURFACE_STYLE_FILL_AREA ( #7660 ) ;
#9573 = EDGE_LOOP ( 'NONE', ( #6709, #4628, #7939, #3407 ) ) ;
#9574 = CARTESIAN_POINT ( 'NONE',  ( 5.515475202750425687, 4.751000000000000334, 2.655435363278962679 ) ) ;
#9575 = CARTESIAN_POINT ( 'NONE',  ( 10.49999999999999822, 4.249999999999999112, 9.999999999999998224 ) ) ;
#9576 = EDGE_CURVE ( 'NONE', #2114, #10780, #953, .T. ) ;
#9577 = FILL_AREA_STYLE ('',( #9876 ) ) ;
#9578 =( LENGTH_UNIT ( ) NAMED_UNIT ( * ) SI_UNIT ( .MILLI., .METRE. ) );
#9579 = VERTEX_POINT ( 'NONE', #5826 ) ;
#9580 = B_SPLINE_CURVE_WITH_KNOTS ( 'NONE', 3,
 ( #9323, #4971, #283, #8933 ),
 .UNSPECIFIED., .F., .F.,
 ( 4, 4 ),
 ( 4.000000000000000000, 5.000000000000000000 ),
 .UNSPECIFIED. ) ;
#9581 = VECTOR ( 'NONE', #2279, 1000.000000000000000 ) ;
#9582 = SURFACE_STYLE_FILL_AREA ( #10760 ) ;
#9583 = ORIENTED_EDGE ( 'NONE', *, *, #11848, .F. ) ;
#9584 = LINE ( 'NONE', #4132, #10807 ) ;
#9585 = CARTESIAN_POINT ( 'NONE',  ( 7.935457179296720120, 4.751000000000000334, 1.794273050044952633 ) ) ;
#9586 = EDGE_LOOP ( 'NONE', ( #9957, #8860, #2567, #2435 ) ) ;
#9587 = CARTESIAN_POINT ( 'NONE',  ( 4.290225155933111267, 4.750000000000000000, 2.013257010046226814 ) ) ;
#9588 = FACE_OUTER_BOUND ( 'NONE', #3374, .T. ) ;
#9589 = EDGE_CURVE ( 'NONE', #6144, #10347, #4561, .T. ) ;
#9590 = EDGE_CURVE ( 'NONE', #1284, #7515, #84, .T. ) ;
#9591 = FILL_AREA_STYLE_COLOUR ( '', #7911 ) ;
#9592 = ADVANCED_FACE ( 'NONE', ( #4713 ), #1079, .F. ) ;
#9593 = STYLED_ITEM ( 'NONE', ( #3793 ), #4199 ) ;
#9594 = CARTESIAN_POINT ( 'NONE',  ( 8.685402946060902352, 4.750000000000000000, 2.584059729898250168 ) ) ;
#9595 = EDGE_LOOP ( 'NONE', ( #7631, #9074, #1021, #3268 ) ) ;
#9596 = CARTESIAN_POINT ( 'NONE',  ( 5.549370781357334081, 4.751000000000000334, 1.779657686630379709 ) ) ;
#9597 = FACE_OUTER_BOUND ( 'NONE', #5766, .T. ) ;
#9598 = DIRECTION ( 'NONE',  ( 0.3625544874979442778, -0.0000000000000000000, -0.9319625762846397432 ) ) ;
#9599 = CARTESIAN_POINT ( 'NONE',  ( 8.905602803042032889, 4.750000000000000000, 2.629001958253291527 ) ) ;
#9600 = ORIENTED_EDGE ( 'NONE', *, *, #4219, .T. ) ;
#9601 = CARTESIAN_POINT ( 'NONE',  ( 6.996768507457382213, 4.751000000000000334, 2.131045987306499079 ) ) ;
#9602 = B_SPLINE_CURVE_WITH_KNOTS ( 'NONE', 3,
 ( #9750, #1153, #10744, #8617 ),
 .UNSPECIFIED., .F., .F.,
 ( 4, 4 ),
 ( 8.000000000000000000, 9.000000000000000000 ),
 .UNSPECIFIED. ) ;
#9603 = CARTESIAN_POINT ( 'NONE',  ( 6.037952372350956942, 4.750000000000000000, 2.822387056300098340 ) ) ;
#9604 = ORIENTED_EDGE ( 'NONE', *, *, #4944, .T. ) ;
#9605 = FILL_AREA_STYLE ('',( #5763 ) ) ;
#9606 = ADVANCED_FACE ( 'NONE', ( #5767 ), #2993, .T. ) ;
#9607 = ORIENTED_EDGE ( 'NONE', *, *, #4066, .T. ) ;
#9608 =( GEOMETRIC_REPRESENTATION_CONTEXT ( 3 ) GLOBAL_UNCERTAINTY_ASSIGNED_CONTEXT ( ( #1625 ) ) GLOBAL_UNIT_ASSIGNED_CONTEXT ( ( #6899, #6965, #10658 ) ) REPRESENTATION_CONTEXT ( 'NONE', 'WORKASPACE' ) );
#9609 = CARTESIAN_POINT ( 'NONE',  ( 4.698570525758425376, 4.750000000000000000, 2.420629143083527168 ) ) ;
#9610 = VECTOR ( 'NONE', #7950, 1000.000000000000000 ) ;
#9611 = CARTESIAN_POINT ( 'NONE',  ( 4.686258784649957043, 4.751000000000000334, 2.122383742697642628 ) ) ;
#9612 = ORIENTED_EDGE ( 'NONE', *, *, #4945, .F. ) ;
#9613 = VERTEX_POINT ( 'NONE', #9609 ) ;
#9614 = COLOUR_RGB ( '',0.0000000000000000000, 0.0000000000000000000, 0.0000000000000000000 ) ;
#9615 = DIRECTION ( 'NONE',  ( -0.0000000000000000000, -1.000000000000000000, 0.0000000000000000000 ) ) ;
#9616 = LINE ( 'NONE', #4166, #2224 ) ;
#9617 = CARTESIAN_POINT ( 'NONE',  ( 5.683900710923180277, 4.750000000000000000, 2.511580019789579232 ) ) ;
#9618 =( NAMED_UNIT ( * ) SI_UNIT ( $, .STERADIAN. ) SOLID_ANGLE_UNIT ( ) );
#9619 =( NAMED_UNIT ( * ) SI_UNIT ( $, .STERADIAN. ) SOLID_ANGLE_UNIT ( ) );
#9620 = LINE ( 'NONE', #6925, #7168 ) ;
#9621 = CARTESIAN_POINT ( 'NONE',  ( 4.627514783282306254, 4.750000000000000000, 2.616644379005729881 ) ) ;
#9622 = PLANE ( 'NONE',  #11493 ) ;
#9623 = DIRECTION ( 'NONE',  ( 1.000000000000000000, 0.0000000000000000000, 0.0000000000000000000 ) ) ;
#9624 = EDGE_LOOP ( 'NONE', ( #5008, #4644, #6228, #10806, #8573, #5512, #3321, #1629, #3922, #1015, #8214, #11282 ) ) ;
#9625 = PRESENTATION_STYLE_ASSIGNMENT (( #1102 ) ) ;
#9626 = VECTOR ( 'NONE', #359, 1000.000000000000114 ) ;
#9627 = AXIS2_PLACEMENT_3D ( 'NONE', #5282, #3515, #6322 ) ;
#9628 = ORIENTED_EDGE ( 'NONE', *, *, #2235, .F. ) ;
#9629 = CARTESIAN_POINT ( 'NONE',  ( 7.937123649156475835, 4.751000000000000334, 1.559306044348946818 ) ) ;
#9630 = FACE_OUTER_BOUND ( 'NONE', #5688, .T. ) ;
#9631 = CARTESIAN_POINT ( 'NONE',  ( 4.543993315028436619, 4.751000000000000334, 2.847663915800954904 ) ) ;
#9632 = FILL_AREA_STYLE_COLOUR ( '', #2889 ) ;
#9633 =( LENGTH_UNIT ( ) NAMED_UNIT ( * ) SI_UNIT ( .MILLI., .METRE. ) );
#9634 = ORIENTED_EDGE ( 'NONE', *, *, #3315, .T. ) ;
#9635 = COLOUR_RGB ( '',0.0000000000000000000, 0.0000000000000000000, 0.0000000000000000000 ) ;
#9636 = VECTOR ( 'NONE', #6722, 1000.000000000000000 ) ;
#9637 =( GEOMETRIC_REPRESENTATION_CONTEXT ( 3 ) GLOBAL_UNCERTAINTY_ASSIGNED_CONTEXT ( ( #12122 ) ) GLOBAL_UNIT_ASSIGNED_CONTEXT ( ( #5756, #942, #11516 ) ) REPRESENTATION_CONTEXT ( 'NONE', 'WORKASPACE' ) );
#9638 = DIRECTION ( 'NONE',  ( -1.000000000000000000, -0.0000000000000000000, -0.0000000000000000000 ) ) ;
#9639 = ORIENTED_EDGE ( 'NONE', *, *, #10137, .F. ) ;
#9640 = EDGE_CURVE ( 'NONE', #10590, #6359, #10274, .T. ) ;
#9641 =( LENGTH_UNIT ( ) NAMED_UNIT ( * ) SI_UNIT ( .MILLI., .METRE. ) );
#9642 = EDGE_CURVE ( 'NONE', #4190, #11064, #2817, .T. ) ;
#9643 =( LENGTH_UNIT ( ) NAMED_UNIT ( * ) SI_UNIT ( .MILLI., .METRE. ) );
#9644 = ORIENTED_EDGE ( 'NONE', *, *, #9054, .T. ) ;
#9645 = CARTESIAN_POINT ( 'NONE',  ( 5.639373934904177155, 4.751000000000000334, 1.844242741217313464 ) ) ;
#9646 = CARTESIAN_POINT ( 'NONE',  ( 5.332205148039942166, 4.750000000000000000, 1.502054800748703567 ) ) ;
#9647 = DIRECTION ( 'NONE',  ( -0.9999748501857348426, -0.0000000000000000000, -0.007092178509962440529 ) ) ;
#9648 = VECTOR ( 'NONE', #1748, 1000.000000000000000 ) ;
#9649 = ORIENTED_EDGE ( 'NONE', *, *, #1359, .F. ) ;
#9650 = PRESENTATION_STYLE_ASSIGNMENT (( #10714 ) ) ;
#9651 = SURFACE_STYLE_USAGE ( .BOTH. , #4203 ) ;
#9652 = CARTESIAN_POINT ( 'NONE',  ( 8.929394564106914345, 4.750000000000000000, 1.823012706599978827 ) ) ;
#9653 = UNCERTAINTY_MEASURE_WITH_UNIT (LENGTH_MEASURE( 1.000000000000000082E-05 ), #9633, 'distance_accuracy_value', 'NONE');
#9654 = EDGE_CURVE ( 'NONE', #3104, #4190, #2812, .T. ) ;
#9655 = VECTOR ( 'NONE', #8108, 1000.000000000000000 ) ;
#9656 = EDGE_CURVE ( 'NONE', #11650, #1967, #3985, .T. ) ;
#9657 = VECTOR ( 'NONE', #10939, 1000.000000000000000 ) ;
#9658 = PRESENTATION_LAYER_ASSIGNMENT (  '', '', ( #9463 ) ) ;
#9659 = VERTEX_POINT ( 'NONE', #10786 ) ;
#9660 = FACE_OUTER_BOUND ( 'NONE', #7086, .T. ) ;
#9661 = SURFACE_SIDE_STYLE ('',( #9477 ) ) ;
#9662 = ORIENTED_EDGE ( 'NONE', *, *, #6762, .T. ) ;
#9663 = SURFACE_STYLE_USAGE ( .BOTH. , #1197 ) ;
#9664 = SURFACE_SIDE_STYLE ('',( #3056 ) ) ;
#9665 = CARTESIAN_POINT ( 'NONE',  ( 8.636102286682207918, 4.750000000000000000, 1.889618746306694463 ) ) ;
#9666 = CARTESIAN_POINT ( 'NONE',  ( 5.645057426612244633, 4.750000000000000000, 1.885874413237700553 ) ) ;
#9667 = VERTEX_POINT ( 'NONE', #7944 ) ;
#9668 = SURFACE_SIDE_STYLE ('',( #6073 ) ) ;
#9669 = VECTOR ( 'NONE', #9286, 1000.000000000000000 ) ;
#9670 = FACE_OUTER_BOUND ( 'NONE', #7200, .T. ) ;
#9671 = COLOUR_RGB ( '',0.0000000000000000000, 0.0000000000000000000, 0.0000000000000000000 ) ;
#9672 =( NAMED_UNIT ( * ) PLANE_ANGLE_UNIT ( ) SI_UNIT ( $, .RADIAN. ) );
#9673 = EDGE_LOOP ( 'NONE', ( #9019, #3792, #10558, #7638 ) ) ;
#9674 = VERTEX_POINT ( 'NONE', #4217 ) ;
#9675 = EDGE_CURVE ( 'NONE', #2284, #6670, #2179, .T. ) ;
#9676 = ADVANCED_FACE ( 'NONE', ( #11758 ), #524, .F. ) ;
#9677 = AXIS2_PLACEMENT_3D ( 'NONE', #4615, #3821, #4496 ) ;
#9678 = ORIENTED_EDGE ( 'NONE', *, *, #11491, .F. ) ;
#9679 = CARTESIAN_POINT ( 'NONE',  ( 5.509505154144900274, 4.750000000000000000, 1.939501691646833503 ) ) ;
#9680 = VECTOR ( 'NONE', #1678, 1000.000000000000000 ) ;
#9681 = EDGE_CURVE ( 'NONE', #3478, #2961, #7813, .T. ) ;
#9682 = CARTESIAN_POINT ( 'NONE',  ( 4.951747182100116440, 4.750000000000000000, 1.615812272547964223 ) ) ;
#9683 = CARTESIAN_POINT ( 'NONE',  ( 4.292618922247162239, 4.751000000000000334, 2.097236550874577166 ) ) ;
#9684 = CARTESIAN_POINT ( 'NONE',  ( 4.067585281081509407, 4.751000000000000334, 1.609541480804983715 ) ) ;
#9685 = CARTESIAN_POINT ( 'NONE',  ( 4.824055438903618764, 4.750000000000000000, 2.540314456490260220 ) ) ;
#9686 = EDGE_CURVE ( 'NONE', #4440, #1565, #1680, .T. ) ;
#9687 = FILL_AREA_STYLE_COLOUR ( '', #5206 ) ;
#9688 = CARTESIAN_POINT ( 'NONE',  ( 4.140106571802283142, 4.751000000000000334, 1.610055827680276774 ) ) ;
#9689 =( NAMED_UNIT ( * ) PLANE_ANGLE_UNIT ( ) SI_UNIT ( $, .RADIAN. ) );
#9690 = MECHANICAL_DESIGN_GEOMETRIC_PRESENTATION_REPRESENTATION (  '', ( #6946 ), #2245 ) ;
#9691 = ORIENTED_EDGE ( 'NONE', *, *, #3836, .T. ) ;
#9692 = CARTESIAN_POINT ( 'NONE',  ( 6.024710714677333101, 4.750000000000000000, 1.720641923077660840 ) ) ;
#9693 =( GEOMETRIC_REPRESENTATION_CONTEXT ( 3 ) GLOBAL_UNCERTAINTY_ASSIGNED_CONTEXT ( ( #5546 ) ) GLOBAL_UNIT_ASSIGNED_CONTEXT ( ( #11509, #7615, #2919 ) ) REPRESENTATION_CONTEXT ( 'NONE', 'WORKASPACE' ) );
#9694 = UNCERTAINTY_MEASURE_WITH_UNIT (LENGTH_MEASURE( 1.000000000000000082E-05 ), #1135, 'distance_accuracy_value', 'NONE');
#9695 = CARTESIAN_POINT ( 'NONE',  ( 5.987524596244379715, 4.750000000000000000, 1.960828251277271894 ) ) ;
#9696 =( GEOMETRIC_REPRESENTATION_CONTEXT ( 3 ) GLOBAL_UNCERTAINTY_ASSIGNED_CONTEXT ( ( #2565 ) ) GLOBAL_UNIT_ASSIGNED_CONTEXT ( ( #11477, #7650, #9619 ) ) REPRESENTATION_CONTEXT ( 'NONE', 'WORKASPACE' ) );
#9697 = ORIENTED_EDGE ( 'NONE', *, *, #7266, .F. ) ;
#9698 = CARTESIAN_POINT ( 'NONE',  ( 5.796263755702639742, 4.750000000000000000, 1.769191276932375212 ) ) ;
#9699 = PLANE ( 'NONE',  #11108 ) ;
#9700 = CARTESIAN_POINT ( 'NONE',  ( 4.543993315028436619, 4.750000000000000000, 2.847663915800954904 ) ) ;
#9701 = CARTESIAN_POINT ( 'NONE',  ( 5.572697436692285677, 4.751000000000000334, 1.917594516430659812 ) ) ;
#9702 = ORIENTED_EDGE ( 'NONE', *, *, #8220, .T. ) ;
#9703 = FACE_OUTER_BOUND ( 'NONE', #8863, .T. ) ;
#9704 = COLOUR_RGB ( '',0.0000000000000000000, 0.0000000000000000000, 0.0000000000000000000 ) ;
#9705 = STYLED_ITEM ( 'NONE', ( #11130 ), #9806 ) ;
#9706 =( NAMED_UNIT ( * ) SI_UNIT ( $, .STERADIAN. ) SOLID_ANGLE_UNIT ( ) );
#9707 = VERTEX_POINT ( 'NONE', #4280 ) ;
#9708 = FILL_AREA_STYLE ('',( #6880 ) ) ;
#9709 = CARTESIAN_POINT ( 'NONE',  ( 5.147193573663065180, 4.751000000000000334, 2.481778899562427476 ) ) ;
#9710 = DIRECTION ( 'NONE',  ( -0.3382111624796507732, -0.0000000000000000000, 0.9410702468860459025 ) ) ;
#9711 = VERTEX_POINT ( 'NONE', #8005 ) ;
#9712 = CARTESIAN_POINT ( 'NONE',  ( 4.436618090650972235, 4.751000000000000334, 2.062125348052995299 ) ) ;
#9713 = VECTOR ( 'NONE', #8635, 1000.000000000000000 ) ;
#9714 = SURFACE_SIDE_STYLE ('',( #7796 ) ) ;
#9715 = AXIS2_PLACEMENT_3D ( 'NONE', #5660, #8209, #8387 ) ;
#9716 =( NAMED_UNIT ( * ) PLANE_ANGLE_UNIT ( ) SI_UNIT ( $, .RADIAN. ) );
#9717 = ORIENTED_EDGE ( 'NONE', *, *, #4034, .F. ) ;
#9718 = EDGE_CURVE ( 'NONE', #5577, #11392, #8670, .T. ) ;
#9719 = CARTESIAN_POINT ( 'NONE',  ( 4.797445472848246517, 4.750000000000000000, 2.682056254219147728 ) ) ;
#9720 = PRESENTATION_STYLE_ASSIGNMENT (( #9651 ) ) ;
#9721 =( NAMED_UNIT ( * ) SI_UNIT ( $, .STERADIAN. ) SOLID_ANGLE_UNIT ( ) );
#9722 = CARTESIAN_POINT ( 'NONE',  ( 6.085551493019715430, 4.750000000000000000, 2.488434068809013855 ) ) ;
#9723 = VECTOR ( 'NONE', #8444, 1000.000000000000000 ) ;
#9724 = B_SPLINE_SURFACE_WITH_KNOTS ( 'NONE', 3, 1, ( 
 ( #2036, #2960 ),
 ( #2210, #5975 ),
 ( #9701, #3095 ),
 ( #3218, #6811 ) ),
 .UNSPECIFIED., .F., .F., .F.,
 ( 4, 4 ),
 ( 2, 2 ),
 ( 12.00000000000000000, 13.00000000000000000 ),
 ( 0.0000000000000000000, 1.000000000000000000 ),
 .UNSPECIFIED. ) ;
#9725 = AXIS2_PLACEMENT_3D ( 'NONE', #784, #7128, #3645 ) ;
#9726 = CYLINDRICAL_SURFACE ( 'NONE', #10032, 0.3400000000000000244 ) ;
#9727 = ORIENTED_EDGE ( 'NONE', *, *, #2679, .F. ) ;
#9728 = FILL_AREA_STYLE_COLOUR ( '', #4771 ) ;
#9729 = LINE ( 'NONE', #8729, #10588 ) ;
#9730 = CARTESIAN_POINT ( 'NONE',  ( 5.795251653786746004, 4.750000000000000000, 1.911894461898256958 ) ) ;
#9731 = EDGE_LOOP ( 'NONE', ( #6593, #4075, #7358, #6866 ) ) ;
#9732 = FACE_OUTER_BOUND ( 'NONE', #11146, .T. ) ;
#9733 = CARTESIAN_POINT ( 'NONE',  ( 4.923604166927503023, 4.751000000000000334, 2.908324213156613602 ) ) ;
#9734 = ORIENTED_EDGE ( 'NONE', *, *, #899, .T. ) ;
#9735 = EDGE_CURVE ( 'NONE', #1148, #6402, #7095, .T. ) ;
#9736 = CARTESIAN_POINT ( 'NONE',  ( 5.083817024422867981, 4.751000000000000334, 1.979893544294149654 ) ) ;
#9737 = SURFACE_SIDE_STYLE ('',( #7814 ) ) ;
#9738 =( LENGTH_UNIT ( ) NAMED_UNIT ( * ) SI_UNIT ( .MILLI., .METRE. ) );
#9739 = EDGE_LOOP ( 'NONE', ( #8406, #9469, #8482, #3679 ) ) ;
#9740 =( LENGTH_UNIT ( ) NAMED_UNIT ( * ) SI_UNIT ( .MILLI., .METRE. ) );
#9741 = VERTEX_POINT ( 'NONE', #9736 ) ;
#9742 = AXIS2_PLACEMENT_3D ( 'NONE', #4005, #50, #6630 ) ;
#9743 = ORIENTED_EDGE ( 'NONE', *, *, #2072, .F. ) ;
#9744 = DIRECTION ( 'NONE',  ( -0.0000000000000000000, -1.000000000000000000, -0.0000000000000000000 ) ) ;
#9745 = CARTESIAN_POINT ( 'NONE',  ( 8.225262519482084755, 4.750000000000000000, 2.729013469338142261 ) ) ;
#9746 = COLOUR_RGB ( '',0.8823529411764705621, 0.8823529411764705621, 0.8823529411764705621 ) ;
#9747 = DIRECTION ( 'NONE',  ( -0.0000000000000000000, -1.000000000000000000, -0.0000000000000000000 ) ) ;
#9748 = SURFACE_STYLE_FILL_AREA ( #6794 ) ;
#9749 = CARTESIAN_POINT ( 'NONE',  ( 5.733625470583529449, 4.751000000000000334, 1.621357632407723903 ) ) ;
#9750 = CARTESIAN_POINT ( 'NONE',  ( 6.024710714677333101, 4.751000000000000334, 1.720641923077660840 ) ) ;
#9751 = EDGE_CURVE ( 'NONE', #259, #4846, #1170, .T. ) ;
#9752 =( NAMED_UNIT ( * ) PLANE_ANGLE_UNIT ( ) SI_UNIT ( $, .RADIAN. ) );
#9753 = VECTOR ( 'NONE', #11027, 1000.000000000000000 ) ;
#9754 = EDGE_CURVE ( 'NONE', #52, #5678, #12164, .T. ) ;
#9755 = CARTESIAN_POINT ( 'NONE',  ( 5.825310698065924164, 4.750000000000000000, 2.420042167947327183 ) ) ;
#9756 = CARTESIAN_POINT ( 'NONE',  ( 8.441257944183728767, 4.750000000000000000, 1.837625823802922387 ) ) ;
#9757 = FILL_AREA_STYLE ('',( #2337 ) ) ;
#9758 = ORIENTED_EDGE ( 'NONE', *, *, #8008, .F. ) ;
#9759 = ORIENTED_EDGE ( 'NONE', *, *, #2772, .F. ) ;
#9760 = CARTESIAN_POINT ( 'NONE',  ( 6.063433197988347345, 4.750000000000000000, 2.674918437937169990 ) ) ;
#9761 = DIRECTION ( 'NONE',  ( 0.007092178509963330442, 0.0000000000000000000, -0.9999748501857348426 ) ) ;
#9762 = SURFACE_STYLE_USAGE ( .BOTH. , #10693 ) ;
#9763 = B_SPLINE_CURVE_WITH_KNOTS ( 'NONE', 3,
 ( #1962, #105, #3769, #11121 ),
 .UNSPECIFIED., .F., .F.,
 ( 4, 4 ),
 ( 5.000000000000000000, 6.000000000000000000 ),
 .UNSPECIFIED. ) ;
#9764 = CARTESIAN_POINT ( 'NONE',  ( 5.416976395264090804, 4.751000000000000334, 1.974458048948823929 ) ) ;
#9765 = ORIENTED_EDGE ( 'NONE', *, *, #4811, .F. ) ;
#9766 = FILL_AREA_STYLE_COLOUR ( '', #6260 ) ;
#9767 = CARTESIAN_POINT ( 'NONE',  ( 8.245387808543862107, 4.750000000000000000, 2.949674791134507146 ) ) ;
#9768 = DIRECTION ( 'NONE',  ( 0.0000000000000000000, 1.000000000000000000, -1.195372373669727292E-16 ) ) ;
#9769 = SURFACE_STYLE_FILL_AREA ( #6042 ) ;
#9770 = ORIENTED_EDGE ( 'NONE', *, *, #3838, .T. ) ;
#9771 = SURFACE_STYLE_USAGE ( .BOTH. , #1548 ) ;
#9772 = SURFACE_SIDE_STYLE ('',( #3223 ) ) ;
#9773 = VERTEX_POINT ( 'NONE', #6971 ) ;
#9774 = CARTESIAN_POINT ( 'NONE',  ( 4.235485328940698402, 4.750000000000000000, 1.869638520470928267 ) ) ;
#9775 = CARTESIAN_POINT ( 'NONE',  ( 5.589416121537609250, 4.751000000000000334, 1.796058355507088367 ) ) ;
#9776 = VERTEX_POINT ( 'NONE', #11987 ) ;
#9777 = CARTESIAN_POINT ( 'NONE',  ( 8.160399998643601549, 4.750000000000000000, 1.680186376287746919 ) ) ;
#9778 = FILL_AREA_STYLE_COLOUR ( '', #4987 ) ;
#9779 = LINE ( 'NONE', #7925, #10074 ) ;
#9780 = ORIENTED_EDGE ( 'NONE', *, *, #8829, .T. ) ;
#9781 = CARTESIAN_POINT ( 'NONE',  ( 5.646770985724858249, 4.751000000000000334, 1.699245326436861880 ) ) ;
#9782 =( LENGTH_UNIT ( ) NAMED_UNIT ( * ) SI_UNIT ( .MILLI., .METRE. ) );
#9783 = MECHANICAL_DESIGN_GEOMETRIC_PRESENTATION_REPRESENTATION (  '', ( #8575 ), #6265 ) ;
#9784 = DIRECTION ( 'NONE',  ( 1.000000000000000000, 0.0000000000000000000, 0.0000000000000000000 ) ) ;
#9785 = LINE ( 'NONE', #1263, #961 ) ;
#9786 = SURFACE_STYLE_FILL_AREA ( #10717 ) ;
#9787 = UNCERTAINTY_MEASURE_WITH_UNIT (LENGTH_MEASURE( 1.000000000000000082E-05 ), #9952, 'distance_accuracy_value', 'NONE');
#9788 =( LENGTH_UNIT ( ) NAMED_UNIT ( * ) SI_UNIT ( .MILLI., .METRE. ) );
#9789 = VERTEX_POINT ( 'NONE', #12158 ) ;
#9790 = SURFACE_STYLE_FILL_AREA ( #8663 ) ;
#9791 = CARTESIAN_POINT ( 'NONE',  ( 9.078424850482647912, 4.751000000000000334, 2.218111013886742811 ) ) ;
#9792 = ORIENTED_EDGE ( 'NONE', *, *, #7047, .T. ) ;
#9793 =( NAMED_UNIT ( * ) PLANE_ANGLE_UNIT ( ) SI_UNIT ( $, .RADIAN. ) );
#9794 = CARTESIAN_POINT ( 'NONE',  ( 6.996768507457382213, 4.750000000000000000, 2.131045987306499079 ) ) ;
#9795 = SURFACE_STYLE_USAGE ( .BOTH. , #2502 ) ;
#9796 = ORIENTED_EDGE ( 'NONE', *, *, #10524, .T. ) ;
#9797 =( NAMED_UNIT ( * ) SI_UNIT ( $, .STERADIAN. ) SOLID_ANGLE_UNIT ( ) );
#9798 = CARTESIAN_POINT ( 'NONE',  ( -11.00000000000000000, 4.163799117100994766E-17, 4.410000000000005471 ) ) ;
#9799 = ORIENTED_EDGE ( 'NONE', *, *, #5655, .T. ) ;
#9800 =( NAMED_UNIT ( * ) SI_UNIT ( $, .STERADIAN. ) SOLID_ANGLE_UNIT ( ) );
#9801 = VERTEX_POINT ( 'NONE', #3834 ) ;
#9802 = ORIENTED_EDGE ( 'NONE', *, *, #2386, .F. ) ;
#9803 = ADVANCED_FACE ( 'NONE', ( #4685, #5553 ), #8225, .T. ) ;
#9804 = PRESENTATION_LAYER_ASSIGNMENT (  '', '', ( #578 ) ) ;
#9805 = SURFACE_STYLE_FILL_AREA ( #6082 ) ;
#9806 = ADVANCED_FACE ( 'NONE', ( #7385 ), #1739, .T. ) ;
#9807 = CARTESIAN_POINT ( 'NONE',  ( 4.702666865388868800, 4.751000000000000334, 1.843058146737809544 ) ) ;
#9808 = SURFACE_SIDE_STYLE ('',( #3927 ) ) ;
#9809 = CARTESIAN_POINT ( 'NONE',  ( 4.235485328940698402, 4.750000000000000000, 1.869638520470928267 ) ) ;
#9810 = FILL_AREA_STYLE ('',( #6088 ) ) ;
#9811 = EDGE_LOOP ( 'NONE', ( #6604, #3391, #11520, #3910 ) ) ;
#9812 = ORIENTED_EDGE ( 'NONE', *, *, #2538, .F. ) ;
#9813 = VECTOR ( 'NONE', #5801, 1000.000000000000000 ) ;
#9814 = DIRECTION ( 'NONE',  ( 0.0000000000000000000, 1.000000000000000000, 0.0000000000000000000 ) ) ;
#9815 = EDGE_CURVE ( 'NONE', #8792, #1823, #7439, .T. ) ;
#9816 = ADVANCED_FACE ( 'NONE', ( #8287 ), #12049, .F. ) ;
#9817 = UNCERTAINTY_MEASURE_WITH_UNIT (LENGTH_MEASURE( 1.000000000000000082E-05 ), #7505, 'distance_accuracy_value', 'NONE');
#9818 = LINE ( 'NONE', #1234, #11811 ) ;
#9819 = FACE_OUTER_BOUND ( 'NONE', #7876, .T. ) ;
#9820 = CARTESIAN_POINT ( 'NONE',  ( 4.376053715246305487, 4.751000000000000334, 2.061695803888325518 ) ) ;
#9821 = EDGE_LOOP ( 'NONE', ( #10597, #6066, #2073, #11617 ) ) ;
#9822 = DIRECTION ( 'NONE',  ( 0.9999748501857348426, 0.0000000000000000000, 0.007092178509962399763 ) ) ;
#9823 = FILL_AREA_STYLE_COLOUR ( '', #12088 ) ;
#9824 =( NAMED_UNIT ( * ) SI_UNIT ( $, .STERADIAN. ) SOLID_ANGLE_UNIT ( ) );
#9825 = PRESENTATION_LAYER_ASSIGNMENT (  '', '', ( #4346 ) ) ;
#9826 = CARTESIAN_POINT ( 'NONE',  ( 5.646770985724858249, 4.750000000000000000, 1.699245326436861658 ) ) ;
#9827 = ORIENTED_EDGE ( 'NONE', *, *, #4353, .T. ) ;
#9828 = DIRECTION ( 'NONE',  ( 0.0000000000000000000, -1.000000000000000000, 0.0000000000000000000 ) ) ;
#9829 = PRODUCT_DEFINITION_SHAPE ( 'NONE', 'NONE',  #8761 ) ;
#9830 = CARTESIAN_POINT ( 'NONE',  ( 5.861313381660806954, 4.751000000000000334, 1.613685022091681187 ) ) ;
#9831 = EDGE_LOOP ( 'NONE', ( #458, #11499, #1923, #5434 ) ) ;
#9832 =( GEOMETRIC_REPRESENTATION_CONTEXT ( 3 ) GLOBAL_UNCERTAINTY_ASSIGNED_CONTEXT ( ( #9856 ) ) GLOBAL_UNIT_ASSIGNED_CONTEXT ( ( #5835, #9495, #8681 ) ) REPRESENTATION_CONTEXT ( 'NONE', 'WORKASPACE' ) );
#9833 = EDGE_CURVE ( 'NONE', #316, #11700, #238, .T. ) ;
#9834 = UNCERTAINTY_MEASURE_WITH_UNIT (LENGTH_MEASURE( 1.000000000000000082E-05 ), #11042, 'distance_accuracy_value', 'NONE');
#9835 = CARTESIAN_POINT ( 'NONE',  ( 5.184920842784719319, 4.751000000000000334, 1.707147399115480413 ) ) ;
#9836 =( NAMED_UNIT ( * ) PLANE_ANGLE_UNIT ( ) SI_UNIT ( $, .RADIAN. ) );
#9837 = LINE ( 'NONE', #2355, #6140 ) ;
#9838 = ORIENTED_EDGE ( 'NONE', *, *, #862, .T. ) ;
#9839 = ADVANCED_FACE ( 'NONE', ( #11613 ), #9724, .F. ) ;
#9840 = CARTESIAN_POINT ( 'NONE',  ( 5.796016721719511544, 4.751000000000000334, 1.804022291115300547 ) ) ;
#9841 = DIRECTION ( 'NONE',  ( -0.0000000000000000000, -1.000000000000000000, -0.0000000000000000000 ) ) ;
#9842 = CARTESIAN_POINT ( 'NONE',  ( 7.259039443439511352, 4.751000000000000334, 1.850931544094996051 ) ) ;
#9843 = DIRECTION ( 'NONE',  ( 0.9999748501857349536, -0.0000000000000000000, 0.007092178509957415902 ) ) ;
#9844 = ORIENTED_EDGE ( 'NONE', *, *, #4783, .T. ) ;
#9845 = AXIS2_PLACEMENT_3D ( 'NONE', #658, #2572, #3440 ) ;
#9846 = CARTESIAN_POINT ( 'NONE',  ( 5.542266887760171734, 4.751000000000000334, 1.663411433829511177 ) ) ;
#9847 = MECHANICAL_DESIGN_GEOMETRIC_PRESENTATION_REPRESENTATION (  '', ( #5141 ), #5544 ) ;
#9848 = VECTOR ( 'NONE', #9744, 1000.000000000000000 ) ;
#9849 = DIRECTION ( 'NONE',  ( -0.0000000000000000000, -1.000000000000000000, -0.0000000000000000000 ) ) ;
#9850 = PLANE ( 'NONE',  #199 ) ;
#9851 = SURFACE_SIDE_STYLE ('',( #8975 ) ) ;
#9852 = VECTOR ( 'NONE', #5924, 1000.000000000000000 ) ;
#9853 = CARTESIAN_POINT ( 'NONE',  ( 5.260200966600935502, 4.751000000000000334, 1.446955457895424679 ) ) ;
#9854 = MECHANICAL_DESIGN_GEOMETRIC_PRESENTATION_REPRESENTATION (  '', ( #3610 ), #4573 ) ;
#9855 = ORIENTED_EDGE ( 'NONE', *, *, #2694, .F. ) ;
#9856 = UNCERTAINTY_MEASURE_WITH_UNIT (LENGTH_MEASURE( 1.000000000000000082E-05 ), #5835, 'distance_accuracy_value', 'NONE');
#9857 = DIRECTION ( 'NONE',  ( -0.9999748501857348426, 0.0000000000000000000, -0.007092178509964056424 ) ) ;
#9858 = CARTESIAN_POINT ( 'NONE',  ( 5.443412126751434599, 4.750000000000000000, 1.985563273292652031 ) ) ;
#9859 = VERTEX_POINT ( 'NONE', #354 ) ;
#9860 = LINE ( 'NONE', #9926, #10349 ) ;
#9861 = MECHANICAL_DESIGN_GEOMETRIC_PRESENTATION_REPRESENTATION (  '', ( #6525 ), #1246 ) ;
#9862 = PRESENTATION_LAYER_ASSIGNMENT (  '', '', ( #4572 ) ) ;
#9863 = ORIENTED_EDGE ( 'NONE', *, *, #10731, .T. ) ;
#9864 = VECTOR ( 'NONE', #6164, 1000.000000000000000 ) ;
#9865 = B_SPLINE_CURVE_WITH_KNOTS ( 'NONE', 3,
 ( #10346, #3906, #3736, #5632 ),
 .UNSPECIFIED., .F., .F.,
 ( 4, 4 ),
 ( 0.0000000000000000000, 1.000000000000000000 ),
 .UNSPECIFIED. ) ;
#9866 = CARTESIAN_POINT ( 'NONE',  ( 7.332772440236989375, 4.750000000000000000, 2.668457728513866645 ) ) ;
#9867 = VERTEX_POINT ( 'NONE', #5797 ) ;
#9868 = ORIENTED_EDGE ( 'NONE', *, *, #7324, .T. ) ;
#9869 = CARTESIAN_POINT ( 'NONE',  ( -9.999999999999998224, 3.750000000000000000, 0.4999999999999995559 ) ) ;
#9870 = FILL_AREA_STYLE ('',( #6982 ) ) ;
#9871 = VECTOR ( 'NONE', #3999, 1000.000000000000114 ) ;
#9872 = MECHANICAL_DESIGN_GEOMETRIC_PRESENTATION_REPRESENTATION (  '', ( #9463 ), #1248 ) ;
#9873 = CARTESIAN_POINT ( 'NONE',  ( 9.999999999999998224, -3.750000000000000000, 0.5000000000000004441 ) ) ;
#9874 = LINE ( 'NONE', #7111, #5387 ) ;
#9875 = CARTESIAN_POINT ( 'NONE',  ( 5.868602513033557067, 4.750000000000000000, 1.942048538271248015 ) ) ;
#9876 = FILL_AREA_STYLE_COLOUR ( '', #9066 ) ;
#9877 = CARTESIAN_POINT ( 'NONE',  ( 3.901194950936029304, 4.750000000000000000, 2.016216681361960639 ) ) ;
#9878 = EDGE_CURVE ( 'NONE', #5723, #3269, #585, .T. ) ;
#9879 = LINE ( 'NONE', #1477, #11093 ) ;
#9880 = VECTOR ( 'NONE', #5933, 1000.000000000000114 ) ;
#9881 = FILL_AREA_STYLE ('',( #8080 ) ) ;
#9882 = ORIENTED_EDGE ( 'NONE', *, *, #2973, .F. ) ;
#9883 = EDGE_LOOP ( 'NONE', ( #6875, #10113, #5112, #5381 ) ) ;
#9884 = DIRECTION ( 'NONE',  ( -0.007092178509959462876, 0.0000000000000000000, 0.9999748501857349536 ) ) ;
#9885 = B_SPLINE_CURVE_WITH_KNOTS ( 'NONE', 3,
 ( #9898, #5052, #10762, #6105 ),
 .UNSPECIFIED., .F., .F.,
 ( 4, 4 ),
 ( 3.000000000000000000, 4.000000000000000000 ),
 .UNSPECIFIED. ) ;
#9886 = PLANE ( 'NONE',  #7482 ) ;
#9887 =( LENGTH_UNIT ( ) NAMED_UNIT ( * ) SI_UNIT ( .MILLI., .METRE. ) );
#9888 = SURFACE_STYLE_USAGE ( .BOTH. , #10564 ) ;
#9889 = CARTESIAN_POINT ( 'NONE',  ( 5.862257191475202411, 4.750000000000000000, 1.993732792304178325 ) ) ;
#9890 = STYLED_ITEM ( 'NONE', ( #5179 ), #8921 ) ;
#9891 = CARTESIAN_POINT ( 'NONE',  ( 4.875469629243789349, 4.750000000000000000, 2.493108983224471498 ) ) ;
#9892 = VERTEX_POINT ( 'NONE', #9451 ) ;
#9893 = EDGE_CURVE ( 'NONE', #8101, #6784, #6184, .T. ) ;
#9894 =( NAMED_UNIT ( * ) PLANE_ANGLE_UNIT ( ) SI_UNIT ( $, .RADIAN. ) );
#9895 = FILL_AREA_STYLE_COLOUR ( '', #11014 ) ;
#9896 = VERTEX_POINT ( 'NONE', #9515 ) ;
#9897 = STYLED_ITEM ( 'NONE', ( #3585 ), #9278 ) ;
#9898 = CARTESIAN_POINT ( 'NONE',  ( 5.941925765637444457, 4.751000000000000334, 1.682882502287691651 ) ) ;
#9899 = CARTESIAN_POINT ( 'NONE',  ( 5.401380459378324339, 4.751000000000000334, 1.717780718550358188 ) ) ;
#9900 = ORIENTED_EDGE ( 'NONE', *, *, #11385, .F. ) ;
#9901 = CARTESIAN_POINT ( 'NONE',  ( 5.582732426778765245, 4.751000000000000334, 2.426899934826519889 ) ) ;
#9902 = CARTESIAN_POINT ( 'NONE',  ( 5.559768075817047794, 4.751000000000000334, 1.926340981356293725 ) ) ;
#9903 = DIRECTION ( 'NONE',  ( -0.9999748501857348426, 0.0000000000000000000, -0.007092178509963431056 ) ) ;
#9904 =( LENGTH_UNIT ( ) NAMED_UNIT ( * ) SI_UNIT ( .MILLI., .METRE. ) );
#9905 = VECTOR ( 'NONE', #12131, 1000.000000000000000 ) ;
#9906 = VERTEX_POINT ( 'NONE', #4870 ) ;
#9907 = EDGE_CURVE ( 'NONE', #2783, #1565, #3941, .T. ) ;
#9908 = PRESENTATION_STYLE_ASSIGNMENT (( #7147 ) ) ;
#9909 = EDGE_CURVE ( 'NONE', #1516, #8925, #11431, .T. ) ;
#9910 = COLOUR_RGB ( '',0.0000000000000000000, 0.0000000000000000000, 0.0000000000000000000 ) ;
#9911 = FILL_AREA_STYLE ('',( #5437 ) ) ;
#9912 = EDGE_CURVE ( 'NONE', #7808, #4154, #10508, .T. ) ;
#9913 =( NAMED_UNIT ( * ) PLANE_ANGLE_UNIT ( ) SI_UNIT ( $, .RADIAN. ) );
#9914 = UNCERTAINTY_MEASURE_WITH_UNIT (LENGTH_MEASURE( 1.000000000000000082E-05 ), #3631, 'distance_accuracy_value', 'NONE');
#9915 =( NAMED_UNIT ( * ) PLANE_ANGLE_UNIT ( ) SI_UNIT ( $, .RADIAN. ) );
#9916 =( GEOMETRIC_REPRESENTATION_CONTEXT ( 3 ) GLOBAL_UNCERTAINTY_ASSIGNED_CONTEXT ( ( #741 ) ) GLOBAL_UNIT_ASSIGNED_CONTEXT ( ( #1919, #8172, #7501 ) ) REPRESENTATION_CONTEXT ( 'NONE', 'WORKASPACE' ) );
#9917 = PRESENTATION_STYLE_ASSIGNMENT (( #8054 ) ) ;
#9918 = DIRECTION ( 'NONE',  ( 0.0000000000000000000, 0.0000000000000000000, 1.000000000000000000 ) ) ;
#9919 = STYLED_ITEM ( 'NONE', ( #1795 ), #9816 ) ;
#9920 =( LENGTH_UNIT ( ) NAMED_UNIT ( * ) SI_UNIT ( .MILLI., .METRE. ) );
#9921 = VERTEX_POINT ( 'NONE', #7132 ) ;
#9922 = SURFACE_STYLE_USAGE ( .BOTH. , #6296 ) ;
#9923 = SURFACE_STYLE_FILL_AREA ( #10849 ) ;
#9924 = CARTESIAN_POINT ( 'NONE',  ( 4.191103140047736098, 4.751000000000000334, 2.006575242951158522 ) ) ;
#9925 = EDGE_LOOP ( 'NONE', ( #8815, #6364, #5194, #3718 ) ) ;
#9926 = CARTESIAN_POINT ( 'NONE',  ( 3.806016214681442467, 4.750000000000000000, 1.746757458554603959 ) ) ;
#9927 =( GEOMETRIC_REPRESENTATION_CONTEXT ( 3 ) GLOBAL_UNCERTAINTY_ASSIGNED_CONTEXT ( ( #4313 ) ) GLOBAL_UNIT_ASSIGNED_CONTEXT ( ( #11153, #3511, #10131 ) ) REPRESENTATION_CONTEXT ( 'NONE', 'WORKASPACE' ) );
#9928 = CARTESIAN_POINT ( 'NONE',  ( 5.868602513033557067, 4.751000000000000334, 1.942048538271248015 ) ) ;
#9929 = VECTOR ( 'NONE', #5599, 1000.000000000000000 ) ;
#9930 = ORIENTED_EDGE ( 'NONE', *, *, #9971, .T. ) ;
#9931 = DIRECTION ( 'NONE',  ( -0.007092178509963429321, 0.0000000000000000000, 0.9999748501857348426 ) ) ;
#9932 = EDGE_LOOP ( 'NONE', ( #8199, #981, #11316, #6720 ) ) ;
#9933 = VERTEX_POINT ( 'NONE', #9954 ) ;
#9934 = CARTESIAN_POINT ( 'NONE',  ( 5.213237750223846945, 4.751000000000000334, 2.424279346714607097 ) ) ;
#9935 = CARTESIAN_POINT ( 'NONE',  ( 4.513428274907542281, 4.750000000000000000, 2.062670113291871221 ) ) ;
#9936 = AXIS2_PLACEMENT_3D ( 'NONE', #4281, #6913, #2182 ) ;
#9937 = B_SPLINE_SURFACE_WITH_KNOTS ( 'NONE', 3, 1, ( 
 ( #3276, #9767 ),
 ( #1365, #5972 ),
 ( #10815, #5099 ),
 ( #7005, #8824 ) ),
 .UNSPECIFIED., .F., .F., .F.,
 ( 4, 4 ),
 ( 2, 2 ),
 ( 3.000000000000000000, 4.000000000000000000 ),
 ( 0.0000000000000000000, 1.000000000000000000 ),
 .UNSPECIFIED. ) ;
#9938 = STYLED_ITEM ( 'NONE', ( #5417 ), #10500 ) ;
#9939 = FACE_BOUND ( 'NONE', #378, .T. ) ;
#9940 = CARTESIAN_POINT ( 'NONE',  ( 8.222314420147885272, 4.751000000000000334, 1.615554325938123315 ) ) ;
#9941 = DIRECTION ( 'NONE',  ( -0.0000000000000000000, -1.000000000000000000, -0.0000000000000000000 ) ) ;
#9942 = SURFACE_SIDE_STYLE ('',( #6258 ) ) ;
#9943 =( NAMED_UNIT ( * ) PLANE_ANGLE_UNIT ( ) SI_UNIT ( $, .RADIAN. ) );
#9944 = DIRECTION ( 'NONE',  ( 0.9999748501857348426, -0.0000000000000000000, 0.007092178509965621144 ) ) ;
#9945 = EDGE_LOOP ( 'NONE', ( #3942, #5452, #5963, #4931 ) ) ;
#9946 = ORIENTED_EDGE ( 'NONE', *, *, #6889, .F. ) ;
#9947 = DIRECTION ( 'NONE',  ( 1.000000000000000000, 0.0000000000000000000, 0.0000000000000000000 ) ) ;
#9948 = UNCERTAINTY_MEASURE_WITH_UNIT (LENGTH_MEASURE( 1.000000000000000082E-05 ), #8053, 'distance_accuracy_value', 'NONE');
#9949 = EDGE_CURVE ( 'NONE', #1752, #3348, #8030, .T. ) ;
#9950 =( LENGTH_UNIT ( ) NAMED_UNIT ( * ) SI_UNIT ( .MILLI., .METRE. ) );
#9951 = CARTESIAN_POINT ( 'NONE',  ( 5.333652110067516716, 4.751000000000000334, 2.654145809016371871 ) ) ;
#9952 =( LENGTH_UNIT ( ) NAMED_UNIT ( * ) SI_UNIT ( .MILLI., .METRE. ) );
#9953 = FACE_OUTER_BOUND ( 'NONE', #8217, .T. ) ;
#9954 = CARTESIAN_POINT ( 'NONE',  ( 6.085962601812507700, 4.750000000000000000, 2.430469022821359459 ) ) ;
#9955 = SURFACE_SIDE_STYLE ('',( #7009 ) ) ;
#9956 = AXIS2_PLACEMENT_3D ( 'NONE', #9470, #10169, #3735 ) ;
#9957 = ORIENTED_EDGE ( 'NONE', *, *, #9302, .F. ) ;
#9958 = UNCERTAINTY_MEASURE_WITH_UNIT (LENGTH_MEASURE( 1.000000000000000082E-05 ), #7192, 'distance_accuracy_value', 'NONE');
#9959 = CARTESIAN_POINT ( 'NONE',  ( 8.349373239732326368, 4.751000000000000334, 2.559986120442274249 ) ) ;
#9960 = EDGE_CURVE ( 'NONE', #6573, #9674, #5589, .T. ) ;
#9961 = DIRECTION ( 'NONE',  ( -0.0000000000000000000, -1.000000000000000000, -0.0000000000000000000 ) ) ;
#9962 = ORIENTED_EDGE ( 'NONE', *, *, #2860, .T. ) ;
#9963 = FILL_AREA_STYLE ('',( #2357 ) ) ;
#9964 = SURFACE_SIDE_STYLE ('',( #6279 ) ) ;
#9965 = CARTESIAN_POINT ( 'NONE',  ( 8.850636211324955482, 4.750000000000000000, 2.223725738735952362 ) ) ;
#9966 = VERTEX_POINT ( 'NONE', #7978 ) ;
#9967 = CARTESIAN_POINT ( 'NONE',  ( 6.772620466632170988, 4.751000000000000334, 2.133071390992519412 ) ) ;
#9968 = SURFACE_STYLE_USAGE ( .BOTH. , #6347 ) ;
#9969 = LINE ( 'NONE', #4513, #5913 ) ;
#9970 = PRESENTATION_STYLE_ASSIGNMENT (( #6289 ) ) ;
#9971 = EDGE_CURVE ( 'NONE', #5268, #11333, #2532, .T. ) ;
#9972 = EDGE_CURVE ( 'NONE', #6784, #4832, #8353, .T. ) ;
#9973 = CARTESIAN_POINT ( 'NONE',  ( 4.166460228167889746, 4.751000000000000334, 1.870968591937121506 ) ) ;
#9974 = EDGE_CURVE ( 'NONE', #8110, #3020, #1089, .T. ) ;
#9975 = CARTESIAN_POINT ( 'NONE',  ( 9.077322416771066216, 4.751000000000000334, 2.373550697762365491 ) ) ;
#9976 = EDGE_LOOP ( 'NONE', ( #7440, #528, #11361, #10756 ) ) ;
#9977 = UNCERTAINTY_MEASURE_WITH_UNIT (LENGTH_MEASURE( 1.000000000000000082E-05 ), #360, 'distance_accuracy_value', 'NONE');
#9978 = FILL_AREA_STYLE_COLOUR ( '', #1621 ) ;
#9979 = UNCERTAINTY_MEASURE_WITH_UNIT (LENGTH_MEASURE( 1.000000000000000082E-05 ), #2864, 'distance_accuracy_value', 'NONE');
#9980 = DIRECTION ( 'NONE',  ( 0.9999748501857348426, -0.0000000000000000000, 0.007092178509961926183 ) ) ;
#9981 = CARTESIAN_POINT ( 'NONE',  ( 5.556418455773386889, 4.750000000000000000, 1.848853311688531287 ) ) ;
#9982 = VERTEX_POINT ( 'NONE', #2410 ) ;
#9983 = CARTESIAN_POINT ( 'NONE',  ( 8.294611753513905228, 4.750000000000000000, 2.125790671099390572 ) ) ;
#9984 = CARTESIAN_POINT ( 'NONE',  ( 5.515475202750424799, 4.750000000000000000, 2.655435363278962679 ) ) ;
#9985 = CARTESIAN_POINT ( 'NONE',  ( 4.686258784649957043, 4.750000000000000000, 2.122383742697642628 ) ) ;
#9986 = VERTEX_POINT ( 'NONE', #8096 ) ;
#9987 = VECTOR ( 'NONE', #2528, 1000.000000000000000 ) ;
#9988 = ORIENTED_EDGE ( 'NONE', *, *, #7283, .T. ) ;
#9989 = CARTESIAN_POINT ( 'NONE',  ( 7.121289439193951409, 4.751000000000000334, 2.413903696482698535 ) ) ;
#9990 =( NAMED_UNIT ( * ) PLANE_ANGLE_UNIT ( ) SI_UNIT ( $, .RADIAN. ) );
#9991 = EDGE_CURVE ( 'NONE', #2733, #1994, #6099, .T. ) ;
#9992 = SURFACE_SIDE_STYLE ('',( #1809 ) ) ;
#9993 = EDGE_CURVE ( 'NONE', #2382, #11725, #2470, .T. ) ;
#9994 = PLANE ( 'NONE',  #9539 ) ;
#9995 =( LENGTH_UNIT ( ) NAMED_UNIT ( * ) SI_UNIT ( .MILLI., .METRE. ) );
#9996 = CARTESIAN_POINT ( 'NONE',  ( 5.903391143265677599, 4.751000000000000334, 1.838316864983614352 ) ) ;
#9997 = PLANE ( 'NONE',  #2253 ) ;
#9998 = DIRECTION ( 'NONE',  ( -0.0000000000000000000, -1.000000000000000000, -0.0000000000000000000 ) ) ;
#9999 = CARTESIAN_POINT ( 'NONE',  ( 3.906130908621855191, 4.751000000000000334, 2.034967802135362103 ) ) ;
#10000 = PLANE ( 'NONE',  #12148 ) ;
#10001 = ORIENTED_EDGE ( 'NONE', *, *, #11096, .F. ) ;
#10002 = VERTEX_POINT ( 'NONE', #3461 ) ;
#10003 = LINE ( 'NONE', #11847, #10429 ) ;
#10004 = MECHANICAL_DESIGN_GEOMETRIC_PRESENTATION_REPRESENTATION (  '', ( #9390 ), #7062 ) ;
#10005 = AXIS2_PLACEMENT_3D ( 'NONE', #7295, #4606, #6552 ) ;
#10006 = FACE_OUTER_BOUND ( 'NONE', #6916, .T. ) ;
#10007 = B_SPLINE_SURFACE_WITH_KNOTS ( 'NONE', 3, 1, ( 
 ( #5722, #11298 ),
 ( #9436, #1033 ),
 ( #4793, #8507 ),
 ( #7592, #11357 ) ),
 .UNSPECIFIED., .F., .F., .F.,
 ( 4, 4 ),
 ( 2, 2 ),
 ( 4.000000000000000000, 5.000000000000000000 ),
 ( 0.0000000000000000000, 1.000000000000000000 ),
 .UNSPECIFIED. ) ;
#10008 = CARTESIAN_POINT ( 'NONE',  ( 5.796016721719511544, 4.751000000000000334, 1.804022291115300547 ) ) ;
#10009 = CARTESIAN_POINT ( 'NONE',  ( 5.978661892746930384, 4.751000000000000334, 2.569039072836556414 ) ) ;
#10010 = CARTESIAN_POINT ( 'NONE',  ( 8.225262519482084755, 4.750000000000000000, 2.729013469338142261 ) ) ;
#10011 = CARTESIAN_POINT ( 'NONE',  ( 4.140106571802283142, 4.751000000000000334, 1.610055827680276774 ) ) ;
#10012 = ORIENTED_EDGE ( 'NONE', *, *, #3622, .T. ) ;
#10013 = AXIS2_PLACEMENT_3D ( 'NONE', #9459, #10452, #5677 ) ;
#10014 = CARTESIAN_POINT ( 'NONE',  ( 5.067603335331337000, 4.751000000000000334, 2.873213010331563844 ) ) ;
#10015 = AXIS2_PLACEMENT_3D ( 'NONE', #9420, #5705, #5830 ) ;
#10016 = DIRECTION ( 'NONE',  ( 0.9999748501857348426, 0.0000000000000000000, 0.007092178509963754582 ) ) ;
#10017 = VERTEX_POINT ( 'NONE', #1595 ) ;
#10018 = VECTOR ( 'NONE', #4433, 1000.000000000000114 ) ;
#10019 = SURFACE_STYLE_FILL_AREA ( #4620 ) ;
#10020 = CIRCLE ( 'NONE', #8622, 0.3400000000000000244 ) ;
#10021 = CARTESIAN_POINT ( 'NONE',  ( 7.305648111579486681, 4.751000000000000334, 2.415211233981442440 ) ) ;
#10022 = PLANE ( 'NONE',  #5956 ) ;
#10023 = AXIS2_PLACEMENT_3D ( 'NONE', #4270, #8906, #7993 ) ;
#10024 = VERTEX_POINT ( 'NONE', #11916 ) ;
#10025 = PRESENTATION_STYLE_ASSIGNMENT (( #6281 ) ) ;
#10026 = B_SPLINE_CURVE_WITH_KNOTS ( 'NONE', 3,
 ( #540, #8936, #9756, #8748, #7049, #4114 ),
 .UNSPECIFIED., .F., .F.,
 ( 4, 2, 4 ),
 ( 2.000000000000000000, 3.000000000000000000, 4.000000000000000000 ),
 .UNSPECIFIED. ) ;
#10027 = DIRECTION ( 'NONE',  ( -0.007092178509975918463, 0.0000000000000000000, 0.9999748501857348426 ) ) ;
#10028 = ORIENTED_EDGE ( 'NONE', *, *, #1298, .F. ) ;
#10029 = DIRECTION ( 'NONE',  ( 0.0000000000000000000, 0.0000000000000000000, -1.000000000000000000 ) ) ;
#10030 = PRESENTATION_LAYER_ASSIGNMENT (  '', '', ( #2784 ) ) ;
#10031 = ADVANCED_FACE ( 'NONE', ( #1489 ), #10701, .F. ) ;
#10032 = AXIS2_PLACEMENT_3D ( 'NONE', #3303, #4207, #6962 ) ;
#10033 = FACE_OUTER_BOUND ( 'NONE', #135, .T. ) ;
#10034 = EDGE_CURVE ( 'NONE', #3478, #726, #11674, .T. ) ;
#10035 = B_SPLINE_SURFACE_WITH_KNOTS ( 'NONE', 3, 1, ( 
 ( #11355, #5780 ),
 ( #9501, #10494 ),
 ( #2693, #10296 ),
 ( #6480, #7465 ) ),
 .UNSPECIFIED., .F., .F., .F.,
 ( 4, 4 ),
 ( 2, 2 ),
 ( 4.000000000000000000, 5.000000000000000000 ),
 ( 0.0000000000000000000, 1.000000000000000000 ),
 .UNSPECIFIED. ) ;
#10036 =( LENGTH_UNIT ( ) NAMED_UNIT ( * ) SI_UNIT ( .MILLI., .METRE. ) );
#10037 = FILL_AREA_STYLE ('',( #5557 ) ) ;
#10038 = DIRECTION ( 'NONE',  ( 0.9999748501857348426, 0.0000000000000000000, 0.007092178509962440529 ) ) ;
#10039 = VERTEX_POINT ( 'NONE', #9826 ) ;
#10040 = CARTESIAN_POINT ( 'NONE',  ( 7.443372478218416077, 4.750000000000000000, 1.855853903444935948 ) ) ;
#10041 = VECTOR ( 'NONE', #9841, 1000.000000000000000 ) ;
#10042 = PRESENTATION_LAYER_ASSIGNMENT (  '', '', ( #4951 ) ) ;
#10043 = VECTOR ( 'NONE', #4861, 1000.000000000000000 ) ;
#10044 = CARTESIAN_POINT ( 'NONE',  ( 4.356533848168873568, 4.751000000000000334, 2.120045215775415048 ) ) ;
#10045 = LINE ( 'NONE', #2800, #4420 ) ;
#10046 = EDGE_LOOP ( 'NONE', ( #6951, #5989, #7135, #2476, #9678, #3050, #8542 ) ) ;
#10047 = CARTESIAN_POINT ( 'NONE',  ( 4.235485328940698402, 4.750000000000000000, 1.869638520470928267 ) ) ;
#10048 =( NAMED_UNIT ( * ) SI_UNIT ( $, .STERADIAN. ) SOLID_ANGLE_UNIT ( ) );
#10049 = EDGE_CURVE ( 'NONE', #8132, #8155, #6755, .T. ) ;
#10050 = EDGE_CURVE ( 'NONE', #1181, #9522, #1430, .T. ) ;
#10051 = FILL_AREA_STYLE ('',( #761 ) ) ;
#10052 = ORIENTED_EDGE ( 'NONE', *, *, #10969, .T. ) ;
#10053 = COLOUR_RGB ( '',0.0000000000000000000, 0.0000000000000000000, 0.0000000000000000000 ) ;
#10054 = VECTOR ( 'NONE', #1956, 1000.000000000000000 ) ;
#10055 = ORIENTED_EDGE ( 'NONE', *, *, #1504, .F. ) ;
#10056 = DIRECTION ( 'NONE',  ( 0.0000000000000000000, -0.0000000000000000000, -1.000000000000000000 ) ) ;
#10057 = SURFACE_SIDE_STYLE ('',( #9805 ) ) ;
#10058 = PRESENTATION_LAYER_ASSIGNMENT (  '', '', ( #8456 ) ) ;
#10059 = FACE_BOUND ( 'NONE', #5981, .T. ) ;
#10060 = FILL_AREA_STYLE ('',( #5215 ) ) ;
#10061 = DIRECTION ( 'NONE',  ( -0.9376516173647776453, 0.0000000000000000000, -0.3475765303544195994 ) ) ;
#10063 = LINE ( 'NONE', #10129, #11474 ) ;
#10062 = STYLED_ITEM ( 'NONE', ( #2155 ), #7845 ) ;
#10064 = FILL_AREA_STYLE ('',( #2518 ) ) ;
#10065 = CARTESIAN_POINT ( 'NONE',  ( 5.857744171827659052, 4.750000000000000000, 2.886615351628824211 ) ) ;
#10066 = EDGE_CURVE ( 'NONE', #2792, #9776, #2767, .T. ) ;
#10067 = EDGE_CURVE ( 'NONE', #10002, #5723, #3673, .T. ) ;
#10068 = FILL_AREA_STYLE ('',( #9244 ) ) ;
#10069 = ORIENTED_EDGE ( 'NONE', *, *, #9576, .T. ) ;
#10070 = ORIENTED_EDGE ( 'NONE', *, *, #5182, .F. ) ;
#10071 = EDGE_CURVE ( 'NONE', #8452, #1420, #6563, .T. ) ;
#10072 = PLANE ( 'NONE',  #12011 ) ;
#10073 = PRESENTATION_LAYER_ASSIGNMENT (  '', '', ( #3807 ) ) ;
#10074 = VECTOR ( 'NONE', #11686, 1000.000000000000000 ) ;
#10075 = SURFACE_STYLE_USAGE ( .BOTH. , #10875 ) ;
#10076 = EDGE_CURVE ( 'NONE', #8147, #10966, #7370, .T. ) ;
#10077 = CARTESIAN_POINT ( 'NONE',  ( 7.810602685323946304, 4.751000000000000334, 3.087578438258134828 ) ) ;
#10078 = DIRECTION ( 'NONE',  ( 0.0000000000000000000, -1.000000000000000000, 0.0000000000000000000 ) ) ;
#10079 = CARTESIAN_POINT ( 'NONE',  ( 7.320312642992590213, 4.750000000000000000, 2.896118056044793221 ) ) ;
#10080 = FILL_AREA_STYLE ('',( #8442 ) ) ;
#10081 = CARTESIAN_POINT ( 'NONE',  ( 7.810602685323946304, 4.751000000000000334, 3.087578438258134828 ) ) ;
#10082 = DIRECTION ( 'NONE',  ( -0.0000000000000000000, 0.0000000000000000000, -1.000000000000000000 ) ) ;
#10083 = STYLED_ITEM ( 'NONE', ( #5197 ), #8676 ) ;
#10084 = VERTEX_POINT ( 'NONE', #9317 ) ;
#10085 = AXIS2_PLACEMENT_3D ( 'NONE', #7713, #7653, #6857 ) ;
#10086 = STYLED_ITEM ( 'NONE', ( #2637 ), #2485 ) ;
#10087 = SURFACE_SIDE_STYLE ('',( #10019 ) ) ;
#10088 = DIRECTION ( 'NONE',  ( 0.3962797719141798458, -0.0000000000000000000, -0.9181298069290886321 ) ) ;
#10089 = CARTESIAN_POINT ( 'NONE',  ( 8.792746823891690156, 4.751000000000000334, 2.740268381345278836 ) ) ;
#10090 = ORIENTED_EDGE ( 'NONE', *, *, #8516, .F. ) ;
#10091 = SURFACE_STYLE_USAGE ( .BOTH. , #12105 ) ;
#10092 = DIRECTION ( 'NONE',  ( 0.007092178509958489696, 0.0000000000000000000, -0.9999748501857349536 ) ) ;
#10093 = CARTESIAN_POINT ( 'NONE',  ( 5.442876645918871326, 4.750000000000000000, 1.639571327278545931 ) ) ;
#10094 = CARTESIAN_POINT ( 'NONE',  ( 5.144413519584437822, 4.751000000000000334, 2.873757775570414452 ) ) ;
#10095 = CARTESIAN_POINT ( 'NONE',  ( 5.502899899645201209, 4.750000000000000000, 1.991184102142578238 ) ) ;
#10096 = ORIENTED_EDGE ( 'NONE', *, *, #5698, .F. ) ;
#10097 = CARTESIAN_POINT ( 'NONE',  ( 7.452191677006363868, 4.751000000000000334, 1.631782914312548627 ) ) ;
#10098 = VECTOR ( 'NONE', #5163, 1000.000000000000114 ) ;
#10099 =( NAMED_UNIT ( * ) SI_UNIT ( $, .STERADIAN. ) SOLID_ANGLE_UNIT ( ) );
#10100 = PRESENTATION_LAYER_ASSIGNMENT (  '', '', ( #1061 ) ) ;
#10101 = FILL_AREA_STYLE ('',( #751 ) ) ;
#10102 = CARTESIAN_POINT ( 'NONE',  ( 5.422269103503259302, 4.750000000000000000, 1.777976398121686508 ) ) ;
#10103 = CARTESIAN_POINT ( 'NONE',  ( 5.401380459378324339, 4.750000000000000000, 1.717780718550358188 ) ) ;
#10104 = DIRECTION ( 'NONE',  ( -0.9999748501857348426, 0.0000000000000000000, -0.007092178509964109333 ) ) ;
#10105 = ORIENTED_EDGE ( 'NONE', *, *, #12135, .F. ) ;
#10106 = UNCERTAINTY_MEASURE_WITH_UNIT (LENGTH_MEASURE( 1.000000000000000082E-05 ), #9641, 'distance_accuracy_value', 'NONE');
#10107 = CARTESIAN_POINT ( 'NONE',  ( 4.884489958070044047, 4.750000000000000000, 1.844347701000388140 ) ) ;
#10108 = MECHANICAL_DESIGN_GEOMETRIC_PRESENTATION_REPRESENTATION (  '', ( #6760 ), #3454 ) ;
#10109 = ADVANCED_FACE ( 'NONE', ( #10996 ), #1843, .F. ) ;
#10110 = DIRECTION ( 'NONE',  ( -0.0000000000000000000, -1.000000000000000000, -0.0000000000000000000 ) ) ;
#10111 = CARTESIAN_POINT ( 'NONE',  ( 5.147193573663065180, 4.751000000000000334, 2.481778899562427476 ) ) ;
#10112 = PRESENTATION_STYLE_ASSIGNMENT (( #4697 ) ) ;
#10113 = ORIENTED_EDGE ( 'NONE', *, *, #8800, .F. ) ;
#10114 = CARTESIAN_POINT ( 'NONE',  ( 5.067603335331337000, 4.750000000000000000, 2.873213010331563844 ) ) ;
#10115 = CARTESIAN_POINT ( 'NONE',  ( 8.307148401352032252, 4.751000000000000334, 2.906732102824259645 ) ) ;
#10116 = STYLED_ITEM ( 'NONE', ( #3463 ), #3623 ) ;
#10117 = EDGE_LOOP ( 'NONE', ( #5821, #9372, #4510, #6453, #1771, #583, #9765, #4089 ) ) ;
#10118 = B_SPLINE_SURFACE_WITH_KNOTS ( 'NONE', 3, 1, ( 
 ( #12101, #3716 ),
 ( #917, #10264 ),
 ( #1852, #7596 ),
 ( #4801, #10439 ) ),
 .UNSPECIFIED., .F., .F., .F.,
 ( 4, 4 ),
 ( 2, 2 ),
 ( 15.00000000000000000, 16.00000000000000000 ),
 ( 0.0000000000000000000, 1.000000000000000000 ),
 .UNSPECIFIED. ) ;
#10119 = PRESENTATION_LAYER_ASSIGNMENT (  '', '', ( #2669 ) ) ;
#10120 = EDGE_LOOP ( 'NONE', ( #11983, #2138, #6353, #2878 ) ) ;
#10121 = DIRECTION ( 'NONE',  ( -0.9181298069290886321, 0.0000000000000000000, -0.3962797719141797903 ) ) ;
#10122 = CARTESIAN_POINT ( 'NONE',  ( 5.067603335331337000, 4.750000000000000000, 2.873213010331563844 ) ) ;
#10123 = CARTESIAN_POINT ( 'NONE',  ( 5.596433178332325120, 4.751000000000000334, 1.672568778555875824 ) ) ;
#10124 = EDGE_CURVE ( 'NONE', #4947, #9121, #11228, .T. ) ;
#10125 = COLOUR_RGB ( '',0.0000000000000000000, 0.0000000000000000000, 0.0000000000000000000 ) ;
#10126 = SURFACE_STYLE_FILL_AREA ( #5462 ) ;
#10127 = DIRECTION ( 'NONE',  ( 0.007092178509964562963, -0.0000000000000000000, -0.9999748501857348426 ) ) ;
#10128 = DIRECTION ( 'NONE',  ( 0.007092178509963044213, 0.0000000000000000000, -0.9999748501857348426 ) ) ;
#10129 = CARTESIAN_POINT ( 'NONE',  ( 4.067585281081509407, 4.751000000000000334, 1.609541480804983715 ) ) ;
#10130 = LINE ( 'NONE', #7289, #5249 ) ;
#10131 =( NAMED_UNIT ( * ) SI_UNIT ( $, .STERADIAN. ) SOLID_ANGLE_UNIT ( ) );
#10132 = SURFACE_STYLE_USAGE ( .BOTH. , #5588 ) ;
#10133 = ORIENTED_EDGE ( 'NONE', *, *, #7340, .F. ) ;
#10134 = ORIENTED_EDGE ( 'NONE', *, *, #2552, .T. ) ;
#10135 = CARTESIAN_POINT ( 'NONE',  ( 5.515475202750425687, 4.751000000000000334, 2.655435363278962679 ) ) ;
#10136 =( GEOMETRIC_REPRESENTATION_CONTEXT ( 3 ) GLOBAL_UNCERTAINTY_ASSIGNED_CONTEXT ( ( #2307 ) ) GLOBAL_UNIT_ASSIGNED_CONTEXT ( ( #234, #611, #8205 ) ) REPRESENTATION_CONTEXT ( 'NONE', 'WORKASPACE' ) );
#10137 = EDGE_CURVE ( 'NONE', #5730, #8739, #966, .T. ) ;
#10138 = FILL_AREA_STYLE_COLOUR ( '', #11798 ) ;
#10139 = ADVANCED_FACE ( 'NONE', ( #4730 ), #8827, .F. ) ;
#10140 = CARTESIAN_POINT ( 'NONE',  ( 6.996230106470864740, 4.750000000000000000, 1.697235245338857057 ) ) ;
#10141 = CARTESIAN_POINT ( 'NONE',  ( 3.996529538601968135, 4.750000000000000000, 1.805556716723700106 ) ) ;
#10142 =( NAMED_UNIT ( * ) SI_UNIT ( $, .STERADIAN. ) SOLID_ANGLE_UNIT ( ) );
#10143 = PRESENTATION_LAYER_ASSIGNMENT (  '', '', ( #8534 ) ) ;
#10144 =( NAMED_UNIT ( * ) PLANE_ANGLE_UNIT ( ) SI_UNIT ( $, .RADIAN. ) );
#10145 = LINE ( 'NONE', #9318, #3204 ) ;
#10146 = CARTESIAN_POINT ( 'NONE',  ( 5.184920842784719319, 4.751000000000000334, 1.707147399115480413 ) ) ;
#10147 =( GEOMETRIC_REPRESENTATION_CONTEXT ( 3 ) GLOBAL_UNCERTAINTY_ASSIGNED_CONTEXT ( ( #9914 ) ) GLOBAL_UNIT_ASSIGNED_CONTEXT ( ( #3631, #7407, #9359 ) ) REPRESENTATION_CONTEXT ( 'NONE', 'WORKASPACE' ) );
#10148 = ORIENTED_EDGE ( 'NONE', *, *, #7476, .T. ) ;
#10149 = MECHANICAL_DESIGN_GEOMETRIC_PRESENTATION_REPRESENTATION (  '', ( #4266 ), #1113 ) ;
#10150 = CARTESIAN_POINT ( 'NONE',  ( 5.960080507932782545, 4.750000000000000000, 1.725382462917125492 ) ) ;
#10151 = CARTESIAN_POINT ( 'NONE',  ( 4.327241686349327487, 4.750000000000000000, 1.687027347546587785 ) ) ;
#10152 =( GEOMETRIC_REPRESENTATION_CONTEXT ( 3 ) GLOBAL_UNCERTAINTY_ASSIGNED_CONTEXT ( ( #9027 ) ) GLOBAL_UNIT_ASSIGNED_CONTEXT ( ( #2557, #9099, #7092 ) ) REPRESENTATION_CONTEXT ( 'NONE', 'WORKASPACE' ) );
#10153 =( NAMED_UNIT ( * ) PLANE_ANGLE_UNIT ( ) SI_UNIT ( $, .RADIAN. ) );
#10154 = ORIENTED_EDGE ( 'NONE', *, *, #2236, .T. ) ;
#10155 = DIRECTION ( 'NONE',  ( -0.0000000000000000000, -1.000000000000000000, -0.0000000000000000000 ) ) ;
#10156 = FILL_AREA_STYLE ('',( #6406 ) ) ;
#10157 = LINE ( 'NONE', #802, #1035 ) ;
#10158 = VERTEX_POINT ( 'NONE', #3993 ) ;
#10159 = FILL_AREA_STYLE_COLOUR ( '', #7175 ) ;
#10160 =( GEOMETRIC_REPRESENTATION_CONTEXT ( 3 ) GLOBAL_UNCERTAINTY_ASSIGNED_CONTEXT ( ( #9466 ) ) GLOBAL_UNIT_ASSIGNED_CONTEXT ( ( #8476, #5685, #6472 ) ) REPRESENTATION_CONTEXT ( 'NONE', 'WORKASPACE' ) );
#10161 = CARTESIAN_POINT ( 'NONE',  ( 4.686673580517120463, 4.751000000000000334, 2.063898830827285202 ) ) ;
#10162 = LINE ( 'NONE', #1743, #2808 ) ;
#10163 = LINE ( 'NONE', #11072, #6861 ) ;
#10164 = EDGE_LOOP ( 'NONE', ( #2533, #4068, #8021, #8475 ) ) ;
#10165 =( NAMED_UNIT ( * ) PLANE_ANGLE_UNIT ( ) SI_UNIT ( $, .RADIAN. ) );
#10166 = CARTESIAN_POINT ( 'NONE',  ( 6.359803927017792624, 4.751000000000000334, 1.625798713492213832 ) ) ;
#10167 = CARTESIAN_POINT ( 'NONE',  ( 5.942858560643561106, 4.750000000000000000, 1.771270763671490389 ) ) ;
#10168 = VERTEX_POINT ( 'NONE', #4904 ) ;
#10169 = DIRECTION ( 'NONE',  ( -1.000000000000000000, -0.0000000000000000000, -0.0000000000000000000 ) ) ;
#10170 = CARTESIAN_POINT ( 'NONE',  ( 5.975903065453572083, 4.751000000000000334, 2.793092972618828274 ) ) ;
#10171 = CARTESIAN_POINT ( 'NONE',  ( 4.686258784649957043, 4.751000000000000334, 2.122383742697642628 ) ) ;
#10172 = ORIENTED_EDGE ( 'NONE', *, *, #5182, .T. ) ;
#10173 = B_SPLINE_CURVE_WITH_KNOTS ( 'NONE', 3,
 ( #9281, #7331, #11019, #4638 ),
 .UNSPECIFIED., .F., .F.,
 ( 4, 4 ),
 ( 2.000000000000000000, 3.000000000000000000 ),
 .UNSPECIFIED. ) ;
#10174 = ORIENTED_EDGE ( 'NONE', *, *, #11905, .T. ) ;
#10175 = CARTESIAN_POINT ( 'NONE',  ( 5.683900710923180277, 4.751000000000000334, 2.511580019789579232 ) ) ;
#10176 = FILL_AREA_STYLE ('',( #8316 ) ) ;
#10177 = LINE ( 'NONE', #888, #4748 ) ;
#10178 = FACE_OUTER_BOUND ( 'NONE', #4123, .T. ) ;
#10179 = B_SPLINE_CURVE_WITH_KNOTS ( 'NONE', 3,
 ( #2933, #6663, #10416, #9967 ),
 .UNSPECIFIED., .F., .F.,
 ( 4, 4 ),
 ( 34.00000000000000000, 35.00000000000000000 ),
 .UNSPECIFIED. ) ;
#10180 = CARTESIAN_POINT ( 'NONE',  ( 4.677886618691644571, 4.750000000000000000, 1.671837917414463970 ) ) ;
#10181 = SURFACE_STYLE_USAGE ( .BOTH. , #722 ) ;
#10182 = LINE ( 'NONE', #7413, #4784 ) ;
#10183 = SURFACE_SIDE_STYLE ('',( #10933 ) ) ;
#10184 = PRESENTATION_LAYER_ASSIGNMENT (  '', '', ( #5285 ) ) ;
#10185 = DIRECTION ( 'NONE',  ( 0.9999748501857348426, -0.0000000000000000000, 0.007092178509965119809 ) ) ;
#10186 = ORIENTED_EDGE ( 'NONE', *, *, #7992, .F. ) ;
#10187 = EDGE_CURVE ( 'NONE', #2809, #2972, #5716, .T. ) ;
#10188 = CARTESIAN_POINT ( 'NONE',  ( 6.290979696380119002, 4.751000000000000334, 2.075277142348034065 ) ) ;
#10189 = LINE ( 'NONE', #2527, #9657 ) ;
#10190 = MECHANICAL_DESIGN_GEOMETRIC_PRESENTATION_REPRESENTATION (  '', ( #3738 ), #2140 ) ;
#10191 = CARTESIAN_POINT ( 'NONE',  ( 5.994523315392167540, 4.751000000000000334, 2.678328894709728125 ) ) ;
#10192 = CARTESIAN_POINT ( 'NONE',  ( 5.546836871404643432, 4.751000000000000334, 1.935347379223294917 ) ) ;
#10193 = LINE ( 'NONE', #847, #11890 ) ;
#10194 = EDGE_CURVE ( 'NONE', #9773, #3269, #5896, .T. ) ;
#10195 = EDGE_CURVE ( 'NONE', #11428, #11141, #7652, .T. ) ;
#10196 = PRESENTATION_LAYER_ASSIGNMENT (  '', '', ( #7448 ) ) ;
#10197 = ORIENTED_EDGE ( 'NONE', *, *, #3392, .T. ) ;
#10198 = CARTESIAN_POINT ( 'NONE',  ( 6.063433197988347345, 4.751000000000000334, 2.674918437937169990 ) ) ;
#10199 = UNCERTAINTY_MEASURE_WITH_UNIT (LENGTH_MEASURE( 1.000000000000000082E-05 ), #2593, 'distance_accuracy_value', 'NONE');
#10200 = EDGE_LOOP ( 'NONE', ( #10900, #2380, #3080, #11724 ) ) ;
#10201 = CARTESIAN_POINT ( 'NONE',  ( 6.354083431125243209, 4.751000000000000334, 2.432370631430188723 ) ) ;
#10202 = CARTESIAN_POINT ( 'NONE',  ( 5.994066292223217296, 4.751000000000000334, 1.643220614943113889 ) ) ;
#10203 =( GEOMETRIC_REPRESENTATION_CONTEXT ( 3 ) GLOBAL_UNCERTAINTY_ASSIGNED_CONTEXT ( ( #7157 ) ) GLOBAL_UNIT_ASSIGNED_CONTEXT ( ( #8314, #12013, #1638 ) ) REPRESENTATION_CONTEXT ( 'NONE', 'WORKASPACE' ) );
#10204 = CARTESIAN_POINT ( 'NONE',  ( 4.884266745028948975, 4.750000000000000000, 2.792109294685853893 ) ) ;
#10205 = FILL_AREA_STYLE_COLOUR ( '', #8088 ) ;
#10206 = SURFACE_SIDE_STYLE ('',( #2782 ) ) ;
#10207 = VERTEX_POINT ( 'NONE', #3929 ) ;
#10208 = PRESENTATION_STYLE_ASSIGNMENT (( #4629 ) ) ;
#10209 = B_SPLINE_SURFACE_WITH_KNOTS ( 'NONE', 3, 1, ( 
 ( #8111, #1507 ),
 ( #5119, #8842 ),
 ( #435, #4202 ),
 ( #2546, #2486 ) ),
 .UNSPECIFIED., .F., .F., .F.,
 ( 4, 4 ),
 ( 2, 2 ),
 ( 2.000000000000000000, 3.000000000000000000 ),
 ( 0.0000000000000000000, 1.000000000000000000 ),
 .UNSPECIFIED. ) ;
#10210 = EDGE_CURVE ( 'NONE', #2126, #5035, #6797, .T. ) ;
#10211 =( LENGTH_UNIT ( ) NAMED_UNIT ( * ) SI_UNIT ( .MILLI., .METRE. ) );
#10212 = MECHANICAL_DESIGN_GEOMETRIC_PRESENTATION_REPRESENTATION (  '', ( #5121 ), #5318 ) ;
#10213 = VECTOR ( 'NONE', #3424, 1000.000000000000000 ) ;
#10214 = VECTOR ( 'NONE', #6592, 1000.000000000000000 ) ;
#10215 = EDGE_CURVE ( 'NONE', #11846, #6423, #298, .T. ) ;
#10216 = CARTESIAN_POINT ( 'NONE',  ( 5.940023096017200466, 4.750000000000000000, 2.830790617506793616 ) ) ;
#10217 = CARTESIAN_POINT ( 'NONE',  ( 10.49999999999999822, 4.750000000000000000, 9.999999999999998224 ) ) ;
#10218 =( LENGTH_UNIT ( ) NAMED_UNIT ( * ) SI_UNIT ( .MILLI., .METRE. ) );
#10219 = VERTEX_POINT ( 'NONE', #10373 ) ;
#10220 =( NAMED_UNIT ( * ) SI_UNIT ( $, .STERADIAN. ) SOLID_ANGLE_UNIT ( ) );
#10221 = UNCERTAINTY_MEASURE_WITH_UNIT (LENGTH_MEASURE( 1.000000000000000082E-05 ), #1241, 'distance_accuracy_value', 'NONE');
#10222 = EDGE_CURVE ( 'NONE', #8162, #3500, #9433, .T. ) ;
#10223 = DIRECTION ( 'NONE',  ( -0.0000000000000000000, -1.000000000000000000, -0.0000000000000000000 ) ) ;
#10224 = AXIS2_PLACEMENT_3D ( 'NONE', #10311, #11290, #4851 ) ;
#10225 = ORIENTED_EDGE ( 'NONE', *, *, #6886, .F. ) ;
#10226 = MECHANICAL_DESIGN_GEOMETRIC_PRESENTATION_REPRESENTATION (  '', ( #7840 ), #2585 ) ;
#10227 =( NAMED_UNIT ( * ) PLANE_ANGLE_UNIT ( ) SI_UNIT ( $, .RADIAN. ) );
#10228 = PRESENTATION_LAYER_ASSIGNMENT (  '', '', ( #1989 ) ) ;
#10229 = CARTESIAN_POINT ( 'NONE',  ( 5.717710370691858834, 4.750000000000000000, 2.875744233302981456 ) ) ;
#10230 = PLANE ( 'NONE',  #4910 ) ;
#10231 = ORIENTED_EDGE ( 'NONE', *, *, #645, .F. ) ;
#10232 = ORIENTED_EDGE ( 'NONE', *, *, #3838, .F. ) ;
#10233 = CARTESIAN_POINT ( 'NONE',  ( 7.504825414979132248, 4.750000000000000000, 1.856289749603854622 ) ) ;
#10234 = COLOUR_RGB ( '',0.0000000000000000000, 0.0000000000000000000, 0.0000000000000000000 ) ;
#10235 = FILL_AREA_STYLE ('',( #3683 ) ) ;
#10236 = PRESENTATION_LAYER_ASSIGNMENT (  '', '', ( #11407 ) ) ;
#10237 = DIRECTION ( 'NONE',  ( -0.0000000000000000000, -1.000000000000000000, -0.0000000000000000000 ) ) ;
#10238 = CARTESIAN_POINT ( 'NONE',  ( 5.645057426612244633, 4.751000000000000334, 1.885874413237700553 ) ) ;
#10239 = ORIENTED_EDGE ( 'NONE', *, *, #7489, .T. ) ;
#10240 = CARTESIAN_POINT ( 'NONE',  ( 4.513428274907542281, 4.750000000000000000, 2.062670113291871221 ) ) ;
#10241 = CARTESIAN_POINT ( 'NONE',  ( 4.797445472848246517, 4.751000000000000334, 2.682056254219147728 ) ) ;
#10242 = FILL_AREA_STYLE_COLOUR ( '', #3296 ) ;
#10243 = DIRECTION ( 'NONE',  ( -0.9999748501857348426, 0.0000000000000000000, -0.007092178509964535207 ) ) ;
#10244 = STYLED_ITEM ( 'NONE', ( #995 ), #1781 ) ;
#10245 = PLANE ( 'NONE',  #11308 ) ;
#10246 = COLOUR_RGB ( '',0.0000000000000000000, 0.0000000000000000000, 0.0000000000000000000 ) ;
#10247 = B_SPLINE_CURVE_WITH_KNOTS ( 'NONE', 3,
 ( #9411, #8249, #1824, #8371 ),
 .UNSPECIFIED., .F., .F.,
 ( 4, 4 ),
 ( 5.000000000000000000, 6.000000000000000000 ),
 .UNSPECIFIED. ) ;
#10248 = EDGE_LOOP ( 'NONE', ( #9107, #8539, #4174, #951 ) ) ;
#10249 = CARTESIAN_POINT ( 'NONE',  ( 4.513428274907542281, 4.751000000000000334, 2.062670113291871221 ) ) ;
#10250 = AXIS2_PLACEMENT_3D ( 'NONE', #3492, #10848, #573 ) ;
#10251 = MECHANICAL_DESIGN_GEOMETRIC_PRESENTATION_REPRESENTATION (  '', ( #8647 ), #3014 ) ;
#10252 = CARTESIAN_POINT ( 'NONE',  ( 3.919000357439531790, 4.751000000000000334, 2.016342963659302434 ) ) ;
#10253 = VECTOR ( 'NONE', #6176, 1000.000000000000000 ) ;
#10254 = CARTESIAN_POINT ( 'NONE',  ( 5.978661892746930384, 4.750000000000000000, 2.569039072836556414 ) ) ;
#10255 = SURFACE_STYLE_FILL_AREA ( #4727 ) ;
#10256 = ADVANCED_FACE ( 'NONE', ( #5838 ), #10035, .T. ) ;
#10257 = FACE_OUTER_BOUND ( 'NONE', #8200, .T. ) ;
#10258 = CARTESIAN_POINT ( 'NONE',  ( 5.467030124781331324, 4.751000000000000334, 1.679254426904941644 ) ) ;
#10259 = EDGE_LOOP ( 'NONE', ( #10532, #6994, #239, #3213 ) ) ;
#10260 = VECTOR ( 'NONE', #6038, 1000.000000000000000 ) ;
#10261 = MECHANICAL_DESIGN_GEOMETRIC_PRESENTATION_REPRESENTATION (  '', ( #7123 ), #6124 ) ;
#10262 = LINE ( 'NONE', #10377, #682 ) ;
#10263 = CARTESIAN_POINT ( 'NONE',  ( 5.308871863372028876, 4.750000000000000000, 2.482925579693021856 ) ) ;
#10264 = CARTESIAN_POINT ( 'NONE',  ( 5.436451115987675387, 4.750000000000000000, 1.794193635048218383 ) ) ;
#10265 = CARTESIAN_POINT ( 'NONE',  ( 4.627514783282306254, 4.750000000000000000, 2.616644379005730769 ) ) ;
#10266 = VERTEX_POINT ( 'NONE', #5460 ) ;
#10267 = EDGE_CURVE ( 'NONE', #10872, #3139, #3074, .T. ) ;
#10268 = CARTESIAN_POINT ( 'NONE',  ( 7.238914016114391892, 4.751000000000000334, 1.630270273026668049 ) ) ;
#10269 = VECTOR ( 'NONE', #1138, 1000.000000000000000 ) ;
#10270 = VECTOR ( 'NONE', #4880, 1000.000000000000000 ) ;
#10271 =( LENGTH_UNIT ( ) NAMED_UNIT ( * ) SI_UNIT ( .MILLI., .METRE. ) );
#10272 = ORIENTED_EDGE ( 'NONE', *, *, #9504, .F. ) ;
#10273 =( NAMED_UNIT ( * ) PLANE_ANGLE_UNIT ( ) SI_UNIT ( $, .RADIAN. ) );
#10274 = B_SPLINE_CURVE_WITH_KNOTS ( 'NONE', 3,
 ( #8549, #144, #3917, #7632 ),
 .UNSPECIFIED., .F., .F.,
 ( 4, 4 ),
 ( 27.00000000000000000, 28.00000000000000000 ),
 .UNSPECIFIED. ) ;
#10275 =( GEOMETRIC_REPRESENTATION_CONTEXT ( 3 ) GLOBAL_UNCERTAINTY_ASSIGNED_CONTEXT ( ( #8799 ) ) GLOBAL_UNIT_ASSIGNED_CONTEXT ( ( #3476, #1607, #8169 ) ) REPRESENTATION_CONTEXT ( 'NONE', 'WORKASPACE' ) );
#10276 = B_SPLINE_CURVE_WITH_KNOTS ( 'NONE', 3,
 ( #1772, #7477, #780, #11157 ),
 .UNSPECIFIED., .F., .F.,
 ( 4, 4 ),
 ( 22.00000000000000000, 23.00000000000000000 ),
 .UNSPECIFIED. ) ;
#10277 = CARTESIAN_POINT ( 'NONE',  ( 5.579383801027882228, 4.750000000000000000, 1.891127444814575842 ) ) ;
#10278 = ORIENTED_EDGE ( 'NONE', *, *, #11757, .F. ) ;
#10279 = DIRECTION ( 'NONE',  ( -0.0000000000000000000, -1.000000000000000000, -0.0000000000000000000 ) ) ;
#10280 = PLANE ( 'NONE',  #8636 ) ;
#10281 = EDGE_CURVE ( 'NONE', #4767, #6703, #12144, .T. ) ;
#10282 = CARTESIAN_POINT ( 'NONE',  ( 6.085962601812507700, 4.751000000000000334, 2.430469022821359459 ) ) ;
#10283 = EDGE_CURVE ( 'NONE', #1926, #10966, #10247, .T. ) ;
#10284 = PLANE ( 'NONE',  #7575 ) ;
#10285 = MECHANICAL_DESIGN_GEOMETRIC_PRESENTATION_REPRESENTATION (  '', ( #8048 ), #11252 ) ;
#10286 = CARTESIAN_POINT ( 'NONE',  ( 7.538179504055722902, 4.750000000000000000, 2.250567915820366416 ) ) ;
#10287 = ORIENTED_EDGE ( 'NONE', *, *, #7359, .T. ) ;
#10288 =( GEOMETRIC_REPRESENTATION_CONTEXT ( 3 ) GLOBAL_UNCERTAINTY_ASSIGNED_CONTEXT ( ( #9373 ) ) GLOBAL_UNIT_ASSIGNED_CONTEXT ( ( #3460, #2347, #9824 ) ) REPRESENTATION_CONTEXT ( 'NONE', 'WORKASPACE' ) );
#10289 = CARTESIAN_POINT ( 'NONE',  ( 8.929394564106914345, 4.751000000000000334, 1.823012706599978827 ) ) ;
#10290 = ORIENTED_EDGE ( 'NONE', *, *, #7365, .F. ) ;
#10291 = UNCERTAINTY_MEASURE_WITH_UNIT (LENGTH_MEASURE( 1.000000000000000082E-05 ), #10218, 'distance_accuracy_value', 'NONE');
#10292 = EDGE_LOOP ( 'NONE', ( #3411, #2835, #9088, #7199 ) ) ;
#10293 = PRESENTATION_LAYER_ASSIGNMENT (  '', '', ( #860 ) ) ;
#10294 = CARTESIAN_POINT ( 'NONE',  ( 5.898221888198729168, 4.751000000000000334, 2.420559280128398605 ) ) ;
#10295 = VECTOR ( 'NONE', #98, 1000.000000000000000 ) ;
#10296 = CARTESIAN_POINT ( 'NONE',  ( 4.884266745028948975, 4.750000000000000000, 2.792109294685853893 ) ) ;
#10297 = PLANE ( 'NONE',  #2796 ) ;
#10298 = LINE ( 'NONE', #7577, #1465 ) ;
#10299 = ORIENTED_EDGE ( 'NONE', *, *, #5113, .F. ) ;
#10300 =( LENGTH_UNIT ( ) NAMED_UNIT ( * ) SI_UNIT ( .MILLI., .METRE. ) );
#10301 = DIRECTION ( 'NONE',  ( -0.0000000000000000000, -1.000000000000000000, -0.0000000000000000000 ) ) ;
#10302 = MECHANICAL_DESIGN_GEOMETRIC_PRESENTATION_REPRESENTATION (  '', ( #692 ), #2263 ) ;
#10303 = FACE_OUTER_BOUND ( 'NONE', #4033, .T. ) ;
#10304 = PRESENTATION_LAYER_ASSIGNMENT (  '', '', ( #4820 ) ) ;
#10305 = ORIENTED_EDGE ( 'NONE', *, *, #6801, .F. ) ;
#10306 = CARTESIAN_POINT ( 'NONE',  ( 4.921210400610024571, 4.751000000000000334, 2.824344672324774042 ) ) ;
#10307 = STYLED_ITEM ( 'NONE', ( #3889 ), #3534 ) ;
#10308 = B_SPLINE_SURFACE_WITH_KNOTS ( 'NONE', 3, 1, ( 
 ( #1775, #6020 ),
 ( #3069, #6849 ),
 ( #6922, #11593 ),
 ( #11534, #8613 ) ),
 .UNSPECIFIED., .F., .F., .F.,
 ( 4, 4 ),
 ( 2, 2 ),
 ( 17.00000000000000000, 18.00000000000000000 ),
 ( 0.0000000000000000000, 1.000000000000000000 ),
 .UNSPECIFIED. ) ;
#10309 =( NAMED_UNIT ( * ) PLANE_ANGLE_UNIT ( ) SI_UNIT ( $, .RADIAN. ) );
#10310 = CARTESIAN_POINT ( 'NONE',  ( 11.00000000000000000, 4.163799117100994766E-17, 4.410000000000005471 ) ) ;
#10311 = CARTESIAN_POINT ( 'NONE',  ( 4.951747182100116440, 4.751000000000000334, 1.615812272547964223 ) ) ;
#10312 = CARTESIAN_POINT ( 'NONE',  ( 5.869214468749759384, 4.750000000000000000, 2.478841402908140701 ) ) ;
#10313 = CARTESIAN_POINT ( 'NONE',  ( 5.073393827616294871, 4.751000000000000334, 2.423287523707776447 ) ) ;
#10314 = CARTESIAN_POINT ( 'NONE',  ( 5.254901820486773900, 4.751000000000000334, 1.552715903246769891 ) ) ;
#10315 = CARTESIAN_POINT ( 'NONE',  ( 5.801308296424873667, 4.751000000000000334, 2.945482780062832706 ) ) ;
#10316 = VECTOR ( 'NONE', #5361, 1000.000000000000000 ) ;
#10317 = SURFACE_STYLE_USAGE ( .BOTH. , #1616 ) ;
#10318 = ORIENTED_EDGE ( 'NONE', *, *, #1298, .T. ) ;
#10319 =( GEOMETRIC_REPRESENTATION_CONTEXT ( 3 ) GLOBAL_UNCERTAINTY_ASSIGNED_CONTEXT ( ( #9787 ) ) GLOBAL_UNIT_ASSIGNED_CONTEXT ( ( #9952, #1544, #8499 ) ) REPRESENTATION_CONTEXT ( 'NONE', 'WORKASPACE' ) );
#10320 = EDGE_CURVE ( 'NONE', #4703, #11756, #6429, .T. ) ;
#10321 = FILL_AREA_STYLE ('',( #8340 ) ) ;
#10322 = UNCERTAINTY_MEASURE_WITH_UNIT (LENGTH_MEASURE( 1.000000000000000082E-05 ), #1645, 'distance_accuracy_value', 'NONE');
#10323 = DIRECTION ( 'NONE',  ( -0.9999748501857348426, -0.0000000000000000000, -0.007092178509963000844 ) ) ;
#10324 = ORIENTED_EDGE ( 'NONE', *, *, #2160, .T. ) ;
#10325 =( NAMED_UNIT ( * ) PLANE_ANGLE_UNIT ( ) SI_UNIT ( $, .RADIAN. ) );
#10326 = DIRECTION ( 'NONE',  ( -0.0000000000000000000, -1.000000000000000000, -0.0000000000000000000 ) ) ;
#10327 = CARTESIAN_POINT ( 'NONE',  ( 5.344145471521368762, 4.750000000000000000, 1.504478999934985906 ) ) ;
#10328 = SURFACE_STYLE_FILL_AREA ( #2845 ) ;
#10329 = VERTEX_POINT ( 'NONE', #11148 ) ;
#10330 = DIRECTION ( 'NONE',  ( -0.0000000000000000000, -1.000000000000000000, -0.0000000000000000000 ) ) ;
#10331 = CARTESIAN_POINT ( 'NONE',  ( 6.063433197988347345, 4.751000000000000334, 2.674918437937169990 ) ) ;
#10332 = ORIENTED_EDGE ( 'NONE', *, *, #10222, .T. ) ;
#10333 = EDGE_CURVE ( 'NONE', #11312, #3114, #5641, .T. ) ;
#10334 = MECHANICAL_DESIGN_GEOMETRIC_PRESENTATION_REPRESENTATION (  '', ( #4457 ), #5047 ) ;
#10335 = PRESENTATION_STYLE_ASSIGNMENT (( #2103 ) ) ;
#10336 =( NAMED_UNIT ( * ) PLANE_ANGLE_UNIT ( ) SI_UNIT ( $, .RADIAN. ) );
#10337 = ORIENTED_EDGE ( 'NONE', *, *, #11248, .T. ) ;
#10338 = CARTESIAN_POINT ( 'NONE',  ( 5.064589210043722645, 4.750000000000000000, 2.931679486830022885 ) ) ;
#10339 =( NAMED_UNIT ( * ) PLANE_ANGLE_UNIT ( ) SI_UNIT ( $, .RADIAN. ) );
#10340 = VECTOR ( 'NONE', #6315, 1000.000000000000000 ) ;
#10341 = DIRECTION ( 'NONE',  ( -0.0000000000000000000, -1.000000000000000000, -0.0000000000000000000 ) ) ;
#10342 = CARTESIAN_POINT ( 'NONE',  ( 8.850636211324955482, 4.751000000000000334, 2.223725738735952362 ) ) ;
#10343 = ORIENTED_EDGE ( 'NONE', *, *, #9351, .F. ) ;
#10344 = LINE ( 'NONE', #1753, #8179 ) ;
#10345 = CARTESIAN_POINT ( 'NONE',  ( 5.801078790548504394, 4.750000000000000000, 2.886213460521970475 ) ) ;
#10346 = CARTESIAN_POINT ( 'NONE',  ( 7.127134631112414631, 4.751000000000000334, 2.609158316483524143 ) ) ;
#10347 = VERTEX_POINT ( 'NONE', #9358 ) ;
#10348 = ADVANCED_FACE ( 'NONE', ( #2875, #20 ), #3802, .F. ) ;
#10349 = VECTOR ( 'NONE', #4338, 1000.000000000000114 ) ;
#10350 = EDGE_CURVE ( 'NONE', #8607, #10593, #1942, .T. ) ;
#10351 = SURFACE_STYLE_FILL_AREA ( #7348 ) ;
#10352 = VERTEX_POINT ( 'NONE', #1761 ) ;
#10353 =( LENGTH_UNIT ( ) NAMED_UNIT ( * ) SI_UNIT ( .MILLI., .METRE. ) );
#10354 = PRESENTATION_STYLE_ASSIGNMENT (( #4774 ) ) ;
#10355 = CARTESIAN_POINT ( 'NONE',  ( 4.885336008198335023, 4.751000000000000334, 2.568043411908375706 ) ) ;
#10356 = DIRECTION ( 'NONE',  ( -0.0000000000000000000, -1.000000000000000000, -0.0000000000000000000 ) ) ;
#10357 = FILL_AREA_STYLE ('',( #5521 ) ) ;
#10358 = ORIENTED_EDGE ( 'NONE', *, *, #10886, .T. ) ;
#10359 = DIRECTION ( 'NONE',  ( -0.0000000000000000000, -1.000000000000000000, -0.0000000000000000000 ) ) ;
#10360 = SURFACE_STYLE_USAGE ( .BOTH. , #7636 ) ;
#10361 = LINE ( 'NONE', #1146, #10790 ) ;
#10362 = ORIENTED_EDGE ( 'NONE', *, *, #10124, .F. ) ;
#10363 = EDGE_CURVE ( 'NONE', #4037, #1823, #3742, .T. ) ;
#10364 =( GEOMETRIC_REPRESENTATION_CONTEXT ( 3 ) GLOBAL_UNCERTAINTY_ASSIGNED_CONTEXT ( ( #2497 ) ) GLOBAL_UNIT_ASSIGNED_CONTEXT ( ( #394, #6137, #11591 ) ) REPRESENTATION_CONTEXT ( 'NONE', 'WORKASPACE' ) );
#10365 = SURFACE_SIDE_STYLE ('',( #4488 ) ) ;
#10366 = STYLED_ITEM ( 'NONE', ( #3169 ), #674 ) ;
#10367 = EDGE_CURVE ( 'NONE', #584, #5445, #12015, .T. ) ;
#10368 = SURFACE_STYLE_FILL_AREA ( #7420 ) ;
#10369 = FACE_OUTER_BOUND ( 'NONE', #5652, .T. ) ;
#10370 = CARTESIAN_POINT ( 'NONE',  ( 6.996768507457382213, 4.750000000000000000, 2.131045987306499079 ) ) ;
#10371 = FACE_OUTER_BOUND ( 'NONE', #10248, .T. ) ;
#10372 = MECHANICAL_DESIGN_GEOMETRIC_PRESENTATION_REPRESENTATION (  '', ( #2133 ), #10973 ) ;
#10373 = CARTESIAN_POINT ( 'NONE',  ( -18.11999999999999744, 0.0000000000000000000, 3.750000000000004885 ) ) ;
#10374 = CARTESIAN_POINT ( 'NONE',  ( 4.235485328940698402, 4.751000000000000334, 1.869638520470928267 ) ) ;
#10375 = PRESENTATION_STYLE_ASSIGNMENT (( #4907 ) ) ;
#10376 = ORIENTED_EDGE ( 'NONE', *, *, #1249, .F. ) ;
#10377 = CARTESIAN_POINT ( 'NONE',  ( 9.999999999999998224, 3.750000000000000000, 0.4999999999999995559 ) ) ;
#10378 =( GEOMETRIC_REPRESENTATION_CONTEXT ( 3 ) GLOBAL_UNCERTAINTY_ASSIGNED_CONTEXT ( ( #7124 ) ) GLOBAL_UNIT_ASSIGNED_CONTEXT ( ( #4455, #968, #2429 ) ) REPRESENTATION_CONTEXT ( 'NONE', 'WORKASPACE' ) );
#10379 =( LENGTH_UNIT ( ) NAMED_UNIT ( * ) SI_UNIT ( .MILLI., .METRE. ) );
#10380 = CARTESIAN_POINT ( 'NONE',  ( 4.193070194226705460, 4.750000000000000000, 1.729226794211716323 ) ) ;
#10381 = VERTEX_POINT ( 'NONE', #7573 ) ;
#10382 = DIRECTION ( 'NONE',  ( 0.9999748501857348426, 0.0000000000000000000, 0.007092178509964783273 ) ) ;
#10383 = CARTESIAN_POINT ( 'NONE',  ( 5.475064039375723723, 4.751000000000000334, 1.939257422969496547 ) ) ;
#10384 = DIRECTION ( 'NONE',  ( -0.9999748501857348426, -0.0000000000000000000, -0.007092178509964089383 ) ) ;
#10385 = CARTESIAN_POINT ( 'NONE',  ( 5.185555950048876817, 4.751000000000000334, 1.562621918254316178 ) ) ;
#10386 = ORIENTED_EDGE ( 'NONE', *, *, #8020, .T. ) ;
#10387 = FACE_OUTER_BOUND ( 'NONE', #9811, .T. ) ;
#10388 = ORIENTED_EDGE ( 'NONE', *, *, #9491, .F. ) ;
#10389 =( LENGTH_UNIT ( ) NAMED_UNIT ( * ) SI_UNIT ( .MILLI., .METRE. ) );
#10390 = PRESENTATION_LAYER_ASSIGNMENT (  '', '', ( #8804 ) ) ;
#10391 =( NAMED_UNIT ( * ) SI_UNIT ( $, .STERADIAN. ) SOLID_ANGLE_UNIT ( ) );
#10392 = COLOUR_RGB ( '',0.0000000000000000000, 0.0000000000000000000, 0.0000000000000000000 ) ;
#10393 = ORIENTED_EDGE ( 'NONE', *, *, #9154, .T. ) ;
#10394 = CARTESIAN_POINT ( 'NONE',  ( 5.333652110067516716, 4.751000000000000334, 2.654145809016371871 ) ) ;
#10395 = CARTESIAN_POINT ( 'NONE',  ( 4.253281500352056987, 4.751000000000000334, 1.981021632403855648 ) ) ;
#10396 = ORIENTED_EDGE ( 'NONE', *, *, #5113, .T. ) ;
#10397 = ADVANCED_FACE ( 'NONE', ( #2633 ), #6776, .F. ) ;
#10398 = CARTESIAN_POINT ( 'NONE',  ( 4.921845531079022784, 4.750000000000000000, 2.533209638221726845 ) ) ;
#10399 = COLOUR_RGB ( '',0.0000000000000000000, 0.0000000000000000000, 0.0000000000000000000 ) ;
#10400 = VECTOR ( 'NONE', #6464, 1000.000000000000000 ) ;
#10401 = FACE_OUTER_BOUND ( 'NONE', #7798, .T. ) ;
#10402 = ORIENTED_EDGE ( 'NONE', *, *, #4441, .F. ) ;
#10403 = UNCERTAINTY_MEASURE_WITH_UNIT (LENGTH_MEASURE( 1.000000000000000082E-05 ), #6297, 'distance_accuracy_value', 'NONE');
#10404 = B_SPLINE_SURFACE_WITH_KNOTS ( 'NONE', 3, 1, ( 
 ( #874, #7 ),
 ( #1931, #8240 ),
 ( #998, #4761 ),
 ( #3791, #7514 ) ),
 .UNSPECIFIED., .F., .F., .F.,
 ( 4, 4 ),
 ( 2, 2 ),
 ( 5.000000000000000000, 6.000000000000000000 ),
 ( 0.0000000000000000000, 1.000000000000000000 ),
 .UNSPECIFIED. ) ;
#10405 = CARTESIAN_POINT ( 'NONE',  ( 9.077322416771066216, 4.750000000000000000, 2.373550697762365491 ) ) ;
#10406 = ORIENTED_EDGE ( 'NONE', *, *, #8736, .T. ) ;
#10407 =( NAMED_UNIT ( * ) SI_UNIT ( $, .STERADIAN. ) SOLID_ANGLE_UNIT ( ) );
#10408 = FILL_AREA_STYLE_COLOUR ( '', #7253 ) ;
#10409 = LINE ( 'NONE', #5943, #3797 ) ;
#10410 = VECTOR ( 'NONE', #5288, 1000.000000000000114 ) ;
#10411 = STYLED_ITEM ( 'NONE', ( #5063 ), #5326 ) ;
#10412 =( NAMED_UNIT ( * ) PLANE_ANGLE_UNIT ( ) SI_UNIT ( $, .RADIAN. ) );
#10413 = ORIENTED_EDGE ( 'NONE', *, *, #1372, .T. ) ;
#10414 = EDGE_CURVE ( 'NONE', #4698, #3000, #7907, .T. ) ;
#10415 = ADVANCED_FACE ( 'NONE', ( #7726 ), #9937, .F. ) ;
#10416 = CARTESIAN_POINT ( 'NONE',  ( 6.773517796556638437, 4.751000000000000334, 2.006550695619879754 ) ) ;
#10417 = PRESENTATION_STYLE_ASSIGNMENT (( #204 ) ) ;
#10418 = EDGE_LOOP ( 'NONE', ( #1254, #4238, #523, #7916 ) ) ;
#10419 = CIRCLE ( 'NONE', #6685, 1.340000000000000968 ) ;
#10420 =( GEOMETRIC_REPRESENTATION_CONTEXT ( 3 ) GLOBAL_UNCERTAINTY_ASSIGNED_CONTEXT ( ( #1963 ) ) GLOBAL_UNIT_ASSIGNED_CONTEXT ( ( #6747, #226, #8751 ) ) REPRESENTATION_CONTEXT ( 'NONE', 'WORKASPACE' ) );
#10421 = ORIENTED_EDGE ( 'NONE', *, *, #11470, .F. ) ;
#10422 = PRESENTATION_STYLE_ASSIGNMENT (( #5889 ) ) ;
#10423 = LINE ( 'NONE', #962, #6984 ) ;
#10424 = SURFACE_SIDE_STYLE ('',( #3760 ) ) ;
#10425 = ADVANCED_FACE ( 'NONE', ( #6152 ), #9699, .F. ) ;
#10426 = AXIS2_PLACEMENT_3D ( 'NONE', #6223, #11008, #8282 ) ;
#10427 = DIRECTION ( 'NONE',  ( -0.9999748501857348426, -0.0000000000000000000, -0.007092178509963813562 ) ) ;
#10428 = EDGE_CURVE ( 'NONE', #7519, #7873, #3583, .T. ) ;
#10429 = VECTOR ( 'NONE', #9814, 1000.000000000000000 ) ;
#10430 = CARTESIAN_POINT ( 'NONE',  ( -11.00000000000000000, 0.0000000000000000000, 4.750000000000005329 ) ) ;
#10431 = SURFACE_STYLE_USAGE ( .BOTH. , #39 ) ;
#10432 = FILL_AREA_STYLE_COLOUR ( '', #5885 ) ;
#10433 = EDGE_LOOP ( 'NONE', ( #7279, #6806 ) ) ;
#10434 = CARTESIAN_POINT ( 'NONE',  ( 5.903391143265678487, 4.750000000000000000, 1.838316864983614130 ) ) ;
#10435 = COLOUR_RGB ( '',0.8823529411764705621, 0.8823529411764705621, 0.8823529411764705621 ) ;
#10436 = AXIS2_PLACEMENT_3D ( 'NONE', #11332, #15, #7688 ) ;
#10437 =( GEOMETRIC_REPRESENTATION_CONTEXT ( 3 ) GLOBAL_UNCERTAINTY_ASSIGNED_CONTEXT ( ( #11424 ) ) GLOBAL_UNIT_ASSIGNED_CONTEXT ( ( #2013, #3001, #273 ) ) REPRESENTATION_CONTEXT ( 'NONE', 'WORKASPACE' ) );
#10438 = UNCERTAINTY_MEASURE_WITH_UNIT (LENGTH_MEASURE( 1.000000000000000082E-05 ), #5153, 'distance_accuracy_value', 'NONE');
#10439 = CARTESIAN_POINT ( 'NONE',  ( 5.504074232833599645, 4.750000000000000000, 1.825606818309852608 ) ) ;
#10440 =( NAMED_UNIT ( * ) PLANE_ANGLE_UNIT ( ) SI_UNIT ( $, .RADIAN. ) );
#10441 = ORIENTED_EDGE ( 'NONE', *, *, #4441, .T. ) ;
#10442 = COLOUR_RGB ( '',0.0000000000000000000, 0.0000000000000000000, 0.0000000000000000000 ) ;
#10443 = PLANE ( 'NONE',  #6731 ) ;
#10444 =( NAMED_UNIT ( * ) PLANE_ANGLE_UNIT ( ) SI_UNIT ( $, .RADIAN. ) );
#10445 = ORIENTED_EDGE ( 'NONE', *, *, #5853, .T. ) ;
#10446 = FILL_AREA_STYLE ('',( #11367 ) ) ;
#10447 = VECTOR ( 'NONE', #3103, 1000.000000000000000 ) ;
#10448 = MECHANICAL_DESIGN_GEOMETRIC_PRESENTATION_REPRESENTATION (  '', ( #8861 ), #6706 ) ;
#10449 = LINE ( 'NONE', #3890, #5323 ) ;
#10450 = EDGE_LOOP ( 'NONE', ( #8664, #9946, #10664, #7510 ) ) ;
#10451 =( NAMED_UNIT ( * ) PLANE_ANGLE_UNIT ( ) SI_UNIT ( $, .RADIAN. ) );
#10452 = DIRECTION ( 'NONE',  ( 0.0000000000000000000, -1.000000000000000000, 0.0000000000000000000 ) ) ;
#10453 = STYLED_ITEM ( 'NONE', ( #7597 ), #8235 ) ;
#10454 =( LENGTH_UNIT ( ) NAMED_UNIT ( * ) SI_UNIT ( .MILLI., .METRE. ) );
#10455 = ORIENTED_EDGE ( 'NONE', *, *, #7324, .F. ) ;
#10456 =( GEOMETRIC_REPRESENTATION_CONTEXT ( 3 ) GLOBAL_UNCERTAINTY_ASSIGNED_CONTEXT ( ( #3493 ) ) GLOBAL_UNIT_ASSIGNED_CONTEXT ( ( #2148, #2093, #7728 ) ) REPRESENTATION_CONTEXT ( 'NONE', 'WORKASPACE' ) );
#10457 = CARTESIAN_POINT ( 'NONE',  ( 5.645057426612244633, 4.750000000000000000, 1.885874413237700553 ) ) ;
#10458 =( NAMED_UNIT ( * ) SI_UNIT ( $, .STERADIAN. ) SOLID_ANGLE_UNIT ( ) );
#10459 = CARTESIAN_POINT ( 'NONE',  ( 5.733625470583529449, 4.751000000000000334, 1.621357632407723903 ) ) ;
#10460 = FILL_AREA_STYLE ('',( #128 ) ) ;
#10461 = CARTESIAN_POINT ( 'NONE',  ( -9.999999999999998224, -3.750000000000000000, 0.5000000000000004441 ) ) ;
#10462 = ORIENTED_EDGE ( 'NONE', *, *, #6454, .F. ) ;
#10463 = CARTESIAN_POINT ( 'NONE',  ( 5.269571445656204389, 4.751000000000000334, 1.518507071263895503 ) ) ;
#10464 = CARTESIAN_POINT ( 'NONE',  ( 4.241861031149168682, 4.751000000000000334, 2.051905896914612448 ) ) ;
#10465 = STYLED_ITEM ( 'NONE', ( #7809 ), #8600 ) ;
#10466 = VERTEX_POINT ( 'NONE', #7304 ) ;
#10467 = SURFACE_STYLE_FILL_AREA ( #3798 ) ;
#10468 = ORIENTED_EDGE ( 'NONE', *, *, #5414, .F. ) ;
#10469 =( NAMED_UNIT ( * ) SI_UNIT ( $, .STERADIAN. ) SOLID_ANGLE_UNIT ( ) );
#10470 = EDGE_CURVE ( 'NONE', #4190, #10645, #4837, .T. ) ;
#10471 = FILL_AREA_STYLE_COLOUR ( '', #2366 ) ;
#10472 = SURFACE_STYLE_USAGE ( .BOTH. , #8544 ) ;
#10474 = COLOUR_RGB ( '',0.0000000000000000000, 0.0000000000000000000, 0.0000000000000000000 ) ;
#10473 =( LENGTH_UNIT ( ) NAMED_UNIT ( * ) SI_UNIT ( .MILLI., .METRE. ) );
#10475 = AXIS2_PLACEMENT_3D ( 'NONE', #6255, #5275, #5400 ) ;
#10476 = VECTOR ( 'NONE', #2726, 1000.000000000000000 ) ;
#10477 = PRESENTATION_STYLE_ASSIGNMENT (( #1273 ) ) ;
#10478 = FILL_AREA_STYLE_COLOUR ( '', #1271 ) ;
#10479 = VERTEX_POINT ( 'NONE', #1592 ) ;
#10480 = CARTESIAN_POINT ( 'NONE',  ( 3.908870341059587528, 4.750000000000000000, 2.051883722249699726 ) ) ;
#10481 = CARTESIAN_POINT ( 'NONE',  ( 4.872846275826086426, 4.751000000000000334, 2.862993559193159232 ) ) ;
#10482 = SURFACE_STYLE_FILL_AREA ( #6550 ) ;
#10483 =( NAMED_UNIT ( * ) SI_UNIT ( $, .STERADIAN. ) SOLID_ANGLE_UNIT ( ) );
#10484 = ORIENTED_EDGE ( 'NONE', *, *, #11648, .F. ) ;
#10485 = STYLED_ITEM ( 'NONE', ( #2033 ), #9125 ) ;
#10486 = ORIENTED_EDGE ( 'NONE', *, *, #3466, .F. ) ;
#10487 =( LENGTH_UNIT ( ) NAMED_UNIT ( * ) SI_UNIT ( .MILLI., .METRE. ) );
#10488 = EDGE_CURVE ( 'NONE', #6842, #10780, #11053, .T. ) ;
#10489 =( LENGTH_UNIT ( ) NAMED_UNIT ( * ) SI_UNIT ( .MILLI., .METRE. ) );
#10490 = DIRECTION ( 'NONE',  ( 0.5773502691896257311, -0.5773502691896257311, -0.5773502691896257311 ) ) ;
#10491 = SURFACE_STYLE_FILL_AREA ( #3991 ) ;
#10492 = CARTESIAN_POINT ( 'NONE',  ( 4.702666865388868800, 4.751000000000000334, 1.843058146737809544 ) ) ;
#10493 = VECTOR ( 'NONE', #1582, 1000.000000000000000 ) ;
#10494 = CARTESIAN_POINT ( 'NONE',  ( 4.866020750540412720, 4.750000000000000000, 2.744149820512457705 ) ) ;
#10495 = CARTESIAN_POINT ( 'NONE',  ( 8.442386016479979105, 4.751000000000000334, 1.678571180176002597 ) ) ;
#10496 =( NAMED_UNIT ( * ) SI_UNIT ( $, .STERADIAN. ) SOLID_ANGLE_UNIT ( ) );
#10497 = VERTEX_POINT ( 'NONE', #5287 ) ;
#10498 = ADVANCED_BREP_SHAPE_REPRESENTATION ( 'RES-TH_BD9.5-L22.0-H9.5-P35.56-D0.7', ( #4186, #2717 ), #2708 ) ;
#10499 = PRESENTATION_LAYER_ASSIGNMENT (  '', '', ( #7739 ) ) ;
#10500 = ADVANCED_FACE ( 'NONE', ( #1485 ), #5827, .T. ) ;
#10501 = ADVANCED_FACE ( 'NONE', ( #676 ), #11111, .F. ) ;
#10502 = EDGE_CURVE ( 'NONE', #2065, #3774, #5854, .T. ) ;
#10503 = CARTESIAN_POINT ( 'NONE',  ( 8.458819703754935304, 4.750000000000000000, 1.400328450951303871 ) ) ;
#10504 = CARTESIAN_POINT ( 'NONE',  ( 5.542669639717325403, 4.750000000000000000, 1.991466163332251238 ) ) ;
#10505 = ORIENTED_EDGE ( 'NONE', *, *, #11083, .T. ) ;
#10506 = CARTESIAN_POINT ( 'NONE',  ( 5.824082122674338002, 4.751000000000000334, 1.695303959968161633 ) ) ;
#10507 = DIRECTION ( 'NONE',  ( 0.9276759462742566464, -0.0000000000000000000, 0.3733863129577229545 ) ) ;
#10508 = LINE ( 'NONE', #10758, #11088 ) ;
#10509 = ORIENTED_EDGE ( 'NONE', *, *, #800, .T. ) ;
#10510 = DIRECTION ( 'NONE',  ( -0.0000000000000000000, -1.000000000000000000, -0.0000000000000000000 ) ) ;
#10511 = PRESENTATION_LAYER_ASSIGNMENT (  '', '', ( #2483 ) ) ;
#10512 = ORIENTED_EDGE ( 'NONE', *, *, #9993, .F. ) ;
#10513 = SURFACE_STYLE_FILL_AREA ( #8641 ) ;
#10514 =( NAMED_UNIT ( * ) SI_UNIT ( $, .STERADIAN. ) SOLID_ANGLE_UNIT ( ) );
#10515 = CARTESIAN_POINT ( 'NONE',  ( 5.515062250420447398, 4.751000000000000334, 2.713660342207970810 ) ) ;
#10516 = ORIENTED_EDGE ( 'NONE', *, *, #2694, .T. ) ;
#10517 = CARTESIAN_POINT ( 'NONE',  ( 3.682624594497005965, 4.750000000000000000, 1.606811202230409075 ) ) ;
#10518 = DIRECTION ( 'NONE',  ( -0.9999748501857348426, -0.0000000000000000000, -0.007092178509963749378 ) ) ;
#10519 = CARTESIAN_POINT ( 'NONE',  ( 4.290225155933111267, 4.751000000000000334, 2.013257010046226814 ) ) ;
#10520 = B_SPLINE_CURVE_WITH_KNOTS ( 'NONE', 3,
 ( #3243, #7997, #376, #2310 ),
 .UNSPECIFIED., .F., .F.,
 ( 4, 4 ),
 ( 1.000000000000000000, 2.000000000000000000 ),
 .UNSPECIFIED. ) ;
#10521 = PRESENTATION_STYLE_ASSIGNMENT (( #4019 ) ) ;
#10522 = DIRECTION ( 'NONE',  ( -0.0000000000000000000, -1.000000000000000000, -0.0000000000000000000 ) ) ;
#10523 = ORIENTED_EDGE ( 'NONE', *, *, #436, .T. ) ;
#10524 = EDGE_CURVE ( 'NONE', #8939, #22, #7746, .T. ) ;
#10525 = DIRECTION ( 'NONE',  ( 0.9999748501857348426, -0.0000000000000000000, 0.007092178509962507316 ) ) ;
#10526 = VECTOR ( 'NONE', #8129, 1000.000000000000114 ) ;
#10527 = LINE ( 'NONE', #11513, #6271 ) ;
#10528 = MECHANICAL_DESIGN_GEOMETRIC_PRESENTATION_REPRESENTATION (  '', ( #1523 ), #7765 ) ;
#10529 = PRESENTATION_STYLE_ASSIGNMENT (( #6774 ) ) ;
#10530 = UNCERTAINTY_MEASURE_WITH_UNIT (LENGTH_MEASURE( 1.000000000000000082E-05 ), #3209, 'distance_accuracy_value', 'NONE');
#10531 = CARTESIAN_POINT ( 'NONE',  ( 5.188910170230661478, 4.751000000000000334, 1.694438338033092073 ) ) ;
#10532 = ORIENTED_EDGE ( 'NONE', *, *, #5978, .T. ) ;
#10533 = SURFACE_SIDE_STYLE ('',( #7571 ) ) ;
#10534 = STYLED_ITEM ( 'NONE', ( #2903 ), #11596 ) ;
#10535 = CARTESIAN_POINT ( 'NONE',  ( 5.999493410425640327, 4.750000000000000000, 2.490683120358338609 ) ) ;
#10536 = SURFACE_STYLE_USAGE ( .BOTH. , #9661 ) ;
#10537 = VERTEX_POINT ( 'NONE', #10310 ) ;
#10538 = FACE_OUTER_BOUND ( 'NONE', #4804, .T. ) ;
#10539 = CARTESIAN_POINT ( 'NONE',  ( 5.805748551469767094, 4.750000000000000000, 1.714669882987327254 ) ) ;
#10540 = COLOUR_RGB ( '',0.0000000000000000000, 0.0000000000000000000, 0.0000000000000000000 ) ;
#10541 = SURFACE_SIDE_STYLE ('',( #3915 ) ) ;
#10542 = ORIENTED_EDGE ( 'NONE', *, *, #10267, .F. ) ;
#10543 = DIRECTION ( 'NONE',  ( -0.9919892169122311865, 0.0000000000000000000, 0.1263225772768203081 ) ) ;
#10544 =( LENGTH_UNIT ( ) NAMED_UNIT ( * ) SI_UNIT ( .MILLI., .METRE. ) );
#10545 = COLOUR_RGB ( '',0.0000000000000000000, 0.0000000000000000000, 0.0000000000000000000 ) ;
#10546 = PLANE ( 'NONE',  #10015 ) ;
#10547 = ORIENTED_EDGE ( 'NONE', *, *, #6501, .T. ) ;
#10548 = ORIENTED_EDGE ( 'NONE', *, *, #10556, .F. ) ;
#10549 = FILL_AREA_STYLE ('',( #5954 ) ) ;
#10550 = CARTESIAN_POINT ( 'NONE',  ( 11.00000000000000000, 0.0000000000000000000, 9.499999999999998224 ) ) ;
#10551 = LINE ( 'NONE', #9617, #4257 ) ;
#10552 = CARTESIAN_POINT ( 'NONE',  ( 4.875469629243789349, 4.751000000000000334, 2.493108983224471498 ) ) ;
#10553 = CARTESIAN_POINT ( 'NONE',  ( 7.548254970993747648, 4.751000000000000334, 2.868814243971447020 ) ) ;
#10554 = FILL_AREA_STYLE_COLOUR ( '', #9322 ) ;
#10555 = PLANE ( 'NONE',  #10085 ) ;
#10556 = EDGE_CURVE ( 'NONE', #3219, #5058, #2186, .T. ) ;
#10557 = CARTESIAN_POINT ( 'NONE',  ( 8.375754339411152216, 4.750000000000000000, 1.898617276798059805 ) ) ;
#10558 = ORIENTED_EDGE ( 'NONE', *, *, #7488, .F. ) ;
#10559 = UNCERTAINTY_MEASURE_WITH_UNIT (LENGTH_MEASURE( 1.000000000000000082E-05 ), #9030, 'distance_accuracy_value', 'NONE');
#10560 = FILL_AREA_STYLE_COLOUR ( '', #3787 ) ;
#10561 = CARTESIAN_POINT ( 'NONE',  ( 7.452191677006363868, 4.751000000000000334, 1.631782914312548627 ) ) ;
#10562 = VERTEX_POINT ( 'NONE', #152 ) ;
#10563 = FILL_AREA_STYLE_COLOUR ( '', #4304 ) ;
#10564 = SURFACE_SIDE_STYLE ('',( #1305 ) ) ;
#10565 = CARTESIAN_POINT ( 'NONE',  ( 5.619264193944027319, 4.750000000000000000, 1.619246811335037783 ) ) ;
#10566 = CARTESIAN_POINT ( 'NONE',  ( 5.516688250219739409, 4.751000000000000334, 2.484399487674353146 ) ) ;
#10567 = ORIENTED_EDGE ( 'NONE', *, *, #9209, .F. ) ;
#10568 = ADVANCED_FACE ( 'NONE', ( #95 ), #3485, .F. ) ;
#10569 = CARTESIAN_POINT ( 'NONE',  ( 5.315956582583631906, 4.750000000000000000, 1.447350896622117356 ) ) ;
#10570 = EDGE_CURVE ( 'NONE', #7999, #3363, #11351, .T. ) ;
#10571 = VECTOR ( 'NONE', #11110, 1000.000000000000000 ) ;
#10572 = ORIENTED_EDGE ( 'NONE', *, *, #6093, .F. ) ;
#10573 = CARTESIAN_POINT ( 'NONE',  ( 5.202202696331129417, 4.751000000000000334, 1.707789860221158085 ) ) ;
#10574 = CARTESIAN_POINT ( 'NONE',  ( 5.615555049338119886, 4.750000000000000000, 1.812360395147708081 ) ) ;
#10575 = SURFACE_STYLE_FILL_AREA ( #6820 ) ;
#10576 = VERTEX_POINT ( 'NONE', #6675 ) ;
#10577 = CARTESIAN_POINT ( 'NONE',  ( 4.327168811514208180, 4.750000000000000000, 2.045492387685146074 ) ) ;
#10578 = CARTESIAN_POINT ( 'NONE',  ( 5.579383801027882228, 4.751000000000000334, 1.891127444814575842 ) ) ;
#10579 = STYLED_ITEM ( 'NONE', ( #6957 ), #4286 ) ;
#10580 = DIRECTION ( 'NONE',  ( -0.9999748501857348426, -0.0000000000000000000, -0.007092178509963323503 ) ) ;
#10581 = FILL_AREA_STYLE ('',( #4823 ) ) ;
#10582 = VERTEX_POINT ( 'NONE', #6559 ) ;
#10583 = EDGE_CURVE ( 'NONE', #8982, #7065, #10423, .T. ) ;
#10584 = PRESENTATION_LAYER_ASSIGNMENT (  '', '', ( #3344 ) ) ;
#10585 = LINE ( 'NONE', #4883, #4598 ) ;
#10586 = CARTESIAN_POINT ( 'NONE',  ( 11.00000000000000000, -4.249999999999999112, 9.999999999999998224 ) ) ;
#10587 = EDGE_CURVE ( 'NONE', #4250, #9711, #2041, .T. ) ;
#10588 = VECTOR ( 'NONE', #260, 1000.000000000000000 ) ;
#10589 = FACE_OUTER_BOUND ( 'NONE', #4137, .T. ) ;
#10590 = VERTEX_POINT ( 'NONE', #8436 ) ;
#10591 = PLANE ( 'NONE',  #6661 ) ;
#10592 = CARTESIAN_POINT ( 'NONE',  ( 5.795251653786746004, 4.751000000000000334, 1.911894461898256958 ) ) ;
#10593 = VERTEX_POINT ( 'NONE', #1957 ) ;
#10594 = CARTESIAN_POINT ( 'NONE',  ( 5.226490770812755926, 4.751000000000000334, 1.618540690179138375 ) ) ;
#10595 =( LENGTH_UNIT ( ) NAMED_UNIT ( * ) SI_UNIT ( .MILLI., .METRE. ) );
#10596 = CARTESIAN_POINT ( 'NONE',  ( 5.644828828001019261, 4.750000000000000000, 1.918106098000174953 ) ) ;
#10597 = ORIENTED_EDGE ( 'NONE', *, *, #3053, .T. ) ;
#10598 =( GEOMETRIC_REPRESENTATION_CONTEXT ( 3 ) GLOBAL_UNCERTAINTY_ASSIGNED_CONTEXT ( ( #11075 ) ) GLOBAL_UNIT_ASSIGNED_CONTEXT ( ( #11254, #4814, #6582 ) ) REPRESENTATION_CONTEXT ( 'NONE', 'WORKASPACE' ) );
#10599 = CARTESIAN_POINT ( 'NONE',  ( 4.677886618691644571, 4.751000000000000334, 1.671837917414463970 ) ) ;
#10600 = CARTESIAN_POINT ( 'NONE',  ( 4.290860286402125467, 4.751000000000000334, 1.722121975943186500 ) ) ;
#10601 = VECTOR ( 'NONE', #1878, 1000.000000000000000 ) ;
#10602 = B_SPLINE_CURVE_WITH_KNOTS ( 'NONE', 3,
 ( #8911, #516, #4273, #4516 ),
 .UNSPECIFIED., .F., .F.,
 ( 4, 4 ),
 ( 26.00000000000000000, 27.00000000000000000 ),
 .UNSPECIFIED. ) ;
#10603 = FACE_OUTER_BOUND ( 'NONE', #6110, .T. ) ;
#10604 = VERTEX_POINT ( 'NONE', #5712 ) ;
#10605 = B_SPLINE_CURVE_WITH_KNOTS ( 'NONE', 3,
 ( #9165, #3620, #4527, #8245 ),
 .UNSPECIFIED., .F., .F.,
 ( 4, 4 ),
 ( 19.00000000000000000, 20.00000000000000000 ),
 .UNSPECIFIED. ) ;
#10606 = ORIENTED_EDGE ( 'NONE', *, *, #11334, .T. ) ;
#10607 = ORIENTED_EDGE ( 'NONE', *, *, #3881, .F. ) ;
#10608 =( GEOMETRIC_REPRESENTATION_CONTEXT ( 3 ) GLOBAL_UNCERTAINTY_ASSIGNED_CONTEXT ( ( #5313 ) ) GLOBAL_UNIT_ASSIGNED_CONTEXT ( ( #8278, #4621, #9377 ) ) REPRESENTATION_CONTEXT ( 'NONE', 'WORKASPACE' ) );
#10609 = LINE ( 'NONE', #533, #4110 ) ;
#10610 =( GEOMETRIC_REPRESENTATION_CONTEXT ( 3 ) GLOBAL_UNCERTAINTY_ASSIGNED_CONTEXT ( ( #6622 ) ) GLOBAL_UNIT_ASSIGNED_CONTEXT ( ( #2549, #7388, #9091 ) ) REPRESENTATION_CONTEXT ( 'NONE', 'WORKASPACE' ) );
#10611 = CARTESIAN_POINT ( 'NONE',  ( 5.910310741161374892, 4.751000000000000334, 1.614032528851506498 ) ) ;
#10612 = B_SPLINE_SURFACE_WITH_KNOTS ( 'NONE', 3, 1, ( 
 ( #2921, #10398 ),
 ( #1988, #5749 ),
 ( #1062, #4825 ),
 ( #8532, #131 ) ),
 .UNSPECIFIED., .F., .F., .F.,
 ( 4, 4 ),
 ( 2, 2 ),
 ( 3.000000000000000000, 4.000000000000000000 ),
 ( 0.0000000000000000000, 1.000000000000000000 ),
 .UNSPECIFIED. ) ;
#10613 = CARTESIAN_POINT ( 'NONE',  ( 4.241861031149168682, 4.751000000000000334, 2.051905896914612448 ) ) ;
#10614 = CARTESIAN_POINT ( 'NONE',  ( 5.516688250219739409, 4.750000000000000000, 2.484399487674353146 ) ) ;
#10615 =( LENGTH_UNIT ( ) NAMED_UNIT ( * ) SI_UNIT ( .MILLI., .METRE. ) );
#10616 = CARTESIAN_POINT ( 'NONE',  ( 5.913579251370840950, 4.750000000000000000, 1.666304859643089387 ) ) ;
#10617 = FACE_OUTER_BOUND ( 'NONE', #3862, .T. ) ;
#10618 = FILL_AREA_STYLE ('',( #341 ) ) ;
#10619 = STYLED_ITEM ( 'NONE', ( #5532 ), #1573 ) ;
#10620 =( LENGTH_UNIT ( ) NAMED_UNIT ( * ) SI_UNIT ( .MILLI., .METRE. ) );
#10621 = DIRECTION ( 'NONE',  ( -0.0000000000000000000, -1.000000000000000000, -0.0000000000000000000 ) ) ;
#10622 = ORIENTED_EDGE ( 'NONE', *, *, #1098, .F. ) ;
#10623 = DIRECTION ( 'NONE',  ( -0.3382111624796507732, -0.0000000000000000000, 0.9410702468860459025 ) ) ;
#10624 = FILL_AREA_STYLE ('',( #6864 ) ) ;
#10625 = STYLED_ITEM ( 'NONE', ( #5335 ), #1735 ) ;
#10626 = EDGE_CURVE ( 'NONE', #8875, #5035, #9497, .T. ) ;
#10627 = FILL_AREA_STYLE_COLOUR ( '', #11791 ) ;
#10628 = MECHANICAL_DESIGN_GEOMETRIC_PRESENTATION_REPRESENTATION (  '', ( #11407 ), #2785 ) ;
#10629 = CARTESIAN_POINT ( 'NONE',  ( 4.327168811514208180, 4.751000000000000334, 2.045492387685146074 ) ) ;
#10630 = STYLED_ITEM ( 'NONE', ( #544 ), #5537 ) ;
#10631 = ORIENTED_EDGE ( 'NONE', *, *, #2401, .F. ) ;
#10632 = CARTESIAN_POINT ( 'NONE',  ( 5.796263755702639742, 4.751000000000000334, 1.769191276932375212 ) ) ;
#10633 = CARTESIAN_POINT ( 'NONE',  ( 5.801308296424873667, 4.750000000000000000, 2.945482780062832706 ) ) ;
#10634 =( NAMED_UNIT ( * ) SI_UNIT ( $, .STERADIAN. ) SOLID_ANGLE_UNIT ( ) );
#10635 = ORIENTED_EDGE ( 'NONE', *, *, #434, .T. ) ;
#10636 = CARTESIAN_POINT ( 'NONE',  ( 9.077322416771066216, 4.751000000000000334, 2.373550697762365491 ) ) ;
#10637 = VECTOR ( 'NONE', #10323, 1000.000000000000114 ) ;
#10638 = COLOUR_RGB ( '',0.0000000000000000000, 0.0000000000000000000, 0.0000000000000000000 ) ;
#10639 = PRESENTATION_LAYER_ASSIGNMENT (  '', '', ( #12002 ) ) ;
#10640 = FILL_AREA_STYLE_COLOUR ( '', #6879 ) ;
#10641 = ORIENTED_EDGE ( 'NONE', *, *, #11690, .T. ) ;
#10642 =( NAMED_UNIT ( * ) PLANE_ANGLE_UNIT ( ) SI_UNIT ( $, .RADIAN. ) );
#10643 = EDGE_CURVE ( 'NONE', #10219, #9347, #3198, .T. ) ;
#10644 = CARTESIAN_POINT ( 'NONE',  ( 5.795671980265464818, 4.751000000000000334, 1.852629751203852315 ) ) ;
#10645 = VERTEX_POINT ( 'NONE', #11595 ) ;
#10646 = FILL_AREA_STYLE_COLOUR ( '', #10834 ) ;
#10647 = CARTESIAN_POINT ( 'NONE',  ( 4.235485328940698402, 4.750000000000000000, 1.869638520470928267 ) ) ;
#10648 = MECHANICAL_DESIGN_GEOMETRIC_PRESENTATION_REPRESENTATION (  '', ( #6914 ), #33 ) ;
#10649 = CARTESIAN_POINT ( 'NONE',  ( 4.513428274907542281, 4.751000000000000334, 2.062670113291871221 ) ) ;
#10650 = ORIENTED_EDGE ( 'NONE', *, *, #8742, .F. ) ;
#10651 = CARTESIAN_POINT ( 'NONE',  ( 9.026227097545170608, 4.750000000000000000, 1.932151104916106199 ) ) ;
#10652 = UNCERTAINTY_MEASURE_WITH_UNIT (LENGTH_MEASURE( 1.000000000000000082E-05 ), #5910, 'distance_accuracy_value', 'NONE');
#10653 = DIRECTION ( 'NONE',  ( -0.0000000000000000000, -1.000000000000000000, -0.0000000000000000000 ) ) ;
#10654 = STYLED_ITEM ( 'NONE', ( #7664 ), #11556 ) ;
#10655 = ORIENTED_EDGE ( 'NONE', *, *, #10942, .F. ) ;
#10656 = EDGE_CURVE ( 'NONE', #6482, #11141, #6851, .T. ) ;
#10657 = DIRECTION ( 'NONE',  ( 0.9999748501857348426, -0.0000000000000000000, 0.007092178509963813562 ) ) ;
#10658 =( NAMED_UNIT ( * ) SI_UNIT ( $, .STERADIAN. ) SOLID_ANGLE_UNIT ( ) );
#10659 = EDGE_CURVE ( 'NONE', #10562, #6161, #1013, .T. ) ;
#10660 = CARTESIAN_POINT ( 'NONE',  ( 5.868602513033557067, 4.750000000000000000, 1.942048538271248015 ) ) ;
#10661 = ORIENTED_EDGE ( 'NONE', *, *, #6609, .T. ) ;
#10662 = SURFACE_STYLE_FILL_AREA ( #8486 ) ;
#10663 = PRESENTATION_STYLE_ASSIGNMENT (( #8547 ) ) ;
#10664 = ORIENTED_EDGE ( 'NONE', *, *, #8389, .F. ) ;
#10665 = CARTESIAN_POINT ( 'NONE',  ( 0.0000000000000000000, 4.751000000000000334, 0.0000000000000000000 ) ) ;
#10666 = PRESENTATION_LAYER_ASSIGNMENT (  '', '', ( #10083 ) ) ;
#10667 = DIRECTION ( 'NONE',  ( 0.8667467706370829417, 0.0000000000000000000, -0.4987484692609973624 ) ) ;
#10668 = DIRECTION ( 'NONE',  ( 0.9999748501857348426, -0.0000000000000000000, 0.007092178509963991372 ) ) ;
#10669 = ORIENTED_EDGE ( 'NONE', *, *, #963, .F. ) ;
#10670 = FACE_OUTER_BOUND ( 'NONE', #6304, .T. ) ;
#10671 = ORIENTED_EDGE ( 'NONE', *, *, #963, .T. ) ;
#10672 = UNCERTAINTY_MEASURE_WITH_UNIT (LENGTH_MEASURE( 1.000000000000000082E-05 ), #11625, 'distance_accuracy_value', 'NONE');
#10673 = VECTOR ( 'NONE', #1416, 1000.000000000000114 ) ;
#10674 = ORIENTED_EDGE ( 'NONE', *, *, #4050, .F. ) ;
#10675 = CARTESIAN_POINT ( 'NONE',  ( 5.805748551469767094, 4.751000000000000334, 1.714669882987327254 ) ) ;
#10676 = VECTOR ( 'NONE', #3720, 1000.000000000000000 ) ;
#10677 = PLANE ( 'NONE',  #1987 ) ;
#10678 = DIRECTION ( 'NONE',  ( -0.007092178509942577078, -0.0000000000000000000, 0.9999748501857350647 ) ) ;
#10679 =( LENGTH_UNIT ( ) NAMED_UNIT ( * ) SI_UNIT ( .MILLI., .METRE. ) );
#10680 = B_SPLINE_CURVE_WITH_KNOTS ( 'NONE', 3,
 ( #2655, #5600, #909, #4674 ),
 .UNSPECIFIED., .F., .F.,
 ( 4, 4 ),
 ( 19.00000000000000000, 20.00000000000000000 ),
 .UNSPECIFIED. ) ;
#10681 = PRESENTATION_STYLE_ASSIGNMENT (( #398 ) ) ;
#10682 = B_SPLINE_CURVE_WITH_KNOTS ( 'NONE', 3,
 ( #7223, #9113, #5214, #718 ),
 .UNSPECIFIED., .F., .F.,
 ( 4, 4 ),
 ( 12.00000000000000000, 13.00000000000000000 ),
 .UNSPECIFIED. ) ;
#10683 = CARTESIAN_POINT ( 'NONE',  ( 5.680976860943950157, 4.751000000000000334, 2.923833665243924074 ) ) ;
#10684 = DIRECTION ( 'NONE',  ( 0.007092178509963067631, 0.0000000000000000000, -0.9999748501857348426 ) ) ;
#10685 = COLOUR_RGB ( '',0.6470588235294117974, 0.6470588235294117974, 0.6470588235294117974 ) ;
#10686 = SURFACE_STYLE_FILL_AREA ( #3389 ) ;
#10687 = ORIENTED_EDGE ( 'NONE', *, *, #8741, .T. ) ;
#10688 = ORIENTED_EDGE ( 'NONE', *, *, #711, .F. ) ;
#10689 = FILL_AREA_STYLE ('',( #11603 ) ) ;
#10690 = PRESENTATION_LAYER_ASSIGNMENT (  '', '', ( #6377 ) ) ;
#10691 = UNCERTAINTY_MEASURE_WITH_UNIT (LENGTH_MEASURE( 1.000000000000000082E-05 ), #2475, 'distance_accuracy_value', 'NONE');
#10692 = SURFACE_STYLE_FILL_AREA ( #2141 ) ;
#10693 = SURFACE_SIDE_STYLE ('',( #8698 ) ) ;
#10694 = VECTOR ( 'NONE', #9564, 1000.000000000000000 ) ;
#10695 = DIRECTION ( 'NONE',  ( -0.9999748501857348426, -0.0000000000000000000, -0.007092178509963323503 ) ) ;
#10696 = ORIENTED_EDGE ( 'NONE', *, *, #7994, .T. ) ;
#10697 = SURFACE_SIDE_STYLE ('',( #11787 ) ) ;
#10698 = SURFACE_STYLE_FILL_AREA ( #3215 ) ;
#10699 = SURFACE_STYLE_FILL_AREA ( #4916 ) ;
#10700 = DIRECTION ( 'NONE',  ( -0.007092178509963925452, 0.0000000000000000000, 0.9999748501857348426 ) ) ;
#10701 = PLANE ( 'NONE',  #893 ) ;
#10702 = ORIENTED_EDGE ( 'NONE', *, *, #2679, .T. ) ;
#10703 = COLOUR_RGB ( '',0.0000000000000000000, 0.0000000000000000000, 0.0000000000000000000 ) ;
#10704 = ORIENTED_EDGE ( 'NONE', *, *, #10428, .T. ) ;
#10705 =( NAMED_UNIT ( * ) PLANE_ANGLE_UNIT ( ) SI_UNIT ( $, .RADIAN. ) );
#10706 = CARTESIAN_POINT ( 'NONE',  ( 7.452191677006362980, 4.750000000000000000, 1.631782914312547739 ) ) ;
#10707 = CARTESIAN_POINT ( 'NONE',  ( 5.332205148039942166, 4.751000000000000334, 1.502054800748703567 ) ) ;
#10708 = ORIENTED_EDGE ( 'NONE', *, *, #8023, .F. ) ;
#10709 = COLOUR_RGB ( '',0.0000000000000000000, 0.0000000000000000000, 0.0000000000000000000 ) ;
#10710 = CARTESIAN_POINT ( 'NONE',  ( 5.209631791485263896, 4.750000000000000000, 2.932708180580608559 ) ) ;
#10711 = PRESENTATION_LAYER_ASSIGNMENT (  '', '', ( #11099 ) ) ;
#10712 = ORIENTED_EDGE ( 'NONE', *, *, #1372, .F. ) ;
#10713 = CARTESIAN_POINT ( 'NONE',  ( 5.442876645918871326, 4.750000000000000000, 1.639571327278545931 ) ) ;
#10714 = SURFACE_STYLE_USAGE ( .BOTH. , #5120 ) ;
#10715 = CARTESIAN_POINT ( 'NONE',  ( 6.085962601812507700, 4.751000000000000334, 2.430469022821359459 ) ) ;
#10716 = EDGE_CURVE ( 'NONE', #10329, #2278, #2192, .T. ) ;
#10717 = FILL_AREA_STYLE ('',( #10840 ) ) ;
#10718 = B_SPLINE_SURFACE_WITH_KNOTS ( 'NONE', 3, 1, ( 
 ( #8785, #10660 ),
 ( #2174, #2985 ),
 ( #10592, #9730 ),
 ( #321, #2929 ) ),
 .UNSPECIFIED., .F., .F., .F.,
 ( 4, 4 ),
 ( 2, 2 ),
 ( 11.00000000000000000, 12.00000000000000000 ),
 ( 0.0000000000000000000, 1.000000000000000000 ),
 .UNSPECIFIED. ) ;
#10719 = ORIENTED_EDGE ( 'NONE', *, *, #7539, .T. ) ;
#10720 = CARTESIAN_POINT ( 'NONE',  ( 4.456868807089730211, 4.751000000000000334, 2.615434096842193412 ) ) ;
#10721 =( LENGTH_UNIT ( ) NAMED_UNIT ( * ) SI_UNIT ( .MILLI., .METRE. ) );
#10722 = CARTESIAN_POINT ( 'NONE',  ( 8.905602803042032889, 4.751000000000000334, 2.629001958253291527 ) ) ;
#10723 = VERTEX_POINT ( 'NONE', #5957 ) ;
#10724 = CARTESIAN_POINT ( 'NONE',  ( 5.254901820486773900, 4.751000000000000334, 1.552715903246769891 ) ) ;
#10725 = DIRECTION ( 'NONE',  ( -0.9999748501857348426, 0.0000000000000000000, -0.007092178509963812695 ) ) ;
#10726 = STYLED_ITEM ( 'NONE', ( #10730 ), #4048 ) ;
#10727 = ORIENTED_EDGE ( 'NONE', *, *, #9023, .F. ) ;
#10728 = CARTESIAN_POINT ( 'NONE',  ( 8.850636211324955482, 4.751000000000000334, 2.223725738735952362 ) ) ;
#10729 = CARTESIAN_POINT ( 'NONE',  ( 4.244484384566872492, 4.750000000000000000, 1.682021320945930931 ) ) ;
#10730 = PRESENTATION_STYLE_ASSIGNMENT (( #8795 ) ) ;
#10731 = EDGE_CURVE ( 'NONE', #9674, #10988, #852, .T. ) ;
#10732 = EDGE_CURVE ( 'NONE', #11141, #4095, #1289, .T. ) ;
#10733 = VERTEX_POINT ( 'NONE', #9684 ) ;
#10734 = DIRECTION ( 'NONE',  ( -0.9999748501857348426, 0.0000000000000000000, -0.007092178509963429321 ) ) ;
#10735 = ORIENTED_EDGE ( 'NONE', *, *, #3464, .F. ) ;
#10736 = ORIENTED_EDGE ( 'NONE', *, *, #1202, .F. ) ;
#10737 = CARTESIAN_POINT ( 'NONE',  ( 4.442408582935913230, 4.750000000000000000, 1.612199861429208125 ) ) ;
#10738 = SURFACE_STYLE_USAGE ( .BOTH. , #6683 ) ;
#10739 = AXIS2_PLACEMENT_3D ( 'NONE', #7797, #3231, #251 ) ;
#10740 = LINE ( 'NONE', #9284, #3180 ) ;
#10741 = B_SPLINE_CURVE_WITH_KNOTS ( 'NONE', 3,
 ( #2998, #205, #8494, #7583 ),
 .UNSPECIFIED., .F., .F.,
 ( 4, 4 ),
 ( 14.00000000000000000, 15.00000000000000000 ),
 .UNSPECIFIED. ) ;
#10742 =( NAMED_UNIT ( * ) SI_UNIT ( $, .STERADIAN. ) SOLID_ANGLE_UNIT ( ) );
#10743 = FACE_OUTER_BOUND ( 'NONE', #488, .T. ) ;
#10744 = CARTESIAN_POINT ( 'NONE',  ( 6.014726349341069422, 4.751000000000000334, 1.662343202657706520 ) ) ;
#10745 = MECHANICAL_DESIGN_GEOMETRIC_PRESENTATION_REPRESENTATION (  '', ( #3878 ), #7011 ) ;
#10746 = CARTESIAN_POINT ( 'NONE',  ( 5.683900710923180277, 4.751000000000000334, 2.511580019789579232 ) ) ;
#10747 = CARTESIAN_POINT ( 'NONE',  ( 4.433603965366805788, 4.751000000000000334, 2.120591824551475657 ) ) ;
#10748 = EDGE_CURVE ( 'NONE', #811, #11733, #4968, .T. ) ;
#10749 = DIRECTION ( 'NONE',  ( 0.9999748501857350647, -0.0000000000000000000, 0.007092178509942577078 ) ) ;
#10750 = EDGE_LOOP ( 'NONE', ( #11797, #308, #8344, #1540 ) ) ;
#10751 = ORIENTED_EDGE ( 'NONE', *, *, #1368, .F. ) ;
#10752 = EDGE_CURVE ( 'NONE', #3951, #5409, #7957, .T. ) ;
#10753 = CARTESIAN_POINT ( 'NONE',  ( 5.226490770812755926, 4.750000000000000000, 1.618540690179138597 ) ) ;
#10754 = ADVANCED_FACE ( 'NONE', ( #7824 ), #5084, .F. ) ;
#10755 = CARTESIAN_POINT ( 'NONE',  ( 3.913008070351545520, 4.751000000000000334, 2.036576253518942892 ) ) ;
#10756 = ORIENTED_EDGE ( 'NONE', *, *, #5184, .T. ) ;
#10757 = CARTESIAN_POINT ( 'NONE',  ( 5.647237400633260407, 4.750000000000000000, 1.633482292201687613 ) ) ;
#10758 = CARTESIAN_POINT ( 'NONE',  ( 5.582732426778765245, 4.751000000000000334, 2.426899934826519889 ) ) ;
#10759 = ORIENTED_EDGE ( 'NONE', *, *, #447, .F. ) ;
#10760 = FILL_AREA_STYLE ('',( #8892 ) ) ;
#10761 = ORIENTED_EDGE ( 'NONE', *, *, #4648, .F. ) ;
#10762 = CARTESIAN_POINT ( 'NONE',  ( 5.913579251370840950, 4.751000000000000334, 1.666304859643089387 ) ) ;
#10763 = CARTESIAN_POINT ( 'NONE',  ( 5.801078790548504394, 4.751000000000000334, 2.886213460521970475 ) ) ;
#10764 = LINE ( 'NONE', #11803, #2203 ) ;
#10765 = ORIENTED_EDGE ( 'NONE', *, *, #5571, .F. ) ;
#10766 =( NAMED_UNIT ( * ) SI_UNIT ( $, .STERADIAN. ) SOLID_ANGLE_UNIT ( ) );
#10767 = FILL_AREA_STYLE_COLOUR ( '', #7291 ) ;
#10768 = FILL_AREA_STYLE_COLOUR ( '', #11636 ) ;
#10769 = ORIENTED_EDGE ( 'NONE', *, *, #7711, .F. ) ;
#10770 =( LENGTH_UNIT ( ) NAMED_UNIT ( * ) SI_UNIT ( .MILLI., .METRE. ) );
#10771 = APPLICATION_PROTOCOL_DEFINITION ( 'draft international standard', 'automotive_design', 1998, #1189 ) ;
#10772 = VECTOR ( 'NONE', #6328, 1000.000000000000000 ) ;
#10773 = CARTESIAN_POINT ( 'NONE',  ( 5.317244029328590749, 4.750000000000000000, 2.933471404976201846 ) ) ;
#10774 = CARTESIAN_POINT ( 'NONE',  ( 4.442387373558622343, 4.751000000000000334, 1.670167672722675078 ) ) ;
#10775 = CARTESIAN_POINT ( 'NONE',  ( 8.299765060126279792, 4.751000000000000334, 1.399200378655042210 ) ) ;
#10776 = CARTESIAN_POINT ( 'NONE',  ( 4.067585281081509407, 4.750000000000000000, 1.609541480804983715 ) ) ;
#10777 = CARTESIAN_POINT ( 'NONE',  ( 7.259039443439511352, 4.751000000000000334, 1.850931544094996051 ) ) ;
#10778 = PLANE ( 'NONE',  #5364 ) ;
#10779 = COLOUR_RGB ( '',0.0000000000000000000, 0.0000000000000000000, 0.0000000000000000000 ) ;
#10780 = VERTEX_POINT ( 'NONE', #3130 ) ;
#10781 =( NAMED_UNIT ( * ) SI_UNIT ( $, .STERADIAN. ) SOLID_ANGLE_UNIT ( ) );
#10782 = EDGE_CURVE ( 'NONE', #10919, #8452, #11475, .T. ) ;
#10783 = CARTESIAN_POINT ( 'NONE',  ( 8.486584710475561621, 4.750000000000000000, 2.582649640016943859 ) ) ;
#10784 = CARTESIAN_POINT ( 'NONE',  ( 4.290225155933111267, 4.751000000000000334, 2.013257010046226814 ) ) ;
#10785 = ORIENTED_EDGE ( 'NONE', *, *, #2755, .T. ) ;
#10786 = CARTESIAN_POINT ( 'NONE',  ( 5.548873985797055042, 4.750000000000000000, 1.611469090392399384 ) ) ;
#10787 = CARTESIAN_POINT ( 'NONE',  ( 8.294611753513905228, 4.751000000000000334, 2.125790671099390572 ) ) ;
#10788 = FACE_OUTER_BOUND ( 'NONE', #8924, .T. ) ;
#10789 = ORIENTED_EDGE ( 'NONE', *, *, #9351, .T. ) ;
#10790 = VECTOR ( 'NONE', #9556, 1000.000000000000000 ) ;
#10791 = SURFACE_STYLE_FILL_AREA ( #5951 ) ;
#10792 = ORIENTED_EDGE ( 'NONE', *, *, #1130, .T. ) ;
#10793 = B_SPLINE_CURVE_WITH_KNOTS ( 'NONE', 3,
 ( #3804, #5463, #770, #7526 ),
 .UNSPECIFIED., .F., .F.,
 ( 4, 4 ),
 ( 35.00000000000000000, 36.00000000000000000 ),
 .UNSPECIFIED. ) ;
#10794 = ORIENTED_EDGE ( 'NONE', *, *, #9023, .T. ) ;
#10795 = CARTESIAN_POINT ( 'NONE',  ( 5.796475762479197158, 4.751000000000000334, 1.739298988642075106 ) ) ;
#10796 = EDGE_CURVE ( 'NONE', #1478, #243, #10551, .T. ) ;
#10797 = FILL_AREA_STYLE_COLOUR ( '', #1417 ) ;
#10798 = STYLED_ITEM ( 'NONE', ( #10529 ), #4796 ) ;
#10799 = LINE ( 'NONE', #10550, #9078 ) ;
#10800 = DIRECTION ( 'NONE',  ( 0.9999748501857348426, -0.0000000000000000000, 0.007092178509967095659 ) ) ;
#10801 = LINE ( 'NONE', #1350, #276 ) ;
#10802 = CARTESIAN_POINT ( 'NONE',  ( 6.094730325434776219, 4.751000000000000334, 2.073885271771534811 ) ) ;
#10803 = LINE ( 'NONE', #11778, #2282 ) ;
#10804 = CARTESIAN_POINT ( 'NONE',  ( 5.144413519584437822, 4.751000000000000334, 2.873757775570414452 ) ) ;
#10805 = COLOUR_RGB ( '',0.0000000000000000000, 0.0000000000000000000, 0.0000000000000000000 ) ;
#10806 = ORIENTED_EDGE ( 'NONE', *, *, #9338, .T. ) ;
#10807 = VECTOR ( 'NONE', #1174, 1000.000000000000000 ) ;
#10808 = PRESENTATION_LAYER_ASSIGNMENT (  '', '', ( #11972 ) ) ;
#10809 = UNCERTAINTY_MEASURE_WITH_UNIT (LENGTH_MEASURE( 1.000000000000000082E-05 ), #1227, 'distance_accuracy_value', 'NONE');
#10810 = ADVANCED_FACE ( 'NONE', ( #10743 ), #2329, .F. ) ;
#10811 = EDGE_CURVE ( 'NONE', #6321, #7214, #11951, .T. ) ;
#10812 = FACE_BOUND ( 'NONE', #6186, .T. ) ;
#10813 = SURFACE_SIDE_STYLE ('',( #10877 ) ) ;
#10814 = AXIS2_PLACEMENT_3D ( 'NONE', #7662, #3831, #11430 ) ;
#10815 = CARTESIAN_POINT ( 'NONE',  ( 8.358141235678351322, 4.751000000000000334, 2.852867879538017792 ) ) ;
#10816 = SURFACE_SIDE_STYLE ('',( #11054 ) ) ;
#10817 = COLOUR_RGB ( '',0.0000000000000000000, 0.0000000000000000000, 0.0000000000000000000 ) ;
#10818 = CARTESIAN_POINT ( 'NONE',  ( 8.186165443194001412, 4.750000000000000000, 2.125021531164128064 ) ) ;
#10819 = ORIENTED_EDGE ( 'NONE', *, *, #6028, .T. ) ;
#10820 = B_SPLINE_SURFACE_WITH_KNOTS ( 'NONE', 3, 1, ( 
 ( #9249, #8093 ),
 ( #4610, #3701 ),
 ( #782, #11964 ),
 ( #9128, #2761 ) ),
 .UNSPECIFIED., .F., .F., .F.,
 ( 4, 4 ),
 ( 2, 2 ),
 ( 3.000000000000000000, 4.000000000000000000 ),
 ( 0.0000000000000000000, 1.000000000000000000 ),
 .UNSPECIFIED. ) ;
#10821 = FACE_OUTER_BOUND ( 'NONE', #4195, .T. ) ;
#10822 = VERTEX_POINT ( 'NONE', #9873 ) ;
#10823 = COLOUR_RGB ( '',0.0000000000000000000, 0.0000000000000000000, 0.0000000000000000000 ) ;
#10824 = AXIS2_PLACEMENT_3D ( 'NONE', #9092, #698, #2613 ) ;
#10825 = AXIS2_PLACEMENT_3D ( 'NONE', #1588, #9947, #9005 ) ;
#10826 = LINE ( 'NONE', #7015, #207 ) ;
#10827 = FILL_AREA_STYLE_COLOUR ( '', #988 ) ;
#10828 = CARTESIAN_POINT ( 'NONE',  ( 11.00000000000000000, 0.0000000000000000000, 4.750000000000005329 ) ) ;
#10829 = ORIENTED_EDGE ( 'NONE', *, *, #2218, .T. ) ;
#10830 = SURFACE_STYLE_FILL_AREA ( #557 ) ;
#10831 =( NAMED_UNIT ( * ) SI_UNIT ( $, .STERADIAN. ) SOLID_ANGLE_UNIT ( ) );
#10832 = CARTESIAN_POINT ( 'NONE',  ( 6.908806553402303763, 4.751000000000000334, 1.790606681095846975 ) ) ;
#10833 = ORIENTED_EDGE ( 'NONE', *, *, #6518, .T. ) ;
#10834 = COLOUR_RGB ( '',0.0000000000000000000, 0.0000000000000000000, 0.0000000000000000000 ) ;
#10835 = CYLINDRICAL_SURFACE ( 'NONE', #1299, 0.3400000000000000244 ) ;
#10836 = AXIS2_PLACEMENT_3D ( 'NONE', #5762, #196, #4952 ) ;
#10837 = MECHANICAL_DESIGN_GEOMETRIC_PRESENTATION_REPRESENTATION (  '', ( #12002 ), #10437 ) ;
#10838 =( NAMED_UNIT ( * ) SI_UNIT ( $, .STERADIAN. ) SOLID_ANGLE_UNIT ( ) );
#10839 = SURFACE_STYLE_FILL_AREA ( #3418 ) ;
#10840 = FILL_AREA_STYLE_COLOUR ( '', #8425 ) ;
#10841 = FILL_AREA_STYLE ('',( #4146 ) ) ;
#10842 = DIRECTION ( 'NONE',  ( 0.9999748501857348426, -0.0000000000000000000, 0.007092178509962083176 ) ) ;
#10843 = CARTESIAN_POINT ( 'NONE',  ( 4.875469629243789349, 4.751000000000000334, 2.493108983224471498 ) ) ;
#10844 = COLOUR_RGB ( '',0.0000000000000000000, 0.0000000000000000000, 0.0000000000000000000 ) ;
#10845 = CARTESIAN_POINT ( 'NONE',  ( 5.579383801027882228, 4.750000000000000000, 1.891127444814575842 ) ) ;
#10846 = EDGE_LOOP ( 'NONE', ( #6397, #12123, #6651, #1363 ) ) ;
#10847 = UNCERTAINTY_MEASURE_WITH_UNIT (LENGTH_MEASURE( 1.000000000000000082E-05 ), #3259, 'distance_accuracy_value', 'NONE');
#10848 = DIRECTION ( 'NONE',  ( 0.0000000000000000000, -1.195372373669727292E-16, -1.000000000000000000 ) ) ;
#10849 = FILL_AREA_STYLE ('',( #7089 ) ) ;
#10850 = CARTESIAN_POINT ( 'NONE',  ( 5.542669639717325403, 4.751000000000000334, 1.991466163332251238 ) ) ;
#10851 = EDGE_LOOP ( 'NONE', ( #8010, #5064, #12004, #8564 ) ) ;
#10852 = CARTESIAN_POINT ( 'NONE',  ( 8.450051506341306862, 4.750000000000000000, 2.126893105300002418 ) ) ;
#10853 = FILL_AREA_STYLE_COLOUR ( '', #11106 ) ;
#10854 = PRESENTATION_LAYER_ASSIGNMENT (  '', '', ( #6525 ) ) ;
#10855 = CIRCLE ( 'NONE', #3414, 0.3400000000000000244 ) ;
#10856 = ORIENTED_EDGE ( 'NONE', *, *, #346, .F. ) ;
#10857 = PRESENTATION_LAYER_ASSIGNMENT (  '', '', ( #7123 ) ) ;
#10858 = ORIENTED_EDGE ( 'NONE', *, *, #8146, .T. ) ;
#10859 = EDGE_CURVE ( 'NONE', #2523, #8379, #10682, .T. ) ;
#10860 = ORIENTED_EDGE ( 'NONE', *, *, #11530, .F. ) ;
#10861 = LINE ( 'NONE', #532, #9848 ) ;
#10862 = DIRECTION ( 'NONE',  ( -0.0000000000000000000, -1.000000000000000000, -0.0000000000000000000 ) ) ;
#10863 = CARTESIAN_POINT ( 'NONE',  ( 6.085962601812507700, 4.750000000000000000, 2.430469022821359459 ) ) ;
#10864 = AXIS2_PLACEMENT_3D ( 'NONE', #3428, #3308, #4398 ) ;
#10865 = FACE_BOUND ( 'NONE', #9166, .T. ) ;
#10866 =( NAMED_UNIT ( * ) PLANE_ANGLE_UNIT ( ) SI_UNIT ( $, .RADIAN. ) );
#10867 = FACE_OUTER_BOUND ( 'NONE', #12152, .T. ) ;
#10868 = CARTESIAN_POINT ( 'NONE',  ( 5.073372618235536535, 4.751000000000000334, 2.481255335001208095 ) ) ;
#10869 = SURFACE_STYLE_FILL_AREA ( #8873 ) ;
#10870 = SURFACE_SIDE_STYLE ('',( #2269 ) ) ;
#10871 = VECTOR ( 'NONE', #414, 1000.000000000000000 ) ;
#10872 = VERTEX_POINT ( 'NONE', #2515 ) ;
#10873 = EDGE_CURVE ( 'NONE', #326, #2284, #6196, .T. ) ;
#10874 = ORIENTED_EDGE ( 'NONE', *, *, #11544, .T. ) ;
#10875 = SURFACE_SIDE_STYLE ('',( #1656 ) ) ;
#10876 = CARTESIAN_POINT ( 'NONE',  ( 5.681463554761415402, 4.750000000000000000, 2.855211368650384163 ) ) ;
#10877 = SURFACE_STYLE_FILL_AREA ( #8880 ) ;
#10878 = MECHANICAL_DESIGN_GEOMETRIC_PRESENTATION_REPRESENTATION (  '', ( #4009 ), #6938 ) ;
#10879 = LINE ( 'NONE', #3584, #8823 ) ;
#10880 = DIRECTION ( 'NONE',  ( -0.9999748501857348426, 0.0000000000000000000, -0.007092178509965622012 ) ) ;
#10881 = MECHANICAL_DESIGN_GEOMETRIC_PRESENTATION_REPRESENTATION (  '', ( #1061 ), #4802 ) ;
#10882 = DIRECTION ( 'NONE',  ( 1.000000000000000000, 0.0000000000000000000, 0.0000000000000000000 ) ) ;
#10883 = ORIENTED_EDGE ( 'NONE', *, *, #8673, .T. ) ;
#10884 = EDGE_CURVE ( 'NONE', #2461, #8101, #9170, .T. ) ;
#10885 = EDGE_CURVE ( 'NONE', #6567, #8181, #11569, .T. ) ;
#10886 = EDGE_CURVE ( 'NONE', #10604, #5740, #4416, .T. ) ;
#10887 = MECHANICAL_DESIGN_GEOMETRIC_PRESENTATION_REPRESENTATION (  '', ( #860 ), #470 ) ;
#10888 = ORIENTED_EDGE ( 'NONE', *, *, #9413, .T. ) ;
#10889 = COLOUR_RGB ( '',0.0000000000000000000, 0.0000000000000000000, 0.0000000000000000000 ) ;
#10890 = SURFACE_STYLE_USAGE ( .BOTH. , #7790 ) ;
#10891 = FILL_AREA_STYLE_COLOUR ( '', #9401 ) ;
#10892 = CARTESIAN_POINT ( 'NONE',  ( 5.356587225513623096, 4.750000000000000000, 1.509506215612625102 ) ) ;
#10893 = ORIENTED_EDGE ( 'NONE', *, *, #4580, .T. ) ;
#10894 = SURFACE_STYLE_USAGE ( .BOTH. , #3164 ) ;
#10895 = LINE ( 'NONE', #7382, #1422 ) ;
#10896 = B_SPLINE_CURVE_WITH_KNOTS ( 'NONE', 3,
 ( #11680, #2419, #3410, #3229 ),
 .UNSPECIFIED., .F., .F.,
 ( 4, 4 ),
 ( 12.00000000000000000, 13.00000000000000000 ),
 .UNSPECIFIED. ) ;
#10897 = CARTESIAN_POINT ( 'NONE',  ( 8.851687369334293010, 4.751000000000000334, 2.075515767507586151 ) ) ;
#10898 = LINE ( 'NONE', #2844, #2215 ) ;
#10899 = MECHANICAL_DESIGN_GEOMETRIC_PRESENTATION_REPRESENTATION (  '', ( #6377 ), #5404 ) ;
#10900 = ORIENTED_EDGE ( 'NONE', *, *, #9523, .F. ) ;
#10901 = SURFACE_STYLE_USAGE ( .BOTH. , #8903 ) ;
#10902 =( NAMED_UNIT ( * ) PLANE_ANGLE_UNIT ( ) SI_UNIT ( $, .RADIAN. ) );
#10903 = EDGE_CURVE ( 'NONE', #8495, #6689, #769, .T. ) ;
#10904 = LINE ( 'NONE', #8971, #6109 ) ;
#10905 = UNCERTAINTY_MEASURE_WITH_UNIT (LENGTH_MEASURE( 1.000000000000000082E-05 ), #2746, 'distance_accuracy_value', 'NONE');
#10906 = SURFACE_STYLE_FILL_AREA ( #636 ) ;
#10907 = DIRECTION ( 'NONE',  ( -0.0000000000000000000, -1.000000000000000000, 0.0000000000000000000 ) ) ;
#10908 = COLOUR_RGB ( '',0.0000000000000000000, 0.0000000000000000000, 0.0000000000000000000 ) ;
#10909 = CARTESIAN_POINT ( 'NONE',  ( 5.579280562945406530, 4.750000000000000000, 1.905683689544232173 ) ) ;
#10910 = EDGE_LOOP ( 'NONE', ( #4653, #3255, #5349, #1404 ) ) ;
#10911 = CARTESIAN_POINT ( 'NONE',  ( 6.292133750659454350, 4.751000000000000334, 1.912559120873657648 ) ) ;
#10912 = CARTESIAN_POINT ( 'NONE',  ( 4.433603965366805788, 4.751000000000000334, 2.120591824551475657 ) ) ;
#10913 = CARTESIAN_POINT ( 'NONE',  ( 5.556418455773386889, 4.751000000000000334, 1.848853311688531287 ) ) ;
#10914 = ORIENTED_EDGE ( 'NONE', *, *, #10587, .F. ) ;
#10915 = SURFACE_SIDE_STYLE ('',( #8243 ) ) ;
#10916 =( GEOMETRIC_REPRESENTATION_CONTEXT ( 3 ) GLOBAL_UNCERTAINTY_ASSIGNED_CONTEXT ( ( #2837 ) ) GLOBAL_UNIT_ASSIGNED_CONTEXT ( ( #4906, #2136, #6565 ) ) REPRESENTATION_CONTEXT ( 'NONE', 'WORKASPACE' ) );
#10917 = FILL_AREA_STYLE_COLOUR ( '', #6404 ) ;
#10918 =( GEOMETRIC_REPRESENTATION_CONTEXT ( 3 ) GLOBAL_UNCERTAINTY_ASSIGNED_CONTEXT ( ( #7803 ) ) GLOBAL_UNIT_ASSIGNED_CONTEXT ( ( #11969, #1726, #787 ) ) REPRESENTATION_CONTEXT ( 'NONE', 'WORKASPACE' ) );
#10919 = VERTEX_POINT ( 'NONE', #2392 ) ;
#10920 = ORIENTED_EDGE ( 'NONE', *, *, #3690, .T. ) ;
#10921 = SURFACE_STYLE_FILL_AREA ( #6079 ) ;
#10922 = DIRECTION ( 'NONE',  ( 0.007092178509980015880, 0.0000000000000000000, -0.9999748501857347316 ) ) ;
#10923 = ADVANCED_FACE ( 'NONE', ( #10059, #3567, #10865, #4291, #6254, #2451, #9939, #1534, #11037, #5274, #8994, #4349, #8072, #11837 ), #9994, .F. ) ;
#10924 = PLANE ( 'NONE',  #9845 ) ;
#10925 = B_SPLINE_SURFACE_WITH_KNOTS ( 'NONE', 3, 1, ( 
 ( #1103, #2899 ),
 ( #5845, #4803 ),
 ( #164, #1164 ),
 ( #4067, #8567 ) ),
 .UNSPECIFIED., .F., .F., .F.,
 ( 4, 4 ),
 ( 2, 2 ),
 ( 4.000000000000000000, 5.000000000000000000 ),
 ( 0.0000000000000000000, 1.000000000000000000 ),
 .UNSPECIFIED. ) ;
#10926 = COLOUR_RGB ( '',0.0000000000000000000, 0.0000000000000000000, 0.0000000000000000000 ) ;
#10927 = DIRECTION ( 'NONE',  ( -0.0000000000000000000, -1.000000000000000000, -0.0000000000000000000 ) ) ;
#10928 = CARTESIAN_POINT ( 'NONE',  ( 4.165925602383532933, 4.750000000000000000, 1.946349145016240012 ) ) ;
#10929 =( NAMED_UNIT ( * ) SI_UNIT ( $, .STERADIAN. ) SOLID_ANGLE_UNIT ( ) );
#10930 = FACE_OUTER_BOUND ( 'NONE', #10164, .T. ) ;
#10931 = FILL_AREA_STYLE ('',( #6200 ) ) ;
#10932 = CARTESIAN_POINT ( 'NONE',  ( 3.901194950936029304, 4.751000000000000334, 2.016216681361960639 ) ) ;
#10933 = SURFACE_STYLE_FILL_AREA ( #5343 ) ;
#10934 = ORIENTED_EDGE ( 'NONE', *, *, #2865, .T. ) ;
#10935 = ORIENTED_EDGE ( 'NONE', *, *, #5353, .T. ) ;
#10936 = SURFACE_STYLE_USAGE ( .BOTH. , #2340 ) ;
#10937 = UNCERTAINTY_MEASURE_WITH_UNIT (LENGTH_MEASURE( 1.000000000000000082E-05 ), #10211, 'distance_accuracy_value', 'NONE');
#10938 = VECTOR ( 'NONE', #773, 999.9999999999998863 ) ;
#10939 = DIRECTION ( 'NONE',  ( -0.0000000000000000000, -1.000000000000000000, -0.0000000000000000000 ) ) ;
#10940 = CARTESIAN_POINT ( 'NONE',  ( 8.929394564106914345, 4.751000000000000334, 1.823012706599978827 ) ) ;
#10941 = DIRECTION ( 'NONE',  ( 0.3625544875035004444, -0.0000000000000000000, -0.9319625762824782500 ) ) ;
#10942 = EDGE_CURVE ( 'NONE', #6703, #2741, #8317, .T. ) ;
#10943 = FILL_AREA_STYLE ('',( #6939 ) ) ;
#10944 = ORIENTED_EDGE ( 'NONE', *, *, #5922, .T. ) ;
#10945 =( NAMED_UNIT ( * ) PLANE_ANGLE_UNIT ( ) SI_UNIT ( $, .RADIAN. ) );
#10946 = ADVANCED_FACE ( 'NONE', ( #11276, #12127 ), #7349, .F. ) ;
#10947 =( GEOMETRIC_REPRESENTATION_CONTEXT ( 3 ) GLOBAL_UNCERTAINTY_ASSIGNED_CONTEXT ( ( #9979 ) ) GLOBAL_UNIT_ASSIGNED_CONTEXT ( ( #2864, #10227, #1001 ) ) REPRESENTATION_CONTEXT ( 'NONE', 'WORKASPACE' ) );
#10948 = SURFACE_SIDE_STYLE ('',( #8034 ) ) ;
#10949 = EDGE_LOOP ( 'NONE', ( #11947, #9540, #5736, #11256 ) ) ;
#10950 = UNCERTAINTY_MEASURE_WITH_UNIT (LENGTH_MEASURE( 1.000000000000000082E-05 ), #4138, 'distance_accuracy_value', 'NONE');
#10951 = CARTESIAN_POINT ( 'NONE',  ( -9.999999999999998224, 3.750000000000000000, -4.482646401261477961E-16 ) ) ;
#10952 = EDGE_LOOP ( 'NONE', ( #7075, #5803, #3125, #14 ) ) ;
#10953 = CARTESIAN_POINT ( 'NONE',  ( 6.350477472386660160, 4.751000000000000334, 2.940799465296190629 ) ) ;
#10954 = EDGE_CURVE ( 'NONE', #9180, #11358, #5695, .T. ) ;
#10955 = ADVANCED_FACE ( 'NONE', ( #11339 ), #11795, .F. ) ;
#10956 =( NAMED_UNIT ( * ) SI_UNIT ( $, .STERADIAN. ) SOLID_ANGLE_UNIT ( ) );
#10957 = ORIENTED_EDGE ( 'NONE', *, *, #127, .F. ) ;
#10958 = CARTESIAN_POINT ( 'NONE',  ( 4.361959337496944755, 4.751000000000000334, 1.611629286669713945 ) ) ;
#10959 = PRODUCT_CONTEXT ( 'NONE', #7469, 'mechanical' ) ;
#10960 = DIRECTION ( 'NONE',  ( -1.000000000000000000, 0.0000000000000000000, 0.0000000000000000000 ) ) ;
#10961 = CARTESIAN_POINT ( 'NONE',  ( 5.987524596244379715, 4.751000000000000334, 1.960828251277271894 ) ) ;
#10962 = CARTESIAN_POINT ( 'NONE',  ( 5.401210853957079117, 4.751000000000000334, 1.741694549182599250 ) ) ;
#10963 = DIRECTION ( 'NONE',  ( -0.0000000000000000000, -1.000000000000000000, -0.0000000000000000000 ) ) ;
#10964 =( LENGTH_UNIT ( ) NAMED_UNIT ( * ) SI_UNIT ( .MILLI., .METRE. ) );
#10965 = CARTESIAN_POINT ( 'NONE',  ( 5.549370781357334081, 4.750000000000000000, 1.779657686630379709 ) ) ;
#10966 = VERTEX_POINT ( 'NONE', #2989 ) ;
#10967 = UNCERTAINTY_MEASURE_WITH_UNIT (LENGTH_MEASURE( 1.000000000000000082E-05 ), #4058, 'distance_accuracy_value', 'NONE');
#10968 = SURFACE_SIDE_STYLE ('',( #7211 ) ) ;
#10969 = EDGE_CURVE ( 'NONE', #2114, #10582, #4035, .T. ) ;
#10970 = UNCERTAINTY_MEASURE_WITH_UNIT (LENGTH_MEASURE( 1.000000000000000082E-05 ), #4419, 'distance_accuracy_value', 'NONE');
#10971 = PLANE ( 'NONE',  #10864 ) ;
#10972 = EDGE_CURVE ( 'NONE', #5035, #2816, #200, .T. ) ;
#10973 =( GEOMETRIC_REPRESENTATION_CONTEXT ( 3 ) GLOBAL_UNCERTAINTY_ASSIGNED_CONTEXT ( ( #5513 ) ) GLOBAL_UNIT_ASSIGNED_CONTEXT ( ( #1428, #8946, #7004 ) ) REPRESENTATION_CONTEXT ( 'NONE', 'WORKASPACE' ) );
#10974 = ORIENTED_EDGE ( 'NONE', *, *, #3380, .F. ) ;
#10975 = CYLINDRICAL_SURFACE ( 'NONE', #9956, 0.3400000000000000244 ) ;
#10976 = CARTESIAN_POINT ( 'NONE',  ( 8.929394564106914345, 4.750000000000000000, 1.823012706599978827 ) ) ;
#10977 = DIRECTION ( 'NONE',  ( -0.007092178509963365136, -0.0000000000000000000, 0.9999748501857348426 ) ) ;
#10978 = ORIENTED_EDGE ( 'NONE', *, *, #6945, .F. ) ;
#10979 = COLOUR_RGB ( '',0.6470588235294117974, 0.6470588235294117974, 0.6470588235294117974 ) ;
#10980 = ORIENTED_EDGE ( 'NONE', *, *, #10583, .F. ) ;
#10981 = DIRECTION ( 'NONE',  ( 0.9999748501857347316, -0.0000000000000000000, 0.007092178509980015880 ) ) ;
#10982 = CARTESIAN_POINT ( 'NONE',  ( 5.881095909275361855, 4.751000000000000334, 1.793188078342175196 ) ) ;
#10983 = CARTESIAN_POINT ( 'NONE',  ( 5.295142505985755754, 4.750000000000000000, 1.981392340027532395 ) ) ;
#10984 = SURFACE_STYLE_FILL_AREA ( #10060 ) ;
#10985 =( NAMED_UNIT ( * ) PLANE_ANGLE_UNIT ( ) SI_UNIT ( $, .RADIAN. ) );
#10986 = LINE ( 'NONE', #10868, #6416 ) ;
#10987 = CARTESIAN_POINT ( 'NONE',  ( 4.244484384566872492, 4.750000000000000000, 1.682021320945930931 ) ) ;
#10988 = VERTEX_POINT ( 'NONE', #9665 ) ;
#10989 = VERTEX_POINT ( 'NONE', #2246 ) ;
#10990 = CARTESIAN_POINT ( 'NONE',  ( 5.940023096017200466, 4.751000000000000334, 2.830790617506793616 ) ) ;
#10991 = PRESENTATION_LAYER_ASSIGNMENT (  '', '', ( #9390 ) ) ;
#10992 = STYLED_ITEM ( 'NONE', ( #11084 ), #4722 ) ;
#10993 = SURFACE_STYLE_USAGE ( .BOTH. , #8944 ) ;
#10994 = FILL_AREA_STYLE_COLOUR ( '', #652 ) ;
#10995 = CARTESIAN_POINT ( 'NONE',  ( 7.629858834791350297, 4.751000000000000334, 3.086296538366034792 ) ) ;
#10996 = FACE_OUTER_BOUND ( 'NONE', #4118, .T. ) ;
#10997 = CARTESIAN_POINT ( 'NONE',  ( 4.797445472848246517, 4.751000000000000334, 2.682056254219147728 ) ) ;
#10998 = PRESENTATION_LAYER_ASSIGNMENT (  '', '', ( #187 ) ) ;
#10999 = DIRECTION ( 'NONE',  ( 1.000000000000000000, 0.0000000000000000000, -0.0000000000000000000 ) ) ;
#11000 = ORIENTED_EDGE ( 'NONE', *, *, #6068, .F. ) ;
#11001 = ADVANCED_FACE ( 'NONE', ( #6006 ), #1411, .F. ) ;
#11002 = COLOUR_RGB ( '',0.8823529411764705621, 0.8823529411764705621, 0.8823529411764705621 ) ;
#11003 =( NAMED_UNIT ( * ) PLANE_ANGLE_UNIT ( ) SI_UNIT ( $, .RADIAN. ) );
#11004 = CARTESIAN_POINT ( 'NONE',  ( 4.958154056194548964, 4.751000000000000334, 2.856580049967182955 ) ) ;
#11005 = CARTESIAN_POINT ( 'NONE',  ( 8.644101041224818260, 4.751000000000000334, 2.800670125863558457 ) ) ;
#11006 = ORIENTED_EDGE ( 'NONE', *, *, #12081, .T. ) ;
#11007 = PRESENTATION_STYLE_ASSIGNMENT (( #10091 ) ) ;
#11008 = DIRECTION ( 'NONE',  ( -0.0000000000000000000, -1.000000000000000000, 0.0000000000000000000 ) ) ;
#11009 = LINE ( 'NONE', #5670, #4404 ) ;
#11010 = CARTESIAN_POINT ( 'NONE',  ( 5.332205148039942166, 4.750000000000000000, 1.502054800748703567 ) ) ;
#11011 = ORIENTED_EDGE ( 'NONE', *, *, #7136, .T. ) ;
#11012 = LINE ( 'NONE', #926, #3663 ) ;
#11013 =( GEOMETRIC_REPRESENTATION_CONTEXT ( 3 ) GLOBAL_UNCERTAINTY_ASSIGNED_CONTEXT ( ( #3491 ) ) GLOBAL_UNIT_ASSIGNED_CONTEXT ( ( #7535, #9247, #5775 ) ) REPRESENTATION_CONTEXT ( 'NONE', 'WORKASPACE' ) );
#11014 = COLOUR_RGB ( '',0.6470588235294117974, 0.6470588235294117974, 0.6470588235294117974 ) ;
#11015 = CARTESIAN_POINT ( 'NONE',  ( 4.539855585739943855, 4.751000000000000334, 2.862971384531736607 ) ) ;
#11016 = ADVANCED_FACE ( 'NONE', ( #141 ), #7810, .F. ) ;
#11017 = B_SPLINE_CURVE_WITH_KNOTS ( 'NONE', 3,
 ( #2885, #3752, #8260, #12087 ),
 .UNSPECIFIED., .F., .F.,
 ( 4, 4 ),
 ( 12.00000000000000000, 13.00000000000000000 ),
 .UNSPECIFIED. ) ;
#11018 = CARTESIAN_POINT ( 'NONE',  ( -17.77999999999999758, 0.0000000000000000000, 3.750000000000004885 ) ) ;
#11019 = CARTESIAN_POINT ( 'NONE',  ( 4.356533848168873568, 4.750000000000000000, 2.120045215775415048 ) ) ;
#11020 = ORIENTED_EDGE ( 'NONE', *, *, #881, .F. ) ;
#11021 =( LENGTH_UNIT ( ) NAMED_UNIT ( * ) SI_UNIT ( .MILLI., .METRE. ) );
#11022 = FACE_OUTER_BOUND ( 'NONE', #9100, .T. ) ;
#11023 =( GEOMETRIC_REPRESENTATION_CONTEXT ( 3 ) GLOBAL_UNCERTAINTY_ASSIGNED_CONTEXT ( ( #4886 ) ) GLOBAL_UNIT_ASSIGNED_CONTEXT ( ( #11092, #9301, #6905 ) ) REPRESENTATION_CONTEXT ( 'NONE', 'WORKASPACE' ) );
#11024 = CARTESIAN_POINT ( 'NONE',  ( 4.241861031149168682, 4.751000000000000334, 2.051905896914612448 ) ) ;
#11025 =( NAMED_UNIT ( * ) PLANE_ANGLE_UNIT ( ) SI_UNIT ( $, .RADIAN. ) );
#11026 = EDGE_LOOP ( 'NONE', ( #11233, #12069, #206, #9446 ) ) ;
#11027 = DIRECTION ( 'NONE',  ( -0.0000000000000000000, -1.000000000000000000, -0.0000000000000000000 ) ) ;
#11028 = PLANE ( 'NONE',  #8604 ) ;
#11029 = EDGE_LOOP ( 'NONE', ( #1034, #262, #7230, #6995, #159, #1701 ) ) ;
#11030 = EDGE_CURVE ( 'NONE', #4149, #3882, #11974, .T. ) ;
#11031 = MECHANICAL_DESIGN_GEOMETRIC_PRESENTATION_REPRESENTATION (  '', ( #2606 ), #2413 ) ;
#11032 = EDGE_CURVE ( 'NONE', #8750, #8495, #3309, .T. ) ;
#11033 = ORIENTED_EDGE ( 'NONE', *, *, #2220, .T. ) ;
#11034 = CARTESIAN_POINT ( 'NONE',  ( -9.999999999999998224, -3.750000000000000000, 4.482646401261477961E-16 ) ) ;
#11035 =( LENGTH_UNIT ( ) NAMED_UNIT ( * ) SI_UNIT ( .MILLI., .METRE. ) );
#11036 = CARTESIAN_POINT ( 'NONE',  ( 7.935713559275157536, 4.750000000000000000, 1.758124279936008394 ) ) ;
#11037 = FACE_BOUND ( 'NONE', #10117, .T. ) ;
#11038 = SURFACE_STYLE_USAGE ( .BOTH. , #7224 ) ;
#11039 = CARTESIAN_POINT ( 'NONE',  ( 5.401380459378324339, 4.751000000000000334, 1.717780718550358188 ) ) ;
#11040 = COLOUR_RGB ( '',0.0000000000000000000, 0.0000000000000000000, 0.0000000000000000000 ) ;
#11042 =( LENGTH_UNIT ( ) NAMED_UNIT ( * ) SI_UNIT ( .MILLI., .METRE. ) );
#11041 =( GEOMETRIC_REPRESENTATION_CONTEXT ( 3 ) GLOBAL_UNCERTAINTY_ASSIGNED_CONTEXT ( ( #7569 ) ) GLOBAL_UNIT_ASSIGNED_CONTEXT ( ( #9920, #4328, #7029 ) ) REPRESENTATION_CONTEXT ( 'NONE', 'WORKASPACE' ) );
#11043 = VECTOR ( 'NONE', #5065, 1000.000000000000000 ) ;
#11044 = B_SPLINE_CURVE_WITH_KNOTS ( 'NONE', 3,
 ( #9294, #10115, #708, #653 ),
 .UNSPECIFIED., .F., .F.,
 ( 4, 4 ),
 ( 3.000000000000000000, 4.000000000000000000 ),
 .UNSPECIFIED. ) ;
#11045 = CARTESIAN_POINT ( 'NONE',  ( -11.00000000000000000, 4.750000000000000000, -1.135603754986240755E-15 ) ) ;
#11046 = SURFACE_STYLE_FILL_AREA ( #8325 ) ;
#11047 = ORIENTED_EDGE ( 'NONE', *, *, #580, .T. ) ;
#11048 = ORIENTED_EDGE ( 'NONE', *, *, #10796, .T. ) ;
#11049 = CARTESIAN_POINT ( 'NONE',  ( 5.548873985797055042, 4.751000000000000334, 1.611469090392399384 ) ) ;
#11050 =( GEOMETRIC_REPRESENTATION_CONTEXT ( 3 ) GLOBAL_UNCERTAINTY_ASSIGNED_CONTEXT ( ( #5315 ) ) GLOBAL_UNIT_ASSIGNED_CONTEXT ( ( #7742, #9716, #5057 ) ) REPRESENTATION_CONTEXT ( 'NONE', 'WORKASPACE' ) );
#11051 = UNCERTAINTY_MEASURE_WITH_UNIT (LENGTH_MEASURE( 1.000000000000000082E-05 ), #11923, 'distance_accuracy_value', 'NONE');
#11052 = DIRECTION ( 'NONE',  ( -0.0000000000000000000, -1.000000000000000000, -0.0000000000000000000 ) ) ;
#11053 = LINE ( 'NONE', #11913, #3486 ) ;
#11054 = SURFACE_STYLE_FILL_AREA ( #4366 ) ;
#11055 = CARTESIAN_POINT ( 'NONE',  ( 5.192927150737901343, 4.751000000000000334, 1.677830282823520314 ) ) ;
#11056 = ORIENTED_EDGE ( 'NONE', *, *, #1800, .F. ) ;
#11057 = CARTESIAN_POINT ( 'NONE',  ( 5.579487039110382796, 4.750000000000000000, 1.876571200081450508 ) ) ;
#11058 = VECTOR ( 'NONE', #596, 1000.000000000000000 ) ;
#11059 = STYLED_ITEM ( 'NONE', ( #10663 ), #2641 ) ;
#11060 = UNCERTAINTY_MEASURE_WITH_UNIT (LENGTH_MEASURE( 1.000000000000000082E-05 ), #776, 'distance_accuracy_value', 'NONE');
#11061 = PRESENTATION_STYLE_ASSIGNMENT (( #11122 ) ) ;
#11062 = DIRECTION ( 'NONE',  ( 0.0000000000000000000, 0.0000000000000000000, 1.000000000000000000 ) ) ;
#11063 = DIRECTION ( 'NONE',  ( 1.000000000000000000, 0.0000000000000000000, 0.0000000000000000000 ) ) ;
#11064 = VERTEX_POINT ( 'NONE', #10783 ) ;
#11065 = CARTESIAN_POINT ( 'NONE',  ( 5.796263755702638854, 4.751000000000000334, 1.769191276932375212 ) ) ;
#11066 = EDGE_CURVE ( 'NONE', #10381, #9452, #3049, .T. ) ;
#11067 = LINE ( 'NONE', #922, #10676 ) ;
#11068 = FILL_AREA_STYLE_COLOUR ( '', #7170 ) ;
#11069 = ORIENTED_EDGE ( 'NONE', *, *, #127, .T. ) ;
#11070 = SURFACE_STYLE_FILL_AREA ( #7323 ) ;
#11071 = SURFACE_STYLE_USAGE ( .BOTH. , #7326 ) ;
#11072 = CARTESIAN_POINT ( 'NONE',  ( 4.627514783282306254, 4.751000000000000334, 2.616644379005729881 ) ) ;
#11073 = SURFACE_STYLE_USAGE ( .BOTH. , #2676 ) ;
#11074 = ORIENTED_EDGE ( 'NONE', *, *, #4512, .T. ) ;
#11075 = UNCERTAINTY_MEASURE_WITH_UNIT (LENGTH_MEASURE( 1.000000000000000082E-05 ), #11254, 'distance_accuracy_value', 'NONE');
#11076 = LINE ( 'NONE', #5623, #1434 ) ;
#11077 = MECHANICAL_DESIGN_GEOMETRIC_PRESENTATION_REPRESENTATION (  '', ( #4428 ), #4810 ) ;
#11078 = FILL_AREA_STYLE_COLOUR ( '', #9746 ) ;
#11079 = CARTESIAN_POINT ( 'NONE',  ( 5.960080507932782545, 4.750000000000000000, 1.725382462917125492 ) ) ;
#11080 = ORIENTED_EDGE ( 'NONE', *, *, #952, .F. ) ;
#11081 = EDGE_CURVE ( 'NONE', #10576, #5261, #3494, .T. ) ;
#11082 = LINE ( 'NONE', #1382, #7582 ) ;
#11083 = EDGE_CURVE ( 'NONE', #11104, #6842, #648, .T. ) ;
#11084 = PRESENTATION_STYLE_ASSIGNMENT (( #3557 ) ) ;
#11085 = VECTOR ( 'NONE', #4007, 1000.000000000000000 ) ;
#11086 = ORIENTED_EDGE ( 'NONE', *, *, #10267, .T. ) ;
#11087 = B_SPLINE_SURFACE_WITH_KNOTS ( 'NONE', 3, 1, ( 
 ( #9152, #3837 ),
 ( #240, #2212 ),
 ( #10636, #2152 ),
 ( #2906, #6634 ) ),
 .UNSPECIFIED., .F., .F., .F.,
 ( 4, 4 ),
 ( 2, 2 ),
 ( 6.000000000000000000, 7.000000000000000000 ),
 ( 0.0000000000000000000, 1.000000000000000000 ),
 .UNSPECIFIED. ) ;
#11088 = VECTOR ( 'NONE', #616, 1000.000000000000000 ) ;
#11089 = ORIENTED_EDGE ( 'NONE', *, *, #2895, .T. ) ;
#11090 = SURFACE_STYLE_USAGE ( .BOTH. , #7346 ) ;
#11091 =( LENGTH_UNIT ( ) NAMED_UNIT ( * ) SI_UNIT ( .MILLI., .METRE. ) );
#11092 =( LENGTH_UNIT ( ) NAMED_UNIT ( * ) SI_UNIT ( .MILLI., .METRE. ) );
#11093 = VECTOR ( 'NONE', #7117, 1000.000000000000000 ) ;
#11094 = CARTESIAN_POINT ( 'NONE',  ( 4.866470573614145145, 4.751000000000000334, 2.680726182749451070 ) ) ;
#11095 = DIRECTION ( 'NONE',  ( -0.9999748501857348426, -0.0000000000000000000, -0.007092178509961528932 ) ) ;
#11096 = EDGE_CURVE ( 'NONE', #2703, #2382, #704, .T. ) ;
#11097 = CARTESIAN_POINT ( 'NONE',  ( 7.443372478218416077, 4.751000000000000334, 1.855853903444935948 ) ) ;
#11098 = EDGE_CURVE ( 'NONE', #9789, #3331, #3651, .T. ) ;
#11099 = STYLED_ITEM ( 'NONE', ( #734 ), #10139 ) ;
#11100 = LINE ( 'NONE', #594, #2856 ) ;
#11101 = CARTESIAN_POINT ( 'NONE',  ( 4.686673580517121351, 4.750000000000000000, 2.063898830827285202 ) ) ;
#11102 = CARTESIAN_POINT ( 'NONE',  ( 6.359803927017792624, 4.751000000000000334, 1.625798713492213832 ) ) ;
#11103 =( LENGTH_UNIT ( ) NAMED_UNIT ( * ) SI_UNIT ( .MILLI., .METRE. ) );
#11104 = VERTEX_POINT ( 'NONE', #9037 ) ;
#11105 = VERTEX_POINT ( 'NONE', #5133 ) ;
#11106 = COLOUR_RGB ( '',0.0000000000000000000, 0.0000000000000000000, 0.0000000000000000000 ) ;
#11107 = CARTESIAN_POINT ( 'NONE',  ( 4.958154056194548964, 4.751000000000000334, 2.856580049967182955 ) ) ;
#11108 = AXIS2_PLACEMENT_3D ( 'NONE', #4492, #10078, #11966 ) ;
#11109 = SURFACE_STYLE_USAGE ( .BOTH. , #7362 ) ;
#11110 = DIRECTION ( 'NONE',  ( 0.3451999324342969189, 0.0000000000000000000, -0.9385291719746152728 ) ) ;
#11111 = PLANE ( 'NONE',  #2286 ) ;
#11112 = FILL_AREA_STYLE_COLOUR ( '', #4923 ) ;
#11113 = CARTESIAN_POINT ( 'NONE',  ( 5.579383801027882228, 4.751000000000000334, 1.891127444814575842 ) ) ;
#11114 = EDGE_CURVE ( 'NONE', #6941, #1370, #3367, .T. ) ;
#11115 =( GEOMETRIC_REPRESENTATION_CONTEXT ( 3 ) GLOBAL_UNCERTAINTY_ASSIGNED_CONTEXT ( ( #3333 ) ) GLOBAL_UNIT_ASSIGNED_CONTEXT ( ( #5686, #9538, #3904 ) ) REPRESENTATION_CONTEXT ( 'NONE', 'WORKASPACE' ) );
#11116 = PRESENTATION_STYLE_ASSIGNMENT (( #3707 ) ) ;
#11117 = FILL_AREA_STYLE_COLOUR ( '', #7946 ) ;
#11118 = STYLED_ITEM ( 'NONE', ( #1644 ), #10810 ) ;
#11119 = EDGE_CURVE ( 'NONE', #11220, #11650, #11697, .T. ) ;
#11120 = ORIENTED_EDGE ( 'NONE', *, *, #5875, .T. ) ;
#11121 = CARTESIAN_POINT ( 'NONE',  ( 4.244484384566872492, 4.750000000000000000, 1.682021320945930931 ) ) ;
#11122 = SURFACE_STYLE_USAGE ( .BOTH. , #10087 ) ;
#11123 = DIRECTION ( 'NONE',  ( -1.000000000000000000, 0.0000000000000000000, 0.0000000000000000000 ) ) ;
#11124 = PRESENTATION_LAYER_ASSIGNMENT (  '', '', ( #9549 ) ) ;
#11125 = ORIENTED_EDGE ( 'NONE', *, *, #5788, .T. ) ;
#11126 = CARTESIAN_POINT ( 'NONE',  ( 7.421708908919367964, 4.750000000000000000, 1.852085253997889147 ) ) ;
#11127 = CARTESIAN_POINT ( 'NONE',  ( 5.466698288087580515, 4.750000000000000000, 1.726042356404005718 ) ) ;
#11128 = CARTESIAN_POINT ( 'NONE',  ( 4.875469629243789349, 4.751000000000000334, 2.493108983224471498 ) ) ;
#11129 = CARTESIAN_POINT ( 'NONE',  ( 5.320508165666915978, 4.750000000000000000, 1.501971841575278299 ) ) ;
#11130 = PRESENTATION_STYLE_ASSIGNMENT (( #2904 ) ) ;
#11131 = VERTEX_POINT ( 'NONE', #2438 ) ;
#11132 =( GEOMETRIC_REPRESENTATION_CONTEXT ( 3 ) GLOBAL_UNCERTAINTY_ASSIGNED_CONTEXT ( ( #870 ) ) GLOBAL_UNIT_ASSIGNED_CONTEXT ( ( #8186, #3431, #8920 ) ) REPRESENTATION_CONTEXT ( 'NONE', 'WORKASPACE' ) );
#11133 = B_SPLINE_CURVE_WITH_KNOTS ( 'NONE', 3,
 ( #7299, #2404, #8879, #11726 ),
 .UNSPECIFIED., .F., .F.,
 ( 4, 4 ),
 ( 2.000000000000000000, 3.000000000000000000 ),
 .UNSPECIFIED. ) ;
#11134 = SURFACE_SIDE_STYLE ('',( #7330 ) ) ;
#11135 =( NAMED_UNIT ( * ) PLANE_ANGLE_UNIT ( ) SI_UNIT ( $, .RADIAN. ) );
#11136 = ORIENTED_EDGE ( 'NONE', *, *, #1646, .F. ) ;
#11137 = CARTESIAN_POINT ( 'NONE',  ( 4.648716840333255718, 4.751000000000000334, 2.559346681875779517 ) ) ;
#11138 = LINE ( 'NONE', #10282, #463 ) ;
#11139 = CARTESIAN_POINT ( 'NONE',  ( 4.532180195612942164, 4.751000000000000334, 2.827304343640511419 ) ) ;
#11140 =( NAMED_UNIT ( * ) PLANE_ANGLE_UNIT ( ) SI_UNIT ( $, .RADIAN. ) );
#11141 = VERTEX_POINT ( 'NONE', #4333 ) ;
#11142 = LINE ( 'NONE', #11265, #11527 ) ;
#11143 = FACE_OUTER_BOUND ( 'NONE', #2522, .T. ) ;
#11144 = ORIENTED_EDGE ( 'NONE', *, *, #7356, .T. ) ;
#11145 = UNCERTAINTY_MEASURE_WITH_UNIT (LENGTH_MEASURE( 1.000000000000000082E-05 ), #11488, 'distance_accuracy_value', 'NONE');
#11146 = EDGE_LOOP ( 'NONE', ( #3848, #4962, #11988, #4639 ) ) ;
#11147 = ADVANCED_FACE ( 'NONE', ( #8183 ), #2490, .F. ) ;
#11148 = CARTESIAN_POINT ( 'NONE',  ( 5.795671980265464818, 4.750000000000000000, 1.852629751203852759 ) ) ;
#11149 = ORIENTED_EDGE ( 'NONE', *, *, #10502, .F. ) ;
#11150 = LINE ( 'NONE', #4418, #11280 ) ;
#11151 = SURFACE_SIDE_STYLE ('',( #10482 ) ) ;
#11152 = FACE_OUTER_BOUND ( 'NONE', #11732, .T. ) ;
#11153 =( LENGTH_UNIT ( ) NAMED_UNIT ( * ) SI_UNIT ( .MILLI., .METRE. ) );
#11154 = PRESENTATION_LAYER_ASSIGNMENT (  '', '', ( #2133 ) ) ;
#11155 = DIRECTION ( 'NONE',  ( 0.007092178509965119809, 0.0000000000000000000, -0.9999748501857348426 ) ) ;
#11156 = VERTEX_POINT ( 'NONE', #7453 ) ;
#11157 = CARTESIAN_POINT ( 'NONE',  ( 7.276729123073038430, 4.750000000000000000, 2.415006130194304657 ) ) ;
#11158 = EDGE_CURVE ( 'NONE', #3253, #1994, #984, .T. ) ;
#11159 =( LENGTH_UNIT ( ) NAMED_UNIT ( * ) SI_UNIT ( .MILLI., .METRE. ) );
#11160 = DIRECTION ( 'NONE',  ( -0.0000000000000000000, -1.000000000000000000, -0.0000000000000000000 ) ) ;
#11161 = DIRECTION ( 'NONE',  ( -0.007092178509963560293, 0.0000000000000000000, 0.9999748501857348426 ) ) ;
#11162 =( NAMED_UNIT ( * ) SI_UNIT ( $, .STERADIAN. ) SOLID_ANGLE_UNIT ( ) );
#11163 = CARTESIAN_POINT ( 'NONE',  ( 7.110752489468366022, 4.750000000000000000, 1.860724989050378531 ) ) ;
#11164 = LINE ( 'NONE', #11113, #8315 ) ;
#11165 =( GEOMETRIC_REPRESENTATION_CONTEXT ( 3 ) GLOBAL_UNCERTAINTY_ASSIGNED_CONTEXT ( ( #10809 ) ) GLOBAL_UNIT_ASSIGNED_CONTEXT ( ( #1227, #287, #7772 ) ) REPRESENTATION_CONTEXT ( 'NONE', 'WORKASPACE' ) );
#11166 = ADVANCED_FACE ( 'NONE', ( #4760 ), #10284, .F. ) ;
#11167 = EDGE_CURVE ( 'NONE', #3000, #9474, #8300, .T. ) ;
#11168 = UNCERTAINTY_MEASURE_WITH_UNIT (LENGTH_MEASURE( 1.000000000000000082E-05 ), #5795, 'distance_accuracy_value', 'NONE');
#11169 = CARTESIAN_POINT ( 'NONE',  ( 4.442387373558622343, 4.750000000000000000, 1.670167672722675078 ) ) ;
#11170 = CARTESIAN_POINT ( 'NONE',  ( 8.488661322871575265, 4.751000000000000334, 2.799567691907449696 ) ) ;
#11171 = ORIENTED_EDGE ( 'NONE', *, *, #8764, .T. ) ;
#11172 = SURFACE_STYLE_USAGE ( .BOTH. , #7600 ) ;
#11173 = DIRECTION ( 'NONE',  ( -0.3382111624868748279, -0.0000000000000000000, 0.9410702468834496459 ) ) ;
#11174 = PRESENTATION_LAYER_ASSIGNMENT (  '', '', ( #10798 ) ) ;
#11175 = CARTESIAN_POINT ( 'NONE',  ( 5.356587225513623096, 4.750000000000000000, 1.509506215612625102 ) ) ;
#11176 = CARTESIAN_POINT ( 'NONE',  ( 5.209631791485263896, 4.751000000000000334, 2.932708180580608559 ) ) ;
#11177 = B_SPLINE_CURVE_WITH_KNOTS ( 'NONE', 3,
 ( #3362, #3425, #2553, #8850 ),
 .UNSPECIFIED., .F., .F.,
 ( 4, 4 ),
 ( 8.000000000000000000, 9.000000000000000000 ),
 .UNSPECIFIED. ) ;
#11178 = VERTEX_POINT ( 'NONE', #11139 ) ;
#11179 = CARTESIAN_POINT ( 'NONE',  ( 7.510004154309248392, 4.750000000000000000, 1.635807944716032303 ) ) ;
#11180 = PRESENTATION_STYLE_ASSIGNMENT (( #3781 ) ) ;
#11181 = AXIS2_PLACEMENT_3D ( 'NONE', #8883, #9768, #484 ) ;
#11182 =( GEOMETRIC_REPRESENTATION_CONTEXT ( 3 ) GLOBAL_UNCERTAINTY_ASSIGNED_CONTEXT ( ( #10106 ) ) GLOBAL_UNIT_ASSIGNED_CONTEXT ( ( #9641, #9836, #10514 ) ) REPRESENTATION_CONTEXT ( 'NONE', 'WORKASPACE' ) );
#11183 = VECTOR ( 'NONE', #1617, 1000.000000000000000 ) ;
#11184 = CARTESIAN_POINT ( 'NONE',  ( 5.684346846922542440, 4.750000000000000000, 2.448676247909279180 ) ) ;
#11185 = B_SPLINE_CURVE_WITH_KNOTS ( 'NONE', 3,
 ( #10198, #4559, #792, #1847 ),
 .UNSPECIFIED., .F., .F.,
 ( 4, 4 ),
 ( 2.000000000000000000, 3.000000000000000000 ),
 .UNSPECIFIED. ) ;
#11186 = SURFACE_STYLE_FILL_AREA ( #8297 ) ;
#11187 = ORIENTED_EDGE ( 'NONE', *, *, #10643, .T. ) ;
#11188 = CARTESIAN_POINT ( 'NONE',  ( 7.556228387931413160, 4.750000000000000000, 1.744587548815732525 ) ) ;
#11189 = FILL_AREA_STYLE ('',( #8582 ) ) ;
#11190 = UNCERTAINTY_MEASURE_WITH_UNIT (LENGTH_MEASURE( 1.000000000000000082E-05 ), #10544, 'distance_accuracy_value', 'NONE');
#11191 = CARTESIAN_POINT ( 'NONE',  ( 4.578646546804877815, 4.750000000000000000, 2.121620518302036906 ) ) ;
#11192 = FACE_OUTER_BOUND ( 'NONE', #4888, .T. ) ;
#11193 = VECTOR ( 'NONE', #5659, 1000.000000000000000 ) ;
#11194 = DIRECTION ( 'NONE',  ( 0.0000000000000000000, 0.0000000000000000000, 1.000000000000000000 ) ) ;
#11195 = ORIENTED_EDGE ( 'NONE', *, *, #3177, .F. ) ;
#11196 = PRESENTATION_LAYER_ASSIGNMENT (  '', '', ( #5920 ) ) ;
#11197 = MECHANICAL_DESIGN_GEOMETRIC_PRESENTATION_REPRESENTATION (  '', ( #1989 ), #1002 ) ;
#11198 = SURFACE_SIDE_STYLE ('',( #8535 ) ) ;
#11199 = CARTESIAN_POINT ( 'NONE',  ( 5.987524596244379715, 4.751000000000000334, 1.960828251277271894 ) ) ;
#11200 = VERTEX_POINT ( 'NONE', #12115 ) ;
#11201 = VERTEX_POINT ( 'NONE', #11326 ) ;
#11202 = FACE_OUTER_BOUND ( 'NONE', #4964, .T. ) ;
#11203 = MECHANICAL_DESIGN_GEOMETRIC_PRESENTATION_REPRESENTATION (  '', ( #6496 ), #9832 ) ;
#11204 = CARTESIAN_POINT ( 'NONE',  ( 5.956282792318048358, 4.751000000000000334, 2.444106264266553197 ) ) ;
#11205 = PRESENTATION_LAYER_ASSIGNMENT (  '', '', ( #8440 ) ) ;
#11206 = DIRECTION ( 'NONE',  ( 0.0000000000000000000, 0.0000000000000000000, -1.000000000000000000 ) ) ;
#11207 =( GEOMETRIC_REPRESENTATION_CONTEXT ( 3 ) GLOBAL_UNCERTAINTY_ASSIGNED_CONTEXT ( ( #1358 ) ) GLOBAL_UNIT_ASSIGNED_CONTEXT ( ( #5253, #8907, #1803 ) ) REPRESENTATION_CONTEXT ( 'NONE', 'WORKASPACE' ) );
#11208 = FILL_AREA_STYLE ('',( #7285 ) ) ;
#11209 =( LENGTH_UNIT ( ) NAMED_UNIT ( * ) SI_UNIT ( .MILLI., .METRE. ) );
#11210 = PRESENTATION_STYLE_ASSIGNMENT (( #1946 ) ) ;
#11211 = EDGE_LOOP ( 'NONE', ( #8692, #10332, #11695, #12121, #9282, #5423 ) ) ;
#11212 = SURFACE_STYLE_FILL_AREA ( #11342 ) ;
#11213 = CARTESIAN_POINT ( 'NONE',  ( 3.872668677285026728, 4.751000000000000334, 2.116613471301016070 ) ) ;
#11214 =( NAMED_UNIT ( * ) PLANE_ANGLE_UNIT ( ) SI_UNIT ( $, .RADIAN. ) );
#11215 = PRESENTATION_LAYER_ASSIGNMENT (  '', '', ( #4361 ) ) ;
#11216 = EDGE_CURVE ( 'NONE', #9303, #1284, #6998, .T. ) ;
#11217 =( GEOMETRIC_REPRESENTATION_CONTEXT ( 3 ) GLOBAL_UNCERTAINTY_ASSIGNED_CONTEXT ( ( #6715 ) ) GLOBAL_UNIT_ASSIGNED_CONTEXT ( ( #10489, #1151, #9561 ) ) REPRESENTATION_CONTEXT ( 'NONE', 'WORKASPACE' ) );
#11218 = COLOUR_RGB ( '',0.0000000000000000000, 0.0000000000000000000, 0.0000000000000000000 ) ;
#11219 = SURFACE_SIDE_STYLE ('',( #11046 ) ) ;
#11220 = VERTEX_POINT ( 'NONE', #5450 ) ;
#11221 = CARTESIAN_POINT ( 'NONE',  ( 5.209631791485263896, 4.751000000000000334, 2.932708180580608559 ) ) ;
#11222 = SURFACE_STYLE_FILL_AREA ( #9182 ) ;
#11223 = AXIS2_PLACEMENT_3D ( 'NONE', #6968, #7158, #8788 ) ;
#11224 = VECTOR ( 'NONE', #4014, 1000.000000000000114 ) ;
#11225 = PRESENTATION_STYLE_ASSIGNMENT (( #5594 ) ) ;
#11226 = CARTESIAN_POINT ( 'NONE',  ( 5.910310741161374892, 4.751000000000000334, 1.614032528851506498 ) ) ;
#11227 = CARTESIAN_POINT ( 'NONE',  ( 5.731315518487698490, 4.750000000000000000, 1.947053608294354365 ) ) ;
#11228 = LINE ( 'NONE', #2830, #2078 ) ;
#11229 =( NAMED_UNIT ( * ) SI_UNIT ( $, .STERADIAN. ) SOLID_ANGLE_UNIT ( ) );
#11230 = EDGE_CURVE ( 'NONE', #2065, #2045, #6470, .T. ) ;
#11231 = DIRECTION ( 'NONE',  ( -0.0000000000000000000, -1.000000000000000000, -0.0000000000000000000 ) ) ;
#11232 = DIRECTION ( 'NONE',  ( -0.9394297562992280914, 0.0000000000000000000, 0.3427414958530305422 ) ) ;
#11233 = ORIENTED_EDGE ( 'NONE', *, *, #6738, .T. ) ;
#11234 = MECHANICAL_DESIGN_GEOMETRIC_PRESENTATION_REPRESENTATION (  '', ( #429 ), #11433 ) ;
#11235 = AXIS2_PLACEMENT_3D ( 'NONE', #903, #4490, #5533 ) ;
#11236 =( GEOMETRIC_REPRESENTATION_CONTEXT ( 3 ) GLOBAL_UNCERTAINTY_ASSIGNED_CONTEXT ( ( #12058 ) ) GLOBAL_UNIT_ASSIGNED_CONTEXT ( ( #8286, #3940, #4918 ) ) REPRESENTATION_CONTEXT ( 'NONE', 'WORKASPACE' ) );
#11237 = CARTESIAN_POINT ( 'NONE',  ( 5.565717048484234653, 4.751000000000000334, 1.857237533160986942 ) ) ;
#11238 = CARTESIAN_POINT ( 'NONE',  ( 5.472075764224972438, 4.751000000000000334, 1.737518120114881048 ) ) ;
#11239 = ORIENTED_EDGE ( 'NONE', *, *, #5342, .F. ) ;
#11240 = PRESENTATION_STYLE_ASSIGNMENT (( #5847 ) ) ;
#11241 = SURFACE_STYLE_USAGE ( .BOTH. , #4867 ) ;
#11242 = CARTESIAN_POINT ( 'NONE',  ( 5.796263755702638854, 4.750000000000000000, 1.769191276932375212 ) ) ;
#11243 = STYLED_ITEM ( 'NONE', ( #11225 ), #7421 ) ;
#11244 = DIRECTION ( 'NONE',  ( -0.3451999324342968634, 0.0000000000000000000, 0.9385291719746152728 ) ) ;
#11245 =( NAMED_UNIT ( * ) SI_UNIT ( $, .STERADIAN. ) SOLID_ANGLE_UNIT ( ) );
#11246 = EDGE_LOOP ( 'NONE', ( #9409, #8118, #7156, #1937 ) ) ;
#11247 = EDGE_CURVE ( 'NONE', #9360, #11104, #8360, .T. ) ;
#11248 = EDGE_CURVE ( 'NONE', #3104, #136, #4521, .T. ) ;
#11249 = FACE_OUTER_BOUND ( 'NONE', #7750, .T. ) ;
#11250 = EDGE_CURVE ( 'NONE', #3923, #12062, #6418, .T. ) ;
#11251 = COLOUR_RGB ( '',0.0000000000000000000, 0.0000000000000000000, 0.0000000000000000000 ) ;
#11252 =( GEOMETRIC_REPRESENTATION_CONTEXT ( 3 ) GLOBAL_UNCERTAINTY_ASSIGNED_CONTEXT ( ( #3714 ) ) GLOBAL_UNIT_ASSIGNED_CONTEXT ( ( #10615, #7708, #9618 ) ) REPRESENTATION_CONTEXT ( 'NONE', 'WORKASPACE' ) );
#11253 = DIRECTION ( 'NONE',  ( 0.2455530343989273112, -0.0000000000000000000, 0.9693831581461889169 ) ) ;
#11254 =( LENGTH_UNIT ( ) NAMED_UNIT ( * ) SI_UNIT ( .MILLI., .METRE. ) );
#11255 = PRESENTATION_STYLE_ASSIGNMENT (( #3670 ) ) ;
#11256 = ORIENTED_EDGE ( 'NONE', *, *, #4876, .T. ) ;
#11257 = CARTESIAN_POINT ( 'NONE',  ( -11.00000000000000000, 4.750000000000000000, 9.499999999999998224 ) ) ;
#11258 = CARTESIAN_POINT ( 'NONE',  ( 7.629858834791350297, 4.750000000000000000, 3.086296538366034792 ) ) ;
#11259 =( NAMED_UNIT ( * ) PLANE_ANGLE_UNIT ( ) SI_UNIT ( $, .RADIAN. ) );
#11260 = SURFACE_STYLE_FILL_AREA ( #6645 ) ;
#11261 = PRESENTATION_LAYER_ASSIGNMENT (  '', '', ( #10086 ) ) ;
#11262 = CARTESIAN_POINT ( 'NONE',  ( 6.921548235588514508, 4.750000000000000000, 2.542629192773553815 ) ) ;
#11263 = ORIENTED_EDGE ( 'NONE', *, *, #478, .T. ) ;
#11264 = ADVANCED_FACE ( 'NONE', ( #11192 ), #12061, .F. ) ;
#11265 = CARTESIAN_POINT ( 'NONE',  ( 6.094730325434776219, 4.750000000000000000, 2.073885271771534811 ) ) ;
#11266 = CARTESIAN_POINT ( 'NONE',  ( 5.582732426778764356, 4.750000000000000000, 2.426899934826519889 ) ) ;
#11267 = ADVANCED_FACE ( 'NONE', ( #1257 ), #4145, .F. ) ;
#11268 = ORIENTED_EDGE ( 'NONE', *, *, #6145, .T. ) ;
#11269 = UNCERTAINTY_MEASURE_WITH_UNIT (LENGTH_MEASURE( 1.000000000000000082E-05 ), #6005, 'distance_accuracy_value', 'NONE');
#11270 = ORIENTED_EDGE ( 'NONE', *, *, #8177, .T. ) ;
#11271 = PRESENTATION_LAYER_ASSIGNMENT (  '', '', ( #5196 ) ) ;
#11272 = CARTESIAN_POINT ( 'NONE',  ( 5.898221888198729168, 4.751000000000000334, 2.420559280128398605 ) ) ;
#11273 = COLOUR_RGB ( '',0.0000000000000000000, 0.0000000000000000000, 0.0000000000000000000 ) ;
#11274 = CARTESIAN_POINT ( 'NONE',  ( 4.884077005740065758, 4.751000000000000334, 1.902572679929395605 ) ) ;
#11275 =( LENGTH_UNIT ( ) NAMED_UNIT ( * ) SI_UNIT ( .MILLI., .METRE. ) );
#11276 = FACE_BOUND ( 'NONE', #11553, .T. ) ;
#11277 = CARTESIAN_POINT ( 'NONE',  ( 5.320508165666915978, 4.751000000000000334, 1.501971841575278299 ) ) ;
#11278 = ORIENTED_EDGE ( 'NONE', *, *, #10570, .F. ) ;
#11279 =( NAMED_UNIT ( * ) SI_UNIT ( $, .STERADIAN. ) SOLID_ANGLE_UNIT ( ) );
#11280 = VECTOR ( 'NONE', #9941, 1000.000000000000000 ) ;
#11281 = VECTOR ( 'NONE', #7036, 1000.000000000000114 ) ;
#11282 = ORIENTED_EDGE ( 'NONE', *, *, #4852, .T. ) ;
#11283 = CARTESIAN_POINT ( 'NONE',  ( 8.299765060126279792, 4.750000000000000000, 1.399200378655042210 ) ) ;
#11284 = VECTOR ( 'NONE', #10510, 1000.000000000000000 ) ;
#11285 = PRESENTATION_STYLE_ASSIGNMENT (( #6439 ) ) ;
#11286 = B_SPLINE_SURFACE_WITH_KNOTS ( 'NONE', 3, 1, ( 
 ( #12006, #5391 ),
 ( #8064, #9103 ),
 ( #707, #4473 ),
 ( #8187, #10345 ) ),
 .UNSPECIFIED., .F., .F., .F.,
 ( 4, 4 ),
 ( 2, 2 ),
 ( 8.000000000000000000, 9.000000000000000000 ),
 ( 0.0000000000000000000, 1.000000000000000000 ),
 .UNSPECIFIED. ) ;
#11287 =( GEOMETRIC_REPRESENTATION_CONTEXT ( 3 ) GLOBAL_UNCERTAINTY_ASSIGNED_CONTEXT ( ( #9155 ) ) GLOBAL_UNIT_ASSIGNED_CONTEXT ( ( #99, #4057, #7591 ) ) REPRESENTATION_CONTEXT ( 'NONE', 'WORKASPACE' ) );
#11288 =( LENGTH_UNIT ( ) NAMED_UNIT ( * ) SI_UNIT ( .MILLI., .METRE. ) );
#11289 = CARTESIAN_POINT ( 'NONE',  ( 4.376053715246305487, 4.750000000000000000, 2.061695803888325518 ) ) ;
#11290 = DIRECTION ( 'NONE',  ( -0.9999748501857348426, 0.0000000000000000000, -0.007092178509963425852 ) ) ;
#11291 = CARTESIAN_POINT ( 'NONE',  ( 7.305648111579486681, 4.751000000000000334, 2.415211233981442440 ) ) ;
#11292 = CARTESIAN_POINT ( 'NONE',  ( 6.774697009592587804, 4.750000000000000000, 2.349989511342342574 ) ) ;
#11293 = B_SPLINE_CURVE_WITH_KNOTS ( 'NONE', 3,
 ( #8838, #4262, #1556, #428 ),
 .UNSPECIFIED., .F., .F.,
 ( 4, 4 ),
 ( 0.0000000000000000000, 1.000000000000000000 ),
 .UNSPECIFIED. ) ;
#11294 = DIRECTION ( 'NONE',  ( -0.3625544875035003889, 0.0000000000000000000, 0.9319625762824782500 ) ) ;
#11295 = PRESENTATION_STYLE_ASSIGNMENT (( #10431 ) ) ;
#11296 = B_SPLINE_CURVE_WITH_KNOTS ( 'NONE', 3,
 ( #11371, #7734, #1980, #6700 ),
 .UNSPECIFIED., .F., .F.,
 ( 4, 4 ),
 ( 5.000000000000000000, 6.000000000000000000 ),
 .UNSPECIFIED. ) ;
#11297 = VECTOR ( 'NONE', #9075, 1000.000000000000114 ) ;
#11298 = CARTESIAN_POINT ( 'NONE',  ( 5.801308296424873667, 4.750000000000000000, 2.945482780062832706 ) ) ;
#11299 = VERTEX_POINT ( 'NONE', #9468 ) ;
#11300 = PRESENTATION_LAYER_ASSIGNMENT (  '', '', ( #9527 ) ) ;
#11301 =( NAMED_UNIT ( * ) SI_UNIT ( $, .STERADIAN. ) SOLID_ANGLE_UNIT ( ) );
#11302 = UNCERTAINTY_MEASURE_WITH_UNIT (LENGTH_MEASURE( 1.000000000000000082E-05 ), #8711, 'distance_accuracy_value', 'NONE');
#11303 = CARTESIAN_POINT ( 'NONE',  ( 5.333652110067516716, 4.751000000000000334, 2.654145809016371871 ) ) ;
#11304 = EDGE_CURVE ( 'NONE', #3500, #11921, #5862, .T. ) ;
#11305 =( NAMED_UNIT ( * ) PLANE_ANGLE_UNIT ( ) SI_UNIT ( $, .RADIAN. ) );
#11306 = ORIENTED_EDGE ( 'NONE', *, *, #3740, .F. ) ;
#11307 = PLANE ( 'NONE',  #12132 ) ;
#11308 = AXIS2_PLACEMENT_3D ( 'NONE', #3448, #9241, #6317 ) ;
#11309 = CARTESIAN_POINT ( 'NONE',  ( 6.996768507457382213, 4.750000000000000000, 2.131045987306499079 ) ) ;
#11310 = VECTOR ( 'NONE', #3072, 1000.000000000000000 ) ;
#11311 = CARTESIAN_POINT ( 'NONE',  ( -11.00000000000000000, 0.0000000000000000000, 0.0000000000000000000 ) ) ;
#11312 = VERTEX_POINT ( 'NONE', #6890 ) ;
#11313 = CARTESIAN_POINT ( 'NONE',  ( 6.996768507457382213, 4.750000000000000000, 2.131045987306499079 ) ) ;
#11314 = COLOUR_RGB ( '',0.8823529411764705621, 0.8823529411764705621, 0.8823529411764705621 ) ;
#11315 = FILL_AREA_STYLE_COLOUR ( '', #7262 ) ;
#11316 = ORIENTED_EDGE ( 'NONE', *, *, #1896, .F. ) ;
#11317 = VECTOR ( 'NONE', #4642, 1000.000000000000000 ) ;
#11318 = CARTESIAN_POINT ( 'NONE',  ( 17.78000000000000114, 0.0000000000000000000, -4.999999999999999112 ) ) ;
#11319 = EDGE_CURVE ( 'NONE', #5576, #701, #7681, .T. ) ;
#11320 = FACE_BOUND ( 'NONE', #8896, .T. ) ;
#11321 = EDGE_CURVE ( 'NONE', #4095, #740, #5987, .T. ) ;
#11322 = ORIENTED_EDGE ( 'NONE', *, *, #4497, .F. ) ;
#11323 = FACE_OUTER_BOUND ( 'NONE', #9976, .T. ) ;
#11324 = STYLED_ITEM ( 'NONE', ( #12118 ), #11996 ) ;
#11325 = CARTESIAN_POINT ( 'NONE',  ( 9.078424850482647912, 4.751000000000000334, 2.218111013886742811 ) ) ;
#11326 = CARTESIAN_POINT ( 'NONE',  ( 3.872668677285025840, 4.750000000000000000, 2.116613471301016514 ) ) ;
#11327 = SURFACE_STYLE_USAGE ( .BOTH. , #7682 ) ;
#11328 = ORIENTED_EDGE ( 'NONE', *, *, #8828, .T. ) ;
#11329 = FILL_AREA_STYLE_COLOUR ( '', #8223 ) ;
#11330 = ORIENTED_EDGE ( 'NONE', *, *, #1610, .T. ) ;
#11331 = PRESENTATION_LAYER_ASSIGNMENT (  '', '', ( #5852 ) ) ;
#11332 = CARTESIAN_POINT ( 'NONE',  ( 5.366364131998036413, 4.751000000000000334, 1.981897469216886476 ) ) ;
#11333 = VERTEX_POINT ( 'NONE', #11442 ) ;
#11334 = EDGE_CURVE ( 'NONE', #7808, #5224, #2048, .T. ) ;
#11335 = CARTESIAN_POINT ( 'NONE',  ( 5.144413519584437822, 4.751000000000000334, 2.873757775570414452 ) ) ;
#11336 = EDGE_CURVE ( 'NONE', #3473, #3530, #9532, .T. ) ;
#11337 = PRESENTATION_STYLE_ASSIGNMENT (( #10536 ) ) ;
#11338 = PRODUCT_RELATED_PRODUCT_CATEGORY ( 'part', '', ( #8614 ) ) ;
#11339 = FACE_OUTER_BOUND ( 'NONE', #6489, .T. ) ;
#11340 =( LENGTH_UNIT ( ) NAMED_UNIT ( * ) SI_UNIT ( .MILLI., .METRE. ) );
#11341 = VERTEX_POINT ( 'NONE', #8584 ) ;
#11342 = FILL_AREA_STYLE ('',( #6727 ) ) ;
#11343 = FACE_OUTER_BOUND ( 'NONE', #9321, .T. ) ;
#11344 = CARTESIAN_POINT ( 'NONE',  ( 4.290860286402125467, 4.751000000000000334, 1.722121975943186500 ) ) ;
#11345 = CARTESIAN_POINT ( 'NONE',  ( 6.908806553402303763, 4.750000000000000000, 1.790606681095846975 ) ) ;
#11346 = ADVANCED_FACE ( 'NONE', ( #180 ), #3955, .F. ) ;
#11347 = VERTEX_POINT ( 'NONE', #691 ) ;
#11348 = ORIENTED_EDGE ( 'NONE', *, *, #7513, .F. ) ;
#11349 = CARTESIAN_POINT ( 'NONE',  ( 7.810602685323946304, 4.751000000000000334, 3.087578438258134828 ) ) ;
#11350 = PRESENTATION_STYLE_ASSIGNMENT (( #9313 ) ) ;
#11351 = LINE ( 'NONE', #8383, #4061 ) ;
#11352 = FILL_AREA_STYLE_COLOUR ( '', #6115 ) ;
#11353 = CARTESIAN_POINT ( 'NONE',  ( 5.466797839095709932, 4.751000000000000334, 1.712005977553587632 ) ) ;
#11354 =( GEOMETRIC_REPRESENTATION_CONTEXT ( 3 ) GLOBAL_UNCERTAINTY_ASSIGNED_CONTEXT ( ( #190 ) ) GLOBAL_UNIT_ASSIGNED_CONTEXT ( ( #7496, #10325, #9379 ) ) REPRESENTATION_CONTEXT ( 'NONE', 'WORKASPACE' ) );
#11355 = CARTESIAN_POINT ( 'NONE',  ( 4.866470573614145145, 4.751000000000000334, 2.680726182749451070 ) ) ;
#11356 = CARTESIAN_POINT ( 'NONE',  ( 4.290860286402125467, 4.751000000000000334, 1.722121975943186500 ) ) ;
#11357 = CARTESIAN_POINT ( 'NONE',  ( 5.988601053710414845, 4.750000000000000000, 2.871946674335578376 ) ) ;
#11358 = VERTEX_POINT ( 'NONE', #6227 ) ;
#11359 = CARTESIAN_POINT ( 'NONE',  ( 6.042704028533234961, 4.750000000000000000, 2.537259976450128462 ) ) ;
#11360 = DIRECTION ( 'NONE',  ( -0.9999748501857348426, -0.0000000000000000000, -0.007092178509963508251 ) ) ;
#11361 = ORIENTED_EDGE ( 'NONE', *, *, #9833, .F. ) ;
#11362 =( LENGTH_UNIT ( ) NAMED_UNIT ( * ) SI_UNIT ( .MILLI., .METRE. ) );
#11363 = CARTESIAN_POINT ( 'NONE',  ( 6.110723610304808595, 4.751000000000000334, 1.853044587682046718 ) ) ;
#11364 = SURFACE_STYLE_FILL_AREA ( #6810 ) ;
#11365 = CARTESIAN_POINT ( 'NONE',  ( 4.875469629243789349, 4.750000000000000000, 2.493108983224471498 ) ) ;
#11366 = ORIENTED_EDGE ( 'NONE', *, *, #4034, .T. ) ;
#11367 = FILL_AREA_STYLE_COLOUR ( '', #6010 ) ;
#11368 = PRESENTATION_LAYER_ASSIGNMENT (  '', '', ( #5093 ) ) ;
#11369 = ADVANCED_FACE ( 'NONE', ( #7020 ), #9021, .F. ) ;
#11370 = ORIENTED_EDGE ( 'NONE', *, *, #5604, .T. ) ;
#11371 = CARTESIAN_POINT ( 'NONE',  ( 5.680976860943950157, 4.750000000000000000, 2.923833665243924074 ) ) ;
#11372 = STYLED_ITEM ( 'NONE', ( #5397 ), #817 ) ;
#11373 = CARTESIAN_POINT ( 'NONE',  ( 5.721917299346993779, 4.750000000000000000, 2.429186813697154168 ) ) ;
#11374 =( NAMED_UNIT ( * ) PLANE_ANGLE_UNIT ( ) SI_UNIT ( $, .RADIAN. ) );
#11375 = CIRCLE ( 'NONE', #11961, 0.3400000000000000244 ) ;
#11376 = ORIENTED_EDGE ( 'NONE', *, *, #3706, .F. ) ;
#11377 =( NAMED_UNIT ( * ) PLANE_ANGLE_UNIT ( ) SI_UNIT ( $, .RADIAN. ) );
#11378 = FACE_OUTER_BOUND ( 'NONE', #2647, .T. ) ;
#11379 = CARTESIAN_POINT ( 'NONE',  ( 5.333652110067516716, 4.750000000000000000, 2.654145809016371871 ) ) ;
#11380 = CARTESIAN_POINT ( 'NONE',  ( 4.537116153298770271, 4.750000000000000000, 2.846055464413908886 ) ) ;
#11381 = ORIENTED_EDGE ( 'NONE', *, *, #6375, .T. ) ;
#11382 = CARTESIAN_POINT ( 'NONE',  ( 5.823989957417400554, 4.750000000000000000, 1.634995830430475250 ) ) ;
#11383 = DIRECTION ( 'NONE',  ( -0.0000000000000000000, -1.000000000000000000, -0.0000000000000000000 ) ) ;
#11384 = COLOUR_RGB ( '',0.0000000000000000000, 0.0000000000000000000, 0.0000000000000000000 ) ;
#11385 = EDGE_CURVE ( 'NONE', #4908, #1342, #9779, .T. ) ;
#11386 = LINE ( 'NONE', #1064, #3755 ) ;
#11387 = ORIENTED_EDGE ( 'NONE', *, *, #8220, .F. ) ;
#11388 = UNCERTAINTY_MEASURE_WITH_UNIT (LENGTH_MEASURE( 1.000000000000000082E-05 ), #5229, 'distance_accuracy_value', 'NONE');
#11389 = B_SPLINE_SURFACE_WITH_KNOTS ( 'NONE', 3, 1, ( 
 ( #5095, #6933 ),
 ( #8819, #10504 ),
 ( #479, #5413 ),
 ( #6150, #5157 ) ),
 .UNSPECIFIED., .F., .F., .F.,
 ( 4, 4 ),
 ( 2, 2 ),
 ( 7.000000000000000000, 8.000000000000000000 ),
 ( 0.0000000000000000000, 1.000000000000000000 ),
 .UNSPECIFIED. ) ;
#11390 = DIRECTION ( 'NONE',  ( -0.0000000000000000000, -1.000000000000000000, -0.0000000000000000000 ) ) ;
#11391 = B_SPLINE_CURVE_WITH_KNOTS ( 'NONE', 3,
 ( #7320, #748, #8397, #9334 ),
 .UNSPECIFIED., .F., .F.,
 ( 4, 4 ),
 ( 2.000000000000000000, 3.000000000000000000 ),
 .UNSPECIFIED. ) ;
#11392 = VERTEX_POINT ( 'NONE', #2360 ) ;
#11393 = FILL_AREA_STYLE_COLOUR ( '', #35 ) ;
#11394 =( NAMED_UNIT ( * ) SI_UNIT ( $, .STERADIAN. ) SOLID_ANGLE_UNIT ( ) );
#11395 = PRESENTATION_LAYER_ASSIGNMENT (  '', '', ( #4729 ) ) ;
#11396 =( NAMED_UNIT ( * ) SI_UNIT ( $, .STERADIAN. ) SOLID_ANGLE_UNIT ( ) );
#11397 =( GEOMETRIC_REPRESENTATION_CONTEXT ( 3 ) GLOBAL_UNCERTAINTY_ASSIGNED_CONTEXT ( ( #9817 ) ) GLOBAL_UNIT_ASSIGNED_CONTEXT ( ( #7505, #10273, #2850 ) ) REPRESENTATION_CONTEXT ( 'NONE', 'WORKASPACE' ) );
#11398 = SURFACE_SIDE_STYLE ('',( #2063 ) ) ;
#11399 =( NAMED_UNIT ( * ) PLANE_ANGLE_UNIT ( ) SI_UNIT ( $, .RADIAN. ) );
#11400 = ORIENTED_EDGE ( 'NONE', *, *, #9912, .F. ) ;
#11401 = CARTESIAN_POINT ( 'NONE',  ( 4.578646546804878703, 4.751000000000000334, 2.121620518302036906 ) ) ;
#11402 = EDGE_CURVE ( 'NONE', #797, #600, #3293, .T. ) ;
#11403 = CARTESIAN_POINT ( 'NONE',  ( 6.821382862433653216, 4.750000000000000000, 1.883978115874779924 ) ) ;
#11404 = EDGE_CURVE ( 'NONE', #7278, #8288, #4960, .T. ) ;
#11405 = EDGE_CURVE ( 'NONE', #8730, #9613, #503, .T. ) ;
#11406 = ORIENTED_EDGE ( 'NONE', *, *, #5474, .T. ) ;
#11407 = STYLED_ITEM ( 'NONE', ( #1375 ), #6310 ) ;
#11408 = MECHANICAL_DESIGN_GEOMETRIC_PRESENTATION_REPRESENTATION (  '', ( #10630 ), #3388 ) ;
#11409 = ORIENTED_EDGE ( 'NONE', *, *, #1330, .F. ) ;
#11410 = DIRECTION ( 'NONE',  ( 0.0000000000000000000, -0.0000000000000000000, -1.000000000000000000 ) ) ;
#11411 = LINE ( 'NONE', #4849, #1593 ) ;
#11412 = FACE_BOUND ( 'NONE', #3876, .T. ) ;
#11413 = CARTESIAN_POINT ( 'NONE',  ( 5.862257191475202411, 4.751000000000000334, 1.993732792304178325 ) ) ;
#11414 =( GEOMETRIC_REPRESENTATION_CONTEXT ( 3 ) GLOBAL_UNCERTAINTY_ASSIGNED_CONTEXT ( ( #8451 ) ) GLOBAL_UNIT_ASSIGNED_CONTEXT ( ( #125, #9530, #1121 ) ) REPRESENTATION_CONTEXT ( 'NONE', 'WORKASPACE' ) );
#11415 = DIRECTION ( 'NONE',  ( 0.9999748501857348426, 0.0000000000000000000, 0.007092178509965220423 ) ) ;
#11416 = PRESENTATION_LAYER_ASSIGNMENT (  '', '', ( #9242 ) ) ;
#11417 = VECTOR ( 'NONE', #11712, 1000.000000000000000 ) ;
#11418 = CARTESIAN_POINT ( 'NONE',  ( 5.815408349828971701, 4.751000000000000334, 2.478459790710350497 ) ) ;
#11419 = CARTESIAN_POINT ( 'NONE',  ( 5.083817024422867981, 4.751000000000000334, 1.979893544294149654 ) ) ;
#11420 = VERTEX_POINT ( 'NONE', #5247 ) ;
#11421 = CARTESIAN_POINT ( 'NONE',  ( 4.648716840333255718, 4.751000000000000334, 2.559346681875779517 ) ) ;
#11422 = PRESENTATION_LAYER_ASSIGNMENT (  '', '', ( #6914 ) ) ;
#11423 = VECTOR ( 'NONE', #10657, 1000.000000000000114 ) ;
#11424 = UNCERTAINTY_MEASURE_WITH_UNIT (LENGTH_MEASURE( 1.000000000000000082E-05 ), #2013, 'distance_accuracy_value', 'NONE');
#11425 = FILL_AREA_STYLE ('',( #3997 ) ) ;
#11426 = PLANE ( 'NONE',  #4544 ) ;
#11427 =( NAMED_UNIT ( * ) PLANE_ANGLE_UNIT ( ) SI_UNIT ( $, .RADIAN. ) );
#11428 = VERTEX_POINT ( 'NONE', #4319 ) ;
#11429 = CARTESIAN_POINT ( 'NONE',  ( 8.294611753513905228, 4.751000000000000334, 2.125790671099390572 ) ) ;
#11430 = DIRECTION ( 'NONE',  ( -0.9999748501857348426, 0.0000000000000000000, -0.007092178509964094588 ) ) ;
#11431 = LINE ( 'NONE', #3026, #9507 ) ;
#11432 = ORIENTED_EDGE ( 'NONE', *, *, #9445, .T. ) ;
#11433 =( GEOMETRIC_REPRESENTATION_CONTEXT ( 3 ) GLOBAL_UNCERTAINTY_ASSIGNED_CONTEXT ( ( #1820 ) ) GLOBAL_UNIT_ASSIGNED_CONTEXT ( ( #4624, #6512, #688 ) ) REPRESENTATION_CONTEXT ( 'NONE', 'WORKASPACE' ) );
#11434 = LINE ( 'NONE', #4688, #5519 ) ;
#11435 = ORIENTED_EDGE ( 'NONE', *, *, #6907, .F. ) ;
#11436 = CARTESIAN_POINT ( 'NONE',  ( 5.712590972354506746, 4.750000000000000000, 2.937835022689848419 ) ) ;
#11437 = CARTESIAN_POINT ( 'NONE',  ( 5.549370781357334081, 4.750000000000000000, 1.779657686630379709 ) ) ;
#11438 = VERTEX_POINT ( 'NONE', #8045 ) ;
#11439 = VECTOR ( 'NONE', #6458, 1000.000000000000000 ) ;
#11440 = CARTESIAN_POINT ( 'NONE',  ( 5.422269103503259302, 4.750000000000000000, 1.777976398121686508 ) ) ;
#11441 = FACE_OUTER_BOUND ( 'NONE', #5562, .T. ) ;
#11442 = CARTESIAN_POINT ( 'NONE',  ( 4.140106571802282254, 4.750000000000000000, 1.610055827680276996 ) ) ;
#11443 = CARTESIAN_POINT ( 'NONE',  ( 8.486584710475561621, 4.751000000000000334, 2.582649640016943859 ) ) ;
#11444 = VERTEX_POINT ( 'NONE', #7145 ) ;
#11445 = CARTESIAN_POINT ( 'NONE',  ( 5.797309041287892484, 4.750000000000000000, 1.621809299018642569 ) ) ;
#11446 = CARTESIAN_POINT ( 'NONE',  ( 4.797445472848246517, 4.751000000000000334, 2.682056254219147728 ) ) ;
#11447 = B_SPLINE_CURVE_WITH_KNOTS ( 'NONE', 3,
 ( #9965, #5301, #629, #690 ),
 .UNSPECIFIED., .F., .F.,
 ( 4, 4 ),
 ( 18.00000000000000000, 19.00000000000000000 ),
 .UNSPECIFIED. ) ;
#11448 = VECTOR ( 'NONE', #519, 1000.000000000000000 ) ;
#11449 = CARTESIAN_POINT ( 'NONE',  ( 5.064589210043722645, 4.751000000000000334, 2.931679486830022441 ) ) ;
#11450 = EDGE_LOOP ( 'NONE', ( #8775, #5952, #993, #9930 ) ) ;
#11451 = FILL_AREA_STYLE_COLOUR ( '', #9058 ) ;
#11452 =( LENGTH_UNIT ( ) NAMED_UNIT ( * ) SI_UNIT ( .MILLI., .METRE. ) );
#11453 = DIRECTION ( 'NONE',  ( -0.9385291719678321432, 0.0000000000000000000, -0.3451999324527387225 ) ) ;
#11454 =( GEOMETRIC_REPRESENTATION_CONTEXT ( 3 ) GLOBAL_UNCERTAINTY_ASSIGNED_CONTEXT ( ( #4562 ) ) GLOBAL_UNIT_ASSIGNED_CONTEXT ( ( #142, #11399, #3974 ) ) REPRESENTATION_CONTEXT ( 'NONE', 'WORKASPACE' ) );
#11455 = EDGE_CURVE ( 'NONE', #3109, #11438, #11391, .T. ) ;
#11456 = FILL_AREA_STYLE_COLOUR ( '', #9472 ) ;
#11457 = CIRCLE ( 'NONE', #8105, 0.3400000000000000244 ) ;
#11458 = FILL_AREA_STYLE_COLOUR ( '', #2892 ) ;
#11459 = ORIENTED_EDGE ( 'NONE', *, *, #7503, .F. ) ;
#11460 = FILL_AREA_STYLE ('',( #1893 ) ) ;
#11461 = EDGE_CURVE ( 'NONE', #10822, #2809, #10898, .T. ) ;
#11462 = CARTESIAN_POINT ( 'NONE',  ( 4.166460228167889746, 4.750000000000000000, 1.870968591937121506 ) ) ;
#11463 = FILL_AREA_STYLE ('',( #2994 ) ) ;
#11464 = SURFACE_SIDE_STYLE ('',( #4843 ) ) ;
#11465 = VECTOR ( 'NONE', #4676, 1000.000000000000000 ) ;
#11466 = ORIENTED_EDGE ( 'NONE', *, *, #11248, .F. ) ;
#11467 =( GEOMETRIC_REPRESENTATION_CONTEXT ( 3 ) GLOBAL_UNCERTAINTY_ASSIGNED_CONTEXT ( ( #11894 ) ) GLOBAL_UNIT_ASSIGNED_CONTEXT ( ( #3093, #8570, #4986 ) ) REPRESENTATION_CONTEXT ( 'NONE', 'WORKASPACE' ) );
#11468 = VERTEX_POINT ( 'NONE', #10094 ) ;
#11469 =( NAMED_UNIT ( * ) SI_UNIT ( $, .STERADIAN. ) SOLID_ANGLE_UNIT ( ) );
#11470 = EDGE_CURVE ( 'NONE', #5266, #8057, #5403, .T. ) ;
#11471 = FACE_OUTER_BOUND ( 'NONE', #8923, .T. ) ;
#11472 = EDGE_CURVE ( 'NONE', #1259, #3230, #6558, .T. ) ;
#11473 = DIRECTION ( 'NONE',  ( 0.007092178509971254659, 0.0000000000000000000, -0.9999748501857348426 ) ) ;
#11474 = VECTOR ( 'NONE', #4604, 1000.000000000000114 ) ;
#11475 = LINE ( 'NONE', #4167, #11310 ) ;
#11476 = DIRECTION ( 'NONE',  ( 0.0000000000000000000, -1.000000000000000000, 1.195372373669727292E-16 ) ) ;
#11477 =( LENGTH_UNIT ( ) NAMED_UNIT ( * ) SI_UNIT ( .MILLI., .METRE. ) );
#11478 = CARTESIAN_POINT ( 'NONE',  ( 5.733625470583529449, 4.750000000000000000, 1.621357632407723903 ) ) ;
#11479 = CARTESIAN_POINT ( 'NONE',  ( 5.192927150737901343, 4.751000000000000334, 1.677830282823520314 ) ) ;
#11480 = SURFACE_STYLE_FILL_AREA ( #1157 ) ;
#11481 = EDGE_LOOP ( 'NONE', ( #9437, #7040, #1310, #4809 ) ) ;
#11482 =( GEOMETRIC_REPRESENTATION_CONTEXT ( 3 ) GLOBAL_UNCERTAINTY_ASSIGNED_CONTEXT ( ( #6163 ) ) GLOBAL_UNIT_ASSIGNED_CONTEXT ( ( #6519, #4687, #9385 ) ) REPRESENTATION_CONTEXT ( 'NONE', 'WORKASPACE' ) );
#11483 = AXIS2_PLACEMENT_3D ( 'NONE', #10665, #5201, #1396 ) ;
#11484 = SURFACE_STYLE_USAGE ( .BOTH. , #6035 ) ;
#11485 = ADVANCED_FACE ( 'NONE', ( #4684 ), #2727, .T. ) ;
#11486 = CARTESIAN_POINT ( 'NONE',  ( 4.193070194226705460, 4.751000000000000334, 1.729226794211716323 ) ) ;
#11487 = ORIENTED_EDGE ( 'NONE', *, *, #11404, .T. ) ;
#11488 =( LENGTH_UNIT ( ) NAMED_UNIT ( * ) SI_UNIT ( .MILLI., .METRE. ) );
#11489 = CARTESIAN_POINT ( 'NONE',  ( 5.731968130652062676, 4.751000000000000334, 1.855037346947814969 ) ) ;
#11490 = DIRECTION ( 'NONE',  ( 0.3733863129577229545, 0.0000000000000000000, -0.9276759462742566464 ) ) ;
#11491 = EDGE_CURVE ( 'NONE', #4832, #5740, #9337, .T. ) ;
#11492 = DIRECTION ( 'NONE',  ( 0.9422431202176756448, 0.0000000000000000000, -0.3349296977015606691 ) ) ;
#11493 = AXIS2_PLACEMENT_3D ( 'NONE', #155, #4974, #2023 ) ;
#11494 = EDGE_LOOP ( 'NONE', ( #11652, #3340, #3734, #6538 ) ) ;
#11495 = CARTESIAN_POINT ( 'NONE',  ( 5.331942458495920079, 4.751000000000000334, 1.447464274159149245 ) ) ;
#11496 = VECTOR ( 'NONE', #5540, 1000.000000000000000 ) ;
#11497 = EDGE_CURVE ( 'NONE', #2661, #8875, #10157, .T. ) ;
#11498 = CARTESIAN_POINT ( 'NONE',  ( 5.442876645918871326, 4.751000000000000334, 1.639571327278545931 ) ) ;
#11499 = ORIENTED_EDGE ( 'NONE', *, *, #7829, .F. ) ;
#11500 = STYLED_ITEM ( 'NONE', ( #1570 ), #4106 ) ;
#11501 = CARTESIAN_POINT ( 'NONE',  ( 5.401210853957079117, 4.750000000000000000, 1.741694549182599250 ) ) ;
#11502 = FACE_OUTER_BOUND ( 'NONE', #1892, .T. ) ;
#11503 = MECHANICAL_DESIGN_GEOMETRIC_PRESENTATION_REPRESENTATION (  '', ( #9938 ), #4252 ) ;
#11504 = PLANE ( 'NONE',  #5757 ) ;
#11505 = EDGE_LOOP ( 'NONE', ( #10386, #4010, #3496, #10934 ) ) ;
#11506 = CARTESIAN_POINT ( 'NONE',  ( 5.796016721719511544, 4.750000000000000000, 1.804022291115300547 ) ) ;
#11507 = CARTESIAN_POINT ( 'NONE',  ( 4.253281500352056987, 4.751000000000000334, 1.981021632403855648 ) ) ;
#11508 = CARTESIAN_POINT ( 'NONE',  ( 4.456868807089730211, 4.750000000000000000, 2.615434096842193412 ) ) ;
#11509 =( LENGTH_UNIT ( ) NAMED_UNIT ( * ) SI_UNIT ( .MILLI., .METRE. ) );
#11510 = ORIENTED_EDGE ( 'NONE', *, *, #6751, .F. ) ;
#11511 = CARTESIAN_POINT ( 'NONE',  ( 5.185555950048876817, 4.751000000000000334, 1.562621918254316178 ) ) ;
#11512 = SURFACE_STYLE_FILL_AREA ( #1129 ) ;
#11513 = CARTESIAN_POINT ( 'NONE',  ( 3.908870341059587084, 4.751000000000000334, 2.051883722249700170 ) ) ;
#11514 = CARTESIAN_POINT ( 'NONE',  ( 4.532180195612942164, 4.751000000000000334, 2.827304343640511419 ) ) ;
#11515 = UNCERTAINTY_MEASURE_WITH_UNIT (LENGTH_MEASURE( 1.000000000000000082E-05 ), #5878, 'distance_accuracy_value', 'NONE');
#11516 =( NAMED_UNIT ( * ) SI_UNIT ( $, .STERADIAN. ) SOLID_ANGLE_UNIT ( ) );
#11517 = EDGE_LOOP ( 'NONE', ( #5748, #11239, #7611, #130 ) ) ;
#11518 = VECTOR ( 'NONE', #3570, 1000.000000000000000 ) ;
#11519 = DIRECTION ( 'NONE',  ( -0.0000000000000000000, -1.000000000000000000, -0.0000000000000000000 ) ) ;
#11520 = ORIENTED_EDGE ( 'NONE', *, *, #3605, .F. ) ;
#11521 = SURFACE_STYLE_FILL_AREA ( #9605 ) ;
#11522 = SURFACE_STYLE_USAGE ( .BOTH. , #6969 ) ;
#11523 = PRESENTATION_LAYER_ASSIGNMENT (  '', '', ( #4471 ) ) ;
#11524 = CARTESIAN_POINT ( 'NONE',  ( 5.630999838382803269, 4.750000000000000000, 1.943742673523004783 ) ) ;
#11525 = ORIENTED_EDGE ( 'NONE', *, *, #3775, .T. ) ;
#11526 = CARTESIAN_POINT ( 'NONE',  ( 11.00000000000000000, -4.750000000000000000, 9.499999999999998224 ) ) ;
#11527 = VECTOR ( 'NONE', #821, 1000.000000000000000 ) ;
#11528 = ORIENTED_EDGE ( 'NONE', *, *, #10050, .F. ) ;
#11529 = ORIENTED_EDGE ( 'NONE', *, *, #6853, .F. ) ;
#11530 = EDGE_CURVE ( 'NONE', #8155, #8127, #2602, .T. ) ;
#11531 = ORIENTED_EDGE ( 'NONE', *, *, #3136, .F. ) ;
#11532 = FILL_AREA_STYLE ('',( #4046 ) ) ;
#11533 = MECHANICAL_DESIGN_GEOMETRIC_PRESENTATION_REPRESENTATION (  '', ( #5852 ), #2907 ) ;
#11534 = CARTESIAN_POINT ( 'NONE',  ( 5.401380459378324339, 4.751000000000000334, 1.717780718550358188 ) ) ;
#11535 =( NAMED_UNIT ( * ) SI_UNIT ( $, .STERADIAN. ) SOLID_ANGLE_UNIT ( ) );
#11536 = FILL_AREA_STYLE_COLOUR ( '', #6410 ) ;
#11537 = DIRECTION ( 'NONE',  ( 0.9999748501857348426, 0.0000000000000000000, 0.007092178509961528932 ) ) ;
#11538 = LINE ( 'NONE', #8439, #10694 ) ;
#11539 = CARTESIAN_POINT ( 'NONE',  ( 5.956282792318048358, 4.750000000000000000, 2.444106264266553197 ) ) ;
#11540 = CARTESIAN_POINT ( 'NONE',  ( 9.999999999999998224, -3.750000000000000000, 4.482646401261477961E-16 ) ) ;
#11541 = PLANE ( 'NONE',  #6204 ) ;
#11542 =( LENGTH_UNIT ( ) NAMED_UNIT ( * ) SI_UNIT ( .MILLI., .METRE. ) );
#11543 = EDGE_LOOP ( 'NONE', ( #7927, #11195, #6263, #3811 ) ) ;
#11544 = EDGE_CURVE ( 'NONE', #5855, #2754, #8457, .T. ) ;
#11545 = COLOUR_RGB ( '',0.0000000000000000000, 0.0000000000000000000, 0.0000000000000000000 ) ;
#11546 = UNCERTAINTY_MEASURE_WITH_UNIT (LENGTH_MEASURE( 1.000000000000000082E-05 ), #4733, 'distance_accuracy_value', 'NONE');
#11547 =( NAMED_UNIT ( * ) SI_UNIT ( $, .STERADIAN. ) SOLID_ANGLE_UNIT ( ) );
#11548 = ORIENTED_EDGE ( 'NONE', *, *, #10470, .T. ) ;
#11549 = DIRECTION ( 'NONE',  ( 0.9999748501857348426, -0.0000000000000000000, 0.007092178509965384355 ) ) ;
#11550 = SURFACE_SIDE_STYLE ('',( #10698 ) ) ;
#11551 = CARTESIAN_POINT ( 'NONE',  ( 4.437001459358331346, 4.751000000000000334, 2.557845120836619301 ) ) ;
#11552 = SURFACE_SIDE_STYLE ('',( #9448 ) ) ;
#11553 = EDGE_LOOP ( 'NONE', ( #7603, #2416, #9802, #7218 ) ) ;
#11554 = CARTESIAN_POINT ( 'NONE',  ( 4.386131129894691227, 4.750000000000000000, 2.418413211384245365 ) ) ;
#11555 = ADVANCED_FACE ( 'NONE', ( #3662 ), #8347, .F. ) ;
#11556 = ADVANCED_FACE ( 'NONE', ( #1046 ), #10443, .T. ) ;
#11557 = VERTEX_POINT ( 'NONE', #7784 ) ;
#11558 = EDGE_CURVE ( 'NONE', #10537, #7050, #1449, .T. ) ;
#11559 = CARTESIAN_POINT ( 'NONE',  ( 5.801308296424873667, 4.750000000000000000, 2.945482780062832706 ) ) ;
#11560 = CARTESIAN_POINT ( 'NONE',  ( 6.293759750458746360, 4.751000000000000334, 1.683298266340057303 ) ) ;
#11561 = CARTESIAN_POINT ( 'NONE',  ( 5.548873985797055042, 4.750000000000000000, 1.611469090392399384 ) ) ;
#11562 = ORIENTED_EDGE ( 'NONE', *, *, #10796, .F. ) ;
#11563 =( NAMED_UNIT ( * ) PLANE_ANGLE_UNIT ( ) SI_UNIT ( $, .RADIAN. ) );
#11564 = CARTESIAN_POINT ( 'NONE',  ( 4.253281500352056987, 4.750000000000000000, 1.981021632403855648 ) ) ;
#11565 = PRESENTATION_LAYER_ASSIGNMENT (  '', '', ( #9593 ) ) ;
#11566 = CARTESIAN_POINT ( 'NONE',  ( 8.792746823891690156, 4.751000000000000334, 2.740268381345278836 ) ) ;
#11567 = VERTEX_POINT ( 'NONE', #294 ) ;
#11568 = DIRECTION ( 'NONE',  ( 3.965082230804128741E-16, 0.0000000000000000000, 1.000000000000000000 ) ) ;
#11569 = B_SPLINE_CURVE_WITH_KNOTS ( 'NONE', 3,
 ( #6138, #3325, #535, #7176 ),
 .UNSPECIFIED., .F., .F.,
 ( 4, 4 ),
 ( 2.000000000000000000, 3.000000000000000000 ),
 .UNSPECIFIED. ) ;
#11570 =( LENGTH_UNIT ( ) NAMED_UNIT ( * ) SI_UNIT ( .MILLI., .METRE. ) );
#11571 = COLOUR_RGB ( '',0.0000000000000000000, 0.0000000000000000000, 0.0000000000000000000 ) ;
#11572 = EDGE_LOOP ( 'NONE', ( #9493, #10290, #2729, #4567 ) ) ;
#11573 = CARTESIAN_POINT ( 'NONE',  ( 4.582252505543461751, 4.751000000000000334, 1.613191684436038775 ) ) ;
#11574 = DIRECTION ( 'NONE',  ( 0.0000000000000000000, 0.0000000000000000000, -1.000000000000000000 ) ) ;
#11575 = FACE_OUTER_BOUND ( 'NONE', #959, .T. ) ;
#11576 = ORIENTED_EDGE ( 'NONE', *, *, #2939, .F. ) ;
#11577 = CARTESIAN_POINT ( 'NONE',  ( 11.00000000000000000, -4.750000000000000000, 0.0000000000000000000 ) ) ;
#11578 = PRESENTATION_STYLE_ASSIGNMENT (( #5013 ) ) ;
#11579 = PRESENTATION_STYLE_ASSIGNMENT (( #2120 ) ) ;
#11580 = FILL_AREA_STYLE ('',( #10478 ) ) ;
#11581 = ORIENTED_EDGE ( 'NONE', *, *, #579, .T. ) ;
#11582 = CARTESIAN_POINT ( 'NONE',  ( 4.698570525758425376, 4.751000000000000334, 2.420629143083527168 ) ) ;
#11583 = MECHANICAL_DESIGN_GEOMETRIC_PRESENTATION_REPRESENTATION (  '', ( #6102 ), #6665 ) ;
#11584 = SURFACE_SIDE_STYLE ('',( #2379 ) ) ;
#11585 = EDGE_LOOP ( 'NONE', ( #6320, #4838, #779, #182 ) ) ;
#11586 = SURFACE_STYLE_FILL_AREA ( #8985 ) ;
#11587 = ORIENTED_EDGE ( 'NONE', *, *, #3008, .T. ) ;
#11588 = ORIENTED_EDGE ( 'NONE', *, *, #3315, .F. ) ;
#11589 = VECTOR ( 'NONE', #9070, 1000.000000000000000 ) ;
#11590 = PLANE ( 'NONE',  #9243 ) ;
#11591 =( NAMED_UNIT ( * ) SI_UNIT ( $, .STERADIAN. ) SOLID_ANGLE_UNIT ( ) );
#11592 = PRESENTATION_LAYER_ASSIGNMENT (  '', '', ( #5111 ) ) ;
#11593 = CARTESIAN_POINT ( 'NONE',  ( 5.401616432138315105, 4.750000000000000000, 1.684509302019001620 ) ) ;
#11594 = CARTESIAN_POINT ( 'NONE',  ( 4.875469629243789349, 4.751000000000000334, 2.493108983224471498 ) ) ;
#11595 = CARTESIAN_POINT ( 'NONE',  ( 8.295380826456906220, 4.751000000000000334, 2.527067671165228457 ) ) ;
#11596 = ADVANCED_FACE ( 'NONE', ( #1972 ), #4869, .F. ) ;
#11597 = CARTESIAN_POINT ( 'NONE',  ( 5.941925765637444457, 4.751000000000000334, 1.682882502287691651 ) ) ;
#11598 = CARTESIAN_POINT ( 'NONE',  ( 5.795251653786746004, 4.750000000000000000, 1.911894461898256958 ) ) ;
#11599 = LINE ( 'NONE', #6990, #8881 ) ;
#11600 = STYLED_ITEM ( 'NONE', ( #5105 ), #5254 ) ;
#11601 = ORIENTED_EDGE ( 'NONE', *, *, #5259, .T. ) ;
#11602 = VERTEX_POINT ( 'NONE', #10385 ) ;
#11603 = FILL_AREA_STYLE_COLOUR ( '', #5346 ) ;
#11604 = PRESENTATION_STYLE_ASSIGNMENT (( #11484 ) ) ;
#11605 = VECTOR ( 'NONE', #2450, 1000.000000000000114 ) ;
#11606 = CARTESIAN_POINT ( 'NONE',  ( 4.436618090650972235, 4.751000000000000334, 2.062125348052995299 ) ) ;
#11607 = STYLED_ITEM ( 'NONE', ( #2524 ), #5552 ) ;
#11608 = EDGE_LOOP ( 'NONE', ( #3369, #7098, #9163, #11033 ) ) ;
#11609 = CARTESIAN_POINT ( 'NONE',  ( 4.456868807089730211, 4.751000000000000334, 2.615434096842193412 ) ) ;
#11610 = SURFACE_STYLE_USAGE ( .BOTH. , #2208 ) ;
#11611 =( NAMED_UNIT ( * ) SI_UNIT ( $, .STERADIAN. ) SOLID_ANGLE_UNIT ( ) );
#11612 = EDGE_CURVE ( 'NONE', #11444, #4154, #8571, .T. ) ;
#11613 = FACE_OUTER_BOUND ( 'NONE', #10952, .T. ) ;
#11614 = ORIENTED_EDGE ( 'NONE', *, *, #6375, .F. ) ;
#11615 =( NAMED_UNIT ( * ) SI_UNIT ( $, .STERADIAN. ) SOLID_ANGLE_UNIT ( ) );
#11616 =( NAMED_UNIT ( * ) PLANE_ANGLE_UNIT ( ) SI_UNIT ( $, .RADIAN. ) );
#11617 = ORIENTED_EDGE ( 'NONE', *, *, #4073, .T. ) ;
#11618 = FACE_OUTER_BOUND ( 'NONE', #4530, .T. ) ;
#11619 = STYLED_ITEM ( 'NONE', ( #7541 ), #55 ) ;
#11620 = CARTESIAN_POINT ( 'NONE',  ( 4.456868807089730211, 4.751000000000000334, 2.615434096842193412 ) ) ;
#11621 = ORIENTED_EDGE ( 'NONE', *, *, #1935, .F. ) ;
#11622 =( LENGTH_UNIT ( ) NAMED_UNIT ( * ) SI_UNIT ( .MILLI., .METRE. ) );
#11623 = SURFACE_STYLE_USAGE ( .BOTH. , #7073 ) ;
#11624 = EDGE_CURVE ( 'NONE', #5261, #12133, #10986, .T. ) ;
#11625 =( LENGTH_UNIT ( ) NAMED_UNIT ( * ) SI_UNIT ( .MILLI., .METRE. ) );
#11626 = VECTOR ( 'NONE', #2987, 1000.000000000000000 ) ;
#11627 = EDGE_CURVE ( 'NONE', #5577, #8730, #11953, .T. ) ;
#11628 = VECTOR ( 'NONE', #12053, 1000.000000000000114 ) ;
#11629 = CARTESIAN_POINT ( 'NONE',  ( 8.644101041224818260, 4.750000000000000000, 2.800670125863558457 ) ) ;
#11630 = ORIENTED_EDGE ( 'NONE', *, *, #6871, .F. ) ;
#11631 = FACE_OUTER_BOUND ( 'NONE', #856, .T. ) ;
#11632 = SURFACE_SIDE_STYLE ('',( #11512 ) ) ;
#11633 = CARTESIAN_POINT ( 'NONE',  ( 8.186165443194001412, 4.751000000000000334, 2.125021531164128064 ) ) ;
#11634 = VECTOR ( 'NONE', #4605, 1000.000000000000000 ) ;
#11635 = SURFACE_STYLE_USAGE ( .BOTH. , #510 ) ;
#11636 = COLOUR_RGB ( '',0.0000000000000000000, 0.0000000000000000000, 0.0000000000000000000 ) ;
#11637 = ORIENTED_EDGE ( 'NONE', *, *, #8008, .T. ) ;
#11638 = LINE ( 'NONE', #11573, #11043 ) ;
#11639 = CARTESIAN_POINT ( 'NONE',  ( 5.542266887760171734, 4.750000000000000000, 1.663411433829511177 ) ) ;
#11640 = ORIENTED_EDGE ( 'NONE', *, *, #4738, .T. ) ;
#11641 = FACE_OUTER_BOUND ( 'NONE', #473, .T. ) ;
#11642 = FACE_OUTER_BOUND ( 'NONE', #5312, .T. ) ;
#11643 = EDGE_CURVE ( 'NONE', #3281, #9867, #10130, .T. ) ;
#11644 = PRESENTATION_STYLE_ASSIGNMENT (( #5945 ) ) ;
#11645 = EDGE_LOOP ( 'NONE', ( #542, #11761, #9844, #1576 ) ) ;
#11646 = CARTESIAN_POINT ( 'NONE',  ( 8.223929477385006237, 4.751000000000000334, 1.897540480693097775 ) ) ;
#11647 = VECTOR ( 'NONE', #65, 1000.000000000000000 ) ;
#11648 = EDGE_CURVE ( 'NONE', #2223, #2927, #8077, .T. ) ;
#11649 = EDGE_LOOP ( 'NONE', ( #2479, #7598, #5887, #5223 ) ) ;
#11650 = VERTEX_POINT ( 'NONE', #7227 ) ;
#11651 = ADVANCED_FACE ( 'NONE', ( #2698 ), #8018, .F. ) ;
#11652 = ORIENTED_EDGE ( 'NONE', *, *, #6094, .T. ) ;
#11653 =( GEOMETRIC_REPRESENTATION_CONTEXT ( 3 ) GLOBAL_UNCERTAINTY_ASSIGNED_CONTEXT ( ( #7377 ) ) GLOBAL_UNIT_ASSIGNED_CONTEXT ( ( #5070, #9551, #4036 ) ) REPRESENTATION_CONTEXT ( 'NONE', 'WORKASPACE' ) );
#11654 = CARTESIAN_POINT ( 'NONE',  ( 6.996768507457382213, 4.751000000000000334, 2.131045987306499079 ) ) ;
#11655 = PRESENTATION_LAYER_ASSIGNMENT (  '', '', ( #1053 ) ) ;
#11656 = CARTESIAN_POINT ( 'NONE',  ( 5.008779282236432984, 4.751000000000000334, 2.480797216010141248 ) ) ;
#11657 = DIRECTION ( 'NONE',  ( -3.965082230804128741E-16, -0.0000000000000000000, -1.000000000000000000 ) ) ;
#11658 = DIRECTION ( 'NONE',  ( -0.007092178509961528932, 0.0000000000000000000, 0.9999748501857348426 ) ) ;
#11659 =( LENGTH_UNIT ( ) NAMED_UNIT ( * ) SI_UNIT ( .MILLI., .METRE. ) );
#11660 = FILL_AREA_STYLE ('',( #7960 ) ) ;
#11661 = DIRECTION ( 'NONE',  ( 0.9999748501857348426, -0.0000000000000000000, 0.007092178509965295884 ) ) ;
#11662 = PRESENTATION_LAYER_ASSIGNMENT (  '', '', ( #6369 ) ) ;
#11663 = ORIENTED_EDGE ( 'NONE', *, *, #9206, .F. ) ;
#11664 = ORIENTED_EDGE ( 'NONE', *, *, #5850, .F. ) ;
#11665 = FACE_OUTER_BOUND ( 'NONE', #1597, .T. ) ;
#11666 = MECHANICAL_DESIGN_GEOMETRIC_PRESENTATION_REPRESENTATION (  '', ( #869 ), #11482 ) ;
#11667 = UNCERTAINTY_MEASURE_WITH_UNIT (LENGTH_MEASURE( 1.000000000000000082E-05 ), #12120, 'distance_accuracy_value', 'NONE');
#11668 = SURFACE_SIDE_STYLE ('',( #8878 ) ) ;
#11669 = DIRECTION ( 'NONE',  ( 0.3382111624868748834, 0.0000000000000000000, -0.9410702468834496459 ) ) ;
#11670 = SURFACE_SIDE_STYLE ('',( #5158 ) ) ;
#11671 = ORIENTED_EDGE ( 'NONE', *, *, #5499, .F. ) ;
#11672 = SURFACE_SIDE_STYLE ('',( #7904 ) ) ;
#11673 = SURFACE_SIDE_STYLE ('',( #7975 ) ) ;
#11674 = LINE ( 'NONE', #3280, #4830 ) ;
#11675 = FACE_OUTER_BOUND ( 'NONE', #7190, .T. ) ;
#11676 = VERTEX_POINT ( 'NONE', #7115 ) ;
#11677 = EDGE_CURVE ( 'NONE', #2411, #9569, #9174, .T. ) ;
#11678 = SURFACE_STYLE_USAGE ( .BOTH. , #422 ) ;
#11679 = PRESENTATION_STYLE_ASSIGNMENT (( #3227 ) ) ;
#11680 = CARTESIAN_POINT ( 'NONE',  ( 5.683900710923180277, 4.751000000000000334, 2.511580019789579232 ) ) ;
#11681 = VERTEX_POINT ( 'NONE', #11101 ) ;
#11682 = CARTESIAN_POINT ( 'NONE',  ( 5.067603335331337000, 4.751000000000000334, 2.873213010331563844 ) ) ;
#11683 = PRESENTATION_LAYER_ASSIGNMENT (  '', '', ( #4447 ) ) ;
#11684 = LINE ( 'NONE', #3291, #10041 ) ;
#11685 =( GEOMETRIC_REPRESENTATION_CONTEXT ( 3 ) GLOBAL_UNCERTAINTY_ASSIGNED_CONTEXT ( ( #314 ) ) GLOBAL_UNIT_ASSIGNED_CONTEXT ( ( #6499, #10144, #908 ) ) REPRESENTATION_CONTEXT ( 'NONE', 'WORKASPACE' ) );
#11686 = DIRECTION ( 'NONE',  ( -0.0000000000000000000, -1.000000000000000000, -0.0000000000000000000 ) ) ;
#11687 = EDGE_LOOP ( 'NONE', ( #7831, #2920, #10669, #3469 ) ) ;
#11688 = LINE ( 'NONE', #3295, #8322 ) ;
#11689 = COLOUR_RGB ( '',0.0000000000000000000, 0.0000000000000000000, 0.0000000000000000000 ) ;
#11690 = EDGE_CURVE ( 'NONE', #2847, #11949, #12022, .T. ) ;
#11691 = B_SPLINE_SURFACE_WITH_KNOTS ( 'NONE', 3, 1, ( 
 ( #4735, #5790 ),
 ( #6684, #3936 ),
 ( #6508, #10503 ),
 ( #3880, #2088 ) ),
 .UNSPECIFIED., .F., .F., .F.,
 ( 4, 4 ),
 ( 2, 2 ),
 ( 9.000000000000000000, 10.00000000000000000 ),
 ( 0.0000000000000000000, 1.000000000000000000 ),
 .UNSPECIFIED. ) ;
#11692 = STYLED_ITEM ( 'NONE', ( #3148 ), #10415 ) ;
#11693 =( NAMED_UNIT ( * ) SI_UNIT ( $, .STERADIAN. ) SOLID_ANGLE_UNIT ( ) );
#11694 = CARTESIAN_POINT ( 'NONE',  ( 3.901194950936028860, 4.750000000000000000, 2.016216681361961083 ) ) ;
#11695 = ORIENTED_EDGE ( 'NONE', *, *, #11304, .T. ) ;
#11696 = CARTESIAN_POINT ( 'NONE',  ( 6.995666073745777425, 4.750000000000000000, 2.286485671185586988 ) ) ;
#11697 = B_SPLINE_CURVE_WITH_KNOTS ( 'NONE', 3,
 ( #451, #9858, #574, #11885 ),
 .UNSPECIFIED., .F., .F.,
 ( 4, 4 ),
 ( 8.000000000000000000, 9.000000000000000000 ),
 .UNSPECIFIED. ) ;
#11698 = FILL_AREA_STYLE ('',( #6240 ) ) ;
#11699 = PRESENTATION_STYLE_ASSIGNMENT (( #11824 ) ) ;
#11700 = VERTEX_POINT ( 'NONE', #4483 ) ;
#11701 = CARTESIAN_POINT ( 'NONE',  ( 8.849226121443638959, 4.751000000000000334, 2.422543974323019711 ) ) ;
#11702 = STYLED_ITEM ( 'NONE', ( #10477 ), #11001 ) ;
#11703 =( NAMED_UNIT ( * ) SI_UNIT ( $, .STERADIAN. ) SOLID_ANGLE_UNIT ( ) );
#11704 = LINE ( 'NONE', #9928, #5231 ) ;
#11705 = ORIENTED_EDGE ( 'NONE', *, *, #6083, .F. ) ;
#11706 =( NAMED_UNIT ( * ) PLANE_ANGLE_UNIT ( ) SI_UNIT ( $, .RADIAN. ) );
#11707 = ORIENTED_EDGE ( 'NONE', *, *, #11216, .T. ) ;
#11708 = EDGE_CURVE ( 'NONE', #6547, #8132, #242, .T. ) ;
#11709 =( GEOMETRIC_REPRESENTATION_CONTEXT ( 3 ) GLOBAL_UNCERTAINTY_ASSIGNED_CONTEXT ( ( #10221 ) ) GLOBAL_UNIT_ASSIGNED_CONTEXT ( ( #1241, #2396, #237 ) ) REPRESENTATION_CONTEXT ( 'NONE', 'WORKASPACE' ) );
#11710 = ADVANCED_FACE ( 'NONE', ( #663 ), #6433, .F. ) ;
#11711 = VERTEX_POINT ( 'NONE', #11344 ) ;
#11712 = DIRECTION ( 'NONE',  ( -0.0000000000000000000, -1.000000000000000000, -0.0000000000000000000 ) ) ;
#11713 = DIRECTION ( 'NONE',  ( -0.0000000000000000000, -1.000000000000000000, -0.0000000000000000000 ) ) ;
#11714 = MECHANICAL_DESIGN_GEOMETRIC_PRESENTATION_REPRESENTATION (  '', ( #5251 ), #119 ) ;
#11715 = EDGE_CURVE ( 'NONE', #11681, #4703, #86, .T. ) ;
#11716 =( NAMED_UNIT ( * ) PLANE_ANGLE_UNIT ( ) SI_UNIT ( $, .RADIAN. ) );
#11717 = CARTESIAN_POINT ( 'NONE',  ( 4.686258784649957043, 4.751000000000000334, 2.122383742697642628 ) ) ;
#11718 = SURFACE_SIDE_STYLE ('',( #215 ) ) ;
#11719 = PLANE ( 'NONE',  #10475 ) ;
#11720 =( NAMED_UNIT ( * ) PLANE_ANGLE_UNIT ( ) SI_UNIT ( $, .RADIAN. ) );
#11721 = FILL_AREA_STYLE_COLOUR ( '', #10474 ) ;
#11722 = FILL_AREA_STYLE ('',( #4296 ) ) ;
#11723 = PRESENTATION_STYLE_ASSIGNMENT (( #4297 ) ) ;
#11724 = ORIENTED_EDGE ( 'NONE', *, *, #1882, .T. ) ;
#11725 = VERTEX_POINT ( 'NONE', #145 ) ;
#11726 = CARTESIAN_POINT ( 'NONE',  ( 4.921845531079022784, 4.750000000000000000, 2.533209638221726845 ) ) ;
#11727 = CARTESIAN_POINT ( 'NONE',  ( 5.801078790548504394, 4.750000000000000000, 2.886213460521970475 ) ) ;
#11728 = CARTESIAN_POINT ( 'NONE',  ( 3.908870341059587528, 4.751000000000000334, 2.051883722249699726 ) ) ;
#11729 = B_SPLINE_CURVE_WITH_KNOTS ( 'NONE', 3,
 ( #9254, #11227, #4434, #11915 ),
 .UNSPECIFIED., .F., .F.,
 ( 4, 4 ),
 ( 1.000000000000000000, 2.000000000000000000 ),
 .UNSPECIFIED. ) ;
#11730 = SURFACE_STYLE_FILL_AREA ( #10943 ) ;
#11731 =( NAMED_UNIT ( * ) PLANE_ANGLE_UNIT ( ) SI_UNIT ( $, .RADIAN. ) );
#11732 = EDGE_LOOP ( 'NONE', ( #8554, #8762, #3502, #177 ) ) ;
#11733 = VERTEX_POINT ( 'NONE', #3864 ) ;
#11734 = CARTESIAN_POINT ( 'NONE',  ( 5.502899899645201209, 4.750000000000000000, 1.991184102142578238 ) ) ;
#11735 = SURFACE_STYLE_USAGE ( .BOTH. , #7196 ) ;
#11736 = DIRECTION ( 'NONE',  ( -0.0000000000000000000, -1.000000000000000000, -0.0000000000000000000 ) ) ;
#11737 = VERTEX_POINT ( 'NONE', #956 ) ;
#11738 = FACE_OUTER_BOUND ( 'NONE', #11494, .T. ) ;
#11739 = CARTESIAN_POINT ( 'NONE',  ( 8.301841673013029776, 4.750000000000000000, 1.616118361597241870 ) ) ;
#11740 =( LENGTH_UNIT ( ) NAMED_UNIT ( * ) SI_UNIT ( .MILLI., .METRE. ) );
#11741 = CARTESIAN_POINT ( 'NONE',  ( 6.996230106470864740, 4.751000000000000334, 1.697235245338857057 ) ) ;
#11742 = VERTEX_POINT ( 'NONE', #6664 ) ;
#11743 = ADVANCED_FACE ( 'NONE', ( #9486 ), #5523, .F. ) ;
#11744 = MECHANICAL_DESIGN_GEOMETRIC_PRESENTATION_REPRESENTATION (  '', ( #5077 ), #11217 ) ;
#11745 = CARTESIAN_POINT ( 'NONE',  ( 7.166129083135588829, 4.751000000000000334, 2.717886644385019590 ) ) ;
#11746 = CARTESIAN_POINT ( 'NONE',  ( 9.078424850482647912, 4.750000000000000000, 2.218111013886742811 ) ) ;
#11747 = LINE ( 'NONE', #1385, #3172 ) ;
#11748 = DIRECTION ( 'NONE',  ( -0.9999748501857348426, -0.0000000000000000000, -0.007092178509964184793 ) ) ;
#11749 = SURFACE_STYLE_FILL_AREA ( #5067 ) ;
#11750 = CARTESIAN_POINT ( 'NONE',  ( 5.559768075817047794, 4.750000000000000000, 1.926340981356293725 ) ) ;
#11751 = VECTOR ( 'NONE', #8049, 1000.000000000000000 ) ;
#11752 = ORIENTED_EDGE ( 'NONE', *, *, #4877, .F. ) ;
#11753 = LINE ( 'NONE', #3427, #6520 ) ;
#11754 = SURFACE_STYLE_FILL_AREA ( #11698 ) ;
#11755 = CARTESIAN_POINT ( 'NONE',  ( 6.063433197988347345, 4.751000000000000334, 2.674918437937169990 ) ) ;
#11756 = VERTEX_POINT ( 'NONE', #6485 ) ;
#11757 = EDGE_CURVE ( 'NONE', #8792, #5730, #3919, .T. ) ;
#11758 = FACE_OUTER_BOUND ( 'NONE', #572, .T. ) ;
#11759 = CARTESIAN_POINT ( 'NONE',  ( 4.235935152014430827, 4.750000000000000000, 1.806214882707928737 ) ) ;
#11760 = DIRECTION ( 'NONE',  ( 0.3962797719141798458, -0.0000000000000000000, -0.9181298069290886321 ) ) ;
#11761 = ORIENTED_EDGE ( 'NONE', *, *, #6571, .T. ) ;
#11762 = STYLED_ITEM ( 'NONE', ( #11723 ), #4415 ) ;
#11763 = PRESENTATION_STYLE_ASSIGNMENT (( #2252 ) ) ;
#11764 = ORIENTED_EDGE ( 'NONE', *, *, #2910, .T. ) ;
#11765 = ORIENTED_EDGE ( 'NONE', *, *, #2131, .T. ) ;
#11766 = CARTESIAN_POINT ( 'NONE',  ( 5.542266887760171734, 4.750000000000000000, 1.663411433829511177 ) ) ;
#11767 = MECHANICAL_DESIGN_GEOMETRIC_PRESENTATION_REPRESENTATION (  '', ( #8804 ), #9608 ) ;
#11768 = LINE ( 'NONE', #3381, #5140 ) ;
#11769 = VECTOR ( 'NONE', #1131, 1000.000000000000000 ) ;
#11770 = DIRECTION ( 'NONE',  ( 0.3216389368451668673, -0.0000000000000000000, 0.9468623945986611723 ) ) ;
#11771 = CARTESIAN_POINT ( 'NONE',  ( 5.548873985797055042, 4.751000000000000334, 1.611469090392399384 ) ) ;
#11772 = ADVANCED_FACE ( 'NONE', ( #9238 ), #2820, .F. ) ;
#11773 = ADVANCED_FACE ( 'NONE', ( #3186 ), #328, .F. ) ;
#11774 = EDGE_CURVE ( 'NONE', #5409, #1756, #268, .T. ) ;
#11775 = DIRECTION ( 'NONE',  ( -0.0000000000000000000, -1.000000000000000000, -0.0000000000000000000 ) ) ;
#11776 = CARTESIAN_POINT ( 'NONE',  ( 4.771091816475728997, 4.751000000000000334, 2.421143489958795580 ) ) ;
#11777 = CARTESIAN_POINT ( 'NONE',  ( 4.549985602116449535, 4.751000000000000334, 2.827430625937853215 ) ) ;
#11778 = CARTESIAN_POINT ( 'NONE',  ( 3.942850571533626169, 4.750000000000000000, 2.117111226341641839 ) ) ;
#11779 = VECTOR ( 'NONE', #6617, 1000.000000000000000 ) ;
#11780 = VERTEX_POINT ( 'NONE', #9554 ) ;
#11781 = STYLED_ITEM ( 'NONE', ( #3782 ), #1264 ) ;
#11782 = ORIENTED_EDGE ( 'NONE', *, *, #3592, .F. ) ;
#11783 = MECHANICAL_DESIGN_GEOMETRIC_PRESENTATION_REPRESENTATION (  '', ( #188 ), #11397 ) ;
#11784 = DIRECTION ( 'NONE',  ( -0.0000000000000000000, -1.000000000000000000, -0.0000000000000000000 ) ) ;
#11785 = UNCERTAINTY_MEASURE_WITH_UNIT (LENGTH_MEASURE( 1.000000000000000082E-05 ), #9788, 'distance_accuracy_value', 'NONE');
#11786 = SURFACE_STYLE_USAGE ( .BOTH. , #11670 ) ;
#11787 = SURFACE_STYLE_FILL_AREA ( #2207 ) ;
#11788 =( GEOMETRIC_REPRESENTATION_CONTEXT ( 3 ) GLOBAL_UNCERTAINTY_ASSIGNED_CONTEXT ( ( #7014 ) ) GLOBAL_UNIT_ASSIGNED_CONTEXT ( ( #1958, #2020, #9498 ) ) REPRESENTATION_CONTEXT ( 'NONE', 'WORKASPACE' ) );
#11789 = FILL_AREA_STYLE ('',( #2529 ) ) ;
#11790 = CARTESIAN_POINT ( 'NONE',  ( 5.951363496090055882, 4.750000000000000000, 1.983187087298805329 ) ) ;
#11791 = COLOUR_RGB ( '',0.0000000000000000000, 0.0000000000000000000, 0.0000000000000000000 ) ;
#11792 =( NAMED_UNIT ( * ) PLANE_ANGLE_UNIT ( ) SI_UNIT ( $, .RADIAN. ) );
#11793 = CARTESIAN_POINT ( 'NONE',  ( 4.824055438903618764, 4.750000000000000000, 2.540314456490260220 ) ) ;
#11794 = FILL_AREA_STYLE_COLOUR ( '', #6334 ) ;
#11795 = B_SPLINE_SURFACE_WITH_KNOTS ( 'NONE', 3, 1, ( 
 ( #5764, #3250 ),
 ( #9733, #1393 ),
 ( #8667, #5014 ),
 ( #3182, #7629 ) ),
 .UNSPECIFIED., .F., .F., .F.,
 ( 4, 4 ),
 ( 2, 2 ),
 ( 2.000000000000000000, 3.000000000000000000 ),
 ( 0.0000000000000000000, 1.000000000000000000 ),
 .UNSPECIFIED. ) ;
#11796 =( LENGTH_UNIT ( ) NAMED_UNIT ( * ) SI_UNIT ( .MILLI., .METRE. ) );
#11797 = ORIENTED_EDGE ( 'NONE', *, *, #1935, .T. ) ;
#11798 = COLOUR_RGB ( '',0.0000000000000000000, 0.0000000000000000000, 0.0000000000000000000 ) ;
#11799 = MECHANICAL_DESIGN_GEOMETRIC_PRESENTATION_REPRESENTATION (  '', ( #2788 ), #10420 ) ;
#11800 = UNCERTAINTY_MEASURE_WITH_UNIT (LENGTH_MEASURE( 1.000000000000000082E-05 ), #5483, 'distance_accuracy_value', 'NONE');
#11801 = CARTESIAN_POINT ( 'NONE',  ( 5.471967879589486827, 4.751000000000000334, 1.990964721217279854 ) ) ;
#11802 = CARTESIAN_POINT ( 'NONE',  ( 5.254901820486773012, 4.750000000000000000, 1.552715903246770113 ) ) ;
#11803 = CARTESIAN_POINT ( 'NONE',  ( 8.299841908398944312, 4.751000000000000334, 1.898078878745585119 ) ) ;
#11804 = VERTEX_POINT ( 'NONE', #5137 ) ;
#11805 =( NAMED_UNIT ( * ) PLANE_ANGLE_UNIT ( ) SI_UNIT ( $, .RADIAN. ) );
#11806 =( LENGTH_UNIT ( ) NAMED_UNIT ( * ) SI_UNIT ( .MILLI., .METRE. ) );
#11807 = CARTESIAN_POINT ( 'NONE',  ( 5.683900710923180277, 4.751000000000000334, 2.511580019789579232 ) ) ;
#11808 = ORIENTED_EDGE ( 'NONE', *, *, #8058, .F. ) ;
#11809 = MECHANICAL_DESIGN_GEOMETRIC_PRESENTATION_REPRESENTATION (  '', ( #10244 ), #1007 ) ;
#11810 = FILL_AREA_STYLE ('',( #8047 ) ) ;
#11811 = VECTOR ( 'NONE', #2275, 1000.000000000000000 ) ;
#11812 = PRESENTATION_LAYER_ASSIGNMENT (  '', '', ( #26 ) ) ;
#11813 = STYLED_ITEM ( 'NONE', ( #3984 ), #5715 ) ;
#11814 = DIRECTION ( 'NONE',  ( 0.0000000000000000000, 0.0000000000000000000, 1.000000000000000000 ) ) ;
#11815 =( NAMED_UNIT ( * ) SI_UNIT ( $, .STERADIAN. ) SOLID_ANGLE_UNIT ( ) );
#11816 =( NAMED_UNIT ( * ) PLANE_ANGLE_UNIT ( ) SI_UNIT ( $, .RADIAN. ) );
#11817 =( GEOMETRIC_REPRESENTATION_CONTEXT ( 3 ) GLOBAL_UNCERTAINTY_ASSIGNED_CONTEXT ( ( #11515 ) ) GLOBAL_UNIT_ASSIGNED_CONTEXT ( ( #5878, #2931, #3972 ) ) REPRESENTATION_CONTEXT ( 'NONE', 'WORKASPACE' ) );
#11818 = COLOUR_RGB ( '',0.0000000000000000000, 0.0000000000000000000, 0.0000000000000000000 ) ;
#11819 = CARTESIAN_POINT ( 'NONE',  ( 5.317244029328589860, 4.751000000000000334, 2.933471404976201846 ) ) ;
#11820 = STYLED_ITEM ( 'NONE', ( #5442 ), #6224 ) ;
#11821 = ORIENTED_EDGE ( 'NONE', *, *, #6241, .T. ) ;
#11822 = UNCERTAINTY_MEASURE_WITH_UNIT (LENGTH_MEASURE( 1.000000000000000082E-05 ), #10964, 'distance_accuracy_value', 'NONE');
#11823 = SURFACE_STYLE_FILL_AREA ( #2498 ) ;
#11824 = SURFACE_STYLE_USAGE ( .BOTH. , #4215 ) ;
#11825 = VERTEX_POINT ( 'NONE', #6972 ) ;
#11826 = CARTESIAN_POINT ( 'NONE',  ( 6.110723610304807707, 4.750000000000000000, 1.853044587682046718 ) ) ;
#11827 = CARTESIAN_POINT ( 'NONE',  ( 5.994069805244063964, 4.750000000000000000, 2.742272398355441343 ) ) ;
#11828 = PRESENTATION_LAYER_ASSIGNMENT (  '', '', ( #7889 ) ) ;
#11829 = CARTESIAN_POINT ( 'NONE',  ( 7.305648111579486681, 4.751000000000000334, 2.415211233981442440 ) ) ;
#11830 = VERTEX_POINT ( 'NONE', #6840 ) ;
#11831 = ORIENTED_EDGE ( 'NONE', *, *, #417, .T. ) ;
#11832 = SURFACE_SIDE_STYLE ('',( #10921 ) ) ;
#11833 = EDGE_CURVE ( 'NONE', #403, #11312, #4039, .T. ) ;
#11834 = DIRECTION ( 'NONE',  ( -0.3427414958247883003, -0.0000000000000000000, -0.9394297563095319603 ) ) ;
#11835 = PRESENTATION_LAYER_ASSIGNMENT (  '', '', ( #10465 ) ) ;
#11836 = PRESENTATION_LAYER_ASSIGNMENT (  '', '', ( #4977 ) ) ;
#11837 = FACE_BOUND ( 'NONE', #193, .T. ) ;
#11838 =( NAMED_UNIT ( * ) SI_UNIT ( $, .STERADIAN. ) SOLID_ANGLE_UNIT ( ) );
#11839 = CARTESIAN_POINT ( 'NONE',  ( 8.159861601080121929, 4.750000000000000000, 1.756098738353367938 ) ) ;
#11840 = DIRECTION ( 'NONE',  ( -0.0000000000000000000, -1.000000000000000000, -0.0000000000000000000 ) ) ;
#11841 = CARTESIAN_POINT ( 'NONE',  ( 5.942858560643561106, 4.751000000000000334, 1.771270763671490389 ) ) ;
#11842 =( NAMED_UNIT ( * ) SI_UNIT ( $, .STERADIAN. ) SOLID_ANGLE_UNIT ( ) );
#11843 = CARTESIAN_POINT ( 'NONE',  ( -9.999999999999998224, -3.750000000000000000, 0.5000000000000004441 ) ) ;
#11844 =( NAMED_UNIT ( * ) PLANE_ANGLE_UNIT ( ) SI_UNIT ( $, .RADIAN. ) );
#11845 = VERTEX_POINT ( 'NONE', #4156 ) ;
#11846 = VERTEX_POINT ( 'NONE', #9798 ) ;
#11847 = CARTESIAN_POINT ( 'NONE',  ( -11.00000000000000000, 4.750000000000000000, 9.499999999999998224 ) ) ;
#11848 = EDGE_CURVE ( 'NONE', #453, #8326, #6707, .T. ) ;
#11849 = ADVANCED_FACE ( 'NONE', ( #9670 ), #508, .T. ) ;
#11850 =( NAMED_UNIT ( * ) SI_UNIT ( $, .STERADIAN. ) SOLID_ANGLE_UNIT ( ) );
#11851 = LINE ( 'NONE', #3456, #12038 ) ;
#11852 = CARTESIAN_POINT ( 'NONE',  ( 8.641435026956958865, 4.750000000000000000, 1.647447597840791644 ) ) ;
#11853 =( GEOMETRIC_REPRESENTATION_CONTEXT ( 3 ) GLOBAL_UNCERTAINTY_ASSIGNED_CONTEXT ( ( #9194 ) ) GLOBAL_UNIT_ASSIGNED_CONTEXT ( ( #11340, #6430, #4658 ) ) REPRESENTATION_CONTEXT ( 'NONE', 'WORKASPACE' ) );
#11854 = CARTESIAN_POINT ( 'NONE',  ( 8.295380826456906220, 4.751000000000000334, 2.527067671165228457 ) ) ;
#11855 = CARTESIAN_POINT ( 'NONE',  ( 7.427477186061906878, 4.750000000000000000, 2.058184615345579171 ) ) ;
#11856 = DIRECTION ( 'NONE',  ( -0.0000000000000000000, -1.000000000000000000, -0.0000000000000000000 ) ) ;
#11857 = PRESENTATION_LAYER_ASSIGNMENT (  '', '', ( #10485 ) ) ;
#11858 = CARTESIAN_POINT ( 'NONE',  ( 6.354083431125243209, 4.751000000000000334, 2.432370631430188723 ) ) ;
#11859 = SURFACE_STYLE_FILL_AREA ( #8889 ) ;
#11860 = PRESENTATION_STYLE_ASSIGNMENT (( #8100 ) ) ;
#11861 = EDGE_CURVE ( 'NONE', #1304, #10329, #759, .T. ) ;
#11862 = ORIENTED_EDGE ( 'NONE', *, *, #607, .T. ) ;
#11863 = ADVANCED_FACE ( 'NONE', ( #3498 ), #4921, .F. ) ;
#11864 = VECTOR ( 'NONE', #9484, 1000.000000000000000 ) ;
#11865 = SURFACE_STYLE_USAGE ( .BOTH. , #8103 ) ;
#11866 = CARTESIAN_POINT ( 'NONE',  ( 4.884489958070044047, 4.751000000000000334, 1.844347701000388140 ) ) ;
#11867 = CARTESIAN_POINT ( 'NONE',  ( 5.515475202750425687, 4.751000000000000334, 2.655435363278962679 ) ) ;
#11868 = EDGE_LOOP ( 'NONE', ( #123, #1758, #11144, #3801 ) ) ;
#11869 = EDGE_CURVE ( 'NONE', #4424, #1790, #8128, .T. ) ;
#11870 = CARTESIAN_POINT ( 'NONE',  ( 8.762212773991592485, 4.750000000000000000, 1.948354122188889592 ) ) ;
#11871 = VECTOR ( 'NONE', #24, 1000.000000000000000 ) ;
#11872 = ORIENTED_EDGE ( 'NONE', *, *, #2029, .F. ) ;
#11873 = CARTESIAN_POINT ( 'NONE',  ( 5.401380459378324339, 4.750000000000000000, 1.717780718550358188 ) ) ;
#11874 = B_SPLINE_SURFACE_WITH_KNOTS ( 'NONE', 3, 1, ( 
 ( #497, #7735 ),
 ( #6819, #10574 ),
 ( #4256, #8768 ),
 ( #7791, #11437 ) ),
 .UNSPECIFIED., .F., .F., .F.,
 ( 4, 4 ),
 ( 2, 2 ),
 ( 4.000000000000000000, 5.000000000000000000 ),
 ( 0.0000000000000000000, 1.000000000000000000 ),
 .UNSPECIFIED. ) ;
#11875 =( GEOMETRIC_REPRESENTATION_CONTEXT ( 3 ) GLOBAL_UNCERTAINTY_ASSIGNED_CONTEXT ( ( #2168 ) ) GLOBAL_UNIT_ASSIGNED_CONTEXT ( ( #9150, #803, #9383 ) ) REPRESENTATION_CONTEXT ( 'NONE', 'WORKASPACE' ) );
#11876 = DIRECTION ( 'NONE',  ( 0.3427414958530305422, 0.0000000000000000000, 0.9394297562992280914 ) ) ;
#11877 = SURFACE_STYLE_FILL_AREA ( #8114 ) ;
#11878 = MECHANICAL_DESIGN_GEOMETRIC_PRESENTATION_REPRESENTATION (  '', ( #5213 ), #8328 ) ;
#11879 = CARTESIAN_POINT ( 'NONE',  ( 11.00000000000000000, -4.750000000000000000, 0.0000000000000000000 ) ) ;
#11880 = FILL_AREA_STYLE_COLOUR ( '', #11384 ) ;
#11881 = CARTESIAN_POINT ( 'NONE',  ( 3.910429938711176501, 4.751000000000000334, 2.051894783472836270 ) ) ;
#11882 = EDGE_LOOP ( 'NONE', ( #758, #9145, #9095, #5271, #8796, #4824, #10105, #11808, #5622, #1297, #4782, #7399, #4315, #5744 ) ) ;
#11883 = PRESENTATION_STYLE_ASSIGNMENT (( #9922 ) ) ;
#11884 = SURFACE_SIDE_STYLE ('',( #11754 ) ) ;
#11885 = CARTESIAN_POINT ( 'NONE',  ( 5.502899899645201209, 4.750000000000000000, 1.991184102142578238 ) ) ;
#11886 = CARTESIAN_POINT ( 'NONE',  ( 6.037952372350956942, 4.751000000000000334, 2.822387056300098340 ) ) ;
#11887 = B_SPLINE_CURVE_WITH_KNOTS ( 'NONE', 3,
 ( #11039, #11902, #5339, #5583 ),
 .UNSPECIFIED., .F., .F.,
 ( 4, 4 ),
 ( 16.00000000000000000, 17.00000000000000000 ),
 .UNSPECIFIED. ) ;
#11888 = ORIENTED_EDGE ( 'NONE', *, *, #7859, .T. ) ;
#11889 = FACE_OUTER_BOUND ( 'NONE', #7980, .T. ) ;
#11890 = VECTOR ( 'NONE', #3588, 1000.000000000000000 ) ;
#11891 = CARTESIAN_POINT ( 'NONE',  ( 5.994523315392167540, 4.751000000000000334, 2.678328894709728125 ) ) ;
#11892 = CARTESIAN_POINT ( 'NONE',  ( 7.935713559275157536, 4.750000000000000000, 1.758124279936008394 ) ) ;
#11893 = ORIENTED_EDGE ( 'NONE', *, *, #2300, .F. ) ;
#11894 = UNCERTAINTY_MEASURE_WITH_UNIT (LENGTH_MEASURE( 1.000000000000000082E-05 ), #3093, 'distance_accuracy_value', 'NONE');
#11895 = VERTEX_POINT ( 'NONE', #11826 ) ;
#11896 = LINE ( 'NONE', #5079, #4560 ) ;
#11897 = DIRECTION ( 'NONE',  ( 0.0000000000000000000, -1.000000000000000000, 0.0000000000000000000 ) ) ;
#11898 = VECTOR ( 'NONE', #11760, 1000.000000000000000 ) ;
#11899 = B_SPLINE_SURFACE_WITH_KNOTS ( 'NONE', 3, 1, ( 
 ( #8281, #4915 ),
 ( #4866, #8453 ),
 ( #6690, #8569 ),
 ( #11429, #3830 ) ),
 .UNSPECIFIED., .F., .F., .F.,
 ( 4, 4 ),
 ( 2, 2 ),
 ( 15.00000000000000000, 16.00000000000000000 ),
 ( 0.0000000000000000000, 1.000000000000000000 ),
 .UNSPECIFIED. ) ;
#11900 = PRESENTATION_LAYER_ASSIGNMENT (  '', '', ( #11118 ) ) ;
#11901 = FILL_AREA_STYLE ('',( #6197 ) ) ;
#11902 = CARTESIAN_POINT ( 'NONE',  ( 5.401210853957079117, 4.751000000000000334, 1.741694549182599250 ) ) ;
#11903 = SURFACE_STYLE_USAGE ( .BOTH. , #3569 ) ;
#11904 = DIRECTION ( 'NONE',  ( -0.8873869422626031733, 0.0000000000000000000, 0.4610253948556709558 ) ) ;
#11905 = EDGE_CURVE ( 'NONE', #10158, #9569, #2763, .T. ) ;
#11906 = ORIENTED_EDGE ( 'NONE', *, *, #2757, .T. ) ;
#11907 = ORIENTED_EDGE ( 'NONE', *, *, #5474, .F. ) ;
#11908 = AXIS2_PLACEMENT_3D ( 'NONE', #3441, #10800, #660 ) ;
#11909 = MECHANICAL_DESIGN_GEOMETRIC_PRESENTATION_REPRESENTATION (  '', ( #7396 ), #6608 ) ;
#11910 = CARTESIAN_POINT ( 'NONE',  ( 4.327241686349327487, 4.750000000000000000, 1.687027347546587785 ) ) ;
#11911 = LINE ( 'NONE', #3642, #8467 ) ;
#11912 = PLANE ( 'NONE',  #8778 ) ;
#11913 = CARTESIAN_POINT ( 'NONE',  ( -10.66666666666666607, 4.416666666666666075, 9.833333333333330373 ) ) ;
#11914 = LINE ( 'NONE', #5418, #4140 ) ;
#11915 = CARTESIAN_POINT ( 'NONE',  ( 5.862257191475202411, 4.750000000000000000, 1.993732792304178325 ) ) ;
#11916 = CARTESIAN_POINT ( 'NONE',  ( 6.288039254566196945, 4.750000000000000000, 2.489870184278021537 ) ) ;
#11917 = ORIENTED_EDGE ( 'NONE', *, *, #8448, .T. ) ;
#11918 = EDGE_CURVE ( 'NONE', #8063, #11156, #8006, .T. ) ;
#11919 = CARTESIAN_POINT ( 'NONE',  ( 5.466797839095709932, 4.750000000000000000, 1.712005977553587632 ) ) ;
#11920 = FILL_AREA_STYLE_COLOUR ( '', #7654 ) ;
#11921 = VERTEX_POINT ( 'NONE', #3552 ) ;
#11922 = UNCERTAINTY_MEASURE_WITH_UNIT (LENGTH_MEASURE( 1.000000000000000082E-05 ), #12128, 'distance_accuracy_value', 'NONE');
#11923 =( LENGTH_UNIT ( ) NAMED_UNIT ( * ) SI_UNIT ( .MILLI., .METRE. ) );
#11924 = SURFACE_STYLE_FILL_AREA ( #4378 ) ;
#11925 = ORIENTED_EDGE ( 'NONE', *, *, #8386, .T. ) ;
#11926 = FILL_AREA_STYLE ('',( #2542 ) ) ;
#11927 = LINE ( 'NONE', #7254, #5974 ) ;
#11928 =( NAMED_UNIT ( * ) SI_UNIT ( $, .STERADIAN. ) SOLID_ANGLE_UNIT ( ) );
#11929 = VERTEX_POINT ( 'NONE', #3371 ) ;
#11930 = EDGE_CURVE ( 'NONE', #2118, #9180, #9164, .T. ) ;
#11931 = LINE ( 'NONE', #5435, #6577 ) ;
#11932 = EDGE_CURVE ( 'NONE', #2090, #10347, #4524, .T. ) ;
#11933 = CARTESIAN_POINT ( 'NONE',  ( 5.260200966600935502, 4.751000000000000334, 1.446955457895424679 ) ) ;
#11934 = VECTOR ( 'NONE', #6080, 1000.000000000000000 ) ;
#11935 = CARTESIAN_POINT ( 'NONE',  ( 5.401380459378324339, 4.750000000000000000, 1.717780718550358188 ) ) ;
#11936 = SURFACE_STYLE_FILL_AREA ( #4515 ) ;
#11937 = PLANE ( 'NONE',  #2375 ) ;
#11938 = CARTESIAN_POINT ( 'NONE',  ( 5.942858560643561106, 4.751000000000000334, 1.771270763671490389 ) ) ;
#11939 = ORIENTED_EDGE ( 'NONE', *, *, #2707, .F. ) ;
#11940 = UNCERTAINTY_MEASURE_WITH_UNIT (LENGTH_MEASURE( 1.000000000000000082E-05 ), #2526, 'distance_accuracy_value', 'NONE');
#11941 = LINE ( 'NONE', #2855, #8646 ) ;
#11942 = FACE_OUTER_BOUND ( 'NONE', #6699, .T. ) ;
#11943 = PRESENTATION_LAYER_ASSIGNMENT (  '', '', ( #3134 ) ) ;
#11944 = ORIENTED_EDGE ( 'NONE', *, *, #1194, .T. ) ;
#11945 = SURFACE_SIDE_STYLE ('',( #6421 ) ) ;
#11946 = CARTESIAN_POINT ( 'NONE',  ( 6.014726349341069422, 4.751000000000000334, 1.662343202657706520 ) ) ;
#11947 = ORIENTED_EDGE ( 'NONE', *, *, #1578, .T. ) ;
#11948 = PRESENTATION_LAYER_ASSIGNMENT (  '', '', ( #10579 ) ) ;
#11949 = VERTEX_POINT ( 'NONE', #577 ) ;
#11950 = CARTESIAN_POINT ( 'NONE',  ( 4.386131129894691227, 4.751000000000000334, 2.418413211384245365 ) ) ;
#11951 = LINE ( 'NONE', #8193, #6601 ) ;
#11952 = FILL_AREA_STYLE ('',( #771 ) ) ;
#11953 = LINE ( 'NONE', #11776, #10340 ) ;
#11954 = MECHANICAL_DESIGN_GEOMETRIC_PRESENTATION_REPRESENTATION (  '', ( #5093 ), #3925 ) ;
#11955 = CARTESIAN_POINT ( 'NONE',  ( 5.466797839095709932, 4.751000000000000334, 1.712005977553587632 ) ) ;
#11956 = SURFACE_SIDE_STYLE ('',( #7355 ) ) ;
#11957 = CARTESIAN_POINT ( 'NONE',  ( 7.428938690520136667, 4.750000000000000000, 1.852136530189176788 ) ) ;
#11958 = ORIENTED_EDGE ( 'NONE', *, *, #8713, .T. ) ;
#11959 = ORIENTED_EDGE ( 'NONE', *, *, #11119, .F. ) ;
#11960 = CARTESIAN_POINT ( 'NONE',  ( 3.910429938711176501, 4.751000000000000334, 2.051894783472836270 ) ) ;
#11961 = AXIS2_PLACEMENT_3D ( 'NONE', #8130, #12007, #4474 ) ;
#11962 = CARTESIAN_POINT ( 'NONE',  ( 4.377794037559535667, 4.751000000000000334, 1.669709553731607787 ) ) ;
#11963 = B_SPLINE_SURFACE_WITH_KNOTS ( 'NONE', 3, 1, ( 
 ( #3506, #3898 ),
 ( #8358, #3729 ),
 ( #3038, #11258 ),
 ( #5806, #2857 ) ),
 .UNSPECIFIED., .F., .F., .F.,
 ( 4, 4 ),
 ( 2, 2 ),
 ( 1.000000000000000000, 2.000000000000000000 ),
 ( 0.0000000000000000000, 1.000000000000000000 ),
 .UNSPECIFIED. ) ;
#11964 = CARTESIAN_POINT ( 'NONE',  ( 3.915822168946374582, 4.750000000000000000, 2.024638695343270012 ) ) ;
#11965 = CARTESIAN_POINT ( 'NONE',  ( 8.929394564106914345, 4.750000000000000000, 1.823012706599978827 ) ) ;
#11966 = DIRECTION ( 'NONE',  ( 0.0000000000000000000, -0.0000000000000000000, -1.000000000000000000 ) ) ;
#11967 = CARTESIAN_POINT ( 'NONE',  ( 4.573835816210541694, 4.751000000000000334, 2.928198888620188622 ) ) ;
#11968 =( LENGTH_UNIT ( ) NAMED_UNIT ( * ) SI_UNIT ( .MILLI., .METRE. ) );
#11969 =( LENGTH_UNIT ( ) NAMED_UNIT ( * ) SI_UNIT ( .MILLI., .METRE. ) );
#11970 = SURFACE_STYLE_USAGE ( .BOTH. , #3763 ) ;
#11971 = VECTOR ( 'NONE', #7608, 1000.000000000000000 ) ;
#11972 = STYLED_ITEM ( 'NONE', ( #9456 ), #5150 ) ;
#11973 = CARTESIAN_POINT ( 'NONE',  ( 3.996529538601966358, 4.751000000000000334, 1.805556716723700106 ) ) ;
#11974 = B_SPLINE_CURVE_WITH_KNOTS ( 'NONE', 3,
 ( #11024, #1627, #10044, #10912 ),
 .UNSPECIFIED., .F., .F.,
 ( 4, 4 ),
 ( 2.000000000000000000, 3.000000000000000000 ),
 .UNSPECIFIED. ) ;
#11975 = ORIENTED_EDGE ( 'NONE', *, *, #5853, .F. ) ;
#11976 = VECTOR ( 'NONE', #10941, 1000.000000000000000 ) ;
#11977 = CARTESIAN_POINT ( 'NONE',  ( 8.295380826456906220, 4.751000000000000334, 2.527067671165228457 ) ) ;
#11978 = VECTOR ( 'NONE', #4362, 1000.000000000000000 ) ;
#11979 = EDGE_CURVE ( 'NONE', #1827, #11105, #9860, .T. ) ;
#11980 = CARTESIAN_POINT ( 'NONE',  ( 5.987963358095001354, 4.750000000000000000, 1.898964211162375681 ) ) ;
#11981 = LINE ( 'NONE', #7249, #7318 ) ;
#11982 = MECHANICAL_DESIGN_GEOMETRIC_PRESENTATION_REPRESENTATION (  '', ( #4346 ), #796 ) ;
#11983 = ORIENTED_EDGE ( 'NONE', *, *, #9960, .T. ) ;
#11984 = PRESENTATION_STYLE_ASSIGNMENT (( #8218 ) ) ;
#11985 = CARTESIAN_POINT ( 'NONE',  ( 4.921210400610024571, 4.750000000000000000, 2.824344672324774042 ) ) ;
#11986 = SURFACE_SIDE_STYLE ('',( #1794 ) ) ;
#11987 = CARTESIAN_POINT ( 'NONE',  ( 4.541415183388064492, 4.750000000000000000, 2.862982445754848282 ) ) ;
#11988 = ORIENTED_EDGE ( 'NONE', *, *, #2624, .T. ) ;
#11989 = FILL_AREA_STYLE_COLOUR ( '', #10703 ) ;
#11990 = STYLED_ITEM ( 'NONE', ( #2390 ), #1666 ) ;
#11991 =( NAMED_UNIT ( * ) SI_UNIT ( $, .STERADIAN. ) SOLID_ANGLE_UNIT ( ) );
#11992 = UNCERTAINTY_MEASURE_WITH_UNIT (LENGTH_MEASURE( 1.000000000000000082E-05 ), #9130, 'distance_accuracy_value', 'NONE');
#11993 = SURFACE_STYLE_USAGE ( .BOTH. , #5500 ) ;
#11994 = EDGE_CURVE ( 'NONE', #11105, #3671, #5322, .T. ) ;
#11995 =( NAMED_UNIT ( * ) PLANE_ANGLE_UNIT ( ) SI_UNIT ( $, .RADIAN. ) );
#11996 = ADVANCED_FACE ( 'NONE', ( #11889 ), #10975, .T. ) ;
#11997 = FACE_OUTER_BOUND ( 'NONE', #5645, .T. ) ;
#11998 = ORIENTED_EDGE ( 'NONE', *, *, #2926, .T. ) ;
#11999 = DIRECTION ( 'NONE',  ( 0.9410702468860459025, -0.0000000000000000000, 0.3382111624796507732 ) ) ;
#12000 = CARTESIAN_POINT ( 'NONE',  ( 7.238914016114391892, 4.751000000000000334, 1.630270273026668049 ) ) ;
#12001 = MECHANICAL_DESIGN_GEOMETRIC_PRESENTATION_REPRESENTATION (  '', ( #816 ), #6318 ) ;
#12002 = STYLED_ITEM ( 'NONE', ( #10422 ), #5724 ) ;
#12003 =( LENGTH_UNIT ( ) NAMED_UNIT ( * ) SI_UNIT ( .MILLI., .METRE. ) );
#12004 = ORIENTED_EDGE ( 'NONE', *, *, #11461, .F. ) ;
#12005 = CARTESIAN_POINT ( 'NONE',  ( 4.386131129894691227, 4.751000000000000334, 2.418413211384245365 ) ) ;
#12006 = CARTESIAN_POINT ( 'NONE',  ( 5.940023096017200466, 4.751000000000000334, 2.830790617506793616 ) ) ;
#12007 = DIRECTION ( 'NONE',  ( 1.000000000000000000, 0.0000000000000000000, 0.0000000000000000000 ) ) ;
#12008 = ORIENTED_EDGE ( 'NONE', *, *, #9686, .T. ) ;
#12009 = AXIS2_PLACEMENT_3D ( 'NONE', #1566, #644, #7087 ) ;
#12010 =( GEOMETRIC_REPRESENTATION_CONTEXT ( 3 ) GLOBAL_UNCERTAINTY_ASSIGNED_CONTEXT ( ( #3047 ) ) GLOBAL_UNIT_ASSIGNED_CONTEXT ( ( #11452, #7806, #1074 ) ) REPRESENTATION_CONTEXT ( 'NONE', 'WORKASPACE' ) );
#12011 = AXIS2_PLACEMENT_3D ( 'NONE', #6147, #9884, #1479 ) ;
#12012 = ORIENTED_EDGE ( 'NONE', *, *, #9124, .F. ) ;
#12013 =( NAMED_UNIT ( * ) PLANE_ANGLE_UNIT ( ) SI_UNIT ( $, .RADIAN. ) );
#12014 = EDGE_CURVE ( 'NONE', #4500, #11333, #9225, .T. ) ;
#12015 = LINE ( 'NONE', #4775, #4450 ) ;
#12016 = STYLED_ITEM ( 'NONE', ( #4484 ), #415 ) ;
#12017 = EDGE_CURVE ( 'NONE', #11200, #6735, #11142, .T. ) ;
#12018 = FILL_AREA_STYLE ('',( #1014 ) ) ;
#12019 = CARTESIAN_POINT ( 'NONE',  ( 3.825883562409373884, 4.751000000000000334, 1.804346434560163637 ) ) ;
#12021 = CARTESIAN_POINT ( 'NONE',  ( 5.910310741161374892, 4.750000000000000000, 1.614032528851506498 ) ) ;
#12020 = STYLED_ITEM ( 'NONE', ( #3895 ), #7918 ) ;
#12022 = LINE ( 'NONE', #4354, #10938 ) ;
#12023 =( GEOMETRIC_REPRESENTATION_CONTEXT ( 3 ) GLOBAL_UNCERTAINTY_ASSIGNED_CONTEXT ( ( #477 ) ) GLOBAL_UNIT_ASSIGNED_CONTEXT ( ( #10353, #5760, #10407 ) ) REPRESENTATION_CONTEXT ( 'NONE', 'WORKASPACE' ) );
#12024 = CARTESIAN_POINT ( 'NONE',  ( 5.317244029328589860, 4.751000000000000334, 2.933471404976201846 ) ) ;
#12025 = DIRECTION ( 'NONE',  ( 0.007092178509965551755, 0.0000000000000000000, -0.9999748501857348426 ) ) ;
#12026 = CARTESIAN_POINT ( 'NONE',  ( 7.443372478218416077, 4.750000000000000000, 1.855853903444935948 ) ) ;
#12027 = ORIENTED_EDGE ( 'NONE', *, *, #6245, .F. ) ;
#12028 = EDGE_LOOP ( 'NONE', ( #9838, #6832, #5016, #2241, #5888, #6104, #6248 ) ) ;
#12029 = FILL_AREA_STYLE ('',( #1900 ) ) ;
#12030 = STYLED_ITEM ( 'NONE', ( #3334 ), #8363 ) ;
#12031 =( GEOMETRIC_REPRESENTATION_CONTEXT ( 3 ) GLOBAL_UNCERTAINTY_ASSIGNED_CONTEXT ( ( #2499 ) ) GLOBAL_UNIT_ASSIGNED_CONTEXT ( ( #10271, #1860, #9271 ) ) REPRESENTATION_CONTEXT ( 'NONE', 'WORKASPACE' ) );
#12032 = FILL_AREA_STYLE_COLOUR ( '', #10823 ) ;
#12033 = CARTESIAN_POINT ( 'NONE',  ( 18.12000000000000099, 0.0000000000000000000, -4.999999999999999112 ) ) ;
#12034 = CARTESIAN_POINT ( 'NONE',  ( 5.505595151013206845, 4.750000000000000000, 1.611162141450700247 ) ) ;
#12035 = CARTESIAN_POINT ( 'NONE',  ( 5.436451115987675387, 4.750000000000000000, 1.794193635048218383 ) ) ;
#12036 = CARTESIAN_POINT ( 'NONE',  ( 7.969657260002554366, 4.750000000000000000, 3.088706510065378552 ) ) ;
#12037 = FACE_OUTER_BOUND ( 'NONE', #7666, .T. ) ;
#12038 = VECTOR ( 'NONE', #9183, 1000.000000000000000 ) ;
#12039 = ORIENTED_EDGE ( 'NONE', *, *, #5684, .T. ) ;
#12040 = UNCERTAINTY_MEASURE_WITH_UNIT (LENGTH_MEASURE( 1.000000000000000082E-05 ), #8289, 'distance_accuracy_value', 'NONE');
#12041 = LINE ( 'NONE', #742, #6498 ) ;
#12042 = CARTESIAN_POINT ( 'NONE',  ( 6.024710714677333101, 4.751000000000000334, 1.720641923077660840 ) ) ;
#12043 = AXIS2_PLACEMENT_3D ( 'NONE', #9531, #3899, #7612 ) ;
#12044 = DIRECTION ( 'NONE',  ( 0.007092178509963378147, -0.0000000000000000000, -0.9999748501857348426 ) ) ;
#12045 = ORIENTED_EDGE ( 'NONE', *, *, #9523, .T. ) ;
#12046 = FILL_AREA_STYLE_COLOUR ( '', #7881 ) ;
#12047 = CARTESIAN_POINT ( 'NONE',  ( 5.815408349828971701, 4.750000000000000000, 2.478459790710350497 ) ) ;
#12048 =( NAMED_UNIT ( * ) PLANE_ANGLE_UNIT ( ) SI_UNIT ( $, .RADIAN. ) );
#12049 = PLANE ( 'NONE',  #7544 ) ;
#12050 = VERTEX_POINT ( 'NONE', #8413 ) ;
#12051 = STYLED_ITEM ( 'NONE', ( #6182 ), #2649 ) ;
#12052 = EDGE_CURVE ( 'NONE', #10039, #11341, #10344, .T. ) ;
#12053 = DIRECTION ( 'NONE',  ( -0.007092178509971254659, -0.0000000000000000000, 0.9999748501857347316 ) ) ;
#12054 = CARTESIAN_POINT ( 'NONE',  ( 4.516208328986168752, 4.750000000000000000, 1.670691237283894681 ) ) ;
#12055 = ORIENTED_EDGE ( 'NONE', *, *, #208, .T. ) ;
#12056 = CARTESIAN_POINT ( 'NONE',  ( 5.416976395264090804, 4.751000000000000334, 1.974458048948823929 ) ) ;
#12057 = VECTOR ( 'NONE', #1894, 1000.000000000000000 ) ;
#12058 = UNCERTAINTY_MEASURE_WITH_UNIT (LENGTH_MEASURE( 1.000000000000000082E-05 ), #8286, 'distance_accuracy_value', 'NONE');
#12059 = CARTESIAN_POINT ( 'NONE',  ( 7.112316406945546454, 4.750000000000000000, 1.640217546555912564 ) ) ;
#12060 = VECTOR ( 'NONE', #37, 999.9999999999998863 ) ;
#12061 = PLANE ( 'NONE',  #10739 ) ;
#12062 = VERTEX_POINT ( 'NONE', #4588 ) ;
#12063 = LINE ( 'NONE', #5325, #3685 ) ;
#12064 = ADVANCED_FACE ( 'NONE', ( #2802 ), #10612, .T. ) ;
#12065 = CARTESIAN_POINT ( 'NONE',  ( 8.299765060126279792, 4.750000000000000000, 1.399200378655042210 ) ) ;
#12066 = STYLED_ITEM ( 'NONE', ( #4920 ), #3553 ) ;
#12067 = VERTEX_POINT ( 'NONE', #7339 ) ;
#12068 = B_SPLINE_SURFACE_WITH_KNOTS ( 'NONE', 3, 1, ( 
 ( #5959, #8997 ),
 ( #1649, #6432 ),
 ( #3693, #7411 ),
 ( #6257, #12021 ) ),
 .UNSPECIFIED., .F., .F., .F.,
 ( 4, 4 ),
 ( 2, 2 ),
 ( 7.000000000000000000, 8.000000000000000000 ),
 ( 0.0000000000000000000, 1.000000000000000000 ),
 .UNSPECIFIED. ) ;
#12069 = ORIENTED_EDGE ( 'NONE', *, *, #11336, .F. ) ;
#12070 =( NAMED_UNIT ( * ) PLANE_ANGLE_UNIT ( ) SI_UNIT ( $, .RADIAN. ) );
#12071 = DIRECTION ( 'NONE',  ( 0.4987484692609973624, 0.0000000000000000000, 0.8667467706370828306 ) ) ;
#12072 = DIRECTION ( 'NONE',  ( -0.007092178509963576773, 0.0000000000000000000, 0.9999748501857348426 ) ) ;
#12073 = STYLED_ITEM ( 'NONE', ( #665 ), #3892 ) ;
#12074 = SURFACE_SIDE_STYLE ('',( #1763 ) ) ;
#12075 = EDGE_LOOP ( 'NONE', ( #421, #10860, #9516, #8066 ) ) ;
#12076 = SURFACE_SIDE_STYLE ('',( #2697 ) ) ;
#12077 = VECTOR ( 'NONE', #6212, 1000.000000000000000 ) ;
#12078 = CARTESIAN_POINT ( 'NONE',  ( 8.850482589108768394, 4.750000000000000000, 1.735691567280405190 ) ) ;
#12079 = CARTESIAN_POINT ( 'NONE',  ( 5.801078790548504394, 4.750000000000000000, 2.886213460521970475 ) ) ;
#12080 = B_SPLINE_CURVE_WITH_KNOTS ( 'NONE', 3,
 ( #6528, #2734, #1808, #5563 ),
 .UNSPECIFIED., .F., .F.,
 ( 4, 4 ),
 ( 2.000000000000000000, 3.000000000000000000 ),
 .UNSPECIFIED. ) ;
#12081 = EDGE_CURVE ( 'NONE', #1115, #4149, #2463, .T. ) ;
#12082 =( NAMED_UNIT ( * ) PLANE_ANGLE_UNIT ( ) SI_UNIT ( $, .RADIAN. ) );
#12083 = EDGE_CURVE ( 'NONE', #10352, #3253, #11082, .T. ) ;
#12084 = SURFACE_STYLE_USAGE ( .BOTH. , #11219 ) ;
#12085 = ORIENTED_EDGE ( 'NONE', *, *, #31, .T. ) ;
#12086 = MECHANICAL_DESIGN_GEOMETRIC_PRESENTATION_REPRESENTATION (  '', ( #715 ), #2884 ) ;
#12087 = CARTESIAN_POINT ( 'NONE',  ( 5.868602513033557067, 4.751000000000000334, 1.942048538271248015 ) ) ;
#12088 = COLOUR_RGB ( '',0.0000000000000000000, 0.0000000000000000000, 0.0000000000000000000 ) ;
#12089 = SURFACE_STYLE_FILL_AREA ( #2711 ) ;
#12090 = CARTESIAN_POINT ( 'NONE',  ( 5.647237400633260407, 4.751000000000000334, 1.633482292201687835 ) ) ;
#12091 = SURFACE_SIDE_STYLE ('',( #1026 ) ) ;
#12092 = CARTESIAN_POINT ( 'NONE',  ( 5.513908196141112938, 4.751000000000000334, 2.876378363682340122 ) ) ;
#12093 = SURFACE_SIDE_STYLE ('',( #845 ) ) ;
#12094 = CARTESIAN_POINT ( 'NONE',  ( 5.988601053710414845, 4.750000000000000000, 2.871946674335578376 ) ) ;
#12095 = SURFACE_STYLE_USAGE ( .BOTH. , #4616 ) ;
#12096 =( GEOMETRIC_REPRESENTATION_CONTEXT ( 3 ) GLOBAL_UNCERTAINTY_ASSIGNED_CONTEXT ( ( #3419 ) ) GLOBAL_UNIT_ASSIGNED_CONTEXT ( ( #11209, #10412, #3744 ) ) REPRESENTATION_CONTEXT ( 'NONE', 'WORKASPACE' ) );
#12097 = ORIENTED_EDGE ( 'NONE', *, *, #7764, .T. ) ;
#12098 = STYLED_ITEM ( 'NONE', ( #7181 ), #11651 ) ;
#12099 = CARTESIAN_POINT ( 'NONE',  ( 8.929394564106914345, 4.751000000000000334, 1.823012706599978827 ) ) ;
#12100 = PLANE ( 'NONE',  #807 ) ;
#12101 = CARTESIAN_POINT ( 'NONE',  ( 5.422269103503259302, 4.751000000000000334, 1.777976398121686508 ) ) ;
#12102 = PRESENTATION_LAYER_ASSIGNMENT (  '', '', ( #5251 ) ) ;
#12103 =( LENGTH_UNIT ( ) NAMED_UNIT ( * ) SI_UNIT ( .MILLI., .METRE. ) );
#12104 = ORIENTED_EDGE ( 'NONE', *, *, #11774, .T. ) ;
#12105 = SURFACE_SIDE_STYLE ('',( #3719 ) ) ;
#12106 = LINE ( 'NONE', #4806, #7839 ) ;
#12107 = LINE ( 'NONE', #10268, #9680 ) ;
#12108 = CARTESIAN_POINT ( 'NONE',  ( 3.908870341059587084, 4.751000000000000334, 2.051883722249700170 ) ) ;
#12109 = EDGE_LOOP ( 'NONE', ( #11268, #6155, #11387, #6468 ) ) ;
#12110 =( NAMED_UNIT ( * ) SI_UNIT ( $, .STERADIAN. ) SOLID_ANGLE_UNIT ( ) );
#12111 = CARTESIAN_POINT ( 'NONE',  ( 5.417415157114687574, 4.750000000000000000, 1.912594008837416704 ) ) ;
#12112 = VERTEX_POINT ( 'NONE', #2164 ) ;
#12113 = FILL_AREA_STYLE_COLOUR ( '', #7868 ) ;
#12114 = EDGE_CURVE ( 'NONE', #11602, #6460, #1320, .T. ) ;
#12115 = CARTESIAN_POINT ( 'NONE',  ( 6.290979696380118114, 4.750000000000000000, 2.075277142348034509 ) ) ;
#12116 = CARTESIAN_POINT ( 'NONE',  ( 5.639373934904177155, 4.751000000000000334, 1.844242741217313464 ) ) ;
#12117 = ORIENTED_EDGE ( 'NONE', *, *, #436, .F. ) ;
#12118 = PRESENTATION_STYLE_ASSIGNMENT (( #10 ) ) ;
#12119 = SURFACE_SIDE_STYLE ('',( #2922 ) ) ;
#12120 =( LENGTH_UNIT ( ) NAMED_UNIT ( * ) SI_UNIT ( .MILLI., .METRE. ) );
#12121 = ORIENTED_EDGE ( 'NONE', *, *, #6949, .T. ) ;
#12122 = UNCERTAINTY_MEASURE_WITH_UNIT (LENGTH_MEASURE( 1.000000000000000082E-05 ), #5756, 'distance_accuracy_value', 'NONE');
#12123 = ORIENTED_EDGE ( 'NONE', *, *, #10886, .F. ) ;
#12124 = CARTESIAN_POINT ( 'NONE',  ( 4.948141223361533392, 4.750000000000000000, 2.124241106413962576 ) ) ;
#12125 =( NAMED_UNIT ( * ) PLANE_ANGLE_UNIT ( ) SI_UNIT ( $, .RADIAN. ) );
#12126 = EDGE_CURVE ( 'NONE', #9776, #1461, #1871, .T. ) ;
#12127 = FACE_OUTER_BOUND ( 'NONE', #7785, .T. ) ;
#12128 =( LENGTH_UNIT ( ) NAMED_UNIT ( * ) SI_UNIT ( .MILLI., .METRE. ) );
#12129 = ORIENTED_EDGE ( 'NONE', *, *, #800, .F. ) ;
#12130 = SURFACE_STYLE_USAGE ( .BOTH. , #1142 ) ;
#12131 = DIRECTION ( 'NONE',  ( -0.0000000000000000000, -1.000000000000000000, -0.0000000000000000000 ) ) ;
#12132 = AXIS2_PLACEMENT_3D ( 'NONE', #2901, #6627, #10382 ) ;
#12133 = VERTEX_POINT ( 'NONE', #183 ) ;
#12134 = CARTESIAN_POINT ( 'NONE',  ( 5.644828828001019261, 4.750000000000000000, 1.918106098000174953 ) ) ;
#12135 = EDGE_CURVE ( 'NONE', #4557, #2783, #3187, .T. ) ;
#12136 = EDGE_CURVE ( 'NONE', #1565, #2126, #5003, .T. ) ;
#12137 = CARTESIAN_POINT ( 'NONE',  ( 5.444454632525748572, 4.750000000000000000, 1.930202165564974592 ) ) ;
#12138 = EDGE_CURVE ( 'NONE', #11557, #8750, #6893, .T. ) ;
#12139 = CARTESIAN_POINT ( 'NONE',  ( 5.144413519584437822, 4.750000000000000000, 2.873757775570414452 ) ) ;
#12140 = PRESENTATION_LAYER_ASSIGNMENT (  '', '', ( #3537 ) ) ;
#12141 = DIRECTION ( 'NONE',  ( -0.0000000000000000000, -1.000000000000000000, -0.0000000000000000000 ) ) ;
#12142 = CARTESIAN_POINT ( 'NONE',  ( 5.295142505985755754, 4.750000000000000000, 1.981392340027531951 ) ) ;
#12143 = SURFACE_SIDE_STYLE ('',( #8208 ) ) ;
#12144 = B_SPLINE_CURVE_WITH_KNOTS ( 'NONE', 3,
 ( #4708, #10355, #9232, #4533 ),
 .UNSPECIFIED., .F., .F.,
 ( 4, 4 ),
 ( 3.000000000000000000, 4.000000000000000000 ),
 .UNSPECIFIED. ) ;
#12145 = CARTESIAN_POINT ( 'NONE',  ( 8.118226163192861833, 4.750000000000000000, 3.039149390787762250 ) ) ;
#12146 = DIRECTION ( 'NONE',  ( -0.0000000000000000000, -1.000000000000000000, 0.0000000000000000000 ) ) ;
#12147 = ORIENTED_EDGE ( 'NONE', *, *, #2860, .F. ) ;
#12148 = AXIS2_PLACEMENT_3D ( 'NONE', #10804, #402, #7896 ) ;
#12149 = UNCERTAINTY_MEASURE_WITH_UNIT (LENGTH_MEASURE( 1.000000000000000082E-05 ), #8981, 'distance_accuracy_value', 'NONE');
#12150 = CARTESIAN_POINT ( 'NONE',  ( 5.064589210043722645, 4.751000000000000334, 2.931679486830022441 ) ) ;
#12151 = EDGE_CURVE ( 'NONE', #1604, #9707, #534, .T. ) ;
#12152 = EDGE_LOOP ( 'NONE', ( #8145, #2622, #2742, #6003 ) ) ;
#12153 = FILL_AREA_STYLE ('',( #10563 ) ) ;
#12154 = CARTESIAN_POINT ( 'NONE',  ( 5.317244029328589860, 4.751000000000000334, 2.933471404976201846 ) ) ;
#12155 = CARTESIAN_POINT ( 'NONE',  ( 3.825883562409373884, 4.750000000000000000, 1.804346434560163637 ) ) ;
#12156 = STYLED_ITEM ( 'NONE', ( #388 ), #4665 ) ;
#12157 = ADVANCED_FACE ( 'NONE', ( #11631 ), #8157, .F. ) ;
#12158 = CARTESIAN_POINT ( 'NONE',  ( 5.502899899645201209, 4.751000000000000334, 1.991184102142578238 ) ) ;
#12159 = ORIENTED_EDGE ( 'NONE', *, *, #2755, .F. ) ;
#12160 = CARTESIAN_POINT ( 'NONE',  ( 7.556638595505687839, 4.751000000000000334, 1.686749571802851566 ) ) ;
#12161 = B_SPLINE_SURFACE_WITH_KNOTS ( 'NONE', 3, 1, ( 
 ( #2139, #9760 ),
 ( #1357, #1230 ),
 ( #8693, #11359 ),
 ( #2027, #161 ) ),
 .UNSPECIFIED., .F., .F., .F.,
 ( 4, 4 ),
 ( 2, 2 ),
 ( 2.000000000000000000, 3.000000000000000000 ),
 ( 0.0000000000000000000, 1.000000000000000000 ),
 .UNSPECIFIED. ) ;
#12162 = CARTESIAN_POINT ( 'NONE',  ( 5.482928423974117393, 4.751000000000000334, 1.746693201634514692 ) ) ;
#12163 = VECTOR ( 'NONE', #9131, 1000.000000000000114 ) ;
#12164 = B_SPLINE_CURVE_WITH_KNOTS ( 'NONE', 3,
 ( #8856, #454, #924, #6631 ),
 .UNSPECIFIED., .F., .F.,
 ( 4, 4 ),
 ( 2.000000000000000000, 3.000000000000000000 ),
 .UNSPECIFIED. ) ;
#12165 = CARTESIAN_POINT ( 'NONE',  ( 8.295380826456906220, 4.751000000000000334, 2.527067671165228457 ) ) ;
#12166 = CARTESIAN_POINT ( 'NONE',  ( 5.910887727688271198, 4.751000000000000334, 1.789240236281552043 ) ) ;
ENDSEC;
END-ISO-10303-21;
