#VRML V2.0 utf8
# 3D model generated by kicad-lcsc-manager
# Based on easyeda2kicad.py v1.0.1

Shape{
    appearance Appearance {
        material  Material {
            diffuseColor 0.25098039215686274 0.25098039215686274 0.25098039215686274
            specularColor 0.12549019607843137 0.12549019607843137 0.12549019607843137
            ambientIntensity 0.251
            transparency 0.0
            shininess 0.5
        }
    }
    geometry IndexedFaceSet {
        ccw TRUE
        solid FALSE
        coord DEF co Coordinate {
            point [
                -0.0787 2.1607 11.4978, -0.0787 2.1607 11.4961, -0.0984 2.1607 11.4961, -0.0787 2.1931 11.4961, 0.0787 2.1931 11.4961, 0.0984 2.1607 11.4961, 0.0787 2.1931 10.5512, 0.0984 2.1607 8.9764, 0.0 2.3229 10.5512, 0.0 2.3229 8.9764, -0.0787 2.1931 10.5512, -0.0984 2.1607 8.9764, -0.1156 2.1589 8.9764, -0.2456 2.2971 8.9764, -0.1156 2.1589 11.4961, -0.2456 2.2971 11.4961, -0.3081 2.1179 11.4961, -0.3081 2.1179 8.9764, -0.3245 2.1126 8.9764, -0.4804 2.2208 8.9764, -0.3245 2.1126 11.4961, -0.4804 2.2208 11.4961, -0.5043 2.0325 11.4961, -0.5043 2.0325 8.9764, -0.5193 2.0239 8.9764, -0.6942 2.0973 8.9764, -0.5193 2.0239 11.4961, -0.6942 2.0973 11.4961, -0.6785 1.9082 11.4961, -0.6785 1.9082 8.9764, -0.6913 1.8967 8.9764, -0.8777 1.9321 8.9764, -0.6913 1.8967 11.4961, -0.8777 1.9321 11.4961, -0.823 1.7504 11.4961, -0.823 1.7504 8.9764, -0.8332 1.7365 8.9764, -1.0229 1.7323 8.9764, -0.8332 1.7365 11.4961, -1.0229 1.7323 11.4961, -0.9316 1.566 11.4961, -0.9316 1.566 8.9764, -0.9386 1.5502 8.9764, -1.1233 1.5068 8.9764, -0.9386 1.5502 11.4961, -1.1233 1.5068 11.4961, -0.9994 1.363 11.4961, -0.9994 1.363 8.9764, -1.003 1.3462 8.9764, -1.1746 1.2652 8.9764, -1.003 1.3462 11.4961, -1.1746 1.2652 11.4961, -1.0236 1.1504 11.4961, -1.0236 1.1504 8.9764, -1.0236 1.1332 8.9764, -1.1746 1.0183 8.9764, -1.0236 1.1332 11.4961, -1.1746 1.0183 11.4961, -1.003 0.9374 11.4961, -1.003 0.9374 8.9764, -0.9994 0.9205 8.9764, -1.1233 0.7768 8.9764, -0.9994 0.9205 11.4961, -1.1233 0.7768 11.4961, -0.9386 0.7333 11.4961, -0.9386 0.7333 8.9764, -0.9316 0.7176 8.9764, -1.0229 0.5512 8.9764, -0.9316 0.7176 11.4961, -1.0229 0.5512 11.4961, -0.8332 0.5471 11.4961, -0.8332 0.5471 8.9764, -0.823 0.5332 8.9764, -0.8777 0.3515 8.9764, -0.823 0.5332 11.4961, -0.8777 0.3515 11.4961, -0.6913 0.3869 11.4961, -0.6913 0.3869 8.9764, -0.6785 0.3753 8.9764, -0.6942 0.1863 8.9764, -0.6785 0.3753 11.4961, -0.6942 0.1863 11.4961, -0.5193 0.2596 11.4961, -0.5193 0.2596 8.9764, -0.5043 0.251 8.9764, -0.4804 0.0628 8.9764, -0.5043 0.251 11.4961, -0.4804 0.0628 11.4961, -0.3245 0.171 11.4961, -0.3245 0.171 8.9764, -0.3081 0.1656 8.9764, -0.2456 -0.0135 8.9764, -0.3081 0.1656 11.4961, -0.2456 -0.0135 11.4961, -0.1156 0.1247 11.4961, -0.1156 0.1247 8.9764, -0.0984 0.1229 8.9764, 0.0 -0.0393 8.9764, -0.0984 0.1229 11.4961, 0.0 -0.0393 11.4961, 0.0984 0.1229 11.4961, 0.0984 0.1229 8.9764, 0.3245 0.171 8.9764, 0.4804 0.0628 8.9764, 0.3245 0.171 11.4961, 0.4804 0.0628 11.4961, 0.5043 0.251 11.4961, 0.5043 0.251 8.9764, 0.1156 0.1247 8.9764, 0.2456 -0.0135 8.9764, 0.1156 0.1247 11.4961, 0.2456 -0.0135 11.4961, 0.3081 0.1656 11.4961, 0.3081 0.1656 8.9764, 0.5193 0.2596 8.9764, 0.6942 0.1863 8.9764, 0.5193 0.2596 11.4961, 0.6942 0.1863 11.4961, 0.6785 0.3753 11.4961, 0.6785 0.3753 8.9764, 0.6913 0.3869 8.9764, 0.8777 0.3515 8.9764, 0.6913 0.3869 11.4961, 0.8777 0.3515 11.4961, 0.823 0.5332 11.4961, 0.823 0.5332 8.9764, 0.8332 0.5471 8.9764, 1.0229 0.5512 8.9764, 0.8332 0.5471 11.4961, 1.0229 0.5512 11.4961, 0.9316 0.7176 11.4961, 0.9316 0.7176 8.9764, 0.9386 0.7333 8.9764, 1.1233 0.7768 8.9764, 0.9386 0.7333 11.4961, 1.1233 0.7768 11.4961, 0.9994 0.9205 11.4961, 0.9994 0.9205 8.9764, 1.003 0.9374 8.9764, 1.1746 1.0183 8.9764, 1.003 0.9374 11.4961, 1.1746 1.0183 11.4961, 1.0236 1.1332 11.4961, 1.0236 1.1332 8.9764, 1.0236 1.1504 8.9764, 1.1746 1.2652 8.9764, 1.0236 1.1504 11.4961, 1.1746 1.2652 11.4961, 1.003 1.3462 11.4961, 1.003 1.3462 8.9764, 0.9994 1.363 8.9764, 1.1233 1.5068 8.9764, 0.9994 1.363 11.4961, 1.1233 1.5068 11.4961, 0.9386 1.5502 11.4961, 0.9386 1.5502 8.9764, 0.9316 1.566 8.9764, 1.0229 1.7323 8.9764, 0.9316 1.566 11.4961, 1.0229 1.7323 11.4961, 0.8332 1.7365 11.4961, 0.8332 1.7365 8.9764, 0.823 1.7504 8.9764, 0.8777 1.9321 8.9764, 0.823 1.7504 11.4961, 0.8777 1.9321 11.4961, 0.6913 1.8967 11.4961, 0.6913 1.8967 8.9764, 0.6785 1.9082 8.9764, 0.6942 2.0973 8.9764, 0.6785 1.9082 11.4961, 0.6942 2.0973 11.4961, 0.5193 2.0239 11.4961, 0.5193 2.0239 8.9764, 0.5043 2.0325 8.9764, 0.4804 2.2208 8.9764, 0.5043 2.0325 11.4961, 0.4804 2.2208 11.4961, 0.3245 2.1126 11.4961, 0.3245 2.1126 8.9764, 0.3081 2.1179 8.9764, 0.2456 2.2971 8.9764, 0.3081 2.1179 11.4961, 0.2456 2.2971 11.4961, 0.1156 2.1589 11.4961, 0.1156 2.1589 8.9764, -0.7421 1.8403 11.5006, -0.5734 1.6815 11.7323, -0.9802 0.8614 11.5002, -0.757 0.9252 11.7323, -0.8755 0.6205 11.5007, -0.6766 0.7389 11.7323, -0.5058 0.2519 11.4961, -0.3891 0.4572 11.7323, 0.0 0.1229 11.5008, 0.0 0.3544 11.7323, 0.5058 0.2519 11.4961, 0.3891 0.4572 11.7323, 0.8755 0.6205 11.5007, 0.6766 0.7389 11.7323, 0.8961 1.6275 11.5004, 0.6923 1.517 11.7323, 0.7421 1.8403 11.5006, 0.5734 1.6815 11.7323, 0.0787 2.1607 11.4978, 0.0787 1.9252 11.7323, 0.4164 1.8101 11.7323, 0.2318 1.8943 11.7323, 0.4144 2.0726 11.5008, 0.3011 2.1194 11.4967, 0.5402 2.0087 11.4982, 0.7872 1.1259 11.7323, 1.0223 1.1212 11.4972, 1.0133 1.2483 11.5008, 0.7652 1.3276 11.7323, 0.993 1.3829 11.4979, 0.757 0.9252 11.7323, 0.9802 0.8614 11.5002, 0.5989 0.3175 11.5008, 0.5511 0.5794 11.7323, 0.7145 0.4127 11.4988, 0.2012 0.3805 11.7323, 0.4144 0.211 11.5008, 0.2607 0.1556 11.4996, -0.4144 0.211 11.5008, -0.2012 0.3805 11.7323, -0.2607 0.1556 11.4996, -0.5511 0.5794 11.7323, -0.5989 0.3175 11.5008, -0.7145 0.4127 11.4988, -0.993 1.3829 11.4979, -0.7652 1.3276 11.7323, -0.7872 1.1259 11.7323, -1.0133 1.2483 11.5008, -1.0223 1.1212 11.4972, -0.6923 1.517 11.7323, -0.8961 1.6275 11.5004, -0.2318 1.8943 11.7323, -0.4144 2.0726 11.5008, -0.4164 1.8101 11.7323, -0.5402 2.0087 11.4982, -0.0787 1.9252 11.7323, -0.3011 2.1194 11.4967, 0.4188 2.2461 8.9764, 0.6709 2.1138 8.9764, 0.8841 1.925 8.9764, 1.0458 1.6907 8.9764, 1.1468 1.4244 8.9764, 1.1811 1.1418 8.9764, 1.1468 0.8591 8.9764, 1.0458 0.5929 8.9764, 0.8841 0.3586 8.9764, 0.6709 0.1698 8.9764, 0.1424 -0.0307 8.9764, 0.4188 0.0374 8.9764, -0.1424 -0.0307 8.9764, -0.4188 0.0374 8.9764, -0.6709 0.1698 8.9764, -0.8841 0.3586 8.9764, -1.0458 0.5929 8.9764, -1.1468 0.8591 8.9764, -1.1811 1.1418 8.9764, -1.1468 1.4244 8.9764, -1.0458 1.6907 8.9764, -0.8841 1.925 8.9764, -0.6709 2.1138 8.9764, -0.4188 2.2461 8.9764, -0.1424 2.3143 8.9764, 0.1424 2.3143 8.9764, -1.1811 1.1418 2.5591, -1.1468 0.8591 2.5591, -1.0458 0.5929 2.5591, -0.8841 0.3586 2.5591, -0.4188 0.0374 2.5591, -0.6709 0.1698 2.5591, -0.1424 -0.0307 2.5591, 0.1424 -0.0307 2.5591, 0.4188 0.0374 2.5591, 0.6709 0.1698 2.5591, 1.0458 0.5929 2.5591, 0.8841 0.3586 2.5591, 1.1468 0.8591 2.5591, 1.1811 1.1418 2.5591, 1.1468 1.4244 2.5591, 1.0458 1.6907 2.5591, 0.8841 1.925 2.5591, 0.4188 2.2461 2.5591, 0.6709 2.1138 2.5591, 0.1424 2.3143 2.5591, -0.1424 2.3143 2.5591, -0.4188 2.2461 2.5591, -0.6709 2.1138 2.5591, -1.0458 1.6907 2.5591, -0.8841 1.925 2.5591, -1.1468 1.4244 2.5591, 1.3386 1.1536 0.5906, 0.1772 1.1536 0.5906, 0.1772 1.311 0.5906, -0.7224 -1.0075 0.5906, -0.792 -1.0075 0.5906, -0.792 -0.6925 0.5906, -0.792 -1.2204 0.5906, -1.0478 -1.2204 0.5906, -1.0478 -1.0075 0.5906, -0.1364 -0.7158 0.5906, -0.1438 -0.7337 0.5906, -0.1438 -0.6925 0.5906, 0.1364 2.8141 0.5906, 0.1438 2.832 0.5906, 0.1438 2.785 0.5906, -0.5909 -0.3415 0.5906, -0.7224 -0.3415 0.5906, -0.7224 -0.1574 0.5906, 1.4961 -1.0418 0.5906, 1.534 -1.0576 0.5906, 1.3386 -1.2204 0.5906, 1.5748 -1.0629 0.5906, 1.811 -1.2204 0.5906, 1.8898 -1.1417 0.5906, 1.8871 -1.1621 0.5906, 1.6862 -1.0168 0.5906, 1.8792 -1.1811 0.5906, 1.8667 -1.1974 0.5906, 1.6156 -1.0576 0.5906, 1.6535 -1.0418 0.5906, 1.8314 -1.2177 0.5906, 1.8504 -1.2099 0.5906, 1.8504 3.2966 0.5906, 1.8667 3.2841 0.5906, 1.6862 3.1035 0.5906, 1.5748 3.1497 0.5906, 1.534 3.1443 0.5906, 1.3386 3.3071 0.5906, 1.4961 3.1286 0.5906, 1.4634 3.1035 0.5906, 1.4384 3.0709 0.5906, 1.4227 3.0329 0.5906, 1.6156 2.8401 0.5906, 1.8898 2.785 0.5906, 1.5748 2.8347 0.5906, 1.3386 2.785 0.5906, 1.6156 3.1443 0.5906, 1.811 3.3071 0.5906, 1.6535 3.1286 0.5906, 1.4173 2.9922 0.5906, 1.4227 2.9514 0.5906, 1.4384 2.9134 0.5906, 1.4634 2.8808 0.5906, 1.4961 2.8558 0.5906, 1.534 2.8401 0.5906, 1.6535 2.8558 0.5906, 1.6862 2.8808 0.5906, 1.7112 2.9134 0.5906, 1.7269 2.9514 0.5906, 1.7323 2.9922 0.5906, 1.8898 3.2284 0.5906, 1.7269 3.0329 0.5906, 1.7112 3.0709 0.5906, 1.8871 3.2488 0.5906, 1.8792 3.2678 0.5906, 1.8314 3.3045 0.5906, -1.8871 3.2488 0.5906, -1.8792 3.2678 0.5906, -1.8898 3.2284 0.5906, -1.8667 3.2841 0.5906, -1.8504 3.2966 0.5906, -1.8314 3.3045 0.5906, -1.811 3.3071 0.5906, -1.8898 2.785 0.5906, -1.8314 -1.2177 0.5906, -1.8504 -1.2099 0.5906, -1.811 -1.2204 0.5906, -1.8667 -1.1974 0.5906, -1.8792 -1.1811 0.5906, -1.8871 -1.1621 0.5906, -1.8898 -1.1417 0.5906, -1.811 -1.0075 0.5906, 1.7112 -0.8267 0.5906, 1.6862 -0.7941 0.5906, 1.8898 -0.6925 0.5906, 1.8898 -1.0075 0.5906, 1.6933 -1.0075 0.5906, 1.7112 -0.9842 0.5906, 1.6535 -0.7691 0.5906, 1.6156 -0.7533 0.5906, 1.5748 -0.748 0.5906, 1.4634 -0.7941 0.5906, 1.3386 -0.6925 0.5906, 1.4961 -0.7691 0.5906, 1.534 -0.7533 0.5906, 1.4227 -0.9462 0.5906, 1.4384 -0.9842 0.5906, 1.3386 -1.0075 0.5906, 1.4563 -1.0075 0.5906, 1.4634 -1.0168 0.5906, 1.7269 -0.9462 0.5906, 1.7323 -0.9055 0.5906, 1.7269 -0.8647 0.5906, 1.4384 -0.8267 0.5906, 1.4227 -0.8647 0.5906, 1.4173 -0.9055 0.5906, -1.7112 -0.8267 0.5906, -1.7269 -0.8647 0.5906, -1.811 -0.6925 0.5906, -1.4384 -0.9842 0.5906, -1.4227 -0.9462 0.5906, -1.3386 -1.0075 0.5906, -1.4173 -0.9055 0.5906, -1.3386 -0.6925 0.5906, -1.5748 -0.748 0.5906, -1.6156 -0.7533 0.5906, -1.7323 -0.9055 0.5906, -1.7269 -0.9462 0.5906, -1.6535 -0.7691 0.5906, -1.6862 -0.7941 0.5906, -1.4227 -0.8647 0.5906, -1.4384 -0.8267 0.5906, -1.4634 -0.7941 0.5906, -1.4961 -0.7691 0.5906, -1.534 -0.7533 0.5906, -1.7112 -0.9842 0.5906, -1.6933 -1.0075 0.5906, -1.6862 -1.0168 0.5906, -1.6535 -1.0418 0.5906, -1.534 -1.0576 0.5906, -1.3386 -1.2204 0.5906, -1.5748 -1.0629 0.5906, -1.6156 -1.0576 0.5906, -1.4961 -1.0418 0.5906, -1.4634 -1.0168 0.5906, -1.4563 -1.0075 0.5906, 0.1969 -0.0393 0.5906, 0.1772 -0.3415 0.5906, 0.1772 0.4329 0.5906, 0.2009 -0.0699 0.5906, 0.2127 -0.0984 0.5906, 0.2314 -0.1228 0.5906, 1.2008 -0.1416 0.5906, 1.2252 -0.1228 0.5906, 1.3386 -0.3415 0.5906, 1.244 -0.0984 0.5906, 1.2558 -0.0699 0.5906, 1.2598 -0.0393 0.5906, 1.3386 0.4329 0.5906, 0.2559 -0.1416 0.5906, 0.2844 -0.1534 0.5906, 0.315 -0.1574 0.5906, 1.1417 -0.1574 0.5906, 1.1723 -0.1534 0.5906, 0.2844 1.0196 0.5906, 0.2559 1.0078 0.5906, 0.2314 0.9891 0.5906, 0.1969 0.9056 0.5906, 0.1969 0.4329 0.5906, 0.2127 0.9646 0.5906, 0.2009 0.9361 0.5906, 1.2008 1.0078 0.5906, 1.2252 0.9891 0.5906, 1.244 0.9646 0.5906, 1.2598 0.4329 0.5906, 1.2598 0.9056 0.5906, 1.2558 0.9361 0.5906, 1.1723 1.0196 0.5906, 1.1417 1.0237 0.5906, 0.315 1.0237 0.5906, -0.1969 0.9056 0.5906, -0.1772 1.1536 0.5906, -0.1772 0.4329 0.5906, -0.2009 0.9361 0.5906, -0.2127 0.9646 0.5906, -0.2314 0.9891 0.5906, -0.2559 1.0078 0.5906, -0.2844 1.0196 0.5906, -0.3569 1.1536 0.5906, -0.3569 -0.3415 0.5906, -0.3569 -0.1574 0.5906, -0.315 -0.1574 0.5906, -0.2844 -0.1534 0.5906, -0.2559 -0.1416 0.5906, -0.1772 -0.3415 0.5906, -0.2314 -0.1228 0.5906, -0.2127 -0.0984 0.5906, -0.2009 -0.0699 0.5906, -0.1969 -0.0393 0.5906, -0.1969 0.4329 0.5906, -0.5909 -0.1574 0.5906, -0.792 -0.1574 0.5906, -0.792 -0.3415 0.5906, -1.0478 -0.1574 0.5906, -1.3386 0.4329 0.5906, -1.2598 -0.0393 0.5906, -1.3386 -0.3415 0.5906, -1.2558 -0.0699 0.5906, -1.244 -0.0984 0.5906, -1.2252 -0.1228 0.5906, -1.2008 -0.1416 0.5906, -1.1723 -0.1534 0.5906, -1.1417 -0.1574 0.5906, -1.0478 -0.3415 0.5906, -1.244 0.9646 0.5906, -1.3386 1.1536 0.5906, -1.2252 0.9891 0.5906, -1.2008 1.0078 0.5906, -1.2558 0.9361 0.5906, -1.2598 0.9056 0.5906, -1.2598 0.4329 0.5906, -1.0478 1.1536 0.5906, -1.1417 1.0237 0.5906, -1.1723 1.0196 0.5906, -0.315 1.0237 0.5906, -0.3569 1.0237 0.5906, -0.5909 1.1536 0.5906, -0.5909 1.0237 0.5906, -0.7224 1.1536 0.5906, -0.7224 1.0237 0.5906, -0.792 1.1536 0.5906, -0.792 1.0237 0.5906, -1.0478 1.0237 0.5906, -1.2558 1.4262 0.5906, -1.244 1.3977 0.5906, -1.3386 1.311 0.5906, -1.2252 1.3732 0.5906, -1.2008 1.3545 0.5906, -1.0478 2.6275 0.5906, -1.0478 2.3564 0.5906, -1.3386 2.6275 0.5906, -1.0753 2.3352 0.5906, -1.1754 2.2048 0.5906, -1.2384 2.0528 0.5906, -1.2598 1.8898 0.5906, -1.2598 1.4567 0.5906, -0.7224 2.6275 0.5906, -0.792 2.4984 0.5906, -0.792 2.6275 0.5906, -0.793 2.4983 0.5906, -0.9449 2.4353 0.5906, -0.5909 2.6275 0.5906, -0.6299 2.5197 0.5906, -0.7224 2.5076 0.5906, -0.3569 2.6275 0.5906, -0.3569 2.5197 0.5906, -0.5909 2.5197 0.5906, -0.1772 2.6275 0.5906, -0.2127 2.4607 0.5906, -0.2314 2.4851 0.5906, -0.2559 1.3545 0.5906, -0.2314 1.3732 0.5906, -0.1772 1.311 0.5906, -0.2127 1.3977 0.5906, -0.2009 1.4262 0.5906, -0.2559 2.5039 0.5906, -0.2844 2.5157 0.5906, -0.315 2.5197 0.5906, -0.3569 1.311 0.5906, -0.315 1.3386 0.5906, -0.2844 1.3427 0.5906, -0.1969 1.4567 0.5906, -0.1969 2.4016 0.5906, -0.2009 2.4322 0.5906, -1.1723 1.3427 0.5906, -1.1417 1.3386 0.5906, -1.0478 1.311 0.5906, -1.0478 1.3386 0.5906, -0.792 1.311 0.5906, -0.792 1.3386 0.5906, -0.7224 1.311 0.5906, -0.7224 1.3386 0.5906, -0.5909 1.311 0.5906, -0.5909 1.3386 0.5906, -0.3569 1.3386 0.5906, 0.1575 2.8928 0.5906, 0.1521 2.9336 0.5906, 0.1772 3.3071 0.5906, 0.1521 2.852 0.5906, 0.1772 2.785 0.5906, -0.1141 2.785 0.5906, -0.1114 2.7814 0.5906, -0.1438 2.6275 0.5906, 0.0 2.7353 0.5906, 0.0408 2.7407 0.5906, 0.1438 2.6275 0.5906, -0.0787 2.7564 0.5906, -0.0408 2.7407 0.5906, 0.0787 2.7564 0.5906, 0.1114 2.7814 0.5906, 0.1141 2.785 0.5906, -0.1438 2.785 0.5906, -0.1438 2.832 0.5906, -0.1364 2.8141 0.5906, -0.1521 2.852 0.5906, -0.1772 2.785 0.5906, -0.1575 2.8928 0.5906, 0.1114 3.0042 0.5906, 0.0787 3.0292 0.5906, 0.1438 3.3071 0.5906, -0.0787 3.0292 0.5906, -0.1114 3.0042 0.5906, -0.1438 3.3071 0.5906, 0.1364 2.9715 0.5906, -0.1521 2.9336 0.5906, -0.1772 3.3071 0.5906, -0.1438 2.9536 0.5906, -0.1364 2.9715 0.5906, 0.1438 2.9536 0.5906, 0.0408 3.0449 0.5906, 0.0 3.0503 0.5906, -0.0408 3.0449 0.5906, 0.1521 -0.7538 0.5906, 0.1772 -0.6925 0.5906, 0.1575 -0.7945 0.5906, 0.1772 -1.0075 0.5906, -0.1364 -0.8733 0.5906, -0.1114 -0.9059 0.5906, -0.1438 -1.0075 0.5906, -0.0787 -0.9309 0.5906, 0.0787 -0.9309 0.5906, 0.1114 -0.9059 0.5906, 0.1438 -1.0075 0.5906, 0.1364 -0.8733 0.5906, 0.1438 -0.8554 0.5906, 0.1521 -0.8353 0.5906, -0.0408 -0.9466 0.5906, 0.0 -0.952 0.5906, 0.0408 -0.9466 0.5906, -0.1521 -0.7538 0.5906, -0.1575 -0.7945 0.5906, -0.1772 -0.6925 0.5906, -0.1772 -1.0075 0.5906, -0.1521 -0.8353 0.5906, -0.1438 -0.8554 0.5906, 0.0787 -0.6581 0.5906, 0.0408 -0.6424 0.5906, 0.1438 -0.6057 0.5906, 0.0 -0.637 0.5906, -0.0408 -0.6424 0.5906, -0.0787 -0.6581 0.5906, -0.1438 -0.6057 0.5906, -0.1114 -0.6832 0.5906, -0.1185 -0.6925 0.5906, 0.1438 -0.7337 0.5906, 0.1364 -0.7158 0.5906, 0.1438 -0.6925 0.5906, 0.1185 -0.6925 0.5906, 0.1114 -0.6832 0.5906, -0.7224 -0.6057 0.5906, -0.7301 -0.5306 0.5906, -0.7301 -0.5393 0.5906, -0.7392 -0.6056 0.5906, -0.7301 -0.6031 0.5906, -0.7301 -0.5925 0.5906, -0.739 -0.5963 0.5906, -0.7315 -0.5385 0.5906, -0.7485 -0.5976 0.5906, -0.7563 -0.5967 0.5906, -0.7615 -0.5266 0.5906, -0.7691 -0.5292 0.5906, -0.7754 -0.5332 0.5906, -0.7813 -0.5395 0.5906, -0.7855 -0.547 0.5906, -0.7845 -0.5845 0.5906, -0.7799 -0.5919 0.5906, -0.792 -0.6057 0.5906, -0.7728 -0.5987 0.5906, -0.7653 -0.603 0.5906, -0.7622 -0.5946 0.5906, -0.7676 -0.5909 0.5906, -0.7724 -0.5857 0.5906, -0.7781 -0.5651 0.5906, -0.7773 -0.5565 0.5906, -0.7752 -0.5498 0.5906, -0.7577 -0.535 0.5906, -0.7503 -0.5342 0.5906, -0.7634 -0.5371 0.5906, -0.7682 -0.5404 0.5906, -0.7719 -0.5443 0.5906, -0.7399 -0.5354 0.5906, -0.7756 -0.5796 0.5906, -0.7777 -0.5712 0.5906, -0.7385 -0.5272 0.5906, -0.7496 -0.5256 0.5906, -0.7518 -0.5256 0.5906, -0.7879 -0.5553 0.5906, -0.7887 -0.5644 0.5906, -0.7875 -0.5756 0.5906, -0.7545 -0.6057 0.5906, -0.7486 -0.6062 0.5906, -0.7224 -0.6925 0.5906, -0.7417 -0.6057 0.5906, 0.1301 1.1533 0.5906, 0.1438 1.1536 0.5906, 0.1257 1.1196 0.5906, 0.1438 0.4329 0.5906, 0.1127 1.0883 0.5906, -0.1438 1.1536 0.5906, -0.1301 1.1533 0.5906, -0.1257 1.1196 0.5906, 0.0 1.0232 0.5906, 0.0337 1.0276 0.5906, -0.1438 0.4329 0.5906, -0.1127 1.0883 0.5906, -0.092 1.0613 0.5906, -0.0651 1.0406 0.5906, -0.0337 1.0276 0.5906, 0.0651 1.0406 0.5906, 0.092 1.0613 0.5906, -0.0651 1.266 0.5906, -0.092 1.2453 0.5906, -0.1438 1.311 0.5906, 0.092 1.2453 0.5906, 0.0651 1.266 0.5906, 0.1438 1.311 0.5906, 0.0337 1.279 0.5906, 0.0 1.2834 0.5906, -0.0337 1.279 0.5906, 0.1301 1.1536 0.5906, 0.1257 1.187 0.5906, 0.1127 1.2184 0.5906, -0.1127 1.2184 0.5906, -0.1257 1.187 0.5906, -0.1301 1.1536 0.5906, 0.1772 -1.2204 0.5906, 0.1438 -1.2204 0.5906, -0.1438 -1.2204 0.5906, -0.7224 -1.2204 0.5906, -0.5909 -1.2204 0.5906, -0.1772 -1.2204 0.5906, -0.3569 -1.2204 0.5906, -0.3569 -1.0075 0.5906, -0.5909 -1.0075 0.5906, -0.5909 -0.6925 0.5906, -0.7565 -0.6056 0.5906, -0.3569 -0.6057 0.5906, -0.1772 -0.6057 0.5906, 1.3386 -0.6057 0.5906, 0.1772 -0.6057 0.5906, -0.5582 -0.6053 0.5906, -0.5909 -0.6057 0.5906, -0.588 -0.5265 0.5906, -0.5765 -0.5265 0.5906, -0.5169 -0.5265 0.5906, -0.5284 -0.5265 0.5906, -0.5364 -0.5486 0.5906, -0.5689 -0.5486 0.5906, -0.5477 -0.6053 0.5906, -0.3569 -0.6925 0.5906, -0.6744 -0.5966 0.5906, -0.7042 -0.5966 0.5906, -0.7042 -0.5707 0.5906, -0.6571 -0.6053 0.5906, -0.6349 -0.6053 0.5906, -0.7042 -0.5621 0.5906, -0.7042 -0.5352 0.5906, -0.6763 -0.5621 0.5906, -0.6725 -0.5352 0.5906, -0.6763 -0.5707 0.5906, -0.6571 -0.5265 0.5906, -0.6744 -0.6053 0.5906, -0.6235 -0.6041 0.5906, -0.6143 -0.6008 0.5906, -0.6057 -0.5951 0.5906, -0.5977 -0.5481 0.5906, -0.6022 -0.5411 0.5906, -0.6087 -0.5349 0.5906, -0.6169 -0.5301 0.5906, -0.6057 -0.595 0.5906, -0.6001 -0.5888 0.5906, -0.5964 -0.5821 0.5906, -0.626 -0.5274 0.5906, -0.6357 -0.5265 0.5906, -0.6725 -0.5265 0.5906, -0.7147 -0.5265 0.5906, -0.7147 -0.6053 0.5906, -0.5943 -0.5743 0.5906, -0.5937 -0.5669 0.5906, -0.5948 -0.5564 0.5906, -0.8252 -0.6053 0.5906, -0.8252 -0.5352 0.5906, -0.8357 -0.6053 0.5906, -1.0478 -0.6057 0.5906, -0.8357 -0.5265 0.5906, -0.7954 -0.5265 0.5906, -1.0478 -0.6925 0.5906, -0.7954 -0.5352 0.5906, -1.3386 -0.6057 0.5906, 1.8898 0.4329 0.5906, 1.8898 -0.3415 0.5906, 1.8898 -0.6057 0.5906, 0.1438 -0.3415 0.5906, -0.1438 -0.3415 0.5906, 1.8898 1.1536 0.5906, 1.3386 1.311 0.5906, 1.8898 1.311 0.5906, 1.3386 2.6275 0.5906, 1.8898 2.6275 0.5906, 1.1754 2.2048 0.5906, 1.0753 2.3352 0.5906, 0.9449 2.4353 0.5906, 0.793 2.4983 0.5906, 0.6299 2.5197 0.5906, 0.1772 2.6275 0.5906, 0.315 2.5197 0.5906, 0.2844 2.5157 0.5906, 0.2559 2.5039 0.5906, 0.2314 2.4851 0.5906, 0.2127 2.4607 0.5906, 1.2558 1.4262 0.5906, 1.244 1.3977 0.5906, 1.2252 1.3732 0.5906, 1.2598 1.4567 0.5906, 1.2598 1.8898 0.5906, 1.2384 2.0528 0.5906, 0.2009 1.4262 0.5906, 0.2127 1.3977 0.5906, 0.2314 1.3732 0.5906, 1.1417 1.3386 0.5906, 1.1723 1.3427 0.5906, 1.2008 1.3545 0.5906, 0.2009 2.4322 0.5906, 0.1969 2.4016 0.5906, 0.1969 1.4567 0.5906, 0.2559 1.3545 0.5906, 0.2844 1.3427 0.5906, 0.315 1.3386 0.5906, -1.3386 2.785 0.5906, -1.0478 2.785 0.5906, -0.792 2.785 0.5906, -0.7224 2.785 0.5906, -0.5909 2.785 0.5906, -0.3569 2.785 0.5906, -1.534 2.8401 0.5906, -1.4961 2.8558 0.5906, -1.4173 2.9922 0.5906, -1.4227 3.0329 0.5906, -1.3386 3.3071 0.5906, -1.6535 3.1286 0.5906, -1.6862 3.1035 0.5906, -1.7112 3.0709 0.5906, -1.7269 3.0329 0.5906, -1.8898 -1.0075 0.5906, -1.8898 -0.6925 0.5906, -1.8898 -0.6057 0.5906, -1.811 -0.6057 0.5906, -1.8898 -0.3415 0.5906, -1.811 -0.3415 0.5906, -1.8898 0.4329 0.5906, -1.811 0.4329 0.5906, -1.8898 1.1536 0.5906, -1.811 1.1536 0.5906, -1.8898 1.311 0.5906, -1.811 1.311 0.5906, -1.8898 2.6275 0.5906, -1.811 2.6275 0.5906, -1.811 2.785 0.5906, -1.7323 2.9922 0.5906, -1.7269 2.9514 0.5906, -1.7112 2.9134 0.5906, -1.6862 2.8808 0.5906, -1.6535 2.8558 0.5906, -1.6156 2.8401 0.5906, -1.5748 2.8347 0.5906, -1.4634 2.8808 0.5906, -1.4384 2.9134 0.5906, -1.4227 2.9514 0.5906, -1.0478 3.3071 0.5906, -0.792 3.3071 0.5906, -0.7224 3.3071 0.5906, -0.5909 3.3071 0.5906, -0.3569 3.3071 0.5906, -1.4384 3.0709 0.5906, -1.4634 3.1035 0.5906, -1.4961 3.1286 0.5906, -1.534 3.1443 0.5906, -1.5748 3.1497 0.5906, -1.6156 3.1443 0.5906, -1.8898 -1.1417 2.5591, -1.8898 -0.0885 2.5591, -1.8898 3.2284 2.5591, 0.7874 -0.8267 2.5591, 0.7874 -1.2204 2.5591, 1.2303 -1.2204 2.5591, -1.5748 2.4477 2.5591, -1.6156 2.479 2.5591, -1.6469 2.5197 2.5591, -1.3372 2.479 2.5591, -1.378 2.4477 2.5591, 1.2303 -0.0885 2.5591, -1.3059 2.5197 2.5591, -1.2862 2.5672 2.5591, -1.6665 2.5672 2.5591, -1.6732 2.6182 2.5591, -1.6665 2.6691 2.5591, -1.8504 3.2966 2.5591, -1.8667 3.2841 2.5591, -1.5748 2.7886 2.5591, -1.811 3.3071 2.5591, -1.4254 2.8083 2.5591, 1.2303 3.3071 2.5591, -1.378 2.7886 2.5591, -1.3372 2.7574 2.5591, -1.3059 2.7166 2.5591, -1.2862 2.6691 2.5591, -1.2795 2.6182 2.5591, -1.4254 2.428 2.5591, -1.4764 2.4213 2.5591, -1.5273 2.428 2.5591, -1.8314 3.3045 2.5591, -1.5273 2.8083 2.5591, -1.4764 2.815 2.5591, -1.6469 2.7166 2.5591, -1.6156 2.7574 2.5591, -1.8871 3.2488 2.5591, -1.8792 3.2678 2.5591, 1.6156 2.7574 2.5591, 1.6469 2.7166 2.5591, 1.8898 3.2284 2.5591, 1.6665 2.6691 2.5591, 1.6732 2.6182 2.5591, 1.8898 -0.0885 2.5591, 1.6665 2.5672 2.5591, 1.6469 2.5197 2.5591, 1.6156 2.479 2.5591, 1.3059 2.7166 2.5591, 1.3372 2.7574 2.5591, 1.378 2.7886 2.5591, 1.5748 2.4477 2.5591, 1.5273 2.428 2.5591, 1.4764 2.4213 2.5591, 1.4254 2.428 2.5591, 1.8792 3.2678 2.5591, 1.8667 3.2841 2.5591, 1.5748 2.7886 2.5591, 1.378 2.4477 2.5591, 1.3372 2.479 2.5591, 1.3059 2.5197 2.5591, 1.2862 2.5672 2.5591, 1.2795 2.6182 2.5591, 1.2862 2.6691 2.5591, 1.8871 3.2488 2.5591, 1.4254 2.8083 2.5591, 1.4764 2.815 2.5591, 1.811 3.3071 2.5591, 1.5273 2.8083 2.5591, 1.8314 3.3045 2.5591, 1.8504 3.2966 2.5591, 1.378 -0.5051 2.5591, 1.4254 -0.5247 2.5591, 1.4764 -0.5314 2.5591, 1.5273 -0.1445 2.5591, 1.4764 -0.1377 2.5591, 1.4254 -0.1445 2.5591, 1.378 -0.1641 2.5591, 1.5748 -0.1641 2.5591, 1.6156 -0.1954 2.5591, 1.6469 -0.2362 2.5591, 1.3372 -0.4738 2.5591, 1.3059 -0.433 2.5591, 1.2862 -0.3855 2.5591, 1.2795 -0.3346 2.5591, 1.2862 -0.2836 2.5591, 1.8504 -1.2099 2.5591, 1.8667 -1.1974 2.5591, 1.5273 -0.5247 2.5591, 1.3059 -0.2362 2.5591, 1.3372 -0.1954 2.5591, 1.6665 -0.2836 2.5591, 1.6732 -0.3346 2.5591, 1.8898 -1.1417 2.5591, 1.6665 -0.3855 2.5591, 1.6469 -0.433 2.5591, 1.8314 -1.2177 2.5591, 1.811 -1.2204 2.5591, 1.6156 -0.4738 2.5591, 1.5748 -0.5051 2.5591, 1.8871 -1.1621 2.5591, 1.8792 -1.1811 2.5591, -0.7874 -1.2204 2.5591, -1.378 -0.5051 2.5591, -1.4254 -0.5247 2.5591, -1.811 -1.2204 2.5591, -0.7874 -0.8267 2.5591, -1.3059 -0.433 2.5591, -1.3372 -0.4738 2.5591, -1.5748 -0.5051 2.5591, -1.6156 -0.4738 2.5591, -1.8792 -1.1811 2.5591, -1.8667 -1.1974 2.5591, -1.5273 -0.5247 2.5591, -1.8504 -1.2099 2.5591, -1.378 -0.1641 2.5591, -1.3372 -0.1954 2.5591, -1.4764 -0.5314 2.5591, -1.8314 -1.2177 2.5591, -1.6469 -0.433 2.5591, -1.6665 -0.3855 2.5591, -1.6732 -0.3346 2.5591, -1.6665 -0.2836 2.5591, -1.3059 -0.2362 2.5591, -1.2862 -0.2836 2.5591, -1.2795 -0.3346 2.5591, -1.8871 -1.1621 2.5591, -1.5748 -0.1641 2.5591, -1.5273 -0.1445 2.5591, -1.4764 -0.1377 2.5591, -1.4254 -0.1445 2.5591, -1.2862 -0.3855 2.5591, -1.6469 -0.2362 2.5591, -1.6156 -0.1954 2.5591, -0.7874 -1.2204 2.1654, 0.7874 -1.2204 2.1654, -1.2992 -1.2204 0.9843, -1.2992 -1.2204 1.063, -0.6693 -1.2204 1.063, -0.6693 -1.2204 0.9843, -0.315 -1.2204 0.9843, 0.315 -1.2204 0.9843, 0.315 -1.2204 1.063, -0.315 -1.2204 1.063, 0.6693 -1.2204 0.9843, 1.2992 -1.2204 0.9843, 1.2992 -1.2204 1.063, 0.6693 -1.2204 1.063, -1.6665 2.6691 2.874, -1.6469 2.7166 2.874, -1.6156 2.7574 2.874, -1.5748 2.7886 2.874, -1.5273 2.8083 2.874, -1.4764 2.815 2.874, -1.4254 2.8083 2.874, -1.378 2.7886 2.874, -1.3372 2.7574 2.874, -1.3059 2.7166 2.874, -1.2862 2.6691 2.874, -1.2795 2.6182 2.874, -1.2862 2.5672 2.874, -1.3059 2.5197 2.874, -1.3372 2.479 2.874, -1.378 2.4477 2.874, -1.4254 2.428 2.874, -1.4764 2.4213 2.874, -1.5273 2.428 2.874, -1.5748 2.4477 2.874, -1.6156 2.479 2.874, -1.6469 2.5197 2.874, -1.6665 2.5672 2.874, -1.6732 2.6182 2.874, -1.3741 2.5591 2.9528, -1.3623 2.5876 2.9528, -1.4764 2.6182 2.9528, -1.3583 2.6182 2.9528, -1.3623 2.6487 2.9528, -1.4458 2.5041 2.9528, -1.4173 2.5159 2.9528, -1.3929 2.5346 2.9528, -1.5354 2.5159 2.9528, -1.5069 2.5041 2.9528, -1.4764 2.5 2.9528, -1.5905 2.5876 2.9528, -1.5787 2.5591 2.9528, -1.5599 2.5346 2.9528, -1.5787 2.6772 2.9528, -1.5905 2.6487 2.9528, -1.5945 2.6182 2.9528, -1.5069 2.7322 2.9528, -1.5354 2.7204 2.9528, -1.5599 2.7017 2.9528, -1.4173 2.7204 2.9528, -1.4458 2.7322 2.9528, -1.4764 2.7363 2.9528, -1.3741 2.6772 2.9528, -1.3929 2.7017 2.9528, -1.6665 -0.2836 2.874, -1.6469 -0.2362 2.874, -1.6156 -0.1954 2.874, -1.5748 -0.1641 2.874, -1.5273 -0.1445 2.874, -1.4764 -0.1377 2.874, -1.4254 -0.1445 2.874, -1.378 -0.1641 2.874, -1.3372 -0.1954 2.874, -1.3059 -0.2362 2.874, -1.2862 -0.2836 2.874, -1.2795 -0.3346 2.874, -1.2862 -0.3855 2.874, -1.3059 -0.433 2.874, -1.3372 -0.4738 2.874, -1.378 -0.5051 2.874, -1.4254 -0.5247 2.874, -1.4764 -0.5314 2.874, -1.5273 -0.5247 2.874, -1.5748 -0.5051 2.874, -1.6156 -0.4738 2.874, -1.6469 -0.433 2.874, -1.6665 -0.3855 2.874, -1.6732 -0.3346 2.874, -1.3741 -0.3937 2.9528, -1.3623 -0.3652 2.9528, -1.4764 -0.3346 2.9528, -1.3583 -0.3346 2.9528, -1.3623 -0.304 2.9528, -1.4458 -0.4487 2.9528, -1.4173 -0.4369 2.9528, -1.3929 -0.4181 2.9528, -1.5354 -0.4369 2.9528, -1.5069 -0.4487 2.9528, -1.4764 -0.4527 2.9528, -1.5905 -0.3652 2.9528, -1.5787 -0.3937 2.9528, -1.5599 -0.4181 2.9528, -1.5787 -0.2755 2.9528, -1.5905 -0.304 2.9528, -1.5945 -0.3346 2.9528, -1.5069 -0.2205 2.9528, -1.5354 -0.2323 2.9528, -1.5599 -0.2511 2.9528, -1.4173 -0.2323 2.9528, -1.4458 -0.2205 2.9528, -1.4764 -0.2165 2.9528, -1.3741 -0.2755 2.9528, -1.3929 -0.2511 2.9528, 1.2862 -0.2836 2.874, 1.3059 -0.2362 2.874, 1.3372 -0.1954 2.874, 1.378 -0.1641 2.874, 1.4254 -0.1445 2.874, 1.4764 -0.1377 2.874, 1.5273 -0.1445 2.874, 1.5748 -0.1641 2.874, 1.6156 -0.1954 2.874, 1.6469 -0.2362 2.874, 1.6665 -0.2836 2.874, 1.6732 -0.3346 2.874, 1.6665 -0.3855 2.874, 1.6469 -0.433 2.874, 1.6156 -0.4738 2.874, 1.5748 -0.5051 2.874, 1.5273 -0.5247 2.874, 1.4764 -0.5314 2.874, 1.4254 -0.5247 2.874, 1.378 -0.5051 2.874, 1.3372 -0.4738 2.874, 1.3059 -0.433 2.874, 1.2862 -0.3855 2.874, 1.2795 -0.3346 2.874, 1.5787 -0.3937 2.9528, 1.5905 -0.3652 2.9528, 1.4764 -0.3346 2.9528, 1.5945 -0.3346 2.9528, 1.5905 -0.304 2.9528, 1.5069 -0.4487 2.9528, 1.5354 -0.4369 2.9528, 1.5599 -0.4181 2.9528, 1.4173 -0.4369 2.9528, 1.4458 -0.4487 2.9528, 1.4764 -0.4527 2.9528, 1.3623 -0.3652 2.9528, 1.3741 -0.3937 2.9528, 1.3929 -0.4181 2.9528, 1.3741 -0.2755 2.9528, 1.3623 -0.304 2.9528, 1.3583 -0.3346 2.9528, 1.4458 -0.2205 2.9528, 1.4173 -0.2323 2.9528, 1.3929 -0.2511 2.9528, 1.5354 -0.2323 2.9528, 1.5069 -0.2205 2.9528, 1.4764 -0.2165 2.9528, 1.5787 -0.2755 2.9528, 1.5599 -0.2511 2.9528, 1.2862 2.6691 2.874, 1.3059 2.7166 2.874, 1.3372 2.7574 2.874, 1.378 2.7886 2.874, 1.4254 2.8083 2.874, 1.4764 2.815 2.874, 1.5273 2.8083 2.874, 1.5748 2.7886 2.874, 1.6156 2.7574 2.874, 1.6469 2.7166 2.874, 1.6665 2.6691 2.874, 1.6732 2.6182 2.874, 1.6665 2.5672 2.874, 1.6469 2.5197 2.874, 1.6156 2.479 2.874, 1.5748 2.4477 2.874, 1.5273 2.428 2.874, 1.4764 2.4213 2.874, 1.4254 2.428 2.874, 1.378 2.4477 2.874, 1.3372 2.479 2.874, 1.3059 2.5197 2.874, 1.2862 2.5672 2.874, 1.2795 2.6182 2.874, 1.5787 2.5591 2.9528, 1.5905 2.5876 2.9528, 1.4764 2.6182 2.9528, 1.5945 2.6182 2.9528, 1.5905 2.6487 2.9528, 1.5069 2.5041 2.9528, 1.5354 2.5159 2.9528, 1.5599 2.5346 2.9528, 1.4173 2.5159 2.9528, 1.4458 2.5041 2.9528, 1.4764 2.5 2.9528, 1.3623 2.5876 2.9528, 1.3741 2.5591 2.9528, 1.3929 2.5346 2.9528, 1.3741 2.6772 2.9528, 1.3623 2.6487 2.9528, 1.3583 2.6182 2.9528, 1.4458 2.7322 2.9528, 1.4173 2.7204 2.9528, 1.3929 2.7017 2.9528, 1.5354 2.7204 2.9528, 1.5069 2.7322 2.9528, 1.4764 2.7363 2.9528, 1.5787 2.6772 2.9528, 1.5599 2.7017 2.9528, 1.6101 2.654 2.9501, 1.5963 2.6874 2.9501, 1.5743 2.7161 2.9501, 1.5456 2.7381 2.9501, 1.5122 2.7519 2.9501, 1.4764 2.7566 2.9501, 1.4405 2.7519 2.9501, 1.4071 2.7381 2.9501, 1.3785 2.7161 2.9501, 1.3564 2.6874 2.9501, 1.3426 2.654 2.9501, 1.3379 2.6182 2.9501, 1.3426 2.5823 2.9501, 1.3564 2.5489 2.9501, 1.3785 2.5202 2.9501, 1.4071 2.4982 2.9501, 1.4405 2.4844 2.9501, 1.4764 2.4797 2.9501, 1.5122 2.4844 2.9501, 1.5456 2.4982 2.9501, 1.5743 2.5202 2.9501, 1.5963 2.5489 2.9501, 1.6101 2.5823 2.9501, 1.6149 2.6182 2.9501, 1.6285 2.6589 2.9422, 1.6128 2.6969 2.9422, 1.5877 2.7295 2.9422, 1.5551 2.7545 2.9422, 1.5171 2.7703 2.9422, 1.4764 2.7756 2.9422, 1.4356 2.7703 2.9422, 1.3976 2.7545 2.9422, 1.365 2.7295 2.9422, 1.34 2.6969 2.9422, 1.3243 2.6589 2.9422, 1.3189 2.6182 2.9422, 1.3243 2.5774 2.9422, 1.34 2.5394 2.9422, 1.365 2.5068 2.9422, 1.3976 2.4818 2.9422, 1.4356 2.466 2.9422, 1.4764 2.4607 2.9422, 1.5171 2.466 2.9422, 1.5551 2.4818 2.9422, 1.5877 2.5068 2.9422, 1.6128 2.5394 2.9422, 1.6285 2.5774 2.9422, 1.6339 2.6182 2.9422, 1.6442 2.6631 2.9297, 1.6269 2.7051 2.9297, 1.5993 2.741 2.9297, 1.5633 2.7687 2.9297, 1.5214 2.786 2.9297, 1.4764 2.7919 2.9297, 1.4314 2.786 2.9297, 1.3895 2.7687 2.9297, 1.3535 2.741 2.9297, 1.3259 2.7051 2.9297, 1.3085 2.6631 2.9297, 1.3026 2.6182 2.9297, 1.3085 2.5732 2.9297, 1.3259 2.5313 2.9297, 1.3535 2.4953 2.9297, 1.3895 2.4677 2.9297, 1.4314 2.4503 2.9297, 1.4764 2.4444 2.9297, 1.5214 2.4503 2.9297, 1.5633 2.4677 2.9297, 1.5993 2.4953 2.9297, 1.6269 2.5313 2.9297, 1.6442 2.5732 2.9297, 1.6502 2.6182 2.9297, 1.6563 2.6664 2.9134, 1.6377 2.7113 2.9134, 1.6081 2.7499 2.9134, 1.5695 2.7795 2.9134, 1.5246 2.7981 2.9134, 1.4764 2.8045 2.9134, 1.4282 2.7981 2.9134, 1.3832 2.7795 2.9134, 1.3446 2.7499 2.9134, 1.315 2.7113 2.9134, 1.2964 2.6664 2.9134, 1.2901 2.6182 2.9134, 1.2964 2.5699 2.9134, 1.315 2.525 2.9134, 1.3446 2.4864 2.9134, 1.3832 2.4568 2.9134, 1.4282 2.4382 2.9134, 1.4764 2.4319 2.9134, 1.5246 2.4382 2.9134, 1.5695 2.4568 2.9134, 1.6081 2.4864 2.9134, 1.6377 2.525 2.9134, 1.6563 2.5699 2.9134, 1.6627 2.6182 2.9134, 1.6639 2.6684 2.8944, 1.6445 2.7152 2.8944, 1.6137 2.7555 2.8944, 1.5735 2.7863 2.8944, 1.5266 2.8057 2.8944, 1.4764 2.8123 2.8944, 1.4261 2.8057 2.8944, 1.3793 2.7863 2.8944, 1.3391 2.7555 2.8944, 1.3082 2.7152 2.8944, 1.2888 2.6684 2.8944, 1.2822 2.6182 2.8944, 1.2888 2.5679 2.8944, 1.3082 2.5211 2.8944, 1.3391 2.4809 2.8944, 1.3793 2.45 2.8944, 1.4261 2.4306 2.8944, 1.4764 2.424 2.8944, 1.5266 2.4306 2.8944, 1.5735 2.45 2.8944, 1.6137 2.4809 2.8944, 1.6445 2.5211 2.8944, 1.6639 2.5679 2.8944, 1.6705 2.6182 2.8944, -1.3426 2.654 2.9501, -1.3564 2.6874 2.9501, -1.3785 2.7161 2.9501, -1.4071 2.7381 2.9501, -1.4405 2.7519 2.9501, -1.4764 2.7566 2.9501, -1.5122 2.7519 2.9501, -1.5456 2.7381 2.9501, -1.5743 2.7161 2.9501, -1.5963 2.6874 2.9501, -1.6101 2.654 2.9501, -1.6149 2.6182 2.9501, -1.6101 2.5823 2.9501, -1.5963 2.5489 2.9501, -1.5743 2.5202 2.9501, -1.5456 2.4982 2.9501, -1.5122 2.4844 2.9501, -1.4764 2.4797 2.9501, -1.4405 2.4844 2.9501, -1.4071 2.4982 2.9501, -1.3785 2.5202 2.9501, -1.3564 2.5489 2.9501, -1.3426 2.5823 2.9501, -1.3379 2.6182 2.9501, -1.3243 2.6589 2.9422, -1.34 2.6969 2.9422, -1.365 2.7295 2.9422, -1.3976 2.7545 2.9422, -1.4356 2.7703 2.9422, -1.4764 2.7756 2.9422, -1.5171 2.7703 2.9422, -1.5551 2.7545 2.9422, -1.5877 2.7295 2.9422, -1.6128 2.6969 2.9422, -1.6285 2.6589 2.9422, -1.6339 2.6182 2.9422, -1.6285 2.5774 2.9422, -1.6128 2.5394 2.9422, -1.5877 2.5068 2.9422, -1.5551 2.4818 2.9422, -1.5171 2.466 2.9422, -1.4764 2.4607 2.9422, -1.4356 2.466 2.9422, -1.3976 2.4818 2.9422, -1.365 2.5068 2.9422, -1.34 2.5394 2.9422, -1.3243 2.5774 2.9422, -1.3189 2.6182 2.9422, -1.3085 2.6631 2.9297, -1.3259 2.7051 2.9297, -1.3535 2.741 2.9297, -1.3895 2.7687 2.9297, -1.4314 2.786 2.9297, -1.4764 2.7919 2.9297, -1.5214 2.786 2.9297, -1.5633 2.7687 2.9297, -1.5993 2.741 2.9297, -1.6269 2.7051 2.9297, -1.6442 2.6631 2.9297, -1.6502 2.6182 2.9297, -1.6442 2.5732 2.9297, -1.6269 2.5313 2.9297, -1.5993 2.4953 2.9297, -1.5633 2.4677 2.9297, -1.5214 2.4503 2.9297, -1.4764 2.4444 2.9297, -1.4314 2.4503 2.9297, -1.3895 2.4677 2.9297, -1.3535 2.4953 2.9297, -1.3259 2.5313 2.9297, -1.3085 2.5732 2.9297, -1.3026 2.6182 2.9297, -1.2964 2.6664 2.9134, -1.315 2.7113 2.9134, -1.3446 2.7499 2.9134, -1.3832 2.7795 2.9134, -1.4282 2.7981 2.9134, -1.4764 2.8045 2.9134, -1.5246 2.7981 2.9134, -1.5695 2.7795 2.9134, -1.6081 2.7499 2.9134, -1.6377 2.7113 2.9134, -1.6563 2.6664 2.9134, -1.6627 2.6182 2.9134, -1.6563 2.5699 2.9134, -1.6377 2.525 2.9134, -1.6081 2.4864 2.9134, -1.5695 2.4568 2.9134, -1.5246 2.4382 2.9134, -1.4764 2.4319 2.9134, -1.4282 2.4382 2.9134, -1.3832 2.4568 2.9134, -1.3446 2.4864 2.9134, -1.315 2.525 2.9134, -1.2964 2.5699 2.9134, -1.2901 2.6182 2.9134, -1.2888 2.6684 2.8944, -1.3082 2.7152 2.8944, -1.3391 2.7555 2.8944, -1.3793 2.7863 2.8944, -1.4261 2.8057 2.8944, -1.4764 2.8123 2.8944, -1.5266 2.8057 2.8944, -1.5735 2.7863 2.8944, -1.6137 2.7555 2.8944, -1.6445 2.7152 2.8944, -1.6639 2.6684 2.8944, -1.6705 2.6182 2.8944, -1.6639 2.5679 2.8944, -1.6445 2.5211 2.8944, -1.6137 2.4809 2.8944, -1.5735 2.45 2.8944, -1.5266 2.4306 2.8944, -1.4764 2.424 2.8944, -1.4261 2.4306 2.8944, -1.3793 2.45 2.8944, -1.3391 2.4809 2.8944, -1.3082 2.5211 2.8944, -1.2888 2.5679 2.8944, -1.2822 2.6182 2.8944, 1.6101 -0.2988 2.9501, 1.5963 -0.2654 2.9501, 1.5743 -0.2367 2.9501, 1.5456 -0.2147 2.9501, 1.5122 -0.2008 2.9501, 1.4764 -0.1961 2.9501, 1.4405 -0.2008 2.9501, 1.4071 -0.2147 2.9501, 1.3785 -0.2367 2.9501, 1.3564 -0.2654 2.9501, 1.3426 -0.2988 2.9501, 1.3379 -0.3346 2.9501, 1.3426 -0.3704 2.9501, 1.3564 -0.4038 2.9501, 1.3785 -0.4325 2.9501, 1.4071 -0.4545 2.9501, 1.4405 -0.4684 2.9501, 1.4764 -0.4731 2.9501, 1.5122 -0.4684 2.9501, 1.5456 -0.4545 2.9501, 1.5743 -0.4325 2.9501, 1.5963 -0.4038 2.9501, 1.6101 -0.3704 2.9501, 1.6149 -0.3346 2.9501, 1.6285 -0.2938 2.9422, 1.6128 -0.2559 2.9422, 1.5877 -0.2232 2.9422, 1.5551 -0.1982 2.9422, 1.5171 -0.1825 2.9422, 1.4764 -0.1771 2.9422, 1.4356 -0.1825 2.9422, 1.3976 -0.1982 2.9422, 1.365 -0.2232 2.9422, 1.34 -0.2559 2.9422, 1.3243 -0.2938 2.9422, 1.3189 -0.3346 2.9422, 1.3243 -0.3754 2.9422, 1.34 -0.4133 2.9422, 1.365 -0.446 2.9422, 1.3976 -0.471 2.9422, 1.4356 -0.4867 2.9422, 1.4764 -0.4921 2.9422, 1.5171 -0.4867 2.9422, 1.5551 -0.471 2.9422, 1.5877 -0.446 2.9422, 1.6128 -0.4133 2.9422, 1.6285 -0.3754 2.9422, 1.6339 -0.3346 2.9422, 1.6442 -0.2896 2.9297, 1.6269 -0.2477 2.9297, 1.5993 -0.2117 2.9297, 1.5633 -0.1841 2.9297, 1.5214 -0.1667 2.9297, 1.4764 -0.1608 2.9297, 1.4314 -0.1667 2.9297, 1.3895 -0.1841 2.9297, 1.3535 -0.2117 2.9297, 1.3259 -0.2477 2.9297, 1.3085 -0.2896 2.9297, 1.3026 -0.3346 2.9297, 1.3085 -0.3796 2.9297, 1.3259 -0.4215 2.9297, 1.3535 -0.4575 2.9297, 1.3895 -0.4851 2.9297, 1.4314 -0.5025 2.9297, 1.4764 -0.5084 2.9297, 1.5214 -0.5025 2.9297, 1.5633 -0.4851 2.9297, 1.5993 -0.4575 2.9297, 1.6269 -0.4215 2.9297, 1.6442 -0.3796 2.9297, 1.6502 -0.3346 2.9297, 1.6563 -0.2864 2.9134, 1.6377 -0.2414 2.9134, 1.6081 -0.2029 2.9134, 1.5695 -0.1733 2.9134, 1.5246 -0.1546 2.9134, 1.4764 -0.1483 2.9134, 1.4282 -0.1546 2.9134, 1.3832 -0.1733 2.9134, 1.3446 -0.2029 2.9134, 1.315 -0.2414 2.9134, 1.2964 -0.2864 2.9134, 1.2901 -0.3346 2.9134, 1.2964 -0.3828 2.9134, 1.315 -0.4277 2.9134, 1.3446 -0.4663 2.9134, 1.3832 -0.4959 2.9134, 1.4282 -0.5145 2.9134, 1.4764 -0.5209 2.9134, 1.5246 -0.5145 2.9134, 1.5695 -0.4959 2.9134, 1.6081 -0.4663 2.9134, 1.6377 -0.4277 2.9134, 1.6563 -0.3828 2.9134, 1.6627 -0.3346 2.9134, 1.6639 -0.2843 2.8944, 1.6445 -0.2375 2.8944, 1.6137 -0.1973 2.8944, 1.5735 -0.1664 2.8944, 1.5266 -0.147 2.8944, 1.4764 -0.1404 2.8944, 1.4261 -0.147 2.8944, 1.3793 -0.1664 2.8944, 1.3391 -0.1973 2.8944, 1.3082 -0.2375 2.8944, 1.2888 -0.2843 2.8944, 1.2822 -0.3346 2.8944, 1.2888 -0.3848 2.8944, 1.3082 -0.4317 2.8944, 1.3391 -0.4719 2.8944, 1.3793 -0.5027 2.8944, 1.4261 -0.5221 2.8944, 1.4764 -0.5288 2.8944, 1.5266 -0.5221 2.8944, 1.5735 -0.5027 2.8944, 1.6137 -0.4719 2.8944, 1.6445 -0.4317 2.8944, 1.6639 -0.3848 2.8944, 1.6705 -0.3346 2.8944, -1.3426 -0.2988 2.9501, -1.3564 -0.2654 2.9501, -1.3785 -0.2367 2.9501, -1.4071 -0.2147 2.9501, -1.4405 -0.2008 2.9501, -1.4764 -0.1961 2.9501, -1.5122 -0.2008 2.9501, -1.5456 -0.2147 2.9501, -1.5743 -0.2367 2.9501, -1.5963 -0.2654 2.9501, -1.6101 -0.2988 2.9501, -1.6149 -0.3346 2.9501, -1.6101 -0.3704 2.9501, -1.5963 -0.4038 2.9501, -1.5743 -0.4325 2.9501, -1.5456 -0.4545 2.9501, -1.5122 -0.4684 2.9501, -1.4764 -0.4731 2.9501, -1.4405 -0.4684 2.9501, -1.4071 -0.4545 2.9501, -1.3785 -0.4325 2.9501, -1.3564 -0.4038 2.9501, -1.3426 -0.3704 2.9501, -1.3379 -0.3346 2.9501, -1.3243 -0.2938 2.9422, -1.34 -0.2559 2.9422, -1.365 -0.2232 2.9422, -1.3976 -0.1982 2.9422, -1.4356 -0.1825 2.9422, -1.4764 -0.1771 2.9422, -1.5171 -0.1825 2.9422, -1.5551 -0.1982 2.9422, -1.5877 -0.2232 2.9422, -1.6128 -0.2559 2.9422, -1.6285 -0.2938 2.9422, -1.6339 -0.3346 2.9422, -1.6285 -0.3754 2.9422, -1.6128 -0.4133 2.9422, -1.5877 -0.446 2.9422, -1.5551 -0.471 2.9422, -1.5171 -0.4867 2.9422, -1.4764 -0.4921 2.9422, -1.4356 -0.4867 2.9422, -1.3976 -0.471 2.9422, -1.365 -0.446 2.9422, -1.34 -0.4133 2.9422, -1.3243 -0.3754 2.9422, -1.3189 -0.3346 2.9422, -1.3085 -0.2896 2.9297, -1.3259 -0.2477 2.9297, -1.3535 -0.2117 2.9297, -1.3895 -0.1841 2.9297, -1.4314 -0.1667 2.9297, -1.4764 -0.1608 2.9297, -1.5214 -0.1667 2.9297, -1.5633 -0.1841 2.9297, -1.5993 -0.2117 2.9297, -1.6269 -0.2477 2.9297, -1.6442 -0.2896 2.9297, -1.6502 -0.3346 2.9297, -1.6442 -0.3796 2.9297, -1.6269 -0.4215 2.9297, -1.5993 -0.4575 2.9297, -1.5633 -0.4851 2.9297, -1.5214 -0.5025 2.9297, -1.4764 -0.5084 2.9297, -1.4314 -0.5025 2.9297, -1.3895 -0.4851 2.9297, -1.3535 -0.4575 2.9297, -1.3259 -0.4215 2.9297, -1.3085 -0.3796 2.9297, -1.3026 -0.3346 2.9297, -1.2964 -0.2864 2.9134, -1.315 -0.2414 2.9134, -1.3446 -0.2029 2.9134, -1.3832 -0.1733 2.9134, -1.4282 -0.1546 2.9134, -1.4764 -0.1483 2.9134, -1.5246 -0.1546 2.9134, -1.5695 -0.1733 2.9134, -1.6081 -0.2029 2.9134, -1.6377 -0.2414 2.9134, -1.6563 -0.2864 2.9134, -1.6627 -0.3346 2.9134, -1.6563 -0.3828 2.9134, -1.6377 -0.4277 2.9134, -1.6081 -0.4663 2.9134, -1.5695 -0.4959 2.9134, -1.5246 -0.5145 2.9134, -1.4764 -0.5209 2.9134, -1.4282 -0.5145 2.9134, -1.3832 -0.4959 2.9134, -1.3446 -0.4663 2.9134, -1.315 -0.4277 2.9134, -1.2964 -0.3828 2.9134, -1.2901 -0.3346 2.9134, -1.2888 -0.2843 2.8944, -1.3082 -0.2375 2.8944, -1.3391 -0.1973 2.8944, -1.3793 -0.1664 2.8944, -1.4261 -0.147 2.8944, -1.4764 -0.1404 2.8944, -1.5266 -0.147 2.8944, -1.5735 -0.1664 2.8944, -1.6137 -0.1973 2.8944, -1.6445 -0.2375 2.8944, -1.6639 -0.2843 2.8944, -1.6705 -0.3346 2.8944, -1.6639 -0.3848 2.8944, -1.6445 -0.4317 2.8944, -1.6137 -0.4719 2.8944, -1.5735 -0.5027 2.8944, -1.5266 -0.5221 2.8944, -1.4764 -0.5288 2.8944, -1.4261 -0.5221 2.8944, -1.3793 -0.5027 2.8944, -1.3391 -0.4719 2.8944, -1.3082 -0.4317 2.8944, -1.2888 -0.3848 2.8944, -1.2822 -0.3346 2.8944, -0.7874 -0.8267 2.1654, 0.7874 -0.8267 2.1654, 1.5421 3.1144 0.0, 1.5115 3.1018 0.0, 1.4853 3.0816 0.0, 1.4652 3.0554 0.0, 1.4526 3.0249 0.0, 1.4483 2.9922 0.0, 1.4526 2.9594 0.0, 1.4652 2.9289 0.0, 1.4853 2.9027 0.0, 1.5115 2.8826 0.0, 1.5421 2.87 0.0, 1.5748 2.8656 0.0, 1.6076 2.87 0.0, 1.6381 2.8826 0.0, 1.6643 2.9027 0.0, 1.6844 2.9289 0.0, 1.697 2.9594 0.0, 1.7013 2.9922 0.0, 1.697 3.0249 0.0, 1.6844 3.0554 0.0, 1.6643 3.0816 0.0, 1.6381 3.1018 0.0, 1.6076 3.1144 0.0, 1.5748 3.1187 0.0, 1.5066 2.9528 0.0, 1.4987 2.9718 0.0, 1.4961 2.9922 0.0, 1.4987 3.0126 0.0, 1.5066 3.0315 0.0, 1.5191 3.0479 0.0, 1.5354 3.0604 0.0, 1.5544 3.0682 0.0, 1.5748 3.0709 0.0, 1.5952 3.0682 0.0, 1.6142 3.0604 0.0, 1.6305 3.0479 0.0, 1.643 3.0315 0.0, 1.6509 3.0126 0.0, 1.6535 2.9922 0.0, 1.6509 2.9718 0.0, 1.643 2.9528 0.0, 1.6305 2.9365 0.0, 1.6142 2.924 0.0, 1.5952 2.9161 0.0, 1.5748 2.9134 0.0, 1.5544 2.9161 0.0, 1.5354 2.924 0.0, 1.5191 2.9365 0.0, -1.6076 3.1144 0.0, -1.6381 3.1018 0.0, -1.6643 3.0816 0.0, -1.6844 3.0554 0.0, -1.697 3.0249 0.0, -1.7013 2.9922 0.0, -1.697 2.9594 0.0, -1.6844 2.9289 0.0, -1.6643 2.9027 0.0, -1.6381 2.8826 0.0, -1.6076 2.87 0.0, -1.5748 2.8656 0.0, -1.5421 2.87 0.0, -1.5115 2.8826 0.0, -1.4853 2.9027 0.0, -1.4652 2.9289 0.0, -1.4526 2.9594 0.0, -1.4483 2.9922 0.0, -1.4526 3.0249 0.0, -1.4652 3.0554 0.0, -1.4853 3.0816 0.0, -1.5115 3.1018 0.0, -1.5421 3.1144 0.0, -1.5748 3.1187 0.0, -1.4961 2.9922 0.0, -1.4987 2.9718 0.0, -1.5066 2.9528 0.0, -1.5191 2.9365 0.0, -1.5354 2.924 0.0, -1.5544 2.9161 0.0, -1.5748 2.9134 0.0, -1.5952 2.9161 0.0, -1.6142 2.924 0.0, -1.6305 2.9365 0.0, -1.643 2.9528 0.0, -1.6509 2.9718 0.0, -1.6535 2.9922 0.0, -1.6509 3.0126 0.0, -1.643 3.0315 0.0, -1.6305 3.0479 0.0, -1.6142 3.0604 0.0, -1.5952 3.0682 0.0, -1.5748 3.0709 0.0, -1.5544 3.0682 0.0, -1.5354 3.0604 0.0, -1.5191 3.0479 0.0, -1.5066 3.0315 0.0, -1.4987 3.0126 0.0, 1.6643 -0.9949 0.0, 1.6381 -1.015 0.0, 1.6076 -1.0277 0.0, 1.5748 -1.032 0.0, 1.5421 -1.0277 0.0, 1.5115 -1.015 0.0, 1.4853 -0.9949 0.0, 1.4652 -0.9687 0.0, 1.4526 -0.9382 0.0, 1.4483 -0.9055 0.0, 1.4526 -0.8727 0.0, 1.4652 -0.8422 0.0, 1.4853 -0.816 0.0, 1.5115 -0.7959 0.0, 1.5421 -0.7832 0.0, 1.5748 -0.7789 0.0, 1.6076 -0.7832 0.0, 1.6381 -0.7959 0.0, 1.6643 -0.816 0.0, 1.6844 -0.8422 0.0, 1.697 -0.8727 0.0, 1.7013 -0.9055 0.0, 1.697 -0.9382 0.0, 1.6844 -0.9687 0.0, 1.4987 -0.8851 0.0, 1.5066 -0.8661 0.0, 1.5191 -0.8498 0.0, 1.5354 -0.8373 0.0, 1.5544 -0.8294 0.0, 1.5748 -0.8267 0.0, 1.5952 -0.8294 0.0, 1.6142 -0.8373 0.0, 1.6305 -0.8498 0.0, 1.643 -0.8661 0.0, 1.6509 -0.8851 0.0, 1.6535 -0.9055 0.0, 1.6509 -0.9258 0.0, 1.643 -0.9448 0.0, 1.6305 -0.9611 0.0, 1.6142 -0.9737 0.0, 1.5952 -0.9815 0.0, 1.5748 -0.9842 0.0, 1.5544 -0.9815 0.0, 1.5354 -0.9737 0.0, 1.5191 -0.9611 0.0, 1.5066 -0.9448 0.0, 1.4987 -0.9258 0.0, 1.4961 -0.9055 0.0, -1.4853 -0.9949 0.0, -1.5115 -1.015 0.0, -1.5421 -1.0277 0.0, -1.5748 -1.032 0.0, -1.6076 -1.0277 0.0, -1.6381 -1.015 0.0, -1.6643 -0.9949 0.0, -1.6844 -0.9687 0.0, -1.697 -0.9382 0.0, -1.7013 -0.9055 0.0, -1.697 -0.8727 0.0, -1.6844 -0.8422 0.0, -1.6643 -0.816 0.0, -1.6381 -0.7959 0.0, -1.6076 -0.7832 0.0, -1.5748 -0.7789 0.0, -1.5421 -0.7832 0.0, -1.5115 -0.7959 0.0, -1.4853 -0.816 0.0, -1.4652 -0.8422 0.0, -1.4526 -0.8727 0.0, -1.4483 -0.9055 0.0, -1.4526 -0.9382 0.0, -1.4652 -0.9687 0.0, -1.4987 -0.8851 0.0, -1.4961 -0.9055 0.0, -1.4987 -0.9258 0.0, -1.5066 -0.9448 0.0, -1.5191 -0.9611 0.0, -1.5354 -0.9737 0.0, -1.5544 -0.9815 0.0, -1.5748 -0.9842 0.0, -1.5952 -0.9815 0.0, -1.6142 -0.9737 0.0, -1.6305 -0.9611 0.0, -1.643 -0.9448 0.0, -1.6509 -0.9258 0.0, -1.6535 -0.9055 0.0, -1.6509 -0.8851 0.0, -1.643 -0.8661 0.0, -1.6305 -0.8498 0.0, -1.6142 -0.8373 0.0, -1.5952 -0.8294 0.0, -1.5748 -0.8267 0.0, -1.5544 -0.8294 0.0, -1.5354 -0.8373 0.0, -1.5191 -0.8498 0.0, -1.5066 -0.8661 0.0, -1.5618 -0.8571 0.0787, -1.5498 -0.8621 0.0787, -1.5394 -0.87 0.0787, -1.5314 -0.8804 0.0787, -1.5264 -0.8925 0.0787, -1.5247 -0.9055 0.0787, -1.5264 -0.9184 0.0787, -1.5314 -0.9305 0.0787, -1.5394 -0.9409 0.0787, -1.5498 -0.9488 0.0787, -1.5618 -0.9538 0.0787, -1.5748 -0.9555 0.0787, -1.5878 -0.9538 0.0787, -1.5998 -0.9488 0.0787, -1.6102 -0.9409 0.0787, -1.6182 -0.9305 0.0787, -1.6232 -0.9184 0.0787, -1.6249 -0.9055 0.0787, -1.6232 -0.8925 0.0787, -1.6182 -0.8804 0.0787, -1.6102 -0.87 0.0787, -1.5998 -0.8621 0.0787, -1.5878 -0.8571 0.0787, -1.5748 -0.8554 0.0787, -1.5748 -0.9055 0.0787, 1.5878 -0.8571 0.0787, 1.5998 -0.8621 0.0787, 1.6102 -0.87 0.0787, 1.6182 -0.8804 0.0787, 1.6232 -0.8925 0.0787, 1.6249 -0.9055 0.0787, 1.6232 -0.9184 0.0787, 1.6182 -0.9305 0.0787, 1.6102 -0.9409 0.0787, 1.5998 -0.9488 0.0787, 1.5878 -0.9538 0.0787, 1.5748 -0.9555 0.0787, 1.5618 -0.9538 0.0787, 1.5498 -0.9488 0.0787, 1.5394 -0.9409 0.0787, 1.5314 -0.9305 0.0787, 1.5264 -0.9184 0.0787, 1.5247 -0.9055 0.0787, 1.5264 -0.8925 0.0787, 1.5314 -0.8804 0.0787, 1.5394 -0.87 0.0787, 1.5498 -0.8621 0.0787, 1.5618 -0.8571 0.0787, 1.5748 -0.8554 0.0787, 1.5748 -0.9055 0.0787, -1.5618 3.0406 0.0787, -1.5498 3.0355 0.0787, -1.5394 3.0276 0.0787, -1.5314 3.0172 0.0787, -1.5264 3.0051 0.0787, -1.5247 2.9922 0.0787, -1.5264 2.9792 0.0787, -1.5314 2.9671 0.0787, -1.5394 2.9568 0.0787, -1.5498 2.9488 0.0787, -1.5618 2.9438 0.0787, -1.5748 2.9421 0.0787, -1.5878 2.9438 0.0787, -1.5998 2.9488 0.0787, -1.6102 2.9568 0.0787, -1.6182 2.9671 0.0787, -1.6232 2.9792 0.0787, -1.6249 2.9922 0.0787, -1.6232 3.0051 0.0787, -1.6182 3.0172 0.0787, -1.6102 3.0276 0.0787, -1.5998 3.0355 0.0787, -1.5878 3.0406 0.0787, -1.5748 3.0423 0.0787, -1.5748 2.9922 0.0787, 1.5878 3.0406 0.0787, 1.5998 3.0355 0.0787, 1.6102 3.0276 0.0787, 1.6182 3.0172 0.0787, 1.6232 3.0051 0.0787, 1.6249 2.9922 0.0787, 1.6232 2.9792 0.0787, 1.6182 2.9671 0.0787, 1.6102 2.9568 0.0787, 1.5998 2.9488 0.0787, 1.5878 2.9438 0.0787, 1.5748 2.9421 0.0787, 1.5618 2.9438 0.0787, 1.5498 2.9488 0.0787, 1.5394 2.9568 0.0787, 1.5314 2.9671 0.0787, 1.5264 2.9792 0.0787, 1.5247 2.9922 0.0787, 1.5264 3.0051 0.0787, 1.5314 3.0172 0.0787, 1.5394 3.0276 0.0787, 1.5498 3.0355 0.0787, 1.5618 3.0406 0.0787, 1.5748 3.0423 0.0787, 1.5748 2.9922 0.0787, 1.1417 1.0237 0.7087, 1.1723 1.0196 0.7087, 1.2008 1.0078 0.7087, 1.2252 0.9891 0.7087, 1.244 0.9646 0.7087, 1.2558 0.9361 0.7087, 1.2598 0.9056 0.7087, 0.315 1.0237 0.7087, 0.1969 0.9056 0.7087, 0.2009 0.9361 0.7087, 0.2127 0.9646 0.7087, 0.2314 0.9891 0.7087, 0.2559 1.0078 0.7087, 0.2844 1.0196 0.7087, 0.1969 -0.0393 0.7087, 0.315 -0.1574 0.7087, 0.2844 -0.1534 0.7087, 0.2559 -0.1416 0.7087, 0.2314 -0.1228 0.7087, 0.2127 -0.0984 0.7087, 0.2009 -0.0699 0.7087, 1.1417 -0.1574 0.7087, 1.2598 -0.0393 0.7087, 1.2558 -0.0699 0.7087, 1.244 -0.0984 0.7087, 1.2252 -0.1228 0.7087, 1.2008 -0.1416 0.7087, 1.1723 -0.1534 0.7087
            ]
        }
        coordIndex [
            0,1,2,-1,3,2,1,-1,4,5,6,-1,6,5,7,-1,6,7,8,-1,8,7,9,-1,2,3,10,-1,8,9,10,-1,10,9,11,-1,10,11,2,-1,12,13,14,-1,14,13,15,-1,15,13,16,-1,16,13,17,-1,18,19,20,-1,20,19,21,-1,21,19,22,-1,22,19,23,-1,24,25,26,-1,26,25,27,-1,27,25,28,-1,28,25,29,-1,30,31,32,-1,32,31,33,-1,33,31,34,-1,34,31,35,-1,36,37,38,-1,38,37,39,-1,39,37,40,-1,40,37,41,-1,42,43,44,-1,44,43,45,-1,45,43,46,-1,46,43,47,-1,48,49,50,-1,50,49,51,-1,51,49,52,-1,52,49,53,-1,54,55,56,-1,56,55,57,-1,57,55,58,-1,58,55,59,-1,60,61,62,-1,62,61,63,-1,63,61,64,-1,64,61,65,-1,66,67,68,-1,68,67,69,-1,69,67,70,-1,70,67,71,-1,72,73,74,-1,74,73,75,-1,75,73,76,-1,76,73,77,-1,78,79,80,-1,80,79,81,-1,81,79,82,-1,82,79,83,-1,84,85,86,-1,86,85,87,-1,87,85,88,-1,88,85,89,-1,90,91,92,-1,92,91,93,-1,93,91,94,-1,94,91,95,-1,96,97,98,-1,98,97,99,-1,99,97,100,-1,100,97,101,-1,102,103,104,-1,104,103,105,-1,105,103,106,-1,106,103,107,-1,108,109,110,-1,110,109,111,-1,111,109,112,-1,112,109,113,-1,114,115,116,-1,116,115,117,-1,117,115,118,-1,118,115,119,-1,120,121,122,-1,122,121,123,-1,123,121,124,-1,124,121,125,-1,126,127,128,-1,128,127,129,-1,129,127,130,-1,130,127,131,-1,132,133,134,-1,134,133,135,-1,135,133,136,-1,136,133,137,-1,138,139,140,-1,140,139,141,-1,141,139,142,-1,142,139,143,-1,144,145,146,-1,146,145,147,-1,147,145,148,-1,148,145,149,-1,150,151,152,-1,152,151,153,-1,153,151,154,-1,154,151,155,-1,156,157,158,-1,158,157,159,-1,159,157,160,-1,160,157,161,-1,162,163,164,-1,164,163,165,-1,165,163,166,-1,166,163,167,-1,168,169,170,-1,170,169,171,-1,171,169,172,-1,172,169,173,-1,174,175,176,-1,176,175,177,-1,177,175,178,-1,178,175,179,-1,180,181,182,-1,182,181,183,-1,183,181,184,-1,184,181,185,-1,32,186,187,-1,62,188,189,-1,68,190,191,-1,82,192,193,-1,98,194,195,-1,106,196,197,-1,128,198,199,-1,158,200,201,-1,164,202,203,-1,5,204,205,-1,172,176,206,-1,206,176,207,-1,207,176,208,-1,207,208,178,-1,178,182,207,-1,207,182,209,-1,207,209,205,-1,205,209,184,-1,205,184,5,-1,202,166,203,-1,203,166,170,-1,203,170,206,-1,206,170,210,-1,206,210,172,-1,201,200,203,-1,203,200,160,-1,203,160,164,-1,211,212,142,-1,142,146,211,-1,211,146,213,-1,211,213,214,-1,214,213,148,-1,148,152,214,-1,214,152,215,-1,214,215,201,-1,201,215,154,-1,201,154,158,-1,212,211,140,-1,140,211,216,-1,140,216,136,-1,198,130,199,-1,199,130,134,-1,199,134,216,-1,216,134,217,-1,216,217,136,-1,196,116,197,-1,197,116,218,-1,197,218,219,-1,219,218,118,-1,118,122,219,-1,219,122,220,-1,219,220,199,-1,199,220,124,-1,199,124,128,-1,112,104,221,-1,221,104,197,-1,197,104,222,-1,197,222,106,-1,194,100,195,-1,195,100,110,-1,195,110,221,-1,221,110,223,-1,221,223,112,-1,192,86,193,-1,193,86,224,-1,193,224,225,-1,225,224,88,-1,88,92,225,-1,225,92,226,-1,225,226,195,-1,195,226,94,-1,195,94,98,-1,76,80,227,-1,227,80,193,-1,193,80,228,-1,193,228,82,-1,190,70,191,-1,191,70,74,-1,191,74,227,-1,227,74,229,-1,227,229,76,-1,189,188,191,-1,191,188,64,-1,191,64,68,-1,230,46,231,-1,231,46,50,-1,231,50,232,-1,232,50,233,-1,232,233,52,-1,52,56,232,-1,232,56,234,-1,232,234,189,-1,189,234,58,-1,189,58,62,-1,230,231,44,-1,44,231,235,-1,44,235,40,-1,186,34,187,-1,187,34,38,-1,187,38,235,-1,235,38,236,-1,235,236,40,-1,16,20,237,-1,237,20,238,-1,237,238,239,-1,239,238,22,-1,22,26,239,-1,239,26,240,-1,239,240,187,-1,187,240,28,-1,187,28,32,-1,0,2,241,-1,241,2,14,-1,241,14,237,-1,237,14,242,-1,237,242,16,-1,182,178,180,-1,180,178,179,-1,181,180,243,-1,243,180,179,-1,243,179,175,-1,176,172,174,-1,174,172,173,-1,175,174,244,-1,244,174,173,-1,244,173,169,-1,170,166,168,-1,168,166,167,-1,168,167,169,-1,169,167,163,-1,164,160,162,-1,162,160,161,-1,161,157,162,-1,162,157,245,-1,162,245,163,-1,158,154,156,-1,156,154,155,-1,155,151,156,-1,156,151,246,-1,156,246,157,-1,152,148,150,-1,150,148,149,-1,149,145,150,-1,150,145,247,-1,150,247,151,-1,146,142,144,-1,144,142,143,-1,145,144,248,-1,248,144,143,-1,248,143,139,-1,140,136,138,-1,138,136,137,-1,139,138,249,-1,249,138,137,-1,249,137,133,-1,134,130,132,-1,132,130,131,-1,133,132,250,-1,250,132,131,-1,250,131,127,-1,128,124,126,-1,126,124,125,-1,127,126,251,-1,251,126,125,-1,251,125,121,-1,122,118,120,-1,120,118,119,-1,120,119,121,-1,121,119,115,-1,114,116,107,-1,107,116,196,-1,107,196,106,-1,107,103,114,-1,114,103,252,-1,114,252,115,-1,110,100,108,-1,108,100,101,-1,101,97,108,-1,108,97,253,-1,108,253,109,-1,104,112,102,-1,102,112,113,-1,113,109,102,-1,102,109,254,-1,102,254,103,-1,98,94,96,-1,96,94,95,-1,97,96,255,-1,255,96,95,-1,255,95,91,-1,92,88,90,-1,90,88,89,-1,91,90,256,-1,256,90,89,-1,256,89,85,-1,82,83,192,-1,192,83,84,-1,192,84,86,-1,85,84,257,-1,257,84,83,-1,257,83,79,-1,80,76,78,-1,78,76,77,-1,78,77,79,-1,79,77,73,-1,74,70,72,-1,72,70,71,-1,71,67,72,-1,72,67,258,-1,72,258,73,-1,68,64,66,-1,66,64,65,-1,65,61,66,-1,66,61,259,-1,66,259,67,-1,62,58,60,-1,60,58,59,-1,59,55,60,-1,60,55,260,-1,60,260,61,-1,56,52,54,-1,54,52,53,-1,53,49,54,-1,54,49,261,-1,54,261,55,-1,50,46,48,-1,48,46,47,-1,49,48,262,-1,262,48,47,-1,262,47,43,-1,44,40,42,-1,42,40,41,-1,43,42,263,-1,263,42,41,-1,263,41,37,-1,38,34,36,-1,36,34,35,-1,37,36,264,-1,264,36,35,-1,264,35,31,-1,32,28,30,-1,30,28,29,-1,30,29,31,-1,31,29,25,-1,26,22,24,-1,24,22,23,-1,23,19,24,-1,24,19,265,-1,24,265,25,-1,20,16,18,-1,18,16,17,-1,17,13,18,-1,18,13,266,-1,18,266,19,-1,14,2,12,-1,12,2,11,-1,11,9,12,-1,12,9,267,-1,12,267,13,-1,5,184,7,-1,7,184,185,-1,9,7,268,-1,268,7,185,-1,268,185,181,-1,55,269,270,-1,271,61,270,-1,270,61,260,-1,270,260,55,-1,73,258,272,-1,272,258,67,-1,272,67,271,-1,271,67,259,-1,271,259,61,-1,273,85,274,-1,274,85,257,-1,274,257,272,-1,272,257,79,-1,272,79,73,-1,275,91,273,-1,273,91,256,-1,273,256,85,-1,276,97,275,-1,275,97,255,-1,275,255,91,-1,277,109,276,-1,276,109,253,-1,276,253,97,-1,115,252,278,-1,278,252,103,-1,278,103,277,-1,277,103,254,-1,277,254,109,-1,279,127,280,-1,280,127,251,-1,280,251,278,-1,278,251,121,-1,278,121,115,-1,281,133,279,-1,279,133,250,-1,279,250,127,-1,282,139,281,-1,281,139,249,-1,281,249,133,-1,283,145,282,-1,282,145,248,-1,282,248,139,-1,284,151,283,-1,283,151,247,-1,283,247,145,-1,163,245,285,-1,285,245,157,-1,285,157,284,-1,284,157,246,-1,284,246,151,-1,286,175,287,-1,287,175,244,-1,287,244,285,-1,285,244,169,-1,285,169,163,-1,288,181,286,-1,286,181,243,-1,286,243,175,-1,289,9,288,-1,288,9,268,-1,288,268,181,-1,290,13,289,-1,289,13,267,-1,289,267,9,-1,25,265,291,-1,291,265,19,-1,291,19,290,-1,290,19,266,-1,290,266,13,-1,292,37,293,-1,293,37,264,-1,293,264,291,-1,291,264,31,-1,291,31,25,-1,294,43,292,-1,292,43,263,-1,292,263,37,-1,55,261,269,-1,269,261,49,-1,269,49,294,-1,294,49,262,-1,294,262,43,-1,295,296,297,-1,298,299,300,-1,301,302,303,-1,304,305,306,-1,307,308,309,-1,310,311,312,-1,313,314,315,-1,315,314,316,-1,315,316,317,-1,318,319,320,-1,320,319,321,-1,320,321,322,-1,316,323,317,-1,317,323,324,-1,317,324,325,-1,325,324,320,-1,325,320,326,-1,326,320,322,-1,327,328,329,-1,330,331,332,-1,332,331,333,-1,333,334,332,-1,332,334,335,-1,332,335,336,-1,337,338,339,-1,339,338,340,-1,330,332,341,-1,341,332,342,-1,341,342,343,-1,344,345,340,-1,340,345,346,-1,340,346,347,-1,347,348,340,-1,340,348,349,-1,340,349,339,-1,337,350,338,-1,338,350,351,-1,338,351,352,-1,352,353,338,-1,338,353,354,-1,338,354,355,-1,354,356,355,-1,355,356,357,-1,355,357,358,-1,358,357,329,-1,358,329,359,-1,359,329,328,-1,343,342,329,-1,329,342,360,-1,329,360,327,-1,361,362,363,-1,363,362,364,-1,363,364,365,-1,365,366,363,-1,363,366,367,-1,363,367,368,-1,369,370,371,-1,371,370,372,-1,371,372,373,-1,373,374,371,-1,371,374,375,-1,371,375,376,-1,377,378,379,-1,318,320,380,-1,380,320,381,-1,380,381,382,-1,378,383,379,-1,379,383,384,-1,379,384,385,-1,386,387,388,-1,388,387,389,-1,390,391,392,-1,392,391,393,-1,392,393,315,-1,315,393,394,-1,315,394,313,-1,382,395,380,-1,380,395,396,-1,380,396,379,-1,379,396,397,-1,379,397,377,-1,386,398,387,-1,387,398,399,-1,387,399,392,-1,392,399,400,-1,392,400,390,-1,401,402,403,-1,404,405,406,-1,406,405,407,-1,406,407,408,-1,409,410,403,-1,403,402,376,-1,376,402,411,-1,376,411,412,-1,410,413,403,-1,403,413,414,-1,403,414,401,-1,407,415,408,-1,408,415,416,-1,408,416,417,-1,417,418,408,-1,408,418,419,-1,408,419,409,-1,412,420,376,-1,376,420,421,-1,376,421,371,-1,371,421,422,-1,371,422,423,-1,424,425,426,-1,426,425,371,-1,426,371,427,-1,427,371,423,-1,424,428,425,-1,425,428,429,-1,425,429,406,-1,406,429,430,-1,406,430,404,-1,431,432,433,-1,431,434,432,-1,432,434,435,-1,432,435,436,-1,437,438,439,-1,439,438,440,-1,440,441,439,-1,439,441,442,-1,439,442,443,-1,436,444,432,-1,432,444,445,-1,432,445,446,-1,446,447,439,-1,439,447,448,-1,439,448,437,-1,449,450,296,-1,296,450,451,-1,296,452,433,-1,433,452,453,-1,433,453,431,-1,451,454,296,-1,296,454,455,-1,296,455,452,-1,456,295,457,-1,457,295,458,-1,442,459,443,-1,443,459,460,-1,443,460,295,-1,295,460,461,-1,295,461,458,-1,456,462,295,-1,295,462,463,-1,295,463,296,-1,296,463,464,-1,296,464,449,-1,465,466,467,-1,465,468,466,-1,466,468,469,-1,466,469,470,-1,470,471,466,-1,466,471,472,-1,466,472,473,-1,474,475,476,-1,477,478,479,-1,479,478,480,-1,479,480,481,-1,481,482,479,-1,479,482,483,-1,479,483,467,-1,467,483,484,-1,467,484,465,-1,475,474,485,-1,312,311,486,-1,486,311,487,-1,486,487,488,-1,489,490,491,-1,491,490,492,-1,491,492,493,-1,493,494,491,-1,491,494,495,-1,491,495,496,-1,496,497,498,-1,499,500,501,-1,501,500,502,-1,499,503,500,-1,500,503,504,-1,500,504,489,-1,489,504,505,-1,489,505,490,-1,506,507,500,-1,500,507,508,-1,500,508,502,-1,472,509,473,-1,473,509,510,-1,473,510,511,-1,511,510,512,-1,511,512,513,-1,513,512,514,-1,513,514,515,-1,515,514,516,-1,515,516,506,-1,506,516,517,-1,506,517,507,-1,518,519,520,-1,520,519,521,-1,520,521,522,-1,523,524,525,-1,525,524,526,-1,525,526,527,-1,527,528,525,-1,525,528,529,-1,525,529,520,-1,520,529,530,-1,520,530,518,-1,531,532,533,-1,533,532,534,-1,533,534,523,-1,523,534,535,-1,523,535,524,-1,536,537,531,-1,531,537,538,-1,531,538,532,-1,539,540,536,-1,536,540,541,-1,536,541,537,-1,542,543,544,-1,545,546,547,-1,547,546,548,-1,547,548,549,-1,544,550,542,-1,542,550,551,-1,542,551,539,-1,539,551,552,-1,539,552,540,-1,553,554,547,-1,547,554,555,-1,547,555,545,-1,549,556,547,-1,547,556,557,-1,547,557,542,-1,542,557,558,-1,542,558,543,-1,522,559,520,-1,520,559,560,-1,520,560,561,-1,561,560,562,-1,561,562,563,-1,563,562,564,-1,563,564,565,-1,565,564,566,-1,565,566,567,-1,567,566,568,-1,567,568,553,-1,553,568,569,-1,553,569,554,-1,570,571,572,-1,308,573,574,-1,575,576,577,-1,578,579,580,-1,576,581,577,-1,577,581,582,-1,577,582,578,-1,579,583,580,-1,580,583,584,-1,580,584,309,-1,309,584,585,-1,309,585,307,-1,586,587,588,-1,587,586,589,-1,589,586,590,-1,589,590,591,-1,592,593,594,-1,595,596,597,-1,592,594,598,-1,599,600,601,-1,601,600,597,-1,601,597,602,-1,602,597,596,-1,572,571,594,-1,594,571,603,-1,594,603,598,-1,593,604,594,-1,594,604,605,-1,594,605,597,-1,597,605,606,-1,597,606,595,-1,607,608,609,-1,609,608,610,-1,611,612,613,-1,613,612,614,-1,615,616,617,-1,616,618,617,-1,617,618,619,-1,617,619,610,-1,610,619,620,-1,610,620,609,-1,614,621,613,-1,613,621,622,-1,613,622,617,-1,617,622,623,-1,617,623,615,-1,624,625,626,-1,624,626,305,-1,627,628,613,-1,613,628,629,-1,613,629,611,-1,630,631,632,-1,632,631,633,-1,634,635,636,-1,636,635,637,-1,636,637,306,-1,306,637,638,-1,306,638,304,-1,639,640,641,-1,641,640,642,-1,641,642,632,-1,632,642,643,-1,632,643,630,-1,311,644,645,-1,645,644,646,-1,647,648,644,-1,644,648,649,-1,644,649,646,-1,646,649,650,-1,646,650,651,-1,651,650,652,-1,651,652,653,-1,654,655,487,-1,655,656,487,-1,487,656,657,-1,487,657,658,-1,659,660,661,-1,661,660,662,-1,661,662,663,-1,653,664,651,-1,651,664,665,-1,651,665,666,-1,667,668,651,-1,651,668,669,-1,670,671,672,-1,672,671,673,-1,669,674,651,-1,651,674,673,-1,651,673,675,-1,675,673,671,-1,666,676,651,-1,651,676,677,-1,651,677,667,-1,645,678,311,-1,311,678,679,-1,311,679,487,-1,487,679,680,-1,487,680,654,-1,658,681,487,-1,487,681,682,-1,487,682,661,-1,661,682,683,-1,661,683,659,-1,684,685,686,-1,686,685,687,-1,688,689,690,-1,690,689,691,-1,690,691,692,-1,693,694,695,-1,696,697,691,-1,693,695,698,-1,698,695,699,-1,698,699,700,-1,700,701,698,-1,698,701,702,-1,698,702,696,-1,697,703,691,-1,691,703,704,-1,691,704,692,-1,705,706,707,-1,708,709,710,-1,710,709,711,-1,710,711,712,-1,705,707,713,-1,688,714,689,-1,689,714,715,-1,689,715,710,-1,710,715,716,-1,710,716,708,-1,706,717,707,-1,707,717,718,-1,707,718,693,-1,693,718,719,-1,693,719,694,-1,610,720,617,-1,617,720,721,-1,617,721,613,-1,613,721,722,-1,613,722,627,-1,301,299,723,-1,723,299,298,-1,723,298,724,-1,725,726,727,-1,727,726,728,-1,727,728,729,-1,729,728,686,-1,729,686,644,-1,644,686,687,-1,644,687,647,-1,726,724,728,-1,728,724,298,-1,728,298,686,-1,686,298,300,-1,686,300,684,-1,684,300,661,-1,684,661,730,-1,730,661,663,-1,731,732,626,-1,446,439,432,-1,432,439,733,-1,432,733,734,-1,734,733,387,-1,734,387,608,-1,608,387,392,-1,608,392,610,-1,610,392,315,-1,610,315,720,-1,732,474,479,-1,479,474,476,-1,479,476,477,-1,735,736,737,-1,737,736,310,-1,737,310,738,-1,474,739,740,-1,741,742,740,-1,740,742,738,-1,740,738,474,-1,474,738,310,-1,474,310,485,-1,485,310,312,-1,732,731,474,-1,474,731,743,-1,474,743,739,-1,735,743,736,-1,736,743,731,-1,736,731,744,-1,744,731,626,-1,744,626,627,-1,627,626,625,-1,627,625,628,-1,745,746,747,-1,748,749,736,-1,750,751,752,-1,752,751,753,-1,747,754,745,-1,745,754,755,-1,745,755,756,-1,756,755,748,-1,756,748,644,-1,644,748,736,-1,644,736,729,-1,729,736,744,-1,729,744,727,-1,727,744,627,-1,727,627,725,-1,725,627,722,-1,749,757,736,-1,736,757,758,-1,736,758,759,-1,760,761,310,-1,310,761,762,-1,310,762,763,-1,759,764,736,-1,736,764,765,-1,736,765,766,-1,763,767,310,-1,310,767,768,-1,310,768,755,-1,754,752,755,-1,755,752,753,-1,755,753,310,-1,310,753,769,-1,310,769,311,-1,311,769,770,-1,311,770,644,-1,644,770,771,-1,644,771,756,-1,766,772,736,-1,736,772,773,-1,736,773,310,-1,310,773,774,-1,310,774,760,-1,661,775,776,-1,777,778,779,-1,779,778,498,-1,779,498,780,-1,301,303,299,-1,299,303,781,-1,299,781,300,-1,300,781,778,-1,300,778,661,-1,661,778,777,-1,661,777,775,-1,776,782,661,-1,661,782,780,-1,661,780,487,-1,487,780,498,-1,487,498,488,-1,488,498,497,-1,496,498,491,-1,491,498,778,-1,491,778,783,-1,783,778,781,-1,783,781,408,-1,408,781,303,-1,408,303,406,-1,406,303,302,-1,406,302,425,-1,295,784,443,-1,443,784,785,-1,443,785,439,-1,439,785,786,-1,439,786,733,-1,733,786,379,-1,733,379,387,-1,387,379,385,-1,387,385,389,-1,696,691,698,-1,698,691,787,-1,698,787,788,-1,788,787,632,-1,788,632,636,-1,636,632,633,-1,636,633,634,-1,500,520,506,-1,506,520,561,-1,506,561,515,-1,515,561,563,-1,515,563,513,-1,513,563,565,-1,513,565,511,-1,511,565,567,-1,511,567,473,-1,473,567,553,-1,473,553,466,-1,466,553,547,-1,789,790,791,-1,791,790,792,-1,791,792,793,-1,794,795,792,-1,792,795,796,-1,796,797,792,-1,792,797,798,-1,792,798,799,-1,799,798,800,-1,799,800,801,-1,801,802,799,-1,799,802,803,-1,799,803,804,-1,805,790,806,-1,806,790,807,-1,805,808,790,-1,790,808,809,-1,790,809,792,-1,792,809,810,-1,792,810,794,-1,811,812,297,-1,297,812,813,-1,814,815,790,-1,790,815,816,-1,790,816,807,-1,804,817,799,-1,799,817,818,-1,799,818,297,-1,297,818,819,-1,297,819,811,-1,813,820,297,-1,297,820,821,-1,297,821,822,-1,822,814,297,-1,297,814,790,-1,297,790,295,-1,295,790,789,-1,295,789,784,-1,578,580,577,-1,577,580,710,-1,577,710,707,-1,707,710,712,-1,707,712,713,-1,305,626,306,-1,306,626,732,-1,306,732,636,-1,636,732,479,-1,636,479,788,-1,788,479,467,-1,788,467,698,-1,698,467,466,-1,698,466,693,-1,693,466,547,-1,693,547,707,-1,707,547,542,-1,707,542,577,-1,799,574,792,-1,792,574,340,-1,792,340,793,-1,793,340,338,-1,308,574,309,-1,309,574,799,-1,309,799,580,-1,580,799,297,-1,580,297,710,-1,710,297,296,-1,710,296,689,-1,689,296,433,-1,689,433,691,-1,691,433,432,-1,691,432,787,-1,787,432,734,-1,787,734,632,-1,632,734,608,-1,632,608,641,-1,641,608,607,-1,641,607,639,-1,525,823,523,-1,523,823,824,-1,523,824,533,-1,533,824,825,-1,533,825,531,-1,531,825,826,-1,531,826,536,-1,536,826,827,-1,536,827,539,-1,539,827,828,-1,539,828,542,-1,542,828,590,-1,542,590,577,-1,577,590,586,-1,577,586,575,-1,575,586,588,-1,573,570,574,-1,574,570,572,-1,574,572,340,-1,340,572,332,-1,340,332,344,-1,344,332,336,-1,829,830,823,-1,831,832,833,-1,834,835,367,-1,367,835,836,-1,367,836,837,-1,375,838,376,-1,376,838,839,-1,376,839,403,-1,403,839,840,-1,403,840,841,-1,841,840,842,-1,841,842,843,-1,843,842,844,-1,843,844,845,-1,845,844,846,-1,845,846,847,-1,847,846,848,-1,847,848,849,-1,849,848,850,-1,849,850,851,-1,851,850,368,-1,851,368,852,-1,852,368,367,-1,852,367,853,-1,853,367,837,-1,853,854,852,-1,852,854,855,-1,852,855,856,-1,856,857,852,-1,852,857,858,-1,852,858,859,-1,830,860,823,-1,823,860,861,-1,823,861,862,-1,862,831,823,-1,823,831,833,-1,823,833,824,-1,824,833,863,-1,824,863,825,-1,825,863,864,-1,825,864,826,-1,826,864,865,-1,826,865,827,-1,827,865,866,-1,827,866,828,-1,828,866,867,-1,828,867,590,-1,590,867,600,-1,590,600,591,-1,591,600,599,-1,832,868,833,-1,833,868,869,-1,833,869,870,-1,409,403,408,-1,408,403,841,-1,408,841,783,-1,783,841,843,-1,783,843,491,-1,491,843,845,-1,491,845,489,-1,489,845,847,-1,489,847,500,-1,500,847,849,-1,500,849,520,-1,520,849,851,-1,520,851,525,-1,525,851,852,-1,525,852,823,-1,823,852,859,-1,823,859,829,-1,870,871,833,-1,833,871,872,-1,833,872,367,-1,367,872,873,-1,367,873,834,-1,838,375,874,-1,846,844,875,-1,363,368,876,-1,876,368,850,-1,876,850,875,-1,875,850,848,-1,875,848,846,-1,844,842,875,-1,875,842,840,-1,875,840,874,-1,874,840,839,-1,874,839,838,-1,877,878,879,-1,880,881,875,-1,875,881,882,-1,294,883,269,-1,269,883,884,-1,269,884,270,-1,279,280,885,-1,885,280,278,-1,885,278,277,-1,294,292,883,-1,883,292,293,-1,883,293,886,-1,886,293,291,-1,886,291,887,-1,882,888,875,-1,875,888,889,-1,875,889,876,-1,876,889,890,-1,891,892,893,-1,894,895,896,-1,896,895,897,-1,896,897,898,-1,284,896,285,-1,285,896,287,-1,898,899,896,-1,896,899,900,-1,896,900,901,-1,284,283,896,-1,896,283,282,-1,896,282,885,-1,885,282,281,-1,885,281,279,-1,291,290,887,-1,887,290,289,-1,887,289,901,-1,901,289,288,-1,901,288,896,-1,896,288,286,-1,896,286,287,-1,277,276,885,-1,885,276,275,-1,885,275,875,-1,875,275,273,-1,875,273,274,-1,274,272,875,-1,875,272,271,-1,875,271,270,-1,884,902,270,-1,270,902,903,-1,270,903,875,-1,875,903,904,-1,875,904,880,-1,891,893,905,-1,905,893,906,-1,905,906,894,-1,894,906,907,-1,894,907,895,-1,890,908,876,-1,876,908,909,-1,876,909,910,-1,910,909,893,-1,910,893,911,-1,911,893,892,-1,912,913,914,-1,913,915,914,-1,914,915,916,-1,914,916,917,-1,916,918,917,-1,917,918,919,-1,917,919,920,-1,921,922,896,-1,896,922,923,-1,920,924,917,-1,917,924,925,-1,917,925,885,-1,885,925,926,-1,885,926,927,-1,928,929,930,-1,927,931,885,-1,885,931,932,-1,885,932,933,-1,933,934,885,-1,885,934,935,-1,885,935,896,-1,896,935,936,-1,896,936,921,-1,912,914,930,-1,930,914,937,-1,930,937,928,-1,923,938,896,-1,896,938,939,-1,896,939,940,-1,940,939,941,-1,940,941,942,-1,942,941,930,-1,942,930,943,-1,943,930,929,-1,944,879,945,-1,945,879,946,-1,947,917,948,-1,948,917,885,-1,948,885,949,-1,949,885,950,-1,947,951,917,-1,917,951,952,-1,917,952,953,-1,944,954,879,-1,879,954,955,-1,879,955,956,-1,885,957,958,-1,959,960,961,-1,958,962,885,-1,885,962,963,-1,885,963,950,-1,953,964,917,-1,917,964,965,-1,917,965,966,-1,966,965,967,-1,966,967,968,-1,959,961,969,-1,946,879,961,-1,961,879,970,-1,961,970,969,-1,968,971,966,-1,966,971,972,-1,966,972,973,-1,973,972,961,-1,973,961,974,-1,974,961,960,-1,975,976,977,-1,975,977,978,-1,979,980,975,-1,975,980,981,-1,975,981,976,-1,874,982,983,-1,984,985,986,-1,986,985,987,-1,988,989,885,-1,977,990,978,-1,978,990,986,-1,978,986,991,-1,991,986,987,-1,983,992,874,-1,874,992,993,-1,874,993,875,-1,875,993,994,-1,875,994,995,-1,989,996,885,-1,885,996,997,-1,885,997,998,-1,982,874,986,-1,986,874,999,-1,986,999,984,-1,1000,1001,875,-1,875,1001,1002,-1,875,1002,885,-1,885,1002,1003,-1,885,1003,988,-1,956,957,879,-1,879,957,885,-1,879,885,877,-1,877,885,998,-1,877,998,979,-1,979,998,1004,-1,979,1004,980,-1,995,1005,875,-1,875,1005,1006,-1,875,1006,1000,-1,338,355,914,-1,785,784,917,-1,784,789,917,-1,917,789,791,-1,917,791,914,-1,914,791,793,-1,914,793,338,-1,318,380,966,-1,966,380,379,-1,966,379,917,-1,917,379,786,-1,917,786,785,-1,896,940,342,-1,342,332,896,-1,896,332,572,-1,896,572,594,-1,594,597,896,-1,896,597,600,-1,896,600,894,-1,894,600,867,-1,867,866,894,-1,894,866,865,-1,894,865,864,-1,864,863,894,-1,894,863,833,-1,894,833,367,-1,1007,975,978,-1,878,1008,879,-1,879,1008,970,-1,371,1009,1010,-1,978,371,1007,-1,1007,371,1010,-1,1007,1010,1008,-1,1008,1010,1011,-1,371,425,1009,-1,1009,425,302,-1,1009,302,1012,-1,1012,302,301,-1,725,722,1013,-1,301,723,1012,-1,1012,723,724,-1,1012,724,726,-1,1013,722,1014,-1,1014,722,721,-1,1014,721,720,-1,1015,1008,1016,-1,1016,1008,1011,-1,1016,1011,1013,-1,1013,1011,1012,-1,1013,1012,725,-1,725,1012,726,-1,1017,315,1018,-1,1018,315,317,-1,1018,317,1019,-1,720,315,1014,-1,1014,315,1017,-1,1014,1017,1015,-1,1015,1017,1020,-1,1015,1020,1008,-1,1008,1020,1019,-1,1008,1019,970,-1,970,1019,317,-1,889,1021,890,-1,890,1021,1022,-1,890,1022,908,-1,908,1022,1023,-1,908,1023,909,-1,909,1023,1024,-1,909,1024,893,-1,893,1024,1025,-1,893,1025,906,-1,906,1025,1026,-1,906,1026,907,-1,907,1026,1027,-1,907,1027,895,-1,895,1027,1028,-1,895,1028,897,-1,897,1028,1029,-1,897,1029,898,-1,898,1029,1030,-1,898,1030,899,-1,899,1030,1031,-1,899,1031,900,-1,900,1031,1032,-1,900,1032,901,-1,901,1032,1033,-1,901,1033,887,-1,887,1033,1034,-1,887,1034,886,-1,886,1034,1035,-1,886,1035,883,-1,883,1035,1036,-1,883,1036,884,-1,884,1036,1037,-1,884,1037,902,-1,902,1037,1038,-1,902,1038,903,-1,903,1038,1039,-1,903,1039,904,-1,904,1039,1040,-1,904,1040,880,-1,880,1040,1041,-1,880,1041,881,-1,881,1041,1042,-1,881,1042,882,-1,882,1042,1043,-1,882,1043,888,-1,888,1043,1044,-1,888,1044,889,-1,889,1044,1021,-1,1045,1046,1047,-1,1047,1046,1048,-1,1047,1048,1049,-1,1050,1051,1047,-1,1047,1051,1052,-1,1047,1052,1045,-1,1053,1054,1047,-1,1047,1054,1055,-1,1047,1055,1050,-1,1056,1057,1047,-1,1047,1057,1058,-1,1047,1058,1053,-1,1059,1060,1047,-1,1047,1060,1061,-1,1047,1061,1056,-1,1062,1063,1047,-1,1047,1063,1064,-1,1047,1064,1059,-1,1065,1066,1047,-1,1047,1066,1067,-1,1047,1067,1062,-1,1049,1068,1047,-1,1047,1068,1069,-1,1047,1069,1065,-1,994,1070,995,-1,995,1070,1071,-1,995,1071,1005,-1,1005,1071,1072,-1,1005,1072,1006,-1,1006,1072,1073,-1,1006,1073,1000,-1,1000,1073,1074,-1,1000,1074,1001,-1,1001,1074,1075,-1,1001,1075,1002,-1,1002,1075,1076,-1,1002,1076,1003,-1,1003,1076,1077,-1,1003,1077,988,-1,988,1077,1078,-1,988,1078,989,-1,989,1078,1079,-1,989,1079,996,-1,996,1079,1080,-1,996,1080,997,-1,997,1080,1081,-1,997,1081,998,-1,998,1081,1082,-1,998,1082,1004,-1,1004,1082,1083,-1,1004,1083,980,-1,980,1083,1084,-1,980,1084,981,-1,981,1084,1085,-1,981,1085,976,-1,976,1085,1086,-1,976,1086,977,-1,977,1086,1087,-1,977,1087,990,-1,990,1087,1088,-1,990,1088,986,-1,986,1088,1089,-1,986,1089,982,-1,982,1089,1090,-1,982,1090,983,-1,983,1090,1091,-1,983,1091,992,-1,992,1091,1092,-1,992,1092,993,-1,993,1092,1093,-1,993,1093,994,-1,994,1093,1070,-1,1094,1095,1096,-1,1096,1095,1097,-1,1096,1097,1098,-1,1099,1100,1096,-1,1096,1100,1101,-1,1096,1101,1094,-1,1102,1103,1096,-1,1096,1103,1104,-1,1096,1104,1099,-1,1105,1106,1096,-1,1096,1106,1107,-1,1096,1107,1102,-1,1108,1109,1096,-1,1096,1109,1110,-1,1096,1110,1105,-1,1111,1112,1096,-1,1096,1112,1113,-1,1096,1113,1108,-1,1114,1115,1096,-1,1096,1115,1116,-1,1096,1116,1111,-1,1098,1117,1096,-1,1096,1117,1118,-1,1096,1118,1114,-1,957,1119,958,-1,958,1119,1120,-1,958,1120,962,-1,962,1120,1121,-1,962,1121,963,-1,963,1121,1122,-1,963,1122,950,-1,950,1122,1123,-1,950,1123,949,-1,949,1123,1124,-1,949,1124,948,-1,948,1124,1125,-1,948,1125,947,-1,947,1125,1126,-1,947,1126,951,-1,951,1126,1127,-1,951,1127,952,-1,952,1127,1128,-1,952,1128,953,-1,953,1128,1129,-1,953,1129,964,-1,964,1129,1130,-1,964,1130,965,-1,965,1130,1131,-1,965,1131,967,-1,967,1131,1132,-1,967,1132,968,-1,968,1132,1133,-1,968,1133,971,-1,971,1133,1134,-1,971,1134,972,-1,972,1134,1135,-1,972,1135,961,-1,961,1135,1136,-1,961,1136,946,-1,946,1136,1137,-1,946,1137,945,-1,945,1137,1138,-1,945,1138,944,-1,944,1138,1139,-1,944,1139,954,-1,954,1139,1140,-1,954,1140,955,-1,955,1140,1141,-1,955,1141,956,-1,956,1141,1142,-1,956,1142,957,-1,957,1142,1119,-1,1143,1144,1145,-1,1145,1144,1146,-1,1145,1146,1147,-1,1148,1149,1145,-1,1145,1149,1150,-1,1145,1150,1143,-1,1151,1152,1145,-1,1145,1152,1153,-1,1145,1153,1148,-1,1154,1155,1145,-1,1145,1155,1156,-1,1145,1156,1151,-1,1157,1158,1145,-1,1145,1158,1159,-1,1145,1159,1154,-1,1160,1161,1145,-1,1145,1161,1162,-1,1145,1162,1157,-1,1163,1164,1145,-1,1145,1164,1165,-1,1145,1165,1160,-1,1147,1166,1145,-1,1145,1166,1167,-1,1145,1167,1163,-1,935,1168,936,-1,936,1168,1169,-1,936,1169,921,-1,921,1169,1170,-1,921,1170,922,-1,922,1170,1171,-1,922,1171,923,-1,923,1171,1172,-1,923,1172,938,-1,938,1172,1173,-1,938,1173,939,-1,939,1173,1174,-1,939,1174,941,-1,941,1174,1175,-1,941,1175,930,-1,930,1175,1176,-1,930,1176,912,-1,912,1176,1177,-1,912,1177,913,-1,913,1177,1178,-1,913,1178,915,-1,915,1178,1179,-1,915,1179,916,-1,916,1179,1180,-1,916,1180,918,-1,918,1180,1181,-1,918,1181,919,-1,919,1181,1182,-1,919,1182,920,-1,920,1182,1183,-1,920,1183,924,-1,924,1183,1184,-1,924,1184,925,-1,925,1184,1185,-1,925,1185,926,-1,926,1185,1186,-1,926,1186,927,-1,927,1186,1187,-1,927,1187,931,-1,931,1187,1188,-1,931,1188,932,-1,932,1188,1189,-1,932,1189,933,-1,933,1189,1190,-1,933,1190,934,-1,934,1190,1191,-1,934,1191,935,-1,935,1191,1168,-1,1192,1193,1194,-1,1194,1193,1195,-1,1194,1195,1196,-1,1197,1198,1194,-1,1194,1198,1199,-1,1194,1199,1192,-1,1200,1201,1194,-1,1194,1201,1202,-1,1194,1202,1197,-1,1203,1204,1194,-1,1194,1204,1205,-1,1194,1205,1200,-1,1206,1207,1194,-1,1194,1207,1208,-1,1194,1208,1203,-1,1209,1210,1194,-1,1194,1210,1211,-1,1194,1211,1206,-1,1212,1213,1194,-1,1194,1213,1214,-1,1194,1214,1209,-1,1196,1215,1194,-1,1194,1215,1216,-1,1194,1216,1212,-1,1195,1217,1196,-1,1196,1217,1218,-1,1196,1218,1215,-1,1215,1218,1219,-1,1215,1219,1216,-1,1216,1219,1220,-1,1216,1220,1212,-1,1212,1220,1221,-1,1212,1221,1213,-1,1213,1221,1222,-1,1213,1222,1214,-1,1214,1222,1223,-1,1214,1223,1209,-1,1209,1223,1224,-1,1209,1224,1210,-1,1210,1224,1225,-1,1210,1225,1211,-1,1211,1225,1226,-1,1211,1226,1206,-1,1206,1226,1227,-1,1206,1227,1207,-1,1207,1227,1228,-1,1207,1228,1208,-1,1208,1228,1229,-1,1208,1229,1203,-1,1203,1229,1230,-1,1203,1230,1204,-1,1204,1230,1231,-1,1204,1231,1205,-1,1205,1231,1232,-1,1205,1232,1200,-1,1200,1232,1233,-1,1200,1233,1201,-1,1201,1233,1234,-1,1201,1234,1202,-1,1202,1234,1235,-1,1202,1235,1197,-1,1197,1235,1236,-1,1197,1236,1198,-1,1198,1236,1237,-1,1198,1237,1199,-1,1199,1237,1238,-1,1199,1238,1192,-1,1192,1238,1239,-1,1192,1239,1193,-1,1193,1239,1240,-1,1193,1240,1195,-1,1195,1240,1217,-1,1240,1241,1217,-1,1217,1241,1242,-1,1217,1242,1218,-1,1218,1242,1243,-1,1218,1243,1219,-1,1219,1243,1244,-1,1219,1244,1220,-1,1220,1244,1245,-1,1220,1245,1221,-1,1221,1245,1246,-1,1221,1246,1222,-1,1222,1246,1247,-1,1222,1247,1223,-1,1223,1247,1248,-1,1223,1248,1224,-1,1224,1248,1249,-1,1224,1249,1225,-1,1225,1249,1250,-1,1225,1250,1226,-1,1226,1250,1251,-1,1226,1251,1227,-1,1227,1251,1252,-1,1227,1252,1228,-1,1228,1252,1253,-1,1228,1253,1229,-1,1229,1253,1254,-1,1229,1254,1230,-1,1230,1254,1255,-1,1230,1255,1231,-1,1231,1255,1256,-1,1231,1256,1232,-1,1232,1256,1257,-1,1232,1257,1233,-1,1233,1257,1258,-1,1233,1258,1234,-1,1234,1258,1259,-1,1234,1259,1235,-1,1235,1259,1260,-1,1235,1260,1236,-1,1236,1260,1261,-1,1236,1261,1237,-1,1237,1261,1262,-1,1237,1262,1238,-1,1238,1262,1263,-1,1238,1263,1239,-1,1239,1263,1264,-1,1239,1264,1240,-1,1240,1264,1241,-1,1264,1265,1241,-1,1241,1265,1266,-1,1241,1266,1242,-1,1242,1266,1267,-1,1242,1267,1243,-1,1243,1267,1268,-1,1243,1268,1244,-1,1244,1268,1269,-1,1244,1269,1245,-1,1245,1269,1270,-1,1245,1270,1246,-1,1246,1270,1271,-1,1246,1271,1247,-1,1247,1271,1272,-1,1247,1272,1248,-1,1248,1272,1273,-1,1248,1273,1249,-1,1249,1273,1274,-1,1249,1274,1250,-1,1250,1274,1275,-1,1250,1275,1251,-1,1251,1275,1276,-1,1251,1276,1252,-1,1252,1276,1277,-1,1252,1277,1253,-1,1253,1277,1278,-1,1253,1278,1254,-1,1254,1278,1279,-1,1254,1279,1255,-1,1255,1279,1280,-1,1255,1280,1256,-1,1256,1280,1281,-1,1256,1281,1257,-1,1257,1281,1282,-1,1257,1282,1258,-1,1258,1282,1283,-1,1258,1283,1259,-1,1259,1283,1284,-1,1259,1284,1260,-1,1260,1284,1285,-1,1260,1285,1261,-1,1261,1285,1286,-1,1261,1286,1262,-1,1262,1286,1287,-1,1262,1287,1263,-1,1263,1287,1288,-1,1263,1288,1264,-1,1264,1288,1265,-1,1288,1289,1265,-1,1265,1289,1290,-1,1265,1290,1266,-1,1266,1290,1291,-1,1266,1291,1267,-1,1267,1291,1292,-1,1267,1292,1268,-1,1268,1292,1293,-1,1268,1293,1269,-1,1269,1293,1294,-1,1269,1294,1270,-1,1270,1294,1295,-1,1270,1295,1271,-1,1271,1295,1296,-1,1271,1296,1272,-1,1272,1296,1297,-1,1272,1297,1273,-1,1273,1297,1298,-1,1273,1298,1274,-1,1274,1298,1299,-1,1274,1299,1275,-1,1275,1299,1300,-1,1275,1300,1276,-1,1276,1300,1301,-1,1276,1301,1277,-1,1277,1301,1302,-1,1277,1302,1278,-1,1278,1302,1303,-1,1278,1303,1279,-1,1279,1303,1304,-1,1279,1304,1280,-1,1280,1304,1305,-1,1280,1305,1281,-1,1281,1305,1306,-1,1281,1306,1282,-1,1282,1306,1307,-1,1282,1307,1283,-1,1283,1307,1308,-1,1283,1308,1284,-1,1284,1308,1309,-1,1284,1309,1285,-1,1285,1309,1310,-1,1285,1310,1286,-1,1286,1310,1311,-1,1286,1311,1287,-1,1287,1311,1312,-1,1287,1312,1288,-1,1288,1312,1289,-1,1312,1313,1289,-1,1289,1313,1314,-1,1289,1314,1290,-1,1290,1314,1315,-1,1290,1315,1291,-1,1291,1315,1316,-1,1291,1316,1292,-1,1292,1316,1317,-1,1292,1317,1293,-1,1293,1317,1318,-1,1293,1318,1294,-1,1294,1318,1319,-1,1294,1319,1295,-1,1295,1319,1320,-1,1295,1320,1296,-1,1296,1320,1321,-1,1296,1321,1297,-1,1297,1321,1322,-1,1297,1322,1298,-1,1298,1322,1323,-1,1298,1323,1299,-1,1299,1323,1324,-1,1299,1324,1300,-1,1300,1324,1325,-1,1300,1325,1301,-1,1301,1325,1326,-1,1301,1326,1302,-1,1302,1326,1327,-1,1302,1327,1303,-1,1303,1327,1328,-1,1303,1328,1304,-1,1304,1328,1329,-1,1304,1329,1305,-1,1305,1329,1330,-1,1305,1330,1306,-1,1306,1330,1331,-1,1306,1331,1307,-1,1307,1331,1332,-1,1307,1332,1308,-1,1308,1332,1333,-1,1308,1333,1309,-1,1309,1333,1334,-1,1309,1334,1310,-1,1310,1334,1335,-1,1310,1335,1311,-1,1311,1335,1336,-1,1311,1336,1312,-1,1312,1336,1313,-1,1336,1178,1313,-1,1313,1178,1177,-1,1313,1177,1314,-1,1314,1177,1176,-1,1314,1176,1315,-1,1315,1176,1175,-1,1315,1175,1316,-1,1316,1175,1174,-1,1316,1174,1317,-1,1317,1174,1173,-1,1317,1173,1318,-1,1318,1173,1172,-1,1318,1172,1319,-1,1319,1172,1171,-1,1319,1171,1320,-1,1320,1171,1170,-1,1320,1170,1321,-1,1321,1170,1169,-1,1321,1169,1322,-1,1322,1169,1168,-1,1322,1168,1323,-1,1323,1168,1191,-1,1323,1191,1324,-1,1324,1191,1190,-1,1324,1190,1325,-1,1325,1190,1189,-1,1325,1189,1326,-1,1326,1189,1188,-1,1326,1188,1327,-1,1327,1188,1187,-1,1327,1187,1328,-1,1328,1187,1186,-1,1328,1186,1329,-1,1329,1186,1185,-1,1329,1185,1330,-1,1330,1185,1184,-1,1330,1184,1331,-1,1331,1184,1183,-1,1331,1183,1332,-1,1332,1183,1182,-1,1332,1182,1333,-1,1333,1182,1181,-1,1333,1181,1334,-1,1334,1181,1180,-1,1334,1180,1335,-1,1335,1180,1179,-1,1335,1179,1336,-1,1336,1179,1178,-1,1048,1337,1049,-1,1049,1337,1338,-1,1049,1338,1068,-1,1068,1338,1339,-1,1068,1339,1069,-1,1069,1339,1340,-1,1069,1340,1065,-1,1065,1340,1341,-1,1065,1341,1066,-1,1066,1341,1342,-1,1066,1342,1067,-1,1067,1342,1343,-1,1067,1343,1062,-1,1062,1343,1344,-1,1062,1344,1063,-1,1063,1344,1345,-1,1063,1345,1064,-1,1064,1345,1346,-1,1064,1346,1059,-1,1059,1346,1347,-1,1059,1347,1060,-1,1060,1347,1348,-1,1060,1348,1061,-1,1061,1348,1349,-1,1061,1349,1056,-1,1056,1349,1350,-1,1056,1350,1057,-1,1057,1350,1351,-1,1057,1351,1058,-1,1058,1351,1352,-1,1058,1352,1053,-1,1053,1352,1353,-1,1053,1353,1054,-1,1054,1353,1354,-1,1054,1354,1055,-1,1055,1354,1355,-1,1055,1355,1050,-1,1050,1355,1356,-1,1050,1356,1051,-1,1051,1356,1357,-1,1051,1357,1052,-1,1052,1357,1358,-1,1052,1358,1045,-1,1045,1358,1359,-1,1045,1359,1046,-1,1046,1359,1360,-1,1046,1360,1048,-1,1048,1360,1337,-1,1360,1361,1337,-1,1337,1361,1362,-1,1337,1362,1338,-1,1338,1362,1363,-1,1338,1363,1339,-1,1339,1363,1364,-1,1339,1364,1340,-1,1340,1364,1365,-1,1340,1365,1341,-1,1341,1365,1366,-1,1341,1366,1342,-1,1342,1366,1367,-1,1342,1367,1343,-1,1343,1367,1368,-1,1343,1368,1344,-1,1344,1368,1369,-1,1344,1369,1345,-1,1345,1369,1370,-1,1345,1370,1346,-1,1346,1370,1371,-1,1346,1371,1347,-1,1347,1371,1372,-1,1347,1372,1348,-1,1348,1372,1373,-1,1348,1373,1349,-1,1349,1373,1374,-1,1349,1374,1350,-1,1350,1374,1375,-1,1350,1375,1351,-1,1351,1375,1376,-1,1351,1376,1352,-1,1352,1376,1377,-1,1352,1377,1353,-1,1353,1377,1378,-1,1353,1378,1354,-1,1354,1378,1379,-1,1354,1379,1355,-1,1355,1379,1380,-1,1355,1380,1356,-1,1356,1380,1381,-1,1356,1381,1357,-1,1357,1381,1382,-1,1357,1382,1358,-1,1358,1382,1383,-1,1358,1383,1359,-1,1359,1383,1384,-1,1359,1384,1360,-1,1360,1384,1361,-1,1384,1385,1361,-1,1361,1385,1386,-1,1361,1386,1362,-1,1362,1386,1387,-1,1362,1387,1363,-1,1363,1387,1388,-1,1363,1388,1364,-1,1364,1388,1389,-1,1364,1389,1365,-1,1365,1389,1390,-1,1365,1390,1366,-1,1366,1390,1391,-1,1366,1391,1367,-1,1367,1391,1392,-1,1367,1392,1368,-1,1368,1392,1393,-1,1368,1393,1369,-1,1369,1393,1394,-1,1369,1394,1370,-1,1370,1394,1395,-1,1370,1395,1371,-1,1371,1395,1396,-1,1371,1396,1372,-1,1372,1396,1397,-1,1372,1397,1373,-1,1373,1397,1398,-1,1373,1398,1374,-1,1374,1398,1399,-1,1374,1399,1375,-1,1375,1399,1400,-1,1375,1400,1376,-1,1376,1400,1401,-1,1376,1401,1377,-1,1377,1401,1402,-1,1377,1402,1378,-1,1378,1402,1403,-1,1378,1403,1379,-1,1379,1403,1404,-1,1379,1404,1380,-1,1380,1404,1405,-1,1380,1405,1381,-1,1381,1405,1406,-1,1381,1406,1382,-1,1382,1406,1407,-1,1382,1407,1383,-1,1383,1407,1408,-1,1383,1408,1384,-1,1384,1408,1385,-1,1408,1409,1385,-1,1385,1409,1410,-1,1385,1410,1386,-1,1386,1410,1411,-1,1386,1411,1387,-1,1387,1411,1412,-1,1387,1412,1388,-1,1388,1412,1413,-1,1388,1413,1389,-1,1389,1413,1414,-1,1389,1414,1390,-1,1390,1414,1415,-1,1390,1415,1391,-1,1391,1415,1416,-1,1391,1416,1392,-1,1392,1416,1417,-1,1392,1417,1393,-1,1393,1417,1418,-1,1393,1418,1394,-1,1394,1418,1419,-1,1394,1419,1395,-1,1395,1419,1420,-1,1395,1420,1396,-1,1396,1420,1421,-1,1396,1421,1397,-1,1397,1421,1422,-1,1397,1422,1398,-1,1398,1422,1423,-1,1398,1423,1399,-1,1399,1423,1424,-1,1399,1424,1400,-1,1400,1424,1425,-1,1400,1425,1401,-1,1401,1425,1426,-1,1401,1426,1402,-1,1402,1426,1427,-1,1402,1427,1403,-1,1403,1427,1428,-1,1403,1428,1404,-1,1404,1428,1429,-1,1404,1429,1405,-1,1405,1429,1430,-1,1405,1430,1406,-1,1406,1430,1431,-1,1406,1431,1407,-1,1407,1431,1432,-1,1407,1432,1408,-1,1408,1432,1409,-1,1432,1433,1409,-1,1409,1433,1434,-1,1409,1434,1410,-1,1410,1434,1435,-1,1410,1435,1411,-1,1411,1435,1436,-1,1411,1436,1412,-1,1412,1436,1437,-1,1412,1437,1413,-1,1413,1437,1438,-1,1413,1438,1414,-1,1414,1438,1439,-1,1414,1439,1415,-1,1415,1439,1440,-1,1415,1440,1416,-1,1416,1440,1441,-1,1416,1441,1417,-1,1417,1441,1442,-1,1417,1442,1418,-1,1418,1442,1443,-1,1418,1443,1419,-1,1419,1443,1444,-1,1419,1444,1420,-1,1420,1444,1445,-1,1420,1445,1421,-1,1421,1445,1446,-1,1421,1446,1422,-1,1422,1446,1447,-1,1422,1447,1423,-1,1423,1447,1448,-1,1423,1448,1424,-1,1424,1448,1449,-1,1424,1449,1425,-1,1425,1449,1450,-1,1425,1450,1426,-1,1426,1450,1451,-1,1426,1451,1427,-1,1427,1451,1452,-1,1427,1452,1428,-1,1428,1452,1453,-1,1428,1453,1429,-1,1429,1453,1454,-1,1429,1454,1430,-1,1430,1454,1455,-1,1430,1455,1431,-1,1431,1455,1456,-1,1431,1456,1432,-1,1432,1456,1433,-1,1456,1031,1433,-1,1433,1031,1030,-1,1433,1030,1434,-1,1434,1030,1029,-1,1434,1029,1435,-1,1435,1029,1028,-1,1435,1028,1436,-1,1436,1028,1027,-1,1436,1027,1437,-1,1437,1027,1026,-1,1437,1026,1438,-1,1438,1026,1025,-1,1438,1025,1439,-1,1439,1025,1024,-1,1439,1024,1440,-1,1440,1024,1023,-1,1440,1023,1441,-1,1441,1023,1022,-1,1441,1022,1442,-1,1442,1022,1021,-1,1442,1021,1443,-1,1443,1021,1044,-1,1443,1044,1444,-1,1444,1044,1043,-1,1444,1043,1445,-1,1445,1043,1042,-1,1445,1042,1446,-1,1446,1042,1041,-1,1446,1041,1447,-1,1447,1041,1040,-1,1447,1040,1448,-1,1448,1040,1039,-1,1448,1039,1449,-1,1449,1039,1038,-1,1449,1038,1450,-1,1450,1038,1037,-1,1450,1037,1451,-1,1451,1037,1036,-1,1451,1036,1452,-1,1452,1036,1035,-1,1452,1035,1453,-1,1453,1035,1034,-1,1453,1034,1454,-1,1454,1034,1033,-1,1454,1033,1455,-1,1455,1033,1032,-1,1455,1032,1456,-1,1456,1032,1031,-1,1146,1457,1147,-1,1147,1457,1458,-1,1147,1458,1166,-1,1166,1458,1459,-1,1166,1459,1167,-1,1167,1459,1460,-1,1167,1460,1163,-1,1163,1460,1461,-1,1163,1461,1164,-1,1164,1461,1462,-1,1164,1462,1165,-1,1165,1462,1463,-1,1165,1463,1160,-1,1160,1463,1464,-1,1160,1464,1161,-1,1161,1464,1465,-1,1161,1465,1162,-1,1162,1465,1466,-1,1162,1466,1157,-1,1157,1466,1467,-1,1157,1467,1158,-1,1158,1467,1468,-1,1158,1468,1159,-1,1159,1468,1469,-1,1159,1469,1154,-1,1154,1469,1470,-1,1154,1470,1155,-1,1155,1470,1471,-1,1155,1471,1156,-1,1156,1471,1472,-1,1156,1472,1151,-1,1151,1472,1473,-1,1151,1473,1152,-1,1152,1473,1474,-1,1152,1474,1153,-1,1153,1474,1475,-1,1153,1475,1148,-1,1148,1475,1476,-1,1148,1476,1149,-1,1149,1476,1477,-1,1149,1477,1150,-1,1150,1477,1478,-1,1150,1478,1143,-1,1143,1478,1479,-1,1143,1479,1144,-1,1144,1479,1480,-1,1144,1480,1146,-1,1146,1480,1457,-1,1480,1481,1457,-1,1457,1481,1482,-1,1457,1482,1458,-1,1458,1482,1483,-1,1458,1483,1459,-1,1459,1483,1484,-1,1459,1484,1460,-1,1460,1484,1485,-1,1460,1485,1461,-1,1461,1485,1486,-1,1461,1486,1462,-1,1462,1486,1487,-1,1462,1487,1463,-1,1463,1487,1488,-1,1463,1488,1464,-1,1464,1488,1489,-1,1464,1489,1465,-1,1465,1489,1490,-1,1465,1490,1466,-1,1466,1490,1491,-1,1466,1491,1467,-1,1467,1491,1492,-1,1467,1492,1468,-1,1468,1492,1493,-1,1468,1493,1469,-1,1469,1493,1494,-1,1469,1494,1470,-1,1470,1494,1495,-1,1470,1495,1471,-1,1471,1495,1496,-1,1471,1496,1472,-1,1472,1496,1497,-1,1472,1497,1473,-1,1473,1497,1498,-1,1473,1498,1474,-1,1474,1498,1499,-1,1474,1499,1475,-1,1475,1499,1500,-1,1475,1500,1476,-1,1476,1500,1501,-1,1476,1501,1477,-1,1477,1501,1502,-1,1477,1502,1478,-1,1478,1502,1503,-1,1478,1503,1479,-1,1479,1503,1504,-1,1479,1504,1480,-1,1480,1504,1481,-1,1504,1505,1481,-1,1481,1505,1506,-1,1481,1506,1482,-1,1482,1506,1507,-1,1482,1507,1483,-1,1483,1507,1508,-1,1483,1508,1484,-1,1484,1508,1509,-1,1484,1509,1485,-1,1485,1509,1510,-1,1485,1510,1486,-1,1486,1510,1511,-1,1486,1511,1487,-1,1487,1511,1512,-1,1487,1512,1488,-1,1488,1512,1513,-1,1488,1513,1489,-1,1489,1513,1514,-1,1489,1514,1490,-1,1490,1514,1515,-1,1490,1515,1491,-1,1491,1515,1516,-1,1491,1516,1492,-1,1492,1516,1517,-1,1492,1517,1493,-1,1493,1517,1518,-1,1493,1518,1494,-1,1494,1518,1519,-1,1494,1519,1495,-1,1495,1519,1520,-1,1495,1520,1496,-1,1496,1520,1521,-1,1496,1521,1497,-1,1497,1521,1522,-1,1497,1522,1498,-1,1498,1522,1523,-1,1498,1523,1499,-1,1499,1523,1524,-1,1499,1524,1500,-1,1500,1524,1525,-1,1500,1525,1501,-1,1501,1525,1526,-1,1501,1526,1502,-1,1502,1526,1527,-1,1502,1527,1503,-1,1503,1527,1528,-1,1503,1528,1504,-1,1504,1528,1505,-1,1528,1529,1505,-1,1505,1529,1530,-1,1505,1530,1506,-1,1506,1530,1531,-1,1506,1531,1507,-1,1507,1531,1532,-1,1507,1532,1508,-1,1508,1532,1533,-1,1508,1533,1509,-1,1509,1533,1534,-1,1509,1534,1510,-1,1510,1534,1535,-1,1510,1535,1511,-1,1511,1535,1536,-1,1511,1536,1512,-1,1512,1536,1537,-1,1512,1537,1513,-1,1513,1537,1538,-1,1513,1538,1514,-1,1514,1538,1539,-1,1514,1539,1515,-1,1515,1539,1540,-1,1515,1540,1516,-1,1516,1540,1541,-1,1516,1541,1517,-1,1517,1541,1542,-1,1517,1542,1518,-1,1518,1542,1543,-1,1518,1543,1519,-1,1519,1543,1544,-1,1519,1544,1520,-1,1520,1544,1545,-1,1520,1545,1521,-1,1521,1545,1546,-1,1521,1546,1522,-1,1522,1546,1547,-1,1522,1547,1523,-1,1523,1547,1548,-1,1523,1548,1524,-1,1524,1548,1549,-1,1524,1549,1525,-1,1525,1549,1550,-1,1525,1550,1526,-1,1526,1550,1551,-1,1526,1551,1527,-1,1527,1551,1552,-1,1527,1552,1528,-1,1528,1552,1529,-1,1552,1553,1529,-1,1529,1553,1554,-1,1529,1554,1530,-1,1530,1554,1555,-1,1530,1555,1531,-1,1531,1555,1556,-1,1531,1556,1532,-1,1532,1556,1557,-1,1532,1557,1533,-1,1533,1557,1558,-1,1533,1558,1534,-1,1534,1558,1559,-1,1534,1559,1535,-1,1535,1559,1560,-1,1535,1560,1536,-1,1536,1560,1561,-1,1536,1561,1537,-1,1537,1561,1562,-1,1537,1562,1538,-1,1538,1562,1563,-1,1538,1563,1539,-1,1539,1563,1564,-1,1539,1564,1540,-1,1540,1564,1565,-1,1540,1565,1541,-1,1541,1565,1566,-1,1541,1566,1542,-1,1542,1566,1567,-1,1542,1567,1543,-1,1543,1567,1568,-1,1543,1568,1544,-1,1544,1568,1569,-1,1544,1569,1545,-1,1545,1569,1570,-1,1545,1570,1546,-1,1546,1570,1571,-1,1546,1571,1547,-1,1547,1571,1572,-1,1547,1572,1548,-1,1548,1572,1573,-1,1548,1573,1549,-1,1549,1573,1574,-1,1549,1574,1550,-1,1550,1574,1575,-1,1550,1575,1551,-1,1551,1575,1576,-1,1551,1576,1552,-1,1552,1576,1553,-1,1576,1129,1553,-1,1553,1129,1128,-1,1553,1128,1554,-1,1554,1128,1127,-1,1554,1127,1555,-1,1555,1127,1126,-1,1555,1126,1556,-1,1556,1126,1125,-1,1556,1125,1557,-1,1557,1125,1124,-1,1557,1124,1558,-1,1558,1124,1123,-1,1558,1123,1559,-1,1559,1123,1122,-1,1559,1122,1560,-1,1560,1122,1121,-1,1560,1121,1561,-1,1561,1121,1120,-1,1561,1120,1562,-1,1562,1120,1119,-1,1562,1119,1563,-1,1563,1119,1142,-1,1563,1142,1564,-1,1564,1142,1141,-1,1564,1141,1565,-1,1565,1141,1140,-1,1565,1140,1566,-1,1566,1140,1139,-1,1566,1139,1567,-1,1567,1139,1138,-1,1567,1138,1568,-1,1568,1138,1137,-1,1568,1137,1569,-1,1569,1137,1136,-1,1569,1136,1570,-1,1570,1136,1135,-1,1570,1135,1571,-1,1571,1135,1134,-1,1571,1134,1572,-1,1572,1134,1133,-1,1572,1133,1573,-1,1573,1133,1132,-1,1573,1132,1574,-1,1574,1132,1131,-1,1574,1131,1575,-1,1575,1131,1130,-1,1575,1130,1576,-1,1576,1130,1129,-1,1097,1577,1098,-1,1098,1577,1578,-1,1098,1578,1117,-1,1117,1578,1579,-1,1117,1579,1118,-1,1118,1579,1580,-1,1118,1580,1114,-1,1114,1580,1581,-1,1114,1581,1115,-1,1115,1581,1582,-1,1115,1582,1116,-1,1116,1582,1583,-1,1116,1583,1111,-1,1111,1583,1584,-1,1111,1584,1112,-1,1112,1584,1585,-1,1112,1585,1113,-1,1113,1585,1586,-1,1113,1586,1108,-1,1108,1586,1587,-1,1108,1587,1109,-1,1109,1587,1588,-1,1109,1588,1110,-1,1110,1588,1589,-1,1110,1589,1105,-1,1105,1589,1590,-1,1105,1590,1106,-1,1106,1590,1591,-1,1106,1591,1107,-1,1107,1591,1592,-1,1107,1592,1102,-1,1102,1592,1593,-1,1102,1593,1103,-1,1103,1593,1594,-1,1103,1594,1104,-1,1104,1594,1595,-1,1104,1595,1099,-1,1099,1595,1596,-1,1099,1596,1100,-1,1100,1596,1597,-1,1100,1597,1101,-1,1101,1597,1598,-1,1101,1598,1094,-1,1094,1598,1599,-1,1094,1599,1095,-1,1095,1599,1600,-1,1095,1600,1097,-1,1097,1600,1577,-1,1600,1601,1577,-1,1577,1601,1602,-1,1577,1602,1578,-1,1578,1602,1603,-1,1578,1603,1579,-1,1579,1603,1604,-1,1579,1604,1580,-1,1580,1604,1605,-1,1580,1605,1581,-1,1581,1605,1606,-1,1581,1606,1582,-1,1582,1606,1607,-1,1582,1607,1583,-1,1583,1607,1608,-1,1583,1608,1584,-1,1584,1608,1609,-1,1584,1609,1585,-1,1585,1609,1610,-1,1585,1610,1586,-1,1586,1610,1611,-1,1586,1611,1587,-1,1587,1611,1612,-1,1587,1612,1588,-1,1588,1612,1613,-1,1588,1613,1589,-1,1589,1613,1614,-1,1589,1614,1590,-1,1590,1614,1615,-1,1590,1615,1591,-1,1591,1615,1616,-1,1591,1616,1592,-1,1592,1616,1617,-1,1592,1617,1593,-1,1593,1617,1618,-1,1593,1618,1594,-1,1594,1618,1619,-1,1594,1619,1595,-1,1595,1619,1620,-1,1595,1620,1596,-1,1596,1620,1621,-1,1596,1621,1597,-1,1597,1621,1622,-1,1597,1622,1598,-1,1598,1622,1623,-1,1598,1623,1599,-1,1599,1623,1624,-1,1599,1624,1600,-1,1600,1624,1601,-1,1624,1625,1601,-1,1601,1625,1626,-1,1601,1626,1602,-1,1602,1626,1627,-1,1602,1627,1603,-1,1603,1627,1628,-1,1603,1628,1604,-1,1604,1628,1629,-1,1604,1629,1605,-1,1605,1629,1630,-1,1605,1630,1606,-1,1606,1630,1631,-1,1606,1631,1607,-1,1607,1631,1632,-1,1607,1632,1608,-1,1608,1632,1633,-1,1608,1633,1609,-1,1609,1633,1634,-1,1609,1634,1610,-1,1610,1634,1635,-1,1610,1635,1611,-1,1611,1635,1636,-1,1611,1636,1612,-1,1612,1636,1637,-1,1612,1637,1613,-1,1613,1637,1638,-1,1613,1638,1614,-1,1614,1638,1639,-1,1614,1639,1615,-1,1615,1639,1640,-1,1615,1640,1616,-1,1616,1640,1641,-1,1616,1641,1617,-1,1617,1641,1642,-1,1617,1642,1618,-1,1618,1642,1643,-1,1618,1643,1619,-1,1619,1643,1644,-1,1619,1644,1620,-1,1620,1644,1645,-1,1620,1645,1621,-1,1621,1645,1646,-1,1621,1646,1622,-1,1622,1646,1647,-1,1622,1647,1623,-1,1623,1647,1648,-1,1623,1648,1624,-1,1624,1648,1625,-1,1648,1649,1625,-1,1625,1649,1650,-1,1625,1650,1626,-1,1626,1650,1651,-1,1626,1651,1627,-1,1627,1651,1652,-1,1627,1652,1628,-1,1628,1652,1653,-1,1628,1653,1629,-1,1629,1653,1654,-1,1629,1654,1630,-1,1630,1654,1655,-1,1630,1655,1631,-1,1631,1655,1656,-1,1631,1656,1632,-1,1632,1656,1657,-1,1632,1657,1633,-1,1633,1657,1658,-1,1633,1658,1634,-1,1634,1658,1659,-1,1634,1659,1635,-1,1635,1659,1660,-1,1635,1660,1636,-1,1636,1660,1661,-1,1636,1661,1637,-1,1637,1661,1662,-1,1637,1662,1638,-1,1638,1662,1663,-1,1638,1663,1639,-1,1639,1663,1664,-1,1639,1664,1640,-1,1640,1664,1665,-1,1640,1665,1641,-1,1641,1665,1666,-1,1641,1666,1642,-1,1642,1666,1667,-1,1642,1667,1643,-1,1643,1667,1668,-1,1643,1668,1644,-1,1644,1668,1669,-1,1644,1669,1645,-1,1645,1669,1670,-1,1645,1670,1646,-1,1646,1670,1671,-1,1646,1671,1647,-1,1647,1671,1672,-1,1647,1672,1648,-1,1648,1672,1649,-1,1672,1673,1649,-1,1649,1673,1674,-1,1649,1674,1650,-1,1650,1674,1675,-1,1650,1675,1651,-1,1651,1675,1676,-1,1651,1676,1652,-1,1652,1676,1677,-1,1652,1677,1653,-1,1653,1677,1678,-1,1653,1678,1654,-1,1654,1678,1679,-1,1654,1679,1655,-1,1655,1679,1680,-1,1655,1680,1656,-1,1656,1680,1681,-1,1656,1681,1657,-1,1657,1681,1682,-1,1657,1682,1658,-1,1658,1682,1683,-1,1658,1683,1659,-1,1659,1683,1684,-1,1659,1684,1660,-1,1660,1684,1685,-1,1660,1685,1661,-1,1661,1685,1686,-1,1661,1686,1662,-1,1662,1686,1687,-1,1662,1687,1663,-1,1663,1687,1688,-1,1663,1688,1664,-1,1664,1688,1689,-1,1664,1689,1665,-1,1665,1689,1690,-1,1665,1690,1666,-1,1666,1690,1691,-1,1666,1691,1667,-1,1667,1691,1692,-1,1667,1692,1668,-1,1668,1692,1693,-1,1668,1693,1669,-1,1669,1693,1694,-1,1669,1694,1670,-1,1670,1694,1695,-1,1670,1695,1671,-1,1671,1695,1696,-1,1671,1696,1672,-1,1672,1696,1673,-1,1696,1080,1673,-1,1673,1080,1079,-1,1673,1079,1674,-1,1674,1079,1078,-1,1674,1078,1675,-1,1675,1078,1077,-1,1675,1077,1676,-1,1676,1077,1076,-1,1676,1076,1677,-1,1677,1076,1075,-1,1677,1075,1678,-1,1678,1075,1074,-1,1678,1074,1679,-1,1679,1074,1073,-1,1679,1073,1680,-1,1680,1073,1072,-1,1680,1072,1681,-1,1681,1072,1071,-1,1681,1071,1682,-1,1682,1071,1070,-1,1682,1070,1683,-1,1683,1070,1093,-1,1683,1093,1684,-1,1684,1093,1092,-1,1684,1092,1685,-1,1685,1092,1091,-1,1685,1091,1686,-1,1686,1091,1090,-1,1686,1090,1687,-1,1687,1090,1089,-1,1687,1089,1688,-1,1688,1089,1088,-1,1688,1088,1689,-1,1689,1088,1087,-1,1689,1087,1690,-1,1690,1087,1086,-1,1690,1086,1691,-1,1691,1086,1085,-1,1691,1085,1692,-1,1692,1085,1084,-1,1692,1084,1693,-1,1693,1084,1083,-1,1693,1083,1694,-1,1694,1083,1082,-1,1694,1082,1695,-1,1695,1082,1081,-1,1695,1081,1696,-1,1696,1081,1080,-1,1697,979,1007,-1,1007,979,975,-1,877,1698,878,-1,878,1698,1008,-1,1698,1697,1008,-1,1008,1697,1007,-1,1698,877,1697,-1,1697,877,979,-1,330,1699,331,-1,331,1699,1700,-1,331,1700,333,-1,333,1700,1701,-1,333,1701,334,-1,334,1701,1702,-1,334,1702,335,-1,335,1702,1703,-1,335,1703,336,-1,336,1703,1704,-1,336,1704,344,-1,344,1704,1705,-1,344,1705,345,-1,345,1705,1706,-1,345,1706,346,-1,346,1706,1707,-1,346,1707,347,-1,347,1707,1708,-1,347,1708,348,-1,348,1708,1709,-1,348,1709,349,-1,349,1709,1710,-1,349,1710,339,-1,339,1710,1711,-1,339,1711,337,-1,337,1711,1712,-1,337,1712,350,-1,350,1712,1713,-1,350,1713,351,-1,351,1713,1714,-1,351,1714,352,-1,352,1714,1715,-1,352,1715,353,-1,353,1715,1716,-1,353,1716,354,-1,354,1716,1717,-1,354,1717,356,-1,356,1717,1718,-1,356,1718,357,-1,357,1718,1719,-1,357,1719,329,-1,329,1719,1720,-1,329,1720,343,-1,343,1720,1721,-1,343,1721,341,-1,341,1721,1722,-1,341,1722,330,-1,330,1722,1699,-1,1723,1706,1724,-1,1724,1706,1705,-1,1724,1705,1725,-1,1725,1705,1704,-1,1725,1704,1726,-1,1726,1704,1703,-1,1726,1703,1727,-1,1727,1703,1702,-1,1727,1702,1728,-1,1728,1702,1701,-1,1728,1701,1729,-1,1729,1701,1700,-1,1729,1700,1730,-1,1730,1700,1699,-1,1730,1699,1731,-1,1731,1699,1722,-1,1731,1722,1732,-1,1732,1722,1721,-1,1732,1721,1733,-1,1733,1721,1720,-1,1733,1720,1734,-1,1734,1720,1719,-1,1734,1719,1735,-1,1735,1719,1718,-1,1735,1718,1736,-1,1736,1718,1717,-1,1736,1717,1737,-1,1737,1717,1716,-1,1737,1716,1738,-1,1738,1716,1715,-1,1738,1715,1739,-1,1739,1715,1714,-1,1739,1714,1740,-1,1740,1714,1713,-1,1740,1713,1741,-1,1741,1713,1712,-1,1741,1712,1742,-1,1742,1712,1711,-1,1742,1711,1743,-1,1743,1711,1710,-1,1743,1710,1744,-1,1744,1710,1709,-1,1744,1709,1745,-1,1745,1709,1708,-1,1745,1708,1746,-1,1746,1708,1707,-1,1746,1707,1723,-1,1723,1707,1706,-1,872,1747,873,-1,873,1747,1748,-1,873,1748,834,-1,834,1748,1749,-1,834,1749,835,-1,835,1749,1750,-1,835,1750,836,-1,836,1750,1751,-1,836,1751,837,-1,837,1751,1752,-1,837,1752,853,-1,853,1752,1753,-1,853,1753,854,-1,854,1753,1754,-1,854,1754,855,-1,855,1754,1755,-1,855,1755,856,-1,856,1755,1756,-1,856,1756,857,-1,857,1756,1757,-1,857,1757,858,-1,858,1757,1758,-1,858,1758,859,-1,859,1758,1759,-1,859,1759,829,-1,829,1759,1760,-1,829,1760,830,-1,830,1760,1761,-1,830,1761,860,-1,860,1761,1762,-1,860,1762,861,-1,861,1762,1763,-1,861,1763,862,-1,862,1763,1764,-1,862,1764,831,-1,831,1764,1765,-1,831,1765,832,-1,832,1765,1766,-1,832,1766,868,-1,868,1766,1767,-1,868,1767,869,-1,869,1767,1768,-1,869,1768,870,-1,870,1768,1769,-1,870,1769,871,-1,871,1769,1770,-1,871,1770,872,-1,872,1770,1747,-1,1771,1764,1772,-1,1772,1764,1763,-1,1772,1763,1773,-1,1773,1763,1762,-1,1773,1762,1774,-1,1774,1762,1761,-1,1774,1761,1775,-1,1775,1761,1760,-1,1775,1760,1776,-1,1776,1760,1759,-1,1776,1759,1777,-1,1777,1759,1758,-1,1777,1758,1778,-1,1778,1758,1757,-1,1778,1757,1779,-1,1779,1757,1756,-1,1779,1756,1780,-1,1780,1756,1755,-1,1780,1755,1781,-1,1781,1755,1754,-1,1781,1754,1782,-1,1782,1754,1753,-1,1782,1753,1783,-1,1783,1753,1752,-1,1783,1752,1784,-1,1784,1752,1751,-1,1784,1751,1785,-1,1785,1751,1750,-1,1785,1750,1786,-1,1786,1750,1749,-1,1786,1749,1787,-1,1787,1749,1748,-1,1787,1748,1788,-1,1788,1748,1747,-1,1788,1747,1789,-1,1789,1747,1770,-1,1789,1770,1790,-1,1790,1770,1769,-1,1790,1769,1791,-1,1791,1769,1768,-1,1791,1768,1792,-1,1792,1768,1767,-1,1792,1767,1793,-1,1793,1767,1766,-1,1793,1766,1794,-1,1794,1766,1765,-1,1794,1765,1771,-1,1771,1765,1764,-1,1795,324,1796,-1,1796,324,323,-1,1796,323,1797,-1,1797,323,316,-1,1797,316,1798,-1,1798,316,314,-1,1798,314,1799,-1,1799,314,313,-1,1799,313,1800,-1,1800,313,394,-1,1800,394,1801,-1,1801,394,393,-1,1801,393,1802,-1,393,391,1802,-1,1802,391,390,-1,1802,390,1803,-1,1803,390,400,-1,1803,400,1804,-1,1804,400,399,-1,1804,399,1805,-1,1805,399,398,-1,1805,398,1806,-1,1806,398,386,-1,1806,386,1807,-1,1807,386,388,-1,1807,388,1808,-1,1808,388,389,-1,1808,389,1809,-1,1809,389,385,-1,1809,385,1810,-1,1810,385,384,-1,1810,384,1811,-1,1811,384,383,-1,1811,383,1812,-1,1812,383,378,-1,1812,378,1813,-1,1813,378,377,-1,1813,377,1814,-1,1814,377,397,-1,1814,397,1815,-1,1815,397,396,-1,1815,396,1816,-1,1816,396,395,-1,1816,395,1817,-1,1817,395,382,-1,1817,382,1818,-1,1818,382,381,-1,1818,381,1795,-1,1795,381,320,-1,1795,320,324,-1,1819,1805,1820,-1,1820,1805,1806,-1,1820,1806,1821,-1,1821,1806,1807,-1,1821,1807,1822,-1,1822,1807,1808,-1,1822,1808,1823,-1,1823,1808,1809,-1,1823,1809,1824,-1,1824,1809,1810,-1,1824,1810,1825,-1,1825,1810,1811,-1,1825,1811,1826,-1,1826,1811,1812,-1,1826,1812,1827,-1,1827,1812,1813,-1,1827,1813,1828,-1,1828,1813,1814,-1,1828,1814,1829,-1,1829,1814,1815,-1,1829,1815,1830,-1,1830,1815,1816,-1,1830,1816,1831,-1,1831,1816,1817,-1,1831,1817,1832,-1,1832,1817,1818,-1,1832,1818,1833,-1,1833,1818,1795,-1,1833,1795,1834,-1,1834,1795,1796,-1,1834,1796,1835,-1,1835,1796,1797,-1,1835,1797,1836,-1,1836,1797,1798,-1,1836,1798,1837,-1,1837,1798,1799,-1,1837,1799,1838,-1,1838,1799,1800,-1,1838,1800,1839,-1,1839,1800,1801,-1,1839,1801,1840,-1,1840,1801,1802,-1,1840,1802,1841,-1,1841,1802,1803,-1,1841,1803,1842,-1,1842,1803,1804,-1,1842,1804,1819,-1,1819,1804,1805,-1,1843,428,1844,-1,1844,428,424,-1,1844,424,1845,-1,1845,424,426,-1,1845,426,1846,-1,1846,426,427,-1,1846,427,1847,-1,1847,427,423,-1,1847,423,1848,-1,1848,423,422,-1,1848,422,1849,-1,1849,422,421,-1,1849,421,1850,-1,421,420,1850,-1,1850,420,412,-1,1850,412,1851,-1,1851,412,411,-1,1851,411,1852,-1,1852,411,402,-1,1852,402,1853,-1,1853,402,401,-1,1853,401,1854,-1,1854,401,414,-1,1854,414,1855,-1,1855,414,413,-1,1855,413,1856,-1,1856,413,410,-1,1856,410,1857,-1,1857,410,409,-1,1857,409,1858,-1,1858,409,419,-1,1858,419,1859,-1,1859,419,418,-1,1859,418,1860,-1,1860,418,417,-1,1860,417,1861,-1,1861,417,416,-1,1861,416,1862,-1,1862,416,415,-1,1862,415,1863,-1,1863,415,407,-1,1863,407,1864,-1,1864,407,405,-1,1864,405,1865,-1,1865,405,404,-1,1865,404,1866,-1,1866,404,430,-1,1866,430,1843,-1,1843,430,429,-1,1843,429,428,-1,1867,1863,1868,-1,1868,1863,1864,-1,1868,1864,1869,-1,1869,1864,1865,-1,1869,1865,1870,-1,1870,1865,1866,-1,1870,1866,1871,-1,1871,1866,1843,-1,1871,1843,1872,-1,1872,1843,1844,-1,1872,1844,1873,-1,1873,1844,1845,-1,1873,1845,1874,-1,1874,1845,1846,-1,1874,1846,1875,-1,1875,1846,1847,-1,1875,1847,1876,-1,1876,1847,1848,-1,1876,1848,1877,-1,1877,1848,1849,-1,1877,1849,1878,-1,1878,1849,1850,-1,1878,1850,1879,-1,1879,1850,1851,-1,1879,1851,1880,-1,1880,1851,1852,-1,1880,1852,1881,-1,1881,1852,1853,-1,1881,1853,1882,-1,1882,1853,1854,-1,1882,1854,1883,-1,1883,1854,1855,-1,1883,1855,1884,-1,1884,1855,1856,-1,1884,1856,1885,-1,1885,1856,1857,-1,1885,1857,1886,-1,1886,1857,1858,-1,1886,1858,1887,-1,1887,1858,1859,-1,1887,1859,1888,-1,1888,1859,1860,-1,1888,1860,1889,-1,1889,1860,1861,-1,1889,1861,1890,-1,1890,1861,1862,-1,1890,1862,1867,-1,1867,1862,1863,-1,1891,1887,1892,-1,1892,1887,1888,-1,1892,1888,1893,-1,1893,1888,1889,-1,1893,1889,1894,-1,1894,1889,1890,-1,1894,1890,1895,-1,1895,1890,1867,-1,1895,1867,1896,-1,1896,1867,1868,-1,1896,1868,1897,-1,1897,1868,1869,-1,1897,1869,1898,-1,1898,1869,1870,-1,1898,1870,1899,-1,1899,1870,1871,-1,1899,1871,1900,-1,1900,1871,1872,-1,1900,1872,1901,-1,1901,1872,1873,-1,1901,1873,1902,-1,1902,1873,1874,-1,1902,1874,1903,-1,1903,1874,1875,-1,1903,1875,1904,-1,1904,1875,1876,-1,1904,1876,1905,-1,1905,1876,1877,-1,1905,1877,1906,-1,1906,1877,1878,-1,1906,1878,1907,-1,1907,1878,1879,-1,1907,1879,1908,-1,1908,1879,1880,-1,1908,1880,1909,-1,1909,1880,1881,-1,1909,1881,1910,-1,1910,1881,1882,-1,1910,1882,1911,-1,1911,1882,1883,-1,1911,1883,1912,-1,1912,1883,1884,-1,1912,1884,1913,-1,1913,1884,1885,-1,1913,1885,1914,-1,1914,1885,1886,-1,1914,1886,1891,-1,1891,1886,1887,-1,1912,1913,1915,-1,1915,1913,1914,-1,1915,1914,1891,-1,1909,1910,1915,-1,1915,1910,1911,-1,1915,1911,1912,-1,1906,1907,1915,-1,1915,1907,1908,-1,1915,1908,1909,-1,1903,1904,1915,-1,1915,1904,1905,-1,1915,1905,1906,-1,1900,1901,1915,-1,1915,1901,1902,-1,1915,1902,1903,-1,1897,1898,1915,-1,1915,1898,1899,-1,1915,1899,1900,-1,1894,1895,1915,-1,1915,1895,1896,-1,1915,1896,1897,-1,1891,1892,1915,-1,1915,1892,1893,-1,1915,1893,1894,-1,1916,1825,1917,-1,1917,1825,1826,-1,1917,1826,1918,-1,1918,1826,1827,-1,1918,1827,1919,-1,1919,1827,1828,-1,1919,1828,1920,-1,1920,1828,1829,-1,1920,1829,1921,-1,1921,1829,1830,-1,1921,1830,1922,-1,1922,1830,1831,-1,1922,1831,1923,-1,1923,1831,1832,-1,1923,1832,1924,-1,1924,1832,1833,-1,1924,1833,1925,-1,1925,1833,1834,-1,1925,1834,1926,-1,1926,1834,1835,-1,1926,1835,1927,-1,1927,1835,1836,-1,1927,1836,1928,-1,1928,1836,1837,-1,1928,1837,1929,-1,1929,1837,1838,-1,1929,1838,1930,-1,1930,1838,1839,-1,1930,1839,1931,-1,1931,1839,1840,-1,1931,1840,1932,-1,1932,1840,1841,-1,1932,1841,1933,-1,1933,1841,1842,-1,1933,1842,1934,-1,1934,1842,1819,-1,1934,1819,1935,-1,1935,1819,1820,-1,1935,1820,1936,-1,1936,1820,1821,-1,1936,1821,1937,-1,1937,1821,1822,-1,1937,1822,1938,-1,1938,1822,1823,-1,1938,1823,1939,-1,1939,1823,1824,-1,1939,1824,1916,-1,1916,1824,1825,-1,1937,1938,1940,-1,1940,1938,1939,-1,1940,1939,1916,-1,1934,1935,1940,-1,1940,1935,1936,-1,1940,1936,1937,-1,1931,1932,1940,-1,1940,1932,1933,-1,1940,1933,1934,-1,1928,1929,1940,-1,1940,1929,1930,-1,1940,1930,1931,-1,1925,1926,1940,-1,1940,1926,1927,-1,1940,1927,1928,-1,1922,1923,1940,-1,1940,1923,1924,-1,1940,1924,1925,-1,1919,1920,1940,-1,1940,1920,1921,-1,1940,1921,1922,-1,1916,1917,1940,-1,1940,1917,1918,-1,1940,1918,1919,-1,1941,1790,1942,-1,1942,1790,1791,-1,1942,1791,1943,-1,1943,1791,1792,-1,1943,1792,1944,-1,1944,1792,1793,-1,1944,1793,1945,-1,1945,1793,1794,-1,1945,1794,1946,-1,1946,1794,1771,-1,1946,1771,1947,-1,1947,1771,1772,-1,1947,1772,1948,-1,1948,1772,1773,-1,1948,1773,1949,-1,1949,1773,1774,-1,1949,1774,1950,-1,1950,1774,1775,-1,1950,1775,1951,-1,1951,1775,1776,-1,1951,1776,1952,-1,1952,1776,1777,-1,1952,1777,1953,-1,1953,1777,1778,-1,1953,1778,1954,-1,1954,1778,1779,-1,1954,1779,1955,-1,1955,1779,1780,-1,1955,1780,1956,-1,1956,1780,1781,-1,1956,1781,1957,-1,1957,1781,1782,-1,1957,1782,1958,-1,1958,1782,1783,-1,1958,1783,1959,-1,1959,1783,1784,-1,1959,1784,1960,-1,1960,1784,1785,-1,1960,1785,1961,-1,1961,1785,1786,-1,1961,1786,1962,-1,1962,1786,1787,-1,1962,1787,1963,-1,1963,1787,1788,-1,1963,1788,1964,-1,1964,1788,1789,-1,1964,1789,1941,-1,1941,1789,1790,-1,1962,1963,1965,-1,1965,1963,1964,-1,1965,1964,1941,-1,1959,1960,1965,-1,1965,1960,1961,-1,1965,1961,1962,-1,1956,1957,1965,-1,1965,1957,1958,-1,1965,1958,1959,-1,1953,1954,1965,-1,1965,1954,1955,-1,1965,1955,1956,-1,1950,1951,1965,-1,1965,1951,1952,-1,1965,1952,1953,-1,1947,1948,1965,-1,1965,1948,1949,-1,1965,1949,1950,-1,1944,1945,1965,-1,1965,1945,1946,-1,1965,1946,1947,-1,1941,1942,1965,-1,1965,1942,1943,-1,1965,1943,1944,-1,1966,1732,1967,-1,1967,1732,1733,-1,1967,1733,1968,-1,1968,1733,1734,-1,1968,1734,1969,-1,1969,1734,1735,-1,1969,1735,1970,-1,1970,1735,1736,-1,1970,1736,1971,-1,1971,1736,1737,-1,1971,1737,1972,-1,1972,1737,1738,-1,1972,1738,1973,-1,1973,1738,1739,-1,1973,1739,1974,-1,1974,1739,1740,-1,1974,1740,1975,-1,1975,1740,1741,-1,1975,1741,1976,-1,1976,1741,1742,-1,1976,1742,1977,-1,1977,1742,1743,-1,1977,1743,1978,-1,1978,1743,1744,-1,1978,1744,1979,-1,1979,1744,1745,-1,1979,1745,1980,-1,1980,1745,1746,-1,1980,1746,1981,-1,1981,1746,1723,-1,1981,1723,1982,-1,1982,1723,1724,-1,1982,1724,1983,-1,1983,1724,1725,-1,1983,1725,1984,-1,1984,1725,1726,-1,1984,1726,1985,-1,1985,1726,1727,-1,1985,1727,1986,-1,1986,1727,1728,-1,1986,1728,1987,-1,1987,1728,1729,-1,1987,1729,1988,-1,1988,1729,1730,-1,1988,1730,1989,-1,1989,1730,1731,-1,1989,1731,1966,-1,1966,1731,1732,-1,1987,1988,1990,-1,1990,1988,1989,-1,1990,1989,1966,-1,1984,1985,1990,-1,1990,1985,1986,-1,1990,1986,1987,-1,1981,1982,1990,-1,1990,1982,1983,-1,1990,1983,1984,-1,1978,1979,1990,-1,1990,1979,1980,-1,1990,1980,1981,-1,1975,1976,1990,-1,1990,1976,1977,-1,1990,1977,1978,-1,1972,1973,1990,-1,1990,1973,1974,-1,1990,1974,1975,-1,1969,1970,1990,-1,1990,1970,1971,-1,1990,1971,1972,-1,1966,1967,1990,-1,1990,1967,1968,-1,1990,1968,1969,-1,1991,463,1992,-1,1992,463,462,-1,1992,462,1993,-1,1993,462,456,-1,1993,456,1994,-1,1994,456,457,-1,1994,457,1995,-1,1995,457,458,-1,1995,458,1996,-1,1996,458,461,-1,1996,461,1997,-1,1997,461,460,-1,1991,1998,463,-1,463,1998,464,-1,1999,452,2000,-1,2000,452,455,-1,2000,455,2001,-1,2001,455,454,-1,2001,454,2002,-1,2002,454,451,-1,2002,451,2003,-1,2003,451,450,-1,2003,450,2004,-1,2004,450,449,-1,2004,449,1998,-1,1998,449,464,-1,452,1999,453,-1,453,1999,2005,-1,453,2005,431,-1,2006,446,2007,-1,2007,446,445,-1,2007,445,2008,-1,2008,445,444,-1,2008,444,2009,-1,2009,444,436,-1,2009,436,2010,-1,2010,436,435,-1,2010,435,2011,-1,2011,435,434,-1,2011,434,2005,-1,2005,434,431,-1,2006,2012,446,-1,446,2012,447,-1,2013,442,2014,-1,2014,442,441,-1,2014,441,2015,-1,2015,441,440,-1,2015,440,2016,-1,2016,440,438,-1,2016,438,2017,-1,2017,438,437,-1,2017,437,2018,-1,2018,437,448,-1,2018,448,2012,-1,2012,448,447,-1,442,2013,459,-1,459,2013,1997,-1,459,1997,460,-1,
        ]
    }
}
Shape{
    appearance Appearance {
        material  Material {
            diffuseColor 0.7294117647058823 0.3568627450980392 0.023529411764705882
            specularColor 0.36470588235294116 0.17647058823529413 0.011764705882352941
            ambientIntensity 0.4303
            transparency 0.0
            shininess 0.5
        }
    }
    geometry IndexedFaceSet {
        ccw TRUE
        solid FALSE
        coord DEF co Coordinate {
            point [
                0.315 1.0237 0.7087, 1.1417 1.0237 0.7087, 1.2598 0.9056 0.7087, 1.1417 -0.1574 0.7087, 1.244 -0.0984 0.7087, 1.1723 -0.1534 0.7087, 1.2252 -0.1228 0.7087, 1.2008 -0.1416 0.7087, 0.315 -0.1574 0.7087, 0.1969 -0.0393 0.7087, 0.2844 -0.1534 0.7087, 0.2559 -0.1416 0.7087, 0.2314 -0.1228 0.7087, 0.2127 -0.0984 0.7087, 0.2009 -0.0699 0.7087, 1.2008 1.0078 0.7087, 1.2252 0.9891 0.7087, 1.1723 1.0196 0.7087, 1.244 0.9646 0.7087, 1.2558 0.9361 0.7087, 0.2314 0.9891 0.7087, 0.2559 1.0078 0.7087, 0.2127 0.9646 0.7087, 0.2009 0.9361 0.7087, 0.2844 1.0196 0.7087, 0.1969 0.9056 0.7087, 1.2598 -0.0393 0.7087, 1.2558 -0.0699 0.7087
            ]
        }
        coordIndex [
            0,1,2,-1,3,4,5,-1,5,4,6,-1,5,6,7,-1,3,8,9,-1,9,8,10,-1,9,10,11,-1,11,12,9,-1,9,12,13,-1,9,13,14,-1,15,16,17,-1,17,16,18,-1,17,18,1,-1,1,18,19,-1,1,19,2,-1,20,21,22,-1,22,21,23,-1,21,24,23,-1,23,24,0,-1,23,0,25,-1,25,0,2,-1,25,2,9,-1,9,2,26,-1,9,26,3,-1,3,26,27,-1,3,27,4,-1,
        ]
    }
}
Shape{
    appearance Appearance {
        material  Material {
            diffuseColor 0.25098039215686274 0.25098039215686274 0.25098039215686274
            specularColor 0.12549019607843137 0.12549019607843137 0.12549019607843137
            ambientIntensity 0.251
            transparency 0.0
            shininess 0.5
        }
    }
    geometry IndexedFaceSet {
        ccw TRUE
        solid FALSE
        coord DEF co Coordinate {
            point [
                -1.2598 0.9056 0.7087, -1.2598 0.9056 0.5906, -1.2558 0.9361 0.7087, -1.2558 0.9361 0.5906, -1.244 0.9646 0.7087, -1.244 0.9646 0.5906, -1.2252 0.9891 0.7087, -1.2252 0.9891 0.5906, -1.2008 1.0078 0.7087, -1.2008 1.0078 0.5906, -1.1723 1.0196 0.7087, -1.1723 1.0196 0.5906, -1.1417 1.0237 0.7087, -1.1417 1.0237 0.5906, -1.2598 0.4329 0.5906, -1.2598 -0.0393 0.7087, -1.2598 -0.0393 0.5906, -1.1417 -0.1574 0.7087, -1.1417 -0.1574 0.5906, -1.1723 -0.1534 0.7087, -1.1723 -0.1534 0.5906, -1.2008 -0.1416 0.7087, -1.2008 -0.1416 0.5906, -1.2252 -0.1228 0.7087, -1.2252 -0.1228 0.5906, -1.244 -0.0984 0.7087, -1.244 -0.0984 0.5906, -1.2558 -0.0699 0.7087, -1.2558 -0.0699 0.5906, -1.0478 -0.1574 0.5906, -0.315 -0.1574 0.7087, -0.315 -0.1574 0.5906, -0.3569 -0.1574 0.5906, -0.5909 -0.1574 0.5906, -0.7224 -0.1574 0.5906, -0.792 -0.1574 0.5906, -0.1969 -0.0393 0.7087, -0.1969 -0.0393 0.5906, -0.2009 -0.0699 0.7087, -0.2009 -0.0699 0.5906, -0.2127 -0.0984 0.7087, -0.2127 -0.0984 0.5906, -0.2314 -0.1228 0.7087, -0.2314 -0.1228 0.5906, -0.2559 -0.1416 0.7087, -0.2559 -0.1416 0.5906, -0.2844 -0.1534 0.7087, -0.2844 -0.1534 0.5906, -0.1969 0.4329 0.5906, -0.1969 0.9056 0.7087, -0.1969 0.9056 0.5906, -0.315 1.0237 0.7087, -0.315 1.0237 0.5906, -0.2844 1.0196 0.7087, -0.2844 1.0196 0.5906, -0.2559 1.0078 0.7087, -0.2559 1.0078 0.5906, -0.2314 0.9891 0.7087, -0.2314 0.9891 0.5906, -0.2127 0.9646 0.7087, -0.2127 0.9646 0.5906, -0.2009 0.9361 0.7087, -0.2009 0.9361 0.5906, -0.3569 1.0237 0.5906, -1.0478 1.0237 0.5906, -0.792 1.0237 0.5906, -0.7224 1.0237 0.5906, -0.5909 1.0237 0.5906
            ]
        }
        coordIndex [
            0,1,2,-1,2,1,3,-1,2,3,4,-1,4,3,5,-1,4,5,6,-1,6,5,7,-1,6,7,8,-1,8,7,9,-1,8,9,10,-1,10,9,11,-1,10,11,12,-1,12,11,13,-1,1,0,14,-1,14,0,15,-1,14,15,16,-1,17,18,19,-1,19,18,20,-1,19,20,21,-1,21,20,22,-1,21,22,23,-1,23,22,24,-1,23,24,25,-1,25,24,26,-1,25,26,27,-1,27,26,28,-1,27,28,15,-1,15,28,16,-1,29,18,17,-1,30,31,32,-1,32,33,30,-1,30,33,34,-1,30,34,17,-1,17,34,35,-1,17,35,29,-1,36,37,38,-1,38,37,39,-1,38,39,40,-1,40,39,41,-1,40,41,42,-1,42,41,43,-1,42,43,44,-1,44,43,45,-1,44,45,46,-1,46,45,47,-1,46,47,30,-1,30,47,31,-1,37,36,48,-1,48,36,49,-1,48,49,50,-1,51,52,53,-1,53,52,54,-1,53,54,55,-1,55,54,56,-1,55,56,57,-1,57,56,58,-1,57,58,59,-1,59,58,60,-1,59,60,61,-1,61,60,62,-1,61,62,49,-1,49,62,50,-1,63,52,51,-1,12,13,64,-1,64,65,12,-1,12,65,66,-1,12,66,51,-1,51,66,67,-1,51,67,63,-1,
        ]
    }
}
Shape{
    appearance Appearance {
        material  Material {
            diffuseColor 0.7294117647058823 0.3568627450980392 0.023529411764705882
            specularColor 0.36470588235294116 0.17647058823529413 0.011764705882352941
            ambientIntensity 0.4303
            transparency 0.0
            shininess 0.5
        }
    }
    geometry IndexedFaceSet {
        ccw TRUE
        solid FALSE
        coord DEF co Coordinate {
            point [
                -1.2598 -0.0393 0.7087, -1.2598 0.9056 0.7087, -0.1969 0.9056 0.7087, -0.2844 -0.1534 0.7087, -0.315 -0.1574 0.7087, -0.1969 -0.0393 0.7087, -0.2127 -0.0984 0.7087, -0.2314 -0.1228 0.7087, -0.2559 -0.1416 0.7087, -1.1417 -0.1574 0.7087, -1.1723 -0.1534 0.7087, -0.315 1.0237 0.7087, -0.2844 1.0196 0.7087, -0.2127 0.9646 0.7087, -0.2559 1.0078 0.7087, -0.2314 0.9891 0.7087, -0.2009 -0.0699 0.7087, -0.2009 0.9361 0.7087, -1.1417 1.0237 0.7087, -1.1723 1.0196 0.7087, -1.2558 0.9361 0.7087, -1.244 0.9646 0.7087, -1.2252 0.9891 0.7087, -1.2008 1.0078 0.7087, -1.2008 -0.1416 0.7087, -1.2252 -0.1228 0.7087, -1.2558 -0.0699 0.7087, -1.244 -0.0984 0.7087
            ]
        }
        coordIndex [
            0,1,2,-1,3,4,5,-1,5,4,2,-1,6,7,8,-1,2,4,0,-1,0,4,9,-1,0,9,10,-1,11,12,13,-1,13,12,14,-1,13,14,15,-1,3,5,8,-1,8,5,16,-1,8,16,6,-1,13,17,11,-1,11,17,2,-1,11,2,18,-1,18,2,1,-1,18,1,19,-1,19,1,20,-1,20,21,19,-1,19,21,22,-1,19,22,23,-1,10,24,0,-1,0,24,25,-1,0,25,26,-1,26,25,27,-1,
        ]
    }
}
Shape{
    appearance Appearance {
        material  Material {
            diffuseColor 0.25098039215686274 0.25098039215686274 0.25098039215686274
            specularColor 0.12549019607843137 0.12549019607843137 0.12549019607843137
            ambientIntensity 0.251
            transparency 0.0
            shininess 0.5
        }
    }
    geometry IndexedFaceSet {
        ccw TRUE
        solid FALSE
        coord DEF co Coordinate {
            point [
                -1.1417 1.3386 0.7087, -1.1417 1.3386 0.5906, -1.1723 1.3427 0.7087, -1.1723 1.3427 0.5906, -1.2008 1.3545 0.7087, -1.2008 1.3545 0.5906, -1.2252 1.3732 0.7087, -1.2252 1.3732 0.5906, -1.244 1.3977 0.7087, -1.244 1.3977 0.5906, -1.2558 1.4262 0.7087, -1.2558 1.4262 0.5906, -1.2598 1.4567 0.7087, -1.2598 1.4567 0.5906, -1.0478 1.3386 0.5906, -0.315 1.3386 0.7087, -0.315 1.3386 0.5906, -0.3569 1.3386 0.5906, -0.5909 1.3386 0.5906, -0.7224 1.3386 0.5906, -0.792 1.3386 0.5906, -0.1969 1.4567 0.7087, -0.1969 1.4567 0.5906, -0.2009 1.4262 0.7087, -0.2009 1.4262 0.5906, -0.2127 1.3977 0.7087, -0.2127 1.3977 0.5906, -0.2314 1.3732 0.7087, -0.2314 1.3732 0.5906, -0.2559 1.3545 0.7087, -0.2559 1.3545 0.5906, -0.2844 1.3427 0.7087, -0.2844 1.3427 0.5906, -0.1969 2.4016 0.7087, -0.1969 2.4016 0.5906, -0.315 2.5197 0.7087, -0.315 2.5197 0.5906, -0.2844 2.5157 0.7087, -0.2844 2.5157 0.5906, -0.2559 2.5039 0.7087, -0.2559 2.5039 0.5906, -0.2314 2.4851 0.7087, -0.2314 2.4851 0.5906, -0.2127 2.4607 0.7087, -0.2127 2.4607 0.5906, -0.2009 2.4322 0.7087, -0.2009 2.4322 0.5906, -0.3569 2.5197 0.5906, -0.6299 2.5197 0.7087, -0.5909 2.5197 0.5906, -0.6299 2.5197 0.5906, -1.2598 1.8898 0.7087, -1.2598 1.8898 0.5906, -1.2384 2.0528 0.7087, -1.2384 2.0528 0.5906, -1.1754 2.2048 0.7087, -1.1754 2.2048 0.5906, -1.0753 2.3352 0.7087, -1.0753 2.3352 0.5906, -1.0478 2.3564 0.5906, -0.9449 2.4353 0.7087, -0.9449 2.4353 0.5906, -0.793 2.4983 0.7087, -0.793 2.4983 0.5906, -0.7224 2.5076 0.5906, -0.792 2.4984 0.5906
            ]
        }
        coordIndex [
            0,1,2,-1,2,1,3,-1,2,3,4,-1,4,3,5,-1,4,5,6,-1,6,5,7,-1,6,7,8,-1,8,7,9,-1,8,9,10,-1,10,9,11,-1,10,11,12,-1,12,11,13,-1,14,1,0,-1,15,16,17,-1,17,18,15,-1,15,18,19,-1,15,19,0,-1,0,19,20,-1,0,20,14,-1,21,22,23,-1,23,22,24,-1,23,24,25,-1,25,24,26,-1,25,26,27,-1,27,26,28,-1,27,28,29,-1,29,28,30,-1,29,30,31,-1,31,30,32,-1,31,32,15,-1,15,32,16,-1,21,33,22,-1,22,33,34,-1,35,36,37,-1,37,36,38,-1,37,38,39,-1,39,38,40,-1,39,40,41,-1,41,40,42,-1,41,42,43,-1,43,42,44,-1,43,44,45,-1,45,44,46,-1,45,46,33,-1,33,46,34,-1,36,35,47,-1,47,35,48,-1,47,48,49,-1,49,48,50,-1,51,52,53,-1,53,52,54,-1,53,54,55,-1,55,54,56,-1,55,56,57,-1,56,58,57,-1,57,58,59,-1,57,59,60,-1,60,59,61,-1,60,61,62,-1,62,61,63,-1,50,48,64,-1,64,48,62,-1,64,62,65,-1,65,62,63,-1,51,12,52,-1,52,12,13,-1,
        ]
    }
}
Shape{
    appearance Appearance {
        material  Material {
            diffuseColor 0.7294117647058823 0.3568627450980392 0.023529411764705882
            specularColor 0.36470588235294116 0.17647058823529413 0.011764705882352941
            ambientIntensity 0.4303
            transparency 0.0
            shininess 0.5
        }
    }
    geometry IndexedFaceSet {
        ccw TRUE
        solid FALSE
        coord DEF co Coordinate {
            point [
                -0.315 1.3386 0.7087, -0.1969 1.4567 0.7087, -0.2009 1.4262 0.7087, -1.1417 1.3386 0.7087, -1.2598 1.4567 0.7087, -1.1723 1.3427 0.7087, -1.2008 1.3545 0.7087, -1.2252 1.3732 0.7087, -1.244 1.3977 0.7087, -1.2558 1.4262 0.7087, -1.2384 2.0528 0.7087, -1.1754 2.2048 0.7087, -0.2127 1.3977 0.7087, -0.2314 1.3732 0.7087, -0.2844 1.3427 0.7087, -0.2559 1.3545 0.7087, -1.2598 1.8898 0.7087, -1.0753 2.3352 0.7087, -0.9449 2.4353 0.7087, -0.793 2.4983 0.7087, -0.2314 2.4851 0.7087, -0.2127 2.4607 0.7087, -0.2009 2.4322 0.7087, -0.6299 2.5197 0.7087, -0.315 2.5197 0.7087, -0.1969 2.4016 0.7087, -0.2844 2.5157 0.7087, -0.2559 2.5039 0.7087
            ]
        }
        coordIndex [
            0,1,2,-1,0,3,4,-1,4,3,5,-1,4,5,6,-1,6,7,4,-1,4,7,8,-1,4,8,9,-1,10,11,1,-1,2,12,0,-1,0,12,13,-1,0,13,14,-1,14,13,15,-1,0,4,1,-1,1,4,16,-1,1,16,10,-1,11,17,1,-1,1,17,18,-1,1,18,19,-1,20,21,22,-1,19,23,1,-1,1,23,24,-1,1,24,25,-1,25,24,26,-1,25,26,22,-1,22,26,27,-1,22,27,20,-1,
        ]
    }
}
Shape{
    appearance Appearance {
        material  Material {
            diffuseColor 0.25098039215686274 0.25098039215686274 0.25098039215686274
            specularColor 0.12549019607843137 0.12549019607843137 0.12549019607843137
            ambientIntensity 0.251
            transparency 0.0
            shininess 0.5
        }
    }
    geometry IndexedFaceSet {
        ccw TRUE
        solid FALSE
        coord DEF co Coordinate {
            point [
                1.2598 1.4567 0.7087, 1.2598 1.4567 0.5906, 1.2558 1.4262 0.7087, 1.2558 1.4262 0.5906, 1.244 1.3977 0.7087, 1.244 1.3977 0.5906, 1.2252 1.3732 0.7087, 1.2252 1.3732 0.5906, 1.2008 1.3545 0.7087, 1.2008 1.3545 0.5906, 1.1723 1.3427 0.7087, 1.1723 1.3427 0.5906, 1.1417 1.3386 0.7087, 1.1417 1.3386 0.5906, 1.2598 1.8898 0.7087, 1.2598 1.8898 0.5906, 0.6299 2.5197 0.7087, 0.6299 2.5197 0.5906, 0.793 2.4983 0.7087, 0.793 2.4983 0.5906, 0.9449 2.4353 0.7087, 0.9449 2.4353 0.5906, 1.0753 2.3352 0.7087, 1.0753 2.3352 0.5906, 1.1754 2.2048 0.7087, 1.1754 2.2048 0.5906, 1.2384 2.0528 0.7087, 1.2384 2.0528 0.5906, 0.315 2.5197 0.7087, 0.315 2.5197 0.5906, 0.1969 2.4016 0.7087, 0.1969 2.4016 0.5906, 0.2009 2.4322 0.7087, 0.2009 2.4322 0.5906, 0.2127 2.4607 0.7087, 0.2127 2.4607 0.5906, 0.2314 2.4851 0.7087, 0.2314 2.4851 0.5906, 0.2559 2.5039 0.7087, 0.2559 2.5039 0.5906, 0.2844 2.5157 0.7087, 0.2844 2.5157 0.5906, 0.1969 1.4567 0.7087, 0.1969 1.4567 0.5906, 0.315 1.3386 0.7087, 0.315 1.3386 0.5906, 0.2844 1.3427 0.7087, 0.2844 1.3427 0.5906, 0.2559 1.3545 0.7087, 0.2559 1.3545 0.5906, 0.2314 1.3732 0.7087, 0.2314 1.3732 0.5906, 0.2127 1.3977 0.7087, 0.2127 1.3977 0.5906, 0.2009 1.4262 0.7087, 0.2009 1.4262 0.5906
            ]
        }
        coordIndex [
            0,1,2,-1,2,1,3,-1,2,3,4,-1,4,3,5,-1,4,5,6,-1,6,5,7,-1,6,7,8,-1,8,7,9,-1,8,9,10,-1,10,9,11,-1,10,11,12,-1,12,11,13,-1,0,14,1,-1,1,14,15,-1,16,17,18,-1,18,17,19,-1,18,19,20,-1,20,19,21,-1,20,21,22,-1,22,21,23,-1,22,23,24,-1,24,23,25,-1,24,25,26,-1,26,25,27,-1,26,27,14,-1,14,27,15,-1,16,28,17,-1,17,28,29,-1,30,31,32,-1,32,31,33,-1,32,33,34,-1,34,33,35,-1,34,35,36,-1,36,35,37,-1,36,37,38,-1,38,37,39,-1,38,39,40,-1,40,39,41,-1,40,41,28,-1,28,41,29,-1,30,42,31,-1,31,42,43,-1,44,45,46,-1,46,45,47,-1,46,47,48,-1,48,47,49,-1,48,49,50,-1,50,49,51,-1,50,51,52,-1,52,51,53,-1,52,53,54,-1,54,53,55,-1,54,55,42,-1,42,55,43,-1,44,12,45,-1,45,12,13,-1,
        ]
    }
}
Shape{
    appearance Appearance {
        material  Material {
            diffuseColor 0.7294117647058823 0.3568627450980392 0.023529411764705882
            specularColor 0.36470588235294116 0.17647058823529413 0.011764705882352941
            ambientIntensity 0.4303
            transparency 0.0
            shininess 0.5
        }
    }
    geometry IndexedFaceSet {
        ccw TRUE
        solid FALSE
        coord DEF co Coordinate {
            point [
                0.1969 2.4016 0.7087, 0.6299 2.5197 0.7087, 0.1969 1.4567 0.7087, 0.793 2.4983 0.7087, 0.315 1.3386 0.7087, 1.1417 1.3386 0.7087, 1.2598 1.4567 0.7087, 0.2314 1.3732 0.7087, 0.2559 1.3545 0.7087, 0.2844 1.3427 0.7087, 0.2127 1.3977 0.7087, 0.2009 1.4262 0.7087, 0.9449 2.4353 0.7087, 1.0753 2.3352 0.7087, 1.1754 2.2048 0.7087, 1.2252 1.3732 0.7087, 1.244 1.3977 0.7087, 1.2558 1.4262 0.7087, 1.2008 1.3545 0.7087, 1.1723 1.3427 0.7087, 0.2009 2.4322 0.7087, 0.2844 2.5157 0.7087, 0.315 2.5197 0.7087, 0.2127 2.4607 0.7087, 0.2314 2.4851 0.7087, 0.2559 2.5039 0.7087, 1.2384 2.0528 0.7087, 1.2598 1.8898 0.7087
            ]
        }
        coordIndex [
            0,1,2,-1,2,1,3,-1,4,2,5,-1,5,2,6,-1,7,4,8,-1,8,4,9,-1,7,10,4,-1,4,10,11,-1,4,11,2,-1,3,12,2,-1,2,12,13,-1,2,13,14,-1,15,6,16,-1,16,6,17,-1,15,18,6,-1,6,18,19,-1,6,19,5,-1,20,21,0,-1,0,21,22,-1,0,22,1,-1,20,23,21,-1,21,23,24,-1,21,24,25,-1,14,26,2,-1,2,26,27,-1,2,27,6,-1,
        ]
    }
}
Shape{
    appearance Appearance {
        material  Material {
            diffuseColor 0.25098039215686274 0.25098039215686274 0.25098039215686274
            specularColor 0.12549019607843137 0.12549019607843137 0.12549019607843137
            ambientIntensity 0.251
            transparency 0.0
            shininess 0.5
        }
    }
    geometry IndexedFaceSet {
        ccw TRUE
        solid FALSE
        coord DEF co Coordinate {
            point [
                -0.1521 2.852 0.0, -0.1364 2.8141 0.0, -0.1438 2.832 0.5906, -0.1521 2.852 0.5906, -0.1575 2.8928 0.5906, -0.1575 2.8928 0.0, -0.1521 2.9336 0.5906, -0.1521 2.9336 0.0, -0.1438 2.9536 0.5906, -0.1364 2.9715 0.0, -0.1364 2.9715 0.5906, -0.1114 3.0042 0.5906, -0.1114 3.0042 0.0, -0.0787 3.0292 0.5906, -0.0787 3.0292 0.0, -0.0408 3.0449 0.5906, -0.0408 3.0449 0.0, 0.0 3.0503 0.5906, 0.0 3.0503 0.0, 0.0408 3.0449 0.5906, 0.0408 3.0449 0.0, 0.0787 3.0292 0.5906, 0.0787 3.0292 0.0, 0.1114 3.0042 0.5906, 0.1114 3.0042 0.0, 0.1364 2.9715 0.5906, 0.1364 2.9715 0.0, 0.1438 2.9536 0.5906, 0.1521 2.9336 0.0, 0.1521 2.9336 0.5906, 0.1575 2.8928 0.5906, 0.1575 2.8928 0.0, 0.1521 2.852 0.5906, 0.1521 2.852 0.0, 0.1438 2.832 0.5906, 0.1364 2.8141 0.0, 0.1364 2.8141 0.5906, 0.1141 2.785 0.5906, 0.1114 2.7814 0.0, 0.1114 2.7814 0.5906, 0.0787 2.7564 0.5906, 0.0787 2.7564 0.0, 0.0408 2.7407 0.5906, 0.0408 2.7407 0.0, 0.0 2.7353 0.5906, 0.0 2.7353 0.0, -0.0408 2.7407 0.5906, -0.0408 2.7407 0.0, -0.0787 2.7564 0.5906, -0.0787 2.7564 0.0, -0.1114 2.7814 0.5906, -0.1114 2.7814 0.0, -0.1141 2.785 0.5906, -0.1364 2.8141 0.5906, -0.0591 2.9951 -0.0394, -0.0306 3.0069 -0.0394, 0.0 2.8928 -0.0394, 0.0 3.0109 -0.0394, 0.0306 3.0069 -0.0394, -0.1141 2.9234 -0.0394, -0.1023 2.9519 -0.0394, -0.0835 2.9763 -0.0394, -0.1023 2.8337 -0.0394, -0.1141 2.8622 -0.0394, -0.1181 2.8928 -0.0394, -0.0306 2.7787 -0.0394, -0.0591 2.7905 -0.0394, -0.0835 2.8093 -0.0394, 0.0591 2.7905 -0.0394, 0.0306 2.7787 -0.0394, 0.0 2.7747 -0.0394, 0.1141 2.8622 -0.0394, 0.1023 2.8337 -0.0394, 0.0835 2.8093 -0.0394, 0.1023 2.9519 -0.0394, 0.1141 2.9234 -0.0394, 0.1181 2.8928 -0.0394, 0.0591 2.9951 -0.0394, 0.0835 2.9763 -0.0394, -0.1521 -0.8353 0.0, -0.1575 -0.7945 0.5906, -0.1575 -0.7945 0.0, -0.1521 -0.7538 0.5906, -0.1521 -0.7538 0.0, -0.1438 -0.7337 0.5906, -0.1364 -0.7158 0.0, -0.1364 -0.7158 0.5906, -0.1185 -0.6925 0.5906, -0.1114 -0.6832 0.0, -0.1114 -0.6832 0.5906, -0.0787 -0.6581 0.5906, -0.0787 -0.6581 0.0, -0.0408 -0.6424 0.5906, -0.0408 -0.6424 0.0, 0.0 -0.637 0.5906, 0.0 -0.637 0.0, 0.0408 -0.6424 0.5906, 0.0408 -0.6424 0.0, 0.0787 -0.6581 0.5906, 0.0787 -0.6581 0.0, 0.1114 -0.6832 0.5906, 0.1114 -0.6832 0.0, 0.1185 -0.6925 0.5906, 0.1364 -0.7158 0.0, 0.1364 -0.7158 0.5906, 0.1438 -0.7337 0.5906, 0.1521 -0.7538 0.0, 0.1521 -0.7538 0.5906, 0.1575 -0.7945 0.5906, 0.1575 -0.7945 0.0, 0.1521 -0.8353 0.5906, 0.1521 -0.8353 0.0, 0.1438 -0.8554 0.5906, 0.1364 -0.8733 0.0, 0.1364 -0.8733 0.5906, 0.1114 -0.9059 0.5906, 0.1114 -0.9059 0.0, 0.0787 -0.9309 0.5906, 0.0787 -0.9309 0.0, 0.0408 -0.9466 0.5906, 0.0408 -0.9466 0.0, 0.0 -0.952 0.5906, 0.0 -0.952 0.0, -0.0408 -0.9466 0.5906, -0.0408 -0.9466 0.0, -0.0787 -0.9309 0.5906, -0.0787 -0.9309 0.0, -0.1114 -0.9059 0.5906, -0.1114 -0.9059 0.0, -0.1364 -0.8733 0.5906, -0.1364 -0.8733 0.0, -0.1438 -0.8554 0.5906, -0.1521 -0.8353 0.5906, -0.0591 -0.6922 -0.0394, -0.0306 -0.6804 -0.0394, 0.0 -0.7945 -0.0394, 0.0 -0.6764 -0.0394, 0.0306 -0.6804 -0.0394, -0.1141 -0.7639 -0.0394, -0.1023 -0.7355 -0.0394, -0.0835 -0.711 -0.0394, -0.1023 -0.8536 -0.0394, -0.1141 -0.8251 -0.0394, -0.1181 -0.7945 -0.0394, -0.0306 -0.9086 -0.0394, -0.0591 -0.8968 -0.0394, -0.0835 -0.878 -0.0394, 0.0591 -0.8968 -0.0394, 0.0306 -0.9086 -0.0394, 0.0 -0.9126 -0.0394, 0.1141 -0.8251 -0.0394, 0.1023 -0.8536 -0.0394, 0.0835 -0.878 -0.0394, 0.1023 -0.7355 -0.0394, 0.1141 -0.7639 -0.0394, 0.1181 -0.7945 -0.0394, 0.0591 -0.6922 -0.0394, 0.0835 -0.711 -0.0394, 0.0332 3.0167 -0.038, 0.0641 3.0039 -0.038, 0.0907 2.9835 -0.038, 0.1111 2.957 -0.038, 0.1239 2.926 -0.038, 0.1283 2.8928 -0.038, 0.1239 2.8596 -0.038, 0.1111 2.8287 -0.038, 0.0907 2.8021 -0.038, 0.0641 2.7817 -0.038, 0.0332 2.7689 -0.038, 0.0 2.7645 -0.038, -0.0332 2.7689 -0.038, -0.0641 2.7817 -0.038, -0.0907 2.8021 -0.038, -0.1111 2.8287 -0.038, -0.1239 2.8596 -0.038, -0.1283 2.8928 -0.038, -0.1239 2.926 -0.038, -0.1111 2.957 -0.038, -0.0907 2.9835 -0.038, -0.0641 3.0039 -0.038, -0.0332 3.0167 -0.038, 0.0 3.0211 -0.038, 0.0357 3.0259 -0.0341, 0.0689 3.0121 -0.0341, 0.0974 2.9902 -0.0341, 0.1193 2.9617 -0.0341, 0.1331 2.9285 -0.0341, 0.1378 2.8928 -0.0341, 0.1331 2.8571 -0.0341, 0.1193 2.8239 -0.0341, 0.0974 2.7954 -0.0341, 0.0689 2.7735 -0.0341, 0.0357 2.7597 -0.0341, 0.0 2.755 -0.0341, -0.0357 2.7597 -0.0341, -0.0689 2.7735 -0.0341, -0.0974 2.7954 -0.0341, -0.1193 2.8239 -0.0341, -0.1331 2.8571 -0.0341, -0.1378 2.8928 -0.0341, -0.1331 2.9285 -0.0341, -0.1193 2.9617 -0.0341, -0.0974 2.9902 -0.0341, -0.0689 3.0121 -0.0341, -0.0357 3.0259 -0.0341, 0.0 3.0306 -0.0341, 0.0378 3.0338 -0.0278, 0.073 3.0192 -0.0278, 0.1032 2.996 -0.0278, 0.1264 2.9658 -0.0278, 0.141 2.9306 -0.0278, 0.1459 2.8928 -0.0278, 0.141 2.855 -0.0278, 0.1264 2.8198 -0.0278, 0.1032 2.7896 -0.0278, 0.073 2.7664 -0.0278, 0.0378 2.7518 -0.0278, 0.0 2.7469 -0.0278, -0.0378 2.7518 -0.0278, -0.073 2.7664 -0.0278, -0.1032 2.7896 -0.0278, -0.1264 2.8198 -0.0278, -0.141 2.855 -0.0278, -0.1459 2.8928 -0.0278, -0.141 2.9306 -0.0278, -0.1264 2.9658 -0.0278, -0.1032 2.996 -0.0278, -0.073 3.0192 -0.0278, -0.0378 3.0338 -0.0278, 0.0 3.0388 -0.0278, 0.0394 3.0398 -0.0197, 0.0761 3.0246 -0.0197, 0.1076 3.0004 -0.0197, 0.1318 2.9689 -0.0197, 0.147 2.9322 -0.0197, 0.1522 2.8928 -0.0197, 0.147 2.8534 -0.0197, 0.1318 2.8167 -0.0197, 0.1076 2.7852 -0.0197, 0.0761 2.761 -0.0197, 0.0394 2.7458 -0.0197, 0.0 2.7406 -0.0197, -0.0394 2.7458 -0.0197, -0.0761 2.761 -0.0197, -0.1076 2.7852 -0.0197, -0.1318 2.8167 -0.0197, -0.147 2.8534 -0.0197, -0.1522 2.8928 -0.0197, -0.147 2.9322 -0.0197, -0.1318 2.9689 -0.0197, -0.1076 3.0004 -0.0197, -0.0761 3.0246 -0.0197, -0.0394 3.0398 -0.0197, 0.0 3.045 -0.0197, 0.0404 3.0436 -0.0102, 0.0781 3.028 -0.0102, 0.1104 3.0032 -0.0102, 0.1352 2.9709 -0.0102, 0.1508 2.9332 -0.0102, 0.1561 2.8928 -0.0102, 0.1508 2.8524 -0.0102, 0.1352 2.8147 -0.0102, 0.1104 2.7824 -0.0102, 0.0781 2.7576 -0.0102, 0.0404 2.742 -0.0102, 0.0 2.7367 -0.0102, -0.0404 2.742 -0.0102, -0.0781 2.7576 -0.0102, -0.1104 2.7824 -0.0102, -0.1352 2.8147 -0.0102, -0.1508 2.8524 -0.0102, -0.1561 2.8928 -0.0102, -0.1508 2.9332 -0.0102, -0.1352 2.9709 -0.0102, -0.1104 3.0032 -0.0102, -0.0781 3.028 -0.0102, -0.0404 3.0436 -0.0102, 0.0 3.0489 -0.0102, 0.0332 -0.6706 -0.038, 0.0641 -0.6834 -0.038, 0.0907 -0.7038 -0.038, 0.1111 -0.7304 -0.038, 0.1239 -0.7613 -0.038, 0.1283 -0.7945 -0.038, 0.1239 -0.8277 -0.038, 0.1111 -0.8587 -0.038, 0.0907 -0.8852 -0.038, 0.0641 -0.9056 -0.038, 0.0332 -0.9184 -0.038, 0.0 -0.9228 -0.038, -0.0332 -0.9184 -0.038, -0.0641 -0.9056 -0.038, -0.0907 -0.8852 -0.038, -0.1111 -0.8587 -0.038, -0.1239 -0.8277 -0.038, -0.1283 -0.7945 -0.038, -0.1239 -0.7613 -0.038, -0.1111 -0.7304 -0.038, -0.0907 -0.7038 -0.038, -0.0641 -0.6834 -0.038, -0.0332 -0.6706 -0.038, 0.0 -0.6662 -0.038, 0.0357 -0.6614 -0.0341, 0.0689 -0.6752 -0.0341, 0.0974 -0.6971 -0.0341, 0.1193 -0.7256 -0.0341, 0.1331 -0.7588 -0.0341, 0.1378 -0.7945 -0.0341, 0.1331 -0.8302 -0.0341, 0.1193 -0.8634 -0.0341, 0.0974 -0.8919 -0.0341, 0.0689 -0.9138 -0.0341, 0.0357 -0.9276 -0.0341, 0.0 -0.9323 -0.0341, -0.0357 -0.9276 -0.0341, -0.0689 -0.9138 -0.0341, -0.0974 -0.8919 -0.0341, -0.1193 -0.8634 -0.0341, -0.1331 -0.8302 -0.0341, -0.1378 -0.7945 -0.0341, -0.1331 -0.7588 -0.0341, -0.1193 -0.7256 -0.0341, -0.0974 -0.6971 -0.0341, -0.0689 -0.6752 -0.0341, -0.0357 -0.6614 -0.0341, 0.0 -0.6567 -0.0341, 0.0378 -0.6535 -0.0278, 0.073 -0.6681 -0.0278, 0.1032 -0.6913 -0.0278, 0.1264 -0.7215 -0.0278, 0.141 -0.7567 -0.0278, 0.1459 -0.7945 -0.0278, 0.141 -0.8323 -0.0278, 0.1264 -0.8675 -0.0278, 0.1032 -0.8977 -0.0278, 0.073 -0.9209 -0.0278, 0.0378 -0.9355 -0.0278, 0.0 -0.9405 -0.0278, -0.0378 -0.9355 -0.0278, -0.073 -0.9209 -0.0278, -0.1032 -0.8977 -0.0278, -0.1264 -0.8675 -0.0278, -0.141 -0.8323 -0.0278, -0.1459 -0.7945 -0.0278, -0.141 -0.7567 -0.0278, -0.1264 -0.7215 -0.0278, -0.1032 -0.6913 -0.0278, -0.073 -0.6681 -0.0278, -0.0378 -0.6535 -0.0278, 0.0 -0.6486 -0.0278, 0.0394 -0.6475 -0.0197, 0.0761 -0.6627 -0.0197, 0.1076 -0.6869 -0.0197, 0.1318 -0.7184 -0.0197, 0.147 -0.7551 -0.0197, 0.1522 -0.7945 -0.0197, 0.147 -0.8339 -0.0197, 0.1318 -0.8706 -0.0197, 0.1076 -0.9021 -0.0197, 0.0761 -0.9263 -0.0197, 0.0394 -0.9415 -0.0197, 0.0 -0.9467 -0.0197, -0.0394 -0.9415 -0.0197, -0.0761 -0.9263 -0.0197, -0.1076 -0.9021 -0.0197, -0.1318 -0.8706 -0.0197, -0.147 -0.8339 -0.0197, -0.1522 -0.7945 -0.0197, -0.147 -0.7551 -0.0197, -0.1318 -0.7184 -0.0197, -0.1076 -0.6869 -0.0197, -0.0761 -0.6627 -0.0197, -0.0394 -0.6475 -0.0197, 0.0 -0.6423 -0.0197, 0.0404 -0.6437 -0.0102, 0.0781 -0.6593 -0.0102, 0.1104 -0.6841 -0.0102, 0.1352 -0.7164 -0.0102, 0.1508 -0.7541 -0.0102, 0.1561 -0.7945 -0.0102, 0.1508 -0.8349 -0.0102, 0.1352 -0.8726 -0.0102, 0.1104 -0.9049 -0.0102, 0.0781 -0.9297 -0.0102, 0.0404 -0.9453 -0.0102, 0.0 -0.9506 -0.0102, -0.0404 -0.9453 -0.0102, -0.0781 -0.9297 -0.0102, -0.1104 -0.9049 -0.0102, -0.1352 -0.8726 -0.0102, -0.1508 -0.8349 -0.0102, -0.1561 -0.7945 -0.0102, -0.1508 -0.7541 -0.0102, -0.1352 -0.7164 -0.0102, -0.1104 -0.6841 -0.0102, -0.0781 -0.6593 -0.0102, -0.0404 -0.6437 -0.0102, 0.0 -0.6384 -0.0102, -1.811 -1.2204 0.5906, -1.811 -1.2204 2.5591, -1.8314 -1.2177 2.5591, -1.8314 -1.2177 0.5906, -1.8504 -1.2099 2.5591, -1.8504 -1.2099 0.5906, -1.8667 -1.1974 2.5591, -1.8667 -1.1974 0.5906, -1.8792 -1.1811 2.5591, -1.8792 -1.1811 0.5906, -1.8871 -1.1621 2.5591, -1.8871 -1.1621 0.5906, -1.8898 -1.1417 2.5591, -1.8898 -1.1417 0.5906, 1.811 -1.2204 2.5591, 1.811 -1.2204 0.5906, 1.8314 -1.2177 0.5906, 1.8314 -1.2177 2.5591, 1.8504 -1.2099 0.5906, 1.8504 -1.2099 2.5591, 1.8667 -1.1974 0.5906, 1.8667 -1.1974 2.5591, 1.8792 -1.1811 0.5906, 1.8792 -1.1811 2.5591, 1.8871 -1.1621 0.5906, 1.8871 -1.1621 2.5591, 1.8898 -1.1417 0.5906, 1.8898 -1.1417 2.5591, -1.811 3.3071 2.5591, -1.811 3.3071 0.5906, -1.8314 3.3045 0.5906, -1.8314 3.3045 2.5591, -1.8504 3.2966 0.5906, -1.8504 3.2966 2.5591, -1.8667 3.2841 0.5906, -1.8667 3.2841 2.5591, -1.8792 3.2678 0.5906, -1.8792 3.2678 2.5591, -1.8871 3.2488 0.5906, -1.8871 3.2488 2.5591, -1.8898 3.2284 0.5906, -1.8898 3.2284 2.5591, 1.811 3.3071 0.5906, 1.811 3.3071 2.5591, 1.8314 3.3045 2.5591, 1.8314 3.3045 0.5906, 1.8504 3.2966 2.5591, 1.8504 3.2966 0.5906, 1.8667 3.2841 2.5591, 1.8667 3.2841 0.5906, 1.8792 3.2678 2.5591, 1.8792 3.2678 0.5906, 1.8871 3.2488 2.5591, 1.8871 3.2488 0.5906, 1.8898 3.2284 2.5591, 1.8898 3.2284 0.5906
            ]
        }
        coordIndex [
            0,1,2,-1,2,3,0,-1,0,3,4,-1,0,4,5,-1,5,4,6,-1,5,6,7,-1,7,6,8,-1,7,8,9,-1,8,10,9,-1,9,10,11,-1,9,11,12,-1,12,11,13,-1,12,13,14,-1,14,13,15,-1,14,15,16,-1,16,15,17,-1,16,17,18,-1,18,17,19,-1,18,19,20,-1,20,19,21,-1,20,21,22,-1,22,21,23,-1,22,23,24,-1,24,23,25,-1,24,25,26,-1,26,25,27,-1,26,27,28,-1,27,29,28,-1,28,29,30,-1,28,30,31,-1,31,30,32,-1,31,32,33,-1,33,32,34,-1,33,34,35,-1,34,36,35,-1,35,36,37,-1,35,37,38,-1,37,39,38,-1,38,39,40,-1,38,40,41,-1,41,40,42,-1,41,42,43,-1,43,42,44,-1,43,44,45,-1,45,44,46,-1,45,46,47,-1,47,46,48,-1,47,48,49,-1,49,48,50,-1,49,50,51,-1,51,50,52,-1,51,52,1,-1,1,52,53,-1,1,53,2,-1,54,55,56,-1,56,55,57,-1,56,57,58,-1,59,60,56,-1,56,60,61,-1,56,61,54,-1,62,63,56,-1,56,63,64,-1,56,64,59,-1,65,66,56,-1,56,66,67,-1,56,67,62,-1,68,69,56,-1,56,69,70,-1,56,70,65,-1,71,72,56,-1,56,72,73,-1,56,73,68,-1,74,75,56,-1,56,75,76,-1,56,76,71,-1,58,77,56,-1,56,77,78,-1,56,78,74,-1,79,80,81,-1,81,80,82,-1,81,82,83,-1,83,82,84,-1,83,84,85,-1,84,86,85,-1,85,86,87,-1,85,87,88,-1,87,89,88,-1,88,89,90,-1,88,90,91,-1,91,90,92,-1,91,92,93,-1,93,92,94,-1,93,94,95,-1,95,94,96,-1,95,96,97,-1,97,96,98,-1,97,98,99,-1,99,98,100,-1,99,100,101,-1,101,100,102,-1,101,102,103,-1,102,104,103,-1,103,104,105,-1,103,105,106,-1,105,107,106,-1,106,107,108,-1,106,108,109,-1,109,108,110,-1,109,110,111,-1,111,110,112,-1,111,112,113,-1,112,114,113,-1,113,114,115,-1,113,115,116,-1,116,115,117,-1,116,117,118,-1,118,117,119,-1,118,119,120,-1,120,119,121,-1,120,121,122,-1,122,121,123,-1,122,123,124,-1,124,123,125,-1,124,125,126,-1,126,125,127,-1,126,127,128,-1,128,127,129,-1,128,129,130,-1,130,129,131,-1,130,131,79,-1,79,131,132,-1,79,132,80,-1,133,134,135,-1,135,134,136,-1,135,136,137,-1,138,139,135,-1,135,139,140,-1,135,140,133,-1,141,142,135,-1,135,142,143,-1,135,143,138,-1,144,145,135,-1,135,145,146,-1,135,146,141,-1,147,148,135,-1,135,148,149,-1,135,149,144,-1,150,151,135,-1,135,151,152,-1,135,152,147,-1,153,154,135,-1,135,154,155,-1,135,155,150,-1,137,156,135,-1,135,156,157,-1,135,157,153,-1,57,158,58,-1,58,158,159,-1,58,159,77,-1,77,159,160,-1,77,160,78,-1,78,160,161,-1,78,161,74,-1,74,161,162,-1,74,162,75,-1,75,162,163,-1,75,163,76,-1,76,163,164,-1,76,164,71,-1,71,164,165,-1,71,165,72,-1,72,165,166,-1,72,166,73,-1,73,166,167,-1,73,167,68,-1,68,167,168,-1,68,168,69,-1,69,168,169,-1,69,169,70,-1,70,169,170,-1,70,170,65,-1,65,170,171,-1,65,171,66,-1,66,171,172,-1,66,172,67,-1,67,172,173,-1,67,173,62,-1,62,173,174,-1,62,174,63,-1,63,174,175,-1,63,175,64,-1,64,175,176,-1,64,176,59,-1,59,176,177,-1,59,177,60,-1,60,177,178,-1,60,178,61,-1,61,178,179,-1,61,179,54,-1,54,179,180,-1,54,180,55,-1,55,180,181,-1,55,181,57,-1,57,181,158,-1,181,182,158,-1,158,182,183,-1,158,183,159,-1,159,183,184,-1,159,184,160,-1,160,184,185,-1,160,185,161,-1,161,185,186,-1,161,186,162,-1,162,186,187,-1,162,187,163,-1,163,187,188,-1,163,188,164,-1,164,188,189,-1,164,189,165,-1,165,189,190,-1,165,190,166,-1,166,190,191,-1,166,191,167,-1,167,191,192,-1,167,192,168,-1,168,192,193,-1,168,193,169,-1,169,193,194,-1,169,194,170,-1,170,194,195,-1,170,195,171,-1,171,195,196,-1,171,196,172,-1,172,196,197,-1,172,197,173,-1,173,197,198,-1,173,198,174,-1,174,198,199,-1,174,199,175,-1,175,199,200,-1,175,200,176,-1,176,200,201,-1,176,201,177,-1,177,201,202,-1,177,202,178,-1,178,202,203,-1,178,203,179,-1,179,203,204,-1,179,204,180,-1,180,204,205,-1,180,205,181,-1,181,205,182,-1,205,206,182,-1,182,206,207,-1,182,207,183,-1,183,207,208,-1,183,208,184,-1,184,208,209,-1,184,209,185,-1,185,209,210,-1,185,210,186,-1,186,210,211,-1,186,211,187,-1,187,211,212,-1,187,212,188,-1,188,212,213,-1,188,213,189,-1,189,213,214,-1,189,214,190,-1,190,214,215,-1,190,215,191,-1,191,215,216,-1,191,216,192,-1,192,216,217,-1,192,217,193,-1,193,217,218,-1,193,218,194,-1,194,218,219,-1,194,219,195,-1,195,219,220,-1,195,220,196,-1,196,220,221,-1,196,221,197,-1,197,221,222,-1,197,222,198,-1,198,222,223,-1,198,223,199,-1,199,223,224,-1,199,224,200,-1,200,224,225,-1,200,225,201,-1,201,225,226,-1,201,226,202,-1,202,226,227,-1,202,227,203,-1,203,227,228,-1,203,228,204,-1,204,228,229,-1,204,229,205,-1,205,229,206,-1,229,230,206,-1,206,230,231,-1,206,231,207,-1,207,231,232,-1,207,232,208,-1,208,232,233,-1,208,233,209,-1,209,233,234,-1,209,234,210,-1,210,234,235,-1,210,235,211,-1,211,235,236,-1,211,236,212,-1,212,236,237,-1,212,237,213,-1,213,237,238,-1,213,238,214,-1,214,238,239,-1,214,239,215,-1,215,239,240,-1,215,240,216,-1,216,240,241,-1,216,241,217,-1,217,241,242,-1,217,242,218,-1,218,242,243,-1,218,243,219,-1,219,243,244,-1,219,244,220,-1,220,244,245,-1,220,245,221,-1,221,245,246,-1,221,246,222,-1,222,246,247,-1,222,247,223,-1,223,247,248,-1,223,248,224,-1,224,248,249,-1,224,249,225,-1,225,249,250,-1,225,250,226,-1,226,250,251,-1,226,251,227,-1,227,251,252,-1,227,252,228,-1,228,252,253,-1,228,253,229,-1,229,253,230,-1,253,254,230,-1,230,254,255,-1,230,255,231,-1,231,255,256,-1,231,256,232,-1,232,256,257,-1,232,257,233,-1,233,257,258,-1,233,258,234,-1,234,258,259,-1,234,259,235,-1,235,259,260,-1,235,260,236,-1,236,260,261,-1,236,261,237,-1,237,261,262,-1,237,262,238,-1,238,262,263,-1,238,263,239,-1,239,263,264,-1,239,264,240,-1,240,264,265,-1,240,265,241,-1,241,265,266,-1,241,266,242,-1,242,266,267,-1,242,267,243,-1,243,267,268,-1,243,268,244,-1,244,268,269,-1,244,269,245,-1,245,269,270,-1,245,270,246,-1,246,270,271,-1,246,271,247,-1,247,271,272,-1,247,272,248,-1,248,272,273,-1,248,273,249,-1,249,273,274,-1,249,274,250,-1,250,274,275,-1,250,275,251,-1,251,275,276,-1,251,276,252,-1,252,276,277,-1,252,277,253,-1,253,277,254,-1,277,20,254,-1,254,20,22,-1,254,22,255,-1,255,22,24,-1,255,24,256,-1,256,24,26,-1,256,26,257,-1,257,26,28,-1,257,28,258,-1,258,28,31,-1,258,31,259,-1,259,31,33,-1,259,33,260,-1,260,33,35,-1,260,35,261,-1,261,35,38,-1,261,38,262,-1,262,38,41,-1,262,41,263,-1,263,41,43,-1,263,43,264,-1,264,43,45,-1,264,45,265,-1,265,45,47,-1,265,47,266,-1,266,47,49,-1,266,49,267,-1,267,49,51,-1,267,51,268,-1,268,51,1,-1,268,1,269,-1,269,1,0,-1,269,0,270,-1,270,0,5,-1,270,5,271,-1,271,5,7,-1,271,7,272,-1,272,7,9,-1,272,9,273,-1,273,9,12,-1,273,12,274,-1,274,12,14,-1,274,14,275,-1,275,14,16,-1,275,16,276,-1,276,16,18,-1,276,18,277,-1,277,18,20,-1,136,278,137,-1,137,278,279,-1,137,279,156,-1,156,279,280,-1,156,280,157,-1,157,280,281,-1,157,281,153,-1,153,281,282,-1,153,282,154,-1,154,282,283,-1,154,283,155,-1,155,283,284,-1,155,284,150,-1,150,284,285,-1,150,285,151,-1,151,285,286,-1,151,286,152,-1,152,286,287,-1,152,287,147,-1,147,287,288,-1,147,288,148,-1,148,288,289,-1,148,289,149,-1,149,289,290,-1,149,290,144,-1,144,290,291,-1,144,291,145,-1,145,291,292,-1,145,292,146,-1,146,292,293,-1,146,293,141,-1,141,293,294,-1,141,294,142,-1,142,294,295,-1,142,295,143,-1,143,295,296,-1,143,296,138,-1,138,296,297,-1,138,297,139,-1,139,297,298,-1,139,298,140,-1,140,298,299,-1,140,299,133,-1,133,299,300,-1,133,300,134,-1,134,300,301,-1,134,301,136,-1,136,301,278,-1,301,302,278,-1,278,302,303,-1,278,303,279,-1,279,303,304,-1,279,304,280,-1,280,304,305,-1,280,305,281,-1,281,305,306,-1,281,306,282,-1,282,306,307,-1,282,307,283,-1,283,307,308,-1,283,308,284,-1,284,308,309,-1,284,309,285,-1,285,309,310,-1,285,310,286,-1,286,310,311,-1,286,311,287,-1,287,311,312,-1,287,312,288,-1,288,312,313,-1,288,313,289,-1,289,313,314,-1,289,314,290,-1,290,314,315,-1,290,315,291,-1,291,315,316,-1,291,316,292,-1,292,316,317,-1,292,317,293,-1,293,317,318,-1,293,318,294,-1,294,318,319,-1,294,319,295,-1,295,319,320,-1,295,320,296,-1,296,320,321,-1,296,321,297,-1,297,321,322,-1,297,322,298,-1,298,322,323,-1,298,323,299,-1,299,323,324,-1,299,324,300,-1,300,324,325,-1,300,325,301,-1,301,325,302,-1,325,326,302,-1,302,326,327,-1,302,327,303,-1,303,327,328,-1,303,328,304,-1,304,328,329,-1,304,329,305,-1,305,329,330,-1,305,330,306,-1,306,330,331,-1,306,331,307,-1,307,331,332,-1,307,332,308,-1,308,332,333,-1,308,333,309,-1,309,333,334,-1,309,334,310,-1,310,334,335,-1,310,335,311,-1,311,335,336,-1,311,336,312,-1,312,336,337,-1,312,337,313,-1,313,337,338,-1,313,338,314,-1,314,338,339,-1,314,339,315,-1,315,339,340,-1,315,340,316,-1,316,340,341,-1,316,341,317,-1,317,341,342,-1,317,342,318,-1,318,342,343,-1,318,343,319,-1,319,343,344,-1,319,344,320,-1,320,344,345,-1,320,345,321,-1,321,345,346,-1,321,346,322,-1,322,346,347,-1,322,347,323,-1,323,347,348,-1,323,348,324,-1,324,348,349,-1,324,349,325,-1,325,349,326,-1,349,350,326,-1,326,350,351,-1,326,351,327,-1,327,351,352,-1,327,352,328,-1,328,352,353,-1,328,353,329,-1,329,353,354,-1,329,354,330,-1,330,354,355,-1,330,355,331,-1,331,355,356,-1,331,356,332,-1,332,356,357,-1,332,357,333,-1,333,357,358,-1,333,358,334,-1,334,358,359,-1,334,359,335,-1,335,359,360,-1,335,360,336,-1,336,360,361,-1,336,361,337,-1,337,361,362,-1,337,362,338,-1,338,362,363,-1,338,363,339,-1,339,363,364,-1,339,364,340,-1,340,364,365,-1,340,365,341,-1,341,365,366,-1,341,366,342,-1,342,366,367,-1,342,367,343,-1,343,367,368,-1,343,368,344,-1,344,368,369,-1,344,369,345,-1,345,369,370,-1,345,370,346,-1,346,370,371,-1,346,371,347,-1,347,371,372,-1,347,372,348,-1,348,372,373,-1,348,373,349,-1,349,373,350,-1,373,374,350,-1,350,374,375,-1,350,375,351,-1,351,375,376,-1,351,376,352,-1,352,376,377,-1,352,377,353,-1,353,377,378,-1,353,378,354,-1,354,378,379,-1,354,379,355,-1,355,379,380,-1,355,380,356,-1,356,380,381,-1,356,381,357,-1,357,381,382,-1,357,382,358,-1,358,382,383,-1,358,383,359,-1,359,383,384,-1,359,384,360,-1,360,384,385,-1,360,385,361,-1,361,385,386,-1,361,386,362,-1,362,386,387,-1,362,387,363,-1,363,387,388,-1,363,388,364,-1,364,388,389,-1,364,389,365,-1,365,389,390,-1,365,390,366,-1,366,390,391,-1,366,391,367,-1,367,391,392,-1,367,392,368,-1,368,392,393,-1,368,393,369,-1,369,393,394,-1,369,394,370,-1,370,394,395,-1,370,395,371,-1,371,395,396,-1,371,396,372,-1,372,396,397,-1,372,397,373,-1,373,397,374,-1,397,97,374,-1,374,97,99,-1,374,99,375,-1,375,99,101,-1,375,101,376,-1,376,101,103,-1,376,103,377,-1,377,103,106,-1,377,106,378,-1,378,106,109,-1,378,109,379,-1,379,109,111,-1,379,111,380,-1,380,111,113,-1,380,113,381,-1,381,113,116,-1,381,116,382,-1,382,116,118,-1,382,118,383,-1,383,118,120,-1,383,120,384,-1,384,120,122,-1,384,122,385,-1,385,122,124,-1,385,124,386,-1,386,124,126,-1,386,126,387,-1,387,126,128,-1,387,128,388,-1,388,128,130,-1,388,130,389,-1,389,130,79,-1,389,79,390,-1,390,79,81,-1,390,81,391,-1,391,81,83,-1,391,83,392,-1,392,83,85,-1,392,85,393,-1,393,85,88,-1,393,88,394,-1,394,88,91,-1,394,91,395,-1,395,91,93,-1,395,93,396,-1,396,93,95,-1,396,95,397,-1,397,95,97,-1,398,399,400,-1,398,400,401,-1,401,400,402,-1,401,402,403,-1,403,402,404,-1,403,404,405,-1,405,404,406,-1,405,406,407,-1,407,406,408,-1,407,408,409,-1,409,408,410,-1,409,410,411,-1,412,413,414,-1,412,414,415,-1,415,414,416,-1,415,416,417,-1,417,416,418,-1,417,418,419,-1,419,418,420,-1,419,420,421,-1,421,420,422,-1,421,422,423,-1,423,422,424,-1,423,424,425,-1,426,427,428,-1,426,428,429,-1,429,428,430,-1,429,430,431,-1,431,430,432,-1,431,432,433,-1,433,432,434,-1,433,434,435,-1,435,434,436,-1,435,436,437,-1,437,436,438,-1,437,438,439,-1,440,441,442,-1,440,442,443,-1,443,442,444,-1,443,444,445,-1,445,444,446,-1,445,446,447,-1,447,446,448,-1,447,448,449,-1,449,448,450,-1,449,450,451,-1,451,450,452,-1,451,452,453,-1,
        ]
    }
}
Shape{
    appearance Appearance {
        material  Material {
            diffuseColor 1.0 1.0 1.0
            specularColor 0.8784313725490196 0.8784313725490196 0.8784313725490196
            ambientIntensity 1.0
            transparency 0.0
            shininess 0.5
        }
    }
    geometry IndexedFaceSet {
        ccw TRUE
        solid FALSE
        coord DEF co Coordinate {
            point [
                -0.7954 -0.5352 0.5866, -0.7954 -0.5265 0.5866, -0.7954 -0.5352 0.5906, -0.7954 -0.5265 0.5906, -0.8252 -0.5352 0.5866, -0.8252 -0.5352 0.5906, -0.8252 -0.6053 0.5866, -0.8252 -0.6053 0.5906, -0.8357 -0.6053 0.5866, -0.8357 -0.6053 0.5906, -0.8357 -0.5265 0.5866, -0.8357 -0.5265 0.5906, -0.7301 -0.5393 0.5866, -0.7301 -0.5306 0.5866, -0.7301 -0.5393 0.5906, -0.7301 -0.5306 0.5906, -0.7315 -0.5385 0.5906, -0.7315 -0.5385 0.5866, -0.7399 -0.5354 0.5906, -0.7399 -0.5354 0.5866, -0.7503 -0.5342 0.5906, -0.7503 -0.5342 0.5866, -0.7577 -0.535 0.5906, -0.7577 -0.535 0.5866, -0.7634 -0.5371 0.5906, -0.7634 -0.5371 0.5866, -0.7682 -0.5404 0.5906, -0.7682 -0.5404 0.5866, -0.7719 -0.5443 0.5906, -0.7719 -0.5443 0.5866, -0.7752 -0.5498 0.5906, -0.7752 -0.5498 0.5866, -0.7773 -0.5565 0.5906, -0.7773 -0.5565 0.5866, -0.7781 -0.5651 0.5906, -0.7781 -0.5651 0.5866, -0.7777 -0.5712 0.5906, -0.7777 -0.5712 0.5866, -0.7756 -0.5796 0.5906, -0.7756 -0.5796 0.5866, -0.7724 -0.5857 0.5906, -0.7724 -0.5857 0.5866, -0.7676 -0.5909 0.5906, -0.7676 -0.5909 0.5866, -0.7622 -0.5946 0.5906, -0.7622 -0.5946 0.5866, -0.7563 -0.5967 0.5906, -0.7563 -0.5967 0.5866, -0.7485 -0.5976 0.5906, -0.7485 -0.5976 0.5866, -0.739 -0.5963 0.5906, -0.739 -0.5963 0.5866, -0.7301 -0.5925 0.5906, -0.7301 -0.5925 0.5866, -0.7301 -0.6031 0.5866, -0.7301 -0.6031 0.5906, -0.7486 -0.6062 0.5906, -0.7486 -0.6062 0.5866, -0.7417 -0.6057 0.5906, -0.7392 -0.6056 0.5866, -0.7392 -0.6056 0.5906, -0.7545 -0.6057 0.5906, -0.7565 -0.6056 0.5866, -0.7565 -0.6056 0.5906, -0.7653 -0.603 0.5906, -0.7653 -0.603 0.5866, -0.7728 -0.5987 0.5906, -0.7728 -0.5987 0.5866, -0.7799 -0.5919 0.5906, -0.7799 -0.5919 0.5866, -0.7845 -0.5845 0.5906, -0.7845 -0.5845 0.5866, -0.7875 -0.5756 0.5906, -0.7875 -0.5756 0.5866, -0.7887 -0.5644 0.5906, -0.7887 -0.5644 0.5866, -0.7879 -0.5553 0.5906, -0.7879 -0.5553 0.5866, -0.7855 -0.547 0.5906, -0.7855 -0.547 0.5866, -0.7813 -0.5395 0.5906, -0.7813 -0.5395 0.5866, -0.7754 -0.5332 0.5906, -0.7754 -0.5332 0.5866, -0.7691 -0.5292 0.5906, -0.7691 -0.5292 0.5866, -0.7615 -0.5266 0.5906, -0.7615 -0.5266 0.5866, -0.7518 -0.5256 0.5906, -0.7518 -0.5256 0.5866, -0.7496 -0.5256 0.5906, -0.7496 -0.5256 0.5866, -0.7385 -0.5272 0.5906, -0.7385 -0.5272 0.5866, -0.6725 -0.5352 0.5866, -0.6725 -0.5265 0.5866, -0.6725 -0.5352 0.5906, -0.6725 -0.5265 0.5906, -0.7042 -0.5352 0.5866, -0.7042 -0.5352 0.5906, -0.7042 -0.5621 0.5866, -0.7042 -0.5621 0.5906, -0.6763 -0.5621 0.5866, -0.6763 -0.5621 0.5906, -0.6763 -0.5707 0.5866, -0.6763 -0.5707 0.5906, -0.7042 -0.5707 0.5866, -0.7042 -0.5707 0.5906, -0.7042 -0.5966 0.5866, -0.7042 -0.5966 0.5906, -0.6744 -0.5966 0.5866, -0.6744 -0.5966 0.5906, -0.6744 -0.6053 0.5866, -0.6744 -0.6053 0.5906, -0.7147 -0.6053 0.5866, -0.7147 -0.6053 0.5906, -0.7147 -0.5265 0.5866, -0.7147 -0.5265 0.5906, -0.5964 -0.5821 0.5866, -0.6001 -0.5888 0.5866, -0.6095 -0.5856 0.5866, -0.6057 -0.595 0.5866, -0.6134 -0.5896 0.5866, -0.6057 -0.5951 0.5866, -0.6191 -0.5934 0.5866, -0.6143 -0.6008 0.5866, -0.6256 -0.5956 0.5866, -0.6235 -0.6041 0.5866, -0.6349 -0.5966 0.5866, -0.6349 -0.6053 0.5866, -0.6466 -0.5966 0.5866, -0.6571 -0.6053 0.5866, -0.6466 -0.5352 0.5866, -0.6571 -0.5265 0.5866, -0.6354 -0.5352 0.5866, -0.6357 -0.5265 0.5866, -0.6271 -0.5359 0.5866, -0.626 -0.5274 0.5866, -0.6204 -0.538 0.5866, -0.6169 -0.5301 0.5866, -0.6151 -0.5412 0.5866, -0.6087 -0.5349 0.5866, -0.6107 -0.5456 0.5866, -0.6022 -0.5411 0.5866, -0.6073 -0.551 0.5866, -0.5977 -0.5481 0.5866, -0.605 -0.5584 0.5866, -0.5948 -0.5564 0.5866, -0.6043 -0.5667 0.5866, -0.5937 -0.5669 0.5866, -0.605 -0.5745 0.5866, -0.5943 -0.5743 0.5866, -0.6068 -0.5807 0.5866, -0.6357 -0.5265 0.5906, -0.6571 -0.5265 0.5906, -0.626 -0.5274 0.5906, -0.6169 -0.5301 0.5906, -0.6087 -0.5349 0.5906, -0.6022 -0.5411 0.5906, -0.5977 -0.5481 0.5906, -0.5948 -0.5564 0.5906, -0.5937 -0.5669 0.5906, -0.5943 -0.5743 0.5906, -0.5964 -0.5821 0.5906, -0.6001 -0.5888 0.5906, -0.6057 -0.595 0.5906, -0.6057 -0.5951 0.5906, -0.6143 -0.6008 0.5906, -0.6235 -0.6041 0.5906, -0.6349 -0.6053 0.5906, -0.6571 -0.6053 0.5906, -0.6349 -0.5966 0.5906, -0.6466 -0.5966 0.5906, -0.6466 -0.5352 0.5906, -0.6354 -0.5352 0.5906, -0.6043 -0.5667 0.5906, -0.605 -0.5584 0.5906, -0.6073 -0.551 0.5906, -0.6107 -0.5456 0.5906, -0.6151 -0.5412 0.5906, -0.6204 -0.538 0.5906, -0.6271 -0.5359 0.5906, -0.6256 -0.5956 0.5906, -0.6191 -0.5934 0.5906, -0.6134 -0.5896 0.5906, -0.6095 -0.5856 0.5906, -0.6068 -0.5807 0.5906, -0.605 -0.5745 0.5906
            ]
        }
        coordIndex [
            0,1,2,-1,2,1,3,-1,4,0,5,-1,5,0,2,-1,6,4,7,-1,7,4,5,-1,8,6,9,-1,9,6,7,-1,10,8,11,-1,11,8,9,-1,1,10,3,-1,3,10,11,-1,6,8,4,-1,4,8,10,-1,4,10,0,-1,0,10,1,-1,12,13,14,-1,14,13,15,-1,12,14,16,-1,12,16,17,-1,17,16,18,-1,17,18,19,-1,19,18,20,-1,19,20,21,-1,21,20,22,-1,21,22,23,-1,23,22,24,-1,23,24,25,-1,25,24,26,-1,25,26,27,-1,27,26,28,-1,27,28,29,-1,29,28,30,-1,29,30,31,-1,31,30,32,-1,31,32,33,-1,33,32,34,-1,33,34,35,-1,35,34,36,-1,35,36,37,-1,37,36,38,-1,37,38,39,-1,39,38,40,-1,39,40,41,-1,41,40,42,-1,41,42,43,-1,43,42,44,-1,43,44,45,-1,45,44,46,-1,45,46,47,-1,47,46,48,-1,47,48,49,-1,49,48,50,-1,49,50,51,-1,51,50,52,-1,51,52,53,-1,54,53,55,-1,55,53,52,-1,56,57,58,-1,58,57,59,-1,58,59,60,-1,60,59,54,-1,60,54,55,-1,56,61,57,-1,57,61,62,-1,61,63,62,-1,62,63,64,-1,62,64,65,-1,65,64,66,-1,65,66,67,-1,67,66,68,-1,67,68,69,-1,69,68,70,-1,69,70,71,-1,71,70,72,-1,71,72,73,-1,73,72,74,-1,73,74,75,-1,75,74,76,-1,75,76,77,-1,77,76,78,-1,77,78,79,-1,79,78,80,-1,79,80,81,-1,81,80,82,-1,81,82,83,-1,83,82,84,-1,83,84,85,-1,85,84,86,-1,85,86,87,-1,87,86,88,-1,87,88,89,-1,89,88,90,-1,89,90,91,-1,91,90,92,-1,91,92,93,-1,93,92,15,-1,93,15,13,-1,23,89,21,-1,21,89,91,-1,21,91,19,-1,19,91,93,-1,19,93,17,-1,17,93,13,-1,17,13,12,-1,53,54,51,-1,51,54,59,-1,51,59,49,-1,49,59,57,-1,49,57,47,-1,47,57,62,-1,47,62,45,-1,45,62,65,-1,45,65,43,-1,43,65,67,-1,43,67,41,-1,41,67,69,-1,41,69,39,-1,39,69,71,-1,39,71,37,-1,37,71,73,-1,37,73,35,-1,35,73,75,-1,35,75,33,-1,33,75,77,-1,33,77,31,-1,31,77,79,-1,31,79,29,-1,29,79,81,-1,29,81,27,-1,27,81,83,-1,27,83,25,-1,25,83,85,-1,25,85,23,-1,23,85,87,-1,23,87,89,-1,94,95,96,-1,96,95,97,-1,98,94,99,-1,99,94,96,-1,100,98,101,-1,101,98,99,-1,102,100,103,-1,103,100,101,-1,104,102,105,-1,105,102,103,-1,106,104,107,-1,107,104,105,-1,108,106,109,-1,109,106,107,-1,110,108,111,-1,111,108,109,-1,112,110,113,-1,113,110,111,-1,114,112,115,-1,115,112,113,-1,116,114,117,-1,117,114,115,-1,95,116,97,-1,97,116,117,-1,116,95,94,-1,94,98,116,-1,116,98,100,-1,116,100,114,-1,110,112,108,-1,108,112,114,-1,108,114,106,-1,106,114,100,-1,106,100,104,-1,104,100,102,-1,118,119,120,-1,120,119,121,-1,120,121,122,-1,122,121,123,-1,122,123,124,-1,124,123,125,-1,124,125,126,-1,126,125,127,-1,126,127,128,-1,128,127,129,-1,128,129,130,-1,130,129,131,-1,130,131,132,-1,132,131,133,-1,132,133,134,-1,134,133,135,-1,134,135,136,-1,136,135,137,-1,136,137,138,-1,138,137,139,-1,138,139,140,-1,140,139,141,-1,140,141,142,-1,142,141,143,-1,142,143,144,-1,144,143,145,-1,144,145,146,-1,146,145,147,-1,146,147,148,-1,148,147,149,-1,148,149,150,-1,150,149,151,-1,150,151,152,-1,152,151,118,-1,152,118,120,-1,135,133,153,-1,153,133,154,-1,135,153,155,-1,135,155,137,-1,137,155,156,-1,137,156,139,-1,139,156,157,-1,139,157,141,-1,141,157,158,-1,141,158,143,-1,143,158,159,-1,143,159,145,-1,145,159,160,-1,145,160,147,-1,147,160,161,-1,147,161,149,-1,149,161,162,-1,149,162,151,-1,151,162,163,-1,151,163,118,-1,118,163,164,-1,118,164,119,-1,119,164,165,-1,119,165,121,-1,121,165,166,-1,121,166,123,-1,123,166,167,-1,123,167,125,-1,125,167,168,-1,125,168,127,-1,127,168,169,-1,127,169,129,-1,131,129,170,-1,170,129,169,-1,133,131,154,-1,154,131,170,-1,128,130,171,-1,171,130,172,-1,130,132,172,-1,172,132,173,-1,132,134,173,-1,173,134,174,-1,148,175,176,-1,148,176,146,-1,146,176,177,-1,146,177,144,-1,144,177,178,-1,144,178,142,-1,142,178,179,-1,142,179,140,-1,140,179,180,-1,140,180,138,-1,138,180,181,-1,138,181,136,-1,136,181,174,-1,136,174,134,-1,128,171,182,-1,128,182,126,-1,126,182,183,-1,126,183,124,-1,124,183,184,-1,124,184,122,-1,122,184,185,-1,122,185,120,-1,120,185,186,-1,120,186,152,-1,152,186,187,-1,152,187,150,-1,150,187,175,-1,150,175,148,-1,
        ]
    }
}
Shape{
    appearance Appearance {
        material  Material {
            diffuseColor 0.25098039215686274 0.25098039215686274 0.25098039215686274
            specularColor 0.12549019607843137 0.12549019607843137 0.12549019607843137
            ambientIntensity 0.251
            transparency 0.0
            shininess 0.5
        }
    }
    geometry IndexedFaceSet {
        ccw TRUE
        solid FALSE
        coord DEF co Coordinate {
            point [
                -0.6466 -0.5966 0.5906, -0.6466 -0.5352 0.5906, -0.6349 -0.5966 0.5906, -0.6354 -0.5352 0.5906, -0.6271 -0.5359 0.5906, -0.6043 -0.5667 0.5906, -0.605 -0.5745 0.5906, -0.6068 -0.5807 0.5906, -0.6256 -0.5956 0.5906, -0.6204 -0.538 0.5906, -0.6151 -0.5412 0.5906, -0.6107 -0.5456 0.5906, -0.6073 -0.551 0.5906, -0.605 -0.5584 0.5906, -0.6095 -0.5856 0.5906, -0.6134 -0.5896 0.5906, -0.6191 -0.5934 0.5906
            ]
        }
        coordIndex [
            0,1,2,-1,2,1,3,-1,2,3,4,-1,5,6,2,-1,2,6,7,-1,2,7,8,-1,4,9,2,-1,2,9,10,-1,2,10,11,-1,11,12,2,-1,2,12,13,-1,2,13,5,-1,14,15,7,-1,7,15,16,-1,7,16,8,-1,
        ]
    }
}
Shape{
    appearance Appearance {
        material  Material {
            diffuseColor 1.0 1.0 1.0
            specularColor 0.8784313725490196 0.8784313725490196 0.8784313725490196
            ambientIntensity 1.0
            transparency 0.0
            shininess 0.5
        }
    }
    geometry IndexedFaceSet {
        ccw TRUE
        solid FALSE
        coord DEF co Coordinate {
            point [
                -0.5663 -0.5573 0.5866, -0.5545 -0.5901 0.5866, -0.5582 -0.6053 0.5866, -0.588 -0.5265 0.5866, -0.5765 -0.5265 0.5866, -0.5689 -0.5486 0.5866, -0.5538 -0.5929 0.5866, -0.5533 -0.5957 0.5866, -0.5477 -0.6053 0.5866, -0.553 -0.5957 0.5866, -0.5525 -0.5929 0.5866, -0.54 -0.5573 0.5866, -0.5364 -0.5486 0.5866, -0.5518 -0.5901 0.5866, -0.5169 -0.5265 0.5866, -0.5284 -0.5265 0.5866, -0.5477 -0.6053 0.5906, -0.5169 -0.5265 0.5906, -0.5582 -0.6053 0.5906, -0.588 -0.5265 0.5906, -0.5765 -0.5265 0.5906, -0.5689 -0.5486 0.5906, -0.5364 -0.5486 0.5906, -0.5284 -0.5265 0.5906, -0.5663 -0.5573 0.5906, -0.54 -0.5573 0.5906, -0.5518 -0.5901 0.5906, -0.553 -0.5957 0.5906, -0.5525 -0.5929 0.5906, -0.5533 -0.5957 0.5906, -0.5545 -0.5901 0.5906, -0.5538 -0.5929 0.5906
            ]
        }
        coordIndex [
            0,1,2,-1,3,4,5,-1,1,6,2,-1,2,6,7,-1,2,7,8,-1,8,7,9,-1,8,9,10,-1,2,3,0,-1,0,3,5,-1,0,5,11,-1,11,5,12,-1,10,13,8,-1,8,13,11,-1,8,11,14,-1,14,11,12,-1,14,12,15,-1,8,14,16,-1,16,14,17,-1,2,8,18,-1,18,8,16,-1,3,2,19,-1,19,2,18,-1,4,3,20,-1,20,3,19,-1,5,4,21,-1,21,4,20,-1,12,5,22,-1,22,5,21,-1,15,12,23,-1,23,12,22,-1,14,15,17,-1,17,15,23,-1,0,11,24,-1,24,11,25,-1,11,13,25,-1,25,13,26,-1,9,27,28,-1,9,28,10,-1,10,28,26,-1,10,26,13,-1,9,7,27,-1,27,7,29,-1,1,30,31,-1,1,31,6,-1,6,31,29,-1,6,29,7,-1,1,0,30,-1,30,0,24,-1,
        ]
    }
}
Shape{
    appearance Appearance {
        material  Material {
            diffuseColor 0.25098039215686274 0.25098039215686274 0.25098039215686274
            specularColor 0.12549019607843137 0.12549019607843137 0.12549019607843137
            ambientIntensity 0.251
            transparency 0.0
            shininess 0.5
        }
    }
    geometry IndexedFaceSet {
        ccw TRUE
        solid FALSE
        coord DEF co Coordinate {
            point [
                -0.5663 -0.5573 0.5906, -0.54 -0.5573 0.5906, -0.5545 -0.5901 0.5906, -0.5518 -0.5901 0.5906, -0.5538 -0.5929 0.5906, -0.5525 -0.5929 0.5906, -0.5533 -0.5957 0.5906, -0.553 -0.5957 0.5906
            ]
        }
        coordIndex [
            0,1,2,-1,2,1,3,-1,2,3,4,-1,4,3,5,-1,4,5,6,-1,6,5,7,-1,
        ]
    }
}
Shape{
    appearance Appearance {
        material  Material {
            diffuseColor 1.0 1.0 1.0
            specularColor 0.8784313725490196 0.8784313725490196 0.8784313725490196
            ambientIntensity 1.0
            transparency 0.0
            shininess 0.5
        }
    }
    geometry IndexedFaceSet {
        ccw TRUE
        solid FALSE
        coord DEF co Coordinate {
            point [
                1.2992 -1.3385 1.063, 1.2992 -1.2204 1.063, 0.6693 -1.3385 1.063, 0.6693 -1.2204 1.063, 0.6693 -1.3561 1.061, 1.2992 -1.3561 1.061, 0.6693 -1.3727 1.0552, 1.2992 -1.3727 1.0552, 0.6693 -1.3876 1.0458, 1.2992 -1.3876 1.0458, 0.6693 -1.4001 1.0333, 1.2992 -1.4001 1.0333, 0.6693 -1.4095 1.0184, 1.2992 -1.4095 1.0184, 0.6693 -1.4153 1.0018, 1.2992 -1.4153 1.0018, 0.6693 -1.4173 0.9843, 1.2992 -1.4173 0.9843, 1.2992 -1.4173 0.1772, 0.8241 -1.4173 0.1476, 0.8261 -1.4173 0.1429, 0.821 -1.4173 0.1517, 0.8169 -1.4173 0.1548, 0.6791 -1.4173 0.1601, 0.6839 -1.4173 0.1582, 0.6693 -1.4173 0.1772, 0.689 -1.4173 0.1575, 0.8071 -1.4173 0.1575, 0.8122 -1.4173 0.1568, 1.1437 -1.4173 0.1463, 1.146 -1.4173 0.1501, 1.1491 -1.4173 0.1532, 1.1614 -1.4173 0.1575, 1.2795 -1.4173 0.1575, 1.2846 -1.4173 0.1582, 0.6751 -1.4173 0.1632, 0.67 -1.4173 0.1721, 0.6719 -1.4173 0.1673, 1.1422 -1.4173 0.1422, 0.8268 -1.4173 0.1378, 1.1417 -1.4173 0.1378, 1.2894 -1.4173 0.1601, 1.2934 -1.4173 0.1632, 1.2966 -1.4173 0.1673, 0.8851 -1.4173 -1.3359, 0.9055 -1.4173 -1.3386, 0.8268 -1.4173 -1.2598, 1.1529 -1.4173 0.1555, 1.157 -1.4173 0.157, 1.2985 -1.4173 0.1721, 0.8373 -1.4173 -1.2992, 0.8498 -1.4173 -1.3155, 0.8661 -1.4173 -1.328, 0.8295 -1.4173 -1.2802, 1.063 -1.4173 -1.3386, 1.1417 -1.4173 -1.2598, 1.0834 -1.4173 -1.3359, 1.1024 -1.4173 -1.328, 1.1187 -1.4173 -1.3155, 1.1312 -1.4173 -1.2992, 1.139 -1.4173 -1.2802, 1.063 -1.3385 -1.3386, 0.9055 -1.3385 -1.3386, 1.2795 -1.3385 0.1575, 1.1614 -1.3385 0.1575, 1.2992 -1.3385 0.1772, 1.157 -1.3385 0.157, 1.1529 -1.3385 0.1555, 0.8261 -1.3385 0.1429, 1.1491 -1.3385 0.1532, 1.146 -1.3385 0.1501, 0.821 -1.3385 0.1517, 0.8169 -1.3385 0.1548, 1.2992 -1.3385 0.9449, 0.8122 -1.3385 0.1568, 0.6693 -1.3385 0.9449, 0.8071 -1.3385 0.1575, 0.6693 -1.3385 0.1772, 0.689 -1.3385 0.1575, 0.6839 -1.3385 0.1582, 0.8241 -1.3385 0.1476, 0.6791 -1.3385 0.1601, 0.6751 -1.3385 0.1632, 0.67 -1.3385 0.1721, 0.6719 -1.3385 0.1673, 1.1437 -1.3385 0.1463, 1.1422 -1.3385 0.1422, 0.8268 -1.3385 0.1378, 1.1417 -1.3385 0.1378, 1.2966 -1.3385 0.1673, 1.2934 -1.3385 0.1632, 1.2985 -1.3385 0.1721, 1.2894 -1.3385 0.1601, 1.2846 -1.3385 0.1582, 1.0834 -1.3385 -1.3359, 1.1417 -1.3385 -1.2598, 1.1312 -1.3385 -1.2992, 1.1187 -1.3385 -1.3155, 1.1024 -1.3385 -1.328, 1.139 -1.3385 -1.2802, 0.8268 -1.3385 -1.2598, 0.8851 -1.3385 -1.3359, 0.8661 -1.3385 -1.328, 0.8498 -1.3385 -1.3155, 0.8373 -1.3385 -1.2992, 0.8295 -1.3385 -1.2802, 1.2992 -1.3372 0.9551, 0.6693 -1.3372 0.9551, 1.2992 -1.3333 0.9646, 0.6693 -1.3333 0.9646, 1.2992 -1.327 0.9727, 0.6693 -1.327 0.9727, 1.2992 -1.3188 0.979, 0.6693 -1.3188 0.979, 1.2992 -1.3094 0.9829, 0.6693 -1.3094 0.9829, 1.2992 -1.2992 0.9843, 0.6693 -1.2992 0.9843, 1.2992 -1.2204 0.9843, 0.6693 -1.2204 0.9843, 0.315 -1.3385 1.063, 0.315 -1.2204 1.063, -0.315 -1.3385 1.063, -0.315 -1.2204 1.063, -0.315 -1.3561 1.061, 0.315 -1.3561 1.061, -0.315 -1.3727 1.0552, 0.315 -1.3727 1.0552, -0.315 -1.3876 1.0458, 0.315 -1.3876 1.0458, -0.315 -1.4001 1.0333, 0.315 -1.4001 1.0333, -0.315 -1.4095 1.0184, 0.315 -1.4095 1.0184, -0.315 -1.4153 1.0018, 0.315 -1.4153 1.0018, -0.315 -1.4173 0.9843, 0.315 -1.4173 0.9843, -0.1721 -1.4173 0.1568, -0.1772 -1.4173 0.1575, -0.2953 -1.4173 0.1575, -0.315 -1.4173 0.1772, -0.1673 -1.4173 0.1548, -0.1632 -1.4173 0.1517, 0.315 -1.4173 0.1772, -0.1601 -1.4173 0.1476, -0.1582 -1.4173 0.1429, 0.1772 -1.4173 0.1575, 0.2953 -1.4173 0.1575, 0.3004 -1.4173 0.1582, -0.3123 -1.4173 0.1673, -0.3092 -1.4173 0.1632, -0.3143 -1.4173 0.1721, -0.3051 -1.4173 0.1601, -0.3004 -1.4173 0.1582, 0.158 -1.4173 0.1422, -0.1575 -1.4173 0.1378, 0.1594 -1.4173 0.1463, 0.1618 -1.4173 0.1501, 0.1649 -1.4173 0.1532, 0.3051 -1.4173 0.1601, 0.3092 -1.4173 0.1632, 0.3123 -1.4173 0.1673, -0.1575 -1.4173 -1.2598, 0.1575 -1.4173 -1.2598, 0.1575 -1.4173 0.1378, 0.1686 -1.4173 0.1555, 0.1728 -1.4173 0.157, 0.3143 -1.4173 0.1721, 0.0991 -1.4173 -1.3359, 0.1181 -1.4173 -1.328, -0.1548 -1.4173 -1.2802, -0.1181 -1.4173 -1.328, -0.1469 -1.4173 -1.2992, -0.1344 -1.4173 -1.3155, -0.0991 -1.4173 -1.3359, -0.0787 -1.4173 -1.3386, 0.0787 -1.4173 -1.3386, 0.1344 -1.4173 -1.3155, 0.1469 -1.4173 -1.2992, 0.1548 -1.4173 -1.2802, 0.0787 -1.3385 -1.3386, -0.0787 -1.3385 -1.3386, -0.1632 -1.3385 0.1517, -0.1673 -1.3385 0.1548, 0.315 -1.3385 0.9449, -0.1721 -1.3385 0.1568, -0.315 -1.3385 0.9449, -0.1772 -1.3385 0.1575, -0.315 -1.3385 0.1772, -0.2953 -1.3385 0.1575, 0.2953 -1.3385 0.1575, 0.1772 -1.3385 0.1575, 0.315 -1.3385 0.1772, -0.1601 -1.3385 0.1476, -0.1582 -1.3385 0.1429, 0.1728 -1.3385 0.157, 0.1686 -1.3385 0.1555, 0.1649 -1.3385 0.1532, 0.1618 -1.3385 0.1501, -0.3004 -1.3385 0.1582, -0.3051 -1.3385 0.1601, -0.3143 -1.3385 0.1721, -0.3092 -1.3385 0.1632, -0.3123 -1.3385 0.1673, 0.3123 -1.3385 0.1673, 0.3092 -1.3385 0.1632, 0.3143 -1.3385 0.1721, 0.3051 -1.3385 0.1601, 0.3004 -1.3385 0.1582, 0.1575 -1.3385 0.1378, 0.1575 -1.3385 -1.2598, 0.0991 -1.3385 -1.3359, 0.1594 -1.3385 0.1463, 0.158 -1.3385 0.1422, -0.1575 -1.3385 0.1378, -0.1575 -1.3385 -1.2598, 0.1469 -1.3385 -1.2992, 0.1344 -1.3385 -1.3155, 0.1181 -1.3385 -1.328, -0.1181 -1.3385 -1.328, -0.1344 -1.3385 -1.3155, -0.1469 -1.3385 -1.2992, -0.0991 -1.3385 -1.3359, -0.1548 -1.3385 -1.2802, 0.1548 -1.3385 -1.2802, 0.315 -1.3372 0.9551, -0.315 -1.3372 0.9551, 0.315 -1.3333 0.9646, -0.315 -1.3333 0.9646, 0.315 -1.327 0.9727, -0.315 -1.327 0.9727, 0.315 -1.3188 0.979, -0.315 -1.3188 0.979, 0.315 -1.3094 0.9829, -0.315 -1.3094 0.9829, 0.315 -1.2992 0.9843, -0.315 -1.2992 0.9843, 0.315 -1.2204 0.9843, -0.315 -1.2204 0.9843, -0.6693 -1.3385 1.063, -0.6693 -1.2204 1.063, -1.2992 -1.3385 1.063, -1.2992 -1.2204 1.063, -1.2992 -1.3561 1.061, -0.6693 -1.3561 1.061, -1.2992 -1.3727 1.0552, -0.6693 -1.3727 1.0552, -1.2992 -1.3876 1.0458, -0.6693 -1.3876 1.0458, -1.2992 -1.4001 1.0333, -0.6693 -1.4001 1.0333, -1.2992 -1.4095 1.0184, -0.6693 -1.4095 1.0184, -1.2992 -1.4153 1.0018, -0.6693 -1.4153 1.0018, -1.2992 -1.4173 0.9843, -0.6693 -1.4173 0.9843, -0.6693 -1.4173 0.1772, -1.1444 -1.4173 0.1476, -1.1424 -1.4173 0.1429, -1.1475 -1.4173 0.1517, -1.1516 -1.4173 0.1548, -1.2894 -1.4173 0.1601, -1.2846 -1.4173 0.1582, -1.2992 -1.4173 0.1772, -1.2795 -1.4173 0.1575, -1.1614 -1.4173 0.1575, -1.1563 -1.4173 0.1568, -0.8248 -1.4173 0.1463, -0.8225 -1.4173 0.1501, -0.8194 -1.4173 0.1532, -0.8071 -1.4173 0.1575, -0.689 -1.4173 0.1575, -0.6839 -1.4173 0.1582, -1.2934 -1.4173 0.1632, -1.2985 -1.4173 0.1721, -1.2966 -1.4173 0.1673, -0.8263 -1.4173 0.1422, -1.1417 -1.4173 0.1378, -0.8268 -1.4173 0.1378, -0.6791 -1.4173 0.1601, -0.6751 -1.4173 0.1632, -0.6719 -1.4173 0.1673, -1.0834 -1.4173 -1.3359, -1.063 -1.4173 -1.3386, -1.1417 -1.4173 -1.2598, -0.8156 -1.4173 0.1555, -0.8115 -1.4173 0.157, -0.67 -1.4173 0.1721, -1.1312 -1.4173 -1.2992, -1.1187 -1.4173 -1.3155, -1.1024 -1.4173 -1.328, -1.139 -1.4173 -1.2802, -0.9055 -1.4173 -1.3386, -0.8268 -1.4173 -1.2598, -0.8851 -1.4173 -1.3359, -0.8661 -1.4173 -1.328, -0.8498 -1.4173 -1.3155, -0.8373 -1.4173 -1.2992, -0.8295 -1.4173 -1.2802, -0.9055 -1.3385 -1.3386, -1.063 -1.3385 -1.3386, -0.8115 -1.3385 0.157, -0.8156 -1.3385 0.1555, -1.1424 -1.3385 0.1429, -0.8194 -1.3385 0.1532, -0.8225 -1.3385 0.1501, -1.1475 -1.3385 0.1517, -1.1516 -1.3385 0.1548, -0.6693 -1.3385 0.9449, -1.1563 -1.3385 0.1568, -1.2992 -1.3385 0.9449, -1.1614 -1.3385 0.1575, -1.2992 -1.3385 0.1772, -1.2795 -1.3385 0.1575, -1.2846 -1.3385 0.1582, -1.1444 -1.3385 0.1476, -0.6693 -1.3385 0.1772, -0.8071 -1.3385 0.1575, -1.2894 -1.3385 0.1601, -1.2934 -1.3385 0.1632, -1.2985 -1.3385 0.1721, -1.2966 -1.3385 0.1673, -0.6791 -1.3385 0.1601, -0.6839 -1.3385 0.1582, -0.689 -1.3385 0.1575, -0.8248 -1.3385 0.1463, -0.8263 -1.3385 0.1422, -1.1417 -1.3385 0.1378, -0.8268 -1.3385 0.1378, -0.6751 -1.3385 0.1632, -0.67 -1.3385 0.1721, -0.6719 -1.3385 0.1673, -0.8851 -1.3385 -1.3359, -0.8268 -1.3385 -1.2598, -0.8373 -1.3385 -1.2992, -0.8498 -1.3385 -1.3155, -0.8661 -1.3385 -1.328, -0.8295 -1.3385 -1.2802, -1.1417 -1.3385 -1.2598, -1.0834 -1.3385 -1.3359, -1.1024 -1.3385 -1.328, -1.1187 -1.3385 -1.3155, -1.1312 -1.3385 -1.2992, -1.139 -1.3385 -1.2802, -0.6693 -1.3372 0.9551, -1.2992 -1.3372 0.9551, -0.6693 -1.3333 0.9646, -1.2992 -1.3333 0.9646, -0.6693 -1.327 0.9727, -1.2992 -1.327 0.9727, -0.6693 -1.3188 0.979, -1.2992 -1.3188 0.979, -0.6693 -1.3094 0.9829, -1.2992 -1.3094 0.9829, -0.6693 -1.2992 0.9843, -1.2992 -1.2992 0.9843, -0.6693 -1.2204 0.9843, -1.2992 -1.2204 0.9843
            ]
        }
        coordIndex [
            0,1,2,-1,2,1,3,-1,0,2,4,-1,0,4,5,-1,5,4,6,-1,5,6,7,-1,7,6,8,-1,7,8,9,-1,9,8,10,-1,9,10,11,-1,11,10,12,-1,11,12,13,-1,13,12,14,-1,13,14,15,-1,15,14,16,-1,15,16,17,-1,18,19,20,-1,19,18,21,-1,21,18,17,-1,21,17,22,-1,23,24,25,-1,25,24,26,-1,25,26,16,-1,16,26,27,-1,16,27,17,-1,17,27,28,-1,17,28,22,-1,29,30,20,-1,20,30,31,-1,32,33,34,-1,23,25,35,-1,35,25,36,-1,35,36,37,-1,29,20,38,-1,38,20,39,-1,38,39,40,-1,34,41,32,-1,32,41,42,-1,32,42,43,-1,44,45,46,-1,31,47,20,-1,20,47,48,-1,20,48,18,-1,18,48,32,-1,18,32,49,-1,49,32,43,-1,46,45,39,-1,50,51,52,-1,44,46,52,-1,52,46,53,-1,52,53,50,-1,39,45,40,-1,40,45,54,-1,40,54,55,-1,55,54,56,-1,55,56,57,-1,58,59,57,-1,57,59,60,-1,57,60,55,-1,54,45,61,-1,61,45,62,-1,63,64,65,-1,66,67,68,-1,68,67,69,-1,68,69,70,-1,71,72,73,-1,73,72,74,-1,73,74,75,-1,75,74,76,-1,75,76,77,-1,77,76,78,-1,77,78,79,-1,71,73,80,-1,80,73,65,-1,80,65,68,-1,68,65,64,-1,68,64,66,-1,79,81,77,-1,77,81,82,-1,77,82,83,-1,83,82,84,-1,70,85,68,-1,68,85,86,-1,68,86,87,-1,87,86,88,-1,89,90,91,-1,91,90,92,-1,91,92,65,-1,65,92,93,-1,65,93,63,-1,94,61,95,-1,95,61,88,-1,96,97,98,-1,94,95,98,-1,98,95,99,-1,98,99,96,-1,88,61,87,-1,87,61,62,-1,87,62,100,-1,100,62,101,-1,100,101,102,-1,103,104,102,-1,102,104,105,-1,102,105,100,-1,73,75,106,-1,106,75,107,-1,106,107,108,-1,108,107,109,-1,108,109,110,-1,110,109,111,-1,110,111,112,-1,112,111,113,-1,112,113,114,-1,114,113,115,-1,114,115,116,-1,116,115,117,-1,118,116,119,-1,119,116,117,-1,17,18,65,-1,112,9,110,-1,110,9,11,-1,110,11,108,-1,118,1,116,-1,116,1,0,-1,116,0,114,-1,114,0,5,-1,114,5,112,-1,112,5,7,-1,112,7,9,-1,65,73,17,-1,17,73,106,-1,17,106,15,-1,15,106,108,-1,15,108,13,-1,13,108,11,-1,2,3,119,-1,119,117,2,-1,2,117,115,-1,2,115,4,-1,4,115,113,-1,111,8,113,-1,113,8,6,-1,113,6,4,-1,77,25,75,-1,75,25,16,-1,75,16,107,-1,107,16,14,-1,107,14,109,-1,109,14,12,-1,109,12,111,-1,111,12,10,-1,111,10,8,-1,27,26,76,-1,76,26,78,-1,87,100,39,-1,39,100,46,-1,40,55,88,-1,88,55,95,-1,33,32,63,-1,63,32,64,-1,95,55,60,-1,95,60,99,-1,99,60,59,-1,99,59,96,-1,96,59,58,-1,96,58,97,-1,97,58,57,-1,97,57,98,-1,98,57,56,-1,98,56,94,-1,94,56,54,-1,94,54,61,-1,62,45,44,-1,62,44,101,-1,101,44,52,-1,101,52,102,-1,102,52,51,-1,102,51,103,-1,103,51,50,-1,103,50,104,-1,104,50,53,-1,104,53,105,-1,105,53,46,-1,105,46,100,-1,33,63,93,-1,33,93,34,-1,34,93,92,-1,34,92,41,-1,41,92,90,-1,41,90,42,-1,42,90,89,-1,42,89,43,-1,43,89,91,-1,43,91,49,-1,49,91,65,-1,49,65,18,-1,40,88,38,-1,38,88,86,-1,38,86,29,-1,29,86,85,-1,29,85,30,-1,30,85,70,-1,30,70,31,-1,31,70,69,-1,31,69,47,-1,47,69,67,-1,47,67,48,-1,48,67,66,-1,48,66,32,-1,32,66,64,-1,27,76,28,-1,28,76,74,-1,28,74,22,-1,22,74,72,-1,22,72,21,-1,21,72,71,-1,21,71,19,-1,19,71,80,-1,19,80,20,-1,20,80,68,-1,20,68,39,-1,39,68,87,-1,78,26,24,-1,78,24,79,-1,79,24,23,-1,79,23,81,-1,81,23,35,-1,81,35,82,-1,82,35,37,-1,82,37,84,-1,84,37,36,-1,84,36,83,-1,83,36,25,-1,83,25,77,-1,120,121,122,-1,122,121,123,-1,120,122,124,-1,120,124,125,-1,125,124,126,-1,125,126,127,-1,127,126,128,-1,127,128,129,-1,129,128,130,-1,129,130,131,-1,131,130,132,-1,131,132,133,-1,133,132,134,-1,133,134,135,-1,135,134,136,-1,135,136,137,-1,138,137,139,-1,139,137,136,-1,139,136,140,-1,140,136,141,-1,138,142,137,-1,137,142,143,-1,137,143,144,-1,144,143,145,-1,144,145,146,-1,147,148,149,-1,150,151,152,-1,152,151,153,-1,152,153,141,-1,141,153,154,-1,141,154,140,-1,155,146,156,-1,155,157,146,-1,146,157,158,-1,146,158,159,-1,149,160,147,-1,147,160,161,-1,147,161,162,-1,163,164,156,-1,156,164,165,-1,156,165,155,-1,159,166,146,-1,146,166,167,-1,146,167,144,-1,144,167,147,-1,144,147,168,-1,168,147,162,-1,169,170,164,-1,163,171,172,-1,172,171,173,-1,172,173,174,-1,172,175,163,-1,163,175,176,-1,163,176,164,-1,164,176,177,-1,164,177,169,-1,170,178,164,-1,164,178,179,-1,164,179,180,-1,177,176,181,-1,181,176,182,-1,183,184,185,-1,185,184,186,-1,185,186,187,-1,187,186,188,-1,187,188,189,-1,189,188,190,-1,191,192,193,-1,183,185,194,-1,194,185,193,-1,194,193,195,-1,195,193,192,-1,195,192,196,-1,196,197,195,-1,195,197,198,-1,195,198,199,-1,190,200,189,-1,189,200,201,-1,189,201,202,-1,202,201,203,-1,202,203,204,-1,205,206,207,-1,207,206,208,-1,207,208,193,-1,193,208,209,-1,193,209,191,-1,182,210,181,-1,181,210,211,-1,181,211,212,-1,199,213,195,-1,195,213,214,-1,195,214,215,-1,215,214,210,-1,215,210,216,-1,216,210,182,-1,217,218,219,-1,220,221,222,-1,182,223,216,-1,216,223,220,-1,216,220,224,-1,224,220,222,-1,212,211,219,-1,219,211,225,-1,219,225,217,-1,185,187,226,-1,226,187,227,-1,226,227,228,-1,228,227,229,-1,228,229,230,-1,230,229,231,-1,230,231,232,-1,232,231,233,-1,232,233,234,-1,234,233,235,-1,234,235,236,-1,236,235,237,-1,238,236,239,-1,239,236,237,-1,137,144,193,-1,232,129,230,-1,230,129,131,-1,230,131,228,-1,238,121,236,-1,236,121,120,-1,236,120,234,-1,234,120,125,-1,234,125,232,-1,232,125,127,-1,232,127,129,-1,193,185,137,-1,137,185,226,-1,137,226,135,-1,135,226,228,-1,135,228,133,-1,133,228,131,-1,122,123,239,-1,239,237,122,-1,122,237,235,-1,122,235,124,-1,124,235,233,-1,231,128,233,-1,233,128,126,-1,233,126,124,-1,189,141,187,-1,187,141,136,-1,187,136,227,-1,227,136,134,-1,227,134,229,-1,229,134,132,-1,229,132,231,-1,231,132,130,-1,231,130,128,-1,240,241,242,-1,242,241,243,-1,240,242,244,-1,240,244,245,-1,245,244,246,-1,245,246,247,-1,247,246,248,-1,247,248,249,-1,249,248,250,-1,249,250,251,-1,251,250,252,-1,251,252,253,-1,253,252,254,-1,253,254,255,-1,255,254,256,-1,255,256,257,-1,258,259,260,-1,259,258,261,-1,261,258,257,-1,261,257,262,-1,263,264,265,-1,265,264,266,-1,265,266,256,-1,256,266,267,-1,256,267,257,-1,257,267,268,-1,257,268,262,-1,269,270,260,-1,260,270,271,-1,272,273,274,-1,263,265,275,-1,275,265,276,-1,275,276,277,-1,269,260,278,-1,278,260,279,-1,278,279,280,-1,274,281,272,-1,272,281,282,-1,272,282,283,-1,284,285,286,-1,271,287,260,-1,260,287,288,-1,260,288,258,-1,258,288,272,-1,258,272,289,-1,289,272,283,-1,286,285,279,-1,290,291,292,-1,284,286,292,-1,292,286,293,-1,292,293,290,-1,279,285,280,-1,280,285,294,-1,280,294,295,-1,295,294,296,-1,295,296,297,-1,298,299,297,-1,297,299,300,-1,297,300,295,-1,294,285,301,-1,301,285,302,-1,303,304,305,-1,305,304,306,-1,305,306,307,-1,308,309,310,-1,310,309,311,-1,310,311,312,-1,312,311,313,-1,312,313,314,-1,314,313,315,-1,314,315,316,-1,308,310,317,-1,317,310,318,-1,317,318,305,-1,305,318,319,-1,305,319,303,-1,316,320,314,-1,314,320,321,-1,314,321,322,-1,322,321,323,-1,324,325,318,-1,318,325,326,-1,318,326,319,-1,307,327,305,-1,305,327,328,-1,305,328,329,-1,329,328,330,-1,324,318,331,-1,331,318,332,-1,331,332,333,-1,334,301,335,-1,335,301,330,-1,336,337,338,-1,334,335,338,-1,338,335,339,-1,338,339,336,-1,330,301,329,-1,329,301,302,-1,329,302,340,-1,340,302,341,-1,340,341,342,-1,343,344,342,-1,342,344,345,-1,342,345,340,-1,310,312,346,-1,346,312,347,-1,346,347,348,-1,348,347,349,-1,348,349,350,-1,350,349,351,-1,350,351,352,-1,352,351,353,-1,352,353,354,-1,354,353,355,-1,354,355,356,-1,356,355,357,-1,358,356,359,-1,359,356,357,-1,257,258,318,-1,352,249,350,-1,350,249,251,-1,350,251,348,-1,358,241,356,-1,356,241,240,-1,356,240,354,-1,354,240,245,-1,354,245,352,-1,352,245,247,-1,352,247,249,-1,318,310,257,-1,257,310,346,-1,257,346,255,-1,255,346,348,-1,255,348,253,-1,253,348,251,-1,242,243,359,-1,359,357,242,-1,242,357,355,-1,242,355,244,-1,244,355,353,-1,351,248,353,-1,353,248,246,-1,353,246,244,-1,314,265,312,-1,312,265,256,-1,312,256,347,-1,347,256,254,-1,347,254,349,-1,349,254,252,-1,349,252,351,-1,351,252,250,-1,351,250,248,-1,267,266,313,-1,313,266,315,-1,329,340,279,-1,279,340,286,-1,280,295,330,-1,330,295,335,-1,273,272,326,-1,326,272,319,-1,139,140,188,-1,188,140,190,-1,215,216,156,-1,156,216,163,-1,165,164,210,-1,210,164,211,-1,148,147,191,-1,191,147,192,-1,211,164,180,-1,211,180,225,-1,225,180,179,-1,225,179,217,-1,217,179,178,-1,217,178,218,-1,218,178,170,-1,218,170,219,-1,219,170,169,-1,219,169,212,-1,212,169,177,-1,212,177,181,-1,182,176,175,-1,182,175,223,-1,223,175,172,-1,223,172,220,-1,220,172,174,-1,220,174,221,-1,221,174,173,-1,221,173,222,-1,222,173,171,-1,222,171,224,-1,224,171,163,-1,224,163,216,-1,335,295,300,-1,335,300,339,-1,339,300,299,-1,339,299,336,-1,336,299,298,-1,336,298,337,-1,337,298,297,-1,337,297,338,-1,338,297,296,-1,338,296,334,-1,334,296,294,-1,334,294,301,-1,302,285,284,-1,302,284,341,-1,341,284,292,-1,341,292,342,-1,342,292,291,-1,342,291,343,-1,343,291,290,-1,343,290,344,-1,344,290,293,-1,344,293,345,-1,345,293,286,-1,345,286,340,-1,148,191,209,-1,148,209,149,-1,149,209,208,-1,149,208,160,-1,160,208,206,-1,160,206,161,-1,161,206,205,-1,161,205,162,-1,162,205,207,-1,162,207,168,-1,168,207,193,-1,168,193,144,-1,165,210,155,-1,155,210,214,-1,155,214,157,-1,157,214,213,-1,157,213,158,-1,158,213,199,-1,158,199,159,-1,159,199,198,-1,159,198,166,-1,166,198,197,-1,166,197,167,-1,167,197,196,-1,167,196,147,-1,147,196,192,-1,139,188,138,-1,138,188,186,-1,138,186,142,-1,142,186,184,-1,142,184,143,-1,143,184,183,-1,143,183,145,-1,145,183,194,-1,145,194,146,-1,146,194,195,-1,146,195,156,-1,156,195,215,-1,190,140,154,-1,190,154,200,-1,200,154,153,-1,200,153,201,-1,201,153,151,-1,201,151,203,-1,203,151,150,-1,203,150,204,-1,204,150,152,-1,204,152,202,-1,202,152,141,-1,202,141,189,-1,273,326,325,-1,273,325,274,-1,274,325,324,-1,274,324,281,-1,281,324,331,-1,281,331,282,-1,282,331,333,-1,282,333,283,-1,283,333,332,-1,283,332,289,-1,289,332,318,-1,289,318,258,-1,280,330,278,-1,278,330,328,-1,278,328,269,-1,269,328,327,-1,269,327,270,-1,270,327,307,-1,270,307,271,-1,271,307,306,-1,271,306,287,-1,287,306,304,-1,287,304,288,-1,288,304,303,-1,288,303,272,-1,272,303,319,-1,267,313,268,-1,268,313,311,-1,268,311,262,-1,262,311,309,-1,262,309,261,-1,261,309,308,-1,261,308,259,-1,259,308,317,-1,259,317,260,-1,260,317,305,-1,260,305,279,-1,279,305,329,-1,315,266,264,-1,315,264,316,-1,316,264,263,-1,316,263,320,-1,320,263,275,-1,320,275,321,-1,321,275,277,-1,321,277,323,-1,323,277,276,-1,323,276,322,-1,322,276,265,-1,322,265,314,-1,
        ]
    }
}
Shape{
    appearance Appearance {
        material  Material {
            diffuseColor 0.25098039215686274 0.25098039215686274 0.25098039215686274
            specularColor 0.12549019607843137 0.12549019607843137 0.12549019607843137
            ambientIntensity 0.251
            transparency 0.0
            shininess 0.5
        }
    }
    geometry IndexedFaceSet {
        ccw TRUE
        solid FALSE
        coord DEF co Coordinate {
            point [
                -0.1301 1.1533 0.5906, -0.1257 1.1196 0.2362, -0.1257 1.1196 0.5906, -0.1127 1.0883 0.2362, -0.1127 1.0883 0.5906, -0.092 1.0613 0.2362, -0.092 1.0613 0.5906, -0.0651 1.0406 0.2362, -0.0651 1.0406 0.5906, -0.0337 1.0276 0.2362, -0.0337 1.0276 0.5906, 0.0 1.0232 0.2362, 0.0 1.0232 0.5906, 0.0337 1.0276 0.2362, 0.0337 1.0276 0.5906, 0.0651 1.0406 0.2362, 0.0651 1.0406 0.5906, 0.092 1.0613 0.2362, 0.092 1.0613 0.5906, 0.1127 1.0883 0.2362, 0.1127 1.0883 0.5906, 0.1257 1.1196 0.2362, 0.1257 1.1196 0.5906, 0.1301 1.1533 0.2362, -0.1301 1.1536 0.5906, -0.1257 1.187 0.2362, -0.1301 1.1533 0.2362, -0.1257 1.187 0.5906, -0.1127 1.2184 0.5906, -0.1127 1.2184 0.2362, -0.092 1.2453 0.5906, -0.092 1.2453 0.2362, -0.0651 1.266 0.5906, -0.0651 1.266 0.2362, -0.0337 1.279 0.5906, -0.0337 1.279 0.2362, 0.0 1.2834 0.5906, 0.0 1.2834 0.2362, 0.0337 1.279 0.5906, 0.0337 1.279 0.2362, 0.0651 1.266 0.5906, 0.0651 1.266 0.2362, 0.092 1.2453 0.5906, 0.092 1.2453 0.2362, 0.1127 1.2184 0.5906, 0.1127 1.2184 0.2362, 0.1257 1.187 0.5906, 0.1257 1.187 0.2362, 0.1301 1.1536 0.5906, 0.1301 1.1533 0.5906, 0.0 1.1533 0.2362, -0.757 0.9252 11.7323, -0.6766 0.7389 11.7323, -0.0787 1.3719 11.7323, -0.0787 1.9252 11.7323, -0.2318 1.8943 11.7323, 0.5734 1.6815 11.7323, 0.4164 1.8101 11.7323, 0.0787 1.3719 11.7323, 0.2318 1.8943 11.7323, 0.0787 1.9252 11.7323, 0.6766 0.7389 11.7323, 0.757 0.9252 11.7323, 0.7872 1.1259 11.7323, -0.5511 0.5794 11.7323, -0.3891 0.4572 11.7323, -0.2012 0.3805 11.7323, 0.0 0.3544 11.7323, 0.2012 0.3805 11.7323, -0.4164 1.8101 11.7323, -0.5734 1.6815 11.7323, -0.6923 1.517 11.7323, 0.7652 1.3276 11.7323, 0.6923 1.517 11.7323, 0.3891 0.4572 11.7323, 0.5511 0.5794 11.7323, -0.7652 1.3276 11.7323, -0.7872 1.1259 11.7323, 0.3011 2.1194 11.4967, 0.3081 2.1179 11.4961, 0.1156 2.1589 11.4961, 0.2456 2.2971 11.4961, 0.4144 2.0726 11.5008, 0.5043 2.0325 11.4961, 0.3245 2.1126 11.4961, 0.4804 2.2208 11.4961, 0.5402 2.0087 11.4982, 0.6785 1.9082 11.4961, 0.5193 2.0239 11.4961, 0.6942 2.0973 11.4961, 0.7421 1.8403 11.5006, 0.823 1.7504 11.4961, 0.6913 1.8967 11.4961, 0.8777 1.9321 11.4961, 0.8961 1.6275 11.5004, 0.9316 1.566 11.4961, 0.8332 1.7365 11.4961, 1.0229 1.7323 11.4961, 0.993 1.3829 11.4979, 0.9994 1.363 11.4961, 0.9386 1.5502 11.4961, 1.1233 1.5068 11.4961, 1.0133 1.2483 11.5008, 1.0236 1.1504 11.4961, 1.003 1.3462 11.4961, 1.1746 1.2652 11.4961, 1.0223 1.1212 11.4972, 1.003 0.9374 11.4961, 1.0236 1.1332 11.4961, 1.1746 1.0183 11.4961, 0.9802 0.8614 11.5002, 0.9386 0.7333 11.4961, 0.9994 0.9205 11.4961, 1.1233 0.7768 11.4961, 0.8755 0.6205 11.5007, 0.8332 0.5471 11.4961, 0.9316 0.7176 11.4961, 1.0229 0.5512 11.4961, 0.7145 0.4127 11.4988, 0.6913 0.3869 11.4961, 0.823 0.5332 11.4961, 0.8777 0.3515 11.4961, 0.5989 0.3175 11.5008, 0.5193 0.2596 11.4961, 0.6785 0.3753 11.4961, 0.6942 0.1863 11.4961, 0.2607 0.1556 11.4996, 0.1156 0.1247 11.4961, 0.3081 0.1656 11.4961, 0.2456 -0.0135 11.4961, 0.4144 0.211 11.5008, 0.3245 0.171 11.4961, 0.5043 0.251 11.4961, 0.4804 0.0628 11.4961, 0.0 0.1229 11.5008, -0.0984 0.1229 11.4961, 0.0984 0.1229 11.4961, 0.0 -0.0393 11.4961, -0.2607 0.1556 11.4996, -0.3081 0.1656 11.4961, -0.1156 0.1247 11.4961, -0.2456 -0.0135 11.4961, -0.4144 0.211 11.5008, -0.5043 0.251 11.4961, -0.3245 0.171 11.4961, -0.4804 0.0628 11.4961, -0.5989 0.3175 11.5008, -0.6785 0.3753 11.4961, -0.5193 0.2596 11.4961, -0.6942 0.1863 11.4961, -0.7145 0.4127 11.4988, -0.823 0.5332 11.4961, -0.6913 0.3869 11.4961, -0.8777 0.3515 11.4961, -0.8755 0.6205 11.5007, -0.9316 0.7176 11.4961, -0.8332 0.5471 11.4961, -1.0229 0.5512 11.4961, -0.9802 0.8614 11.5002, -0.9994 0.9205 11.4961, -0.9386 0.7333 11.4961, -1.1233 0.7768 11.4961, -1.0223 1.1212 11.4972, -1.0236 1.1332 11.4961, -1.003 0.9374 11.4961, -1.1746 1.0183 11.4961, -1.0133 1.2483 11.5008, -1.003 1.3462 11.4961, -1.0236 1.1504 11.4961, -1.1746 1.2652 11.4961, -0.993 1.3829 11.4979, -0.9386 1.5502 11.4961, -0.9994 1.363 11.4961, -1.1233 1.5068 11.4961, -0.8961 1.6275 11.5004, -0.8332 1.7365 11.4961, -0.9316 1.566 11.4961, -1.0229 1.7323 11.4961, -0.7421 1.8403 11.5006, -0.6913 1.8967 11.4961, -0.823 1.7504 11.4961, -0.8777 1.9321 11.4961, -0.5402 2.0087 11.4982, -0.5193 2.0239 11.4961, -0.6785 1.9082 11.4961, -0.6942 2.0973 11.4961, -0.4144 2.0726 11.5008, -0.3245 2.1126 11.4961, -0.5043 2.0325 11.4961, -0.4804 2.2208 11.4961, -0.3011 2.1194 11.4967, -0.1156 2.1589 11.4961, -0.3081 2.1179 11.4961, -0.2456 2.2971 11.4961, 0.0787 2.1607 11.4961, 0.0787 2.1607 11.4978, 0.0984 2.1607 11.4961, 0.0787 2.1931 11.4961, 0.0 2.3229 10.5512, -0.0787 2.1931 10.5512, 0.0787 2.1931 10.5512, -0.0787 1.3719 10.5512, 0.0787 1.3719 10.5512, -0.0787 2.1607 11.4961, -0.0787 2.1607 11.4978, -0.0787 2.1931 11.4961
            ]
        }
        coordIndex [
            0,1,2,-1,2,1,3,-1,2,3,4,-1,4,3,5,-1,4,5,6,-1,6,5,7,-1,6,7,8,-1,8,7,9,-1,8,9,10,-1,10,9,11,-1,10,11,12,-1,12,11,13,-1,12,13,14,-1,14,13,15,-1,14,15,16,-1,16,15,17,-1,16,17,18,-1,18,17,19,-1,18,19,20,-1,20,19,21,-1,20,21,22,-1,22,21,23,-1,24,25,0,-1,0,25,26,-1,0,26,1,-1,24,27,25,-1,25,27,28,-1,25,28,29,-1,29,28,30,-1,29,30,31,-1,31,30,32,-1,31,32,33,-1,33,32,34,-1,33,34,35,-1,35,34,36,-1,35,36,37,-1,37,36,38,-1,37,38,39,-1,39,38,40,-1,39,40,41,-1,41,40,42,-1,41,42,43,-1,43,42,44,-1,43,44,45,-1,45,44,46,-1,45,46,47,-1,47,46,48,-1,47,48,23,-1,23,48,49,-1,23,49,22,-1,3,1,50,-1,50,1,26,-1,50,26,25,-1,9,7,50,-1,50,7,5,-1,50,5,3,-1,15,13,50,-1,50,13,11,-1,50,11,9,-1,21,19,50,-1,50,19,17,-1,50,17,15,-1,45,47,50,-1,50,47,23,-1,50,23,21,-1,39,41,50,-1,50,41,43,-1,50,43,45,-1,33,35,50,-1,50,35,37,-1,50,37,39,-1,25,29,50,-1,50,29,31,-1,50,31,33,-1,51,52,53,-1,53,54,55,-1,56,57,58,-1,58,57,59,-1,58,59,60,-1,61,62,58,-1,58,62,63,-1,53,52,58,-1,58,52,64,-1,58,64,65,-1,65,66,58,-1,58,66,67,-1,58,67,68,-1,55,69,53,-1,53,69,70,-1,53,70,71,-1,63,72,58,-1,58,72,73,-1,58,73,56,-1,68,74,58,-1,58,74,75,-1,58,75,61,-1,71,76,53,-1,53,76,77,-1,53,77,51,-1,78,79,80,-1,79,81,80,-1,82,83,84,-1,83,85,84,-1,86,87,88,-1,87,89,88,-1,90,91,92,-1,91,93,92,-1,94,95,96,-1,95,97,96,-1,98,99,100,-1,99,101,100,-1,102,103,104,-1,103,105,104,-1,106,107,108,-1,107,109,108,-1,110,111,112,-1,111,113,112,-1,114,115,116,-1,115,117,116,-1,118,119,120,-1,119,121,120,-1,122,123,124,-1,123,125,124,-1,126,127,128,-1,127,129,128,-1,130,131,132,-1,131,133,132,-1,134,135,136,-1,135,137,136,-1,138,139,140,-1,139,141,140,-1,142,143,144,-1,143,145,144,-1,146,147,148,-1,147,149,148,-1,150,151,152,-1,151,153,152,-1,154,155,156,-1,155,157,156,-1,158,159,160,-1,159,161,160,-1,162,163,164,-1,163,165,164,-1,166,167,168,-1,167,169,168,-1,170,171,172,-1,171,173,172,-1,174,175,176,-1,175,177,176,-1,178,179,180,-1,179,181,180,-1,182,183,184,-1,183,185,184,-1,186,187,188,-1,187,189,188,-1,190,191,192,-1,191,193,192,-1,194,195,196,-1,194,196,197,-1,198,199,200,-1,200,199,201,-1,200,201,202,-1,194,197,200,-1,60,195,58,-1,58,195,194,-1,58,194,202,-1,202,194,200,-1,203,204,54,-1,199,205,201,-1,201,205,203,-1,201,203,53,-1,53,203,54,-1,202,201,58,-1,58,201,53,-1,
        ]
    }
}
Shape{
    appearance Appearance {
        material  Material {
            diffuseColor 0.7529411764705882 0.7529411764705882 0.7529411764705882
            specularColor 0.3764705882352941 0.3764705882352941 0.3764705882352941
            ambientIntensity 0.7529
            transparency 0.0
            shininess 0.5
        }
    }
    geometry IndexedFaceSet {
        ccw TRUE
        solid FALSE
        coord DEF co Coordinate {
            point [
                -1.9291 2.126 -0.0787, -1.9291 2.5197 -0.0787, -1.8898 2.126 -0.0787, -1.8898 2.5197 -0.0787, 1.8898 0.2363 -0.0787, 1.8898 0.63 -0.0787, 1.9291 0.2363 -0.0787, 1.9291 0.63 -0.0787, -1.9291 2.5985 0.7874, -1.9291 2.9134 0.7874, -1.8898 2.5985 0.7874, -1.8898 2.9134 0.7874, 1.8898 -0.1574 0.7874, 1.8898 0.1575 0.7874, 1.9291 -0.1574 0.7874, 1.9291 0.1575 0.7874, 0.1575 2.3719 2.8346, 0.1625 2.4109 2.8346, -0.0526 2.3808 2.8346, -0.0543 2.4202 2.8346, -0.2613 2.3541 2.8346, -0.2696 2.3926 2.8346, -0.4624 2.2925 2.8346, -0.4771 2.329 2.8346, -0.6502 2.1978 2.8346, -0.6709 2.2313 2.8346, -0.8193 2.0727 2.8346, -0.8454 2.1023 2.8346, -0.9649 1.9209 2.8346, -0.9955 1.9456 2.8346, -1.0827 1.7466 2.8346, -1.117 1.7658 2.8346, -1.1693 1.5549 2.8346, -1.2064 1.568 2.8346, -1.2223 1.3514 2.8346, -1.2611 1.358 2.8346, -1.2402 1.1418 2.8346, -1.2795 1.1418 2.8346, -1.2223 0.9322 2.8346, -1.2611 0.9255 2.8346, -1.1693 0.7286 2.8346, -1.2064 0.7155 2.8346, -1.0827 0.537 2.8346, -1.117 0.5178 2.8346, -0.9649 0.3627 2.8346, -0.9955 0.338 2.8346, -0.8193 0.2108 2.8346, -0.8454 0.1813 2.8346, -0.6502 0.0858 2.8346, -0.6709 0.0522 2.8346, -0.4624 -0.0089 2.8346, -0.4771 -0.0455 2.8346, -0.2613 -0.0705 2.8346, -0.2696 -0.109 2.8346, -0.0526 -0.0973 2.8346, -0.0543 -0.1366 2.8346, 0.1575 -0.0883 2.8346, 0.1625 -0.1274 2.8346, 0.3631 -0.044 2.8346, 0.3747 -0.0817 2.8346, 0.5583 0.0344 2.8346, 0.576 -0.0007 2.8346, 0.7374 0.1447 2.8346, 0.7608 0.113 2.8346, 0.8953 0.2837 2.8346, 0.9238 0.2564 2.8346, 1.0275 0.4473 2.8346, 1.0601 0.4253 2.8346, 1.1301 0.631 2.8346, 1.1659 0.6147 2.8346, 1.2001 0.8293 2.8346, 1.2382 0.8194 2.8346, 1.2357 1.0366 2.8346, 1.2749 1.0333 2.8346, 1.2402 1.1418 2.8346, 1.2795 1.1418 2.8346, 1.2357 1.247 2.8346, 1.2749 1.2503 2.8346, 1.2001 1.4543 2.8346, 1.2382 1.4642 2.8346, 1.1301 1.6526 2.8346, 1.1659 1.6688 2.8346, 1.0275 1.8362 2.8346, 1.0601 1.8583 2.8346, 0.8953 1.9999 2.8346, 0.9238 2.0271 2.8346, 0.7374 2.1389 2.8346, 0.7608 2.1705 2.8346, 0.5583 2.2492 2.8346, 0.576 2.2843 2.8346, 0.3631 2.3276 2.8346, 0.3747 2.3652 2.8346, 1.8504 0.5906 2.5591, 1.8898 0.5906 2.5591, 1.8898 -0.0964 2.5591, 1.6184 -0.1926 2.5591, 1.5768 -0.1607 2.5591, 1.6703 -0.3866 2.5591, 1.8898 -0.1968 2.5591, 1.6503 -0.435 2.5591, 1.6184 -0.4766 2.5591, 1.6772 -0.3346 2.5591, 1.6703 -0.2826 2.5591, 1.6503 -0.2342 2.5591, 1.3025 -0.2342 2.5591, -1.2382 -0.0964 2.5591, 1.3344 -0.1926 2.5591, 1.376 -0.1607 2.5591, 1.2824 -0.2826 2.5591, 1.2756 -0.3346 2.5591, -1.2382 -1.0236 2.5591, 1.2824 -0.3866 2.5591, 1.3025 -0.435 2.5591, 1.3344 -0.4766 2.5591, 1.376 -0.5085 2.5591, 1.811 -1.0236 2.5591, 1.4244 -0.5285 2.5591, 1.5283 -0.1407 2.5591, 1.4764 -0.1338 2.5591, 1.4244 -0.1407 2.5591, 1.4764 -0.5354 2.5591, 1.5283 -0.5285 2.5591, 1.8314 -1.0209 2.5591, 1.5768 -0.5085 2.5591, 1.9048 -0.2053 2.5591, 1.8985 -0.2115 2.5591, 1.8937 -0.219 2.5591, 1.8908 -0.2274 2.5591, 1.9291 -0.1968 2.5591, 1.9207 -0.1977 2.5591, 1.9123 -0.2006 2.5591, 1.8792 -0.9842 2.5591, 1.8667 -1.0005 2.5591, 1.8504 -1.013 2.5591, 1.8898 -0.2362 2.5591, 1.8898 -0.9448 2.5591, 1.8871 -0.9652 2.5591, 1.8908 2.9834 2.5591, 1.8937 2.975 2.5591, 1.8898 2.9528 2.5591, 1.8985 2.9675 2.5591, 1.9048 2.9613 2.5591, 1.9123 2.9566 2.5591, 1.9207 2.9537 2.5591, 1.9291 2.9528 2.5591, 1.8898 2.9922 2.5591, 1.811 3.3071 2.5591, 1.8898 3.2284 2.5591, 1.6703 2.5662 2.5591, 1.6772 2.6182 2.5591, 1.8402 2.1641 2.5591, 0.7719 2.0616 2.5591, 0.6004 2.1817 2.5591, 1.3025 2.5178 2.5591, 1.8163 2.1457 2.5591, 1.376 2.4443 2.5591, 1.4244 2.4242 2.5591, 0.9199 1.9136 2.5591, 1.8124 2.1362 2.5591, 1.8504 3.2966 2.5591, 1.8667 3.2841 2.5591, 1.8792 3.2678 2.5591, 1.5283 2.8121 2.5591, 1.4764 2.8189 2.5591, 1.4244 2.8121 2.5591, -1.2382 3.3071 2.5591, 1.376 2.792 2.5591, 1.3344 2.7601 2.5591, 1.2756 2.6182 2.5591, 1.2824 2.5662 2.5591, 0.2085 2.3243 2.5591, 0.4107 2.2702 2.5591, 1.8314 3.3045 2.5591, 1.8871 3.2488 2.5591, 1.6703 2.6701 2.5591, 1.8504 2.1654 2.5591, 1.8898 2.1654 2.5591, 1.3344 2.4762 2.5591, 0.9199 0.3699 2.5591, 1.8124 0.6198 2.5591, 0.7719 0.2219 2.5591, 1.8163 0.6103 2.5591, 0.6004 0.1019 2.5591, 0.4107 0.0134 2.5591, -1.2008 1.1418 2.5591, -1.1825 0.9333 2.5591, -1.1284 0.7311 2.5591, -0.7719 0.2219 2.5591, -0.6004 0.1019 2.5591, -0.4107 0.0134 2.5591, -0.2085 -0.0408 2.5591, 0.0 -0.059 2.5591, 0.2085 -0.0408 2.5591, 1.8226 0.6021 2.5591, 1.8307 0.5959 2.5591, 1.8402 0.5919 2.5591, 1.6503 2.7186 2.5591, 1.6184 2.7601 2.5591, 1.5768 2.792 2.5591, 1.3025 2.7186 2.5591, 1.2824 2.6701 2.5591, -0.9199 1.9136 2.5591, -0.7719 2.0616 2.5591, -0.6004 2.1817 2.5591, -1.0399 1.7422 2.5591, -1.1284 1.5525 2.5591, -1.1825 1.3503 2.5591, 1.4764 2.4174 2.5591, 1.5283 2.4242 2.5591, 1.8226 2.1539 2.5591, 1.5768 2.4443 2.5591, 1.8307 2.1601 2.5591, 1.6184 2.4762 2.5591, 1.6503 2.5178 2.5591, 0.0 2.3426 2.5591, -0.2085 2.3243 2.5591, -0.4107 2.2702 2.5591, 1.0399 0.5414 2.5591, 1.1284 0.7311 2.5591, 1.811 0.63 2.5591, 1.1825 0.9333 2.5591, 1.2008 1.1418 2.5591, 1.811 2.126 2.5591, -1.0399 0.5414 2.5591, -0.9199 0.3699 2.5591, 1.1825 1.3503 2.5591, 1.1284 1.5525 2.5591, 1.0399 1.7422 2.5591, -1.8898 2.9528 2.5591, -1.9291 2.9528 2.5591, -1.9207 2.9537 2.5591, -1.6772 2.6182 2.5591, -1.8402 2.1641 2.5591, -1.8504 2.1654 2.5591, -1.8898 2.1654 2.5591, -1.9123 2.9566 2.5591, -1.9048 2.9613 2.5591, -1.8985 2.9675 2.5591, -1.8937 2.975 2.5591, -1.8908 2.9834 2.5591, -1.8898 2.9922 2.5591, -1.8314 3.3045 2.5591, -1.811 3.3071 2.5591, -1.8898 3.2284 2.5591, -1.8898 0.5906 2.5591, -1.8504 0.5906 2.5591, -1.8898 -0.0964 2.5591, -1.8402 0.5919 2.5591, -1.8307 0.5959 2.5591, -1.2756 2.6182 2.5591, -1.2824 2.6701 2.5591, -1.5768 2.792 2.5591, -1.6184 2.7601 2.5591, -1.6503 2.7186 2.5591, -1.6703 2.6701 2.5591, -1.376 2.4443 2.5591, -1.8163 2.1457 2.5591, -1.4244 2.4242 2.5591, -1.4764 2.4174 2.5591, -1.8226 0.6021 2.5591, -1.8163 0.6103 2.5591, -1.8124 0.6198 2.5591, -1.3025 2.7186 2.5591, -1.3344 2.7601 2.5591, -1.376 2.792 2.5591, -1.8871 3.2488 2.5591, -1.8792 3.2678 2.5591, -1.8504 3.2966 2.5591, -1.8667 3.2841 2.5591, -1.2824 2.5662 2.5591, -1.4244 2.8121 2.5591, -1.4764 2.8189 2.5591, -1.5283 2.8121 2.5591, -1.6703 2.5662 2.5591, -1.6503 2.5178 2.5591, -1.8307 2.1601 2.5591, -1.6184 2.4762 2.5591, -1.8226 2.1539 2.5591, -1.5768 2.4443 2.5591, -1.5283 2.4242 2.5591, -1.3344 2.4762 2.5591, -1.3025 2.5178 2.5591, -1.811 0.63 2.5591, -1.811 2.126 2.5591, -1.8124 2.1362 2.5591, -1.8898 -0.1968 2.5591, -1.6184 -0.1926 2.5591, -1.6503 -0.2342 2.5591, -1.8504 -1.013 2.5591, -1.8667 -1.0005 2.5591, -1.5768 -0.5085 2.5591, -1.6703 -0.2826 2.5591, -1.6772 -0.3346 2.5591, -1.8898 -0.2362 2.5591, -1.6703 -0.3866 2.5591, -1.8898 -0.9448 2.5591, -1.8908 -0.2274 2.5591, -1.8937 -0.219 2.5591, -1.8985 -0.2115 2.5591, -1.9048 -0.2053 2.5591, -1.3025 -0.2342 2.5591, -1.3344 -0.1926 2.5591, -1.376 -0.1607 2.5591, -1.4764 -0.5354 2.5591, -1.4244 -0.5285 2.5591, -1.376 -0.5085 2.5591, -1.3344 -0.4766 2.5591, -1.3025 -0.435 2.5591, -1.2824 -0.3866 2.5591, -1.2756 -0.3346 2.5591, -1.2824 -0.2826 2.5591, -1.4244 -0.1407 2.5591, -1.4764 -0.1338 2.5591, -1.5283 -0.1407 2.5591, -1.5768 -0.1607 2.5591, -1.9123 -0.2006 2.5591, -1.9207 -0.1977 2.5591, -1.9291 -0.1968 2.5591, -1.5283 -0.5285 2.5591, -1.811 -1.0236 2.5591, -1.8314 -1.0209 2.5591, -1.6503 -0.435 2.5591, -1.6184 -0.4766 2.5591, -1.8871 -0.9652 2.5591, -1.8792 -0.9842 2.5591, 1.9291 0.5906 2.5591, 1.9291 0.5906 1.811, 1.9291 -0.1968 0.8268, 1.9291 2.1654 1.811, 1.9291 2.5788 0.7821, 1.9291 2.5883 0.7861, 1.9291 0.9551 0.1561, 1.9291 0.9646 0.1522, 1.9291 2.5706 0.7759, 1.9291 0.6707 0.1283, 1.9291 0.6746 0.1378, 1.9291 0.1916 0.7677, 1.9291 2.0473 0.1575, 1.9291 2.0575 0.1561, 1.9291 2.067 0.1522, 1.9291 2.5644 0.7677, 1.9291 0.1982 -0.0496, 1.9291 0.2022 -0.0591, 1.9291 0.1969 -0.0394, 1.9291 0.1969 0.748, 1.9291 2.1654 2.5591, 1.9291 2.9528 0.8268, 1.9291 2.9515 0.8166, 1.9291 2.9475 0.8071, 1.9291 0.1677 0.7861, 1.9291 0.1772 0.7821, 1.9291 0.1854 0.7759, 1.9291 0.9449 0.1575, 1.9291 0.979 0.1378, 1.9291 1.773 0.1283, 1.9291 0.9728 0.1459, 1.9291 1.777 0.1378, 1.9291 1.7832 0.1459, 1.9291 1.7914 0.1522, 1.9291 1.8009 0.1561, 1.9291 1.8111 0.1575, 1.9291 2.0853 0.1283, 1.9291 2.5591 -0.0394, 1.9291 2.0814 0.1378, 1.9291 2.5591 0.748, 1.9291 2.0751 0.1459, 1.9291 2.5985 0.7874, 1.9291 2.9134 0.7874, 1.9291 2.9236 0.7887, 1.9291 0.2084 -0.0672, 1.9291 0.2166 -0.0735, 1.9291 0.2261 -0.0774, 1.9291 2.9331 0.7927, 1.9291 2.9413 0.7989, 1.9291 0.6809 0.1459, 1.9291 0.689 0.1522, 1.9291 0.6985 0.1561, 1.9291 0.7087 0.1575, 1.9291 0.9843 0.1181, 1.9291 0.9843 -0.8583, 1.9291 1.7717 -0.8583, 1.9291 2.5604 0.7582, 1.9291 0.6641 -0.0591, 1.9291 0.6578 -0.0672, 1.9291 0.6402 -0.0774, 1.9291 0.6497 -0.0735, 1.9291 0.983 0.1283, 1.9291 1.7717 0.1181, 1.9291 2.126 -0.0787, 1.9291 2.5197 -0.0787, 1.9291 2.5299 -0.0774, 1.9291 0.668 -0.0496, 1.9291 0.6693 -0.0394, 1.9291 0.6693 0.1181, 1.9291 0.1956 0.7582, 1.9291 -0.1955 0.8166, 1.9291 -0.1915 0.8071, 1.9291 -0.1853 0.7989, 1.9291 -0.1771 0.7927, 1.9291 -0.1676 0.7887, 1.9291 2.0867 0.1181, 1.9291 2.0867 -0.0394, 1.9291 2.088 -0.0496, 1.9291 2.5538 -0.0591, 1.9291 2.5578 -0.0496, 1.9291 2.5476 -0.0672, 1.9291 2.5394 -0.0735, 1.9291 2.0919 -0.0591, 1.9291 2.0982 -0.0672, 1.9291 2.1158 -0.0774, 1.9291 2.1063 -0.0735, 1.8504 2.1654 2.5984, 1.8898 2.1654 2.5984, 1.8898 2.9922 2.5984, 0.0 3.3071 2.5984, 0.0 2.4179 2.5984, 0.1625 2.4109 2.5984, 1.8402 2.1641 2.5984, 0.3747 2.3652 2.5984, 0.576 2.2843 2.5984, 1.8124 2.1362 2.5984, 0.7608 2.1705 2.5984, 1.6184 2.7601 2.5984, 1.6503 2.7186 2.5984, 0.9238 2.0271 2.5984, 1.0601 1.8583 2.5984, 1.811 2.126 2.5984, 1.4244 2.4242 2.5984, 1.376 2.4443 2.5984, 1.8163 2.1457 2.5984, 1.3025 2.7186 2.5984, 1.3344 2.7601 2.5984, 1.376 2.792 2.5984, 1.811 3.3071 2.5984, 1.4244 2.8121 2.5984, 1.8792 3.2678 2.5984, 1.8667 3.2841 2.5984, 1.5768 2.792 2.5984, 1.6703 2.6701 2.5984, 1.6772 2.6182 2.5984, 1.1659 1.6688 2.5984, 1.2382 1.4642 2.5984, 1.811 1.1418 2.5984, 1.2749 1.2503 2.5984, 1.5768 2.4443 2.5984, 1.5283 2.4242 2.5984, 1.8226 2.1539 2.5984, 1.6703 2.5662 2.5984, 1.6503 2.5178 2.5984, 1.6184 2.4762 2.5984, 1.3344 2.4762 2.5984, 1.3025 2.5178 2.5984, 1.2824 2.5662 2.5984, 1.4764 2.4174 2.5984, 1.2756 2.6182 2.5984, 1.2824 2.6701 2.5984, 1.8871 3.2488 2.5984, 1.4764 2.8189 2.5984, 1.5283 2.8121 2.5984, 1.8314 3.3045 2.5984, 1.8504 3.2966 2.5984, 1.8898 3.2284 2.5984, 1.8307 2.1601 2.5984, -0.2696 2.3926 2.5984, -1.2756 2.6182 2.5984, -0.4771 2.329 2.5984, -1.2824 2.5662 2.5984, -0.6709 2.2313 2.5984, -1.3025 2.5178 2.5984, -0.8454 2.1023 2.5984, -1.3344 2.4762 2.5984, -1.376 2.4443 2.5984, -1.8504 3.2966 2.5984, -1.8667 3.2841 2.5984, -1.5768 2.792 2.5984, -1.8792 3.2678 2.5984, -1.8314 3.3045 2.5984, -1.5283 2.8121 2.5984, -1.811 3.3071 2.5984, -1.4764 2.8189 2.5984, -1.4244 2.8121 2.5984, -1.376 2.792 2.5984, -1.3344 2.7601 2.5984, -0.0543 2.4202 2.5984, -1.2824 2.6701 2.5984, -1.3025 2.7186 2.5984, -1.4764 2.4174 2.5984, -1.5283 2.4242 2.5984, -1.8163 2.1457 2.5984, -1.5768 2.4443 2.5984, -1.8226 2.1539 2.5984, -1.8307 2.1601 2.5984, -0.9955 1.9456 2.5984, -1.8124 2.1362 2.5984, -1.4244 2.4242 2.5984, -1.6772 2.6182 2.5984, -1.6703 2.6701 2.5984, -1.8402 2.1641 2.5984, -1.8898 2.9922 2.5984, -1.8504 2.1654 2.5984, -1.8898 2.1654 2.5984, -1.6503 2.7186 2.5984, -1.6184 2.7601 2.5984, -1.8898 3.2284 2.5984, -1.8871 3.2488 2.5984, -1.6184 2.4762 2.5984, -1.6503 2.5178 2.5984, -1.6703 2.5662 2.5984, -1.811 1.1418 2.5984, -1.2611 1.358 2.5984, -1.811 2.126 2.5984, -1.2064 1.568 2.5984, -1.117 1.7658 2.5984, -0.9955 0.338 2.5984, -1.8124 0.6198 2.5984, -0.8454 0.1813 2.5984, -1.8163 0.6103 2.5984, -0.6709 0.0522 2.5984, -0.4771 -0.0455 2.5984, -1.8898 -0.2362 2.5984, -1.6703 -0.3866 2.5984, -1.6772 -0.3346 2.5984, -1.117 0.5178 2.5984, -1.2064 0.7155 2.5984, -1.811 0.63 2.5984, -1.2611 0.9255 2.5984, -1.2795 1.1418 2.5984, -1.3344 -0.1926 2.5984, -1.3025 -0.2342 2.5984, -1.2824 -0.2826 2.5984, -1.2756 -0.3346 2.5984, -1.2824 -0.3866 2.5984, 0.0 -1.0236 2.5984, -1.3025 -0.435 2.5984, -1.8792 -0.9842 2.5984, -1.8667 -1.0005 2.5984, -1.5768 -0.5085 2.5984, -1.6503 -0.435 2.5984, -1.8898 -0.9448 2.5984, -1.6184 -0.4766 2.5984, -1.6703 -0.2826 2.5984, -1.6503 -0.2342 2.5984, -1.8898 0.5906 2.5984, -1.6184 -0.1926 2.5984, -1.5768 -0.1607 2.5984, -1.8504 0.5906 2.5984, -1.8402 0.5919 2.5984, -1.3344 -0.4766 2.5984, -1.376 -0.5085 2.5984, -1.811 -1.0236 2.5984, -1.4244 -0.5285 2.5984, -1.8307 0.5959 2.5984, -1.5283 -0.1407 2.5984, -1.8226 0.6021 2.5984, -1.4764 -0.1338 2.5984, -1.4244 -0.1407 2.5984, -1.376 -0.1607 2.5984, -1.4764 -0.5354 2.5984, -1.5283 -0.5285 2.5984, -1.8314 -1.0209 2.5984, -1.8504 -1.013 2.5984, -1.8871 -0.9652 2.5984, 1.4764 -0.1338 2.5984, 1.5283 -0.1407 2.5984, 1.8163 0.6103 2.5984, 1.8124 0.6198 2.5984, 1.0601 0.4253 2.5984, 1.8504 -1.013 2.5984, 1.8667 -1.0005 2.5984, 1.5768 -0.5085 2.5984, 1.3344 -0.4766 2.5984, 1.3025 -0.435 2.5984, 1.8226 0.6021 2.5984, 0.9238 0.2564 2.5984, 0.7608 0.113 2.5984, 0.576 -0.0007 2.5984, 1.8898 -0.9448 2.5984, 1.8898 -0.2362 2.5984, 1.6703 -0.3866 2.5984, 1.2824 -0.3866 2.5984, 1.2756 -0.3346 2.5984, 0.0 -0.1343 2.5984, 1.5768 -0.1607 2.5984, 1.6184 -0.1926 2.5984, 1.8402 0.5919 2.5984, 1.2795 1.1418 2.5984, 1.2749 1.0333 2.5984, 1.811 0.63 2.5984, 1.2382 0.8194 2.5984, 1.1659 0.6147 2.5984, 1.8504 0.5906 2.5984, 1.6503 -0.2342 2.5984, 1.6703 -0.2826 2.5984, 1.6772 -0.3346 2.5984, 1.6503 -0.435 2.5984, 1.6184 -0.4766 2.5984, 1.8871 -0.9652 2.5984, 1.8792 -0.9842 2.5984, 1.8314 -1.0209 2.5984, 1.5283 -0.5285 2.5984, 1.811 -1.0236 2.5984, 1.4764 -0.5354 2.5984, 1.4244 -0.5285 2.5984, 1.376 -0.5085 2.5984, -0.0543 -0.1366 2.5984, -0.2696 -0.109 2.5984, 1.8898 0.5906 2.5984, 1.3025 -0.2342 2.5984, 1.3344 -0.1926 2.5984, 1.376 -0.1607 2.5984, 1.4244 -0.1407 2.5984, 1.8307 0.5959 2.5984, 1.2824 -0.2826 2.5984, 0.3747 -0.0817 2.5984, 0.1625 -0.1274 2.5984, 1.8898 0.1982 -0.0496, 1.8898 0.1969 -0.0394, 1.8898 0.5906 1.811, 1.8898 -0.1968 0.8268, 1.8898 2.1654 1.811, 1.8898 2.9528 0.8268, 1.8898 2.0853 0.1283, 1.8898 2.0814 0.1378, 1.8898 2.5644 0.7677, 1.8898 2.0867 0.1181, 1.8898 2.5578 -0.0496, 1.8898 2.5538 -0.0591, 1.8898 2.5591 -0.0394, 1.8898 2.5591 0.748, 1.8898 2.9134 0.7874, 1.8898 2.5985 0.7874, 1.8898 2.5883 0.7861, 1.8898 2.5788 0.7821, 1.8898 2.5706 0.7759, 1.8898 1.777 0.1378, 1.8898 1.7832 0.1459, 1.8898 1.7914 0.1522, 1.8898 0.1916 0.7677, 1.8898 0.1854 0.7759, 1.8898 0.689 0.1522, 1.8898 2.5476 -0.0672, 1.8898 2.5394 -0.0735, 1.8898 2.5299 -0.0774, 1.8898 2.0751 0.1459, 1.8898 2.067 0.1522, 1.8898 2.0575 0.1561, 1.8898 0.1956 0.7582, 1.8898 0.1969 0.748, 1.8898 0.6746 0.1378, 1.8898 2.1158 -0.0774, 1.8898 2.1063 -0.0735, 1.8898 2.0982 -0.0672, 1.8898 2.0867 -0.0394, 1.8898 2.126 -0.0787, 1.8898 2.088 -0.0496, 1.8898 2.0473 0.1575, 1.8898 1.8111 0.1575, 1.8898 1.8009 0.1561, 1.8898 0.1772 0.7821, 1.8898 0.9551 0.1561, 1.8898 0.9449 0.1575, 1.8898 0.1677 0.7861, 1.8898 2.0919 -0.0591, 1.8898 2.5604 0.7582, 1.8898 2.5197 -0.0787, 1.8898 2.9515 0.8166, 1.8898 2.9475 0.8071, 1.8898 2.9413 0.7989, 1.8898 2.9331 0.7927, 1.8898 2.9236 0.7887, 1.8898 1.7717 0.1181, 1.8898 1.7717 -0.8612, 1.8898 0.9843 -0.8612, 1.8898 0.7087 0.1575, 1.8898 0.6985 0.1561, 1.8898 0.6809 0.1459, 1.8898 0.9843 0.1181, 1.8898 0.983 0.1283, 1.8898 1.773 0.1283, 1.8898 0.979 0.1378, 1.8898 0.9728 0.1459, 1.8898 0.9646 0.1522, 1.8898 0.2261 -0.0774, 1.8898 0.2166 -0.0735, 1.8898 0.2084 -0.0672, 1.8898 -0.1676 0.7887, 1.8898 -0.1771 0.7927, 1.8898 -0.1853 0.7989, 1.8898 -0.1915 0.8071, 1.8898 -0.1955 0.8166, 1.8898 0.6707 0.1283, 1.8898 0.6693 0.1181, 1.8898 0.6693 -0.0394, 1.8898 0.668 -0.0496, 1.8898 0.6497 -0.0735, 1.8898 0.6402 -0.0774, 1.8898 0.6578 -0.0672, 1.8898 0.6641 -0.0591, 1.8898 0.2022 -0.0591, -1.9291 0.5906 2.5591, -1.9291 -0.1968 0.8268, -1.9291 0.5906 1.811, -1.9291 2.1654 2.5591, -1.9291 2.1654 1.811, -1.9291 2.9528 0.8268, -1.9291 2.5644 0.7677, -1.9291 2.5604 0.7582, -1.9291 2.0814 0.1378, -1.9291 2.5591 0.748, -1.9291 2.0853 0.1283, -1.9291 2.5591 -0.0394, -1.9291 2.0867 0.1181, -1.9291 2.5883 0.7861, -1.9291 2.5788 0.7821, -1.9291 2.5706 0.7759, -1.9291 2.0751 0.1459, -1.9291 2.067 0.1522, -1.9291 2.0575 0.1561, -1.9291 0.979 0.1378, -1.9291 1.777 0.1378, -1.9291 1.773 0.1283, -1.9291 0.6985 0.1561, -1.9291 0.689 0.1522, -1.9291 0.1854 0.7759, -1.9291 0.1772 0.7821, -1.9291 2.1158 -0.0774, -1.9291 2.1063 -0.0735, -1.9291 2.0982 -0.0672, -1.9291 0.9728 0.1459, -1.9291 1.7832 0.1459, -1.9291 1.7914 0.1522, -1.9291 0.7087 0.1575, -1.9291 2.088 -0.0496, -1.9291 2.0867 -0.0394, -1.9291 2.5578 -0.0496, -1.9291 2.0473 0.1575, -1.9291 1.8111 0.1575, -1.9291 1.8009 0.1561, -1.9291 0.1677 0.7861, -1.9291 0.1575 0.7874, -1.9291 -0.1574 0.7874, -1.9291 0.1969 0.748, -1.9291 0.1956 0.7582, -1.9291 0.1916 0.7677, -1.9291 2.5538 -0.0591, -1.9291 2.5476 -0.0672, -1.9291 2.5299 -0.0774, -1.9291 2.5394 -0.0735, -1.9291 2.0919 -0.0591, -1.9291 2.9515 0.8166, -1.9291 2.9475 0.8071, -1.9291 2.9413 0.7989, -1.9291 2.9331 0.7927, -1.9291 2.9236 0.7887, -1.9291 0.9646 0.1522, -1.9291 0.9551 0.1561, -1.9291 0.9449 0.1575, -1.9291 0.6809 0.1459, -1.9291 0.6746 0.1378, -1.9291 0.1969 -0.0394, -1.9291 0.6707 0.1283, -1.9291 0.6693 0.1181, -1.9291 1.7717 -0.8583, -1.9291 0.9843 -0.8583, -1.9291 1.7717 0.1181, -1.9291 0.9843 0.1181, -1.9291 0.983 0.1283, -1.9291 -0.1676 0.7887, -1.9291 -0.1771 0.7927, -1.9291 -0.1853 0.7989, -1.9291 -0.1915 0.8071, -1.9291 -0.1955 0.8166, -1.9291 0.63 -0.0787, -1.9291 0.6693 -0.0394, -1.9291 0.668 -0.0496, -1.9291 0.2022 -0.0591, -1.9291 0.2363 -0.0787, -1.9291 0.2084 -0.0672, -1.9291 0.2261 -0.0774, -1.9291 0.2166 -0.0735, -1.9291 0.6497 -0.0735, -1.9291 0.6402 -0.0774, -1.9291 0.6578 -0.0672, -1.9291 0.6641 -0.0591, -1.9291 0.1982 -0.0496, -1.8898 2.9528 0.8268, -1.8898 -0.1968 0.8268, -1.8898 2.1654 1.811, -1.8898 2.5578 -0.0496, -1.8898 2.5591 -0.0394, -1.8898 0.9551 0.1561, -1.8898 0.9646 0.1522, -1.8898 0.5906 1.811, -1.8898 2.5706 0.7759, -1.8898 2.5788 0.7821, -1.8898 2.5591 0.748, -1.8898 2.0814 0.1378, -1.8898 0.6693 -0.0394, -1.8898 0.6693 0.1181, -1.8898 0.1969 -0.0394, -1.8898 0.6707 0.1283, -1.8898 0.1969 0.748, -1.8898 0.6746 0.1378, -1.8898 0.1956 0.7582, -1.8898 0.1916 0.7677, -1.8898 1.773 0.1283, -1.8898 1.777 0.1378, -1.8898 0.979 0.1378, -1.8898 2.5604 0.7582, -1.8898 2.5644 0.7677, -1.8898 2.067 0.1522, -1.8898 2.0575 0.1561, -1.8898 2.0473 0.1575, -1.8898 -0.1574 0.7874, -1.8898 0.1575 0.7874, -1.8898 0.1677 0.7861, -1.8898 0.1772 0.7821, -1.8898 0.1854 0.7759, -1.8898 0.9449 0.1575, -1.8898 0.9728 0.1459, -1.8898 1.7914 0.1522, -1.8898 1.7832 0.1459, -1.8898 2.5883 0.7861, -1.8898 1.8009 0.1561, -1.8898 1.8111 0.1575, -1.8898 2.0751 0.1459, -1.8898 2.5299 -0.0774, -1.8898 2.5394 -0.0735, -1.8898 2.5476 -0.0672, -1.8898 -0.1915 0.8071, -1.8898 -0.1853 0.7989, -1.8898 0.6809 0.1459, -1.8898 0.689 0.1522, -1.8898 0.6985 0.1561, -1.8898 0.7087 0.1575, -1.8898 0.9843 0.1181, -1.8898 0.9843 -0.8612, -1.8898 1.7717 -0.8612, -1.8898 2.9236 0.7887, -1.8898 2.9331 0.7927, -1.8898 2.9413 0.7989, -1.8898 2.9475 0.8071, -1.8898 2.9515 0.8166, -1.8898 2.5538 -0.0591, -1.8898 0.2166 -0.0735, -1.8898 0.2261 -0.0774, -1.8898 0.2084 -0.0672, -1.8898 0.2363 -0.0787, -1.8898 0.2022 -0.0591, -1.8898 0.1982 -0.0496, -1.8898 0.6641 -0.0591, -1.8898 0.63 -0.0787, -1.8898 0.6578 -0.0672, -1.8898 0.6402 -0.0774, -1.8898 0.6497 -0.0735, -1.8898 -0.1955 0.8166, -1.8898 -0.1771 0.7927, -1.8898 -0.1676 0.7887, -1.8898 0.983 0.1283, -1.8898 1.7717 0.1181, -1.8898 2.0853 0.1283, -1.8898 2.0867 0.1181, -1.8898 2.0867 -0.0394, -1.8898 2.088 -0.0496, -1.8898 0.668 -0.0496, -1.8898 2.1063 -0.0735, -1.8898 2.1158 -0.0774, -1.8898 2.0982 -0.0672, -1.8898 2.0919 -0.0591, -1.9281 0.5906 2.5678, -1.9143 0.5906 2.5898, -1.9068 0.5906 2.5945, -1.8985 0.5906 2.5974, -1.9252 0.5906 2.5761, -1.9205 0.5906 2.5836, -1.9278 2.1654 2.5692, -1.9239 2.1654 2.5787, -1.9 2.1654 2.5971, -1.9094 2.1654 2.5932, -1.9176 2.1654 2.5869, 1.9 2.1654 2.5971, 1.9094 2.1654 2.5932, 1.9278 2.1654 2.5692, 1.9239 2.1654 2.5787, 1.9176 2.1654 2.5869, 1.9278 0.5906 2.5692, 1.9239 0.5906 2.5787, 1.9 0.5906 2.5971, 1.9094 0.5906 2.5932, 1.9176 0.5906 2.5869, 1.0399 0.5414 2.9134, 1.1301 0.631 2.9134, 1.1284 0.7311 2.9134, 1.2001 0.8293 2.9134, 1.1825 0.9333 2.9134, 1.2357 1.0366 2.9134, 1.2008 1.1418 2.9134, 1.2402 1.1418 2.9134, 1.2357 1.247 2.9134, 1.1825 1.3503 2.9134, 1.2001 1.4543 2.9134, 1.1284 1.5525 2.9134, 1.1301 1.6526 2.9134, 1.0399 1.7422 2.9134, 1.0275 1.8362 2.9134, 0.9199 1.9136 2.9134, 0.8953 1.9999 2.9134, 0.7719 2.0616 2.9134, 0.7374 2.1389 2.9134, 0.6004 2.1817 2.9134, 0.5583 2.2492 2.9134, 0.4107 2.2702 2.9134, 0.3631 2.3276 2.9134, 0.2085 2.3243 2.9134, 0.1575 2.3719 2.9134, 0.0 2.3426 2.9134, -0.0526 2.3808 2.9134, -0.2085 2.3243 2.9134, -0.2613 2.3541 2.9134, -0.4107 2.2702 2.9134, -0.4624 2.2925 2.9134, -0.6004 2.1817 2.9134, -0.6502 2.1978 2.9134, -0.7719 2.0616 2.9134, -0.8193 2.0727 2.9134, -0.9199 1.9136 2.9134, -0.9649 1.9209 2.9134, -1.0399 1.7422 2.9134, -1.0827 1.7466 2.9134, -1.1284 1.5525 2.9134, -1.1693 1.5549 2.9134, -1.1825 1.3503 2.9134, -1.2223 1.3514 2.9134, -1.2008 1.1418 2.9134, -1.2402 1.1418 2.9134, -1.1825 0.9333 2.9134, -1.2223 0.9322 2.9134, -1.1284 0.7311 2.9134, -1.1693 0.7286 2.9134, -1.0399 0.5414 2.9134, -1.0827 0.537 2.9134, -0.9199 0.3699 2.9134, -0.9649 0.3627 2.9134, -0.7719 0.2219 2.9134, -0.8193 0.2108 2.9134, -0.6004 0.1019 2.9134, -0.6502 0.0858 2.9134, -0.4107 0.0134 2.9134, -0.4624 -0.0089 2.9134, -0.2085 -0.0408 2.9134, -0.2613 -0.0705 2.9134, 0.0 -0.059 2.9134, -0.0526 -0.0973 2.9134, 0.2085 -0.0408 2.9134, 0.1575 -0.0883 2.9134, 0.4107 0.0134 2.9134, 0.3631 -0.044 2.9134, 0.6004 0.1019 2.9134, 0.5583 0.0344 2.9134, 0.7719 0.2219 2.9134, 0.7374 0.1447 2.9134, 0.9199 0.3699 2.9134, 0.8953 0.2837 2.9134, 1.0275 0.4473 2.9134, -1.9176 -0.1985 2.5869, -1.9142 -0.1998 2.5897, -1.8985 -0.2115 2.5975, -1.8985 -0.2114 2.5974, -1.9015 -0.2081 2.5966, -1.8937 -0.219 2.5982, -1.8908 -0.2274 2.5984, -1.9123 -0.2006 2.5913, -1.9068 -0.2037 2.5945, -1.9048 -0.2053 2.5955, -1.9205 -0.1977 2.5836, -1.9207 -0.1977 2.5834, -1.9252 -0.197 2.5761, -1.9281 -0.1968 2.5678, -1.9288 2.9528 2.5642, -1.9278 2.9528 2.5692, -1.9261 2.9529 2.5741, -1.9239 2.9532 2.5787, -1.9207 2.9537 2.5834, -1.9176 2.9545 2.5869, -1.8985 2.9675 2.5975, -1.9 2.9657 2.5971, -1.9048 2.9613 2.5955, -1.9094 2.9581 2.5932, -1.9123 2.9566 2.5913, -1.8908 2.9834 2.5984, -1.8937 2.975 2.5982, 1.9288 -0.1968 2.5642, 1.9278 -0.1968 2.5692, 1.9261 -0.1969 2.5741, 1.9239 -0.1972 2.5787, 1.9207 -0.1977 2.5834, 1.9176 -0.1985 2.5869, 1.8985 -0.2115 2.5975, 1.9 -0.2097 2.5971, 1.9048 -0.2053 2.5955, 1.9094 -0.2021 2.5932, 1.9123 -0.2006 2.5913, 1.8908 -0.2274 2.5984, 1.8937 -0.219 2.5982, 1.8908 2.9834 2.5984, 1.8937 2.975 2.5982, 1.9094 2.9581 2.5932, 1.9048 2.9613 2.5955, 1.9 2.9657 2.5971, 1.8985 2.9675 2.5975, 1.9239 2.9532 2.5787, 1.9207 2.9537 2.5834, 1.9176 2.9545 2.5869, 1.9123 2.9566 2.5913, 1.9288 2.9528 2.5642, 1.9278 2.9528 2.5692, 1.9261 2.9529 2.5741, 1.9707 1.7717 -1.17, 1.9333 1.7717 -0.9154, 1.9707 0.9843 -1.17, 1.9333 0.9843 -0.9154, 1.9407 1.7717 -1.3062, 1.9407 0.9843 -1.3062, 1.8298 1.7717 -1.4759, 1.8298 0.9843 -1.4759, 1.7652 1.6536 -1.5748, 1.7674 1.6842 -1.5714, 1.7652 1.1024 -1.5748, 1.7674 1.0718 -1.5714, 1.7739 1.7126 -1.5616, 1.7842 1.7371 -1.5458, 1.8131 1.7677 -1.5015, 1.7975 1.7559 -1.5254, 1.8131 0.9883 -1.5015, 1.7975 1.0001 -1.5254, 1.7739 1.0434 -1.5616, 1.7842 1.0189 -1.5458, 1.7323 1.1024 -1.5533, 1.7323 1.6536 -1.5533, 1.8996 0.9843 -1.2972, 1.8996 1.7717 -1.2972, 1.7969 0.9843 -1.4544, 1.7969 1.7717 -1.4544, 1.7646 1.7559 -1.5038, 1.7512 1.7371 -1.5243, 1.7409 1.7126 -1.54, 1.7512 1.0189 -1.5243, 1.7646 1.0001 -1.5038, 1.7409 1.0434 -1.54, 1.7345 1.0718 -1.5499, 1.7802 0.9883 -1.48, 1.7802 1.7677 -1.48, 1.7345 1.6842 -1.5499, 1.9295 0.9843 -1.1609, 1.8939 0.9843 -0.9183, 1.9295 1.7717 -1.1609, 1.8939 1.7717 -0.9183, 1.9617 1.7717 -1.2637, 1.9205 1.7717 -1.2546, 1.9718 1.7717 -1.2174, 1.9307 1.7717 -1.2083, 1.9718 0.9843 -1.2174, 1.9307 0.9843 -1.2083, 1.9617 0.9843 -1.2637, 1.9205 0.9843 -1.2546, -1.9295 1.7717 -1.1609, -1.8939 1.7717 -0.9183, -1.9295 0.9843 -1.1609, -1.8939 0.9843 -0.9183, -1.8996 1.7717 -1.2972, -1.8996 0.9843 -1.2972, -1.7969 1.7717 -1.4544, -1.7969 0.9843 -1.4544, -1.7345 1.6842 -1.5499, -1.7409 1.7126 -1.54, -1.7512 1.7371 -1.5243, -1.7802 0.9883 -1.48, -1.7345 1.0718 -1.5499, -1.7323 1.1024 -1.5533, -1.7323 1.6536 -1.5533, -1.7802 1.7677 -1.48, -1.7646 1.7559 -1.5038, -1.7646 1.0001 -1.5038, -1.7512 1.0189 -1.5243, -1.7409 1.0434 -1.54, -1.7652 1.1024 -1.5748, -1.7652 1.6536 -1.5748, -1.7674 1.6842 -1.5714, -1.8298 1.7717 -1.4759, -1.8298 0.9843 -1.4759, -1.9407 1.7717 -1.3062, -1.9407 0.9843 -1.3062, -1.7842 1.0189 -1.5458, -1.7975 1.0001 -1.5254, -1.8131 0.9883 -1.5015, -1.7975 1.7559 -1.5254, -1.7842 1.7371 -1.5458, -1.7739 1.7126 -1.5616, -1.7674 1.0718 -1.5714, -1.7739 1.0434 -1.5616, -1.8131 1.7677 -1.5015, -1.9707 0.9843 -1.17, -1.9333 0.9843 -0.9154, -1.9707 1.7717 -1.17, -1.9333 1.7717 -0.9154, -1.9718 1.7717 -1.2174, -1.9307 1.7717 -1.2083, -1.9617 1.7717 -1.2637, -1.9205 1.7717 -1.2546, -1.9617 0.9843 -1.2637, -1.9205 0.9843 -1.2546, -1.9718 0.9843 -1.2174, -1.9307 0.9843 -1.2083
            ]
        }
        coordIndex [
            0,1,2,-1,2,1,3,-1,4,5,6,-1,6,5,7,-1,8,9,10,-1,10,9,11,-1,12,13,14,-1,14,13,15,-1,16,17,18,-1,18,17,19,-1,18,19,20,-1,20,19,21,-1,20,21,22,-1,22,21,23,-1,22,23,24,-1,24,23,25,-1,24,25,26,-1,26,25,27,-1,26,27,28,-1,28,27,29,-1,28,29,30,-1,30,29,31,-1,30,31,32,-1,32,31,33,-1,32,33,34,-1,34,33,35,-1,34,35,36,-1,36,35,37,-1,36,37,38,-1,38,37,39,-1,38,39,40,-1,40,39,41,-1,40,41,42,-1,42,41,43,-1,42,43,44,-1,44,43,45,-1,44,45,46,-1,46,45,47,-1,46,47,48,-1,48,47,49,-1,48,49,50,-1,50,49,51,-1,50,51,52,-1,52,51,53,-1,52,53,54,-1,54,53,55,-1,54,55,56,-1,56,55,57,-1,56,57,58,-1,58,57,59,-1,58,59,60,-1,60,59,61,-1,60,61,62,-1,62,61,63,-1,62,63,64,-1,64,63,65,-1,64,65,66,-1,66,65,67,-1,66,67,68,-1,68,67,69,-1,68,69,70,-1,70,69,71,-1,70,71,72,-1,72,71,73,-1,72,73,74,-1,74,73,75,-1,74,75,76,-1,76,75,77,-1,76,77,78,-1,78,77,79,-1,78,79,80,-1,80,79,81,-1,80,81,82,-1,82,81,83,-1,82,83,84,-1,84,83,85,-1,84,85,86,-1,86,85,87,-1,86,87,88,-1,88,87,89,-1,88,89,90,-1,90,89,91,-1,90,91,16,-1,16,91,17,-1,92,93,94,-1,94,95,96,-1,97,98,99,-1,99,98,100,-1,97,101,98,-1,98,101,102,-1,98,102,94,-1,94,102,103,-1,94,103,95,-1,104,105,106,-1,106,105,107,-1,104,108,105,-1,105,108,109,-1,105,109,110,-1,110,109,111,-1,110,111,112,-1,112,113,110,-1,110,113,114,-1,110,114,115,-1,115,114,116,-1,96,117,94,-1,94,117,118,-1,94,118,105,-1,105,118,119,-1,105,119,107,-1,116,120,115,-1,115,120,121,-1,115,121,122,-1,122,121,123,-1,124,125,98,-1,98,125,126,-1,98,126,100,-1,100,126,127,-1,128,129,98,-1,98,129,130,-1,98,130,124,-1,131,132,123,-1,123,132,133,-1,123,133,122,-1,127,134,100,-1,100,134,135,-1,100,135,123,-1,123,135,136,-1,123,136,131,-1,137,138,139,-1,139,138,140,-1,139,140,141,-1,141,142,139,-1,139,142,143,-1,139,143,144,-1,137,139,145,-1,145,139,146,-1,145,146,147,-1,148,149,150,-1,151,152,153,-1,154,155,156,-1,157,151,158,-1,159,160,161,-1,162,163,146,-1,146,163,164,-1,146,164,165,-1,165,164,166,-1,165,166,167,-1,168,169,170,-1,153,152,169,-1,169,152,171,-1,169,171,170,-1,146,172,147,-1,147,172,159,-1,147,159,173,-1,173,159,161,-1,149,174,150,-1,150,174,139,-1,150,139,175,-1,175,139,176,-1,154,158,155,-1,155,158,151,-1,155,151,177,-1,177,151,153,-1,178,179,180,-1,180,179,181,-1,180,181,182,-1,182,181,183,-1,184,185,105,-1,105,185,186,-1,187,188,105,-1,105,188,189,-1,189,190,105,-1,105,190,191,-1,105,191,94,-1,94,191,192,-1,94,192,183,-1,181,193,183,-1,183,193,194,-1,183,194,94,-1,94,194,195,-1,94,195,92,-1,174,196,139,-1,139,196,197,-1,139,197,146,-1,146,197,198,-1,146,198,162,-1,167,199,165,-1,165,199,200,-1,165,200,168,-1,201,165,202,-1,202,165,203,-1,201,204,165,-1,165,204,205,-1,165,205,206,-1,156,207,154,-1,154,207,208,-1,154,208,209,-1,209,208,210,-1,209,210,211,-1,211,210,212,-1,211,212,150,-1,150,212,213,-1,150,213,148,-1,170,214,168,-1,168,214,215,-1,168,215,165,-1,165,215,216,-1,165,216,203,-1,178,217,179,-1,179,217,218,-1,179,218,219,-1,218,220,219,-1,219,220,221,-1,219,221,222,-1,186,223,105,-1,105,223,224,-1,105,224,187,-1,221,225,222,-1,222,225,226,-1,222,226,158,-1,158,226,227,-1,158,227,157,-1,228,229,230,-1,231,232,228,-1,228,232,233,-1,228,233,234,-1,230,235,228,-1,228,235,236,-1,228,236,237,-1,237,238,228,-1,228,238,239,-1,228,239,240,-1,241,242,243,-1,243,242,240,-1,244,245,246,-1,246,245,247,-1,246,247,105,-1,105,247,248,-1,249,250,165,-1,240,242,228,-1,228,242,251,-1,228,251,252,-1,252,253,228,-1,228,253,254,-1,228,254,231,-1,255,256,257,-1,257,256,258,-1,248,259,105,-1,105,259,260,-1,105,260,261,-1,250,262,165,-1,165,262,263,-1,165,263,264,-1,243,265,241,-1,241,265,266,-1,241,266,267,-1,267,266,268,-1,206,184,165,-1,165,184,105,-1,165,105,249,-1,249,105,269,-1,264,270,165,-1,165,270,271,-1,165,271,242,-1,242,271,272,-1,242,272,251,-1,231,273,232,-1,232,273,274,-1,232,274,275,-1,275,274,276,-1,275,276,277,-1,277,276,278,-1,277,278,256,-1,256,278,279,-1,256,279,258,-1,255,280,105,-1,105,280,281,-1,105,281,269,-1,261,282,105,-1,105,282,283,-1,105,283,255,-1,255,283,284,-1,255,284,256,-1,285,286,287,-1,288,289,290,-1,291,292,293,-1,293,292,294,-1,293,294,295,-1,293,296,291,-1,291,296,297,-1,291,297,287,-1,287,297,285,-1,285,297,298,-1,285,298,299,-1,300,301,105,-1,105,301,302,-1,110,303,304,-1,304,305,110,-1,110,305,306,-1,110,306,307,-1,307,308,110,-1,110,308,309,-1,110,309,105,-1,105,309,310,-1,105,310,300,-1,302,311,105,-1,105,311,312,-1,105,312,246,-1,246,312,313,-1,246,313,285,-1,285,313,314,-1,285,314,286,-1,299,315,285,-1,285,315,316,-1,285,316,317,-1,303,110,318,-1,318,110,319,-1,318,319,290,-1,290,319,320,-1,290,320,288,-1,294,321,295,-1,295,321,322,-1,295,322,323,-1,323,322,290,-1,323,290,324,-1,324,290,289,-1,325,128,326,-1,326,128,327,-1,328,329,330,-1,331,332,326,-1,329,328,333,-1,334,335,336,-1,337,338,333,-1,333,338,339,-1,333,339,340,-1,341,342,343,-1,343,342,344,-1,144,345,346,-1,346,345,328,-1,346,328,347,-1,347,328,348,-1,14,15,326,-1,15,349,326,-1,326,349,350,-1,326,350,351,-1,331,326,352,-1,353,354,355,-1,355,354,332,-1,332,354,326,-1,326,354,356,-1,326,356,357,-1,357,358,326,-1,326,358,359,-1,326,359,328,-1,328,359,333,-1,333,359,360,-1,333,360,337,-1,361,362,363,-1,363,362,364,-1,363,364,365,-1,330,366,328,-1,328,366,367,-1,328,367,368,-1,342,369,344,-1,344,369,370,-1,344,370,371,-1,368,372,328,-1,328,372,373,-1,328,373,348,-1,335,374,336,-1,336,374,375,-1,336,375,351,-1,351,375,376,-1,351,376,326,-1,326,376,377,-1,326,377,352,-1,378,379,380,-1,365,364,339,-1,339,364,381,-1,339,381,340,-1,382,7,383,-1,383,7,384,-1,383,384,385,-1,353,386,354,-1,354,386,378,-1,354,378,387,-1,387,378,380,-1,388,389,362,-1,362,389,390,-1,382,391,7,-1,7,391,392,-1,7,392,336,-1,336,392,393,-1,336,393,334,-1,336,394,7,-1,7,394,344,-1,7,344,6,-1,6,344,371,-1,327,395,326,-1,326,395,396,-1,326,396,397,-1,397,398,326,-1,326,398,399,-1,326,399,14,-1,361,400,362,-1,362,400,401,-1,362,401,388,-1,388,401,402,-1,403,404,405,-1,405,404,362,-1,405,362,406,-1,406,362,390,-1,402,407,388,-1,388,407,408,-1,388,408,409,-1,409,408,410,-1,411,412,413,-1,414,415,416,-1,411,413,417,-1,418,419,420,-1,420,419,421,-1,422,423,413,-1,421,424,420,-1,420,424,425,-1,420,425,426,-1,427,428,429,-1,430,431,414,-1,414,431,432,-1,414,432,433,-1,433,432,434,-1,435,436,437,-1,423,438,413,-1,413,438,439,-1,413,439,417,-1,425,440,426,-1,426,440,441,-1,426,441,442,-1,442,441,443,-1,444,445,446,-1,439,447,417,-1,417,447,448,-1,417,448,449,-1,450,451,414,-1,414,451,452,-1,446,445,429,-1,429,445,453,-1,429,453,427,-1,418,420,416,-1,416,420,429,-1,416,429,414,-1,414,429,428,-1,414,428,450,-1,452,454,414,-1,414,454,455,-1,414,455,430,-1,435,437,456,-1,434,457,433,-1,433,457,458,-1,433,458,459,-1,459,458,437,-1,459,437,460,-1,460,437,436,-1,422,413,437,-1,437,413,461,-1,437,461,456,-1,444,446,449,-1,449,446,462,-1,449,462,417,-1,463,464,465,-1,465,464,466,-1,465,466,467,-1,467,466,468,-1,467,468,469,-1,469,468,470,-1,469,470,471,-1,472,473,474,-1,474,473,475,-1,472,474,476,-1,476,474,477,-1,476,477,478,-1,477,479,478,-1,478,479,480,-1,478,480,414,-1,414,480,481,-1,414,481,482,-1,463,483,464,-1,464,483,415,-1,464,415,484,-1,484,415,414,-1,484,414,485,-1,485,414,482,-1,486,487,488,-1,488,487,489,-1,488,489,490,-1,490,489,491,-1,492,469,493,-1,493,469,471,-1,493,471,488,-1,488,471,494,-1,488,494,486,-1,495,496,497,-1,497,496,498,-1,497,498,499,-1,499,498,500,-1,496,501,498,-1,498,501,502,-1,498,502,503,-1,503,502,474,-1,503,474,504,-1,504,474,475,-1,489,505,491,-1,491,505,506,-1,491,506,497,-1,497,506,507,-1,497,507,495,-1,508,509,510,-1,510,509,511,-1,510,511,493,-1,493,511,512,-1,493,512,492,-1,513,514,515,-1,515,514,516,-1,515,516,517,-1,517,516,518,-1,519,520,521,-1,513,522,514,-1,514,522,523,-1,514,523,524,-1,524,523,525,-1,524,525,508,-1,508,525,526,-1,508,526,509,-1,527,528,518,-1,518,528,529,-1,530,531,532,-1,532,531,533,-1,534,535,536,-1,520,519,537,-1,537,519,538,-1,537,538,539,-1,521,540,519,-1,519,540,541,-1,519,541,542,-1,541,543,542,-1,542,543,544,-1,542,544,545,-1,545,544,546,-1,533,547,532,-1,532,547,548,-1,532,548,549,-1,549,548,550,-1,546,544,551,-1,551,544,552,-1,551,552,553,-1,553,552,554,-1,553,554,516,-1,516,554,555,-1,516,555,518,-1,518,555,556,-1,518,556,527,-1,550,557,549,-1,549,557,558,-1,549,558,559,-1,559,558,536,-1,559,536,560,-1,560,536,535,-1,539,538,536,-1,536,538,561,-1,536,561,534,-1,562,563,564,-1,564,565,566,-1,567,568,569,-1,570,571,532,-1,564,563,572,-1,566,573,564,-1,564,573,574,-1,564,574,575,-1,576,577,578,-1,579,580,581,-1,582,583,584,-1,443,585,442,-1,442,585,586,-1,442,586,587,-1,587,586,588,-1,587,588,565,-1,565,588,589,-1,565,589,566,-1,584,583,590,-1,591,592,577,-1,577,592,593,-1,577,593,578,-1,578,594,576,-1,576,594,595,-1,576,595,596,-1,596,595,569,-1,596,569,597,-1,597,569,568,-1,567,569,598,-1,598,569,599,-1,598,599,600,-1,599,601,600,-1,600,601,602,-1,600,602,532,-1,532,602,603,-1,532,603,570,-1,571,579,532,-1,532,579,581,-1,532,581,530,-1,530,581,604,-1,530,604,529,-1,529,604,605,-1,529,605,518,-1,591,577,583,-1,583,577,606,-1,583,606,590,-1,607,608,575,-1,575,608,609,-1,575,609,564,-1,564,609,610,-1,564,610,562,-1,582,584,563,-1,563,584,611,-1,563,611,572,-1,607,575,612,-1,612,575,613,-1,612,613,580,-1,580,613,614,-1,580,614,581,-1,615,616,4,-1,93,617,94,-1,94,617,618,-1,94,618,98,-1,176,139,619,-1,619,139,620,-1,621,622,623,-1,621,623,624,-1,625,626,627,-1,627,626,628,-1,629,630,619,-1,630,631,619,-1,619,631,632,-1,619,632,633,-1,634,617,635,-1,635,617,636,-1,637,638,639,-1,626,640,628,-1,628,640,641,-1,628,641,642,-1,622,643,623,-1,623,643,644,-1,623,644,633,-1,633,644,645,-1,633,645,619,-1,637,639,646,-1,616,647,648,-1,649,650,651,-1,624,623,652,-1,652,623,653,-1,652,653,654,-1,645,655,619,-1,619,655,656,-1,619,656,617,-1,617,656,657,-1,617,657,636,-1,658,617,638,-1,638,617,659,-1,638,659,660,-1,658,661,617,-1,617,661,13,-1,617,13,12,-1,649,651,653,-1,653,651,662,-1,653,662,654,-1,623,663,653,-1,653,663,628,-1,653,628,664,-1,664,628,642,-1,620,665,619,-1,619,665,666,-1,619,666,667,-1,667,668,619,-1,619,668,669,-1,619,669,629,-1,670,671,672,-1,660,673,638,-1,638,673,674,-1,638,674,639,-1,646,639,647,-1,647,639,675,-1,647,675,648,-1,672,676,670,-1,670,676,677,-1,670,677,678,-1,678,677,679,-1,678,679,634,-1,634,679,680,-1,634,680,617,-1,617,680,681,-1,617,681,659,-1,4,616,5,-1,682,683,684,-1,12,685,617,-1,617,685,686,-1,617,686,687,-1,687,688,617,-1,617,688,689,-1,617,689,618,-1,648,690,616,-1,616,690,691,-1,616,691,5,-1,5,691,692,-1,5,692,693,-1,694,695,696,-1,696,695,5,-1,696,5,697,-1,697,5,693,-1,682,684,4,-1,4,684,698,-1,4,698,615,-1,317,699,700,-1,700,699,701,-1,702,229,703,-1,703,229,704,-1,705,706,707,-1,707,706,708,-1,707,708,709,-1,709,708,710,-1,709,710,711,-1,9,8,703,-1,8,712,703,-1,703,712,713,-1,703,713,714,-1,707,715,705,-1,705,715,716,-1,705,716,714,-1,714,716,717,-1,714,717,703,-1,718,719,720,-1,721,722,723,-1,723,724,701,-1,725,726,727,-1,718,728,719,-1,719,728,701,-1,719,701,729,-1,729,701,730,-1,721,723,731,-1,732,733,0,-1,0,733,711,-1,0,711,1,-1,1,711,710,-1,1,710,734,-1,717,735,703,-1,703,735,736,-1,703,736,701,-1,701,736,737,-1,701,737,730,-1,724,738,701,-1,701,738,739,-1,701,739,740,-1,741,742,722,-1,722,742,743,-1,722,743,723,-1,734,744,1,-1,1,744,745,-1,1,745,746,-1,746,745,747,-1,725,727,0,-1,0,727,748,-1,0,748,732,-1,704,749,703,-1,703,749,750,-1,703,750,751,-1,751,752,703,-1,703,752,753,-1,703,753,9,-1,728,754,701,-1,701,754,755,-1,701,755,723,-1,723,755,756,-1,723,756,731,-1,722,757,741,-1,741,757,758,-1,741,758,759,-1,759,758,760,-1,759,760,761,-1,762,763,764,-1,764,763,765,-1,764,765,720,-1,720,765,766,-1,720,766,718,-1,740,767,701,-1,701,767,768,-1,701,768,769,-1,769,770,701,-1,701,770,771,-1,701,771,700,-1,772,773,774,-1,775,776,777,-1,777,776,778,-1,777,778,779,-1,780,781,782,-1,782,781,772,-1,782,772,783,-1,783,772,774,-1,775,784,776,-1,776,784,759,-1,776,759,772,-1,772,759,761,-1,772,761,773,-1,433,146,414,-1,414,146,165,-1,414,165,478,-1,478,165,242,-1,249,464,250,-1,250,464,484,-1,250,484,262,-1,262,484,485,-1,262,485,263,-1,263,485,482,-1,263,482,264,-1,264,482,481,-1,264,481,270,-1,270,481,480,-1,270,480,271,-1,271,480,479,-1,271,479,272,-1,272,479,477,-1,272,477,251,-1,251,477,474,-1,251,474,252,-1,252,474,502,-1,252,502,253,-1,253,502,501,-1,253,501,254,-1,254,501,496,-1,254,496,231,-1,231,496,495,-1,231,495,273,-1,273,495,507,-1,273,507,274,-1,274,507,506,-1,274,506,276,-1,276,506,505,-1,276,505,278,-1,278,505,489,-1,278,489,279,-1,279,489,487,-1,279,487,258,-1,258,487,486,-1,258,486,257,-1,257,486,494,-1,257,494,255,-1,255,494,471,-1,255,471,280,-1,280,471,470,-1,280,470,281,-1,281,470,468,-1,281,468,269,-1,269,468,466,-1,269,466,249,-1,249,466,464,-1,101,593,102,-1,102,593,592,-1,102,592,103,-1,103,592,591,-1,103,591,95,-1,95,591,583,-1,95,583,96,-1,96,583,582,-1,96,582,117,-1,117,582,563,-1,117,563,118,-1,118,563,562,-1,118,562,119,-1,119,562,610,-1,119,610,107,-1,107,610,609,-1,107,609,106,-1,106,609,608,-1,106,608,104,-1,104,608,607,-1,104,607,108,-1,108,607,612,-1,108,612,109,-1,109,612,580,-1,109,580,111,-1,111,580,579,-1,111,579,112,-1,112,579,571,-1,112,571,113,-1,113,571,570,-1,113,570,114,-1,114,570,603,-1,114,603,116,-1,116,603,602,-1,116,602,120,-1,120,602,601,-1,120,601,121,-1,121,601,599,-1,121,599,123,-1,123,599,569,-1,123,569,100,-1,100,569,595,-1,100,595,99,-1,99,595,594,-1,99,594,97,-1,97,594,578,-1,97,578,101,-1,101,578,593,-1,309,530,310,-1,310,530,529,-1,310,529,300,-1,300,529,528,-1,300,528,301,-1,301,528,527,-1,301,527,302,-1,302,527,556,-1,302,556,311,-1,311,556,555,-1,311,555,312,-1,312,555,554,-1,312,554,313,-1,313,554,552,-1,313,552,314,-1,314,552,544,-1,314,544,286,-1,286,544,543,-1,286,543,287,-1,287,543,541,-1,287,541,291,-1,291,541,540,-1,291,540,292,-1,292,540,521,-1,292,521,294,-1,294,521,520,-1,294,520,321,-1,321,520,537,-1,321,537,322,-1,322,537,539,-1,322,539,290,-1,290,539,536,-1,290,536,318,-1,318,536,558,-1,318,558,303,-1,303,558,557,-1,303,557,304,-1,304,557,550,-1,304,550,305,-1,305,550,548,-1,305,548,306,-1,306,548,547,-1,306,547,307,-1,307,547,533,-1,307,533,308,-1,308,533,531,-1,308,531,309,-1,309,531,530,-1,149,439,174,-1,174,439,438,-1,174,438,196,-1,196,438,423,-1,196,423,197,-1,197,423,422,-1,197,422,198,-1,198,422,437,-1,198,437,162,-1,162,437,458,-1,162,458,163,-1,163,458,457,-1,163,457,164,-1,164,457,434,-1,164,434,166,-1,166,434,432,-1,166,432,167,-1,167,432,431,-1,167,431,199,-1,199,431,430,-1,199,430,200,-1,200,430,455,-1,200,455,168,-1,168,455,454,-1,168,454,169,-1,169,454,452,-1,169,452,153,-1,153,452,451,-1,153,451,177,-1,177,451,450,-1,177,450,155,-1,155,450,428,-1,155,428,156,-1,156,428,427,-1,156,427,207,-1,207,427,453,-1,207,453,208,-1,208,453,445,-1,208,445,210,-1,210,445,444,-1,210,444,212,-1,212,444,449,-1,212,449,213,-1,213,449,448,-1,213,448,148,-1,148,448,447,-1,148,447,149,-1,149,447,439,-1,327,128,618,-1,618,128,98,-1,620,139,346,-1,346,139,144,-1,630,629,366,-1,366,629,367,-1,704,229,785,-1,785,229,228,-1,246,285,786,-1,228,234,785,-1,785,234,787,-1,788,789,3,-1,246,786,244,-1,790,791,792,-1,793,794,787,-1,789,795,796,-1,797,798,799,-1,799,798,800,-1,799,800,801,-1,801,800,802,-1,801,802,803,-1,803,802,804,-1,805,806,807,-1,808,809,810,-1,810,809,793,-1,810,793,811,-1,811,793,812,-1,813,814,792,-1,814,815,792,-1,792,815,816,-1,792,816,817,-1,790,792,818,-1,791,819,820,-1,820,819,807,-1,820,807,821,-1,821,807,806,-1,794,822,787,-1,787,822,10,-1,787,10,11,-1,3,789,2,-1,791,820,792,-1,792,820,823,-1,792,823,787,-1,787,823,793,-1,793,823,824,-1,793,824,812,-1,808,810,795,-1,795,810,825,-1,795,825,796,-1,826,827,828,-1,829,830,792,-1,802,831,804,-1,804,831,832,-1,804,832,817,-1,817,832,833,-1,817,833,792,-1,792,833,834,-1,792,834,818,-1,835,836,837,-1,11,838,787,-1,787,838,839,-1,787,839,840,-1,840,841,787,-1,787,841,842,-1,787,842,785,-1,826,828,3,-1,3,828,843,-1,3,843,788,-1,844,845,846,-1,846,845,847,-1,846,847,848,-1,848,847,849,-1,850,851,852,-1,852,851,853,-1,852,853,854,-1,244,786,792,-1,792,786,855,-1,792,855,829,-1,830,856,792,-1,792,856,857,-1,792,857,813,-1,807,858,805,-1,805,858,835,-1,805,835,859,-1,859,835,837,-1,796,860,789,-1,789,860,861,-1,789,861,2,-1,2,861,862,-1,2,862,863,-1,850,864,851,-1,851,864,797,-1,851,797,847,-1,847,797,799,-1,847,799,849,-1,865,866,867,-1,867,866,2,-1,867,2,868,-1,868,2,863,-1,786,285,700,-1,700,285,317,-1,740,739,813,-1,813,739,814,-1,510,283,508,-1,508,283,282,-1,508,282,524,-1,545,245,542,-1,542,245,244,-1,792,701,244,-1,244,701,699,-1,244,699,869,-1,870,871,244,-1,244,871,872,-1,244,872,542,-1,869,873,244,-1,244,873,874,-1,244,874,870,-1,701,792,703,-1,703,792,787,-1,703,787,702,-1,702,787,234,-1,702,234,875,-1,875,234,876,-1,233,499,234,-1,234,499,500,-1,234,500,877,-1,877,878,234,-1,234,878,879,-1,234,879,876,-1,587,219,442,-1,442,219,222,-1,442,222,426,-1,411,175,412,-1,412,175,176,-1,412,176,880,-1,880,176,881,-1,619,328,176,-1,176,328,345,-1,176,345,882,-1,882,883,176,-1,176,883,884,-1,176,884,881,-1,326,328,617,-1,617,328,619,-1,326,617,325,-1,325,617,93,-1,325,93,885,-1,885,93,886,-1,92,590,93,-1,93,590,606,-1,93,606,887,-1,887,888,93,-1,93,888,889,-1,93,889,886,-1,57,613,59,-1,59,613,575,-1,59,575,61,-1,61,575,574,-1,61,574,63,-1,63,574,573,-1,63,573,65,-1,65,573,566,-1,65,566,67,-1,67,566,589,-1,67,589,69,-1,69,589,588,-1,69,588,71,-1,71,588,586,-1,71,586,73,-1,73,586,75,-1,75,586,585,-1,75,585,77,-1,585,443,77,-1,77,443,441,-1,77,441,79,-1,79,441,440,-1,79,440,81,-1,81,440,425,-1,81,425,83,-1,83,425,424,-1,83,424,85,-1,85,424,421,-1,85,421,87,-1,87,421,419,-1,87,419,89,-1,89,419,418,-1,89,418,91,-1,91,418,416,-1,91,416,17,-1,17,416,415,-1,17,415,19,-1,415,483,19,-1,19,483,463,-1,19,463,21,-1,21,463,465,-1,21,465,23,-1,23,465,467,-1,23,467,25,-1,25,467,469,-1,25,469,27,-1,27,469,492,-1,27,492,29,-1,29,492,512,-1,29,512,31,-1,31,512,511,-1,31,511,33,-1,33,511,509,-1,33,509,35,-1,35,509,526,-1,35,526,37,-1,37,526,525,-1,37,525,39,-1,39,525,523,-1,39,523,41,-1,41,523,522,-1,41,522,43,-1,43,522,513,-1,43,513,45,-1,45,513,515,-1,45,515,47,-1,47,515,517,-1,47,517,49,-1,49,517,518,-1,49,518,51,-1,51,518,605,-1,51,605,53,-1,53,605,604,-1,53,604,55,-1,55,604,581,-1,55,581,57,-1,57,581,614,-1,57,614,613,-1,890,891,892,-1,892,891,893,-1,892,893,894,-1,894,893,895,-1,894,895,896,-1,895,897,896,-1,896,897,898,-1,896,898,899,-1,899,898,900,-1,899,900,901,-1,901,900,902,-1,901,902,903,-1,903,902,904,-1,903,904,905,-1,905,904,906,-1,905,906,907,-1,907,906,908,-1,907,908,909,-1,909,908,910,-1,909,910,911,-1,911,910,912,-1,911,912,913,-1,913,912,914,-1,913,914,915,-1,915,914,916,-1,915,916,917,-1,917,916,918,-1,917,918,919,-1,919,918,920,-1,919,920,921,-1,921,920,922,-1,921,922,923,-1,923,922,924,-1,923,924,925,-1,925,924,926,-1,925,926,927,-1,927,926,928,-1,927,928,929,-1,929,928,930,-1,929,930,931,-1,931,930,932,-1,931,932,933,-1,933,932,934,-1,933,934,935,-1,935,934,936,-1,935,936,937,-1,937,936,938,-1,937,938,939,-1,939,938,940,-1,939,940,941,-1,941,940,942,-1,941,942,943,-1,943,942,944,-1,943,944,945,-1,945,944,946,-1,945,946,947,-1,947,946,948,-1,947,948,949,-1,949,948,950,-1,949,950,951,-1,951,950,952,-1,951,952,953,-1,953,952,954,-1,953,954,955,-1,955,954,956,-1,955,956,957,-1,957,956,958,-1,957,958,959,-1,959,958,960,-1,959,960,961,-1,961,960,962,-1,961,962,890,-1,890,962,963,-1,890,963,891,-1,898,897,74,-1,74,897,72,-1,897,895,72,-1,72,895,893,-1,72,893,70,-1,70,893,891,-1,70,891,68,-1,68,891,963,-1,68,963,66,-1,66,963,962,-1,66,962,64,-1,64,962,960,-1,64,960,62,-1,62,960,958,-1,62,958,60,-1,60,958,956,-1,60,956,58,-1,58,956,954,-1,58,954,56,-1,56,954,952,-1,56,952,54,-1,54,952,950,-1,54,950,52,-1,52,950,948,-1,52,948,50,-1,50,948,946,-1,50,946,48,-1,48,946,944,-1,48,944,46,-1,46,944,942,-1,46,942,44,-1,44,942,940,-1,44,940,42,-1,42,940,938,-1,42,938,40,-1,40,938,936,-1,40,936,38,-1,38,936,934,-1,38,934,36,-1,36,934,932,-1,36,932,34,-1,34,932,930,-1,34,930,32,-1,32,930,928,-1,32,928,30,-1,30,928,926,-1,30,926,28,-1,28,926,924,-1,28,924,26,-1,26,924,922,-1,26,922,24,-1,24,922,920,-1,24,920,22,-1,22,920,918,-1,22,918,20,-1,20,918,916,-1,20,916,18,-1,18,916,914,-1,18,914,16,-1,16,914,912,-1,16,912,90,-1,90,912,910,-1,90,910,88,-1,88,910,908,-1,88,908,86,-1,86,908,906,-1,86,906,84,-1,84,906,904,-1,84,904,82,-1,82,904,902,-1,82,902,80,-1,80,902,900,-1,80,900,78,-1,78,900,898,-1,78,898,76,-1,76,898,74,-1,933,184,931,-1,931,184,206,-1,931,206,929,-1,929,206,205,-1,929,205,927,-1,927,205,204,-1,927,204,925,-1,925,204,201,-1,925,201,923,-1,923,201,202,-1,923,202,921,-1,921,202,203,-1,921,203,919,-1,919,203,216,-1,919,216,917,-1,917,216,215,-1,917,215,915,-1,915,215,214,-1,915,214,913,-1,913,214,170,-1,913,170,911,-1,911,170,171,-1,911,171,909,-1,909,171,152,-1,909,152,907,-1,907,152,151,-1,907,151,905,-1,905,151,157,-1,905,157,903,-1,903,157,227,-1,903,227,901,-1,901,227,226,-1,901,226,899,-1,899,226,225,-1,899,225,896,-1,896,225,221,-1,896,221,894,-1,894,221,220,-1,894,220,892,-1,892,220,218,-1,892,218,890,-1,890,218,217,-1,890,217,961,-1,961,217,178,-1,961,178,959,-1,959,178,180,-1,959,180,957,-1,957,180,182,-1,957,182,955,-1,955,182,183,-1,955,183,953,-1,953,183,192,-1,953,192,951,-1,951,192,191,-1,951,191,949,-1,949,191,190,-1,949,190,947,-1,947,190,189,-1,947,189,945,-1,945,189,188,-1,945,188,943,-1,943,188,187,-1,943,187,941,-1,941,187,224,-1,941,224,939,-1,939,224,223,-1,939,223,937,-1,937,223,186,-1,937,186,935,-1,935,186,185,-1,935,185,933,-1,933,185,184,-1,498,503,240,-1,240,503,243,-1,145,147,413,-1,413,147,461,-1,964,965,870,-1,966,542,967,-1,967,542,872,-1,967,872,968,-1,966,969,542,-1,542,969,970,-1,542,970,519,-1,870,965,871,-1,965,971,871,-1,871,971,972,-1,871,972,872,-1,872,972,973,-1,872,973,968,-1,964,870,974,-1,974,870,874,-1,974,874,975,-1,975,874,873,-1,975,873,976,-1,976,873,869,-1,976,869,977,-1,977,869,699,-1,977,699,317,-1,229,702,978,-1,978,702,875,-1,978,875,979,-1,979,875,980,-1,980,875,876,-1,980,876,981,-1,981,876,982,-1,982,876,879,-1,982,879,983,-1,984,985,877,-1,877,985,986,-1,877,986,878,-1,878,986,987,-1,878,987,879,-1,879,987,988,-1,879,988,983,-1,500,498,989,-1,500,989,877,-1,877,989,990,-1,877,990,984,-1,128,325,991,-1,991,325,885,-1,991,885,992,-1,992,885,993,-1,993,885,886,-1,993,886,994,-1,994,886,995,-1,995,886,889,-1,995,889,996,-1,997,998,887,-1,887,998,999,-1,887,999,888,-1,888,999,1000,-1,888,1000,889,-1,889,1000,1001,-1,889,1001,996,-1,606,577,1002,-1,606,1002,887,-1,887,1002,1003,-1,887,1003,997,-1,413,412,1004,-1,1004,412,1005,-1,880,881,1006,-1,1006,1007,880,-1,880,1007,1008,-1,880,1008,412,-1,412,1008,1009,-1,412,1009,1005,-1,884,883,1010,-1,1010,1011,884,-1,884,1011,1012,-1,884,1012,881,-1,881,1012,1013,-1,881,1013,1006,-1,882,345,144,-1,144,1014,882,-1,882,1014,1015,-1,882,1015,883,-1,883,1015,1016,-1,883,1016,1010,-1,461,147,173,-1,461,173,456,-1,456,173,161,-1,456,161,435,-1,435,161,160,-1,435,160,436,-1,436,160,159,-1,436,159,460,-1,460,159,172,-1,460,172,459,-1,459,172,146,-1,459,146,433,-1,478,242,241,-1,478,241,476,-1,476,241,267,-1,476,267,472,-1,472,267,268,-1,472,268,473,-1,473,268,266,-1,473,266,475,-1,475,266,265,-1,475,265,504,-1,504,265,243,-1,504,243,503,-1,115,600,532,-1,115,532,110,-1,110,532,549,-1,110,549,319,-1,627,628,362,-1,362,628,364,-1,653,664,388,-1,388,664,389,-1,647,616,344,-1,344,616,343,-1,741,759,801,-1,801,759,799,-1,776,772,847,-1,847,772,851,-1,710,708,789,-1,789,708,795,-1,1017,1018,1019,-1,1019,1018,1020,-1,1021,1022,1023,-1,1023,1022,1024,-1,1023,1025,1026,-1,1025,1023,1027,-1,1027,1023,1024,-1,1027,1024,1028,-1,1026,1029,1023,-1,1023,1029,1030,-1,1023,1030,1031,-1,1031,1030,1032,-1,1024,1033,1028,-1,1028,1033,1034,-1,1028,1034,1035,-1,1035,1034,1036,-1,1037,1038,1027,-1,1027,1038,1025,-1,1039,1040,1041,-1,1041,1040,1042,-1,1041,1042,1038,-1,1043,1044,1045,-1,1046,1047,1048,-1,1048,1047,1049,-1,1038,1037,1041,-1,1041,1037,1049,-1,1041,1049,1050,-1,1050,1049,1047,-1,1042,1051,1038,-1,1038,1051,1043,-1,1038,1043,1052,-1,1052,1043,1045,-1,1053,1054,1055,-1,1055,1054,1056,-1,1023,1042,1021,-1,1021,1042,1040,-1,1021,1040,1057,-1,1057,1040,1058,-1,1057,1058,1059,-1,1059,1058,1060,-1,1059,1060,1017,-1,1017,1060,1055,-1,1017,1055,1018,-1,1018,1055,1056,-1,1018,1056,380,-1,380,1056,671,-1,380,671,387,-1,387,671,670,-1,378,676,379,-1,379,676,672,-1,379,672,1020,-1,1020,672,1054,-1,1020,1054,1019,-1,1019,1054,1053,-1,1019,1053,1061,-1,1061,1053,1062,-1,1061,1062,1063,-1,1063,1062,1064,-1,1063,1064,1022,-1,1022,1064,1039,-1,1022,1039,1024,-1,1024,1039,1041,-1,1065,1066,1067,-1,1067,1066,1068,-1,1069,1070,1071,-1,1071,1070,1072,-1,1073,1074,1075,-1,1076,1077,1072,-1,1072,1077,1078,-1,1072,1078,1071,-1,1071,1078,1079,-1,1071,1079,1080,-1,1073,1075,1079,-1,1079,1075,1081,-1,1079,1081,1080,-1,1082,1083,1076,-1,1076,1083,1084,-1,1076,1084,1077,-1,1085,1086,1078,-1,1078,1086,1079,-1,1087,1086,1088,-1,1088,1086,1089,-1,1088,1089,1090,-1,1090,1089,1091,-1,1092,1093,1094,-1,1095,1096,1097,-1,1086,1085,1089,-1,1089,1085,1098,-1,1089,1098,1094,-1,1094,1098,1099,-1,1094,1099,1092,-1,1087,1088,1097,-1,1097,1088,1100,-1,1097,1100,1095,-1,1101,1102,1103,-1,1103,1102,1104,-1,764,859,762,-1,762,859,837,-1,762,837,1104,-1,1104,837,1066,-1,1104,1066,1103,-1,1103,1066,1065,-1,1103,1065,1105,-1,1105,1065,1106,-1,1105,1106,1107,-1,1107,1106,1108,-1,1107,1108,1090,-1,1090,1108,1069,-1,1090,1069,1088,-1,1088,1069,1071,-1,1089,1072,1091,-1,1091,1072,1070,-1,1091,1070,1109,-1,1109,1070,1110,-1,1109,1110,1111,-1,1111,1110,1112,-1,1111,1112,1101,-1,1101,1112,1067,-1,1101,1067,1102,-1,1102,1067,1068,-1,1102,1068,763,-1,763,1068,836,-1,763,836,765,-1,765,836,835,-1,773,761,797,-1,797,761,798,-1,731,756,834,-1,834,756,818,-1,711,733,861,-1,861,733,862,-1,736,735,824,-1,824,735,812,-1,673,660,377,-1,377,660,352,-1,692,691,392,-1,392,691,393,-1,656,655,360,-1,360,655,337,-1,624,652,400,-1,400,652,401,-1,1085,1078,1077,-1,1085,1077,1098,-1,1098,1077,1084,-1,1098,1084,1099,-1,1099,1084,1083,-1,1099,1083,1092,-1,1092,1083,1082,-1,1092,1082,1093,-1,1093,1082,1076,-1,1093,1076,1094,-1,1094,1076,1072,-1,1094,1072,1089,-1,1079,1086,1087,-1,1079,1087,1073,-1,1073,1087,1097,-1,1073,1097,1074,-1,1074,1097,1096,-1,1074,1096,1075,-1,1075,1096,1095,-1,1075,1095,1081,-1,1081,1095,1100,-1,1081,1100,1080,-1,1080,1100,1088,-1,1080,1088,1071,-1,1024,1041,1050,-1,1024,1050,1033,-1,1033,1050,1047,-1,1033,1047,1034,-1,1034,1047,1046,-1,1034,1046,1036,-1,1036,1046,1048,-1,1036,1048,1035,-1,1035,1048,1049,-1,1035,1049,1028,-1,1028,1049,1037,-1,1028,1037,1027,-1,1042,1023,1031,-1,1042,1031,1051,-1,1051,1031,1032,-1,1051,1032,1043,-1,1043,1032,1030,-1,1043,1030,1044,-1,1044,1030,1029,-1,1044,1029,1045,-1,1045,1029,1026,-1,1045,1026,1052,-1,1052,1026,1025,-1,1052,1025,1038,-1,1020,1018,379,-1,379,1018,380,-1,1054,672,1056,-1,1056,672,671,-1,836,1068,837,-1,837,1068,1066,-1,763,762,1102,-1,1102,762,1104,-1,1070,1069,1110,-1,1110,1069,1108,-1,1110,1108,1112,-1,1112,1108,1106,-1,1112,1106,1067,-1,1067,1106,1065,-1,1090,1091,1109,-1,1090,1109,1107,-1,1107,1109,1111,-1,1107,1111,1105,-1,1105,1111,1101,-1,1105,1101,1103,-1,1053,1055,1062,-1,1062,1055,1060,-1,1062,1060,1064,-1,1064,1060,1058,-1,1064,1058,1039,-1,1039,1058,1040,-1,1017,1019,1061,-1,1017,1061,1059,-1,1059,1061,1063,-1,1059,1063,1057,-1,1057,1063,1022,-1,1057,1022,1021,-1,293,295,519,-1,519,295,538,-1,577,576,134,-1,134,576,135,-1,538,295,323,-1,538,323,561,-1,561,323,324,-1,561,324,534,-1,534,324,289,-1,534,289,535,-1,535,289,288,-1,535,288,560,-1,560,288,320,-1,560,320,559,-1,559,320,319,-1,559,319,549,-1,600,115,122,-1,600,122,598,-1,598,122,133,-1,598,133,567,-1,567,133,132,-1,567,132,568,-1,568,132,131,-1,568,131,597,-1,597,131,136,-1,597,136,596,-1,596,136,135,-1,596,135,576,-1,977,317,316,-1,977,316,976,-1,965,964,315,-1,315,964,974,-1,315,974,316,-1,316,974,975,-1,316,975,976,-1,299,972,315,-1,315,972,971,-1,315,971,965,-1,966,967,299,-1,967,968,299,-1,299,968,973,-1,299,973,972,-1,299,298,966,-1,966,298,297,-1,966,297,969,-1,969,297,296,-1,969,296,970,-1,970,296,293,-1,970,293,519,-1,524,282,514,-1,514,282,261,-1,514,261,516,-1,516,261,260,-1,516,260,553,-1,553,260,259,-1,553,259,551,-1,551,259,248,-1,551,248,546,-1,546,248,247,-1,546,247,545,-1,545,247,245,-1,283,510,284,-1,284,510,493,-1,284,493,256,-1,256,493,488,-1,256,488,277,-1,277,488,490,-1,277,490,275,-1,275,490,491,-1,275,491,232,-1,232,491,497,-1,232,497,233,-1,233,497,499,-1,498,240,239,-1,498,239,989,-1,989,239,238,-1,989,238,990,-1,990,238,237,-1,990,237,984,-1,984,237,985,-1,985,237,236,-1,985,236,986,-1,986,236,987,-1,987,236,235,-1,987,235,988,-1,229,978,230,-1,230,978,979,-1,230,979,980,-1,980,981,230,-1,230,981,982,-1,230,982,235,-1,235,982,983,-1,235,983,988,-1,1014,144,143,-1,1014,143,1015,-1,1011,1010,143,-1,143,1010,1016,-1,143,1016,1015,-1,1011,143,1012,-1,1012,143,142,-1,1012,142,1013,-1,1013,142,1006,-1,1006,142,141,-1,1006,141,1007,-1,1007,141,1008,-1,1008,141,140,-1,1008,140,1009,-1,1009,140,138,-1,1009,138,1005,-1,1005,138,137,-1,1005,137,1004,-1,1004,137,145,-1,1004,145,413,-1,426,222,420,-1,420,222,158,-1,420,158,429,-1,429,158,154,-1,429,154,446,-1,446,154,209,-1,446,209,462,-1,462,209,211,-1,462,211,417,-1,417,211,150,-1,417,150,411,-1,411,150,175,-1,219,587,179,-1,179,587,565,-1,179,565,181,-1,181,565,564,-1,181,564,193,-1,193,564,572,-1,193,572,194,-1,194,572,611,-1,194,611,195,-1,195,611,584,-1,195,584,92,-1,92,584,590,-1,577,134,127,-1,577,127,1002,-1,1002,127,126,-1,1002,126,1003,-1,1003,126,125,-1,1003,125,997,-1,997,125,998,-1,998,125,124,-1,998,124,999,-1,999,124,1000,-1,1000,124,130,-1,1000,130,1001,-1,128,991,129,-1,129,991,992,-1,129,992,993,-1,993,994,129,-1,129,994,995,-1,129,995,130,-1,130,995,996,-1,130,996,1001,-1,12,14,399,-1,12,399,685,-1,685,399,398,-1,685,398,686,-1,686,398,397,-1,686,397,687,-1,687,397,396,-1,687,396,688,-1,688,396,395,-1,688,395,689,-1,689,395,327,-1,689,327,618,-1,15,13,349,-1,349,13,661,-1,349,661,350,-1,350,661,658,-1,350,658,351,-1,351,658,638,-1,351,638,336,-1,336,638,637,-1,336,637,394,-1,394,637,646,-1,394,646,344,-1,344,646,647,-1,4,6,371,-1,4,371,682,-1,682,371,370,-1,682,370,683,-1,683,370,369,-1,683,369,684,-1,684,369,342,-1,684,342,698,-1,698,342,341,-1,698,341,615,-1,615,341,343,-1,615,343,616,-1,7,5,695,-1,7,695,384,-1,384,695,694,-1,384,694,385,-1,385,694,696,-1,385,696,383,-1,383,696,697,-1,383,697,382,-1,382,697,693,-1,382,693,391,-1,391,693,692,-1,391,692,392,-1,393,691,334,-1,334,691,690,-1,334,690,335,-1,335,690,648,-1,335,648,374,-1,374,648,675,-1,374,675,375,-1,375,675,639,-1,375,639,376,-1,376,639,674,-1,376,674,377,-1,377,674,673,-1,352,660,331,-1,331,660,659,-1,331,659,332,-1,332,659,681,-1,332,681,355,-1,355,681,680,-1,355,680,353,-1,353,680,679,-1,353,679,386,-1,386,679,677,-1,386,677,378,-1,378,677,676,-1,656,360,657,-1,657,360,359,-1,657,359,636,-1,636,359,358,-1,636,358,635,-1,635,358,357,-1,635,357,634,-1,634,357,356,-1,634,356,678,-1,678,356,354,-1,678,354,670,-1,670,354,387,-1,337,655,338,-1,338,655,645,-1,338,645,339,-1,339,645,644,-1,339,644,365,-1,365,644,643,-1,365,643,363,-1,363,643,622,-1,363,622,361,-1,361,622,621,-1,361,621,400,-1,400,621,624,-1,401,652,654,-1,401,654,402,-1,402,654,662,-1,402,662,407,-1,407,662,651,-1,407,651,408,-1,408,651,650,-1,408,650,410,-1,410,650,649,-1,410,649,409,-1,409,649,653,-1,409,653,388,-1,627,362,404,-1,627,404,625,-1,625,404,403,-1,625,403,626,-1,626,403,405,-1,626,405,640,-1,640,405,406,-1,640,406,641,-1,641,406,390,-1,641,390,642,-1,642,390,389,-1,642,389,664,-1,364,628,381,-1,381,628,663,-1,381,663,340,-1,340,663,623,-1,340,623,333,-1,333,623,633,-1,333,633,329,-1,329,633,632,-1,329,632,330,-1,330,632,631,-1,330,631,366,-1,366,631,630,-1,367,629,669,-1,367,669,368,-1,368,669,668,-1,368,668,372,-1,372,668,667,-1,372,667,373,-1,373,667,666,-1,373,666,348,-1,348,666,665,-1,348,665,347,-1,347,665,620,-1,347,620,346,-1,740,813,857,-1,740,857,767,-1,767,857,856,-1,767,856,768,-1,768,856,830,-1,768,830,769,-1,769,830,829,-1,769,829,770,-1,770,829,855,-1,770,855,771,-1,771,855,786,-1,771,786,700,-1,814,739,815,-1,815,739,738,-1,815,738,816,-1,816,738,724,-1,816,724,817,-1,817,724,723,-1,817,723,804,-1,804,723,743,-1,804,743,803,-1,803,743,742,-1,803,742,801,-1,801,742,741,-1,799,759,784,-1,799,784,849,-1,849,784,775,-1,849,775,848,-1,848,775,777,-1,848,777,846,-1,846,777,779,-1,846,779,844,-1,844,779,778,-1,844,778,845,-1,845,778,776,-1,845,776,847,-1,773,797,864,-1,773,864,774,-1,774,864,850,-1,774,850,783,-1,783,850,852,-1,783,852,782,-1,782,852,854,-1,782,854,780,-1,780,854,853,-1,780,853,781,-1,781,853,851,-1,781,851,772,-1,798,761,800,-1,800,761,760,-1,800,760,802,-1,802,760,758,-1,802,758,831,-1,831,758,757,-1,831,757,832,-1,832,757,722,-1,832,722,833,-1,833,722,721,-1,833,721,834,-1,834,721,731,-1,765,835,766,-1,766,835,858,-1,766,858,718,-1,718,858,807,-1,718,807,728,-1,728,807,819,-1,728,819,754,-1,754,819,791,-1,754,791,755,-1,755,791,790,-1,755,790,756,-1,756,790,818,-1,859,764,805,-1,805,764,720,-1,805,720,806,-1,806,720,719,-1,806,719,821,-1,821,719,729,-1,821,729,820,-1,820,729,730,-1,820,730,823,-1,823,730,737,-1,823,737,824,-1,824,737,736,-1,812,735,811,-1,811,735,717,-1,811,717,810,-1,810,717,716,-1,810,716,825,-1,825,716,715,-1,825,715,796,-1,796,715,707,-1,796,707,860,-1,860,707,709,-1,860,709,861,-1,861,709,711,-1,0,2,866,-1,0,866,725,-1,725,866,865,-1,725,865,726,-1,726,865,867,-1,726,867,727,-1,727,867,868,-1,727,868,748,-1,748,868,863,-1,748,863,732,-1,732,863,862,-1,732,862,733,-1,3,1,746,-1,3,746,826,-1,826,746,747,-1,826,747,827,-1,827,747,745,-1,827,745,828,-1,828,745,744,-1,828,744,843,-1,843,744,734,-1,843,734,788,-1,788,734,710,-1,788,710,789,-1,795,708,808,-1,808,708,706,-1,808,706,809,-1,809,706,705,-1,809,705,793,-1,793,705,714,-1,793,714,794,-1,794,714,713,-1,794,713,822,-1,822,713,712,-1,822,712,10,-1,10,712,8,-1,11,9,753,-1,11,753,838,-1,838,753,752,-1,838,752,839,-1,839,752,751,-1,839,751,840,-1,840,751,750,-1,840,750,841,-1,841,750,749,-1,841,749,842,-1,842,749,704,-1,842,704,785,-1,
        ]
    }
}