#VRML V2.0 utf8
# 3D model generated by kicad-lcsc-manager
# Based on easyeda2kicad.py v1.0.1

Shape{
    appearance Appearance {
        material  Material {
            diffuseColor 0.8509803921568627 0.8509803921568627 0.8509803921568627
            specularColor 0.4235294117647059 0.4235294117647059 0.4235294117647059
            ambientIntensity 0.851
            transparency 0.0
            shininess 0.5
        }
    }
    geometry IndexedFaceSet {
        ccw TRUE
        solid FALSE
        coord DEF co Coordinate {
            point [
                2.2943 0.4107 5.2562, 2.2843 0.4154 5.2562, 2.2829 0.4119 5.295, 2.1903 0.4459 5.2562, 2.1372 0.4586 5.2562, 2.1365 0.4548 5.295, 2.0823 0.4659 5.2562, 2.0611 0.4687 5.2562, 2.0608 0.4649 5.295, 1.9725 0.4701 5.2562, 1.9079 0.4655 5.2562, 1.9083 0.4617 5.295, 1.7569 0.4308 5.2562, 1.6871 0.4031 5.2562, 1.6887 0.3996 5.295, 1.6561 0.387 5.2562, 1.619 0.3677 5.2562, 1.6209 0.3644 5.295, 1.562 0.3302 5.2562, 1.5548 0.3255 5.2562, 1.5571 0.3224 5.295, 1.4779 0.2596 5.2562, 1.4411 0.2228 5.2562, 1.4439 0.2202 5.295, 1.4045 0.1779 5.2562, 1.3926 0.1633 5.2562, 1.3957 0.161 5.295, 1.3438 0.0864 5.2562, 1.315 0.031 5.2562, 1.3185 0.0295 5.295, 1.2652 -0.1182 5.2562, 1.2526 -0.1897 5.2562, 1.2564 -0.1902 5.295, 1.2499 -0.227 5.2562, 1.2471 -0.2663 5.2562, 1.2509 -0.2664 5.295, 1.2492 -0.3369 5.2562, 1.2494 -0.343 5.2562, 1.2532 -0.3427 5.295, 1.2658 -0.4454 5.2562, 1.2774 -0.4937 5.2562, 1.281 -0.4927 5.295, 1.2973 -0.5507 5.2562, 1.3027 -0.5662 5.2562, 1.3062 -0.5647 5.295, 1.4519 -0.6073 5.4367, 1.4571 -0.6021 5.4395, 1.4435 -0.5781 5.4397, 1.5128 -0.5464 5.4549, 1.5106 -0.5424 5.4549, 1.5021 -0.557 5.4543, 1.4764 -0.5606 5.451, 1.4652 -0.594 5.444, 1.4833 -0.5758 5.4508, 1.4843 -0.5749 5.451, 1.4354 -0.6238 5.4244, 1.4132 -0.5942 5.4214, 1.4321 -0.6271 5.4212, 1.4203 -0.6389 5.4094, 1.3866 -0.6084 5.3967, 1.4104 -0.6488 5.3971, 1.398 -0.6612 5.3778, 1.3648 -0.62 5.3666, 1.3924 -0.6668 5.3664, 1.3876 -0.6716 5.3566, 1.3486 -0.6286 5.3322, 1.382 -0.6772 5.3418, 1.3386 -0.6339 5.295, 1.375 -0.6842 5.3179, 1.3791 -0.68 5.3321, 1.3352 -0.6357 5.2562, 1.3438 -0.6502 5.2562, 1.3679 -0.6913 5.2562, 1.3688 -0.6904 5.2779, 1.3704 -0.6888 5.2931, 1.3708 -0.6884 5.2949, 2.4081 0.349 5.282, 2.4094 0.3502 5.2562, 2.392 0.3604 5.2562, 2.3538 0.3829 5.2562, 2.352 0.3795 5.295, 2.4063 0.3471 5.2949, 2.3467 0.3695 5.3322, 2.4016 0.3424 5.3207, 2.4046 0.3454 5.3072, 2.3381 0.3533 5.3666, 2.3944 0.3352 5.3446, 2.3981 0.339 5.3321, 2.3265 0.3315 5.3967, 2.3791 0.32 5.378, 2.385 0.3259 5.3668, 2.3123 0.3049 5.4214, 2.3453 0.2861 5.4213, 2.3526 0.2934 5.4143, 2.3667 0.3075 5.3974, 2.3672 0.308 5.3966, 2.3105 0.2513 5.4447, 2.3202 0.261 5.4394, 2.2962 0.2746 5.4397, 2.328 0.2688 5.435, 2.3444 0.2853 5.4222, 2.2787 0.2417 5.451, 2.2605 0.2075 5.4549, 2.2645 0.2054 5.4549, 2.2818 0.2227 5.4535, 2.293 0.2338 5.4506, 2.3006 0.2414 5.4487, 1.4749 -0.104 5.4549, 1.4957 -0.0515 5.4549, 1.4382 -0.0916 5.451, 1.4605 -0.0354 5.451, 1.4029 -0.0796 5.4397, 1.4266 -0.0199 5.4397, 1.3704 -0.0686 5.4214, 1.3953 -0.0056 5.4214, 1.3419 -0.059 5.3967, 1.368 0.0069 5.3967, 1.3185 -0.051 5.3666, 1.3455 0.0171 5.3666, 1.3011 -0.0452 5.3322, 1.3288 0.0248 5.3322, 1.2904 -0.0415 5.295, 1.8765 0.2586 5.4549, 1.9322 0.2684 5.4549, 1.8679 0.2964 5.451, 1.9274 0.3068 5.451, 1.8596 0.3327 5.4397, 1.9229 0.3438 5.4397, 1.8519 0.3662 5.4214, 1.9187 0.3779 5.4214, 1.8452 0.3955 5.3967, 1.915 0.4078 5.3967, 1.8397 0.4196 5.3666, 1.912 0.4323 5.3666, 1.8356 0.4375 5.3322, 1.9097 0.4505 5.3322, 1.8331 0.4485 5.295, 1.4866 -0.4912 5.4549, 1.4507 -0.5058 5.451, 1.4162 -0.5199 5.4397, 1.3844 -0.5329 5.4214, 1.3565 -0.5442 5.3967, 1.3337 -0.5536 5.3666, 1.3167 -0.5605 5.3322, 1.2919 -0.4895 5.3322, 1.3095 -0.4843 5.3666, 1.3332 -0.4774 5.3967, 1.3621 -0.4689 5.4214, 1.395 -0.4592 5.4397, 1.4308 -0.4488 5.451, 1.468 -0.4379 5.4549, 1.2595 -0.4191 5.2562, 1.2633 -0.4184 5.295, 1.2744 -0.4163 5.3322, 1.2925 -0.413 5.3666, 1.3168 -0.4085 5.3967, 1.3464 -0.403 5.4214, 1.3801 -0.3967 5.4397, 1.4168 -0.39 5.451, 1.4549 -0.3829 5.4549, 1.4474 -0.3269 5.4549, 1.4088 -0.33 5.451, 1.3716 -0.3331 5.4397, 1.3374 -0.3358 5.4214, 1.3074 -0.3383 5.3967, 1.2828 -0.3403 5.3666, 1.2645 -0.3418 5.3322, 1.2622 -0.2666 5.3322, 1.2806 -0.267 5.3666, 1.3053 -0.2675 5.3967, 1.3354 -0.2681 5.4214, 1.3697 -0.2688 5.4397, 1.407 -0.2696 5.451, 1.4457 -0.2704 5.4549, 1.2676 -0.1916 5.3322, 1.2858 -0.1938 5.3666, 1.3103 -0.1969 5.3967, 1.3402 -0.2005 5.4214, 1.3743 -0.2048 5.4397, 1.4113 -0.2093 5.451, 1.4497 -0.2141 5.4549, 1.2659 -0.1142 5.2562, 1.2696 -0.115 5.295, 1.2806 -0.1175 5.3322, 1.2985 -0.1216 5.3666, 1.3226 -0.1271 5.3967, 1.3519 -0.1338 5.4214, 1.3854 -0.1415 5.4397, 1.4217 -0.1498 5.451, 1.4595 -0.1584 5.4549, 1.2868 -0.0403 5.2562, 1.2975 -0.0132 5.2562, 1.3505 0.0991 5.2562, 1.3537 0.0972 5.295, 1.3635 0.0915 5.3322, 1.3793 0.0822 5.3666, 1.4006 0.0697 5.3967, 1.4266 0.0545 5.4214, 1.4562 0.0371 5.4397, 1.4884 0.0182 5.451, 1.5218 -0.0014 5.4549, 1.5528 0.0458 5.4549, 1.5216 0.0688 5.451, 1.4915 0.0908 5.4397, 1.4638 0.1111 5.4214, 1.4395 0.1289 5.3967, 1.4196 0.1435 5.3666, 1.4048 0.1543 5.3322, 1.4523 0.2126 5.3322, 1.4659 0.2003 5.3666, 1.4843 0.1838 5.3967, 1.5066 0.1636 5.4214, 1.5321 0.1406 5.4397, 1.5597 0.1156 5.451, 1.5885 0.0897 5.4549, 1.4953 0.277 5.2562, 1.4979 0.2742 5.295, 1.5055 0.2658 5.3322, 1.5178 0.2522 5.3666, 1.5343 0.2339 5.3967, 1.5545 0.2115 5.4214, 1.5775 0.186 5.4397, 1.6025 0.1584 5.451, 1.6285 0.1296 5.4549, 1.6723 0.1653 5.4549, 1.6494 0.1965 5.451, 1.6273 0.2266 5.4397, 1.607 0.2543 5.4214, 1.5892 0.2786 5.3967, 1.5746 0.2985 5.3666, 1.5638 0.3133 5.3322, 1.6266 0.3546 5.3322, 1.6359 0.3388 5.3666, 1.6484 0.3175 5.3967, 1.6636 0.2915 5.4214, 1.681 0.2619 5.4397, 1.6999 0.2298 5.451, 1.7195 0.1963 5.4549, 1.6934 0.3893 5.3322, 1.701 0.3726 5.3666, 1.7112 0.3501 5.3967, 1.7238 0.3228 5.4214, 1.738 0.2915 5.4397, 1.7535 0.2576 5.451, 1.7696 0.2224 5.4549, 1.7584 0.4314 5.2562, 1.7596 0.4277 5.295, 1.7633 0.417 5.3322, 1.7692 0.3997 5.3666, 1.7771 0.3763 5.3967, 1.7867 0.3477 5.4214, 1.7978 0.3152 5.4397, 1.8097 0.2799 5.451, 1.8221 0.2432 5.4549, 1.8323 0.4522 5.2562, 1.8634 0.4577 5.2562, 1.9844 0.471 5.2562, 1.9845 0.4672 5.295, 1.9847 0.4559 5.3322, 1.9851 0.4375 5.3666, 1.9856 0.4128 5.3967, 1.9862 0.3827 5.4214, 1.9869 0.3484 5.4397, 1.9877 0.3112 5.451, 1.9885 0.2724 5.4549, 2.045 0.2707 5.4549, 2.0481 0.3093 5.451, 2.0512 0.3465 5.4397, 2.054 0.3807 5.4214, 2.0564 0.4107 5.3967, 2.0584 0.4353 5.3666, 2.0599 0.4536 5.3322, 2.1344 0.4437 5.3322, 2.1311 0.4256 5.3666, 2.1266 0.4014 5.3967, 2.1211 0.3718 5.4214, 2.1149 0.338 5.4397, 2.1081 0.3014 5.451, 2.101 0.2632 5.4549, 2.2118 0.4408 5.2562, 2.2108 0.4371 5.295, 2.2076 0.4262 5.3322, 2.2024 0.4086 5.3666, 2.1955 0.3849 5.3967, 2.187 0.356 5.4214, 2.1774 0.3231 5.4397, 2.1669 0.2873 5.451, 2.156 0.2501 5.4549, 2.2093 0.2315 5.4549, 2.2239 0.2674 5.451, 2.238 0.3019 5.4397, 2.251 0.3337 5.4214, 2.2623 0.3616 5.3967, 2.2717 0.3844 5.3666, 2.2786 0.4014 5.3322, 2.3449 -0.2819 2.8101, 2.3414 -0.331 2.8101, 2.0 -0.2819 2.8101, 2.3414 -0.2328 2.8101, 2.2902 -0.0954 2.8101, 2.3138 -0.1386 2.8101, 2.331 -0.1847 2.8101, 2.1865 0.0083 2.8101, 2.2259 -0.0212 2.8101, 2.2607 -0.056 2.8101, 2.0491 0.0595 2.8101, 2.0972 0.0491 2.8101, 2.1433 0.0319 2.8101, 1.9028 0.0491 2.8101, 1.9509 0.0595 2.8101, 2.0 0.063 2.8101, 1.7741 -0.0212 2.8101, 1.8135 0.0083 2.8101, 1.8567 0.0319 2.8101, 1.6862 -0.1386 2.8101, 1.7098 -0.0954 2.8101, 1.7393 -0.056 2.8101, 1.6551 -0.2819 2.8101, 1.6586 -0.2328 2.8101, 1.669 -0.1847 2.8101, 1.6862 -0.4252 2.8101, 1.669 -0.3791 2.8101, 1.6586 -0.331 2.8101, 1.7741 -0.5426 2.8101, 1.7393 -0.5078 2.8101, 1.7098 -0.4684 2.8101, 1.9028 -0.6129 2.8101, 1.8567 -0.5957 2.8101, 1.8135 -0.5721 2.8101, 2.0491 -0.6233 2.8101, 2.0 -0.6268 2.8101, 1.9509 -0.6233 2.8101, 2.1865 -0.5721 2.8101, 2.1433 -0.5957 2.8101, 2.0972 -0.6129 2.8101, 2.2902 -0.4684 2.8101, 2.2607 -0.5078 2.8101, 2.2259 -0.5426 2.8101, 2.331 -0.3791 2.8101, 2.3138 -0.4252 2.8101, 2.2739 -0.5701 2.8636, 2.2598 -0.5817 2.8498, 2.3012 -0.5429 2.8636, 2.2998 -0.5417 2.8498, 2.3265 -0.5091 2.8636, 2.3337 -0.4963 2.8498, 2.3352 -0.4973 2.8636, 2.3608 -0.4467 2.8498, 2.3625 -0.4474 2.8636, 2.261 -0.5831 2.8636, 2.2154 -0.6171 2.8636, 2.2145 -0.6156 2.8498, 2.2106 -0.6198 2.8636, 2.1648 -0.6427 2.8498, 2.1655 -0.6444 2.8636, 2.1118 -0.6625 2.8498, 2.138 -0.6546 2.8636, 2.1123 -0.6642 2.8636, 2.0603 -0.6756 2.8636, 2.0565 -0.6745 2.8498, 2.0567 -0.6763 2.8636, 2.0 -0.6804 2.8636, 2.0 -0.6786 2.8498, 1.9799 -0.679 2.8636, 1.9435 -0.6745 2.8498, 1.9433 -0.6763 2.8636, 1.8882 -0.6625 2.8498, 1.9003 -0.667 2.8636, 1.8877 -0.6642 2.8636, 1.8345 -0.6444 2.8636, 1.8352 -0.6427 2.8498, 1.8248 -0.6391 2.8636, 1.7855 -0.6156 2.8498, 1.7846 -0.6171 2.8636, 1.7402 -0.5817 2.8498, 1.7567 -0.5962 2.8636, 1.739 -0.5831 2.8636, 1.6988 -0.5429 2.8636, 1.7002 -0.5417 2.8498, 1.6977 -0.5414 2.8636, 1.6663 -0.4963 2.8498, 1.6648 -0.4973 2.8636, 1.6525 -0.4748 2.8636, 1.6392 -0.4467 2.8498, 1.6375 -0.4474 2.8636, 1.6202 -0.401 2.8636, 1.6194 -0.3936 2.8498, 1.6176 -0.3942 2.8636, 1.6056 -0.3386 2.8636, 1.6074 -0.3383 2.8498, 1.6044 -0.3221 2.8636, 1.6033 -0.2819 2.8498, 1.6015 -0.2819 2.8636, 1.6074 -0.2254 2.8498, 1.6044 -0.2416 2.8636, 1.6056 -0.2252 2.8636, 1.6176 -0.1696 2.8636, 1.6194 -0.1701 2.8498, 1.6202 -0.1628 2.8636, 1.6392 -0.1171 2.8498, 1.6375 -0.1163 2.8636, 1.6663 -0.0674 2.8498, 1.6525 -0.089 2.8636, 1.6648 -0.0664 2.8636, 1.6977 -0.0224 2.8636, 1.7002 -0.0221 2.8498, 1.6988 -0.0209 2.8636, 1.739 0.0193 2.8636, 1.7402 0.0179 2.8498, 1.7567 0.0325 2.8636, 1.7855 0.0518 2.8498, 1.7846 0.0533 2.8636, 1.8352 0.0789 2.8498, 1.8248 0.0753 2.8636, 1.8345 0.0806 2.8636, 1.8877 0.1005 2.8636, 1.8882 0.0987 2.8498, 1.9003 0.1032 2.8636, 1.9435 0.1107 2.8498, 1.9433 0.1126 2.8636, 2.0 0.1148 2.8498, 1.9799 0.1152 2.8636, 2.0 0.1166 2.8636, 2.0567 0.1126 2.8636, 2.0565 0.1107 2.8498, 2.0603 0.1118 2.8636, 2.1118 0.0987 2.8498, 2.1123 0.1005 2.8636, 2.138 0.0909 2.8636, 2.1648 0.0789 2.8498, 2.1655 0.0806 2.8636, 2.2106 0.056 2.8636, 2.2145 0.0518 2.8498, 2.2154 0.0533 2.8636, 2.261 0.0193 2.8636, 2.2598 0.0179 2.8498, 2.2739 0.0063 2.8636, 2.2998 -0.0221 2.8498, 2.3012 -0.0209 2.8636, 2.3337 -0.0674 2.8498, 2.3265 -0.0547 2.8636, 2.3352 -0.0664 2.8636, 2.3625 -0.1163 2.8636, 2.3608 -0.1171 2.8498, 2.3657 -0.1249 2.8636, 2.3806 -0.1701 2.8498, 2.3824 -0.1696 2.8636, 2.3926 -0.2254 2.8498, 2.3894 -0.2019 2.8636, 2.3944 -0.2252 2.8636, 2.3985 -0.2819 2.8636, 2.3967 -0.2819 2.8498, 2.3944 -0.3386 2.8636, 2.3926 -0.3383 2.8498, 2.3894 -0.3619 2.8636, 2.3806 -0.3936 2.8498, 2.3824 -0.3942 2.8636, 2.3657 -0.4388 2.8636, 2.3873 -0.2262 2.8368, 2.3755 -0.1716 2.8368, 2.356 -0.1193 2.8368, 2.3292 -0.0703 2.8368, 2.2957 -0.0256 2.8368, 2.2563 0.0139 2.8368, 2.2116 0.0473 2.8368, 2.1626 0.0741 2.8368, 2.1102 0.0936 2.8368, 2.0557 0.1055 2.8368, 2.0 0.1094 2.8368, 1.9443 0.1055 2.8368, 1.8898 0.0936 2.8368, 1.8374 0.0741 2.8368, 1.7884 0.0473 2.8368, 1.7437 0.0139 2.8368, 1.7043 -0.0256 2.8368, 1.6708 -0.0703 2.8368, 1.644 -0.1193 2.8368, 1.6245 -0.1716 2.8368, 1.6127 -0.2262 2.8368, 1.6087 -0.2819 2.8368, 1.6127 -0.3376 2.8368, 1.6245 -0.3921 2.8368, 1.644 -0.4445 2.8368, 1.6708 -0.4935 2.8368, 1.7043 -0.5382 2.8368, 1.7437 -0.5776 2.8368, 1.7884 -0.6111 2.8368, 1.8374 -0.6379 2.8368, 1.8898 -0.6574 2.8368, 1.9443 -0.6692 2.8368, 2.0 -0.6732 2.8368, 2.0557 -0.6692 2.8368, 2.1102 -0.6574 2.8368, 2.1626 -0.6379 2.8368, 2.2116 -0.6111 2.8368, 2.2563 -0.5776 2.8368, 2.2957 -0.5382 2.8368, 2.3292 -0.4935 2.8368, 2.356 -0.4445 2.8368, 2.3755 -0.3921 2.8368, 2.3873 -0.3376 2.8368, 2.3913 -0.2819 2.8368, 2.3789 -0.2274 2.8258, 2.3673 -0.174 2.8258, 2.3482 -0.1229 2.8258, 2.322 -0.0749 2.8258, 2.2893 -0.0312 2.8258, 2.2507 0.0074 2.8258, 2.207 0.0402 2.8258, 2.159 0.0663 2.8258, 2.1079 0.0854 2.8258, 2.0545 0.097 2.8258, 2.0 0.1009 2.8258, 1.9455 0.097 2.8258, 1.8921 0.0854 2.8258, 1.841 0.0663 2.8258, 1.793 0.0402 2.8258, 1.7493 0.0074 2.8258, 1.7107 -0.0312 2.8258, 1.678 -0.0749 2.8258, 1.6518 -0.1229 2.8258, 1.6327 -0.174 2.8258, 1.6211 -0.2274 2.8258, 1.6172 -0.2819 2.8258, 1.6211 -0.3364 2.8258, 1.6327 -0.3897 2.8258, 1.6518 -0.4409 2.8258, 1.678 -0.4889 2.8258, 1.7107 -0.5326 2.8258, 1.7493 -0.5712 2.8258, 1.793 -0.6039 2.8258, 1.841 -0.6301 2.8258, 1.8921 -0.6492 2.8258, 1.9455 -0.6608 2.8258, 2.0 -0.6647 2.8258, 2.0545 -0.6608 2.8258, 2.1079 -0.6492 2.8258, 2.159 -0.6301 2.8258, 2.207 -0.6039 2.8258, 2.2507 -0.5712 2.8258, 2.2893 -0.5326 2.8258, 2.322 -0.4889 2.8258, 2.3482 -0.4409 2.8258, 2.3673 -0.3897 2.8258, 2.3789 -0.3364 2.8258, 2.3828 -0.2819 2.8258, 2.3679 -0.229 2.8172, 2.3567 -0.1772 2.8172, 2.3381 -0.1275 2.8172, 2.3127 -0.0809 2.8172, 2.2809 -0.0385 2.8172, 2.2434 -0.001 2.8172, 2.201 0.0308 2.8172, 2.1544 0.0562 2.8172, 2.1047 0.0748 2.8172, 2.0529 0.086 2.8172, 2.0 0.0898 2.8172, 1.9471 0.086 2.8172, 1.8953 0.0748 2.8172, 1.8456 0.0562 2.8172, 1.799 0.0308 2.8172, 1.7566 -0.001 2.8172, 1.7191 -0.0385 2.8172, 1.6873 -0.0809 2.8172, 1.6619 -0.1275 2.8172, 1.6433 -0.1772 2.8172, 1.6321 -0.229 2.8172, 1.6283 -0.2819 2.8172, 1.6321 -0.3348 2.8172, 1.6433 -0.3866 2.8172, 1.6619 -0.4363 2.8172, 1.6873 -0.4829 2.8172, 1.7191 -0.5253 2.8172, 1.7566 -0.5628 2.8172, 1.799 -0.5946 2.8172, 1.8456 -0.62 2.8172, 1.8953 -0.6386 2.8172, 1.9471 -0.6498 2.8172, 2.0 -0.6536 2.8172, 2.0529 -0.6498 2.8172, 2.1047 -0.6386 2.8172, 2.1544 -0.62 2.8172, 2.201 -0.5946 2.8172, 2.2434 -0.5628 2.8172, 2.2809 -0.5253 2.8172, 2.3127 -0.4829 2.8172, 2.3381 -0.4363 2.8172, 2.3567 -0.3866 2.8172, 2.3679 -0.3348 2.8172, 2.3717 -0.2819 2.8172, 2.3551 -0.2308 2.8119, 2.3443 -0.1808 2.8119, 2.3264 -0.1328 2.8119, 2.3018 -0.0879 2.8119, 2.2712 -0.0469 2.8119, 2.235 -0.0107 2.8119, 2.194 0.02 2.8119, 2.1491 0.0445 2.8119, 2.1011 0.0624 2.8119, 2.0511 0.0733 2.8119, 2.0 0.0769 2.8119, 1.9489 0.0733 2.8119, 1.8989 0.0624 2.8119, 1.8509 0.0445 2.8119, 1.806 0.02 2.8119, 1.765 -0.0107 2.8119, 1.7288 -0.0469 2.8119, 1.6982 -0.0879 2.8119, 1.6736 -0.1328 2.8119, 1.6557 -0.1808 2.8119, 1.6449 -0.2308 2.8119, 1.6412 -0.2819 2.8119, 1.6449 -0.333 2.8119, 1.6557 -0.383 2.8119, 1.6736 -0.4309 2.8119, 1.6982 -0.4759 2.8119, 1.7288 -0.5169 2.8119, 1.765 -0.5531 2.8119, 1.806 -0.5837 2.8119, 1.8509 -0.6083 2.8119, 1.8989 -0.6262 2.8119, 1.9489 -0.637 2.8119, 2.0 -0.6407 2.8119, 2.0511 -0.637 2.8119, 2.1011 -0.6262 2.8119, 2.1491 -0.6083 2.8119, 2.194 -0.5837 2.8119, 2.235 -0.5531 2.8119, 2.2712 -0.5169 2.8119, 2.3018 -0.4759 2.8119, 2.3264 -0.4309 2.8119, 2.3443 -0.383 2.8119, 2.3551 -0.333 2.8119, 2.3588 -0.2819 2.8119, 2.2099 -0.6186 3.0387, 2.2402 -0.5999 3.0387, 2.2735 -0.5695 3.0387, 2.2945 -0.5504 3.0387, 2.326 -0.5087 3.0387, 2.3388 -0.4917 3.0387, 1.9798 -0.6787 3.0387, 2.0368 -0.6787 3.0387, 2.0601 -0.6743 3.0387, 2.1091 -0.6652 3.0387, 2.1378 -0.654 3.0387, 2.1776 -0.6386 3.0387, 1.6984 -0.5409 3.0387, 1.7055 -0.5504 3.0387, 1.7564 -0.5967 3.0387, 1.7599 -0.5999 3.0387, 1.8224 -0.6386 3.0387, 1.8246 -0.6395 3.0387, 1.8909 -0.6652 3.0387, 1.9003 -0.6669 3.0387, 1.9632 -0.6787 3.0387, 1.6052 -0.3221 3.0387, 1.6083 -0.3551 3.0387, 1.6213 -0.4008 3.0387, 1.6284 -0.4258 3.0387, 1.6527 -0.4747 3.0387, 1.6612 -0.4917 3.0387, 1.6213 -0.163 3.0387, 1.6083 -0.2087 3.0387, 1.6052 -0.2417 3.0387, 1.6015 -0.2819 3.0387, 1.7564 0.0329 3.0387, 1.7055 -0.0134 3.0387, 1.6984 -0.0229 3.0387, 1.6612 -0.0721 3.0387, 1.6527 -0.0891 3.0387, 1.6284 -0.1379 3.0387, 1.7599 0.0361 3.0387, 1.8224 0.0748 3.0387, 1.8246 0.0757 3.0387, 1.8909 0.1014 3.0387, 2.0601 0.1106 3.0387, 2.0368 0.1149 3.0387, 1.9798 0.1149 3.0387, 1.9632 0.1149 3.0387, 1.9003 0.1031 3.0387, 2.2735 0.0057 3.0387, 2.2402 0.0361 3.0387, 2.2099 0.0549 3.0387, 2.1776 0.0748 3.0387, 2.1378 0.0903 3.0387, 2.1091 0.1014 3.0387, 2.3898 -0.2018 3.0387, 2.3716 -0.1379 3.0387, 2.3653 -0.1252 3.0387, 2.3388 -0.0721 3.0387, 2.326 -0.0551 3.0387, 2.2945 -0.0134 3.0387, 2.3653 -0.4386 3.0387, 2.3716 -0.4258 3.0387, 2.3898 -0.3619 3.0387, 2.3917 -0.3551 3.0387, 2.3985 -0.2819 3.0387, 2.3917 -0.2087 3.0387, 2.4622 -0.3683 3.1104, 2.4385 -0.4518 3.1104, 2.3998 -0.5294 3.1104, 2.3475 -0.5987 3.1104, 2.2834 -0.6571 3.1104, 2.2096 -0.7028 3.1104, 2.1287 -0.7342 3.1104, 2.0434 -0.7501 3.1104, 1.9566 -0.7501 3.1104, 1.8713 -0.7342 3.1104, 1.7166 -0.6571 3.1104, 1.7904 -0.7028 3.1104, 1.6525 -0.5987 3.1104, 1.6002 -0.5294 3.1104, 1.5615 -0.4518 3.1104, 1.5378 -0.3683 3.1104, 1.5298 -0.2819 3.1104, 1.5378 -0.1955 3.1104, 1.5615 -0.112 3.1104, 1.6002 -0.0343 3.1104, 1.6525 0.0349 3.1104, 1.7904 0.139 3.1104, 1.7166 0.0934 3.1104, 1.8713 0.1704 3.1104, 1.9566 0.1863 3.1104, 2.0434 0.1863 3.1104, 2.1287 0.1704 3.1104, 2.2096 0.139 3.1104, 2.2834 0.0934 3.1104, 2.3475 0.0349 3.1104, 2.3998 -0.0343 3.1104, 2.4385 -0.112 3.1104, 2.4702 -0.2819 3.1104, 2.4622 -0.1955 3.1104, 2.4702 -0.2819 4.8846, 2.4622 -0.1955 4.8846, 2.4385 -0.112 4.8846, 2.3998 -0.0343 4.8846, 2.3475 0.0349 4.8846, 2.2834 0.0934 4.8846, 2.2096 0.139 4.8846, 2.1287 0.1704 4.8846, 2.0434 0.1863 4.8846, 1.9566 0.1863 4.8846, 1.8713 0.1704 4.8846, 1.7904 0.139 4.8846, 1.7166 0.0934 4.8846, 1.6525 0.0349 4.8846, 1.6002 -0.0343 4.8846, 1.5615 -0.112 4.8846, 1.5378 -0.1955 4.8846, 1.5298 -0.2819 4.8846, 1.5378 -0.3683 4.8846, 1.5615 -0.4518 4.8846, 1.6002 -0.5294 4.8846, 1.6525 -0.5987 4.8846, 1.7166 -0.6571 4.8846, 1.7904 -0.7028 4.8846, 1.8713 -0.7342 4.8846, 1.9566 -0.7501 4.8846, 2.0434 -0.7501 4.8846, 2.1287 -0.7342 4.8846, 2.2096 -0.7028 4.8846, 2.2834 -0.6571 4.8846, 2.3475 -0.5987 4.8846, 2.3998 -0.5294 4.8846, 2.4385 -0.4518 4.8846, 2.4622 -0.3683 4.8846, 1.427 -0.2217 4.8846, 1.5339 -0.6206 4.8846, 1.501 -0.57 4.8846, 1.427 -0.3421 4.8846, 1.4238 -0.2819 4.8846, 1.4736 -0.5162 4.8846, 1.452 -0.4599 4.8846, 1.4364 -0.4017 4.8846, 1.8802 -0.8455 4.8846, 1.822 -0.8299 4.8846, 2.548 -0.4599 4.8846, 2.5264 -0.5162 4.8846, 2.573 -0.3421 4.8846, 2.5636 -0.4017 4.8846, 2.4661 0.0568 4.8846, 2.499 0.0062 4.8846, 2.3855 0.1463 4.8846, 2.4282 0.1036 4.8846, 1.6145 0.1463 4.8846, 2.573 -0.2217 4.8846, 2.5762 -0.2819 4.8846, 2.5264 -0.0475 4.8846, 2.548 -0.1038 4.8846, 2.5636 -0.1621 4.8846, 1.4364 -0.1621 4.8846, 1.452 -0.1038 4.8846, 1.4736 -0.0475 4.8846, 1.6145 -0.7101 4.8846, 1.5718 -0.6674 4.8846, 1.7656 -0.8083 4.8846, 1.7119 -0.7809 4.8846, 1.6613 -0.748 4.8846, 2.0 -0.8581 4.8846, 1.9398 -0.8549 4.8846, 2.2881 0.2171 4.8846, 2.3387 0.1842 4.8846, 2.1198 0.2817 4.8846, 2.1781 0.2661 4.8846, 2.2344 0.2445 4.8846, 1.6613 0.1842 4.8846, 1.7119 0.2171 4.8846, 1.7656 0.2445 4.8846, 2.1198 -0.8455 4.8846, 2.0602 -0.8549 4.8846, 2.2881 -0.7809 4.8846, 2.2344 -0.8083 4.8846, 2.1781 -0.8299 4.8846, 1.501 0.0062 4.8846, 1.5339 0.0568 4.8846, 1.5718 0.1036 4.8846, 2.3855 -0.7101 4.8846, 2.3387 -0.748 4.8846, 2.0 0.2943 4.8846, 2.0602 0.2911 4.8846, 1.822 0.2661 4.8846, 1.8802 0.2817 4.8846, 1.9398 0.2911 4.8846, 2.499 -0.57 4.8846, 2.4661 -0.6206 4.8846, 2.4282 -0.6674 4.8846, 2.7205 -0.4987 5.0615, 2.713 -0.5135 5.027, 2.7333 -0.4378 5.027, 2.7162 -0.5146 5.0615, 2.6879 -0.5882 5.0615, 2.6848 -0.5868 5.027, 2.6813 -0.6012 5.0615, 2.6492 -0.6567 5.027, 2.6522 -0.6584 5.0615, 2.6065 -0.7225 5.027, 2.6272 -0.6969 5.0615, 2.6092 -0.7245 5.0615, 2.5608 -0.7844 5.0615, 2.5571 -0.7835 5.027, 2.5596 -0.7858 5.0615, 2.5039 -0.8415 5.0615, 2.5016 -0.839 5.027, 2.4811 -0.86 5.0615, 2.4406 -0.8884 5.027, 2.4426 -0.8911 5.0615, 2.3919 -0.9241 5.0615, 2.3748 -0.9311 5.027, 2.3765 -0.9341 5.0615, 2.3063 -0.9698 5.0615, 2.3049 -0.9667 5.027, 2.2943 -0.9744 5.0615, 2.2317 -0.9949 5.027, 2.2327 -0.9981 5.0615, 2.1559 -1.0152 5.027, 2.1902 -1.0095 5.0615, 2.1566 -1.0185 5.0615, 2.0823 -1.0302 5.0615, 2.0784 -1.0274 5.027, 2.0787 -1.0308 5.0615, 2.0 -1.0349 5.0615, 2.0 -1.0315 5.027, 1.9725 -1.0335 5.0615, 1.9216 -1.0274 5.027, 1.9213 -1.0308 5.0615, 1.8633 -1.0216 5.0615, 1.8441 -1.0152 5.027, 1.8434 -1.0185 5.0615, 1.7673 -0.9981 5.0615, 1.7683 -0.9949 5.027, 1.757 -0.9941 5.0615, 1.6951 -0.9667 5.027, 1.6937 -0.9698 5.0615, 1.6252 -0.9311 5.027, 1.6561 -0.9507 5.0615, 1.6235 -0.9341 5.0615, 1.562 -0.8941 5.0615, 1.5594 -0.8884 5.027, 1.5574 -0.8911 5.0615, 1.4961 -0.8415 5.0615, 1.4984 -0.839 5.027, 1.478 -0.8234 5.0615, 1.4429 -0.7835 5.027, 1.4404 -0.7858 5.0615, 1.3935 -0.7225 5.027, 1.4046 -0.7416 5.0615, 1.3908 -0.7245 5.0615, 1.3478 -0.6584 5.0615, 1.3508 -0.6567 5.027, 1.3437 -0.6503 5.0615, 1.3152 -0.5868 5.027, 1.3121 -0.5882 5.0615, 1.287 -0.5135 5.027, 1.2976 -0.5505 5.0615, 1.2838 -0.5146 5.0615, 1.2653 -0.4455 5.0615, 1.2667 -0.4378 5.027, 1.2634 -0.4385 5.0615, 1.2511 -0.3606 5.0615, 1.2545 -0.3603 5.027, 1.2498 -0.3368 5.0615, 1.2503 -0.2819 5.027, 1.2469 -0.2819 5.0615, 1.2545 -0.2035 5.027, 1.2498 -0.227 5.0615, 1.2511 -0.2032 5.0615, 1.2634 -0.1253 5.0615, 1.2667 -0.126 5.027, 1.2653 -0.1182 5.0615, 1.287 -0.0502 5.027, 1.2838 -0.0492 5.0615, 1.2976 -0.0132 5.0615, 1.3152 0.023 5.027, 1.3121 0.0244 5.0615, 1.3437 0.0865 5.0615, 1.3508 0.0929 5.027, 1.3478 0.0946 5.0615, 1.3908 0.1607 5.0615, 1.3935 0.1587 5.027, 1.4046 0.1778 5.0615, 1.4429 0.2197 5.027, 1.4404 0.222 5.0615, 1.4984 0.2752 5.027, 1.478 0.2596 5.0615, 1.4961 0.2777 5.0615, 1.5574 0.3273 5.0615, 1.5594 0.3246 5.027, 1.562 0.3303 5.0615, 1.6252 0.3673 5.027, 1.6235 0.3703 5.0615, 1.6561 0.3869 5.0615, 1.6951 0.403 5.027, 1.6937 0.4061 5.0615, 1.757 0.4304 5.0615, 1.7683 0.4311 5.027, 1.7673 0.4343 5.0615, 1.8434 0.4547 5.0615, 1.8441 0.4514 5.027, 1.8633 0.4579 5.0615, 1.9216 0.4637 5.027, 1.9213 0.467 5.0615, 2.0 0.4678 5.027, 1.9725 0.4697 5.0615, 2.0 0.4712 5.0615, 2.0787 0.467 5.0615, 2.0784 0.4637 5.027, 2.0823 0.4665 5.0615, 2.1559 0.4514 5.027, 2.1566 0.4547 5.0615, 2.1902 0.4457 5.0615, 2.2317 0.4311 5.027, 2.2327 0.4343 5.0615, 2.2943 0.4107 5.0615, 2.3049 0.403 5.027, 2.3063 0.4061 5.0615, 2.3765 0.3703 5.0615, 2.3748 0.3673 5.027, 2.3919 0.3603 5.0615, 2.4406 0.3246 5.027, 2.4426 0.3273 5.0615, 2.5016 0.2752 5.027, 2.4811 0.2962 5.0615, 2.5039 0.2777 5.0615, 2.5596 0.222 5.0615, 2.5571 0.2197 5.027, 2.5608 0.2206 5.0615, 2.6065 0.1587 5.027, 2.6092 0.1607 5.0615, 2.6272 0.1331 5.0615, 2.6492 0.0929 5.027, 2.6522 0.0946 5.0615, 2.6813 0.0375 5.0615, 2.6848 0.023 5.027, 2.6879 0.0244 5.0615, 2.7162 -0.0492 5.0615, 2.713 -0.0502 5.027, 2.7205 -0.0651 5.0615, 2.7333 -0.126 5.027, 2.7366 -0.1253 5.0615, 2.7455 -0.2035 5.027, 2.7441 -0.1724 5.0615, 2.7489 -0.2032 5.0615, 2.7531 -0.2819 5.0615, 2.7497 -0.2819 5.027, 2.7489 -0.3606 5.0615, 2.7455 -0.3603 5.027, 2.7441 -0.3914 5.0615, 2.7366 -0.4385 5.0615, 2.7355 -0.2046 4.9938, 2.7234 -0.1281 4.9938, 2.7034 -0.0533 4.9938, 2.6756 0.0189 4.9938, 2.6405 0.0879 4.9938, 2.5983 0.1528 4.9938, 2.5496 0.213 4.9938, 2.4949 0.2677 4.9938, 2.4347 0.3164 4.9938, 2.3698 0.3586 4.9938, 2.3008 0.3938 4.9938, 2.2285 0.4215 4.9938, 2.1538 0.4415 4.9938, 2.0773 0.4536 4.9938, 2.0 0.4577 4.9938, 1.9227 0.4536 4.9938, 1.8462 0.4415 4.9938, 1.7715 0.4215 4.9938, 1.6992 0.3938 4.9938, 1.6302 0.3586 4.9938, 1.5653 0.3164 4.9938, 1.5051 0.2677 4.9938, 1.4504 0.213 4.9938, 1.4017 0.1528 4.9938, 1.3595 0.0879 4.9938, 1.3244 0.0189 4.9938, 1.2966 -0.0533 4.9938, 1.2766 -0.1281 4.9938, 1.2645 -0.2046 4.9938, 1.2604 -0.2819 4.9938, 1.2645 -0.3592 4.9938, 1.2766 -0.4357 4.9938, 1.2966 -0.5104 4.9938, 1.3244 -0.5827 4.9938, 1.3595 -0.6517 4.9938, 1.4017 -0.7166 4.9938, 1.4504 -0.7768 4.9938, 1.5051 -0.8315 4.9938, 1.5653 -0.8802 4.9938, 1.6302 -0.9224 4.9938, 1.6992 -0.9575 4.9938, 1.7715 -0.9853 4.9938, 1.8462 -1.0053 4.9938, 1.9227 -1.0174 4.9938, 2.0 -1.0215 4.9938, 2.0773 -1.0174 4.9938, 2.1538 -1.0053 4.9938, 2.2285 -0.9853 4.9938, 2.3008 -0.9575 4.9938, 2.3698 -0.9224 4.9938, 2.4347 -0.8802 4.9938, 2.4949 -0.8315 4.9938, 2.5496 -0.7768 4.9938, 2.5983 -0.7166 4.9938, 2.6405 -0.6517 4.9938, 2.6756 -0.5827 4.9938, 2.7034 -0.5104 4.9938, 2.7234 -0.4357 4.9938, 2.7355 -0.3592 4.9938, 2.7396 -0.2819 4.9938, 2.7193 -0.2063 4.9632, 2.7074 -0.1315 4.9632, 2.6878 -0.0584 4.9632, 2.6607 0.0123 4.9632, 2.6263 0.0797 4.9632, 2.5851 0.1432 4.9632, 2.5375 0.2021 4.9632, 2.4839 0.2556 4.9632, 2.4251 0.3032 4.9632, 2.3616 0.3445 4.9632, 2.2942 0.3788 4.9632, 2.2235 0.406 4.9632, 2.1504 0.4255 4.9632, 2.0756 0.4374 4.9632, 2.0 0.4414 4.9632, 1.9244 0.4374 4.9632, 1.8496 0.4255 4.9632, 1.7765 0.406 4.9632, 1.7058 0.3788 4.9632, 1.6384 0.3445 4.9632, 1.5749 0.3032 4.9632, 1.5161 0.2556 4.9632, 1.4625 0.2021 4.9632, 1.4149 0.1432 4.9632, 1.3737 0.0797 4.9632, 1.3393 0.0123 4.9632, 1.3122 -0.0584 4.9632, 1.2926 -0.1315 4.9632, 1.2807 -0.2063 4.9632, 1.2768 -0.2819 4.9632, 1.2807 -0.3575 4.9632, 1.2926 -0.4323 4.9632, 1.3122 -0.5054 4.9632, 1.3393 -0.5761 4.9632, 1.3737 -0.6435 4.9632, 1.4149 -0.707 4.9632, 1.4625 -0.7658 4.9632, 1.5161 -0.8194 4.9632, 1.5749 -0.867 4.9632, 1.6384 -0.9082 4.9632, 1.7058 -0.9426 4.9632, 1.7765 -0.9697 4.9632, 1.8496 -0.9893 4.9632, 1.9244 -1.0012 4.9632, 2.0 -1.0051 4.9632, 2.0756 -1.0012 4.9632, 2.1504 -0.9893 4.9632, 2.2235 -0.9697 4.9632, 2.2942 -0.9426 4.9632, 2.3616 -0.9082 4.9632, 2.4251 -0.867 4.9632, 2.4839 -0.8194 4.9632, 2.5375 -0.7658 4.9632, 2.5851 -0.707 4.9632, 2.6263 -0.6435 4.9632, 2.6607 -0.5761 4.9632, 2.6878 -0.5054 4.9632, 2.7074 -0.4323 4.9632, 2.7193 -0.3575 4.9632, 2.7232 -0.2819 4.9632, 2.6974 -0.2086 4.9364, 2.6859 -0.1361 4.9364, 2.6669 -0.0652 4.9364, 2.6406 0.0033 4.9364, 2.6073 0.0687 4.9364, 2.5673 0.1303 4.9364, 2.5211 0.1873 4.9364, 2.4692 0.2392 4.9364, 2.4122 0.2854 4.9364, 2.3506 0.3254 4.9364, 2.2852 0.3587 4.9364, 2.2167 0.385 4.9364, 2.1458 0.404 4.9364, 2.0733 0.4155 4.9364, 2.0 0.4194 4.9364, 1.9267 0.4155 4.9364, 1.8542 0.404 4.9364, 1.7833 0.385 4.9364, 1.7148 0.3587 4.9364, 1.6494 0.3254 4.9364, 1.5878 0.2854 4.9364, 1.5308 0.2392 4.9364, 1.4789 0.1873 4.9364, 1.4327 0.1303 4.9364, 1.3927 0.0687 4.9364, 1.3594 0.0033 4.9364, 1.3331 -0.0652 4.9364, 1.3141 -0.1361 4.9364, 1.3026 -0.2086 4.9364, 1.2988 -0.2819 4.9364, 1.3026 -0.3552 4.9364, 1.3141 -0.4277 4.9364, 1.3331 -0.4986 4.9364, 1.3594 -0.5671 4.9364, 1.3927 -0.6325 4.9364, 1.4327 -0.6941 4.9364, 1.4789 -0.7511 4.9364, 1.5308 -0.803 4.9364, 1.5878 -0.8492 4.9364, 1.6494 -0.8892 4.9364, 1.7148 -0.9225 4.9364, 1.7833 -0.9488 4.9364, 1.8542 -0.9678 4.9364, 1.9267 -0.9793 4.9364, 2.0 -0.9831 4.9364, 2.0733 -0.9793 4.9364, 2.1458 -0.9678 4.9364, 2.2167 -0.9488 4.9364, 2.2852 -0.9225 4.9364, 2.3506 -0.8892 4.9364, 2.4122 -0.8492 4.9364, 2.4692 -0.803 4.9364, 2.5211 -0.7511 4.9364, 2.5673 -0.6941 4.9364, 2.6073 -0.6325 4.9364, 2.6406 -0.5671 4.9364, 2.6669 -0.4986 4.9364, 2.6859 -0.4277 4.9364, 2.6974 -0.3552 4.9364, 2.7012 -0.2819 4.9364, 2.6708 -0.2114 4.9145, 2.6597 -0.1417 4.9145, 2.6414 -0.0735 4.9145, 2.6161 -0.0076 4.9145, 2.5841 0.0553 4.9145, 2.5456 0.1145 4.9145, 2.5012 0.1694 4.9145, 2.4513 0.2193 4.9145, 2.3964 0.2637 4.9145, 2.3372 0.3022 4.9145, 2.2743 0.3342 4.9145, 2.2084 0.3595 4.9145, 2.1402 0.3778 4.9145, 2.0705 0.3889 4.9145, 2.0 0.3926 4.9145, 1.9295 0.3889 4.9145, 1.8598 0.3778 4.9145, 1.7916 0.3595 4.9145, 1.7257 0.3342 4.9145, 1.6628 0.3022 4.9145, 1.6036 0.2637 4.9145, 1.5487 0.2193 4.9145, 1.4988 0.1694 4.9145, 1.4544 0.1145 4.9145, 1.4159 0.0553 4.9145, 1.3839 -0.0076 4.9145, 1.3586 -0.0735 4.9145, 1.3403 -0.1417 4.9145, 1.3292 -0.2114 4.9145, 1.3256 -0.2819 4.9145, 1.3292 -0.3524 4.9145, 1.3403 -0.4221 4.9145, 1.3586 -0.4903 4.9145, 1.3839 -0.5562 4.9145, 1.4159 -0.6191 4.9145, 1.4544 -0.6783 4.9145, 1.4988 -0.7332 4.9145, 1.5487 -0.7831 4.9145, 1.6036 -0.8275 4.9145, 1.6628 -0.866 4.9145, 1.7257 -0.898 4.9145, 1.7916 -0.9233 4.9145, 1.8598 -0.9416 4.9145, 1.9295 -0.9526 4.9145, 2.0 -0.9563 4.9145, 2.0705 -0.9526 4.9145, 2.1402 -0.9416 4.9145, 2.2084 -0.9233 4.9145, 2.2743 -0.898 4.9145, 2.3372 -0.866 4.9145, 2.3964 -0.8275 4.9145, 2.4513 -0.7831 4.9145, 2.5012 -0.7332 4.9145, 2.5456 -0.6783 4.9145, 2.5841 -0.6191 4.9145, 2.6161 -0.5562 4.9145, 2.6414 -0.4903 4.9145, 2.6597 -0.4221 4.9145, 2.6708 -0.3524 4.9145, 2.6744 -0.2819 4.9145, 2.6403 -0.2146 4.8981, 2.6298 -0.148 4.8981, 2.6124 -0.0829 4.8981, 2.5882 -0.02 4.8981, 2.5576 0.04 4.8981, 2.5209 0.0966 4.8981, 2.4785 0.1489 4.8981, 2.4308 0.1966 4.8981, 2.3785 0.239 4.8981, 2.3219 0.2757 4.8981, 2.2619 0.3063 4.8981, 2.199 0.3305 4.8981, 2.1339 0.3479 4.8981, 2.0673 0.3584 4.8981, 2.0 0.362 4.8981, 1.9327 0.3584 4.8981, 1.8661 0.3479 4.8981, 1.801 0.3305 4.8981, 1.7381 0.3063 4.8981, 1.6781 0.2757 4.8981, 1.6215 0.239 4.8981, 1.5692 0.1966 4.8981, 1.5215 0.1489 4.8981, 1.4791 0.0966 4.8981, 1.4424 0.04 4.8981, 1.4118 -0.02 4.8981, 1.3876 -0.0829 4.8981, 1.3702 -0.148 4.8981, 1.3597 -0.2146 4.8981, 1.3561 -0.2819 4.8981, 1.3597 -0.3492 4.8981, 1.3702 -0.4158 4.8981, 1.3876 -0.4809 4.8981, 1.4118 -0.5438 4.8981, 1.4424 -0.6038 4.8981, 1.4791 -0.6603 4.8981, 1.5215 -0.7127 4.8981, 1.5692 -0.7604 4.8981, 1.6215 -0.8028 4.8981, 1.6781 -0.8395 4.8981, 1.7381 -0.8701 4.8981, 1.801 -0.8942 4.8981, 1.8661 -0.9117 4.8981, 1.9327 -0.9222 4.8981, 2.0 -0.9258 4.8981, 2.0673 -0.9222 4.8981, 2.1339 -0.9117 4.8981, 2.199 -0.8942 4.8981, 2.2619 -0.8701 4.8981, 2.3219 -0.8395 4.8981, 2.3785 -0.8028 4.8981, 2.4308 -0.7604 4.8981, 2.4785 -0.7127 4.8981, 2.5209 -0.6603 4.8981, 2.5576 -0.6038 4.8981, 2.5882 -0.5438 4.8981, 2.6124 -0.4809 4.8981, 2.6298 -0.4158 4.8981, 2.6403 -0.3492 4.8981, 2.6439 -0.2819 4.8981, 2.6073 -0.2181 4.888, 2.5973 -0.1549 4.888, 2.5808 -0.0932 4.888, 2.5579 -0.0335 4.888, 2.5289 0.0235 4.888, 2.4941 0.0771 4.888, 2.4538 0.1267 4.888, 2.4086 0.1719 4.888, 2.359 0.2122 4.888, 2.3053 0.247 4.888, 2.2484 0.276 4.888, 2.1887 0.2989 4.888, 2.127 0.3155 4.888, 2.0638 0.3255 4.888, 2.0 0.3288 4.888, 1.9362 0.3255 4.888, 1.873 0.3155 4.888, 1.8113 0.2989 4.888, 1.7516 0.276 4.888, 1.6947 0.247 4.888, 1.641 0.2122 4.888, 1.5914 0.1719 4.888, 1.5462 0.1267 4.888, 1.5059 0.0771 4.888, 1.4711 0.0235 4.888, 1.4421 -0.0335 4.888, 1.4192 -0.0932 4.888, 1.4027 -0.1549 4.888, 1.3927 -0.2181 4.888, 1.3893 -0.2819 4.888, 1.3927 -0.3457 4.888, 1.4027 -0.4089 4.888, 1.4192 -0.4706 4.888, 1.4421 -0.5303 4.888, 1.4711 -0.5872 4.888, 1.5059 -0.6408 4.888, 1.5462 -0.6905 4.888, 1.5914 -0.7357 4.888, 1.641 -0.7759 4.888, 1.6947 -0.8108 4.888, 1.7516 -0.8398 4.888, 1.8113 -0.8627 4.888, 1.873 -0.8792 4.888, 1.9362 -0.8892 4.888, 2.0 -0.8926 4.888, 2.0638 -0.8892 4.888, 2.127 -0.8792 4.888, 2.1887 -0.8627 4.888, 2.2484 -0.8398 4.888, 2.3053 -0.8108 4.888, 2.359 -0.7759 4.888, 2.4086 -0.7357 4.888, 2.4538 -0.6905 4.888, 2.4941 -0.6408 4.888, 2.5289 -0.5872 4.888, 2.5579 -0.5303 4.888, 2.5808 -0.4706 4.888, 2.5973 -0.4089 4.888, 2.6073 -0.3457 4.888, 2.6107 -0.2819 4.888, 1.3679 -0.6913 5.1399, 1.404 -0.7421 5.1399, 1.4773 -0.824 5.1399, 1.5618 -0.8943 5.1399, 1.6462 -0.9467 5.2562, 1.5906 -0.914 5.2562, 1.5906 -0.914 5.1399, 2.6321 0.1275 5.2562, 2.6321 0.1275 5.1399, 2.628 0.1336 5.1399, 2.5609 0.2206 5.1399, 2.4817 0.2969 5.1399, 2.4094 0.3502 5.1399, 2.7529 -0.2975 5.2562, 2.7474 -0.374 5.2562, 2.7443 -0.3914 5.2562, 2.7341 -0.4496 5.2562, 2.7203 -0.4986 5.2562, 2.7132 -0.5235 5.2562, 2.685 -0.5948 5.2562, 2.6815 -0.6014 5.2562, 2.6495 -0.6629 5.2562, 2.6272 -0.6969 5.2562, 2.6074 -0.727 5.2562, 2.5607 -0.7843 5.2562, 2.5589 -0.7866 5.2562, 2.5047 -0.8408 5.2562, 2.4811 -0.86 5.2562, 2.4452 -0.8893 5.2562, 2.392 -0.9242 5.2562, 2.381 -0.9314 5.2562, 2.3129 -0.9668 5.2562, 2.2942 -0.9743 5.2562, 2.2416 -0.9951 5.2562, 2.1902 -1.0097 5.2562, 2.1677 -1.016 5.2562, 2.0921 -1.0293 5.2562, 2.0823 -1.03 5.2562, 2.0156 -1.0348 5.2562, 1.7882 -1.0045 5.2562, 1.7572 -0.9937 5.2562, 1.9725 -1.0335 5.2562, 1.9389 -1.0325 5.2562, 1.8632 -1.0224 5.2562, 1.8628 -1.0223 5.2562, 1.7157 -0.9792 5.2562, 1.6559 -0.9512 5.2562, 2.6648 0.0719 5.2562, 2.681 0.0373 5.2562, 2.6973 0.0024 5.2562, 2.7209 -0.065 5.2562, 2.7226 -0.07 5.2562, 2.7405 -0.1447 5.2562, 2.7441 -0.1724 5.2562, 2.7506 -0.2208 5.2562, 2.7524 -0.2819 5.2562, 1.7171 -0.9757 5.295, 1.9392 -1.0287 5.295, 2.0155 -1.031 5.295, 2.0917 -1.0255 5.295, 2.2404 -0.9915 5.295, 2.3113 -0.9634 5.295, 2.4429 -0.8862 5.295, 2.6043 -0.7248 5.295, 2.6463 -0.661 5.295, 2.6815 -0.5932 5.295, 2.7304 -0.4488 5.295, 2.7436 -0.3736 5.295, 2.7468 -0.2211 5.295, 2.6938 0.001 5.295, 2.5481 0.0435 5.4367, 2.5429 0.0383 5.4395, 2.5565 0.0143 5.4397, 1.5919 -0.9127 5.282, 1.648 -0.9433 5.295, 1.5937 -0.9109 5.2949, 1.6533 -0.9333 5.3322, 1.5984 -0.9062 5.3207, 1.5954 -0.9092 5.3072, 1.6619 -0.9171 5.3666, 1.6056 -0.899 5.3446, 1.6019 -0.9027 5.3321, 1.6735 -0.8953 5.3967, 1.6209 -0.8837 5.378, 1.615 -0.8896 5.3668, 1.6877 -0.8687 5.4214, 1.6547 -0.8499 5.4213, 1.6474 -0.8572 5.4143, 1.6333 -0.8713 5.3974, 1.6328 -0.8718 5.3966, 1.6895 -0.8151 5.4447, 1.6798 -0.8248 5.4394, 1.7038 -0.8384 5.4397, 1.672 -0.8326 5.435, 1.6556 -0.849 5.4222, 1.7213 -0.8055 5.451, 1.7395 -0.7713 5.4549, 1.7355 -0.7691 5.4549, 1.7182 -0.7864 5.4535, 1.707 -0.7976 5.4506, 1.6994 -0.8052 5.4487, 2.4872 -0.0174 5.4549, 2.4894 -0.0214 5.4549, 2.4979 -0.0067 5.4543, 2.5236 -0.0032 5.451, 2.5348 0.0302 5.444, 2.5167 0.0121 5.4508, 2.5157 0.0111 5.451, 2.5646 0.06 5.4244, 2.5868 0.0304 5.4214, 2.5679 0.0633 5.4212, 2.5797 0.0751 5.4094, 2.6134 0.0446 5.3967, 2.5896 0.085 5.3971, 2.602 0.0974 5.3778, 2.6352 0.0562 5.3666, 2.6076 0.103 5.3664, 2.6124 0.1078 5.3566, 2.6514 0.0648 5.3322, 2.618 0.1134 5.3418, 2.6614 0.0701 5.295, 2.625 0.1204 5.3179, 2.6209 0.1163 5.3321, 2.6312 0.1266 5.2779, 2.6296 0.125 5.2931, 2.6292 0.1246 5.2949, 2.5134 -0.0726 5.4549, 2.5493 -0.058 5.451, 2.5838 -0.0439 5.4397, 2.6156 -0.0309 5.4214, 2.6435 -0.0196 5.3967, 2.6663 -0.0102 5.3666, 2.6833 -0.0033 5.3322, 2.5451 -0.1809 5.4549, 2.5526 -0.2369 5.4549, 2.5832 -0.1738 5.451, 2.5912 -0.2337 5.451, 2.6199 -0.167 5.4397, 2.6284 -0.2307 5.4397, 2.6536 -0.1608 5.4214, 2.6626 -0.2279 5.4214, 2.6832 -0.1553 5.3967, 2.6926 -0.2255 5.3967, 2.7075 -0.1508 5.3666, 2.7172 -0.2235 5.3666, 2.7256 -0.1475 5.3322, 2.7355 -0.222 5.3322, 2.7367 -0.1454 5.295, 2.3715 -0.6934 5.4549, 2.3277 -0.7291 5.4549, 2.3975 -0.7222 5.451, 2.3506 -0.7603 5.451, 2.4225 -0.7498 5.4397, 2.3727 -0.7904 5.4397, 2.4455 -0.7753 5.4214, 2.393 -0.8181 5.4214, 2.4657 -0.7976 5.3967, 2.4108 -0.8424 5.3967, 2.4822 -0.816 5.3666, 2.4254 -0.8623 5.3666, 2.4945 -0.8296 5.3322, 2.4362 -0.8771 5.3322, 2.5021 -0.838 5.295, 1.844 -0.8139 5.4549, 1.7907 -0.7953 5.4549, 1.8331 -0.8511 5.451, 1.7761 -0.8312 5.451, 1.8226 -0.8869 5.4397, 1.762 -0.8657 5.4397, 1.813 -0.9198 5.4214, 1.749 -0.8975 5.4214, 1.8045 -0.9487 5.3967, 1.7377 -0.9253 5.3967, 1.7976 -0.9724 5.3666, 1.7283 -0.9482 5.3666, 1.7924 -0.99 5.3322, 1.7214 -0.9652 5.3322, 1.7892 -1.0009 5.295, 2.719 -0.0711 5.295, 2.7081 -0.0743 5.3322, 2.6905 -0.0795 5.3666, 2.6668 -0.0864 5.3967, 2.6379 -0.0949 5.4214, 2.605 -0.1045 5.4397, 2.5692 -0.115 5.451, 2.532 -0.1259 5.4549, 2.7491 -0.2974 5.295, 2.7378 -0.2972 5.3322, 2.7194 -0.2968 5.3666, 2.6947 -0.2963 5.3967, 2.6646 -0.2957 5.4214, 2.6303 -0.2949 5.4397, 2.593 -0.2942 5.451, 2.5543 -0.2934 5.4549, 2.5503 -0.3497 5.4549, 2.5887 -0.3545 5.451, 2.6257 -0.359 5.4397, 2.6598 -0.3632 5.4214, 2.6897 -0.3669 5.3967, 2.7142 -0.3699 5.3666, 2.7324 -0.3722 5.3322, 2.7194 -0.4463 5.3322, 2.7015 -0.4422 5.3666, 2.6774 -0.4367 5.3967, 2.6481 -0.43 5.4214, 2.6146 -0.4223 5.4397, 2.5783 -0.414 5.451, 2.5405 -0.4054 5.4549, 2.7096 -0.5223 5.295, 2.6989 -0.5186 5.3322, 2.6815 -0.5127 5.3666, 2.6581 -0.5048 5.3967, 2.6296 -0.4952 5.4214, 2.5971 -0.4841 5.4397, 2.5618 -0.4722 5.451, 2.5251 -0.4598 5.4549, 2.5043 -0.5123 5.4549, 2.5395 -0.5284 5.451, 2.5734 -0.5439 5.4397, 2.6047 -0.5581 5.4214, 2.632 -0.5706 5.3967, 2.6545 -0.5809 5.3666, 2.6712 -0.5885 5.3322, 2.6365 -0.6553 5.3322, 2.6207 -0.646 5.3666, 2.5994 -0.6335 5.3967, 2.5734 -0.6182 5.4214, 2.5438 -0.6009 5.4397, 2.5116 -0.582 5.451, 2.4782 -0.5624 5.4549, 2.5952 -0.7181 5.3322, 2.5804 -0.7073 5.3666, 2.5605 -0.6927 5.3967, 2.5362 -0.6749 5.4214, 2.5085 -0.6546 5.4397, 2.4784 -0.6325 5.451, 2.4472 -0.6096 5.4549, 2.5561 -0.784 5.295, 2.5477 -0.7764 5.3322, 2.5341 -0.7641 5.3666, 2.5158 -0.7476 5.3967, 2.4934 -0.7274 5.4214, 2.4679 -0.7044 5.4397, 2.4403 -0.6794 5.451, 2.4115 -0.6534 5.4549, 2.3791 -0.9281 5.295, 2.3734 -0.9184 5.3322, 2.3641 -0.9026 5.3666, 2.3516 -0.8813 5.3967, 2.3364 -0.8553 5.4214, 2.319 -0.8257 5.4397, 2.3001 -0.7935 5.451, 2.2805 -0.7601 5.4549, 2.2304 -0.7862 5.4549, 2.2465 -0.8214 5.451, 2.262 -0.8553 5.4397, 2.2762 -0.8866 5.4214, 2.2888 -0.9139 5.3967, 2.299 -0.9364 5.3666, 2.3066 -0.9531 5.3322, 2.2367 -0.9808 5.3322, 2.2308 -0.9634 5.3666, 2.2229 -0.94 5.3967, 2.2133 -0.9115 5.4214, 2.2022 -0.879 5.4397, 2.1903 -0.8437 5.451, 2.1779 -0.807 5.4549, 2.1669 -1.0123 5.295, 2.1644 -1.0013 5.3322, 2.1603 -0.9834 5.3666, 2.1548 -0.9593 5.3967, 2.1481 -0.93 5.4214, 2.1404 -0.8965 5.4397, 2.1321 -0.8602 5.451, 2.1235 -0.8224 5.4549, 2.0678 -0.8321 5.4549, 2.0726 -0.8706 5.451, 2.0771 -0.9076 5.4397, 2.0813 -0.9417 5.4214, 2.085 -0.9715 5.3967, 2.088 -0.9961 5.3666, 2.0903 -1.0143 5.3322, 2.0153 -1.0197 5.3322, 2.0149 -1.0013 5.3666, 2.0144 -0.9766 5.3967, 2.0138 -0.9465 5.4214, 2.0131 -0.9122 5.4397, 2.0123 -0.8749 5.451, 2.0115 -0.8362 5.4549, 1.9401 -1.0174 5.3322, 1.9416 -0.9991 5.3666, 1.9436 -0.9745 5.3967, 1.946 -0.9445 5.4214, 1.9488 -0.9102 5.4397, 1.9519 -0.8731 5.451, 1.955 -0.8345 5.4549, 1.8635 -1.0186 5.295, 1.8656 -1.0075 5.3322, 1.8689 -0.9894 5.3666, 1.8734 -0.9651 5.3967, 1.8789 -0.9355 5.4214, 1.8851 -0.9018 5.4397, 1.8919 -0.8651 5.451, 1.899 -0.827 5.4549, 2.4921 -1.2337 2.4027, 2.7874 -1.2337 3.0376, 1.5079 -1.2337 2.4027, 1.2126 -1.2337 3.0376, 1.5079 -1.2337 1.0235, 1.2126 -1.2337 0.5812, 2.4921 -1.2337 1.0235, 2.7874 -1.2337 0.5812, 2.4921 0.671 2.4027, 2.7874 0.671 3.0376, 2.4921 0.671 1.0235, 2.7874 0.671 0.5812, 1.5079 0.671 1.0235, 1.2126 0.671 0.5812, 1.5079 0.671 2.4027, 1.2126 0.671 3.0376, 2.4528 -1.2871 2.0532, 2.4528 -1.4601 2.0532, 1.5472 -1.2871 2.0532, 1.5472 -1.4601 2.0532, 1.5472 -1.0679 2.0532, 1.5472 -0.8934 2.0532, 2.4528 -1.0679 2.0532, 2.4528 -0.8934 2.0532, 1.5472 -0.6742 2.0532, 1.5472 -0.4997 2.0532, 2.4528 -0.6742 2.0532, 2.4528 -0.4997 2.0532, 1.5472 -0.2805 2.0532, 1.5472 -0.106 2.0532, 2.4528 -0.2805 2.0532, 2.4528 -0.106 2.0532, 1.5472 0.1132 2.0532, 1.5472 0.2877 2.0532, 2.4528 0.1132 2.0532, 2.4528 0.2877 2.0532, 2.2289 1.3232 1.4468, 2.4528 1.3232 1.7951, 2.2289 1.3232 0.9672, 2.4528 1.3232 0.6684, 1.7692 1.3232 0.9672, 1.5472 1.3232 0.6684, 1.7692 1.3232 1.4468, 1.5472 1.3232 1.7951, 1.9409 -0.1638 -1.7717, 2.0591 -0.1638 -1.7717, 1.8228 -0.1638 -1.3309, 2.1772 -0.1638 -1.3309, 1.8228 -0.1638 0.0, 2.1772 -0.1638 0.0, 1.9409 0.1512 -1.7717, 2.0591 0.1512 -1.7717, 1.8228 0.1512 0.0, 2.1772 0.1512 0.0, 1.8228 0.1512 -1.3309, 2.1772 0.1512 -1.3309, 2.1772 0.1529 0.0129, 1.8228 0.1529 0.0129, 2.1772 0.1579 0.0249, 1.8228 0.1579 0.0249, 2.1772 0.1658 0.0352, 1.8228 0.1658 0.0352, 2.1772 0.1761 0.0431, 1.8228 0.1761 0.0431, 2.1772 0.1881 0.0481, 1.8228 0.1881 0.0481, 2.1772 0.201 0.0498, 1.8228 0.201 0.0498, 1.5472 0.7046 0.0498, 2.4528 0.7046 0.0498, 2.1772 0.429 0.0498, 1.8228 0.429 0.0498, 1.5472 0.8253 0.0617, 2.4528 0.8253 0.0617, 1.5472 0.9414 0.0969, 2.4528 0.9414 0.0969, 1.5472 1.0483 0.1541, 2.4528 1.0483 0.1541, 1.5472 1.1421 0.231, 2.4528 1.1421 0.231, 1.5472 1.219 0.3247, 2.4528 1.219 0.3247, 1.5472 1.2762 0.4317, 2.4528 1.2762 0.4317, 1.5472 1.3114 0.5477, 2.4528 1.3114 0.5477, 1.5472 1.3122 1.9069, 2.4528 1.3122 1.9069, 1.5472 1.2796 2.0144, 2.4528 1.2796 2.0144, 1.5472 1.2267 2.1135, 2.4528 1.2267 2.1135, 1.5472 1.1554 2.2003, 2.4528 1.1554 2.2003, 1.5472 1.0685 2.2716, 2.4528 1.0685 2.2716, 1.5472 0.9695 2.3245, 2.4528 0.9695 2.3245, 1.5472 0.8619 2.3571, 2.4528 0.8619 2.3571, 1.5472 0.7501 2.3682, 2.4528 0.7501 2.3682, 2.4528 -1.4601 2.3682, 1.5472 -1.4601 2.3682, 1.5472 0.5069 2.0532, 1.5472 0.7501 2.0532, 2.4528 0.5069 2.0532, 2.4528 0.7501 2.0532, 2.4528 0.817 2.0444, 1.5472 0.817 2.0444, 2.4528 0.8792 2.0186, 1.5472 0.8792 2.0186, 2.4528 0.9327 1.9776, 1.5472 0.9327 1.9776, 2.4528 0.9737 1.9241, 1.5472 0.9737 1.9241, 2.4528 0.9995 1.8619, 1.5472 0.9995 1.8619, 2.4528 1.0083 1.7951, 1.5472 1.0083 1.7951, 2.4528 1.0083 0.6684, 1.5472 1.0083 0.6684, 2.4528 0.9979 0.5898, 1.5472 0.9979 0.5898, 2.4528 0.9676 0.5166, 1.5472 0.9676 0.5166, 2.4528 0.9193 0.4537, 1.5472 0.9193 0.4537, 2.4528 0.8565 0.4054, 1.5472 0.8565 0.4054, 2.4528 0.7832 0.3751, 1.5472 0.7832 0.3751, 2.4528 0.7046 0.3648, 1.5472 0.7046 0.3648, 1.8228 0.201 0.3648, 2.1772 0.201 0.3648, 1.8228 0.429 0.3648, 2.1772 0.429 0.3648, 1.8228 0.1066 0.3523, 2.1772 0.1066 0.3523, 1.8228 0.0186 0.3159, 2.1772 0.0186 0.3159, 1.8228 -0.0569 0.2579, 2.1772 -0.0569 0.2579, 1.8228 -0.1149 0.1824, 2.1772 -0.1149 0.1824, 1.8228 -0.1514 0.0944, 2.1772 -0.1514 0.0944, 2.4528 -1.1775 2.1628, 2.4528 -0.7838 2.1628, 2.4528 -0.3901 2.1628, 2.4528 0.0036 2.1628, 2.4528 0.3973 2.1628, 1.5472 0.0036 2.1628, 1.5472 -0.3901 2.1628, 1.5472 -0.7838 2.1628, 1.5472 -1.1775 2.1628, 1.5472 0.3973 2.1628, 1.7692 1.5201 1.0246, 1.7692 1.5201 0.9672, 2.2289 1.5201 1.0246, 2.2289 1.5201 0.9672
            ]
        }
        coordIndex [
            0,1,2,-1,3,4,5,-1,6,7,8,-1,9,10,11,-1,12,13,14,-1,15,16,17,-1,18,19,20,-1,21,22,23,-1,24,25,26,-1,27,28,29,-1,30,31,32,-1,33,34,35,-1,36,37,38,-1,39,40,41,-1,42,43,44,-1,45,46,47,-1,48,49,50,-1,50,49,51,-1,46,52,47,-1,47,52,53,-1,47,53,51,-1,51,53,54,-1,51,54,50,-1,45,47,55,-1,55,47,56,-1,55,56,57,-1,57,56,58,-1,58,56,59,-1,58,59,60,-1,60,59,61,-1,61,59,62,-1,61,62,63,-1,63,62,64,-1,64,62,65,-1,64,65,66,-1,67,68,65,-1,65,68,69,-1,65,69,66,-1,70,71,67,-1,67,71,72,-1,67,72,73,-1,73,74,67,-1,67,74,75,-1,67,75,68,-1,76,77,78,-1,79,80,78,-1,78,80,81,-1,78,81,76,-1,82,83,80,-1,80,83,84,-1,80,84,81,-1,85,86,82,-1,82,86,87,-1,82,87,83,-1,88,89,85,-1,85,89,90,-1,85,90,86,-1,91,92,88,-1,88,92,93,-1,93,94,88,-1,88,94,95,-1,88,95,89,-1,96,97,98,-1,98,97,99,-1,98,99,91,-1,91,99,100,-1,91,100,92,-1,101,102,103,-1,103,104,101,-1,101,104,105,-1,101,105,98,-1,98,105,106,-1,98,106,96,-1,107,108,109,-1,109,108,110,-1,109,110,111,-1,111,110,112,-1,111,112,113,-1,113,112,114,-1,113,114,115,-1,115,114,116,-1,115,116,117,-1,117,116,118,-1,117,118,119,-1,119,118,120,-1,119,120,121,-1,121,120,29,-1,122,123,124,-1,124,123,125,-1,124,125,126,-1,126,125,127,-1,126,127,128,-1,128,127,129,-1,128,129,130,-1,130,129,131,-1,130,131,132,-1,132,131,133,-1,132,133,134,-1,134,133,135,-1,134,135,136,-1,136,135,11,-1,49,137,51,-1,51,137,138,-1,51,138,47,-1,47,138,139,-1,47,139,56,-1,56,139,140,-1,56,140,59,-1,59,140,141,-1,59,141,62,-1,62,141,142,-1,62,142,65,-1,65,142,143,-1,65,143,67,-1,67,143,44,-1,67,44,70,-1,70,44,43,-1,40,42,41,-1,41,42,44,-1,41,44,144,-1,144,44,143,-1,144,143,145,-1,145,143,142,-1,145,142,146,-1,146,142,141,-1,146,141,147,-1,147,141,140,-1,147,140,148,-1,148,140,139,-1,148,139,149,-1,149,139,138,-1,149,138,150,-1,150,138,137,-1,151,39,152,-1,152,39,41,-1,152,41,153,-1,153,41,144,-1,153,144,154,-1,154,144,145,-1,154,145,155,-1,155,145,146,-1,155,146,156,-1,156,146,147,-1,156,147,157,-1,157,147,148,-1,157,148,158,-1,158,148,149,-1,158,149,159,-1,159,149,150,-1,159,160,158,-1,158,160,161,-1,158,161,157,-1,157,161,162,-1,157,162,156,-1,156,162,163,-1,156,163,155,-1,155,163,164,-1,155,164,154,-1,154,164,165,-1,154,165,153,-1,153,165,166,-1,153,166,152,-1,152,166,38,-1,152,38,151,-1,151,38,37,-1,34,36,35,-1,35,36,38,-1,35,38,167,-1,167,38,166,-1,167,166,168,-1,168,166,165,-1,168,165,169,-1,169,165,164,-1,169,164,170,-1,170,164,163,-1,170,163,171,-1,171,163,162,-1,171,162,172,-1,172,162,161,-1,172,161,173,-1,173,161,160,-1,31,33,32,-1,32,33,35,-1,32,35,174,-1,174,35,167,-1,174,167,175,-1,175,167,168,-1,175,168,176,-1,176,168,169,-1,176,169,177,-1,177,169,170,-1,177,170,178,-1,178,170,171,-1,178,171,179,-1,179,171,172,-1,179,172,180,-1,180,172,173,-1,181,30,182,-1,182,30,32,-1,182,32,183,-1,183,32,174,-1,183,174,184,-1,184,174,175,-1,184,175,185,-1,185,175,176,-1,185,176,186,-1,186,176,177,-1,186,177,187,-1,187,177,178,-1,187,178,188,-1,188,178,179,-1,188,179,189,-1,189,179,180,-1,189,107,188,-1,188,107,109,-1,188,109,187,-1,187,109,111,-1,187,111,186,-1,186,111,113,-1,186,113,185,-1,185,113,115,-1,185,115,184,-1,184,115,117,-1,184,117,183,-1,183,117,119,-1,183,119,182,-1,182,119,121,-1,182,121,181,-1,181,121,190,-1,29,28,121,-1,121,28,191,-1,121,191,190,-1,192,27,193,-1,193,27,29,-1,193,29,194,-1,194,29,120,-1,194,120,195,-1,195,120,118,-1,195,118,196,-1,196,118,116,-1,196,116,197,-1,197,116,114,-1,197,114,198,-1,198,114,112,-1,198,112,199,-1,199,112,110,-1,199,110,200,-1,200,110,108,-1,200,201,199,-1,199,201,202,-1,199,202,198,-1,198,202,203,-1,198,203,197,-1,197,203,204,-1,197,204,196,-1,196,204,205,-1,196,205,195,-1,195,205,206,-1,195,206,194,-1,194,206,207,-1,194,207,193,-1,193,207,26,-1,193,26,192,-1,192,26,25,-1,22,24,23,-1,23,24,26,-1,23,26,208,-1,208,26,207,-1,208,207,209,-1,209,207,206,-1,209,206,210,-1,210,206,205,-1,210,205,211,-1,211,205,204,-1,211,204,212,-1,212,204,203,-1,212,203,213,-1,213,203,202,-1,213,202,214,-1,214,202,201,-1,215,21,216,-1,216,21,23,-1,216,23,217,-1,217,23,208,-1,217,208,218,-1,218,208,209,-1,218,209,219,-1,219,209,210,-1,219,210,220,-1,220,210,211,-1,220,211,221,-1,221,211,212,-1,221,212,222,-1,222,212,213,-1,222,213,223,-1,223,213,214,-1,223,224,222,-1,222,224,225,-1,222,225,221,-1,221,225,226,-1,221,226,220,-1,220,226,227,-1,220,227,219,-1,219,227,228,-1,219,228,218,-1,218,228,229,-1,218,229,217,-1,217,229,230,-1,217,230,216,-1,216,230,20,-1,216,20,215,-1,215,20,19,-1,16,18,17,-1,17,18,20,-1,17,20,231,-1,231,20,230,-1,231,230,232,-1,232,230,229,-1,232,229,233,-1,233,229,228,-1,233,228,234,-1,234,228,227,-1,234,227,235,-1,235,227,226,-1,235,226,236,-1,236,226,225,-1,236,225,237,-1,237,225,224,-1,13,15,14,-1,14,15,17,-1,14,17,238,-1,238,17,231,-1,238,231,239,-1,239,231,232,-1,239,232,240,-1,240,232,233,-1,240,233,241,-1,241,233,234,-1,241,234,242,-1,242,234,235,-1,242,235,243,-1,243,235,236,-1,243,236,244,-1,244,236,237,-1,245,12,246,-1,246,12,14,-1,246,14,247,-1,247,14,238,-1,247,238,248,-1,248,238,239,-1,248,239,249,-1,249,239,240,-1,249,240,250,-1,250,240,241,-1,250,241,251,-1,251,241,242,-1,251,242,252,-1,252,242,243,-1,252,243,253,-1,253,243,244,-1,253,122,252,-1,252,122,124,-1,252,124,251,-1,251,124,126,-1,251,126,250,-1,250,126,128,-1,250,128,249,-1,249,128,130,-1,249,130,248,-1,248,130,132,-1,248,132,247,-1,247,132,134,-1,247,134,246,-1,246,134,136,-1,246,136,245,-1,245,136,254,-1,11,10,136,-1,136,10,255,-1,136,255,254,-1,256,9,257,-1,257,9,11,-1,257,11,258,-1,258,11,135,-1,258,135,259,-1,259,135,133,-1,259,133,260,-1,260,133,131,-1,260,131,261,-1,261,131,129,-1,261,129,262,-1,262,129,127,-1,262,127,263,-1,263,127,125,-1,263,125,264,-1,264,125,123,-1,264,265,263,-1,263,265,266,-1,263,266,262,-1,262,266,267,-1,262,267,261,-1,261,267,268,-1,261,268,260,-1,260,268,269,-1,260,269,259,-1,259,269,270,-1,259,270,258,-1,258,270,271,-1,258,271,257,-1,257,271,8,-1,257,8,256,-1,256,8,7,-1,4,6,5,-1,5,6,8,-1,5,8,272,-1,272,8,271,-1,272,271,273,-1,273,271,270,-1,273,270,274,-1,274,270,269,-1,274,269,275,-1,275,269,268,-1,275,268,276,-1,276,268,267,-1,276,267,277,-1,277,267,266,-1,277,266,278,-1,278,266,265,-1,279,3,280,-1,280,3,5,-1,280,5,281,-1,281,5,272,-1,281,272,282,-1,282,272,273,-1,282,273,283,-1,283,273,274,-1,283,274,284,-1,284,274,275,-1,284,275,285,-1,285,275,276,-1,285,276,286,-1,286,276,277,-1,286,277,287,-1,287,277,278,-1,287,288,286,-1,286,288,289,-1,286,289,285,-1,285,289,290,-1,285,290,284,-1,284,290,291,-1,284,291,283,-1,283,291,292,-1,283,292,282,-1,282,292,293,-1,282,293,281,-1,281,293,294,-1,281,294,280,-1,280,294,2,-1,280,2,279,-1,279,2,1,-1,79,0,80,-1,80,0,2,-1,80,2,82,-1,82,2,294,-1,82,294,85,-1,85,294,293,-1,85,293,88,-1,88,293,292,-1,88,292,91,-1,91,292,291,-1,91,291,98,-1,98,291,290,-1,98,290,101,-1,101,290,289,-1,101,289,102,-1,102,289,288,-1,48,103,102,-1,200,102,288,-1,200,108,102,-1,102,108,107,-1,102,107,189,-1,160,159,102,-1,102,159,150,-1,237,224,278,-1,278,224,223,-1,278,223,214,-1,288,287,200,-1,200,287,278,-1,200,278,201,-1,201,278,214,-1,189,180,102,-1,102,180,173,-1,102,173,160,-1,150,137,102,-1,102,137,49,-1,102,49,48,-1,278,265,237,-1,237,265,264,-1,237,264,123,-1,123,122,237,-1,237,122,253,-1,237,253,244,-1,295,296,297,-1,295,297,298,-1,299,300,297,-1,297,300,301,-1,297,301,298,-1,302,303,297,-1,297,303,304,-1,297,304,299,-1,305,306,297,-1,297,306,307,-1,297,307,302,-1,308,309,297,-1,297,309,310,-1,297,310,305,-1,311,312,297,-1,297,312,313,-1,297,313,308,-1,314,315,297,-1,297,315,316,-1,297,316,311,-1,317,318,297,-1,297,318,319,-1,297,319,314,-1,320,321,297,-1,297,321,322,-1,297,322,317,-1,323,324,297,-1,297,324,325,-1,297,325,320,-1,326,327,297,-1,297,327,328,-1,297,328,323,-1,329,330,297,-1,297,330,331,-1,297,331,326,-1,332,333,297,-1,297,333,334,-1,297,334,329,-1,335,336,297,-1,297,336,337,-1,297,337,332,-1,296,338,297,-1,297,338,339,-1,297,339,335,-1,340,341,342,-1,342,341,343,-1,342,343,344,-1,344,343,345,-1,344,345,346,-1,346,345,347,-1,346,347,348,-1,340,349,341,-1,341,349,350,-1,341,350,351,-1,351,350,352,-1,351,352,353,-1,353,352,354,-1,353,354,355,-1,355,354,356,-1,356,357,355,-1,355,357,358,-1,355,358,359,-1,358,360,359,-1,359,360,361,-1,359,361,362,-1,362,361,363,-1,362,363,364,-1,364,363,365,-1,364,365,366,-1,366,365,367,-1,367,368,366,-1,366,368,369,-1,366,369,370,-1,370,369,371,-1,370,371,372,-1,372,371,373,-1,372,373,374,-1,374,373,375,-1,375,376,374,-1,374,376,377,-1,374,377,378,-1,378,377,379,-1,378,379,380,-1,379,381,380,-1,380,381,382,-1,380,382,383,-1,382,384,383,-1,383,384,385,-1,383,385,386,-1,385,387,386,-1,386,387,388,-1,386,388,389,-1,389,388,390,-1,389,390,391,-1,391,390,392,-1,391,392,393,-1,393,392,394,-1,394,395,393,-1,393,395,396,-1,393,396,397,-1,397,396,398,-1,397,398,399,-1,399,398,400,-1,399,400,401,-1,401,400,402,-1,402,403,401,-1,401,403,404,-1,401,404,405,-1,404,406,405,-1,405,406,407,-1,405,407,408,-1,408,407,409,-1,408,409,410,-1,410,409,411,-1,410,411,412,-1,412,411,413,-1,413,414,412,-1,412,414,415,-1,412,415,416,-1,416,415,417,-1,416,417,418,-1,418,417,419,-1,418,419,420,-1,420,419,421,-1,421,422,420,-1,420,422,423,-1,420,423,424,-1,424,423,425,-1,424,425,426,-1,425,427,426,-1,426,427,428,-1,426,428,429,-1,428,430,429,-1,429,430,431,-1,429,431,432,-1,431,433,432,-1,432,433,434,-1,432,434,435,-1,435,434,436,-1,435,436,437,-1,437,436,438,-1,437,438,439,-1,439,438,440,-1,440,441,439,-1,439,441,442,-1,439,442,443,-1,443,442,444,-1,443,444,445,-1,445,444,446,-1,445,446,447,-1,447,446,448,-1,448,449,447,-1,447,449,450,-1,447,450,451,-1,451,450,452,-1,451,452,453,-1,453,452,454,-1,453,454,455,-1,455,454,456,-1,455,456,347,-1,347,456,457,-1,347,457,348,-1,451,458,447,-1,447,458,459,-1,447,459,445,-1,445,459,460,-1,445,460,443,-1,443,460,461,-1,443,461,439,-1,439,461,462,-1,439,462,437,-1,437,462,463,-1,437,463,435,-1,435,463,464,-1,435,464,432,-1,432,464,465,-1,432,465,429,-1,429,465,466,-1,429,466,426,-1,426,466,467,-1,426,467,424,-1,424,467,468,-1,424,468,420,-1,420,468,469,-1,420,469,418,-1,418,469,470,-1,418,470,416,-1,416,470,471,-1,416,471,412,-1,412,471,472,-1,412,472,410,-1,410,472,473,-1,410,473,408,-1,408,473,474,-1,408,474,405,-1,405,474,475,-1,405,475,401,-1,401,475,476,-1,401,476,399,-1,399,476,477,-1,399,477,397,-1,397,477,478,-1,397,478,393,-1,393,478,479,-1,393,479,391,-1,391,479,480,-1,391,480,389,-1,389,480,481,-1,389,481,386,-1,386,481,482,-1,386,482,383,-1,383,482,483,-1,383,483,380,-1,380,483,484,-1,380,484,378,-1,378,484,485,-1,378,485,374,-1,374,485,486,-1,374,486,372,-1,372,486,487,-1,372,487,370,-1,370,487,488,-1,370,488,366,-1,366,488,489,-1,366,489,364,-1,364,489,490,-1,364,490,362,-1,362,490,491,-1,362,491,359,-1,359,491,492,-1,359,492,355,-1,355,492,493,-1,355,493,353,-1,353,493,494,-1,353,494,351,-1,351,494,495,-1,351,495,341,-1,341,495,496,-1,341,496,343,-1,343,496,497,-1,343,497,345,-1,345,497,498,-1,345,498,347,-1,347,498,499,-1,347,499,455,-1,455,499,500,-1,455,500,453,-1,453,500,501,-1,453,501,451,-1,451,501,458,-1,501,502,458,-1,458,502,503,-1,458,503,459,-1,459,503,504,-1,459,504,460,-1,460,504,505,-1,460,505,461,-1,461,505,506,-1,461,506,462,-1,462,506,507,-1,462,507,463,-1,463,507,508,-1,463,508,464,-1,464,508,509,-1,464,509,465,-1,465,509,510,-1,465,510,466,-1,466,510,511,-1,466,511,467,-1,467,511,512,-1,467,512,468,-1,468,512,513,-1,468,513,469,-1,469,513,514,-1,469,514,470,-1,470,514,515,-1,470,515,471,-1,471,515,516,-1,471,516,472,-1,472,516,517,-1,472,517,473,-1,473,517,518,-1,473,518,474,-1,474,518,519,-1,474,519,475,-1,475,519,520,-1,475,520,476,-1,476,520,521,-1,476,521,477,-1,477,521,522,-1,477,522,478,-1,478,522,523,-1,478,523,479,-1,479,523,524,-1,479,524,480,-1,480,524,525,-1,480,525,481,-1,481,525,526,-1,481,526,482,-1,482,526,527,-1,482,527,483,-1,483,527,528,-1,483,528,484,-1,484,528,529,-1,484,529,485,-1,485,529,530,-1,485,530,486,-1,486,530,531,-1,486,531,487,-1,487,531,532,-1,487,532,488,-1,488,532,533,-1,488,533,489,-1,489,533,534,-1,489,534,490,-1,490,534,535,-1,490,535,491,-1,491,535,536,-1,491,536,492,-1,492,536,537,-1,492,537,493,-1,493,537,538,-1,493,538,494,-1,494,538,539,-1,494,539,495,-1,495,539,540,-1,495,540,496,-1,496,540,541,-1,496,541,497,-1,497,541,542,-1,497,542,498,-1,498,542,543,-1,498,543,499,-1,499,543,544,-1,499,544,500,-1,500,544,545,-1,500,545,501,-1,501,545,502,-1,545,546,502,-1,502,546,547,-1,502,547,503,-1,503,547,548,-1,503,548,504,-1,504,548,549,-1,504,549,505,-1,505,549,550,-1,505,550,506,-1,506,550,551,-1,506,551,507,-1,507,551,552,-1,507,552,508,-1,508,552,553,-1,508,553,509,-1,509,553,554,-1,509,554,510,-1,510,554,555,-1,510,555,511,-1,511,555,556,-1,511,556,512,-1,512,556,557,-1,512,557,513,-1,513,557,558,-1,513,558,514,-1,514,558,559,-1,514,559,515,-1,515,559,560,-1,515,560,516,-1,516,560,561,-1,516,561,517,-1,517,561,562,-1,517,562,518,-1,518,562,563,-1,518,563,519,-1,519,563,564,-1,519,564,520,-1,520,564,565,-1,520,565,521,-1,521,565,566,-1,521,566,522,-1,522,566,567,-1,522,567,523,-1,523,567,568,-1,523,568,524,-1,524,568,569,-1,524,569,525,-1,525,569,570,-1,525,570,526,-1,526,570,571,-1,526,571,527,-1,527,571,572,-1,527,572,528,-1,528,572,573,-1,528,573,529,-1,529,573,574,-1,529,574,530,-1,530,574,575,-1,530,575,531,-1,531,575,576,-1,531,576,532,-1,532,576,577,-1,532,577,533,-1,533,577,578,-1,533,578,534,-1,534,578,579,-1,534,579,535,-1,535,579,580,-1,535,580,536,-1,536,580,581,-1,536,581,537,-1,537,581,582,-1,537,582,538,-1,538,582,583,-1,538,583,539,-1,539,583,584,-1,539,584,540,-1,540,584,585,-1,540,585,541,-1,541,585,586,-1,541,586,542,-1,542,586,587,-1,542,587,543,-1,543,587,588,-1,543,588,544,-1,544,588,589,-1,544,589,545,-1,545,589,546,-1,589,590,546,-1,546,590,591,-1,546,591,547,-1,547,591,592,-1,547,592,548,-1,548,592,593,-1,548,593,549,-1,549,593,594,-1,549,594,550,-1,550,594,595,-1,550,595,551,-1,551,595,596,-1,551,596,552,-1,552,596,597,-1,552,597,553,-1,553,597,598,-1,553,598,554,-1,554,598,599,-1,554,599,555,-1,555,599,600,-1,555,600,556,-1,556,600,601,-1,556,601,557,-1,557,601,602,-1,557,602,558,-1,558,602,603,-1,558,603,559,-1,559,603,604,-1,559,604,560,-1,560,604,605,-1,560,605,561,-1,561,605,606,-1,561,606,562,-1,562,606,607,-1,562,607,563,-1,563,607,608,-1,563,608,564,-1,564,608,609,-1,564,609,565,-1,565,609,610,-1,565,610,566,-1,566,610,611,-1,566,611,567,-1,567,611,612,-1,567,612,568,-1,568,612,613,-1,568,613,569,-1,569,613,614,-1,569,614,570,-1,570,614,615,-1,570,615,571,-1,571,615,616,-1,571,616,572,-1,572,616,617,-1,572,617,573,-1,573,617,618,-1,573,618,574,-1,574,618,619,-1,574,619,575,-1,575,619,620,-1,575,620,576,-1,576,620,621,-1,576,621,577,-1,577,621,622,-1,577,622,578,-1,578,622,623,-1,578,623,579,-1,579,623,624,-1,579,624,580,-1,580,624,625,-1,580,625,581,-1,581,625,626,-1,581,626,582,-1,582,626,627,-1,582,627,583,-1,583,627,628,-1,583,628,584,-1,584,628,629,-1,584,629,585,-1,585,629,630,-1,585,630,586,-1,586,630,631,-1,586,631,587,-1,587,631,632,-1,587,632,588,-1,588,632,633,-1,588,633,589,-1,589,633,590,-1,633,298,590,-1,590,298,301,-1,590,301,591,-1,591,301,300,-1,591,300,592,-1,592,300,299,-1,592,299,593,-1,593,299,304,-1,593,304,594,-1,594,304,303,-1,594,303,595,-1,595,303,302,-1,595,302,596,-1,596,302,307,-1,596,307,597,-1,597,307,306,-1,597,306,598,-1,598,306,305,-1,598,305,599,-1,599,305,310,-1,599,310,600,-1,600,310,309,-1,600,309,601,-1,601,309,308,-1,601,308,602,-1,602,308,313,-1,602,313,603,-1,603,313,312,-1,603,312,604,-1,604,312,311,-1,604,311,605,-1,605,311,316,-1,605,316,606,-1,606,316,315,-1,606,315,607,-1,607,315,314,-1,607,314,608,-1,608,314,319,-1,608,319,609,-1,609,319,318,-1,609,318,610,-1,610,318,317,-1,610,317,611,-1,611,317,322,-1,611,322,612,-1,612,322,321,-1,612,321,613,-1,613,321,320,-1,613,320,614,-1,614,320,325,-1,614,325,615,-1,615,325,324,-1,615,324,616,-1,616,324,323,-1,616,323,617,-1,617,323,328,-1,617,328,618,-1,618,328,327,-1,618,327,619,-1,619,327,326,-1,619,326,620,-1,620,326,331,-1,620,331,621,-1,621,331,330,-1,621,330,622,-1,622,330,329,-1,622,329,623,-1,623,329,334,-1,623,334,624,-1,624,334,333,-1,624,333,625,-1,625,333,332,-1,625,332,626,-1,626,332,337,-1,626,337,627,-1,627,337,336,-1,627,336,628,-1,628,336,335,-1,628,335,629,-1,629,335,339,-1,629,339,630,-1,630,339,338,-1,630,338,631,-1,631,338,296,-1,631,296,632,-1,632,296,295,-1,632,295,633,-1,633,295,298,-1,634,350,635,-1,635,350,349,-1,635,349,636,-1,636,349,340,-1,636,340,637,-1,637,340,342,-1,637,342,638,-1,638,342,344,-1,638,344,639,-1,640,361,641,-1,641,361,360,-1,641,360,642,-1,642,360,358,-1,642,358,643,-1,643,358,357,-1,643,357,644,-1,644,357,356,-1,644,356,645,-1,645,356,354,-1,645,354,634,-1,634,354,352,-1,634,352,350,-1,646,377,647,-1,647,377,376,-1,647,376,648,-1,648,376,375,-1,648,375,649,-1,649,375,373,-1,649,373,650,-1,650,373,371,-1,650,371,651,-1,651,371,369,-1,651,369,652,-1,652,369,368,-1,652,368,653,-1,653,368,367,-1,653,367,654,-1,654,367,365,-1,654,365,640,-1,640,365,363,-1,640,363,361,-1,655,388,656,-1,656,388,387,-1,656,387,657,-1,657,387,385,-1,657,385,658,-1,658,385,384,-1,658,384,659,-1,659,384,382,-1,659,382,660,-1,660,382,381,-1,660,381,646,-1,646,381,379,-1,646,379,377,-1,661,396,662,-1,662,396,395,-1,662,395,663,-1,663,395,394,-1,663,394,664,-1,664,394,392,-1,664,392,655,-1,655,392,390,-1,655,390,388,-1,411,409,665,-1,665,409,407,-1,665,407,666,-1,666,407,406,-1,666,406,667,-1,667,406,404,-1,667,404,668,-1,668,404,403,-1,668,403,669,-1,669,403,402,-1,669,402,670,-1,670,402,400,-1,670,400,661,-1,661,400,398,-1,661,398,396,-1,665,671,411,-1,411,671,672,-1,411,672,413,-1,413,672,673,-1,413,673,414,-1,414,673,674,-1,675,423,676,-1,676,423,422,-1,676,422,677,-1,677,422,421,-1,677,421,678,-1,678,421,419,-1,678,419,679,-1,679,419,417,-1,679,417,674,-1,674,417,415,-1,674,415,414,-1,680,434,681,-1,681,434,433,-1,681,433,682,-1,682,433,431,-1,682,431,683,-1,683,431,430,-1,683,430,684,-1,684,430,428,-1,684,428,685,-1,685,428,427,-1,685,427,675,-1,675,427,425,-1,675,425,423,-1,686,446,687,-1,687,446,444,-1,687,444,688,-1,688,444,442,-1,688,442,689,-1,689,442,441,-1,689,441,690,-1,690,441,440,-1,690,440,691,-1,691,440,438,-1,691,438,680,-1,680,438,436,-1,680,436,434,-1,344,346,639,-1,639,346,348,-1,639,348,692,-1,692,348,457,-1,692,457,693,-1,693,457,456,-1,693,456,694,-1,694,456,454,-1,694,454,695,-1,695,454,452,-1,695,452,696,-1,696,452,450,-1,696,450,697,-1,697,450,449,-1,697,449,686,-1,686,449,448,-1,686,448,446,-1,694,698,699,-1,700,692,699,-1,699,692,693,-1,699,693,694,-1,701,638,700,-1,700,638,639,-1,700,639,692,-1,702,636,701,-1,701,636,637,-1,701,637,638,-1,703,634,702,-1,702,634,635,-1,702,635,636,-1,704,644,703,-1,703,644,645,-1,703,645,634,-1,705,642,704,-1,704,642,643,-1,704,643,644,-1,706,640,705,-1,705,640,641,-1,705,641,642,-1,707,653,706,-1,706,653,654,-1,706,654,640,-1,708,650,709,-1,709,650,651,-1,709,651,707,-1,707,651,652,-1,707,652,653,-1,710,648,708,-1,708,648,649,-1,708,649,650,-1,711,646,710,-1,710,646,647,-1,710,647,648,-1,712,659,711,-1,711,659,660,-1,711,660,646,-1,713,657,712,-1,712,657,658,-1,712,658,659,-1,714,655,713,-1,713,655,656,-1,713,656,657,-1,715,663,714,-1,714,663,664,-1,714,664,655,-1,716,661,715,-1,715,661,662,-1,715,662,663,-1,717,669,716,-1,716,669,670,-1,716,670,661,-1,718,667,717,-1,717,667,668,-1,717,668,669,-1,719,671,720,-1,720,671,665,-1,720,665,718,-1,718,665,666,-1,718,666,667,-1,721,673,719,-1,719,673,672,-1,719,672,671,-1,722,679,721,-1,721,679,674,-1,721,674,673,-1,723,677,722,-1,722,677,678,-1,722,678,679,-1,724,675,723,-1,723,675,676,-1,723,676,677,-1,725,684,724,-1,724,684,685,-1,724,685,675,-1,726,682,725,-1,725,682,683,-1,725,683,684,-1,727,680,726,-1,726,680,681,-1,726,681,682,-1,728,690,727,-1,727,690,691,-1,727,691,680,-1,729,688,728,-1,728,688,689,-1,728,689,690,-1,694,695,698,-1,698,695,696,-1,698,696,730,-1,730,696,697,-1,730,697,731,-1,731,697,686,-1,731,686,729,-1,729,686,687,-1,729,687,688,-1,732,731,733,-1,733,731,729,-1,733,729,734,-1,734,729,728,-1,734,728,735,-1,735,728,727,-1,735,727,736,-1,736,727,726,-1,736,726,737,-1,737,726,725,-1,737,725,738,-1,738,725,724,-1,738,724,739,-1,739,724,723,-1,739,723,740,-1,740,723,722,-1,740,722,741,-1,741,722,721,-1,741,721,742,-1,742,721,719,-1,742,719,743,-1,743,719,720,-1,743,720,744,-1,744,720,718,-1,744,718,745,-1,745,718,717,-1,745,717,746,-1,746,717,716,-1,746,716,747,-1,747,716,715,-1,747,715,748,-1,748,715,714,-1,748,714,749,-1,749,714,713,-1,749,713,750,-1,750,713,712,-1,750,712,751,-1,751,712,711,-1,751,711,752,-1,752,711,710,-1,752,710,753,-1,753,710,708,-1,753,708,754,-1,754,708,709,-1,754,709,755,-1,755,709,707,-1,755,707,756,-1,756,707,706,-1,756,706,757,-1,757,706,705,-1,757,705,758,-1,758,705,704,-1,758,704,759,-1,759,704,703,-1,759,703,760,-1,760,703,702,-1,760,702,761,-1,761,702,701,-1,761,701,762,-1,762,701,700,-1,762,700,763,-1,763,700,699,-1,763,699,764,-1,764,699,698,-1,764,698,765,-1,765,698,730,-1,765,730,732,-1,732,730,731,-1,766,748,749,-1,753,767,752,-1,752,767,768,-1,752,768,751,-1,750,769,749,-1,749,769,770,-1,749,770,766,-1,768,771,751,-1,751,771,772,-1,751,772,750,-1,750,772,773,-1,750,773,769,-1,757,774,756,-1,756,774,775,-1,756,775,755,-1,765,776,764,-1,764,776,777,-1,764,777,763,-1,732,778,765,-1,765,778,779,-1,765,779,776,-1,736,780,735,-1,735,780,781,-1,735,781,734,-1,737,782,736,-1,736,782,783,-1,736,783,780,-1,784,744,745,-1,733,785,732,-1,732,785,786,-1,732,786,778,-1,781,787,734,-1,734,787,788,-1,734,788,733,-1,733,788,789,-1,733,789,785,-1,766,790,748,-1,748,790,791,-1,748,791,747,-1,747,791,792,-1,747,792,746,-1,754,793,753,-1,753,793,794,-1,753,794,767,-1,775,795,755,-1,755,795,796,-1,755,796,754,-1,754,796,797,-1,754,797,793,-1,758,798,757,-1,757,798,799,-1,757,799,774,-1,738,800,737,-1,737,800,801,-1,737,801,782,-1,740,802,739,-1,739,802,803,-1,739,803,738,-1,738,803,804,-1,738,804,800,-1,784,805,744,-1,744,805,806,-1,744,806,743,-1,743,806,807,-1,743,807,742,-1,759,808,758,-1,758,808,809,-1,758,809,798,-1,761,810,760,-1,760,810,811,-1,760,811,759,-1,759,811,812,-1,759,812,808,-1,792,813,746,-1,746,813,814,-1,746,814,745,-1,745,814,815,-1,745,815,784,-1,762,816,761,-1,761,816,817,-1,761,817,810,-1,741,818,740,-1,740,818,819,-1,740,819,802,-1,807,820,742,-1,742,820,821,-1,742,821,741,-1,741,821,822,-1,741,822,818,-1,777,823,763,-1,763,823,824,-1,763,824,762,-1,762,824,825,-1,762,825,816,-1,826,827,828,-1,826,829,827,-1,827,829,830,-1,827,830,831,-1,831,830,832,-1,831,832,833,-1,833,832,834,-1,833,834,835,-1,835,834,836,-1,836,837,835,-1,835,837,838,-1,835,838,839,-1,838,840,839,-1,839,840,841,-1,839,841,842,-1,842,841,843,-1,842,843,844,-1,843,845,844,-1,844,845,846,-1,844,846,847,-1,846,848,847,-1,847,848,849,-1,847,849,850,-1,850,849,851,-1,850,851,852,-1,852,851,853,-1,852,853,854,-1,854,853,855,-1,855,856,854,-1,854,856,857,-1,854,857,858,-1,857,859,858,-1,858,859,860,-1,858,860,861,-1,861,860,862,-1,861,862,863,-1,862,864,863,-1,863,864,865,-1,863,865,866,-1,865,867,866,-1,866,867,868,-1,866,868,869,-1,869,868,870,-1,869,870,871,-1,871,870,872,-1,871,872,873,-1,873,872,874,-1,874,875,873,-1,873,875,876,-1,873,876,877,-1,876,878,877,-1,877,878,879,-1,877,879,880,-1,880,879,881,-1,880,881,882,-1,882,881,883,-1,882,883,884,-1,884,883,885,-1,885,886,884,-1,884,886,887,-1,884,887,888,-1,888,887,889,-1,888,889,890,-1,890,889,891,-1,890,891,892,-1,892,891,893,-1,893,894,892,-1,892,894,895,-1,892,895,896,-1,895,897,896,-1,896,897,898,-1,896,898,899,-1,899,898,900,-1,899,900,901,-1,901,900,902,-1,901,902,903,-1,903,902,904,-1,904,905,903,-1,903,905,906,-1,903,906,907,-1,907,906,908,-1,907,908,909,-1,908,910,909,-1,909,910,911,-1,909,911,912,-1,911,913,912,-1,912,913,914,-1,912,914,915,-1,914,916,915,-1,915,916,917,-1,915,917,918,-1,918,917,919,-1,918,919,920,-1,920,919,921,-1,920,921,922,-1,922,921,923,-1,923,924,922,-1,922,924,925,-1,922,925,926,-1,926,925,927,-1,926,927,928,-1,927,929,928,-1,928,929,930,-1,928,930,931,-1,930,932,931,-1,931,932,933,-1,931,933,934,-1,933,935,934,-1,934,935,936,-1,934,936,937,-1,937,936,938,-1,937,938,939,-1,939,938,940,-1,939,940,941,-1,941,940,942,-1,942,943,941,-1,941,943,944,-1,941,944,945,-1,945,944,946,-1,945,946,947,-1,946,948,947,-1,947,948,949,-1,947,949,950,-1,949,951,950,-1,950,951,952,-1,950,952,953,-1,952,954,953,-1,953,954,955,-1,953,955,956,-1,956,955,957,-1,956,957,958,-1,958,957,959,-1,958,959,960,-1,960,959,961,-1,961,962,960,-1,960,962,963,-1,960,963,964,-1,964,963,965,-1,964,965,966,-1,965,967,966,-1,966,967,968,-1,966,968,969,-1,968,970,969,-1,969,970,971,-1,969,971,972,-1,971,973,972,-1,972,973,974,-1,972,974,975,-1,975,974,976,-1,975,976,977,-1,977,976,978,-1,977,978,979,-1,979,978,980,-1,980,981,979,-1,979,981,982,-1,979,982,983,-1,983,982,984,-1,983,984,985,-1,985,984,986,-1,985,986,828,-1,828,986,987,-1,828,987,826,-1,983,988,979,-1,979,988,989,-1,979,989,977,-1,977,989,990,-1,977,990,975,-1,975,990,991,-1,975,991,972,-1,972,991,992,-1,972,992,969,-1,969,992,993,-1,969,993,966,-1,966,993,994,-1,966,994,964,-1,964,994,995,-1,964,995,960,-1,960,995,996,-1,960,996,958,-1,958,996,997,-1,958,997,956,-1,956,997,998,-1,956,998,953,-1,953,998,999,-1,953,999,950,-1,950,999,1000,-1,950,1000,947,-1,947,1000,1001,-1,947,1001,945,-1,945,1001,1002,-1,945,1002,941,-1,941,1002,1003,-1,941,1003,939,-1,939,1003,1004,-1,939,1004,937,-1,937,1004,1005,-1,937,1005,934,-1,934,1005,1006,-1,934,1006,931,-1,931,1006,1007,-1,931,1007,928,-1,928,1007,1008,-1,928,1008,926,-1,926,1008,1009,-1,926,1009,922,-1,922,1009,1010,-1,922,1010,920,-1,920,1010,1011,-1,920,1011,918,-1,918,1011,1012,-1,918,1012,915,-1,915,1012,1013,-1,915,1013,912,-1,912,1013,1014,-1,912,1014,909,-1,909,1014,1015,-1,909,1015,907,-1,907,1015,1016,-1,907,1016,903,-1,903,1016,1017,-1,903,1017,901,-1,901,1017,1018,-1,901,1018,899,-1,899,1018,1019,-1,899,1019,896,-1,896,1019,1020,-1,896,1020,892,-1,892,1020,1021,-1,892,1021,890,-1,890,1021,1022,-1,890,1022,888,-1,888,1022,1023,-1,888,1023,884,-1,884,1023,1024,-1,884,1024,882,-1,882,1024,1025,-1,882,1025,880,-1,880,1025,1026,-1,880,1026,877,-1,877,1026,1027,-1,877,1027,873,-1,873,1027,1028,-1,873,1028,871,-1,871,1028,1029,-1,871,1029,869,-1,869,1029,1030,-1,869,1030,866,-1,866,1030,1031,-1,866,1031,863,-1,863,1031,1032,-1,863,1032,861,-1,861,1032,1033,-1,861,1033,858,-1,858,1033,1034,-1,858,1034,854,-1,854,1034,1035,-1,854,1035,852,-1,852,1035,1036,-1,852,1036,850,-1,850,1036,1037,-1,850,1037,847,-1,847,1037,1038,-1,847,1038,844,-1,844,1038,1039,-1,844,1039,842,-1,842,1039,1040,-1,842,1040,839,-1,839,1040,1041,-1,839,1041,835,-1,835,1041,1042,-1,835,1042,833,-1,833,1042,1043,-1,833,1043,831,-1,831,1043,1044,-1,831,1044,827,-1,827,1044,1045,-1,827,1045,828,-1,828,1045,1046,-1,828,1046,985,-1,985,1046,1047,-1,985,1047,983,-1,983,1047,988,-1,1047,1048,988,-1,988,1048,1049,-1,988,1049,989,-1,989,1049,1050,-1,989,1050,990,-1,990,1050,1051,-1,990,1051,991,-1,991,1051,1052,-1,991,1052,992,-1,992,1052,1053,-1,992,1053,993,-1,993,1053,1054,-1,993,1054,994,-1,994,1054,1055,-1,994,1055,995,-1,995,1055,1056,-1,995,1056,996,-1,996,1056,1057,-1,996,1057,997,-1,997,1057,1058,-1,997,1058,998,-1,998,1058,1059,-1,998,1059,999,-1,999,1059,1060,-1,999,1060,1000,-1,1000,1060,1061,-1,1000,1061,1001,-1,1001,1061,1062,-1,1001,1062,1002,-1,1002,1062,1063,-1,1002,1063,1003,-1,1003,1063,1064,-1,1003,1064,1004,-1,1004,1064,1065,-1,1004,1065,1005,-1,1005,1065,1066,-1,1005,1066,1006,-1,1006,1066,1067,-1,1006,1067,1007,-1,1007,1067,1068,-1,1007,1068,1008,-1,1008,1068,1069,-1,1008,1069,1009,-1,1009,1069,1070,-1,1009,1070,1010,-1,1010,1070,1071,-1,1010,1071,1011,-1,1011,1071,1072,-1,1011,1072,1012,-1,1012,1072,1073,-1,1012,1073,1013,-1,1013,1073,1074,-1,1013,1074,1014,-1,1014,1074,1075,-1,1014,1075,1015,-1,1015,1075,1076,-1,1015,1076,1016,-1,1016,1076,1077,-1,1016,1077,1017,-1,1017,1077,1078,-1,1017,1078,1018,-1,1018,1078,1079,-1,1018,1079,1019,-1,1019,1079,1080,-1,1019,1080,1020,-1,1020,1080,1081,-1,1020,1081,1021,-1,1021,1081,1082,-1,1021,1082,1022,-1,1022,1082,1083,-1,1022,1083,1023,-1,1023,1083,1084,-1,1023,1084,1024,-1,1024,1084,1085,-1,1024,1085,1025,-1,1025,1085,1086,-1,1025,1086,1026,-1,1026,1086,1087,-1,1026,1087,1027,-1,1027,1087,1088,-1,1027,1088,1028,-1,1028,1088,1089,-1,1028,1089,1029,-1,1029,1089,1090,-1,1029,1090,1030,-1,1030,1090,1091,-1,1030,1091,1031,-1,1031,1091,1092,-1,1031,1092,1032,-1,1032,1092,1093,-1,1032,1093,1033,-1,1033,1093,1094,-1,1033,1094,1034,-1,1034,1094,1095,-1,1034,1095,1035,-1,1035,1095,1096,-1,1035,1096,1036,-1,1036,1096,1097,-1,1036,1097,1037,-1,1037,1097,1098,-1,1037,1098,1038,-1,1038,1098,1099,-1,1038,1099,1039,-1,1039,1099,1100,-1,1039,1100,1040,-1,1040,1100,1101,-1,1040,1101,1041,-1,1041,1101,1102,-1,1041,1102,1042,-1,1042,1102,1103,-1,1042,1103,1043,-1,1043,1103,1104,-1,1043,1104,1044,-1,1044,1104,1105,-1,1044,1105,1045,-1,1045,1105,1106,-1,1045,1106,1046,-1,1046,1106,1107,-1,1046,1107,1047,-1,1047,1107,1048,-1,1107,1108,1048,-1,1048,1108,1109,-1,1048,1109,1049,-1,1049,1109,1110,-1,1049,1110,1050,-1,1050,1110,1111,-1,1050,1111,1051,-1,1051,1111,1112,-1,1051,1112,1052,-1,1052,1112,1113,-1,1052,1113,1053,-1,1053,1113,1114,-1,1053,1114,1054,-1,1054,1114,1115,-1,1054,1115,1055,-1,1055,1115,1116,-1,1055,1116,1056,-1,1056,1116,1117,-1,1056,1117,1057,-1,1057,1117,1118,-1,1057,1118,1058,-1,1058,1118,1119,-1,1058,1119,1059,-1,1059,1119,1120,-1,1059,1120,1060,-1,1060,1120,1121,-1,1060,1121,1061,-1,1061,1121,1122,-1,1061,1122,1062,-1,1062,1122,1123,-1,1062,1123,1063,-1,1063,1123,1124,-1,1063,1124,1064,-1,1064,1124,1125,-1,1064,1125,1065,-1,1065,1125,1126,-1,1065,1126,1066,-1,1066,1126,1127,-1,1066,1127,1067,-1,1067,1127,1128,-1,1067,1128,1068,-1,1068,1128,1129,-1,1068,1129,1069,-1,1069,1129,1130,-1,1069,1130,1070,-1,1070,1130,1131,-1,1070,1131,1071,-1,1071,1131,1132,-1,1071,1132,1072,-1,1072,1132,1133,-1,1072,1133,1073,-1,1073,1133,1134,-1,1073,1134,1074,-1,1074,1134,1135,-1,1074,1135,1075,-1,1075,1135,1136,-1,1075,1136,1076,-1,1076,1136,1137,-1,1076,1137,1077,-1,1077,1137,1138,-1,1077,1138,1078,-1,1078,1138,1139,-1,1078,1139,1079,-1,1079,1139,1140,-1,1079,1140,1080,-1,1080,1140,1141,-1,1080,1141,1081,-1,1081,1141,1142,-1,1081,1142,1082,-1,1082,1142,1143,-1,1082,1143,1083,-1,1083,1143,1144,-1,1083,1144,1084,-1,1084,1144,1145,-1,1084,1145,1085,-1,1085,1145,1146,-1,1085,1146,1086,-1,1086,1146,1147,-1,1086,1147,1087,-1,1087,1147,1148,-1,1087,1148,1088,-1,1088,1148,1149,-1,1088,1149,1089,-1,1089,1149,1150,-1,1089,1150,1090,-1,1090,1150,1151,-1,1090,1151,1091,-1,1091,1151,1152,-1,1091,1152,1092,-1,1092,1152,1153,-1,1092,1153,1093,-1,1093,1153,1154,-1,1093,1154,1094,-1,1094,1154,1155,-1,1094,1155,1095,-1,1095,1155,1156,-1,1095,1156,1096,-1,1096,1156,1157,-1,1096,1157,1097,-1,1097,1157,1158,-1,1097,1158,1098,-1,1098,1158,1159,-1,1098,1159,1099,-1,1099,1159,1160,-1,1099,1160,1100,-1,1100,1160,1161,-1,1100,1161,1101,-1,1101,1161,1162,-1,1101,1162,1102,-1,1102,1162,1163,-1,1102,1163,1103,-1,1103,1163,1164,-1,1103,1164,1104,-1,1104,1164,1165,-1,1104,1165,1105,-1,1105,1165,1166,-1,1105,1166,1106,-1,1106,1166,1167,-1,1106,1167,1107,-1,1107,1167,1108,-1,1167,1168,1108,-1,1108,1168,1169,-1,1108,1169,1109,-1,1109,1169,1170,-1,1109,1170,1110,-1,1110,1170,1171,-1,1110,1171,1111,-1,1111,1171,1172,-1,1111,1172,1112,-1,1112,1172,1173,-1,1112,1173,1113,-1,1113,1173,1174,-1,1113,1174,1114,-1,1114,1174,1175,-1,1114,1175,1115,-1,1115,1175,1176,-1,1115,1176,1116,-1,1116,1176,1177,-1,1116,1177,1117,-1,1117,1177,1178,-1,1117,1178,1118,-1,1118,1178,1179,-1,1118,1179,1119,-1,1119,1179,1180,-1,1119,1180,1120,-1,1120,1180,1181,-1,1120,1181,1121,-1,1121,1181,1182,-1,1121,1182,1122,-1,1122,1182,1183,-1,1122,1183,1123,-1,1123,1183,1184,-1,1123,1184,1124,-1,1124,1184,1185,-1,1124,1185,1125,-1,1125,1185,1186,-1,1125,1186,1126,-1,1126,1186,1187,-1,1126,1187,1127,-1,1127,1187,1188,-1,1127,1188,1128,-1,1128,1188,1189,-1,1128,1189,1129,-1,1129,1189,1190,-1,1129,1190,1130,-1,1130,1190,1191,-1,1130,1191,1131,-1,1131,1191,1192,-1,1131,1192,1132,-1,1132,1192,1193,-1,1132,1193,1133,-1,1133,1193,1194,-1,1133,1194,1134,-1,1134,1194,1195,-1,1134,1195,1135,-1,1135,1195,1196,-1,1135,1196,1136,-1,1136,1196,1197,-1,1136,1197,1137,-1,1137,1197,1198,-1,1137,1198,1138,-1,1138,1198,1199,-1,1138,1199,1139,-1,1139,1199,1200,-1,1139,1200,1140,-1,1140,1200,1201,-1,1140,1201,1141,-1,1141,1201,1202,-1,1141,1202,1142,-1,1142,1202,1203,-1,1142,1203,1143,-1,1143,1203,1204,-1,1143,1204,1144,-1,1144,1204,1205,-1,1144,1205,1145,-1,1145,1205,1206,-1,1145,1206,1146,-1,1146,1206,1207,-1,1146,1207,1147,-1,1147,1207,1208,-1,1147,1208,1148,-1,1148,1208,1209,-1,1148,1209,1149,-1,1149,1209,1210,-1,1149,1210,1150,-1,1150,1210,1211,-1,1150,1211,1151,-1,1151,1211,1212,-1,1151,1212,1152,-1,1152,1212,1213,-1,1152,1213,1153,-1,1153,1213,1214,-1,1153,1214,1154,-1,1154,1214,1215,-1,1154,1215,1155,-1,1155,1215,1216,-1,1155,1216,1156,-1,1156,1216,1217,-1,1156,1217,1157,-1,1157,1217,1218,-1,1157,1218,1158,-1,1158,1218,1219,-1,1158,1219,1159,-1,1159,1219,1220,-1,1159,1220,1160,-1,1160,1220,1221,-1,1160,1221,1161,-1,1161,1221,1222,-1,1161,1222,1162,-1,1162,1222,1223,-1,1162,1223,1163,-1,1163,1223,1224,-1,1163,1224,1164,-1,1164,1224,1225,-1,1164,1225,1165,-1,1165,1225,1226,-1,1165,1226,1166,-1,1166,1226,1227,-1,1166,1227,1167,-1,1167,1227,1168,-1,1227,1228,1168,-1,1168,1228,1229,-1,1168,1229,1169,-1,1169,1229,1230,-1,1169,1230,1170,-1,1170,1230,1231,-1,1170,1231,1171,-1,1171,1231,1232,-1,1171,1232,1172,-1,1172,1232,1233,-1,1172,1233,1173,-1,1173,1233,1234,-1,1173,1234,1174,-1,1174,1234,1235,-1,1174,1235,1175,-1,1175,1235,1236,-1,1175,1236,1176,-1,1176,1236,1237,-1,1176,1237,1177,-1,1177,1237,1238,-1,1177,1238,1178,-1,1178,1238,1239,-1,1178,1239,1179,-1,1179,1239,1240,-1,1179,1240,1180,-1,1180,1240,1241,-1,1180,1241,1181,-1,1181,1241,1242,-1,1181,1242,1182,-1,1182,1242,1243,-1,1182,1243,1183,-1,1183,1243,1244,-1,1183,1244,1184,-1,1184,1244,1245,-1,1184,1245,1185,-1,1185,1245,1246,-1,1185,1246,1186,-1,1186,1246,1247,-1,1186,1247,1187,-1,1187,1247,1248,-1,1187,1248,1188,-1,1188,1248,1249,-1,1188,1249,1189,-1,1189,1249,1250,-1,1189,1250,1190,-1,1190,1250,1251,-1,1190,1251,1191,-1,1191,1251,1252,-1,1191,1252,1192,-1,1192,1252,1253,-1,1192,1253,1193,-1,1193,1253,1254,-1,1193,1254,1194,-1,1194,1254,1255,-1,1194,1255,1195,-1,1195,1255,1256,-1,1195,1256,1196,-1,1196,1256,1257,-1,1196,1257,1197,-1,1197,1257,1258,-1,1197,1258,1198,-1,1198,1258,1259,-1,1198,1259,1199,-1,1199,1259,1260,-1,1199,1260,1200,-1,1200,1260,1261,-1,1200,1261,1201,-1,1201,1261,1262,-1,1201,1262,1202,-1,1202,1262,1263,-1,1202,1263,1203,-1,1203,1263,1264,-1,1203,1264,1204,-1,1204,1264,1265,-1,1204,1265,1205,-1,1205,1265,1266,-1,1205,1266,1206,-1,1206,1266,1267,-1,1206,1267,1207,-1,1207,1267,1268,-1,1207,1268,1208,-1,1208,1268,1269,-1,1208,1269,1209,-1,1209,1269,1270,-1,1209,1270,1210,-1,1210,1270,1271,-1,1210,1271,1211,-1,1211,1271,1272,-1,1211,1272,1212,-1,1212,1272,1273,-1,1212,1273,1213,-1,1213,1273,1274,-1,1213,1274,1214,-1,1214,1274,1275,-1,1214,1275,1215,-1,1215,1275,1276,-1,1215,1276,1216,-1,1216,1276,1277,-1,1216,1277,1217,-1,1217,1277,1278,-1,1217,1278,1218,-1,1218,1278,1279,-1,1218,1279,1219,-1,1219,1279,1280,-1,1219,1280,1220,-1,1220,1280,1281,-1,1220,1281,1221,-1,1221,1281,1282,-1,1221,1282,1222,-1,1222,1282,1283,-1,1222,1283,1223,-1,1223,1283,1284,-1,1223,1284,1224,-1,1224,1284,1285,-1,1224,1285,1225,-1,1225,1285,1286,-1,1225,1286,1226,-1,1226,1286,1287,-1,1226,1287,1227,-1,1227,1287,1228,-1,1287,1288,1228,-1,1228,1288,1289,-1,1228,1289,1229,-1,1229,1289,1290,-1,1229,1290,1230,-1,1230,1290,1291,-1,1230,1291,1231,-1,1231,1291,1292,-1,1231,1292,1232,-1,1232,1292,1293,-1,1232,1293,1233,-1,1233,1293,1294,-1,1233,1294,1234,-1,1234,1294,1295,-1,1234,1295,1235,-1,1235,1295,1296,-1,1235,1296,1236,-1,1236,1296,1297,-1,1236,1297,1237,-1,1237,1297,1298,-1,1237,1298,1238,-1,1238,1298,1299,-1,1238,1299,1239,-1,1239,1299,1300,-1,1239,1300,1240,-1,1240,1300,1301,-1,1240,1301,1241,-1,1241,1301,1302,-1,1241,1302,1242,-1,1242,1302,1303,-1,1242,1303,1243,-1,1243,1303,1304,-1,1243,1304,1244,-1,1244,1304,1305,-1,1244,1305,1245,-1,1245,1305,1306,-1,1245,1306,1246,-1,1246,1306,1307,-1,1246,1307,1247,-1,1247,1307,1308,-1,1247,1308,1248,-1,1248,1308,1309,-1,1248,1309,1249,-1,1249,1309,1310,-1,1249,1310,1250,-1,1250,1310,1311,-1,1250,1311,1251,-1,1251,1311,1312,-1,1251,1312,1252,-1,1252,1312,1313,-1,1252,1313,1253,-1,1253,1313,1314,-1,1253,1314,1254,-1,1254,1314,1315,-1,1254,1315,1255,-1,1255,1315,1316,-1,1255,1316,1256,-1,1256,1316,1317,-1,1256,1317,1257,-1,1257,1317,1318,-1,1257,1318,1258,-1,1258,1318,1319,-1,1258,1319,1259,-1,1259,1319,1320,-1,1259,1320,1260,-1,1260,1320,1321,-1,1260,1321,1261,-1,1261,1321,1322,-1,1261,1322,1262,-1,1262,1322,1323,-1,1262,1323,1263,-1,1263,1323,1324,-1,1263,1324,1264,-1,1264,1324,1325,-1,1264,1325,1265,-1,1265,1325,1326,-1,1265,1326,1266,-1,1266,1326,1327,-1,1266,1327,1267,-1,1267,1327,1328,-1,1267,1328,1268,-1,1268,1328,1329,-1,1268,1329,1269,-1,1269,1329,1330,-1,1269,1330,1270,-1,1270,1330,1331,-1,1270,1331,1271,-1,1271,1331,1332,-1,1271,1332,1272,-1,1272,1332,1333,-1,1272,1333,1273,-1,1273,1333,1334,-1,1273,1334,1274,-1,1274,1334,1335,-1,1274,1335,1275,-1,1275,1335,1336,-1,1275,1336,1276,-1,1276,1336,1337,-1,1276,1337,1277,-1,1277,1337,1338,-1,1277,1338,1278,-1,1278,1338,1339,-1,1278,1339,1279,-1,1279,1339,1340,-1,1279,1340,1280,-1,1280,1340,1341,-1,1280,1341,1281,-1,1281,1341,1342,-1,1281,1342,1282,-1,1282,1342,1343,-1,1282,1343,1283,-1,1283,1343,1344,-1,1283,1344,1284,-1,1284,1344,1345,-1,1284,1345,1285,-1,1285,1345,1346,-1,1285,1346,1286,-1,1286,1346,1347,-1,1286,1347,1287,-1,1287,1347,1288,-1,1347,785,1288,-1,1288,785,789,-1,1288,789,1289,-1,1289,789,788,-1,1289,788,1290,-1,1290,788,787,-1,1290,787,1291,-1,1291,787,781,-1,1291,781,1292,-1,1292,781,780,-1,1292,780,1293,-1,1293,780,783,-1,1293,783,1294,-1,1294,783,782,-1,1294,782,1295,-1,1295,782,801,-1,1295,801,1296,-1,1296,801,800,-1,1296,800,1297,-1,1297,800,804,-1,1297,804,1298,-1,1298,804,803,-1,1298,803,1299,-1,1299,803,802,-1,1299,802,1300,-1,1300,802,819,-1,1300,819,1301,-1,1301,819,818,-1,1301,818,1302,-1,1302,818,822,-1,1302,822,1303,-1,1303,822,821,-1,1303,821,1304,-1,1304,821,820,-1,1304,820,1305,-1,1305,820,807,-1,1305,807,1306,-1,1306,807,806,-1,1306,806,1307,-1,1307,806,805,-1,1307,805,1308,-1,1308,805,784,-1,1308,784,1309,-1,1309,784,815,-1,1309,815,1310,-1,1310,815,814,-1,1310,814,1311,-1,1311,814,813,-1,1311,813,1312,-1,1312,813,792,-1,1312,792,1313,-1,1313,792,791,-1,1313,791,1314,-1,1314,791,790,-1,1314,790,1315,-1,1315,790,766,-1,1315,766,1316,-1,1316,766,770,-1,1316,770,1317,-1,1317,770,769,-1,1317,769,1318,-1,1318,769,773,-1,1318,773,1319,-1,1319,773,772,-1,1319,772,1320,-1,1320,772,771,-1,1320,771,1321,-1,1321,771,768,-1,1321,768,1322,-1,1322,768,767,-1,1322,767,1323,-1,1323,767,794,-1,1323,794,1324,-1,1324,794,793,-1,1324,793,1325,-1,1325,793,797,-1,1325,797,1326,-1,1326,797,796,-1,1326,796,1327,-1,1327,796,795,-1,1327,795,1328,-1,1328,795,775,-1,1328,775,1329,-1,1329,775,774,-1,1329,774,1330,-1,1330,774,799,-1,1330,799,1331,-1,1331,799,798,-1,1331,798,1332,-1,1332,798,809,-1,1332,809,1333,-1,1333,809,808,-1,1333,808,1334,-1,1334,808,812,-1,1334,812,1335,-1,1335,812,811,-1,1335,811,1336,-1,1336,811,810,-1,1336,810,1337,-1,1337,810,817,-1,1337,817,1338,-1,1338,817,816,-1,1338,816,1339,-1,1339,816,825,-1,1339,825,1340,-1,1340,825,824,-1,1340,824,1341,-1,1341,824,823,-1,1341,823,1342,-1,1342,823,777,-1,1342,777,1343,-1,1343,777,776,-1,1343,776,1344,-1,1344,776,779,-1,1344,779,1345,-1,1345,779,778,-1,1345,778,1346,-1,1346,778,786,-1,1346,786,1347,-1,1347,786,785,-1,1348,72,71,-1,889,887,1348,-1,1348,887,886,-1,1348,886,1349,-1,1349,886,885,-1,1349,885,1350,-1,1350,885,883,-1,1350,883,881,-1,881,879,1350,-1,1350,879,878,-1,1350,878,1351,-1,1352,1353,1354,-1,878,876,1351,-1,1351,876,875,-1,1351,875,1354,-1,1354,875,874,-1,1354,874,1352,-1,1355,971,1356,-1,1356,971,970,-1,1356,970,1357,-1,965,1358,967,-1,967,1358,1357,-1,967,1357,968,-1,968,1357,970,-1,965,963,1358,-1,1358,963,962,-1,1358,962,1359,-1,78,77,1360,-1,982,1361,984,-1,984,1361,1362,-1,984,1362,986,-1,986,1362,1363,-1,986,1363,987,-1,987,1363,1364,-1,987,1364,826,-1,826,1364,1365,-1,826,1365,829,-1,829,1365,1366,-1,829,1366,830,-1,830,1366,1367,-1,830,1367,832,-1,832,1367,1368,-1,832,1368,834,-1,834,1368,1369,-1,834,1369,836,-1,836,1369,1370,-1,836,1370,837,-1,837,1370,1371,-1,837,1371,838,-1,838,1371,1372,-1,838,1372,840,-1,840,1372,1373,-1,840,1373,841,-1,841,1373,1374,-1,841,1374,843,-1,843,1374,1375,-1,843,1375,845,-1,845,1375,1376,-1,845,1376,846,-1,846,1376,1377,-1,846,1377,848,-1,848,1377,1378,-1,848,1378,849,-1,849,1378,1379,-1,849,1379,851,-1,851,1379,1380,-1,851,1380,853,-1,853,1380,1381,-1,853,1381,855,-1,855,1381,1382,-1,855,1382,856,-1,1382,1383,856,-1,856,1383,1384,-1,856,1384,857,-1,857,1384,1385,-1,857,1385,859,-1,859,1385,1386,-1,859,1386,860,-1,867,1387,868,-1,868,1387,1388,-1,868,1388,870,-1,860,1386,862,-1,862,1386,1389,-1,862,1389,864,-1,864,1389,1390,-1,864,1390,865,-1,865,1390,1391,-1,865,1391,867,-1,867,1391,1392,-1,867,1392,1387,-1,870,1388,872,-1,872,1388,1393,-1,872,1393,874,-1,874,1393,1394,-1,874,1394,1352,-1,943,7,944,-1,944,7,6,-1,944,6,946,-1,1348,71,889,-1,889,71,70,-1,889,70,891,-1,891,70,43,-1,891,43,893,-1,893,43,42,-1,893,42,894,-1,894,42,40,-1,894,40,895,-1,895,40,39,-1,895,39,897,-1,897,39,151,-1,897,151,898,-1,898,151,37,-1,898,37,900,-1,900,37,36,-1,900,36,902,-1,902,36,34,-1,902,34,904,-1,904,34,33,-1,904,33,905,-1,905,33,31,-1,905,31,906,-1,906,31,30,-1,906,30,908,-1,908,30,181,-1,908,181,910,-1,910,181,190,-1,910,190,911,-1,911,190,191,-1,911,191,913,-1,913,191,28,-1,913,28,914,-1,914,28,27,-1,914,27,916,-1,916,27,192,-1,916,192,917,-1,917,192,25,-1,917,25,919,-1,919,25,24,-1,919,24,921,-1,921,24,22,-1,921,22,923,-1,923,22,21,-1,923,21,924,-1,924,21,215,-1,924,215,925,-1,925,215,19,-1,925,19,927,-1,927,19,18,-1,927,18,929,-1,929,18,16,-1,929,16,930,-1,930,16,15,-1,930,15,932,-1,932,15,13,-1,932,13,933,-1,933,13,12,-1,933,12,935,-1,935,12,245,-1,935,245,936,-1,936,245,254,-1,936,254,938,-1,938,254,255,-1,938,255,940,-1,940,255,10,-1,940,10,942,-1,942,10,9,-1,942,9,943,-1,943,9,256,-1,943,256,7,-1,946,6,948,-1,948,6,4,-1,948,4,949,-1,949,4,3,-1,949,3,951,-1,962,961,1359,-1,1359,961,959,-1,1359,959,1360,-1,1360,959,957,-1,1360,957,78,-1,78,957,955,-1,78,955,79,-1,79,955,954,-1,79,954,0,-1,0,954,952,-1,0,952,1,-1,1,952,951,-1,1,951,279,-1,279,951,3,-1,1355,1395,971,-1,971,1395,1396,-1,971,1396,973,-1,973,1396,1397,-1,973,1397,974,-1,974,1397,1398,-1,974,1398,976,-1,976,1398,1399,-1,976,1399,978,-1,978,1399,1400,-1,978,1400,980,-1,980,1400,1401,-1,980,1401,981,-1,981,1401,1402,-1,981,1402,982,-1,982,1402,1403,-1,982,1403,1361,-1,1394,1393,1404,-1,1391,1390,1405,-1,1389,1386,1406,-1,1385,1384,1407,-1,1382,1381,1408,-1,1380,1379,1409,-1,1377,1376,1410,-1,1372,1371,1411,-1,1370,1369,1412,-1,1368,1367,1413,-1,1365,1364,1414,-1,1363,1362,1415,-1,1403,1402,1416,-1,1398,1397,1417,-1,1418,1419,1420,-1,1353,1352,1421,-1,1421,1352,1422,-1,1421,1422,1423,-1,1424,1425,1422,-1,1422,1425,1426,-1,1422,1426,1423,-1,1427,1428,1424,-1,1424,1428,1429,-1,1424,1429,1425,-1,1430,1431,1427,-1,1427,1431,1432,-1,1427,1432,1428,-1,1433,1434,1430,-1,1430,1434,1435,-1,1435,1436,1430,-1,1430,1436,1437,-1,1430,1437,1431,-1,1438,1439,1440,-1,1440,1439,1441,-1,1440,1441,1433,-1,1433,1441,1442,-1,1433,1442,1434,-1,1443,1444,1445,-1,1445,1446,1443,-1,1443,1446,1447,-1,1443,1447,1440,-1,1440,1447,1448,-1,1440,1448,1438,-1,1449,1450,1451,-1,1451,1450,1452,-1,1419,1453,1420,-1,1420,1453,1454,-1,1420,1454,1452,-1,1452,1454,1455,-1,1452,1455,1451,-1,1418,1420,1456,-1,1456,1420,1457,-1,1456,1457,1458,-1,1458,1457,1459,-1,1459,1457,1460,-1,1459,1460,1461,-1,1461,1460,1462,-1,1462,1460,1463,-1,1462,1463,1464,-1,1464,1463,1465,-1,1465,1463,1466,-1,1465,1466,1467,-1,1468,1469,1466,-1,1466,1469,1470,-1,1466,1470,1467,-1,1395,1355,1468,-1,1468,1355,1471,-1,1471,1472,1468,-1,1468,1472,1473,-1,1468,1473,1469,-1,1450,1474,1452,-1,1452,1474,1475,-1,1452,1475,1420,-1,1420,1475,1476,-1,1420,1476,1457,-1,1457,1476,1477,-1,1457,1477,1460,-1,1460,1477,1478,-1,1460,1478,1463,-1,1463,1478,1479,-1,1463,1479,1466,-1,1466,1479,1480,-1,1466,1480,1468,-1,1468,1480,1417,-1,1481,1482,1483,-1,1483,1482,1484,-1,1483,1484,1485,-1,1485,1484,1486,-1,1485,1486,1487,-1,1487,1486,1488,-1,1487,1488,1489,-1,1489,1488,1490,-1,1489,1490,1491,-1,1491,1490,1492,-1,1491,1492,1493,-1,1493,1492,1494,-1,1493,1494,1495,-1,1495,1494,1416,-1,1496,1497,1498,-1,1498,1497,1499,-1,1498,1499,1500,-1,1500,1499,1501,-1,1500,1501,1502,-1,1502,1501,1503,-1,1502,1503,1504,-1,1504,1503,1505,-1,1504,1505,1506,-1,1506,1505,1507,-1,1506,1507,1508,-1,1508,1507,1509,-1,1508,1509,1510,-1,1510,1509,1410,-1,1511,1512,1513,-1,1513,1512,1514,-1,1513,1514,1515,-1,1515,1514,1516,-1,1515,1516,1517,-1,1517,1516,1518,-1,1517,1518,1519,-1,1519,1518,1520,-1,1519,1520,1521,-1,1521,1520,1522,-1,1521,1522,1523,-1,1523,1522,1524,-1,1523,1524,1525,-1,1525,1524,1404,-1,1417,1397,1468,-1,1468,1397,1396,-1,1468,1396,1395,-1,1399,1398,1526,-1,1526,1398,1417,-1,1526,1417,1527,-1,1527,1417,1480,-1,1527,1480,1528,-1,1528,1480,1479,-1,1528,1479,1529,-1,1529,1479,1478,-1,1529,1478,1530,-1,1530,1478,1477,-1,1530,1477,1531,-1,1531,1477,1476,-1,1531,1476,1532,-1,1532,1476,1475,-1,1532,1475,1533,-1,1533,1475,1474,-1,1533,1481,1532,-1,1532,1481,1483,-1,1532,1483,1531,-1,1531,1483,1485,-1,1531,1485,1530,-1,1530,1485,1487,-1,1530,1487,1529,-1,1529,1487,1489,-1,1529,1489,1528,-1,1528,1489,1491,-1,1528,1491,1527,-1,1527,1491,1493,-1,1527,1493,1526,-1,1526,1493,1495,-1,1526,1495,1399,-1,1399,1495,1400,-1,1416,1402,1495,-1,1495,1402,1401,-1,1495,1401,1400,-1,1361,1403,1534,-1,1534,1403,1416,-1,1534,1416,1535,-1,1535,1416,1494,-1,1535,1494,1536,-1,1536,1494,1492,-1,1536,1492,1537,-1,1537,1492,1490,-1,1537,1490,1538,-1,1538,1490,1488,-1,1538,1488,1539,-1,1539,1488,1486,-1,1539,1486,1540,-1,1540,1486,1484,-1,1540,1484,1541,-1,1541,1484,1482,-1,1541,1542,1540,-1,1540,1542,1543,-1,1540,1543,1539,-1,1539,1543,1544,-1,1539,1544,1538,-1,1538,1544,1545,-1,1538,1545,1537,-1,1537,1545,1546,-1,1537,1546,1536,-1,1536,1546,1547,-1,1536,1547,1535,-1,1535,1547,1548,-1,1535,1548,1534,-1,1534,1548,1415,-1,1534,1415,1361,-1,1361,1415,1362,-1,1364,1363,1414,-1,1414,1363,1415,-1,1414,1415,1549,-1,1549,1415,1548,-1,1549,1548,1550,-1,1550,1548,1547,-1,1550,1547,1551,-1,1551,1547,1546,-1,1551,1546,1552,-1,1552,1546,1545,-1,1552,1545,1553,-1,1553,1545,1544,-1,1553,1544,1554,-1,1554,1544,1543,-1,1554,1543,1555,-1,1555,1543,1542,-1,1366,1365,1556,-1,1556,1365,1414,-1,1556,1414,1557,-1,1557,1414,1549,-1,1557,1549,1558,-1,1558,1549,1550,-1,1558,1550,1559,-1,1559,1550,1551,-1,1559,1551,1560,-1,1560,1551,1552,-1,1560,1552,1561,-1,1561,1552,1553,-1,1561,1553,1562,-1,1562,1553,1554,-1,1562,1554,1563,-1,1563,1554,1555,-1,1563,1564,1562,-1,1562,1564,1565,-1,1562,1565,1561,-1,1561,1565,1566,-1,1561,1566,1560,-1,1560,1566,1567,-1,1560,1567,1559,-1,1559,1567,1568,-1,1559,1568,1558,-1,1558,1568,1569,-1,1558,1569,1557,-1,1557,1569,1570,-1,1557,1570,1556,-1,1556,1570,1413,-1,1556,1413,1366,-1,1366,1413,1367,-1,1369,1368,1412,-1,1412,1368,1413,-1,1412,1413,1571,-1,1571,1413,1570,-1,1571,1570,1572,-1,1572,1570,1569,-1,1572,1569,1573,-1,1573,1569,1568,-1,1573,1568,1574,-1,1574,1568,1567,-1,1574,1567,1575,-1,1575,1567,1566,-1,1575,1566,1576,-1,1576,1566,1565,-1,1576,1565,1577,-1,1577,1565,1564,-1,1371,1370,1411,-1,1411,1370,1412,-1,1411,1412,1578,-1,1578,1412,1571,-1,1578,1571,1579,-1,1579,1571,1572,-1,1579,1572,1580,-1,1580,1572,1573,-1,1580,1573,1581,-1,1581,1573,1574,-1,1581,1574,1582,-1,1582,1574,1575,-1,1582,1575,1583,-1,1583,1575,1576,-1,1583,1576,1584,-1,1584,1576,1577,-1,1373,1372,1585,-1,1585,1372,1411,-1,1585,1411,1586,-1,1586,1411,1578,-1,1586,1578,1587,-1,1587,1578,1579,-1,1587,1579,1588,-1,1588,1579,1580,-1,1588,1580,1589,-1,1589,1580,1581,-1,1589,1581,1590,-1,1590,1581,1582,-1,1590,1582,1591,-1,1591,1582,1583,-1,1591,1583,1592,-1,1592,1583,1584,-1,1592,1496,1591,-1,1591,1496,1498,-1,1591,1498,1590,-1,1590,1498,1500,-1,1590,1500,1589,-1,1589,1500,1502,-1,1589,1502,1588,-1,1588,1502,1504,-1,1588,1504,1587,-1,1587,1504,1506,-1,1587,1506,1586,-1,1586,1506,1508,-1,1586,1508,1585,-1,1585,1508,1510,-1,1585,1510,1373,-1,1373,1510,1374,-1,1410,1376,1510,-1,1510,1376,1375,-1,1510,1375,1374,-1,1378,1377,1593,-1,1593,1377,1410,-1,1593,1410,1594,-1,1594,1410,1509,-1,1594,1509,1595,-1,1595,1509,1507,-1,1595,1507,1596,-1,1596,1507,1505,-1,1596,1505,1597,-1,1597,1505,1503,-1,1597,1503,1598,-1,1598,1503,1501,-1,1598,1501,1599,-1,1599,1501,1499,-1,1599,1499,1600,-1,1600,1499,1497,-1,1600,1601,1599,-1,1599,1601,1602,-1,1599,1602,1598,-1,1598,1602,1603,-1,1598,1603,1597,-1,1597,1603,1604,-1,1597,1604,1596,-1,1596,1604,1605,-1,1596,1605,1595,-1,1595,1605,1606,-1,1595,1606,1594,-1,1594,1606,1607,-1,1594,1607,1593,-1,1593,1607,1409,-1,1593,1409,1378,-1,1378,1409,1379,-1,1381,1380,1408,-1,1408,1380,1409,-1,1408,1409,1608,-1,1608,1409,1607,-1,1608,1607,1609,-1,1609,1607,1606,-1,1609,1606,1610,-1,1610,1606,1605,-1,1610,1605,1611,-1,1611,1605,1604,-1,1611,1604,1612,-1,1612,1604,1603,-1,1612,1603,1613,-1,1613,1603,1602,-1,1613,1602,1614,-1,1614,1602,1601,-1,1383,1382,1615,-1,1615,1382,1408,-1,1615,1408,1616,-1,1616,1408,1608,-1,1616,1608,1617,-1,1617,1608,1609,-1,1617,1609,1618,-1,1618,1609,1610,-1,1618,1610,1619,-1,1619,1610,1611,-1,1619,1611,1620,-1,1620,1611,1612,-1,1620,1612,1621,-1,1621,1612,1613,-1,1621,1613,1622,-1,1622,1613,1614,-1,1622,1623,1621,-1,1621,1623,1624,-1,1621,1624,1620,-1,1620,1624,1625,-1,1620,1625,1619,-1,1619,1625,1626,-1,1619,1626,1618,-1,1618,1626,1627,-1,1618,1627,1617,-1,1617,1627,1628,-1,1617,1628,1616,-1,1616,1628,1629,-1,1616,1629,1615,-1,1615,1629,1407,-1,1615,1407,1383,-1,1383,1407,1384,-1,1386,1385,1406,-1,1406,1385,1407,-1,1406,1407,1630,-1,1630,1407,1629,-1,1630,1629,1631,-1,1631,1629,1628,-1,1631,1628,1632,-1,1632,1628,1627,-1,1632,1627,1633,-1,1633,1627,1626,-1,1633,1626,1634,-1,1634,1626,1625,-1,1634,1625,1635,-1,1635,1625,1624,-1,1635,1624,1636,-1,1636,1624,1623,-1,1390,1389,1405,-1,1405,1389,1406,-1,1405,1406,1637,-1,1637,1406,1630,-1,1637,1630,1638,-1,1638,1630,1631,-1,1638,1631,1639,-1,1639,1631,1632,-1,1639,1632,1640,-1,1640,1632,1633,-1,1640,1633,1641,-1,1641,1633,1634,-1,1641,1634,1642,-1,1642,1634,1635,-1,1642,1635,1643,-1,1643,1635,1636,-1,1392,1391,1644,-1,1644,1391,1405,-1,1644,1405,1645,-1,1645,1405,1637,-1,1645,1637,1646,-1,1646,1637,1638,-1,1646,1638,1647,-1,1647,1638,1639,-1,1647,1639,1648,-1,1648,1639,1640,-1,1648,1640,1649,-1,1649,1640,1641,-1,1649,1641,1650,-1,1650,1641,1642,-1,1650,1642,1651,-1,1651,1642,1643,-1,1651,1511,1650,-1,1650,1511,1513,-1,1650,1513,1649,-1,1649,1513,1515,-1,1649,1515,1648,-1,1648,1515,1517,-1,1648,1517,1647,-1,1647,1517,1519,-1,1647,1519,1646,-1,1646,1519,1521,-1,1646,1521,1645,-1,1645,1521,1523,-1,1645,1523,1644,-1,1644,1523,1525,-1,1644,1525,1392,-1,1392,1525,1387,-1,1404,1393,1525,-1,1525,1393,1388,-1,1525,1388,1387,-1,1352,1394,1422,-1,1422,1394,1404,-1,1422,1404,1424,-1,1424,1404,1524,-1,1424,1524,1427,-1,1427,1524,1522,-1,1427,1522,1430,-1,1430,1522,1520,-1,1430,1520,1433,-1,1433,1520,1518,-1,1433,1518,1440,-1,1440,1518,1516,-1,1440,1516,1443,-1,1443,1516,1514,-1,1443,1514,1444,-1,1444,1514,1512,-1,1449,1445,1444,-1,1592,1584,1450,-1,1600,1497,1450,-1,1450,1497,1496,-1,1450,1496,1592,-1,1584,1577,1450,-1,1450,1577,1564,-1,1450,1564,1474,-1,1541,1482,1564,-1,1511,1651,1450,-1,1450,1623,1622,-1,1449,1444,1450,-1,1450,1444,1512,-1,1450,1512,1511,-1,1622,1614,1450,-1,1450,1614,1601,-1,1450,1601,1600,-1,1651,1643,1450,-1,1450,1643,1636,-1,1450,1636,1623,-1,1563,1555,1564,-1,1564,1555,1542,-1,1564,1542,1541,-1,1482,1481,1564,-1,1564,1481,1533,-1,1564,1533,1474,-1,1360,77,1348,-1,1348,77,76,-1,74,73,95,-1,76,81,1348,-1,1348,81,84,-1,1348,84,83,-1,83,87,1348,-1,1348,87,86,-1,1348,86,90,-1,73,72,95,-1,95,72,1348,-1,95,1348,89,-1,89,1348,90,-1,93,92,75,-1,74,95,75,-1,75,95,94,-1,75,94,93,-1,92,100,75,-1,75,100,99,-1,75,99,97,-1,97,96,75,-1,75,96,106,-1,75,106,105,-1,48,50,75,-1,75,50,54,-1,75,54,68,-1,57,58,54,-1,54,58,60,-1,64,66,54,-1,54,66,69,-1,54,69,68,-1,105,104,75,-1,75,104,103,-1,75,103,48,-1,53,52,54,-1,54,52,46,-1,54,46,57,-1,57,46,45,-1,57,45,55,-1,60,61,54,-1,54,61,63,-1,54,63,64,-1,1354,1353,1356,-1,1356,1353,1421,-1,1472,1471,1437,-1,1421,1423,1356,-1,1356,1423,1426,-1,1356,1426,1425,-1,1425,1429,1356,-1,1356,1429,1428,-1,1356,1428,1432,-1,1471,1355,1437,-1,1437,1355,1356,-1,1437,1356,1431,-1,1431,1356,1432,-1,1435,1434,1473,-1,1472,1437,1473,-1,1473,1437,1436,-1,1473,1436,1435,-1,1434,1442,1473,-1,1473,1442,1441,-1,1473,1441,1439,-1,1439,1438,1473,-1,1473,1438,1448,-1,1473,1448,1447,-1,1449,1451,1473,-1,1473,1451,1455,-1,1473,1455,1469,-1,1458,1459,1455,-1,1455,1459,1461,-1,1465,1467,1455,-1,1455,1467,1470,-1,1455,1470,1469,-1,1447,1446,1473,-1,1473,1446,1445,-1,1473,1445,1449,-1,1454,1453,1455,-1,1455,1453,1419,-1,1455,1419,1458,-1,1458,1419,1418,-1,1458,1418,1456,-1,1461,1462,1455,-1,1455,1462,1464,-1,1455,1464,1465,-1,1354,1356,1351,-1,1351,1356,1357,-1,1351,1357,1350,-1,1350,1357,1349,-1,1360,1348,1359,-1,1359,1348,1349,-1,1359,1349,1358,-1,1358,1349,1357,-1,1652,1653,1654,-1,1654,1653,1655,-1,1654,1655,1656,-1,1656,1655,1657,-1,1656,1657,1658,-1,1658,1657,1659,-1,1658,1659,1652,-1,1652,1659,1653,-1,1660,1661,1662,-1,1662,1661,1663,-1,1662,1663,1664,-1,1664,1663,1665,-1,1664,1665,1666,-1,1666,1665,1667,-1,1666,1667,1660,-1,1660,1667,1661,-1,1663,1659,1665,-1,1665,1659,1657,-1,1653,1661,1655,-1,1655,1661,1667,-1,1663,1661,1659,-1,1659,1661,1653,-1,1667,1665,1655,-1,1655,1665,1657,-1,1654,1666,1652,-1,1652,1666,1660,-1,1664,1656,1662,-1,1662,1656,1658,-1,1664,1666,1656,-1,1656,1666,1654,-1,1660,1662,1652,-1,1652,1662,1658,-1,1668,1669,1670,-1,1670,1669,1671,-1,1672,1673,1674,-1,1674,1673,1675,-1,1676,1677,1678,-1,1678,1677,1679,-1,1680,1681,1682,-1,1682,1681,1683,-1,1684,1685,1686,-1,1686,1685,1687,-1,1688,1689,1690,-1,1690,1689,1691,-1,1690,1691,1692,-1,1692,1691,1693,-1,1692,1693,1694,-1,1694,1693,1695,-1,1694,1695,1688,-1,1688,1695,1689,-1,1696,1697,1698,-1,1698,1697,1699,-1,1698,1699,1700,-1,1700,1699,1701,-1,1702,1703,1696,-1,1696,1703,1697,-1,1704,1705,1706,-1,1706,1705,1707,-1,1706,1707,1702,-1,1702,1707,1703,-1,1705,1704,1708,-1,1708,1704,1709,-1,1708,1709,1710,-1,1710,1709,1711,-1,1710,1711,1712,-1,1712,1711,1713,-1,1712,1713,1714,-1,1714,1713,1715,-1,1714,1715,1716,-1,1716,1715,1717,-1,1716,1717,1718,-1,1718,1717,1719,-1,1720,1721,1722,-1,1718,1719,1722,-1,1722,1719,1723,-1,1722,1723,1720,-1,1721,1720,1724,-1,1721,1724,1725,-1,1725,1724,1726,-1,1725,1726,1727,-1,1727,1726,1728,-1,1727,1728,1729,-1,1729,1728,1730,-1,1729,1730,1731,-1,1731,1730,1732,-1,1731,1732,1733,-1,1733,1732,1734,-1,1733,1734,1735,-1,1735,1734,1736,-1,1735,1736,1737,-1,1737,1736,1693,-1,1737,1693,1691,-1,1689,1695,1738,-1,1689,1738,1739,-1,1739,1738,1740,-1,1739,1740,1741,-1,1741,1740,1742,-1,1741,1742,1743,-1,1743,1742,1744,-1,1743,1744,1745,-1,1745,1744,1746,-1,1745,1746,1747,-1,1747,1746,1748,-1,1747,1748,1749,-1,1749,1748,1750,-1,1749,1750,1751,-1,1751,1750,1752,-1,1751,1752,1753,-1,1754,1753,1755,-1,1755,1753,1752,-1,1669,1754,1671,-1,1671,1754,1755,-1,1756,1757,1758,-1,1758,1757,1759,-1,1759,1757,1760,-1,1760,1757,1761,-1,1760,1761,1762,-1,1762,1761,1763,-1,1762,1763,1764,-1,1764,1763,1765,-1,1764,1765,1766,-1,1766,1765,1767,-1,1766,1767,1768,-1,1768,1767,1769,-1,1768,1769,1770,-1,1770,1769,1771,-1,1772,1770,1773,-1,1773,1770,1771,-1,1772,1773,1774,-1,1774,1773,1775,-1,1774,1775,1776,-1,1776,1775,1777,-1,1776,1777,1778,-1,1778,1777,1779,-1,1778,1779,1780,-1,1780,1779,1781,-1,1780,1781,1782,-1,1782,1781,1783,-1,1782,1783,1784,-1,1784,1783,1785,-1,1786,1787,1788,-1,1788,1787,1789,-1,1788,1789,1785,-1,1785,1789,1784,-1,1787,1786,1790,-1,1787,1790,1791,-1,1791,1790,1792,-1,1791,1792,1793,-1,1793,1792,1794,-1,1793,1794,1795,-1,1795,1794,1796,-1,1795,1796,1797,-1,1797,1796,1798,-1,1797,1798,1799,-1,1799,1798,1700,-1,1799,1700,1701,-1,1782,1784,1721,-1,1669,1668,1754,-1,1754,1668,1800,-1,1678,1679,1801,-1,1801,1679,1802,-1,1803,1686,1687,-1,1682,1683,1802,-1,1802,1683,1803,-1,1674,1675,1800,-1,1800,1675,1801,-1,1800,1801,1754,-1,1754,1801,1802,-1,1754,1802,1753,-1,1753,1802,1803,-1,1753,1803,1804,-1,1804,1803,1687,-1,1804,1758,1753,-1,1753,1758,1759,-1,1753,1759,1751,-1,1751,1759,1760,-1,1751,1760,1749,-1,1749,1760,1762,-1,1768,1741,1766,-1,1766,1741,1743,-1,1766,1743,1764,-1,1764,1743,1745,-1,1764,1745,1762,-1,1762,1745,1747,-1,1762,1747,1749,-1,1721,1725,1782,-1,1782,1725,1727,-1,1782,1727,1780,-1,1780,1727,1729,-1,1780,1729,1778,-1,1778,1729,1731,-1,1778,1731,1776,-1,1731,1733,1776,-1,1776,1733,1735,-1,1776,1735,1774,-1,1774,1735,1737,-1,1774,1737,1772,-1,1772,1737,1691,-1,1772,1691,1770,-1,1770,1691,1689,-1,1770,1689,1768,-1,1768,1689,1739,-1,1768,1739,1741,-1,1681,1680,1805,-1,1805,1680,1806,-1,1677,1676,1806,-1,1806,1676,1807,-1,1807,1673,1672,-1,1670,1671,1808,-1,1808,1671,1755,-1,1756,1809,1757,-1,1757,1809,1752,-1,1757,1752,1761,-1,1685,1684,1809,-1,1809,1684,1805,-1,1809,1805,1752,-1,1752,1805,1806,-1,1752,1806,1755,-1,1755,1806,1807,-1,1755,1807,1808,-1,1808,1807,1672,-1,1720,1785,1724,-1,1724,1785,1783,-1,1724,1783,1726,-1,1726,1783,1781,-1,1775,1734,1777,-1,1777,1734,1732,-1,1777,1732,1779,-1,1779,1732,1730,-1,1779,1730,1781,-1,1781,1730,1728,-1,1781,1728,1726,-1,1752,1750,1761,-1,1761,1750,1748,-1,1761,1748,1763,-1,1763,1748,1746,-1,1763,1746,1765,-1,1765,1746,1744,-1,1765,1744,1767,-1,1744,1742,1767,-1,1767,1742,1740,-1,1767,1740,1769,-1,1769,1740,1738,-1,1769,1738,1771,-1,1771,1738,1695,-1,1771,1695,1773,-1,1773,1695,1693,-1,1773,1693,1775,-1,1775,1693,1736,-1,1775,1736,1734,-1,1810,1811,1694,-1,1694,1811,1692,-1,1688,1690,1812,-1,1812,1690,1813,-1,1811,1813,1692,-1,1692,1813,1690,-1,1812,1813,1810,-1,1810,1813,1811,-1,1688,1812,1694,-1,1694,1812,1810,-1,1804,1687,1809,-1,1809,1687,1685,-1,1809,1756,1804,-1,1804,1756,1758,-1,1803,1683,1805,-1,1805,1683,1681,-1,1805,1684,1803,-1,1803,1684,1686,-1,1802,1679,1806,-1,1806,1679,1677,-1,1806,1680,1802,-1,1802,1680,1682,-1,1801,1675,1807,-1,1807,1675,1673,-1,1807,1676,1801,-1,1801,1676,1678,-1,1800,1668,1808,-1,1808,1668,1670,-1,1808,1672,1800,-1,1800,1672,1674,-1,1706,1698,1704,-1,1704,1698,1700,-1,1704,1700,1709,-1,1709,1700,1798,-1,1709,1798,1711,-1,1711,1798,1796,-1,1711,1796,1713,-1,1713,1796,1794,-1,1713,1794,1715,-1,1715,1794,1792,-1,1715,1792,1717,-1,1717,1792,1790,-1,1717,1790,1719,-1,1719,1790,1786,-1,1719,1786,1723,-1,1723,1786,1788,-1,1788,1785,1723,-1,1723,1785,1720,-1,1722,1789,1718,-1,1718,1789,1787,-1,1718,1787,1716,-1,1716,1787,1791,-1,1716,1791,1714,-1,1714,1791,1793,-1,1714,1793,1712,-1,1712,1793,1795,-1,1712,1795,1710,-1,1710,1795,1797,-1,1710,1797,1708,-1,1708,1797,1799,-1,1708,1799,1705,-1,1705,1799,1701,-1,1705,1701,1707,-1,1707,1701,1699,-1,1784,1789,1721,-1,1721,1789,1722,-1,1696,1698,1702,-1,1702,1698,1706,-1,1703,1707,1697,-1,1697,1707,1699,-1,
        ]
    }
}
Shape{
    appearance Appearance {
        material  Material {
            diffuseColor 0.0 0.9058823529411765 0.39215686274509803
            specularColor 0.0 0.45098039215686275 0.19607843137254902
            ambientIntensity 0.5765
            transparency 0.0
            shininess 0.5
        }
    }
    geometry IndexedFaceSet {
        ccw TRUE
        solid FALSE
        coord DEF co Coordinate {
            point [
                3.0 -0.4061 0.8363, 3.0 -0.4061 0.7887, 3.0 -0.2905 0.7887, 3.0 -0.4061 1.0268, 3.0 -0.4061 0.9916, 3.0 -0.2905 0.9916, 3.0 -0.2446 1.1479, 3.0 -0.2356 1.149, 3.0 -0.2833 1.149, 3.0 -0.1592 1.1341, 3.0 -0.1592 1.0957, 3.0 -0.1268 1.0957, 3.0 -0.1519 0.8369, 3.0 -0.1568 0.8363, 3.0 -0.1268 0.8363, 3.0 -0.0088 0.9436, 3.0 -0.0088 0.9052, 3.0 0.0137 0.9052, 3.0 -0.5102 1.0543, 3.0 -0.4871 1.0347, 3.0 -0.4061 1.149, 3.0 -0.6049 1.149, 3.0 -0.586 1.1358, 3.0 -0.5562 1.1008, 3.0 -0.5399 1.0683, 3.0 -0.5356 1.0669, 3.0 -0.4061 5.5118, 3.0 -1.463 5.5118, 3.0 -1.5859 4.7966, 3.0 -0.7799 1.1617, 3.0 -0.7403 1.1759, 3.0 -0.7021 1.1802, 3.0 -0.6613 1.1752, 3.0 -0.619 1.1587, 3.0 -1.5657 2.5591, 3.0 -0.8011 1.149, 3.0 -1.5657 1.149, 3.0 -0.8046 1.1469, 3.0 -1.5657 1.0268, 3.0 -0.988 1.0268, 3.0 -0.9805 1.0437, 3.0 -0.96 1.07, 3.0 -0.8954 1.1068, 3.0 -0.8618 1.111, 3.0 -0.8246 1.1297, 3.0 -0.852 1.1105, 3.0 -0.8421 1.1093, 3.0 -0.9542 1.0755, 3.0 -0.9271 1.0946, 3.0 -0.9376 0.8569, 3.0 -0.9643 0.8796, 3.0 -1.5657 0.8363, 3.0 -0.9068 0.8418, 3.0 -0.9838 0.9074, 3.0 -0.996 0.9392, 3.0 -1.5657 0.9916, 3.0 -1.0001 0.9727, 3.0 -0.9999 0.9809, 3.0 -0.998 0.9916, 3.0 -0.9941 1.013, 3.0 -0.8959 0.8386, 3.0 -0.8949 0.8363, 3.0 -0.8874 0.8203, 3.0 -0.8747 0.8046, 3.0 -0.4061 0.0, 3.0 -0.7942 0.7831, 3.0 -0.8148 0.7805, 3.0 -1.5657 0.0, 3.0 -0.8181 0.7806, 3.0 -0.8383 0.7837, 3.0 -1.5657 0.7887, 3.0 -0.8501 0.7887, 3.0 -0.858 0.792, 3.0 -0.7348 0.8363, 3.0 -0.7349 0.836, 3.0 -0.745 0.8169, 3.0 -0.7581 0.8022, 3.0 -0.7751 0.7904, 3.0 -0.7795 0.7887, 3.0 -0.4592 0.9843, 3.0 -0.4553 0.9564, 3.0 -0.6258 0.8867, 3.0 -0.6199 0.889, 3.0 -0.6099 0.9377, 3.0 -0.4869 0.8753, 3.0 -0.5102 0.8556, 3.0 -0.7508 0.9231, 3.0 -0.6363 0.9829, 3.0 -0.7657 0.9367, 3.0 -0.7838 0.9464, 3.0 -0.631 0.8829, 3.0 -0.47 0.8989, 3.0 -0.5087 0.9631, 3.0 -0.5127 0.9795, 3.0 -0.5192 0.9916, 3.0 -0.9442 0.9916, 3.0 -0.4592 0.9259, 3.0 -0.6133 0.8898, 3.0 -0.6125 0.8898, 3.0 -0.6099 0.8892, 3.0 -0.9392 0.9403, 3.0 -0.929 0.923, 3.0 -0.8856 0.9142, 3.0 -0.9137 0.9073, 3.0 -0.8951 0.8958, 3.0 -0.8541 0.9424, 3.0 -0.8715 0.9303, 3.0 -0.9463 0.9744, 3.0 -0.9453 0.9612, 3.0 -0.8352 0.9497, 3.0 -0.8148 0.9522, 3.0 -0.8044 0.9516, 3.0 -0.6398 0.8634, 3.0 -0.6395 0.8667, 3.0 -0.7294 0.8745, 3.0 -0.6378 0.8732, 3.0 -0.6346 0.8791, 3.0 -0.5256 0.9104, 3.0 -0.5162 0.9237, 3.0 -0.5103 0.939, 3.0 -0.5083 0.9556, 3.0 -0.6198 0.8377, 3.0 -0.6255 0.8399, 3.0 -0.631 0.8438, 3.0 -0.633 0.8458, 3.0 -0.6367 0.8512, 3.0 -0.639 0.857, 3.0 -0.7299 0.8571, 3.0 -0.7294 0.8659, 3.0 -0.5362 0.8429, 3.0 -0.5646 0.8369, 3.0 -0.615 0.8369, 3.0 -0.6082 0.889, 3.0 -0.5697 0.889, 3.0 -0.5544 0.8919, 3.0 -0.5394 0.8989, 3.0 -0.5267 0.9092, 3.0 -0.5817 1.0222, 3.0 -0.9365 1.0141, 3.0 -0.9438 0.995, 3.0 -0.5749 1.0222, 3.0 -0.5206 0.9942, 3.0 -0.5305 1.0052, 3.0 -0.5437 1.0144, 3.0 -0.5586 1.0202, 3.0 -0.6001 1.0735, 3.0 -0.6193 1.0965, 3.0 -0.8157 1.047, 3.0 -0.6215 1.0985, 3.0 -0.6455 1.1151, 3.0 -0.8026 1.074, 3.0 -0.9276 1.0268, 3.0 -0.8218 1.0503, 3.0 -0.5827 1.0268, 3.0 -0.5869 1.0459, 3.0 -0.8409 1.0573, 3.0 -0.8609 1.0598, 3.0 -0.8698 1.0593, 3.0 -0.7835 1.0968, 3.0 -0.6723 1.1254, 3.0 -0.7606 1.1136, 3.0 -0.7012 1.1289, 3.0 -0.7327 1.1249, 3.0 -0.8909 1.0543, 3.0 -0.9099 1.0442, 3.0 -0.9246 1.0311, 3.0 -0.4814 1.0268, 3.0 -0.4697 1.0104, 3.0 -0.4621 0.9916, 3.0 0.0403 0.851, 3.0 0.0403 0.8373, 3.0 0.0516 0.8363, 3.0 0.0137 0.8363, 3.0 0.0516 0.9916, 3.0 0.0375 0.9436, 3.0 0.0375 0.9574, 3.0 -0.0088 0.851, 3.0 0.0137 0.851, 3.0 -0.0088 0.8914, 3.0 0.0137 0.8914, 3.0 0.0341 0.8914, 3.0 0.0341 0.9052, 3.0 0.0137 0.9436, 3.0 0.0137 0.8373, 3.0 -0.0243 0.8373, 3.0 -0.0324 0.8363, 3.0 -0.0243 0.9574, 3.0 -0.2423 0.8363, 3.0 -0.2425 0.8363, 3.0 -0.2241 0.8373, 3.0 -0.2716 0.8785, 3.0 -0.2696 0.9025, 3.0 -0.2747 0.8742, 3.0 -0.2768 0.869, 3.0 -0.209 0.8373, 3.0 -0.1886 0.8558, 3.0 -0.209 0.8925, 3.0 -0.1886 0.8403, 3.0 -0.2598 0.8363, 3.0 -0.2655 0.8385, 3.0 -0.2833 0.8363, 3.0 -0.2754 0.8483, 3.0 -0.2772 0.8534, 3.0 -0.2553 0.9232, 3.0 -0.2833 0.9916, 3.0 -0.2665 0.9189, 3.0 -0.2696 0.9171, 3.0 -0.2669 0.8824, 3.0 -0.2603 0.8857, 3.0 -0.2608 0.9082, 3.0 -0.2495 0.8883, 3.0 -0.2364 0.9123, 3.0 -0.2415 0.9128, 3.0 -0.2514 0.9117, 3.0 -0.2241 0.8506, 3.0 -0.2245 0.8506, 3.0 -0.2283 0.8452, 3.0 -0.2706 0.842, 3.0 -0.2722 0.8437, 3.0 -0.2332 0.8406, 3.0 -0.2363 0.8387, 3.0 -0.1862 0.9102, 3.0 -0.2194 0.9193, 3.0 -0.2155 0.9154, 3.0 -0.278 0.8603, 3.0 -0.2779 0.8626, 3.0 -0.1825 0.8521, 3.0 -0.1817 0.8518, 3.0 -0.1817 0.8837, 3.0 -0.188 0.9053, 3.0 -0.24 0.925, 3.0 -0.2306 0.9242, 3.0 -0.2244 0.9222, 3.0 -0.2241 0.8918, 3.0 -0.2246 0.8985, 3.0 -0.2262 0.9038, 3.0 -0.2279 0.9069, 3.0 -0.2101 0.9035, 3.0 -0.1879 0.8941, 3.0 -0.2124 0.9105, 3.0 -0.1886 0.8999, 3.0 -0.2302 0.9094, 3.0 -0.2329 0.9111, 3.0 -0.1818 0.8838, 3.0 -0.1843 0.8864, 3.0 -0.1863 0.8895, 3.0 -0.1817 0.8377, 3.0 -0.1817 0.8363, 3.0 -0.1796 0.837, 3.0 -0.1739 0.8363, 3.0 -0.1348 0.9212, 3.0 -0.1348 0.9066, 3.0 -0.1834 0.9142, 3.0 -0.1817 0.9157, 3.0 -0.1817 0.9916, 3.0 -0.1789 0.9182, 3.0 -0.174 0.9211, 3.0 -0.1314 0.8546, 3.0 -0.1333 0.8498, 3.0 -0.1361 0.8459, 3.0 -0.1656 0.924, 3.0 -0.1552 0.925, 3.0 -0.1268 0.9916, 3.0 -0.1446 0.9241, 3.0 -0.1357 0.8748, 3.0 -0.1329 0.8707, 3.0 -0.1313 0.8662, 3.0 -0.1307 0.8606, 3.0 -0.1404 0.8421, 3.0 -0.144 0.8399, 3.0 -0.1566 0.9128, 3.0 -0.1611 0.9125, 3.0 -0.1731 0.9013, 3.0 -0.1651 0.9114, 3.0 -0.1685 0.9096, 3.0 -0.1729 0.8993, 3.0 -0.1723 0.8969, 3.0 -0.1712 0.8949, 3.0 -0.1698 0.8933, 3.0 -0.1645 0.89, 3.0 -0.1471 0.9118, 3.0 -0.1552 0.8859, 3.0 -0.1386 0.9087, 3.0 -0.1493 0.8836, 3.0 -0.1393 0.878, 3.0 -0.1707 0.9076, 3.0 -0.172 0.9057, 3.0 -0.1728 0.9037, 3.0 -0.1731 0.8486, 3.0 -0.1658 0.875, 3.0 -0.1747 0.8791, 3.0 -0.1639 0.8476, 3.0 -0.1632 0.8476, 3.0 -0.1559 0.8709, 3.0 -0.1555 0.8484, 3.0 -0.1462 0.8592, 3.0 -0.1463 0.861, 3.0 -0.1516 0.8498, 3.0 -0.1503 0.8507, 3.0 -0.1485 0.8522, 3.0 -0.1472 0.8542, 3.0 -0.1465 0.8563, 3.0 -0.147 0.8634, 3.0 -0.1482 0.8654, 3.0 -0.15 0.8673, 3.0 0.0957 1.0607, 3.0 0.0516 1.0607, 3.0 0.1079 1.0278, 3.0 0.0516 1.0268, 3.0 0.1251 1.0278, 3.0 0.0457 1.0607, 3.0 0.0341 1.0278, 3.0 0.0137 1.0268, 3.0 0.017 1.0278, 3.0 0.0137 1.149, 3.0 0.0516 1.1187, 3.0 0.0516 1.149, 3.0 0.0627 1.1479, 3.0 0.0793 1.1479, 3.0 -0.0324 1.149, 3.0 -0.0988 1.149, 3.0 -0.0532 1.1479, 3.0 -0.0875 1.1479, 3.0 -0.0875 1.0278, 3.0 -0.0988 1.0268, 3.0 -0.0544 1.0278, 3.0 -0.0324 1.0268, 3.0 -0.034 1.0303, 3.0 0.0071 1.0677, 3.0 0.0011 1.0553, 3.0 -0.0035 1.1279, 3.0 0.0039 1.1174, 3.0 -0.0078 1.0447, 3.0 -0.0203 1.0357, 3.0 -0.0324 1.0309, 3.0 -0.0078 1.132, 3.0 -0.0349 1.1459, 3.0 -0.0324 1.145, 3.0 -0.0204 1.1406, 3.0 0.0083 1.106, 3.0 0.0103 1.0894, 3.0 0.01 1.0818, 3.0 -0.1268 1.149, 3.0 -0.1129 1.1479, 3.0 -0.1268 1.1479, 3.0 -0.1592 1.0415, 3.0 -0.1268 1.0415, 3.0 -0.1592 1.0819, 3.0 -0.1268 1.0819, 3.0 -0.1163 1.0819, 3.0 -0.1101 1.0415, 3.0 -0.1163 1.0957, 3.0 -0.1129 1.1341, 3.0 -0.1268 1.1341, 3.0 -0.1747 1.0278, 3.0 -0.1817 1.0268, 3.0 -0.1268 1.0268, 3.0 -0.1101 1.0278, 3.0 -0.1268 1.0278, 3.0 -0.1747 1.1479, 3.0 -0.1817 1.149, 3.0 -2.0287 2.8129, 3.0 -2.0757 2.7901, 3.0 -1.8328 2.5591, 3.0 -2.1157 2.7564, 3.0 -2.1461 2.7139, 3.0 -1.5859 2.5591, 3.0 -1.9254 2.821, 3.0 -1.9776 2.8234, 3.0 -2.1717 0.0, 3.0 -1.8328 0.0, 3.0 -2.1717 0.7887, 3.0 -1.8328 0.7887, 3.0 -2.1717 0.8363, 3.0 -1.8328 0.8363, 3.0 -2.1717 0.9916, 3.0 -1.8328 0.9916, 3.0 -2.1717 1.0268, 3.0 -1.8328 1.0268, 3.0 -2.1717 1.149, 3.0 -1.8328 1.149, 3.0 -2.1717 2.6134, 3.0 -2.1652 2.6653, 3.0 1.0019 2.5591, 3.0 1.0019 1.149, 3.0 1.0019 1.0268, 3.0 1.3323 3.8583, 3.0 0.8992 5.5118, 3.0 0.0516 5.5118, 3.0 1.269 0.0, 3.0 1.7654 0.0, 3.0 1.269 0.7887, 3.0 1.7654 0.7887, 3.0 1.269 0.8363, 3.0 1.7654 0.8363, 3.0 1.269 0.9916, 3.0 1.7654 0.9916, 3.0 1.269 1.0268, 3.0 1.7654 1.0268, 3.0 1.269 1.149, 3.0 1.7654 1.149, 3.0 1.269 2.5591, 3.0 1.7654 3.8583, 3.0 1.0019 0.9916, 3.0 0.096 0.8373, 3.0 0.063 0.8373, 3.0 0.1674 0.8373, 3.0 0.1604 0.8912, 3.0 0.1575 0.8772, 3.0 0.063 0.9574, 3.0 0.2297 0.9574, 3.0 0.2131 0.9574, 3.0 0.1515 0.8648, 3.0 0.1426 0.8541, 3.0 0.1301 0.8451, 3.0 0.1607 0.8989, 3.0 0.1587 0.9154, 3.0 0.1426 0.9415, 3.0 0.1469 0.9374, 3.0 0.1543 0.9269, 3.0 0.0972 0.9574, 3.0 0.1156 0.9554, 3.0 0.13 0.9501, 3.0 1.0019 0.8363, 3.0 0.2755 0.8373, 3.0 0.2583 0.8373, 3.0 0.2461 0.8702, 3.0 0.1961 0.8702, 3.0 0.1845 0.8373, 3.0 0.1164 0.8398, 3.0 1.0019 0.7887, 3.0 1.0019 0.0, 3.0 0.0516 0.7887, 3.0 -0.2115 1.1487, 3.0 -0.1988 1.1451, 3.0 -0.1988 1.1288, 3.0 -0.1988 1.0477, 3.0 -0.1988 1.0328, 3.0 -0.2008 1.0318, 3.0 -0.2137 1.0276, 3.0 -0.2214 1.0268, 3.0 -0.2123 1.1342, 3.0 -0.2271 1.136, 3.0 -0.2001 1.1296, 3.0 -0.2329 1.1357, 3.0 -0.2432 1.1334, 3.0 -0.2525 1.1288, 3.0 -0.2705 1.103, 3.0 -0.2724 1.0865, 3.0 -0.2298 1.0396, 3.0 -0.2598 1.1226, 3.0 -0.2606 1.1218, 3.0 -0.2106 1.0424, 3.0 -0.2242 1.0398, 3.0 -0.2664 1.1134, 3.0 -0.2722 1.081, 3.0 -0.2701 1.0692, 3.0 -0.2661 1.0597, 3.0 -0.2606 1.0523, 3.0 -0.2572 1.049, 3.0 -0.2402 1.0407, 3.0 -0.249 1.0437, 3.0 -0.2272 1.15, 3.0 -0.2833 5.5118, 3.0 -0.2143 1.149, 3.0 -0.1817 5.5118, 3.0 -0.2801 1.1209, 3.0 -0.2714 1.1323, 3.0 -0.2684 1.1351, 3.0 -0.2571 1.143, 3.0 -0.2833 1.0584, 3.0 -0.2863 1.0661, 3.0 -0.2905 1.0268, 3.0 -0.2887 1.0856, 3.0 -0.2885 1.0919, 3.0 -0.2905 1.149, 3.0 -0.2858 1.1076, 3.0 -0.2833 1.1133, 3.0 -0.2636 1.0342, 3.0 -0.2733 1.0422, 3.0 -0.2833 1.0268, 3.0 -0.2743 1.0433, 3.0 -0.2814 1.0535, 3.0 -0.232 1.0258, 3.0 -0.2393 1.0262, 3.0 -0.2425 1.0268, 3.0 -0.2523 1.0288, 3.0 -0.1654 0.8353, 3.0 -0.1817 0.7887, 3.0 -0.2833 0.7887, 3.0 -0.2595 0.8363, 3.0 -0.2508 0.8353, 3.0 -0.0561 0.9231, 3.0 -0.0405 0.9231, 3.0 -0.0324 0.9916, 3.0 0.0137 0.9574, 3.0 0.0137 0.9916, 3.0 -0.0748 0.8363, 3.0 -0.0836 0.8586, 3.0 -0.0818 0.8515, 3.0 -0.0814 0.8515, 3.0 -0.0988 0.9916, 3.0 -0.0988 0.9022, 3.0 -0.0796 0.8585, 3.0 -0.0807 0.8545, 3.0 -0.0988 0.8363, 3.0 -0.0988 0.8618, 3.0 -0.1229 0.9231, 3.0 -0.1061 0.9231, 3.0 -0.0892 0.8375, 3.0 -0.0897 0.8363, 3.0 -0.0958 0.8219, 3.0 -0.1268 0.7887, 3.0 -0.1198 0.7981, 3.0 -0.1198 0.8115, 3.0 -0.1016 0.8133, 3.0 -0.0988 0.8164, 3.0 -0.0988 0.8165, 3.0 -0.1167 0.8105, 3.0 -0.1112 0.8098, 3.0 -0.0988 0.7996, 3.0 -0.104 0.7976, 3.0 -0.0988 0.7887, 3.0 -0.1101 0.7969, 3.0 -0.1134 0.797, 3.0 -0.1074 0.8102, 3.0 -0.1042 0.8115, 3.0 -0.0795 0.8243, 3.0 -0.0863 0.8111, 3.0 -0.0324 0.7887, 3.0 -0.0918 0.8045, 3.0 -0.0928 0.8035, 3.0 -0.0981 0.7999, 3.0 -0.2936 1.0415, 3.0 -0.2936 1.0278, 3.0 -0.357 1.0278, 3.0 -0.3414 1.1479, 3.0 -0.3414 1.0415, 3.0 -0.357 1.1479, 3.0 -0.2905 0.8363, 3.0 -0.2924 0.8373, 3.0 -0.357 0.8373, 3.0 -0.2924 0.851, 3.0 -0.2951 0.9436, 3.0 -0.3414 0.8914, 3.0 -0.3414 0.851, 3.0 -0.2985 0.8914, 3.0 -0.2985 0.9052, 3.0 -0.3414 0.9052, 3.0 -0.3414 0.9436, 3.0 -0.357 0.9574, 3.0 -0.2951 0.9574, 3.0 -0.2905 5.5118, 3.0 0.0137 5.5118, 3.0 -0.0324 5.5118, 3.0 -0.0988 5.5118, 3.0 -0.1268 5.5118, 3.0 0.0137 0.7887, 3.0 0.0516 0.0, 3.0 0.0137 0.0, 3.0 -0.0324 0.0, 3.0 -0.0988 0.0, 3.0 -0.1268 0.0, 3.0 -0.1817 0.0, 3.0 -0.2833 0.0, 3.0 -0.2905 0.0, 2.4921 1.3323 0.0, 2.6063 1.3323 0.0, 2.4921 1.3323 0.8471, 2.6063 1.3323 0.9672, 1.5079 1.3323 0.8471, 1.3937 1.3323 0.9672, 1.5079 1.3323 0.0, 1.3937 1.3323 0.0, 2.4921 1.7654 3.8583, 2.4921 1.7654 0.9672, 1.5079 1.7654 0.9672, 1.0 1.7654 0.0, 1.5079 1.7654 3.8583, 1.0 1.7654 3.8583, 1.3059 1.3323 3.8583, 1.0 1.3323 3.8583, 1.3937 0.9942 0.0, 1.5079 0.9942 0.0, 1.5079 0.7459 0.0, 3.2362 1.3323 0.0, 3.2362 0.9386 0.0, 1.5079 -1.6863 0.0, 1.2362 -1.8961 0.0, 1.5079 -1.3097 0.0, 1.2362 -1.5024 0.0, 1.1969 -1.3097 0.0, 1.0 -1.5657 0.0, 1.1969 0.7459 0.0, 1.0 1.0019 0.0, 1.2362 0.9386 0.0, 1.5079 1.5248 0.0, 3.2362 -1.5024 0.0, 3.2362 -1.8961 0.0, 2.6063 0.9942 0.0, 2.4921 -1.6863 0.0, 2.4921 -1.3097 0.0, 2.8031 -1.3097 0.0, 2.4921 1.5248 0.0, 1.2362 1.3323 0.0, 1.0 1.269 0.0, 2.4921 0.9942 0.0, 2.4921 0.7459 0.0, 2.8031 0.7459 0.0, 1.0 -2.1717 0.0, 1.0 -1.8328 0.0, 2.6063 0.7459 2.0274, 2.4921 0.7459 2.0274, 1.5079 0.7459 2.0274, 1.3937 0.7459 2.0274, 1.1969 0.7459 4.134, 1.3937 0.7459 2.3933, 2.8031 0.7459 4.134, 2.6063 0.7459 2.3933, 1.2253 -2.1717 2.6134, 1.0 -2.1717 2.6134, 1.2253 -2.1717 0.6634, 2.7747 -2.1717 0.6634, 2.7747 -2.1717 2.6134, 2.4921 -1.3097 2.3933, 1.5079 -1.3097 2.3933, 1.1969 -1.3097 4.134, 2.8031 -1.3097 4.134, 1.3937 0.9942 2.0274, 1.5079 0.9942 2.0274, 1.0 -1.8328 2.5591, 1.0 1.269 2.5591, 1.0 1.0019 2.5591, 1.0 0.8992 5.5118, 1.0 -1.5657 2.5591, 1.0 -1.463 5.5118, 1.0 -1.9254 2.821, 1.0 -1.9776 2.8234, 1.0 -2.0287 2.8129, 1.0 -2.1652 2.6653, 1.0 -2.1461 2.7139, 1.0 -2.1157 2.7564, 1.0 -2.0757 2.7901, 2.6407 0.1836 5.5118, 2.7235 0.0402 5.5118, 2.7747 -0.1172 5.5118, 2.792 -0.2819 5.5118, 2.7747 -0.4466 5.5118, 2.7235 -0.604 5.5118, 1.7553 -1.0351 5.5118, 1.604 -0.9678 5.5118, 2.6407 -0.7474 5.5118, 2.53 -0.8705 5.5118, 2.396 -0.9678 5.5118, 1.47 -0.8705 5.5118, 1.3593 -0.7474 5.5118, 1.2765 -0.604 5.5118, 2.2447 0.4714 5.5118, 2.396 0.404 5.5118, 2.53 0.3067 5.5118, 2.2447 -1.0351 5.5118, 2.0828 -1.0696 5.5118, 1.9172 -1.0696 5.5118, 1.2253 -0.4466 5.5118, 1.208 -0.2819 5.5118, 1.2253 -0.1172 5.5118, 1.2765 0.0402 5.5118, 1.3593 0.1836 5.5118, 1.47 0.3067 5.5118, 1.604 0.404 5.5118, 1.7553 0.4714 5.5118, 1.9172 0.5058 5.5118, 2.0828 0.5058 5.5118, 2.6941 1.3323 3.8583, 2.494 -0.1495 4.134, 2.5114 -0.2819 4.134, 2.4429 -0.0262 4.134, 2.3616 0.0797 4.134, 2.2557 0.161 4.134, 2.1324 0.2121 4.134, 2.0 0.2295 4.134, 1.8676 0.2121 4.134, 1.7443 0.161 4.134, 1.6384 0.0797 4.134, 1.5571 -0.0262 4.134, 1.5571 -0.5376 4.134, 1.6384 -0.6435 4.134, 1.7443 -0.7248 4.134, 1.506 -0.1495 4.134, 1.4886 -0.2819 4.134, 1.506 -0.4142 4.134, 2.2557 -0.7248 4.134, 2.3616 -0.6435 4.134, 1.8676 -0.7759 4.134, 2.0 -0.7933 4.134, 2.1324 -0.7759 4.134, 2.4429 -0.5376 4.134, 2.494 -0.4142 4.134, 1.3937 0.9942 2.3933, 1.3937 0.9942 2.9106, 2.6063 0.9942 2.3933, 2.6063 0.9942 2.9106, 1.3937 1.3323 2.9106, 2.6063 1.3323 2.9106, 2.4921 0.9942 2.0274, 2.6063 0.9942 2.0274, 1.5079 1.5248 0.3248, 2.4921 1.5248 0.3248, 1.5079 -1.5389 0.6634, 2.4921 -1.5389 0.6634, 1.5079 -1.5389 0.8686, 2.4921 -1.5389 0.8686, 1.5079 -1.7681 0.8686, 2.4921 -1.7681 0.8686, 2.4921 -1.7681 2.0885, 1.5079 -1.7681 2.0885, 1.5079 -1.5339 2.0885, 2.4921 -1.5339 2.0885, 1.5079 -1.5339 2.3933, 2.4921 -1.5339 2.3933, 2.6941 1.3323 0.9672, 1.3059 1.3323 0.9672, 2.792 -0.2819 5.4372, 2.7747 -0.1172 5.4372, 2.7235 0.0402 5.4372, 2.6407 0.1836 5.4372, 2.53 0.3067 5.4372, 2.396 0.404 5.4372, 2.2447 0.4714 5.4372, 2.0828 0.5058 5.4372, 1.9172 0.5058 5.4372, 1.7553 0.4714 5.4372, 1.604 0.404 5.4372, 1.47 0.3067 5.4372, 1.3593 0.1836 5.4372, 1.2765 0.0402 5.4372, 1.2253 -0.1172 5.4372, 1.208 -0.2819 5.4372, 1.2253 -0.4466 5.4372, 1.2765 -0.604 5.4372, 1.3593 -0.7474 5.4372, 1.47 -0.8705 5.4372, 1.604 -0.9678 5.4372, 1.7553 -1.0351 5.4372, 1.9172 -1.0696 5.4372, 2.0828 -1.0696 5.4372, 2.2447 -1.0351 5.4372, 2.396 -0.9678 5.4372, 2.53 -0.8705 5.4372, 2.6407 -0.7474 5.4372, 2.7235 -0.604 5.4372, 2.7747 -0.4466 5.4372, 2.5002 -0.1756 4.2577, 2.492 -0.1502 4.2577, 2.4672 -0.0739 4.2577, 2.4404 -0.0276 4.2577, 2.4137 0.0187 4.2577, 2.36 0.0783 4.2577, 2.3422 0.0981 4.2577, 2.2557 0.161 4.2577, 2.158 0.2045 4.2577, 2.1319 0.21 4.2577, 2.0535 0.2267 4.2577, 2.0 0.2267 4.2577, 1.9465 0.2267 4.2577, 1.8681 0.21 4.2577, 1.842 0.2045 4.2577, 1.7443 0.161 4.2577, 1.6578 0.0981 4.2577, 1.64 0.0783 4.2577, 1.5863 0.0187 4.2577, 1.5596 -0.0276 4.2577, 1.5328 -0.0739 4.2577, 1.508 -0.1502 4.2577, 1.4998 -0.1756 4.2577, 1.4886 -0.2819 4.2577, 1.4998 -0.3882 4.2577, 1.508 -0.4136 4.2577, 1.5328 -0.4899 4.2577, 1.5596 -0.5362 4.2577, 1.5863 -0.5825 4.2577, 1.64 -0.6421 4.2577, 1.6578 -0.6619 4.2577, 1.7443 -0.7248 4.2577, 1.842 -0.7682 4.2577, 1.8681 -0.7738 4.2577, 1.9465 -0.7905 4.2577, 2.0 -0.7905 4.2577, 2.0535 -0.7905 4.2577, 2.1319 -0.7738 4.2577, 2.158 -0.7682 4.2577, 2.2557 -0.7248 4.2577, 2.3422 -0.6619 4.2577, 2.36 -0.6421 4.2577, 2.4137 -0.5825 4.2577, 2.4404 -0.5362 4.2577, 2.4672 -0.4899 4.2577, 2.492 -0.4136 4.2577, 2.5002 -0.3882 4.2577, 2.5114 -0.2819 4.2577, 2.7235 -0.604 4.3268, 2.7747 -0.4466 4.3268, 2.6407 -0.7474 4.3268, 2.53 -0.8705 4.3268, 2.396 -0.9678 4.3268, 2.2447 -1.0351 4.3268, 2.0828 -1.0696 4.3268, 1.9172 -1.0696 4.3268, 1.7553 -1.0351 4.3268, 1.604 -0.9678 4.3268, 1.47 -0.8705 4.3268, 1.3593 -0.7474 4.3268, 1.2765 -0.604 4.3268, 1.2253 -0.4466 4.3268, 1.208 -0.2819 4.3268, 1.2253 -0.1172 4.3268, 1.2765 0.0402 4.3268, 1.3593 0.1836 4.3268, 1.47 0.3067 4.3268, 1.604 0.404 4.3268, 1.7553 0.4714 4.3268, 1.9172 0.5058 4.3268, 2.0828 0.5058 4.3268, 2.2447 0.4714 4.3268, 2.396 0.404 4.3268, 2.53 0.3067 4.3268, 2.6407 0.1836 4.3268, 2.7235 0.0402 4.3268, 2.7747 -0.1172 4.3268, 2.792 -0.2819 4.3268, 2.792 -0.2819 5.2441, 2.7747 -0.1172 5.2441, 2.7235 0.0402 5.2441, 2.6407 0.1836 5.2441, 2.53 0.3067 5.2441, 2.396 0.404 5.2441, 2.2447 0.4714 5.2441, 2.0828 0.5058 5.2441, 1.9172 0.5058 5.2441, 1.7553 0.4714 5.2441, 1.604 0.404 5.2441, 1.47 0.3067 5.2441, 1.3593 0.1836 5.2441, 1.2765 0.0402 5.2441, 1.2253 -0.1172 5.2441, 1.208 -0.2819 5.2441, 1.2253 -0.4466 5.2441, 1.2765 -0.604 5.2441, 1.3593 -0.7474 5.2441, 1.47 -0.8705 5.2441, 1.604 -0.9678 5.2441, 1.7553 -1.0351 5.2441, 1.9172 -1.0696 5.2441, 2.0828 -1.0696 5.2441, 2.2447 -1.0351 5.2441, 2.396 -0.9678 5.2441, 2.53 -0.8705 5.2441, 2.6407 -0.7474 5.2441, 2.7235 -0.604 5.2441, 2.7747 -0.4466 5.2441, 1.286 -0.1301 5.4372, 1.3332 0.015 5.4372, 1.4095 0.1472 5.4372, 1.5116 0.2606 5.4372, 1.635 0.3503 5.4372, 1.7744 0.4123 5.4372, 1.9237 0.444 5.4372, 2.0763 0.444 5.4372, 2.2256 0.4123 5.4372, 2.365 0.3503 5.4372, 2.4884 0.2606 5.4372, 2.5905 0.1472 5.4372, 2.6668 0.015 5.4372, 2.714 -0.1301 5.4372, 2.7299 -0.2819 5.4372, 2.714 -0.4337 5.4372, 2.6668 -0.5788 5.4372, 2.5905 -0.7109 5.4372, 2.4884 -0.8243 5.4372, 2.365 -0.914 5.4372, 2.2256 -0.9761 5.4372, 2.0763 -1.0078 5.4372, 1.9237 -1.0078 5.4372, 1.7744 -0.9761 5.4372, 1.635 -0.914 5.4372, 1.5116 -0.8243 5.4372, 1.4095 -0.7109 5.4372, 1.3332 -0.5788 5.4372, 1.286 -0.4337 5.4372, 1.2701 -0.2819 5.4372, 3.2362 0.9386 2.5591, 3.2362 1.3323 2.5591, 3.2362 -1.5024 2.5591, 3.2362 -1.8961 2.5591, 1.2362 -1.8961 2.5591, 1.2362 -1.5024 2.5591, 1.2362 0.9386 2.5591, 1.2362 1.3323 2.5591
            ]
        }
        coordIndex [
            0,1,2,-1,3,4,5,-1,6,7,8,-1,9,10,11,-1,12,13,14,-1,15,16,17,-1,18,19,20,-1,20,19,3,-1,21,22,20,-1,20,22,23,-1,23,24,20,-1,20,24,25,-1,20,25,18,-1,26,27,28,-1,29,30,26,-1,30,31,26,-1,26,31,32,-1,26,32,33,-1,29,34,35,-1,35,34,36,-1,35,36,37,-1,38,39,36,-1,36,39,40,-1,36,40,41,-1,36,42,37,-1,37,42,43,-1,37,43,44,-1,44,43,45,-1,44,45,46,-1,41,47,36,-1,36,47,48,-1,36,48,42,-1,49,50,51,-1,49,51,52,-1,50,53,51,-1,51,53,54,-1,51,54,55,-1,55,54,56,-1,56,57,55,-1,55,57,58,-1,55,58,38,-1,38,58,59,-1,38,59,39,-1,60,52,61,-1,61,52,51,-1,61,51,62,-1,62,51,63,-1,64,65,66,-1,64,66,67,-1,66,68,67,-1,67,68,69,-1,67,69,70,-1,70,69,71,-1,70,71,51,-1,51,71,72,-1,51,72,63,-1,0,73,1,-1,1,73,74,-1,1,74,75,-1,75,76,1,-1,1,76,77,-1,1,77,78,-1,79,80,4,-1,81,82,83,-1,84,85,0,-1,86,87,88,-1,88,87,89,-1,81,83,90,-1,84,0,91,-1,92,93,87,-1,87,93,94,-1,87,94,95,-1,4,80,0,-1,0,80,96,-1,0,96,91,-1,82,97,83,-1,83,97,98,-1,83,98,99,-1,100,101,102,-1,102,101,103,-1,102,103,104,-1,105,95,106,-1,106,95,107,-1,106,107,102,-1,102,107,108,-1,102,108,100,-1,105,109,95,-1,95,109,110,-1,95,110,87,-1,87,110,111,-1,87,111,89,-1,112,113,114,-1,114,113,115,-1,114,115,83,-1,83,115,116,-1,83,116,90,-1,117,118,83,-1,83,118,119,-1,83,119,87,-1,87,119,120,-1,87,120,92,-1,121,122,73,-1,73,122,123,-1,73,123,124,-1,124,125,73,-1,73,125,126,-1,73,126,127,-1,127,126,112,-1,127,112,128,-1,128,112,114,-1,85,129,0,-1,0,129,130,-1,0,130,73,-1,73,130,131,-1,73,131,121,-1,99,132,83,-1,83,132,133,-1,83,133,134,-1,134,135,83,-1,83,135,136,-1,83,136,117,-1,137,138,139,-1,139,95,137,-1,137,95,94,-1,137,94,140,-1,140,94,141,-1,141,142,140,-1,140,142,143,-1,140,143,144,-1,145,146,147,-1,146,148,147,-1,147,148,149,-1,147,149,150,-1,151,147,152,-1,138,137,151,-1,151,137,153,-1,151,153,147,-1,147,153,154,-1,147,154,145,-1,152,155,151,-1,151,155,156,-1,151,156,157,-1,150,149,158,-1,158,149,159,-1,158,159,160,-1,160,159,161,-1,160,161,162,-1,163,164,157,-1,157,164,165,-1,157,165,151,-1,19,166,3,-1,3,166,167,-1,3,167,4,-1,4,167,168,-1,4,168,79,-1,169,170,171,-1,171,170,172,-1,169,173,174,-1,174,173,175,-1,176,177,178,-1,178,177,179,-1,179,177,180,-1,180,177,169,-1,180,169,181,-1,181,169,174,-1,181,174,17,-1,17,174,182,-1,17,182,15,-1,170,183,172,-1,172,183,184,-1,172,184,185,-1,185,184,186,-1,187,188,189,-1,190,191,192,-1,192,191,193,-1,189,188,194,-1,195,196,197,-1,197,196,194,-1,198,199,200,-1,200,201,202,-1,203,204,205,-1,205,204,206,-1,190,207,191,-1,191,207,208,-1,191,208,209,-1,209,208,210,-1,211,212,210,-1,210,212,213,-1,210,213,209,-1,214,215,189,-1,189,215,216,-1,199,217,200,-1,200,217,218,-1,200,218,201,-1,216,219,189,-1,189,219,220,-1,189,220,187,-1,221,222,223,-1,202,224,200,-1,200,224,225,-1,200,225,204,-1,204,225,193,-1,204,193,206,-1,206,193,191,-1,226,227,228,-1,221,223,229,-1,203,230,204,-1,204,230,231,-1,204,231,232,-1,233,234,210,-1,210,234,235,-1,210,235,236,-1,237,196,238,-1,226,228,195,-1,223,239,229,-1,229,239,237,-1,229,237,240,-1,240,237,238,-1,236,241,210,-1,210,241,242,-1,210,242,211,-1,228,243,195,-1,195,243,244,-1,195,244,196,-1,196,244,245,-1,196,245,238,-1,246,247,248,-1,248,247,249,-1,250,251,14,-1,252,253,254,-1,254,253,255,-1,254,255,256,-1,257,258,14,-1,14,258,259,-1,256,260,254,-1,254,260,261,-1,254,261,262,-1,262,261,263,-1,262,263,250,-1,264,265,251,-1,251,265,266,-1,251,266,14,-1,14,266,267,-1,14,267,257,-1,259,268,14,-1,14,268,269,-1,14,269,12,-1,270,271,272,-1,272,271,273,-1,272,273,274,-1,272,275,270,-1,270,275,276,-1,270,276,277,-1,277,278,270,-1,270,278,279,-1,270,279,280,-1,280,279,281,-1,280,281,282,-1,282,281,283,-1,282,283,251,-1,251,283,284,-1,251,284,264,-1,285,286,274,-1,274,286,287,-1,274,287,272,-1,288,289,227,-1,227,289,290,-1,227,290,228,-1,288,291,289,-1,289,291,292,-1,289,292,293,-1,293,292,294,-1,293,295,296,-1,294,297,293,-1,293,297,298,-1,293,298,299,-1,299,300,293,-1,293,300,301,-1,293,301,295,-1,296,302,293,-1,293,302,303,-1,293,303,304,-1,305,306,307,-1,307,306,308,-1,307,308,309,-1,306,310,308,-1,308,310,311,-1,308,311,312,-1,312,311,313,-1,312,313,314,-1,314,313,315,-1,314,315,316,-1,316,315,317,-1,316,317,318,-1,319,320,321,-1,321,320,322,-1,322,320,323,-1,323,320,324,-1,323,324,325,-1,325,324,326,-1,325,326,327,-1,328,329,312,-1,330,331,314,-1,329,332,312,-1,312,332,333,-1,312,333,326,-1,326,333,334,-1,326,334,327,-1,330,314,335,-1,321,336,319,-1,319,336,337,-1,319,337,314,-1,314,337,338,-1,314,338,335,-1,331,339,314,-1,314,339,340,-1,314,340,312,-1,312,340,341,-1,312,341,328,-1,320,342,343,-1,343,342,344,-1,345,346,347,-1,347,346,348,-1,348,346,349,-1,349,346,350,-1,349,350,351,-1,351,350,352,-1,351,352,11,-1,11,352,353,-1,11,353,9,-1,354,355,356,-1,343,352,320,-1,320,352,350,-1,320,350,324,-1,324,350,357,-1,324,357,356,-1,356,357,358,-1,356,358,354,-1,344,342,359,-1,359,342,360,-1,359,360,354,-1,361,362,363,-1,363,362,364,-1,363,364,365,-1,29,26,34,-1,34,26,28,-1,34,28,366,-1,366,28,367,-1,366,367,363,-1,363,367,368,-1,363,368,361,-1,369,370,371,-1,371,370,372,-1,371,372,373,-1,373,372,374,-1,373,374,375,-1,375,374,376,-1,375,376,377,-1,377,376,378,-1,377,378,379,-1,379,378,380,-1,379,380,381,-1,381,380,363,-1,381,363,382,-1,382,363,365,-1,383,316,384,-1,384,316,318,-1,384,318,385,-1,386,387,388,-1,389,390,391,-1,391,390,392,-1,391,392,393,-1,393,392,394,-1,393,394,395,-1,395,394,396,-1,395,396,397,-1,397,396,398,-1,397,398,399,-1,399,398,400,-1,399,400,401,-1,401,400,402,-1,401,402,383,-1,318,309,385,-1,385,309,308,-1,385,308,403,-1,404,405,171,-1,406,407,408,-1,169,171,173,-1,173,171,405,-1,173,405,409,-1,403,173,410,-1,410,173,411,-1,408,412,406,-1,406,412,413,-1,406,413,414,-1,407,406,415,-1,415,406,411,-1,415,411,416,-1,417,418,411,-1,411,418,419,-1,411,419,416,-1,409,420,173,-1,173,420,421,-1,173,421,411,-1,411,421,422,-1,411,422,417,-1,403,410,423,-1,423,410,424,-1,423,424,425,-1,426,427,425,-1,425,427,428,-1,425,428,423,-1,423,428,406,-1,414,429,406,-1,406,429,404,-1,406,404,423,-1,423,404,171,-1,423,171,430,-1,431,430,432,-1,433,434,360,-1,360,434,435,-1,436,437,355,-1,437,438,355,-1,355,438,439,-1,355,439,440,-1,441,442,436,-1,354,360,355,-1,355,360,435,-1,355,435,436,-1,436,435,443,-1,436,443,441,-1,442,444,436,-1,436,444,445,-1,436,445,446,-1,447,448,449,-1,446,450,436,-1,436,450,451,-1,436,451,452,-1,452,451,453,-1,453,451,449,-1,449,451,454,-1,449,454,447,-1,448,455,449,-1,449,455,456,-1,449,456,457,-1,457,458,449,-1,449,458,459,-1,449,459,460,-1,460,459,461,-1,7,462,463,-1,463,462,464,-1,463,464,465,-1,8,466,467,-1,467,468,8,-1,8,468,469,-1,8,469,6,-1,470,471,472,-1,473,474,475,-1,475,474,476,-1,475,476,8,-1,8,476,477,-1,8,477,466,-1,478,479,480,-1,480,479,481,-1,480,481,482,-1,483,484,204,-1,204,484,485,-1,204,485,480,-1,480,485,486,-1,480,486,478,-1,222,221,232,-1,232,221,252,-1,232,252,204,-1,204,252,254,-1,204,254,483,-1,487,249,488,-1,488,249,247,-1,488,247,489,-1,198,200,490,-1,490,200,489,-1,490,489,491,-1,491,489,188,-1,188,489,247,-1,188,247,194,-1,194,247,246,-1,194,246,197,-1,492,493,494,-1,175,173,495,-1,495,173,496,-1,495,496,186,-1,186,496,494,-1,186,494,185,-1,185,494,493,-1,185,493,497,-1,498,499,500,-1,494,501,492,-1,492,501,502,-1,492,502,503,-1,503,502,498,-1,503,498,504,-1,504,498,500,-1,505,506,14,-1,14,506,507,-1,250,14,262,-1,262,14,507,-1,262,507,501,-1,501,507,508,-1,501,508,502,-1,509,506,510,-1,510,506,505,-1,510,505,511,-1,512,513,514,-1,515,516,505,-1,505,516,517,-1,505,517,511,-1,487,488,13,-1,13,488,512,-1,13,512,14,-1,14,512,514,-1,14,514,505,-1,505,514,518,-1,505,518,519,-1,520,521,522,-1,522,521,523,-1,522,523,512,-1,512,523,524,-1,512,524,513,-1,519,525,505,-1,505,525,526,-1,505,526,515,-1,527,528,529,-1,528,530,529,-1,529,530,531,-1,529,531,522,-1,522,531,532,-1,522,532,520,-1,533,534,472,-1,472,534,535,-1,536,475,20,-1,471,473,472,-1,472,473,475,-1,472,475,533,-1,533,475,536,-1,533,536,537,-1,5,472,3,-1,3,472,535,-1,3,535,20,-1,20,535,538,-1,20,538,536,-1,539,540,541,-1,540,539,542,-1,542,539,5,-1,542,5,543,-1,544,545,546,-1,546,545,542,-1,546,542,547,-1,547,542,543,-1,547,543,548,-1,548,543,549,-1,2,539,0,-1,0,539,541,-1,0,541,4,-1,4,541,550,-1,4,550,5,-1,5,550,551,-1,5,551,543,-1,7,463,8,-1,8,463,552,-1,8,552,475,-1,475,552,26,-1,475,26,20,-1,20,26,33,-1,20,33,21,-1,2,489,539,-1,539,489,200,-1,539,200,5,-1,5,200,204,-1,5,204,472,-1,472,204,480,-1,472,480,470,-1,470,480,482,-1,402,386,383,-1,383,386,388,-1,383,388,316,-1,316,388,553,-1,316,553,314,-1,314,553,554,-1,314,554,319,-1,319,554,555,-1,319,555,320,-1,320,555,556,-1,320,556,342,-1,342,556,465,-1,342,465,360,-1,360,465,464,-1,360,464,433,-1,403,308,173,-1,173,308,312,-1,173,312,496,-1,496,312,326,-1,496,326,494,-1,494,326,324,-1,494,324,501,-1,501,324,356,-1,501,356,262,-1,262,356,355,-1,262,355,254,-1,254,355,440,-1,254,440,483,-1,430,171,432,-1,432,171,172,-1,432,172,557,-1,557,172,185,-1,557,185,529,-1,529,185,497,-1,529,497,527,-1,431,432,558,-1,558,432,557,-1,558,557,559,-1,559,557,529,-1,559,529,560,-1,560,529,522,-1,560,522,561,-1,561,522,512,-1,561,512,562,-1,562,512,488,-1,562,488,563,-1,563,488,489,-1,563,489,564,-1,564,489,2,-1,564,2,565,-1,565,2,1,-1,565,1,64,-1,64,1,78,-1,64,78,65,-1,566,567,568,-1,568,567,569,-1,568,569,570,-1,570,569,571,-1,570,571,572,-1,572,571,573,-1,574,402,575,-1,575,402,390,-1,575,390,576,-1,576,390,577,-1,576,577,578,-1,578,577,579,-1,578,579,580,-1,580,579,581,-1,582,583,584,-1,585,586,389,-1,389,586,431,-1,587,588,589,-1,589,588,590,-1,589,590,591,-1,591,590,592,-1,591,592,593,-1,593,592,594,-1,593,594,595,-1,596,572,573,-1,597,598,67,-1,67,598,370,-1,567,390,599,-1,599,390,389,-1,600,601,602,-1,567,566,390,-1,390,566,603,-1,390,603,577,-1,577,603,596,-1,584,593,582,-1,582,593,595,-1,582,595,573,-1,573,595,604,-1,573,604,596,-1,596,604,605,-1,596,605,577,-1,606,599,607,-1,607,599,389,-1,607,389,608,-1,608,389,431,-1,608,431,602,-1,602,431,67,-1,602,67,600,-1,600,67,370,-1,600,370,587,-1,587,370,369,-1,587,369,588,-1,588,369,609,-1,588,609,610,-1,611,612,607,-1,584,613,593,-1,593,613,614,-1,593,614,615,-1,615,614,616,-1,615,616,617,-1,616,618,617,-1,617,618,611,-1,617,611,608,-1,608,611,607,-1,619,620,621,-1,621,620,609,-1,621,609,622,-1,622,609,369,-1,622,369,623,-1,623,369,381,-1,602,601,624,-1,589,591,625,-1,625,591,626,-1,625,626,624,-1,624,626,627,-1,624,627,602,-1,582,628,583,-1,583,628,629,-1,628,614,629,-1,629,614,613,-1,630,610,609,-1,577,605,579,-1,579,605,631,-1,579,631,581,-1,581,631,632,-1,581,632,633,-1,594,592,632,-1,632,592,634,-1,632,634,633,-1,635,633,636,-1,636,633,634,-1,636,634,637,-1,637,634,630,-1,637,630,638,-1,609,620,630,-1,630,620,639,-1,630,639,640,-1,640,641,630,-1,630,641,642,-1,630,642,638,-1,387,643,644,-1,644,645,387,-1,387,645,646,-1,387,646,27,-1,27,646,647,-1,27,647,648,-1,649,650,635,-1,648,651,27,-1,27,651,652,-1,27,652,653,-1,650,654,635,-1,635,654,655,-1,635,655,656,-1,657,658,387,-1,387,658,659,-1,387,659,643,-1,653,660,27,-1,27,660,661,-1,27,661,635,-1,635,661,662,-1,635,662,649,-1,656,663,635,-1,635,663,664,-1,635,664,633,-1,633,664,665,-1,633,665,666,-1,666,667,633,-1,633,667,668,-1,633,668,669,-1,669,670,633,-1,633,670,671,-1,633,671,387,-1,387,671,672,-1,387,672,657,-1,580,581,633,-1,580,633,673,-1,673,633,387,-1,673,387,386,-1,386,402,673,-1,673,402,574,-1,623,381,382,-1,639,620,619,-1,623,382,619,-1,619,382,639,-1,639,382,365,-1,639,365,640,-1,640,365,364,-1,640,364,641,-1,641,364,362,-1,641,362,642,-1,642,362,361,-1,642,361,638,-1,638,361,368,-1,638,368,637,-1,637,368,367,-1,637,367,636,-1,635,636,27,-1,27,636,367,-1,674,617,675,-1,675,617,627,-1,674,676,617,-1,617,676,677,-1,617,677,678,-1,678,679,617,-1,617,679,680,-1,617,680,615,-1,615,680,681,-1,681,682,615,-1,615,682,683,-1,615,683,684,-1,685,686,626,-1,626,686,687,-1,684,688,615,-1,615,688,689,-1,615,689,626,-1,626,689,690,-1,626,690,685,-1,691,692,627,-1,687,693,626,-1,626,693,694,-1,626,694,627,-1,627,694,695,-1,627,695,691,-1,692,696,627,-1,627,696,697,-1,627,697,675,-1,593,615,591,-1,591,615,626,-1,617,608,627,-1,627,608,602,-1,698,699,700,-1,700,699,701,-1,699,702,701,-1,701,702,703,-1,704,705,606,-1,606,705,599,-1,612,611,704,-1,704,611,705,-1,616,698,618,-1,618,698,700,-1,616,614,698,-1,698,614,628,-1,699,698,702,-1,702,698,628,-1,702,628,571,-1,571,628,582,-1,571,582,573,-1,700,701,703,-1,705,611,618,-1,618,700,705,-1,705,700,703,-1,705,703,599,-1,599,703,569,-1,599,569,567,-1,704,606,612,-1,612,606,607,-1,583,629,584,-1,584,629,613,-1,570,706,568,-1,568,706,707,-1,706,596,707,-1,707,596,603,-1,596,706,572,-1,572,706,570,-1,707,603,568,-1,568,603,566,-1,587,708,600,-1,600,708,709,-1,708,710,709,-1,709,710,711,-1,710,712,711,-1,711,712,713,-1,713,712,622,-1,622,712,621,-1,623,619,714,-1,714,619,715,-1,715,716,714,-1,714,716,717,-1,716,718,717,-1,717,718,719,-1,718,625,719,-1,719,625,624,-1,589,625,716,-1,716,625,718,-1,715,712,716,-1,716,712,710,-1,716,710,589,-1,589,710,708,-1,589,708,587,-1,601,600,709,-1,713,714,711,-1,711,714,717,-1,719,624,717,-1,717,624,601,-1,717,601,711,-1,711,601,709,-1,720,575,569,-1,569,575,576,-1,569,576,571,-1,571,576,721,-1,720,569,703,-1,571,721,702,-1,702,721,580,-1,702,580,703,-1,703,580,673,-1,703,673,720,-1,578,580,576,-1,576,580,721,-1,673,574,720,-1,720,574,575,-1,722,646,723,-1,723,646,645,-1,723,645,724,-1,724,645,644,-1,724,644,725,-1,725,644,643,-1,725,643,726,-1,726,643,659,-1,726,659,727,-1,727,659,658,-1,727,658,728,-1,728,658,657,-1,728,657,729,-1,729,657,672,-1,729,672,730,-1,730,672,671,-1,730,671,731,-1,731,671,670,-1,731,670,732,-1,732,670,669,-1,732,669,733,-1,733,669,668,-1,733,668,734,-1,734,668,667,-1,734,667,735,-1,735,667,666,-1,735,666,736,-1,736,666,665,-1,736,665,737,-1,737,665,664,-1,737,664,738,-1,738,664,663,-1,738,663,739,-1,739,663,656,-1,739,656,740,-1,740,656,655,-1,740,655,741,-1,741,655,654,-1,741,654,742,-1,742,654,650,-1,742,650,743,-1,743,650,649,-1,743,649,744,-1,744,649,662,-1,744,662,745,-1,745,662,661,-1,745,661,746,-1,746,661,660,-1,746,660,747,-1,747,660,653,-1,747,653,748,-1,748,653,652,-1,748,652,749,-1,749,652,651,-1,749,651,750,-1,750,651,648,-1,750,648,751,-1,751,648,647,-1,751,647,722,-1,722,647,646,-1,752,674,675,-1,752,753,674,-1,674,753,754,-1,674,754,676,-1,754,755,676,-1,676,755,756,-1,676,756,677,-1,756,757,677,-1,677,757,758,-1,677,758,678,-1,758,759,678,-1,678,759,760,-1,678,760,679,-1,760,761,679,-1,679,761,762,-1,679,762,680,-1,762,763,680,-1,680,763,764,-1,680,764,681,-1,764,765,681,-1,681,765,766,-1,681,766,682,-1,766,767,682,-1,682,767,768,-1,682,768,683,-1,768,769,683,-1,683,769,770,-1,683,770,684,-1,770,771,684,-1,684,771,772,-1,684,772,688,-1,772,773,688,-1,688,773,774,-1,688,774,689,-1,774,775,689,-1,689,775,776,-1,689,776,690,-1,776,777,690,-1,690,777,778,-1,690,778,685,-1,778,779,685,-1,685,779,780,-1,685,780,686,-1,780,781,686,-1,686,781,782,-1,686,782,687,-1,782,783,687,-1,687,783,784,-1,687,784,693,-1,784,785,693,-1,693,785,786,-1,693,786,694,-1,786,787,694,-1,694,787,788,-1,694,788,695,-1,788,789,695,-1,695,789,790,-1,695,790,691,-1,790,791,691,-1,691,791,792,-1,691,792,692,-1,792,793,692,-1,692,793,794,-1,692,794,696,-1,794,795,696,-1,696,795,796,-1,696,796,697,-1,796,797,697,-1,697,797,798,-1,697,798,675,-1,675,798,799,-1,675,799,752,-1,800,801,797,-1,797,796,800,-1,800,796,795,-1,800,795,802,-1,795,794,802,-1,802,794,793,-1,802,793,803,-1,803,793,792,-1,803,792,804,-1,804,792,791,-1,804,791,805,-1,791,790,805,-1,805,790,789,-1,805,789,806,-1,789,788,806,-1,806,788,787,-1,806,787,807,-1,787,786,807,-1,807,786,785,-1,807,785,808,-1,808,785,784,-1,808,784,809,-1,809,784,783,-1,809,783,810,-1,783,782,810,-1,810,782,781,-1,810,781,811,-1,781,780,811,-1,811,780,779,-1,811,779,812,-1,779,778,812,-1,812,778,777,-1,812,777,813,-1,813,777,776,-1,813,776,814,-1,814,776,775,-1,814,775,815,-1,775,774,815,-1,815,774,773,-1,815,773,816,-1,773,772,816,-1,816,772,771,-1,816,771,817,-1,771,770,817,-1,817,770,769,-1,817,769,818,-1,818,769,768,-1,818,768,819,-1,819,768,767,-1,819,767,820,-1,767,766,820,-1,820,766,765,-1,820,765,821,-1,765,764,821,-1,821,764,763,-1,821,763,822,-1,763,762,822,-1,822,762,761,-1,822,761,823,-1,823,761,760,-1,823,760,824,-1,824,760,759,-1,824,759,825,-1,759,758,825,-1,825,758,757,-1,825,757,826,-1,757,756,826,-1,826,756,755,-1,826,755,827,-1,755,754,827,-1,827,754,753,-1,827,753,828,-1,828,753,752,-1,828,752,829,-1,829,752,799,-1,829,799,801,-1,801,799,798,-1,801,798,797,-1,829,830,828,-1,828,830,831,-1,828,831,827,-1,827,831,832,-1,827,832,826,-1,826,832,833,-1,826,833,825,-1,825,833,834,-1,825,834,824,-1,824,834,835,-1,824,835,823,-1,823,835,836,-1,823,836,822,-1,822,836,837,-1,822,837,821,-1,821,837,838,-1,821,838,820,-1,820,838,839,-1,820,839,819,-1,819,839,840,-1,819,840,818,-1,818,840,841,-1,818,841,817,-1,817,841,842,-1,817,842,816,-1,816,842,843,-1,816,843,815,-1,815,843,844,-1,815,844,814,-1,814,844,845,-1,814,845,813,-1,813,845,846,-1,813,846,812,-1,812,846,847,-1,812,847,811,-1,811,847,848,-1,811,848,810,-1,810,848,849,-1,810,849,809,-1,809,849,850,-1,809,850,808,-1,808,850,851,-1,808,851,807,-1,807,851,852,-1,807,852,806,-1,806,852,853,-1,806,853,805,-1,805,853,854,-1,805,854,804,-1,804,854,855,-1,804,855,803,-1,803,855,856,-1,803,856,802,-1,802,856,857,-1,802,857,800,-1,800,857,858,-1,800,858,801,-1,801,858,859,-1,801,859,829,-1,829,859,830,-1,860,844,861,-1,861,844,843,-1,861,843,862,-1,862,843,842,-1,862,842,863,-1,863,842,841,-1,863,841,864,-1,864,841,840,-1,864,840,865,-1,865,840,839,-1,865,839,866,-1,866,839,838,-1,866,838,867,-1,867,838,837,-1,867,837,868,-1,868,837,836,-1,868,836,869,-1,869,836,835,-1,869,835,870,-1,870,835,834,-1,870,834,871,-1,871,834,833,-1,871,833,872,-1,872,833,832,-1,872,832,873,-1,873,832,831,-1,873,831,874,-1,874,831,830,-1,874,830,875,-1,875,830,859,-1,875,859,876,-1,876,859,858,-1,876,858,877,-1,877,858,857,-1,877,857,878,-1,878,857,856,-1,878,856,879,-1,879,856,855,-1,879,855,880,-1,880,855,854,-1,880,854,881,-1,881,854,853,-1,881,853,882,-1,882,853,852,-1,882,852,883,-1,883,852,851,-1,883,851,884,-1,884,851,850,-1,884,850,885,-1,885,850,849,-1,885,849,886,-1,886,849,848,-1,886,848,887,-1,887,848,847,-1,887,847,888,-1,888,847,846,-1,888,846,889,-1,889,846,845,-1,889,845,860,-1,860,845,844,-1,873,723,872,-1,872,723,724,-1,872,724,871,-1,871,724,725,-1,871,725,870,-1,870,725,726,-1,870,726,869,-1,869,726,727,-1,869,727,868,-1,868,727,728,-1,868,728,867,-1,867,728,729,-1,867,729,866,-1,866,729,730,-1,866,730,865,-1,865,730,731,-1,865,731,864,-1,864,731,732,-1,864,732,863,-1,863,732,733,-1,863,733,862,-1,862,733,734,-1,862,734,861,-1,861,734,735,-1,861,735,860,-1,860,735,736,-1,860,736,889,-1,889,736,737,-1,889,737,888,-1,888,737,738,-1,888,738,887,-1,887,738,739,-1,887,739,886,-1,886,739,740,-1,886,740,885,-1,885,740,741,-1,885,741,884,-1,884,741,742,-1,884,742,883,-1,883,742,743,-1,883,743,882,-1,882,743,744,-1,882,744,881,-1,881,744,745,-1,881,745,880,-1,880,745,746,-1,880,746,879,-1,879,746,747,-1,879,747,878,-1,878,747,748,-1,878,748,877,-1,877,748,749,-1,877,749,876,-1,876,749,750,-1,876,750,875,-1,875,750,751,-1,875,751,874,-1,874,751,722,-1,874,722,873,-1,873,722,723,-1,621,712,619,-1,619,712,715,-1,713,622,714,-1,714,622,623,-1,890,383,586,-1,586,383,431,-1,891,890,585,-1,585,890,586,-1,401,891,389,-1,389,891,585,-1,890,891,383,-1,383,891,401,-1,34,892,67,-1,67,892,597,-1,893,363,598,-1,598,363,370,-1,892,893,597,-1,597,893,598,-1,363,893,34,-1,34,893,892,-1,588,610,894,-1,894,610,630,-1,590,588,895,-1,895,588,894,-1,592,590,634,-1,634,590,895,-1,634,895,630,-1,630,895,894,-1,595,594,896,-1,896,594,632,-1,604,595,897,-1,897,595,896,-1,605,604,631,-1,631,604,897,-1,897,896,631,-1,631,896,632,-1,
        ]
    }
}
Shape{
    appearance Appearance {
        material  Material {
            diffuseColor 0.0 0.0 0.0
            specularColor 0.0 0.0 0.0
            ambientIntensity 0.0
            transparency 0.0
            shininess 0.5
        }
    }
    geometry IndexedFaceSet {
        ccw TRUE
        solid FALSE
        coord DEF co Coordinate {
            point [
                3.0 -0.2936 1.0415, 3.0 -0.2936 1.0278, 3.0 -0.2936 1.0415, 3.0 -0.2936 1.0278, 3.0 -0.3414 1.0415, 3.0 -0.3414 1.0415, 3.0 -0.3414 1.1479, 3.0 -0.3414 1.1479, 3.0 -0.357 1.1479, 3.0 -0.357 1.1479, 3.0 -0.357 1.0278, 3.0 -0.357 1.0278, 3.0 -0.2137 1.0276, 3.0 -0.232 1.0258, 3.0 -0.2214 1.0268, 3.0 -0.232 1.0258, 3.0 -0.2137 1.0276, 3.0 -0.2008 1.0318, 3.0 -0.2008 1.0318, 3.0 -0.1988 1.0328, 3.0 -0.1988 1.0328, 3.0 -0.1988 1.0477, 3.0 -0.1988 1.0477, 3.0 -0.2106 1.0424, 3.0 -0.2106 1.0424, 3.0 -0.2242 1.0398, 3.0 -0.2242 1.0398, 3.0 -0.2298 1.0396, 3.0 -0.2298 1.0396, 3.0 -0.2402 1.0407, 3.0 -0.2402 1.0407, 3.0 -0.249 1.0437, 3.0 -0.249 1.0437, 3.0 -0.2572 1.049, 3.0 -0.2572 1.049, 3.0 -0.2606 1.0523, 3.0 -0.2606 1.0523, 3.0 -0.2661 1.0597, 3.0 -0.2661 1.0597, 3.0 -0.2701 1.0692, 3.0 -0.2701 1.0692, 3.0 -0.2722 1.081, 3.0 -0.2722 1.081, 3.0 -0.2724 1.0865, 3.0 -0.2724 1.0865, 3.0 -0.2705 1.103, 3.0 -0.2705 1.103, 3.0 -0.2664 1.1134, 3.0 -0.2664 1.1134, 3.0 -0.2606 1.1218, 3.0 -0.2606 1.1218, 3.0 -0.2598 1.1226, 3.0 -0.2598 1.1226, 3.0 -0.2525 1.1288, 3.0 -0.2525 1.1288, 3.0 -0.2432 1.1334, 3.0 -0.2432 1.1334, 3.0 -0.2329 1.1357, 3.0 -0.2329 1.1357, 3.0 -0.2271 1.136, 3.0 -0.2271 1.136, 3.0 -0.2123 1.1342, 3.0 -0.2123 1.1342, 3.0 -0.2001 1.1296, 3.0 -0.2001 1.1296, 3.0 -0.1988 1.1288, 3.0 -0.1988 1.1288, 3.0 -0.1988 1.1451, 3.0 -0.1988 1.1451, 3.0 -0.2272 1.15, 3.0 -0.2272 1.15, 3.0 -0.2143 1.149, 3.0 -0.2115 1.1487, 3.0 -0.2115 1.1487, 3.0 -0.2356 1.149, 3.0 -0.2446 1.1479, 3.0 -0.2446 1.1479, 3.0 -0.2571 1.143, 3.0 -0.2571 1.143, 3.0 -0.2684 1.1351, 3.0 -0.2684 1.1351, 3.0 -0.2714 1.1323, 3.0 -0.2714 1.1323, 3.0 -0.2801 1.1209, 3.0 -0.2801 1.1209, 3.0 -0.2833 1.1133, 3.0 -0.2858 1.1076, 3.0 -0.2858 1.1076, 3.0 -0.2885 1.0919, 3.0 -0.2885 1.0919, 3.0 -0.2887 1.0856, 3.0 -0.2887 1.0856, 3.0 -0.2863 1.0661, 3.0 -0.2863 1.0661, 3.0 -0.2833 1.0584, 3.0 -0.2814 1.0535, 3.0 -0.2814 1.0535, 3.0 -0.2743 1.0433, 3.0 -0.2743 1.0433, 3.0 -0.2733 1.0422, 3.0 -0.2733 1.0422, 3.0 -0.2393 1.0262, 3.0 -0.2636 1.0342, 3.0 -0.2636 1.0342, 3.0 -0.2523 1.0288, 3.0 -0.2523 1.0288, 3.0 -0.2425 1.0268, 3.0 -0.2393 1.0262, 3.0 -0.1101 1.0415, 3.0 -0.1101 1.0278, 3.0 -0.1101 1.0415, 3.0 -0.1101 1.0278, 3.0 -0.1592 1.0415, 3.0 -0.1592 1.0415, 3.0 -0.1268 1.0415, 3.0 -0.1592 1.0819, 3.0 -0.1592 1.0819, 3.0 -0.1163 1.0819, 3.0 -0.1163 1.0819, 3.0 -0.1268 1.0819, 3.0 -0.1163 1.0957, 3.0 -0.1163 1.0957, 3.0 -0.1592 1.0957, 3.0 -0.1592 1.0957, 3.0 -0.1268 1.0957, 3.0 -0.1592 1.1341, 3.0 -0.1592 1.1341, 3.0 -0.1129 1.1341, 3.0 -0.1129 1.1341, 3.0 -0.1268 1.1341, 3.0 -0.1129 1.1479, 3.0 -0.1129 1.1479, 3.0 -0.1747 1.1479, 3.0 -0.1747 1.1479, 3.0 -0.1268 1.1479, 3.0 -0.1747 1.0278, 3.0 -0.1747 1.0278, 3.0 -0.1268 1.0278, 3.0 -0.0078 1.0447, 3.0 -0.0202 1.0527, 3.0 -0.0203 1.0357, 3.0 -0.028 1.0474, 3.0 -0.034 1.0303, 3.0 -0.0379 1.0435, 3.0 -0.0544 1.0278, 3.0 -0.0545 1.0415, 3.0 -0.0875 1.0278, 3.0 -0.072 1.0415, 3.0 -0.0875 1.1479, 3.0 -0.072 1.1341, 3.0 -0.0532 1.1479, 3.0 -0.0538 1.1341, 3.0 -0.0525 1.1341, 3.0 -0.0349 1.1459, 3.0 -0.0371 1.1321, 3.0 -0.0204 1.1406, 3.0 -0.0269 1.1281, 3.0 -0.0078 1.132, 3.0 -0.0191 1.1228, 3.0 -0.0035 1.1279, 3.0 -0.0158 1.1195, 3.0 0.0039 1.1174, 3.0 -0.0111 1.1128, 3.0 0.0083 1.106, 3.0 -0.0078 1.104, 3.0 0.0103 1.0894, 3.0 -0.006 1.089, 3.0 0.01 1.0818, 3.0 -0.0065 1.0806, 3.0 0.0071 1.0677, 3.0 -0.0089 1.0698, 3.0 0.0011 1.0553, 3.0 -0.0131 1.061, 3.0 -0.0188 1.0541, 3.0 -0.0544 1.0278, 3.0 -0.0875 1.0278, 3.0 -0.0078 1.0447, 3.0 -0.034 1.0303, 3.0 -0.0324 1.0309, 3.0 -0.0203 1.0357, 3.0 0.0011 1.0553, 3.0 0.0071 1.0677, 3.0 0.01 1.0818, 3.0 0.0103 1.0894, 3.0 0.0083 1.106, 3.0 0.0039 1.1174, 3.0 -0.0035 1.1279, 3.0 -0.0078 1.132, 3.0 -0.0532 1.1479, 3.0 -0.0204 1.1406, 3.0 -0.0324 1.145, 3.0 -0.0349 1.1459, 3.0 -0.0875 1.1479, 3.0 -0.0538 1.1341, 3.0 -0.072 1.1341, 3.0 -0.072 1.0415, 3.0 -0.0545 1.0415, 3.0 -0.0188 1.0541, 3.0 -0.0202 1.0527, 3.0 -0.028 1.0474, 3.0 -0.0379 1.0435, 3.0 -0.006 1.089, 3.0 -0.0065 1.0806, 3.0 -0.0089 1.0698, 3.0 -0.0131 1.061, 3.0 -0.0191 1.1228, 3.0 -0.0158 1.1195, 3.0 -0.0111 1.1128, 3.0 -0.0078 1.104, 3.0 -0.0525 1.1341, 3.0 -0.0371 1.1321, 3.0 -0.0269 1.1281
            ]
        }
        coordIndex [
            0,1,2,-1,2,1,3,-1,4,0,5,-1,5,0,2,-1,6,4,7,-1,7,4,5,-1,8,6,9,-1,9,6,7,-1,10,8,11,-1,11,8,9,-1,1,10,3,-1,3,10,11,-1,6,8,4,-1,4,8,10,-1,4,10,0,-1,0,10,1,-1,12,13,14,-1,14,13,15,-1,14,16,12,-1,12,16,17,-1,12,17,18,-1,18,17,19,-1,18,19,20,-1,21,20,22,-1,22,20,19,-1,21,22,23,-1,21,23,24,-1,24,23,25,-1,24,25,26,-1,26,25,27,-1,26,27,28,-1,28,27,29,-1,28,29,30,-1,30,29,31,-1,30,31,32,-1,32,31,33,-1,32,33,34,-1,34,33,35,-1,34,35,36,-1,36,35,37,-1,36,37,38,-1,38,37,39,-1,38,39,40,-1,40,39,41,-1,40,41,42,-1,42,41,43,-1,42,43,44,-1,44,43,45,-1,44,45,46,-1,46,45,47,-1,46,47,48,-1,48,47,49,-1,48,49,50,-1,50,49,51,-1,50,51,52,-1,52,51,53,-1,52,53,54,-1,54,53,55,-1,54,55,56,-1,56,55,57,-1,56,57,58,-1,58,57,59,-1,58,59,60,-1,60,59,61,-1,60,61,62,-1,62,61,63,-1,62,63,64,-1,64,63,65,-1,64,65,66,-1,67,66,68,-1,68,66,65,-1,69,70,71,-1,71,70,72,-1,71,72,73,-1,73,72,67,-1,73,67,68,-1,70,69,74,-1,70,74,75,-1,74,76,75,-1,75,76,77,-1,75,77,78,-1,78,77,79,-1,78,79,80,-1,80,79,81,-1,80,81,82,-1,82,81,83,-1,82,83,84,-1,84,83,85,-1,84,85,86,-1,85,87,86,-1,86,87,88,-1,86,88,89,-1,89,88,90,-1,89,90,91,-1,91,90,92,-1,91,92,93,-1,93,92,94,-1,93,94,95,-1,94,96,95,-1,95,96,97,-1,95,97,98,-1,98,97,99,-1,98,99,100,-1,15,13,101,-1,100,99,102,-1,100,102,103,-1,103,102,104,-1,103,104,105,-1,105,104,106,-1,105,106,101,-1,101,106,107,-1,101,107,15,-1,54,56,75,-1,46,48,84,-1,84,48,82,-1,75,56,70,-1,91,44,89,-1,89,44,46,-1,89,46,86,-1,86,46,84,-1,56,58,70,-1,70,58,60,-1,70,60,72,-1,72,60,62,-1,72,62,67,-1,67,62,64,-1,67,64,66,-1,20,21,18,-1,18,21,24,-1,18,24,12,-1,12,24,26,-1,12,26,13,-1,13,26,28,-1,13,28,101,-1,101,28,30,-1,101,30,105,-1,105,30,32,-1,105,32,103,-1,103,32,34,-1,103,34,100,-1,100,34,36,-1,100,36,98,-1,98,36,38,-1,98,38,95,-1,95,38,93,-1,93,38,40,-1,93,40,91,-1,91,40,42,-1,91,42,44,-1,48,50,82,-1,82,50,52,-1,82,52,80,-1,80,52,54,-1,80,54,78,-1,78,54,75,-1,108,109,110,-1,110,109,111,-1,112,113,114,-1,114,113,108,-1,114,108,110,-1,115,113,116,-1,116,113,112,-1,117,118,119,-1,119,118,115,-1,119,115,116,-1,120,118,121,-1,121,118,117,-1,122,123,124,-1,124,123,120,-1,124,120,121,-1,125,123,126,-1,126,123,122,-1,127,128,129,-1,129,128,125,-1,129,125,126,-1,130,128,131,-1,131,128,127,-1,132,133,134,-1,134,133,130,-1,134,130,131,-1,135,133,136,-1,136,133,132,-1,111,109,137,-1,137,109,135,-1,137,135,136,-1,135,109,108,-1,108,113,135,-1,135,113,115,-1,135,115,133,-1,128,130,125,-1,125,130,133,-1,125,133,123,-1,123,133,115,-1,123,115,120,-1,120,115,118,-1,138,139,140,-1,140,139,141,-1,140,141,142,-1,142,141,143,-1,142,143,144,-1,144,143,145,-1,144,145,146,-1,146,145,147,-1,146,147,148,-1,148,147,149,-1,148,149,150,-1,149,151,150,-1,150,151,152,-1,150,152,153,-1,153,152,154,-1,153,154,155,-1,155,154,156,-1,155,156,157,-1,157,156,158,-1,157,158,159,-1,159,158,160,-1,159,160,161,-1,161,160,162,-1,161,162,163,-1,163,162,164,-1,163,164,165,-1,165,164,166,-1,165,166,167,-1,167,166,168,-1,167,168,169,-1,169,168,170,-1,169,170,171,-1,171,170,172,-1,171,172,138,-1,138,172,173,-1,138,173,139,-1,144,146,174,-1,174,146,175,-1,176,138,140,-1,144,174,177,-1,144,177,142,-1,142,177,178,-1,142,178,140,-1,140,178,179,-1,140,179,176,-1,138,176,180,-1,138,180,171,-1,171,180,181,-1,171,181,169,-1,169,181,182,-1,169,182,167,-1,167,182,183,-1,167,183,165,-1,165,183,184,-1,165,184,163,-1,163,184,185,-1,163,185,161,-1,161,185,186,-1,161,186,159,-1,159,186,187,-1,159,187,157,-1,188,150,153,-1,157,187,189,-1,157,189,155,-1,155,189,190,-1,155,190,153,-1,153,190,191,-1,153,191,188,-1,148,150,192,-1,192,150,188,-1,146,148,175,-1,175,148,192,-1,151,149,193,-1,193,149,194,-1,149,147,194,-1,194,147,195,-1,147,145,195,-1,195,145,196,-1,173,197,198,-1,173,198,139,-1,139,198,199,-1,139,199,141,-1,141,199,200,-1,141,200,143,-1,143,200,196,-1,143,196,145,-1,166,201,202,-1,166,202,168,-1,168,202,203,-1,168,203,170,-1,170,203,204,-1,170,204,172,-1,172,204,197,-1,172,197,173,-1,158,205,206,-1,158,206,160,-1,160,206,207,-1,160,207,162,-1,162,207,208,-1,162,208,164,-1,164,208,201,-1,164,201,166,-1,151,193,209,-1,151,209,152,-1,152,209,210,-1,152,210,154,-1,154,210,211,-1,154,211,156,-1,156,211,205,-1,156,205,158,-1,
        ]
    }
}
Shape{
    appearance Appearance {
        material  Material {
            diffuseColor 0.0 0.9058823529411765 0.39215686274509803
            specularColor 0.0 0.45098039215686275 0.19607843137254902
            ambientIntensity 0.5765
            transparency 0.0
            shininess 0.5
        }
    }
    geometry IndexedFaceSet {
        ccw TRUE
        solid FALSE
        coord DEF co Coordinate {
            point [
                3.0 -0.028 1.0474, 3.0 -0.0202 1.0527, 3.0 -0.0525 1.1341, 3.0 -0.072 1.1341, 3.0 -0.072 1.0415, 3.0 -0.0538 1.1341, 3.0 -0.0545 1.0415, 3.0 -0.0379 1.0435, 3.0 -0.0188 1.0541, 3.0 -0.0131 1.061, 3.0 -0.0089 1.0698, 3.0 -0.006 1.089, 3.0 -0.0191 1.1228, 3.0 -0.0269 1.1281, 3.0 -0.0078 1.104, 3.0 -0.0111 1.1128, 3.0 -0.0158 1.1195, 3.0 -0.0065 1.0806, 3.0 -0.0371 1.1321
            ]
        }
        coordIndex [
            0,1,2,-1,3,4,5,-1,5,4,6,-1,5,6,2,-1,2,6,7,-1,2,7,0,-1,1,8,2,-1,2,8,9,-1,2,9,10,-1,11,12,13,-1,14,15,11,-1,11,15,16,-1,11,16,12,-1,10,17,2,-1,2,17,11,-1,2,11,18,-1,18,11,13,-1,
        ]
    }
}
Shape{
    appearance Appearance {
        material  Material {
            diffuseColor 0.0 0.0 0.0
            specularColor 0.0 0.0 0.0
            ambientIntensity 0.0
            transparency 0.0
            shininess 0.5
        }
    }
    geometry IndexedFaceSet {
        ccw TRUE
        solid FALSE
        coord DEF co Coordinate {
            point [
                3.0 0.0506 1.0743, 3.0 0.0457 1.0607, 3.0 0.0909 1.0743, 3.0 0.0957 1.0607, 3.0 0.0685 1.1242, 3.0 0.0627 1.1479, 3.0 0.017 1.0278, 3.0 0.0341 1.0278, 3.0 0.0696 1.1278, 3.0 0.0705 1.1326, 3.0 0.0793 1.1479, 3.0 0.0709 1.1326, 3.0 0.0718 1.1275, 3.0 0.0727 1.1242, 3.0 0.1251 1.0278, 3.0 0.1079 1.0278, 3.0 0.0793 1.1479, 3.0 0.1251 1.0278, 3.0 0.0627 1.1479, 3.0 0.017 1.0278, 3.0 0.0516 1.1187, 3.0 0.0341 1.0278, 3.0 0.0457 1.0607, 3.0 0.0957 1.0607, 3.0 0.0516 1.0607, 3.0 0.1079 1.0278, 3.0 0.0506 1.0743, 3.0 0.0909 1.0743, 3.0 0.0727 1.1242, 3.0 0.0709 1.1326, 3.0 0.0718 1.1275, 3.0 0.0705 1.1326, 3.0 0.0685 1.1242, 3.0 0.0696 1.1278
            ]
        }
        coordIndex [
            0,1,2,-1,2,1,3,-1,4,5,0,-1,0,5,6,-1,0,6,1,-1,1,6,7,-1,4,8,5,-1,5,8,9,-1,5,9,10,-1,10,9,11,-1,10,11,12,-1,12,13,10,-1,10,13,2,-1,10,2,14,-1,14,2,3,-1,14,3,15,-1,10,14,16,-1,16,14,17,-1,5,10,18,-1,18,10,16,-1,19,6,20,-1,20,6,5,-1,20,5,18,-1,7,6,21,-1,21,6,19,-1,1,7,22,-1,22,7,21,-1,23,3,24,-1,24,3,1,-1,24,1,22,-1,15,3,25,-1,25,3,23,-1,14,15,17,-1,17,15,25,-1,0,2,26,-1,26,2,27,-1,2,13,27,-1,27,13,28,-1,11,29,30,-1,11,30,12,-1,12,30,28,-1,12,28,13,-1,11,9,29,-1,29,9,31,-1,4,32,33,-1,4,33,8,-1,8,33,31,-1,8,31,9,-1,4,0,32,-1,32,0,26,-1,
        ]
    }
}
Shape{
    appearance Appearance {
        material  Material {
            diffuseColor 0.0 0.9058823529411765 0.39215686274509803
            specularColor 0.0 0.45098039215686275 0.19607843137254902
            ambientIntensity 0.5765
            transparency 0.0
            shininess 0.5
        }
    }
    geometry IndexedFaceSet {
        ccw TRUE
        solid FALSE
        coord DEF co Coordinate {
            point [
                3.0 0.0709 1.1326, 3.0 0.0705 1.1326, 3.0 0.0718 1.1275, 3.0 0.0696 1.1278, 3.0 0.0727 1.1242, 3.0 0.0685 1.1242, 3.0 0.0909 1.0743, 3.0 0.0506 1.0743
            ]
        }
        coordIndex [
            0,1,2,-1,2,1,3,-1,2,3,4,-1,4,3,5,-1,4,5,6,-1,6,5,7,-1,
        ]
    }
}
Shape{
    appearance Appearance {
        material  Material {
            diffuseColor 0.0 0.0 0.0
            specularColor 0.0 0.0 0.0
            ambientIntensity 0.0
            transparency 0.0
            shininess 0.5
        }
    }
    geometry IndexedFaceSet {
        ccw TRUE
        solid FALSE
        coord DEF co Coordinate {
            point [
                3.0 -0.2924 0.851, 3.0 -0.2924 0.8373, 3.0 -0.2924 0.851, 3.0 -0.2924 0.8373, 3.0 -0.3414 0.851, 3.0 -0.3414 0.851, 3.0 -0.3414 0.8914, 3.0 -0.3414 0.8914, 3.0 -0.2985 0.8914, 3.0 -0.2985 0.8914, 3.0 -0.2985 0.9052, 3.0 -0.2985 0.9052, 3.0 -0.3414 0.9052, 3.0 -0.3414 0.9052, 3.0 -0.3414 0.9436, 3.0 -0.3414 0.9436, 3.0 -0.2951 0.9436, 3.0 -0.2951 0.9436, 3.0 -0.2951 0.9574, 3.0 -0.2951 0.9574, 3.0 -0.357 0.9574, 3.0 -0.357 0.9574, 3.0 -0.357 0.8373, 3.0 -0.357 0.8373, 3.0 -0.2245 0.8506, 3.0 -0.2241 0.8506, 3.0 -0.2251 0.8644, 3.0 -0.2241 0.8373, 3.0 -0.209 0.8373, 3.0 -0.209 0.8925, 3.0 -0.2241 0.8711, 3.0 -0.2669 0.8824, 3.0 -0.2716 0.8785, 3.0 -0.2605 0.8701, 3.0 -0.2241 0.8918, 3.0 -0.2246 0.8985, 3.0 -0.2101 0.9035, 3.0 -0.2262 0.9038, 3.0 -0.2124 0.9105, 3.0 -0.2279 0.9069, 3.0 -0.2155 0.9154, 3.0 -0.2302 0.9094, 3.0 -0.2194 0.9193, 3.0 -0.2329 0.9111, 3.0 -0.2244 0.9222, 3.0 -0.2364 0.9123, 3.0 -0.2306 0.9242, 3.0 -0.2415 0.9128, 3.0 -0.24 0.925, 3.0 -0.2514 0.9117, 3.0 -0.2553 0.9232, 3.0 -0.2608 0.9082, 3.0 -0.2665 0.9189, 3.0 -0.2696 0.9025, 3.0 -0.2696 0.9171, 3.0 -0.2273 0.859, 3.0 -0.2305 0.8546, 3.0 -0.2283 0.8452, 3.0 -0.2324 0.8528, 3.0 -0.2332 0.8406, 3.0 -0.2367 0.8499, 3.0 -0.2363 0.8387, 3.0 -0.2412 0.8482, 3.0 -0.2423 0.8363, 3.0 -0.2469 0.8476, 3.0 -0.2508 0.8353, 3.0 -0.2519 0.8482, 3.0 -0.2598 0.8363, 3.0 -0.2553 0.8494, 3.0 -0.2655 0.8385, 3.0 -0.2583 0.8515, 3.0 -0.2706 0.842, 3.0 -0.2596 0.8528, 3.0 -0.2618 0.8673, 3.0 -0.2747 0.8742, 3.0 -0.2626 0.8639, 3.0 -0.2587 0.8724, 3.0 -0.2574 0.8734, 3.0 -0.2603 0.8857, 3.0 -0.2543 0.8751, 3.0 -0.2495 0.8883, 3.0 -0.2442 0.8776, 3.0 -0.2241 0.8803, 3.0 -0.2241 0.8721, 3.0 -0.2768 0.869, 3.0 -0.2779 0.8626, 3.0 -0.2627 0.8615, 3.0 -0.278 0.8603, 3.0 -0.2623 0.858, 3.0 -0.2772 0.8534, 3.0 -0.2613 0.8553, 3.0 -0.2754 0.8483, 3.0 -0.2722 0.8437, 3.0 -0.24 0.925, 3.0 -0.2553 0.9232, 3.0 -0.2665 0.9189, 3.0 -0.2696 0.9171, 3.0 -0.2696 0.9025, 3.0 -0.2608 0.9082, 3.0 -0.2514 0.9117, 3.0 -0.2415 0.9128, 3.0 -0.2364 0.9123, 3.0 -0.2329 0.9111, 3.0 -0.2302 0.9094, 3.0 -0.2279 0.9069, 3.0 -0.2262 0.9038, 3.0 -0.2246 0.8985, 3.0 -0.2241 0.8918, 3.0 -0.2495 0.8883, 3.0 -0.2603 0.8857, 3.0 -0.2669 0.8824, 3.0 -0.2716 0.8785, 3.0 -0.2747 0.8742, 3.0 -0.2768 0.869, 3.0 -0.2779 0.8626, 3.0 -0.278 0.8603, 3.0 -0.2772 0.8534, 3.0 -0.2754 0.8483, 3.0 -0.2722 0.8437, 3.0 -0.2706 0.842, 3.0 -0.2508 0.8353, 3.0 -0.2595 0.8363, 3.0 -0.2598 0.8363, 3.0 -0.2655 0.8385, 3.0 -0.2425 0.8363, 3.0 -0.2423 0.8363, 3.0 -0.2363 0.8387, 3.0 -0.2332 0.8406, 3.0 -0.2283 0.8452, 3.0 -0.2245 0.8506, 3.0 -0.2241 0.8506, 3.0 -0.2241 0.8373, 3.0 -0.209 0.8373, 3.0 -0.209 0.8925, 3.0 -0.2101 0.9035, 3.0 -0.2124 0.9105, 3.0 -0.2155 0.9154, 3.0 -0.2194 0.9193, 3.0 -0.2244 0.9222, 3.0 -0.2306 0.9242, 3.0 -0.2587 0.8724, 3.0 -0.2574 0.8734, 3.0 -0.2543 0.8751, 3.0 -0.2442 0.8776, 3.0 -0.2627 0.8615, 3.0 -0.2626 0.8639, 3.0 -0.2618 0.8673, 3.0 -0.2605 0.8701, 3.0 -0.2583 0.8515, 3.0 -0.2596 0.8528, 3.0 -0.2613 0.8553, 3.0 -0.2623 0.858, 3.0 -0.2469 0.8476, 3.0 -0.2519 0.8482, 3.0 -0.2553 0.8494, 3.0 -0.2305 0.8546, 3.0 -0.2324 0.8528, 3.0 -0.2367 0.8499, 3.0 -0.2412 0.8482, 3.0 -0.2241 0.8721, 3.0 -0.2241 0.8711, 3.0 -0.2251 0.8644, 3.0 -0.2273 0.859, 3.0 -0.2241 0.8803
            ]
        }
        coordIndex [
            0,1,2,-1,2,1,3,-1,4,0,5,-1,5,0,2,-1,6,4,7,-1,7,4,5,-1,8,6,9,-1,9,6,7,-1,10,8,11,-1,11,8,9,-1,12,10,13,-1,13,10,11,-1,14,12,15,-1,15,12,13,-1,16,14,17,-1,17,14,15,-1,18,16,19,-1,19,16,17,-1,20,18,21,-1,21,18,19,-1,22,20,23,-1,23,20,21,-1,1,22,3,-1,3,22,23,-1,22,1,0,-1,0,4,22,-1,22,4,6,-1,22,6,20,-1,16,18,14,-1,14,18,20,-1,14,20,12,-1,12,20,6,-1,12,6,10,-1,10,6,8,-1,24,25,26,-1,27,28,25,-1,25,28,29,-1,25,29,26,-1,26,29,30,-1,31,32,33,-1,34,29,35,-1,35,29,36,-1,35,36,37,-1,37,36,38,-1,37,38,39,-1,39,38,40,-1,39,40,41,-1,41,40,42,-1,41,42,43,-1,43,42,44,-1,43,44,45,-1,45,44,46,-1,45,46,47,-1,47,46,48,-1,47,48,49,-1,49,48,50,-1,49,50,51,-1,51,50,52,-1,51,52,53,-1,53,52,54,-1,26,55,24,-1,24,55,56,-1,24,56,57,-1,57,56,58,-1,57,58,59,-1,59,58,60,-1,59,60,61,-1,61,60,62,-1,61,62,63,-1,63,62,64,-1,63,64,65,-1,65,64,66,-1,65,66,67,-1,67,66,68,-1,67,68,69,-1,69,68,70,-1,69,70,71,-1,71,70,72,-1,33,32,73,-1,73,32,74,-1,73,74,75,-1,33,76,31,-1,31,76,77,-1,31,77,78,-1,78,77,79,-1,78,79,80,-1,80,79,81,-1,80,81,34,-1,34,81,82,-1,34,82,29,-1,29,82,83,-1,29,83,30,-1,74,84,75,-1,75,84,85,-1,75,85,86,-1,86,85,87,-1,86,87,88,-1,88,87,89,-1,88,89,90,-1,90,89,91,-1,90,91,72,-1,72,91,92,-1,72,92,71,-1,48,93,94,-1,48,94,50,-1,50,94,95,-1,50,95,52,-1,52,95,96,-1,52,96,54,-1,53,54,97,-1,97,54,96,-1,53,97,98,-1,53,98,51,-1,51,98,99,-1,51,99,49,-1,49,99,100,-1,49,100,47,-1,47,100,101,-1,47,101,45,-1,45,101,102,-1,45,102,43,-1,43,102,103,-1,43,103,41,-1,41,103,104,-1,41,104,39,-1,39,104,105,-1,39,105,37,-1,37,105,106,-1,37,106,35,-1,35,106,107,-1,35,107,34,-1,80,34,108,-1,108,34,107,-1,80,108,109,-1,80,109,78,-1,78,109,110,-1,78,110,31,-1,31,110,111,-1,31,111,32,-1,32,111,112,-1,32,112,74,-1,74,112,113,-1,74,113,84,-1,84,113,114,-1,84,114,85,-1,85,114,115,-1,85,115,87,-1,87,115,116,-1,87,116,89,-1,89,116,117,-1,89,117,91,-1,91,117,118,-1,91,118,92,-1,92,118,119,-1,92,119,71,-1,120,65,121,-1,121,65,67,-1,121,67,122,-1,122,67,69,-1,122,69,123,-1,123,69,71,-1,123,71,119,-1,63,65,124,-1,124,65,120,-1,124,125,63,-1,63,125,126,-1,63,126,61,-1,61,126,127,-1,61,127,59,-1,59,127,128,-1,59,128,57,-1,57,128,129,-1,57,129,24,-1,25,24,130,-1,130,24,129,-1,27,25,131,-1,131,25,130,-1,28,27,132,-1,132,27,131,-1,29,28,133,-1,133,28,132,-1,29,133,134,-1,29,134,36,-1,36,134,135,-1,36,135,38,-1,38,135,136,-1,38,136,40,-1,40,136,137,-1,40,137,42,-1,42,137,138,-1,42,138,44,-1,44,138,139,-1,44,139,46,-1,46,139,93,-1,46,93,48,-1,76,140,141,-1,76,141,77,-1,77,141,142,-1,77,142,79,-1,79,142,143,-1,79,143,81,-1,86,144,145,-1,86,145,75,-1,75,145,146,-1,75,146,73,-1,73,146,147,-1,73,147,33,-1,33,147,140,-1,33,140,76,-1,70,148,149,-1,70,149,72,-1,72,149,150,-1,72,150,90,-1,90,150,151,-1,90,151,88,-1,88,151,144,-1,88,144,86,-1,64,152,153,-1,64,153,66,-1,66,153,154,-1,66,154,68,-1,68,154,148,-1,68,148,70,-1,56,155,156,-1,56,156,58,-1,58,156,157,-1,58,157,60,-1,60,157,158,-1,60,158,62,-1,62,158,152,-1,62,152,64,-1,83,159,160,-1,83,160,30,-1,30,160,161,-1,30,161,26,-1,26,161,162,-1,26,162,55,-1,55,162,155,-1,55,155,56,-1,83,82,159,-1,159,82,163,-1,82,81,163,-1,163,81,143,-1,
        ]
    }
}
Shape{
    appearance Appearance {
        material  Material {
            diffuseColor 0.0 0.9058823529411765 0.39215686274509803
            specularColor 0.0 0.45098039215686275 0.19607843137254902
            ambientIntensity 0.5765
            transparency 0.0
            shininess 0.5
        }
    }
    geometry IndexedFaceSet {
        ccw TRUE
        solid FALSE
        coord DEF co Coordinate {
            point [
                3.0 -0.2241 0.8711, 3.0 -0.2241 0.8721, 3.0 -0.2587 0.8724, 3.0 -0.2241 0.8803, 3.0 -0.2442 0.8776, 3.0 -0.2543 0.8751, 3.0 -0.2574 0.8734, 3.0 -0.2251 0.8644, 3.0 -0.2605 0.8701, 3.0 -0.2273 0.859, 3.0 -0.2596 0.8528, 3.0 -0.2583 0.8515, 3.0 -0.2324 0.8528, 3.0 -0.2613 0.8553, 3.0 -0.2367 0.8499, 3.0 -0.2412 0.8482, 3.0 -0.2469 0.8476, 3.0 -0.2618 0.8673, 3.0 -0.2626 0.8639, 3.0 -0.2305 0.8546, 3.0 -0.2627 0.8615, 3.0 -0.2623 0.858, 3.0 -0.2553 0.8494, 3.0 -0.2519 0.8482
            ]
        }
        coordIndex [
            0,1,2,-1,1,3,4,-1,4,5,1,-1,1,5,6,-1,1,6,2,-1,0,2,7,-1,7,2,8,-1,7,8,9,-1,10,11,12,-1,10,12,13,-1,14,12,15,-1,15,12,16,-1,8,17,9,-1,9,17,18,-1,9,18,19,-1,19,18,20,-1,19,20,12,-1,12,20,21,-1,12,21,13,-1,11,22,12,-1,12,22,23,-1,12,23,16,-1,
        ]
    }
}
Shape{
    appearance Appearance {
        material  Material {
            diffuseColor 0.0 0.0 0.0
            specularColor 0.0 0.0 0.0
            ambientIntensity 0.0
            transparency 0.0
            shininess 0.5
        }
    }
    geometry IndexedFaceSet {
        ccw TRUE
        solid FALSE
        coord DEF co Coordinate {
            point [
                3.0 -0.1886 0.8558, 3.0 -0.1886 0.8558, 3.0 -0.1825 0.8521, 3.0 -0.1639 0.8476, 3.0 -0.1639 0.8476, 3.0 -0.1731 0.8486, 3.0 -0.1731 0.8486, 3.0 -0.1817 0.8518, 3.0 -0.1825 0.8521, 3.0 -0.1886 0.8403, 3.0 -0.1886 0.8403, 3.0 -0.1796 0.837, 3.0 -0.1817 0.8377, 3.0 -0.1654 0.8353, 3.0 -0.1654 0.8353, 3.0 -0.1739 0.8363, 3.0 -0.1796 0.837, 3.0 -0.1519 0.8369, 3.0 -0.1568 0.8363, 3.0 -0.1519 0.8369, 3.0 -0.144 0.8399, 3.0 -0.144 0.8399, 3.0 -0.1404 0.8421, 3.0 -0.1404 0.8421, 3.0 -0.1361 0.8459, 3.0 -0.1361 0.8459, 3.0 -0.1333 0.8498, 3.0 -0.1333 0.8498, 3.0 -0.1314 0.8546, 3.0 -0.1314 0.8546, 3.0 -0.1307 0.8606, 3.0 -0.1307 0.8606, 3.0 -0.1313 0.8662, 3.0 -0.1313 0.8662, 3.0 -0.1329 0.8707, 3.0 -0.1329 0.8707, 3.0 -0.1357 0.8748, 3.0 -0.1357 0.8748, 3.0 -0.1393 0.878, 3.0 -0.1393 0.878, 3.0 -0.1493 0.8836, 3.0 -0.1493 0.8836, 3.0 -0.1552 0.8859, 3.0 -0.1552 0.8859, 3.0 -0.1645 0.89, 3.0 -0.1645 0.89, 3.0 -0.1698 0.8933, 3.0 -0.1698 0.8933, 3.0 -0.1712 0.8949, 3.0 -0.1712 0.8949, 3.0 -0.1723 0.8969, 3.0 -0.1723 0.8969, 3.0 -0.1729 0.8993, 3.0 -0.1729 0.8993, 3.0 -0.1731 0.9013, 3.0 -0.1731 0.9013, 3.0 -0.1728 0.9037, 3.0 -0.1728 0.9037, 3.0 -0.172 0.9057, 3.0 -0.172 0.9057, 3.0 -0.1707 0.9076, 3.0 -0.1707 0.9076, 3.0 -0.1685 0.9096, 3.0 -0.1685 0.9096, 3.0 -0.1651 0.9114, 3.0 -0.1651 0.9114, 3.0 -0.1611 0.9125, 3.0 -0.1611 0.9125, 3.0 -0.1566 0.9128, 3.0 -0.1566 0.9128, 3.0 -0.1471 0.9118, 3.0 -0.1471 0.9118, 3.0 -0.1386 0.9087, 3.0 -0.1386 0.9087, 3.0 -0.1348 0.9066, 3.0 -0.1348 0.9066, 3.0 -0.1348 0.9212, 3.0 -0.1348 0.9212, 3.0 -0.1446 0.9241, 3.0 -0.1446 0.9241, 3.0 -0.1552 0.925, 3.0 -0.1552 0.925, 3.0 -0.1656 0.924, 3.0 -0.1656 0.924, 3.0 -0.174 0.9211, 3.0 -0.174 0.9211, 3.0 -0.1789 0.9182, 3.0 -0.1789 0.9182, 3.0 -0.1834 0.9142, 3.0 -0.1817 0.9157, 3.0 -0.1834 0.9142, 3.0 -0.1862 0.9102, 3.0 -0.1862 0.9102, 3.0 -0.188 0.9053, 3.0 -0.188 0.9053, 3.0 -0.1886 0.8999, 3.0 -0.1886 0.8999, 3.0 -0.1879 0.8941, 3.0 -0.1879 0.8941, 3.0 -0.1863 0.8895, 3.0 -0.1863 0.8895, 3.0 -0.1843 0.8864, 3.0 -0.1843 0.8864, 3.0 -0.1658 0.875, 3.0 -0.1658 0.875, 3.0 -0.1747 0.8791, 3.0 -0.1818 0.8838, 3.0 -0.1818 0.8838, 3.0 -0.1817 0.8837, 3.0 -0.1747 0.8791, 3.0 -0.1559 0.8709, 3.0 -0.1559 0.8709, 3.0 -0.15 0.8673, 3.0 -0.15 0.8673, 3.0 -0.1482 0.8654, 3.0 -0.1482 0.8654, 3.0 -0.147 0.8634, 3.0 -0.147 0.8634, 3.0 -0.1463 0.861, 3.0 -0.1463 0.861, 3.0 -0.1462 0.8592, 3.0 -0.1462 0.8592, 3.0 -0.1465 0.8563, 3.0 -0.1465 0.8563, 3.0 -0.1472 0.8542, 3.0 -0.1472 0.8542, 3.0 -0.1485 0.8522, 3.0 -0.1485 0.8522, 3.0 -0.1503 0.8507, 3.0 -0.1503 0.8507, 3.0 -0.1516 0.8498, 3.0 -0.1516 0.8498, 3.0 -0.1555 0.8484, 3.0 -0.1555 0.8484, 3.0 -0.1632 0.8476, 3.0 -0.1632 0.8476, 3.0 -0.0561 0.9231, 3.0 -0.0405 0.9231, 3.0 -0.0561 0.9231, 3.0 -0.0405 0.9231, 3.0 -0.0796 0.8585, 3.0 -0.0796 0.8585, 3.0 -0.0807 0.8545, 3.0 -0.0807 0.8545, 3.0 -0.0814 0.8515, 3.0 -0.0814 0.8515, 3.0 -0.0818 0.8515, 3.0 -0.0818 0.8515, 3.0 -0.0836 0.8586, 3.0 -0.0836 0.8586, 3.0 -0.1061 0.9231, 3.0 -0.1061 0.9231, 3.0 -0.0988 0.9022, 3.0 -0.1229 0.9231, 3.0 -0.1229 0.9231, 3.0 -0.0892 0.8375, 3.0 -0.0892 0.8375, 3.0 -0.0988 0.8618, 3.0 -0.0958 0.8219, 3.0 -0.0958 0.8219, 3.0 -0.0897 0.8363, 3.0 -0.0988 0.8164, 3.0 -0.0988 0.8165, 3.0 -0.0988 0.8164, 3.0 -0.1016 0.8133, 3.0 -0.1016 0.8133, 3.0 -0.1042 0.8115, 3.0 -0.1042 0.8115, 3.0 -0.1074 0.8102, 3.0 -0.1074 0.8102, 3.0 -0.1112 0.8098, 3.0 -0.1112 0.8098, 3.0 -0.1167 0.8105, 3.0 -0.1167 0.8105, 3.0 -0.1198 0.8115, 3.0 -0.1198 0.8115, 3.0 -0.1198 0.7981, 3.0 -0.1198 0.7981, 3.0 -0.1134 0.797, 3.0 -0.1134 0.797, 3.0 -0.1101 0.7969, 3.0 -0.1101 0.7969, 3.0 -0.104 0.7976, 3.0 -0.104 0.7976, 3.0 -0.0988 0.7996, 3.0 -0.0981 0.7999, 3.0 -0.0981 0.7999, 3.0 -0.0928 0.8035, 3.0 -0.0928 0.8035, 3.0 -0.0918 0.8045, 3.0 -0.0918 0.8045, 3.0 -0.0863 0.8111, 3.0 -0.0863 0.8111, 3.0 -0.0795 0.8243, 3.0 -0.0795 0.8243, 3.0 -0.0748 0.8363, 3.0 0.0403 0.851, 3.0 0.0403 0.8373, 3.0 0.0403 0.851, 3.0 0.0403 0.8373, 3.0 -0.0088 0.851, 3.0 -0.0088 0.851, 3.0 0.0137 0.851, 3.0 -0.0088 0.8914, 3.0 -0.0088 0.8914, 3.0 0.0341 0.8914, 3.0 0.0341 0.8914, 3.0 0.0137 0.8914, 3.0 0.0341 0.9052, 3.0 0.0341 0.9052, 3.0 -0.0088 0.9052, 3.0 -0.0088 0.9052, 3.0 0.0137 0.9052, 3.0 -0.0088 0.9436, 3.0 -0.0088 0.9436, 3.0 0.0375 0.9436, 3.0 0.0375 0.9436, 3.0 0.0137 0.9436, 3.0 0.0375 0.9574, 3.0 0.0375 0.9574, 3.0 -0.0243 0.9574, 3.0 -0.0243 0.9574, 3.0 0.0137 0.9574, 3.0 -0.0243 0.8373, 3.0 -0.0243 0.8373, 3.0 0.0137 0.8373, 3.0 0.1426 0.8541, 3.0 0.1302 0.8622, 3.0 0.1301 0.8451, 3.0 0.1224 0.8568, 3.0 0.1164 0.8398, 3.0 0.1125 0.853, 3.0 0.096 0.8373, 3.0 0.0959 0.851, 3.0 0.063 0.8373, 3.0 0.0785 0.851, 3.0 0.063 0.9574, 3.0 0.0785 0.9436, 3.0 0.0972 0.9574, 3.0 0.0966 0.9436, 3.0 0.0979 0.9436, 3.0 0.1156 0.9554, 3.0 0.1133 0.9416, 3.0 0.13 0.9501, 3.0 0.1235 0.9376, 3.0 0.1426 0.9415, 3.0 0.1313 0.9323, 3.0 0.1469 0.9374, 3.0 0.1346 0.929, 3.0 0.1543 0.9269, 3.0 0.1393 0.9223, 3.0 0.1587 0.9154, 3.0 0.1427 0.9135, 3.0 0.1607 0.8989, 3.0 0.1444 0.8985, 3.0 0.1604 0.8912, 3.0 0.144 0.8901, 3.0 0.1575 0.8772, 3.0 0.1415 0.8793, 3.0 0.1515 0.8648, 3.0 0.1373 0.8705, 3.0 0.1316 0.8635, 3.0 0.096 0.8373, 3.0 0.063 0.8373, 3.0 0.1164 0.8398, 3.0 0.1301 0.8451, 3.0 0.1426 0.8541, 3.0 0.1515 0.8648, 3.0 0.1575 0.8772, 3.0 0.1604 0.8912, 3.0 0.1607 0.8989, 3.0 0.1587 0.9154, 3.0 0.1543 0.9269, 3.0 0.1469 0.9374, 3.0 0.1426 0.9415, 3.0 0.13 0.9501, 3.0 0.1156 0.9554, 3.0 0.0972 0.9574, 3.0 0.063 0.9574, 3.0 0.0966 0.9436, 3.0 0.0785 0.9436, 3.0 0.0785 0.851, 3.0 0.0959 0.851, 3.0 0.1316 0.8635, 3.0 0.1302 0.8622, 3.0 0.1224 0.8568, 3.0 0.1125 0.853, 3.0 0.1444 0.8985, 3.0 0.144 0.8901, 3.0 0.1415 0.8793, 3.0 0.1373 0.8705, 3.0 0.1313 0.9323, 3.0 0.1346 0.929, 3.0 0.1393 0.9223, 3.0 0.1427 0.9135, 3.0 0.0979 0.9436, 3.0 0.1133 0.9416, 3.0 0.1235 0.9376
            ]
        }
        coordIndex [
            0,1,2,-1,3,4,5,-1,3,5,6,-1,6,5,7,-1,6,7,2,-1,2,7,8,-1,2,8,0,-1,9,1,10,-1,10,1,0,-1,11,9,12,-1,12,9,10,-1,13,14,15,-1,15,14,11,-1,15,11,16,-1,16,11,12,-1,17,14,18,-1,18,14,13,-1,18,19,17,-1,17,19,20,-1,17,20,21,-1,21,20,22,-1,21,22,23,-1,23,22,24,-1,23,24,25,-1,25,24,26,-1,25,26,27,-1,27,26,28,-1,27,28,29,-1,29,28,30,-1,29,30,31,-1,31,30,32,-1,31,32,33,-1,33,32,34,-1,33,34,35,-1,35,34,36,-1,35,36,37,-1,37,36,38,-1,37,38,39,-1,39,38,40,-1,39,40,41,-1,41,40,42,-1,41,42,43,-1,43,42,44,-1,43,44,45,-1,45,44,46,-1,45,46,47,-1,47,46,48,-1,47,48,49,-1,49,48,50,-1,49,50,51,-1,51,50,52,-1,51,52,53,-1,53,52,54,-1,53,54,55,-1,55,54,56,-1,55,56,57,-1,57,56,58,-1,57,58,59,-1,59,58,60,-1,59,60,61,-1,61,60,62,-1,61,62,63,-1,63,62,64,-1,63,64,65,-1,65,64,66,-1,65,66,67,-1,67,66,68,-1,67,68,69,-1,69,68,70,-1,69,70,71,-1,71,70,72,-1,71,72,73,-1,73,72,74,-1,73,74,75,-1,76,75,77,-1,77,75,74,-1,76,77,78,-1,76,78,79,-1,79,78,80,-1,79,80,81,-1,81,80,82,-1,81,82,83,-1,83,82,84,-1,83,84,85,-1,85,84,86,-1,85,86,87,-1,88,87,89,-1,89,87,86,-1,89,90,88,-1,88,90,91,-1,88,91,92,-1,92,91,93,-1,92,93,94,-1,94,93,95,-1,94,95,96,-1,96,95,97,-1,96,97,98,-1,98,97,99,-1,98,99,100,-1,100,99,101,-1,100,101,102,-1,103,104,105,-1,102,101,106,-1,102,106,107,-1,107,106,108,-1,107,108,105,-1,105,108,109,-1,105,109,103,-1,104,103,110,-1,104,110,111,-1,111,110,112,-1,111,112,113,-1,113,112,114,-1,113,114,115,-1,115,114,116,-1,115,116,117,-1,117,116,118,-1,117,118,119,-1,119,118,120,-1,119,120,121,-1,121,120,122,-1,121,122,123,-1,123,122,124,-1,123,124,125,-1,125,124,126,-1,125,126,127,-1,127,126,128,-1,127,128,129,-1,129,128,130,-1,129,130,131,-1,131,130,132,-1,131,132,133,-1,133,132,134,-1,133,134,135,-1,135,134,4,-1,135,4,3,-1,61,63,85,-1,85,63,83,-1,111,43,104,-1,104,43,45,-1,21,23,127,-1,127,23,25,-1,127,25,125,-1,125,25,27,-1,125,27,123,-1,123,27,29,-1,123,29,121,-1,121,29,31,-1,121,31,119,-1,119,31,33,-1,119,33,117,-1,117,33,35,-1,117,35,115,-1,115,35,37,-1,115,37,113,-1,113,37,39,-1,113,39,111,-1,111,39,41,-1,111,41,43,-1,14,3,11,-1,11,3,6,-1,11,6,9,-1,9,6,2,-1,9,2,1,-1,63,65,83,-1,83,65,67,-1,83,67,81,-1,81,67,69,-1,81,69,79,-1,79,69,71,-1,79,71,76,-1,76,71,73,-1,76,73,75,-1,127,129,21,-1,21,129,131,-1,21,131,17,-1,17,131,133,-1,17,133,14,-1,14,133,135,-1,14,135,3,-1,85,87,61,-1,61,87,88,-1,61,88,59,-1,59,88,92,-1,59,92,57,-1,57,92,94,-1,57,94,55,-1,55,94,96,-1,55,96,53,-1,53,96,98,-1,53,98,51,-1,51,98,100,-1,51,100,49,-1,49,100,102,-1,49,102,47,-1,47,102,107,-1,47,107,45,-1,45,107,105,-1,45,105,104,-1,136,137,138,-1,138,137,139,-1,140,136,141,-1,141,136,138,-1,140,141,142,-1,140,142,143,-1,143,142,144,-1,143,144,145,-1,146,145,147,-1,147,145,144,-1,148,146,149,-1,149,146,147,-1,150,151,152,-1,152,151,148,-1,152,148,149,-1,153,151,154,-1,154,151,150,-1,155,156,157,-1,157,156,153,-1,157,153,154,-1,158,159,160,-1,160,159,156,-1,160,156,155,-1,159,158,161,-1,161,158,162,-1,162,163,161,-1,161,163,164,-1,161,164,165,-1,165,164,166,-1,165,166,167,-1,167,166,168,-1,167,168,169,-1,169,168,170,-1,169,170,171,-1,171,170,172,-1,171,172,173,-1,173,172,174,-1,173,174,175,-1,176,175,177,-1,177,175,174,-1,176,177,178,-1,176,178,179,-1,179,178,180,-1,179,180,181,-1,181,180,182,-1,181,182,183,-1,183,182,184,-1,183,184,185,-1,184,186,185,-1,185,186,187,-1,185,187,188,-1,188,187,189,-1,188,189,190,-1,190,189,191,-1,190,191,192,-1,192,191,193,-1,192,193,194,-1,139,137,195,-1,195,137,194,-1,195,194,193,-1,143,145,194,-1,137,136,194,-1,194,136,140,-1,194,140,143,-1,151,153,148,-1,148,153,156,-1,148,156,146,-1,175,176,173,-1,173,176,179,-1,173,179,171,-1,171,179,181,-1,171,181,169,-1,169,181,183,-1,169,183,167,-1,167,183,185,-1,167,185,165,-1,145,146,194,-1,194,146,156,-1,194,156,192,-1,156,159,192,-1,192,159,161,-1,192,161,190,-1,190,161,165,-1,190,165,188,-1,188,165,185,-1,196,197,198,-1,198,197,199,-1,200,201,202,-1,202,201,196,-1,202,196,198,-1,203,201,204,-1,204,201,200,-1,205,206,207,-1,207,206,203,-1,207,203,204,-1,208,206,209,-1,209,206,205,-1,210,211,212,-1,212,211,208,-1,212,208,209,-1,213,211,214,-1,214,211,210,-1,215,216,217,-1,217,216,213,-1,217,213,214,-1,218,216,219,-1,219,216,215,-1,220,221,222,-1,222,221,218,-1,222,218,219,-1,223,221,224,-1,224,221,220,-1,199,197,225,-1,225,197,223,-1,225,223,224,-1,223,197,196,-1,196,201,223,-1,223,201,203,-1,223,203,221,-1,216,218,213,-1,213,218,221,-1,213,221,211,-1,211,221,203,-1,211,203,208,-1,208,203,206,-1,226,227,228,-1,228,227,229,-1,228,229,230,-1,230,229,231,-1,230,231,232,-1,232,231,233,-1,232,233,234,-1,234,233,235,-1,234,235,236,-1,236,235,237,-1,236,237,238,-1,237,239,238,-1,238,239,240,-1,238,240,241,-1,241,240,242,-1,241,242,243,-1,243,242,244,-1,243,244,245,-1,245,244,246,-1,245,246,247,-1,247,246,248,-1,247,248,249,-1,249,248,250,-1,249,250,251,-1,251,250,252,-1,251,252,253,-1,253,252,254,-1,253,254,255,-1,255,254,256,-1,255,256,257,-1,257,256,258,-1,257,258,259,-1,259,258,260,-1,259,260,226,-1,226,260,261,-1,226,261,227,-1,232,234,262,-1,262,234,263,-1,232,262,264,-1,232,264,230,-1,230,264,265,-1,230,265,228,-1,228,265,266,-1,228,266,226,-1,226,266,267,-1,226,267,259,-1,259,267,268,-1,259,268,257,-1,257,268,269,-1,257,269,255,-1,255,269,270,-1,255,270,253,-1,253,270,271,-1,253,271,251,-1,251,271,272,-1,251,272,249,-1,249,272,273,-1,249,273,247,-1,247,273,274,-1,247,274,245,-1,245,274,275,-1,245,275,243,-1,243,275,276,-1,243,276,241,-1,241,276,277,-1,241,277,238,-1,236,238,278,-1,278,238,277,-1,234,236,263,-1,263,236,278,-1,239,237,279,-1,279,237,280,-1,237,235,280,-1,280,235,281,-1,235,233,281,-1,281,233,282,-1,261,283,284,-1,261,284,227,-1,227,284,285,-1,227,285,229,-1,229,285,286,-1,229,286,231,-1,231,286,282,-1,231,282,233,-1,254,287,288,-1,254,288,256,-1,256,288,289,-1,256,289,258,-1,258,289,290,-1,258,290,260,-1,260,290,283,-1,260,283,261,-1,246,291,292,-1,246,292,248,-1,248,292,293,-1,248,293,250,-1,250,293,294,-1,250,294,252,-1,252,294,287,-1,252,287,254,-1,239,279,295,-1,239,295,240,-1,240,295,296,-1,240,296,242,-1,242,296,297,-1,242,297,244,-1,244,297,291,-1,244,291,246,-1,
        ]
    }
}
Shape{
    appearance Appearance {
        material  Material {
            diffuseColor 0.0 0.9058823529411765 0.39215686274509803
            specularColor 0.0 0.45098039215686275 0.19607843137254902
            ambientIntensity 0.5765
            transparency 0.0
            shininess 0.5
        }
    }
    geometry IndexedFaceSet {
        ccw TRUE
        solid FALSE
        coord DEF co Coordinate {
            point [
                3.0 0.1224 0.8568, 3.0 0.1302 0.8622, 3.0 0.0979 0.9436, 3.0 0.0785 0.9436, 3.0 0.0785 0.851, 3.0 0.0966 0.9436, 3.0 0.0959 0.851, 3.0 0.1125 0.853, 3.0 0.1316 0.8635, 3.0 0.1373 0.8705, 3.0 0.1415 0.8793, 3.0 0.1444 0.8985, 3.0 0.1313 0.9323, 3.0 0.1235 0.9376, 3.0 0.1427 0.9135, 3.0 0.1393 0.9223, 3.0 0.1346 0.929, 3.0 0.144 0.8901, 3.0 0.1133 0.9416
            ]
        }
        coordIndex [
            0,1,2,-1,3,4,5,-1,5,4,6,-1,5,6,2,-1,2,6,7,-1,2,7,0,-1,1,8,2,-1,2,8,9,-1,2,9,10,-1,11,12,13,-1,14,15,11,-1,11,15,16,-1,11,16,12,-1,10,17,2,-1,2,17,11,-1,2,11,18,-1,18,11,13,-1,
        ]
    }
}
Shape{
    appearance Appearance {
        material  Material {
            diffuseColor 0.0 0.0 0.0
            specularColor 0.0 0.0 0.0
            ambientIntensity 0.0
            transparency 0.0
            shininess 0.5
        }
    }
    geometry IndexedFaceSet {
        ccw TRUE
        solid FALSE
        coord DEF co Coordinate {
            point [
                3.0 0.201 0.8837, 3.0 0.1961 0.8702, 3.0 0.2413 0.8837, 3.0 0.2461 0.8702, 3.0 0.2189 0.9336, 3.0 0.2131 0.9574, 3.0 0.1674 0.8373, 3.0 0.1845 0.8373, 3.0 0.22 0.9372, 3.0 0.2209 0.9421, 3.0 0.2297 0.9574, 3.0 0.2213 0.9421, 3.0 0.2222 0.937, 3.0 0.2232 0.9336, 3.0 0.2755 0.8373, 3.0 0.2583 0.8373, 3.0 0.2297 0.9574, 3.0 0.2755 0.8373, 3.0 0.2131 0.9574, 3.0 0.1674 0.8373, 3.0 0.1845 0.8373, 3.0 0.1961 0.8702, 3.0 0.2461 0.8702, 3.0 0.2583 0.8373, 3.0 0.201 0.8837, 3.0 0.2413 0.8837, 3.0 0.2232 0.9336, 3.0 0.2213 0.9421, 3.0 0.2222 0.937, 3.0 0.2209 0.9421, 3.0 0.2189 0.9336, 3.0 0.22 0.9372
            ]
        }
        coordIndex [
            0,1,2,-1,2,1,3,-1,4,5,0,-1,0,5,6,-1,0,6,1,-1,1,6,7,-1,4,8,5,-1,5,8,9,-1,5,9,10,-1,10,9,11,-1,10,11,12,-1,12,13,10,-1,10,13,2,-1,10,2,14,-1,14,2,3,-1,14,3,15,-1,10,14,16,-1,16,14,17,-1,5,10,18,-1,18,10,16,-1,6,5,19,-1,19,5,18,-1,7,6,20,-1,20,6,19,-1,1,7,21,-1,21,7,20,-1,3,1,22,-1,22,1,21,-1,15,3,23,-1,23,3,22,-1,14,15,17,-1,17,15,23,-1,0,2,24,-1,24,2,25,-1,2,13,25,-1,25,13,26,-1,11,27,28,-1,11,28,12,-1,12,28,26,-1,12,26,13,-1,11,9,27,-1,27,9,29,-1,4,30,31,-1,4,31,8,-1,8,31,29,-1,8,29,9,-1,4,0,30,-1,30,0,24,-1,
        ]
    }
}
Shape{
    appearance Appearance {
        material  Material {
            diffuseColor 0.0 0.9058823529411765 0.39215686274509803
            specularColor 0.0 0.45098039215686275 0.19607843137254902
            ambientIntensity 0.5765
            transparency 0.0
            shininess 0.5
        }
    }
    geometry IndexedFaceSet {
        ccw TRUE
        solid FALSE
        coord DEF co Coordinate {
            point [
                3.0 0.2213 0.9421, 3.0 0.2209 0.9421, 3.0 0.2222 0.937, 3.0 0.22 0.9372, 3.0 0.2232 0.9336, 3.0 0.2189 0.9336, 3.0 0.2413 0.8837, 3.0 0.201 0.8837
            ]
        }
        coordIndex [
            0,1,2,-1,2,1,3,-1,2,3,4,-1,4,3,5,-1,4,5,6,-1,6,5,7,-1,
        ]
    }
}
Shape{
    appearance Appearance {
        material  Material {
            diffuseColor 0.0 0.0 0.0
            specularColor 0.0 0.0 0.0
            ambientIntensity 0.0
            transparency 0.0
            shininess 0.5
        }
    }
    geometry IndexedFaceSet {
        ccw TRUE
        solid FALSE
        coord DEF co Coordinate {
            point [
                3.0 -0.8874 0.8203, 3.0 -0.8747 0.8046, 3.0 -0.8951 0.8958, 3.0 -0.9099 1.0442, 3.0 -0.8909 1.0543, 3.0 -0.8954 1.1068, 3.0 -0.745 0.8169, 3.0 -0.7349 0.836, 3.0 -0.7299 0.8571, 3.0 -0.8421 1.1093, 3.0 -0.8157 1.047, 3.0 -0.8026 1.074, 3.0 -0.9137 0.9073, 3.0 -0.9068 0.8418, 3.0 -0.8959 0.8386, 3.0 -0.8618 1.111, 3.0 -0.6099 0.9377, 3.0 -0.6363 0.9829, 3.0 -0.7294 0.8745, 3.0 -0.7508 0.9231, 3.0 -0.7294 0.8659, 3.0 -0.7751 0.7904, 3.0 -0.7581 0.8022, 3.0 -0.838 0.8404, 3.0 -0.8312 0.8356, 3.0 -0.858 0.792, 3.0 -0.8233 0.8327, 3.0 -0.785 0.8781, 3.0 -0.7828 0.8704, 3.0 -0.7825 0.8621, 3.0 -0.7843 0.8538, 3.0 -0.7881 0.8464, 3.0 -0.5817 1.0222, 3.0 -0.5749 1.0222, 3.0 -0.5399 1.0683, 3.0 -0.5586 1.0202, 3.0 -0.5356 1.0669, 3.0 -0.5437 1.0144, 3.0 -0.5102 1.0543, 3.0 -0.4871 1.0347, 3.0 -0.8246 1.1297, 3.0 -0.7835 1.0968, 3.0 -0.8046 1.1469, 3.0 -0.7606 1.1136, 3.0 -0.7799 1.1617, 3.0 -0.8698 1.0593, 3.0 -0.8609 1.0598, 3.0 -0.852 1.1105, 3.0 -0.8409 1.0573, 3.0 -0.8218 1.0503, 3.0 -0.8488 0.8616, 3.0 -0.847 0.8537, 3.0 -0.8434 0.8466, 3.0 -0.8383 0.7837, 3.0 -0.8181 0.7806, 3.0 -0.8157 0.8318, 3.0 -0.8148 0.7805, 3.0 -0.8076 0.8328, 3.0 -0.7942 0.7831, 3.0 -0.8001 0.8356, 3.0 -0.7936 0.8402, 3.0 -0.4869 0.8753, 3.0 -0.5267 0.9092, 3.0 -0.5102 0.8556, 3.0 -0.5394 0.8989, 3.0 -0.5362 0.8429, 3.0 -0.5544 0.8919, 3.0 -0.5646 0.8369, 3.0 -0.5697 0.889, 3.0 -0.615 0.8369, 3.0 -0.6082 0.889, 3.0 -0.6198 0.8377, 3.0 -0.5305 1.0052, 3.0 -0.5206 0.9942, 3.0 -0.4697 1.0104, 3.0 -0.5127 0.9795, 3.0 -0.4592 0.9843, 3.0 -0.5087 0.9631, 3.0 -0.4553 0.9564, 3.0 -0.5083 0.9556, 3.0 -0.4592 0.9259, 3.0 -0.5103 0.939, 3.0 -0.47 0.8989, 3.0 -0.5162 0.9237, 3.0 -0.5256 0.9104, 3.0 -0.586 1.1358, 3.0 -0.6193 1.0965, 3.0 -0.5562 1.1008, 3.0 -0.6001 1.0735, 3.0 -0.5869 1.0459, 3.0 -0.9438 0.995, 3.0 -0.9999 0.9809, 3.0 -0.9463 0.9744, 3.0 -1.0001 0.9727, 3.0 -0.9453 0.9612, 3.0 -0.996 0.9392, 3.0 -0.9392 0.9403, 3.0 -0.9838 0.9074, 3.0 -0.929 0.923, 3.0 -0.9643 0.8796, 3.0 -0.9376 0.8569, 3.0 -0.8486 0.8699, 3.0 -0.8464 0.878, 3.0 -0.8856 0.9142, 3.0 -0.8422 0.8852, 3.0 -0.8715 0.9303, 3.0 -0.8379 0.8898, 3.0 -0.8541 0.9424, 3.0 -0.8312 0.8945, 3.0 -0.8352 0.9497, 3.0 -0.8237 0.8974, 3.0 -0.8148 0.9522, 3.0 -0.8157 0.8984, 3.0 -0.8044 0.9516, 3.0 -0.8098 0.8978, 3.0 -0.7838 0.9464, 3.0 -0.8018 0.8953, 3.0 -0.7657 0.9367, 3.0 -0.7947 0.8909, 3.0 -0.789 0.885, 3.0 -0.7403 1.1759, 3.0 -0.7327 1.1249, 3.0 -0.7021 1.1802, 3.0 -0.7012 1.1289, 3.0 -0.6613 1.1752, 3.0 -0.6723 1.1254, 3.0 -0.619 1.1587, 3.0 -0.6455 1.1151, 3.0 -0.6215 1.0985, 3.0 -0.9271 1.0946, 3.0 -0.9542 1.0755, 3.0 -0.9246 1.0311, 3.0 -0.96 1.07, 3.0 -0.9365 1.0141, 3.0 -0.9805 1.0437, 3.0 -0.9941 1.013, 3.0 -0.6125 0.8898, 3.0 -0.633 0.8458, 3.0 -0.631 0.8438, 3.0 -0.6099 0.8892, 3.0 -0.6255 0.8399, 3.0 -0.6398 0.8634, 3.0 -0.639 0.857, 3.0 -0.6367 0.8512, 3.0 -0.6199 0.889, 3.0 -0.6258 0.8867, 3.0 -0.6395 0.8667, 3.0 -0.631 0.8829, 3.0 -0.6346 0.8791, 3.0 -0.6378 0.8732, 3.0 -0.6133 0.8898, 3.0 -0.4553 0.9564, 3.0 -0.4592 0.9843, 3.0 -0.4621 0.9916, 3.0 -0.4697 1.0104, 3.0 -0.4814 1.0268, 3.0 -0.4871 1.0347, 3.0 -0.5102 1.0543, 3.0 -0.5356 1.0669, 3.0 -0.5399 1.0683, 3.0 -0.5562 1.1008, 3.0 -0.586 1.1358, 3.0 -0.6049 1.149, 3.0 -0.619 1.1587, 3.0 -0.6613 1.1752, 3.0 -0.7021 1.1802, 3.0 -0.8046 1.1469, 3.0 -0.8011 1.149, 3.0 -0.7799 1.1617, 3.0 -0.7403 1.1759, 3.0 -0.8246 1.1297, 3.0 -0.8421 1.1093, 3.0 -0.852 1.1105, 3.0 -0.8618 1.111, 3.0 -0.8954 1.1068, 3.0 -0.9271 1.0946, 3.0 -0.9542 1.0755, 3.0 -0.96 1.07, 3.0 -1.0001 0.9727, 3.0 -0.9805 1.0437, 3.0 -0.988 1.0268, 3.0 -0.9941 1.013, 3.0 -0.998 0.9916, 3.0 -0.9999 0.9809, 3.0 -0.996 0.9392, 3.0 -0.9838 0.9074, 3.0 -0.9643 0.8796, 3.0 -0.9376 0.8569, 3.0 -0.9068 0.8418, 3.0 -0.8959 0.8386, 3.0 -0.8949 0.8363, 3.0 -0.8874 0.8203, 3.0 -0.8747 0.8046, 3.0 -0.858 0.792, 3.0 -0.8501 0.7887, 3.0 -0.8383 0.7837, 3.0 -0.8181 0.7806, 3.0 -0.8148 0.7805, 3.0 -0.7294 0.8659, 3.0 -0.7942 0.7831, 3.0 -0.7795 0.7887, 3.0 -0.7751 0.7904, 3.0 -0.7581 0.8022, 3.0 -0.745 0.8169, 3.0 -0.7349 0.836, 3.0 -0.7348 0.8363, 3.0 -0.7299 0.8571, 3.0 -0.7294 0.8745, 3.0 -0.6099 0.9377, 3.0 -0.6363 0.9829, 3.0 -0.7508 0.9231, 3.0 -0.7657 0.9367, 3.0 -0.7838 0.9464, 3.0 -0.8044 0.9516, 3.0 -0.8148 0.9522, 3.0 -0.8352 0.9497, 3.0 -0.8541 0.9424, 3.0 -0.8715 0.9303, 3.0 -0.8856 0.9142, 3.0 -0.8951 0.8958, 3.0 -0.9137 0.9073, 3.0 -0.929 0.923, 3.0 -0.9392 0.9403, 3.0 -0.9453 0.9612, 3.0 -0.9463 0.9744, 3.0 -0.9442 0.9916, 3.0 -0.9438 0.995, 3.0 -0.9365 1.0141, 3.0 -0.9276 1.0268, 3.0 -0.9246 1.0311, 3.0 -0.9099 1.0442, 3.0 -0.8909 1.0543, 3.0 -0.8698 1.0593, 3.0 -0.8609 1.0598, 3.0 -0.8409 1.0573, 3.0 -0.8218 1.0503, 3.0 -0.8157 1.047, 3.0 -0.8026 1.074, 3.0 -0.7835 1.0968, 3.0 -0.7606 1.1136, 3.0 -0.7327 1.1249, 3.0 -0.7012 1.1289, 3.0 -0.5817 1.0222, 3.0 -0.5827 1.0268, 3.0 -0.5869 1.0459, 3.0 -0.6001 1.0735, 3.0 -0.6193 1.0965, 3.0 -0.6215 1.0985, 3.0 -0.6455 1.1151, 3.0 -0.6723 1.1254, 3.0 -0.5749 1.0222, 3.0 -0.5586 1.0202, 3.0 -0.5437 1.0144, 3.0 -0.5305 1.0052, 3.0 -0.5206 0.9942, 3.0 -0.5192 0.9916, 3.0 -0.5127 0.9795, 3.0 -0.5087 0.9631, 3.0 -0.5083 0.9556, 3.0 -0.5103 0.939, 3.0 -0.5162 0.9237, 3.0 -0.5256 0.9104, 3.0 -0.5267 0.9092, 3.0 -0.5394 0.8989, 3.0 -0.5544 0.8919, 3.0 -0.5697 0.889, 3.0 -0.6082 0.889, 3.0 -0.6099 0.8892, 3.0 -0.6125 0.8898, 3.0 -0.6133 0.8898, 3.0 -0.6199 0.889, 3.0 -0.6258 0.8867, 3.0 -0.631 0.8829, 3.0 -0.6346 0.8791, 3.0 -0.6378 0.8732, 3.0 -0.6395 0.8667, 3.0 -0.6398 0.8634, 3.0 -0.639 0.857, 3.0 -0.6367 0.8512, 3.0 -0.633 0.8458, 3.0 -0.631 0.8438, 3.0 -0.6255 0.8399, 3.0 -0.6198 0.8377, 3.0 -0.615 0.8369, 3.0 -0.5646 0.8369, 3.0 -0.5362 0.8429, 3.0 -0.5102 0.8556, 3.0 -0.4869 0.8753, 3.0 -0.47 0.8989, 3.0 -0.4592 0.9259, 3.0 -0.8157 0.8984, 3.0 -0.8098 0.8978, 3.0 -0.8018 0.8953, 3.0 -0.7947 0.8909, 3.0 -0.789 0.885, 3.0 -0.785 0.8781, 3.0 -0.7828 0.8704, 3.0 -0.7825 0.8621, 3.0 -0.7843 0.8538, 3.0 -0.7881 0.8464, 3.0 -0.7936 0.8402, 3.0 -0.8001 0.8356, 3.0 -0.8076 0.8328, 3.0 -0.8157 0.8318, 3.0 -0.8233 0.8327, 3.0 -0.8312 0.8356, 3.0 -0.838 0.8404, 3.0 -0.8434 0.8466, 3.0 -0.847 0.8537, 3.0 -0.8488 0.8616, 3.0 -0.8486 0.8699, 3.0 -0.8464 0.878, 3.0 -0.8422 0.8852, 3.0 -0.8379 0.8898, 3.0 -0.8312 0.8945, 3.0 -0.8237 0.8974
            ]
        }
        coordIndex [
            0,1,2,-1,3,4,5,-1,6,7,8,-1,9,10,11,-1,12,13,2,-1,2,13,14,-1,2,14,0,-1,5,4,15,-1,16,17,18,-1,18,17,19,-1,18,19,20,-1,20,19,21,-1,20,21,8,-1,8,21,22,-1,8,22,6,-1,23,1,24,-1,24,1,25,-1,24,25,26,-1,27,28,19,-1,19,28,29,-1,19,29,21,-1,21,29,30,-1,21,30,31,-1,32,33,34,-1,34,33,35,-1,34,35,36,-1,36,35,37,-1,36,37,38,-1,38,37,39,-1,9,11,40,-1,40,11,41,-1,40,41,42,-1,42,41,43,-1,42,43,44,-1,4,45,15,-1,15,45,46,-1,15,46,47,-1,47,46,48,-1,47,48,9,-1,9,48,49,-1,9,49,10,-1,50,2,51,-1,51,2,1,-1,51,1,52,-1,52,1,23,-1,25,53,26,-1,26,53,54,-1,26,54,55,-1,55,54,56,-1,55,56,57,-1,57,56,58,-1,57,58,59,-1,59,58,21,-1,59,21,60,-1,60,21,31,-1,61,62,63,-1,63,62,64,-1,63,64,65,-1,65,64,66,-1,65,66,67,-1,67,66,68,-1,67,68,69,-1,69,68,70,-1,69,70,71,-1,37,72,39,-1,39,72,73,-1,39,73,74,-1,74,73,75,-1,74,75,76,-1,76,75,77,-1,76,77,78,-1,78,77,79,-1,78,79,80,-1,80,79,81,-1,80,81,82,-1,82,81,83,-1,82,83,61,-1,61,83,84,-1,61,84,62,-1,85,86,87,-1,87,86,88,-1,87,88,34,-1,34,88,89,-1,34,89,32,-1,90,91,92,-1,92,91,93,-1,92,93,94,-1,94,93,95,-1,94,95,96,-1,96,95,97,-1,96,97,98,-1,98,97,99,-1,98,99,12,-1,12,99,100,-1,12,100,13,-1,50,101,2,-1,2,101,102,-1,2,102,103,-1,103,102,104,-1,103,104,105,-1,105,104,106,-1,105,106,107,-1,107,106,108,-1,107,108,109,-1,109,108,110,-1,109,110,111,-1,111,110,112,-1,111,112,113,-1,113,112,114,-1,113,114,115,-1,115,114,116,-1,115,116,117,-1,117,116,118,-1,117,118,19,-1,19,118,119,-1,19,119,27,-1,44,43,120,-1,120,43,121,-1,120,121,122,-1,122,121,123,-1,122,123,124,-1,124,123,125,-1,124,125,126,-1,126,125,127,-1,126,127,85,-1,85,127,128,-1,85,128,86,-1,5,129,3,-1,3,129,130,-1,3,130,131,-1,131,130,132,-1,131,132,133,-1,133,132,134,-1,133,134,90,-1,90,134,135,-1,90,135,91,-1,136,137,138,-1,70,139,71,-1,71,139,136,-1,71,136,140,-1,140,136,138,-1,141,142,136,-1,136,142,143,-1,136,143,137,-1,144,145,146,-1,145,147,146,-1,146,147,148,-1,146,148,149,-1,141,136,146,-1,146,136,150,-1,146,150,144,-1,78,151,152,-1,78,152,76,-1,76,152,153,-1,76,153,74,-1,153,154,74,-1,74,154,155,-1,74,155,39,-1,155,156,39,-1,39,156,157,-1,39,157,38,-1,38,157,158,-1,38,158,36,-1,36,158,159,-1,36,159,34,-1,34,159,160,-1,34,160,87,-1,87,160,161,-1,87,161,85,-1,85,161,162,-1,85,162,126,-1,162,163,126,-1,126,163,164,-1,126,164,124,-1,124,164,165,-1,124,165,122,-1,166,42,167,-1,167,42,44,-1,167,44,168,-1,168,44,120,-1,168,120,169,-1,169,120,122,-1,169,122,165,-1,42,166,170,-1,42,170,40,-1,40,170,171,-1,40,171,9,-1,9,171,172,-1,9,172,47,-1,47,172,173,-1,47,173,15,-1,15,173,174,-1,15,174,5,-1,5,174,175,-1,5,175,129,-1,129,175,176,-1,129,176,130,-1,130,176,177,-1,130,177,132,-1,178,93,91,-1,132,177,179,-1,132,179,134,-1,134,179,180,-1,134,180,135,-1,180,181,135,-1,135,181,182,-1,135,182,91,-1,91,182,183,-1,91,183,178,-1,93,178,184,-1,93,184,95,-1,95,184,185,-1,95,185,97,-1,97,185,186,-1,97,186,99,-1,99,186,187,-1,99,187,100,-1,100,187,188,-1,100,188,13,-1,13,188,189,-1,13,189,14,-1,14,189,190,-1,14,190,0,-1,190,191,0,-1,0,191,192,-1,0,192,1,-1,1,192,193,-1,1,193,25,-1,25,193,194,-1,25,194,53,-1,194,195,53,-1,53,195,196,-1,53,196,54,-1,54,196,197,-1,54,197,56,-1,198,20,8,-1,56,197,199,-1,56,199,58,-1,58,199,200,-1,58,200,21,-1,200,201,21,-1,21,201,202,-1,21,202,22,-1,22,202,203,-1,22,203,6,-1,6,203,204,-1,6,204,7,-1,7,204,205,-1,7,205,8,-1,8,205,206,-1,8,206,198,-1,18,20,207,-1,207,20,198,-1,16,18,208,-1,208,18,207,-1,17,16,209,-1,209,16,208,-1,19,17,210,-1,210,17,209,-1,19,210,211,-1,19,211,117,-1,117,211,212,-1,117,212,115,-1,115,212,213,-1,115,213,113,-1,113,213,214,-1,113,214,111,-1,111,214,215,-1,111,215,109,-1,109,215,216,-1,109,216,107,-1,107,216,217,-1,107,217,105,-1,105,217,218,-1,105,218,103,-1,103,218,219,-1,103,219,2,-1,2,219,220,-1,2,220,12,-1,12,220,221,-1,12,221,98,-1,98,221,222,-1,98,222,96,-1,96,222,223,-1,96,223,94,-1,94,223,224,-1,94,224,92,-1,90,92,225,-1,225,92,224,-1,225,226,90,-1,90,226,227,-1,90,227,133,-1,133,227,228,-1,133,228,131,-1,228,229,131,-1,131,229,230,-1,131,230,3,-1,3,230,231,-1,3,231,4,-1,4,231,232,-1,4,232,45,-1,45,232,233,-1,45,233,46,-1,46,233,234,-1,46,234,48,-1,48,234,235,-1,48,235,49,-1,49,235,236,-1,49,236,10,-1,10,236,237,-1,10,237,11,-1,11,237,238,-1,11,238,41,-1,41,238,239,-1,41,239,43,-1,43,239,240,-1,43,240,121,-1,121,240,241,-1,121,241,123,-1,242,32,243,-1,243,32,89,-1,243,89,244,-1,244,89,88,-1,244,88,245,-1,245,88,86,-1,245,86,246,-1,246,86,128,-1,246,128,247,-1,247,128,127,-1,247,127,248,-1,248,127,125,-1,248,125,249,-1,249,125,123,-1,249,123,241,-1,33,32,250,-1,250,32,242,-1,33,250,251,-1,33,251,35,-1,35,251,252,-1,35,252,37,-1,37,252,253,-1,37,253,72,-1,72,253,254,-1,72,254,73,-1,73,254,255,-1,73,255,75,-1,255,256,75,-1,75,256,257,-1,75,257,77,-1,77,257,258,-1,77,258,79,-1,79,258,259,-1,79,259,81,-1,81,259,260,-1,81,260,83,-1,83,260,261,-1,83,261,84,-1,84,261,262,-1,84,262,62,-1,62,262,263,-1,62,263,64,-1,64,263,264,-1,64,264,66,-1,66,264,265,-1,66,265,68,-1,70,68,266,-1,266,68,265,-1,70,266,267,-1,70,267,139,-1,139,267,268,-1,139,268,136,-1,136,268,269,-1,136,269,150,-1,150,269,270,-1,150,270,144,-1,144,270,271,-1,144,271,145,-1,145,271,272,-1,145,272,147,-1,147,272,273,-1,147,273,148,-1,148,273,274,-1,148,274,149,-1,149,274,275,-1,149,275,146,-1,146,275,276,-1,146,276,141,-1,141,276,277,-1,141,277,142,-1,142,277,278,-1,142,278,143,-1,143,278,279,-1,143,279,137,-1,137,279,280,-1,137,280,138,-1,138,280,281,-1,138,281,140,-1,140,281,282,-1,140,282,71,-1,71,282,283,-1,71,283,69,-1,67,69,284,-1,284,69,283,-1,67,284,285,-1,67,285,65,-1,65,285,286,-1,65,286,63,-1,63,286,287,-1,63,287,61,-1,61,287,288,-1,61,288,82,-1,82,288,289,-1,82,289,80,-1,80,289,151,-1,80,151,78,-1,112,290,291,-1,112,291,114,-1,114,291,292,-1,114,292,116,-1,116,292,293,-1,116,293,118,-1,118,293,294,-1,118,294,119,-1,119,294,295,-1,119,295,27,-1,27,295,296,-1,27,296,28,-1,28,296,297,-1,28,297,29,-1,29,297,298,-1,29,298,30,-1,30,298,299,-1,30,299,31,-1,31,299,300,-1,31,300,60,-1,60,300,301,-1,60,301,59,-1,59,301,302,-1,59,302,57,-1,57,302,303,-1,57,303,55,-1,55,303,304,-1,55,304,26,-1,26,304,305,-1,26,305,24,-1,24,305,306,-1,24,306,23,-1,23,306,307,-1,23,307,52,-1,52,307,308,-1,52,308,51,-1,51,308,309,-1,51,309,50,-1,50,309,310,-1,50,310,101,-1,101,310,311,-1,101,311,102,-1,102,311,312,-1,102,312,104,-1,104,312,313,-1,104,313,106,-1,106,313,314,-1,106,314,108,-1,108,314,315,-1,108,315,110,-1,110,315,290,-1,110,290,112,-1,
        ]
    }
}
Shape{
    appearance Appearance {
        material  Material {
            diffuseColor 0.0 0.9058823529411765 0.39215686274509803
            specularColor 0.0 0.45098039215686275 0.19607843137254902
            ambientIntensity 0.5765
            transparency 0.0
            shininess 0.5
        }
    }
    geometry IndexedFaceSet {
        ccw TRUE
        solid FALSE
        coord DEF co Coordinate {
            point [
                3.0 -0.8157 0.8318, 3.0 -0.8379 0.8898, 3.0 -0.8422 0.8852, 3.0 -0.8157 0.8984, 3.0 -0.8098 0.8978, 3.0 -0.8076 0.8328, 3.0 -0.8237 0.8974, 3.0 -0.8312 0.8945, 3.0 -0.7936 0.8402, 3.0 -0.789 0.885, 3.0 -0.7947 0.8909, 3.0 -0.847 0.8537, 3.0 -0.8434 0.8466, 3.0 -0.838 0.8404, 3.0 -0.8001 0.8356, 3.0 -0.8018 0.8953, 3.0 -0.8312 0.8356, 3.0 -0.8233 0.8327, 3.0 -0.8464 0.878, 3.0 -0.8486 0.8699, 3.0 -0.8488 0.8616, 3.0 -0.7843 0.8538, 3.0 -0.7825 0.8621, 3.0 -0.7881 0.8464, 3.0 -0.7828 0.8704, 3.0 -0.785 0.8781, 1.0 0.8992 5.5118, 1.0 -1.5657 2.5591, 1.0 1.0019 2.5591, 1.0 -1.5657 0.0, 1.0 1.0019 0.0, 1.0 -2.0287 2.8129, 1.0 -2.0757 2.7901, 1.0 -1.8328 2.5591, 1.0 -2.1157 2.7564, 1.0 -2.1461 2.7139, 1.0 -2.1717 0.0, 1.0 -1.8328 0.0, 1.0 -2.1717 2.6134, 1.0 -2.1652 2.6653, 1.0 -1.463 5.5118, 1.0 -1.9254 2.821, 1.0 -1.9776 2.8234, 1.0 1.269 0.0, 1.0 1.7654 0.0, 1.0 1.269 2.5591, 1.0 1.7654 3.8583, 1.0 1.3323 3.8583, 0.4921 1.3323 0.0, 0.6063 1.3323 0.0, 0.4921 1.3323 0.8471, 0.6063 1.3323 0.9672, -0.4921 1.3323 0.8471, -0.6063 1.3323 0.9672, -0.4921 1.3323 0.0, -0.6063 1.3323 0.0, 0.4921 1.7654 3.8583, 0.4921 1.7654 0.9672, -0.4921 1.7654 0.9672, -1.0 1.7654 0.0, -0.4921 1.7654 3.8583, -1.0 1.7654 3.8583, -0.6941 1.3323 3.8583, -1.0 1.3323 3.8583, -0.6063 0.9942 0.0, -0.4921 0.9942 0.0, -0.4921 0.7459 0.0, 1.2362 1.3323 0.0, 1.2362 0.9386 0.0, -0.4921 -1.6863 0.0, -0.7638 -1.8961 0.0, -0.4921 -1.3097 0.0, -0.7638 -1.5024 0.0, -0.8031 -1.3097 0.0, -1.0 -1.5657 0.0, -0.8031 0.7459 0.0, -1.0 1.0019 0.0, -0.7638 0.9386 0.0, -0.4921 1.5248 0.0, 1.2362 -1.5024 0.0, 1.2362 -1.8961 0.0, 0.6063 0.9942 0.0, 0.4921 -1.6863 0.0, 0.4921 -1.3097 0.0, 0.8031 -1.3097 0.0, 0.4921 1.5248 0.0, -0.7638 1.3323 0.0, -1.0 1.269 0.0, 0.4921 0.9942 0.0, 0.4921 0.7459 0.0, 0.8031 0.7459 0.0, -1.0 -2.1717 0.0, -1.0 -1.8328 0.0, 0.6063 0.7459 2.0274, 0.4921 0.7459 2.0274, -0.4921 0.7459 2.0274, -0.6063 0.7459 2.0274, -0.8031 0.7459 4.134, -0.6063 0.7459 2.3933, 0.8031 0.7459 4.134, 0.6063 0.7459 2.3933, -0.7747 -2.1717 2.6134, -1.0 -2.1717 2.6134, -0.7747 -2.1717 0.6634, 0.7747 -2.1717 0.6634, 0.7747 -2.1717 2.6134, 0.4921 -1.3097 2.3933, -0.4921 -1.3097 2.3933, -0.8031 -1.3097 4.134, 0.8031 -1.3097 4.134, -0.6063 0.9942 2.0274, -0.4921 0.9942 2.0274, -1.0 -1.8328 2.5591, -1.0 1.269 2.5591, -1.0 1.0019 2.5591, -1.0 0.8992 5.5118, -1.0 -1.5657 2.5591, -1.0 -1.463 5.5118, -1.0 -1.9254 2.821, -1.0 -1.9776 2.8234, -1.0 -2.0287 2.8129, -1.0 -2.1652 2.6653, -1.0 -2.1461 2.7139, -1.0 -2.1157 2.7564, -1.0 -2.0757 2.7901, -0.2447 -1.0351 5.5118, -0.396 -0.9678 5.5118, 0.7235 -0.604 5.5118, 0.6407 -0.7474 5.5118, 0.53 -0.8705 5.5118, 0.396 -0.9678 5.5118, 0.7235 0.0402 5.5118, 0.7747 -0.1172 5.5118, 0.792 -0.2819 5.5118, 0.7747 -0.4466 5.5118, -0.7235 0.0402 5.5118, -0.6407 0.1836 5.5118, -0.53 0.3067 5.5118, -0.396 0.404 5.5118, 0.2447 -1.0351 5.5118, 0.0828 -1.0696 5.5118, -0.0828 -1.0696 5.5118, -0.53 -0.8705 5.5118, -0.6407 -0.7474 5.5118, -0.7235 -0.604 5.5118, 0.2447 0.4714 5.5118, 0.396 0.404 5.5118, -0.7747 -0.4466 5.5118, -0.792 -0.2819 5.5118, -0.7747 -0.1172 5.5118, -0.2447 0.4714 5.5118, -0.0828 0.5058 5.5118, 0.0828 0.5058 5.5118, 0.53 0.3067 5.5118, 0.6407 0.1836 5.5118, 0.6941 1.3323 3.8583, 0.0 0.2295 4.134, -0.1324 0.2121 4.134, -0.2557 0.161 4.134, -0.3616 0.0797 4.134, -0.4429 -0.0262 4.134, -0.4429 -0.5376 4.134, -0.3616 -0.6435 4.134, -0.2557 -0.7248 4.134, -0.494 -0.1495 4.134, -0.5114 -0.2819 4.134, -0.494 -0.4142 4.134, 0.1324 -0.7759 4.134, 0.0 -0.7933 4.134, -0.1324 -0.7759 4.134, 0.2557 -0.7248 4.134, 0.3616 -0.6435 4.134, 0.4429 -0.5376 4.134, 0.4429 -0.0262 4.134, 0.3616 0.0797 4.134, 0.494 -0.4142 4.134, 0.5114 -0.2819 4.134, 0.494 -0.1495 4.134, 0.2557 0.161 4.134, 0.1324 0.2121 4.134, -0.6063 0.9942 2.3933, -0.6063 0.9942 2.9106, 0.6063 0.9942 2.3933, 0.6063 0.9942 2.9106, -0.6063 1.3323 2.9106, 0.6063 1.3323 2.9106, 0.4921 0.9942 2.0274, 0.6063 0.9942 2.0274, -0.4921 1.5248 0.3248, 0.4921 1.5248 0.3248, -0.4921 -1.5389 0.6634, 0.4921 -1.5389 0.6634, -0.4921 -1.5389 0.8686, 0.4921 -1.5389 0.8686, -0.4921 -1.7681 0.8686, 0.4921 -1.7681 0.8686, 0.4921 -1.7681 2.0885, -0.4921 -1.7681 2.0885, -0.4921 -1.5339 2.0885, 0.4921 -1.5339 2.0885, -0.4921 -1.5339 2.3933, 0.4921 -1.5339 2.3933, 0.6941 1.3323 0.9672, -0.6941 1.3323 0.9672, 0.792 -0.2819 5.4372, 0.7747 -0.1172 5.4372, 0.7235 0.0402 5.4372, 0.6407 0.1836 5.4372, 0.53 0.3067 5.4372, 0.396 0.404 5.4372, 0.2447 0.4714 5.4372, 0.0828 0.5058 5.4372, -0.0828 0.5058 5.4372, -0.2447 0.4714 5.4372, -0.396 0.404 5.4372, -0.53 0.3067 5.4372, -0.6407 0.1836 5.4372, -0.7235 0.0402 5.4372, -0.7747 -0.1172 5.4372, -0.792 -0.2819 5.4372, -0.7747 -0.4466 5.4372, -0.7235 -0.604 5.4372, -0.6407 -0.7474 5.4372, -0.53 -0.8705 5.4372, -0.396 -0.9678 5.4372, -0.2447 -1.0351 5.4372, -0.0828 -1.0696 5.4372, 0.0828 -1.0696 5.4372, 0.2447 -1.0351 5.4372, 0.396 -0.9678 5.4372, 0.53 -0.8705 5.4372, 0.6407 -0.7474 5.4372, 0.7235 -0.604 5.4372, 0.7747 -0.4466 5.4372, 0.5002 -0.1756 4.2577, 0.492 -0.1502 4.2577, 0.4672 -0.0739 4.2577, 0.4404 -0.0276 4.2577, 0.4137 0.0187 4.2577, 0.36 0.0783 4.2577, 0.3422 0.0981 4.2577, 0.2557 0.161 4.2577, 0.158 0.2045 4.2577, 0.1319 0.21 4.2577, 0.0535 0.2267 4.2577, 0.0 0.2267 4.2577, -0.0535 0.2267 4.2577, -0.1319 0.21 4.2577, -0.158 0.2045 4.2577, -0.2557 0.161 4.2577, -0.3422 0.0981 4.2577, -0.36 0.0783 4.2577, -0.4137 0.0187 4.2577, -0.4404 -0.0276 4.2577, -0.4672 -0.0739 4.2577, -0.492 -0.1502 4.2577, -0.5002 -0.1756 4.2577, -0.5114 -0.2819 4.2577, -0.5002 -0.3882 4.2577, -0.492 -0.4136 4.2577, -0.4672 -0.4899 4.2577, -0.4404 -0.5362 4.2577, -0.4137 -0.5825 4.2577, -0.36 -0.6421 4.2577, -0.3422 -0.6619 4.2577, -0.2557 -0.7248 4.2577, -0.158 -0.7682 4.2577, -0.1319 -0.7738 4.2577, -0.0535 -0.7905 4.2577, 0.0 -0.7905 4.2577, 0.0535 -0.7905 4.2577, 0.1319 -0.7738 4.2577, 0.158 -0.7682 4.2577, 0.2557 -0.7248 4.2577, 0.3422 -0.6619 4.2577, 0.36 -0.6421 4.2577, 0.4137 -0.5825 4.2577, 0.4404 -0.5362 4.2577, 0.4672 -0.4899 4.2577, 0.492 -0.4136 4.2577, 0.5002 -0.3882 4.2577, 0.5114 -0.2819 4.2577, 0.7235 -0.604 4.3268, 0.7747 -0.4466 4.3268, 0.6407 -0.7474 4.3268, 0.53 -0.8705 4.3268, 0.396 -0.9678 4.3268, 0.2447 -1.0351 4.3268, 0.0828 -1.0696 4.3268, -0.0828 -1.0696 4.3268, -0.2447 -1.0351 4.3268, -0.396 -0.9678 4.3268, -0.53 -0.8705 4.3268, -0.6407 -0.7474 4.3268, -0.7235 -0.604 4.3268, -0.7747 -0.4466 4.3268, -0.792 -0.2819 4.3268, -0.7747 -0.1172 4.3268, -0.7235 0.0402 4.3268, -0.6407 0.1836 4.3268, -0.53 0.3067 4.3268, -0.396 0.404 4.3268, -0.2447 0.4714 4.3268, -0.0828 0.5058 4.3268, 0.0828 0.5058 4.3268, 0.2447 0.4714 4.3268, 0.396 0.404 4.3268, 0.53 0.3067 4.3268, 0.6407 0.1836 4.3268, 0.7235 0.0402 4.3268, 0.7747 -0.1172 4.3268, 0.792 -0.2819 4.3268, 0.792 -0.2819 5.2441, 0.7747 -0.1172 5.2441, 0.7235 0.0402 5.2441, 0.6407 0.1836 5.2441, 0.53 0.3067 5.2441, 0.396 0.404 5.2441, 0.2447 0.4714 5.2441, 0.0828 0.5058 5.2441, -0.0828 0.5058 5.2441, -0.2447 0.4714 5.2441, -0.396 0.404 5.2441, -0.53 0.3067 5.2441, -0.6407 0.1836 5.2441, -0.7235 0.0402 5.2441, -0.7747 -0.1172 5.2441, -0.792 -0.2819 5.2441, -0.7747 -0.4466 5.2441, -0.7235 -0.604 5.2441, -0.6407 -0.7474 5.2441, -0.53 -0.8705 5.2441, -0.396 -0.9678 5.2441, -0.2447 -1.0351 5.2441, -0.0828 -1.0696 5.2441, 0.0828 -1.0696 5.2441, 0.2447 -1.0351 5.2441, 0.396 -0.9678 5.2441, 0.53 -0.8705 5.2441, 0.6407 -0.7474 5.2441, 0.7235 -0.604 5.2441, 0.7747 -0.4466 5.2441, -0.714 -0.1301 5.4372, -0.6668 0.015 5.4372, -0.5905 0.1472 5.4372, -0.4884 0.2606 5.4372, -0.365 0.3503 5.4372, -0.2256 0.4123 5.4372, -0.0763 0.444 5.4372, 0.0763 0.444 5.4372, 0.2256 0.4123 5.4372, 0.365 0.3503 5.4372, 0.4884 0.2606 5.4372, 0.5905 0.1472 5.4372, 0.6668 0.015 5.4372, 0.714 -0.1301 5.4372, 0.7299 -0.2819 5.4372, 0.714 -0.4337 5.4372, 0.6668 -0.5788 5.4372, 0.5905 -0.7109 5.4372, 0.4884 -0.8243 5.4372, 0.365 -0.914 5.4372, 0.2256 -0.9761 5.4372, 0.0763 -1.0078 5.4372, -0.0763 -1.0078 5.4372, -0.2256 -0.9761 5.4372, -0.365 -0.914 5.4372, -0.4884 -0.8243 5.4372, -0.5905 -0.7109 5.4372, -0.6668 -0.5788 5.4372, -0.714 -0.4337 5.4372, -0.7299 -0.2819 5.4372, 1.2362 0.9386 2.5591, 1.2362 1.3323 2.5591, 1.2362 -1.5024 2.5591, 1.2362 -1.8961 2.5591, -0.7638 -1.8961 2.5591, -0.7638 -1.5024 2.5591, -0.7638 0.9386 2.5591, -0.7638 1.3323 2.5591, -1.5079 1.3323 0.0, -1.3937 1.3323 0.0, -1.5079 1.3323 0.8471, -1.3937 1.3323 0.9672, -2.4921 1.3323 0.8471, -2.6063 1.3323 0.9672, -2.4921 1.3323 0.0, -2.6063 1.3323 0.0, -1.5079 1.7654 3.8583, -1.5079 1.7654 0.9672, -2.4921 1.7654 0.9672, -3.0 1.7654 0.0, -2.4921 1.7654 3.8583, -3.0 1.7654 3.8583, -2.6941 1.3323 3.8583, -3.0 1.3323 3.8583, -2.6063 0.9942 0.0, -2.4921 0.9942 0.0, -2.4921 0.7459 0.0, -2.4921 -1.6863 0.0, -2.7638 -1.8961 0.0, -2.4921 -1.3097 0.0, -2.7638 -1.5024 0.0, -2.8031 -1.3097 0.0, -3.0 -1.5657 0.0, -2.8031 0.7459 0.0, -3.0 1.0019 0.0, -2.7638 0.9386 0.0, -2.4921 1.5248 0.0, -1.3937 0.9942 0.0, -1.5079 -1.6863 0.0, -1.5079 -1.3097 0.0, -1.1969 -1.3097 0.0, -1.5079 1.5248 0.0, -2.7638 1.3323 0.0, -3.0 1.269 0.0, -1.5079 0.9942 0.0, -1.5079 0.7459 0.0, -1.1969 0.7459 0.0, -3.0 -2.1717 0.0, -3.0 -1.8328 0.0, -1.3937 0.7459 2.0274, -1.5079 0.7459 2.0274, -2.4921 0.7459 2.0274, -2.6063 0.7459 2.0274, -2.8031 0.7459 4.134, -2.6063 0.7459 2.3933, -1.1969 0.7459 4.134, -1.3937 0.7459 2.3933, -2.7747 -2.1717 2.6134, -3.0 -2.1717 2.6134, -2.7747 -2.1717 0.6634, -1.2253 -2.1717 0.6634, -1.2253 -2.1717 2.6134, -1.5079 -1.3097 2.3933, -2.4921 -1.3097 2.3933, -2.8031 -1.3097 4.134, -1.1969 -1.3097 4.134, -2.6063 0.9942 2.0274, -2.4921 0.9942 2.0274, -3.0 -1.8328 2.5591, -3.0 1.269 2.5591, -3.0 1.0019 2.5591, -3.0 0.8992 5.5118, -3.0 -1.5657 2.5591, -3.0 -1.463 5.5118, -3.0 -1.9254 2.821, -3.0 -1.9776 2.8234, -3.0 -2.0287 2.8129, -3.0 -2.1652 2.6653, -3.0 -2.1461 2.7139, -3.0 -2.1157 2.7564, -3.0 -2.0757 2.7901, -1.3593 0.1836 5.5118, -1.2765 0.0402 5.5118, -1.2253 -0.1172 5.5118, -1.208 -0.2819 5.5118, -1.2253 -0.4466 5.5118, -1.2765 -0.604 5.5118, -2.2447 -1.0351 5.5118, -2.396 -0.9678 5.5118, -1.3593 -0.7474 5.5118, -1.47 -0.8705 5.5118, -1.604 -0.9678 5.5118, -2.53 -0.8705 5.5118, -2.6407 -0.7474 5.5118, -2.7235 -0.604 5.5118, -1.7553 -1.0351 5.5118, -1.9172 -1.0696 5.5118, -2.0828 -1.0696 5.5118, -1.7553 0.4714 5.5118, -1.604 0.404 5.5118, -1.47 0.3067 5.5118, -2.7747 -0.4466 5.5118, -2.792 -0.2819 5.5118, -2.7747 -0.1172 5.5118, -2.7235 0.0402 5.5118, -2.6407 0.1836 5.5118, -2.53 0.3067 5.5118, -2.396 0.404 5.5118, -2.2447 0.4714 5.5118, -2.0828 0.5058 5.5118, -1.9172 0.5058 5.5118, -1.3059 1.3323 3.8583, -2.0 0.2295 4.134, -2.1324 0.2121 4.134, -2.2557 0.161 4.134, -2.3616 0.0797 4.134, -2.4429 -0.0262 4.134, -1.5571 -0.0262 4.134, -1.6384 0.0797 4.134, -2.4429 -0.5376 4.134, -2.3616 -0.6435 4.134, -2.2557 -0.7248 4.134, -2.494 -0.1495 4.134, -2.5114 -0.2819 4.134, -2.494 -0.4142 4.134, -1.7443 0.161 4.134, -1.8676 0.2121 4.134, -1.8676 -0.7759 4.134, -2.0 -0.7933 4.134, -2.1324 -0.7759 4.134, -1.7443 -0.7248 4.134, -1.6384 -0.6435 4.134, -1.5571 -0.5376 4.134, -1.506 -0.4142 4.134, -1.4886 -0.2819 4.134, -1.506 -0.1495 4.134, -2.6063 0.9942 2.3933, -2.6063 0.9942 2.9106, -1.3937 0.9942 2.3933, -1.3937 0.9942 2.9106, -2.6063 1.3323 2.9106, -1.3937 1.3323 2.9106, -1.5079 0.9942 2.0274, -1.3937 0.9942 2.0274, -2.4921 1.5248 0.3248, -1.5079 1.5248 0.3248, -2.4921 -1.5389 0.6634, -1.5079 -1.5389 0.6634, -2.4921 -1.5389 0.8686, -1.5079 -1.5389 0.8686, -2.4921 -1.7681 0.8686, -1.5079 -1.7681 0.8686, -1.5079 -1.7681 2.0885, -2.4921 -1.7681 2.0885, -2.4921 -1.5339 2.0885, -1.5079 -1.5339 2.0885, -2.4921 -1.5339 2.3933, -1.5079 -1.5339 2.3933, -1.3059 1.3323 0.9672, -2.6941 1.3323 0.9672, -1.208 -0.2819 5.4372, -1.2253 -0.1172 5.4372, -1.2765 0.0402 5.4372, -1.3593 0.1836 5.4372, -1.47 0.3067 5.4372, -1.604 0.404 5.4372, -1.7553 0.4714 5.4372, -1.9172 0.5058 5.4372, -2.0828 0.5058 5.4372, -2.2447 0.4714 5.4372, -2.396 0.404 5.4372, -2.53 0.3067 5.4372, -2.6407 0.1836 5.4372, -2.7235 0.0402 5.4372, -2.7747 -0.1172 5.4372, -2.792 -0.2819 5.4372, -2.7747 -0.4466 5.4372, -2.7235 -0.604 5.4372, -2.6407 -0.7474 5.4372, -2.53 -0.8705 5.4372, -2.396 -0.9678 5.4372, -2.2447 -1.0351 5.4372, -2.0828 -1.0696 5.4372, -1.9172 -1.0696 5.4372, -1.7553 -1.0351 5.4372, -1.604 -0.9678 5.4372, -1.47 -0.8705 5.4372, -1.3593 -0.7474 5.4372, -1.2765 -0.604 5.4372, -1.2253 -0.4466 5.4372, -1.4998 -0.1756 4.2577, -1.508 -0.1502 4.2577, -1.5328 -0.0739 4.2577, -1.5596 -0.0276 4.2577, -1.5863 0.0187 4.2577, -1.64 0.0783 4.2577, -1.6578 0.0981 4.2577, -1.7443 0.161 4.2577, -1.842 0.2045 4.2577, -1.8681 0.21 4.2577, -1.9465 0.2267 4.2577, -2.0 0.2267 4.2577, -2.0535 0.2267 4.2577, -2.1319 0.21 4.2577, -2.158 0.2045 4.2577, -2.2557 0.161 4.2577, -2.3422 0.0981 4.2577, -2.36 0.0783 4.2577, -2.4137 0.0187 4.2577, -2.4404 -0.0276 4.2577, -2.4672 -0.0739 4.2577, -2.492 -0.1502 4.2577, -2.5002 -0.1756 4.2577, -2.5114 -0.2819 4.2577, -2.5002 -0.3882 4.2577, -2.492 -0.4136 4.2577, -2.4672 -0.4899 4.2577, -2.4404 -0.5362 4.2577, -2.4137 -0.5825 4.2577, -2.36 -0.6421 4.2577, -2.3422 -0.6619 4.2577, -2.2557 -0.7248 4.2577, -2.158 -0.7682 4.2577, -2.1319 -0.7738 4.2577, -2.0535 -0.7905 4.2577, -2.0 -0.7905 4.2577, -1.9465 -0.7905 4.2577, -1.8681 -0.7738 4.2577, -1.842 -0.7682 4.2577, -1.7443 -0.7248 4.2577, -1.6578 -0.6619 4.2577, -1.64 -0.6421 4.2577, -1.5863 -0.5825 4.2577, -1.5596 -0.5362 4.2577, -1.5328 -0.4899 4.2577, -1.508 -0.4136 4.2577, -1.4998 -0.3882 4.2577, -1.4886 -0.2819 4.2577, -1.2765 -0.604 4.3268, -1.2253 -0.4466 4.3268, -1.3593 -0.7474 4.3268, -1.47 -0.8705 4.3268, -1.604 -0.9678 4.3268, -1.7553 -1.0351 4.3268, -1.9172 -1.0696 4.3268, -2.0828 -1.0696 4.3268, -2.2447 -1.0351 4.3268, -2.396 -0.9678 4.3268, -2.53 -0.8705 4.3268, -2.6407 -0.7474 4.3268, -2.7235 -0.604 4.3268, -2.7747 -0.4466 4.3268, -2.792 -0.2819 4.3268, -2.7747 -0.1172 4.3268, -2.7235 0.0402 4.3268, -2.6407 0.1836 4.3268, -2.53 0.3067 4.3268, -2.396 0.404 4.3268, -2.2447 0.4714 4.3268, -2.0828 0.5058 4.3268, -1.9172 0.5058 4.3268, -1.7553 0.4714 4.3268, -1.604 0.404 4.3268, -1.47 0.3067 4.3268, -1.3593 0.1836 4.3268, -1.2765 0.0402 4.3268, -1.2253 -0.1172 4.3268, -1.208 -0.2819 4.3268, -1.208 -0.2819 5.2441, -1.2253 -0.1172 5.2441, -1.2765 0.0402 5.2441, -1.3593 0.1836 5.2441, -1.47 0.3067 5.2441, -1.604 0.404 5.2441, -1.7553 0.4714 5.2441, -1.9172 0.5058 5.2441, -2.0828 0.5058 5.2441, -2.2447 0.4714 5.2441, -2.396 0.404 5.2441, -2.53 0.3067 5.2441, -2.6407 0.1836 5.2441, -2.7235 0.0402 5.2441, -2.7747 -0.1172 5.2441, -2.792 -0.2819 5.2441, -2.7747 -0.4466 5.2441, -2.7235 -0.604 5.2441, -2.6407 -0.7474 5.2441, -2.53 -0.8705 5.2441, -2.396 -0.9678 5.2441, -2.2447 -1.0351 5.2441, -2.0828 -1.0696 5.2441, -1.9172 -1.0696 5.2441, -1.7553 -1.0351 5.2441, -1.604 -0.9678 5.2441, -1.47 -0.8705 5.2441, -1.3593 -0.7474 5.2441, -1.2765 -0.604 5.2441, -1.2253 -0.4466 5.2441, -2.714 -0.1301 5.4372, -2.6668 0.015 5.4372, -2.5905 0.1472 5.4372, -2.4884 0.2606 5.4372, -2.365 0.3503 5.4372, -2.2256 0.4123 5.4372, -2.0763 0.444 5.4372, -1.9237 0.444 5.4372, -1.7744 0.4123 5.4372, -1.635 0.3503 5.4372, -1.5116 0.2606 5.4372, -1.4095 0.1472 5.4372, -1.3332 0.015 5.4372, -1.286 -0.1301 5.4372, -1.2701 -0.2819 5.4372, -1.286 -0.4337 5.4372, -1.3332 -0.5788 5.4372, -1.4095 -0.7109 5.4372, -1.5116 -0.8243 5.4372, -1.635 -0.914 5.4372, -1.7744 -0.9761 5.4372, -1.9237 -1.0078 5.4372, -2.0763 -1.0078 5.4372, -2.2256 -0.9761 5.4372, -2.365 -0.914 5.4372, -2.4884 -0.8243 5.4372, -2.5905 -0.7109 5.4372, -2.6668 -0.5788 5.4372, -2.714 -0.4337 5.4372, -2.7299 -0.2819 5.4372, -2.7638 -1.8961 2.5591, -2.7638 -1.5024 2.5591, -2.7638 0.9386 2.5591, -2.7638 1.3323 2.5591
            ]
        }
        coordIndex [
            0,1,2,-1,3,0,4,-1,4,0,5,-1,3,6,0,-1,0,6,7,-1,0,7,1,-1,8,9,10,-1,11,12,2,-1,2,12,13,-1,5,14,4,-1,4,14,8,-1,4,8,15,-1,15,8,10,-1,13,16,2,-1,2,16,17,-1,2,17,0,-1,18,19,2,-1,2,19,20,-1,2,20,11,-1,21,22,23,-1,23,22,24,-1,23,24,8,-1,8,24,25,-1,8,25,9,-1,26,27,28,-1,28,27,29,-1,28,29,30,-1,31,32,33,-1,33,32,34,-1,33,34,35,-1,36,37,38,-1,38,37,33,-1,38,33,39,-1,39,33,35,-1,26,40,27,-1,27,40,41,-1,27,41,33,-1,33,41,42,-1,33,42,31,-1,43,44,45,-1,45,44,46,-1,45,46,28,-1,28,46,47,-1,28,47,26,-1,48,49,50,-1,50,49,51,-1,50,51,52,-1,52,51,53,-1,52,53,54,-1,54,53,55,-1,56,46,57,-1,57,46,44,-1,57,44,58,-1,58,44,59,-1,58,59,60,-1,60,59,61,-1,60,61,62,-1,62,61,63,-1,64,65,66,-1,67,68,43,-1,43,68,30,-1,69,70,71,-1,71,70,72,-1,71,72,73,-1,73,72,74,-1,73,74,75,-1,75,74,76,-1,75,76,77,-1,78,54,55,-1,79,80,29,-1,29,80,37,-1,49,44,81,-1,81,44,43,-1,82,83,84,-1,49,48,44,-1,44,48,85,-1,44,85,59,-1,59,85,78,-1,66,75,64,-1,64,75,77,-1,64,77,55,-1,55,77,86,-1,55,86,78,-1,78,86,87,-1,78,87,59,-1,88,81,89,-1,89,81,43,-1,89,43,90,-1,90,43,30,-1,90,30,84,-1,84,30,29,-1,84,29,82,-1,82,29,37,-1,82,37,69,-1,69,37,36,-1,69,36,70,-1,70,36,91,-1,70,91,92,-1,93,94,89,-1,66,95,75,-1,75,95,96,-1,75,96,97,-1,97,96,98,-1,97,98,99,-1,98,100,99,-1,99,100,93,-1,99,93,90,-1,90,93,89,-1,101,102,103,-1,103,102,91,-1,103,91,104,-1,104,91,36,-1,104,36,105,-1,105,36,38,-1,84,83,106,-1,71,73,107,-1,107,73,108,-1,107,108,106,-1,106,108,109,-1,106,109,84,-1,64,110,65,-1,65,110,111,-1,110,96,111,-1,111,96,95,-1,112,92,91,-1,59,87,61,-1,61,87,113,-1,61,113,63,-1,63,113,114,-1,63,114,115,-1,76,74,114,-1,114,74,116,-1,114,116,115,-1,117,115,118,-1,118,115,116,-1,118,116,119,-1,119,116,112,-1,119,112,120,-1,91,102,112,-1,112,102,121,-1,112,121,122,-1,122,123,112,-1,112,123,124,-1,112,124,120,-1,125,126,117,-1,127,128,40,-1,40,128,129,-1,40,129,130,-1,131,132,26,-1,26,132,133,-1,26,133,40,-1,40,133,134,-1,40,134,127,-1,135,136,115,-1,115,136,137,-1,115,137,138,-1,130,139,40,-1,40,139,140,-1,40,140,117,-1,117,140,141,-1,117,141,125,-1,126,142,117,-1,117,142,143,-1,117,143,144,-1,26,145,146,-1,144,147,117,-1,117,147,148,-1,117,148,115,-1,115,148,149,-1,115,149,135,-1,138,150,115,-1,115,150,151,-1,115,151,26,-1,26,151,152,-1,26,152,145,-1,146,153,26,-1,26,153,154,-1,26,154,131,-1,62,63,115,-1,62,115,155,-1,155,115,26,-1,155,26,47,-1,47,46,155,-1,155,46,56,-1,105,38,39,-1,121,102,101,-1,105,39,101,-1,101,39,121,-1,121,39,35,-1,121,35,122,-1,122,35,34,-1,122,34,123,-1,123,34,32,-1,123,32,124,-1,124,32,31,-1,124,31,120,-1,120,31,42,-1,120,42,119,-1,119,42,41,-1,119,41,118,-1,117,118,40,-1,40,118,41,-1,99,156,97,-1,97,156,157,-1,157,158,97,-1,97,158,159,-1,97,159,160,-1,161,162,108,-1,108,162,163,-1,160,164,97,-1,97,164,165,-1,97,165,108,-1,108,165,166,-1,108,166,161,-1,167,109,168,-1,168,109,108,-1,168,108,169,-1,169,108,163,-1,167,170,109,-1,109,170,171,-1,109,171,172,-1,173,174,99,-1,172,175,109,-1,109,175,176,-1,109,176,99,-1,99,176,177,-1,99,177,173,-1,174,178,99,-1,99,178,179,-1,99,179,156,-1,75,97,73,-1,73,97,108,-1,99,90,109,-1,109,90,84,-1,180,181,182,-1,182,181,183,-1,181,184,183,-1,183,184,185,-1,186,187,88,-1,88,187,81,-1,94,93,186,-1,186,93,187,-1,98,180,100,-1,100,180,182,-1,98,96,180,-1,180,96,110,-1,181,180,184,-1,184,180,110,-1,184,110,53,-1,53,110,64,-1,53,64,55,-1,182,183,185,-1,187,93,100,-1,100,182,187,-1,187,182,185,-1,187,185,81,-1,81,185,51,-1,81,51,49,-1,186,88,94,-1,94,88,89,-1,65,111,66,-1,66,111,95,-1,52,188,50,-1,50,188,189,-1,188,78,189,-1,189,78,85,-1,78,188,54,-1,54,188,52,-1,189,85,50,-1,50,85,48,-1,69,190,82,-1,82,190,191,-1,190,192,191,-1,191,192,193,-1,192,194,193,-1,193,194,195,-1,195,194,104,-1,104,194,103,-1,105,101,196,-1,196,101,197,-1,197,198,196,-1,196,198,199,-1,198,200,199,-1,199,200,201,-1,200,107,201,-1,201,107,106,-1,71,107,198,-1,198,107,200,-1,197,194,198,-1,198,194,192,-1,198,192,71,-1,71,192,190,-1,71,190,69,-1,83,82,191,-1,195,196,193,-1,193,196,199,-1,201,106,199,-1,199,106,83,-1,199,83,193,-1,193,83,191,-1,202,57,51,-1,51,57,58,-1,51,58,53,-1,53,58,203,-1,202,51,185,-1,53,203,184,-1,184,203,62,-1,184,62,185,-1,185,62,155,-1,185,155,202,-1,60,62,58,-1,58,62,203,-1,155,56,202,-1,202,56,57,-1,204,133,205,-1,205,133,132,-1,205,132,206,-1,206,132,131,-1,206,131,207,-1,207,131,154,-1,207,154,208,-1,208,154,153,-1,208,153,209,-1,209,153,146,-1,209,146,210,-1,210,146,145,-1,210,145,211,-1,211,145,152,-1,211,152,212,-1,212,152,151,-1,212,151,213,-1,213,151,150,-1,213,150,214,-1,214,150,138,-1,214,138,215,-1,215,138,137,-1,215,137,216,-1,216,137,136,-1,216,136,217,-1,217,136,135,-1,217,135,218,-1,218,135,149,-1,218,149,219,-1,219,149,148,-1,219,148,220,-1,220,148,147,-1,220,147,221,-1,221,147,144,-1,221,144,222,-1,222,144,143,-1,222,143,223,-1,223,143,142,-1,223,142,224,-1,224,142,126,-1,224,126,225,-1,225,126,125,-1,225,125,226,-1,226,125,141,-1,226,141,227,-1,227,141,140,-1,227,140,228,-1,228,140,139,-1,228,139,229,-1,229,139,130,-1,229,130,230,-1,230,130,129,-1,230,129,231,-1,231,129,128,-1,231,128,232,-1,232,128,127,-1,232,127,233,-1,233,127,134,-1,233,134,204,-1,204,134,133,-1,234,177,176,-1,234,235,177,-1,177,235,236,-1,177,236,173,-1,236,237,173,-1,173,237,238,-1,173,238,174,-1,238,239,174,-1,174,239,240,-1,174,240,178,-1,240,241,178,-1,178,241,242,-1,178,242,179,-1,242,243,179,-1,179,243,244,-1,179,244,156,-1,244,245,156,-1,156,245,246,-1,156,246,157,-1,246,247,157,-1,157,247,248,-1,157,248,158,-1,248,249,158,-1,158,249,250,-1,158,250,159,-1,250,251,159,-1,159,251,252,-1,159,252,160,-1,252,253,160,-1,160,253,254,-1,160,254,164,-1,254,255,164,-1,164,255,256,-1,164,256,165,-1,256,257,165,-1,165,257,258,-1,165,258,166,-1,258,259,166,-1,166,259,260,-1,166,260,161,-1,260,261,161,-1,161,261,262,-1,161,262,162,-1,262,263,162,-1,162,263,264,-1,162,264,163,-1,264,265,163,-1,163,265,266,-1,163,266,169,-1,266,267,169,-1,169,267,268,-1,169,268,168,-1,268,269,168,-1,168,269,270,-1,168,270,167,-1,270,271,167,-1,167,271,272,-1,167,272,170,-1,272,273,170,-1,170,273,274,-1,170,274,171,-1,274,275,171,-1,171,275,276,-1,171,276,172,-1,276,277,172,-1,172,277,278,-1,172,278,175,-1,278,279,175,-1,175,279,280,-1,175,280,176,-1,176,280,281,-1,176,281,234,-1,282,283,279,-1,279,278,282,-1,282,278,277,-1,282,277,284,-1,277,276,284,-1,284,276,275,-1,284,275,285,-1,285,275,274,-1,285,274,286,-1,286,274,273,-1,286,273,287,-1,273,272,287,-1,287,272,271,-1,287,271,288,-1,271,270,288,-1,288,270,269,-1,288,269,289,-1,269,268,289,-1,289,268,267,-1,289,267,290,-1,290,267,266,-1,290,266,291,-1,291,266,265,-1,291,265,292,-1,265,264,292,-1,292,264,263,-1,292,263,293,-1,263,262,293,-1,293,262,261,-1,293,261,294,-1,261,260,294,-1,294,260,259,-1,294,259,295,-1,295,259,258,-1,295,258,296,-1,296,258,257,-1,296,257,297,-1,257,256,297,-1,297,256,255,-1,297,255,298,-1,255,254,298,-1,298,254,253,-1,298,253,299,-1,253,252,299,-1,299,252,251,-1,299,251,300,-1,300,251,250,-1,300,250,301,-1,301,250,249,-1,301,249,302,-1,249,248,302,-1,302,248,247,-1,302,247,303,-1,247,246,303,-1,303,246,245,-1,303,245,304,-1,245,244,304,-1,304,244,243,-1,304,243,305,-1,305,243,242,-1,305,242,306,-1,306,242,241,-1,306,241,307,-1,241,240,307,-1,307,240,239,-1,307,239,308,-1,239,238,308,-1,308,238,237,-1,308,237,309,-1,237,236,309,-1,309,236,235,-1,309,235,310,-1,310,235,234,-1,310,234,311,-1,311,234,281,-1,311,281,283,-1,283,281,280,-1,283,280,279,-1,311,312,310,-1,310,312,313,-1,310,313,309,-1,309,313,314,-1,309,314,308,-1,308,314,315,-1,308,315,307,-1,307,315,316,-1,307,316,306,-1,306,316,317,-1,306,317,305,-1,305,317,318,-1,305,318,304,-1,304,318,319,-1,304,319,303,-1,303,319,320,-1,303,320,302,-1,302,320,321,-1,302,321,301,-1,301,321,322,-1,301,322,300,-1,300,322,323,-1,300,323,299,-1,299,323,324,-1,299,324,298,-1,298,324,325,-1,298,325,297,-1,297,325,326,-1,297,326,296,-1,296,326,327,-1,296,327,295,-1,295,327,328,-1,295,328,294,-1,294,328,329,-1,294,329,293,-1,293,329,330,-1,293,330,292,-1,292,330,331,-1,292,331,291,-1,291,331,332,-1,291,332,290,-1,290,332,333,-1,290,333,289,-1,289,333,334,-1,289,334,288,-1,288,334,335,-1,288,335,287,-1,287,335,336,-1,287,336,286,-1,286,336,337,-1,286,337,285,-1,285,337,338,-1,285,338,284,-1,284,338,339,-1,284,339,282,-1,282,339,340,-1,282,340,283,-1,283,340,341,-1,283,341,311,-1,311,341,312,-1,342,326,343,-1,343,326,325,-1,343,325,344,-1,344,325,324,-1,344,324,345,-1,345,324,323,-1,345,323,346,-1,346,323,322,-1,346,322,347,-1,347,322,321,-1,347,321,348,-1,348,321,320,-1,348,320,349,-1,349,320,319,-1,349,319,350,-1,350,319,318,-1,350,318,351,-1,351,318,317,-1,351,317,352,-1,352,317,316,-1,352,316,353,-1,353,316,315,-1,353,315,354,-1,354,315,314,-1,354,314,355,-1,355,314,313,-1,355,313,356,-1,356,313,312,-1,356,312,357,-1,357,312,341,-1,357,341,358,-1,358,341,340,-1,358,340,359,-1,359,340,339,-1,359,339,360,-1,360,339,338,-1,360,338,361,-1,361,338,337,-1,361,337,362,-1,362,337,336,-1,362,336,363,-1,363,336,335,-1,363,335,364,-1,364,335,334,-1,364,334,365,-1,365,334,333,-1,365,333,366,-1,366,333,332,-1,366,332,367,-1,367,332,331,-1,367,331,368,-1,368,331,330,-1,368,330,369,-1,369,330,329,-1,369,329,370,-1,370,329,328,-1,370,328,371,-1,371,328,327,-1,371,327,342,-1,342,327,326,-1,345,215,344,-1,344,215,216,-1,344,216,343,-1,343,216,217,-1,343,217,342,-1,342,217,218,-1,342,218,371,-1,371,218,219,-1,371,219,370,-1,370,219,220,-1,370,220,369,-1,369,220,221,-1,369,221,368,-1,368,221,222,-1,368,222,367,-1,367,222,223,-1,367,223,366,-1,366,223,224,-1,366,224,365,-1,365,224,225,-1,365,225,364,-1,364,225,226,-1,364,226,363,-1,363,226,227,-1,363,227,362,-1,362,227,228,-1,362,228,361,-1,361,228,229,-1,361,229,360,-1,360,229,230,-1,360,230,359,-1,359,230,231,-1,359,231,358,-1,358,231,232,-1,358,232,357,-1,357,232,233,-1,357,233,356,-1,356,233,204,-1,356,204,355,-1,355,204,205,-1,355,205,354,-1,354,205,206,-1,354,206,353,-1,353,206,207,-1,353,207,352,-1,352,207,208,-1,352,208,351,-1,351,208,209,-1,351,209,350,-1,350,209,210,-1,350,210,349,-1,349,210,211,-1,349,211,348,-1,348,211,212,-1,348,212,347,-1,347,212,213,-1,347,213,346,-1,346,213,214,-1,346,214,345,-1,345,214,215,-1,103,194,101,-1,101,194,197,-1,195,104,196,-1,196,104,105,-1,372,28,68,-1,68,28,30,-1,373,372,67,-1,67,372,68,-1,45,373,43,-1,43,373,67,-1,372,373,28,-1,28,373,45,-1,27,374,29,-1,29,374,79,-1,375,33,80,-1,80,33,37,-1,374,375,79,-1,79,375,80,-1,33,375,27,-1,27,375,374,-1,70,92,376,-1,376,92,112,-1,72,70,377,-1,377,70,376,-1,74,72,116,-1,116,72,377,-1,116,377,112,-1,112,377,376,-1,77,76,378,-1,378,76,114,-1,86,77,379,-1,379,77,378,-1,87,86,113,-1,113,86,379,-1,379,378,113,-1,113,378,114,-1,115,116,114,-1,114,116,74,-1,114,74,76,-1,120,124,112,-1,112,124,123,-1,112,123,122,-1,91,92,102,-1,102,92,112,-1,102,112,121,-1,121,112,122,-1,115,117,116,-1,116,117,118,-1,116,118,112,-1,112,118,119,-1,112,119,120,-1,87,59,113,-1,113,59,61,-1,113,61,114,-1,114,61,63,-1,114,63,115,-1,380,381,382,-1,382,381,383,-1,382,383,384,-1,384,383,385,-1,384,385,386,-1,386,385,387,-1,388,61,389,-1,389,61,59,-1,389,59,390,-1,390,59,391,-1,390,391,392,-1,392,391,393,-1,392,393,394,-1,394,393,395,-1,396,397,398,-1,86,77,87,-1,87,77,76,-1,399,400,401,-1,401,400,402,-1,401,402,403,-1,403,402,404,-1,403,404,405,-1,405,404,406,-1,405,406,407,-1,408,386,387,-1,72,70,74,-1,74,70,92,-1,381,59,409,-1,409,59,87,-1,410,411,412,-1,381,380,59,-1,59,380,413,-1,59,413,391,-1,391,413,408,-1,398,405,396,-1,396,405,407,-1,396,407,387,-1,387,407,414,-1,387,414,408,-1,408,414,415,-1,408,415,391,-1,416,409,417,-1,417,409,87,-1,417,87,418,-1,418,87,76,-1,418,76,412,-1,412,76,74,-1,412,74,410,-1,410,74,92,-1,410,92,399,-1,399,92,91,-1,399,91,400,-1,400,91,419,-1,400,419,420,-1,421,422,417,-1,398,423,405,-1,405,423,424,-1,405,424,425,-1,425,424,426,-1,425,426,427,-1,426,428,427,-1,427,428,421,-1,427,421,418,-1,418,421,417,-1,429,430,431,-1,431,430,419,-1,431,419,432,-1,432,419,91,-1,432,91,433,-1,433,91,102,-1,412,411,434,-1,401,403,435,-1,435,403,436,-1,435,436,434,-1,434,436,437,-1,434,437,412,-1,396,438,397,-1,397,438,439,-1,438,424,439,-1,439,424,423,-1,440,420,419,-1,391,415,393,-1,393,415,441,-1,393,441,395,-1,395,441,442,-1,395,442,443,-1,406,404,442,-1,442,404,444,-1,442,444,443,-1,445,443,446,-1,446,443,444,-1,446,444,447,-1,447,444,440,-1,447,440,448,-1,419,430,440,-1,440,430,449,-1,440,449,450,-1,450,451,440,-1,440,451,452,-1,440,452,448,-1,115,453,454,-1,454,455,115,-1,115,455,456,-1,115,456,117,-1,117,456,457,-1,117,457,458,-1,459,460,445,-1,458,461,117,-1,117,461,462,-1,117,462,463,-1,460,464,445,-1,445,464,465,-1,445,465,466,-1,463,467,117,-1,117,467,468,-1,117,468,445,-1,445,468,469,-1,445,469,459,-1,470,471,115,-1,115,471,472,-1,115,472,453,-1,466,473,445,-1,445,473,474,-1,445,474,443,-1,443,474,475,-1,443,475,476,-1,476,477,443,-1,443,477,478,-1,443,478,479,-1,479,480,443,-1,443,480,481,-1,443,481,115,-1,115,481,482,-1,115,482,470,-1,394,395,443,-1,394,443,483,-1,483,443,115,-1,483,115,63,-1,63,61,483,-1,483,61,388,-1,433,102,121,-1,449,430,429,-1,433,121,429,-1,429,121,449,-1,449,121,122,-1,449,122,450,-1,450,122,123,-1,450,123,451,-1,451,123,124,-1,451,124,452,-1,452,124,120,-1,452,120,448,-1,448,120,119,-1,448,119,447,-1,447,119,118,-1,447,118,446,-1,445,446,117,-1,117,446,118,-1,427,484,425,-1,425,484,485,-1,485,486,425,-1,425,486,487,-1,425,487,488,-1,489,490,427,-1,491,492,436,-1,436,492,493,-1,488,494,425,-1,425,494,495,-1,425,495,436,-1,436,495,496,-1,436,496,491,-1,490,497,427,-1,427,497,498,-1,427,498,484,-1,499,437,500,-1,500,437,436,-1,500,436,501,-1,501,436,493,-1,499,502,437,-1,437,502,503,-1,437,503,504,-1,504,505,437,-1,437,505,506,-1,437,506,427,-1,427,506,507,-1,427,507,489,-1,405,425,403,-1,403,425,436,-1,427,418,437,-1,437,418,412,-1,508,509,510,-1,510,509,511,-1,509,512,511,-1,511,512,513,-1,514,515,416,-1,416,515,409,-1,422,421,514,-1,514,421,515,-1,426,508,428,-1,428,508,510,-1,426,424,508,-1,508,424,438,-1,509,508,512,-1,512,508,438,-1,512,438,385,-1,385,438,396,-1,385,396,387,-1,510,511,513,-1,515,421,428,-1,428,510,515,-1,515,510,513,-1,515,513,409,-1,409,513,383,-1,409,383,381,-1,514,416,422,-1,422,416,417,-1,397,439,398,-1,398,439,423,-1,384,516,382,-1,382,516,517,-1,516,408,517,-1,517,408,413,-1,408,516,386,-1,386,516,384,-1,517,413,382,-1,382,413,380,-1,399,518,410,-1,410,518,519,-1,518,520,519,-1,519,520,521,-1,520,522,521,-1,521,522,523,-1,523,522,432,-1,432,522,431,-1,433,429,524,-1,524,429,525,-1,525,526,524,-1,524,526,527,-1,526,528,527,-1,527,528,529,-1,528,435,529,-1,529,435,434,-1,401,435,526,-1,526,435,528,-1,525,522,526,-1,526,522,520,-1,526,520,401,-1,401,520,518,-1,401,518,399,-1,411,410,519,-1,523,524,521,-1,521,524,527,-1,529,434,527,-1,527,434,411,-1,527,411,521,-1,521,411,519,-1,530,389,383,-1,383,389,390,-1,383,390,385,-1,385,390,531,-1,530,383,513,-1,385,531,512,-1,512,531,394,-1,512,394,513,-1,513,394,483,-1,513,483,530,-1,392,394,390,-1,390,394,531,-1,483,388,530,-1,530,388,389,-1,532,456,533,-1,533,456,455,-1,533,455,534,-1,534,455,454,-1,534,454,535,-1,535,454,453,-1,535,453,536,-1,536,453,472,-1,536,472,537,-1,537,472,471,-1,537,471,538,-1,538,471,470,-1,538,470,539,-1,539,470,482,-1,539,482,540,-1,540,482,481,-1,540,481,541,-1,541,481,480,-1,541,480,542,-1,542,480,479,-1,542,479,543,-1,543,479,478,-1,543,478,544,-1,544,478,477,-1,544,477,545,-1,545,477,476,-1,545,476,546,-1,546,476,475,-1,546,475,547,-1,547,475,474,-1,547,474,548,-1,548,474,473,-1,548,473,549,-1,549,473,466,-1,549,466,550,-1,550,466,465,-1,550,465,551,-1,551,465,464,-1,551,464,552,-1,552,464,460,-1,552,460,553,-1,553,460,459,-1,553,459,554,-1,554,459,469,-1,554,469,555,-1,555,469,468,-1,555,468,556,-1,556,468,467,-1,556,467,557,-1,557,467,463,-1,557,463,558,-1,558,463,462,-1,558,462,559,-1,559,462,461,-1,559,461,560,-1,560,461,458,-1,560,458,561,-1,561,458,457,-1,561,457,532,-1,532,457,456,-1,562,507,506,-1,562,563,507,-1,507,563,564,-1,507,564,489,-1,564,565,489,-1,489,565,566,-1,489,566,490,-1,566,567,490,-1,490,567,568,-1,490,568,497,-1,568,569,497,-1,497,569,570,-1,497,570,498,-1,570,571,498,-1,498,571,572,-1,498,572,484,-1,572,573,484,-1,484,573,574,-1,484,574,485,-1,574,575,485,-1,485,575,576,-1,485,576,486,-1,576,577,486,-1,486,577,578,-1,486,578,487,-1,578,579,487,-1,487,579,580,-1,487,580,488,-1,580,581,488,-1,488,581,582,-1,488,582,494,-1,582,583,494,-1,494,583,584,-1,494,584,495,-1,584,585,495,-1,495,585,586,-1,495,586,496,-1,586,587,496,-1,496,587,588,-1,496,588,491,-1,588,589,491,-1,491,589,590,-1,491,590,492,-1,590,591,492,-1,492,591,592,-1,492,592,493,-1,592,593,493,-1,493,593,594,-1,493,594,501,-1,594,595,501,-1,501,595,596,-1,501,596,500,-1,596,597,500,-1,500,597,598,-1,500,598,499,-1,598,599,499,-1,499,599,600,-1,499,600,502,-1,600,601,502,-1,502,601,602,-1,502,602,503,-1,602,603,503,-1,503,603,604,-1,503,604,504,-1,604,605,504,-1,504,605,606,-1,504,606,505,-1,606,607,505,-1,505,607,608,-1,505,608,506,-1,506,608,609,-1,506,609,562,-1,610,611,607,-1,607,606,610,-1,610,606,605,-1,610,605,612,-1,605,604,612,-1,612,604,603,-1,612,603,613,-1,613,603,602,-1,613,602,614,-1,614,602,601,-1,614,601,615,-1,601,600,615,-1,615,600,599,-1,615,599,616,-1,599,598,616,-1,616,598,597,-1,616,597,617,-1,597,596,617,-1,617,596,595,-1,617,595,618,-1,618,595,594,-1,618,594,619,-1,619,594,593,-1,619,593,620,-1,593,592,620,-1,620,592,591,-1,620,591,621,-1,591,590,621,-1,621,590,589,-1,621,589,622,-1,589,588,622,-1,622,588,587,-1,622,587,623,-1,623,587,586,-1,623,586,624,-1,624,586,585,-1,624,585,625,-1,585,584,625,-1,625,584,583,-1,625,583,626,-1,583,582,626,-1,626,582,581,-1,626,581,627,-1,581,580,627,-1,627,580,579,-1,627,579,628,-1,628,579,578,-1,628,578,629,-1,629,578,577,-1,629,577,630,-1,577,576,630,-1,630,576,575,-1,630,575,631,-1,575,574,631,-1,631,574,573,-1,631,573,632,-1,573,572,632,-1,632,572,571,-1,632,571,633,-1,633,571,570,-1,633,570,634,-1,634,570,569,-1,634,569,635,-1,569,568,635,-1,635,568,567,-1,635,567,636,-1,567,566,636,-1,636,566,565,-1,636,565,637,-1,565,564,637,-1,637,564,563,-1,637,563,638,-1,638,563,562,-1,638,562,639,-1,639,562,609,-1,639,609,611,-1,611,609,608,-1,611,608,607,-1,639,640,638,-1,638,640,641,-1,638,641,637,-1,637,641,642,-1,637,642,636,-1,636,642,643,-1,636,643,635,-1,635,643,644,-1,635,644,634,-1,634,644,645,-1,634,645,633,-1,633,645,646,-1,633,646,632,-1,632,646,647,-1,632,647,631,-1,631,647,648,-1,631,648,630,-1,630,648,649,-1,630,649,629,-1,629,649,650,-1,629,650,628,-1,628,650,651,-1,628,651,627,-1,627,651,652,-1,627,652,626,-1,626,652,653,-1,626,653,625,-1,625,653,654,-1,625,654,624,-1,624,654,655,-1,624,655,623,-1,623,655,656,-1,623,656,622,-1,622,656,657,-1,622,657,621,-1,621,657,658,-1,621,658,620,-1,620,658,659,-1,620,659,619,-1,619,659,660,-1,619,660,618,-1,618,660,661,-1,618,661,617,-1,617,661,662,-1,617,662,616,-1,616,662,663,-1,616,663,615,-1,615,663,664,-1,615,664,614,-1,614,664,665,-1,614,665,613,-1,613,665,666,-1,613,666,612,-1,612,666,667,-1,612,667,610,-1,610,667,668,-1,610,668,611,-1,611,668,669,-1,611,669,639,-1,639,669,640,-1,670,654,671,-1,671,654,653,-1,671,653,672,-1,672,653,652,-1,672,652,673,-1,673,652,651,-1,673,651,674,-1,674,651,650,-1,674,650,675,-1,675,650,649,-1,675,649,676,-1,676,649,648,-1,676,648,677,-1,677,648,647,-1,677,647,678,-1,678,647,646,-1,678,646,679,-1,679,646,645,-1,679,645,680,-1,680,645,644,-1,680,644,681,-1,681,644,643,-1,681,643,682,-1,682,643,642,-1,682,642,683,-1,683,642,641,-1,683,641,684,-1,684,641,640,-1,684,640,685,-1,685,640,669,-1,685,669,686,-1,686,669,668,-1,686,668,687,-1,687,668,667,-1,687,667,688,-1,688,667,666,-1,688,666,689,-1,689,666,665,-1,689,665,690,-1,690,665,664,-1,690,664,691,-1,691,664,663,-1,691,663,692,-1,692,663,662,-1,692,662,693,-1,693,662,661,-1,693,661,694,-1,694,661,660,-1,694,660,695,-1,695,660,659,-1,695,659,696,-1,696,659,658,-1,696,658,697,-1,697,658,657,-1,697,657,698,-1,698,657,656,-1,698,656,699,-1,699,656,655,-1,699,655,670,-1,670,655,654,-1,682,534,681,-1,681,534,535,-1,681,535,680,-1,680,535,536,-1,680,536,679,-1,679,536,537,-1,679,537,678,-1,678,537,538,-1,678,538,677,-1,677,538,539,-1,677,539,676,-1,676,539,540,-1,676,540,675,-1,675,540,541,-1,675,541,674,-1,674,541,542,-1,674,542,673,-1,673,542,543,-1,673,543,672,-1,672,543,544,-1,672,544,671,-1,671,544,545,-1,671,545,670,-1,670,545,546,-1,670,546,699,-1,699,546,547,-1,699,547,698,-1,698,547,548,-1,698,548,697,-1,697,548,549,-1,697,549,696,-1,696,549,550,-1,696,550,695,-1,695,550,551,-1,695,551,694,-1,694,551,552,-1,694,552,693,-1,693,552,553,-1,693,553,692,-1,692,553,554,-1,692,554,691,-1,691,554,555,-1,691,555,690,-1,690,555,556,-1,690,556,689,-1,689,556,557,-1,689,557,688,-1,688,557,558,-1,688,558,687,-1,687,558,559,-1,687,559,686,-1,686,559,560,-1,686,560,685,-1,685,560,561,-1,685,561,684,-1,684,561,532,-1,684,532,683,-1,683,532,533,-1,683,533,682,-1,682,533,534,-1,431,522,429,-1,429,522,525,-1,523,432,524,-1,524,432,433,-1,378,114,77,-1,77,114,76,-1,379,378,86,-1,86,378,77,-1,113,379,87,-1,87,379,86,-1,378,379,114,-1,114,379,113,-1,116,377,74,-1,74,377,72,-1,376,112,70,-1,70,112,92,-1,377,376,72,-1,72,376,70,-1,112,376,116,-1,116,376,377,-1,400,420,700,-1,700,420,440,-1,402,400,701,-1,701,400,700,-1,404,402,444,-1,444,402,701,-1,444,701,440,-1,440,701,700,-1,407,406,702,-1,702,406,442,-1,414,407,703,-1,703,407,702,-1,415,414,441,-1,441,414,703,-1,703,702,441,-1,441,702,442,-1,
        ]
    }
}
Shape{
    appearance Appearance {
        material  Material {
            diffuseColor 0.8509803921568627 0.8509803921568627 0.8509803921568627
            specularColor 0.4235294117647059 0.4235294117647059 0.4235294117647059
            ambientIntensity 0.851
            transparency 0.0
            shininess 0.5
        }
    }
    geometry IndexedFaceSet {
        ccw TRUE
        solid FALSE
        coord DEF co Coordinate {
            point [
                0.4528 -1.2871 2.0532, 0.4528 -1.4601 2.0532, -0.4528 -1.2871 2.0532, -0.4528 -1.4601 2.0532, -0.4528 -1.0679 2.0532, -0.4528 -0.8934 2.0532, 0.4528 -1.0679 2.0532, 0.4528 -0.8934 2.0532, -0.4528 -0.6742 2.0532, -0.4528 -0.4997 2.0532, 0.4528 -0.6742 2.0532, 0.4528 -0.4997 2.0532, -0.4528 -0.2805 2.0532, -0.4528 -0.106 2.0532, 0.4528 -0.2805 2.0532, 0.4528 -0.106 2.0532, -0.4528 0.1132 2.0532, -0.4528 0.2877 2.0532, 0.4528 0.1132 2.0532, 0.4528 0.2877 2.0532, 0.2289 1.3232 1.4468, 0.4528 1.3232 1.7951, 0.2289 1.3232 0.9672, 0.4528 1.3232 0.6684, -0.2308 1.3232 0.9672, -0.4528 1.3232 0.6684, -0.2308 1.3232 1.4468, -0.4528 1.3232 1.7951, -0.0591 -0.1638 -1.7717, 0.0591 -0.1638 -1.7717, -0.1772 -0.1638 -1.3309, 0.1772 -0.1638 -1.3309, -0.1772 -0.1638 0.0, 0.1772 -0.1638 0.0, -0.0591 0.1512 -1.7717, 0.0591 0.1512 -1.7717, -0.1772 0.1512 0.0, 0.1772 0.1512 0.0, -0.1772 0.1512 -1.3309, 0.1772 0.1512 -1.3309, 0.1772 0.1529 0.0129, -0.1772 0.1529 0.0129, 0.1772 0.1579 0.0249, -0.1772 0.1579 0.0249, 0.1772 0.1658 0.0352, -0.1772 0.1658 0.0352, 0.1772 0.1761 0.0431, -0.1772 0.1761 0.0431, 0.1772 0.1881 0.0481, -0.1772 0.1881 0.0481, 0.1772 0.201 0.0498, -0.1772 0.201 0.0498, -0.4528 0.7046 0.0498, 0.4528 0.7046 0.0498, 0.1772 0.429 0.0498, -0.1772 0.429 0.0498, -0.4528 0.8253 0.0617, 0.4528 0.8253 0.0617, -0.4528 0.9414 0.0969, 0.4528 0.9414 0.0969, -0.4528 1.0483 0.1541, 0.4528 1.0483 0.1541, -0.4528 1.1421 0.231, 0.4528 1.1421 0.231, -0.4528 1.219 0.3247, 0.4528 1.219 0.3247, -0.4528 1.2762 0.4317, 0.4528 1.2762 0.4317, -0.4528 1.3114 0.5477, 0.4528 1.3114 0.5477, -0.4528 1.3122 1.9069, 0.4528 1.3122 1.9069, -0.4528 1.2796 2.0144, 0.4528 1.2796 2.0144, -0.4528 1.2267 2.1135, 0.4528 1.2267 2.1135, -0.4528 1.1554 2.2003, 0.4528 1.1554 2.2003, -0.4528 1.0685 2.2716, 0.4528 1.0685 2.2716, -0.4528 0.9695 2.3245, 0.4528 0.9695 2.3245, -0.4528 0.8619 2.3571, 0.4528 0.8619 2.3571, -0.4528 0.7501 2.3682, 0.4528 0.7501 2.3682, 0.4528 -1.4601 2.3682, -0.4528 -1.4601 2.3682, -0.4528 0.5069 2.0532, -0.4528 0.7501 2.0532, 0.4528 0.5069 2.0532, 0.4528 0.7501 2.0532, 0.4528 0.817 2.0444, -0.4528 0.817 2.0444, 0.4528 0.8792 2.0186, -0.4528 0.8792 2.0186, 0.4528 0.9327 1.9776, -0.4528 0.9327 1.9776, 0.4528 0.9737 1.9241, -0.4528 0.9737 1.9241, 0.4528 0.9995 1.8619, -0.4528 0.9995 1.8619, 0.4528 1.0083 1.7951, -0.4528 1.0083 1.7951, 0.4528 1.0083 0.6684, -0.4528 1.0083 0.6684, 0.4528 0.9979 0.5898, -0.4528 0.9979 0.5898, 0.4528 0.9676 0.5166, -0.4528 0.9676 0.5166, 0.4528 0.9193 0.4537, -0.4528 0.9193 0.4537, 0.4528 0.8565 0.4054, -0.4528 0.8565 0.4054, 0.4528 0.7832 0.3751, -0.4528 0.7832 0.3751, 0.4528 0.7046 0.3648, -0.4528 0.7046 0.3648, -0.1772 0.201 0.3648, 0.1772 0.201 0.3648, -0.1772 0.429 0.3648, 0.1772 0.429 0.3648, -0.1772 0.1066 0.3523, 0.1772 0.1066 0.3523, -0.1772 0.0186 0.3159, 0.1772 0.0186 0.3159, -0.1772 -0.0569 0.2579, 0.1772 -0.0569 0.2579, -0.1772 -0.1149 0.1824, 0.1772 -0.1149 0.1824, -0.1772 -0.1514 0.0944, 0.1772 -0.1514 0.0944, 0.4528 -1.1775 2.1628, 0.4528 -0.7838 2.1628, 0.4528 -0.3901 2.1628, 0.4528 0.0036 2.1628, 0.4528 0.3973 2.1628, -0.4528 0.0036 2.1628, -0.4528 -0.3901 2.1628, -0.4528 -0.7838 2.1628, -0.4528 -1.1775 2.1628, -0.4528 0.3973 2.1628, -0.2308 1.5201 1.0246, -0.2308 1.5201 0.9672, 0.2289 1.5201 1.0246, 0.2289 1.5201 0.9672, -1.5472 -1.2871 2.0532, -1.5472 -1.4601 2.0532, -2.4528 -1.2871 2.0532, -2.4528 -1.4601 2.0532, -2.4528 -1.0679 2.0532, -2.4528 -0.8934 2.0532, -1.5472 -1.0679 2.0532, -1.5472 -0.8934 2.0532, -2.4528 -0.6742 2.0532, -2.4528 -0.4997 2.0532, -1.5472 -0.6742 2.0532, -1.5472 -0.4997 2.0532, -2.4528 -0.2805 2.0532, -2.4528 -0.106 2.0532, -1.5472 -0.2805 2.0532, -1.5472 -0.106 2.0532, -2.4528 0.1132 2.0532, -2.4528 0.2877 2.0532, -1.5472 0.1132 2.0532, -1.5472 0.2877 2.0532, -1.7711 1.3232 1.4468, -1.5472 1.3232 1.7951, -1.7711 1.3232 0.9672, -1.5472 1.3232 0.6684, -2.2308 1.3232 0.9672, -2.4528 1.3232 0.6684, -2.2308 1.3232 1.4468, -2.4528 1.3232 1.7951, -2.0591 -0.1638 -1.7717, -1.9409 -0.1638 -1.7717, -2.1772 -0.1638 -1.3309, -1.8228 -0.1638 -1.3309, -2.1772 -0.1638 0.0, -1.8228 -0.1638 0.0, -2.0591 0.1512 -1.7717, -1.9409 0.1512 -1.7717, -2.1772 0.1512 0.0, -1.8228 0.1512 0.0, -2.1772 0.1512 -1.3309, -1.8228 0.1512 -1.3309, -1.8228 0.1529 0.0129, -2.1772 0.1529 0.0129, -1.8228 0.1579 0.0249, -2.1772 0.1579 0.0249, -1.8228 0.1658 0.0352, -2.1772 0.1658 0.0352, -1.8228 0.1761 0.0431, -2.1772 0.1761 0.0431, -1.8228 0.1881 0.0481, -2.1772 0.1881 0.0481, -1.8228 0.201 0.0498, -2.1772 0.201 0.0498, -2.4528 0.7046 0.0498, -1.5472 0.7046 0.0498, -1.8228 0.429 0.0498, -2.1772 0.429 0.0498, -2.4528 0.8253 0.0617, -1.5472 0.8253 0.0617, -2.4528 0.9414 0.0969, -1.5472 0.9414 0.0969, -2.4528 1.0483 0.1541, -1.5472 1.0483 0.1541, -2.4528 1.1421 0.231, -1.5472 1.1421 0.231, -2.4528 1.219 0.3247, -1.5472 1.219 0.3247, -2.4528 1.2762 0.4317, -1.5472 1.2762 0.4317, -2.4528 1.3114 0.5477, -1.5472 1.3114 0.5477, -2.4528 1.3122 1.9069, -1.5472 1.3122 1.9069, -2.4528 1.2796 2.0144, -1.5472 1.2796 2.0144, -2.4528 1.2267 2.1135, -1.5472 1.2267 2.1135, -2.4528 1.1554 2.2003, -1.5472 1.1554 2.2003, -2.4528 1.0685 2.2716, -1.5472 1.0685 2.2716, -2.4528 0.9695 2.3245, -1.5472 0.9695 2.3245, -2.4528 0.8619 2.3571, -1.5472 0.8619 2.3571, -2.4528 0.7501 2.3682, -1.5472 0.7501 2.3682, -1.5472 -1.4601 2.3682, -2.4528 -1.4601 2.3682, -2.4528 0.5069 2.0532, -2.4528 0.7501 2.0532, -1.5472 0.5069 2.0532, -1.5472 0.7501 2.0532, -1.5472 0.817 2.0444, -2.4528 0.817 2.0444, -1.5472 0.8792 2.0186, -2.4528 0.8792 2.0186, -1.5472 0.9327 1.9776, -2.4528 0.9327 1.9776, -1.5472 0.9737 1.9241, -2.4528 0.9737 1.9241, -1.5472 0.9995 1.8619, -2.4528 0.9995 1.8619, -1.5472 1.0083 1.7951, -2.4528 1.0083 1.7951, -1.5472 1.0083 0.6684, -2.4528 1.0083 0.6684, -1.5472 0.9979 0.5898, -2.4528 0.9979 0.5898, -1.5472 0.9676 0.5166, -2.4528 0.9676 0.5166, -1.5472 0.9193 0.4537, -2.4528 0.9193 0.4537, -1.5472 0.8565 0.4054, -2.4528 0.8565 0.4054, -1.5472 0.7832 0.3751, -2.4528 0.7832 0.3751, -1.5472 0.7046 0.3648, -2.4528 0.7046 0.3648, -2.1772 0.201 0.3648, -1.8228 0.201 0.3648, -2.1772 0.429 0.3648, -1.8228 0.429 0.3648, -2.1772 0.1066 0.3523, -1.8228 0.1066 0.3523, -2.1772 0.0186 0.3159, -1.8228 0.0186 0.3159, -2.1772 -0.0569 0.2579, -1.8228 -0.0569 0.2579, -2.1772 -0.1149 0.1824, -1.8228 -0.1149 0.1824, -2.1772 -0.1514 0.0944, -1.8228 -0.1514 0.0944, -1.5472 -1.1775 2.1628, -1.5472 -0.7838 2.1628, -1.5472 -0.3901 2.1628, -1.5472 0.0036 2.1628, -1.5472 0.3973 2.1628, -2.4528 0.0036 2.1628, -2.4528 -0.3901 2.1628, -2.4528 -0.7838 2.1628, -2.4528 -1.1775 2.1628, -2.4528 0.3973 2.1628, -2.2308 1.5201 1.0246, -2.2308 1.5201 0.9672, -1.7711 1.5201 1.0246, -1.7711 1.5201 0.9672, 0.4921 -1.2337 2.4027, 0.7874 -1.2337 3.0376, -0.4921 -1.2337 2.4027, -0.7874 -1.2337 3.0376, -0.4921 -1.2337 1.0235, -0.7874 -1.2337 0.5812, 0.4921 -1.2337 1.0235, 0.7874 -1.2337 0.5812, 0.4921 0.671 2.4027, 0.7874 0.671 3.0376, 0.4921 0.671 1.0235, 0.7874 0.671 0.5812, -0.4921 0.671 1.0235, -0.7874 0.671 0.5812, -0.4921 0.671 2.4027, -0.7874 0.671 3.0376, -1.5079 -1.2337 2.4027, -1.2126 -1.2337 3.0376, -2.4921 -1.2337 2.4027, -2.7874 -1.2337 3.0376, -2.4921 -1.2337 1.0235, -2.7874 -1.2337 0.5812, -1.5079 -1.2337 1.0235, -1.2126 -1.2337 0.5812, -1.5079 0.671 2.4027, -1.2126 0.671 3.0376, -1.5079 0.671 1.0235, -1.2126 0.671 0.5812, -2.4921 0.671 1.0235, -2.7874 0.671 0.5812, -2.4921 0.671 2.4027, -2.7874 0.671 3.0376, 0.2943 0.4107 5.2562, 0.2843 0.4154 5.2562, 0.2829 0.4119 5.295, 0.1903 0.4459 5.2562, 0.1372 0.4586 5.2562, 0.1365 0.4548 5.295, 0.0823 0.4659 5.2562, 0.0611 0.4687 5.2562, 0.0608 0.4649 5.295, -0.0275 0.4701 5.2562, -0.0921 0.4655 5.2562, -0.0917 0.4617 5.295, -0.2431 0.4308 5.2562, -0.3129 0.4031 5.2562, -0.3113 0.3996 5.295, -0.3439 0.387 5.2562, -0.381 0.3677 5.2562, -0.3791 0.3644 5.295, -0.438 0.3302 5.2562, -0.4452 0.3255 5.2562, -0.4429 0.3224 5.295, -0.5221 0.2596 5.2562, -0.5589 0.2228 5.2562, -0.5561 0.2202 5.295, -0.5955 0.1779 5.2562, -0.6074 0.1633 5.2562, -0.6043 0.161 5.295, -0.6562 0.0864 5.2562, -0.685 0.031 5.2562, -0.6815 0.0295 5.295, -0.7348 -0.1182 5.2562, -0.7474 -0.1897 5.2562, -0.7436 -0.1902 5.295, -0.7501 -0.227 5.2562, -0.7529 -0.2663 5.2562, -0.7491 -0.2664 5.295, -0.7508 -0.3369 5.2562, -0.7506 -0.343 5.2562, -0.7468 -0.3427 5.295, -0.7342 -0.4454 5.2562, -0.7226 -0.4937 5.2562, -0.719 -0.4927 5.295, -0.7027 -0.5507 5.2562, -0.6973 -0.5662 5.2562, -0.6938 -0.5647 5.295, -0.5481 -0.6073 5.4367, -0.5429 -0.6021 5.4395, -0.5565 -0.5781 5.4397, -0.4872 -0.5464 5.4549, -0.4894 -0.5424 5.4549, -0.4979 -0.557 5.4543, -0.5236 -0.5606 5.451, -0.5348 -0.594 5.444, -0.5167 -0.5758 5.4508, -0.5157 -0.5749 5.451, -0.5646 -0.6238 5.4244, -0.5868 -0.5942 5.4214, -0.5679 -0.6271 5.4212, -0.5797 -0.6389 5.4094, -0.6134 -0.6084 5.3967, -0.5896 -0.6488 5.3971, -0.602 -0.6612 5.3778, -0.6352 -0.62 5.3666, -0.6076 -0.6668 5.3664, -0.6124 -0.6716 5.3566, -0.6514 -0.6286 5.3322, -0.618 -0.6772 5.3418, -0.6614 -0.6339 5.295, -0.625 -0.6842 5.3179, -0.6209 -0.68 5.3321, -0.6648 -0.6357 5.2562, -0.6562 -0.6502 5.2562, -0.6321 -0.6913 5.2562, -0.6312 -0.6904 5.2779, -0.6296 -0.6888 5.2931, -0.6292 -0.6884 5.2949, 0.4081 0.349 5.282, 0.4094 0.3502 5.2562, 0.392 0.3604 5.2562, 0.3538 0.3829 5.2562, 0.352 0.3795 5.295, 0.4063 0.3471 5.2949, 0.3467 0.3695 5.3322, 0.4016 0.3424 5.3207, 0.4046 0.3454 5.3072, 0.3381 0.3533 5.3666, 0.3944 0.3352 5.3446, 0.3981 0.339 5.3321, 0.3265 0.3315 5.3967, 0.3791 0.32 5.378, 0.385 0.3259 5.3668, 0.3123 0.3049 5.4214, 0.3453 0.2861 5.4213, 0.3526 0.2934 5.4143, 0.3667 0.3075 5.3974, 0.3672 0.308 5.3966, 0.3105 0.2513 5.4447, 0.3202 0.261 5.4394, 0.2962 0.2746 5.4397, 0.328 0.2688 5.435, 0.3444 0.2853 5.4222, 0.2787 0.2417 5.451, 0.2605 0.2075 5.4549, 0.2645 0.2054 5.4549, 0.2818 0.2227 5.4535, 0.293 0.2338 5.4506, 0.3006 0.2414 5.4487, -0.5251 -0.104 5.4549, -0.5043 -0.0515 5.4549, -0.5618 -0.0916 5.451, -0.5395 -0.0354 5.451, -0.5971 -0.0796 5.4397, -0.5734 -0.0199 5.4397, -0.6296 -0.0686 5.4214, -0.6047 -0.0056 5.4214, -0.6581 -0.059 5.3967, -0.632 0.0069 5.3967, -0.6815 -0.051 5.3666, -0.6545 0.0171 5.3666, -0.6989 -0.0452 5.3322, -0.6712 0.0248 5.3322, -0.7096 -0.0415 5.295, -0.1235 0.2586 5.4549, -0.0678 0.2684 5.4549, -0.1321 0.2964 5.451, -0.0726 0.3068 5.451, -0.1404 0.3327 5.4397, -0.0771 0.3438 5.4397, -0.1481 0.3662 5.4214, -0.0813 0.3779 5.4214, -0.1548 0.3955 5.3967, -0.085 0.4078 5.3967, -0.1603 0.4196 5.3666, -0.088 0.4323 5.3666, -0.1644 0.4375 5.3322, -0.0903 0.4505 5.3322, -0.1669 0.4485 5.295, -0.5134 -0.4912 5.4549, -0.5493 -0.5058 5.451, -0.5838 -0.5199 5.4397, -0.6156 -0.5329 5.4214, -0.6435 -0.5442 5.3967, -0.6663 -0.5536 5.3666, -0.6833 -0.5605 5.3322, -0.7081 -0.4895 5.3322, -0.6905 -0.4843 5.3666, -0.6668 -0.4774 5.3967, -0.6379 -0.4689 5.4214, -0.605 -0.4592 5.4397, -0.5692 -0.4488 5.451, -0.532 -0.4379 5.4549, -0.7405 -0.4191 5.2562, -0.7367 -0.4184 5.295, -0.7256 -0.4163 5.3322, -0.7075 -0.413 5.3666, -0.6832 -0.4085 5.3967, -0.6536 -0.403 5.4214, -0.6199 -0.3967 5.4397, -0.5832 -0.39 5.451, -0.5451 -0.3829 5.4549, -0.5526 -0.3269 5.4549, -0.5912 -0.33 5.451, -0.6284 -0.3331 5.4397, -0.6626 -0.3358 5.4214, -0.6926 -0.3383 5.3967, -0.7172 -0.3403 5.3666, -0.7355 -0.3418 5.3322, -0.7378 -0.2666 5.3322, -0.7194 -0.267 5.3666, -0.6947 -0.2675 5.3967, -0.6646 -0.2681 5.4214, -0.6303 -0.2688 5.4397, -0.593 -0.2696 5.451, -0.5543 -0.2704 5.4549, -0.7324 -0.1916 5.3322, -0.7142 -0.1938 5.3666, -0.6897 -0.1969 5.3967, -0.6598 -0.2005 5.4214, -0.6257 -0.2048 5.4397, -0.5887 -0.2093 5.451, -0.5503 -0.2141 5.4549, -0.7341 -0.1142 5.2562, -0.7304 -0.115 5.295, -0.7194 -0.1175 5.3322, -0.7015 -0.1216 5.3666, -0.6774 -0.1271 5.3967, -0.6481 -0.1338 5.4214, -0.6146 -0.1415 5.4397, -0.5783 -0.1498 5.451, -0.5405 -0.1584 5.4549, -0.7132 -0.0403 5.2562, -0.7025 -0.0132 5.2562, -0.6495 0.0991 5.2562, -0.6463 0.0972 5.295, -0.6365 0.0915 5.3322, -0.6207 0.0822 5.3666, -0.5994 0.0697 5.3967, -0.5734 0.0545 5.4214, -0.5438 0.0371 5.4397, -0.5116 0.0182 5.451, -0.4782 -0.0014 5.4549, -0.4472 0.0458 5.4549, -0.4784 0.0688 5.451, -0.5085 0.0908 5.4397, -0.5362 0.1111 5.4214, -0.5605 0.1289 5.3967, -0.5804 0.1435 5.3666, -0.5952 0.1543 5.3322, -0.5477 0.2126 5.3322, -0.5341 0.2003 5.3666, -0.5157 0.1838 5.3967, -0.4934 0.1636 5.4214, -0.4679 0.1406 5.4397, -0.4403 0.1156 5.451, -0.4115 0.0897 5.4549, -0.5047 0.277 5.2562, -0.5021 0.2742 5.295, -0.4945 0.2658 5.3322, -0.4822 0.2522 5.3666, -0.4657 0.2339 5.3967, -0.4455 0.2115 5.4214, -0.4225 0.186 5.4397, -0.3975 0.1584 5.451, -0.3715 0.1296 5.4549, -0.3277 0.1653 5.4549, -0.3506 0.1965 5.451, -0.3727 0.2266 5.4397, -0.393 0.2543 5.4214, -0.4108 0.2786 5.3967, -0.4254 0.2985 5.3666, -0.4362 0.3133 5.3322, -0.3734 0.3546 5.3322, -0.3641 0.3388 5.3666, -0.3516 0.3175 5.3967, -0.3364 0.2915 5.4214, -0.319 0.2619 5.4397, -0.3001 0.2298 5.451, -0.2805 0.1963 5.4549, -0.3066 0.3893 5.3322, -0.299 0.3726 5.3666, -0.2888 0.3501 5.3967, -0.2762 0.3228 5.4214, -0.262 0.2915 5.4397, -0.2465 0.2576 5.451, -0.2304 0.2224 5.4549, -0.2416 0.4314 5.2562, -0.2404 0.4277 5.295, -0.2367 0.417 5.3322, -0.2308 0.3997 5.3666, -0.2229 0.3763 5.3967, -0.2133 0.3477 5.4214, -0.2022 0.3152 5.4397, -0.1903 0.2799 5.451, -0.1779 0.2432 5.4549, -0.1677 0.4522 5.2562, -0.1366 0.4577 5.2562, -0.0156 0.471 5.2562, -0.0155 0.4672 5.295, -0.0153 0.4559 5.3322, -0.0149 0.4375 5.3666, -0.0144 0.4128 5.3967, -0.0138 0.3827 5.4214, -0.0131 0.3484 5.4397, -0.0123 0.3112 5.451, -0.0115 0.2724 5.4549, 0.045 0.2707 5.4549, 0.0481 0.3093 5.451, 0.0512 0.3465 5.4397, 0.054 0.3807 5.4214, 0.0564 0.4107 5.3967, 0.0584 0.4353 5.3666, 0.0599 0.4536 5.3322, 0.1344 0.4437 5.3322, 0.1311 0.4256 5.3666, 0.1266 0.4014 5.3967, 0.1211 0.3718 5.4214, 0.1149 0.338 5.4397, 0.1081 0.3014 5.451, 0.101 0.2632 5.4549, 0.2118 0.4408 5.2562, 0.2108 0.4371 5.295, 0.2076 0.4262 5.3322, 0.2024 0.4086 5.3666, 0.1955 0.3849 5.3967, 0.187 0.356 5.4214, 0.1774 0.3231 5.4397, 0.1669 0.2873 5.451, 0.156 0.2501 5.4549, 0.2093 0.2315 5.4549, 0.2239 0.2674 5.451, 0.238 0.3019 5.4397, 0.251 0.3337 5.4214, 0.2623 0.3616 5.3967, 0.2717 0.3844 5.3666, 0.2786 0.4014 5.3322, 0.3449 -0.2819 2.8101, 0.3414 -0.331 2.8101, 0.0 -0.2819 2.8101, 0.3414 -0.2328 2.8101, 0.2902 -0.0954 2.8101, 0.3138 -0.1386 2.8101, 0.331 -0.1847 2.8101, 0.1865 0.0083 2.8101, 0.2259 -0.0212 2.8101, 0.2607 -0.056 2.8101, 0.0491 0.0595 2.8101, 0.0972 0.0491 2.8101, 0.1433 0.0319 2.8101, -0.0972 0.0491 2.8101, -0.0491 0.0595 2.8101, 0.0 0.063 2.8101, -0.2259 -0.0212 2.8101, -0.1865 0.0083 2.8101, -0.1433 0.0319 2.8101, -0.3138 -0.1386 2.8101, -0.2902 -0.0954 2.8101, -0.2607 -0.056 2.8101, -0.3449 -0.2819 2.8101, -0.3414 -0.2328 2.8101, -0.331 -0.1847 2.8101, -0.3138 -0.4252 2.8101, -0.331 -0.3791 2.8101, -0.3414 -0.331 2.8101, -0.2259 -0.5426 2.8101, -0.2607 -0.5078 2.8101, -0.2902 -0.4684 2.8101, -0.0972 -0.6129 2.8101, -0.1433 -0.5957 2.8101, -0.1865 -0.5721 2.8101, 0.0491 -0.6233 2.8101, 0.0 -0.6268 2.8101, -0.0491 -0.6233 2.8101, 0.1865 -0.5721 2.8101, 0.1433 -0.5957 2.8101, 0.0972 -0.6129 2.8101, 0.2902 -0.4684 2.8101, 0.2607 -0.5078 2.8101, 0.2259 -0.5426 2.8101, 0.331 -0.3791 2.8101, 0.3138 -0.4252 2.8101, 0.2739 -0.5701 2.8636, 0.2598 -0.5817 2.8498, 0.3012 -0.5429 2.8636, 0.2998 -0.5417 2.8498, 0.3265 -0.5091 2.8636, 0.3337 -0.4963 2.8498, 0.3352 -0.4973 2.8636, 0.3608 -0.4467 2.8498, 0.3625 -0.4474 2.8636, 0.261 -0.5831 2.8636, 0.2154 -0.6171 2.8636, 0.2145 -0.6156 2.8498, 0.2106 -0.6198 2.8636, 0.1648 -0.6427 2.8498, 0.1655 -0.6444 2.8636, 0.1118 -0.6625 2.8498, 0.138 -0.6546 2.8636, 0.1123 -0.6642 2.8636, 0.0603 -0.6756 2.8636, 0.0565 -0.6745 2.8498, 0.0567 -0.6763 2.8636, 0.0 -0.6804 2.8636, 0.0 -0.6786 2.8498, -0.0201 -0.679 2.8636, -0.0565 -0.6745 2.8498, -0.0567 -0.6763 2.8636, -0.1118 -0.6625 2.8498, -0.0997 -0.667 2.8636, -0.1123 -0.6642 2.8636, -0.1655 -0.6444 2.8636, -0.1648 -0.6427 2.8498, -0.1752 -0.6391 2.8636, -0.2145 -0.6156 2.8498, -0.2154 -0.6171 2.8636, -0.2598 -0.5817 2.8498, -0.2433 -0.5962 2.8636, -0.261 -0.5831 2.8636, -0.3012 -0.5429 2.8636, -0.2998 -0.5417 2.8498, -0.3023 -0.5414 2.8636, -0.3337 -0.4963 2.8498, -0.3352 -0.4973 2.8636, -0.3475 -0.4748 2.8636, -0.3608 -0.4467 2.8498, -0.3625 -0.4474 2.8636, -0.3798 -0.401 2.8636, -0.3806 -0.3936 2.8498, -0.3824 -0.3942 2.8636, -0.3944 -0.3386 2.8636, -0.3926 -0.3383 2.8498, -0.3956 -0.3221 2.8636, -0.3967 -0.2819 2.8498, -0.3985 -0.2819 2.8636, -0.3926 -0.2254 2.8498, -0.3956 -0.2416 2.8636, -0.3944 -0.2252 2.8636, -0.3824 -0.1696 2.8636, -0.3806 -0.1701 2.8498, -0.3798 -0.1628 2.8636, -0.3608 -0.1171 2.8498, -0.3625 -0.1163 2.8636, -0.3337 -0.0674 2.8498, -0.3475 -0.089 2.8636, -0.3352 -0.0664 2.8636, -0.3023 -0.0224 2.8636, -0.2998 -0.0221 2.8498, -0.3012 -0.0209 2.8636, -0.261 0.0193 2.8636, -0.2598 0.0179 2.8498, -0.2433 0.0325 2.8636, -0.2145 0.0518 2.8498, -0.2154 0.0533 2.8636, -0.1648 0.0789 2.8498, -0.1752 0.0753 2.8636, -0.1655 0.0806 2.8636, -0.1123 0.1005 2.8636, -0.1118 0.0987 2.8498, -0.0997 0.1032 2.8636, -0.0565 0.1107 2.8498, -0.0567 0.1126 2.8636, 0.0 0.1148 2.8498, -0.0201 0.1152 2.8636, 0.0 0.1166 2.8636, 0.0567 0.1126 2.8636, 0.0565 0.1107 2.8498, 0.0603 0.1118 2.8636, 0.1118 0.0987 2.8498, 0.1123 0.1005 2.8636, 0.138 0.0909 2.8636, 0.1648 0.0789 2.8498, 0.1655 0.0806 2.8636, 0.2106 0.056 2.8636, 0.2145 0.0518 2.8498, 0.2154 0.0533 2.8636, 0.261 0.0193 2.8636, 0.2598 0.0179 2.8498, 0.2739 0.0063 2.8636, 0.2998 -0.0221 2.8498, 0.3012 -0.0209 2.8636, 0.3337 -0.0674 2.8498, 0.3265 -0.0547 2.8636, 0.3352 -0.0664 2.8636, 0.3625 -0.1163 2.8636, 0.3608 -0.1171 2.8498, 0.3657 -0.1249 2.8636, 0.3806 -0.1701 2.8498, 0.3824 -0.1696 2.8636, 0.3926 -0.2254 2.8498, 0.3894 -0.2019 2.8636, 0.3944 -0.2252 2.8636, 0.3985 -0.2819 2.8636, 0.3967 -0.2819 2.8498, 0.3944 -0.3386 2.8636, 0.3926 -0.3383 2.8498, 0.3894 -0.3619 2.8636, 0.3806 -0.3936 2.8498, 0.3824 -0.3942 2.8636, 0.3657 -0.4388 2.8636, 0.3873 -0.2262 2.8368, 0.3755 -0.1716 2.8368, 0.356 -0.1193 2.8368, 0.3292 -0.0703 2.8368, 0.2957 -0.0256 2.8368, 0.2563 0.0139 2.8368, 0.2116 0.0473 2.8368, 0.1626 0.0741 2.8368, 0.1102 0.0936 2.8368, 0.0557 0.1055 2.8368, 0.0 0.1094 2.8368, -0.0557 0.1055 2.8368, -0.1102 0.0936 2.8368, -0.1626 0.0741 2.8368, -0.2116 0.0473 2.8368, -0.2563 0.0139 2.8368, -0.2957 -0.0256 2.8368, -0.3292 -0.0703 2.8368, -0.356 -0.1193 2.8368, -0.3755 -0.1716 2.8368, -0.3873 -0.2262 2.8368, -0.3913 -0.2819 2.8368, -0.3873 -0.3376 2.8368, -0.3755 -0.3921 2.8368, -0.356 -0.4445 2.8368, -0.3292 -0.4935 2.8368, -0.2957 -0.5382 2.8368, -0.2563 -0.5776 2.8368, -0.2116 -0.6111 2.8368, -0.1626 -0.6379 2.8368, -0.1102 -0.6574 2.8368, -0.0557 -0.6692 2.8368, 0.0 -0.6732 2.8368, 0.0557 -0.6692 2.8368, 0.1102 -0.6574 2.8368, 0.1626 -0.6379 2.8368, 0.2116 -0.6111 2.8368, 0.2563 -0.5776 2.8368, 0.2957 -0.5382 2.8368, 0.3292 -0.4935 2.8368, 0.356 -0.4445 2.8368, 0.3755 -0.3921 2.8368, 0.3873 -0.3376 2.8368, 0.3913 -0.2819 2.8368, 0.3789 -0.2274 2.8258, 0.3673 -0.174 2.8258, 0.3482 -0.1229 2.8258, 0.322 -0.0749 2.8258, 0.2893 -0.0312 2.8258, 0.2507 0.0074 2.8258, 0.207 0.0402 2.8258, 0.159 0.0663 2.8258, 0.1079 0.0854 2.8258, 0.0545 0.097 2.8258, 0.0 0.1009 2.8258, -0.0545 0.097 2.8258, -0.1079 0.0854 2.8258, -0.159 0.0663 2.8258, -0.207 0.0402 2.8258, -0.2507 0.0074 2.8258, -0.2893 -0.0312 2.8258, -0.322 -0.0749 2.8258, -0.3482 -0.1229 2.8258, -0.3673 -0.174 2.8258, -0.3789 -0.2274 2.8258, -0.3828 -0.2819 2.8258, -0.3789 -0.3364 2.8258, -0.3673 -0.3897 2.8258, -0.3482 -0.4409 2.8258, -0.322 -0.4889 2.8258, -0.2893 -0.5326 2.8258, -0.2507 -0.5712 2.8258, -0.207 -0.6039 2.8258, -0.159 -0.6301 2.8258, -0.1079 -0.6492 2.8258, -0.0545 -0.6608 2.8258, 0.0 -0.6647 2.8258, 0.0545 -0.6608 2.8258, 0.1079 -0.6492 2.8258, 0.159 -0.6301 2.8258, 0.207 -0.6039 2.8258, 0.2507 -0.5712 2.8258, 0.2893 -0.5326 2.8258, 0.322 -0.4889 2.8258, 0.3482 -0.4409 2.8258, 0.3673 -0.3897 2.8258, 0.3789 -0.3364 2.8258, 0.3828 -0.2819 2.8258, 0.3679 -0.229 2.8172, 0.3567 -0.1772 2.8172, 0.3381 -0.1275 2.8172, 0.3127 -0.0809 2.8172, 0.2809 -0.0385 2.8172, 0.2434 -0.001 2.8172, 0.201 0.0308 2.8172, 0.1544 0.0562 2.8172, 0.1047 0.0748 2.8172, 0.0529 0.086 2.8172, 0.0 0.0898 2.8172, -0.0529 0.086 2.8172, -0.1047 0.0748 2.8172, -0.1544 0.0562 2.8172, -0.201 0.0308 2.8172, -0.2434 -0.001 2.8172, -0.2809 -0.0385 2.8172, -0.3127 -0.0809 2.8172, -0.3381 -0.1275 2.8172, -0.3567 -0.1772 2.8172, -0.3679 -0.229 2.8172, -0.3717 -0.2819 2.8172, -0.3679 -0.3348 2.8172, -0.3567 -0.3866 2.8172, -0.3381 -0.4363 2.8172, -0.3127 -0.4829 2.8172, -0.2809 -0.5253 2.8172, -0.2434 -0.5628 2.8172, -0.201 -0.5946 2.8172, -0.1544 -0.62 2.8172, -0.1047 -0.6386 2.8172, -0.0529 -0.6498 2.8172, 0.0 -0.6536 2.8172, 0.0529 -0.6498 2.8172, 0.1047 -0.6386 2.8172, 0.1544 -0.62 2.8172, 0.201 -0.5946 2.8172, 0.2434 -0.5628 2.8172, 0.2809 -0.5253 2.8172, 0.3127 -0.4829 2.8172, 0.3381 -0.4363 2.8172, 0.3567 -0.3866 2.8172, 0.3679 -0.3348 2.8172, 0.3717 -0.2819 2.8172, 0.3551 -0.2308 2.8119, 0.3443 -0.1808 2.8119, 0.3264 -0.1328 2.8119, 0.3018 -0.0879 2.8119, 0.2712 -0.0469 2.8119, 0.235 -0.0107 2.8119, 0.194 0.02 2.8119, 0.1491 0.0445 2.8119, 0.1011 0.0624 2.8119, 0.0511 0.0733 2.8119, 0.0 0.0769 2.8119, -0.0511 0.0733 2.8119, -0.1011 0.0624 2.8119, -0.1491 0.0445 2.8119, -0.194 0.02 2.8119, -0.235 -0.0107 2.8119, -0.2712 -0.0469 2.8119, -0.3018 -0.0879 2.8119, -0.3264 -0.1328 2.8119, -0.3443 -0.1808 2.8119, -0.3551 -0.2308 2.8119, -0.3588 -0.2819 2.8119, -0.3551 -0.333 2.8119, -0.3443 -0.383 2.8119, -0.3264 -0.4309 2.8119, -0.3018 -0.4759 2.8119, -0.2712 -0.5169 2.8119, -0.235 -0.5531 2.8119, -0.194 -0.5837 2.8119, -0.1491 -0.6083 2.8119, -0.1011 -0.6262 2.8119, -0.0511 -0.637 2.8119, 0.0 -0.6407 2.8119, 0.0511 -0.637 2.8119, 0.1011 -0.6262 2.8119, 0.1491 -0.6083 2.8119, 0.194 -0.5837 2.8119, 0.235 -0.5531 2.8119, 0.2712 -0.5169 2.8119, 0.3018 -0.4759 2.8119, 0.3264 -0.4309 2.8119, 0.3443 -0.383 2.8119, 0.3551 -0.333 2.8119, 0.3588 -0.2819 2.8119, 0.2099 -0.6186 3.0387, 0.2402 -0.5999 3.0387, 0.2735 -0.5695 3.0387, 0.2945 -0.5504 3.0387, 0.326 -0.5087 3.0387, 0.3388 -0.4917 3.0387, -0.0202 -0.6787 3.0387, 0.0368 -0.6787 3.0387, 0.0601 -0.6743 3.0387, 0.1091 -0.6652 3.0387, 0.1378 -0.654 3.0387, 0.1776 -0.6386 3.0387, -0.3016 -0.5409 3.0387, -0.2945 -0.5504 3.0387, -0.2436 -0.5967 3.0387, -0.2401 -0.5999 3.0387, -0.1776 -0.6386 3.0387, -0.1754 -0.6395 3.0387, -0.1091 -0.6652 3.0387, -0.0997 -0.6669 3.0387, -0.0368 -0.6787 3.0387, -0.3948 -0.3221 3.0387, -0.3917 -0.3551 3.0387, -0.3787 -0.4008 3.0387, -0.3716 -0.4258 3.0387, -0.3473 -0.4747 3.0387, -0.3388 -0.4917 3.0387, -0.3787 -0.163 3.0387, -0.3917 -0.2087 3.0387, -0.3948 -0.2417 3.0387, -0.3985 -0.2819 3.0387, -0.2436 0.0329 3.0387, -0.2945 -0.0134 3.0387, -0.3016 -0.0229 3.0387, -0.3388 -0.0721 3.0387, -0.3473 -0.0891 3.0387, -0.3716 -0.1379 3.0387, -0.2401 0.0361 3.0387, -0.1776 0.0748 3.0387, -0.1754 0.0757 3.0387, -0.1091 0.1014 3.0387, 0.0601 0.1106 3.0387, 0.0368 0.1149 3.0387, -0.0202 0.1149 3.0387, -0.0368 0.1149 3.0387, -0.0997 0.1031 3.0387, 0.2735 0.0057 3.0387, 0.2402 0.0361 3.0387, 0.2099 0.0549 3.0387, 0.1776 0.0748 3.0387, 0.1378 0.0903 3.0387, 0.1091 0.1014 3.0387, 0.3898 -0.2018 3.0387, 0.3716 -0.1379 3.0387, 0.3653 -0.1252 3.0387, 0.3388 -0.0721 3.0387, 0.326 -0.0551 3.0387, 0.2945 -0.0134 3.0387, 0.3653 -0.4386 3.0387, 0.3716 -0.4258 3.0387, 0.3898 -0.3619 3.0387, 0.3917 -0.3551 3.0387, 0.3985 -0.2819 3.0387, 0.3917 -0.2087 3.0387, 0.4622 -0.3683 3.1104, 0.4385 -0.4518 3.1104, 0.3998 -0.5294 3.1104, 0.3475 -0.5987 3.1104, 0.2834 -0.6571 3.1104, 0.2096 -0.7028 3.1104, 0.1287 -0.7342 3.1104, 0.0434 -0.7501 3.1104, -0.0434 -0.7501 3.1104, -0.1287 -0.7342 3.1104, -0.2834 -0.6571 3.1104, -0.2096 -0.7028 3.1104, -0.3475 -0.5987 3.1104, -0.3998 -0.5294 3.1104, -0.4385 -0.4518 3.1104, -0.4622 -0.3683 3.1104, -0.4702 -0.2819 3.1104, -0.4622 -0.1955 3.1104, -0.4385 -0.112 3.1104, -0.3998 -0.0343 3.1104, -0.3475 0.0349 3.1104, -0.2096 0.139 3.1104, -0.2834 0.0934 3.1104, -0.1287 0.1704 3.1104, -0.0434 0.1863 3.1104, 0.0434 0.1863 3.1104, 0.1287 0.1704 3.1104, 0.2096 0.139 3.1104, 0.2834 0.0934 3.1104, 0.3475 0.0349 3.1104, 0.3998 -0.0343 3.1104, 0.4385 -0.112 3.1104, 0.4702 -0.2819 3.1104, 0.4622 -0.1955 3.1104, 0.4702 -0.2819 4.8846, 0.4622 -0.1955 4.8846, 0.4385 -0.112 4.8846, 0.3998 -0.0343 4.8846, 0.3475 0.0349 4.8846, 0.2834 0.0934 4.8846, 0.2096 0.139 4.8846, 0.1287 0.1704 4.8846, 0.0434 0.1863 4.8846, -0.0434 0.1863 4.8846, -0.1287 0.1704 4.8846, -0.2096 0.139 4.8846, -0.2834 0.0934 4.8846, -0.3475 0.0349 4.8846, -0.3998 -0.0343 4.8846, -0.4385 -0.112 4.8846, -0.4622 -0.1955 4.8846, -0.4702 -0.2819 4.8846, -0.4622 -0.3683 4.8846, -0.4385 -0.4518 4.8846, -0.3998 -0.5294 4.8846, -0.3475 -0.5987 4.8846, -0.2834 -0.6571 4.8846, -0.2096 -0.7028 4.8846, -0.1287 -0.7342 4.8846, -0.0434 -0.7501 4.8846, 0.0434 -0.7501 4.8846, 0.1287 -0.7342 4.8846, 0.2096 -0.7028 4.8846, 0.2834 -0.6571 4.8846, 0.3475 -0.5987 4.8846, 0.3998 -0.5294 4.8846, 0.4385 -0.4518 4.8846, 0.4622 -0.3683 4.8846, -0.548 -0.1038 4.8846, -0.5264 -0.0475 4.8846, -0.573 -0.2217 4.8846, -0.5636 -0.1621 4.8846, 0.1198 0.2817 4.8846, 0.1781 0.2661 4.8846, -0.2881 0.2171 4.8846, -0.2344 0.2445 4.8846, -0.3855 0.1463 4.8846, -0.3387 0.1842 4.8846, -0.1198 -0.8455 4.8846, -0.178 -0.8299 4.8846, 0.2344 0.2445 4.8846, 0.2881 0.2171 4.8846, 0.0 0.2943 4.8846, 0.0602 0.2911 4.8846, -0.573 -0.3421 4.8846, -0.5762 -0.2819 4.8846, 0.3855 -0.7101 4.8846, 0.548 -0.4599 4.8846, 0.5264 -0.5162 4.8846, 0.573 -0.3421 4.8846, 0.5636 -0.4017 4.8846, -0.178 0.2661 4.8846, -0.1198 0.2817 4.8846, -0.0602 0.2911 4.8846, -0.499 0.0062 4.8846, -0.4661 0.0568 4.8846, -0.4282 0.1036 4.8846, -0.4661 -0.6206 4.8846, -0.499 -0.57 4.8846, 0.0 -0.8581 4.8846, -0.0602 -0.8549 4.8846, 0.3387 -0.748 4.8846, 0.2881 -0.7809 4.8846, 0.2344 -0.8083 4.8846, 0.499 -0.57 4.8846, 0.4661 -0.6206 4.8846, 0.4282 -0.6674 4.8846, 0.573 -0.2217 4.8846, 0.5762 -0.2819 4.8846, -0.5264 -0.5162 4.8846, -0.548 -0.4599 4.8846, -0.5636 -0.4017 4.8846, 0.1781 -0.8299 4.8846, 0.1198 -0.8455 4.8846, 0.0602 -0.8549 4.8846, 0.548 -0.1038 4.8846, 0.5636 -0.1621 4.8846, -0.3855 -0.7101 4.8846, -0.4282 -0.6674 4.8846, 0.4661 0.0568 4.8846, 0.499 0.0062 4.8846, 0.5264 -0.0475 4.8846, 0.3387 0.1842 4.8846, 0.3855 0.1463 4.8846, 0.4282 0.1036 4.8846, -0.2344 -0.8083 4.8846, -0.2881 -0.7809 4.8846, -0.3387 -0.748 4.8846, 0.7205 -0.4987 5.0615, 0.713 -0.5135 5.027, 0.7333 -0.4378 5.027, 0.7162 -0.5146 5.0615, 0.6879 -0.5882 5.0615, 0.6848 -0.5868 5.027, 0.6813 -0.6012 5.0615, 0.6492 -0.6567 5.027, 0.6522 -0.6584 5.0615, 0.6065 -0.7225 5.027, 0.6272 -0.6969 5.0615, 0.6092 -0.7245 5.0615, 0.5608 -0.7844 5.0615, 0.5571 -0.7835 5.027, 0.5596 -0.7858 5.0615, 0.5039 -0.8415 5.0615, 0.5016 -0.839 5.027, 0.4811 -0.86 5.0615, 0.4406 -0.8884 5.027, 0.4426 -0.8911 5.0615, 0.3919 -0.9241 5.0615, 0.3748 -0.9311 5.027, 0.3765 -0.9341 5.0615, 0.3063 -0.9698 5.0615, 0.3049 -0.9667 5.027, 0.2943 -0.9744 5.0615, 0.2317 -0.9949 5.027, 0.2327 -0.9981 5.0615, 0.1559 -1.0152 5.027, 0.1902 -1.0095 5.0615, 0.1566 -1.0185 5.0615, 0.0823 -1.0302 5.0615, 0.0784 -1.0274 5.027, 0.0787 -1.0308 5.0615, 0.0 -1.0349 5.0615, 0.0 -1.0315 5.027, -0.0275 -1.0335 5.0615, -0.0784 -1.0274 5.027, -0.0787 -1.0308 5.0615, -0.1367 -1.0216 5.0615, -0.1559 -1.0152 5.027, -0.1566 -1.0185 5.0615, -0.2327 -0.9981 5.0615, -0.2317 -0.9949 5.027, -0.243 -0.9941 5.0615, -0.3049 -0.9667 5.027, -0.3063 -0.9698 5.0615, -0.3748 -0.9311 5.027, -0.3439 -0.9507 5.0615, -0.3765 -0.9341 5.0615, -0.438 -0.8941 5.0615, -0.4406 -0.8884 5.027, -0.4426 -0.8911 5.0615, -0.5039 -0.8415 5.0615, -0.5016 -0.839 5.027, -0.522 -0.8234 5.0615, -0.5571 -0.7835 5.027, -0.5596 -0.7858 5.0615, -0.6065 -0.7225 5.027, -0.5954 -0.7416 5.0615, -0.6092 -0.7245 5.0615, -0.6522 -0.6584 5.0615, -0.6492 -0.6567 5.027, -0.6563 -0.6503 5.0615, -0.6848 -0.5868 5.027, -0.6879 -0.5882 5.0615, -0.713 -0.5135 5.027, -0.7024 -0.5505 5.0615, -0.7162 -0.5146 5.0615, -0.7347 -0.4455 5.0615, -0.7333 -0.4378 5.027, -0.7366 -0.4385 5.0615, -0.7489 -0.3606 5.0615, -0.7455 -0.3603 5.027, -0.7502 -0.3368 5.0615, -0.7497 -0.2819 5.027, -0.7531 -0.2819 5.0615, -0.7455 -0.2035 5.027, -0.7502 -0.227 5.0615, -0.7489 -0.2032 5.0615, -0.7366 -0.1253 5.0615, -0.7333 -0.126 5.027, -0.7347 -0.1182 5.0615, -0.713 -0.0502 5.027, -0.7162 -0.0492 5.0615, -0.7024 -0.0132 5.0615, -0.6848 0.023 5.027, -0.6879 0.0244 5.0615, -0.6563 0.0865 5.0615, -0.6492 0.0929 5.027, -0.6522 0.0946 5.0615, -0.6092 0.1607 5.0615, -0.6065 0.1587 5.027, -0.5954 0.1778 5.0615, -0.5571 0.2197 5.027, -0.5596 0.222 5.0615, -0.5016 0.2752 5.027, -0.522 0.2596 5.0615, -0.5039 0.2777 5.0615, -0.4426 0.3273 5.0615, -0.4406 0.3246 5.027, -0.438 0.3303 5.0615, -0.3748 0.3673 5.027, -0.3765 0.3703 5.0615, -0.3439 0.3869 5.0615, -0.3049 0.403 5.027, -0.3063 0.4061 5.0615, -0.243 0.4304 5.0615, -0.2317 0.4311 5.027, -0.2327 0.4343 5.0615, -0.1566 0.4547 5.0615, -0.1559 0.4514 5.027, -0.1367 0.4579 5.0615, -0.0784 0.4637 5.027, -0.0787 0.467 5.0615, 0.0 0.4678 5.027, -0.0275 0.4697 5.0615, 0.0 0.4712 5.0615, 0.0787 0.467 5.0615, 0.0784 0.4637 5.027, 0.0823 0.4665 5.0615, 0.1559 0.4514 5.027, 0.1566 0.4547 5.0615, 0.1902 0.4457 5.0615, 0.2317 0.4311 5.027, 0.2327 0.4343 5.0615, 0.2943 0.4107 5.0615, 0.3049 0.403 5.027, 0.3063 0.4061 5.0615, 0.3765 0.3703 5.0615, 0.3748 0.3673 5.027, 0.3919 0.3603 5.0615, 0.4406 0.3246 5.027, 0.4426 0.3273 5.0615, 0.5016 0.2752 5.027, 0.4811 0.2962 5.0615, 0.5039 0.2777 5.0615, 0.5596 0.222 5.0615, 0.5571 0.2197 5.027, 0.5608 0.2206 5.0615, 0.6065 0.1587 5.027, 0.6092 0.1607 5.0615, 0.6272 0.1331 5.0615, 0.6492 0.0929 5.027, 0.6522 0.0946 5.0615, 0.6813 0.0375 5.0615, 0.6848 0.023 5.027, 0.6879 0.0244 5.0615, 0.7162 -0.0492 5.0615, 0.713 -0.0502 5.027, 0.7205 -0.0651 5.0615, 0.7333 -0.126 5.027, 0.7366 -0.1253 5.0615, 0.7455 -0.2035 5.027, 0.7441 -0.1724 5.0615, 0.7489 -0.2032 5.0615, 0.7531 -0.2819 5.0615, 0.7497 -0.2819 5.027, 0.7489 -0.3606 5.0615, 0.7455 -0.3603 5.027, 0.7441 -0.3914 5.0615, 0.7366 -0.4385 5.0615, 0.7355 -0.2046 4.9938, 0.7234 -0.1281 4.9938, 0.7034 -0.0533 4.9938, 0.6756 0.0189 4.9938, 0.6405 0.0879 4.9938, 0.5983 0.1528 4.9938, 0.5496 0.213 4.9938, 0.4949 0.2677 4.9938, 0.4347 0.3164 4.9938, 0.3698 0.3586 4.9938, 0.3008 0.3938 4.9938, 0.2285 0.4215 4.9938, 0.1538 0.4415 4.9938, 0.0773 0.4536 4.9938, 0.0 0.4577 4.9938, -0.0773 0.4536 4.9938, -0.1538 0.4415 4.9938, -0.2285 0.4215 4.9938, -0.3008 0.3938 4.9938, -0.3698 0.3586 4.9938, -0.4347 0.3164 4.9938, -0.4949 0.2677 4.9938, -0.5496 0.213 4.9938, -0.5983 0.1528 4.9938, -0.6405 0.0879 4.9938, -0.6756 0.0189 4.9938, -0.7034 -0.0533 4.9938, -0.7234 -0.1281 4.9938, -0.7355 -0.2046 4.9938, -0.7396 -0.2819 4.9938, -0.7355 -0.3592 4.9938, -0.7234 -0.4357 4.9938, -0.7034 -0.5104 4.9938, -0.6756 -0.5827 4.9938, -0.6405 -0.6517 4.9938, -0.5983 -0.7166 4.9938, -0.5496 -0.7768 4.9938, -0.4949 -0.8315 4.9938, -0.4347 -0.8802 4.9938, -0.3698 -0.9224 4.9938, -0.3008 -0.9575 4.9938, -0.2285 -0.9853 4.9938, -0.1538 -1.0053 4.9938, -0.0773 -1.0174 4.9938, 0.0 -1.0215 4.9938, 0.0773 -1.0174 4.9938, 0.1538 -1.0053 4.9938, 0.2285 -0.9853 4.9938, 0.3008 -0.9575 4.9938, 0.3698 -0.9224 4.9938, 0.4347 -0.8802 4.9938, 0.4949 -0.8315 4.9938, 0.5496 -0.7768 4.9938, 0.5983 -0.7166 4.9938, 0.6405 -0.6517 4.9938, 0.6756 -0.5827 4.9938, 0.7034 -0.5104 4.9938, 0.7234 -0.4357 4.9938, 0.7355 -0.3592 4.9938, 0.7396 -0.2819 4.9938, 0.7193 -0.2063 4.9632, 0.7074 -0.1315 4.9632, 0.6878 -0.0584 4.9632, 0.6607 0.0123 4.9632, 0.6263 0.0797 4.9632, 0.5851 0.1432 4.9632, 0.5375 0.2021 4.9632, 0.4839 0.2556 4.9632, 0.4251 0.3032 4.9632, 0.3616 0.3445 4.9632, 0.2942 0.3788 4.9632, 0.2235 0.406 4.9632, 0.1504 0.4255 4.9632, 0.0756 0.4374 4.9632, 0.0 0.4414 4.9632, -0.0756 0.4374 4.9632, -0.1504 0.4255 4.9632, -0.2235 0.406 4.9632, -0.2942 0.3788 4.9632, -0.3616 0.3445 4.9632, -0.4251 0.3032 4.9632, -0.4839 0.2556 4.9632, -0.5375 0.2021 4.9632, -0.5851 0.1432 4.9632, -0.6263 0.0797 4.9632, -0.6607 0.0123 4.9632, -0.6878 -0.0584 4.9632, -0.7074 -0.1315 4.9632, -0.7193 -0.2063 4.9632, -0.7232 -0.2819 4.9632, -0.7193 -0.3575 4.9632, -0.7074 -0.4323 4.9632, -0.6878 -0.5054 4.9632, -0.6607 -0.5761 4.9632, -0.6263 -0.6435 4.9632, -0.5851 -0.707 4.9632, -0.5375 -0.7658 4.9632, -0.4839 -0.8194 4.9632, -0.4251 -0.867 4.9632, -0.3616 -0.9082 4.9632, -0.2942 -0.9426 4.9632, -0.2235 -0.9697 4.9632, -0.1504 -0.9893 4.9632, -0.0756 -1.0012 4.9632, 0.0 -1.0051 4.9632, 0.0756 -1.0012 4.9632, 0.1504 -0.9893 4.9632, 0.2235 -0.9697 4.9632, 0.2942 -0.9426 4.9632, 0.3616 -0.9082 4.9632, 0.4251 -0.867 4.9632, 0.4839 -0.8194 4.9632, 0.5375 -0.7658 4.9632, 0.5851 -0.707 4.9632, 0.6263 -0.6435 4.9632, 0.6607 -0.5761 4.9632, 0.6878 -0.5054 4.9632, 0.7074 -0.4323 4.9632, 0.7193 -0.3575 4.9632, 0.7232 -0.2819 4.9632, 0.6974 -0.2086 4.9364, 0.6859 -0.1361 4.9364, 0.6669 -0.0652 4.9364, 0.6406 0.0033 4.9364, 0.6073 0.0687 4.9364, 0.5673 0.1303 4.9364, 0.5211 0.1873 4.9364, 0.4692 0.2392 4.9364, 0.4122 0.2854 4.9364, 0.3506 0.3254 4.9364, 0.2852 0.3587 4.9364, 0.2167 0.385 4.9364, 0.1458 0.404 4.9364, 0.0733 0.4155 4.9364, 0.0 0.4194 4.9364, -0.0733 0.4155 4.9364, -0.1458 0.404 4.9364, -0.2167 0.385 4.9364, -0.2852 0.3587 4.9364, -0.3506 0.3254 4.9364, -0.4122 0.2854 4.9364, -0.4692 0.2392 4.9364, -0.5211 0.1873 4.9364, -0.5673 0.1303 4.9364, -0.6073 0.0687 4.9364, -0.6406 0.0033 4.9364, -0.6669 -0.0652 4.9364, -0.6859 -0.1361 4.9364, -0.6974 -0.2086 4.9364, -0.7012 -0.2819 4.9364, -0.6974 -0.3552 4.9364, -0.6859 -0.4277 4.9364, -0.6669 -0.4986 4.9364, -0.6406 -0.5671 4.9364, -0.6073 -0.6325 4.9364, -0.5673 -0.6941 4.9364, -0.5211 -0.7511 4.9364, -0.4692 -0.803 4.9364, -0.4122 -0.8492 4.9364, -0.3506 -0.8892 4.9364, -0.2852 -0.9225 4.9364, -0.2167 -0.9488 4.9364, -0.1458 -0.9678 4.9364, -0.0733 -0.9793 4.9364, 0.0 -0.9831 4.9364, 0.0733 -0.9793 4.9364, 0.1458 -0.9678 4.9364, 0.2167 -0.9488 4.9364, 0.2852 -0.9225 4.9364, 0.3506 -0.8892 4.9364, 0.4122 -0.8492 4.9364, 0.4692 -0.803 4.9364, 0.5211 -0.7511 4.9364, 0.5673 -0.6941 4.9364, 0.6073 -0.6325 4.9364, 0.6406 -0.5671 4.9364, 0.6669 -0.4986 4.9364, 0.6859 -0.4277 4.9364, 0.6974 -0.3552 4.9364, 0.7012 -0.2819 4.9364, 0.6708 -0.2114 4.9145, 0.6597 -0.1417 4.9145, 0.6414 -0.0735 4.9145, 0.6161 -0.0076 4.9145, 0.5841 0.0553 4.9145, 0.5456 0.1145 4.9145, 0.5012 0.1694 4.9145, 0.4513 0.2193 4.9145, 0.3964 0.2637 4.9145, 0.3372 0.3022 4.9145, 0.2743 0.3342 4.9145, 0.2084 0.3595 4.9145, 0.1402 0.3778 4.9145, 0.0705 0.3889 4.9145, 0.0 0.3926 4.9145, -0.0705 0.3889 4.9145, -0.1402 0.3778 4.9145, -0.2084 0.3595 4.9145, -0.2743 0.3342 4.9145, -0.3372 0.3022 4.9145, -0.3964 0.2637 4.9145, -0.4513 0.2193 4.9145, -0.5012 0.1694 4.9145, -0.5456 0.1145 4.9145, -0.5841 0.0553 4.9145, -0.6161 -0.0076 4.9145, -0.6414 -0.0735 4.9145, -0.6597 -0.1417 4.9145, -0.6708 -0.2114 4.9145, -0.6744 -0.2819 4.9145, -0.6708 -0.3524 4.9145, -0.6597 -0.4221 4.9145, -0.6414 -0.4903 4.9145, -0.6161 -0.5562 4.9145, -0.5841 -0.6191 4.9145, -0.5456 -0.6783 4.9145, -0.5012 -0.7332 4.9145, -0.4513 -0.7831 4.9145, -0.3964 -0.8275 4.9145, -0.3372 -0.866 4.9145, -0.2743 -0.898 4.9145, -0.2084 -0.9233 4.9145, -0.1402 -0.9416 4.9145, -0.0705 -0.9526 4.9145, 0.0 -0.9563 4.9145, 0.0705 -0.9526 4.9145, 0.1402 -0.9416 4.9145, 0.2084 -0.9233 4.9145, 0.2743 -0.898 4.9145, 0.3372 -0.866 4.9145, 0.3964 -0.8275 4.9145, 0.4513 -0.7831 4.9145, 0.5012 -0.7332 4.9145, 0.5456 -0.6783 4.9145, 0.5841 -0.6191 4.9145, 0.6161 -0.5562 4.9145, 0.6414 -0.4903 4.9145, 0.6597 -0.4221 4.9145, 0.6708 -0.3524 4.9145, 0.6744 -0.2819 4.9145, 0.6403 -0.2146 4.8981, 0.6298 -0.148 4.8981, 0.6124 -0.0829 4.8981, 0.5882 -0.02 4.8981, 0.5576 0.04 4.8981, 0.5209 0.0966 4.8981, 0.4785 0.1489 4.8981, 0.4308 0.1966 4.8981, 0.3785 0.239 4.8981, 0.3219 0.2757 4.8981, 0.2619 0.3063 4.8981, 0.199 0.3305 4.8981, 0.1339 0.3479 4.8981, 0.0673 0.3584 4.8981, 0.0 0.362 4.8981, -0.0673 0.3584 4.8981, -0.1339 0.3479 4.8981, -0.199 0.3305 4.8981, -0.2619 0.3063 4.8981, -0.3219 0.2757 4.8981, -0.3785 0.239 4.8981, -0.4308 0.1966 4.8981, -0.4785 0.1489 4.8981, -0.5209 0.0966 4.8981, -0.5576 0.04 4.8981, -0.5882 -0.02 4.8981, -0.6124 -0.0829 4.8981, -0.6298 -0.148 4.8981, -0.6403 -0.2146 4.8981, -0.6439 -0.2819 4.8981, -0.6403 -0.3492 4.8981, -0.6298 -0.4158 4.8981, -0.6124 -0.4809 4.8981, -0.5882 -0.5438 4.8981, -0.5576 -0.6038 4.8981, -0.5209 -0.6603 4.8981, -0.4785 -0.7127 4.8981, -0.4308 -0.7604 4.8981, -0.3785 -0.8028 4.8981, -0.3219 -0.8395 4.8981, -0.2619 -0.8701 4.8981, -0.199 -0.8942 4.8981, -0.1339 -0.9117 4.8981, -0.0673 -0.9222 4.8981, 0.0 -0.9258 4.8981, 0.0673 -0.9222 4.8981, 0.1339 -0.9117 4.8981, 0.199 -0.8942 4.8981, 0.2619 -0.8701 4.8981, 0.3219 -0.8395 4.8981, 0.3785 -0.8028 4.8981, 0.4308 -0.7604 4.8981, 0.4785 -0.7127 4.8981, 0.5209 -0.6603 4.8981, 0.5576 -0.6038 4.8981, 0.5882 -0.5438 4.8981, 0.6124 -0.4809 4.8981, 0.6298 -0.4158 4.8981, 0.6403 -0.3492 4.8981, 0.6439 -0.2819 4.8981, 0.6073 -0.2181 4.888, 0.5973 -0.1549 4.888, 0.5808 -0.0932 4.888, 0.5579 -0.0335 4.888, 0.5289 0.0235 4.888, 0.4941 0.0771 4.888, 0.4538 0.1267 4.888, 0.4086 0.1719 4.888, 0.359 0.2122 4.888, 0.3053 0.247 4.888, 0.2484 0.276 4.888, 0.1887 0.2989 4.888, 0.127 0.3155 4.888, 0.0638 0.3255 4.888, 0.0 0.3288 4.888, -0.0638 0.3255 4.888, -0.127 0.3155 4.888, -0.1887 0.2989 4.888, -0.2484 0.276 4.888, -0.3053 0.247 4.888, -0.359 0.2122 4.888, -0.4086 0.1719 4.888, -0.4538 0.1267 4.888, -0.4941 0.0771 4.888, -0.5289 0.0235 4.888, -0.5579 -0.0335 4.888, -0.5808 -0.0932 4.888, -0.5973 -0.1549 4.888, -0.6073 -0.2181 4.888, -0.6107 -0.2819 4.888, -0.6073 -0.3457 4.888, -0.5973 -0.4089 4.888, -0.5808 -0.4706 4.888, -0.5579 -0.5303 4.888, -0.5289 -0.5872 4.888, -0.4941 -0.6408 4.888, -0.4538 -0.6905 4.888, -0.4086 -0.7357 4.888, -0.359 -0.7759 4.888, -0.3053 -0.8108 4.888, -0.2484 -0.8398 4.888, -0.1887 -0.8627 4.888, -0.127 -0.8792 4.888, -0.0638 -0.8892 4.888, 0.0 -0.8926 4.888, 0.0638 -0.8892 4.888, 0.127 -0.8792 4.888, 0.1887 -0.8627 4.888, 0.2484 -0.8398 4.888, 0.3053 -0.8108 4.888, 0.359 -0.7759 4.888, 0.4086 -0.7357 4.888, 0.4538 -0.6905 4.888, 0.4941 -0.6408 4.888, 0.5289 -0.5872 4.888, 0.5579 -0.5303 4.888, 0.5808 -0.4706 4.888, 0.5973 -0.4089 4.888, 0.6073 -0.3457 4.888, 0.6107 -0.2819 4.888, -0.6321 -0.6913 5.1399, -0.596 -0.7421 5.1399, -0.5227 -0.824 5.1399, -0.4382 -0.8943 5.1399, -0.3538 -0.9467 5.2562, -0.4094 -0.914 5.2562, -0.4094 -0.914 5.1399, 0.6321 0.1275 5.2562, 0.6321 0.1275 5.1399, 0.628 0.1336 5.1399, 0.5609 0.2206 5.1399, 0.4817 0.2969 5.1399, 0.4094 0.3502 5.1399, 0.7529 -0.2975 5.2562, 0.7474 -0.374 5.2562, 0.7443 -0.3914 5.2562, 0.7341 -0.4496 5.2562, 0.7203 -0.4986 5.2562, 0.7132 -0.5235 5.2562, 0.685 -0.5948 5.2562, 0.6815 -0.6014 5.2562, 0.6495 -0.6629 5.2562, 0.6272 -0.6969 5.2562, 0.6074 -0.727 5.2562, 0.5607 -0.7843 5.2562, 0.5589 -0.7866 5.2562, 0.5047 -0.8408 5.2562, 0.4811 -0.86 5.2562, 0.4452 -0.8893 5.2562, 0.392 -0.9242 5.2562, 0.381 -0.9314 5.2562, 0.3129 -0.9668 5.2562, 0.2942 -0.9743 5.2562, 0.2416 -0.9951 5.2562, 0.1902 -1.0097 5.2562, 0.1677 -1.016 5.2562, 0.0921 -1.0293 5.2562, 0.0823 -1.03 5.2562, 0.0156 -1.0348 5.2562, -0.2118 -1.0045 5.2562, -0.2428 -0.9937 5.2562, -0.0275 -1.0335 5.2562, -0.0611 -1.0325 5.2562, -0.1368 -1.0224 5.2562, -0.1372 -1.0223 5.2562, -0.2843 -0.9792 5.2562, -0.3441 -0.9512 5.2562, 0.6648 0.0719 5.2562, 0.681 0.0373 5.2562, 0.6973 0.0024 5.2562, 0.7209 -0.065 5.2562, 0.7226 -0.07 5.2562, 0.7405 -0.1447 5.2562, 0.7441 -0.1724 5.2562, 0.7506 -0.2208 5.2562, 0.7524 -0.2819 5.2562, -0.2829 -0.9757 5.295, -0.0608 -1.0287 5.295, 0.0155 -1.031 5.295, 0.0917 -1.0255 5.295, 0.2404 -0.9915 5.295, 0.3113 -0.9634 5.295, 0.4429 -0.8862 5.295, 0.6043 -0.7248 5.295, 0.6463 -0.661 5.295, 0.6815 -0.5932 5.295, 0.7304 -0.4488 5.295, 0.7436 -0.3736 5.295, 0.7468 -0.2211 5.295, 0.6938 0.001 5.295, 0.5481 0.0435 5.4367, 0.5429 0.0383 5.4395, 0.5565 0.0143 5.4397, -0.4081 -0.9127 5.282, -0.352 -0.9433 5.295, -0.4063 -0.9109 5.2949, -0.3467 -0.9333 5.3322, -0.4016 -0.9062 5.3207, -0.4046 -0.9092 5.3072, -0.3381 -0.9171 5.3666, -0.3944 -0.899 5.3446, -0.3981 -0.9027 5.3321, -0.3265 -0.8953 5.3967, -0.3791 -0.8837 5.378, -0.385 -0.8896 5.3668, -0.3123 -0.8687 5.4214, -0.3453 -0.8499 5.4213, -0.3526 -0.8572 5.4143, -0.3667 -0.8713 5.3974, -0.3672 -0.8718 5.3966, -0.3105 -0.8151 5.4447, -0.3202 -0.8248 5.4394, -0.2962 -0.8384 5.4397, -0.328 -0.8326 5.435, -0.3444 -0.849 5.4222, -0.2787 -0.8055 5.451, -0.2605 -0.7713 5.4549, -0.2645 -0.7691 5.4549, -0.2818 -0.7864 5.4535, -0.293 -0.7976 5.4506, -0.3006 -0.8052 5.4487, 0.4872 -0.0174 5.4549, 0.4894 -0.0214 5.4549, 0.4979 -0.0067 5.4543, 0.5236 -0.0032 5.451, 0.5348 0.0302 5.444, 0.5167 0.0121 5.4508, 0.5157 0.0111 5.451, 0.5646 0.06 5.4244, 0.5868 0.0304 5.4214, 0.5679 0.0633 5.4212, 0.5797 0.0751 5.4094, 0.6134 0.0446 5.3967, 0.5896 0.085 5.3971, 0.602 0.0974 5.3778, 0.6352 0.0562 5.3666, 0.6076 0.103 5.3664, 0.6124 0.1078 5.3566, 0.6514 0.0648 5.3322, 0.618 0.1134 5.3418, 0.6614 0.0701 5.295, 0.625 0.1204 5.3179, 0.6209 0.1163 5.3321, 0.6312 0.1266 5.2779, 0.6296 0.125 5.2931, 0.6292 0.1246 5.2949, 0.5134 -0.0726 5.4549, 0.5493 -0.058 5.451, 0.5838 -0.0439 5.4397, 0.6156 -0.0309 5.4214, 0.6435 -0.0196 5.3967, 0.6663 -0.0102 5.3666, 0.6833 -0.0033 5.3322, 0.5451 -0.1809 5.4549, 0.5526 -0.2369 5.4549, 0.5832 -0.1738 5.451, 0.5912 -0.2337 5.451, 0.6199 -0.167 5.4397, 0.6284 -0.2307 5.4397, 0.6536 -0.1608 5.4214, 0.6626 -0.2279 5.4214, 0.6832 -0.1553 5.3967, 0.6926 -0.2255 5.3967, 0.7075 -0.1508 5.3666, 0.7172 -0.2235 5.3666, 0.7256 -0.1475 5.3322, 0.7355 -0.222 5.3322, 0.7367 -0.1454 5.295, 0.3715 -0.6934 5.4549, 0.3277 -0.7291 5.4549, 0.3975 -0.7222 5.451, 0.3506 -0.7603 5.451, 0.4225 -0.7498 5.4397, 0.3727 -0.7904 5.4397, 0.4455 -0.7753 5.4214, 0.393 -0.8181 5.4214, 0.4657 -0.7976 5.3967, 0.4108 -0.8424 5.3967, 0.4822 -0.816 5.3666, 0.4254 -0.8623 5.3666, 0.4945 -0.8296 5.3322, 0.4362 -0.8771 5.3322, 0.5021 -0.838 5.295, -0.156 -0.8139 5.4549, -0.2093 -0.7953 5.4549, -0.1669 -0.8511 5.451, -0.2239 -0.8312 5.451, -0.1774 -0.8869 5.4397, -0.238 -0.8657 5.4397, -0.187 -0.9198 5.4214, -0.251 -0.8975 5.4214, -0.1955 -0.9487 5.3967, -0.2623 -0.9253 5.3967, -0.2024 -0.9724 5.3666, -0.2717 -0.9482 5.3666, -0.2076 -0.99 5.3322, -0.2786 -0.9652 5.3322, -0.2108 -1.0009 5.295, 0.719 -0.0711 5.295, 0.7081 -0.0743 5.3322, 0.6905 -0.0795 5.3666, 0.6668 -0.0864 5.3967, 0.6379 -0.0949 5.4214, 0.605 -0.1045 5.4397, 0.5692 -0.115 5.451, 0.532 -0.1259 5.4549, 0.7491 -0.2974 5.295, 0.7378 -0.2972 5.3322, 0.7194 -0.2968 5.3666, 0.6947 -0.2963 5.3967, 0.6646 -0.2957 5.4214, 0.6303 -0.2949 5.4397, 0.593 -0.2942 5.451, 0.5543 -0.2934 5.4549, 0.5503 -0.3497 5.4549, 0.5887 -0.3545 5.451, 0.6257 -0.359 5.4397, 0.6598 -0.3632 5.4214, 0.6897 -0.3669 5.3967, 0.7142 -0.3699 5.3666, 0.7324 -0.3722 5.3322, 0.7194 -0.4463 5.3322, 0.7015 -0.4422 5.3666, 0.6774 -0.4367 5.3967, 0.6481 -0.43 5.4214, 0.6146 -0.4223 5.4397, 0.5783 -0.414 5.451, 0.5405 -0.4054 5.4549, 0.7096 -0.5223 5.295, 0.6989 -0.5186 5.3322, 0.6815 -0.5127 5.3666, 0.6581 -0.5048 5.3967, 0.6296 -0.4952 5.4214, 0.5971 -0.4841 5.4397, 0.5618 -0.4722 5.451, 0.5251 -0.4598 5.4549, 0.5043 -0.5123 5.4549, 0.5395 -0.5284 5.451, 0.5734 -0.5439 5.4397, 0.6047 -0.5581 5.4214, 0.632 -0.5706 5.3967, 0.6545 -0.5809 5.3666, 0.6712 -0.5885 5.3322, 0.6365 -0.6553 5.3322, 0.6207 -0.646 5.3666, 0.5994 -0.6335 5.3967, 0.5734 -0.6182 5.4214, 0.5438 -0.6009 5.4397, 0.5116 -0.582 5.451, 0.4782 -0.5624 5.4549, 0.5952 -0.7181 5.3322, 0.5804 -0.7073 5.3666, 0.5605 -0.6927 5.3967, 0.5362 -0.6749 5.4214, 0.5085 -0.6546 5.4397, 0.4784 -0.6325 5.451, 0.4472 -0.6096 5.4549, 0.5561 -0.784 5.295, 0.5477 -0.7764 5.3322, 0.5341 -0.7641 5.3666, 0.5158 -0.7476 5.3967, 0.4934 -0.7274 5.4214, 0.4679 -0.7044 5.4397, 0.4403 -0.6794 5.451, 0.4115 -0.6534 5.4549, 0.3791 -0.9281 5.295, 0.3734 -0.9184 5.3322, 0.3641 -0.9026 5.3666, 0.3516 -0.8813 5.3967, 0.3364 -0.8553 5.4214, 0.319 -0.8257 5.4397, 0.3001 -0.7935 5.451, 0.2805 -0.7601 5.4549, 0.2304 -0.7862 5.4549, 0.2465 -0.8214 5.451, 0.262 -0.8553 5.4397, 0.2762 -0.8866 5.4214, 0.2888 -0.9139 5.3967, 0.299 -0.9364 5.3666, 0.3066 -0.9531 5.3322, 0.2367 -0.9808 5.3322, 0.2308 -0.9634 5.3666, 0.2229 -0.94 5.3967, 0.2133 -0.9115 5.4214, 0.2022 -0.879 5.4397, 0.1903 -0.8437 5.451, 0.1779 -0.807 5.4549, 0.1669 -1.0123 5.295, 0.1644 -1.0013 5.3322, 0.1603 -0.9834 5.3666, 0.1548 -0.9593 5.3967, 0.1481 -0.93 5.4214, 0.1404 -0.8965 5.4397, 0.1321 -0.8602 5.451, 0.1235 -0.8224 5.4549, 0.0678 -0.8321 5.4549, 0.0726 -0.8706 5.451, 0.0771 -0.9076 5.4397, 0.0813 -0.9417 5.4214, 0.085 -0.9715 5.3967, 0.088 -0.9961 5.3666, 0.0903 -1.0143 5.3322, 0.0153 -1.0197 5.3322, 0.0149 -1.0013 5.3666, 0.0144 -0.9766 5.3967, 0.0138 -0.9465 5.4214, 0.0131 -0.9122 5.4397, 0.0123 -0.8749 5.451, 0.0115 -0.8362 5.4549, -0.0599 -1.0174 5.3322, -0.0584 -0.9991 5.3666, -0.0564 -0.9745 5.3967, -0.054 -0.9445 5.4214, -0.0512 -0.9102 5.4397, -0.0481 -0.8731 5.451, -0.045 -0.8345 5.4549, -0.1365 -1.0186 5.295, -0.1344 -1.0075 5.3322, -0.1311 -0.9894 5.3666, -0.1266 -0.9651 5.3967, -0.1211 -0.9355 5.4214, -0.1149 -0.9018 5.4397, -0.1081 -0.8651 5.451, -0.101 -0.827 5.4549, -1.7057 0.4107 5.2562, -1.7157 0.4154 5.2562, -1.7171 0.4119 5.295, -1.8097 0.4459 5.2562, -1.8628 0.4586 5.2562, -1.8635 0.4548 5.295, -1.9177 0.4659 5.2562, -1.9389 0.4687 5.2562, -1.9392 0.4649 5.295, -2.0275 0.4701 5.2562, -2.0921 0.4655 5.2562, -2.0917 0.4617 5.295, -2.2431 0.4308 5.2562, -2.3129 0.4031 5.2562, -2.3113 0.3996 5.295, -2.3439 0.387 5.2562, -2.381 0.3677 5.2562, -2.3791 0.3644 5.295, -2.438 0.3302 5.2562, -2.4452 0.3255 5.2562, -2.4429 0.3224 5.295, -2.5221 0.2596 5.2562, -2.5589 0.2228 5.2562, -2.5561 0.2202 5.295, -2.5955 0.1779 5.2562, -2.6074 0.1633 5.2562, -2.6043 0.161 5.295, -2.6562 0.0864 5.2562, -2.685 0.031 5.2562, -2.6815 0.0295 5.295, -2.7348 -0.1182 5.2562, -2.7474 -0.1897 5.2562, -2.7436 -0.1902 5.295, -2.7501 -0.227 5.2562, -2.7529 -0.2663 5.2562, -2.7491 -0.2664 5.295, -2.7508 -0.3369 5.2562, -2.7506 -0.343 5.2562, -2.7468 -0.3427 5.295, -2.7342 -0.4454 5.2562, -2.7226 -0.4937 5.2562, -2.719 -0.4927 5.295, -2.7027 -0.5507 5.2562, -2.6973 -0.5662 5.2562, -2.6938 -0.5647 5.295, -2.5481 -0.6073 5.4367, -2.5429 -0.6021 5.4395, -2.5565 -0.5781 5.4397, -2.4872 -0.5464 5.4549, -2.4894 -0.5424 5.4549, -2.4979 -0.557 5.4543, -2.5236 -0.5606 5.451, -2.5348 -0.594 5.444, -2.5167 -0.5758 5.4508, -2.5157 -0.5749 5.451, -2.5646 -0.6238 5.4244, -2.5868 -0.5942 5.4214, -2.5679 -0.6271 5.4212, -2.5797 -0.6389 5.4094, -2.6134 -0.6084 5.3967, -2.5896 -0.6488 5.3971, -2.602 -0.6612 5.3778, -2.6352 -0.62 5.3666, -2.6076 -0.6668 5.3664, -2.6124 -0.6716 5.3566, -2.6514 -0.6286 5.3322, -2.618 -0.6772 5.3418, -2.6614 -0.6339 5.295, -2.625 -0.6842 5.3179, -2.6209 -0.68 5.3321, -2.6648 -0.6357 5.2562, -2.6562 -0.6502 5.2562, -2.6321 -0.6913 5.2562, -2.6312 -0.6904 5.2779, -2.6296 -0.6888 5.2931, -2.6292 -0.6884 5.2949, -1.5919 0.349 5.282, -1.5906 0.3502 5.2562, -1.608 0.3604 5.2562, -1.6462 0.3829 5.2562, -1.648 0.3795 5.295, -1.5937 0.3471 5.2949, -1.6533 0.3695 5.3322, -1.5984 0.3424 5.3207, -1.5954 0.3454 5.3072, -1.6619 0.3533 5.3666, -1.6056 0.3352 5.3446, -1.6019 0.339 5.3321, -1.6735 0.3315 5.3967, -1.6209 0.32 5.378, -1.615 0.3259 5.3668, -1.6877 0.3049 5.4214, -1.6547 0.2861 5.4213, -1.6474 0.2934 5.4143, -1.6333 0.3075 5.3974, -1.6328 0.308 5.3966, -1.6895 0.2513 5.4447, -1.6798 0.261 5.4394, -1.7038 0.2746 5.4397, -1.672 0.2688 5.435, -1.6556 0.2853 5.4222, -1.7213 0.2417 5.451, -1.7395 0.2075 5.4549, -1.7355 0.2054 5.4549, -1.7182 0.2227 5.4535, -1.707 0.2338 5.4506, -1.6994 0.2414 5.4487, -2.5251 -0.104 5.4549, -2.5043 -0.0515 5.4549, -2.5618 -0.0916 5.451, -2.5395 -0.0354 5.451, -2.5971 -0.0796 5.4397, -2.5734 -0.0199 5.4397, -2.6296 -0.0686 5.4214, -2.6047 -0.0056 5.4214, -2.6581 -0.059 5.3967, -2.632 0.0069 5.3967, -2.6815 -0.051 5.3666, -2.6545 0.0171 5.3666, -2.6989 -0.0452 5.3322, -2.6712 0.0248 5.3322, -2.7096 -0.0415 5.295, -2.1235 0.2586 5.4549, -2.0678 0.2684 5.4549, -2.1321 0.2964 5.451, -2.0726 0.3068 5.451, -2.1404 0.3327 5.4397, -2.0771 0.3438 5.4397, -2.1481 0.3662 5.4214, -2.0813 0.3779 5.4214, -2.1548 0.3955 5.3967, -2.085 0.4078 5.3967, -2.1603 0.4196 5.3666, -2.088 0.4323 5.3666, -2.1644 0.4375 5.3322, -2.0903 0.4505 5.3322, -2.1669 0.4485 5.295, -2.5134 -0.4912 5.4549, -2.5493 -0.5058 5.451, -2.5838 -0.5199 5.4397, -2.6156 -0.5329 5.4214, -2.6435 -0.5442 5.3967, -2.6663 -0.5536 5.3666, -2.6833 -0.5605 5.3322, -2.7081 -0.4895 5.3322, -2.6905 -0.4843 5.3666, -2.6668 -0.4774 5.3967, -2.6379 -0.4689 5.4214, -2.605 -0.4592 5.4397, -2.5692 -0.4488 5.451, -2.532 -0.4379 5.4549, -2.7405 -0.4191 5.2562, -2.7367 -0.4184 5.295, -2.7256 -0.4163 5.3322, -2.7075 -0.413 5.3666, -2.6832 -0.4085 5.3967, -2.6536 -0.403 5.4214, -2.6199 -0.3967 5.4397, -2.5832 -0.39 5.451, -2.5451 -0.3829 5.4549, -2.5526 -0.3269 5.4549, -2.5912 -0.33 5.451, -2.6284 -0.3331 5.4397, -2.6626 -0.3358 5.4214, -2.6926 -0.3383 5.3967, -2.7172 -0.3403 5.3666, -2.7355 -0.3418 5.3322, -2.7378 -0.2666 5.3322, -2.7194 -0.267 5.3666, -2.6947 -0.2675 5.3967, -2.6646 -0.2681 5.4214, -2.6303 -0.2688 5.4397, -2.593 -0.2696 5.451, -2.5543 -0.2704 5.4549, -2.7324 -0.1916 5.3322, -2.7142 -0.1938 5.3666, -2.6897 -0.1969 5.3967, -2.6598 -0.2005 5.4214, -2.6257 -0.2048 5.4397, -2.5887 -0.2093 5.451, -2.5503 -0.2141 5.4549, -2.7341 -0.1142 5.2562, -2.7304 -0.115 5.295, -2.7194 -0.1175 5.3322, -2.7015 -0.1216 5.3666, -2.6774 -0.1271 5.3967, -2.6481 -0.1338 5.4214, -2.6146 -0.1415 5.4397, -2.5783 -0.1498 5.451, -2.5405 -0.1584 5.4549, -2.7132 -0.0403 5.2562, -2.7025 -0.0132 5.2562, -2.6495 0.0991 5.2562, -2.6463 0.0972 5.295, -2.6365 0.0915 5.3322, -2.6207 0.0822 5.3666, -2.5994 0.0697 5.3967, -2.5734 0.0545 5.4214, -2.5438 0.0371 5.4397, -2.5116 0.0182 5.451, -2.4782 -0.0014 5.4549, -2.4472 0.0458 5.4549, -2.4784 0.0688 5.451, -2.5085 0.0908 5.4397, -2.5362 0.1111 5.4214, -2.5605 0.1289 5.3967, -2.5804 0.1435 5.3666, -2.5952 0.1543 5.3322, -2.5477 0.2126 5.3322, -2.5341 0.2003 5.3666, -2.5157 0.1838 5.3967, -2.4934 0.1636 5.4214, -2.4679 0.1406 5.4397, -2.4403 0.1156 5.451, -2.4115 0.0897 5.4549, -2.5047 0.277 5.2562, -2.5021 0.2742 5.295, -2.4945 0.2658 5.3322, -2.4822 0.2522 5.3666, -2.4657 0.2339 5.3967, -2.4455 0.2115 5.4214, -2.4225 0.186 5.4397, -2.3975 0.1584 5.451, -2.3715 0.1296 5.4549, -2.3277 0.1653 5.4549, -2.3506 0.1965 5.451, -2.3727 0.2266 5.4397, -2.393 0.2543 5.4214, -2.4108 0.2786 5.3967, -2.4254 0.2985 5.3666, -2.4362 0.3133 5.3322, -2.3734 0.3546 5.3322, -2.3641 0.3388 5.3666, -2.3516 0.3175 5.3967, -2.3364 0.2915 5.4214, -2.319 0.2619 5.4397, -2.3001 0.2298 5.451, -2.2805 0.1963 5.4549, -2.3066 0.3893 5.3322, -2.299 0.3726 5.3666, -2.2888 0.3501 5.3967, -2.2762 0.3228 5.4214, -2.262 0.2915 5.4397, -2.2465 0.2576 5.451, -2.2304 0.2224 5.4549, -2.2416 0.4314 5.2562, -2.2404 0.4277 5.295, -2.2367 0.417 5.3322, -2.2308 0.3997 5.3666, -2.2229 0.3763 5.3967, -2.2133 0.3477 5.4214, -2.2022 0.3152 5.4397, -2.1903 0.2799 5.451, -2.1779 0.2432 5.4549, -2.1677 0.4522 5.2562, -2.1366 0.4577 5.2562, -2.0156 0.471 5.2562, -2.0155 0.4672 5.295, -2.0153 0.4559 5.3322, -2.0149 0.4375 5.3666, -2.0144 0.4128 5.3967, -2.0138 0.3827 5.4214, -2.0131 0.3484 5.4397, -2.0123 0.3112 5.451, -2.0115 0.2724 5.4549, -1.955 0.2707 5.4549, -1.9519 0.3093 5.451, -1.9488 0.3465 5.4397, -1.946 0.3807 5.4214, -1.9436 0.4107 5.3967, -1.9416 0.4353 5.3666, -1.9401 0.4536 5.3322, -1.8656 0.4437 5.3322, -1.8689 0.4256 5.3666, -1.8734 0.4014 5.3967, -1.8789 0.3718 5.4214, -1.8851 0.338 5.4397, -1.8919 0.3014 5.451, -1.899 0.2632 5.4549, -1.7882 0.4408 5.2562, -1.7892 0.4371 5.295, -1.7924 0.4262 5.3322, -1.7976 0.4086 5.3666, -1.8045 0.3849 5.3967, -1.813 0.356 5.4214, -1.8226 0.3231 5.4397, -1.8331 0.2873 5.451, -1.844 0.2501 5.4549, -1.7907 0.2315 5.4549, -1.7761 0.2674 5.451, -1.762 0.3019 5.4397, -1.749 0.3337 5.4214, -1.7377 0.3616 5.3967, -1.7283 0.3844 5.3666, -1.7214 0.4014 5.3322, -1.6551 -0.2819 2.8101, -1.6586 -0.331 2.8101, -2.0 -0.2819 2.8101, -1.6586 -0.2328 2.8101, -1.7098 -0.0954 2.8101, -1.6862 -0.1386 2.8101, -1.669 -0.1847 2.8101, -1.8135 0.0083 2.8101, -1.7741 -0.0212 2.8101, -1.7393 -0.056 2.8101, -1.9509 0.0595 2.8101, -1.9028 0.0491 2.8101, -1.8567 0.0319 2.8101, -2.0972 0.0491 2.8101, -2.0491 0.0595 2.8101, -2.0 0.063 2.8101, -2.2259 -0.0212 2.8101, -2.1865 0.0083 2.8101, -2.1433 0.0319 2.8101, -2.3138 -0.1386 2.8101, -2.2902 -0.0954 2.8101, -2.2607 -0.056 2.8101, -2.3449 -0.2819 2.8101, -2.3414 -0.2328 2.8101, -2.331 -0.1847 2.8101, -2.3138 -0.4252 2.8101, -2.331 -0.3791 2.8101, -2.3414 -0.331 2.8101, -2.2259 -0.5426 2.8101, -2.2607 -0.5078 2.8101, -2.2902 -0.4684 2.8101, -2.0972 -0.6129 2.8101, -2.1433 -0.5957 2.8101, -2.1865 -0.5721 2.8101, -1.9509 -0.6233 2.8101, -2.0 -0.6268 2.8101, -2.0491 -0.6233 2.8101, -1.8135 -0.5721 2.8101, -1.8567 -0.5957 2.8101, -1.9028 -0.6129 2.8101, -1.7098 -0.4684 2.8101, -1.7393 -0.5078 2.8101, -1.7741 -0.5426 2.8101, -1.669 -0.3791 2.8101, -1.6862 -0.4252 2.8101, -1.7261 -0.5701 2.8636, -1.7402 -0.5817 2.8498, -1.6988 -0.5429 2.8636, -1.7002 -0.5417 2.8498, -1.6735 -0.5091 2.8636, -1.6663 -0.4963 2.8498, -1.6648 -0.4973 2.8636, -1.6392 -0.4467 2.8498, -1.6375 -0.4474 2.8636, -1.739 -0.5831 2.8636, -1.7846 -0.6171 2.8636, -1.7855 -0.6156 2.8498, -1.7894 -0.6198 2.8636, -1.8352 -0.6427 2.8498, -1.8345 -0.6444 2.8636, -1.8882 -0.6625 2.8498, -1.862 -0.6546 2.8636, -1.8877 -0.6642 2.8636, -1.9397 -0.6756 2.8636, -1.9435 -0.6745 2.8498, -1.9433 -0.6763 2.8636, -2.0 -0.6804 2.8636, -2.0 -0.6786 2.8498, -2.0201 -0.679 2.8636, -2.0565 -0.6745 2.8498, -2.0567 -0.6763 2.8636, -2.1118 -0.6625 2.8498, -2.0997 -0.667 2.8636, -2.1123 -0.6642 2.8636, -2.1655 -0.6444 2.8636, -2.1648 -0.6427 2.8498, -2.1752 -0.6391 2.8636, -2.2145 -0.6156 2.8498, -2.2154 -0.6171 2.8636, -2.2598 -0.5817 2.8498, -2.2433 -0.5962 2.8636, -2.261 -0.5831 2.8636, -2.3012 -0.5429 2.8636, -2.2998 -0.5417 2.8498, -2.3023 -0.5414 2.8636, -2.3337 -0.4963 2.8498, -2.3352 -0.4973 2.8636, -2.3475 -0.4748 2.8636, -2.3608 -0.4467 2.8498, -2.3625 -0.4474 2.8636, -2.3798 -0.401 2.8636, -2.3806 -0.3936 2.8498, -2.3824 -0.3942 2.8636, -2.3944 -0.3386 2.8636, -2.3926 -0.3383 2.8498, -2.3956 -0.3221 2.8636, -2.3967 -0.2819 2.8498, -2.3985 -0.2819 2.8636, -2.3926 -0.2254 2.8498, -2.3956 -0.2416 2.8636, -2.3944 -0.2252 2.8636, -2.3824 -0.1696 2.8636, -2.3806 -0.1701 2.8498, -2.3798 -0.1628 2.8636, -2.3608 -0.1171 2.8498, -2.3625 -0.1163 2.8636, -2.3337 -0.0674 2.8498, -2.3475 -0.089 2.8636, -2.3352 -0.0664 2.8636, -2.3023 -0.0224 2.8636, -2.2998 -0.0221 2.8498, -2.3012 -0.0209 2.8636, -2.261 0.0193 2.8636, -2.2598 0.0179 2.8498, -2.2433 0.0325 2.8636, -2.2145 0.0518 2.8498, -2.2154 0.0533 2.8636, -2.1648 0.0789 2.8498, -2.1752 0.0753 2.8636, -2.1655 0.0806 2.8636, -2.1123 0.1005 2.8636, -2.1118 0.0987 2.8498, -2.0997 0.1032 2.8636, -2.0565 0.1107 2.8498, -2.0567 0.1126 2.8636, -2.0 0.1148 2.8498, -2.0201 0.1152 2.8636, -2.0 0.1166 2.8636, -1.9433 0.1126 2.8636, -1.9435 0.1107 2.8498, -1.9397 0.1118 2.8636, -1.8882 0.0987 2.8498, -1.8877 0.1005 2.8636, -1.862 0.0909 2.8636, -1.8352 0.0789 2.8498, -1.8345 0.0806 2.8636, -1.7894 0.056 2.8636, -1.7855 0.0518 2.8498, -1.7846 0.0533 2.8636, -1.739 0.0193 2.8636, -1.7402 0.0179 2.8498, -1.7261 0.0063 2.8636, -1.7002 -0.0221 2.8498, -1.6988 -0.0209 2.8636, -1.6663 -0.0674 2.8498, -1.6735 -0.0547 2.8636, -1.6648 -0.0664 2.8636, -1.6375 -0.1163 2.8636, -1.6392 -0.1171 2.8498, -1.6343 -0.1249 2.8636, -1.6194 -0.1701 2.8498, -1.6176 -0.1696 2.8636, -1.6074 -0.2254 2.8498, -1.6106 -0.2019 2.8636, -1.6056 -0.2252 2.8636, -1.6015 -0.2819 2.8636, -1.6033 -0.2819 2.8498, -1.6056 -0.3386 2.8636, -1.6074 -0.3383 2.8498, -1.6106 -0.3619 2.8636, -1.6194 -0.3936 2.8498, -1.6176 -0.3942 2.8636, -1.6343 -0.4388 2.8636, -1.6127 -0.2262 2.8368, -1.6245 -0.1716 2.8368, -1.644 -0.1193 2.8368, -1.6708 -0.0703 2.8368, -1.7043 -0.0256 2.8368, -1.7437 0.0139 2.8368, -1.7884 0.0473 2.8368, -1.8374 0.0741 2.8368, -1.8898 0.0936 2.8368, -1.9443 0.1055 2.8368, -2.0 0.1094 2.8368, -2.0557 0.1055 2.8368, -2.1102 0.0936 2.8368, -2.1626 0.0741 2.8368, -2.2116 0.0473 2.8368, -2.2563 0.0139 2.8368, -2.2957 -0.0256 2.8368, -2.3292 -0.0703 2.8368, -2.356 -0.1193 2.8368, -2.3755 -0.1716 2.8368, -2.3873 -0.2262 2.8368, -2.3913 -0.2819 2.8368, -2.3873 -0.3376 2.8368, -2.3755 -0.3921 2.8368, -2.356 -0.4445 2.8368, -2.3292 -0.4935 2.8368, -2.2957 -0.5382 2.8368, -2.2563 -0.5776 2.8368, -2.2116 -0.6111 2.8368, -2.1626 -0.6379 2.8368, -2.1102 -0.6574 2.8368, -2.0557 -0.6692 2.8368, -2.0 -0.6732 2.8368, -1.9443 -0.6692 2.8368, -1.8898 -0.6574 2.8368, -1.8374 -0.6379 2.8368, -1.7884 -0.6111 2.8368, -1.7437 -0.5776 2.8368, -1.7043 -0.5382 2.8368, -1.6708 -0.4935 2.8368, -1.644 -0.4445 2.8368, -1.6245 -0.3921 2.8368, -1.6127 -0.3376 2.8368, -1.6087 -0.2819 2.8368, -1.6211 -0.2274 2.8258, -1.6327 -0.174 2.8258, -1.6518 -0.1229 2.8258, -1.678 -0.0749 2.8258, -1.7107 -0.0312 2.8258, -1.7493 0.0074 2.8258, -1.793 0.0402 2.8258, -1.841 0.0663 2.8258, -1.8921 0.0854 2.8258, -1.9455 0.097 2.8258, -2.0 0.1009 2.8258, -2.0545 0.097 2.8258, -2.1079 0.0854 2.8258, -2.159 0.0663 2.8258, -2.207 0.0402 2.8258, -2.2507 0.0074 2.8258, -2.2893 -0.0312 2.8258, -2.322 -0.0749 2.8258, -2.3482 -0.1229 2.8258, -2.3673 -0.174 2.8258, -2.3789 -0.2274 2.8258, -2.3828 -0.2819 2.8258, -2.3789 -0.3364 2.8258, -2.3673 -0.3897 2.8258, -2.3482 -0.4409 2.8258, -2.322 -0.4889 2.8258, -2.2893 -0.5326 2.8258, -2.2507 -0.5712 2.8258, -2.207 -0.6039 2.8258, -2.159 -0.6301 2.8258, -2.1079 -0.6492 2.8258, -2.0545 -0.6608 2.8258, -2.0 -0.6647 2.8258, -1.9455 -0.6608 2.8258, -1.8921 -0.6492 2.8258, -1.841 -0.6301 2.8258, -1.793 -0.6039 2.8258, -1.7493 -0.5712 2.8258, -1.7107 -0.5326 2.8258, -1.678 -0.4889 2.8258, -1.6518 -0.4409 2.8258, -1.6327 -0.3897 2.8258, -1.6211 -0.3364 2.8258, -1.6172 -0.2819 2.8258, -1.6321 -0.229 2.8172, -1.6433 -0.1772 2.8172, -1.6619 -0.1275 2.8172, -1.6873 -0.0809 2.8172, -1.7191 -0.0385 2.8172, -1.7566 -0.001 2.8172, -1.799 0.0308 2.8172, -1.8456 0.0562 2.8172, -1.8953 0.0748 2.8172, -1.9471 0.086 2.8172, -2.0 0.0898 2.8172, -2.0529 0.086 2.8172, -2.1047 0.0748 2.8172, -2.1544 0.0562 2.8172, -2.201 0.0308 2.8172, -2.2434 -0.001 2.8172, -2.2809 -0.0385 2.8172, -2.3127 -0.0809 2.8172, -2.3381 -0.1275 2.8172, -2.3567 -0.1772 2.8172, -2.3679 -0.229 2.8172, -2.3717 -0.2819 2.8172, -2.3679 -0.3348 2.8172, -2.3567 -0.3866 2.8172, -2.3381 -0.4363 2.8172, -2.3127 -0.4829 2.8172, -2.2809 -0.5253 2.8172, -2.2434 -0.5628 2.8172, -2.201 -0.5946 2.8172, -2.1544 -0.62 2.8172, -2.1047 -0.6386 2.8172, -2.0529 -0.6498 2.8172, -2.0 -0.6536 2.8172, -1.9471 -0.6498 2.8172, -1.8953 -0.6386 2.8172, -1.8456 -0.62 2.8172, -1.799 -0.5946 2.8172, -1.7566 -0.5628 2.8172, -1.7191 -0.5253 2.8172, -1.6873 -0.4829 2.8172, -1.6619 -0.4363 2.8172, -1.6433 -0.3866 2.8172, -1.6321 -0.3348 2.8172, -1.6283 -0.2819 2.8172, -1.6449 -0.2308 2.8119, -1.6557 -0.1808 2.8119, -1.6736 -0.1328 2.8119, -1.6982 -0.0879 2.8119, -1.7288 -0.0469 2.8119, -1.765 -0.0107 2.8119, -1.806 0.02 2.8119, -1.8509 0.0445 2.8119, -1.8989 0.0624 2.8119, -1.9489 0.0733 2.8119, -2.0 0.0769 2.8119, -2.0511 0.0733 2.8119, -2.1011 0.0624 2.8119, -2.1491 0.0445 2.8119, -2.194 0.02 2.8119, -2.235 -0.0107 2.8119, -2.2712 -0.0469 2.8119, -2.3018 -0.0879 2.8119, -2.3264 -0.1328 2.8119, -2.3443 -0.1808 2.8119, -2.3551 -0.2308 2.8119, -2.3588 -0.2819 2.8119, -2.3551 -0.333 2.8119, -2.3443 -0.383 2.8119, -2.3264 -0.4309 2.8119, -2.3018 -0.4759 2.8119, -2.2712 -0.5169 2.8119, -2.235 -0.5531 2.8119, -2.194 -0.5837 2.8119, -2.1491 -0.6083 2.8119, -2.1011 -0.6262 2.8119, -2.0511 -0.637 2.8119, -2.0 -0.6407 2.8119, -1.9489 -0.637 2.8119, -1.8989 -0.6262 2.8119, -1.8509 -0.6083 2.8119, -1.806 -0.5837 2.8119, -1.765 -0.5531 2.8119, -1.7288 -0.5169 2.8119, -1.6982 -0.4759 2.8119, -1.6736 -0.4309 2.8119, -1.6557 -0.383 2.8119, -1.6449 -0.333 2.8119, -1.6412 -0.2819 2.8119, -1.7901 -0.6186 3.0387, -1.7598 -0.5999 3.0387, -1.7265 -0.5695 3.0387, -1.7055 -0.5504 3.0387, -1.674 -0.5087 3.0387, -1.6612 -0.4917 3.0387, -2.0202 -0.6787 3.0387, -1.9632 -0.6787 3.0387, -1.9399 -0.6743 3.0387, -1.8909 -0.6652 3.0387, -1.8622 -0.654 3.0387, -1.8224 -0.6386 3.0387, -2.3016 -0.5409 3.0387, -2.2945 -0.5504 3.0387, -2.2436 -0.5967 3.0387, -2.2401 -0.5999 3.0387, -2.1776 -0.6386 3.0387, -2.1754 -0.6395 3.0387, -2.1091 -0.6652 3.0387, -2.0997 -0.6669 3.0387, -2.0368 -0.6787 3.0387, -2.3948 -0.3221 3.0387, -2.3917 -0.3551 3.0387, -2.3787 -0.4008 3.0387, -2.3716 -0.4258 3.0387, -2.3473 -0.4747 3.0387, -2.3388 -0.4917 3.0387, -2.3787 -0.163 3.0387, -2.3917 -0.2087 3.0387, -2.3948 -0.2417 3.0387, -2.3985 -0.2819 3.0387, -2.2436 0.0329 3.0387, -2.2945 -0.0134 3.0387, -2.3016 -0.0229 3.0387, -2.3388 -0.0721 3.0387, -2.3473 -0.0891 3.0387, -2.3716 -0.1379 3.0387, -2.2401 0.0361 3.0387, -2.1776 0.0748 3.0387, -2.1754 0.0757 3.0387, -2.1091 0.1014 3.0387, -1.9399 0.1106 3.0387, -1.9632 0.1149 3.0387, -2.0202 0.1149 3.0387, -2.0368 0.1149 3.0387, -2.0997 0.1031 3.0387, -1.7265 0.0057 3.0387, -1.7598 0.0361 3.0387, -1.7901 0.0549 3.0387, -1.8224 0.0748 3.0387, -1.8622 0.0903 3.0387, -1.8909 0.1014 3.0387, -1.6102 -0.2018 3.0387, -1.6284 -0.1379 3.0387, -1.6347 -0.1252 3.0387, -1.6612 -0.0721 3.0387, -1.674 -0.0551 3.0387, -1.7055 -0.0134 3.0387, -1.6347 -0.4386 3.0387, -1.6284 -0.4258 3.0387, -1.6102 -0.3619 3.0387, -1.6083 -0.3551 3.0387, -1.6015 -0.2819 3.0387, -1.6083 -0.2087 3.0387, -1.5378 -0.3683 3.1104, -1.5615 -0.4518 3.1104, -1.6002 -0.5294 3.1104, -1.6525 -0.5987 3.1104, -1.7166 -0.6571 3.1104, -1.7904 -0.7028 3.1104, -1.8713 -0.7342 3.1104, -1.9566 -0.7501 3.1104, -2.0434 -0.7501 3.1104, -2.1287 -0.7342 3.1104, -2.2834 -0.6571 3.1104, -2.2096 -0.7028 3.1104, -2.3475 -0.5987 3.1104, -2.3998 -0.5294 3.1104, -2.4385 -0.4518 3.1104, -2.4622 -0.3683 3.1104, -2.4702 -0.2819 3.1104, -2.4622 -0.1955 3.1104, -2.4385 -0.112 3.1104, -2.3998 -0.0343 3.1104, -2.3475 0.0349 3.1104, -2.2096 0.139 3.1104, -2.2834 0.0934 3.1104, -2.1287 0.1704 3.1104, -2.0434 0.1863 3.1104, -1.9566 0.1863 3.1104, -1.8713 0.1704 3.1104, -1.7904 0.139 3.1104, -1.7166 0.0934 3.1104, -1.6525 0.0349 3.1104, -1.6002 -0.0343 3.1104, -1.5615 -0.112 3.1104, -1.5298 -0.2819 3.1104, -1.5378 -0.1955 3.1104, -1.5298 -0.2819 4.8846, -1.5378 -0.1955 4.8846, -1.5615 -0.112 4.8846, -1.6002 -0.0343 4.8846, -1.6525 0.0349 4.8846, -1.7166 0.0934 4.8846, -1.7904 0.139 4.8846, -1.8713 0.1704 4.8846, -1.9566 0.1863 4.8846, -2.0434 0.1863 4.8846, -2.1287 0.1704 4.8846, -2.2096 0.139 4.8846, -2.2834 0.0934 4.8846, -2.3475 0.0349 4.8846, -2.3998 -0.0343 4.8846, -2.4385 -0.112 4.8846, -2.4622 -0.1955 4.8846, -2.4702 -0.2819 4.8846, -2.4622 -0.3683 4.8846, -2.4385 -0.4518 4.8846, -2.3998 -0.5294 4.8846, -2.3475 -0.5987 4.8846, -2.2834 -0.6571 4.8846, -2.2096 -0.7028 4.8846, -2.1287 -0.7342 4.8846, -2.0434 -0.7501 4.8846, -1.9566 -0.7501 4.8846, -1.8713 -0.7342 4.8846, -1.7904 -0.7028 4.8846, -1.7166 -0.6571 4.8846, -1.6525 -0.5987 4.8846, -1.6002 -0.5294 4.8846, -1.5615 -0.4518 4.8846, -1.5378 -0.3683 4.8846, -2.573 -0.2217 4.8846, -2.573 -0.3421 4.8846, -2.5762 -0.2819 4.8846, -2.548 -0.4599 4.8846, -2.5636 -0.4017 4.8846, -2.4661 -0.6206 4.8846, -2.499 -0.57 4.8846, -2.5264 -0.5162 4.8846, -2.1198 -0.8455 4.8846, -2.178 -0.8299 4.8846, -1.5339 0.0568 4.8846, -1.501 0.0062 4.8846, -1.6145 0.1463 4.8846, -1.5718 0.1036 4.8846, -2.3855 0.1463 4.8846, -2.3855 -0.7101 4.8846, -2.4282 -0.6674 4.8846, -2.2344 -0.8083 4.8846, -2.2881 -0.7809 4.8846, -2.3387 -0.748 4.8846, -1.452 -0.4599 4.8846, -1.4736 -0.5162 4.8846, -1.427 -0.3421 4.8846, -1.4364 -0.4017 4.8846, -2.5636 -0.1621 4.8846, -2.548 -0.1038 4.8846, -2.5264 -0.0475 4.8846, -2.0 -0.8581 4.8846, -2.0602 -0.8549 4.8846, -1.427 -0.2217 4.8846, -1.4238 -0.2819 4.8846, -1.4736 -0.0475 4.8846, -1.452 -0.1038 4.8846, -1.4364 -0.1621 4.8846, -1.7119 0.2171 4.8846, -1.6613 0.1842 4.8846, -1.8802 0.2817 4.8846, -1.822 0.2661 4.8846, -1.7656 0.2445 4.8846, -2.3387 0.1842 4.8846, -2.2881 0.2171 4.8846, -2.2344 0.2445 4.8846, -1.8802 -0.8455 4.8846, -1.9398 -0.8549 4.8846, -1.7119 -0.7809 4.8846, -1.7656 -0.8083 4.8846, -1.822 -0.8299 4.8846, -2.0 0.2943 4.8846, -1.9398 0.2911 4.8846, -2.499 0.0062 4.8846, -2.4661 0.0568 4.8846, -2.4282 0.1036 4.8846, -1.6145 -0.7101 4.8846, -1.6613 -0.748 4.8846, -2.178 0.2661 4.8846, -2.1198 0.2817 4.8846, -2.0602 0.2911 4.8846, -1.501 -0.57 4.8846, -1.5339 -0.6206 4.8846, -1.5718 -0.6674 4.8846, -1.2795 -0.4987 5.0615, -1.287 -0.5135 5.027, -1.2667 -0.4378 5.027, -1.2838 -0.5146 5.0615, -1.3121 -0.5882 5.0615, -1.3152 -0.5868 5.027, -1.3187 -0.6012 5.0615, -1.3508 -0.6567 5.027, -1.3478 -0.6584 5.0615, -1.3935 -0.7225 5.027, -1.3728 -0.6969 5.0615, -1.3908 -0.7245 5.0615, -1.4392 -0.7844 5.0615, -1.4429 -0.7835 5.027, -1.4404 -0.7858 5.0615, -1.4961 -0.8415 5.0615, -1.4984 -0.839 5.027, -1.5189 -0.86 5.0615, -1.5594 -0.8884 5.027, -1.5574 -0.8911 5.0615, -1.6081 -0.9241 5.0615, -1.6252 -0.9311 5.027, -1.6235 -0.9341 5.0615, -1.6937 -0.9698 5.0615, -1.6951 -0.9667 5.027, -1.7057 -0.9744 5.0615, -1.7683 -0.9949 5.027, -1.7673 -0.9981 5.0615, -1.8441 -1.0152 5.027, -1.8098 -1.0095 5.0615, -1.8434 -1.0185 5.0615, -1.9177 -1.0302 5.0615, -1.9216 -1.0274 5.027, -1.9213 -1.0308 5.0615, -2.0 -1.0349 5.0615, -2.0 -1.0315 5.027, -2.0275 -1.0335 5.0615, -2.0784 -1.0274 5.027, -2.0787 -1.0308 5.0615, -2.1367 -1.0216 5.0615, -2.1559 -1.0152 5.027, -2.1566 -1.0185 5.0615, -2.2327 -0.9981 5.0615, -2.2317 -0.9949 5.027, -2.243 -0.9941 5.0615, -2.3049 -0.9667 5.027, -2.3063 -0.9698 5.0615, -2.3748 -0.9311 5.027, -2.3439 -0.9507 5.0615, -2.3765 -0.9341 5.0615, -2.438 -0.8941 5.0615, -2.4406 -0.8884 5.027, -2.4426 -0.8911 5.0615, -2.5039 -0.8415 5.0615, -2.5016 -0.839 5.027, -2.522 -0.8234 5.0615, -2.5571 -0.7835 5.027, -2.5596 -0.7858 5.0615, -2.6065 -0.7225 5.027, -2.5954 -0.7416 5.0615, -2.6092 -0.7245 5.0615, -2.6522 -0.6584 5.0615, -2.6492 -0.6567 5.027, -2.6563 -0.6503 5.0615, -2.6848 -0.5868 5.027, -2.6879 -0.5882 5.0615, -2.713 -0.5135 5.027, -2.7024 -0.5505 5.0615, -2.7162 -0.5146 5.0615, -2.7347 -0.4455 5.0615, -2.7333 -0.4378 5.027, -2.7366 -0.4385 5.0615, -2.7489 -0.3606 5.0615, -2.7455 -0.3603 5.027, -2.7502 -0.3368 5.0615, -2.7497 -0.2819 5.027, -2.7531 -0.2819 5.0615, -2.7455 -0.2035 5.027, -2.7502 -0.227 5.0615, -2.7489 -0.2032 5.0615, -2.7366 -0.1253 5.0615, -2.7333 -0.126 5.027, -2.7347 -0.1182 5.0615, -2.713 -0.0502 5.027, -2.7162 -0.0492 5.0615, -2.7024 -0.0132 5.0615, -2.6848 0.023 5.027, -2.6879 0.0244 5.0615, -2.6563 0.0865 5.0615, -2.6492 0.0929 5.027, -2.6522 0.0946 5.0615, -2.6092 0.1607 5.0615, -2.6065 0.1587 5.027, -2.5954 0.1778 5.0615, -2.5571 0.2197 5.027, -2.5596 0.222 5.0615, -2.5016 0.2752 5.027, -2.522 0.2596 5.0615, -2.5039 0.2777 5.0615, -2.4426 0.3273 5.0615, -2.4406 0.3246 5.027, -2.438 0.3303 5.0615, -2.3748 0.3673 5.027, -2.3765 0.3703 5.0615, -2.3439 0.3869 5.0615, -2.3049 0.403 5.027, -2.3063 0.4061 5.0615, -2.243 0.4304 5.0615, -2.2317 0.4311 5.027, -2.2327 0.4343 5.0615, -2.1566 0.4547 5.0615, -2.1559 0.4514 5.027, -2.1367 0.4579 5.0615, -2.0784 0.4637 5.027, -2.0787 0.467 5.0615, -2.0 0.4678 5.027, -2.0275 0.4697 5.0615, -2.0 0.4712 5.0615, -1.9213 0.467 5.0615, -1.9216 0.4637 5.027, -1.9177 0.4665 5.0615, -1.8441 0.4514 5.027, -1.8434 0.4547 5.0615, -1.8098 0.4457 5.0615, -1.7683 0.4311 5.027, -1.7673 0.4343 5.0615, -1.7057 0.4107 5.0615, -1.6951 0.403 5.027, -1.6937 0.4061 5.0615, -1.6235 0.3703 5.0615, -1.6252 0.3673 5.027, -1.6081 0.3603 5.0615, -1.5594 0.3246 5.027, -1.5574 0.3273 5.0615, -1.4984 0.2752 5.027, -1.5189 0.2962 5.0615, -1.4961 0.2777 5.0615, -1.4404 0.222 5.0615, -1.4429 0.2197 5.027, -1.4392 0.2206 5.0615, -1.3935 0.1587 5.027, -1.3908 0.1607 5.0615, -1.3728 0.1331 5.0615, -1.3508 0.0929 5.027, -1.3478 0.0946 5.0615, -1.3187 0.0375 5.0615, -1.3152 0.023 5.027, -1.3121 0.0244 5.0615, -1.2838 -0.0492 5.0615, -1.287 -0.0502 5.027, -1.2795 -0.0651 5.0615, -1.2667 -0.126 5.027, -1.2634 -0.1253 5.0615, -1.2545 -0.2035 5.027, -1.2559 -0.1724 5.0615, -1.2511 -0.2032 5.0615, -1.2469 -0.2819 5.0615, -1.2503 -0.2819 5.027, -1.2511 -0.3606 5.0615, -1.2545 -0.3603 5.027, -1.2559 -0.3914 5.0615, -1.2634 -0.4385 5.0615, -1.2645 -0.2046 4.9938, -1.2766 -0.1281 4.9938, -1.2966 -0.0533 4.9938, -1.3244 0.0189 4.9938, -1.3595 0.0879 4.9938, -1.4017 0.1528 4.9938, -1.4504 0.213 4.9938, -1.5051 0.2677 4.9938, -1.5653 0.3164 4.9938, -1.6302 0.3586 4.9938, -1.6992 0.3938 4.9938, -1.7715 0.4215 4.9938, -1.8462 0.4415 4.9938, -1.9227 0.4536 4.9938, -2.0 0.4577 4.9938, -2.0773 0.4536 4.9938, -2.1538 0.4415 4.9938, -2.2285 0.4215 4.9938, -2.3008 0.3938 4.9938, -2.3698 0.3586 4.9938, -2.4347 0.3164 4.9938, -2.4949 0.2677 4.9938, -2.5496 0.213 4.9938, -2.5983 0.1528 4.9938, -2.6405 0.0879 4.9938, -2.6756 0.0189 4.9938, -2.7034 -0.0533 4.9938, -2.7234 -0.1281 4.9938, -2.7355 -0.2046 4.9938, -2.7396 -0.2819 4.9938, -2.7355 -0.3592 4.9938, -2.7234 -0.4357 4.9938, -2.7034 -0.5104 4.9938, -2.6756 -0.5827 4.9938, -2.6405 -0.6517 4.9938, -2.5983 -0.7166 4.9938, -2.5496 -0.7768 4.9938, -2.4949 -0.8315 4.9938, -2.4347 -0.8802 4.9938, -2.3698 -0.9224 4.9938, -2.3008 -0.9575 4.9938, -2.2285 -0.9853 4.9938, -2.1538 -1.0053 4.9938, -2.0773 -1.0174 4.9938, -2.0 -1.0215 4.9938, -1.9227 -1.0174 4.9938, -1.8462 -1.0053 4.9938, -1.7715 -0.9853 4.9938, -1.6992 -0.9575 4.9938, -1.6302 -0.9224 4.9938, -1.5653 -0.8802 4.9938, -1.5051 -0.8315 4.9938, -1.4504 -0.7768 4.9938, -1.4017 -0.7166 4.9938, -1.3595 -0.6517 4.9938, -1.3244 -0.5827 4.9938, -1.2966 -0.5104 4.9938, -1.2766 -0.4357 4.9938, -1.2645 -0.3592 4.9938, -1.2604 -0.2819 4.9938, -1.2807 -0.2063 4.9632, -1.2926 -0.1315 4.9632, -1.3122 -0.0584 4.9632, -1.3393 0.0123 4.9632, -1.3737 0.0797 4.9632, -1.4149 0.1432 4.9632, -1.4625 0.2021 4.9632, -1.5161 0.2556 4.9632, -1.5749 0.3032 4.9632, -1.6384 0.3445 4.9632, -1.7058 0.3788 4.9632, -1.7765 0.406 4.9632, -1.8496 0.4255 4.9632, -1.9244 0.4374 4.9632, -2.0 0.4414 4.9632, -2.0756 0.4374 4.9632, -2.1504 0.4255 4.9632, -2.2235 0.406 4.9632, -2.2942 0.3788 4.9632, -2.3616 0.3445 4.9632, -2.4251 0.3032 4.9632, -2.4839 0.2556 4.9632, -2.5375 0.2021 4.9632, -2.5851 0.1432 4.9632, -2.6263 0.0797 4.9632, -2.6607 0.0123 4.9632, -2.6878 -0.0584 4.9632, -2.7074 -0.1315 4.9632, -2.7193 -0.2063 4.9632, -2.7232 -0.2819 4.9632, -2.7193 -0.3575 4.9632, -2.7074 -0.4323 4.9632, -2.6878 -0.5054 4.9632, -2.6607 -0.5761 4.9632, -2.6263 -0.6435 4.9632, -2.5851 -0.707 4.9632, -2.5375 -0.7658 4.9632, -2.4839 -0.8194 4.9632, -2.4251 -0.867 4.9632, -2.3616 -0.9082 4.9632, -2.2942 -0.9426 4.9632, -2.2235 -0.9697 4.9632, -2.1504 -0.9893 4.9632, -2.0756 -1.0012 4.9632, -2.0 -1.0051 4.9632, -1.9244 -1.0012 4.9632, -1.8496 -0.9893 4.9632, -1.7765 -0.9697 4.9632, -1.7058 -0.9426 4.9632, -1.6384 -0.9082 4.9632, -1.5749 -0.867 4.9632, -1.5161 -0.8194 4.9632, -1.4625 -0.7658 4.9632, -1.4149 -0.707 4.9632, -1.3737 -0.6435 4.9632, -1.3393 -0.5761 4.9632, -1.3122 -0.5054 4.9632, -1.2926 -0.4323 4.9632, -1.2807 -0.3575 4.9632, -1.2768 -0.2819 4.9632, -1.3026 -0.2086 4.9364, -1.3141 -0.1361 4.9364, -1.3331 -0.0652 4.9364, -1.3594 0.0033 4.9364, -1.3927 0.0687 4.9364, -1.4327 0.1303 4.9364, -1.4789 0.1873 4.9364, -1.5308 0.2392 4.9364, -1.5878 0.2854 4.9364, -1.6494 0.3254 4.9364, -1.7148 0.3587 4.9364, -1.7833 0.385 4.9364, -1.8542 0.404 4.9364, -1.9267 0.4155 4.9364, -2.0 0.4194 4.9364, -2.0733 0.4155 4.9364, -2.1458 0.404 4.9364, -2.2167 0.385 4.9364, -2.2852 0.3587 4.9364, -2.3506 0.3254 4.9364, -2.4122 0.2854 4.9364, -2.4692 0.2392 4.9364, -2.5211 0.1873 4.9364, -2.5673 0.1303 4.9364, -2.6073 0.0687 4.9364, -2.6406 0.0033 4.9364, -2.6669 -0.0652 4.9364, -2.6859 -0.1361 4.9364, -2.6974 -0.2086 4.9364, -2.7012 -0.2819 4.9364, -2.6974 -0.3552 4.9364, -2.6859 -0.4277 4.9364, -2.6669 -0.4986 4.9364, -2.6406 -0.5671 4.9364, -2.6073 -0.6325 4.9364, -2.5673 -0.6941 4.9364, -2.5211 -0.7511 4.9364, -2.4692 -0.803 4.9364, -2.4122 -0.8492 4.9364, -2.3506 -0.8892 4.9364, -2.2852 -0.9225 4.9364, -2.2167 -0.9488 4.9364, -2.1458 -0.9678 4.9364, -2.0733 -0.9793 4.9364, -2.0 -0.9831 4.9364, -1.9267 -0.9793 4.9364, -1.8542 -0.9678 4.9364, -1.7833 -0.9488 4.9364, -1.7148 -0.9225 4.9364, -1.6494 -0.8892 4.9364, -1.5878 -0.8492 4.9364, -1.5308 -0.803 4.9364, -1.4789 -0.7511 4.9364, -1.4327 -0.6941 4.9364, -1.3927 -0.6325 4.9364, -1.3594 -0.5671 4.9364, -1.3331 -0.4986 4.9364, -1.3141 -0.4277 4.9364, -1.3026 -0.3552 4.9364, -1.2988 -0.2819 4.9364, -1.3292 -0.2114 4.9145, -1.3403 -0.1417 4.9145, -1.3586 -0.0735 4.9145, -1.3839 -0.0076 4.9145, -1.4159 0.0553 4.9145, -1.4544 0.1145 4.9145, -1.4988 0.1694 4.9145, -1.5487 0.2193 4.9145, -1.6036 0.2637 4.9145, -1.6628 0.3022 4.9145, -1.7257 0.3342 4.9145, -1.7916 0.3595 4.9145, -1.8598 0.3778 4.9145, -1.9295 0.3889 4.9145, -2.0 0.3926 4.9145, -2.0705 0.3889 4.9145, -2.1402 0.3778 4.9145, -2.2084 0.3595 4.9145, -2.2743 0.3342 4.9145, -2.3372 0.3022 4.9145, -2.3964 0.2637 4.9145, -2.4513 0.2193 4.9145, -2.5012 0.1694 4.9145, -2.5456 0.1145 4.9145, -2.5841 0.0553 4.9145, -2.6161 -0.0076 4.9145, -2.6414 -0.0735 4.9145, -2.6597 -0.1417 4.9145, -2.6708 -0.2114 4.9145, -2.6744 -0.2819 4.9145, -2.6708 -0.3524 4.9145, -2.6597 -0.4221 4.9145, -2.6414 -0.4903 4.9145, -2.6161 -0.5562 4.9145, -2.5841 -0.6191 4.9145, -2.5456 -0.6783 4.9145, -2.5012 -0.7332 4.9145, -2.4513 -0.7831 4.9145, -2.3964 -0.8275 4.9145, -2.3372 -0.866 4.9145, -2.2743 -0.898 4.9145, -2.2084 -0.9233 4.9145, -2.1402 -0.9416 4.9145, -2.0705 -0.9526 4.9145, -2.0 -0.9563 4.9145, -1.9295 -0.9526 4.9145, -1.8598 -0.9416 4.9145, -1.7916 -0.9233 4.9145, -1.7257 -0.898 4.9145, -1.6628 -0.866 4.9145, -1.6036 -0.8275 4.9145, -1.5487 -0.7831 4.9145, -1.4988 -0.7332 4.9145, -1.4544 -0.6783 4.9145, -1.4159 -0.6191 4.9145, -1.3839 -0.5562 4.9145, -1.3586 -0.4903 4.9145, -1.3403 -0.4221 4.9145, -1.3292 -0.3524 4.9145, -1.3256 -0.2819 4.9145, -1.3597 -0.2146 4.8981, -1.3702 -0.148 4.8981, -1.3876 -0.0829 4.8981, -1.4118 -0.02 4.8981, -1.4424 0.04 4.8981, -1.4791 0.0966 4.8981, -1.5215 0.1489 4.8981, -1.5692 0.1966 4.8981, -1.6215 0.239 4.8981, -1.6781 0.2757 4.8981, -1.7381 0.3063 4.8981, -1.801 0.3305 4.8981, -1.8661 0.3479 4.8981, -1.9327 0.3584 4.8981, -2.0 0.362 4.8981, -2.0673 0.3584 4.8981, -2.1339 0.3479 4.8981, -2.199 0.3305 4.8981, -2.2619 0.3063 4.8981, -2.3219 0.2757 4.8981, -2.3785 0.239 4.8981, -2.4308 0.1966 4.8981, -2.4785 0.1489 4.8981, -2.5209 0.0966 4.8981, -2.5576 0.04 4.8981, -2.5882 -0.02 4.8981, -2.6124 -0.0829 4.8981, -2.6298 -0.148 4.8981, -2.6403 -0.2146 4.8981, -2.6439 -0.2819 4.8981, -2.6403 -0.3492 4.8981, -2.6298 -0.4158 4.8981, -2.6124 -0.4809 4.8981, -2.5882 -0.5438 4.8981, -2.5576 -0.6038 4.8981, -2.5209 -0.6603 4.8981, -2.4785 -0.7127 4.8981, -2.4308 -0.7604 4.8981, -2.3785 -0.8028 4.8981, -2.3219 -0.8395 4.8981, -2.2619 -0.8701 4.8981, -2.199 -0.8942 4.8981, -2.1339 -0.9117 4.8981, -2.0673 -0.9222 4.8981, -2.0 -0.9258 4.8981, -1.9327 -0.9222 4.8981, -1.8661 -0.9117 4.8981, -1.801 -0.8942 4.8981, -1.7381 -0.8701 4.8981, -1.6781 -0.8395 4.8981, -1.6215 -0.8028 4.8981, -1.5692 -0.7604 4.8981, -1.5215 -0.7127 4.8981, -1.4791 -0.6603 4.8981, -1.4424 -0.6038 4.8981, -1.4118 -0.5438 4.8981, -1.3876 -0.4809 4.8981, -1.3702 -0.4158 4.8981, -1.3597 -0.3492 4.8981, -1.3561 -0.2819 4.8981, -1.3927 -0.2181 4.888, -1.4027 -0.1549 4.888, -1.4192 -0.0932 4.888, -1.4421 -0.0335 4.888, -1.4711 0.0235 4.888, -1.5059 0.0771 4.888, -1.5462 0.1267 4.888, -1.5914 0.1719 4.888, -1.641 0.2122 4.888, -1.6947 0.247 4.888, -1.7516 0.276 4.888, -1.8113 0.2989 4.888, -1.873 0.3155 4.888, -1.9362 0.3255 4.888, -2.0 0.3288 4.888, -2.0638 0.3255 4.888, -2.127 0.3155 4.888, -2.1887 0.2989 4.888, -2.2484 0.276 4.888, -2.3053 0.247 4.888, -2.359 0.2122 4.888, -2.4086 0.1719 4.888, -2.4538 0.1267 4.888, -2.4941 0.0771 4.888, -2.5289 0.0235 4.888, -2.5579 -0.0335 4.888, -2.5808 -0.0932 4.888, -2.5973 -0.1549 4.888, -2.6073 -0.2181 4.888, -2.6107 -0.2819 4.888, -2.6073 -0.3457 4.888, -2.5973 -0.4089 4.888, -2.5808 -0.4706 4.888, -2.5579 -0.5303 4.888, -2.5289 -0.5872 4.888, -2.4941 -0.6408 4.888, -2.4538 -0.6905 4.888, -2.4086 -0.7357 4.888, -2.359 -0.7759 4.888, -2.3053 -0.8108 4.888, -2.2484 -0.8398 4.888, -2.1887 -0.8627 4.888, -2.127 -0.8792 4.888, -2.0638 -0.8892 4.888, -2.0 -0.8926 4.888, -1.9362 -0.8892 4.888, -1.873 -0.8792 4.888, -1.8113 -0.8627 4.888, -1.7516 -0.8398 4.888, -1.6947 -0.8108 4.888, -1.641 -0.7759 4.888, -1.5914 -0.7357 4.888, -1.5462 -0.6905 4.888, -1.5059 -0.6408 4.888, -1.4711 -0.5872 4.888, -1.4421 -0.5303 4.888, -1.4192 -0.4706 4.888, -1.4027 -0.4089 4.888, -1.3927 -0.3457 4.888, -1.3893 -0.2819 4.888, -2.6321 -0.6913 5.1399, -2.596 -0.7421 5.1399, -2.5227 -0.824 5.1399, -2.4382 -0.8943 5.1399, -2.3538 -0.9467 5.2562, -2.4094 -0.914 5.2562, -2.4094 -0.914 5.1399, -1.3679 0.1275 5.2562, -1.3679 0.1275 5.1399, -1.372 0.1336 5.1399, -1.4391 0.2206 5.1399, -1.5183 0.2969 5.1399, -1.5906 0.3502 5.1399, -1.2471 -0.2975 5.2562, -1.2526 -0.374 5.2562, -1.2557 -0.3914 5.2562, -1.2659 -0.4496 5.2562, -1.2797 -0.4986 5.2562, -1.2868 -0.5235 5.2562, -1.315 -0.5948 5.2562, -1.3185 -0.6014 5.2562, -1.3505 -0.6629 5.2562, -1.3728 -0.6969 5.2562, -1.3926 -0.727 5.2562, -1.4393 -0.7843 5.2562, -1.4411 -0.7866 5.2562, -1.4953 -0.8408 5.2562, -1.5189 -0.86 5.2562, -1.5548 -0.8893 5.2562, -1.608 -0.9242 5.2562, -1.619 -0.9314 5.2562, -1.6871 -0.9668 5.2562, -1.7058 -0.9743 5.2562, -1.7584 -0.9951 5.2562, -1.8098 -1.0097 5.2562, -1.8323 -1.016 5.2562, -1.9079 -1.0293 5.2562, -1.9177 -1.03 5.2562, -1.9844 -1.0348 5.2562, -2.2118 -1.0045 5.2562, -2.2428 -0.9937 5.2562, -2.0275 -1.0335 5.2562, -2.0611 -1.0325 5.2562, -2.1368 -1.0224 5.2562, -2.1372 -1.0223 5.2562, -2.2843 -0.9792 5.2562, -2.3441 -0.9512 5.2562, -1.3352 0.0719 5.2562, -1.319 0.0373 5.2562, -1.3027 0.0024 5.2562, -1.2791 -0.065 5.2562, -1.2774 -0.07 5.2562, -1.2595 -0.1447 5.2562, -1.2559 -0.1724 5.2562, -1.2494 -0.2208 5.2562, -1.2476 -0.2819 5.2562, -2.2829 -0.9757 5.295, -2.0608 -1.0287 5.295, -1.9845 -1.031 5.295, -1.9083 -1.0255 5.295, -1.7596 -0.9915 5.295, -1.6887 -0.9634 5.295, -1.5571 -0.8862 5.295, -1.3957 -0.7248 5.295, -1.3537 -0.661 5.295, -1.3185 -0.5932 5.295, -1.2696 -0.4488 5.295, -1.2564 -0.3736 5.295, -1.2532 -0.2211 5.295, -1.3062 0.001 5.295, -1.4519 0.0435 5.4367, -1.4571 0.0383 5.4395, -1.4435 0.0143 5.4397, -2.4081 -0.9127 5.282, -2.352 -0.9433 5.295, -2.4063 -0.9109 5.2949, -2.3467 -0.9333 5.3322, -2.4016 -0.9062 5.3207, -2.4046 -0.9092 5.3072, -2.3381 -0.9171 5.3666, -2.3944 -0.899 5.3446, -2.3981 -0.9027 5.3321, -2.3265 -0.8953 5.3967, -2.3791 -0.8837 5.378, -2.385 -0.8896 5.3668, -2.3123 -0.8687 5.4214, -2.3453 -0.8499 5.4213, -2.3526 -0.8572 5.4143, -2.3667 -0.8713 5.3974, -2.3672 -0.8718 5.3966, -2.3105 -0.8151 5.4447, -2.3202 -0.8248 5.4394, -2.2962 -0.8384 5.4397, -2.328 -0.8326 5.435, -2.3444 -0.849 5.4222, -2.2787 -0.8055 5.451, -2.2605 -0.7713 5.4549, -2.2645 -0.7691 5.4549, -2.2818 -0.7864 5.4535, -2.293 -0.7976 5.4506, -2.3006 -0.8052 5.4487, -1.5128 -0.0174 5.4549, -1.5106 -0.0214 5.4549, -1.5021 -0.0067 5.4543, -1.4764 -0.0032 5.451, -1.4652 0.0302 5.444, -1.4833 0.0121 5.4508, -1.4843 0.0111 5.451, -1.4354 0.06 5.4244, -1.4132 0.0304 5.4214, -1.4321 0.0633 5.4212, -1.4203 0.0751 5.4094, -1.3866 0.0446 5.3967, -1.4104 0.085 5.3971, -1.398 0.0974 5.3778, -1.3648 0.0562 5.3666, -1.3924 0.103 5.3664, -1.3876 0.1078 5.3566, -1.3486 0.0648 5.3322, -1.382 0.1134 5.3418, -1.3386 0.0701 5.295, -1.375 0.1204 5.3179, -1.3791 0.1163 5.3321, -1.3688 0.1266 5.2779, -1.3704 0.125 5.2931, -1.3708 0.1246 5.2949, -1.4866 -0.0726 5.4549, -1.4507 -0.058 5.451, -1.4162 -0.0439 5.4397, -1.3844 -0.0309 5.4214, -1.3565 -0.0196 5.3967, -1.3337 -0.0102 5.3666, -1.3167 -0.0033 5.3322, -1.4549 -0.1809 5.4549, -1.4474 -0.2369 5.4549, -1.4168 -0.1738 5.451, -1.4088 -0.2337 5.451, -1.3801 -0.167 5.4397, -1.3716 -0.2307 5.4397, -1.3464 -0.1608 5.4214, -1.3374 -0.2279 5.4214, -1.3168 -0.1553 5.3967, -1.3074 -0.2255 5.3967, -1.2925 -0.1508 5.3666, -1.2828 -0.2235 5.3666, -1.2744 -0.1475 5.3322, -1.2645 -0.222 5.3322, -1.2633 -0.1454 5.295, -1.6285 -0.6934 5.4549, -1.6723 -0.7291 5.4549, -1.6025 -0.7222 5.451, -1.6494 -0.7603 5.451, -1.5775 -0.7498 5.4397, -1.6273 -0.7904 5.4397, -1.5545 -0.7753 5.4214, -1.607 -0.8181 5.4214, -1.5343 -0.7976 5.3967, -1.5892 -0.8424 5.3967, -1.5178 -0.816 5.3666, -1.5746 -0.8623 5.3666, -1.5055 -0.8296 5.3322, -1.5638 -0.8771 5.3322, -1.4979 -0.838 5.295, -2.156 -0.8139 5.4549, -2.2093 -0.7953 5.4549, -2.1669 -0.8511 5.451, -2.2239 -0.8312 5.451, -2.1774 -0.8869 5.4397, -2.238 -0.8657 5.4397, -2.187 -0.9198 5.4214, -2.251 -0.8975 5.4214, -2.1955 -0.9487 5.3967, -2.2623 -0.9253 5.3967, -2.2024 -0.9724 5.3666, -2.2717 -0.9482 5.3666, -2.2076 -0.99 5.3322, -2.2786 -0.9652 5.3322, -2.2108 -1.0009 5.295, -1.281 -0.0711 5.295, -1.2919 -0.0743 5.3322, -1.3095 -0.0795 5.3666, -1.3332 -0.0864 5.3967, -1.3621 -0.0949 5.4214, -1.395 -0.1045 5.4397, -1.4308 -0.115 5.451, -1.468 -0.1259 5.4549, -1.2509 -0.2974 5.295, -1.2622 -0.2972 5.3322, -1.2806 -0.2968 5.3666, -1.3053 -0.2963 5.3967, -1.3354 -0.2957 5.4214, -1.3697 -0.2949 5.4397, -1.407 -0.2942 5.451, -1.4457 -0.2934 5.4549, -1.4497 -0.3497 5.4549, -1.4113 -0.3545 5.451, -1.3743 -0.359 5.4397, -1.3402 -0.3632 5.4214, -1.3103 -0.3669 5.3967, -1.2858 -0.3699 5.3666, -1.2676 -0.3722 5.3322, -1.2806 -0.4463 5.3322, -1.2985 -0.4422 5.3666, -1.3226 -0.4367 5.3967, -1.3519 -0.43 5.4214, -1.3854 -0.4223 5.4397, -1.4217 -0.414 5.451, -1.4595 -0.4054 5.4549, -1.2904 -0.5223 5.295, -1.3011 -0.5186 5.3322, -1.3185 -0.5127 5.3666, -1.3419 -0.5048 5.3967, -1.3704 -0.4952 5.4214, -1.4029 -0.4841 5.4397, -1.4382 -0.4722 5.451, -1.4749 -0.4598 5.4549, -1.4957 -0.5123 5.4549, -1.4605 -0.5284 5.451, -1.4266 -0.5439 5.4397, -1.3953 -0.5581 5.4214, -1.368 -0.5706 5.3967, -1.3455 -0.5809 5.3666, -1.3288 -0.5885 5.3322, -1.3635 -0.6553 5.3322, -1.3793 -0.646 5.3666, -1.4006 -0.6335 5.3967, -1.4266 -0.6182 5.4214, -1.4562 -0.6009 5.4397, -1.4884 -0.582 5.451, -1.5218 -0.5624 5.4549, -1.4048 -0.7181 5.3322, -1.4196 -0.7073 5.3666, -1.4395 -0.6927 5.3967, -1.4638 -0.6749 5.4214, -1.4915 -0.6546 5.4397, -1.5216 -0.6325 5.451, -1.5528 -0.6096 5.4549, -1.4439 -0.784 5.295, -1.4523 -0.7764 5.3322, -1.4659 -0.7641 5.3666, -1.4842 -0.7476 5.3967, -1.5066 -0.7274 5.4214, -1.5321 -0.7044 5.4397, -1.5597 -0.6794 5.451, -1.5885 -0.6534 5.4549, -1.6209 -0.9281 5.295, -1.6266 -0.9184 5.3322, -1.6359 -0.9026 5.3666, -1.6484 -0.8813 5.3967, -1.6636 -0.8553 5.4214, -1.681 -0.8257 5.4397, -1.6999 -0.7935 5.451, -1.7195 -0.7601 5.4549, -1.7696 -0.7862 5.4549, -1.7535 -0.8214 5.451, -1.738 -0.8553 5.4397, -1.7238 -0.8866 5.4214, -1.7112 -0.9139 5.3967, -1.701 -0.9364 5.3666, -1.6934 -0.9531 5.3322, -1.7633 -0.9808 5.3322, -1.7692 -0.9634 5.3666, -1.7771 -0.94 5.3967, -1.7867 -0.9115 5.4214, -1.7978 -0.879 5.4397, -1.8097 -0.8437 5.451, -1.8221 -0.807 5.4549, -1.8331 -1.0123 5.295, -1.8356 -1.0013 5.3322, -1.8397 -0.9834 5.3666, -1.8452 -0.9593 5.3967, -1.8519 -0.93 5.4214, -1.8596 -0.8965 5.4397, -1.8679 -0.8602 5.451, -1.8765 -0.8224 5.4549, -1.9322 -0.8321 5.4549, -1.9274 -0.8706 5.451, -1.9229 -0.9076 5.4397, -1.9187 -0.9417 5.4214, -1.915 -0.9715 5.3967, -1.912 -0.9961 5.3666, -1.9097 -1.0143 5.3322, -1.9847 -1.0197 5.3322, -1.9851 -1.0013 5.3666, -1.9856 -0.9766 5.3967, -1.9862 -0.9465 5.4214, -1.9869 -0.9122 5.4397, -1.9877 -0.8749 5.451, -1.9885 -0.8362 5.4549, -2.0599 -1.0174 5.3322, -2.0584 -0.9991 5.3666, -2.0564 -0.9745 5.3967, -2.054 -0.9445 5.4214, -2.0512 -0.9102 5.4397, -2.0481 -0.8731 5.451, -2.045 -0.8345 5.4549, -2.1365 -1.0186 5.295, -2.1344 -1.0075 5.3322, -2.1311 -0.9894 5.3666, -2.1266 -0.9651 5.3967, -2.1211 -0.9355 5.4214, -2.1149 -0.9018 5.4397, -2.1081 -0.8651 5.451, -2.101 -0.827 5.4549
            ]
        }
        coordIndex [
            0,1,2,-1,2,1,3,-1,4,5,6,-1,6,5,7,-1,8,9,10,-1,10,9,11,-1,12,13,14,-1,14,13,15,-1,16,17,18,-1,18,17,19,-1,20,21,22,-1,22,21,23,-1,22,23,24,-1,24,23,25,-1,24,25,26,-1,26,25,27,-1,26,27,20,-1,20,27,21,-1,28,29,30,-1,30,29,31,-1,30,31,32,-1,32,31,33,-1,34,35,28,-1,28,35,29,-1,36,37,38,-1,38,37,39,-1,38,39,34,-1,34,39,35,-1,37,36,40,-1,40,36,41,-1,40,41,42,-1,42,41,43,-1,42,43,44,-1,44,43,45,-1,44,45,46,-1,46,45,47,-1,46,47,48,-1,48,47,49,-1,48,49,50,-1,50,49,51,-1,52,53,54,-1,50,51,54,-1,54,51,55,-1,54,55,52,-1,53,52,56,-1,53,56,57,-1,57,56,58,-1,57,58,59,-1,59,58,60,-1,59,60,61,-1,61,60,62,-1,61,62,63,-1,63,62,64,-1,63,64,65,-1,65,64,66,-1,65,66,67,-1,67,66,68,-1,67,68,69,-1,69,68,25,-1,69,25,23,-1,21,27,70,-1,21,70,71,-1,71,70,72,-1,71,72,73,-1,73,72,74,-1,73,74,75,-1,75,74,76,-1,75,76,77,-1,77,76,78,-1,77,78,79,-1,79,78,80,-1,79,80,81,-1,81,80,82,-1,81,82,83,-1,83,82,84,-1,83,84,85,-1,86,85,87,-1,87,85,84,-1,1,86,3,-1,3,86,87,-1,88,89,90,-1,90,89,91,-1,91,89,92,-1,92,89,93,-1,92,93,94,-1,94,93,95,-1,94,95,96,-1,96,95,97,-1,96,97,98,-1,98,97,99,-1,98,99,100,-1,100,99,101,-1,100,101,102,-1,102,101,103,-1,104,102,105,-1,105,102,103,-1,104,105,106,-1,106,105,107,-1,106,107,108,-1,108,107,109,-1,108,109,110,-1,110,109,111,-1,110,111,112,-1,112,111,113,-1,112,113,114,-1,114,113,115,-1,114,115,116,-1,116,115,117,-1,118,119,120,-1,120,119,121,-1,120,121,117,-1,117,121,116,-1,119,118,122,-1,119,122,123,-1,123,122,124,-1,123,124,125,-1,125,124,126,-1,125,126,127,-1,127,126,128,-1,127,128,129,-1,129,128,130,-1,129,130,131,-1,131,130,32,-1,131,32,33,-1,114,116,53,-1,1,0,86,-1,86,0,132,-1,10,11,133,-1,133,11,134,-1,135,18,19,-1,14,15,134,-1,134,15,135,-1,6,7,132,-1,132,7,133,-1,132,133,86,-1,86,133,134,-1,86,134,85,-1,85,134,135,-1,85,135,136,-1,136,135,19,-1,136,90,85,-1,85,90,91,-1,85,91,83,-1,83,91,92,-1,83,92,81,-1,81,92,94,-1,100,73,98,-1,98,73,75,-1,98,75,96,-1,96,75,77,-1,96,77,94,-1,94,77,79,-1,94,79,81,-1,53,57,114,-1,114,57,59,-1,114,59,112,-1,112,59,61,-1,112,61,110,-1,110,61,63,-1,110,63,108,-1,63,65,108,-1,108,65,67,-1,108,67,106,-1,106,67,69,-1,106,69,104,-1,104,69,23,-1,104,23,102,-1,102,23,21,-1,102,21,100,-1,100,21,71,-1,100,71,73,-1,13,12,137,-1,137,12,138,-1,9,8,138,-1,138,8,139,-1,139,5,4,-1,2,3,140,-1,140,3,87,-1,88,141,89,-1,89,141,84,-1,89,84,93,-1,17,16,141,-1,141,16,137,-1,141,137,84,-1,84,137,138,-1,84,138,87,-1,87,138,139,-1,87,139,140,-1,140,139,4,-1,52,117,56,-1,56,117,115,-1,56,115,58,-1,58,115,113,-1,107,66,109,-1,109,66,64,-1,109,64,111,-1,111,64,62,-1,111,62,113,-1,113,62,60,-1,113,60,58,-1,84,82,93,-1,93,82,80,-1,93,80,95,-1,95,80,78,-1,95,78,97,-1,97,78,76,-1,97,76,99,-1,76,74,99,-1,99,74,72,-1,99,72,101,-1,101,72,70,-1,101,70,103,-1,103,70,27,-1,103,27,105,-1,105,27,25,-1,105,25,107,-1,107,25,68,-1,107,68,66,-1,142,143,26,-1,26,143,24,-1,20,22,144,-1,144,22,145,-1,143,145,24,-1,24,145,22,-1,144,145,142,-1,142,145,143,-1,20,144,26,-1,26,144,142,-1,136,19,141,-1,141,19,17,-1,141,88,136,-1,136,88,90,-1,135,15,137,-1,137,15,13,-1,137,16,135,-1,135,16,18,-1,134,11,138,-1,138,11,9,-1,138,12,134,-1,134,12,14,-1,133,7,139,-1,139,7,5,-1,139,8,133,-1,133,8,10,-1,132,0,140,-1,140,0,2,-1,140,4,132,-1,132,4,6,-1,38,30,36,-1,36,30,32,-1,36,32,41,-1,41,32,130,-1,41,130,43,-1,43,130,128,-1,43,128,45,-1,45,128,126,-1,45,126,47,-1,47,126,124,-1,47,124,49,-1,49,124,122,-1,49,122,51,-1,51,122,118,-1,51,118,55,-1,55,118,120,-1,120,117,55,-1,55,117,52,-1,54,121,50,-1,50,121,119,-1,50,119,48,-1,48,119,123,-1,48,123,46,-1,46,123,125,-1,46,125,44,-1,44,125,127,-1,44,127,42,-1,42,127,129,-1,42,129,40,-1,40,129,131,-1,40,131,37,-1,37,131,33,-1,37,33,39,-1,39,33,31,-1,116,121,53,-1,53,121,54,-1,28,30,34,-1,34,30,38,-1,35,39,29,-1,29,39,31,-1,146,147,148,-1,148,147,149,-1,150,151,152,-1,152,151,153,-1,154,155,156,-1,156,155,157,-1,158,159,160,-1,160,159,161,-1,162,163,164,-1,164,163,165,-1,166,167,168,-1,168,167,169,-1,168,169,170,-1,170,169,171,-1,170,171,172,-1,172,171,173,-1,172,173,166,-1,166,173,167,-1,174,175,176,-1,176,175,177,-1,176,177,178,-1,178,177,179,-1,180,181,174,-1,174,181,175,-1,182,183,184,-1,184,183,185,-1,184,185,180,-1,180,185,181,-1,183,182,186,-1,186,182,187,-1,186,187,188,-1,188,187,189,-1,188,189,190,-1,190,189,191,-1,190,191,192,-1,192,191,193,-1,192,193,194,-1,194,193,195,-1,194,195,196,-1,196,195,197,-1,198,199,200,-1,196,197,200,-1,200,197,201,-1,200,201,198,-1,199,198,202,-1,199,202,203,-1,203,202,204,-1,203,204,205,-1,205,204,206,-1,205,206,207,-1,207,206,208,-1,207,208,209,-1,209,208,210,-1,209,210,211,-1,211,210,212,-1,211,212,213,-1,213,212,214,-1,213,214,215,-1,215,214,171,-1,215,171,169,-1,167,173,216,-1,167,216,217,-1,217,216,218,-1,217,218,219,-1,219,218,220,-1,219,220,221,-1,221,220,222,-1,221,222,223,-1,223,222,224,-1,223,224,225,-1,225,224,226,-1,225,226,227,-1,227,226,228,-1,227,228,229,-1,229,228,230,-1,229,230,231,-1,232,231,233,-1,233,231,230,-1,147,232,149,-1,149,232,233,-1,234,235,236,-1,236,235,237,-1,237,235,238,-1,238,235,239,-1,238,239,240,-1,240,239,241,-1,240,241,242,-1,242,241,243,-1,242,243,244,-1,244,243,245,-1,244,245,246,-1,246,245,247,-1,246,247,248,-1,248,247,249,-1,250,248,251,-1,251,248,249,-1,250,251,252,-1,252,251,253,-1,252,253,254,-1,254,253,255,-1,254,255,256,-1,256,255,257,-1,256,257,258,-1,258,257,259,-1,258,259,260,-1,260,259,261,-1,260,261,262,-1,262,261,263,-1,264,265,266,-1,266,265,267,-1,266,267,263,-1,263,267,262,-1,265,264,268,-1,265,268,269,-1,269,268,270,-1,269,270,271,-1,271,270,272,-1,271,272,273,-1,273,272,274,-1,273,274,275,-1,275,274,276,-1,275,276,277,-1,277,276,178,-1,277,178,179,-1,260,262,199,-1,147,146,232,-1,232,146,278,-1,156,157,279,-1,279,157,280,-1,281,164,165,-1,160,161,280,-1,280,161,281,-1,152,153,278,-1,278,153,279,-1,278,279,232,-1,232,279,280,-1,232,280,231,-1,231,280,281,-1,231,281,282,-1,282,281,165,-1,282,236,231,-1,231,236,237,-1,231,237,229,-1,229,237,238,-1,229,238,227,-1,227,238,240,-1,246,219,244,-1,244,219,221,-1,244,221,242,-1,242,221,223,-1,242,223,240,-1,240,223,225,-1,240,225,227,-1,199,203,260,-1,260,203,205,-1,260,205,258,-1,258,205,207,-1,258,207,256,-1,256,207,209,-1,256,209,254,-1,209,211,254,-1,254,211,213,-1,254,213,252,-1,252,213,215,-1,252,215,250,-1,250,215,169,-1,250,169,248,-1,248,169,167,-1,248,167,246,-1,246,167,217,-1,246,217,219,-1,159,158,283,-1,283,158,284,-1,155,154,284,-1,284,154,285,-1,285,151,150,-1,148,149,286,-1,286,149,233,-1,234,287,235,-1,235,287,230,-1,235,230,239,-1,163,162,287,-1,287,162,283,-1,287,283,230,-1,230,283,284,-1,230,284,233,-1,233,284,285,-1,233,285,286,-1,286,285,150,-1,198,263,202,-1,202,263,261,-1,202,261,204,-1,204,261,259,-1,253,212,255,-1,255,212,210,-1,255,210,257,-1,257,210,208,-1,257,208,259,-1,259,208,206,-1,259,206,204,-1,230,228,239,-1,239,228,226,-1,239,226,241,-1,241,226,224,-1,241,224,243,-1,243,224,222,-1,243,222,245,-1,222,220,245,-1,245,220,218,-1,245,218,247,-1,247,218,216,-1,247,216,249,-1,249,216,173,-1,249,173,251,-1,251,173,171,-1,251,171,253,-1,253,171,214,-1,253,214,212,-1,288,289,172,-1,172,289,170,-1,166,168,290,-1,290,168,291,-1,289,291,170,-1,170,291,168,-1,290,291,288,-1,288,291,289,-1,166,290,172,-1,172,290,288,-1,282,165,287,-1,287,165,163,-1,287,234,282,-1,282,234,236,-1,281,161,283,-1,283,161,159,-1,283,162,281,-1,281,162,164,-1,280,157,284,-1,284,157,155,-1,284,158,280,-1,280,158,160,-1,279,153,285,-1,285,153,151,-1,285,154,279,-1,279,154,156,-1,278,146,286,-1,286,146,148,-1,286,150,278,-1,278,150,152,-1,184,176,182,-1,182,176,178,-1,182,178,187,-1,187,178,276,-1,187,276,189,-1,189,276,274,-1,189,274,191,-1,191,274,272,-1,191,272,193,-1,193,272,270,-1,193,270,195,-1,195,270,268,-1,195,268,197,-1,197,268,264,-1,197,264,201,-1,201,264,266,-1,266,263,201,-1,201,263,198,-1,200,267,196,-1,196,267,265,-1,196,265,194,-1,194,265,269,-1,194,269,192,-1,192,269,271,-1,192,271,190,-1,190,271,273,-1,190,273,188,-1,188,273,275,-1,188,275,186,-1,186,275,277,-1,186,277,183,-1,183,277,179,-1,183,179,185,-1,185,179,177,-1,262,267,199,-1,199,267,200,-1,174,176,180,-1,180,176,184,-1,181,185,175,-1,175,185,177,-1,292,293,294,-1,294,293,295,-1,294,295,296,-1,296,295,297,-1,296,297,298,-1,298,297,299,-1,298,299,292,-1,292,299,293,-1,300,301,302,-1,302,301,303,-1,302,303,304,-1,304,303,305,-1,304,305,306,-1,306,305,307,-1,306,307,300,-1,300,307,301,-1,303,299,305,-1,305,299,297,-1,293,301,295,-1,295,301,307,-1,303,301,299,-1,299,301,293,-1,307,305,295,-1,295,305,297,-1,294,306,292,-1,292,306,300,-1,304,296,302,-1,302,296,298,-1,304,306,296,-1,296,306,294,-1,300,302,292,-1,292,302,298,-1,308,309,310,-1,310,309,311,-1,310,311,312,-1,312,311,313,-1,312,313,314,-1,314,313,315,-1,314,315,308,-1,308,315,309,-1,316,317,318,-1,318,317,319,-1,318,319,320,-1,320,319,321,-1,320,321,322,-1,322,321,323,-1,322,323,316,-1,316,323,317,-1,319,315,321,-1,321,315,313,-1,309,317,311,-1,311,317,323,-1,319,317,315,-1,315,317,309,-1,323,321,311,-1,311,321,313,-1,310,322,308,-1,308,322,316,-1,320,312,318,-1,318,312,314,-1,320,322,312,-1,312,322,310,-1,316,318,308,-1,308,318,314,-1,324,325,326,-1,327,328,329,-1,330,331,332,-1,333,334,335,-1,336,337,338,-1,339,340,341,-1,342,343,344,-1,345,346,347,-1,348,349,350,-1,351,352,353,-1,354,355,356,-1,357,358,359,-1,360,361,362,-1,363,364,365,-1,366,367,368,-1,369,370,371,-1,372,373,374,-1,374,373,375,-1,370,376,371,-1,371,376,377,-1,371,377,375,-1,375,377,378,-1,375,378,374,-1,369,371,379,-1,379,371,380,-1,379,380,381,-1,381,380,382,-1,382,380,383,-1,382,383,384,-1,384,383,385,-1,385,383,386,-1,385,386,387,-1,387,386,388,-1,388,386,389,-1,388,389,390,-1,391,392,389,-1,389,392,393,-1,389,393,390,-1,394,395,391,-1,391,395,396,-1,391,396,397,-1,397,398,391,-1,391,398,399,-1,391,399,392,-1,400,401,402,-1,403,404,402,-1,402,404,405,-1,402,405,400,-1,406,407,404,-1,404,407,408,-1,404,408,405,-1,409,410,406,-1,406,410,411,-1,406,411,407,-1,412,413,409,-1,409,413,414,-1,409,414,410,-1,415,416,412,-1,412,416,417,-1,417,418,412,-1,412,418,419,-1,412,419,413,-1,420,421,422,-1,422,421,423,-1,422,423,415,-1,415,423,424,-1,415,424,416,-1,425,426,427,-1,427,428,425,-1,425,428,429,-1,425,429,422,-1,422,429,430,-1,422,430,420,-1,431,432,433,-1,433,432,434,-1,433,434,435,-1,435,434,436,-1,435,436,437,-1,437,436,438,-1,437,438,439,-1,439,438,440,-1,439,440,441,-1,441,440,442,-1,441,442,443,-1,443,442,444,-1,443,444,445,-1,445,444,353,-1,446,447,448,-1,448,447,449,-1,448,449,450,-1,450,449,451,-1,450,451,452,-1,452,451,453,-1,452,453,454,-1,454,453,455,-1,454,455,456,-1,456,455,457,-1,456,457,458,-1,458,457,459,-1,458,459,460,-1,460,459,335,-1,373,461,375,-1,375,461,462,-1,375,462,371,-1,371,462,463,-1,371,463,380,-1,380,463,464,-1,380,464,383,-1,383,464,465,-1,383,465,386,-1,386,465,466,-1,386,466,389,-1,389,466,467,-1,389,467,391,-1,391,467,368,-1,391,368,394,-1,394,368,367,-1,364,366,365,-1,365,366,368,-1,365,368,468,-1,468,368,467,-1,468,467,469,-1,469,467,466,-1,469,466,470,-1,470,466,465,-1,470,465,471,-1,471,465,464,-1,471,464,472,-1,472,464,463,-1,472,463,473,-1,473,463,462,-1,473,462,474,-1,474,462,461,-1,475,363,476,-1,476,363,365,-1,476,365,477,-1,477,365,468,-1,477,468,478,-1,478,468,469,-1,478,469,479,-1,479,469,470,-1,479,470,480,-1,480,470,471,-1,480,471,481,-1,481,471,472,-1,481,472,482,-1,482,472,473,-1,482,473,483,-1,483,473,474,-1,483,484,482,-1,482,484,485,-1,482,485,481,-1,481,485,486,-1,481,486,480,-1,480,486,487,-1,480,487,479,-1,479,487,488,-1,479,488,478,-1,478,488,489,-1,478,489,477,-1,477,489,490,-1,477,490,476,-1,476,490,362,-1,476,362,475,-1,475,362,361,-1,358,360,359,-1,359,360,362,-1,359,362,491,-1,491,362,490,-1,491,490,492,-1,492,490,489,-1,492,489,493,-1,493,489,488,-1,493,488,494,-1,494,488,487,-1,494,487,495,-1,495,487,486,-1,495,486,496,-1,496,486,485,-1,496,485,497,-1,497,485,484,-1,355,357,356,-1,356,357,359,-1,356,359,498,-1,498,359,491,-1,498,491,499,-1,499,491,492,-1,499,492,500,-1,500,492,493,-1,500,493,501,-1,501,493,494,-1,501,494,502,-1,502,494,495,-1,502,495,503,-1,503,495,496,-1,503,496,504,-1,504,496,497,-1,505,354,506,-1,506,354,356,-1,506,356,507,-1,507,356,498,-1,507,498,508,-1,508,498,499,-1,508,499,509,-1,509,499,500,-1,509,500,510,-1,510,500,501,-1,510,501,511,-1,511,501,502,-1,511,502,512,-1,512,502,503,-1,512,503,513,-1,513,503,504,-1,513,431,512,-1,512,431,433,-1,512,433,511,-1,511,433,435,-1,511,435,510,-1,510,435,437,-1,510,437,509,-1,509,437,439,-1,509,439,508,-1,508,439,441,-1,508,441,507,-1,507,441,443,-1,507,443,506,-1,506,443,445,-1,506,445,505,-1,505,445,514,-1,353,352,445,-1,445,352,515,-1,445,515,514,-1,516,351,517,-1,517,351,353,-1,517,353,518,-1,518,353,444,-1,518,444,519,-1,519,444,442,-1,519,442,520,-1,520,442,440,-1,520,440,521,-1,521,440,438,-1,521,438,522,-1,522,438,436,-1,522,436,523,-1,523,436,434,-1,523,434,524,-1,524,434,432,-1,524,525,523,-1,523,525,526,-1,523,526,522,-1,522,526,527,-1,522,527,521,-1,521,527,528,-1,521,528,520,-1,520,528,529,-1,520,529,519,-1,519,529,530,-1,519,530,518,-1,518,530,531,-1,518,531,517,-1,517,531,350,-1,517,350,516,-1,516,350,349,-1,346,348,347,-1,347,348,350,-1,347,350,532,-1,532,350,531,-1,532,531,533,-1,533,531,530,-1,533,530,534,-1,534,530,529,-1,534,529,535,-1,535,529,528,-1,535,528,536,-1,536,528,527,-1,536,527,537,-1,537,527,526,-1,537,526,538,-1,538,526,525,-1,539,345,540,-1,540,345,347,-1,540,347,541,-1,541,347,532,-1,541,532,542,-1,542,532,533,-1,542,533,543,-1,543,533,534,-1,543,534,544,-1,544,534,535,-1,544,535,545,-1,545,535,536,-1,545,536,546,-1,546,536,537,-1,546,537,547,-1,547,537,538,-1,547,548,546,-1,546,548,549,-1,546,549,545,-1,545,549,550,-1,545,550,544,-1,544,550,551,-1,544,551,543,-1,543,551,552,-1,543,552,542,-1,542,552,553,-1,542,553,541,-1,541,553,554,-1,541,554,540,-1,540,554,344,-1,540,344,539,-1,539,344,343,-1,340,342,341,-1,341,342,344,-1,341,344,555,-1,555,344,554,-1,555,554,556,-1,556,554,553,-1,556,553,557,-1,557,553,552,-1,557,552,558,-1,558,552,551,-1,558,551,559,-1,559,551,550,-1,559,550,560,-1,560,550,549,-1,560,549,561,-1,561,549,548,-1,337,339,338,-1,338,339,341,-1,338,341,562,-1,562,341,555,-1,562,555,563,-1,563,555,556,-1,563,556,564,-1,564,556,557,-1,564,557,565,-1,565,557,558,-1,565,558,566,-1,566,558,559,-1,566,559,567,-1,567,559,560,-1,567,560,568,-1,568,560,561,-1,569,336,570,-1,570,336,338,-1,570,338,571,-1,571,338,562,-1,571,562,572,-1,572,562,563,-1,572,563,573,-1,573,563,564,-1,573,564,574,-1,574,564,565,-1,574,565,575,-1,575,565,566,-1,575,566,576,-1,576,566,567,-1,576,567,577,-1,577,567,568,-1,577,446,576,-1,576,446,448,-1,576,448,575,-1,575,448,450,-1,575,450,574,-1,574,450,452,-1,574,452,573,-1,573,452,454,-1,573,454,572,-1,572,454,456,-1,572,456,571,-1,571,456,458,-1,571,458,570,-1,570,458,460,-1,570,460,569,-1,569,460,578,-1,335,334,460,-1,460,334,579,-1,460,579,578,-1,580,333,581,-1,581,333,335,-1,581,335,582,-1,582,335,459,-1,582,459,583,-1,583,459,457,-1,583,457,584,-1,584,457,455,-1,584,455,585,-1,585,455,453,-1,585,453,586,-1,586,453,451,-1,586,451,587,-1,587,451,449,-1,587,449,588,-1,588,449,447,-1,588,589,587,-1,587,589,590,-1,587,590,586,-1,586,590,591,-1,586,591,585,-1,585,591,592,-1,585,592,584,-1,584,592,593,-1,584,593,583,-1,583,593,594,-1,583,594,582,-1,582,594,595,-1,582,595,581,-1,581,595,332,-1,581,332,580,-1,580,332,331,-1,328,330,329,-1,329,330,332,-1,329,332,596,-1,596,332,595,-1,596,595,597,-1,597,595,594,-1,597,594,598,-1,598,594,593,-1,598,593,599,-1,599,593,592,-1,599,592,600,-1,600,592,591,-1,600,591,601,-1,601,591,590,-1,601,590,602,-1,602,590,589,-1,603,327,604,-1,604,327,329,-1,604,329,605,-1,605,329,596,-1,605,596,606,-1,606,596,597,-1,606,597,607,-1,607,597,598,-1,607,598,608,-1,608,598,599,-1,608,599,609,-1,609,599,600,-1,609,600,610,-1,610,600,601,-1,610,601,611,-1,611,601,602,-1,611,612,610,-1,610,612,613,-1,610,613,609,-1,609,613,614,-1,609,614,608,-1,608,614,615,-1,608,615,607,-1,607,615,616,-1,607,616,606,-1,606,616,617,-1,606,617,605,-1,605,617,618,-1,605,618,604,-1,604,618,326,-1,604,326,603,-1,603,326,325,-1,403,324,404,-1,404,324,326,-1,404,326,406,-1,406,326,618,-1,406,618,409,-1,409,618,617,-1,409,617,412,-1,412,617,616,-1,412,616,415,-1,415,616,615,-1,415,615,422,-1,422,615,614,-1,422,614,425,-1,425,614,613,-1,425,613,426,-1,426,613,612,-1,372,427,426,-1,611,602,373,-1,372,426,373,-1,373,426,612,-1,373,612,611,-1,602,589,373,-1,373,589,588,-1,373,588,447,-1,548,432,431,-1,431,513,548,-1,548,513,504,-1,548,504,497,-1,447,446,373,-1,373,446,577,-1,373,577,568,-1,548,547,432,-1,432,547,538,-1,432,538,524,-1,524,538,525,-1,497,484,548,-1,548,484,483,-1,548,483,474,-1,568,561,373,-1,373,561,548,-1,373,548,461,-1,461,548,474,-1,619,620,621,-1,619,621,622,-1,623,624,621,-1,621,624,625,-1,621,625,622,-1,626,627,621,-1,621,627,628,-1,621,628,623,-1,629,630,621,-1,621,630,631,-1,621,631,626,-1,632,633,621,-1,621,633,634,-1,621,634,629,-1,635,636,621,-1,621,636,637,-1,621,637,632,-1,638,639,621,-1,621,639,640,-1,621,640,635,-1,641,642,621,-1,621,642,643,-1,621,643,638,-1,644,645,621,-1,621,645,646,-1,621,646,641,-1,647,648,621,-1,621,648,649,-1,621,649,644,-1,650,651,621,-1,621,651,652,-1,621,652,647,-1,653,654,621,-1,621,654,655,-1,621,655,650,-1,656,657,621,-1,621,657,658,-1,621,658,653,-1,659,660,621,-1,621,660,661,-1,621,661,656,-1,620,662,621,-1,621,662,663,-1,621,663,659,-1,664,665,666,-1,666,665,667,-1,666,667,668,-1,668,667,669,-1,668,669,670,-1,670,669,671,-1,670,671,672,-1,664,673,665,-1,665,673,674,-1,665,674,675,-1,675,674,676,-1,675,676,677,-1,677,676,678,-1,677,678,679,-1,679,678,680,-1,680,681,679,-1,679,681,682,-1,679,682,683,-1,682,684,683,-1,683,684,685,-1,683,685,686,-1,686,685,687,-1,686,687,688,-1,688,687,689,-1,688,689,690,-1,690,689,691,-1,691,692,690,-1,690,692,693,-1,690,693,694,-1,694,693,695,-1,694,695,696,-1,696,695,697,-1,696,697,698,-1,698,697,699,-1,699,700,698,-1,698,700,701,-1,698,701,702,-1,702,701,703,-1,702,703,704,-1,703,705,704,-1,704,705,706,-1,704,706,707,-1,706,708,707,-1,707,708,709,-1,707,709,710,-1,709,711,710,-1,710,711,712,-1,710,712,713,-1,713,712,714,-1,713,714,715,-1,715,714,716,-1,715,716,717,-1,717,716,718,-1,718,719,717,-1,717,719,720,-1,717,720,721,-1,721,720,722,-1,721,722,723,-1,723,722,724,-1,723,724,725,-1,725,724,726,-1,726,727,725,-1,725,727,728,-1,725,728,729,-1,728,730,729,-1,729,730,731,-1,729,731,732,-1,732,731,733,-1,732,733,734,-1,734,733,735,-1,734,735,736,-1,736,735,737,-1,737,738,736,-1,736,738,739,-1,736,739,740,-1,740,739,741,-1,740,741,742,-1,742,741,743,-1,742,743,744,-1,744,743,745,-1,745,746,744,-1,744,746,747,-1,744,747,748,-1,748,747,749,-1,748,749,750,-1,749,751,750,-1,750,751,752,-1,750,752,753,-1,752,754,753,-1,753,754,755,-1,753,755,756,-1,755,757,756,-1,756,757,758,-1,756,758,759,-1,759,758,760,-1,759,760,761,-1,761,760,762,-1,761,762,763,-1,763,762,764,-1,764,765,763,-1,763,765,766,-1,763,766,767,-1,767,766,768,-1,767,768,769,-1,769,768,770,-1,769,770,771,-1,771,770,772,-1,772,773,771,-1,771,773,774,-1,771,774,775,-1,775,774,776,-1,775,776,777,-1,777,776,778,-1,777,778,779,-1,779,778,780,-1,779,780,671,-1,671,780,781,-1,671,781,672,-1,775,782,771,-1,771,782,783,-1,771,783,769,-1,769,783,784,-1,769,784,767,-1,767,784,785,-1,767,785,763,-1,763,785,786,-1,763,786,761,-1,761,786,787,-1,761,787,759,-1,759,787,788,-1,759,788,756,-1,756,788,789,-1,756,789,753,-1,753,789,790,-1,753,790,750,-1,750,790,791,-1,750,791,748,-1,748,791,792,-1,748,792,744,-1,744,792,793,-1,744,793,742,-1,742,793,794,-1,742,794,740,-1,740,794,795,-1,740,795,736,-1,736,795,796,-1,736,796,734,-1,734,796,797,-1,734,797,732,-1,732,797,798,-1,732,798,729,-1,729,798,799,-1,729,799,725,-1,725,799,800,-1,725,800,723,-1,723,800,801,-1,723,801,721,-1,721,801,802,-1,721,802,717,-1,717,802,803,-1,717,803,715,-1,715,803,804,-1,715,804,713,-1,713,804,805,-1,713,805,710,-1,710,805,806,-1,710,806,707,-1,707,806,807,-1,707,807,704,-1,704,807,808,-1,704,808,702,-1,702,808,809,-1,702,809,698,-1,698,809,810,-1,698,810,696,-1,696,810,811,-1,696,811,694,-1,694,811,812,-1,694,812,690,-1,690,812,813,-1,690,813,688,-1,688,813,814,-1,688,814,686,-1,686,814,815,-1,686,815,683,-1,683,815,816,-1,683,816,679,-1,679,816,817,-1,679,817,677,-1,677,817,818,-1,677,818,675,-1,675,818,819,-1,675,819,665,-1,665,819,820,-1,665,820,667,-1,667,820,821,-1,667,821,669,-1,669,821,822,-1,669,822,671,-1,671,822,823,-1,671,823,779,-1,779,823,824,-1,779,824,777,-1,777,824,825,-1,777,825,775,-1,775,825,782,-1,825,826,782,-1,782,826,827,-1,782,827,783,-1,783,827,828,-1,783,828,784,-1,784,828,829,-1,784,829,785,-1,785,829,830,-1,785,830,786,-1,786,830,831,-1,786,831,787,-1,787,831,832,-1,787,832,788,-1,788,832,833,-1,788,833,789,-1,789,833,834,-1,789,834,790,-1,790,834,835,-1,790,835,791,-1,791,835,836,-1,791,836,792,-1,792,836,837,-1,792,837,793,-1,793,837,838,-1,793,838,794,-1,794,838,839,-1,794,839,795,-1,795,839,840,-1,795,840,796,-1,796,840,841,-1,796,841,797,-1,797,841,842,-1,797,842,798,-1,798,842,843,-1,798,843,799,-1,799,843,844,-1,799,844,800,-1,800,844,845,-1,800,845,801,-1,801,845,846,-1,801,846,802,-1,802,846,847,-1,802,847,803,-1,803,847,848,-1,803,848,804,-1,804,848,849,-1,804,849,805,-1,805,849,850,-1,805,850,806,-1,806,850,851,-1,806,851,807,-1,807,851,852,-1,807,852,808,-1,808,852,853,-1,808,853,809,-1,809,853,854,-1,809,854,810,-1,810,854,855,-1,810,855,811,-1,811,855,856,-1,811,856,812,-1,812,856,857,-1,812,857,813,-1,813,857,858,-1,813,858,814,-1,814,858,859,-1,814,859,815,-1,815,859,860,-1,815,860,816,-1,816,860,861,-1,816,861,817,-1,817,861,862,-1,817,862,818,-1,818,862,863,-1,818,863,819,-1,819,863,864,-1,819,864,820,-1,820,864,865,-1,820,865,821,-1,821,865,866,-1,821,866,822,-1,822,866,867,-1,822,867,823,-1,823,867,868,-1,823,868,824,-1,824,868,869,-1,824,869,825,-1,825,869,826,-1,869,870,826,-1,826,870,871,-1,826,871,827,-1,827,871,872,-1,827,872,828,-1,828,872,873,-1,828,873,829,-1,829,873,874,-1,829,874,830,-1,830,874,875,-1,830,875,831,-1,831,875,876,-1,831,876,832,-1,832,876,877,-1,832,877,833,-1,833,877,878,-1,833,878,834,-1,834,878,879,-1,834,879,835,-1,835,879,880,-1,835,880,836,-1,836,880,881,-1,836,881,837,-1,837,881,882,-1,837,882,838,-1,838,882,883,-1,838,883,839,-1,839,883,884,-1,839,884,840,-1,840,884,885,-1,840,885,841,-1,841,885,886,-1,841,886,842,-1,842,886,887,-1,842,887,843,-1,843,887,888,-1,843,888,844,-1,844,888,889,-1,844,889,845,-1,845,889,890,-1,845,890,846,-1,846,890,891,-1,846,891,847,-1,847,891,892,-1,847,892,848,-1,848,892,893,-1,848,893,849,-1,849,893,894,-1,849,894,850,-1,850,894,895,-1,850,895,851,-1,851,895,896,-1,851,896,852,-1,852,896,897,-1,852,897,853,-1,853,897,898,-1,853,898,854,-1,854,898,899,-1,854,899,855,-1,855,899,900,-1,855,900,856,-1,856,900,901,-1,856,901,857,-1,857,901,902,-1,857,902,858,-1,858,902,903,-1,858,903,859,-1,859,903,904,-1,859,904,860,-1,860,904,905,-1,860,905,861,-1,861,905,906,-1,861,906,862,-1,862,906,907,-1,862,907,863,-1,863,907,908,-1,863,908,864,-1,864,908,909,-1,864,909,865,-1,865,909,910,-1,865,910,866,-1,866,910,911,-1,866,911,867,-1,867,911,912,-1,867,912,868,-1,868,912,913,-1,868,913,869,-1,869,913,870,-1,913,914,870,-1,870,914,915,-1,870,915,871,-1,871,915,916,-1,871,916,872,-1,872,916,917,-1,872,917,873,-1,873,917,918,-1,873,918,874,-1,874,918,919,-1,874,919,875,-1,875,919,920,-1,875,920,876,-1,876,920,921,-1,876,921,877,-1,877,921,922,-1,877,922,878,-1,878,922,923,-1,878,923,879,-1,879,923,924,-1,879,924,880,-1,880,924,925,-1,880,925,881,-1,881,925,926,-1,881,926,882,-1,882,926,927,-1,882,927,883,-1,883,927,928,-1,883,928,884,-1,884,928,929,-1,884,929,885,-1,885,929,930,-1,885,930,886,-1,886,930,931,-1,886,931,887,-1,887,931,932,-1,887,932,888,-1,888,932,933,-1,888,933,889,-1,889,933,934,-1,889,934,890,-1,890,934,935,-1,890,935,891,-1,891,935,936,-1,891,936,892,-1,892,936,937,-1,892,937,893,-1,893,937,938,-1,893,938,894,-1,894,938,939,-1,894,939,895,-1,895,939,940,-1,895,940,896,-1,896,940,941,-1,896,941,897,-1,897,941,942,-1,897,942,898,-1,898,942,943,-1,898,943,899,-1,899,943,944,-1,899,944,900,-1,900,944,945,-1,900,945,901,-1,901,945,946,-1,901,946,902,-1,902,946,947,-1,902,947,903,-1,903,947,948,-1,903,948,904,-1,904,948,949,-1,904,949,905,-1,905,949,950,-1,905,950,906,-1,906,950,951,-1,906,951,907,-1,907,951,952,-1,907,952,908,-1,908,952,953,-1,908,953,909,-1,909,953,954,-1,909,954,910,-1,910,954,955,-1,910,955,911,-1,911,955,956,-1,911,956,912,-1,912,956,957,-1,912,957,913,-1,913,957,914,-1,957,622,914,-1,914,622,625,-1,914,625,915,-1,915,625,624,-1,915,624,916,-1,916,624,623,-1,916,623,917,-1,917,623,628,-1,917,628,918,-1,918,628,627,-1,918,627,919,-1,919,627,626,-1,919,626,920,-1,920,626,631,-1,920,631,921,-1,921,631,630,-1,921,630,922,-1,922,630,629,-1,922,629,923,-1,923,629,634,-1,923,634,924,-1,924,634,633,-1,924,633,925,-1,925,633,632,-1,925,632,926,-1,926,632,637,-1,926,637,927,-1,927,637,636,-1,927,636,928,-1,928,636,635,-1,928,635,929,-1,929,635,640,-1,929,640,930,-1,930,640,639,-1,930,639,931,-1,931,639,638,-1,931,638,932,-1,932,638,643,-1,932,643,933,-1,933,643,642,-1,933,642,934,-1,934,642,641,-1,934,641,935,-1,935,641,646,-1,935,646,936,-1,936,646,645,-1,936,645,937,-1,937,645,644,-1,937,644,938,-1,938,644,649,-1,938,649,939,-1,939,649,648,-1,939,648,940,-1,940,648,647,-1,940,647,941,-1,941,647,652,-1,941,652,942,-1,942,652,651,-1,942,651,943,-1,943,651,650,-1,943,650,944,-1,944,650,655,-1,944,655,945,-1,945,655,654,-1,945,654,946,-1,946,654,653,-1,946,653,947,-1,947,653,658,-1,947,658,948,-1,948,658,657,-1,948,657,949,-1,949,657,656,-1,949,656,950,-1,950,656,661,-1,950,661,951,-1,951,661,660,-1,951,660,952,-1,952,660,659,-1,952,659,953,-1,953,659,663,-1,953,663,954,-1,954,663,662,-1,954,662,955,-1,955,662,620,-1,955,620,956,-1,956,620,619,-1,956,619,957,-1,957,619,622,-1,958,674,959,-1,959,674,673,-1,959,673,960,-1,960,673,664,-1,960,664,961,-1,961,664,666,-1,961,666,962,-1,962,666,668,-1,962,668,963,-1,964,685,965,-1,965,685,684,-1,965,684,966,-1,966,684,682,-1,966,682,967,-1,967,682,681,-1,967,681,968,-1,968,681,680,-1,968,680,969,-1,969,680,678,-1,969,678,958,-1,958,678,676,-1,958,676,674,-1,970,701,971,-1,971,701,700,-1,971,700,972,-1,972,700,699,-1,972,699,973,-1,973,699,697,-1,973,697,974,-1,974,697,695,-1,974,695,975,-1,975,695,693,-1,975,693,976,-1,976,693,692,-1,976,692,977,-1,977,692,691,-1,977,691,978,-1,978,691,689,-1,978,689,964,-1,964,689,687,-1,964,687,685,-1,979,712,980,-1,980,712,711,-1,980,711,981,-1,981,711,709,-1,981,709,982,-1,982,709,708,-1,982,708,983,-1,983,708,706,-1,983,706,984,-1,984,706,705,-1,984,705,970,-1,970,705,703,-1,970,703,701,-1,985,720,986,-1,986,720,719,-1,986,719,987,-1,987,719,718,-1,987,718,988,-1,988,718,716,-1,988,716,979,-1,979,716,714,-1,979,714,712,-1,735,733,989,-1,989,733,731,-1,989,731,990,-1,990,731,730,-1,990,730,991,-1,991,730,728,-1,991,728,992,-1,992,728,727,-1,992,727,993,-1,993,727,726,-1,993,726,994,-1,994,726,724,-1,994,724,985,-1,985,724,722,-1,985,722,720,-1,989,995,735,-1,735,995,996,-1,735,996,737,-1,737,996,997,-1,737,997,738,-1,738,997,998,-1,999,747,1000,-1,1000,747,746,-1,1000,746,1001,-1,1001,746,745,-1,1001,745,1002,-1,1002,745,743,-1,1002,743,1003,-1,1003,743,741,-1,1003,741,998,-1,998,741,739,-1,998,739,738,-1,1004,758,1005,-1,1005,758,757,-1,1005,757,1006,-1,1006,757,755,-1,1006,755,1007,-1,1007,755,754,-1,1007,754,1008,-1,1008,754,752,-1,1008,752,1009,-1,1009,752,751,-1,1009,751,999,-1,999,751,749,-1,999,749,747,-1,1010,770,1011,-1,1011,770,768,-1,1011,768,1012,-1,1012,768,766,-1,1012,766,1013,-1,1013,766,765,-1,1013,765,1014,-1,1014,765,764,-1,1014,764,1015,-1,1015,764,762,-1,1015,762,1004,-1,1004,762,760,-1,1004,760,758,-1,668,670,963,-1,963,670,672,-1,963,672,1016,-1,1016,672,781,-1,1016,781,1017,-1,1017,781,780,-1,1017,780,1018,-1,1018,780,778,-1,1018,778,1019,-1,1019,778,776,-1,1019,776,1020,-1,1020,776,774,-1,1020,774,1021,-1,1021,774,773,-1,1021,773,1010,-1,1010,773,772,-1,1010,772,770,-1,1018,1022,1023,-1,1024,1016,1023,-1,1023,1016,1017,-1,1023,1017,1018,-1,1025,962,1024,-1,1024,962,963,-1,1024,963,1016,-1,1026,960,1025,-1,1025,960,961,-1,1025,961,962,-1,1027,958,1026,-1,1026,958,959,-1,1026,959,960,-1,1028,968,1027,-1,1027,968,969,-1,1027,969,958,-1,1029,966,1028,-1,1028,966,967,-1,1028,967,968,-1,1030,964,1029,-1,1029,964,965,-1,1029,965,966,-1,1031,977,1030,-1,1030,977,978,-1,1030,978,964,-1,1032,974,1033,-1,1033,974,975,-1,1033,975,1031,-1,1031,975,976,-1,1031,976,977,-1,1034,972,1032,-1,1032,972,973,-1,1032,973,974,-1,1035,970,1034,-1,1034,970,971,-1,1034,971,972,-1,1036,983,1035,-1,1035,983,984,-1,1035,984,970,-1,1037,981,1036,-1,1036,981,982,-1,1036,982,983,-1,1038,979,1037,-1,1037,979,980,-1,1037,980,981,-1,1039,987,1038,-1,1038,987,988,-1,1038,988,979,-1,1040,985,1039,-1,1039,985,986,-1,1039,986,987,-1,1041,993,1040,-1,1040,993,994,-1,1040,994,985,-1,1042,991,1041,-1,1041,991,992,-1,1041,992,993,-1,1043,995,1044,-1,1044,995,989,-1,1044,989,1042,-1,1042,989,990,-1,1042,990,991,-1,1045,997,1043,-1,1043,997,996,-1,1043,996,995,-1,1046,1003,1045,-1,1045,1003,998,-1,1045,998,997,-1,1047,1001,1046,-1,1046,1001,1002,-1,1046,1002,1003,-1,1048,999,1047,-1,1047,999,1000,-1,1047,1000,1001,-1,1049,1008,1048,-1,1048,1008,1009,-1,1048,1009,999,-1,1050,1006,1049,-1,1049,1006,1007,-1,1049,1007,1008,-1,1051,1004,1050,-1,1050,1004,1005,-1,1050,1005,1006,-1,1052,1014,1051,-1,1051,1014,1015,-1,1051,1015,1004,-1,1053,1012,1052,-1,1052,1012,1013,-1,1052,1013,1014,-1,1018,1019,1022,-1,1022,1019,1020,-1,1022,1020,1054,-1,1054,1020,1021,-1,1054,1021,1055,-1,1055,1021,1010,-1,1055,1010,1053,-1,1053,1010,1011,-1,1053,1011,1012,-1,1056,1055,1057,-1,1057,1055,1053,-1,1057,1053,1058,-1,1058,1053,1052,-1,1058,1052,1059,-1,1059,1052,1051,-1,1059,1051,1060,-1,1060,1051,1050,-1,1060,1050,1061,-1,1061,1050,1049,-1,1061,1049,1062,-1,1062,1049,1048,-1,1062,1048,1063,-1,1063,1048,1047,-1,1063,1047,1064,-1,1064,1047,1046,-1,1064,1046,1065,-1,1065,1046,1045,-1,1065,1045,1066,-1,1066,1045,1043,-1,1066,1043,1067,-1,1067,1043,1044,-1,1067,1044,1068,-1,1068,1044,1042,-1,1068,1042,1069,-1,1069,1042,1041,-1,1069,1041,1070,-1,1070,1041,1040,-1,1070,1040,1071,-1,1071,1040,1039,-1,1071,1039,1072,-1,1072,1039,1038,-1,1072,1038,1073,-1,1073,1038,1037,-1,1073,1037,1074,-1,1074,1037,1036,-1,1074,1036,1075,-1,1075,1036,1035,-1,1075,1035,1076,-1,1076,1035,1034,-1,1076,1034,1077,-1,1077,1034,1032,-1,1077,1032,1078,-1,1078,1032,1033,-1,1078,1033,1079,-1,1079,1033,1031,-1,1079,1031,1080,-1,1080,1031,1030,-1,1080,1030,1081,-1,1081,1030,1029,-1,1081,1029,1082,-1,1082,1029,1028,-1,1082,1028,1083,-1,1083,1028,1027,-1,1083,1027,1084,-1,1084,1027,1026,-1,1084,1026,1085,-1,1085,1026,1025,-1,1085,1025,1086,-1,1086,1025,1024,-1,1086,1024,1087,-1,1087,1024,1023,-1,1087,1023,1088,-1,1088,1023,1022,-1,1088,1022,1089,-1,1089,1022,1054,-1,1089,1054,1056,-1,1056,1054,1055,-1,1072,1090,1071,-1,1071,1090,1091,-1,1071,1091,1070,-1,1073,1092,1072,-1,1072,1092,1093,-1,1072,1093,1090,-1,1064,1094,1063,-1,1063,1094,1095,-1,1063,1095,1062,-1,1068,1096,1067,-1,1067,1096,1097,-1,1067,1097,1066,-1,1069,1098,1068,-1,1068,1098,1099,-1,1068,1099,1096,-1,1081,1100,1080,-1,1080,1100,1101,-1,1080,1101,1079,-1,1095,1102,1062,-1,1062,1102,1103,-1,1062,1103,1061,-1,1065,1104,1064,-1,1064,1104,1105,-1,1064,1105,1094,-1,1074,1106,1073,-1,1073,1106,1107,-1,1073,1107,1092,-1,1108,1085,1086,-1,1089,1109,1088,-1,1088,1109,1110,-1,1088,1110,1087,-1,1056,1111,1089,-1,1089,1111,1112,-1,1089,1112,1109,-1,1097,1113,1066,-1,1066,1113,1114,-1,1066,1114,1065,-1,1065,1114,1115,-1,1065,1115,1104,-1,1091,1116,1070,-1,1070,1116,1117,-1,1070,1117,1069,-1,1069,1117,1118,-1,1069,1118,1098,-1,1077,1119,1076,-1,1076,1119,1120,-1,1076,1120,1075,-1,1082,1121,1081,-1,1081,1121,1122,-1,1081,1122,1100,-1,1108,1123,1085,-1,1085,1123,1124,-1,1085,1124,1084,-1,1084,1124,1125,-1,1084,1125,1083,-1,1110,1126,1087,-1,1087,1126,1127,-1,1087,1127,1086,-1,1086,1127,1128,-1,1086,1128,1108,-1,1057,1129,1056,-1,1056,1129,1130,-1,1056,1130,1111,-1,1120,1131,1075,-1,1075,1131,1132,-1,1075,1132,1074,-1,1074,1132,1133,-1,1074,1133,1106,-1,1125,1134,1083,-1,1083,1134,1135,-1,1083,1135,1082,-1,1082,1135,1136,-1,1082,1136,1121,-1,1058,1137,1057,-1,1057,1137,1138,-1,1057,1138,1129,-1,1078,1139,1077,-1,1077,1139,1140,-1,1077,1140,1119,-1,1060,1141,1059,-1,1059,1141,1142,-1,1059,1142,1058,-1,1058,1142,1143,-1,1058,1143,1137,-1,1103,1144,1061,-1,1061,1144,1145,-1,1061,1145,1060,-1,1060,1145,1146,-1,1060,1146,1141,-1,1101,1147,1079,-1,1079,1147,1148,-1,1079,1148,1078,-1,1078,1148,1149,-1,1078,1149,1139,-1,1150,1151,1152,-1,1150,1153,1151,-1,1151,1153,1154,-1,1151,1154,1155,-1,1155,1154,1156,-1,1155,1156,1157,-1,1157,1156,1158,-1,1157,1158,1159,-1,1159,1158,1160,-1,1160,1161,1159,-1,1159,1161,1162,-1,1159,1162,1163,-1,1162,1164,1163,-1,1163,1164,1165,-1,1163,1165,1166,-1,1166,1165,1167,-1,1166,1167,1168,-1,1167,1169,1168,-1,1168,1169,1170,-1,1168,1170,1171,-1,1170,1172,1171,-1,1171,1172,1173,-1,1171,1173,1174,-1,1174,1173,1175,-1,1174,1175,1176,-1,1176,1175,1177,-1,1176,1177,1178,-1,1178,1177,1179,-1,1179,1180,1178,-1,1178,1180,1181,-1,1178,1181,1182,-1,1181,1183,1182,-1,1182,1183,1184,-1,1182,1184,1185,-1,1185,1184,1186,-1,1185,1186,1187,-1,1186,1188,1187,-1,1187,1188,1189,-1,1187,1189,1190,-1,1189,1191,1190,-1,1190,1191,1192,-1,1190,1192,1193,-1,1193,1192,1194,-1,1193,1194,1195,-1,1195,1194,1196,-1,1195,1196,1197,-1,1197,1196,1198,-1,1198,1199,1197,-1,1197,1199,1200,-1,1197,1200,1201,-1,1200,1202,1201,-1,1201,1202,1203,-1,1201,1203,1204,-1,1204,1203,1205,-1,1204,1205,1206,-1,1206,1205,1207,-1,1206,1207,1208,-1,1208,1207,1209,-1,1209,1210,1208,-1,1208,1210,1211,-1,1208,1211,1212,-1,1212,1211,1213,-1,1212,1213,1214,-1,1214,1213,1215,-1,1214,1215,1216,-1,1216,1215,1217,-1,1217,1218,1216,-1,1216,1218,1219,-1,1216,1219,1220,-1,1219,1221,1220,-1,1220,1221,1222,-1,1220,1222,1223,-1,1223,1222,1224,-1,1223,1224,1225,-1,1225,1224,1226,-1,1225,1226,1227,-1,1227,1226,1228,-1,1228,1229,1227,-1,1227,1229,1230,-1,1227,1230,1231,-1,1231,1230,1232,-1,1231,1232,1233,-1,1232,1234,1233,-1,1233,1234,1235,-1,1233,1235,1236,-1,1235,1237,1236,-1,1236,1237,1238,-1,1236,1238,1239,-1,1238,1240,1239,-1,1239,1240,1241,-1,1239,1241,1242,-1,1242,1241,1243,-1,1242,1243,1244,-1,1244,1243,1245,-1,1244,1245,1246,-1,1246,1245,1247,-1,1247,1248,1246,-1,1246,1248,1249,-1,1246,1249,1250,-1,1250,1249,1251,-1,1250,1251,1252,-1,1251,1253,1252,-1,1252,1253,1254,-1,1252,1254,1255,-1,1254,1256,1255,-1,1255,1256,1257,-1,1255,1257,1258,-1,1257,1259,1258,-1,1258,1259,1260,-1,1258,1260,1261,-1,1261,1260,1262,-1,1261,1262,1263,-1,1263,1262,1264,-1,1263,1264,1265,-1,1265,1264,1266,-1,1266,1267,1265,-1,1265,1267,1268,-1,1265,1268,1269,-1,1269,1268,1270,-1,1269,1270,1271,-1,1270,1272,1271,-1,1271,1272,1273,-1,1271,1273,1274,-1,1273,1275,1274,-1,1274,1275,1276,-1,1274,1276,1277,-1,1276,1278,1277,-1,1277,1278,1279,-1,1277,1279,1280,-1,1280,1279,1281,-1,1280,1281,1282,-1,1282,1281,1283,-1,1282,1283,1284,-1,1284,1283,1285,-1,1285,1286,1284,-1,1284,1286,1287,-1,1284,1287,1288,-1,1288,1287,1289,-1,1288,1289,1290,-1,1289,1291,1290,-1,1290,1291,1292,-1,1290,1292,1293,-1,1292,1294,1293,-1,1293,1294,1295,-1,1293,1295,1296,-1,1295,1297,1296,-1,1296,1297,1298,-1,1296,1298,1299,-1,1299,1298,1300,-1,1299,1300,1301,-1,1301,1300,1302,-1,1301,1302,1303,-1,1303,1302,1304,-1,1304,1305,1303,-1,1303,1305,1306,-1,1303,1306,1307,-1,1307,1306,1308,-1,1307,1308,1309,-1,1309,1308,1310,-1,1309,1310,1152,-1,1152,1310,1311,-1,1152,1311,1150,-1,1307,1312,1303,-1,1303,1312,1313,-1,1303,1313,1301,-1,1301,1313,1314,-1,1301,1314,1299,-1,1299,1314,1315,-1,1299,1315,1296,-1,1296,1315,1316,-1,1296,1316,1293,-1,1293,1316,1317,-1,1293,1317,1290,-1,1290,1317,1318,-1,1290,1318,1288,-1,1288,1318,1319,-1,1288,1319,1284,-1,1284,1319,1320,-1,1284,1320,1282,-1,1282,1320,1321,-1,1282,1321,1280,-1,1280,1321,1322,-1,1280,1322,1277,-1,1277,1322,1323,-1,1277,1323,1274,-1,1274,1323,1324,-1,1274,1324,1271,-1,1271,1324,1325,-1,1271,1325,1269,-1,1269,1325,1326,-1,1269,1326,1265,-1,1265,1326,1327,-1,1265,1327,1263,-1,1263,1327,1328,-1,1263,1328,1261,-1,1261,1328,1329,-1,1261,1329,1258,-1,1258,1329,1330,-1,1258,1330,1255,-1,1255,1330,1331,-1,1255,1331,1252,-1,1252,1331,1332,-1,1252,1332,1250,-1,1250,1332,1333,-1,1250,1333,1246,-1,1246,1333,1334,-1,1246,1334,1244,-1,1244,1334,1335,-1,1244,1335,1242,-1,1242,1335,1336,-1,1242,1336,1239,-1,1239,1336,1337,-1,1239,1337,1236,-1,1236,1337,1338,-1,1236,1338,1233,-1,1233,1338,1339,-1,1233,1339,1231,-1,1231,1339,1340,-1,1231,1340,1227,-1,1227,1340,1341,-1,1227,1341,1225,-1,1225,1341,1342,-1,1225,1342,1223,-1,1223,1342,1343,-1,1223,1343,1220,-1,1220,1343,1344,-1,1220,1344,1216,-1,1216,1344,1345,-1,1216,1345,1214,-1,1214,1345,1346,-1,1214,1346,1212,-1,1212,1346,1347,-1,1212,1347,1208,-1,1208,1347,1348,-1,1208,1348,1206,-1,1206,1348,1349,-1,1206,1349,1204,-1,1204,1349,1350,-1,1204,1350,1201,-1,1201,1350,1351,-1,1201,1351,1197,-1,1197,1351,1352,-1,1197,1352,1195,-1,1195,1352,1353,-1,1195,1353,1193,-1,1193,1353,1354,-1,1193,1354,1190,-1,1190,1354,1355,-1,1190,1355,1187,-1,1187,1355,1356,-1,1187,1356,1185,-1,1185,1356,1357,-1,1185,1357,1182,-1,1182,1357,1358,-1,1182,1358,1178,-1,1178,1358,1359,-1,1178,1359,1176,-1,1176,1359,1360,-1,1176,1360,1174,-1,1174,1360,1361,-1,1174,1361,1171,-1,1171,1361,1362,-1,1171,1362,1168,-1,1168,1362,1363,-1,1168,1363,1166,-1,1166,1363,1364,-1,1166,1364,1163,-1,1163,1364,1365,-1,1163,1365,1159,-1,1159,1365,1366,-1,1159,1366,1157,-1,1157,1366,1367,-1,1157,1367,1155,-1,1155,1367,1368,-1,1155,1368,1151,-1,1151,1368,1369,-1,1151,1369,1152,-1,1152,1369,1370,-1,1152,1370,1309,-1,1309,1370,1371,-1,1309,1371,1307,-1,1307,1371,1312,-1,1371,1372,1312,-1,1312,1372,1373,-1,1312,1373,1313,-1,1313,1373,1374,-1,1313,1374,1314,-1,1314,1374,1375,-1,1314,1375,1315,-1,1315,1375,1376,-1,1315,1376,1316,-1,1316,1376,1377,-1,1316,1377,1317,-1,1317,1377,1378,-1,1317,1378,1318,-1,1318,1378,1379,-1,1318,1379,1319,-1,1319,1379,1380,-1,1319,1380,1320,-1,1320,1380,1381,-1,1320,1381,1321,-1,1321,1381,1382,-1,1321,1382,1322,-1,1322,1382,1383,-1,1322,1383,1323,-1,1323,1383,1384,-1,1323,1384,1324,-1,1324,1384,1385,-1,1324,1385,1325,-1,1325,1385,1386,-1,1325,1386,1326,-1,1326,1386,1387,-1,1326,1387,1327,-1,1327,1387,1388,-1,1327,1388,1328,-1,1328,1388,1389,-1,1328,1389,1329,-1,1329,1389,1390,-1,1329,1390,1330,-1,1330,1390,1391,-1,1330,1391,1331,-1,1331,1391,1392,-1,1331,1392,1332,-1,1332,1392,1393,-1,1332,1393,1333,-1,1333,1393,1394,-1,1333,1394,1334,-1,1334,1394,1395,-1,1334,1395,1335,-1,1335,1395,1396,-1,1335,1396,1336,-1,1336,1396,1397,-1,1336,1397,1337,-1,1337,1397,1398,-1,1337,1398,1338,-1,1338,1398,1399,-1,1338,1399,1339,-1,1339,1399,1400,-1,1339,1400,1340,-1,1340,1400,1401,-1,1340,1401,1341,-1,1341,1401,1402,-1,1341,1402,1342,-1,1342,1402,1403,-1,1342,1403,1343,-1,1343,1403,1404,-1,1343,1404,1344,-1,1344,1404,1405,-1,1344,1405,1345,-1,1345,1405,1406,-1,1345,1406,1346,-1,1346,1406,1407,-1,1346,1407,1347,-1,1347,1407,1408,-1,1347,1408,1348,-1,1348,1408,1409,-1,1348,1409,1349,-1,1349,1409,1410,-1,1349,1410,1350,-1,1350,1410,1411,-1,1350,1411,1351,-1,1351,1411,1412,-1,1351,1412,1352,-1,1352,1412,1413,-1,1352,1413,1353,-1,1353,1413,1414,-1,1353,1414,1354,-1,1354,1414,1415,-1,1354,1415,1355,-1,1355,1415,1416,-1,1355,1416,1356,-1,1356,1416,1417,-1,1356,1417,1357,-1,1357,1417,1418,-1,1357,1418,1358,-1,1358,1418,1419,-1,1358,1419,1359,-1,1359,1419,1420,-1,1359,1420,1360,-1,1360,1420,1421,-1,1360,1421,1361,-1,1361,1421,1422,-1,1361,1422,1362,-1,1362,1422,1423,-1,1362,1423,1363,-1,1363,1423,1424,-1,1363,1424,1364,-1,1364,1424,1425,-1,1364,1425,1365,-1,1365,1425,1426,-1,1365,1426,1366,-1,1366,1426,1427,-1,1366,1427,1367,-1,1367,1427,1428,-1,1367,1428,1368,-1,1368,1428,1429,-1,1368,1429,1369,-1,1369,1429,1430,-1,1369,1430,1370,-1,1370,1430,1431,-1,1370,1431,1371,-1,1371,1431,1372,-1,1431,1432,1372,-1,1372,1432,1433,-1,1372,1433,1373,-1,1373,1433,1434,-1,1373,1434,1374,-1,1374,1434,1435,-1,1374,1435,1375,-1,1375,1435,1436,-1,1375,1436,1376,-1,1376,1436,1437,-1,1376,1437,1377,-1,1377,1437,1438,-1,1377,1438,1378,-1,1378,1438,1439,-1,1378,1439,1379,-1,1379,1439,1440,-1,1379,1440,1380,-1,1380,1440,1441,-1,1380,1441,1381,-1,1381,1441,1442,-1,1381,1442,1382,-1,1382,1442,1443,-1,1382,1443,1383,-1,1383,1443,1444,-1,1383,1444,1384,-1,1384,1444,1445,-1,1384,1445,1385,-1,1385,1445,1446,-1,1385,1446,1386,-1,1386,1446,1447,-1,1386,1447,1387,-1,1387,1447,1448,-1,1387,1448,1388,-1,1388,1448,1449,-1,1388,1449,1389,-1,1389,1449,1450,-1,1389,1450,1390,-1,1390,1450,1451,-1,1390,1451,1391,-1,1391,1451,1452,-1,1391,1452,1392,-1,1392,1452,1453,-1,1392,1453,1393,-1,1393,1453,1454,-1,1393,1454,1394,-1,1394,1454,1455,-1,1394,1455,1395,-1,1395,1455,1456,-1,1395,1456,1396,-1,1396,1456,1457,-1,1396,1457,1397,-1,1397,1457,1458,-1,1397,1458,1398,-1,1398,1458,1459,-1,1398,1459,1399,-1,1399,1459,1460,-1,1399,1460,1400,-1,1400,1460,1461,-1,1400,1461,1401,-1,1401,1461,1462,-1,1401,1462,1402,-1,1402,1462,1463,-1,1402,1463,1403,-1,1403,1463,1464,-1,1403,1464,1404,-1,1404,1464,1465,-1,1404,1465,1405,-1,1405,1465,1466,-1,1405,1466,1406,-1,1406,1466,1467,-1,1406,1467,1407,-1,1407,1467,1468,-1,1407,1468,1408,-1,1408,1468,1469,-1,1408,1469,1409,-1,1409,1469,1470,-1,1409,1470,1410,-1,1410,1470,1471,-1,1410,1471,1411,-1,1411,1471,1472,-1,1411,1472,1412,-1,1412,1472,1473,-1,1412,1473,1413,-1,1413,1473,1474,-1,1413,1474,1414,-1,1414,1474,1475,-1,1414,1475,1415,-1,1415,1475,1476,-1,1415,1476,1416,-1,1416,1476,1477,-1,1416,1477,1417,-1,1417,1477,1478,-1,1417,1478,1418,-1,1418,1478,1479,-1,1418,1479,1419,-1,1419,1479,1480,-1,1419,1480,1420,-1,1420,1480,1481,-1,1420,1481,1421,-1,1421,1481,1482,-1,1421,1482,1422,-1,1422,1482,1483,-1,1422,1483,1423,-1,1423,1483,1484,-1,1423,1484,1424,-1,1424,1484,1485,-1,1424,1485,1425,-1,1425,1485,1486,-1,1425,1486,1426,-1,1426,1486,1487,-1,1426,1487,1427,-1,1427,1487,1488,-1,1427,1488,1428,-1,1428,1488,1489,-1,1428,1489,1429,-1,1429,1489,1490,-1,1429,1490,1430,-1,1430,1490,1491,-1,1430,1491,1431,-1,1431,1491,1432,-1,1491,1492,1432,-1,1432,1492,1493,-1,1432,1493,1433,-1,1433,1493,1494,-1,1433,1494,1434,-1,1434,1494,1495,-1,1434,1495,1435,-1,1435,1495,1496,-1,1435,1496,1436,-1,1436,1496,1497,-1,1436,1497,1437,-1,1437,1497,1498,-1,1437,1498,1438,-1,1438,1498,1499,-1,1438,1499,1439,-1,1439,1499,1500,-1,1439,1500,1440,-1,1440,1500,1501,-1,1440,1501,1441,-1,1441,1501,1502,-1,1441,1502,1442,-1,1442,1502,1503,-1,1442,1503,1443,-1,1443,1503,1504,-1,1443,1504,1444,-1,1444,1504,1505,-1,1444,1505,1445,-1,1445,1505,1506,-1,1445,1506,1446,-1,1446,1506,1507,-1,1446,1507,1447,-1,1447,1507,1508,-1,1447,1508,1448,-1,1448,1508,1509,-1,1448,1509,1449,-1,1449,1509,1510,-1,1449,1510,1450,-1,1450,1510,1511,-1,1450,1511,1451,-1,1451,1511,1512,-1,1451,1512,1452,-1,1452,1512,1513,-1,1452,1513,1453,-1,1453,1513,1514,-1,1453,1514,1454,-1,1454,1514,1515,-1,1454,1515,1455,-1,1455,1515,1516,-1,1455,1516,1456,-1,1456,1516,1517,-1,1456,1517,1457,-1,1457,1517,1518,-1,1457,1518,1458,-1,1458,1518,1519,-1,1458,1519,1459,-1,1459,1519,1520,-1,1459,1520,1460,-1,1460,1520,1521,-1,1460,1521,1461,-1,1461,1521,1522,-1,1461,1522,1462,-1,1462,1522,1523,-1,1462,1523,1463,-1,1463,1523,1524,-1,1463,1524,1464,-1,1464,1524,1525,-1,1464,1525,1465,-1,1465,1525,1526,-1,1465,1526,1466,-1,1466,1526,1527,-1,1466,1527,1467,-1,1467,1527,1528,-1,1467,1528,1468,-1,1468,1528,1529,-1,1468,1529,1469,-1,1469,1529,1530,-1,1469,1530,1470,-1,1470,1530,1531,-1,1470,1531,1471,-1,1471,1531,1532,-1,1471,1532,1472,-1,1472,1532,1533,-1,1472,1533,1473,-1,1473,1533,1534,-1,1473,1534,1474,-1,1474,1534,1535,-1,1474,1535,1475,-1,1475,1535,1536,-1,1475,1536,1476,-1,1476,1536,1537,-1,1476,1537,1477,-1,1477,1537,1538,-1,1477,1538,1478,-1,1478,1538,1539,-1,1478,1539,1479,-1,1479,1539,1540,-1,1479,1540,1480,-1,1480,1540,1541,-1,1480,1541,1481,-1,1481,1541,1542,-1,1481,1542,1482,-1,1482,1542,1543,-1,1482,1543,1483,-1,1483,1543,1544,-1,1483,1544,1484,-1,1484,1544,1545,-1,1484,1545,1485,-1,1485,1545,1546,-1,1485,1546,1486,-1,1486,1546,1547,-1,1486,1547,1487,-1,1487,1547,1548,-1,1487,1548,1488,-1,1488,1548,1549,-1,1488,1549,1489,-1,1489,1549,1550,-1,1489,1550,1490,-1,1490,1550,1551,-1,1490,1551,1491,-1,1491,1551,1492,-1,1551,1552,1492,-1,1492,1552,1553,-1,1492,1553,1493,-1,1493,1553,1554,-1,1493,1554,1494,-1,1494,1554,1555,-1,1494,1555,1495,-1,1495,1555,1556,-1,1495,1556,1496,-1,1496,1556,1557,-1,1496,1557,1497,-1,1497,1557,1558,-1,1497,1558,1498,-1,1498,1558,1559,-1,1498,1559,1499,-1,1499,1559,1560,-1,1499,1560,1500,-1,1500,1560,1561,-1,1500,1561,1501,-1,1501,1561,1562,-1,1501,1562,1502,-1,1502,1562,1563,-1,1502,1563,1503,-1,1503,1563,1564,-1,1503,1564,1504,-1,1504,1564,1565,-1,1504,1565,1505,-1,1505,1565,1566,-1,1505,1566,1506,-1,1506,1566,1567,-1,1506,1567,1507,-1,1507,1567,1568,-1,1507,1568,1508,-1,1508,1568,1569,-1,1508,1569,1509,-1,1509,1569,1570,-1,1509,1570,1510,-1,1510,1570,1571,-1,1510,1571,1511,-1,1511,1571,1572,-1,1511,1572,1512,-1,1512,1572,1573,-1,1512,1573,1513,-1,1513,1573,1574,-1,1513,1574,1514,-1,1514,1574,1575,-1,1514,1575,1515,-1,1515,1575,1576,-1,1515,1576,1516,-1,1516,1576,1577,-1,1516,1577,1517,-1,1517,1577,1578,-1,1517,1578,1518,-1,1518,1578,1579,-1,1518,1579,1519,-1,1519,1579,1580,-1,1519,1580,1520,-1,1520,1580,1581,-1,1520,1581,1521,-1,1521,1581,1582,-1,1521,1582,1522,-1,1522,1582,1583,-1,1522,1583,1523,-1,1523,1583,1584,-1,1523,1584,1524,-1,1524,1584,1585,-1,1524,1585,1525,-1,1525,1585,1586,-1,1525,1586,1526,-1,1526,1586,1587,-1,1526,1587,1527,-1,1527,1587,1588,-1,1527,1588,1528,-1,1528,1588,1589,-1,1528,1589,1529,-1,1529,1589,1590,-1,1529,1590,1530,-1,1530,1590,1591,-1,1530,1591,1531,-1,1531,1591,1592,-1,1531,1592,1532,-1,1532,1592,1593,-1,1532,1593,1533,-1,1533,1593,1594,-1,1533,1594,1534,-1,1534,1594,1595,-1,1534,1595,1535,-1,1535,1595,1596,-1,1535,1596,1536,-1,1536,1596,1597,-1,1536,1597,1537,-1,1537,1597,1598,-1,1537,1598,1538,-1,1538,1598,1599,-1,1538,1599,1539,-1,1539,1599,1600,-1,1539,1600,1540,-1,1540,1600,1601,-1,1540,1601,1541,-1,1541,1601,1602,-1,1541,1602,1542,-1,1542,1602,1603,-1,1542,1603,1543,-1,1543,1603,1604,-1,1543,1604,1544,-1,1544,1604,1605,-1,1544,1605,1545,-1,1545,1605,1606,-1,1545,1606,1546,-1,1546,1606,1607,-1,1546,1607,1547,-1,1547,1607,1608,-1,1547,1608,1548,-1,1548,1608,1609,-1,1548,1609,1549,-1,1549,1609,1610,-1,1549,1610,1550,-1,1550,1610,1611,-1,1550,1611,1551,-1,1551,1611,1552,-1,1611,1612,1552,-1,1552,1612,1613,-1,1552,1613,1553,-1,1553,1613,1614,-1,1553,1614,1554,-1,1554,1614,1615,-1,1554,1615,1555,-1,1555,1615,1616,-1,1555,1616,1556,-1,1556,1616,1617,-1,1556,1617,1557,-1,1557,1617,1618,-1,1557,1618,1558,-1,1558,1618,1619,-1,1558,1619,1559,-1,1559,1619,1620,-1,1559,1620,1560,-1,1560,1620,1621,-1,1560,1621,1561,-1,1561,1621,1622,-1,1561,1622,1562,-1,1562,1622,1623,-1,1562,1623,1563,-1,1563,1623,1624,-1,1563,1624,1564,-1,1564,1624,1625,-1,1564,1625,1565,-1,1565,1625,1626,-1,1565,1626,1566,-1,1566,1626,1627,-1,1566,1627,1567,-1,1567,1627,1628,-1,1567,1628,1568,-1,1568,1628,1629,-1,1568,1629,1569,-1,1569,1629,1630,-1,1569,1630,1570,-1,1570,1630,1631,-1,1570,1631,1571,-1,1571,1631,1632,-1,1571,1632,1572,-1,1572,1632,1633,-1,1572,1633,1573,-1,1573,1633,1634,-1,1573,1634,1574,-1,1574,1634,1635,-1,1574,1635,1575,-1,1575,1635,1636,-1,1575,1636,1576,-1,1576,1636,1637,-1,1576,1637,1577,-1,1577,1637,1638,-1,1577,1638,1578,-1,1578,1638,1639,-1,1578,1639,1579,-1,1579,1639,1640,-1,1579,1640,1580,-1,1580,1640,1641,-1,1580,1641,1581,-1,1581,1641,1642,-1,1581,1642,1582,-1,1582,1642,1643,-1,1582,1643,1583,-1,1583,1643,1644,-1,1583,1644,1584,-1,1584,1644,1645,-1,1584,1645,1585,-1,1585,1645,1646,-1,1585,1646,1586,-1,1586,1646,1647,-1,1586,1647,1587,-1,1587,1647,1648,-1,1587,1648,1588,-1,1588,1648,1649,-1,1588,1649,1589,-1,1589,1649,1650,-1,1589,1650,1590,-1,1590,1650,1651,-1,1590,1651,1591,-1,1591,1651,1652,-1,1591,1652,1592,-1,1592,1652,1653,-1,1592,1653,1593,-1,1593,1653,1654,-1,1593,1654,1594,-1,1594,1654,1655,-1,1594,1655,1595,-1,1595,1655,1656,-1,1595,1656,1596,-1,1596,1656,1657,-1,1596,1657,1597,-1,1597,1657,1658,-1,1597,1658,1598,-1,1598,1658,1659,-1,1598,1659,1599,-1,1599,1659,1660,-1,1599,1660,1600,-1,1600,1660,1661,-1,1600,1661,1601,-1,1601,1661,1662,-1,1601,1662,1602,-1,1602,1662,1663,-1,1602,1663,1603,-1,1603,1663,1664,-1,1603,1664,1604,-1,1604,1664,1665,-1,1604,1665,1605,-1,1605,1665,1666,-1,1605,1666,1606,-1,1606,1666,1667,-1,1606,1667,1607,-1,1607,1667,1668,-1,1607,1668,1608,-1,1608,1668,1669,-1,1608,1669,1609,-1,1609,1669,1670,-1,1609,1670,1610,-1,1610,1670,1671,-1,1610,1671,1611,-1,1611,1671,1612,-1,1671,1129,1612,-1,1612,1129,1138,-1,1612,1138,1613,-1,1613,1138,1137,-1,1613,1137,1614,-1,1614,1137,1143,-1,1614,1143,1615,-1,1615,1143,1142,-1,1615,1142,1616,-1,1616,1142,1141,-1,1616,1141,1617,-1,1617,1141,1146,-1,1617,1146,1618,-1,1618,1146,1145,-1,1618,1145,1619,-1,1619,1145,1144,-1,1619,1144,1620,-1,1620,1144,1103,-1,1620,1103,1621,-1,1621,1103,1102,-1,1621,1102,1622,-1,1622,1102,1095,-1,1622,1095,1623,-1,1623,1095,1094,-1,1623,1094,1624,-1,1624,1094,1105,-1,1624,1105,1625,-1,1625,1105,1104,-1,1625,1104,1626,-1,1626,1104,1115,-1,1626,1115,1627,-1,1627,1115,1114,-1,1627,1114,1628,-1,1628,1114,1113,-1,1628,1113,1629,-1,1629,1113,1097,-1,1629,1097,1630,-1,1630,1097,1096,-1,1630,1096,1631,-1,1631,1096,1099,-1,1631,1099,1632,-1,1632,1099,1098,-1,1632,1098,1633,-1,1633,1098,1118,-1,1633,1118,1634,-1,1634,1118,1117,-1,1634,1117,1635,-1,1635,1117,1116,-1,1635,1116,1636,-1,1636,1116,1091,-1,1636,1091,1637,-1,1637,1091,1090,-1,1637,1090,1638,-1,1638,1090,1093,-1,1638,1093,1639,-1,1639,1093,1092,-1,1639,1092,1640,-1,1640,1092,1107,-1,1640,1107,1641,-1,1641,1107,1106,-1,1641,1106,1642,-1,1642,1106,1133,-1,1642,1133,1643,-1,1643,1133,1132,-1,1643,1132,1644,-1,1644,1132,1131,-1,1644,1131,1645,-1,1645,1131,1120,-1,1645,1120,1646,-1,1646,1120,1119,-1,1646,1119,1647,-1,1647,1119,1140,-1,1647,1140,1648,-1,1648,1140,1139,-1,1648,1139,1649,-1,1649,1139,1149,-1,1649,1149,1650,-1,1650,1149,1148,-1,1650,1148,1651,-1,1651,1148,1147,-1,1651,1147,1652,-1,1652,1147,1101,-1,1652,1101,1653,-1,1653,1101,1100,-1,1653,1100,1654,-1,1654,1100,1122,-1,1654,1122,1655,-1,1655,1122,1121,-1,1655,1121,1656,-1,1656,1121,1136,-1,1656,1136,1657,-1,1657,1136,1135,-1,1657,1135,1658,-1,1658,1135,1134,-1,1658,1134,1659,-1,1659,1134,1125,-1,1659,1125,1660,-1,1660,1125,1124,-1,1660,1124,1661,-1,1661,1124,1123,-1,1661,1123,1662,-1,1662,1123,1108,-1,1662,1108,1663,-1,1663,1108,1128,-1,1663,1128,1664,-1,1664,1128,1127,-1,1664,1127,1665,-1,1665,1127,1126,-1,1665,1126,1666,-1,1666,1126,1110,-1,1666,1110,1667,-1,1667,1110,1109,-1,1667,1109,1668,-1,1668,1109,1112,-1,1668,1112,1669,-1,1669,1112,1111,-1,1669,1111,1670,-1,1670,1111,1130,-1,1670,1130,1671,-1,1671,1130,1129,-1,1672,396,395,-1,1213,1211,1672,-1,1672,1211,1210,-1,1672,1210,1673,-1,1673,1210,1209,-1,1673,1209,1674,-1,1674,1209,1207,-1,1674,1207,1205,-1,1205,1203,1674,-1,1674,1203,1202,-1,1674,1202,1675,-1,1676,1677,1678,-1,1202,1200,1675,-1,1675,1200,1199,-1,1675,1199,1678,-1,1678,1199,1198,-1,1678,1198,1676,-1,1679,1295,1680,-1,1680,1295,1294,-1,1680,1294,1681,-1,1289,1682,1291,-1,1291,1682,1681,-1,1291,1681,1292,-1,1292,1681,1294,-1,1289,1287,1682,-1,1682,1287,1286,-1,1682,1286,1683,-1,402,401,1684,-1,1306,1685,1308,-1,1308,1685,1686,-1,1308,1686,1310,-1,1310,1686,1687,-1,1310,1687,1311,-1,1311,1687,1688,-1,1311,1688,1150,-1,1150,1688,1689,-1,1150,1689,1153,-1,1153,1689,1690,-1,1153,1690,1154,-1,1154,1690,1691,-1,1154,1691,1156,-1,1156,1691,1692,-1,1156,1692,1158,-1,1158,1692,1693,-1,1158,1693,1160,-1,1160,1693,1694,-1,1160,1694,1161,-1,1161,1694,1695,-1,1161,1695,1162,-1,1162,1695,1696,-1,1162,1696,1164,-1,1164,1696,1697,-1,1164,1697,1165,-1,1165,1697,1698,-1,1165,1698,1167,-1,1167,1698,1699,-1,1167,1699,1169,-1,1169,1699,1700,-1,1169,1700,1170,-1,1170,1700,1701,-1,1170,1701,1172,-1,1172,1701,1702,-1,1172,1702,1173,-1,1173,1702,1703,-1,1173,1703,1175,-1,1175,1703,1704,-1,1175,1704,1177,-1,1177,1704,1705,-1,1177,1705,1179,-1,1179,1705,1706,-1,1179,1706,1180,-1,1706,1707,1180,-1,1180,1707,1708,-1,1180,1708,1181,-1,1181,1708,1709,-1,1181,1709,1183,-1,1183,1709,1710,-1,1183,1710,1184,-1,1191,1711,1192,-1,1192,1711,1712,-1,1192,1712,1194,-1,1184,1710,1186,-1,1186,1710,1713,-1,1186,1713,1188,-1,1188,1713,1714,-1,1188,1714,1189,-1,1189,1714,1715,-1,1189,1715,1191,-1,1191,1715,1716,-1,1191,1716,1711,-1,1194,1712,1196,-1,1196,1712,1717,-1,1196,1717,1198,-1,1198,1717,1718,-1,1198,1718,1676,-1,1267,331,1268,-1,1268,331,330,-1,1268,330,1270,-1,1672,395,1213,-1,1213,395,394,-1,1213,394,1215,-1,1215,394,367,-1,1215,367,1217,-1,1217,367,366,-1,1217,366,1218,-1,1218,366,364,-1,1218,364,1219,-1,1219,364,363,-1,1219,363,1221,-1,1221,363,475,-1,1221,475,1222,-1,1222,475,361,-1,1222,361,1224,-1,1224,361,360,-1,1224,360,1226,-1,1226,360,358,-1,1226,358,1228,-1,1228,358,357,-1,1228,357,1229,-1,1229,357,355,-1,1229,355,1230,-1,1230,355,354,-1,1230,354,1232,-1,1232,354,505,-1,1232,505,1234,-1,1234,505,514,-1,1234,514,1235,-1,1235,514,515,-1,1235,515,1237,-1,1237,515,352,-1,1237,352,1238,-1,1238,352,351,-1,1238,351,1240,-1,1240,351,516,-1,1240,516,1241,-1,1241,516,349,-1,1241,349,1243,-1,1243,349,348,-1,1243,348,1245,-1,1245,348,346,-1,1245,346,1247,-1,1247,346,345,-1,1247,345,1248,-1,1248,345,539,-1,1248,539,1249,-1,1249,539,343,-1,1249,343,1251,-1,1251,343,342,-1,1251,342,1253,-1,1253,342,340,-1,1253,340,1254,-1,1254,340,339,-1,1254,339,1256,-1,1256,339,337,-1,1256,337,1257,-1,1257,337,336,-1,1257,336,1259,-1,1259,336,569,-1,1259,569,1260,-1,1260,569,578,-1,1260,578,1262,-1,1262,578,579,-1,1262,579,1264,-1,1264,579,334,-1,1264,334,1266,-1,1266,334,333,-1,1266,333,1267,-1,1267,333,580,-1,1267,580,331,-1,1270,330,1272,-1,1272,330,328,-1,1272,328,1273,-1,1273,328,327,-1,1273,327,1275,-1,1286,1285,1683,-1,1683,1285,1283,-1,1683,1283,1684,-1,1684,1283,1281,-1,1684,1281,402,-1,402,1281,1279,-1,402,1279,403,-1,403,1279,1278,-1,403,1278,324,-1,324,1278,1276,-1,324,1276,325,-1,325,1276,1275,-1,325,1275,603,-1,603,1275,327,-1,1679,1719,1295,-1,1295,1719,1720,-1,1295,1720,1297,-1,1297,1720,1721,-1,1297,1721,1298,-1,1298,1721,1722,-1,1298,1722,1300,-1,1300,1722,1723,-1,1300,1723,1302,-1,1302,1723,1724,-1,1302,1724,1304,-1,1304,1724,1725,-1,1304,1725,1305,-1,1305,1725,1726,-1,1305,1726,1306,-1,1306,1726,1727,-1,1306,1727,1685,-1,1718,1717,1728,-1,1715,1714,1729,-1,1713,1710,1730,-1,1709,1708,1731,-1,1706,1705,1732,-1,1704,1703,1733,-1,1701,1700,1734,-1,1696,1695,1735,-1,1694,1693,1736,-1,1692,1691,1737,-1,1689,1688,1738,-1,1687,1686,1739,-1,1727,1726,1740,-1,1722,1721,1741,-1,1742,1743,1744,-1,1677,1676,1745,-1,1745,1676,1746,-1,1745,1746,1747,-1,1748,1749,1746,-1,1746,1749,1750,-1,1746,1750,1747,-1,1751,1752,1748,-1,1748,1752,1753,-1,1748,1753,1749,-1,1754,1755,1751,-1,1751,1755,1756,-1,1751,1756,1752,-1,1757,1758,1754,-1,1754,1758,1759,-1,1759,1760,1754,-1,1754,1760,1761,-1,1754,1761,1755,-1,1762,1763,1764,-1,1764,1763,1765,-1,1764,1765,1757,-1,1757,1765,1766,-1,1757,1766,1758,-1,1767,1768,1769,-1,1769,1770,1767,-1,1767,1770,1771,-1,1767,1771,1764,-1,1764,1771,1772,-1,1764,1772,1762,-1,1773,1774,1775,-1,1775,1774,1776,-1,1743,1777,1744,-1,1744,1777,1778,-1,1744,1778,1776,-1,1776,1778,1779,-1,1776,1779,1775,-1,1742,1744,1780,-1,1780,1744,1781,-1,1780,1781,1782,-1,1782,1781,1783,-1,1783,1781,1784,-1,1783,1784,1785,-1,1785,1784,1786,-1,1786,1784,1787,-1,1786,1787,1788,-1,1788,1787,1789,-1,1789,1787,1790,-1,1789,1790,1791,-1,1792,1793,1790,-1,1790,1793,1794,-1,1790,1794,1791,-1,1719,1679,1792,-1,1792,1679,1795,-1,1795,1796,1792,-1,1792,1796,1797,-1,1792,1797,1793,-1,1774,1798,1776,-1,1776,1798,1799,-1,1776,1799,1744,-1,1744,1799,1800,-1,1744,1800,1781,-1,1781,1800,1801,-1,1781,1801,1784,-1,1784,1801,1802,-1,1784,1802,1787,-1,1787,1802,1803,-1,1787,1803,1790,-1,1790,1803,1804,-1,1790,1804,1792,-1,1792,1804,1741,-1,1805,1806,1807,-1,1807,1806,1808,-1,1807,1808,1809,-1,1809,1808,1810,-1,1809,1810,1811,-1,1811,1810,1812,-1,1811,1812,1813,-1,1813,1812,1814,-1,1813,1814,1815,-1,1815,1814,1816,-1,1815,1816,1817,-1,1817,1816,1818,-1,1817,1818,1819,-1,1819,1818,1740,-1,1820,1821,1822,-1,1822,1821,1823,-1,1822,1823,1824,-1,1824,1823,1825,-1,1824,1825,1826,-1,1826,1825,1827,-1,1826,1827,1828,-1,1828,1827,1829,-1,1828,1829,1830,-1,1830,1829,1831,-1,1830,1831,1832,-1,1832,1831,1833,-1,1832,1833,1834,-1,1834,1833,1734,-1,1835,1836,1837,-1,1837,1836,1838,-1,1837,1838,1839,-1,1839,1838,1840,-1,1839,1840,1841,-1,1841,1840,1842,-1,1841,1842,1843,-1,1843,1842,1844,-1,1843,1844,1845,-1,1845,1844,1846,-1,1845,1846,1847,-1,1847,1846,1848,-1,1847,1848,1849,-1,1849,1848,1728,-1,1741,1721,1792,-1,1792,1721,1720,-1,1792,1720,1719,-1,1723,1722,1850,-1,1850,1722,1741,-1,1850,1741,1851,-1,1851,1741,1804,-1,1851,1804,1852,-1,1852,1804,1803,-1,1852,1803,1853,-1,1853,1803,1802,-1,1853,1802,1854,-1,1854,1802,1801,-1,1854,1801,1855,-1,1855,1801,1800,-1,1855,1800,1856,-1,1856,1800,1799,-1,1856,1799,1857,-1,1857,1799,1798,-1,1857,1805,1856,-1,1856,1805,1807,-1,1856,1807,1855,-1,1855,1807,1809,-1,1855,1809,1854,-1,1854,1809,1811,-1,1854,1811,1853,-1,1853,1811,1813,-1,1853,1813,1852,-1,1852,1813,1815,-1,1852,1815,1851,-1,1851,1815,1817,-1,1851,1817,1850,-1,1850,1817,1819,-1,1850,1819,1723,-1,1723,1819,1724,-1,1740,1726,1819,-1,1819,1726,1725,-1,1819,1725,1724,-1,1685,1727,1858,-1,1858,1727,1740,-1,1858,1740,1859,-1,1859,1740,1818,-1,1859,1818,1860,-1,1860,1818,1816,-1,1860,1816,1861,-1,1861,1816,1814,-1,1861,1814,1862,-1,1862,1814,1812,-1,1862,1812,1863,-1,1863,1812,1810,-1,1863,1810,1864,-1,1864,1810,1808,-1,1864,1808,1865,-1,1865,1808,1806,-1,1865,1866,1864,-1,1864,1866,1867,-1,1864,1867,1863,-1,1863,1867,1868,-1,1863,1868,1862,-1,1862,1868,1869,-1,1862,1869,1861,-1,1861,1869,1870,-1,1861,1870,1860,-1,1860,1870,1871,-1,1860,1871,1859,-1,1859,1871,1872,-1,1859,1872,1858,-1,1858,1872,1739,-1,1858,1739,1685,-1,1685,1739,1686,-1,1688,1687,1738,-1,1738,1687,1739,-1,1738,1739,1873,-1,1873,1739,1872,-1,1873,1872,1874,-1,1874,1872,1871,-1,1874,1871,1875,-1,1875,1871,1870,-1,1875,1870,1876,-1,1876,1870,1869,-1,1876,1869,1877,-1,1877,1869,1868,-1,1877,1868,1878,-1,1878,1868,1867,-1,1878,1867,1879,-1,1879,1867,1866,-1,1690,1689,1880,-1,1880,1689,1738,-1,1880,1738,1881,-1,1881,1738,1873,-1,1881,1873,1882,-1,1882,1873,1874,-1,1882,1874,1883,-1,1883,1874,1875,-1,1883,1875,1884,-1,1884,1875,1876,-1,1884,1876,1885,-1,1885,1876,1877,-1,1885,1877,1886,-1,1886,1877,1878,-1,1886,1878,1887,-1,1887,1878,1879,-1,1887,1888,1886,-1,1886,1888,1889,-1,1886,1889,1885,-1,1885,1889,1890,-1,1885,1890,1884,-1,1884,1890,1891,-1,1884,1891,1883,-1,1883,1891,1892,-1,1883,1892,1882,-1,1882,1892,1893,-1,1882,1893,1881,-1,1881,1893,1894,-1,1881,1894,1880,-1,1880,1894,1737,-1,1880,1737,1690,-1,1690,1737,1691,-1,1693,1692,1736,-1,1736,1692,1737,-1,1736,1737,1895,-1,1895,1737,1894,-1,1895,1894,1896,-1,1896,1894,1893,-1,1896,1893,1897,-1,1897,1893,1892,-1,1897,1892,1898,-1,1898,1892,1891,-1,1898,1891,1899,-1,1899,1891,1890,-1,1899,1890,1900,-1,1900,1890,1889,-1,1900,1889,1901,-1,1901,1889,1888,-1,1695,1694,1735,-1,1735,1694,1736,-1,1735,1736,1902,-1,1902,1736,1895,-1,1902,1895,1903,-1,1903,1895,1896,-1,1903,1896,1904,-1,1904,1896,1897,-1,1904,1897,1905,-1,1905,1897,1898,-1,1905,1898,1906,-1,1906,1898,1899,-1,1906,1899,1907,-1,1907,1899,1900,-1,1907,1900,1908,-1,1908,1900,1901,-1,1697,1696,1909,-1,1909,1696,1735,-1,1909,1735,1910,-1,1910,1735,1902,-1,1910,1902,1911,-1,1911,1902,1903,-1,1911,1903,1912,-1,1912,1903,1904,-1,1912,1904,1913,-1,1913,1904,1905,-1,1913,1905,1914,-1,1914,1905,1906,-1,1914,1906,1915,-1,1915,1906,1907,-1,1915,1907,1916,-1,1916,1907,1908,-1,1916,1820,1915,-1,1915,1820,1822,-1,1915,1822,1914,-1,1914,1822,1824,-1,1914,1824,1913,-1,1913,1824,1826,-1,1913,1826,1912,-1,1912,1826,1828,-1,1912,1828,1911,-1,1911,1828,1830,-1,1911,1830,1910,-1,1910,1830,1832,-1,1910,1832,1909,-1,1909,1832,1834,-1,1909,1834,1697,-1,1697,1834,1698,-1,1734,1700,1834,-1,1834,1700,1699,-1,1834,1699,1698,-1,1702,1701,1917,-1,1917,1701,1734,-1,1917,1734,1918,-1,1918,1734,1833,-1,1918,1833,1919,-1,1919,1833,1831,-1,1919,1831,1920,-1,1920,1831,1829,-1,1920,1829,1921,-1,1921,1829,1827,-1,1921,1827,1922,-1,1922,1827,1825,-1,1922,1825,1923,-1,1923,1825,1823,-1,1923,1823,1924,-1,1924,1823,1821,-1,1924,1925,1923,-1,1923,1925,1926,-1,1923,1926,1922,-1,1922,1926,1927,-1,1922,1927,1921,-1,1921,1927,1928,-1,1921,1928,1920,-1,1920,1928,1929,-1,1920,1929,1919,-1,1919,1929,1930,-1,1919,1930,1918,-1,1918,1930,1931,-1,1918,1931,1917,-1,1917,1931,1733,-1,1917,1733,1702,-1,1702,1733,1703,-1,1705,1704,1732,-1,1732,1704,1733,-1,1732,1733,1932,-1,1932,1733,1931,-1,1932,1931,1933,-1,1933,1931,1930,-1,1933,1930,1934,-1,1934,1930,1929,-1,1934,1929,1935,-1,1935,1929,1928,-1,1935,1928,1936,-1,1936,1928,1927,-1,1936,1927,1937,-1,1937,1927,1926,-1,1937,1926,1938,-1,1938,1926,1925,-1,1707,1706,1939,-1,1939,1706,1732,-1,1939,1732,1940,-1,1940,1732,1932,-1,1940,1932,1941,-1,1941,1932,1933,-1,1941,1933,1942,-1,1942,1933,1934,-1,1942,1934,1943,-1,1943,1934,1935,-1,1943,1935,1944,-1,1944,1935,1936,-1,1944,1936,1945,-1,1945,1936,1937,-1,1945,1937,1946,-1,1946,1937,1938,-1,1946,1947,1945,-1,1945,1947,1948,-1,1945,1948,1944,-1,1944,1948,1949,-1,1944,1949,1943,-1,1943,1949,1950,-1,1943,1950,1942,-1,1942,1950,1951,-1,1942,1951,1941,-1,1941,1951,1952,-1,1941,1952,1940,-1,1940,1952,1953,-1,1940,1953,1939,-1,1939,1953,1731,-1,1939,1731,1707,-1,1707,1731,1708,-1,1710,1709,1730,-1,1730,1709,1731,-1,1730,1731,1954,-1,1954,1731,1953,-1,1954,1953,1955,-1,1955,1953,1952,-1,1955,1952,1956,-1,1956,1952,1951,-1,1956,1951,1957,-1,1957,1951,1950,-1,1957,1950,1958,-1,1958,1950,1949,-1,1958,1949,1959,-1,1959,1949,1948,-1,1959,1948,1960,-1,1960,1948,1947,-1,1714,1713,1729,-1,1729,1713,1730,-1,1729,1730,1961,-1,1961,1730,1954,-1,1961,1954,1962,-1,1962,1954,1955,-1,1962,1955,1963,-1,1963,1955,1956,-1,1963,1956,1964,-1,1964,1956,1957,-1,1964,1957,1965,-1,1965,1957,1958,-1,1965,1958,1966,-1,1966,1958,1959,-1,1966,1959,1967,-1,1967,1959,1960,-1,1716,1715,1968,-1,1968,1715,1729,-1,1968,1729,1969,-1,1969,1729,1961,-1,1969,1961,1970,-1,1970,1961,1962,-1,1970,1962,1971,-1,1971,1962,1963,-1,1971,1963,1972,-1,1972,1963,1964,-1,1972,1964,1973,-1,1973,1964,1965,-1,1973,1965,1974,-1,1974,1965,1966,-1,1974,1966,1975,-1,1975,1966,1967,-1,1975,1835,1974,-1,1974,1835,1837,-1,1974,1837,1973,-1,1973,1837,1839,-1,1973,1839,1972,-1,1972,1839,1841,-1,1972,1841,1971,-1,1971,1841,1843,-1,1971,1843,1970,-1,1970,1843,1845,-1,1970,1845,1969,-1,1969,1845,1847,-1,1969,1847,1968,-1,1968,1847,1849,-1,1968,1849,1716,-1,1716,1849,1711,-1,1728,1717,1849,-1,1849,1717,1712,-1,1849,1712,1711,-1,1676,1718,1746,-1,1746,1718,1728,-1,1746,1728,1748,-1,1748,1728,1848,-1,1748,1848,1751,-1,1751,1848,1846,-1,1751,1846,1754,-1,1754,1846,1844,-1,1754,1844,1757,-1,1757,1844,1842,-1,1757,1842,1764,-1,1764,1842,1840,-1,1764,1840,1767,-1,1767,1840,1838,-1,1767,1838,1768,-1,1768,1838,1836,-1,1774,1773,1768,-1,1768,1773,1769,-1,1924,1821,1768,-1,1768,1821,1820,-1,1820,1916,1768,-1,1768,1916,1908,-1,1768,1908,1901,-1,1946,1938,1768,-1,1768,1938,1925,-1,1768,1925,1924,-1,1836,1835,1975,-1,1768,1879,1866,-1,1866,1865,1768,-1,1768,1865,1806,-1,1768,1806,1805,-1,1975,1967,1836,-1,1836,1967,1960,-1,1836,1960,1768,-1,1768,1960,1947,-1,1768,1947,1946,-1,1901,1888,1768,-1,1768,1888,1887,-1,1768,1887,1879,-1,1805,1857,1768,-1,1768,1857,1798,-1,1768,1798,1774,-1,393,392,399,-1,1684,401,1672,-1,1672,401,400,-1,398,397,419,-1,400,405,1672,-1,1672,405,408,-1,1672,408,407,-1,407,411,1672,-1,1672,411,410,-1,1672,410,414,-1,397,396,419,-1,419,396,1672,-1,419,1672,413,-1,413,1672,414,-1,417,416,399,-1,398,419,399,-1,399,419,418,-1,399,418,417,-1,416,424,399,-1,399,424,423,-1,399,423,421,-1,421,420,399,-1,399,420,430,-1,399,430,429,-1,399,372,374,-1,374,378,399,-1,399,378,377,-1,399,377,376,-1,376,370,399,-1,399,370,369,-1,399,369,379,-1,379,381,399,-1,399,381,382,-1,399,382,384,-1,429,428,399,-1,399,428,427,-1,399,427,372,-1,384,385,399,-1,399,385,387,-1,399,387,393,-1,393,387,388,-1,393,388,390,-1,1678,1677,1680,-1,1680,1677,1745,-1,1796,1795,1761,-1,1745,1747,1680,-1,1680,1747,1750,-1,1680,1750,1749,-1,1749,1753,1680,-1,1680,1753,1752,-1,1680,1752,1756,-1,1795,1679,1761,-1,1761,1679,1680,-1,1761,1680,1755,-1,1755,1680,1756,-1,1759,1758,1797,-1,1796,1761,1797,-1,1797,1761,1760,-1,1797,1760,1759,-1,1758,1766,1797,-1,1797,1766,1765,-1,1797,1765,1763,-1,1763,1762,1797,-1,1797,1762,1772,-1,1797,1772,1771,-1,1773,1775,1797,-1,1797,1775,1779,-1,1797,1779,1793,-1,1782,1783,1779,-1,1779,1783,1785,-1,1789,1791,1779,-1,1779,1791,1794,-1,1779,1794,1793,-1,1771,1770,1797,-1,1797,1770,1769,-1,1797,1769,1773,-1,1778,1777,1779,-1,1779,1777,1743,-1,1779,1743,1782,-1,1782,1743,1742,-1,1782,1742,1780,-1,1785,1786,1779,-1,1779,1786,1788,-1,1779,1788,1789,-1,1678,1680,1675,-1,1675,1680,1681,-1,1675,1681,1674,-1,1674,1681,1673,-1,1684,1672,1683,-1,1683,1672,1673,-1,1683,1673,1682,-1,1682,1673,1681,-1,1976,1977,1978,-1,1979,1980,1981,-1,1982,1983,1984,-1,1985,1986,1987,-1,1988,1989,1990,-1,1991,1992,1993,-1,1994,1995,1996,-1,1997,1998,1999,-1,2000,2001,2002,-1,2003,2004,2005,-1,2006,2007,2008,-1,2009,2010,2011,-1,2012,2013,2014,-1,2015,2016,2017,-1,2018,2019,2020,-1,2021,2022,2023,-1,2024,2025,2026,-1,2026,2025,2027,-1,2022,2028,2023,-1,2023,2028,2029,-1,2023,2029,2027,-1,2027,2029,2030,-1,2027,2030,2026,-1,2021,2023,2031,-1,2031,2023,2032,-1,2031,2032,2033,-1,2033,2032,2034,-1,2034,2032,2035,-1,2034,2035,2036,-1,2036,2035,2037,-1,2037,2035,2038,-1,2037,2038,2039,-1,2039,2038,2040,-1,2040,2038,2041,-1,2040,2041,2042,-1,2043,2044,2041,-1,2041,2044,2045,-1,2041,2045,2042,-1,2046,2047,2043,-1,2043,2047,2048,-1,2043,2048,2049,-1,2049,2050,2043,-1,2043,2050,2051,-1,2043,2051,2044,-1,2052,2053,2054,-1,2055,2056,2054,-1,2054,2056,2057,-1,2054,2057,2052,-1,2058,2059,2056,-1,2056,2059,2060,-1,2056,2060,2057,-1,2061,2062,2058,-1,2058,2062,2063,-1,2058,2063,2059,-1,2064,2065,2061,-1,2061,2065,2066,-1,2061,2066,2062,-1,2067,2068,2064,-1,2064,2068,2069,-1,2069,2070,2064,-1,2064,2070,2071,-1,2064,2071,2065,-1,2072,2073,2074,-1,2074,2073,2075,-1,2074,2075,2067,-1,2067,2075,2076,-1,2067,2076,2068,-1,2077,2078,2079,-1,2079,2080,2077,-1,2077,2080,2081,-1,2077,2081,2074,-1,2074,2081,2082,-1,2074,2082,2072,-1,2083,2084,2085,-1,2085,2084,2086,-1,2085,2086,2087,-1,2087,2086,2088,-1,2087,2088,2089,-1,2089,2088,2090,-1,2089,2090,2091,-1,2091,2090,2092,-1,2091,2092,2093,-1,2093,2092,2094,-1,2093,2094,2095,-1,2095,2094,2096,-1,2095,2096,2097,-1,2097,2096,2005,-1,2098,2099,2100,-1,2100,2099,2101,-1,2100,2101,2102,-1,2102,2101,2103,-1,2102,2103,2104,-1,2104,2103,2105,-1,2104,2105,2106,-1,2106,2105,2107,-1,2106,2107,2108,-1,2108,2107,2109,-1,2108,2109,2110,-1,2110,2109,2111,-1,2110,2111,2112,-1,2112,2111,1987,-1,2025,2113,2027,-1,2027,2113,2114,-1,2027,2114,2023,-1,2023,2114,2115,-1,2023,2115,2032,-1,2032,2115,2116,-1,2032,2116,2035,-1,2035,2116,2117,-1,2035,2117,2038,-1,2038,2117,2118,-1,2038,2118,2041,-1,2041,2118,2119,-1,2041,2119,2043,-1,2043,2119,2020,-1,2043,2020,2046,-1,2046,2020,2019,-1,2016,2018,2017,-1,2017,2018,2020,-1,2017,2020,2120,-1,2120,2020,2119,-1,2120,2119,2121,-1,2121,2119,2118,-1,2121,2118,2122,-1,2122,2118,2117,-1,2122,2117,2123,-1,2123,2117,2116,-1,2123,2116,2124,-1,2124,2116,2115,-1,2124,2115,2125,-1,2125,2115,2114,-1,2125,2114,2126,-1,2126,2114,2113,-1,2127,2015,2128,-1,2128,2015,2017,-1,2128,2017,2129,-1,2129,2017,2120,-1,2129,2120,2130,-1,2130,2120,2121,-1,2130,2121,2131,-1,2131,2121,2122,-1,2131,2122,2132,-1,2132,2122,2123,-1,2132,2123,2133,-1,2133,2123,2124,-1,2133,2124,2134,-1,2134,2124,2125,-1,2134,2125,2135,-1,2135,2125,2126,-1,2135,2136,2134,-1,2134,2136,2137,-1,2134,2137,2133,-1,2133,2137,2138,-1,2133,2138,2132,-1,2132,2138,2139,-1,2132,2139,2131,-1,2131,2139,2140,-1,2131,2140,2130,-1,2130,2140,2141,-1,2130,2141,2129,-1,2129,2141,2142,-1,2129,2142,2128,-1,2128,2142,2014,-1,2128,2014,2127,-1,2127,2014,2013,-1,2010,2012,2011,-1,2011,2012,2014,-1,2011,2014,2143,-1,2143,2014,2142,-1,2143,2142,2144,-1,2144,2142,2141,-1,2144,2141,2145,-1,2145,2141,2140,-1,2145,2140,2146,-1,2146,2140,2139,-1,2146,2139,2147,-1,2147,2139,2138,-1,2147,2138,2148,-1,2148,2138,2137,-1,2148,2137,2149,-1,2149,2137,2136,-1,2007,2009,2008,-1,2008,2009,2011,-1,2008,2011,2150,-1,2150,2011,2143,-1,2150,2143,2151,-1,2151,2143,2144,-1,2151,2144,2152,-1,2152,2144,2145,-1,2152,2145,2153,-1,2153,2145,2146,-1,2153,2146,2154,-1,2154,2146,2147,-1,2154,2147,2155,-1,2155,2147,2148,-1,2155,2148,2156,-1,2156,2148,2149,-1,2157,2006,2158,-1,2158,2006,2008,-1,2158,2008,2159,-1,2159,2008,2150,-1,2159,2150,2160,-1,2160,2150,2151,-1,2160,2151,2161,-1,2161,2151,2152,-1,2161,2152,2162,-1,2162,2152,2153,-1,2162,2153,2163,-1,2163,2153,2154,-1,2163,2154,2164,-1,2164,2154,2155,-1,2164,2155,2165,-1,2165,2155,2156,-1,2165,2083,2164,-1,2164,2083,2085,-1,2164,2085,2163,-1,2163,2085,2087,-1,2163,2087,2162,-1,2162,2087,2089,-1,2162,2089,2161,-1,2161,2089,2091,-1,2161,2091,2160,-1,2160,2091,2093,-1,2160,2093,2159,-1,2159,2093,2095,-1,2159,2095,2158,-1,2158,2095,2097,-1,2158,2097,2157,-1,2157,2097,2166,-1,2005,2004,2097,-1,2097,2004,2167,-1,2097,2167,2166,-1,2168,2003,2169,-1,2169,2003,2005,-1,2169,2005,2170,-1,2170,2005,2096,-1,2170,2096,2171,-1,2171,2096,2094,-1,2171,2094,2172,-1,2172,2094,2092,-1,2172,2092,2173,-1,2173,2092,2090,-1,2173,2090,2174,-1,2174,2090,2088,-1,2174,2088,2175,-1,2175,2088,2086,-1,2175,2086,2176,-1,2176,2086,2084,-1,2176,2177,2175,-1,2175,2177,2178,-1,2175,2178,2174,-1,2174,2178,2179,-1,2174,2179,2173,-1,2173,2179,2180,-1,2173,2180,2172,-1,2172,2180,2181,-1,2172,2181,2171,-1,2171,2181,2182,-1,2171,2182,2170,-1,2170,2182,2183,-1,2170,2183,2169,-1,2169,2183,2002,-1,2169,2002,2168,-1,2168,2002,2001,-1,1998,2000,1999,-1,1999,2000,2002,-1,1999,2002,2184,-1,2184,2002,2183,-1,2184,2183,2185,-1,2185,2183,2182,-1,2185,2182,2186,-1,2186,2182,2181,-1,2186,2181,2187,-1,2187,2181,2180,-1,2187,2180,2188,-1,2188,2180,2179,-1,2188,2179,2189,-1,2189,2179,2178,-1,2189,2178,2190,-1,2190,2178,2177,-1,2191,1997,2192,-1,2192,1997,1999,-1,2192,1999,2193,-1,2193,1999,2184,-1,2193,2184,2194,-1,2194,2184,2185,-1,2194,2185,2195,-1,2195,2185,2186,-1,2195,2186,2196,-1,2196,2186,2187,-1,2196,2187,2197,-1,2197,2187,2188,-1,2197,2188,2198,-1,2198,2188,2189,-1,2198,2189,2199,-1,2199,2189,2190,-1,2199,2200,2198,-1,2198,2200,2201,-1,2198,2201,2197,-1,2197,2201,2202,-1,2197,2202,2196,-1,2196,2202,2203,-1,2196,2203,2195,-1,2195,2203,2204,-1,2195,2204,2194,-1,2194,2204,2205,-1,2194,2205,2193,-1,2193,2205,2206,-1,2193,2206,2192,-1,2192,2206,1996,-1,2192,1996,2191,-1,2191,1996,1995,-1,1992,1994,1993,-1,1993,1994,1996,-1,1993,1996,2207,-1,2207,1996,2206,-1,2207,2206,2208,-1,2208,2206,2205,-1,2208,2205,2209,-1,2209,2205,2204,-1,2209,2204,2210,-1,2210,2204,2203,-1,2210,2203,2211,-1,2211,2203,2202,-1,2211,2202,2212,-1,2212,2202,2201,-1,2212,2201,2213,-1,2213,2201,2200,-1,1989,1991,1990,-1,1990,1991,1993,-1,1990,1993,2214,-1,2214,1993,2207,-1,2214,2207,2215,-1,2215,2207,2208,-1,2215,2208,2216,-1,2216,2208,2209,-1,2216,2209,2217,-1,2217,2209,2210,-1,2217,2210,2218,-1,2218,2210,2211,-1,2218,2211,2219,-1,2219,2211,2212,-1,2219,2212,2220,-1,2220,2212,2213,-1,2221,1988,2222,-1,2222,1988,1990,-1,2222,1990,2223,-1,2223,1990,2214,-1,2223,2214,2224,-1,2224,2214,2215,-1,2224,2215,2225,-1,2225,2215,2216,-1,2225,2216,2226,-1,2226,2216,2217,-1,2226,2217,2227,-1,2227,2217,2218,-1,2227,2218,2228,-1,2228,2218,2219,-1,2228,2219,2229,-1,2229,2219,2220,-1,2229,2098,2228,-1,2228,2098,2100,-1,2228,2100,2227,-1,2227,2100,2102,-1,2227,2102,2226,-1,2226,2102,2104,-1,2226,2104,2225,-1,2225,2104,2106,-1,2225,2106,2224,-1,2224,2106,2108,-1,2224,2108,2223,-1,2223,2108,2110,-1,2223,2110,2222,-1,2222,2110,2112,-1,2222,2112,2221,-1,2221,2112,2230,-1,1987,1986,2112,-1,2112,1986,2231,-1,2112,2231,2230,-1,2232,1985,2233,-1,2233,1985,1987,-1,2233,1987,2234,-1,2234,1987,2111,-1,2234,2111,2235,-1,2235,2111,2109,-1,2235,2109,2236,-1,2236,2109,2107,-1,2236,2107,2237,-1,2237,2107,2105,-1,2237,2105,2238,-1,2238,2105,2103,-1,2238,2103,2239,-1,2239,2103,2101,-1,2239,2101,2240,-1,2240,2101,2099,-1,2240,2241,2239,-1,2239,2241,2242,-1,2239,2242,2238,-1,2238,2242,2243,-1,2238,2243,2237,-1,2237,2243,2244,-1,2237,2244,2236,-1,2236,2244,2245,-1,2236,2245,2235,-1,2235,2245,2246,-1,2235,2246,2234,-1,2234,2246,2247,-1,2234,2247,2233,-1,2233,2247,1984,-1,2233,1984,2232,-1,2232,1984,1983,-1,1980,1982,1981,-1,1981,1982,1984,-1,1981,1984,2248,-1,2248,1984,2247,-1,2248,2247,2249,-1,2249,2247,2246,-1,2249,2246,2250,-1,2250,2246,2245,-1,2250,2245,2251,-1,2251,2245,2244,-1,2251,2244,2252,-1,2252,2244,2243,-1,2252,2243,2253,-1,2253,2243,2242,-1,2253,2242,2254,-1,2254,2242,2241,-1,2255,1979,2256,-1,2256,1979,1981,-1,2256,1981,2257,-1,2257,1981,2248,-1,2257,2248,2258,-1,2258,2248,2249,-1,2258,2249,2259,-1,2259,2249,2250,-1,2259,2250,2260,-1,2260,2250,2251,-1,2260,2251,2261,-1,2261,2251,2252,-1,2261,2252,2262,-1,2262,2252,2253,-1,2262,2253,2263,-1,2263,2253,2254,-1,2263,2264,2262,-1,2262,2264,2265,-1,2262,2265,2261,-1,2261,2265,2266,-1,2261,2266,2260,-1,2260,2266,2267,-1,2260,2267,2259,-1,2259,2267,2268,-1,2259,2268,2258,-1,2258,2268,2269,-1,2258,2269,2257,-1,2257,2269,2270,-1,2257,2270,2256,-1,2256,2270,1978,-1,2256,1978,2255,-1,2255,1978,1977,-1,2055,1976,2056,-1,2056,1976,1978,-1,2056,1978,2058,-1,2058,1978,2270,-1,2058,2270,2061,-1,2061,2270,2269,-1,2061,2269,2064,-1,2064,2269,2268,-1,2064,2268,2067,-1,2067,2268,2267,-1,2067,2267,2074,-1,2074,2267,2266,-1,2074,2266,2077,-1,2077,2266,2265,-1,2077,2265,2078,-1,2078,2265,2264,-1,2024,2079,2078,-1,2263,2254,2084,-1,2083,2165,2078,-1,2136,2135,2078,-1,2078,2135,2126,-1,2165,2156,2078,-1,2078,2156,2149,-1,2078,2149,2136,-1,2126,2113,2078,-1,2078,2113,2025,-1,2078,2025,2024,-1,2083,2078,2084,-1,2084,2078,2264,-1,2084,2264,2263,-1,2213,2200,2254,-1,2254,2200,2199,-1,2254,2199,2190,-1,2190,2177,2254,-1,2254,2177,2176,-1,2254,2176,2084,-1,2254,2241,2213,-1,2213,2241,2240,-1,2213,2240,2099,-1,2099,2098,2213,-1,2213,2098,2229,-1,2213,2229,2220,-1,2271,2272,2273,-1,2271,2273,2274,-1,2275,2276,2273,-1,2273,2276,2277,-1,2273,2277,2274,-1,2278,2279,2273,-1,2273,2279,2280,-1,2273,2280,2275,-1,2281,2282,2273,-1,2273,2282,2283,-1,2273,2283,2278,-1,2284,2285,2273,-1,2273,2285,2286,-1,2273,2286,2281,-1,2287,2288,2273,-1,2273,2288,2289,-1,2273,2289,2284,-1,2290,2291,2273,-1,2273,2291,2292,-1,2273,2292,2287,-1,2293,2294,2273,-1,2273,2294,2295,-1,2273,2295,2290,-1,2296,2297,2273,-1,2273,2297,2298,-1,2273,2298,2293,-1,2299,2300,2273,-1,2273,2300,2301,-1,2273,2301,2296,-1,2302,2303,2273,-1,2273,2303,2304,-1,2273,2304,2299,-1,2305,2306,2273,-1,2273,2306,2307,-1,2273,2307,2302,-1,2308,2309,2273,-1,2273,2309,2310,-1,2273,2310,2305,-1,2311,2312,2273,-1,2273,2312,2313,-1,2273,2313,2308,-1,2272,2314,2273,-1,2273,2314,2315,-1,2273,2315,2311,-1,2316,2317,2318,-1,2318,2317,2319,-1,2318,2319,2320,-1,2320,2319,2321,-1,2320,2321,2322,-1,2322,2321,2323,-1,2322,2323,2324,-1,2316,2325,2317,-1,2317,2325,2326,-1,2317,2326,2327,-1,2327,2326,2328,-1,2327,2328,2329,-1,2329,2328,2330,-1,2329,2330,2331,-1,2331,2330,2332,-1,2332,2333,2331,-1,2331,2333,2334,-1,2331,2334,2335,-1,2334,2336,2335,-1,2335,2336,2337,-1,2335,2337,2338,-1,2338,2337,2339,-1,2338,2339,2340,-1,2340,2339,2341,-1,2340,2341,2342,-1,2342,2341,2343,-1,2343,2344,2342,-1,2342,2344,2345,-1,2342,2345,2346,-1,2346,2345,2347,-1,2346,2347,2348,-1,2348,2347,2349,-1,2348,2349,2350,-1,2350,2349,2351,-1,2351,2352,2350,-1,2350,2352,2353,-1,2350,2353,2354,-1,2354,2353,2355,-1,2354,2355,2356,-1,2355,2357,2356,-1,2356,2357,2358,-1,2356,2358,2359,-1,2358,2360,2359,-1,2359,2360,2361,-1,2359,2361,2362,-1,2361,2363,2362,-1,2362,2363,2364,-1,2362,2364,2365,-1,2365,2364,2366,-1,2365,2366,2367,-1,2367,2366,2368,-1,2367,2368,2369,-1,2369,2368,2370,-1,2370,2371,2369,-1,2369,2371,2372,-1,2369,2372,2373,-1,2373,2372,2374,-1,2373,2374,2375,-1,2375,2374,2376,-1,2375,2376,2377,-1,2377,2376,2378,-1,2378,2379,2377,-1,2377,2379,2380,-1,2377,2380,2381,-1,2380,2382,2381,-1,2381,2382,2383,-1,2381,2383,2384,-1,2384,2383,2385,-1,2384,2385,2386,-1,2386,2385,2387,-1,2386,2387,2388,-1,2388,2387,2389,-1,2389,2390,2388,-1,2388,2390,2391,-1,2388,2391,2392,-1,2392,2391,2393,-1,2392,2393,2394,-1,2394,2393,2395,-1,2394,2395,2396,-1,2396,2395,2397,-1,2397,2398,2396,-1,2396,2398,2399,-1,2396,2399,2400,-1,2400,2399,2401,-1,2400,2401,2402,-1,2401,2403,2402,-1,2402,2403,2404,-1,2402,2404,2405,-1,2404,2406,2405,-1,2405,2406,2407,-1,2405,2407,2408,-1,2407,2409,2408,-1,2408,2409,2410,-1,2408,2410,2411,-1,2411,2410,2412,-1,2411,2412,2413,-1,2413,2412,2414,-1,2413,2414,2415,-1,2415,2414,2416,-1,2416,2417,2415,-1,2415,2417,2418,-1,2415,2418,2419,-1,2419,2418,2420,-1,2419,2420,2421,-1,2421,2420,2422,-1,2421,2422,2423,-1,2423,2422,2424,-1,2424,2425,2423,-1,2423,2425,2426,-1,2423,2426,2427,-1,2427,2426,2428,-1,2427,2428,2429,-1,2429,2428,2430,-1,2429,2430,2431,-1,2431,2430,2432,-1,2431,2432,2323,-1,2323,2432,2433,-1,2323,2433,2324,-1,2427,2434,2423,-1,2423,2434,2435,-1,2423,2435,2421,-1,2421,2435,2436,-1,2421,2436,2419,-1,2419,2436,2437,-1,2419,2437,2415,-1,2415,2437,2438,-1,2415,2438,2413,-1,2413,2438,2439,-1,2413,2439,2411,-1,2411,2439,2440,-1,2411,2440,2408,-1,2408,2440,2441,-1,2408,2441,2405,-1,2405,2441,2442,-1,2405,2442,2402,-1,2402,2442,2443,-1,2402,2443,2400,-1,2400,2443,2444,-1,2400,2444,2396,-1,2396,2444,2445,-1,2396,2445,2394,-1,2394,2445,2446,-1,2394,2446,2392,-1,2392,2446,2447,-1,2392,2447,2388,-1,2388,2447,2448,-1,2388,2448,2386,-1,2386,2448,2449,-1,2386,2449,2384,-1,2384,2449,2450,-1,2384,2450,2381,-1,2381,2450,2451,-1,2381,2451,2377,-1,2377,2451,2452,-1,2377,2452,2375,-1,2375,2452,2453,-1,2375,2453,2373,-1,2373,2453,2454,-1,2373,2454,2369,-1,2369,2454,2455,-1,2369,2455,2367,-1,2367,2455,2456,-1,2367,2456,2365,-1,2365,2456,2457,-1,2365,2457,2362,-1,2362,2457,2458,-1,2362,2458,2359,-1,2359,2458,2459,-1,2359,2459,2356,-1,2356,2459,2460,-1,2356,2460,2354,-1,2354,2460,2461,-1,2354,2461,2350,-1,2350,2461,2462,-1,2350,2462,2348,-1,2348,2462,2463,-1,2348,2463,2346,-1,2346,2463,2464,-1,2346,2464,2342,-1,2342,2464,2465,-1,2342,2465,2340,-1,2340,2465,2466,-1,2340,2466,2338,-1,2338,2466,2467,-1,2338,2467,2335,-1,2335,2467,2468,-1,2335,2468,2331,-1,2331,2468,2469,-1,2331,2469,2329,-1,2329,2469,2470,-1,2329,2470,2327,-1,2327,2470,2471,-1,2327,2471,2317,-1,2317,2471,2472,-1,2317,2472,2319,-1,2319,2472,2473,-1,2319,2473,2321,-1,2321,2473,2474,-1,2321,2474,2323,-1,2323,2474,2475,-1,2323,2475,2431,-1,2431,2475,2476,-1,2431,2476,2429,-1,2429,2476,2477,-1,2429,2477,2427,-1,2427,2477,2434,-1,2477,2478,2434,-1,2434,2478,2479,-1,2434,2479,2435,-1,2435,2479,2480,-1,2435,2480,2436,-1,2436,2480,2481,-1,2436,2481,2437,-1,2437,2481,2482,-1,2437,2482,2438,-1,2438,2482,2483,-1,2438,2483,2439,-1,2439,2483,2484,-1,2439,2484,2440,-1,2440,2484,2485,-1,2440,2485,2441,-1,2441,2485,2486,-1,2441,2486,2442,-1,2442,2486,2487,-1,2442,2487,2443,-1,2443,2487,2488,-1,2443,2488,2444,-1,2444,2488,2489,-1,2444,2489,2445,-1,2445,2489,2490,-1,2445,2490,2446,-1,2446,2490,2491,-1,2446,2491,2447,-1,2447,2491,2492,-1,2447,2492,2448,-1,2448,2492,2493,-1,2448,2493,2449,-1,2449,2493,2494,-1,2449,2494,2450,-1,2450,2494,2495,-1,2450,2495,2451,-1,2451,2495,2496,-1,2451,2496,2452,-1,2452,2496,2497,-1,2452,2497,2453,-1,2453,2497,2498,-1,2453,2498,2454,-1,2454,2498,2499,-1,2454,2499,2455,-1,2455,2499,2500,-1,2455,2500,2456,-1,2456,2500,2501,-1,2456,2501,2457,-1,2457,2501,2502,-1,2457,2502,2458,-1,2458,2502,2503,-1,2458,2503,2459,-1,2459,2503,2504,-1,2459,2504,2460,-1,2460,2504,2505,-1,2460,2505,2461,-1,2461,2505,2506,-1,2461,2506,2462,-1,2462,2506,2507,-1,2462,2507,2463,-1,2463,2507,2508,-1,2463,2508,2464,-1,2464,2508,2509,-1,2464,2509,2465,-1,2465,2509,2510,-1,2465,2510,2466,-1,2466,2510,2511,-1,2466,2511,2467,-1,2467,2511,2512,-1,2467,2512,2468,-1,2468,2512,2513,-1,2468,2513,2469,-1,2469,2513,2514,-1,2469,2514,2470,-1,2470,2514,2515,-1,2470,2515,2471,-1,2471,2515,2516,-1,2471,2516,2472,-1,2472,2516,2517,-1,2472,2517,2473,-1,2473,2517,2518,-1,2473,2518,2474,-1,2474,2518,2519,-1,2474,2519,2475,-1,2475,2519,2520,-1,2475,2520,2476,-1,2476,2520,2521,-1,2476,2521,2477,-1,2477,2521,2478,-1,2521,2522,2478,-1,2478,2522,2523,-1,2478,2523,2479,-1,2479,2523,2524,-1,2479,2524,2480,-1,2480,2524,2525,-1,2480,2525,2481,-1,2481,2525,2526,-1,2481,2526,2482,-1,2482,2526,2527,-1,2482,2527,2483,-1,2483,2527,2528,-1,2483,2528,2484,-1,2484,2528,2529,-1,2484,2529,2485,-1,2485,2529,2530,-1,2485,2530,2486,-1,2486,2530,2531,-1,2486,2531,2487,-1,2487,2531,2532,-1,2487,2532,2488,-1,2488,2532,2533,-1,2488,2533,2489,-1,2489,2533,2534,-1,2489,2534,2490,-1,2490,2534,2535,-1,2490,2535,2491,-1,2491,2535,2536,-1,2491,2536,2492,-1,2492,2536,2537,-1,2492,2537,2493,-1,2493,2537,2538,-1,2493,2538,2494,-1,2494,2538,2539,-1,2494,2539,2495,-1,2495,2539,2540,-1,2495,2540,2496,-1,2496,2540,2541,-1,2496,2541,2497,-1,2497,2541,2542,-1,2497,2542,2498,-1,2498,2542,2543,-1,2498,2543,2499,-1,2499,2543,2544,-1,2499,2544,2500,-1,2500,2544,2545,-1,2500,2545,2501,-1,2501,2545,2546,-1,2501,2546,2502,-1,2502,2546,2547,-1,2502,2547,2503,-1,2503,2547,2548,-1,2503,2548,2504,-1,2504,2548,2549,-1,2504,2549,2505,-1,2505,2549,2550,-1,2505,2550,2506,-1,2506,2550,2551,-1,2506,2551,2507,-1,2507,2551,2552,-1,2507,2552,2508,-1,2508,2552,2553,-1,2508,2553,2509,-1,2509,2553,2554,-1,2509,2554,2510,-1,2510,2554,2555,-1,2510,2555,2511,-1,2511,2555,2556,-1,2511,2556,2512,-1,2512,2556,2557,-1,2512,2557,2513,-1,2513,2557,2558,-1,2513,2558,2514,-1,2514,2558,2559,-1,2514,2559,2515,-1,2515,2559,2560,-1,2515,2560,2516,-1,2516,2560,2561,-1,2516,2561,2517,-1,2517,2561,2562,-1,2517,2562,2518,-1,2518,2562,2563,-1,2518,2563,2519,-1,2519,2563,2564,-1,2519,2564,2520,-1,2520,2564,2565,-1,2520,2565,2521,-1,2521,2565,2522,-1,2565,2566,2522,-1,2522,2566,2567,-1,2522,2567,2523,-1,2523,2567,2568,-1,2523,2568,2524,-1,2524,2568,2569,-1,2524,2569,2525,-1,2525,2569,2570,-1,2525,2570,2526,-1,2526,2570,2571,-1,2526,2571,2527,-1,2527,2571,2572,-1,2527,2572,2528,-1,2528,2572,2573,-1,2528,2573,2529,-1,2529,2573,2574,-1,2529,2574,2530,-1,2530,2574,2575,-1,2530,2575,2531,-1,2531,2575,2576,-1,2531,2576,2532,-1,2532,2576,2577,-1,2532,2577,2533,-1,2533,2577,2578,-1,2533,2578,2534,-1,2534,2578,2579,-1,2534,2579,2535,-1,2535,2579,2580,-1,2535,2580,2536,-1,2536,2580,2581,-1,2536,2581,2537,-1,2537,2581,2582,-1,2537,2582,2538,-1,2538,2582,2583,-1,2538,2583,2539,-1,2539,2583,2584,-1,2539,2584,2540,-1,2540,2584,2585,-1,2540,2585,2541,-1,2541,2585,2586,-1,2541,2586,2542,-1,2542,2586,2587,-1,2542,2587,2543,-1,2543,2587,2588,-1,2543,2588,2544,-1,2544,2588,2589,-1,2544,2589,2545,-1,2545,2589,2590,-1,2545,2590,2546,-1,2546,2590,2591,-1,2546,2591,2547,-1,2547,2591,2592,-1,2547,2592,2548,-1,2548,2592,2593,-1,2548,2593,2549,-1,2549,2593,2594,-1,2549,2594,2550,-1,2550,2594,2595,-1,2550,2595,2551,-1,2551,2595,2596,-1,2551,2596,2552,-1,2552,2596,2597,-1,2552,2597,2553,-1,2553,2597,2598,-1,2553,2598,2554,-1,2554,2598,2599,-1,2554,2599,2555,-1,2555,2599,2600,-1,2555,2600,2556,-1,2556,2600,2601,-1,2556,2601,2557,-1,2557,2601,2602,-1,2557,2602,2558,-1,2558,2602,2603,-1,2558,2603,2559,-1,2559,2603,2604,-1,2559,2604,2560,-1,2560,2604,2605,-1,2560,2605,2561,-1,2561,2605,2606,-1,2561,2606,2562,-1,2562,2606,2607,-1,2562,2607,2563,-1,2563,2607,2608,-1,2563,2608,2564,-1,2564,2608,2609,-1,2564,2609,2565,-1,2565,2609,2566,-1,2609,2274,2566,-1,2566,2274,2277,-1,2566,2277,2567,-1,2567,2277,2276,-1,2567,2276,2568,-1,2568,2276,2275,-1,2568,2275,2569,-1,2569,2275,2280,-1,2569,2280,2570,-1,2570,2280,2279,-1,2570,2279,2571,-1,2571,2279,2278,-1,2571,2278,2572,-1,2572,2278,2283,-1,2572,2283,2573,-1,2573,2283,2282,-1,2573,2282,2574,-1,2574,2282,2281,-1,2574,2281,2575,-1,2575,2281,2286,-1,2575,2286,2576,-1,2576,2286,2285,-1,2576,2285,2577,-1,2577,2285,2284,-1,2577,2284,2578,-1,2578,2284,2289,-1,2578,2289,2579,-1,2579,2289,2288,-1,2579,2288,2580,-1,2580,2288,2287,-1,2580,2287,2581,-1,2581,2287,2292,-1,2581,2292,2582,-1,2582,2292,2291,-1,2582,2291,2583,-1,2583,2291,2290,-1,2583,2290,2584,-1,2584,2290,2295,-1,2584,2295,2585,-1,2585,2295,2294,-1,2585,2294,2586,-1,2586,2294,2293,-1,2586,2293,2587,-1,2587,2293,2298,-1,2587,2298,2588,-1,2588,2298,2297,-1,2588,2297,2589,-1,2589,2297,2296,-1,2589,2296,2590,-1,2590,2296,2301,-1,2590,2301,2591,-1,2591,2301,2300,-1,2591,2300,2592,-1,2592,2300,2299,-1,2592,2299,2593,-1,2593,2299,2304,-1,2593,2304,2594,-1,2594,2304,2303,-1,2594,2303,2595,-1,2595,2303,2302,-1,2595,2302,2596,-1,2596,2302,2307,-1,2596,2307,2597,-1,2597,2307,2306,-1,2597,2306,2598,-1,2598,2306,2305,-1,2598,2305,2599,-1,2599,2305,2310,-1,2599,2310,2600,-1,2600,2310,2309,-1,2600,2309,2601,-1,2601,2309,2308,-1,2601,2308,2602,-1,2602,2308,2313,-1,2602,2313,2603,-1,2603,2313,2312,-1,2603,2312,2604,-1,2604,2312,2311,-1,2604,2311,2605,-1,2605,2311,2315,-1,2605,2315,2606,-1,2606,2315,2314,-1,2606,2314,2607,-1,2607,2314,2272,-1,2607,2272,2608,-1,2608,2272,2271,-1,2608,2271,2609,-1,2609,2271,2274,-1,2610,2326,2611,-1,2611,2326,2325,-1,2611,2325,2612,-1,2612,2325,2316,-1,2612,2316,2613,-1,2613,2316,2318,-1,2613,2318,2614,-1,2614,2318,2320,-1,2614,2320,2615,-1,2616,2337,2617,-1,2617,2337,2336,-1,2617,2336,2618,-1,2618,2336,2334,-1,2618,2334,2619,-1,2619,2334,2333,-1,2619,2333,2620,-1,2620,2333,2332,-1,2620,2332,2621,-1,2621,2332,2330,-1,2621,2330,2610,-1,2610,2330,2328,-1,2610,2328,2326,-1,2622,2353,2623,-1,2623,2353,2352,-1,2623,2352,2624,-1,2624,2352,2351,-1,2624,2351,2625,-1,2625,2351,2349,-1,2625,2349,2626,-1,2626,2349,2347,-1,2626,2347,2627,-1,2627,2347,2345,-1,2627,2345,2628,-1,2628,2345,2344,-1,2628,2344,2629,-1,2629,2344,2343,-1,2629,2343,2630,-1,2630,2343,2341,-1,2630,2341,2616,-1,2616,2341,2339,-1,2616,2339,2337,-1,2631,2364,2632,-1,2632,2364,2363,-1,2632,2363,2633,-1,2633,2363,2361,-1,2633,2361,2634,-1,2634,2361,2360,-1,2634,2360,2635,-1,2635,2360,2358,-1,2635,2358,2636,-1,2636,2358,2357,-1,2636,2357,2622,-1,2622,2357,2355,-1,2622,2355,2353,-1,2637,2372,2638,-1,2638,2372,2371,-1,2638,2371,2639,-1,2639,2371,2370,-1,2639,2370,2640,-1,2640,2370,2368,-1,2640,2368,2631,-1,2631,2368,2366,-1,2631,2366,2364,-1,2387,2385,2641,-1,2641,2385,2383,-1,2641,2383,2642,-1,2642,2383,2382,-1,2642,2382,2643,-1,2643,2382,2380,-1,2643,2380,2644,-1,2644,2380,2379,-1,2644,2379,2645,-1,2645,2379,2378,-1,2645,2378,2646,-1,2646,2378,2376,-1,2646,2376,2637,-1,2637,2376,2374,-1,2637,2374,2372,-1,2641,2647,2387,-1,2387,2647,2648,-1,2387,2648,2389,-1,2389,2648,2649,-1,2389,2649,2390,-1,2390,2649,2650,-1,2651,2399,2652,-1,2652,2399,2398,-1,2652,2398,2653,-1,2653,2398,2397,-1,2653,2397,2654,-1,2654,2397,2395,-1,2654,2395,2655,-1,2655,2395,2393,-1,2655,2393,2650,-1,2650,2393,2391,-1,2650,2391,2390,-1,2656,2410,2657,-1,2657,2410,2409,-1,2657,2409,2658,-1,2658,2409,2407,-1,2658,2407,2659,-1,2659,2407,2406,-1,2659,2406,2660,-1,2660,2406,2404,-1,2660,2404,2661,-1,2661,2404,2403,-1,2661,2403,2651,-1,2651,2403,2401,-1,2651,2401,2399,-1,2662,2422,2663,-1,2663,2422,2420,-1,2663,2420,2664,-1,2664,2420,2418,-1,2664,2418,2665,-1,2665,2418,2417,-1,2665,2417,2666,-1,2666,2417,2416,-1,2666,2416,2667,-1,2667,2416,2414,-1,2667,2414,2656,-1,2656,2414,2412,-1,2656,2412,2410,-1,2320,2322,2615,-1,2615,2322,2324,-1,2615,2324,2668,-1,2668,2324,2433,-1,2668,2433,2669,-1,2669,2433,2432,-1,2669,2432,2670,-1,2670,2432,2430,-1,2670,2430,2671,-1,2671,2430,2428,-1,2671,2428,2672,-1,2672,2428,2426,-1,2672,2426,2673,-1,2673,2426,2425,-1,2673,2425,2662,-1,2662,2425,2424,-1,2662,2424,2422,-1,2670,2674,2675,-1,2676,2668,2675,-1,2675,2668,2669,-1,2675,2669,2670,-1,2677,2614,2676,-1,2676,2614,2615,-1,2676,2615,2668,-1,2678,2612,2677,-1,2677,2612,2613,-1,2677,2613,2614,-1,2679,2610,2678,-1,2678,2610,2611,-1,2678,2611,2612,-1,2680,2620,2679,-1,2679,2620,2621,-1,2679,2621,2610,-1,2681,2618,2680,-1,2680,2618,2619,-1,2680,2619,2620,-1,2682,2616,2681,-1,2681,2616,2617,-1,2681,2617,2618,-1,2683,2629,2682,-1,2682,2629,2630,-1,2682,2630,2616,-1,2684,2626,2685,-1,2685,2626,2627,-1,2685,2627,2683,-1,2683,2627,2628,-1,2683,2628,2629,-1,2686,2624,2684,-1,2684,2624,2625,-1,2684,2625,2626,-1,2687,2622,2686,-1,2686,2622,2623,-1,2686,2623,2624,-1,2688,2635,2687,-1,2687,2635,2636,-1,2687,2636,2622,-1,2689,2633,2688,-1,2688,2633,2634,-1,2688,2634,2635,-1,2690,2631,2689,-1,2689,2631,2632,-1,2689,2632,2633,-1,2691,2639,2690,-1,2690,2639,2640,-1,2690,2640,2631,-1,2692,2637,2691,-1,2691,2637,2638,-1,2691,2638,2639,-1,2693,2645,2692,-1,2692,2645,2646,-1,2692,2646,2637,-1,2694,2643,2693,-1,2693,2643,2644,-1,2693,2644,2645,-1,2695,2647,2696,-1,2696,2647,2641,-1,2696,2641,2694,-1,2694,2641,2642,-1,2694,2642,2643,-1,2697,2649,2695,-1,2695,2649,2648,-1,2695,2648,2647,-1,2698,2655,2697,-1,2697,2655,2650,-1,2697,2650,2649,-1,2699,2653,2698,-1,2698,2653,2654,-1,2698,2654,2655,-1,2700,2651,2699,-1,2699,2651,2652,-1,2699,2652,2653,-1,2701,2660,2700,-1,2700,2660,2661,-1,2700,2661,2651,-1,2702,2658,2701,-1,2701,2658,2659,-1,2701,2659,2660,-1,2703,2656,2702,-1,2702,2656,2657,-1,2702,2657,2658,-1,2704,2666,2703,-1,2703,2666,2667,-1,2703,2667,2656,-1,2705,2664,2704,-1,2704,2664,2665,-1,2704,2665,2666,-1,2670,2671,2674,-1,2674,2671,2672,-1,2674,2672,2706,-1,2706,2672,2673,-1,2706,2673,2707,-1,2707,2673,2662,-1,2707,2662,2705,-1,2705,2662,2663,-1,2705,2663,2664,-1,2708,2707,2709,-1,2709,2707,2705,-1,2709,2705,2710,-1,2710,2705,2704,-1,2710,2704,2711,-1,2711,2704,2703,-1,2711,2703,2712,-1,2712,2703,2702,-1,2712,2702,2713,-1,2713,2702,2701,-1,2713,2701,2714,-1,2714,2701,2700,-1,2714,2700,2715,-1,2715,2700,2699,-1,2715,2699,2716,-1,2716,2699,2698,-1,2716,2698,2717,-1,2717,2698,2697,-1,2717,2697,2718,-1,2718,2697,2695,-1,2718,2695,2719,-1,2719,2695,2696,-1,2719,2696,2720,-1,2720,2696,2694,-1,2720,2694,2721,-1,2721,2694,2693,-1,2721,2693,2722,-1,2722,2693,2692,-1,2722,2692,2723,-1,2723,2692,2691,-1,2723,2691,2724,-1,2724,2691,2690,-1,2724,2690,2725,-1,2725,2690,2689,-1,2725,2689,2726,-1,2726,2689,2688,-1,2726,2688,2727,-1,2727,2688,2687,-1,2727,2687,2728,-1,2728,2687,2686,-1,2728,2686,2729,-1,2729,2686,2684,-1,2729,2684,2730,-1,2730,2684,2685,-1,2730,2685,2731,-1,2731,2685,2683,-1,2731,2683,2732,-1,2732,2683,2682,-1,2732,2682,2733,-1,2733,2682,2681,-1,2733,2681,2734,-1,2734,2681,2680,-1,2734,2680,2735,-1,2735,2680,2679,-1,2735,2679,2736,-1,2736,2679,2678,-1,2736,2678,2737,-1,2737,2678,2677,-1,2737,2677,2738,-1,2738,2677,2676,-1,2738,2676,2739,-1,2739,2676,2675,-1,2739,2675,2740,-1,2740,2675,2674,-1,2740,2674,2741,-1,2741,2674,2706,-1,2741,2706,2708,-1,2708,2706,2707,-1,2742,2724,2725,-1,2726,2743,2725,-1,2725,2743,2744,-1,2725,2744,2742,-1,2727,2745,2726,-1,2726,2745,2746,-1,2726,2746,2743,-1,2729,2747,2728,-1,2728,2747,2748,-1,2728,2748,2727,-1,2727,2748,2749,-1,2727,2749,2745,-1,2733,2750,2732,-1,2732,2750,2751,-1,2732,2751,2731,-1,2712,2752,2711,-1,2711,2752,2753,-1,2711,2753,2710,-1,2713,2754,2712,-1,2712,2754,2755,-1,2712,2755,2752,-1,2756,2720,2721,-1,2730,2757,2729,-1,2729,2757,2758,-1,2729,2758,2747,-1,2751,2759,2731,-1,2731,2759,2760,-1,2731,2760,2730,-1,2730,2760,2761,-1,2730,2761,2757,-1,2741,2762,2740,-1,2740,2762,2763,-1,2740,2763,2739,-1,2708,2764,2741,-1,2741,2764,2765,-1,2741,2765,2762,-1,2742,2766,2724,-1,2724,2766,2767,-1,2724,2767,2723,-1,2723,2767,2768,-1,2723,2768,2722,-1,2734,2769,2733,-1,2733,2769,2770,-1,2733,2770,2750,-1,2709,2771,2708,-1,2708,2771,2772,-1,2708,2772,2764,-1,2753,2773,2710,-1,2710,2773,2774,-1,2710,2774,2709,-1,2709,2774,2775,-1,2709,2775,2771,-1,2714,2776,2713,-1,2713,2776,2777,-1,2713,2777,2754,-1,2716,2778,2715,-1,2715,2778,2779,-1,2715,2779,2714,-1,2714,2779,2780,-1,2714,2780,2776,-1,2756,2781,2720,-1,2720,2781,2782,-1,2720,2782,2719,-1,2719,2782,2783,-1,2719,2783,2718,-1,2735,2784,2734,-1,2734,2784,2785,-1,2734,2785,2769,-1,2737,2786,2736,-1,2736,2786,2787,-1,2736,2787,2735,-1,2735,2787,2788,-1,2735,2788,2784,-1,2717,2789,2716,-1,2716,2789,2790,-1,2716,2790,2778,-1,2768,2791,2722,-1,2722,2791,2792,-1,2722,2792,2721,-1,2721,2792,2793,-1,2721,2793,2756,-1,2738,2794,2737,-1,2737,2794,2795,-1,2737,2795,2786,-1,2783,2796,2718,-1,2718,2796,2797,-1,2718,2797,2717,-1,2717,2797,2798,-1,2717,2798,2789,-1,2763,2799,2739,-1,2739,2799,2800,-1,2739,2800,2738,-1,2738,2800,2801,-1,2738,2801,2794,-1,2802,2803,2804,-1,2802,2805,2803,-1,2803,2805,2806,-1,2803,2806,2807,-1,2807,2806,2808,-1,2807,2808,2809,-1,2809,2808,2810,-1,2809,2810,2811,-1,2811,2810,2812,-1,2812,2813,2811,-1,2811,2813,2814,-1,2811,2814,2815,-1,2814,2816,2815,-1,2815,2816,2817,-1,2815,2817,2818,-1,2818,2817,2819,-1,2818,2819,2820,-1,2819,2821,2820,-1,2820,2821,2822,-1,2820,2822,2823,-1,2822,2824,2823,-1,2823,2824,2825,-1,2823,2825,2826,-1,2826,2825,2827,-1,2826,2827,2828,-1,2828,2827,2829,-1,2828,2829,2830,-1,2830,2829,2831,-1,2831,2832,2830,-1,2830,2832,2833,-1,2830,2833,2834,-1,2833,2835,2834,-1,2834,2835,2836,-1,2834,2836,2837,-1,2837,2836,2838,-1,2837,2838,2839,-1,2838,2840,2839,-1,2839,2840,2841,-1,2839,2841,2842,-1,2841,2843,2842,-1,2842,2843,2844,-1,2842,2844,2845,-1,2845,2844,2846,-1,2845,2846,2847,-1,2847,2846,2848,-1,2847,2848,2849,-1,2849,2848,2850,-1,2850,2851,2849,-1,2849,2851,2852,-1,2849,2852,2853,-1,2852,2854,2853,-1,2853,2854,2855,-1,2853,2855,2856,-1,2856,2855,2857,-1,2856,2857,2858,-1,2858,2857,2859,-1,2858,2859,2860,-1,2860,2859,2861,-1,2861,2862,2860,-1,2860,2862,2863,-1,2860,2863,2864,-1,2864,2863,2865,-1,2864,2865,2866,-1,2866,2865,2867,-1,2866,2867,2868,-1,2868,2867,2869,-1,2869,2870,2868,-1,2868,2870,2871,-1,2868,2871,2872,-1,2871,2873,2872,-1,2872,2873,2874,-1,2872,2874,2875,-1,2875,2874,2876,-1,2875,2876,2877,-1,2877,2876,2878,-1,2877,2878,2879,-1,2879,2878,2880,-1,2880,2881,2879,-1,2879,2881,2882,-1,2879,2882,2883,-1,2883,2882,2884,-1,2883,2884,2885,-1,2884,2886,2885,-1,2885,2886,2887,-1,2885,2887,2888,-1,2887,2889,2888,-1,2888,2889,2890,-1,2888,2890,2891,-1,2890,2892,2891,-1,2891,2892,2893,-1,2891,2893,2894,-1,2894,2893,2895,-1,2894,2895,2896,-1,2896,2895,2897,-1,2896,2897,2898,-1,2898,2897,2899,-1,2899,2900,2898,-1,2898,2900,2901,-1,2898,2901,2902,-1,2902,2901,2903,-1,2902,2903,2904,-1,2903,2905,2904,-1,2904,2905,2906,-1,2904,2906,2907,-1,2906,2908,2907,-1,2907,2908,2909,-1,2907,2909,2910,-1,2909,2911,2910,-1,2910,2911,2912,-1,2910,2912,2913,-1,2913,2912,2914,-1,2913,2914,2915,-1,2915,2914,2916,-1,2915,2916,2917,-1,2917,2916,2918,-1,2918,2919,2917,-1,2917,2919,2920,-1,2917,2920,2921,-1,2921,2920,2922,-1,2921,2922,2923,-1,2922,2924,2923,-1,2923,2924,2925,-1,2923,2925,2926,-1,2925,2927,2926,-1,2926,2927,2928,-1,2926,2928,2929,-1,2928,2930,2929,-1,2929,2930,2931,-1,2929,2931,2932,-1,2932,2931,2933,-1,2932,2933,2934,-1,2934,2933,2935,-1,2934,2935,2936,-1,2936,2935,2937,-1,2937,2938,2936,-1,2936,2938,2939,-1,2936,2939,2940,-1,2940,2939,2941,-1,2940,2941,2942,-1,2941,2943,2942,-1,2942,2943,2944,-1,2942,2944,2945,-1,2944,2946,2945,-1,2945,2946,2947,-1,2945,2947,2948,-1,2947,2949,2948,-1,2948,2949,2950,-1,2948,2950,2951,-1,2951,2950,2952,-1,2951,2952,2953,-1,2953,2952,2954,-1,2953,2954,2955,-1,2955,2954,2956,-1,2956,2957,2955,-1,2955,2957,2958,-1,2955,2958,2959,-1,2959,2958,2960,-1,2959,2960,2961,-1,2961,2960,2962,-1,2961,2962,2804,-1,2804,2962,2963,-1,2804,2963,2802,-1,2959,2964,2955,-1,2955,2964,2965,-1,2955,2965,2953,-1,2953,2965,2966,-1,2953,2966,2951,-1,2951,2966,2967,-1,2951,2967,2948,-1,2948,2967,2968,-1,2948,2968,2945,-1,2945,2968,2969,-1,2945,2969,2942,-1,2942,2969,2970,-1,2942,2970,2940,-1,2940,2970,2971,-1,2940,2971,2936,-1,2936,2971,2972,-1,2936,2972,2934,-1,2934,2972,2973,-1,2934,2973,2932,-1,2932,2973,2974,-1,2932,2974,2929,-1,2929,2974,2975,-1,2929,2975,2926,-1,2926,2975,2976,-1,2926,2976,2923,-1,2923,2976,2977,-1,2923,2977,2921,-1,2921,2977,2978,-1,2921,2978,2917,-1,2917,2978,2979,-1,2917,2979,2915,-1,2915,2979,2980,-1,2915,2980,2913,-1,2913,2980,2981,-1,2913,2981,2910,-1,2910,2981,2982,-1,2910,2982,2907,-1,2907,2982,2983,-1,2907,2983,2904,-1,2904,2983,2984,-1,2904,2984,2902,-1,2902,2984,2985,-1,2902,2985,2898,-1,2898,2985,2986,-1,2898,2986,2896,-1,2896,2986,2987,-1,2896,2987,2894,-1,2894,2987,2988,-1,2894,2988,2891,-1,2891,2988,2989,-1,2891,2989,2888,-1,2888,2989,2990,-1,2888,2990,2885,-1,2885,2990,2991,-1,2885,2991,2883,-1,2883,2991,2992,-1,2883,2992,2879,-1,2879,2992,2993,-1,2879,2993,2877,-1,2877,2993,2994,-1,2877,2994,2875,-1,2875,2994,2995,-1,2875,2995,2872,-1,2872,2995,2996,-1,2872,2996,2868,-1,2868,2996,2997,-1,2868,2997,2866,-1,2866,2997,2998,-1,2866,2998,2864,-1,2864,2998,2999,-1,2864,2999,2860,-1,2860,2999,3000,-1,2860,3000,2858,-1,2858,3000,3001,-1,2858,3001,2856,-1,2856,3001,3002,-1,2856,3002,2853,-1,2853,3002,3003,-1,2853,3003,2849,-1,2849,3003,3004,-1,2849,3004,2847,-1,2847,3004,3005,-1,2847,3005,2845,-1,2845,3005,3006,-1,2845,3006,2842,-1,2842,3006,3007,-1,2842,3007,2839,-1,2839,3007,3008,-1,2839,3008,2837,-1,2837,3008,3009,-1,2837,3009,2834,-1,2834,3009,3010,-1,2834,3010,2830,-1,2830,3010,3011,-1,2830,3011,2828,-1,2828,3011,3012,-1,2828,3012,2826,-1,2826,3012,3013,-1,2826,3013,2823,-1,2823,3013,3014,-1,2823,3014,2820,-1,2820,3014,3015,-1,2820,3015,2818,-1,2818,3015,3016,-1,2818,3016,2815,-1,2815,3016,3017,-1,2815,3017,2811,-1,2811,3017,3018,-1,2811,3018,2809,-1,2809,3018,3019,-1,2809,3019,2807,-1,2807,3019,3020,-1,2807,3020,2803,-1,2803,3020,3021,-1,2803,3021,2804,-1,2804,3021,3022,-1,2804,3022,2961,-1,2961,3022,3023,-1,2961,3023,2959,-1,2959,3023,2964,-1,3023,3024,2964,-1,2964,3024,3025,-1,2964,3025,2965,-1,2965,3025,3026,-1,2965,3026,2966,-1,2966,3026,3027,-1,2966,3027,2967,-1,2967,3027,3028,-1,2967,3028,2968,-1,2968,3028,3029,-1,2968,3029,2969,-1,2969,3029,3030,-1,2969,3030,2970,-1,2970,3030,3031,-1,2970,3031,2971,-1,2971,3031,3032,-1,2971,3032,2972,-1,2972,3032,3033,-1,2972,3033,2973,-1,2973,3033,3034,-1,2973,3034,2974,-1,2974,3034,3035,-1,2974,3035,2975,-1,2975,3035,3036,-1,2975,3036,2976,-1,2976,3036,3037,-1,2976,3037,2977,-1,2977,3037,3038,-1,2977,3038,2978,-1,2978,3038,3039,-1,2978,3039,2979,-1,2979,3039,3040,-1,2979,3040,2980,-1,2980,3040,3041,-1,2980,3041,2981,-1,2981,3041,3042,-1,2981,3042,2982,-1,2982,3042,3043,-1,2982,3043,2983,-1,2983,3043,3044,-1,2983,3044,2984,-1,2984,3044,3045,-1,2984,3045,2985,-1,2985,3045,3046,-1,2985,3046,2986,-1,2986,3046,3047,-1,2986,3047,2987,-1,2987,3047,3048,-1,2987,3048,2988,-1,2988,3048,3049,-1,2988,3049,2989,-1,2989,3049,3050,-1,2989,3050,2990,-1,2990,3050,3051,-1,2990,3051,2991,-1,2991,3051,3052,-1,2991,3052,2992,-1,2992,3052,3053,-1,2992,3053,2993,-1,2993,3053,3054,-1,2993,3054,2994,-1,2994,3054,3055,-1,2994,3055,2995,-1,2995,3055,3056,-1,2995,3056,2996,-1,2996,3056,3057,-1,2996,3057,2997,-1,2997,3057,3058,-1,2997,3058,2998,-1,2998,3058,3059,-1,2998,3059,2999,-1,2999,3059,3060,-1,2999,3060,3000,-1,3000,3060,3061,-1,3000,3061,3001,-1,3001,3061,3062,-1,3001,3062,3002,-1,3002,3062,3063,-1,3002,3063,3003,-1,3003,3063,3064,-1,3003,3064,3004,-1,3004,3064,3065,-1,3004,3065,3005,-1,3005,3065,3066,-1,3005,3066,3006,-1,3006,3066,3067,-1,3006,3067,3007,-1,3007,3067,3068,-1,3007,3068,3008,-1,3008,3068,3069,-1,3008,3069,3009,-1,3009,3069,3070,-1,3009,3070,3010,-1,3010,3070,3071,-1,3010,3071,3011,-1,3011,3071,3072,-1,3011,3072,3012,-1,3012,3072,3073,-1,3012,3073,3013,-1,3013,3073,3074,-1,3013,3074,3014,-1,3014,3074,3075,-1,3014,3075,3015,-1,3015,3075,3076,-1,3015,3076,3016,-1,3016,3076,3077,-1,3016,3077,3017,-1,3017,3077,3078,-1,3017,3078,3018,-1,3018,3078,3079,-1,3018,3079,3019,-1,3019,3079,3080,-1,3019,3080,3020,-1,3020,3080,3081,-1,3020,3081,3021,-1,3021,3081,3082,-1,3021,3082,3022,-1,3022,3082,3083,-1,3022,3083,3023,-1,3023,3083,3024,-1,3083,3084,3024,-1,3024,3084,3085,-1,3024,3085,3025,-1,3025,3085,3086,-1,3025,3086,3026,-1,3026,3086,3087,-1,3026,3087,3027,-1,3027,3087,3088,-1,3027,3088,3028,-1,3028,3088,3089,-1,3028,3089,3029,-1,3029,3089,3090,-1,3029,3090,3030,-1,3030,3090,3091,-1,3030,3091,3031,-1,3031,3091,3092,-1,3031,3092,3032,-1,3032,3092,3093,-1,3032,3093,3033,-1,3033,3093,3094,-1,3033,3094,3034,-1,3034,3094,3095,-1,3034,3095,3035,-1,3035,3095,3096,-1,3035,3096,3036,-1,3036,3096,3097,-1,3036,3097,3037,-1,3037,3097,3098,-1,3037,3098,3038,-1,3038,3098,3099,-1,3038,3099,3039,-1,3039,3099,3100,-1,3039,3100,3040,-1,3040,3100,3101,-1,3040,3101,3041,-1,3041,3101,3102,-1,3041,3102,3042,-1,3042,3102,3103,-1,3042,3103,3043,-1,3043,3103,3104,-1,3043,3104,3044,-1,3044,3104,3105,-1,3044,3105,3045,-1,3045,3105,3106,-1,3045,3106,3046,-1,3046,3106,3107,-1,3046,3107,3047,-1,3047,3107,3108,-1,3047,3108,3048,-1,3048,3108,3109,-1,3048,3109,3049,-1,3049,3109,3110,-1,3049,3110,3050,-1,3050,3110,3111,-1,3050,3111,3051,-1,3051,3111,3112,-1,3051,3112,3052,-1,3052,3112,3113,-1,3052,3113,3053,-1,3053,3113,3114,-1,3053,3114,3054,-1,3054,3114,3115,-1,3054,3115,3055,-1,3055,3115,3116,-1,3055,3116,3056,-1,3056,3116,3117,-1,3056,3117,3057,-1,3057,3117,3118,-1,3057,3118,3058,-1,3058,3118,3119,-1,3058,3119,3059,-1,3059,3119,3120,-1,3059,3120,3060,-1,3060,3120,3121,-1,3060,3121,3061,-1,3061,3121,3122,-1,3061,3122,3062,-1,3062,3122,3123,-1,3062,3123,3063,-1,3063,3123,3124,-1,3063,3124,3064,-1,3064,3124,3125,-1,3064,3125,3065,-1,3065,3125,3126,-1,3065,3126,3066,-1,3066,3126,3127,-1,3066,3127,3067,-1,3067,3127,3128,-1,3067,3128,3068,-1,3068,3128,3129,-1,3068,3129,3069,-1,3069,3129,3130,-1,3069,3130,3070,-1,3070,3130,3131,-1,3070,3131,3071,-1,3071,3131,3132,-1,3071,3132,3072,-1,3072,3132,3133,-1,3072,3133,3073,-1,3073,3133,3134,-1,3073,3134,3074,-1,3074,3134,3135,-1,3074,3135,3075,-1,3075,3135,3136,-1,3075,3136,3076,-1,3076,3136,3137,-1,3076,3137,3077,-1,3077,3137,3138,-1,3077,3138,3078,-1,3078,3138,3139,-1,3078,3139,3079,-1,3079,3139,3140,-1,3079,3140,3080,-1,3080,3140,3141,-1,3080,3141,3081,-1,3081,3141,3142,-1,3081,3142,3082,-1,3082,3142,3143,-1,3082,3143,3083,-1,3083,3143,3084,-1,3143,3144,3084,-1,3084,3144,3145,-1,3084,3145,3085,-1,3085,3145,3146,-1,3085,3146,3086,-1,3086,3146,3147,-1,3086,3147,3087,-1,3087,3147,3148,-1,3087,3148,3088,-1,3088,3148,3149,-1,3088,3149,3089,-1,3089,3149,3150,-1,3089,3150,3090,-1,3090,3150,3151,-1,3090,3151,3091,-1,3091,3151,3152,-1,3091,3152,3092,-1,3092,3152,3153,-1,3092,3153,3093,-1,3093,3153,3154,-1,3093,3154,3094,-1,3094,3154,3155,-1,3094,3155,3095,-1,3095,3155,3156,-1,3095,3156,3096,-1,3096,3156,3157,-1,3096,3157,3097,-1,3097,3157,3158,-1,3097,3158,3098,-1,3098,3158,3159,-1,3098,3159,3099,-1,3099,3159,3160,-1,3099,3160,3100,-1,3100,3160,3161,-1,3100,3161,3101,-1,3101,3161,3162,-1,3101,3162,3102,-1,3102,3162,3163,-1,3102,3163,3103,-1,3103,3163,3164,-1,3103,3164,3104,-1,3104,3164,3165,-1,3104,3165,3105,-1,3105,3165,3166,-1,3105,3166,3106,-1,3106,3166,3167,-1,3106,3167,3107,-1,3107,3167,3168,-1,3107,3168,3108,-1,3108,3168,3169,-1,3108,3169,3109,-1,3109,3169,3170,-1,3109,3170,3110,-1,3110,3170,3171,-1,3110,3171,3111,-1,3111,3171,3172,-1,3111,3172,3112,-1,3112,3172,3173,-1,3112,3173,3113,-1,3113,3173,3174,-1,3113,3174,3114,-1,3114,3174,3175,-1,3114,3175,3115,-1,3115,3175,3176,-1,3115,3176,3116,-1,3116,3176,3177,-1,3116,3177,3117,-1,3117,3177,3178,-1,3117,3178,3118,-1,3118,3178,3179,-1,3118,3179,3119,-1,3119,3179,3180,-1,3119,3180,3120,-1,3120,3180,3181,-1,3120,3181,3121,-1,3121,3181,3182,-1,3121,3182,3122,-1,3122,3182,3183,-1,3122,3183,3123,-1,3123,3183,3184,-1,3123,3184,3124,-1,3124,3184,3185,-1,3124,3185,3125,-1,3125,3185,3186,-1,3125,3186,3126,-1,3126,3186,3187,-1,3126,3187,3127,-1,3127,3187,3188,-1,3127,3188,3128,-1,3128,3188,3189,-1,3128,3189,3129,-1,3129,3189,3190,-1,3129,3190,3130,-1,3130,3190,3191,-1,3130,3191,3131,-1,3131,3191,3192,-1,3131,3192,3132,-1,3132,3192,3193,-1,3132,3193,3133,-1,3133,3193,3194,-1,3133,3194,3134,-1,3134,3194,3195,-1,3134,3195,3135,-1,3135,3195,3196,-1,3135,3196,3136,-1,3136,3196,3197,-1,3136,3197,3137,-1,3137,3197,3198,-1,3137,3198,3138,-1,3138,3198,3199,-1,3138,3199,3139,-1,3139,3199,3200,-1,3139,3200,3140,-1,3140,3200,3201,-1,3140,3201,3141,-1,3141,3201,3202,-1,3141,3202,3142,-1,3142,3202,3203,-1,3142,3203,3143,-1,3143,3203,3144,-1,3203,3204,3144,-1,3144,3204,3205,-1,3144,3205,3145,-1,3145,3205,3206,-1,3145,3206,3146,-1,3146,3206,3207,-1,3146,3207,3147,-1,3147,3207,3208,-1,3147,3208,3148,-1,3148,3208,3209,-1,3148,3209,3149,-1,3149,3209,3210,-1,3149,3210,3150,-1,3150,3210,3211,-1,3150,3211,3151,-1,3151,3211,3212,-1,3151,3212,3152,-1,3152,3212,3213,-1,3152,3213,3153,-1,3153,3213,3214,-1,3153,3214,3154,-1,3154,3214,3215,-1,3154,3215,3155,-1,3155,3215,3216,-1,3155,3216,3156,-1,3156,3216,3217,-1,3156,3217,3157,-1,3157,3217,3218,-1,3157,3218,3158,-1,3158,3218,3219,-1,3158,3219,3159,-1,3159,3219,3220,-1,3159,3220,3160,-1,3160,3220,3221,-1,3160,3221,3161,-1,3161,3221,3222,-1,3161,3222,3162,-1,3162,3222,3223,-1,3162,3223,3163,-1,3163,3223,3224,-1,3163,3224,3164,-1,3164,3224,3225,-1,3164,3225,3165,-1,3165,3225,3226,-1,3165,3226,3166,-1,3166,3226,3227,-1,3166,3227,3167,-1,3167,3227,3228,-1,3167,3228,3168,-1,3168,3228,3229,-1,3168,3229,3169,-1,3169,3229,3230,-1,3169,3230,3170,-1,3170,3230,3231,-1,3170,3231,3171,-1,3171,3231,3232,-1,3171,3232,3172,-1,3172,3232,3233,-1,3172,3233,3173,-1,3173,3233,3234,-1,3173,3234,3174,-1,3174,3234,3235,-1,3174,3235,3175,-1,3175,3235,3236,-1,3175,3236,3176,-1,3176,3236,3237,-1,3176,3237,3177,-1,3177,3237,3238,-1,3177,3238,3178,-1,3178,3238,3239,-1,3178,3239,3179,-1,3179,3239,3240,-1,3179,3240,3180,-1,3180,3240,3241,-1,3180,3241,3181,-1,3181,3241,3242,-1,3181,3242,3182,-1,3182,3242,3243,-1,3182,3243,3183,-1,3183,3243,3244,-1,3183,3244,3184,-1,3184,3244,3245,-1,3184,3245,3185,-1,3185,3245,3246,-1,3185,3246,3186,-1,3186,3246,3247,-1,3186,3247,3187,-1,3187,3247,3248,-1,3187,3248,3188,-1,3188,3248,3249,-1,3188,3249,3189,-1,3189,3249,3250,-1,3189,3250,3190,-1,3190,3250,3251,-1,3190,3251,3191,-1,3191,3251,3252,-1,3191,3252,3192,-1,3192,3252,3253,-1,3192,3253,3193,-1,3193,3253,3254,-1,3193,3254,3194,-1,3194,3254,3255,-1,3194,3255,3195,-1,3195,3255,3256,-1,3195,3256,3196,-1,3196,3256,3257,-1,3196,3257,3197,-1,3197,3257,3258,-1,3197,3258,3198,-1,3198,3258,3259,-1,3198,3259,3199,-1,3199,3259,3260,-1,3199,3260,3200,-1,3200,3260,3261,-1,3200,3261,3201,-1,3201,3261,3262,-1,3201,3262,3202,-1,3202,3262,3263,-1,3202,3263,3203,-1,3203,3263,3204,-1,3263,3264,3204,-1,3204,3264,3265,-1,3204,3265,3205,-1,3205,3265,3266,-1,3205,3266,3206,-1,3206,3266,3267,-1,3206,3267,3207,-1,3207,3267,3268,-1,3207,3268,3208,-1,3208,3268,3269,-1,3208,3269,3209,-1,3209,3269,3270,-1,3209,3270,3210,-1,3210,3270,3271,-1,3210,3271,3211,-1,3211,3271,3272,-1,3211,3272,3212,-1,3212,3272,3273,-1,3212,3273,3213,-1,3213,3273,3274,-1,3213,3274,3214,-1,3214,3274,3275,-1,3214,3275,3215,-1,3215,3275,3276,-1,3215,3276,3216,-1,3216,3276,3277,-1,3216,3277,3217,-1,3217,3277,3278,-1,3217,3278,3218,-1,3218,3278,3279,-1,3218,3279,3219,-1,3219,3279,3280,-1,3219,3280,3220,-1,3220,3280,3281,-1,3220,3281,3221,-1,3221,3281,3282,-1,3221,3282,3222,-1,3222,3282,3283,-1,3222,3283,3223,-1,3223,3283,3284,-1,3223,3284,3224,-1,3224,3284,3285,-1,3224,3285,3225,-1,3225,3285,3286,-1,3225,3286,3226,-1,3226,3286,3287,-1,3226,3287,3227,-1,3227,3287,3288,-1,3227,3288,3228,-1,3228,3288,3289,-1,3228,3289,3229,-1,3229,3289,3290,-1,3229,3290,3230,-1,3230,3290,3291,-1,3230,3291,3231,-1,3231,3291,3292,-1,3231,3292,3232,-1,3232,3292,3293,-1,3232,3293,3233,-1,3233,3293,3294,-1,3233,3294,3234,-1,3234,3294,3295,-1,3234,3295,3235,-1,3235,3295,3296,-1,3235,3296,3236,-1,3236,3296,3297,-1,3236,3297,3237,-1,3237,3297,3298,-1,3237,3298,3238,-1,3238,3298,3299,-1,3238,3299,3239,-1,3239,3299,3300,-1,3239,3300,3240,-1,3240,3300,3301,-1,3240,3301,3241,-1,3241,3301,3302,-1,3241,3302,3242,-1,3242,3302,3303,-1,3242,3303,3243,-1,3243,3303,3304,-1,3243,3304,3244,-1,3244,3304,3305,-1,3244,3305,3245,-1,3245,3305,3306,-1,3245,3306,3246,-1,3246,3306,3307,-1,3246,3307,3247,-1,3247,3307,3308,-1,3247,3308,3248,-1,3248,3308,3309,-1,3248,3309,3249,-1,3249,3309,3310,-1,3249,3310,3250,-1,3250,3310,3311,-1,3250,3311,3251,-1,3251,3311,3312,-1,3251,3312,3252,-1,3252,3312,3313,-1,3252,3313,3253,-1,3253,3313,3314,-1,3253,3314,3254,-1,3254,3314,3315,-1,3254,3315,3255,-1,3255,3315,3316,-1,3255,3316,3256,-1,3256,3316,3317,-1,3256,3317,3257,-1,3257,3317,3318,-1,3257,3318,3258,-1,3258,3318,3319,-1,3258,3319,3259,-1,3259,3319,3320,-1,3259,3320,3260,-1,3260,3320,3321,-1,3260,3321,3261,-1,3261,3321,3322,-1,3261,3322,3262,-1,3262,3322,3323,-1,3262,3323,3263,-1,3263,3323,3264,-1,3323,2771,3264,-1,3264,2771,2775,-1,3264,2775,3265,-1,3265,2775,2774,-1,3265,2774,3266,-1,3266,2774,2773,-1,3266,2773,3267,-1,3267,2773,2753,-1,3267,2753,3268,-1,3268,2753,2752,-1,3268,2752,3269,-1,3269,2752,2755,-1,3269,2755,3270,-1,3270,2755,2754,-1,3270,2754,3271,-1,3271,2754,2777,-1,3271,2777,3272,-1,3272,2777,2776,-1,3272,2776,3273,-1,3273,2776,2780,-1,3273,2780,3274,-1,3274,2780,2779,-1,3274,2779,3275,-1,3275,2779,2778,-1,3275,2778,3276,-1,3276,2778,2790,-1,3276,2790,3277,-1,3277,2790,2789,-1,3277,2789,3278,-1,3278,2789,2798,-1,3278,2798,3279,-1,3279,2798,2797,-1,3279,2797,3280,-1,3280,2797,2796,-1,3280,2796,3281,-1,3281,2796,2783,-1,3281,2783,3282,-1,3282,2783,2782,-1,3282,2782,3283,-1,3283,2782,2781,-1,3283,2781,3284,-1,3284,2781,2756,-1,3284,2756,3285,-1,3285,2756,2793,-1,3285,2793,3286,-1,3286,2793,2792,-1,3286,2792,3287,-1,3287,2792,2791,-1,3287,2791,3288,-1,3288,2791,2768,-1,3288,2768,3289,-1,3289,2768,2767,-1,3289,2767,3290,-1,3290,2767,2766,-1,3290,2766,3291,-1,3291,2766,2742,-1,3291,2742,3292,-1,3292,2742,2744,-1,3292,2744,3293,-1,3293,2744,2743,-1,3293,2743,3294,-1,3294,2743,2746,-1,3294,2746,3295,-1,3295,2746,2745,-1,3295,2745,3296,-1,3296,2745,2749,-1,3296,2749,3297,-1,3297,2749,2748,-1,3297,2748,3298,-1,3298,2748,2747,-1,3298,2747,3299,-1,3299,2747,2758,-1,3299,2758,3300,-1,3300,2758,2757,-1,3300,2757,3301,-1,3301,2757,2761,-1,3301,2761,3302,-1,3302,2761,2760,-1,3302,2760,3303,-1,3303,2760,2759,-1,3303,2759,3304,-1,3304,2759,2751,-1,3304,2751,3305,-1,3305,2751,2750,-1,3305,2750,3306,-1,3306,2750,2770,-1,3306,2770,3307,-1,3307,2770,2769,-1,3307,2769,3308,-1,3308,2769,2785,-1,3308,2785,3309,-1,3309,2785,2784,-1,3309,2784,3310,-1,3310,2784,2788,-1,3310,2788,3311,-1,3311,2788,2787,-1,3311,2787,3312,-1,3312,2787,2786,-1,3312,2786,3313,-1,3313,2786,2795,-1,3313,2795,3314,-1,3314,2795,2794,-1,3314,2794,3315,-1,3315,2794,2801,-1,3315,2801,3316,-1,3316,2801,2800,-1,3316,2800,3317,-1,3317,2800,2799,-1,3317,2799,3318,-1,3318,2799,2763,-1,3318,2763,3319,-1,3319,2763,2762,-1,3319,2762,3320,-1,3320,2762,2765,-1,3320,2765,3321,-1,3321,2765,2764,-1,3321,2764,3322,-1,3322,2764,2772,-1,3322,2772,3323,-1,3323,2772,2771,-1,3324,2048,2047,-1,2865,2863,3324,-1,3324,2863,2862,-1,3324,2862,3325,-1,3325,2862,2861,-1,3325,2861,3326,-1,3326,2861,2859,-1,3326,2859,2857,-1,2857,2855,3326,-1,3326,2855,2854,-1,3326,2854,3327,-1,3328,3329,3330,-1,2854,2852,3327,-1,3327,2852,2851,-1,3327,2851,3330,-1,3330,2851,2850,-1,3330,2850,3328,-1,3331,2947,3332,-1,3332,2947,2946,-1,3332,2946,3333,-1,2941,3334,2943,-1,2943,3334,3333,-1,2943,3333,2944,-1,2944,3333,2946,-1,2941,2939,3334,-1,3334,2939,2938,-1,3334,2938,3335,-1,2054,2053,3336,-1,2958,3337,2960,-1,2960,3337,3338,-1,2960,3338,2962,-1,2962,3338,3339,-1,2962,3339,2963,-1,2963,3339,3340,-1,2963,3340,2802,-1,2802,3340,3341,-1,2802,3341,2805,-1,2805,3341,3342,-1,2805,3342,2806,-1,2806,3342,3343,-1,2806,3343,2808,-1,2808,3343,3344,-1,2808,3344,2810,-1,2810,3344,3345,-1,2810,3345,2812,-1,2812,3345,3346,-1,2812,3346,2813,-1,2813,3346,3347,-1,2813,3347,2814,-1,2814,3347,3348,-1,2814,3348,2816,-1,2816,3348,3349,-1,2816,3349,2817,-1,2817,3349,3350,-1,2817,3350,2819,-1,2819,3350,3351,-1,2819,3351,2821,-1,2821,3351,3352,-1,2821,3352,2822,-1,2822,3352,3353,-1,2822,3353,2824,-1,2824,3353,3354,-1,2824,3354,2825,-1,2825,3354,3355,-1,2825,3355,2827,-1,2827,3355,3356,-1,2827,3356,2829,-1,2829,3356,3357,-1,2829,3357,2831,-1,2831,3357,3358,-1,2831,3358,2832,-1,3358,3359,2832,-1,2832,3359,3360,-1,2832,3360,2833,-1,2833,3360,3361,-1,2833,3361,2835,-1,2835,3361,3362,-1,2835,3362,2836,-1,2843,3363,2844,-1,2844,3363,3364,-1,2844,3364,2846,-1,2836,3362,2838,-1,2838,3362,3365,-1,2838,3365,2840,-1,2840,3365,3366,-1,2840,3366,2841,-1,2841,3366,3367,-1,2841,3367,2843,-1,2843,3367,3368,-1,2843,3368,3363,-1,2846,3364,2848,-1,2848,3364,3369,-1,2848,3369,2850,-1,2850,3369,3370,-1,2850,3370,3328,-1,2919,1983,2920,-1,2920,1983,1982,-1,2920,1982,2922,-1,3324,2047,2865,-1,2865,2047,2046,-1,2865,2046,2867,-1,2867,2046,2019,-1,2867,2019,2869,-1,2869,2019,2018,-1,2869,2018,2870,-1,2870,2018,2016,-1,2870,2016,2871,-1,2871,2016,2015,-1,2871,2015,2873,-1,2873,2015,2127,-1,2873,2127,2874,-1,2874,2127,2013,-1,2874,2013,2876,-1,2876,2013,2012,-1,2876,2012,2878,-1,2878,2012,2010,-1,2878,2010,2880,-1,2880,2010,2009,-1,2880,2009,2881,-1,2881,2009,2007,-1,2881,2007,2882,-1,2882,2007,2006,-1,2882,2006,2884,-1,2884,2006,2157,-1,2884,2157,2886,-1,2886,2157,2166,-1,2886,2166,2887,-1,2887,2166,2167,-1,2887,2167,2889,-1,2889,2167,2004,-1,2889,2004,2890,-1,2890,2004,2003,-1,2890,2003,2892,-1,2892,2003,2168,-1,2892,2168,2893,-1,2893,2168,2001,-1,2893,2001,2895,-1,2895,2001,2000,-1,2895,2000,2897,-1,2897,2000,1998,-1,2897,1998,2899,-1,2899,1998,1997,-1,2899,1997,2900,-1,2900,1997,2191,-1,2900,2191,2901,-1,2901,2191,1995,-1,2901,1995,2903,-1,2903,1995,1994,-1,2903,1994,2905,-1,2905,1994,1992,-1,2905,1992,2906,-1,2906,1992,1991,-1,2906,1991,2908,-1,2908,1991,1989,-1,2908,1989,2909,-1,2909,1989,1988,-1,2909,1988,2911,-1,2911,1988,2221,-1,2911,2221,2912,-1,2912,2221,2230,-1,2912,2230,2914,-1,2914,2230,2231,-1,2914,2231,2916,-1,2916,2231,1986,-1,2916,1986,2918,-1,2918,1986,1985,-1,2918,1985,2919,-1,2919,1985,2232,-1,2919,2232,1983,-1,2922,1982,2924,-1,2924,1982,1980,-1,2924,1980,2925,-1,2925,1980,1979,-1,2925,1979,2927,-1,2938,2937,3335,-1,3335,2937,2935,-1,3335,2935,3336,-1,3336,2935,2933,-1,3336,2933,2054,-1,2054,2933,2931,-1,2054,2931,2055,-1,2055,2931,2930,-1,2055,2930,1976,-1,1976,2930,2928,-1,1976,2928,1977,-1,1977,2928,2927,-1,1977,2927,2255,-1,2255,2927,1979,-1,3331,3371,2947,-1,2947,3371,3372,-1,2947,3372,2949,-1,2949,3372,3373,-1,2949,3373,2950,-1,2950,3373,3374,-1,2950,3374,2952,-1,2952,3374,3375,-1,2952,3375,2954,-1,2954,3375,3376,-1,2954,3376,2956,-1,2956,3376,3377,-1,2956,3377,2957,-1,2957,3377,3378,-1,2957,3378,2958,-1,2958,3378,3379,-1,2958,3379,3337,-1,3370,3369,3380,-1,3367,3366,3381,-1,3365,3362,3382,-1,3361,3360,3383,-1,3358,3357,3384,-1,3356,3355,3385,-1,3353,3352,3386,-1,3348,3347,3387,-1,3346,3345,3388,-1,3344,3343,3389,-1,3341,3340,3390,-1,3339,3338,3391,-1,3379,3378,3392,-1,3374,3373,3393,-1,3394,3395,3396,-1,3329,3328,3397,-1,3397,3328,3398,-1,3397,3398,3399,-1,3400,3401,3398,-1,3398,3401,3402,-1,3398,3402,3399,-1,3403,3404,3400,-1,3400,3404,3405,-1,3400,3405,3401,-1,3406,3407,3403,-1,3403,3407,3408,-1,3403,3408,3404,-1,3409,3410,3406,-1,3406,3410,3411,-1,3411,3412,3406,-1,3406,3412,3413,-1,3406,3413,3407,-1,3414,3415,3416,-1,3416,3415,3417,-1,3416,3417,3409,-1,3409,3417,3418,-1,3409,3418,3410,-1,3419,3420,3421,-1,3421,3422,3419,-1,3419,3422,3423,-1,3419,3423,3416,-1,3416,3423,3424,-1,3416,3424,3414,-1,3425,3426,3427,-1,3427,3426,3428,-1,3395,3429,3396,-1,3396,3429,3430,-1,3396,3430,3428,-1,3428,3430,3431,-1,3428,3431,3427,-1,3394,3396,3432,-1,3432,3396,3433,-1,3432,3433,3434,-1,3434,3433,3435,-1,3435,3433,3436,-1,3435,3436,3437,-1,3437,3436,3438,-1,3438,3436,3439,-1,3438,3439,3440,-1,3440,3439,3441,-1,3441,3439,3442,-1,3441,3442,3443,-1,3444,3445,3442,-1,3442,3445,3446,-1,3442,3446,3443,-1,3371,3331,3444,-1,3444,3331,3447,-1,3447,3448,3444,-1,3444,3448,3449,-1,3444,3449,3445,-1,3426,3450,3428,-1,3428,3450,3451,-1,3428,3451,3396,-1,3396,3451,3452,-1,3396,3452,3433,-1,3433,3452,3453,-1,3433,3453,3436,-1,3436,3453,3454,-1,3436,3454,3439,-1,3439,3454,3455,-1,3439,3455,3442,-1,3442,3455,3456,-1,3442,3456,3444,-1,3444,3456,3393,-1,3457,3458,3459,-1,3459,3458,3460,-1,3459,3460,3461,-1,3461,3460,3462,-1,3461,3462,3463,-1,3463,3462,3464,-1,3463,3464,3465,-1,3465,3464,3466,-1,3465,3466,3467,-1,3467,3466,3468,-1,3467,3468,3469,-1,3469,3468,3470,-1,3469,3470,3471,-1,3471,3470,3392,-1,3472,3473,3474,-1,3474,3473,3475,-1,3474,3475,3476,-1,3476,3475,3477,-1,3476,3477,3478,-1,3478,3477,3479,-1,3478,3479,3480,-1,3480,3479,3481,-1,3480,3481,3482,-1,3482,3481,3483,-1,3482,3483,3484,-1,3484,3483,3485,-1,3484,3485,3486,-1,3486,3485,3386,-1,3487,3488,3489,-1,3489,3488,3490,-1,3489,3490,3491,-1,3491,3490,3492,-1,3491,3492,3493,-1,3493,3492,3494,-1,3493,3494,3495,-1,3495,3494,3496,-1,3495,3496,3497,-1,3497,3496,3498,-1,3497,3498,3499,-1,3499,3498,3500,-1,3499,3500,3501,-1,3501,3500,3380,-1,3393,3373,3444,-1,3444,3373,3372,-1,3444,3372,3371,-1,3375,3374,3502,-1,3502,3374,3393,-1,3502,3393,3503,-1,3503,3393,3456,-1,3503,3456,3504,-1,3504,3456,3455,-1,3504,3455,3505,-1,3505,3455,3454,-1,3505,3454,3506,-1,3506,3454,3453,-1,3506,3453,3507,-1,3507,3453,3452,-1,3507,3452,3508,-1,3508,3452,3451,-1,3508,3451,3509,-1,3509,3451,3450,-1,3509,3457,3508,-1,3508,3457,3459,-1,3508,3459,3507,-1,3507,3459,3461,-1,3507,3461,3506,-1,3506,3461,3463,-1,3506,3463,3505,-1,3505,3463,3465,-1,3505,3465,3504,-1,3504,3465,3467,-1,3504,3467,3503,-1,3503,3467,3469,-1,3503,3469,3502,-1,3502,3469,3471,-1,3502,3471,3375,-1,3375,3471,3376,-1,3392,3378,3471,-1,3471,3378,3377,-1,3471,3377,3376,-1,3337,3379,3510,-1,3510,3379,3392,-1,3510,3392,3511,-1,3511,3392,3470,-1,3511,3470,3512,-1,3512,3470,3468,-1,3512,3468,3513,-1,3513,3468,3466,-1,3513,3466,3514,-1,3514,3466,3464,-1,3514,3464,3515,-1,3515,3464,3462,-1,3515,3462,3516,-1,3516,3462,3460,-1,3516,3460,3517,-1,3517,3460,3458,-1,3517,3518,3516,-1,3516,3518,3519,-1,3516,3519,3515,-1,3515,3519,3520,-1,3515,3520,3514,-1,3514,3520,3521,-1,3514,3521,3513,-1,3513,3521,3522,-1,3513,3522,3512,-1,3512,3522,3523,-1,3512,3523,3511,-1,3511,3523,3524,-1,3511,3524,3510,-1,3510,3524,3391,-1,3510,3391,3337,-1,3337,3391,3338,-1,3340,3339,3390,-1,3390,3339,3391,-1,3390,3391,3525,-1,3525,3391,3524,-1,3525,3524,3526,-1,3526,3524,3523,-1,3526,3523,3527,-1,3527,3523,3522,-1,3527,3522,3528,-1,3528,3522,3521,-1,3528,3521,3529,-1,3529,3521,3520,-1,3529,3520,3530,-1,3530,3520,3519,-1,3530,3519,3531,-1,3531,3519,3518,-1,3342,3341,3532,-1,3532,3341,3390,-1,3532,3390,3533,-1,3533,3390,3525,-1,3533,3525,3534,-1,3534,3525,3526,-1,3534,3526,3535,-1,3535,3526,3527,-1,3535,3527,3536,-1,3536,3527,3528,-1,3536,3528,3537,-1,3537,3528,3529,-1,3537,3529,3538,-1,3538,3529,3530,-1,3538,3530,3539,-1,3539,3530,3531,-1,3539,3540,3538,-1,3538,3540,3541,-1,3538,3541,3537,-1,3537,3541,3542,-1,3537,3542,3536,-1,3536,3542,3543,-1,3536,3543,3535,-1,3535,3543,3544,-1,3535,3544,3534,-1,3534,3544,3545,-1,3534,3545,3533,-1,3533,3545,3546,-1,3533,3546,3532,-1,3532,3546,3389,-1,3532,3389,3342,-1,3342,3389,3343,-1,3345,3344,3388,-1,3388,3344,3389,-1,3388,3389,3547,-1,3547,3389,3546,-1,3547,3546,3548,-1,3548,3546,3545,-1,3548,3545,3549,-1,3549,3545,3544,-1,3549,3544,3550,-1,3550,3544,3543,-1,3550,3543,3551,-1,3551,3543,3542,-1,3551,3542,3552,-1,3552,3542,3541,-1,3552,3541,3553,-1,3553,3541,3540,-1,3347,3346,3387,-1,3387,3346,3388,-1,3387,3388,3554,-1,3554,3388,3547,-1,3554,3547,3555,-1,3555,3547,3548,-1,3555,3548,3556,-1,3556,3548,3549,-1,3556,3549,3557,-1,3557,3549,3550,-1,3557,3550,3558,-1,3558,3550,3551,-1,3558,3551,3559,-1,3559,3551,3552,-1,3559,3552,3560,-1,3560,3552,3553,-1,3349,3348,3561,-1,3561,3348,3387,-1,3561,3387,3562,-1,3562,3387,3554,-1,3562,3554,3563,-1,3563,3554,3555,-1,3563,3555,3564,-1,3564,3555,3556,-1,3564,3556,3565,-1,3565,3556,3557,-1,3565,3557,3566,-1,3566,3557,3558,-1,3566,3558,3567,-1,3567,3558,3559,-1,3567,3559,3568,-1,3568,3559,3560,-1,3568,3472,3567,-1,3567,3472,3474,-1,3567,3474,3566,-1,3566,3474,3476,-1,3566,3476,3565,-1,3565,3476,3478,-1,3565,3478,3564,-1,3564,3478,3480,-1,3564,3480,3563,-1,3563,3480,3482,-1,3563,3482,3562,-1,3562,3482,3484,-1,3562,3484,3561,-1,3561,3484,3486,-1,3561,3486,3349,-1,3349,3486,3350,-1,3386,3352,3486,-1,3486,3352,3351,-1,3486,3351,3350,-1,3354,3353,3569,-1,3569,3353,3386,-1,3569,3386,3570,-1,3570,3386,3485,-1,3570,3485,3571,-1,3571,3485,3483,-1,3571,3483,3572,-1,3572,3483,3481,-1,3572,3481,3573,-1,3573,3481,3479,-1,3573,3479,3574,-1,3574,3479,3477,-1,3574,3477,3575,-1,3575,3477,3475,-1,3575,3475,3576,-1,3576,3475,3473,-1,3576,3577,3575,-1,3575,3577,3578,-1,3575,3578,3574,-1,3574,3578,3579,-1,3574,3579,3573,-1,3573,3579,3580,-1,3573,3580,3572,-1,3572,3580,3581,-1,3572,3581,3571,-1,3571,3581,3582,-1,3571,3582,3570,-1,3570,3582,3583,-1,3570,3583,3569,-1,3569,3583,3385,-1,3569,3385,3354,-1,3354,3385,3355,-1,3357,3356,3384,-1,3384,3356,3385,-1,3384,3385,3584,-1,3584,3385,3583,-1,3584,3583,3585,-1,3585,3583,3582,-1,3585,3582,3586,-1,3586,3582,3581,-1,3586,3581,3587,-1,3587,3581,3580,-1,3587,3580,3588,-1,3588,3580,3579,-1,3588,3579,3589,-1,3589,3579,3578,-1,3589,3578,3590,-1,3590,3578,3577,-1,3359,3358,3591,-1,3591,3358,3384,-1,3591,3384,3592,-1,3592,3384,3584,-1,3592,3584,3593,-1,3593,3584,3585,-1,3593,3585,3594,-1,3594,3585,3586,-1,3594,3586,3595,-1,3595,3586,3587,-1,3595,3587,3596,-1,3596,3587,3588,-1,3596,3588,3597,-1,3597,3588,3589,-1,3597,3589,3598,-1,3598,3589,3590,-1,3598,3599,3597,-1,3597,3599,3600,-1,3597,3600,3596,-1,3596,3600,3601,-1,3596,3601,3595,-1,3595,3601,3602,-1,3595,3602,3594,-1,3594,3602,3603,-1,3594,3603,3593,-1,3593,3603,3604,-1,3593,3604,3592,-1,3592,3604,3605,-1,3592,3605,3591,-1,3591,3605,3383,-1,3591,3383,3359,-1,3359,3383,3360,-1,3362,3361,3382,-1,3382,3361,3383,-1,3382,3383,3606,-1,3606,3383,3605,-1,3606,3605,3607,-1,3607,3605,3604,-1,3607,3604,3608,-1,3608,3604,3603,-1,3608,3603,3609,-1,3609,3603,3602,-1,3609,3602,3610,-1,3610,3602,3601,-1,3610,3601,3611,-1,3611,3601,3600,-1,3611,3600,3612,-1,3612,3600,3599,-1,3366,3365,3381,-1,3381,3365,3382,-1,3381,3382,3613,-1,3613,3382,3606,-1,3613,3606,3614,-1,3614,3606,3607,-1,3614,3607,3615,-1,3615,3607,3608,-1,3615,3608,3616,-1,3616,3608,3609,-1,3616,3609,3617,-1,3617,3609,3610,-1,3617,3610,3618,-1,3618,3610,3611,-1,3618,3611,3619,-1,3619,3611,3612,-1,3368,3367,3620,-1,3620,3367,3381,-1,3620,3381,3621,-1,3621,3381,3613,-1,3621,3613,3622,-1,3622,3613,3614,-1,3622,3614,3623,-1,3623,3614,3615,-1,3623,3615,3624,-1,3624,3615,3616,-1,3624,3616,3625,-1,3625,3616,3617,-1,3625,3617,3626,-1,3626,3617,3618,-1,3626,3618,3627,-1,3627,3618,3619,-1,3627,3487,3626,-1,3626,3487,3489,-1,3626,3489,3625,-1,3625,3489,3491,-1,3625,3491,3624,-1,3624,3491,3493,-1,3624,3493,3623,-1,3623,3493,3495,-1,3623,3495,3622,-1,3622,3495,3497,-1,3622,3497,3621,-1,3621,3497,3499,-1,3621,3499,3620,-1,3620,3499,3501,-1,3620,3501,3368,-1,3368,3501,3363,-1,3380,3369,3501,-1,3501,3369,3364,-1,3501,3364,3363,-1,3328,3370,3398,-1,3398,3370,3380,-1,3398,3380,3400,-1,3400,3380,3500,-1,3400,3500,3403,-1,3403,3500,3498,-1,3403,3498,3406,-1,3406,3498,3496,-1,3406,3496,3409,-1,3409,3496,3494,-1,3409,3494,3416,-1,3416,3494,3492,-1,3416,3492,3419,-1,3419,3492,3490,-1,3419,3490,3420,-1,3420,3490,3488,-1,3425,3421,3420,-1,3568,3560,3426,-1,3576,3473,3426,-1,3426,3473,3472,-1,3426,3472,3568,-1,3487,3627,3426,-1,3426,3599,3598,-1,3425,3420,3426,-1,3426,3420,3488,-1,3426,3488,3487,-1,3598,3590,3426,-1,3426,3590,3577,-1,3426,3577,3576,-1,3517,3458,3540,-1,3540,3458,3457,-1,3540,3457,3509,-1,3560,3553,3426,-1,3426,3553,3540,-1,3426,3540,3450,-1,3450,3540,3509,-1,3627,3619,3426,-1,3426,3619,3612,-1,3426,3612,3599,-1,3539,3531,3540,-1,3540,3531,3518,-1,3540,3518,3517,-1,2045,2044,2051,-1,3336,2053,3324,-1,3324,2053,2052,-1,2050,2049,2071,-1,2052,2057,3324,-1,3324,2057,2060,-1,3324,2060,2059,-1,2059,2063,3324,-1,3324,2063,2062,-1,3324,2062,2066,-1,2049,2048,2071,-1,2071,2048,3324,-1,2071,3324,2065,-1,2065,3324,2066,-1,2069,2068,2051,-1,2050,2071,2051,-1,2051,2071,2070,-1,2051,2070,2069,-1,2068,2076,2051,-1,2051,2076,2075,-1,2051,2075,2073,-1,2073,2072,2051,-1,2051,2072,2082,-1,2051,2082,2081,-1,2051,2024,2026,-1,2026,2030,2051,-1,2051,2030,2029,-1,2051,2029,2028,-1,2028,2022,2051,-1,2051,2022,2021,-1,2051,2021,2031,-1,2031,2033,2051,-1,2051,2033,2034,-1,2051,2034,2036,-1,2081,2080,2051,-1,2051,2080,2079,-1,2051,2079,2024,-1,2036,2037,2051,-1,2051,2037,2039,-1,2051,2039,2045,-1,2045,2039,2040,-1,2045,2040,2042,-1,3330,3329,3332,-1,3332,3329,3397,-1,3448,3447,3413,-1,3397,3399,3332,-1,3332,3399,3402,-1,3332,3402,3401,-1,3401,3405,3332,-1,3332,3405,3404,-1,3332,3404,3408,-1,3447,3331,3413,-1,3413,3331,3332,-1,3413,3332,3407,-1,3407,3332,3408,-1,3411,3410,3449,-1,3448,3413,3449,-1,3449,3413,3412,-1,3449,3412,3411,-1,3410,3418,3449,-1,3449,3418,3417,-1,3449,3417,3415,-1,3415,3414,3449,-1,3449,3414,3424,-1,3449,3424,3423,-1,3425,3427,3449,-1,3449,3427,3431,-1,3449,3431,3445,-1,3434,3435,3431,-1,3431,3435,3437,-1,3441,3443,3431,-1,3431,3443,3446,-1,3431,3446,3445,-1,3423,3422,3449,-1,3449,3422,3421,-1,3449,3421,3425,-1,3430,3429,3431,-1,3431,3429,3395,-1,3431,3395,3434,-1,3434,3395,3394,-1,3434,3394,3432,-1,3437,3438,3431,-1,3431,3438,3440,-1,3431,3440,3441,-1,3330,3332,3327,-1,3327,3332,3333,-1,3327,3333,3326,-1,3326,3333,3325,-1,3336,3324,3335,-1,3335,3324,3325,-1,3335,3325,3334,-1,3334,3325,3333,-1,
        ]
    }
}