#VRML V2.0 utf8
# 3D model generated by kicad-lcsc-manager
# Based on easyeda2kicad.py v1.0.1

Shape{
    appearance Appearance {
        material  Material {
            diffuseColor 0.7686274509803922 0.7686274509803922 0.7686274509803922
            specularColor 0.615686274509804 0.615686274509804 0.615686274509804
            ambientIntensity 0.7686
            transparency 0.0
            shininess 0.5
        }
    }
    geometry IndexedFaceSet {
        ccw TRUE
        solid FALSE
        coord DEF co Coordinate {
            point [
                -1.7906 -0.8655 5.9252, -1.7741 -0.393 5.9252, -1.7906 -0.8655 3.4591, -1.7741 -0.393 3.4591, -1.771 -0.8661 5.9449, 2.1647 -0.8661 5.9449, -1.7545 -0.3937 5.9449, 2.1482 -0.3937 5.9449, 2.1843 -0.8655 3.4591, 2.1678 -0.393 3.4591, 2.1843 -0.8655 5.9252, 2.1678 -0.393 5.9252, 2.1691 -0.8853 3.4591, 2.1647 -0.8858 3.4591, 2.184 -0.8699 3.4591, 1.5551 -0.8858 3.4591, 1.5551 -0.374 3.4591, 2.1482 -0.374 3.4591, 2.165 -0.3835 3.4591, 2.167 -0.3881 3.4591, 2.1826 -0.8742 3.4591, 2.1803 -0.8781 3.4591, 2.1772 -0.8813 3.4591, 2.1618 -0.3795 3.4591, 2.1531 -0.3747 3.4591, 2.1578 -0.3765 3.4591, 2.1734 -0.8838 3.4591, 1.5551 -0.374 3.0315, 1.5551 -0.8858 3.0315, 1.8701 -0.374 3.0315, 1.8701 -0.8858 3.0315, 1.8701 -0.374 0.8661, 1.8701 -0.8858 0.8661, -1.4764 -0.374 0.8661, -1.4764 -0.8858 0.8661, -1.4764 -0.374 3.0315, -1.4764 -0.8858 3.0315, -1.1614 -0.374 3.0315, -1.1614 -0.8858 3.0315, -1.1614 -0.374 3.4591, -1.1614 -0.8858 3.4591, -1.7545 -0.374 3.4591, -1.771 -0.8858 3.4591, -1.7754 -0.8853 3.4591, -1.7903 -0.8699 3.4591, -1.7733 -0.3881 3.4591, -1.7797 -0.8838 3.4591, -1.7835 -0.8813 3.4591, -1.7889 -0.8742 3.4591, -1.7866 -0.8781 3.4591, -1.7713 -0.3835 3.4591, -1.7681 -0.3795 3.4591, -1.7594 -0.3747 3.4591, -1.7641 -0.3765 3.4591, 0.5158 -0.374 5.5408, 0.4131 -0.374 5.5791, 2.1482 -0.374 5.9252, 0.6119 -0.374 5.4884, 0.1969 -0.374 4.0748, 0.3061 -0.374 4.0826, 0.8427 -0.374 5.2576, 0.7771 -0.374 5.3453, 0.6996 -0.374 5.4227, -0.3059 -0.374 4.2623, -0.2182 -0.374 4.1967, -0.1221 -0.374 4.1442, -0.0194 -0.374 5.5791, -0.1221 -0.374 5.5408, -1.7545 -0.374 5.9252, -0.2182 -0.374 5.4884, -0.3059 -0.374 5.4227, -0.3834 -0.374 5.3453, -0.0194 -0.374 4.1059, 0.0876 -0.374 4.0826, 0.3061 -0.374 5.6024, 0.1969 -0.374 5.6102, 0.0876 -0.374 5.6024, 0.4131 -0.374 4.1059, 0.5158 -0.374 4.1442, 0.6119 -0.374 4.1967, 0.6996 -0.374 4.2623, 0.7771 -0.374 4.3398, 0.8427 -0.374 4.4275, 0.9568 -0.374 4.7333, 0.9646 -0.374 4.8425, 0.9568 -0.374 4.9518, -0.5398 -0.374 4.6262, -0.5015 -0.374 4.5236, -0.449 -0.374 4.4275, -0.3834 -0.374 4.3398, 0.8952 -0.374 4.5236, 0.9335 -0.374 4.6262, 0.9335 -0.374 5.0588, 0.8952 -0.374 5.1614, -0.449 -0.374 5.2576, -0.5015 -0.374 5.1614, -0.5398 -0.374 5.0588, -0.5631 -0.374 4.9518, -0.5709 -0.374 4.8425, -0.5631 -0.374 4.7333, -1.771 -0.8858 5.9252, 0.9646 -0.8858 4.8425, 0.9568 -0.8858 4.7333, 0.5158 -0.8858 4.1442, 0.4131 -0.8858 4.1059, 2.1647 -0.8858 5.9252, 0.4131 -0.8858 5.5791, 0.5158 -0.8858 5.5408, 0.3061 -0.8858 4.0826, 0.1969 -0.8858 4.0748, 0.0876 -0.8858 4.0826, -0.2182 -0.8858 4.1967, -0.1221 -0.8858 4.1442, -0.0194 -0.8858 4.1059, -0.3059 -0.8858 5.4227, -0.3834 -0.8858 5.3453, -0.449 -0.8858 5.2576, 0.6119 -0.8858 5.4884, 0.6996 -0.8858 5.4227, 0.7771 -0.8858 5.3453, 0.8952 -0.8858 5.1614, 0.9335 -0.8858 5.0588, 0.9568 -0.8858 4.9518, 0.9335 -0.8858 4.6262, 0.8952 -0.8858 4.5236, 0.8427 -0.8858 4.4275, 0.7771 -0.8858 4.3398, 0.6996 -0.8858 4.2623, 0.6119 -0.8858 4.1967, -0.2182 -0.8858 5.4884, -0.1221 -0.8858 5.5408, -0.0194 -0.8858 5.5791, 0.8427 -0.8858 5.2576, -0.3059 -0.8858 4.2623, -0.3834 -0.8858 4.3398, -0.449 -0.8858 4.4275, 0.0876 -0.8858 5.6024, 0.1969 -0.8858 5.6102, 0.3061 -0.8858 5.6024, -0.5709 -0.8858 4.8425, -0.5631 -0.8858 4.9518, -0.5015 -0.8858 4.5236, -0.5398 -0.8858 4.6262, -0.5631 -0.8858 4.7333, -0.5398 -0.8858 5.0588, -0.5015 -0.8858 5.1614, 0.0904 -0.3937 4.1021, 0.0904 -0.8661 4.1021, 0.1969 -0.3937 4.0945, 0.1969 -0.8661 4.0945, 0.3033 -0.3937 4.1021, 0.3033 -0.8661 4.1021, 0.347 -0.3937 4.1116, 0.347 -0.8661 4.1116, 0.4076 -0.3937 4.1248, 0.4076 -0.8661 4.1248, 0.4915 -0.3937 4.1561, 0.4915 -0.8661 4.1561, 0.5076 -0.3937 4.1621, 0.5076 -0.8661 4.1621, 0.6013 -0.3937 4.2132, 0.6013 -0.8661 4.2132, 0.6233 -0.3937 4.2297, 0.6233 -0.8661 4.2297, 0.6867 -0.3937 4.2772, 0.6867 -0.8661 4.2772, 0.7378 -0.3937 4.3283, 0.7378 -0.8661 4.3283, 0.7622 -0.3937 4.3527, 0.7622 -0.8661 4.3527, 0.8261 -0.3937 4.4381, 0.8261 -0.8661 4.4381, 0.8311 -0.3937 4.4471, 0.8311 -0.8661 4.4471, 0.8773 -0.3937 4.5318, 0.8773 -0.8661 4.5318, 0.8965 -0.3937 4.5834, 0.8965 -0.8661 4.5834, 0.9146 -0.3937 4.6318, 0.9146 -0.8661 4.6318, 0.9358 -0.3937 4.7293, 0.9358 -0.8661 4.7293, 0.9373 -0.3937 4.7361, 0.9373 -0.8661 4.7361, 0.9449 -0.3937 4.8425, 0.9449 -0.8661 4.8425, 0.9422 -0.3937 4.8803, 0.9422 -0.8661 4.8803, 0.9373 -0.3937 4.949, 0.9373 -0.8661 4.949, 0.9197 -0.3937 5.0297, 0.9197 -0.8661 5.0297, 0.9146 -0.3937 5.0533, 0.9146 -0.8661 5.0533, 0.8773 -0.3937 5.1533, 0.8773 -0.8661 5.1533, 0.8674 -0.3937 5.1714, 0.8674 -0.8661 5.1714, 0.8261 -0.3937 5.2469, 0.8261 -0.8661 5.2469, 0.7869 -0.3937 5.2993, 0.7869 -0.8661 5.2993, 0.7622 -0.3937 5.3324, 0.7622 -0.8661 5.3324, 0.6867 -0.3937 5.4078, 0.6867 -0.8661 5.4078, 0.684 -0.3937 5.4099, 0.684 -0.8661 5.4099, 0.6013 -0.3937 5.4718, 0.6013 -0.8661 5.4718, 0.559 -0.3937 5.4949, 0.559 -0.8661 5.4949, 0.5076 -0.3937 5.5229, 0.5076 -0.8661 5.5229, 0.4205 -0.3937 5.5554, 0.4205 -0.8661 5.5554, 0.4076 -0.3937 5.5602, 0.4076 -0.8661 5.5602, 0.3033 -0.3937 5.5829, 0.3033 -0.8661 5.5829, 0.2724 -0.3937 5.5851, 0.2724 -0.8661 5.5851, 0.1969 -0.3937 5.5905, 0.1969 -0.8661 5.5905, 0.1213 -0.3937 5.5851, 0.1213 -0.8661 5.5851, 0.0904 -0.3937 5.5829, 0.0904 -0.8661 5.5829, -0.0139 -0.3937 5.5602, -0.0139 -0.8661 5.5602, -0.0268 -0.3937 5.5554, -0.0268 -0.8661 5.5554, -0.1139 -0.3937 5.5229, -0.1139 -0.8661 5.5229, -0.1653 -0.3937 5.4949, -0.1653 -0.8661 5.4949, -0.2076 -0.3937 5.4718, -0.2076 -0.8661 5.4718, -0.2903 -0.3937 5.4099, -0.2903 -0.8661 5.4099, -0.293 -0.3937 5.4078, -0.293 -0.8661 5.4078, -0.3685 -0.3937 5.3324, -0.3685 -0.8661 5.3324, -0.3932 -0.3937 5.2993, -0.3932 -0.8661 5.2993, -0.4324 -0.3937 5.2469, -0.4324 -0.8661 5.2469, -0.4737 -0.3937 5.1714, -0.4737 -0.8661 5.1714, -0.4836 -0.3937 5.1533, -0.4836 -0.8661 5.1533, -0.5209 -0.3937 5.0533, -0.5209 -0.8661 5.0533, -0.526 -0.3937 5.0297, -0.526 -0.8661 5.0297, -0.5436 -0.3937 4.949, -0.5436 -0.8661 4.949, -0.5485 -0.3937 4.8803, -0.5485 -0.8661 4.8803, -0.5512 -0.3937 4.8425, -0.5512 -0.8661 4.8425, -0.5436 -0.3937 4.7361, -0.5436 -0.8661 4.7361, -0.5421 -0.3937 4.7293, -0.5421 -0.8661 4.7293, -0.5209 -0.3937 4.6318, -0.5209 -0.8661 4.6318, -0.5028 -0.3937 4.5834, -0.5028 -0.8661 4.5834, -0.4836 -0.3937 4.5318, -0.4836 -0.8661 4.5318, -0.4374 -0.3937 4.4471, -0.4374 -0.8661 4.4471, -0.4324 -0.3937 4.4381, -0.4324 -0.8661 4.4381, -0.3685 -0.3937 4.3527, -0.3685 -0.8661 4.3527, -0.3441 -0.3937 4.3283, -0.3441 -0.8661 4.3283, -0.293 -0.3937 4.2772, -0.293 -0.8661 4.2772, -0.2296 -0.3937 4.2297, -0.2296 -0.8661 4.2297, -0.2076 -0.3937 4.2132, -0.2076 -0.8661 4.2132, -0.1139 -0.3937 4.1621, -0.1139 -0.8661 4.1621, -0.0978 -0.3937 4.1561, -0.0978 -0.8661 4.1561, -0.0139 -0.3937 4.1248, -0.0139 -0.8661 4.1248, 0.0467 -0.3937 4.1116, 0.0467 -0.8661 4.1116, 2.1531 -0.3747 5.9252, 2.1578 -0.3765 5.9252, 2.1618 -0.3795 5.9252, 2.165 -0.3835 5.9252, 2.167 -0.3881 5.9252, 2.169 -0.866 5.9443, 2.1525 -0.3935 5.9443, 2.1532 -0.3935 5.9442, 2.1697 -0.866 5.9442, 2.1566 -0.3934 5.9428, 2.1731 -0.8658 5.9428, 2.158 -0.3934 5.9422, 2.1745 -0.8658 5.9422, 2.1603 -0.3933 5.9404, 2.1768 -0.8657 5.9404, 2.1621 -0.3932 5.9391, 2.1786 -0.8657 5.9391, 2.1634 -0.3932 5.9374, 2.1799 -0.8656 5.9374, 2.1652 -0.3931 5.935, 2.1817 -0.8655 5.935, 2.1658 -0.3931 5.9337, 2.1823 -0.8655 5.9337, 2.1672 -0.393 5.9303, 2.1837 -0.8655 5.9303, 2.1673 -0.393 5.9296, 2.1838 -0.8655 5.9296, 2.1691 -0.8853 5.9252, 2.1734 -0.8838 5.9252, 2.1772 -0.8813 5.9252, 2.1803 -0.8781 5.9252, 2.1826 -0.8742 5.9252, 2.184 -0.8699 5.9252, 2.1482 -0.3747 5.9303, 2.153 -0.3753 5.9303, 2.1482 -0.3767 5.935, 2.1525 -0.3772 5.935, 2.1506 -0.3842 5.9422, 2.1494 -0.3888 5.9442, 2.1507 -0.3893 5.9442, 2.1482 -0.3886 5.9442, 2.153 -0.3922 5.9442, 2.1525 -0.3911 5.9442, 2.1482 -0.3839 5.9422, 2.1482 -0.3798 5.9391, 2.153 -0.3851 5.9422, 2.1517 -0.39 5.9442, 2.155 -0.3866 5.9422, 2.1566 -0.3886 5.9422, 2.1576 -0.3909 5.9422, 2.1517 -0.3802 5.9391, 2.155 -0.3816 5.9391, 2.1578 -0.3837 5.9391, 2.16 -0.3865 5.9391, 2.1615 -0.3897 5.9391, 2.1565 -0.3788 5.935, 2.16 -0.3814 5.935, 2.1627 -0.3848 5.935, 2.1645 -0.3888 5.935, 2.1575 -0.3771 5.9303, 2.1614 -0.38 5.9303, 2.1644 -0.3838 5.9303, 2.1664 -0.3882 5.9303, 2.1833 -0.8698 5.9303, 2.1814 -0.8694 5.935, 2.1783 -0.8688 5.9391, 2.1743 -0.868 5.9422, 2.1697 -0.8671 5.9442, 2.1693 -0.8682 5.9442, 2.1658 -0.8711 5.9442, 2.1669 -0.8707 5.9442, 2.1647 -0.8712 5.9442, 2.1709 -0.8737 5.9422, 2.169 -0.875 5.9422, 2.1669 -0.8757 5.9422, 2.1647 -0.876 5.9422, 2.1736 -0.8702 5.9422, 2.1687 -0.8692 5.9442, 2.1757 -0.8746 5.9391, 2.1735 -0.8769 5.9391, 2.1708 -0.8786 5.9391, 2.1678 -0.8797 5.9391, 2.1647 -0.8801 5.9391, 2.1773 -0.8719 5.9391, 2.1725 -0.8721 5.9422, 2.1679 -0.8701 5.9442, 2.1802 -0.8732 5.935, 2.1782 -0.8765 5.935, 2.1755 -0.8793 5.935, 2.1722 -0.8814 5.935, 2.1685 -0.8827 5.935, 2.1647 -0.8832 5.935, 2.182 -0.874 5.9303, 2.1798 -0.8777 5.9303, 2.1767 -0.8808 5.9303, 2.1731 -0.8832 5.9303, 2.169 -0.8847 5.9303, 2.1647 -0.8852 5.9303, -1.7594 -0.3747 5.9252, -1.7641 -0.3765 5.9252, -1.7681 -0.3795 5.9252, -1.7713 -0.3835 5.9252, -1.7733 -0.3881 5.9252, -1.7545 -0.3747 5.9303, -1.7545 -0.3767 5.935, -1.7545 -0.3798 5.9391, -1.7545 -0.3839 5.9422, -1.7545 -0.3886 5.9442, -1.771 -0.8852 5.9303, -1.771 -0.8832 5.935, -1.771 -0.8801 5.9391, -1.771 -0.876 5.9422, -1.771 -0.8712 5.9442, -1.7754 -0.8853 5.9252, -1.7797 -0.8838 5.9252, -1.7835 -0.8813 5.9252, -1.7866 -0.8781 5.9252, -1.7889 -0.8742 5.9252, -1.7903 -0.8699 5.9252, -1.7735 -0.393 5.9303, -1.7727 -0.3882 5.9303, -1.7629 -0.3886 5.9422, -1.7588 -0.3911 5.9442, -1.758 -0.39 5.9442, -1.7557 -0.3888 5.9442, -1.7593 -0.3922 5.9442, -1.7639 -0.3909 5.9422, -1.7678 -0.3897 5.9391, -1.7595 -0.3935 5.9442, -1.7613 -0.3866 5.9422, -1.757 -0.3893 5.9442, -1.7593 -0.3851 5.9422, -1.7569 -0.3842 5.9422, -1.7643 -0.3934 5.9422, -1.7684 -0.3932 5.9391, -1.7715 -0.3931 5.935, -1.7663 -0.3865 5.9391, -1.7641 -0.3837 5.9391, -1.7613 -0.3816 5.9391, -1.758 -0.3802 5.9391, -1.7708 -0.3888 5.935, -1.769 -0.3848 5.935, -1.7663 -0.3814 5.935, -1.7628 -0.3788 5.935, -1.7588 -0.3772 5.935, -1.7707 -0.3838 5.9303, -1.7677 -0.38 5.9303, -1.7638 -0.3771 5.9303, -1.7593 -0.3753 5.9303, -1.7772 -0.8737 5.9422, -1.7742 -0.8701 5.9442, -1.775 -0.8692 5.9442, -1.776 -0.8671 5.9442, -1.7756 -0.8682 5.9442, -1.776 -0.866 5.9442, -1.7732 -0.8707 5.9442, -1.7753 -0.875 5.9422, -1.7771 -0.8786 5.9391, -1.7721 -0.8711 5.9442, -1.7788 -0.8721 5.9422, -1.7799 -0.8702 5.9422, -1.7806 -0.868 5.9422, -1.7808 -0.8658 5.9422, -1.7732 -0.8757 5.9422, -1.7741 -0.8797 5.9391, -1.7748 -0.8827 5.935, -1.7798 -0.8769 5.9391, -1.782 -0.8746 5.9391, -1.7836 -0.8719 5.9391, -1.7846 -0.8688 5.9391, -1.7849 -0.8657 5.9391, -1.7785 -0.8814 5.935, -1.7818 -0.8793 5.935, -1.7845 -0.8765 5.935, -1.7865 -0.8732 5.935, -1.7877 -0.8694 5.935, -1.788 -0.8655 5.935, -1.7753 -0.8847 5.9303, -1.7794 -0.8832 5.9303, -1.783 -0.8808 5.9303, -1.7861 -0.8777 5.9303, -1.7883 -0.874 5.9303, -1.7896 -0.8698 5.9303, -1.79 -0.8655 5.9303, 0.3034 -0.8712 5.5836, 0.5079 -0.8712 5.5236, 0.6016 -0.8712 5.4724, 0.8267 -0.8712 5.2473, 0.8779 -0.8712 5.1535, 0.9379 -0.8712 4.9491, 0.9456 -0.8712 4.8425, 0.9152 -0.8712 4.6316, 0.8779 -0.8712 4.5315, 0.6871 -0.8712 4.2767, 0.6016 -0.8712 4.2127, 0.4078 -0.8712 4.1241, 0.3034 -0.8712 4.1014, -0.0141 -0.8712 4.1241, -0.1142 -0.8712 4.1615, -0.2934 -0.8712 4.2767, -0.369 -0.8712 4.3522, -0.4842 -0.8712 4.5315, -0.5215 -0.8712 4.6316, -0.5442 -0.8712 4.9491, -0.5215 -0.8712 5.0534, -0.433 -0.8712 5.2473, -0.369 -0.8712 5.3328, -0.2079 -0.8712 5.4724, -0.1142 -0.8712 5.5236, 0.1969 -0.8712 5.5912, -0.018 -0.8852 5.5742, -0.12 -0.8852 5.5362, -0.0167 -0.8832 5.5697, -0.118 -0.8832 5.5319, -0.0155 -0.8801 5.5658, -0.1163 -0.8801 5.5282, -0.0146 -0.876 5.5628, -0.115 -0.876 5.5253, -0.0141 -0.8712 5.5609, -0.558 -0.8852 4.734, -0.5349 -0.8852 4.6277, -0.5533 -0.8832 4.7347, -0.5303 -0.8832 4.629, -0.5493 -0.8801 4.7352, -0.5264 -0.8801 4.6301, -0.5462 -0.876 4.7357, -0.5234 -0.876 4.631, -0.5442 -0.8712 4.736, 0.8384 -0.8852 4.4302, 0.8906 -0.8852 4.5257, 0.8344 -0.8832 4.4328, 0.8862 -0.8832 4.5277, 0.831 -0.8801 4.435, 0.8825 -0.8801 4.5294, 0.8284 -0.876 4.4367, 0.8797 -0.876 4.5307, 0.8267 -0.8712 4.4377, 0.6963 -0.8852 5.4189, 0.6092 -0.8852 5.4841, 0.6932 -0.8832 5.4153, 0.6066 -0.8832 5.4801, 0.6905 -0.8801 5.4122, 0.6044 -0.8801 5.4766, 0.6884 -0.876 5.4098, 0.6027 -0.876 5.474, 0.6871 -0.8712 5.4083, 0.0903 -0.8712 5.5836, 0.09 -0.876 5.5855, 0.1969 -0.876 5.5932, 0.0896 -0.8801 5.5886, 0.1969 -0.8801 5.5963, 0.089 -0.8832 5.5927, 0.1969 -0.8832 5.6004, 0.0883 -0.8852 5.5974, 0.1969 -0.8852 5.6051, -0.209 -0.876 5.474, -0.2107 -0.8801 5.4766, -0.2129 -0.8832 5.4801, -0.2155 -0.8852 5.4841, -0.2934 -0.8712 5.4083, -0.2947 -0.876 5.4098, -0.2968 -0.8801 5.4122, -0.2995 -0.8832 5.4153, -0.3026 -0.8852 5.4189, -0.3795 -0.8852 5.3419, -0.3759 -0.8832 5.3388, -0.3728 -0.8801 5.3361, -0.3705 -0.876 5.3341, -0.4447 -0.8852 5.2548, -0.4407 -0.8832 5.2522, -0.4373 -0.8801 5.25, -0.4347 -0.876 5.2484, -0.4842 -0.8712 5.1535, -0.486 -0.876 5.1543, -0.4888 -0.8801 5.1556, -0.4925 -0.8832 5.1573, -0.4969 -0.8852 5.1593, -0.5349 -0.8852 5.0574, -0.5303 -0.8832 5.056, -0.5264 -0.8801 5.0549, -0.5234 -0.876 5.054, -0.558 -0.8852 4.951, -0.5533 -0.8832 4.9504, -0.5493 -0.8801 4.9498, -0.5462 -0.876 4.9493, -0.5519 -0.8712 4.8425, -0.5538 -0.876 4.8425, -0.5569 -0.8801 4.8425, -0.561 -0.8832 4.8425, -0.5658 -0.8852 4.8425, -0.4969 -0.8852 4.5257, -0.4925 -0.8832 4.5277, -0.4888 -0.8801 4.5294, -0.486 -0.876 4.5307, -0.433 -0.8712 4.4377, -0.4347 -0.876 4.4367, -0.4373 -0.8801 4.435, -0.4407 -0.8832 4.4328, -0.4447 -0.8852 4.4302, -0.3795 -0.8852 4.3431, -0.3759 -0.8832 4.3462, -0.3728 -0.8801 4.3489, -0.3705 -0.876 4.3509, -0.3026 -0.8852 4.2662, -0.2995 -0.8832 4.2697, -0.2968 -0.8801 4.2728, -0.2947 -0.876 4.2752, -0.2079 -0.8712 4.2127, -0.209 -0.876 4.211, -0.2107 -0.8801 4.2084, -0.2129 -0.8832 4.2049, -0.2155 -0.8852 4.201, -0.12 -0.8852 4.1488, -0.118 -0.8832 4.1531, -0.1163 -0.8801 4.1568, -0.115 -0.876 4.1597, -0.018 -0.8852 4.1108, -0.0167 -0.8832 4.1153, -0.0155 -0.8801 4.1192, -0.0146 -0.876 4.1222, 0.0903 -0.8712 4.1014, 0.09 -0.876 4.0995, 0.0896 -0.8801 4.0964, 0.089 -0.8832 4.0923, 0.0883 -0.8852 4.0877, 0.1969 -0.8852 4.0799, 0.1969 -0.8832 4.0846, 0.1969 -0.8801 4.0887, 0.1969 -0.876 4.0918, 0.1969 -0.8712 4.0938, 0.3054 -0.8852 4.0877, 0.3047 -0.8832 4.0923, 0.3041 -0.8801 4.0964, 0.3037 -0.876 4.0995, 0.4117 -0.8852 4.1108, 0.4104 -0.8832 4.1153, 0.4092 -0.8801 4.1192, 0.4083 -0.876 4.1222, 0.5079 -0.8712 4.1615, 0.5087 -0.876 4.1597, 0.51 -0.8801 4.1568, 0.5117 -0.8832 4.1531, 0.5137 -0.8852 4.1488, 0.6092 -0.8852 4.201, 0.6066 -0.8832 4.2049, 0.6044 -0.8801 4.2084, 0.6027 -0.876 4.211, 0.6963 -0.8852 4.2662, 0.6932 -0.8832 4.2697, 0.6905 -0.8801 4.2728, 0.6884 -0.876 4.2752, 0.7627 -0.8712 4.3522, 0.7642 -0.876 4.3509, 0.7665 -0.8801 4.3489, 0.7696 -0.8832 4.3462, 0.7732 -0.8852 4.3431, 0.9171 -0.876 4.631, 0.9201 -0.8801 4.6301, 0.924 -0.8832 4.629, 0.9286 -0.8852 4.6277, 0.9379 -0.8712 4.736, 0.9399 -0.876 4.7357, 0.943 -0.8801 4.7352, 0.947 -0.8832 4.7347, 0.9517 -0.8852 4.734, 0.9595 -0.8852 4.8425, 0.9547 -0.8832 4.8425, 0.9506 -0.8801 4.8425, 0.9475 -0.876 4.8425, 0.9517 -0.8852 4.951, 0.947 -0.8832 4.9504, 0.943 -0.8801 4.9498, 0.9399 -0.876 4.9493, 0.9152 -0.8712 5.0534, 0.9171 -0.876 5.054, 0.9201 -0.8801 5.0549, 0.924 -0.8832 5.056, 0.9286 -0.8852 5.0574, 0.8906 -0.8852 5.1593, 0.8862 -0.8832 5.1573, 0.8825 -0.8801 5.1556, 0.8797 -0.876 5.1543, 0.8384 -0.8852 5.2548, 0.8344 -0.8832 5.2522, 0.831 -0.8801 5.25, 0.8284 -0.876 5.2484, 0.7627 -0.8712 5.3328, 0.7642 -0.876 5.3341, 0.7665 -0.8801 5.3361, 0.7696 -0.8832 5.3388, 0.7732 -0.8852 5.3419, 0.5137 -0.8852 5.5362, 0.5117 -0.8832 5.5319, 0.51 -0.8801 5.5282, 0.5087 -0.876 5.5253, 0.4078 -0.8712 5.5609, 0.4083 -0.876 5.5628, 0.4092 -0.8801 5.5658, 0.4104 -0.8832 5.5697, 0.4117 -0.8852 5.5742, 0.3054 -0.8852 5.5974, 0.3047 -0.8832 5.5927, 0.3041 -0.8801 5.5886, 0.3037 -0.876 5.5855, 0.0903 -0.3886 5.5836, 0.1969 -0.3886 5.5912, -0.0141 -0.3886 5.5609, -0.1142 -0.3886 5.5236, -0.2079 -0.3886 5.4724, -0.2934 -0.3886 5.4083, -0.4842 -0.3886 5.1535, -0.433 -0.3886 5.2473, -0.369 -0.3886 5.3328, -0.5519 -0.3886 4.8425, -0.5442 -0.3886 4.9491, -0.5215 -0.3886 5.0534, -0.5442 -0.3886 4.736, -0.5215 -0.3886 4.6316, -0.4842 -0.3886 4.5315, -0.433 -0.3886 4.4377, -0.2079 -0.3886 4.2127, -0.2934 -0.3886 4.2767, -0.369 -0.3886 4.3522, 0.0903 -0.3886 4.1014, -0.0141 -0.3886 4.1241, -0.1142 -0.3886 4.1615, 0.5079 -0.3886 4.1615, 0.4078 -0.3886 4.1241, 0.1969 -0.3886 4.0938, 0.3034 -0.3886 4.1014, 0.7627 -0.3886 4.3522, 0.6871 -0.3886 4.2767, 0.6016 -0.3886 4.2127, 0.8267 -0.3886 4.4377, 0.8779 -0.3886 4.5315, 0.9152 -0.3886 4.6316, 0.9379 -0.3886 4.736, 0.9152 -0.3886 5.0534, 0.9379 -0.3886 4.9491, 0.9456 -0.3886 4.8425, 0.7627 -0.3886 5.3328, 0.8267 -0.3886 5.2473, 0.8779 -0.3886 5.1535, 0.6871 -0.3886 5.4083, 0.6016 -0.3886 5.4724, 0.5079 -0.3886 5.5236, 0.4078 -0.3886 5.5609, 0.3034 -0.3886 5.5836, 0.3037 -0.3839 5.5855, 0.4083 -0.3839 5.5628, 0.5087 -0.3839 5.5253, 0.6027 -0.3839 5.474, 0.6884 -0.3839 5.4098, 0.7642 -0.3839 5.3341, 0.8284 -0.3839 5.2484, 0.8797 -0.3839 5.1543, 0.9171 -0.3839 5.054, 0.9399 -0.3839 4.9493, 0.9475 -0.3839 4.8425, 0.9399 -0.3839 4.7357, 0.9171 -0.3839 4.631, 0.8797 -0.3839 4.5307, 0.8284 -0.3839 4.4367, 0.7642 -0.3839 4.3509, 0.6884 -0.3839 4.2752, 0.6027 -0.3839 4.211, 0.5087 -0.3839 4.1597, 0.4083 -0.3839 4.1222, 0.3037 -0.3839 4.0995, 0.1969 -0.3839 4.0918, 0.09 -0.3839 4.0995, -0.0146 -0.3839 4.1222, -0.115 -0.3839 4.1597, -0.209 -0.3839 4.211, -0.2947 -0.3839 4.2752, -0.3705 -0.3839 4.3509, -0.4347 -0.3839 4.4367, -0.486 -0.3839 4.5307, -0.5234 -0.3839 4.631, -0.5462 -0.3839 4.7357, -0.5538 -0.3839 4.8425, -0.5462 -0.3839 4.9493, -0.5234 -0.3839 5.054, -0.486 -0.3839 5.1543, -0.4347 -0.3839 5.2484, -0.3705 -0.3839 5.3341, -0.2947 -0.3839 5.4098, -0.209 -0.3839 5.474, -0.115 -0.3839 5.5253, -0.0146 -0.3839 5.5628, 0.09 -0.3839 5.5855, 0.1969 -0.3839 5.5932, 0.3041 -0.3798 5.5886, 0.4092 -0.3798 5.5658, 0.51 -0.3798 5.5282, 0.6044 -0.3798 5.4766, 0.6905 -0.3798 5.4122, 0.7665 -0.3798 5.3361, 0.831 -0.3798 5.25, 0.8825 -0.3798 5.1556, 0.9201 -0.3798 5.0549, 0.943 -0.3798 4.9498, 0.9506 -0.3798 4.8425, 0.943 -0.3798 4.7352, 0.9201 -0.3798 4.6301, 0.8825 -0.3798 4.5294, 0.831 -0.3798 4.435, 0.7665 -0.3798 4.3489, 0.6905 -0.3798 4.2728, 0.6044 -0.3798 4.2084, 0.51 -0.3798 4.1568, 0.4092 -0.3798 4.1192, 0.3041 -0.3798 4.0964, 0.1969 -0.3798 4.0887, 0.0896 -0.3798 4.0964, -0.0155 -0.3798 4.1192, -0.1163 -0.3798 4.1568, -0.2107 -0.3798 4.2084, -0.2968 -0.3798 4.2728, -0.3728 -0.3798 4.3489, -0.4373 -0.3798 4.435, -0.4888 -0.3798 4.5294, -0.5264 -0.3798 4.6301, -0.5493 -0.3798 4.7352, -0.5569 -0.3798 4.8425, -0.5493 -0.3798 4.9498, -0.5264 -0.3798 5.0549, -0.4888 -0.3798 5.1556, -0.4373 -0.3798 5.25, -0.3728 -0.3798 5.3361, -0.2968 -0.3798 5.4122, -0.2107 -0.3798 5.4766, -0.1163 -0.3798 5.5282, -0.0155 -0.3798 5.5658, 0.0896 -0.3798 5.5886, 0.1969 -0.3798 5.5963, 0.3047 -0.3767 5.5927, 0.4104 -0.3767 5.5697, 0.5117 -0.3767 5.5319, 0.6066 -0.3767 5.4801, 0.6932 -0.3767 5.4153, 0.7696 -0.3767 5.3388, 0.8344 -0.3767 5.2522, 0.8862 -0.3767 5.1573, 0.924 -0.3767 5.056, 0.947 -0.3767 4.9504, 0.9547 -0.3767 4.8425, 0.947 -0.3767 4.7347, 0.924 -0.3767 4.629, 0.8862 -0.3767 4.5277, 0.8344 -0.3767 4.4328, 0.7696 -0.3767 4.3462, 0.6932 -0.3767 4.2697, 0.6066 -0.3767 4.2049, 0.5117 -0.3767 4.1531, 0.4104 -0.3767 4.1153, 0.3047 -0.3767 4.0923, 0.1969 -0.3767 4.0846, 0.089 -0.3767 4.0923, -0.0167 -0.3767 4.1153, -0.118 -0.3767 4.1531, -0.2129 -0.3767 4.2049, -0.2995 -0.3767 4.2697, -0.3759 -0.3767 4.3462, -0.4407 -0.3767 4.4328, -0.4925 -0.3767 4.5277, -0.5303 -0.3767 4.629, -0.5533 -0.3767 4.7347, -0.561 -0.3767 4.8425, -0.5533 -0.3767 4.9504, -0.5303 -0.3767 5.056, -0.4925 -0.3767 5.1573, -0.4407 -0.3767 5.2522, -0.3759 -0.3767 5.3388, -0.2995 -0.3767 5.4153, -0.2129 -0.3767 5.4801, -0.118 -0.3767 5.5319, -0.0167 -0.3767 5.5697, 0.089 -0.3767 5.5927, 0.1969 -0.3767 5.6004, 0.3054 -0.3747 5.5974, 0.4117 -0.3747 5.5742, 0.5137 -0.3747 5.5362, 0.6092 -0.3747 5.4841, 0.6963 -0.3747 5.4189, 0.7732 -0.3747 5.3419, 0.8384 -0.3747 5.2548, 0.8906 -0.3747 5.1593, 0.9286 -0.3747 5.0574, 0.9517 -0.3747 4.951, 0.9595 -0.3747 4.8425, 0.9517 -0.3747 4.734, 0.9286 -0.3747 4.6277, 0.8906 -0.3747 4.5257, 0.8384 -0.3747 4.4302, 0.7732 -0.3747 4.3431, 0.6963 -0.3747 4.2662, 0.6092 -0.3747 4.201, 0.5137 -0.3747 4.1488, 0.4117 -0.3747 4.1108, 0.3054 -0.3747 4.0877, 0.1969 -0.3747 4.0799, 0.0883 -0.3747 4.0877, -0.018 -0.3747 4.1108, -0.12 -0.3747 4.1488, -0.2155 -0.3747 4.201, -0.3026 -0.3747 4.2662, -0.3795 -0.3747 4.3431, -0.4447 -0.3747 4.4302, -0.4969 -0.3747 4.5257, -0.5349 -0.3747 4.6277, -0.558 -0.3747 4.734, -0.5658 -0.3747 4.8425, -0.558 -0.3747 4.951, -0.5349 -0.3747 5.0574, -0.4969 -0.3747 5.1593, -0.4447 -0.3747 5.2548, -0.3795 -0.3747 5.3419, -0.3026 -0.3747 5.4189, -0.2155 -0.3747 5.4841, -0.12 -0.3747 5.5362, -0.018 -0.3747 5.5742, 0.0883 -0.3747 5.5974, 0.1969 -0.3747 5.6051
            ]
        }
        coordIndex [
            0,1,2,-1,2,1,3,-1,4,5,6,-1,6,5,7,-1,8,9,10,-1,10,9,11,-1,12,13,14,-1,15,16,13,-1,13,16,17,-1,18,19,17,-1,17,19,9,-1,17,9,13,-1,13,9,8,-1,13,8,14,-1,20,21,22,-1,18,17,23,-1,23,17,24,-1,23,24,25,-1,20,22,14,-1,14,22,26,-1,14,26,12,-1,27,16,28,-1,28,16,15,-1,29,27,30,-1,30,27,28,-1,31,29,32,-1,32,29,30,-1,33,31,34,-1,34,31,32,-1,35,33,36,-1,36,33,34,-1,37,35,38,-1,38,35,36,-1,39,37,40,-1,40,37,38,-1,39,40,41,-1,41,40,42,-1,43,44,42,-1,42,44,2,-1,42,2,41,-1,41,2,3,-1,41,3,45,-1,43,46,44,-1,44,46,47,-1,44,47,48,-1,48,47,49,-1,45,50,41,-1,41,50,51,-1,41,51,52,-1,52,51,53,-1,54,55,56,-1,29,31,27,-1,27,31,33,-1,54,56,57,-1,33,35,37,-1,58,59,17,-1,60,61,56,-1,56,61,62,-1,56,62,57,-1,39,63,37,-1,37,63,64,-1,37,64,65,-1,66,67,68,-1,67,69,68,-1,68,69,70,-1,68,70,71,-1,33,37,27,-1,27,37,65,-1,27,65,16,-1,16,65,72,-1,16,72,17,-1,17,72,73,-1,17,73,58,-1,55,74,56,-1,56,74,75,-1,56,75,68,-1,68,75,76,-1,68,76,66,-1,59,77,17,-1,17,77,78,-1,17,78,79,-1,79,80,17,-1,17,80,81,-1,17,81,82,-1,17,83,56,-1,56,83,84,-1,56,84,85,-1,86,87,41,-1,41,87,88,-1,41,88,39,-1,39,88,89,-1,39,89,63,-1,82,90,17,-1,17,90,91,-1,17,91,83,-1,85,92,56,-1,56,92,93,-1,56,93,60,-1,71,94,68,-1,68,94,95,-1,68,95,96,-1,96,97,68,-1,68,97,98,-1,68,98,41,-1,41,98,99,-1,41,99,86,-1,32,30,28,-1,100,42,40,-1,36,34,38,-1,38,34,32,-1,101,102,15,-1,103,104,28,-1,105,106,107,-1,104,108,28,-1,28,108,109,-1,28,109,32,-1,32,109,110,-1,32,110,38,-1,111,40,112,-1,112,40,38,-1,112,38,113,-1,113,38,110,-1,114,100,115,-1,115,100,116,-1,107,117,105,-1,105,117,118,-1,105,118,119,-1,120,121,15,-1,15,121,122,-1,15,122,101,-1,102,123,15,-1,15,123,124,-1,15,124,125,-1,125,126,15,-1,15,126,127,-1,15,127,28,-1,28,127,128,-1,28,128,103,-1,114,129,100,-1,100,129,130,-1,100,130,131,-1,15,13,120,-1,120,13,105,-1,120,105,132,-1,132,105,119,-1,111,133,40,-1,40,133,134,-1,40,134,135,-1,131,136,100,-1,100,136,137,-1,100,137,105,-1,105,137,138,-1,105,138,106,-1,100,139,140,-1,135,141,40,-1,40,141,142,-1,40,142,100,-1,100,142,143,-1,100,143,139,-1,140,144,100,-1,100,144,145,-1,100,145,116,-1,146,147,148,-1,148,147,149,-1,148,149,150,-1,150,149,151,-1,150,151,152,-1,152,151,153,-1,152,153,154,-1,154,153,155,-1,154,155,156,-1,156,155,157,-1,156,157,158,-1,158,157,159,-1,158,159,160,-1,160,159,161,-1,160,161,162,-1,162,161,163,-1,162,163,164,-1,164,163,165,-1,164,165,166,-1,166,165,167,-1,166,167,168,-1,168,167,169,-1,168,169,170,-1,170,169,171,-1,170,171,172,-1,172,171,173,-1,172,173,174,-1,174,173,175,-1,174,175,176,-1,176,175,177,-1,176,177,178,-1,178,177,179,-1,178,179,180,-1,180,179,181,-1,180,181,182,-1,182,181,183,-1,182,183,184,-1,184,183,185,-1,184,185,186,-1,186,185,187,-1,186,187,188,-1,188,187,189,-1,188,189,190,-1,190,189,191,-1,190,191,192,-1,192,191,193,-1,192,193,194,-1,194,193,195,-1,194,195,196,-1,196,195,197,-1,196,197,198,-1,198,197,199,-1,198,199,200,-1,200,199,201,-1,200,201,202,-1,202,201,203,-1,202,203,204,-1,204,203,205,-1,204,205,206,-1,206,205,207,-1,206,207,208,-1,208,207,209,-1,208,209,210,-1,210,209,211,-1,210,211,212,-1,212,211,213,-1,212,213,214,-1,214,213,215,-1,214,215,216,-1,216,215,217,-1,216,217,218,-1,218,217,219,-1,218,219,220,-1,220,219,221,-1,220,221,222,-1,222,221,223,-1,222,223,224,-1,224,223,225,-1,224,225,226,-1,226,225,227,-1,226,227,228,-1,228,227,229,-1,228,229,230,-1,230,229,231,-1,230,231,232,-1,232,231,233,-1,232,233,234,-1,234,233,235,-1,234,235,236,-1,236,235,237,-1,236,237,238,-1,238,237,239,-1,238,239,240,-1,240,239,241,-1,240,241,242,-1,242,241,243,-1,242,243,244,-1,244,243,245,-1,244,245,246,-1,246,245,247,-1,246,247,248,-1,248,247,249,-1,248,249,250,-1,250,249,251,-1,250,251,252,-1,252,251,253,-1,252,253,254,-1,254,253,255,-1,254,255,256,-1,256,255,257,-1,256,257,258,-1,258,257,259,-1,258,259,260,-1,260,259,261,-1,260,261,262,-1,262,261,263,-1,262,263,264,-1,264,263,265,-1,264,265,266,-1,266,265,267,-1,266,267,268,-1,268,267,269,-1,268,269,270,-1,270,269,271,-1,270,271,272,-1,272,271,273,-1,272,273,274,-1,274,273,275,-1,274,275,276,-1,276,275,277,-1,276,277,278,-1,278,277,279,-1,278,279,280,-1,280,279,281,-1,280,281,282,-1,282,281,283,-1,282,283,284,-1,284,283,285,-1,284,285,286,-1,286,285,287,-1,286,287,288,-1,288,287,289,-1,288,289,290,-1,290,289,291,-1,290,291,292,-1,292,291,293,-1,292,293,146,-1,146,293,147,-1,17,56,294,-1,17,294,24,-1,24,294,295,-1,24,295,25,-1,25,295,296,-1,25,296,23,-1,23,296,297,-1,23,297,18,-1,18,297,298,-1,18,298,19,-1,19,298,11,-1,19,11,9,-1,5,299,7,-1,7,299,300,-1,300,299,301,-1,301,299,302,-1,301,302,303,-1,303,302,304,-1,303,304,305,-1,305,304,306,-1,305,306,307,-1,307,306,308,-1,307,308,309,-1,309,308,310,-1,309,310,311,-1,311,310,312,-1,311,312,313,-1,313,312,314,-1,313,314,315,-1,315,314,316,-1,315,316,317,-1,317,316,318,-1,317,318,319,-1,318,320,319,-1,319,320,10,-1,319,10,11,-1,105,13,12,-1,105,12,321,-1,321,12,26,-1,321,26,322,-1,322,26,22,-1,322,22,323,-1,323,22,21,-1,323,21,324,-1,324,21,20,-1,324,20,325,-1,325,20,14,-1,325,14,326,-1,326,14,8,-1,326,8,10,-1,56,327,328,-1,327,329,330,-1,331,332,333,-1,333,332,7,-1,334,7,332,-1,335,7,300,-1,336,7,335,-1,334,332,337,-1,337,332,331,-1,337,331,338,-1,339,340,341,-1,341,340,336,-1,341,336,342,-1,342,336,335,-1,342,335,343,-1,300,301,335,-1,335,301,303,-1,335,303,343,-1,343,303,305,-1,343,305,307,-1,344,339,345,-1,345,339,341,-1,345,341,346,-1,346,341,342,-1,346,342,347,-1,347,342,343,-1,347,343,348,-1,348,343,307,-1,348,307,309,-1,329,344,330,-1,330,344,345,-1,330,345,349,-1,349,345,346,-1,349,346,350,-1,350,346,347,-1,350,347,351,-1,351,347,348,-1,351,348,352,-1,352,348,309,-1,352,309,311,-1,327,330,328,-1,328,330,349,-1,328,349,353,-1,353,349,350,-1,353,350,354,-1,354,350,351,-1,354,351,355,-1,355,351,352,-1,355,352,356,-1,340,7,336,-1,329,338,344,-1,344,338,331,-1,344,331,339,-1,339,331,333,-1,339,333,340,-1,340,333,7,-1,311,313,352,-1,352,313,315,-1,352,315,356,-1,356,315,317,-1,356,317,319,-1,56,328,294,-1,294,328,353,-1,294,353,295,-1,295,353,354,-1,295,354,296,-1,296,354,355,-1,296,355,297,-1,297,355,356,-1,297,356,298,-1,298,356,319,-1,298,319,11,-1,320,318,357,-1,316,314,358,-1,312,310,359,-1,360,361,362,-1,5,363,364,-1,365,363,5,-1,362,361,5,-1,299,5,361,-1,308,306,360,-1,360,306,304,-1,360,304,361,-1,361,304,302,-1,361,302,299,-1,366,364,367,-1,367,364,363,-1,367,363,368,-1,368,363,365,-1,368,365,369,-1,310,308,359,-1,359,308,360,-1,359,360,370,-1,370,360,362,-1,370,362,371,-1,371,362,5,-1,372,366,373,-1,373,366,367,-1,373,367,374,-1,374,367,368,-1,374,368,375,-1,375,368,369,-1,375,369,376,-1,314,312,358,-1,358,312,359,-1,358,359,377,-1,377,359,370,-1,377,370,378,-1,378,370,371,-1,378,371,379,-1,379,371,5,-1,380,372,381,-1,381,372,373,-1,381,373,382,-1,382,373,374,-1,382,374,383,-1,383,374,375,-1,383,375,384,-1,384,375,376,-1,384,376,385,-1,357,380,386,-1,386,380,381,-1,386,381,387,-1,387,381,382,-1,387,382,388,-1,388,382,383,-1,388,383,389,-1,389,383,384,-1,389,384,390,-1,390,384,385,-1,390,385,391,-1,326,10,320,-1,320,357,326,-1,326,357,386,-1,326,386,325,-1,325,386,387,-1,325,387,324,-1,324,387,388,-1,324,388,323,-1,323,388,389,-1,323,389,322,-1,322,389,390,-1,322,390,321,-1,321,390,391,-1,321,391,105,-1,318,316,357,-1,357,316,358,-1,357,358,380,-1,380,358,377,-1,380,377,372,-1,372,377,378,-1,372,378,366,-1,366,378,379,-1,366,379,364,-1,364,379,5,-1,68,41,52,-1,68,52,392,-1,392,52,53,-1,392,53,393,-1,393,53,51,-1,393,51,394,-1,394,51,50,-1,394,50,395,-1,395,50,45,-1,395,45,396,-1,396,45,3,-1,396,3,1,-1,56,68,397,-1,56,397,327,-1,327,397,398,-1,327,398,329,-1,329,398,399,-1,329,399,338,-1,338,399,400,-1,338,400,337,-1,337,400,401,-1,337,401,334,-1,334,401,6,-1,334,6,7,-1,100,105,391,-1,100,391,402,-1,402,391,385,-1,402,385,403,-1,403,385,376,-1,403,376,404,-1,404,376,369,-1,404,369,405,-1,405,369,365,-1,405,365,406,-1,406,365,5,-1,406,5,4,-1,42,100,407,-1,42,407,43,-1,43,407,408,-1,43,408,46,-1,46,408,409,-1,46,409,47,-1,47,409,410,-1,47,410,49,-1,49,410,411,-1,49,411,48,-1,48,411,412,-1,48,412,44,-1,44,412,0,-1,44,0,2,-1,1,413,414,-1,415,416,417,-1,6,401,418,-1,417,416,6,-1,419,6,416,-1,419,416,420,-1,420,416,415,-1,420,415,421,-1,422,6,419,-1,423,424,425,-1,425,424,418,-1,425,418,426,-1,426,418,401,-1,426,401,400,-1,422,419,427,-1,427,419,420,-1,427,420,428,-1,428,420,421,-1,428,421,429,-1,430,423,431,-1,431,423,425,-1,431,425,432,-1,432,425,426,-1,432,426,433,-1,433,426,400,-1,433,400,399,-1,434,430,435,-1,435,430,431,-1,435,431,436,-1,436,431,432,-1,436,432,437,-1,437,432,433,-1,437,433,438,-1,438,433,399,-1,438,399,398,-1,413,434,414,-1,414,434,435,-1,414,435,439,-1,439,435,436,-1,439,436,440,-1,440,436,437,-1,440,437,441,-1,441,437,438,-1,441,438,442,-1,442,438,398,-1,442,398,397,-1,1,414,396,-1,396,414,439,-1,396,439,395,-1,395,439,440,-1,395,440,394,-1,394,440,441,-1,394,441,393,-1,393,441,442,-1,393,442,392,-1,392,442,397,-1,392,397,68,-1,424,6,418,-1,413,429,434,-1,434,429,421,-1,434,421,430,-1,430,421,415,-1,430,415,423,-1,423,415,417,-1,423,417,424,-1,424,417,6,-1,443,444,445,-1,4,446,447,-1,448,446,4,-1,445,444,4,-1,449,4,444,-1,449,444,450,-1,450,444,443,-1,450,443,451,-1,452,4,449,-1,453,447,454,-1,454,447,446,-1,454,446,455,-1,455,446,448,-1,455,448,456,-1,452,449,457,-1,457,449,450,-1,457,450,458,-1,458,450,451,-1,458,451,459,-1,406,4,452,-1,460,453,461,-1,461,453,454,-1,461,454,462,-1,462,454,455,-1,462,455,463,-1,463,455,456,-1,463,456,464,-1,406,452,405,-1,405,452,457,-1,405,457,404,-1,404,457,458,-1,404,458,403,-1,403,458,459,-1,403,459,402,-1,465,460,466,-1,466,460,461,-1,466,461,467,-1,467,461,462,-1,467,462,468,-1,468,462,463,-1,468,463,469,-1,469,463,464,-1,469,464,470,-1,471,465,472,-1,472,465,466,-1,472,466,473,-1,473,466,467,-1,473,467,474,-1,474,467,468,-1,474,468,475,-1,475,468,469,-1,475,469,476,-1,476,469,470,-1,476,470,477,-1,100,471,407,-1,407,471,472,-1,407,472,408,-1,408,472,473,-1,408,473,409,-1,409,473,474,-1,409,474,410,-1,410,474,475,-1,410,475,411,-1,411,475,476,-1,411,476,412,-1,412,476,477,-1,412,477,0,-1,100,402,471,-1,471,402,459,-1,471,459,465,-1,465,459,451,-1,465,451,460,-1,460,451,443,-1,460,443,453,-1,453,443,445,-1,453,445,447,-1,447,445,4,-1,1,0,477,-1,1,477,413,-1,413,477,470,-1,413,470,429,-1,429,470,464,-1,429,464,428,-1,428,464,456,-1,428,456,427,-1,427,456,448,-1,427,448,422,-1,422,448,4,-1,422,4,6,-1,221,219,478,-1,215,213,479,-1,211,209,480,-1,201,199,481,-1,197,195,482,-1,191,189,483,-1,187,185,484,-1,181,179,485,-1,177,175,486,-1,167,165,487,-1,163,161,488,-1,157,155,489,-1,153,151,490,-1,293,291,491,-1,289,287,492,-1,283,281,493,-1,279,277,494,-1,273,271,495,-1,269,267,496,-1,259,257,497,-1,255,253,498,-1,249,247,499,-1,245,243,500,-1,239,237,501,-1,235,233,502,-1,225,223,503,-1,131,130,504,-1,504,130,505,-1,504,505,506,-1,506,505,507,-1,506,507,508,-1,508,507,509,-1,508,509,510,-1,510,509,511,-1,510,511,512,-1,512,511,502,-1,143,142,513,-1,513,142,514,-1,513,514,515,-1,515,514,516,-1,515,516,517,-1,517,516,518,-1,517,518,519,-1,519,518,520,-1,519,520,521,-1,521,520,496,-1,125,124,522,-1,522,124,523,-1,522,523,524,-1,524,523,525,-1,524,525,526,-1,526,525,527,-1,526,527,528,-1,528,527,529,-1,528,529,530,-1,530,529,486,-1,118,117,531,-1,531,117,532,-1,531,532,533,-1,533,532,534,-1,533,534,535,-1,535,534,536,-1,535,536,537,-1,537,536,538,-1,537,538,539,-1,539,538,480,-1,227,225,540,-1,540,225,503,-1,540,503,541,-1,541,503,542,-1,541,542,543,-1,543,542,544,-1,543,544,545,-1,545,544,546,-1,545,546,547,-1,547,546,548,-1,547,548,136,-1,136,548,137,-1,136,131,547,-1,547,131,504,-1,547,504,545,-1,545,504,506,-1,545,506,543,-1,543,506,508,-1,543,508,541,-1,541,508,510,-1,541,510,540,-1,540,510,512,-1,540,512,227,-1,227,512,229,-1,502,233,512,-1,512,233,231,-1,512,231,229,-1,237,235,501,-1,501,235,502,-1,501,502,549,-1,549,502,511,-1,549,511,550,-1,550,511,509,-1,550,509,551,-1,551,509,507,-1,551,507,552,-1,552,507,505,-1,552,505,129,-1,129,505,130,-1,241,239,553,-1,553,239,501,-1,553,501,554,-1,554,501,549,-1,554,549,555,-1,555,549,550,-1,555,550,556,-1,556,550,551,-1,556,551,557,-1,557,551,552,-1,557,552,114,-1,114,552,129,-1,114,115,557,-1,557,115,558,-1,557,558,556,-1,556,558,559,-1,556,559,555,-1,555,559,560,-1,555,560,554,-1,554,560,561,-1,554,561,553,-1,553,561,500,-1,553,500,241,-1,241,500,243,-1,115,116,558,-1,558,116,562,-1,558,562,559,-1,559,562,563,-1,559,563,560,-1,560,563,564,-1,560,564,561,-1,561,564,565,-1,561,565,500,-1,500,565,499,-1,500,499,245,-1,245,499,247,-1,251,249,566,-1,566,249,499,-1,566,499,567,-1,567,499,565,-1,567,565,568,-1,568,565,564,-1,568,564,569,-1,569,564,563,-1,569,563,570,-1,570,563,562,-1,570,562,145,-1,145,562,116,-1,145,144,570,-1,570,144,571,-1,570,571,569,-1,569,571,572,-1,569,572,568,-1,568,572,573,-1,568,573,567,-1,567,573,574,-1,567,574,566,-1,566,574,498,-1,566,498,251,-1,251,498,253,-1,144,140,571,-1,571,140,575,-1,571,575,572,-1,572,575,576,-1,572,576,573,-1,573,576,577,-1,573,577,574,-1,574,577,578,-1,574,578,498,-1,498,578,497,-1,498,497,255,-1,255,497,257,-1,261,259,579,-1,579,259,497,-1,579,497,580,-1,580,497,578,-1,580,578,581,-1,581,578,577,-1,581,577,582,-1,582,577,576,-1,582,576,583,-1,583,576,575,-1,583,575,139,-1,139,575,140,-1,139,143,583,-1,583,143,513,-1,583,513,582,-1,582,513,515,-1,582,515,581,-1,581,515,517,-1,581,517,580,-1,580,517,519,-1,580,519,579,-1,579,519,521,-1,579,521,261,-1,261,521,263,-1,496,267,521,-1,521,267,265,-1,521,265,263,-1,142,141,514,-1,514,141,584,-1,514,584,516,-1,516,584,585,-1,516,585,518,-1,518,585,586,-1,518,586,520,-1,520,586,587,-1,520,587,496,-1,496,587,495,-1,496,495,269,-1,269,495,271,-1,275,273,588,-1,588,273,495,-1,588,495,589,-1,589,495,587,-1,589,587,590,-1,590,587,586,-1,590,586,591,-1,591,586,585,-1,591,585,592,-1,592,585,584,-1,592,584,135,-1,135,584,141,-1,135,134,592,-1,592,134,593,-1,592,593,591,-1,591,593,594,-1,591,594,590,-1,590,594,595,-1,590,595,589,-1,589,595,596,-1,589,596,588,-1,588,596,494,-1,588,494,275,-1,275,494,277,-1,134,133,593,-1,593,133,597,-1,593,597,594,-1,594,597,598,-1,594,598,595,-1,595,598,599,-1,595,599,596,-1,596,599,600,-1,596,600,494,-1,494,600,493,-1,494,493,279,-1,279,493,281,-1,285,283,601,-1,601,283,493,-1,601,493,602,-1,602,493,600,-1,602,600,603,-1,603,600,599,-1,603,599,604,-1,604,599,598,-1,604,598,605,-1,605,598,597,-1,605,597,111,-1,111,597,133,-1,111,112,605,-1,605,112,606,-1,605,606,604,-1,604,606,607,-1,604,607,603,-1,603,607,608,-1,603,608,602,-1,602,608,609,-1,602,609,601,-1,601,609,492,-1,601,492,285,-1,285,492,287,-1,112,113,606,-1,606,113,610,-1,606,610,607,-1,607,610,611,-1,607,611,608,-1,608,611,612,-1,608,612,609,-1,609,612,613,-1,609,613,492,-1,492,613,491,-1,492,491,289,-1,289,491,291,-1,147,293,614,-1,614,293,491,-1,614,491,615,-1,615,491,613,-1,615,613,616,-1,616,613,612,-1,616,612,617,-1,617,612,611,-1,617,611,618,-1,618,611,610,-1,618,610,110,-1,110,610,113,-1,110,109,618,-1,618,109,619,-1,618,619,617,-1,617,619,620,-1,617,620,616,-1,616,620,621,-1,616,621,615,-1,615,621,622,-1,615,622,614,-1,614,622,623,-1,614,623,147,-1,147,623,149,-1,109,108,619,-1,619,108,624,-1,619,624,620,-1,620,624,625,-1,620,625,621,-1,621,625,626,-1,621,626,622,-1,622,626,627,-1,622,627,623,-1,623,627,490,-1,623,490,149,-1,149,490,151,-1,108,104,624,-1,624,104,628,-1,624,628,625,-1,625,628,629,-1,625,629,626,-1,626,629,630,-1,626,630,627,-1,627,630,631,-1,627,631,490,-1,490,631,489,-1,490,489,153,-1,153,489,155,-1,159,157,632,-1,632,157,489,-1,632,489,633,-1,633,489,631,-1,633,631,634,-1,634,631,630,-1,634,630,635,-1,635,630,629,-1,635,629,636,-1,636,629,628,-1,636,628,103,-1,103,628,104,-1,103,128,636,-1,636,128,637,-1,636,637,635,-1,635,637,638,-1,635,638,634,-1,634,638,639,-1,634,639,633,-1,633,639,640,-1,633,640,632,-1,632,640,488,-1,632,488,159,-1,159,488,161,-1,128,127,637,-1,637,127,641,-1,637,641,638,-1,638,641,642,-1,638,642,639,-1,639,642,643,-1,639,643,640,-1,640,643,644,-1,640,644,488,-1,488,644,487,-1,488,487,163,-1,163,487,165,-1,169,167,645,-1,645,167,487,-1,645,487,646,-1,646,487,644,-1,646,644,647,-1,647,644,643,-1,647,643,648,-1,648,643,642,-1,648,642,649,-1,649,642,641,-1,649,641,126,-1,126,641,127,-1,126,125,649,-1,649,125,522,-1,649,522,648,-1,648,522,524,-1,648,524,647,-1,647,524,526,-1,647,526,646,-1,646,526,528,-1,646,528,645,-1,645,528,530,-1,645,530,169,-1,169,530,171,-1,486,175,530,-1,530,175,173,-1,530,173,171,-1,179,177,485,-1,485,177,486,-1,485,486,650,-1,650,486,529,-1,650,529,651,-1,651,529,527,-1,651,527,652,-1,652,527,525,-1,652,525,653,-1,653,525,523,-1,653,523,123,-1,123,523,124,-1,183,181,654,-1,654,181,485,-1,654,485,655,-1,655,485,650,-1,655,650,656,-1,656,650,651,-1,656,651,657,-1,657,651,652,-1,657,652,658,-1,658,652,653,-1,658,653,102,-1,102,653,123,-1,102,101,658,-1,658,101,659,-1,658,659,657,-1,657,659,660,-1,657,660,656,-1,656,660,661,-1,656,661,655,-1,655,661,662,-1,655,662,654,-1,654,662,484,-1,654,484,183,-1,183,484,185,-1,101,122,659,-1,659,122,663,-1,659,663,660,-1,660,663,664,-1,660,664,661,-1,661,664,665,-1,661,665,662,-1,662,665,666,-1,662,666,484,-1,484,666,483,-1,484,483,187,-1,187,483,189,-1,193,191,667,-1,667,191,483,-1,667,483,668,-1,668,483,666,-1,668,666,669,-1,669,666,665,-1,669,665,670,-1,670,665,664,-1,670,664,671,-1,671,664,663,-1,671,663,121,-1,121,663,122,-1,121,120,671,-1,671,120,672,-1,671,672,670,-1,670,672,673,-1,670,673,669,-1,669,673,674,-1,669,674,668,-1,668,674,675,-1,668,675,667,-1,667,675,482,-1,667,482,193,-1,193,482,195,-1,120,132,672,-1,672,132,676,-1,672,676,673,-1,673,676,677,-1,673,677,674,-1,674,677,678,-1,674,678,675,-1,675,678,679,-1,675,679,482,-1,482,679,481,-1,482,481,197,-1,197,481,199,-1,203,201,680,-1,680,201,481,-1,680,481,681,-1,681,481,679,-1,681,679,682,-1,682,679,678,-1,682,678,683,-1,683,678,677,-1,683,677,684,-1,684,677,676,-1,684,676,119,-1,119,676,132,-1,119,118,684,-1,684,118,531,-1,684,531,683,-1,683,531,533,-1,683,533,682,-1,682,533,535,-1,682,535,681,-1,681,535,537,-1,681,537,680,-1,680,537,539,-1,680,539,203,-1,203,539,205,-1,480,209,539,-1,539,209,207,-1,539,207,205,-1,117,107,532,-1,532,107,685,-1,532,685,534,-1,534,685,686,-1,534,686,536,-1,536,686,687,-1,536,687,538,-1,538,687,688,-1,538,688,480,-1,480,688,479,-1,480,479,211,-1,211,479,213,-1,217,215,689,-1,689,215,479,-1,689,479,690,-1,690,479,688,-1,690,688,691,-1,691,688,687,-1,691,687,692,-1,692,687,686,-1,692,686,693,-1,693,686,685,-1,693,685,106,-1,106,685,107,-1,106,138,693,-1,693,138,694,-1,693,694,692,-1,692,694,695,-1,692,695,691,-1,691,695,696,-1,691,696,690,-1,690,696,697,-1,690,697,689,-1,689,697,478,-1,689,478,217,-1,217,478,219,-1,138,137,694,-1,694,137,548,-1,694,548,695,-1,695,548,546,-1,695,546,696,-1,696,546,544,-1,696,544,697,-1,697,544,542,-1,697,542,478,-1,478,542,503,-1,478,503,221,-1,221,503,223,-1,224,698,699,-1,224,226,698,-1,698,226,228,-1,698,228,700,-1,700,228,230,-1,700,230,701,-1,230,232,701,-1,701,232,234,-1,701,234,702,-1,702,234,236,-1,702,236,703,-1,703,236,238,-1,248,704,705,-1,238,240,703,-1,703,240,242,-1,703,242,706,-1,706,242,244,-1,706,244,705,-1,705,244,246,-1,705,246,248,-1,258,707,708,-1,248,250,704,-1,704,250,252,-1,704,252,709,-1,709,252,254,-1,709,254,708,-1,708,254,256,-1,708,256,258,-1,258,260,707,-1,707,260,262,-1,707,262,710,-1,710,262,264,-1,710,264,711,-1,264,266,711,-1,711,266,268,-1,711,268,712,-1,712,268,270,-1,712,270,713,-1,713,270,272,-1,282,714,715,-1,272,274,713,-1,713,274,276,-1,713,276,716,-1,716,276,278,-1,716,278,715,-1,715,278,280,-1,715,280,282,-1,292,717,718,-1,282,284,714,-1,714,284,286,-1,714,286,719,-1,719,286,288,-1,719,288,718,-1,718,288,290,-1,718,290,292,-1,156,720,721,-1,292,146,717,-1,717,146,148,-1,717,148,722,-1,722,148,150,-1,722,150,723,-1,723,150,152,-1,723,152,721,-1,721,152,154,-1,721,154,156,-1,166,724,725,-1,156,158,720,-1,720,158,160,-1,720,160,726,-1,726,160,162,-1,726,162,725,-1,725,162,164,-1,725,164,166,-1,166,168,724,-1,724,168,170,-1,724,170,727,-1,727,170,172,-1,727,172,728,-1,172,174,728,-1,728,174,176,-1,728,176,729,-1,729,176,178,-1,729,178,730,-1,730,178,180,-1,190,731,732,-1,180,182,730,-1,730,182,184,-1,730,184,733,-1,733,184,186,-1,733,186,732,-1,732,186,188,-1,732,188,190,-1,200,734,735,-1,190,192,731,-1,731,192,194,-1,731,194,736,-1,736,194,196,-1,736,196,735,-1,735,196,198,-1,735,198,200,-1,200,202,734,-1,734,202,204,-1,734,204,737,-1,737,204,206,-1,737,206,738,-1,206,208,738,-1,738,208,210,-1,738,210,739,-1,739,210,212,-1,739,212,740,-1,740,212,214,-1,214,216,740,-1,740,216,218,-1,740,218,741,-1,741,218,220,-1,741,220,699,-1,699,220,222,-1,699,222,224,-1,699,742,741,-1,741,742,743,-1,741,743,740,-1,740,743,744,-1,740,744,739,-1,739,744,745,-1,739,745,738,-1,738,745,746,-1,738,746,737,-1,737,746,747,-1,737,747,734,-1,734,747,748,-1,734,748,735,-1,735,748,749,-1,735,749,736,-1,736,749,750,-1,736,750,731,-1,731,750,751,-1,731,751,732,-1,732,751,752,-1,732,752,733,-1,733,752,753,-1,733,753,730,-1,730,753,754,-1,730,754,729,-1,729,754,755,-1,729,755,728,-1,728,755,756,-1,728,756,727,-1,727,756,757,-1,727,757,724,-1,724,757,758,-1,724,758,725,-1,725,758,759,-1,725,759,726,-1,726,759,760,-1,726,760,720,-1,720,760,761,-1,720,761,721,-1,721,761,762,-1,721,762,723,-1,723,762,763,-1,723,763,722,-1,722,763,764,-1,722,764,717,-1,717,764,765,-1,717,765,718,-1,718,765,766,-1,718,766,719,-1,719,766,767,-1,719,767,714,-1,714,767,768,-1,714,768,715,-1,715,768,769,-1,715,769,716,-1,716,769,770,-1,716,770,713,-1,713,770,771,-1,713,771,712,-1,712,771,772,-1,712,772,711,-1,711,772,773,-1,711,773,710,-1,710,773,774,-1,710,774,707,-1,707,774,775,-1,707,775,708,-1,708,775,776,-1,708,776,709,-1,709,776,777,-1,709,777,704,-1,704,777,778,-1,704,778,705,-1,705,778,779,-1,705,779,706,-1,706,779,780,-1,706,780,703,-1,703,780,781,-1,703,781,702,-1,702,781,782,-1,702,782,701,-1,701,782,783,-1,701,783,700,-1,700,783,784,-1,700,784,698,-1,698,784,785,-1,698,785,699,-1,699,785,742,-1,785,786,742,-1,742,786,787,-1,742,787,743,-1,743,787,788,-1,743,788,744,-1,744,788,789,-1,744,789,745,-1,745,789,790,-1,745,790,746,-1,746,790,791,-1,746,791,747,-1,747,791,792,-1,747,792,748,-1,748,792,793,-1,748,793,749,-1,749,793,794,-1,749,794,750,-1,750,794,795,-1,750,795,751,-1,751,795,796,-1,751,796,752,-1,752,796,797,-1,752,797,753,-1,753,797,798,-1,753,798,754,-1,754,798,799,-1,754,799,755,-1,755,799,800,-1,755,800,756,-1,756,800,801,-1,756,801,757,-1,757,801,802,-1,757,802,758,-1,758,802,803,-1,758,803,759,-1,759,803,804,-1,759,804,760,-1,760,804,805,-1,760,805,761,-1,761,805,806,-1,761,806,762,-1,762,806,807,-1,762,807,763,-1,763,807,808,-1,763,808,764,-1,764,808,809,-1,764,809,765,-1,765,809,810,-1,765,810,766,-1,766,810,811,-1,766,811,767,-1,767,811,812,-1,767,812,768,-1,768,812,813,-1,768,813,769,-1,769,813,814,-1,769,814,770,-1,770,814,815,-1,770,815,771,-1,771,815,816,-1,771,816,772,-1,772,816,817,-1,772,817,773,-1,773,817,818,-1,773,818,774,-1,774,818,819,-1,774,819,775,-1,775,819,820,-1,775,820,776,-1,776,820,821,-1,776,821,777,-1,777,821,822,-1,777,822,778,-1,778,822,823,-1,778,823,779,-1,779,823,824,-1,779,824,780,-1,780,824,825,-1,780,825,781,-1,781,825,826,-1,781,826,782,-1,782,826,827,-1,782,827,783,-1,783,827,828,-1,783,828,784,-1,784,828,829,-1,784,829,785,-1,785,829,786,-1,829,830,786,-1,786,830,831,-1,786,831,787,-1,787,831,832,-1,787,832,788,-1,788,832,833,-1,788,833,789,-1,789,833,834,-1,789,834,790,-1,790,834,835,-1,790,835,791,-1,791,835,836,-1,791,836,792,-1,792,836,837,-1,792,837,793,-1,793,837,838,-1,793,838,794,-1,794,838,839,-1,794,839,795,-1,795,839,840,-1,795,840,796,-1,796,840,841,-1,796,841,797,-1,797,841,842,-1,797,842,798,-1,798,842,843,-1,798,843,799,-1,799,843,844,-1,799,844,800,-1,800,844,845,-1,800,845,801,-1,801,845,846,-1,801,846,802,-1,802,846,847,-1,802,847,803,-1,803,847,848,-1,803,848,804,-1,804,848,849,-1,804,849,805,-1,805,849,850,-1,805,850,806,-1,806,850,851,-1,806,851,807,-1,807,851,852,-1,807,852,808,-1,808,852,853,-1,808,853,809,-1,809,853,854,-1,809,854,810,-1,810,854,855,-1,810,855,811,-1,811,855,856,-1,811,856,812,-1,812,856,857,-1,812,857,813,-1,813,857,858,-1,813,858,814,-1,814,858,859,-1,814,859,815,-1,815,859,860,-1,815,860,816,-1,816,860,861,-1,816,861,817,-1,817,861,862,-1,817,862,818,-1,818,862,863,-1,818,863,819,-1,819,863,864,-1,819,864,820,-1,820,864,865,-1,820,865,821,-1,821,865,866,-1,821,866,822,-1,822,866,867,-1,822,867,823,-1,823,867,868,-1,823,868,824,-1,824,868,869,-1,824,869,825,-1,825,869,870,-1,825,870,826,-1,826,870,871,-1,826,871,827,-1,827,871,872,-1,827,872,828,-1,828,872,873,-1,828,873,829,-1,829,873,830,-1,873,874,830,-1,830,874,875,-1,830,875,831,-1,831,875,876,-1,831,876,832,-1,832,876,877,-1,832,877,833,-1,833,877,878,-1,833,878,834,-1,834,878,879,-1,834,879,835,-1,835,879,880,-1,835,880,836,-1,836,880,881,-1,836,881,837,-1,837,881,882,-1,837,882,838,-1,838,882,883,-1,838,883,839,-1,839,883,884,-1,839,884,840,-1,840,884,885,-1,840,885,841,-1,841,885,886,-1,841,886,842,-1,842,886,887,-1,842,887,843,-1,843,887,888,-1,843,888,844,-1,844,888,889,-1,844,889,845,-1,845,889,890,-1,845,890,846,-1,846,890,891,-1,846,891,847,-1,847,891,892,-1,847,892,848,-1,848,892,893,-1,848,893,849,-1,849,893,894,-1,849,894,850,-1,850,894,895,-1,850,895,851,-1,851,895,896,-1,851,896,852,-1,852,896,897,-1,852,897,853,-1,853,897,898,-1,853,898,854,-1,854,898,899,-1,854,899,855,-1,855,899,900,-1,855,900,856,-1,856,900,901,-1,856,901,857,-1,857,901,902,-1,857,902,858,-1,858,902,903,-1,858,903,859,-1,859,903,904,-1,859,904,860,-1,860,904,905,-1,860,905,861,-1,861,905,906,-1,861,906,862,-1,862,906,907,-1,862,907,863,-1,863,907,908,-1,863,908,864,-1,864,908,909,-1,864,909,865,-1,865,909,910,-1,865,910,866,-1,866,910,911,-1,866,911,867,-1,867,911,912,-1,867,912,868,-1,868,912,913,-1,868,913,869,-1,869,913,914,-1,869,914,870,-1,870,914,915,-1,870,915,871,-1,871,915,916,-1,871,916,872,-1,872,916,917,-1,872,917,873,-1,873,917,874,-1,917,74,874,-1,874,74,55,-1,874,55,875,-1,875,55,54,-1,875,54,876,-1,876,54,57,-1,876,57,877,-1,877,57,62,-1,877,62,878,-1,878,62,61,-1,878,61,879,-1,879,61,60,-1,879,60,880,-1,880,60,93,-1,880,93,881,-1,881,93,92,-1,881,92,882,-1,882,92,85,-1,882,85,883,-1,883,85,84,-1,883,84,884,-1,884,84,83,-1,884,83,885,-1,885,83,91,-1,885,91,886,-1,886,91,90,-1,886,90,887,-1,887,90,82,-1,887,82,888,-1,888,82,81,-1,888,81,889,-1,889,81,80,-1,889,80,890,-1,890,80,79,-1,890,79,891,-1,891,79,78,-1,891,78,892,-1,892,78,77,-1,892,77,893,-1,893,77,59,-1,893,59,894,-1,894,59,58,-1,894,58,895,-1,895,58,73,-1,895,73,896,-1,896,73,72,-1,896,72,897,-1,897,72,65,-1,897,65,898,-1,898,65,64,-1,898,64,899,-1,899,64,63,-1,899,63,900,-1,900,63,89,-1,900,89,901,-1,901,89,88,-1,901,88,902,-1,902,88,87,-1,902,87,903,-1,903,87,86,-1,903,86,904,-1,904,86,99,-1,904,99,905,-1,905,99,98,-1,905,98,906,-1,906,98,97,-1,906,97,907,-1,907,97,96,-1,907,96,908,-1,908,96,95,-1,908,95,909,-1,909,95,94,-1,909,94,910,-1,910,94,71,-1,910,71,911,-1,911,71,70,-1,911,70,912,-1,912,70,69,-1,912,69,913,-1,913,69,67,-1,913,67,914,-1,914,67,66,-1,914,66,915,-1,915,66,76,-1,915,76,916,-1,916,76,75,-1,916,75,917,-1,917,75,74,-1,
        ]
    }
}
Shape{
    appearance Appearance {
        material  Material {
            diffuseColor 0.25098039215686274 0.25098039215686274 0.25098039215686274
            specularColor 0.07450980392156863 0.07450980392156863 0.07450980392156863
            ambientIntensity 0.251
            transparency 0.0
            shininess 0.5
        }
    }
    geometry IndexedFaceSet {
        ccw TRUE
        solid FALSE
        coord DEF co Coordinate {
            point [
                -1.1032 0.8858 0.0984, -1.209 0.8858 0.0984, -1.209 0.8858 0.9784, 0.76 0.8858 1.7754, 0.7579 0.8858 1.7762, 0.8469 0.8858 1.7762, -0.0597 0.8858 1.7711, -0.0755 0.8858 1.7762, 0.0241 0.8858 1.7762, -0.5651 0.8858 1.4676, -0.5432 0.8858 1.4743, -0.4784 0.8858 1.4673, -0.5256 0.8858 1.4845, -0.5134 0.8858 1.4963, -0.5037 0.8858 1.5115, -0.4963 0.8858 1.5338, -0.4941 0.8858 1.5473, -0.4784 0.8858 1.7762, -0.5337 0.8858 1.5473, -0.5389 0.8858 1.6041, -0.5062 0.8858 1.6059, -0.5286 0.8858 1.7728, -0.6886 0.8858 1.7728, -0.6886 0.8858 1.7349, -1.209 0.8858 1.4673, -1.209 0.8858 1.7762, -0.5974 0.8858 1.6334, -0.5789 0.8858 1.6312, -0.5427 0.8858 1.52, -0.5503 0.8858 1.5106, -0.6118 0.8858 1.6316, -0.5638 0.8858 1.6256, -0.5498 0.8858 1.616, -0.5372 0.8858 1.5319, -0.5944 0.8858 1.4941, -0.6008 0.8858 1.494, -0.6183 0.8858 1.4972, -0.6645 0.8858 1.5645, -0.6619 0.8858 1.5838, -0.6568 0.8858 1.5988, -0.5578 0.8858 1.7349, -0.5458 0.8858 1.6506, -0.567 0.8858 1.6625, -0.5595 0.8858 1.5035, -0.5737 0.8858 1.4974, -0.7037 0.8858 1.5942, -0.7076 0.8858 1.5697, -0.7031 0.8858 1.5403, -0.6944 0.8858 1.5168, -0.6832 0.8858 1.4996, -0.6685 0.8858 1.4859, -0.6511 0.8858 1.5206, -0.6577 0.8858 1.5331, -0.6636 0.8858 1.5558, -0.6497 0.8858 1.6103, -0.6402 0.8858 1.6196, -0.6286 0.8858 1.6264, -0.632 0.8858 1.5029, -0.6428 0.8858 1.511, -0.5888 0.8858 1.6684, -0.6043 0.8858 1.6695, -0.6346 0.8858 1.6642, -0.6577 0.8858 1.6551, -0.6753 0.8858 1.643, -0.6825 0.8858 1.6359, -0.6945 0.8858 1.6186, -0.6224 0.8858 1.4673, -0.6224 0.8858 1.4673, -0.4784 0.8858 0.9784, -0.594 0.8858 1.4647, -0.5685 0.8858 1.4673, 0.0241 0.8858 1.7891, -0.079 0.8858 1.7774, -0.1008 0.8858 1.7797, -0.224 0.8858 1.7891, -0.1251 0.8858 1.7762, -0.0749 0.8858 1.4679, -0.0548 0.8858 1.4754, 0.0241 0.8858 1.4673, -0.0146 0.8858 1.725, -0.0274 0.8858 1.7456, -0.0424 0.8858 1.7606, -0.0378 0.8858 1.4869, -0.0238 0.8858 1.5024, -0.0105 0.8858 1.5265, 0.0015 0.8858 1.5695, 0.0059 0.8858 1.6196, -0.0003 0.8858 1.6811, 0.0241 0.8858 0.9784, -0.1008 0.8858 1.4647, -0.0798 0.8858 1.4673, -0.1229 0.8858 1.467, -0.224 0.8858 0.9784, -0.1237 0.8858 1.4673, -0.1896 0.8858 1.5232, -0.1749 0.8858 1.4986, -0.224 0.8858 1.4673, -0.224 0.8858 1.7762, -0.1258 0.8858 1.7761, -0.2017 0.8858 1.5623, -0.1605 0.8858 1.4842, -0.1427 0.8858 1.4734, -0.1456 0.8858 1.7683, -0.1625 0.8858 1.7564, -0.1764 0.8858 1.7406, -0.1905 0.8858 1.7144, -0.2029 0.8858 1.6686, -0.2075 0.8858 1.6196, 0.4534 0.8858 1.516, 0.4559 0.8858 1.506, 0.2872 0.8858 1.506, 0.2872 0.8858 1.4699, 0.2706 0.8858 1.4673, 0.3061 0.8858 1.6297, 0.3267 0.8858 1.6097, 0.3609 0.8858 1.7381, 0.3784 0.8858 1.7426, 0.3853 0.8858 1.6162, 0.4715 0.8858 1.7416, 0.458 0.8858 1.7562, 0.5137 0.8858 1.7762, 0.4407 0.8858 1.7673, 0.3355 0.8858 1.7683, 0.319 0.8858 1.7579, 0.2706 0.8858 1.7762, 0.306 0.8858 1.7445, 0.2967 0.8858 1.7286, 0.2956 0.8858 1.646, 0.4921 0.8858 1.6678, 0.4838 0.8858 1.5357, 0.4691 0.8858 1.5581, 0.5137 0.8858 1.4673, 0.4989 0.8858 1.4699, 0.4944 0.8858 1.5067, 0.489 0.8858 1.6989, 0.4819 0.8858 1.723, 0.2893 0.8858 1.7041, 0.2872 0.8858 1.6867, 0.2892 0.8858 1.6636, 0.368 0.8858 1.5851, 0.3716 0.8858 1.5835, 0.4043 0.8858 1.5645, 0.3559 0.8858 1.6349, 0.3285 0.8858 1.6885, 0.3309 0.8858 1.7035, 0.3353 0.8858 1.7154, 0.4435 0.8858 1.7128, 0.45 0.8858 1.6926, 0.4525 0.8858 1.6678, 0.4266 0.8858 1.5921, 0.4471 0.8858 1.579, 0.4335 0.8858 1.5441, 0.4463 0.8858 1.5295, 0.341 0.8858 1.6498, 0.3336 0.8858 1.6616, 0.3295 0.8858 1.6736, 0.3416 0.8858 1.7247, 0.3503 0.8858 1.7325, 0.3905 0.8858 1.7435, 0.4064 0.8858 1.742, 0.4186 0.8858 1.7381, 0.4284 0.8858 1.7322, 0.437 0.8858 1.7235, 0.4158 0.8858 1.776, 0.4139 0.8858 1.7762, 0.5137 0.8858 1.7891, 0.3853 0.8858 1.7797, 0.2706 0.8858 1.7891, 0.3608 0.8858 1.7762, 0.3572 0.8858 1.7757, 0.8572 0.8858 1.7487, 0.9581 0.8858 1.7487, 0.9581 0.8858 1.4673, 0.9639 0.8858 1.7487, 0.9639 0.8858 1.4699, 1.0053 0.8858 1.4699, 1.0053 0.8858 1.7487, 1.112 0.8858 1.7487, 0.8469 0.8858 1.7891, 0.8572 0.8858 1.7848, 0.9581 0.8858 1.7848, 0.9581 0.8858 1.7891, 1.112 0.8858 1.7848, 2.1042 0.8858 1.7891, 1.112 0.8858 1.7762, 2.1042 0.8858 1.7762, 2.1042 0.8858 1.4673, 0.5137 0.8858 3.3309, 0.6816 0.8858 1.7935, 0.6482 0.8858 1.7891, 0.6855 0.8858 1.7933, 0.8469 0.8858 3.3309, 0.7138 0.8858 1.7891, 0.7313 0.8858 1.7866, 0.7554 0.8858 1.481, 0.8469 0.8858 1.4673, 0.7226 0.8858 1.4698, 0.7023 0.8858 1.4673, 0.7813 0.8858 1.4974, 0.8022 0.8858 1.5191, 0.8179 0.8858 1.5456, 0.8319 0.8858 1.5904, 0.8365 0.8858 1.6265, 0.8299 0.8858 1.6761, 0.8174 0.8858 1.7137, 0.8002 0.8858 1.742, 0.7853 0.8858 1.758, 0.8469 0.8858 0.9784, 0.5137 0.8858 0.9784, 0.6816 0.8858 1.4647, 0.6632 0.8858 1.4673, 0.6357 0.8858 1.4712, 0.6061 0.8858 1.4823, 0.5842 0.8858 1.7609, 0.5634 0.8858 1.7389, 0.5477 0.8858 1.7121, 0.5333 0.8858 1.6659, 0.5482 0.8858 1.5424, 0.5355 0.8858 1.5787, 0.5284 0.8858 1.6265, 0.5656 0.8858 1.5149, 0.5809 0.8858 1.4992, 0.6414 0.8858 1.7883, 0.6095 0.8858 1.7771, 0.6081 0.8858 1.7762, 0.2086 0.8858 1.516, 0.2111 0.8858 1.506, 0.0425 0.8858 1.506, 0.0742 0.8858 1.7579, 0.0612 0.8858 1.7445, 0.1161 0.8858 1.7381, 0.1337 0.8858 1.7426, 0.1406 0.8858 1.6162, 0.2267 0.8858 1.7416, 0.2132 0.8858 1.7562, 0.196 0.8858 1.7673, 0.0908 0.8858 1.7683, 0.2496 0.8858 1.5067, 0.239 0.8858 1.5357, 0.2473 0.8858 1.6678, 0.2243 0.8858 1.5581, 0.0444 0.8858 1.6636, 0.0508 0.8858 1.646, 0.0613 0.8858 1.6297, 0.0819 0.8858 1.6097, 0.2443 0.8858 1.6989, 0.2371 0.8858 1.723, 0.0519 0.8858 1.7286, 0.0445 0.8858 1.7041, 0.0425 0.8858 1.6867, 0.0425 0.8858 1.4699, 0.2542 0.8858 1.4699, 0.1232 0.8858 1.5851, 0.1268 0.8858 1.5835, 0.1595 0.8858 1.5645, 0.1111 0.8858 1.6349, 0.0838 0.8858 1.6885, 0.0861 0.8858 1.7035, 0.0906 0.8858 1.7154, 0.1987 0.8858 1.7128, 0.2052 0.8858 1.6926, 0.2077 0.8858 1.6678, 0.1819 0.8858 1.5921, 0.2024 0.8858 1.579, 0.1887 0.8858 1.5441, 0.2015 0.8858 1.5295, 0.0962 0.8858 1.6498, 0.0888 0.8858 1.6616, 0.0847 0.8858 1.6736, 0.0968 0.8858 1.7247, 0.1056 0.8858 1.7325, 0.1457 0.8858 1.7435, 0.1616 0.8858 1.742, 0.1739 0.8858 1.7381, 0.1837 0.8858 1.7322, 0.1922 0.8858 1.7235, 0.171 0.8858 1.776, 0.1692 0.8858 1.7762, 0.1406 0.8858 1.7797, 0.116 0.8858 1.7762, 0.1124 0.8858 1.7757, -1.7105 0.8858 1.7762, -1.7105 0.8858 1.4673, -1.7105 0.8858 0.9784, -1.7105 0.8858 0.0984, -0.4784 0.8858 0.0984, -0.6503 0.8858 1.4754, -0.2406 0.8858 1.5645, -0.2406 0.8858 1.5972, -0.4626 0.8858 1.5645, -0.4626 0.8858 1.5972, -0.4784 0.8858 1.7891, -1.209 0.8858 1.7891, -1.7105 0.8858 1.7891, -0.4532 0.8858 0.0984, -0.224 0.8858 0.0984, 0.0241 0.8858 0.0984, 0.2706 0.8858 0.9784, 0.2706 0.8858 3.3309, 0.0241 0.8858 3.3309, -0.224 0.8858 3.3309, -0.4784 0.8858 3.3309, -1.209 0.8858 3.3309, -1.7105 0.8858 3.3309, 0.1969 0.8858 0.0984, 0.2706 0.8858 0.0984, 0.5137 0.8858 0.0984, 0.8469 0.8858 0.0984, 0.8572 0.8858 1.7762, 0.9581 0.8858 0.9784, 0.9581 0.8858 0.0984, 1.1612 0.8858 0.2212, 1.1969 0.8858 0.2165, 1.1612 0.8858 0.4874, 1.128 0.8858 0.4737, 1.0994 0.8858 0.4518, 1.0775 0.8858 0.4232, 1.4969 0.8858 0.0984, 1.2325 0.8858 0.2212, 1.2657 0.8858 0.235, 2.1042 0.8858 0.9784, 2.1042 0.8858 0.0984, 1.3346 0.8858 0.3543, 1.33 0.8858 0.39, 1.3162 0.8858 0.4232, 1.2943 0.8858 0.4518, 1.2657 0.8858 0.4737, 1.2325 0.8858 0.4874, 1.1969 0.8858 0.4921, 1.0638 0.8858 0.39, 1.0591 0.8858 0.3543, 1.0638 0.8858 0.3187, 1.0775 0.8858 0.2854, 1.0994 0.8858 0.2569, 1.128 0.8858 0.235, 1.2943 0.8858 0.2569, 1.3162 0.8858 0.2854, 1.33 0.8858 0.3187, 0.9581 0.8858 3.3309, 2.1042 0.8858 3.3309, 1.0197 0.0886 0.0787, 1.374 0.0886 0.0787, 2.185 -0.8858 0.0787, -1.7302 0.8661 0.0787, -0.9803 0.2657 0.0787, -1.7913 -0.8858 0.0787, -0.9803 0.0886 0.0787, -0.626 0.0886 0.0787, 2.1239 0.8661 0.0787, 1.374 0.2657 0.0787, 1.4969 0.8661 0.0787, 0.1969 0.8661 0.0787, -0.626 0.2657 0.0787, -0.4532 0.8661 0.0787, -1.1032 0.8661 0.0787, 0.374 0.0886 0.0787, 0.0197 0.0886 0.0787, 0.0197 0.2657 0.0787, 0.8469 0.8661 0.0787, 1.0197 0.2657 0.0787, 0.374 0.2657 0.0787, 2.185 -0.8858 3.4606, 2.1678 -0.3908 3.4606, 2.1238 0.8668 3.3506, 2.1238 0.8668 0.0787, -1.7301 0.8668 3.3506, -1.7301 0.8668 0.0787, -1.7741 -0.3908 3.4606, -1.7913 -0.8858 3.4606, -1.1614 -0.8858 3.0315, -1.1614 -0.8858 3.4606, -1.4764 -0.8858 3.0315, -1.4764 -0.8858 0.8661, 1.8701 -0.8858 0.8661, 1.8701 -0.8858 3.0315, 1.5551 -0.8858 3.0315, 1.5551 -0.8858 3.4606, -1.1614 -0.3908 3.4606, -1.1614 -0.374 3.4591, 1.5551 -0.3908 3.4606, 1.5551 -0.374 3.4591, -1.7301 0.8679 3.3505, 2.1238 0.8679 3.3505, 1.8701 -0.374 3.0315, 1.8701 -0.374 0.8661, -1.4764 -0.374 0.8661, -1.4764 -0.374 3.0315, -1.1614 -0.374 3.0315, 1.5551 -0.374 3.0315
            ]
        }
        coordIndex [
            0,1,2,-1,3,4,5,-1,6,7,8,-1,9,10,11,-1,10,12,11,-1,11,12,13,-1,11,13,14,-1,14,15,11,-1,11,15,16,-1,11,16,17,-1,18,19,16,-1,16,19,20,-1,16,20,17,-1,17,20,21,-1,17,21,22,-1,23,24,22,-1,22,24,25,-1,22,25,17,-1,18,26,27,-1,28,29,30,-1,27,31,18,-1,18,31,32,-1,18,32,19,-1,26,18,30,-1,30,18,33,-1,30,33,28,-1,34,35,30,-1,30,35,36,-1,37,38,30,-1,30,38,39,-1,40,41,42,-1,29,43,30,-1,30,43,44,-1,30,44,34,-1,45,46,24,-1,24,46,47,-1,47,48,24,-1,24,48,49,-1,24,49,50,-1,51,52,30,-1,30,52,53,-1,30,53,37,-1,54,55,39,-1,39,55,56,-1,39,56,30,-1,36,57,30,-1,30,57,58,-1,30,58,51,-1,42,59,40,-1,40,59,60,-1,40,60,23,-1,23,60,61,-1,23,61,62,-1,62,63,23,-1,23,63,64,-1,23,64,24,-1,24,64,65,-1,24,65,45,-1,66,67,68,-1,68,67,69,-1,68,69,70,-1,8,7,71,-1,7,72,71,-1,71,72,73,-1,71,73,74,-1,74,73,75,-1,76,77,78,-1,79,80,8,-1,8,80,81,-1,8,81,6,-1,77,82,78,-1,78,82,83,-1,78,83,84,-1,84,85,78,-1,78,85,86,-1,78,86,8,-1,8,86,87,-1,8,87,79,-1,88,89,90,-1,89,88,91,-1,91,88,92,-1,91,92,93,-1,94,95,96,-1,97,75,98,-1,94,96,99,-1,95,100,96,-1,96,100,101,-1,96,101,93,-1,98,102,97,-1,97,102,103,-1,97,103,104,-1,104,105,97,-1,97,105,106,-1,97,106,107,-1,108,109,110,-1,110,111,112,-1,113,114,110,-1,115,116,117,-1,118,119,120,-1,120,119,121,-1,122,123,124,-1,124,123,125,-1,124,125,126,-1,113,110,127,-1,128,129,130,-1,112,111,131,-1,131,111,132,-1,131,132,133,-1,128,134,120,-1,120,134,135,-1,120,135,118,-1,126,136,124,-1,124,136,137,-1,124,137,138,-1,114,139,110,-1,110,139,140,-1,110,140,141,-1,142,143,117,-1,117,143,144,-1,117,144,145,-1,146,147,117,-1,117,147,148,-1,117,148,149,-1,149,148,128,-1,149,128,150,-1,150,128,130,-1,141,151,110,-1,110,151,152,-1,110,152,108,-1,142,153,143,-1,143,153,154,-1,143,154,155,-1,145,156,117,-1,117,156,157,-1,117,157,115,-1,116,158,117,-1,117,158,159,-1,117,159,160,-1,160,161,117,-1,117,161,162,-1,117,162,146,-1,121,163,120,-1,120,163,164,-1,120,164,165,-1,165,164,166,-1,165,166,167,-1,167,166,168,-1,167,168,124,-1,124,168,169,-1,124,169,122,-1,170,171,172,-1,172,171,173,-1,172,173,174,-1,175,176,177,-1,5,178,179,-1,179,178,180,-1,180,178,181,-1,180,181,182,-1,182,181,183,-1,182,183,184,-1,184,183,185,-1,184,185,177,-1,177,185,186,-1,177,186,175,-1,187,188,189,-1,188,187,190,-1,190,187,191,-1,190,191,192,-1,5,4,178,-1,178,4,193,-1,178,193,192,-1,194,195,196,-1,196,195,197,-1,194,198,195,-1,195,198,199,-1,195,199,200,-1,200,201,195,-1,195,201,202,-1,195,202,5,-1,5,202,203,-1,5,203,204,-1,204,205,5,-1,5,205,206,-1,5,206,3,-1,195,207,197,-1,197,207,208,-1,197,208,209,-1,209,208,210,-1,210,131,211,-1,211,131,212,-1,213,214,120,-1,120,214,215,-1,120,215,216,-1,217,131,218,-1,218,131,219,-1,216,219,120,-1,120,219,131,-1,120,131,128,-1,128,131,133,-1,128,133,129,-1,217,220,131,-1,131,220,221,-1,131,221,212,-1,189,222,165,-1,165,222,223,-1,165,223,120,-1,120,223,224,-1,120,224,213,-1,225,226,227,-1,228,229,8,-1,230,231,232,-1,233,234,124,-1,124,234,235,-1,228,8,236,-1,237,238,239,-1,239,238,240,-1,241,242,227,-1,227,242,243,-1,227,243,244,-1,239,245,124,-1,124,245,246,-1,124,246,233,-1,229,247,8,-1,8,247,248,-1,8,248,249,-1,249,241,8,-1,8,241,227,-1,8,227,78,-1,78,227,250,-1,78,250,112,-1,112,250,251,-1,112,251,237,-1,244,252,227,-1,227,252,253,-1,227,253,254,-1,255,256,232,-1,232,256,257,-1,232,257,258,-1,237,239,112,-1,112,239,124,-1,112,124,110,-1,110,124,138,-1,110,138,127,-1,259,260,232,-1,232,260,261,-1,232,261,262,-1,262,261,239,-1,262,239,263,-1,263,239,240,-1,254,264,227,-1,227,264,265,-1,227,265,225,-1,255,266,256,-1,256,266,267,-1,256,267,268,-1,258,269,232,-1,232,269,270,-1,232,270,230,-1,231,271,232,-1,232,271,272,-1,232,272,273,-1,273,274,232,-1,232,274,275,-1,232,275,259,-1,235,276,124,-1,124,276,277,-1,124,277,167,-1,167,277,278,-1,167,278,71,-1,71,278,279,-1,71,279,8,-1,8,279,280,-1,8,280,236,-1,281,25,282,-1,282,25,24,-1,282,24,283,-1,283,24,2,-1,283,2,284,-1,284,2,1,-1,285,0,68,-1,68,0,2,-1,68,2,66,-1,66,2,24,-1,66,24,286,-1,286,24,50,-1,93,92,96,-1,96,92,68,-1,96,68,11,-1,11,68,70,-1,11,70,9,-1,96,287,288,-1,287,96,289,-1,289,96,11,-1,289,11,290,-1,290,11,17,-1,290,17,288,-1,288,17,97,-1,288,97,96,-1,96,97,107,-1,96,107,99,-1,75,97,74,-1,74,97,17,-1,74,17,291,-1,291,17,25,-1,291,25,292,-1,292,25,281,-1,292,281,293,-1,285,68,294,-1,294,68,92,-1,294,92,295,-1,295,92,88,-1,295,88,296,-1,210,208,131,-1,131,208,297,-1,131,297,112,-1,112,297,88,-1,112,88,78,-1,78,88,90,-1,78,90,76,-1,189,165,187,-1,187,165,167,-1,187,167,298,-1,298,167,71,-1,298,71,299,-1,299,71,74,-1,299,74,300,-1,300,74,291,-1,300,291,301,-1,301,291,292,-1,301,292,302,-1,302,292,293,-1,302,293,303,-1,296,88,304,-1,304,88,297,-1,304,297,305,-1,305,297,208,-1,305,208,306,-1,306,208,207,-1,306,207,307,-1,179,308,5,-1,5,308,170,-1,5,170,195,-1,195,170,172,-1,195,172,207,-1,207,172,309,-1,207,309,307,-1,307,309,310,-1,311,312,310,-1,313,314,309,-1,309,314,315,-1,309,315,316,-1,310,312,317,-1,317,312,318,-1,317,318,319,-1,320,321,322,-1,322,323,320,-1,320,323,324,-1,320,324,325,-1,326,327,309,-1,309,327,328,-1,309,328,313,-1,316,329,309,-1,309,329,330,-1,309,330,310,-1,310,330,331,-1,310,331,332,-1,332,333,310,-1,310,333,334,-1,310,334,311,-1,319,335,317,-1,317,335,336,-1,317,336,321,-1,321,336,337,-1,321,337,322,-1,174,175,172,-1,172,175,186,-1,172,186,309,-1,309,186,320,-1,309,320,326,-1,326,320,325,-1,192,191,178,-1,178,191,338,-1,178,338,181,-1,181,338,339,-1,181,339,183,-1,340,341,342,-1,343,344,345,-1,345,344,346,-1,345,346,347,-1,342,341,348,-1,348,341,349,-1,348,349,350,-1,351,352,353,-1,353,352,344,-1,353,344,354,-1,354,344,343,-1,355,345,356,-1,356,345,347,-1,356,347,357,-1,350,349,358,-1,358,349,359,-1,358,359,351,-1,347,352,357,-1,357,352,351,-1,357,351,360,-1,360,351,359,-1,360,359,355,-1,355,359,340,-1,355,340,345,-1,345,340,342,-1,361,342,362,-1,362,342,348,-1,362,348,363,-1,363,348,364,-1,365,366,343,-1,365,343,367,-1,367,343,345,-1,367,345,368,-1,369,370,371,-1,371,370,368,-1,371,368,372,-1,372,368,345,-1,372,345,373,-1,373,345,342,-1,373,342,374,-1,374,342,361,-1,374,361,375,-1,375,361,376,-1,367,377,365,-1,365,377,378,-1,379,362,380,-1,380,362,363,-1,378,380,365,-1,365,380,363,-1,365,363,381,-1,381,363,382,-1,377,367,370,-1,370,367,368,-1,376,361,379,-1,379,361,362,-1,383,384,374,-1,374,384,373,-1,384,385,373,-1,373,385,372,-1,385,386,372,-1,372,386,371,-1,386,387,371,-1,371,387,369,-1,370,369,377,-1,377,369,387,-1,377,387,378,-1,380,388,379,-1,379,388,375,-1,379,375,376,-1,388,383,375,-1,375,383,374,-1,387,386,385,-1,384,383,388,-1,380,378,388,-1,388,378,387,-1,388,387,384,-1,384,387,385,-1,
        ]
    }
}
Shape{
    appearance Appearance {
        material  Material {
            diffuseColor 0.7686274509803922 0.7686274509803922 0.7686274509803922
            specularColor 0.615686274509804 0.615686274509804 0.615686274509804
            ambientIntensity 0.7686
            transparency 0.0
            shininess 0.5
        }
    }
    geometry IndexedFaceSet {
        ccw TRUE
        solid FALSE
        coord DEF co Coordinate {
            point [
                0.0197 0.0886 -2.5788, 0.0197 0.0886 0.0787, 0.0197 0.2657 -2.5788, 0.0197 0.2657 0.0787, 0.374 0.2657 0.0787, 0.374 0.2657 -2.5788, 0.1181 0.2657 -2.6772, 0.2756 0.2657 -2.6772, 0.374 0.0886 -2.5788, 0.374 0.0886 0.0787, 0.1181 0.0886 -2.6772, 0.2756 0.0886 -2.6772, -0.9803 0.0886 -2.5788, -0.9803 0.0886 0.0787, -0.9803 0.2657 -2.5788, -0.9803 0.2657 0.0787, -0.626 0.2657 0.0787, -0.626 0.2657 -2.5788, -0.8819 0.2657 -2.6772, -0.7244 0.2657 -2.6772, -0.626 0.0886 -2.5788, -0.626 0.0886 0.0787, -0.7244 0.0886 -2.6772, -0.8819 0.0886 -2.6772, 1.0197 0.0886 -2.5788, 1.0197 0.0886 0.0787, 1.0197 0.2657 -2.5788, 1.0197 0.2657 0.0787, 1.374 0.2657 0.0787, 1.374 0.2657 -2.5788, 1.1181 0.2657 -2.6772, 1.2756 0.2657 -2.6772, 1.374 0.0886 -2.5788, 1.374 0.0886 0.0787, 1.1181 0.0886 -2.6772, 1.2756 0.0886 -2.6772
            ]
        }
        coordIndex [
            0,1,2,-1,2,1,3,-1,3,4,2,-1,2,4,5,-1,2,5,6,-1,6,5,7,-1,5,4,8,-1,8,4,9,-1,10,11,0,-1,0,11,8,-1,0,8,1,-1,1,8,9,-1,6,7,10,-1,10,7,11,-1,12,13,14,-1,14,13,15,-1,15,16,14,-1,14,16,17,-1,14,17,18,-1,18,17,19,-1,17,16,20,-1,20,16,21,-1,21,13,20,-1,20,13,12,-1,20,12,22,-1,22,12,23,-1,18,19,23,-1,23,19,22,-1,24,25,26,-1,26,25,27,-1,27,28,26,-1,26,28,29,-1,26,29,30,-1,30,29,31,-1,29,28,32,-1,32,28,33,-1,34,35,24,-1,24,35,32,-1,24,32,25,-1,25,32,33,-1,30,31,34,-1,34,31,35,-1,2,6,0,-1,0,6,10,-1,14,18,12,-1,12,18,23,-1,20,22,17,-1,17,22,19,-1,8,11,5,-1,5,11,7,-1,26,30,24,-1,24,30,34,-1,32,35,29,-1,29,35,31,-1,
        ]
    }
}
Shape{
    appearance Appearance {
        material  Material {
            diffuseColor 0.45098039215686275 0.43137254901960786 0.4196078431372549
            specularColor 0.03137254901960784 0.03137254901960784 0.03137254901960784
            ambientIntensity 0.6221
            transparency 0.0
            shininess 0.5
        }
    }
    geometry IndexedFaceSet {
        ccw TRUE
        solid FALSE
        coord DEF co Coordinate {
            point [
                1.0053 0.8819 1.7487, 1.112 0.8819 1.7487, 1.0053 0.8858 1.7487, 1.112 0.8858 1.7487, 1.112 0.8858 1.7762, 1.112 0.8819 1.7848, 1.112 0.8858 1.7848, 0.9581 0.8858 1.7848, 0.8572 0.8819 1.7848, 0.8572 0.8858 1.7848, 0.8572 0.8819 1.7487, 0.8572 0.8858 1.7487, 0.8572 0.8858 1.7762, 0.9581 0.8858 1.7487, 0.9639 0.8819 1.7487, 0.9639 0.8858 1.7487, 0.9639 0.8819 1.4699, 0.9639 0.8858 1.4699, 1.0053 0.8819 1.4699, 1.0053 0.8858 1.4699, 0.5284 0.8819 1.6265, 0.5284 0.8858 1.6265, 0.5333 0.8858 1.6659, 0.5333 0.8819 1.6659, 0.5477 0.8858 1.7121, 0.5477 0.8819 1.7121, 0.5634 0.8858 1.7389, 0.5634 0.8819 1.7389, 0.5842 0.8858 1.7609, 0.5842 0.8819 1.7609, 0.6081 0.8858 1.7762, 0.6095 0.8819 1.7771, 0.6816 0.8858 1.7935, 0.6816 0.8819 1.7935, 0.6482 0.8858 1.7891, 0.6414 0.8819 1.7883, 0.6414 0.8858 1.7883, 0.6095 0.8858 1.7771, 0.6816 0.8819 1.4647, 0.6816 0.8858 1.4647, 0.6632 0.8858 1.4673, 0.6357 0.8819 1.4712, 0.6357 0.8858 1.4712, 0.6061 0.8858 1.4823, 0.6061 0.8819 1.4823, 0.5809 0.8858 1.4992, 0.5809 0.8819 1.4992, 0.5656 0.8858 1.5149, 0.5656 0.8819 1.5149, 0.5482 0.8858 1.5424, 0.5482 0.8819 1.5424, 0.5355 0.8858 1.5787, 0.5355 0.8819 1.5787, 0.7023 0.8858 1.4673, 0.7226 0.8819 1.4698, 0.7226 0.8858 1.4698, 0.7554 0.8819 1.481, 0.7554 0.8858 1.481, 0.7813 0.8819 1.4974, 0.7813 0.8858 1.4974, 0.8022 0.8819 1.5191, 0.8022 0.8858 1.5191, 0.8179 0.8819 1.5456, 0.8179 0.8858 1.5456, 0.8319 0.8819 1.5904, 0.8319 0.8858 1.5904, 0.8365 0.8819 1.6265, 0.8365 0.8858 1.6265, 0.6855 0.8858 1.7933, 0.6855 0.8819 1.7933, 0.7138 0.8858 1.7891, 0.7313 0.8819 1.7866, 0.7313 0.8858 1.7866, 0.7579 0.8858 1.7762, 0.76 0.8819 1.7754, 0.76 0.8858 1.7754, 0.7853 0.8858 1.758, 0.7853 0.8819 1.758, 0.8002 0.8858 1.742, 0.8002 0.8819 1.742, 0.8174 0.8858 1.7137, 0.8174 0.8819 1.7137, 0.8299 0.8858 1.6761, 0.8299 0.8819 1.6761, 0.6816 0.8819 1.7573, 0.6672 0.8819 1.7557, 0.6388 0.8819 1.7478, 0.6182 0.8819 1.7361, 0.602 0.8819 1.7207, 0.587 0.8819 1.6968, 0.5769 0.8819 1.6669, 0.7107 0.8819 1.7531, 0.7331 0.8819 1.7447, 0.7512 0.8819 1.7325, 0.7653 0.8819 1.7174, 0.7768 0.8819 1.6976, 0.7876 0.8819 1.6631, 0.7917 0.8819 1.6265, 0.787 0.8819 1.5878, 0.7777 0.8819 1.5592, 0.7647 0.8819 1.5374, 0.75 0.8819 1.5223, 0.7311 0.8819 1.5105, 0.7088 0.8819 1.5028, 0.6816 0.8819 1.4991, 0.6523 0.8819 1.5039, 0.6293 0.8819 1.5129, 0.6106 0.8819 1.5261, 0.5955 0.8819 1.5434, 0.5824 0.8819 1.569, 0.5714 0.8819 1.6265, 0.5728 0.8819 1.6104, 0.5714 0.8858 1.6265, 0.5728 0.8858 1.6104, 0.5824 0.8858 1.569, 0.5955 0.8858 1.5434, 0.6106 0.8858 1.5261, 0.6293 0.8858 1.5129, 0.6523 0.8858 1.5039, 0.6816 0.8858 1.4991, 0.7088 0.8858 1.5028, 0.7311 0.8858 1.5105, 0.75 0.8858 1.5223, 0.7647 0.8858 1.5374, 0.7777 0.8858 1.5592, 0.787 0.8858 1.5878, 0.7917 0.8858 1.6265, 0.7876 0.8858 1.6631, 0.7768 0.8858 1.6976, 0.7653 0.8858 1.7174, 0.7512 0.8858 1.7325, 0.7331 0.8858 1.7447, 0.7107 0.8858 1.7531, 0.6816 0.8858 1.7573, 0.6672 0.8858 1.7557, 0.6388 0.8858 1.7478, 0.6182 0.8858 1.7361, 0.602 0.8858 1.7207, 0.587 0.8858 1.6968, 0.5769 0.8858 1.6669
            ]
        }
        coordIndex [
            0,1,2,-1,2,1,3,-1,3,1,4,-1,4,1,5,-1,4,5,6,-1,6,5,7,-1,7,5,8,-1,7,8,9,-1,10,11,8,-1,8,11,12,-1,8,12,9,-1,11,10,13,-1,13,10,14,-1,13,14,15,-1,14,16,15,-1,15,16,17,-1,16,18,17,-1,17,18,19,-1,18,0,19,-1,19,0,2,-1,8,5,0,-1,0,5,1,-1,10,8,14,-1,14,8,0,-1,14,0,16,-1,16,0,18,-1,20,21,22,-1,20,22,23,-1,23,22,24,-1,23,24,25,-1,25,24,26,-1,25,26,27,-1,27,26,28,-1,27,28,29,-1,29,28,30,-1,29,30,31,-1,32,33,34,-1,34,33,35,-1,34,35,36,-1,36,35,31,-1,36,31,37,-1,37,31,30,-1,38,39,40,-1,38,40,41,-1,40,42,41,-1,41,42,43,-1,41,43,44,-1,44,43,45,-1,44,45,46,-1,46,45,47,-1,46,47,48,-1,48,47,49,-1,48,49,50,-1,50,49,51,-1,50,51,52,-1,52,51,21,-1,52,21,20,-1,39,38,53,-1,53,38,54,-1,53,54,55,-1,55,54,56,-1,55,56,57,-1,57,56,58,-1,57,58,59,-1,59,58,60,-1,59,60,61,-1,61,60,62,-1,61,62,63,-1,63,62,64,-1,63,64,65,-1,65,64,66,-1,65,66,67,-1,33,32,68,-1,33,68,69,-1,69,68,70,-1,69,70,71,-1,70,72,71,-1,71,72,73,-1,71,73,74,-1,73,75,74,-1,74,75,76,-1,74,76,77,-1,77,76,78,-1,77,78,79,-1,79,78,80,-1,79,80,81,-1,81,80,82,-1,81,82,83,-1,83,82,67,-1,83,67,66,-1,84,85,35,-1,35,85,31,-1,31,85,86,-1,31,86,29,-1,29,86,87,-1,29,87,27,-1,27,87,88,-1,27,88,25,-1,25,88,89,-1,25,89,23,-1,23,89,90,-1,23,90,20,-1,35,33,84,-1,84,33,69,-1,84,69,91,-1,91,69,71,-1,91,71,92,-1,92,71,74,-1,92,74,93,-1,93,74,77,-1,93,77,94,-1,94,77,79,-1,94,79,95,-1,95,79,81,-1,95,81,96,-1,96,81,83,-1,96,83,97,-1,97,83,66,-1,97,66,98,-1,98,66,64,-1,98,64,99,-1,99,64,62,-1,99,62,100,-1,100,62,60,-1,100,60,101,-1,101,60,58,-1,101,58,102,-1,102,58,56,-1,102,56,103,-1,103,56,54,-1,103,54,104,-1,104,54,38,-1,104,38,105,-1,105,38,41,-1,105,41,106,-1,106,41,44,-1,106,44,107,-1,107,44,46,-1,107,46,108,-1,108,46,48,-1,108,48,109,-1,90,110,20,-1,20,110,111,-1,20,111,52,-1,52,111,109,-1,52,109,50,-1,50,109,48,-1,110,112,113,-1,110,113,111,-1,111,113,114,-1,111,114,109,-1,109,114,115,-1,109,115,108,-1,108,115,116,-1,108,116,107,-1,107,116,117,-1,107,117,106,-1,106,117,118,-1,106,118,105,-1,105,118,119,-1,105,119,104,-1,104,119,120,-1,104,120,103,-1,103,120,121,-1,103,121,102,-1,102,121,122,-1,102,122,101,-1,101,122,123,-1,101,123,100,-1,100,123,124,-1,100,124,99,-1,99,124,125,-1,99,125,98,-1,98,125,126,-1,98,126,97,-1,97,126,127,-1,97,127,96,-1,96,127,128,-1,96,128,95,-1,95,128,129,-1,95,129,94,-1,94,129,130,-1,94,130,93,-1,93,130,131,-1,93,131,92,-1,92,131,132,-1,92,132,91,-1,91,132,133,-1,91,133,84,-1,84,133,134,-1,84,134,85,-1,85,134,135,-1,85,135,86,-1,86,135,136,-1,86,136,87,-1,87,136,137,-1,87,137,88,-1,88,137,138,-1,88,138,89,-1,89,138,139,-1,89,139,90,-1,90,139,112,-1,90,112,110,-1,
        ]
    }
}
Shape{
    appearance Appearance {
        material  Material {
            diffuseColor 0.25098039215686274 0.25098039215686274 0.25098039215686274
            specularColor 0.07450980392156863 0.07450980392156863 0.07450980392156863
            ambientIntensity 0.251
            transparency 0.0
            shininess 0.5
        }
    }
    geometry IndexedFaceSet {
        ccw TRUE
        solid FALSE
        coord DEF co Coordinate {
            point [
                0.7917 0.8858 1.6265, 0.787 0.8858 1.5878, 0.5728 0.8858 1.6104, 0.7777 0.8858 1.5592, 0.7876 0.8858 1.6631, 0.5714 0.8858 1.6265, 0.5769 0.8858 1.6669, 0.7311 0.8858 1.5105, 0.7088 0.8858 1.5028, 0.6816 0.8858 1.4991, 0.6523 0.8858 1.5039, 0.7653 0.8858 1.7174, 0.7107 0.8858 1.7531, 0.7512 0.8858 1.7325, 0.7331 0.8858 1.7447, 0.7768 0.8858 1.6976, 0.6816 0.8858 1.7573, 0.587 0.8858 1.6968, 0.602 0.8858 1.7207, 0.6182 0.8858 1.7361, 0.6388 0.8858 1.7478, 0.6672 0.8858 1.7557, 0.7647 0.8858 1.5374, 0.75 0.8858 1.5223, 0.6293 0.8858 1.5129, 0.6106 0.8858 1.5261, 0.5824 0.8858 1.569, 0.5955 0.8858 1.5434
            ]
        }
        coordIndex [
            0,1,2,-1,2,1,3,-1,0,2,4,-1,4,2,5,-1,4,5,6,-1,7,8,2,-1,2,8,9,-1,2,9,10,-1,11,12,13,-1,13,12,14,-1,11,15,12,-1,12,15,4,-1,12,4,16,-1,6,17,4,-1,4,17,18,-1,4,18,19,-1,19,20,4,-1,4,20,21,-1,4,21,16,-1,3,22,2,-1,2,22,23,-1,2,23,7,-1,10,24,2,-1,2,24,25,-1,2,25,26,-1,26,25,27,-1,
        ]
    }
}
Shape{
    appearance Appearance {
        material  Material {
            diffuseColor 0.45098039215686275 0.43137254901960786 0.4196078431372549
            specularColor 0.03137254901960784 0.03137254901960784 0.03137254901960784
            ambientIntensity 0.6221
            transparency 0.0
            shininess 0.5
        }
    }
    geometry IndexedFaceSet {
        ccw TRUE
        solid FALSE
        coord DEF co Coordinate {
            point [
                0.4525 0.8819 1.6678, 0.4525 0.8858 1.6678, 0.45 0.8858 1.6926, 0.45 0.8819 1.6926, 0.4435 0.8858 1.7128, 0.4435 0.8819 1.7128, 0.437 0.8858 1.7235, 0.437 0.8819 1.7235, 0.4284 0.8858 1.7322, 0.4284 0.8819 1.7322, 0.4186 0.8858 1.7381, 0.4186 0.8819 1.7381, 0.4064 0.8858 1.742, 0.4064 0.8819 1.742, 0.3905 0.8858 1.7435, 0.3905 0.8819 1.7435, 0.4921 0.8819 1.6678, 0.4921 0.8858 1.6678, 0.3853 0.8858 1.7797, 0.4139 0.8858 1.7762, 0.3853 0.8819 1.7797, 0.4158 0.8819 1.776, 0.4158 0.8858 1.776, 0.4407 0.8858 1.7673, 0.4407 0.8819 1.7673, 0.458 0.8858 1.7562, 0.458 0.8819 1.7562, 0.4715 0.8858 1.7416, 0.4715 0.8819 1.7416, 0.4819 0.8858 1.723, 0.4819 0.8819 1.723, 0.489 0.8858 1.6989, 0.489 0.8819 1.6989, 0.3608 0.8858 1.7762, 0.3572 0.8819 1.7757, 0.3572 0.8858 1.7757, 0.3355 0.8819 1.7683, 0.3355 0.8858 1.7683, 0.319 0.8819 1.7579, 0.319 0.8858 1.7579, 0.306 0.8819 1.7445, 0.306 0.8858 1.7445, 0.2967 0.8819 1.7286, 0.2967 0.8858 1.7286, 0.2893 0.8819 1.7041, 0.2893 0.8858 1.7041, 0.2872 0.8819 1.6867, 0.2872 0.8858 1.6867, 0.3716 0.8819 1.5835, 0.3716 0.8858 1.5835, 0.368 0.8858 1.5851, 0.368 0.8819 1.5851, 0.3267 0.8858 1.6097, 0.3267 0.8819 1.6097, 0.3061 0.8858 1.6297, 0.3061 0.8819 1.6297, 0.2956 0.8858 1.646, 0.2956 0.8819 1.646, 0.2892 0.8858 1.6636, 0.2892 0.8819 1.6636, 0.4043 0.8819 1.5645, 0.4043 0.8858 1.5645, 0.4559 0.8819 1.506, 0.4559 0.8858 1.506, 0.4534 0.8858 1.516, 0.4534 0.8819 1.516, 0.4463 0.8858 1.5295, 0.4463 0.8819 1.5295, 0.4335 0.8858 1.5441, 0.4335 0.8819 1.5441, 0.2872 0.8819 1.506, 0.2872 0.8858 1.506, 0.2872 0.8819 1.4699, 0.2872 0.8858 1.4699, 0.4989 0.8819 1.4699, 0.4989 0.8858 1.4699, 0.4266 0.8819 1.5921, 0.4266 0.8858 1.5921, 0.4471 0.8858 1.579, 0.4471 0.8819 1.579, 0.4691 0.8858 1.5581, 0.4691 0.8819 1.5581, 0.4838 0.8858 1.5357, 0.4838 0.8819 1.5357, 0.4944 0.8858 1.5067, 0.4944 0.8819 1.5067, 0.3853 0.8819 1.6162, 0.3853 0.8858 1.6162, 0.3285 0.8819 1.6885, 0.3285 0.8858 1.6885, 0.3295 0.8858 1.6736, 0.3295 0.8819 1.6736, 0.3336 0.8858 1.6616, 0.3336 0.8819 1.6616, 0.341 0.8858 1.6498, 0.341 0.8819 1.6498, 0.3559 0.8858 1.6349, 0.3559 0.8819 1.6349, 0.3784 0.8858 1.7426, 0.3784 0.8819 1.7426, 0.3609 0.8858 1.7381, 0.3609 0.8819 1.7381, 0.3503 0.8858 1.7325, 0.3503 0.8819 1.7325, 0.3416 0.8858 1.7247, 0.3416 0.8819 1.7247, 0.3353 0.8858 1.7154, 0.3353 0.8819 1.7154, 0.3309 0.8858 1.7035, 0.3309 0.8819 1.7035, 0.2077 0.8819 1.6678, 0.2077 0.8858 1.6678, 0.2052 0.8858 1.6926, 0.2052 0.8819 1.6926, 0.1987 0.8858 1.7128, 0.1987 0.8819 1.7128, 0.1922 0.8858 1.7235, 0.1922 0.8819 1.7235, 0.1837 0.8858 1.7322, 0.1837 0.8819 1.7322, 0.1739 0.8858 1.7381, 0.1739 0.8819 1.7381, 0.1616 0.8858 1.742, 0.1616 0.8819 1.742, 0.1457 0.8858 1.7435, 0.1457 0.8819 1.7435, 0.2473 0.8819 1.6678, 0.2473 0.8858 1.6678, 0.1406 0.8858 1.7797, 0.1692 0.8858 1.7762, 0.1406 0.8819 1.7797, 0.171 0.8819 1.776, 0.171 0.8858 1.776, 0.196 0.8858 1.7673, 0.196 0.8819 1.7673, 0.2132 0.8858 1.7562, 0.2132 0.8819 1.7562, 0.2267 0.8858 1.7416, 0.2267 0.8819 1.7416, 0.2371 0.8858 1.723, 0.2371 0.8819 1.723, 0.2443 0.8858 1.6989, 0.2443 0.8819 1.6989, 0.116 0.8858 1.7762, 0.1124 0.8819 1.7757, 0.1124 0.8858 1.7757, 0.0908 0.8819 1.7683, 0.0908 0.8858 1.7683, 0.0742 0.8819 1.7579, 0.0742 0.8858 1.7579, 0.0612 0.8819 1.7445, 0.0612 0.8858 1.7445, 0.0519 0.8819 1.7286, 0.0519 0.8858 1.7286, 0.0445 0.8819 1.7041, 0.0445 0.8858 1.7041, 0.0425 0.8819 1.6867, 0.0425 0.8858 1.6867, 0.1268 0.8819 1.5835, 0.1268 0.8858 1.5835, 0.1232 0.8858 1.5851, 0.1232 0.8819 1.5851, 0.0819 0.8858 1.6097, 0.0819 0.8819 1.6097, 0.0613 0.8858 1.6297, 0.0613 0.8819 1.6297, 0.0508 0.8858 1.646, 0.0508 0.8819 1.646, 0.0444 0.8858 1.6636, 0.0444 0.8819 1.6636, 0.1595 0.8819 1.5645, 0.1595 0.8858 1.5645, 0.2111 0.8819 1.506, 0.2111 0.8858 1.506, 0.2086 0.8858 1.516, 0.2086 0.8819 1.516, 0.2015 0.8858 1.5295, 0.2015 0.8819 1.5295, 0.1887 0.8858 1.5441, 0.1887 0.8819 1.5441, 0.0425 0.8819 1.506, 0.0425 0.8858 1.506, 0.0425 0.8819 1.4699, 0.0425 0.8858 1.4699, 0.2542 0.8819 1.4699, 0.2542 0.8858 1.4699, 0.1819 0.8819 1.5921, 0.1819 0.8858 1.5921, 0.2024 0.8858 1.579, 0.2024 0.8819 1.579, 0.2243 0.8858 1.5581, 0.2243 0.8819 1.5581, 0.239 0.8858 1.5357, 0.239 0.8819 1.5357, 0.2496 0.8858 1.5067, 0.2496 0.8819 1.5067, 0.1406 0.8819 1.6162, 0.1406 0.8858 1.6162, 0.0838 0.8819 1.6885, 0.0838 0.8858 1.6885, 0.0847 0.8858 1.6736, 0.0847 0.8819 1.6736, 0.0888 0.8858 1.6616, 0.0888 0.8819 1.6616, 0.0962 0.8858 1.6498, 0.0962 0.8819 1.6498, 0.1111 0.8858 1.6349, 0.1111 0.8819 1.6349, 0.1337 0.8858 1.7426, 0.1337 0.8819 1.7426, 0.1161 0.8858 1.7381, 0.1161 0.8819 1.7381, 0.1056 0.8858 1.7325, 0.1056 0.8819 1.7325, 0.0968 0.8858 1.7247, 0.0968 0.8819 1.7247, 0.0906 0.8858 1.7154, 0.0906 0.8819 1.7154, 0.0861 0.8858 1.7035, 0.0861 0.8819 1.7035, -0.1008 0.8858 1.7797, -0.1008 0.8819 1.7797, -0.1251 0.8858 1.7762, -0.1258 0.8819 1.7761, -0.1258 0.8858 1.7761, -0.1456 0.8819 1.7683, -0.1456 0.8858 1.7683, -0.1625 0.8819 1.7564, -0.1625 0.8858 1.7564, -0.1764 0.8819 1.7406, -0.1764 0.8858 1.7406, -0.1905 0.8819 1.7144, -0.1905 0.8858 1.7144, -0.2029 0.8819 1.6686, -0.2029 0.8858 1.6686, -0.2075 0.8819 1.6196, -0.2075 0.8858 1.6196, -0.1008 0.8819 1.4647, -0.1008 0.8858 1.4647, -0.1229 0.8858 1.467, -0.1229 0.8819 1.467, -0.1237 0.8858 1.4673, -0.1427 0.8819 1.4734, -0.1427 0.8858 1.4734, -0.1605 0.8858 1.4842, -0.1605 0.8819 1.4842, -0.1749 0.8858 1.4986, -0.1749 0.8819 1.4986, -0.1896 0.8858 1.5232, -0.1896 0.8819 1.5232, -0.2017 0.8858 1.5623, -0.2017 0.8819 1.5623, -0.0798 0.8858 1.4673, -0.0749 0.8819 1.4679, -0.0749 0.8858 1.4679, -0.0548 0.8819 1.4754, -0.0548 0.8858 1.4754, -0.0378 0.8819 1.4869, -0.0378 0.8858 1.4869, -0.0238 0.8819 1.5024, -0.0238 0.8858 1.5024, -0.0105 0.8819 1.5265, -0.0105 0.8858 1.5265, 0.0015 0.8819 1.5695, 0.0015 0.8858 1.5695, 0.0059 0.8819 1.6196, 0.0059 0.8858 1.6196, -0.079 0.8858 1.7774, -0.079 0.8819 1.7774, -0.0755 0.8858 1.7762, -0.0597 0.8819 1.7711, -0.0597 0.8858 1.7711, -0.0424 0.8858 1.7606, -0.0424 0.8819 1.7606, -0.0274 0.8858 1.7456, -0.0274 0.8819 1.7456, -0.0146 0.8858 1.725, -0.0146 0.8819 1.725, -0.0003 0.8858 1.6811, -0.0003 0.8819 1.6811, -0.1008 0.8819 1.7435, -0.103 0.8819 1.7434, -0.0525 0.8819 1.5278, -0.0608 0.8819 1.5145, -0.0703 0.8819 1.5052, -0.0796 0.8819 1.4998, -0.1166 0.8819 1.7415, -0.1268 0.8819 1.7373, -0.1366 0.8819 1.7302, -0.1445 0.8819 1.7212, -0.1528 0.8819 1.7065, -0.1611 0.8819 1.679, -0.1662 0.8819 1.6196, -0.1654 0.8819 1.5946, -0.1579 0.8819 1.5477, -0.1557 0.8819 1.5409, -0.1461 0.8819 1.5212, -0.1363 0.8819 1.5095, -0.1263 0.8819 1.5023, -0.115 0.8819 1.4977, -0.1008 0.8819 1.4957, -0.0904 0.8819 1.4966, -0.0872 0.8819 1.742, -0.0769 0.8819 1.7381, -0.0677 0.8819 1.7319, -0.0594 0.8819 1.7229, -0.0502 0.8819 1.7066, -0.0417 0.8819 1.6775, -0.0371 0.8819 1.6196, -0.0424 0.8819 1.5585, -0.1662 0.8858 1.6196, -0.1654 0.8858 1.5946, -0.1579 0.8858 1.5477, -0.1557 0.8858 1.5409, -0.1461 0.8858 1.5212, -0.1363 0.8858 1.5095, -0.1263 0.8858 1.5023, -0.115 0.8858 1.4977, -0.1008 0.8858 1.4957, -0.0904 0.8858 1.4966, -0.0796 0.8858 1.4998, -0.0703 0.8858 1.5052, -0.0608 0.8858 1.5145, -0.0525 0.8858 1.5278, -0.0424 0.8858 1.5585, -0.0371 0.8858 1.6196, -0.0417 0.8858 1.6775, -0.0502 0.8858 1.7066, -0.0594 0.8858 1.7229, -0.0677 0.8858 1.7319, -0.0769 0.8858 1.7381, -0.0872 0.8858 1.742, -0.1008 0.8858 1.7435, -0.103 0.8858 1.7434, -0.1166 0.8858 1.7415, -0.1268 0.8858 1.7373, -0.1366 0.8858 1.7302, -0.1445 0.8858 1.7212, -0.1528 0.8858 1.7065, -0.1611 0.8858 1.679
            ]
        }
        coordIndex [
            0,1,2,-1,0,2,3,-1,3,2,4,-1,3,4,5,-1,5,4,6,-1,5,6,7,-1,7,6,8,-1,7,8,9,-1,9,8,10,-1,9,10,11,-1,11,10,12,-1,11,12,13,-1,13,12,14,-1,13,14,15,-1,0,16,1,-1,1,16,17,-1,18,19,20,-1,20,19,21,-1,19,22,21,-1,21,22,23,-1,21,23,24,-1,24,23,25,-1,24,25,26,-1,26,25,27,-1,26,27,28,-1,28,27,29,-1,28,29,30,-1,30,29,31,-1,30,31,32,-1,32,31,17,-1,32,17,16,-1,18,20,33,-1,33,20,34,-1,33,34,35,-1,35,34,36,-1,35,36,37,-1,37,36,38,-1,37,38,39,-1,39,38,40,-1,39,40,41,-1,41,40,42,-1,41,42,43,-1,43,42,44,-1,43,44,45,-1,45,44,46,-1,45,46,47,-1,48,49,50,-1,48,50,51,-1,51,50,52,-1,51,52,53,-1,53,52,54,-1,53,54,55,-1,55,54,56,-1,55,56,57,-1,57,56,58,-1,57,58,59,-1,59,58,47,-1,59,47,46,-1,48,60,49,-1,49,60,61,-1,62,63,64,-1,62,64,65,-1,65,64,66,-1,65,66,67,-1,67,66,68,-1,67,68,69,-1,69,68,61,-1,69,61,60,-1,62,70,63,-1,63,70,71,-1,70,72,71,-1,71,72,73,-1,72,74,73,-1,73,74,75,-1,76,77,78,-1,76,78,79,-1,79,78,80,-1,79,80,81,-1,81,80,82,-1,81,82,83,-1,83,82,84,-1,83,84,85,-1,85,84,75,-1,85,75,74,-1,76,86,77,-1,77,86,87,-1,88,89,90,-1,88,90,91,-1,91,90,92,-1,91,92,93,-1,93,92,94,-1,93,94,95,-1,95,94,96,-1,95,96,97,-1,97,96,87,-1,97,87,86,-1,15,14,98,-1,15,98,99,-1,99,98,100,-1,99,100,101,-1,101,100,102,-1,101,102,103,-1,103,102,104,-1,103,104,105,-1,105,104,106,-1,105,106,107,-1,107,106,108,-1,107,108,109,-1,109,108,89,-1,109,89,88,-1,72,70,74,-1,74,70,62,-1,74,62,85,-1,85,62,65,-1,85,65,83,-1,16,0,32,-1,32,0,3,-1,32,3,30,-1,30,3,5,-1,30,5,28,-1,28,5,7,-1,28,7,26,-1,26,7,9,-1,26,9,24,-1,24,9,11,-1,24,11,21,-1,21,11,13,-1,21,13,20,-1,83,65,81,-1,81,65,67,-1,81,67,79,-1,79,67,69,-1,79,69,76,-1,76,69,60,-1,76,60,86,-1,60,48,86,-1,86,48,51,-1,86,51,97,-1,97,51,53,-1,97,53,95,-1,95,53,55,-1,95,55,93,-1,93,55,57,-1,93,57,91,-1,91,57,59,-1,91,59,88,-1,88,59,46,-1,88,46,109,-1,109,46,44,-1,109,44,107,-1,107,44,42,-1,107,42,105,-1,42,40,105,-1,105,40,38,-1,105,38,103,-1,103,38,36,-1,103,36,101,-1,101,36,34,-1,101,34,99,-1,99,34,20,-1,99,20,15,-1,15,20,13,-1,110,111,112,-1,110,112,113,-1,113,112,114,-1,113,114,115,-1,115,114,116,-1,115,116,117,-1,117,116,118,-1,117,118,119,-1,119,118,120,-1,119,120,121,-1,121,120,122,-1,121,122,123,-1,123,122,124,-1,123,124,125,-1,110,126,111,-1,111,126,127,-1,128,129,130,-1,130,129,131,-1,129,132,131,-1,131,132,133,-1,131,133,134,-1,134,133,135,-1,134,135,136,-1,136,135,137,-1,136,137,138,-1,138,137,139,-1,138,139,140,-1,140,139,141,-1,140,141,142,-1,142,141,127,-1,142,127,126,-1,128,130,143,-1,143,130,144,-1,143,144,145,-1,145,144,146,-1,145,146,147,-1,147,146,148,-1,147,148,149,-1,149,148,150,-1,149,150,151,-1,151,150,152,-1,151,152,153,-1,153,152,154,-1,153,154,155,-1,155,154,156,-1,155,156,157,-1,158,159,160,-1,158,160,161,-1,161,160,162,-1,161,162,163,-1,163,162,164,-1,163,164,165,-1,165,164,166,-1,165,166,167,-1,167,166,168,-1,167,168,169,-1,169,168,157,-1,169,157,156,-1,158,170,159,-1,159,170,171,-1,172,173,174,-1,172,174,175,-1,175,174,176,-1,175,176,177,-1,177,176,178,-1,177,178,179,-1,179,178,171,-1,179,171,170,-1,172,180,173,-1,173,180,181,-1,180,182,181,-1,181,182,183,-1,182,184,183,-1,183,184,185,-1,186,187,188,-1,186,188,189,-1,189,188,190,-1,189,190,191,-1,191,190,192,-1,191,192,193,-1,193,192,194,-1,193,194,195,-1,195,194,185,-1,195,185,184,-1,186,196,187,-1,187,196,197,-1,198,199,200,-1,198,200,201,-1,201,200,202,-1,201,202,203,-1,203,202,204,-1,203,204,205,-1,205,204,206,-1,205,206,207,-1,207,206,197,-1,207,197,196,-1,125,124,208,-1,125,208,209,-1,209,208,210,-1,209,210,211,-1,211,210,212,-1,211,212,213,-1,213,212,214,-1,213,214,215,-1,215,214,216,-1,215,216,217,-1,217,216,218,-1,217,218,219,-1,219,218,199,-1,219,199,198,-1,182,180,184,-1,184,180,172,-1,184,172,195,-1,195,172,175,-1,195,175,193,-1,126,110,142,-1,142,110,113,-1,142,113,140,-1,140,113,115,-1,140,115,138,-1,138,115,117,-1,138,117,136,-1,136,117,119,-1,136,119,134,-1,134,119,121,-1,134,121,131,-1,131,121,123,-1,131,123,130,-1,193,175,191,-1,191,175,177,-1,191,177,189,-1,189,177,179,-1,189,179,186,-1,186,179,170,-1,186,170,196,-1,170,158,196,-1,196,158,161,-1,196,161,207,-1,207,161,163,-1,207,163,205,-1,205,163,165,-1,205,165,203,-1,203,165,167,-1,203,167,201,-1,201,167,169,-1,201,169,198,-1,198,169,156,-1,198,156,219,-1,219,156,154,-1,219,154,217,-1,217,154,152,-1,217,152,215,-1,152,150,215,-1,215,150,148,-1,215,148,213,-1,213,148,146,-1,213,146,211,-1,211,146,144,-1,211,144,209,-1,209,144,130,-1,209,130,125,-1,125,130,123,-1,220,221,222,-1,222,221,223,-1,222,223,224,-1,224,223,225,-1,224,225,226,-1,226,225,227,-1,226,227,228,-1,228,227,229,-1,228,229,230,-1,230,229,231,-1,230,231,232,-1,232,231,233,-1,232,233,234,-1,234,233,235,-1,234,235,236,-1,237,238,239,-1,237,239,240,-1,240,239,241,-1,240,241,242,-1,241,243,242,-1,242,243,244,-1,242,244,245,-1,245,244,246,-1,245,246,247,-1,247,246,248,-1,247,248,249,-1,249,248,250,-1,249,250,251,-1,251,250,236,-1,251,236,235,-1,238,237,252,-1,252,237,253,-1,252,253,254,-1,254,253,255,-1,254,255,256,-1,256,255,257,-1,256,257,258,-1,258,257,259,-1,258,259,260,-1,260,259,261,-1,260,261,262,-1,262,261,263,-1,262,263,264,-1,264,263,265,-1,264,265,266,-1,221,220,267,-1,221,267,268,-1,268,267,269,-1,268,269,270,-1,269,271,270,-1,270,271,272,-1,270,272,273,-1,273,272,274,-1,273,274,275,-1,275,274,276,-1,275,276,277,-1,277,276,278,-1,277,278,279,-1,279,278,266,-1,279,266,265,-1,221,280,281,-1,282,259,283,-1,283,259,257,-1,283,257,284,-1,284,257,255,-1,284,255,285,-1,285,255,253,-1,221,281,223,-1,223,281,286,-1,223,286,225,-1,225,286,287,-1,225,287,227,-1,227,287,288,-1,227,288,229,-1,229,288,289,-1,229,289,231,-1,231,289,290,-1,231,290,233,-1,233,290,291,-1,233,291,235,-1,291,292,235,-1,235,292,293,-1,235,293,251,-1,251,293,294,-1,251,294,249,-1,249,294,295,-1,249,295,247,-1,247,295,296,-1,247,296,245,-1,245,296,297,-1,245,297,242,-1,242,297,298,-1,242,298,240,-1,240,298,299,-1,240,299,237,-1,237,299,300,-1,237,300,253,-1,253,300,301,-1,253,301,285,-1,280,221,302,-1,302,221,268,-1,302,268,303,-1,303,268,270,-1,303,270,304,-1,304,270,273,-1,304,273,305,-1,305,273,275,-1,305,275,306,-1,306,275,277,-1,306,277,307,-1,307,277,279,-1,307,279,308,-1,308,279,265,-1,308,265,309,-1,309,265,263,-1,309,263,282,-1,282,263,261,-1,282,261,259,-1,292,310,311,-1,292,311,293,-1,293,311,312,-1,293,312,294,-1,294,312,313,-1,294,313,295,-1,295,313,314,-1,295,314,296,-1,296,314,315,-1,296,315,297,-1,297,315,316,-1,297,316,298,-1,298,316,317,-1,298,317,299,-1,299,317,318,-1,299,318,300,-1,300,318,319,-1,300,319,301,-1,301,319,320,-1,301,320,285,-1,285,320,321,-1,285,321,284,-1,284,321,322,-1,284,322,283,-1,283,322,323,-1,283,323,282,-1,282,323,324,-1,282,324,309,-1,309,324,325,-1,309,325,308,-1,308,325,326,-1,308,326,307,-1,307,326,327,-1,307,327,306,-1,306,327,328,-1,306,328,305,-1,305,328,329,-1,305,329,304,-1,304,329,330,-1,304,330,303,-1,303,330,331,-1,303,331,302,-1,302,331,332,-1,302,332,280,-1,280,332,333,-1,280,333,281,-1,281,333,334,-1,281,334,286,-1,286,334,335,-1,286,335,287,-1,287,335,336,-1,287,336,288,-1,288,336,337,-1,288,337,289,-1,289,337,338,-1,289,338,290,-1,290,338,339,-1,290,339,291,-1,291,339,310,-1,291,310,292,-1,
        ]
    }
}
Shape{
    appearance Appearance {
        material  Material {
            diffuseColor 0.25098039215686274 0.25098039215686274 0.25098039215686274
            specularColor 0.07450980392156863 0.07450980392156863 0.07450980392156863
            ambientIntensity 0.251
            transparency 0.0
            shininess 0.5
        }
    }
    geometry IndexedFaceSet {
        ccw TRUE
        solid FALSE
        coord DEF co Coordinate {
            point [
                -0.1654 0.8858 1.5946, -0.1662 0.8858 1.6196, -0.0796 0.8858 1.4998, -0.1579 0.8858 1.5477, -0.1611 0.8858 1.679, -0.1528 0.8858 1.7065, -0.1445 0.8858 1.7212, -0.1557 0.8858 1.5409, -0.0904 0.8858 1.4966, -0.1008 0.8858 1.4957, -0.1366 0.8858 1.7302, -0.1268 0.8858 1.7373, -0.1166 0.8858 1.7415, -0.0594 0.8858 1.7229, -0.0502 0.8858 1.7066, -0.0677 0.8858 1.7319, -0.0417 0.8858 1.6775, -0.0769 0.8858 1.7381, -0.0371 0.8858 1.6196, -0.0424 0.8858 1.5585, -0.1008 0.8858 1.7435, -0.0525 0.8858 1.5278, -0.0608 0.8858 1.5145, -0.103 0.8858 1.7434, -0.0703 0.8858 1.5052, -0.0872 0.8858 1.742, -0.115 0.8858 1.4977, -0.1263 0.8858 1.5023, -0.1461 0.8858 1.5212, -0.1363 0.8858 1.5095
            ]
        }
        coordIndex [
            0,1,2,-1,0,2,3,-1,1,4,2,-1,2,4,5,-1,2,5,6,-1,3,2,7,-1,7,2,8,-1,7,8,9,-1,6,10,2,-1,2,10,11,-1,2,11,12,-1,13,14,15,-1,15,14,16,-1,15,16,17,-1,18,19,20,-1,20,19,21,-1,20,21,22,-1,12,23,2,-1,2,23,20,-1,2,20,24,-1,24,20,22,-1,18,20,16,-1,16,20,25,-1,16,25,17,-1,9,26,7,-1,7,26,27,-1,7,27,28,-1,28,27,29,-1,
        ]
    }
}
Shape{
    appearance Appearance {
        material  Material {
            diffuseColor 0.45098039215686275 0.43137254901960786 0.4196078431372549
            specularColor 0.03137254901960784 0.03137254901960784 0.03137254901960784
            ambientIntensity 0.6221
            transparency 0.0
            shininess 0.5
        }
    }
    geometry IndexedFaceSet {
        ccw TRUE
        solid FALSE
        coord DEF co Coordinate {
            point [
                -0.4626 0.8819 1.5972, -0.4626 0.8819 1.5645, -0.4626 0.8858 1.5972, -0.4626 0.8858 1.5645, -0.2406 0.8819 1.5645, -0.2406 0.8858 1.5645, -0.2406 0.8819 1.5972, -0.2406 0.8858 1.5972, -0.6886 0.8819 1.7349, -0.5578 0.8819 1.7349, -0.6886 0.8858 1.7349, -0.5578 0.8858 1.7349, -0.5458 0.8819 1.6506, -0.5458 0.8858 1.6506, -0.6043 0.8819 1.6695, -0.6043 0.8858 1.6695, -0.5888 0.8858 1.6684, -0.5888 0.8819 1.6684, -0.567 0.8858 1.6625, -0.567 0.8819 1.6625, -0.7076 0.8819 1.5697, -0.7076 0.8858 1.5697, -0.7037 0.8858 1.5942, -0.7037 0.8819 1.5942, -0.6945 0.8858 1.6186, -0.6945 0.8819 1.6186, -0.6825 0.8858 1.6359, -0.6825 0.8819 1.6359, -0.6753 0.8858 1.643, -0.6753 0.8819 1.643, -0.6577 0.8858 1.6551, -0.6577 0.8819 1.6551, -0.6346 0.8858 1.6642, -0.6346 0.8819 1.6642, -0.594 0.8819 1.4647, -0.594 0.8858 1.4647, -0.6224 0.8858 1.4673, -0.6224 0.8819 1.4673, -0.6224 0.8858 1.4673, -0.6503 0.8819 1.4754, -0.6503 0.8858 1.4754, -0.6685 0.8858 1.4859, -0.6685 0.8819 1.4859, -0.6832 0.8858 1.4996, -0.6832 0.8819 1.4996, -0.6944 0.8858 1.5168, -0.6944 0.8819 1.5168, -0.7031 0.8858 1.5403, -0.7031 0.8819 1.5403, -0.5685 0.8858 1.4673, -0.5651 0.8819 1.4676, -0.5651 0.8858 1.4676, -0.5432 0.8819 1.4743, -0.5432 0.8858 1.4743, -0.5256 0.8819 1.4845, -0.5256 0.8858 1.4845, -0.5134 0.8819 1.4963, -0.5134 0.8858 1.4963, -0.5037 0.8819 1.5115, -0.5037 0.8858 1.5115, -0.4963 0.8819 1.5338, -0.4963 0.8858 1.5338, -0.4941 0.8819 1.5473, -0.4941 0.8858 1.5473, -0.5337 0.8819 1.5473, -0.5337 0.8858 1.5473, -0.6008 0.8819 1.494, -0.6008 0.8858 1.494, -0.5944 0.8858 1.4941, -0.5944 0.8819 1.4941, -0.5737 0.8858 1.4974, -0.5737 0.8819 1.4974, -0.5595 0.8858 1.5035, -0.5595 0.8819 1.5035, -0.5503 0.8858 1.5106, -0.5503 0.8819 1.5106, -0.5427 0.8858 1.52, -0.5427 0.8819 1.52, -0.5372 0.8858 1.5319, -0.5372 0.8819 1.5319, -0.6645 0.8819 1.5645, -0.6645 0.8858 1.5645, -0.6636 0.8858 1.5558, -0.6636 0.8819 1.5558, -0.6577 0.8858 1.5331, -0.6577 0.8819 1.5331, -0.6511 0.8858 1.5206, -0.6511 0.8819 1.5206, -0.6428 0.8858 1.511, -0.6428 0.8819 1.511, -0.632 0.8858 1.5029, -0.632 0.8819 1.5029, -0.6183 0.8858 1.4972, -0.6183 0.8819 1.4972, -0.5974 0.8819 1.6334, -0.5974 0.8858 1.6334, -0.6118 0.8858 1.6316, -0.6118 0.8819 1.6316, -0.6286 0.8858 1.6264, -0.6286 0.8819 1.6264, -0.6402 0.8858 1.6196, -0.6402 0.8819 1.6196, -0.6497 0.8858 1.6103, -0.6497 0.8819 1.6103, -0.6568 0.8858 1.5988, -0.6568 0.8819 1.5988, -0.6619 0.8858 1.5838, -0.6619 0.8819 1.5838, -0.5389 0.8819 1.6041, -0.5389 0.8858 1.6041, -0.5498 0.8858 1.616, -0.5498 0.8819 1.616, -0.5638 0.8858 1.6256, -0.5638 0.8819 1.6256, -0.5789 0.8858 1.6312, -0.5789 0.8819 1.6312, -0.5062 0.8819 1.6059, -0.5062 0.8858 1.6059, -0.5286 0.8819 1.7728, -0.5286 0.8858 1.7728, -0.6886 0.8819 1.7728, -0.6886 0.8858 1.7728, 1.1969 0.8661 0.4921, 1.1969 0.8858 0.4921, 1.2325 0.8661 0.4874, 1.2325 0.8858 0.4874, 1.2657 0.8661 0.4737, 1.2657 0.8858 0.4737, 1.2943 0.8661 0.4518, 1.2943 0.8858 0.4518, 1.3162 0.8661 0.4232, 1.3162 0.8858 0.4232, 1.33 0.8661 0.39, 1.33 0.8858 0.39, 1.3346 0.8661 0.3543, 1.3346 0.8858 0.3543, 1.33 0.8661 0.3187, 1.33 0.8858 0.3187, 1.3162 0.8661 0.2854, 1.3162 0.8858 0.2854, 1.2943 0.8661 0.2569, 1.2943 0.8858 0.2569, 1.2657 0.8661 0.235, 1.2657 0.8858 0.235, 1.2325 0.8661 0.2212, 1.2325 0.8858 0.2212, 1.1969 0.8661 0.2165, 1.1969 0.8858 0.2165, 1.1612 0.8661 0.2212, 1.1612 0.8858 0.2212, 1.128 0.8661 0.235, 1.128 0.8858 0.235, 1.0994 0.8661 0.2569, 1.0994 0.8858 0.2569, 1.0775 0.8661 0.2854, 1.0775 0.8858 0.2854, 1.0638 0.8661 0.3187, 1.0638 0.8858 0.3187, 1.0591 0.8661 0.3543, 1.0591 0.8858 0.3543, 1.0638 0.8661 0.39, 1.0638 0.8858 0.39, 1.0775 0.8661 0.4232, 1.0775 0.8858 0.4232, 1.0994 0.8661 0.4518, 1.0994 0.8858 0.4518, 1.128 0.8661 0.4737, 1.128 0.8858 0.4737, 1.1612 0.8661 0.4874, 1.1612 0.8858 0.4874, 1.1969 0.8661 0.3543
            ]
        }
        coordIndex [
            0,1,2,-1,2,1,3,-1,1,4,3,-1,3,4,5,-1,4,6,5,-1,5,6,7,-1,6,0,7,-1,7,0,2,-1,6,4,0,-1,0,4,1,-1,8,9,10,-1,10,9,11,-1,9,12,11,-1,11,12,13,-1,14,15,16,-1,14,16,17,-1,17,16,18,-1,17,18,19,-1,19,18,13,-1,19,13,12,-1,20,21,22,-1,20,22,23,-1,23,22,24,-1,23,24,25,-1,25,24,26,-1,25,26,27,-1,27,26,28,-1,27,28,29,-1,29,28,30,-1,29,30,31,-1,31,30,32,-1,31,32,33,-1,33,32,15,-1,33,15,14,-1,34,35,36,-1,34,36,37,-1,37,36,38,-1,37,38,39,-1,38,40,39,-1,39,40,41,-1,39,41,42,-1,42,41,43,-1,42,43,44,-1,44,43,45,-1,44,45,46,-1,46,45,47,-1,46,47,48,-1,48,47,21,-1,48,21,20,-1,35,34,49,-1,49,34,50,-1,49,50,51,-1,51,50,52,-1,51,52,53,-1,53,52,54,-1,53,54,55,-1,55,54,56,-1,55,56,57,-1,57,56,58,-1,57,58,59,-1,59,58,60,-1,59,60,61,-1,61,60,62,-1,61,62,63,-1,62,64,63,-1,63,64,65,-1,66,67,68,-1,66,68,69,-1,69,68,70,-1,69,70,71,-1,71,70,72,-1,71,72,73,-1,73,72,74,-1,73,74,75,-1,75,74,76,-1,75,76,77,-1,77,76,78,-1,77,78,79,-1,79,78,65,-1,79,65,64,-1,80,81,82,-1,80,82,83,-1,83,82,84,-1,83,84,85,-1,85,84,86,-1,85,86,87,-1,87,86,88,-1,87,88,89,-1,89,88,90,-1,89,90,91,-1,91,90,92,-1,91,92,93,-1,93,92,67,-1,93,67,66,-1,94,95,96,-1,94,96,97,-1,97,96,98,-1,97,98,99,-1,99,98,100,-1,99,100,101,-1,101,100,102,-1,101,102,103,-1,103,102,104,-1,103,104,105,-1,105,104,106,-1,105,106,107,-1,107,106,81,-1,107,81,80,-1,108,109,110,-1,108,110,111,-1,111,110,112,-1,111,112,113,-1,113,112,114,-1,113,114,115,-1,115,114,95,-1,115,95,94,-1,108,116,109,-1,109,116,117,-1,116,118,117,-1,117,118,119,-1,118,120,119,-1,119,120,121,-1,120,8,121,-1,121,8,10,-1,8,120,9,-1,9,120,118,-1,9,118,12,-1,12,118,116,-1,12,116,108,-1,34,37,93,-1,108,111,12,-1,12,111,113,-1,12,113,19,-1,19,113,115,-1,19,115,17,-1,17,115,94,-1,17,94,14,-1,14,94,33,-1,103,29,101,-1,101,29,31,-1,101,31,99,-1,99,31,33,-1,99,33,97,-1,97,33,94,-1,93,37,91,-1,91,37,39,-1,91,39,89,-1,89,39,42,-1,89,42,87,-1,87,42,44,-1,87,44,85,-1,85,44,46,-1,85,46,83,-1,83,46,48,-1,83,48,80,-1,80,48,20,-1,80,20,107,-1,107,20,23,-1,107,23,105,-1,105,23,25,-1,105,25,103,-1,103,25,27,-1,103,27,29,-1,93,66,34,-1,34,66,69,-1,34,69,50,-1,50,69,71,-1,50,71,52,-1,52,71,73,-1,52,73,54,-1,54,73,75,-1,54,75,56,-1,56,75,77,-1,56,77,58,-1,58,77,79,-1,58,79,60,-1,60,79,64,-1,60,64,62,-1,122,123,124,-1,124,123,125,-1,124,125,126,-1,126,125,127,-1,126,127,128,-1,128,127,129,-1,128,129,130,-1,130,129,131,-1,130,131,132,-1,132,131,133,-1,132,133,134,-1,134,133,135,-1,134,135,136,-1,136,135,137,-1,136,137,138,-1,138,137,139,-1,138,139,140,-1,140,139,141,-1,140,141,142,-1,142,141,143,-1,142,143,144,-1,144,143,145,-1,144,145,146,-1,146,145,147,-1,146,147,148,-1,148,147,149,-1,148,149,150,-1,150,149,151,-1,150,151,152,-1,152,151,153,-1,152,153,154,-1,154,153,155,-1,154,155,156,-1,156,155,157,-1,156,157,158,-1,158,157,159,-1,158,159,160,-1,160,159,161,-1,160,161,162,-1,162,161,163,-1,162,163,164,-1,164,163,165,-1,164,165,166,-1,166,165,167,-1,166,167,168,-1,168,167,169,-1,168,169,122,-1,122,169,123,-1,166,168,170,-1,170,168,122,-1,170,122,124,-1,160,162,170,-1,170,162,164,-1,170,164,166,-1,154,156,170,-1,170,156,158,-1,170,158,160,-1,148,150,170,-1,170,150,152,-1,170,152,154,-1,142,144,170,-1,170,144,146,-1,170,146,148,-1,136,138,170,-1,170,138,140,-1,170,140,142,-1,130,132,170,-1,170,132,134,-1,170,134,136,-1,124,126,170,-1,170,126,128,-1,170,128,130,-1,
        ]
    }
}
Shape{
    appearance Appearance {
        material  Material {
            diffuseColor 0.25098039215686274 0.25098039215686274 0.25098039215686274
            specularColor 0.07450980392156863 0.07450980392156863 0.07450980392156863
            ambientIntensity 0.251
            transparency 0.0
            shininess 0.5
        }
    }
    geometry IndexedFaceSet {
        ccw TRUE
        solid FALSE
        coord DEF co Coordinate {
            point [
                2.1135 0.8835 3.3402, 2.1138 0.8833 3.3405, 2.1093 0.8852 0.0933, 2.123 0.8718 0.0796, 2.123 0.8718 3.3497, 2.1232 0.8712 0.0794, 2.1235 0.8698 3.3502, 2.1236 0.8691 0.0789, 2.1238 0.8679 3.3505, 2.1238 0.8668 0.0787, 2.1238 0.8668 3.3506, 2.1222 0.8739 0.0803, 2.1212 0.876 0.0814, 2.1228 0.8726 3.3495, 2.121 0.8764 0.0816, 2.121 0.8764 3.3477, 2.1205 0.8769 3.3473, 2.1181 0.8801 0.0845, 2.1178 0.8803 3.3446, 2.1178 0.8803 0.0848, 2.1174 0.8806 3.3442, 2.114 0.8832 0.0886, 2.1138 0.8833 0.0888, 2.1042 0.8858 0.0984, 2.1042 0.8858 0.9784, 2.1091 0.8852 0.0934, 2.1042 0.8858 1.4673, 2.1042 0.8858 1.7762, 2.1042 0.8858 1.7891, 2.1042 0.8858 3.3309, 2.109 0.8852 3.3357, 2.1091 0.8852 3.3359, -1.7291 0.8726 3.3495, -1.7293 0.8718 3.3497, -1.7298 0.8698 3.3502, -1.7301 0.8679 3.3505, -1.7198 0.8835 3.3402, -1.7201 0.8833 3.3405, -1.7237 0.8806 3.3442, -1.7241 0.8803 3.3446, -1.7268 0.8769 3.3473, -1.7273 0.8764 3.3477, -1.7153 0.8852 3.3357, -1.7154 0.8852 3.3359, 0.9581 0.8858 3.3309, 0.8469 0.8858 3.3309, 0.5137 0.8858 3.3309, 0.2706 0.8858 3.3309, 0.0241 0.8858 3.3309, -0.224 0.8858 3.3309, -0.4784 0.8858 3.3309, -1.209 0.8858 3.3309, -1.7105 0.8858 3.3309, 0.0241 0.8858 0.0984, 0.1969 0.8858 0.0984, 0.1969 0.8852 0.0933, 1.4969 0.8661 0.0787, 0.8469 0.8661 0.0787, 0.8469 0.8712 0.0794, 0.1969 0.8661 0.0787, 0.1969 0.8712 0.0794, -0.4532 0.8661 0.0787, -0.4532 0.8712 0.0794, -1.1032 0.8661 0.0787, -1.1032 0.8712 0.0794, 1.4969 0.8712 0.0794, 2.1239 0.8661 0.0787, 1.4969 0.876 0.0814, 1.4969 0.8801 0.0845, 1.4969 0.8832 0.0886, 1.4969 0.8852 0.0933, 1.4969 0.8858 0.0984, -1.1032 0.8852 0.0933, -1.1032 0.8832 0.0886, -1.7203 0.8832 0.0886, -1.7201 0.8833 0.0888, -1.7156 0.8852 0.0933, -1.209 0.8858 0.0984, -1.7154 0.8852 0.0934, -1.7105 0.8858 0.0984, -1.7285 0.8739 0.0803, -1.7275 0.876 0.0814, -1.1032 0.876 0.0814, -1.7273 0.8764 0.0816, -1.1032 0.8801 0.0845, -1.7244 0.8801 0.0845, -1.7241 0.8803 0.0848, -1.7302 0.8661 0.0787, -1.7301 0.8668 0.0787, -1.7299 0.8691 0.0789, -1.7295 0.8712 0.0794, -1.7293 0.8718 0.0796, -0.4532 0.876 0.0814, -0.4532 0.8801 0.0845, -0.4532 0.8832 0.0886, -0.4532 0.8852 0.0933, 0.1969 0.876 0.0814, 0.8469 0.876 0.0814, 0.1969 0.8801 0.0845, 0.8469 0.8801 0.0845, 0.1969 0.8832 0.0886, 0.8469 0.8832 0.0886, 0.8469 0.8852 0.0933, -1.1032 0.8858 0.0984, -0.4784 0.8858 0.0984, -0.4532 0.8858 0.0984, -0.224 0.8858 0.0984, 0.2706 0.8858 0.0984, 0.5137 0.8858 0.0984, 0.8469 0.8858 0.0984, 0.9581 0.8858 0.0984, -1.7301 0.8668 3.3506, -1.7105 0.8858 1.7891, -1.7105 0.8858 1.7762, -1.7105 0.8858 1.4673, -1.7105 0.8858 0.9784
            ]
        }
        coordIndex [
            0,1,2,-1,3,4,5,-1,5,4,6,-1,5,6,7,-1,7,6,8,-1,7,8,9,-1,9,8,10,-1,3,11,4,-1,4,11,12,-1,4,12,13,-1,13,12,14,-1,13,14,15,-1,15,14,16,-1,16,14,17,-1,16,17,18,-1,18,17,19,-1,18,19,20,-1,20,19,21,-1,20,21,1,-1,1,21,22,-1,1,22,2,-1,23,24,25,-1,25,24,26,-1,25,26,27,-1,28,29,30,-1,0,2,31,-1,31,2,25,-1,31,25,30,-1,30,25,27,-1,30,27,28,-1,32,33,6,-1,6,33,8,-1,8,33,34,-1,8,34,35,-1,6,4,32,-1,32,4,13,-1,32,13,15,-1,1,0,36,-1,1,36,20,-1,36,37,20,-1,20,37,38,-1,20,38,18,-1,18,38,39,-1,18,39,16,-1,16,39,40,-1,16,40,15,-1,15,40,41,-1,15,41,32,-1,31,30,42,-1,31,42,0,-1,0,42,43,-1,0,43,36,-1,29,44,30,-1,30,44,45,-1,45,46,30,-1,30,46,47,-1,30,47,42,-1,42,47,48,-1,42,48,49,-1,49,50,42,-1,42,50,51,-1,42,51,52,-1,53,54,55,-1,56,57,58,-1,57,59,60,-1,59,61,62,-1,61,63,64,-1,3,5,65,-1,65,5,7,-1,65,7,56,-1,56,7,9,-1,56,9,66,-1,3,65,11,-1,11,65,67,-1,11,67,12,-1,68,69,21,-1,21,19,68,-1,68,19,17,-1,68,17,67,-1,67,17,14,-1,67,14,12,-1,70,71,23,-1,23,25,70,-1,70,25,2,-1,70,2,69,-1,69,2,22,-1,69,22,21,-1,72,73,74,-1,74,75,72,-1,72,75,76,-1,72,76,77,-1,77,76,78,-1,77,78,79,-1,80,81,82,-1,82,81,83,-1,82,83,84,-1,84,83,85,-1,84,85,73,-1,73,85,86,-1,73,86,74,-1,87,88,63,-1,63,88,89,-1,63,89,64,-1,64,89,90,-1,64,90,82,-1,82,90,91,-1,82,91,80,-1,61,64,62,-1,62,64,82,-1,62,82,92,-1,92,82,84,-1,92,84,93,-1,93,84,73,-1,93,73,94,-1,94,73,72,-1,94,72,95,-1,57,60,58,-1,58,60,96,-1,58,96,97,-1,97,96,98,-1,97,98,99,-1,99,98,100,-1,99,100,101,-1,101,100,55,-1,101,55,102,-1,77,103,72,-1,72,103,104,-1,72,104,95,-1,95,104,105,-1,95,105,106,-1,59,62,60,-1,60,62,92,-1,60,92,96,-1,96,92,93,-1,96,93,98,-1,98,93,94,-1,98,94,100,-1,100,94,95,-1,100,95,55,-1,55,95,106,-1,55,106,53,-1,54,107,55,-1,55,107,108,-1,55,108,102,-1,102,108,109,-1,102,109,110,-1,56,58,65,-1,65,58,97,-1,65,97,67,-1,67,97,99,-1,67,99,68,-1,68,99,101,-1,68,101,69,-1,69,101,102,-1,69,102,70,-1,70,102,110,-1,70,110,71,-1,88,111,35,-1,88,35,89,-1,89,35,34,-1,89,34,90,-1,90,34,33,-1,90,33,91,-1,86,85,41,-1,41,85,83,-1,41,83,32,-1,32,83,81,-1,32,81,33,-1,33,81,80,-1,33,80,91,-1,41,40,86,-1,86,40,39,-1,86,39,74,-1,74,39,75,-1,52,112,42,-1,42,112,43,-1,113,114,78,-1,78,114,115,-1,78,115,79,-1,112,113,43,-1,43,113,78,-1,43,78,36,-1,36,78,76,-1,36,76,37,-1,37,76,75,-1,37,75,38,-1,38,75,39,-1,
        ]
    }
}