#VRML V2.0 utf8
# 3D model generated by kicad-lcsc-manager
# Based on easyeda2kicad.py v1.0.1

Shape{
    appearance Appearance {
        material  Material {
            diffuseColor 0.2235294117647059 0.2235294117647059 0.2235294117647059
            specularColor 0.11372549019607843 0.11372549019607843 0.11372549019607843
            ambientIntensity 0.2235
            transparency 0.0
            shininess 0.5
        }
    }
    geometry IndexedFaceSet {
        ccw TRUE
        solid FALSE
        coord DEF co Coordinate {
            point [
                -0.0631 0.0245 2.0855, -0.0562 -0.02 2.0868, 0.2169 -0.02 2.087, -0.3448 -0.2048 2.0705, -0.3656 -0.1939 2.0724, -0.602 -0.2117 2.0692, -0.508 -0.1178 2.0823, -0.5241 -0.1503 2.0788, -0.4198 -0.1197 2.0819, -0.537 -0.1685 2.0764, -0.5533 -0.1857 2.0737, -0.4097 -0.1444 2.0796, -0.5552 -0.1878 2.0734, -0.4025 -0.1558 2.0781, -0.5336 -0.1649 2.0769, -0.3952 -0.1673 2.0766, -0.5717 -0.1985 2.0716, -0.5804 -0.2042 2.0706, -0.3713 -0.1887 2.0732, -0.5922 -0.2083 2.0699, -0.5033 -0.1083 2.0833, -0.431 -0.0921 2.0845, -0.4974 -0.0817 2.0848, -1.2398 0.1717 2.0692, -1.2398 -0.02 2.087, -0.8166 0.0759 2.0826, -0.8166 0.171 2.0694, -0.6553 0.171 2.0694, -0.3139 0.1717 2.0692, -0.6476 0.1708 2.0694, -0.6371 0.1695 2.0696, -0.6182 0.1673 2.0701, -0.6148 0.1669 2.0701, -0.5923 0.1596 2.0714, -0.585 0.1573 2.0718, -0.3592 0.1504 2.073, -0.3417 0.1617 2.0711, -0.5559 0.1398 2.0747, -0.5501 0.1338 2.0755, -0.5284 0.1115 2.0787, -0.3759 0.1392 2.0748, -0.4089 0.0966 2.0805, -0.512 0.0861 2.0816, -0.5062 0.07 2.0829, -0.5192 0.0973 2.0803, -0.4012 0.1065 2.0791, -0.3739 0.1408 2.0745, -0.5709 0.1488 2.0732, -0.3308 0.1656 2.0703, -0.4953 -0.0721 2.0854, -0.433 -0.078 2.085, -0.4915 -0.0552 2.0864, -0.4332 -0.0767 2.0851, -0.4901 -0.0344 2.0869, -0.4404 -0.0258 2.087, -0.4897 -0.02 2.087, -0.4399 -0.02 2.0869, -0.4896 -0.0194 2.087, -0.4395 -0.0153 2.0868, -0.4951 0.0337 2.0854, -0.4369 0.015 2.0864, -0.4319 0.0338 2.0853, -0.496 0.0417 2.0852, -0.4224 0.0691 2.0832, -0.4206 0.0727 2.0828, -1.2398 -0.2117 2.0692, -0.8166 -0.1163 2.0826, -0.8166 -0.02 2.087, -0.188 -0.2198 2.0677, -0.1953 -0.2206 2.0675, 0.2169 -0.3969 2.0166, -0.2468 -0.2267 2.0663, -0.282 -0.2245 2.0668, -0.2849 -0.2238 2.0669, -1.2398 -0.3969 2.0166, -0.3166 -0.2161 2.0684, -0.3289 -0.2132 2.069, -0.6181 -0.216 2.0684, -0.6126 -0.2154 2.0685, -0.3317 -0.2117 2.0692, -0.6574 -0.2203 2.0676, -0.8166 -0.2203 2.0676, -0.8166 -0.2117 2.0692, -1.2398 0.3569 2.0166, -0.3046 0.1751 2.0686, -0.2971 0.1759 2.0684, -0.1951 0.1762 2.0684, 0.2169 0.3569 2.0166, -0.2236 0.1792 2.0678, -0.2468 0.1816 2.0673, 0.2169 -0.2117 2.0692, 0.2169 -0.1032 2.0837, -0.012 -0.1032 2.0837, -0.1177 -0.184 2.074, -0.131 -0.1933 2.0725, -0.1451 -0.2032 2.0708, -0.1559 -0.2074 2.07, -0.167 -0.2117 2.0692, -0.1875 -0.2197 2.0677, -0.012 -0.0624 2.0861, -0.0553 -0.0258 2.087, -0.0554 -0.0273 2.087, -0.0564 -0.038 2.0867, -0.0595 -0.0682 2.0858, -0.0598 -0.0714 2.0857, -0.0691 -0.1021 2.0834, -0.0758 -0.1245 2.0818, -0.0772 -0.1276 2.0814, -0.0837 -0.1379 2.0802, -0.1048 -0.1716 2.0759, -0.1884 0.1743 2.0688, -0.1793 0.1717 2.0692, 0.2169 0.1717 2.0692, -0.174 0.1702 2.0695, -0.1595 0.1632 2.0708, -0.1401 0.1539 2.0724, -0.1322 0.1474 2.0734, -0.1069 0.1265 2.0767, -0.1031 0.1208 2.0774, -0.0893 0.1002 2.0801, -0.0815 0.0823 2.0817, -0.0668 0.0489 2.0847, -0.0661 0.0443 2.0849, 0.2655 -0.0624 2.0861, 0.4738 -0.02 2.087, 0.2169 -0.0624 2.0861, 0.3314 -0.1227 2.0819, 0.3265 -0.1321 2.0809, 0.2655 -0.1032 2.0837, 0.341 -0.1117 2.0829, 0.3556 -0.095 2.0843, 0.36 -0.0919 2.0845, 0.3931 -0.0688 2.0859, 0.419 -0.0538 2.0865, 0.4448 -0.0387 2.0868, 0.4479 -0.0368 2.0869, 0.455 -0.0322 2.0869, 0.3035 -0.2117 2.0692, 0.3054 -0.1911 2.0729, 0.3071 -0.1843 2.0739, 0.3141 -0.1569 2.078, 0.3145 -0.1553 2.0782, 0.485 -0.0113 2.0869, 0.3609 0.0258 2.086, 0.4781 -0.0172 2.087, 0.5007 0.0022 2.0868, 0.5021 0.0043 2.0867, 0.5041 0.0075 2.0866, 0.5076 0.0138 2.0865, 0.5091 0.0177 2.0863, 0.5122 0.0257 2.086, 0.5129 0.031 2.0857, 0.5158 0.0516 2.0845, 0.5151 0.0576 2.0841, 0.5149 0.0588 2.084, 0.511 0.0754 2.0826, 0.5103 0.0784 2.0824, 0.507 0.0849 2.0817, 0.504 0.0909 2.0811, 0.5016 0.0937 2.0808, 0.4826 0.11 2.0789, 0.4751 0.1129 2.0785, 0.3804 0.0686 2.0832, 0.4955 0.1008 2.08, 0.4953 0.101 2.08, 0.4856 0.1079 2.0791, 0.467 0.1161 2.0781, 0.4615 0.1168 2.078, 0.4383 0.1201 2.0776, 0.4249 0.1191 2.0777, 0.4237 0.1188 2.0777, 0.4093 0.1154 2.0782, 0.4066 0.1148 2.0783, 0.3998 0.1112 2.0787, 0.3936 0.1079 2.0791, 0.3903 0.1049 2.0795, 0.3828 0.0983 2.0803, 0.3823 0.0975 2.0804, 0.375 0.0867 2.0815, 0.3727 0.0832 2.0819, 0.3693 0.074 2.0827, 0.3654 0.0629 2.0837, 0.3646 0.0565 2.0841, 0.8091 0.1475 2.0735, 0.8126 0.1454 2.0738, 0.9535 0.0902 2.0812, 0.8223 0.1367 2.0751, 0.8321 0.1279 2.0765, 0.8359 0.1223 2.0772, 0.8519 0.0987 2.0802, 0.8585 0.0853 2.0817, 0.8661 0.0663 2.0834, 0.9535 0.0516 2.0845, 0.8742 0.0341 2.0856, 0.8786 -0.02 2.0866, 0.3114 0.0258 2.086, 0.3114 0.0265 2.086, 0.3126 0.0484 2.0848, 0.3153 0.0614 2.0837, 0.3203 0.0846 2.0817, 0.3215 0.0874 2.0814, 0.3272 0.1012 2.0799, 0.3316 0.1076 2.0791, 0.3458 0.1286 2.0764, 0.3547 0.1367 2.0752, 0.3616 0.1413 2.0744, 0.3746 0.15 2.0731, 0.3777 0.1511 2.0729, 0.398 0.1584 2.0716, 0.4019 0.1599 2.0714, 0.4635 0.1627 2.0709, 0.4921 0.156 2.0721, 0.7142 0.1611 2.0712, 0.4113 0.1609 2.0712, 0.4448 0.1647 2.0705, 0.4611 0.1632 2.0708, 0.4969 0.1549 2.0722, 0.5105 0.1482 2.0734, 0.5196 0.1437 2.0741, 0.5378 0.1286 2.0764, 0.5476 0.1152 2.0782, 0.6715 0.1394 2.0748, 0.551 0.1106 2.0788, 0.6699 0.1376 2.075, 0.6278 0.0693 2.0832, 0.5611 0.087 2.0815, 0.5623 0.0795 2.0821, 0.625 0.0602 2.0839, 0.5674 0.0494 2.0847, 0.6218 0.0406 2.0848, 0.6326 0.079 2.0821, 0.6496 0.1137 2.0784, 0.556 0.099 2.0801, 0.6549 0.1211 2.0774, 0.658 0.1245 2.0769, 0.5378 0.1286 2.0764, 0.6851 0.1487 2.0733, 0.6896 0.1518 2.0728, 0.5257 0.1386 2.0749, 0.7015 0.1563 2.072, 0.5587 0.0033 2.0867, 0.5569 -0.0016 2.0868, 0.6139 -0.0077 2.0869, 0.6135 -0.02 2.0869, 0.5675 0.046 2.0849, 0.5664 0.0358 2.0854, 0.617 0.0116 2.0861, 0.5648 0.0198 2.0862, 0.5645 0.019 2.0863, 0.72 0.1617 2.0711, 0.7464 0.1647 2.0705, 1.0589 0.1647 2.0705, 0.752 0.1641 2.0706, 0.7744 0.1619 2.071, 0.7752 0.1616 2.0711, 0.7933 0.1555 2.0721, 0.7985 0.1537 2.0725, 0.9713 0.0917 2.081, 0.9858 0.093 2.0809, 0.9911 0.0941 2.0807, 1.0071 0.0974 2.0804, 1.011 0.0992 2.0802, 1.0245 0.1051 2.0795, 1.0294 0.1085 2.0791, 1.0327 0.1116 2.0787, 1.0397 0.1183 2.0778, 1.0398 0.1184 2.0778, 1.0456 0.1281 2.0764, 1.0498 0.135 2.0754, 1.0513 0.14 2.0746, 1.6735 -0.02 2.087, 1.6735 0.1717 2.0692, 1.0954 0.1647 2.0705, 0.5674 -0.2203 2.0676, 0.7223 -0.2244 2.0668, 0.7202 -0.2238 2.0669, 0.7751 -0.2229 2.0671, 0.7464 -0.2267 2.0663, 0.7816 -0.222 2.0673, 0.3028 -0.2203 2.0676, 0.5493 -0.0131 2.0869, 0.5447 -0.02 2.087, 0.6131 -0.0344 2.0869, 0.5426 -0.0233 2.087, 0.6204 -0.1002 2.0835, 0.6219 -0.1137 2.0828, 0.5352 -0.0303 2.0869, 0.5674 -0.1758 2.0753, 0.5179 -0.0469 2.0867, 0.5125 -0.05 2.0865, 0.462 -0.0796 2.0853, 0.4415 -0.0914 2.0846, 0.4211 -0.1032 2.0837, 0.4196 -0.1042 2.0836, 0.3969 -0.1197 2.0822, 0.3876 -0.126 2.0816, 0.3785 -0.1358 2.0805, 0.3697 -0.1452 2.0795, 0.3675 -0.149 2.079, 0.3611 -0.16 2.0776, 0.3606 -0.1621 2.0773, 0.3566 -0.1758 2.0753, 0.6835 -0.2098 2.0696, 0.6746 -0.2049 2.0705, 0.5674 -0.2117 2.0692, 0.7014 -0.2186 2.0679, 0.6974 -0.2174 2.0682, 0.687 -0.2117 2.0692, 0.668 -0.1988 2.0715, 0.656 -0.1876 2.0735, 0.6543 -0.1851 2.0738, 0.6417 -0.1662 2.0767, 0.6393 -0.1626 2.0772, 0.6309 -0.1389 2.0799, 0.8798 -0.0344 2.0869, 1.046 -0.02 2.087, 1.046 0.0516 2.0845, 0.8701 -0.1164 2.0825, 1.046 -0.1163 2.0826, 0.8769 -0.0615 2.0856, 0.8796 -0.0395 2.0868, 0.8513 -0.166 2.0767, 0.8392 -0.1845 2.0739, 1.046 -0.2117 2.0692, 0.8698 -0.1185 2.0823, 0.8571 -0.153 2.0783, 0.8536 -0.1626 2.0772, 0.8382 -0.1861 2.0737, 0.8251 -0.1986 2.0716, 0.8194 -0.204 2.0706, 0.8097 -0.2103 2.0695, 0.8074 -0.2117 2.0692, 1.046 -0.2203 2.0676, 0.8064 -0.2123 2.0691, 0.7939 -0.2172 2.0682, 1.0954 -0.02 2.087, 1.0954 -0.1163 2.0826, 1.6735 -0.2117 2.0692, 1.0954 -0.2117 2.0692, 1.6735 -0.3969 2.0166, 1.0954 -0.2203 2.0676, -0.5556 -0.0385 0.0017, -0.6106 -0.1791 0.0126, -1.2398 -0.2117 0.0182, -0.3494 -0.179 0.0126, -0.3264 -0.1789 0.0126, 0.2169 -0.2117 0.0182, -0.4676 -0.0912 0.0028, -0.4026 -0.0911 0.0028, -0.3875 -0.1351 0.0068, -0.5875 -0.1791 0.0126, -0.5645 -0.1791 0.0126, -0.3725 -0.179 0.0126, -0.5486 -0.1353 0.0068, -0.5327 -0.0912 0.0028, -0.386 -0.0219 0.0004, -0.3868 -0.02 0.0006, -0.3032 -0.02 0.0004, -0.291 -0.0833 0.0023, -0.3415 -0.139 0.0095, -0.2947 -0.0645 0.0017, -0.3026 -0.0248 0.0004, -0.2871 -0.0912 0.0029, -0.2766 -0.1124 0.0045, -0.2762 -0.1129 0.0045, -0.2594 -0.1325 0.0065, -0.2563 -0.1361 0.0069, -0.255 -0.137 0.007, -0.2335 -0.1523 0.0088, -0.2268 -0.157 0.0094, -0.2112 -0.163 0.0103, -0.1942 -0.1696 0.0112, -0.1837 -0.1713 0.0114, -0.1355 -0.1788 0.0125, -0.0927 -0.1788 0.0125, -0.0499 -0.1788 0.0125, 0.1382 -0.0907 0.0028, 0.1382 -0.1443 0.0078, 0.0749 -0.1444 0.0078, 0.1382 -0.037 0.0005, 0.0825 -0.037 0.0005, 0.0115 -0.1444 0.0078, 0.0268 -0.0371 0.0005, 0.0268 -0.02 0.0004, -0.0499 -0.1388 0.0095, 0.0115 -0.1616 0.01, 0.0115 -0.1787 0.0125, 0.096 -0.1787 0.0125, 0.1805 -0.1786 0.0125, 0.1805 -0.1387 0.0094, 0.1804 -0.0216 0.0004, 0.2169 -0.02 0.0004, 0.1804 -0.02 0.0005, 0.1804 -0.0052 0.0016, 0.2169 0.1717 0.0182, 0.1803 0.1354 0.012, 0.0996 0.1354 0.012, 0.019 0.1354 0.012, -0.198 0.1258 0.0106, -0.4457 0.1351 0.012, -0.1819 0.1284 0.011, -0.139 0.1353 0.012, -0.2129 0.1199 0.0098, -0.2305 0.113 0.0089, -0.2366 0.1088 0.0084, -0.2562 0.0951 0.0068, -0.271 0.079 0.0051, -0.2754 0.0742 0.0047, -0.2833 0.0598 0.0035, -0.2895 0.0486 0.0027, -0.3922 -0.0056 0.0016, -0.2912 0.0402 0.0024, -0.3035 -0.0179 0.0004, -1.2398 0.1717 0.0182, -0.0946 0.1353 0.012, -0.0501 0.1353 0.012, -0.4879 0.135 0.012, -1.2398 -0.02 0.0004, -0.4668 0.1351 0.012, -0.5035 0.095 0.009, -0.5484 -0.02 0.0006, -0.5492 -0.0221 0.0004, 0.019 0.1011 0.0075, 0.0785 0.1012 0.0075, 0.0825 -0.0024 0.0005, 0.1381 -0.0024 0.0005, 0.1381 0.0495 0.0027, 0.1381 0.1012 0.0075, -0.05 -0.02 0.0005, -0.05 -0.0054 0.0016, 0.0268 -0.0025 0.0005, -0.05 -0.0217 0.0004, 0.0268 -0.0198 0.0004, 0.6431 0.1357 0.0121, 0.622 0.1357 0.0121, 0.6642 0.1357 0.0121, 1.6735 0.1717 0.0182, 0.6643 -0.005 0.0016, 1.6735 -0.02 0.0004, 0.6643 -0.02 0.0005, 0.4753 -0.02 0.0004, 0.4744 -0.0121 0.0004, 0.622 -0.02 0.0014, 0.622 -0.0041 0.0005, 0.4638 0.0416 0.0022, 0.4652 0.0345 0.002, 0.4742 -0.0103 0.0004, 0.4566 0.0564 0.0033, 0.4488 0.0726 0.0045, 0.4437 0.0785 0.0051, 0.4268 0.0986 0.0072, 0.4264 0.0991 0.0072, 0.4072 0.113 0.0089, 0.4013 0.1172 0.0095, 0.3867 0.1231 0.0103, 0.371 0.1295 0.0112, 0.361 0.1313 0.0114, 0.3159 0.1393 0.0126, 0.2781 0.1368 0.0122, 0.2418 0.1269 0.0108, 0.2418 0.106 0.008, 0.2418 0.085 0.0057, 0.2507 0.0894 0.0061, 0.263 0.0949 0.0067, 0.2693 0.0972 0.007, 0.2773 0.1002 0.0073, 0.2853 0.1012 0.0075, 0.3155 0.1051 0.0079, 0.3562 0.0919 0.0064, 0.3687 0.0878 0.006, 0.3821 0.0804 0.0053, 0.3954 0.073 0.0045, 0.3981 0.0705 0.0043, 0.4076 0.0618 0.0036, 0.408 0.0614 0.0036, 0.4147 0.0512 0.0028, 0.4177 0.0466 0.0025, 0.4212 0.0373 0.002, 0.4254 0.0261 0.0014, 0.4261 0.0217 0.0013, 0.4331 -0.02 0.0005, 0.4339 -0.0248 0.0004, 0.4237 -0.0712 0.0019, 0.4216 -0.0803 0.0021, 0.4152 -0.0946 0.0031, 0.4105 -0.1049 0.0039, 0.4074 -0.1088 0.0042, 0.4014 -0.1166 0.0049, 0.4008 -0.1173 0.0049, 0.3923 -0.1239 0.0056, 0.3878 -0.1274 0.0059, 0.3794 -0.1313 0.0064, 0.3685 -0.1365 0.0069, 0.365 -0.1374 0.007, 0.3227 -0.1481 0.0083, 0.312 -0.1474 0.0082, 0.2973 -0.1461 0.008, 0.2908 -0.1451 0.0079, 0.2809 -0.1435 0.0077, 0.2733 -0.1405 0.0074, 0.503 -0.1442 0.0078, 0.4603 -0.1007 0.0036, 0.5625 -0.1441 0.0078, 0.4642 -0.0913 0.0028, 0.6221 -0.1441 0.0078, 0.4661 -0.0814 0.0025, 0.4761 -0.0274 0.0004, 0.2419 -0.1281 0.006, 0.2419 -0.1453 0.0079, 0.2419 -0.1624 0.0102, 0.2525 -0.1669 0.0108, 0.2532 -0.1672 0.0108, 0.267 -0.1726 0.0116, 0.2671 -0.1726 0.0116, 0.284 -0.178 0.0124, 0.2911 -0.1787 0.0125, 0.3286 -0.1824 0.0131, 0.503 -0.1784 0.0125, 0.3859 -0.1652 0.0106, 0.3954 -0.1624 0.0102, 0.4154 -0.1518 0.0088, 0.4271 -0.1457 0.008, 0.4331 -0.1405 0.0074, 0.442 -0.1327 0.0065, 0.503 -0.1613 0.01, 0.4434 -0.1307 0.0063, 0.4523 -0.1182 0.005, 0.4539 -0.116 0.0048, 0.5837 -0.1784 0.0125, 0.6643 -0.1783 0.0125, 1.6735 -0.2117 0.0182, 0.6643 -0.1384 0.0094, 0.6643 -0.0213 0.0004, 0.2169 -0.5692 1.9307, 1.6735 -0.5692 1.9307, 0.2169 -0.7229 1.8147, 1.6735 -0.7229 1.8147, 0.2169 -0.8526 1.6724, 1.6735 -0.8526 1.6724, 0.2169 -0.9539 1.5087, 1.6735 -0.9539 1.5087, 0.2169 -1.0235 1.3292, 1.6735 -1.0235 1.3292, 0.2169 -1.0589 1.14, 1.6735 -1.0589 1.14, 0.2169 -1.0589 0.9474, 1.6735 -1.0589 0.9474, 0.2169 -1.0235 0.7582, 1.6735 -1.0235 0.7582, 0.2169 -0.9539 0.5787, 1.6735 -0.9539 0.5787, 0.2169 -0.8526 0.415, 1.6735 -0.8526 0.415, 0.2169 -0.7229 0.2727, 1.6735 -0.7229 0.2727, 0.2169 -0.5692 0.1567, 1.6735 -0.5692 0.1567, 0.2169 -0.3969 0.0708, 1.6735 -0.3969 0.0708, -1.2398 -0.5692 1.9307, -1.2398 -0.7229 1.8147, -1.2398 -0.8526 1.6724, -1.2398 -0.9539 1.5087, -1.2398 -1.0235 1.3292, -1.2398 -1.0589 1.14, -1.2398 -1.0589 0.9474, -1.2398 -1.0235 0.7582, -1.2398 -0.9539 0.5787, -1.2398 -0.8526 0.415, -1.2398 -0.7229 0.2727, -1.2398 -0.5692 0.1567, -1.2398 -0.3969 0.0708, 0.2169 0.3569 0.0708, 1.6735 0.3569 0.0708, 0.2169 0.5292 0.1567, 1.6735 0.5292 0.1567, 0.2169 0.6829 0.2727, 1.6735 0.6829 0.2727, 0.2169 0.8126 0.415, 1.6735 0.8126 0.415, 0.2169 0.9139 0.5787, 1.6735 0.9139 0.5787, 0.2169 0.9835 0.7582, 1.6735 0.9835 0.7582, 0.2169 1.0189 0.9474, 1.6735 1.0189 0.9474, 0.2169 1.0189 1.14, 1.6735 1.0189 1.14, 0.2169 0.9835 1.3292, 1.6735 0.9835 1.3292, 0.2169 0.9139 1.5087, 1.6735 0.9139 1.5087, 0.2169 0.8126 1.6724, 1.6735 0.8126 1.6724, 0.2169 0.6829 1.8147, 1.6735 0.6829 1.8147, 0.2169 0.5292 1.9307, 1.6735 0.5292 1.9307, 1.6735 0.3569 2.0166, 0.019 0.1183 0.0096, -1.2398 0.3569 0.0708, -1.2398 0.5292 0.1567, -1.2398 0.6829 0.2727, -1.2398 0.8126 0.415, -1.2398 0.9139 0.5787, -1.2398 0.9835 0.7582, -1.2398 1.0189 0.9474, -1.2398 1.0189 1.14, -1.2398 0.9835 1.3292, -1.2398 0.9139 1.5087, -1.2398 0.8126 1.6724, -1.2398 0.6829 1.8147, -1.2398 0.5292 1.9307, 1.6735 -0.1381 0.8391, 1.6735 -0.0811 0.8155, 1.6735 -0.02 0.8075, 1.6735 0.0411 0.8155, 1.6735 0.2082 0.9826, 1.6735 0.2162 1.0437, 1.6735 0.2082 1.1048, 1.6735 0.1846 1.1618, 1.6735 0.147 0.8767, 1.6735 0.1846 0.9256, 1.6735 0.0981 1.2483, 1.6735 0.0411 1.2719, 1.6735 -0.02 1.2799, 1.6735 -0.0811 1.2719, 1.6735 0.147 1.2107, 1.6735 0.0981 0.8391, 1.6735 -0.2246 0.9256, 1.6735 -0.187 0.8767, 1.6735 -0.2562 1.0437, 1.6735 -0.2482 0.9826, 1.6735 -0.187 1.2107, 1.6735 -0.2246 1.1618, 1.6735 -0.2482 1.1048, 1.6735 -0.1381 1.2483
            ]
        }
        coordIndex [
            0,1,2,-1,3,4,5,-1,6,7,8,-1,9,10,11,-1,11,10,12,-1,11,12,13,-1,8,7,11,-1,11,7,14,-1,11,14,9,-1,13,12,15,-1,15,12,16,-1,15,16,17,-1,4,18,5,-1,5,18,15,-1,5,15,19,-1,19,15,17,-1,6,8,20,-1,20,8,21,-1,20,21,22,-1,23,24,25,-1,26,27,28,-1,27,29,28,-1,28,29,30,-1,28,30,31,-1,31,32,28,-1,28,32,33,-1,28,33,34,-1,35,36,37,-1,38,39,40,-1,41,42,43,-1,39,44,40,-1,40,44,42,-1,40,42,45,-1,45,42,41,-1,38,40,37,-1,37,40,46,-1,37,46,35,-1,34,47,28,-1,28,47,37,-1,28,37,48,-1,48,37,36,-1,22,21,49,-1,49,21,50,-1,49,50,51,-1,51,50,52,-1,51,52,53,-1,53,52,54,-1,53,54,55,-1,55,54,56,-1,55,56,57,-1,57,56,58,-1,57,58,59,-1,58,60,59,-1,59,60,61,-1,59,61,62,-1,62,61,63,-1,62,63,43,-1,43,63,64,-1,43,64,41,-1,65,66,24,-1,24,66,67,-1,24,67,25,-1,68,69,70,-1,70,69,71,-1,70,71,72,-1,72,73,74,-1,74,73,75,-1,74,75,76,-1,77,74,78,-1,78,74,76,-1,78,76,5,-1,5,76,79,-1,5,79,3,-1,77,80,74,-1,74,80,81,-1,74,81,65,-1,65,81,82,-1,65,82,66,-1,25,26,23,-1,23,26,28,-1,23,28,83,-1,83,28,84,-1,83,84,85,-1,86,87,88,-1,88,87,89,-1,90,91,92,-1,92,93,90,-1,90,93,94,-1,90,94,95,-1,95,96,90,-1,90,96,97,-1,90,97,70,-1,70,97,98,-1,70,98,68,-1,99,1,100,-1,100,101,99,-1,99,101,102,-1,99,102,103,-1,103,104,99,-1,99,104,105,-1,99,105,92,-1,92,105,106,-1,92,106,107,-1,107,108,92,-1,92,108,109,-1,92,109,93,-1,86,110,87,-1,87,110,111,-1,87,111,112,-1,112,111,113,-1,113,114,112,-1,112,114,115,-1,112,115,116,-1,116,117,112,-1,112,117,118,-1,112,118,119,-1,119,120,112,-1,112,120,121,-1,112,121,122,-1,123,124,2,-1,1,99,2,-1,2,99,125,-1,2,125,123,-1,126,123,127,-1,127,123,128,-1,126,129,123,-1,123,129,130,-1,123,130,131,-1,131,132,123,-1,123,132,133,-1,123,133,134,-1,134,135,123,-1,123,135,136,-1,123,136,124,-1,137,138,90,-1,90,138,139,-1,90,139,91,-1,91,139,140,-1,91,140,128,-1,128,140,141,-1,128,141,127,-1,142,143,144,-1,144,143,124,-1,142,145,143,-1,143,145,146,-1,143,146,147,-1,147,148,143,-1,143,148,149,-1,143,149,150,-1,150,151,143,-1,143,151,152,-1,143,152,153,-1,153,154,143,-1,143,154,155,-1,143,155,156,-1,156,157,143,-1,143,157,158,-1,143,158,159,-1,160,161,162,-1,159,163,143,-1,143,163,164,-1,143,164,162,-1,162,164,165,-1,162,165,160,-1,161,166,162,-1,162,166,167,-1,162,167,168,-1,168,169,162,-1,162,169,170,-1,162,170,171,-1,171,172,162,-1,162,172,173,-1,162,173,174,-1,174,175,162,-1,162,175,176,-1,162,176,177,-1,177,178,162,-1,162,178,179,-1,162,179,180,-1,180,181,162,-1,162,181,182,-1,162,182,143,-1,183,184,185,-1,185,184,186,-1,186,187,185,-1,185,187,188,-1,185,188,189,-1,189,190,185,-1,185,190,191,-1,185,191,192,-1,192,191,193,-1,192,193,194,-1,124,143,2,-1,2,143,195,-1,2,195,196,-1,196,197,2,-1,2,197,112,-1,2,112,0,-1,0,112,122,-1,197,198,112,-1,112,198,199,-1,112,199,200,-1,200,201,112,-1,112,201,202,-1,112,202,203,-1,203,204,112,-1,112,204,205,-1,112,205,206,-1,206,207,112,-1,112,207,208,-1,112,208,209,-1,210,211,212,-1,209,213,112,-1,112,213,214,-1,112,214,212,-1,212,214,215,-1,212,215,210,-1,211,216,212,-1,212,216,217,-1,212,217,218,-1,219,220,221,-1,221,220,222,-1,221,222,223,-1,224,225,226,-1,224,226,227,-1,227,226,228,-1,227,228,229,-1,224,230,225,-1,225,230,231,-1,225,231,232,-1,232,231,233,-1,232,233,222,-1,222,233,234,-1,222,234,223,-1,219,221,235,-1,235,221,236,-1,235,236,237,-1,218,238,212,-1,212,238,235,-1,212,235,239,-1,239,235,237,-1,240,241,242,-1,242,241,243,-1,228,244,229,-1,229,244,245,-1,229,245,246,-1,246,245,247,-1,246,247,242,-1,242,247,248,-1,242,248,240,-1,212,249,112,-1,112,249,250,-1,112,250,251,-1,251,250,252,-1,251,252,253,-1,253,254,251,-1,251,254,255,-1,251,255,256,-1,183,185,256,-1,256,185,257,-1,256,257,258,-1,258,259,256,-1,256,259,260,-1,256,260,261,-1,261,262,256,-1,256,262,263,-1,256,263,264,-1,264,265,256,-1,256,265,266,-1,256,266,267,-1,267,268,256,-1,256,268,269,-1,256,269,251,-1,270,271,272,-1,273,274,275,-1,276,277,70,-1,276,70,278,-1,137,90,279,-1,279,90,70,-1,279,70,273,-1,273,70,277,-1,273,277,274,-1,241,280,243,-1,243,280,281,-1,243,281,282,-1,282,281,283,-1,282,283,284,-1,284,283,285,-1,285,283,286,-1,285,286,287,-1,287,286,288,-1,287,288,289,-1,289,290,287,-1,287,290,291,-1,287,291,292,-1,292,293,287,-1,287,293,294,-1,287,294,295,-1,295,296,287,-1,287,296,297,-1,287,297,298,-1,298,299,287,-1,287,299,300,-1,287,300,301,-1,302,303,304,-1,275,305,273,-1,273,305,306,-1,273,306,304,-1,304,306,307,-1,304,307,302,-1,303,308,304,-1,304,308,309,-1,304,309,310,-1,310,311,304,-1,304,311,312,-1,304,312,287,-1,287,312,313,-1,287,313,285,-1,314,315,194,-1,194,315,316,-1,194,316,192,-1,317,318,319,-1,319,318,315,-1,319,315,320,-1,320,315,314,-1,321,322,323,-1,317,324,318,-1,318,324,325,-1,318,325,323,-1,323,325,326,-1,323,326,321,-1,322,327,323,-1,323,327,328,-1,323,328,329,-1,329,330,323,-1,323,330,331,-1,323,331,332,-1,332,331,333,-1,332,333,334,-1,272,335,270,-1,270,335,336,-1,270,336,337,-1,337,336,338,-1,337,338,339,-1,339,338,340,-1,339,340,332,-1,341,342,343,-1,344,345,346,-1,347,348,349,-1,342,350,343,-1,343,350,351,-1,343,351,352,-1,352,351,353,-1,352,353,349,-1,349,353,354,-1,349,354,347,-1,355,356,357,-1,358,359,360,-1,360,359,355,-1,360,355,361,-1,361,355,357,-1,358,362,359,-1,359,362,363,-1,359,363,345,-1,345,363,364,-1,345,364,365,-1,365,366,345,-1,345,366,367,-1,345,367,368,-1,368,369,345,-1,345,369,370,-1,345,370,371,-1,371,372,345,-1,345,372,373,-1,345,373,346,-1,346,373,374,-1,346,374,375,-1,376,377,378,-1,376,378,379,-1,379,378,380,-1,380,378,381,-1,380,381,382,-1,383,382,384,-1,384,382,381,-1,384,381,375,-1,381,385,375,-1,375,385,386,-1,375,386,346,-1,346,386,387,-1,346,387,388,-1,389,390,391,-1,390,392,391,-1,391,392,393,-1,391,393,394,-1,393,395,394,-1,394,395,396,-1,394,396,397,-1,398,399,400,-1,400,399,401,-1,398,402,399,-1,399,402,403,-1,399,403,404,-1,404,405,399,-1,399,405,406,-1,399,406,407,-1,407,408,399,-1,399,408,409,-1,399,409,410,-1,410,409,411,-1,410,411,356,-1,356,411,412,-1,356,412,357,-1,401,413,414,-1,414,413,415,-1,416,417,413,-1,401,399,413,-1,413,399,418,-1,413,418,416,-1,416,419,417,-1,417,419,420,-1,417,420,343,-1,343,420,421,-1,343,421,341,-1,422,423,424,-1,425,424,426,-1,426,424,423,-1,426,423,427,-1,428,429,430,-1,384,431,383,-1,383,431,428,-1,383,428,432,-1,432,428,430,-1,433,434,394,-1,435,436,437,-1,437,436,438,-1,437,438,439,-1,433,394,435,-1,440,441,442,-1,442,441,443,-1,444,434,445,-1,445,434,443,-1,445,443,446,-1,446,443,441,-1,444,447,434,-1,434,447,448,-1,434,448,449,-1,449,450,434,-1,434,450,451,-1,434,451,452,-1,452,453,434,-1,434,453,454,-1,434,454,455,-1,455,456,434,-1,434,456,457,-1,434,457,394,-1,394,457,458,-1,394,458,459,-1,459,460,394,-1,394,460,461,-1,394,461,391,-1,391,461,462,-1,391,462,463,-1,463,464,391,-1,391,464,465,-1,391,465,466,-1,466,467,391,-1,391,467,468,-1,391,468,469,-1,469,470,391,-1,391,470,471,-1,391,471,472,-1,472,473,391,-1,391,473,474,-1,391,474,475,-1,475,476,391,-1,391,476,477,-1,391,477,478,-1,478,479,391,-1,391,479,480,-1,391,480,481,-1,481,482,391,-1,391,482,483,-1,391,483,484,-1,484,485,391,-1,391,485,486,-1,391,486,487,-1,487,488,391,-1,391,488,489,-1,391,489,490,-1,490,491,391,-1,391,491,492,-1,391,492,493,-1,493,494,391,-1,391,494,495,-1,391,495,496,-1,496,497,391,-1,391,497,498,-1,391,498,499,-1,500,501,502,-1,502,501,503,-1,502,503,504,-1,504,503,505,-1,504,505,442,-1,442,505,506,-1,442,506,440,-1,499,507,391,-1,391,507,346,-1,391,346,389,-1,389,346,388,-1,507,508,346,-1,346,508,509,-1,346,509,510,-1,510,511,346,-1,346,511,512,-1,346,512,513,-1,513,514,346,-1,346,514,515,-1,346,515,516,-1,517,516,518,-1,518,519,517,-1,517,519,520,-1,517,520,521,-1,521,522,517,-1,517,522,523,-1,517,523,524,-1,523,525,524,-1,524,525,526,-1,524,526,500,-1,500,526,527,-1,500,527,501,-1,516,517,346,-1,346,517,528,-1,346,528,529,-1,530,531,438,-1,438,531,532,-1,438,532,439,-1,334,278,332,-1,332,278,70,-1,332,70,339,-1,339,70,533,-1,339,533,534,-1,534,533,535,-1,534,535,536,-1,536,535,537,-1,536,537,538,-1,538,537,539,-1,538,539,540,-1,540,539,541,-1,540,541,542,-1,542,541,543,-1,542,543,544,-1,544,543,545,-1,544,545,546,-1,546,545,547,-1,546,547,548,-1,548,547,549,-1,548,549,550,-1,550,549,551,-1,550,551,552,-1,552,551,553,-1,552,553,554,-1,554,553,555,-1,554,555,556,-1,556,555,557,-1,556,557,558,-1,558,557,346,-1,558,346,530,-1,530,346,529,-1,530,529,531,-1,72,74,70,-1,70,74,559,-1,70,559,533,-1,533,559,560,-1,533,560,535,-1,535,560,561,-1,535,561,537,-1,537,561,562,-1,537,562,539,-1,539,562,563,-1,539,563,541,-1,541,563,564,-1,541,564,543,-1,543,564,565,-1,543,565,545,-1,545,565,566,-1,545,566,547,-1,547,566,567,-1,547,567,549,-1,549,567,568,-1,549,568,551,-1,551,568,569,-1,551,569,553,-1,553,569,570,-1,553,570,555,-1,555,570,571,-1,555,571,557,-1,557,571,343,-1,557,343,346,-1,346,343,352,-1,346,352,344,-1,435,394,436,-1,436,394,572,-1,436,572,573,-1,573,572,574,-1,573,574,575,-1,575,574,576,-1,575,576,577,-1,577,576,578,-1,577,578,579,-1,579,578,580,-1,579,580,581,-1,581,580,582,-1,581,582,583,-1,583,582,584,-1,583,584,585,-1,585,584,586,-1,585,586,587,-1,587,586,588,-1,587,588,589,-1,589,588,590,-1,589,590,591,-1,591,590,592,-1,591,592,593,-1,593,592,594,-1,593,594,595,-1,595,594,596,-1,595,596,597,-1,597,596,87,-1,597,87,598,-1,598,87,112,-1,598,112,271,-1,271,112,251,-1,271,251,272,-1,424,430,422,-1,422,430,429,-1,422,429,599,-1,599,429,415,-1,599,415,397,-1,397,415,413,-1,397,413,394,-1,394,413,600,-1,394,600,572,-1,572,600,601,-1,572,601,574,-1,574,601,602,-1,574,602,576,-1,576,602,603,-1,576,603,578,-1,578,603,604,-1,578,604,580,-1,580,604,605,-1,580,605,582,-1,582,605,606,-1,582,606,584,-1,584,606,607,-1,584,607,586,-1,586,607,608,-1,586,608,588,-1,588,608,609,-1,588,609,590,-1,590,609,610,-1,590,610,592,-1,592,610,611,-1,592,611,594,-1,594,611,612,-1,594,612,596,-1,596,612,83,-1,596,83,87,-1,87,83,85,-1,87,85,89,-1,613,558,614,-1,614,558,530,-1,614,530,615,-1,615,530,438,-1,615,438,616,-1,617,585,618,-1,618,585,587,-1,618,587,619,-1,619,587,589,-1,619,589,620,-1,621,579,622,-1,622,579,581,-1,622,581,617,-1,617,581,583,-1,617,583,585,-1,623,598,624,-1,624,598,271,-1,624,271,625,-1,625,271,270,-1,625,270,626,-1,589,591,620,-1,620,591,593,-1,620,593,627,-1,627,593,595,-1,627,595,623,-1,623,595,597,-1,623,597,598,-1,438,436,616,-1,616,436,573,-1,616,573,628,-1,628,573,575,-1,628,575,621,-1,621,575,577,-1,621,577,579,-1,629,552,630,-1,630,552,554,-1,630,554,613,-1,613,554,556,-1,613,556,558,-1,631,546,632,-1,632,546,548,-1,632,548,629,-1,629,548,550,-1,629,550,552,-1,633,538,634,-1,634,538,540,-1,634,540,635,-1,635,540,542,-1,635,542,631,-1,631,542,544,-1,631,544,546,-1,270,337,626,-1,626,337,339,-1,626,339,636,-1,636,339,534,-1,636,534,633,-1,633,534,536,-1,633,536,538,-1,
        ]
    }
}
Shape{
    appearance Appearance {
        material  Material {
            diffuseColor 0.7019607843137254 0.7019607843137254 0.7019607843137254
            specularColor 0.050980392156862744 0.050980392156862744 0.050980392156862744
            ambientIntensity 1.0
            transparency 0.0
            shininess 0.5
        }
    }
    geometry IndexedFaceSet {
        ccw TRUE
        solid FALSE
        coord DEF co Coordinate {
            point [
                -1.6335 -0.02 2.0874, -1.2398 0.1718 2.0696, -1.6335 0.1718 2.0696, -1.2398 0.357 2.0169, -1.6335 0.357 2.0169, -1.2398 0.5294 1.9311, -1.6335 0.5294 1.9311, -1.2398 0.6831 1.815, -1.6335 0.6831 1.815, -1.2398 0.8129 1.6727, -1.6335 0.8129 1.6727, -1.2398 0.9143 1.5089, -1.6335 0.9143 1.5089, -1.2398 0.9839 1.3293, -1.6335 0.9839 1.3293, -1.2398 1.0192 1.14, -1.6335 1.0192 1.14, -1.2398 1.0192 0.9474, -1.6335 1.0192 0.9474, -1.2398 0.9839 0.7581, -1.6335 0.9839 0.7581, -1.2398 0.9143 0.5785, -1.6335 0.9143 0.5785, -1.2398 0.8129 0.4147, -1.6335 0.8129 0.4147, -1.2398 0.6831 0.2724, -1.6335 0.6831 0.2724, -1.2398 0.5294 0.1563, -1.6335 0.5294 0.1563, -1.2398 0.357 0.0705, -1.6335 0.357 0.0705, -1.2398 0.1718 0.0178, -1.6335 0.1718 0.0178, -1.2398 -0.02 -0.0, -1.6335 -0.02 -0.0, -1.2398 -0.2118 0.0178, -1.6335 -0.2118 0.0178, -1.2398 -0.397 0.0705, -1.6335 -0.397 0.0705, -1.2398 -0.5694 0.1563, -1.6335 -0.5694 0.1563, -1.2398 -0.7231 0.2724, -1.6335 -0.7231 0.2724, -1.2398 -0.8529 0.4147, -1.6335 -0.8529 0.4147, -1.2398 -0.9543 0.5785, -1.6335 -0.9543 0.5785, -1.2398 -1.0239 0.7581, -1.6335 -1.0239 0.7581, -1.2398 -1.0592 0.9474, -1.6335 -1.0592 0.9474, -1.2398 -1.0592 1.14, -1.6335 -1.0592 1.14, -1.2398 -1.0239 1.3293, -1.6335 -1.0239 1.3293, -1.2398 -0.9543 1.5089, -1.6335 -0.9543 1.5089, -1.2398 -0.8529 1.6727, -1.6335 -0.8529 1.6727, -1.2398 -0.7231 1.815, -1.6335 -0.7231 1.815, -1.2398 -0.5694 1.9311, -1.6335 -0.5694 1.9311, -1.2398 -0.397 2.0169, -1.6335 -0.397 2.0169, -1.2398 -0.2118 2.0696, -1.6335 -0.2118 2.0696, -1.2398 -0.02 2.0874, -1.2398 0.9139 1.5087, -1.2398 0.8126 1.6724, -1.2398 0.6829 1.8147, -1.2398 0.5292 1.9307, -1.2398 0.3569 2.0166, -1.2398 0.1717 2.0692, -1.2398 -0.02 2.087, -1.2398 -0.2117 2.0692, -1.2398 -0.3969 2.0166, -1.2398 -0.5692 1.9307, -1.2398 -0.7229 1.8147, -1.2398 -0.8526 1.6724, -1.2398 -0.9539 1.5087, -1.2398 -1.0235 1.3292, -1.2398 -1.0589 1.14, -1.2398 -1.0589 0.9474, -1.2398 -1.0235 0.7582, -1.2398 -0.9539 0.5787, -1.2398 -0.8526 0.415, -1.2398 -0.7229 0.2727, -1.2398 -0.5692 0.1567, -1.2398 -0.3969 0.0708, -1.2398 -0.2117 0.0182, -1.2398 -0.02 0.0004, -1.2398 0.1717 0.0182, -1.2398 0.3569 0.0708, -1.2398 0.5292 0.1567, -1.2398 0.6829 0.2727, -1.2398 0.8126 0.415, -1.2398 0.9139 0.5787, -1.2398 0.9835 0.7582, -1.2398 1.0189 0.9474, -1.2398 1.0189 1.14, -1.2398 0.9835 1.3292
            ]
        }
        coordIndex [
            0,1,2,-1,2,1,3,-1,2,3,4,-1,4,3,5,-1,4,5,6,-1,6,5,7,-1,6,7,8,-1,8,7,9,-1,8,9,10,-1,10,9,11,-1,10,11,12,-1,12,11,13,-1,12,13,14,-1,14,13,15,-1,14,15,16,-1,16,15,17,-1,16,17,18,-1,18,17,19,-1,18,19,20,-1,20,19,21,-1,20,21,22,-1,22,21,23,-1,22,23,24,-1,24,23,25,-1,24,25,26,-1,26,25,27,-1,26,27,28,-1,28,27,29,-1,28,29,30,-1,30,29,31,-1,30,31,32,-1,32,31,33,-1,32,33,34,-1,34,33,35,-1,34,35,36,-1,36,35,37,-1,36,37,38,-1,38,37,39,-1,38,39,40,-1,40,39,41,-1,40,41,42,-1,42,41,43,-1,42,43,44,-1,44,43,45,-1,44,45,46,-1,46,45,47,-1,46,47,48,-1,48,47,49,-1,48,49,50,-1,50,49,51,-1,50,51,52,-1,52,51,53,-1,52,53,54,-1,54,53,55,-1,54,55,56,-1,56,55,57,-1,56,57,58,-1,58,57,59,-1,58,59,60,-1,60,59,61,-1,60,61,62,-1,62,61,63,-1,62,63,64,-1,64,63,65,-1,64,65,66,-1,66,65,67,-1,66,67,0,-1,0,67,1,-1,68,11,69,-1,69,11,9,-1,69,9,70,-1,70,9,7,-1,70,7,71,-1,71,7,5,-1,71,5,72,-1,72,5,3,-1,72,3,73,-1,73,3,1,-1,73,1,74,-1,74,1,67,-1,74,67,75,-1,75,67,65,-1,75,65,76,-1,76,65,63,-1,76,63,77,-1,77,63,61,-1,77,61,78,-1,78,61,59,-1,78,59,79,-1,79,59,57,-1,79,57,80,-1,80,57,55,-1,80,55,81,-1,81,55,53,-1,81,53,82,-1,82,53,51,-1,82,51,83,-1,83,51,49,-1,83,49,84,-1,84,49,47,-1,84,47,85,-1,85,47,45,-1,85,45,86,-1,86,45,43,-1,86,43,87,-1,87,43,41,-1,87,41,88,-1,88,41,39,-1,88,39,89,-1,89,39,37,-1,89,37,90,-1,90,37,35,-1,90,35,91,-1,91,35,33,-1,91,33,92,-1,92,33,31,-1,92,31,93,-1,93,31,29,-1,93,29,94,-1,94,29,27,-1,94,27,95,-1,95,27,25,-1,95,25,96,-1,96,25,23,-1,96,23,97,-1,97,23,21,-1,97,21,98,-1,98,21,19,-1,98,19,99,-1,99,19,17,-1,99,17,100,-1,100,17,15,-1,100,15,101,-1,101,15,13,-1,101,13,68,-1,68,13,11,-1,
        ]
    }
}
Shape{
    appearance Appearance {
        material  Material {
            diffuseColor 0.2235294117647059 0.2235294117647059 0.2235294117647059
            specularColor 0.11372549019607843 0.11372549019607843 0.11372549019607843
            ambientIntensity 0.2235
            transparency 0.0
            shininess 0.5
        }
    }
    geometry IndexedFaceSet {
        ccw TRUE
        solid FALSE
        coord DEF co Coordinate {
            point [
                -1.6335 0.0981 0.8391, -1.6335 0.357 0.0705, -1.6335 0.0411 0.8155, -1.6335 0.1718 0.0178, -1.6335 -0.02 0.8075, -1.6335 -0.02 -0.0, -1.6335 -0.0811 0.8155, -1.6335 -0.1381 1.2483, -1.6335 -0.397 2.0169, -1.6335 -0.0811 1.2719, -1.6335 -0.2118 2.0696, -1.6335 -0.02 1.2799, -1.6335 -0.02 2.0874, -1.6335 0.0411 1.2719, -1.6335 -0.2246 1.1618, -1.6335 -0.8529 1.6727, -1.6335 -0.187 1.2107, -1.6335 -0.7231 1.815, -1.6335 -0.5694 1.9311, -1.6335 -0.2118 0.0178, -1.6335 -0.397 0.0705, -1.6335 -0.1381 0.8391, -1.6335 -0.5694 0.1563, -1.6335 -0.187 0.8767, -1.6335 0.1846 0.9256, -1.6335 0.8129 0.4147, -1.6335 0.147 0.8767, -1.6335 0.6831 0.2724, -1.6335 0.5294 0.1563, -1.6335 0.147 1.2107, -1.6335 0.8129 1.6727, -1.6335 0.1846 1.1618, -1.6335 0.9143 1.5089, -1.6335 0.2082 1.1048, -1.6335 -0.7231 0.2724, -1.6335 -0.8529 0.4147, -1.6335 -0.2246 0.9256, -1.6335 -0.9543 0.5785, -1.6335 -0.2482 0.9826, -1.6335 0.9839 1.3293, -1.6335 1.0192 1.14, -1.6335 0.2162 1.0437, -1.6335 1.0192 0.9474, -1.6335 0.2082 0.9826, -1.6335 0.9839 0.7581, -1.6335 0.9143 0.5785, -1.6335 -1.0239 0.7581, -1.6335 -1.0592 0.9474, -1.6335 -0.2562 1.0437, -1.6335 -1.0592 1.14, -1.6335 -0.2482 1.1048, -1.6335 -1.0239 1.3293, -1.6335 -0.9543 1.5089, -1.6335 0.1718 2.0696, -1.6335 0.357 2.0169, -1.6335 0.0981 1.2483, -1.6335 0.5294 1.9311, -1.6335 0.6831 1.815
            ]
        }
        coordIndex [
            0,1,2,-1,2,1,3,-1,2,3,4,-1,4,3,5,-1,4,5,6,-1,7,8,9,-1,9,8,10,-1,9,10,11,-1,11,10,12,-1,11,12,13,-1,14,15,16,-1,16,15,17,-1,16,17,7,-1,7,17,18,-1,7,18,8,-1,5,19,6,-1,6,19,20,-1,6,20,21,-1,21,20,22,-1,21,22,23,-1,24,25,26,-1,26,25,27,-1,26,27,0,-1,0,27,28,-1,0,28,1,-1,29,30,31,-1,31,30,32,-1,31,32,33,-1,22,34,23,-1,23,34,35,-1,23,35,36,-1,36,35,37,-1,36,37,38,-1,32,39,33,-1,33,39,40,-1,33,40,41,-1,41,40,42,-1,41,42,43,-1,43,42,44,-1,43,44,24,-1,24,44,45,-1,24,45,25,-1,37,46,38,-1,38,46,47,-1,38,47,48,-1,48,47,49,-1,48,49,50,-1,50,49,51,-1,50,51,14,-1,14,51,52,-1,14,52,15,-1,12,53,13,-1,13,53,54,-1,13,54,55,-1,55,54,56,-1,55,56,29,-1,29,56,57,-1,29,57,30,-1,
        ]
    }
}
Shape{
    appearance Appearance {
        material  Material {
            diffuseColor 0.6470588235294118 0.6470588235294118 0.6470588235294118
            specularColor 0.3215686274509804 0.3215686274509804 0.3215686274509804
            ambientIntensity 0.6471
            transparency 0.0
            shininess 0.5
        }
    }
    geometry IndexedFaceSet {
        ccw TRUE
        solid FALSE
        coord DEF co Coordinate {
            point [
                -0.5923 -0.2075 2.066, -0.5922 -0.2083 2.0699, -0.5804 -0.2035 2.0668, -0.5804 -0.2042 2.0706, -0.5717 -0.1978 2.0677, -0.5717 -0.1985 2.0716, -0.5552 -0.1872 2.0695, -0.5552 -0.1878 2.0734, -0.5533 -0.1851 2.0699, -0.5533 -0.1857 2.0737, -0.5369 -0.1681 2.0725, -0.537 -0.1685 2.0764, -0.535 -0.1661 2.0727, -0.5336 -0.1649 2.0769, -0.5241 -0.1498 2.0749, -0.5241 -0.1503 2.0788, -0.6574 -0.2196 2.0637, -0.6574 -0.2203 2.0676, -0.6181 -0.2156 2.0645, -0.6181 -0.216 2.0684, -0.6151 -0.2153 2.0646, -0.6126 -0.2154 2.0685, -0.602 -0.2117 2.0692, -0.4897 -0.02 2.087, -0.4896 -0.0194 2.087, -0.4896 -0.0194 2.0831, -0.4901 -0.0344 2.0869, -0.4915 -0.0552 2.0864, -0.4939 -0.0716 2.0818, -0.4953 -0.0721 2.0854, -0.494 -0.0722 2.0818, -0.4974 -0.0817 2.0848, -0.4966 -0.0817 2.0811, -0.5033 -0.1083 2.0833, -0.5006 -0.0965 2.0801, -0.5047 -0.1118 2.079, -0.508 -0.1178 2.0823, -0.5076 -0.1176 2.0784, -0.5192 0.0973 2.0803, -0.5284 0.1115 2.0787, -0.5284 0.111 2.0748, -0.5192 0.0979 2.0764, -0.5188 0.0971 2.0764, -0.512 0.0861 2.0816, -0.5053 0.0699 2.0791, -0.5062 0.07 2.0829, -0.5032 0.0657 2.0795, -0.4983 0.0471 2.0807, -0.496 0.0417 2.0852, -0.4951 0.0337 2.0854, -0.4933 0.028 2.082, -0.4947 0.0335 2.0816, -0.6476 0.1708 2.0694, -0.6553 0.171 2.0694, -0.6553 0.1703 2.0655, -0.6371 0.1695 2.0696, -0.6371 0.1686 2.0658, -0.6182 0.1673 2.0701, -0.6182 0.1668 2.0661, -0.6171 0.1667 2.0662, -0.5501 0.1332 2.0717, -0.5501 0.1338 2.0755, -0.5565 0.1397 2.0707, -0.5559 0.1398 2.0747, -0.5708 0.1482 2.0693, -0.5709 0.1488 2.0732, -0.5842 0.1562 2.068, -0.585 0.1573 2.0718, -0.5924 0.1588 2.0676, -0.5923 0.1596 2.0714, -0.6148 0.1669 2.0701, -0.8166 0.171 2.0694, -0.8166 0.1703 2.0655, -0.8166 -0.2117 2.0692, -0.8166 -0.2203 2.0676, -0.8166 -0.2196 2.0637, -0.8166 -0.1163 2.0826, -0.8166 -0.0966 2.0802, -0.8166 -0.02 2.087, -0.8166 0.109 2.075, -0.8166 0.0759 2.0826, -0.8166 0.0471 2.0809, -0.8166 -0.0247 2.0831, -0.7629 0.128 2.0725, -0.7629 0.0471 2.0809, -0.6639 0.128 2.0725, -0.6353 0.1239 2.0731, -0.6291 0.123 2.0732, -0.6158 0.1178 2.0739, -0.6049 0.1135 2.0745, -0.5995 0.1099 2.0749, -0.5875 0.1017 2.0759, -0.5859 0.0999 2.0761, -0.5739 0.0866 2.0776, -0.5713 0.0838 2.0779, -0.5636 0.0693 2.0791, -0.5489 -0.0724 2.0817, -0.5434 -0.0236 2.0831, -0.5466 0.0102 2.0824, -0.5479 0.025 2.0821, -0.5534 0.044 2.081, -0.5542 0.0471 2.0808, -0.557 0.0569 2.0802, -0.5938 -0.1534 2.0745, -0.5903 -0.1501 2.0749, -0.5777 -0.138 2.0763, -0.5771 -0.1374 2.0764, -0.5675 -0.122 2.078, -0.561 -0.1115 2.079, -0.5573 -0.1002 2.0798, -0.5561 -0.0965 2.0801, -0.5493 -0.0756 2.0816, -0.6056 -0.1602 2.0736, -0.6147 -0.1654 2.0729, -0.6218 -0.1676 2.0725, -0.6381 -0.1725 2.0718, -0.6401 -0.1728 2.0718, -0.6596 -0.1752 2.0714, -0.7629 -0.1752 2.0714, -0.7629 -0.0966 2.0802, -0.6596 -0.1758 2.0753, -0.6469 -0.1745 2.0755, -0.6402 -0.1728 2.0757, -0.6218 -0.1682 2.0764, -0.6181 -0.1673 2.0766, -0.6056 -0.1607 2.0775, -0.5968 -0.1561 2.0781, -0.5904 -0.1504 2.0788, -0.5796 -0.1409 2.08, -0.5779 -0.1384 2.0802, -0.5672 -0.1225 2.0819, -0.5633 -0.1167 2.0825, -0.5573 -0.1005 2.0838, -0.551 -0.0831 2.0851, -0.5496 -0.0725 2.0854, -0.5434 -0.0237 2.087, -0.5451 0.0047 2.0867, -0.5463 0.0103 2.0865, -0.5532 0.0444 2.0849, -0.5543 0.0498 2.0847, -0.5637 0.0696 2.083, -0.5685 0.08 2.0822, -0.6639 0.1286 2.0764, -0.6354 0.1243 2.077, -0.6277 0.1232 2.0771, -0.6158 0.1184 2.0778, -0.6042 0.1137 2.0784, -0.5995 0.1103 2.0788, -0.5857 0.1005 2.08, -0.5856 0.1005 2.08, -0.574 0.0869 2.0815, -0.5698 0.0821 2.082, -0.7629 0.1286 2.0764, -0.7629 -0.1758 2.0753, -0.7629 -0.0237 2.087
            ]
        }
        coordIndex [
            0,1,2,-1,2,1,3,-1,2,3,4,-1,4,3,5,-1,4,5,6,-1,6,5,7,-1,6,7,8,-1,8,7,9,-1,8,9,10,-1,10,9,11,-1,10,11,12,-1,12,11,13,-1,12,13,14,-1,14,13,15,-1,16,17,18,-1,18,17,19,-1,18,19,20,-1,20,19,21,-1,20,21,0,-1,0,21,22,-1,0,22,1,-1,23,24,25,-1,23,25,26,-1,26,25,27,-1,27,25,28,-1,27,28,29,-1,29,28,30,-1,29,30,31,-1,31,30,32,-1,31,32,33,-1,32,34,33,-1,33,34,35,-1,33,35,36,-1,36,35,37,-1,36,37,15,-1,15,37,14,-1,38,39,40,-1,40,41,38,-1,38,41,42,-1,38,42,43,-1,43,42,44,-1,43,44,45,-1,44,46,45,-1,45,46,47,-1,45,47,48,-1,48,47,49,-1,25,24,50,-1,50,24,49,-1,50,49,51,-1,51,49,47,-1,52,53,54,-1,52,54,55,-1,55,54,56,-1,55,56,57,-1,57,56,58,-1,57,58,59,-1,40,39,60,-1,60,39,61,-1,60,61,62,-1,62,61,63,-1,62,63,64,-1,64,63,65,-1,64,65,66,-1,66,65,67,-1,66,67,68,-1,68,67,69,-1,68,69,59,-1,59,69,70,-1,59,70,57,-1,71,72,53,-1,53,72,54,-1,73,74,75,-1,73,75,76,-1,76,75,77,-1,76,77,78,-1,72,71,79,-1,79,71,80,-1,79,80,81,-1,81,80,78,-1,81,78,82,-1,82,78,77,-1,74,17,75,-1,75,17,16,-1,83,72,79,-1,83,79,84,-1,72,83,54,-1,54,83,85,-1,54,85,56,-1,56,85,86,-1,56,86,58,-1,58,86,87,-1,58,87,59,-1,59,87,68,-1,68,87,88,-1,68,88,66,-1,66,88,89,-1,66,89,64,-1,64,89,90,-1,64,90,62,-1,62,90,91,-1,62,91,60,-1,91,92,60,-1,60,92,93,-1,60,93,40,-1,40,93,94,-1,40,94,41,-1,41,94,95,-1,96,28,97,-1,97,28,25,-1,97,25,98,-1,98,25,50,-1,98,50,99,-1,99,50,51,-1,99,51,100,-1,100,51,47,-1,100,47,101,-1,101,47,46,-1,101,46,102,-1,102,46,44,-1,102,44,95,-1,95,44,42,-1,95,42,41,-1,103,4,6,-1,103,6,104,-1,104,6,8,-1,104,8,105,-1,105,8,10,-1,105,10,106,-1,106,10,12,-1,106,12,107,-1,107,12,14,-1,107,14,108,-1,108,14,37,-1,108,37,109,-1,109,37,35,-1,109,35,110,-1,110,35,34,-1,110,34,111,-1,111,34,32,-1,111,32,96,-1,96,32,30,-1,96,30,28,-1,4,103,2,-1,2,103,112,-1,2,112,0,-1,0,112,113,-1,0,113,20,-1,20,113,114,-1,20,114,18,-1,114,115,18,-1,18,115,116,-1,18,116,16,-1,16,116,117,-1,16,117,75,-1,75,117,118,-1,75,118,77,-1,77,118,119,-1,77,119,82,-1,82,119,84,-1,82,84,81,-1,81,84,79,-1,120,117,121,-1,121,117,116,-1,121,116,122,-1,122,116,115,-1,122,115,123,-1,123,115,114,-1,123,114,124,-1,124,114,113,-1,124,113,125,-1,125,113,112,-1,125,112,126,-1,126,112,103,-1,126,103,127,-1,127,103,104,-1,127,104,128,-1,128,104,105,-1,128,105,129,-1,129,105,106,-1,129,106,130,-1,130,106,107,-1,130,107,131,-1,131,107,108,-1,131,108,132,-1,108,109,132,-1,132,109,110,-1,132,110,133,-1,133,110,111,-1,133,111,134,-1,134,111,96,-1,134,96,135,-1,135,96,97,-1,135,97,136,-1,136,97,98,-1,136,98,137,-1,137,98,99,-1,137,99,138,-1,138,99,100,-1,138,100,139,-1,100,101,139,-1,139,101,102,-1,139,102,140,-1,140,102,95,-1,140,95,141,-1,141,95,94,-1,85,142,86,-1,86,142,143,-1,86,143,87,-1,87,143,144,-1,87,144,88,-1,88,144,145,-1,88,145,89,-1,89,145,146,-1,89,146,90,-1,90,146,147,-1,90,147,91,-1,91,147,148,-1,91,148,92,-1,92,148,149,-1,92,149,93,-1,93,149,150,-1,93,150,94,-1,94,150,151,-1,94,151,141,-1,83,152,85,-1,85,152,142,-1,118,153,119,-1,119,153,154,-1,119,154,84,-1,84,154,152,-1,84,152,83,-1,120,153,117,-1,117,153,118,-1,
        ]
    }
}
Shape{
    appearance Appearance {
        material  Material {
            diffuseColor 0.2235294117647059 0.2235294117647059 0.2235294117647059
            specularColor 0.11372549019607843 0.11372549019607843 0.11372549019607843
            ambientIntensity 0.2235
            transparency 0.0
            shininess 0.5
        }
    }
    geometry IndexedFaceSet {
        ccw TRUE
        solid FALSE
        coord DEF co Coordinate {
            point [
                -0.5463 0.0103 2.0865, -0.7629 -0.0237 2.087, -0.5451 0.0047 2.0867, -0.5434 -0.0237 2.087, -0.5532 0.0444 2.0849, -0.5543 0.0498 2.0847, -0.5637 0.0696 2.083, -0.5685 0.08 2.0822, -0.5698 0.0821 2.082, -0.574 0.0869 2.0815, -0.5856 0.1005 2.08, -0.5857 0.1005 2.08, -0.5995 0.1103 2.0788, -0.6042 0.1137 2.0784, -0.6158 0.1184 2.0778, -0.6277 0.1232 2.0771, -0.6354 0.1243 2.077, -0.6639 0.1286 2.0764, -0.7629 0.1286 2.0764, -0.7629 -0.1758 2.0753, -0.6596 -0.1758 2.0753, -0.6469 -0.1745 2.0755, -0.6402 -0.1728 2.0757, -0.6218 -0.1682 2.0764, -0.6181 -0.1673 2.0766, -0.6056 -0.1607 2.0775, -0.5968 -0.1561 2.0781, -0.5904 -0.1504 2.0788, -0.5796 -0.1409 2.08, -0.5779 -0.1384 2.0802, -0.5672 -0.1225 2.0819, -0.5633 -0.1167 2.0825, -0.5573 -0.1005 2.0838, -0.551 -0.0831 2.0851, -0.5496 -0.0725 2.0854
            ]
        }
        coordIndex [
            0,1,2,-1,2,1,3,-1,0,4,1,-1,1,4,5,-1,1,5,6,-1,6,7,1,-1,1,7,8,-1,1,8,9,-1,9,10,1,-1,1,10,11,-1,1,11,12,-1,12,13,1,-1,1,13,14,-1,1,14,15,-1,15,16,1,-1,1,16,17,-1,1,17,18,-1,1,19,20,-1,20,21,1,-1,1,21,22,-1,1,22,23,-1,23,24,1,-1,1,24,25,-1,1,25,26,-1,26,27,1,-1,1,27,28,-1,1,28,29,-1,29,30,1,-1,1,30,31,-1,1,31,32,-1,32,33,1,-1,1,33,34,-1,1,34,3,-1,
        ]
    }
}
Shape{
    appearance Appearance {
        material  Material {
            diffuseColor 0.6470588235294118 0.6470588235294118 0.6470588235294118
            specularColor 0.3215686274509804 0.3215686274509804 0.3215686274509804
            ambientIntensity 0.6471
            transparency 0.0
            shininess 0.5
        }
    }
    geometry IndexedFaceSet {
        ccw TRUE
        solid FALSE
        coord DEF co Coordinate {
            point [
                -0.2236 0.1792 2.0678, -0.2468 0.1816 2.0673, -0.2468 0.1808 2.0635, -0.2235 0.179 2.0638, -0.2071 0.1778 2.0641, -0.1951 0.1762 2.0684, -0.1885 0.1729 2.065, -0.1706 0.1683 2.0659, -0.1793 0.1717 2.0692, -0.1884 0.1743 2.0688, -0.1069 0.1259 2.0728, -0.1069 0.1265 2.0767, -0.1321 0.1469 2.0695, -0.1322 0.1474 2.0734, -0.1384 0.1522 2.0687, -0.1401 0.1539 2.0724, -0.1595 0.1627 2.0669, -0.1595 0.1632 2.0708, -0.174 0.1702 2.0695, -0.3739 0.1408 2.0745, -0.3759 0.1392 2.0748, -0.3759 0.1386 2.0709, -0.3592 0.1504 2.073, -0.3599 0.1507 2.069, -0.3599 0.1507 2.069, -0.3417 0.1617 2.0711, -0.331 0.1655 2.0664, -0.3308 0.1656 2.0703, -0.3283 0.1669 2.0661, -0.3139 0.1717 2.0692, -0.297 0.1756 2.0645, -0.2918 0.177 2.0642, -0.2971 0.1759 2.0684, -0.3046 0.1751 2.0686, -0.4404 -0.0258 2.087, -0.4404 -0.0258 2.0831, -0.4399 -0.02 2.0869, -0.4394 -0.0153 2.0829, -0.4395 -0.0153 2.0868, -0.4369 0.015 2.0864, -0.4356 0.0228 2.0822, -0.4319 0.0338 2.0853, -0.4326 0.0338 2.0815, -0.4273 0.0533 2.0803, -0.4224 0.0691 2.0832, -0.4246 0.0632 2.0797, -0.4206 0.0727 2.0828, -0.4201 0.0721 2.0788, -0.4089 0.0966 2.0805, -0.4051 0.1024 2.0758, -0.4012 0.1065 2.0791, -0.4018 0.1065 2.0753, -0.4025 -0.1558 2.0781, -0.3952 -0.1673 2.0766, -0.3952 -0.1668 2.0727, -0.4027 -0.1555 2.0742, -0.4039 -0.1536 2.0744, -0.4097 -0.1444 2.0796, -0.4209 -0.1197 2.0782, -0.4198 -0.1197 2.0819, -0.4235 -0.1147 2.0787, -0.4281 -0.0984 2.0799, -0.431 -0.0921 2.0845, -0.434 -0.0779 2.0814, -0.433 -0.078 2.085, -0.4332 -0.0767 2.0851, -0.4352 -0.0738 2.0817, -0.4344 -0.0767 2.0815, -0.3346 -0.2102 2.0655, -0.3289 -0.2132 2.069, -0.3166 -0.2156 2.0645, -0.3166 -0.2161 2.0684, -0.2986 -0.2211 2.0634, -0.2849 -0.2238 2.0669, -0.2849 -0.2226 2.0631, -0.282 -0.2245 2.0668, -0.2592 -0.2255 2.0625, -0.2468 -0.2267 2.0663, -0.2468 -0.2259 2.0625, -0.3715 -0.1882 2.0693, -0.3713 -0.1887 2.0732, -0.367 -0.1923 2.0687, -0.3656 -0.1939 2.0724, -0.3449 -0.2045 2.0665, -0.3448 -0.2048 2.0705, -0.3317 -0.2117 2.0692, -0.1953 -0.2206 2.0675, -0.188 -0.2198 2.0677, -0.1882 -0.2183 2.064, -0.1048 -0.1716 2.0759, -0.1048 -0.171 2.072, -0.1177 -0.184 2.074, -0.1309 -0.193 2.0685, -0.131 -0.1933 2.0725, -0.1346 -0.1961 2.068, -0.1451 -0.2032 2.0708, -0.1558 -0.207 2.0661, -0.1559 -0.2074 2.07, -0.167 -0.2117 2.0692, -0.1875 -0.2197 2.0677, -0.1652 -0.2118 2.0652, -0.2017 -0.2221 2.0632, -0.1953 -0.2203 2.0636, -0.0553 -0.0258 2.087, -0.0553 -0.0258 2.0831, -0.0554 -0.0273 2.087, -0.0561 -0.038 2.0828, -0.0564 -0.038 2.0867, -0.0571 -0.052 2.0826, -0.0595 -0.0682 2.0858, -0.0601 -0.0679 2.0818, -0.0598 -0.0714 2.0857, -0.0647 -0.0926 2.0805, -0.0691 -0.1021 2.0834, -0.0669 -0.0984 2.08, -0.0682 -0.102 2.0797, -0.0758 -0.1245 2.0818, -0.0802 -0.1335 2.0769, -0.0831 -0.1379 2.0763, -0.0837 -0.1379 2.0802, -0.0772 -0.1276 2.0814, -0.1031 0.1208 2.0774, -0.103 0.1203 2.0735, -0.0893 0.1002 2.0801, -0.0943 0.1079 2.0752, -0.0815 0.0823 2.0817, -0.0809 0.0821 2.0779, -0.0738 0.0684 2.0793, -0.0668 0.0489 2.0847, -0.0692 0.0533 2.0803, -0.0661 0.0443 2.0849, -0.0664 0.0439 2.0809, -0.0615 0.0277 2.082, -0.0631 0.0245 2.0855, -0.0611 0.0247 2.082, -0.0562 -0.02 2.0868, -0.2072 -0.1763 2.0712, -0.1898 -0.1708 2.0721, -0.1864 -0.1688 2.0723, -0.1673 -0.1575 2.0739, -0.1646 -0.1559 2.0741, -0.1521 -0.1435 2.0757, -0.1439 -0.1355 2.0766, -0.2178 -0.1797 2.0707, -0.2387 -0.1826 2.0703, -0.2468 -0.1837 2.0701, -0.2813 -0.1787 2.0709, -0.2852 -0.1781 2.071, -0.3036 -0.1711 2.072, -0.3137 -0.1672 2.0726, -0.3223 -0.1613 2.0734, -0.3372 -0.151 2.0748, -0.3397 -0.148 2.0751, -0.3537 -0.1321 2.077, -0.3555 -0.1299 2.0772, -0.364 -0.1134 2.0788, -0.3709 -0.1 2.08, -0.3713 -0.0984 2.0801, -0.3737 -0.0891 2.0806, -0.3807 -0.062 2.0822, -0.3818 -0.0519 2.0825, -0.3845 -0.0258 2.0831, -0.378 0.0262 2.082, -0.3765 0.0306 2.0818, -0.369 0.0533 2.0804, -0.3672 0.0587 2.08, -0.3659 0.0626 2.0798, -0.3552 0.0803 2.0781, -0.35 0.0891 2.0773, -0.3411 0.098 2.0763, -0.3308 0.1085 2.0751, -0.3264 0.1111 2.0748, -0.3081 0.1222 2.0733, -0.3064 0.1232 2.0732, -0.2877 0.129 2.0723, -0.274 0.1333 2.0717, -0.2593 0.135 2.0714, -0.2468 0.1365 2.0712, -0.2133 0.1309 2.0721, -0.1091 -0.0258 2.0831, -0.1114 -0.0069 2.0828, -0.1142 0.0163 2.0824, -0.1197 0.0357 2.0814, -0.1242 0.0515 2.0806, -0.1251 0.0533 2.0805, -0.1295 0.062 2.0797, -0.1381 0.0789 2.0784, -0.1403 0.0815 2.0781, -0.1546 0.0986 2.0763, -0.1568 0.1013 2.076, -0.1722 0.1126 2.0745, -0.1803 0.1185 2.0738, -0.1911 0.1229 2.0732, -0.2089 0.1302 2.0722, -0.1154 -0.072 2.0818, -0.1375 -0.1249 2.0777, -0.1268 -0.1072 2.0794, -0.1256 -0.1034 2.0797, -0.124 -0.0984 2.08, -0.1164 -0.0753 2.0815, -0.3845 -0.0258 2.087, -0.3822 -0.0519 2.0865, -0.3822 -0.052 2.0865, -0.3736 -0.0894 2.0845, -0.3716 -0.0986 2.084, -0.3642 -0.1138 2.0827, -0.3582 -0.1263 2.0816, -0.3534 -0.1323 2.0809, -0.3416 -0.1473 2.0792, -0.3399 -0.1486 2.079, -0.3226 -0.1623 2.0772, -0.3208 -0.1638 2.0771, -0.3036 -0.1718 2.0759, -0.2949 -0.1758 2.0753, -0.2811 -0.1782 2.0749, -0.2468 -0.1843 2.074, -0.2468 0.1371 2.0751, -0.2593 0.1358 2.0753, -0.2676 0.1349 2.0754, -0.2878 0.1296 2.0762, -0.3009 0.1261 2.0767, -0.3079 0.1223 2.0772, -0.3258 0.1127 2.0785, -0.3266 0.112 2.0786, -0.3413 0.0986 2.0802, -0.3456 0.0948 2.0807, -0.3552 0.0806 2.0821, -0.3623 0.0702 2.0831, -0.3667 0.0588 2.0839, -0.376 0.0347 2.0856, -0.3765 0.0309 2.0857, -0.3842 -0.0237 2.0869, -0.1093 -0.0237 2.087, -0.1091 -0.0258 2.087, -0.1102 -0.0118 2.087, -0.1112 -0.0068 2.0868, -0.1197 0.036 2.0853, -0.121 0.0429 2.0851, -0.1299 0.0621 2.0836, -0.1369 0.0774 2.0825, -0.1405 0.0818 2.082, -0.1544 0.0992 2.0802, -0.1552 0.1002 2.0801, -0.1721 0.1133 2.0784, -0.177 0.1171 2.078, -0.1911 0.1234 2.0771, -0.204 0.1292 2.0763, -0.2134 0.131 2.076, -0.2395 -0.1836 2.0741, -0.2386 -0.1835 2.0741, -0.2072 -0.1768 2.0752, -0.1993 -0.1751 2.0754, -0.1866 -0.1689 2.0763, -0.1729 -0.1623 2.0773, -0.1675 -0.1579 2.0778, -0.1515 -0.1446 2.0795, -0.1514 -0.1446 2.0795, -0.1373 -0.1253 2.0816, -0.1322 -0.1182 2.0824, -0.1262 -0.1034 2.0835, -0.1171 -0.0755 2.0853, -0.1186 -0.0849 2.085
            ]
        }
        coordIndex [
            0,1,2,-1,2,3,0,-1,0,3,4,-1,0,4,5,-1,5,4,6,-1,7,8,6,-1,6,8,9,-1,6,9,5,-1,10,11,12,-1,12,11,13,-1,12,13,14,-1,14,13,15,-1,14,15,16,-1,16,15,17,-1,16,17,7,-1,7,17,18,-1,7,18,8,-1,19,20,21,-1,19,21,22,-1,21,23,22,-1,22,23,24,-1,22,24,25,-1,25,24,26,-1,25,26,27,-1,27,26,28,-1,27,28,29,-1,29,28,30,-1,2,1,31,-1,31,1,32,-1,31,32,30,-1,30,32,33,-1,30,33,29,-1,34,35,36,-1,36,35,37,-1,36,37,38,-1,38,37,39,-1,39,37,40,-1,39,40,41,-1,40,42,41,-1,41,42,43,-1,41,43,44,-1,44,43,45,-1,44,45,46,-1,46,45,47,-1,46,47,48,-1,48,47,49,-1,48,49,50,-1,50,49,51,-1,50,51,20,-1,20,51,21,-1,52,53,54,-1,54,55,52,-1,52,55,56,-1,52,56,57,-1,57,56,58,-1,57,58,59,-1,58,60,59,-1,59,60,61,-1,59,61,62,-1,62,61,63,-1,62,63,64,-1,64,63,65,-1,35,34,66,-1,66,34,65,-1,66,65,67,-1,67,65,63,-1,68,69,70,-1,70,69,71,-1,70,71,72,-1,72,71,73,-1,72,73,74,-1,74,73,75,-1,74,75,76,-1,76,75,77,-1,76,77,78,-1,54,53,79,-1,79,53,80,-1,79,80,81,-1,81,80,82,-1,81,82,83,-1,83,82,84,-1,83,84,68,-1,68,84,85,-1,68,85,69,-1,86,87,88,-1,89,90,91,-1,91,90,92,-1,91,92,93,-1,93,92,94,-1,93,94,95,-1,95,94,96,-1,95,96,97,-1,97,96,98,-1,87,99,88,-1,88,99,98,-1,88,98,100,-1,100,98,96,-1,78,77,101,-1,101,77,86,-1,101,86,102,-1,102,86,88,-1,103,104,105,-1,105,104,106,-1,105,106,107,-1,107,106,108,-1,107,108,109,-1,109,108,110,-1,109,110,111,-1,111,110,112,-1,111,112,113,-1,112,114,113,-1,113,114,115,-1,113,115,116,-1,116,115,117,-1,90,89,118,-1,118,89,119,-1,118,119,117,-1,117,119,120,-1,117,120,116,-1,11,10,121,-1,121,10,122,-1,121,122,123,-1,123,122,124,-1,123,124,125,-1,124,126,125,-1,125,126,127,-1,125,127,128,-1,128,127,129,-1,128,129,130,-1,129,131,130,-1,130,131,132,-1,130,132,133,-1,133,132,134,-1,133,134,135,-1,135,134,104,-1,135,104,103,-1,101,102,136,-1,136,102,88,-1,136,88,137,-1,137,88,100,-1,137,100,138,-1,138,100,96,-1,138,96,139,-1,139,96,94,-1,139,94,140,-1,140,94,92,-1,140,92,141,-1,141,92,90,-1,141,90,142,-1,136,143,101,-1,101,143,144,-1,101,144,78,-1,78,144,145,-1,78,145,76,-1,76,145,146,-1,76,146,74,-1,74,146,72,-1,72,146,147,-1,72,147,70,-1,70,147,148,-1,70,148,68,-1,68,148,149,-1,68,149,83,-1,83,149,150,-1,83,150,81,-1,81,150,151,-1,81,151,79,-1,79,151,152,-1,79,152,54,-1,54,152,153,-1,54,153,55,-1,55,153,154,-1,55,154,56,-1,56,154,155,-1,56,155,58,-1,58,155,156,-1,58,156,60,-1,60,156,157,-1,60,157,61,-1,61,157,158,-1,61,158,63,-1,63,158,159,-1,63,159,67,-1,67,159,66,-1,66,159,160,-1,66,160,35,-1,35,160,161,-1,35,161,37,-1,37,161,40,-1,40,161,162,-1,40,162,42,-1,42,162,163,-1,42,163,43,-1,43,163,164,-1,43,164,45,-1,45,164,165,-1,45,165,47,-1,47,165,166,-1,47,166,49,-1,49,166,167,-1,49,167,51,-1,51,167,168,-1,51,168,21,-1,21,168,169,-1,21,169,23,-1,23,169,170,-1,23,170,24,-1,24,170,171,-1,24,171,26,-1,26,171,172,-1,26,172,28,-1,28,172,173,-1,28,173,30,-1,30,173,174,-1,30,174,31,-1,174,175,31,-1,31,175,176,-1,31,176,2,-1,2,176,177,-1,2,177,3,-1,3,177,178,-1,179,104,180,-1,180,104,134,-1,180,134,181,-1,181,134,132,-1,181,132,182,-1,182,132,131,-1,182,131,183,-1,183,131,129,-1,183,129,184,-1,184,129,127,-1,184,127,185,-1,185,127,126,-1,185,126,186,-1,186,126,124,-1,186,124,187,-1,187,124,122,-1,187,122,188,-1,188,122,10,-1,188,10,189,-1,189,10,12,-1,189,12,190,-1,190,12,14,-1,190,14,191,-1,191,14,16,-1,191,16,192,-1,192,16,7,-1,192,7,193,-1,193,7,6,-1,193,6,178,-1,178,6,4,-1,178,4,3,-1,194,108,179,-1,179,108,106,-1,179,106,104,-1,142,90,195,-1,195,90,118,-1,195,118,196,-1,196,118,117,-1,196,117,197,-1,197,117,115,-1,197,115,198,-1,198,115,114,-1,198,114,199,-1,199,114,112,-1,199,112,194,-1,194,112,110,-1,194,110,108,-1,200,161,201,-1,201,161,160,-1,201,160,202,-1,202,160,159,-1,202,159,203,-1,159,158,203,-1,203,158,157,-1,203,157,204,-1,204,157,156,-1,204,156,205,-1,205,156,155,-1,205,155,206,-1,206,155,154,-1,206,154,207,-1,207,154,153,-1,207,153,208,-1,208,153,152,-1,208,152,209,-1,209,152,151,-1,209,151,210,-1,210,151,150,-1,210,150,211,-1,211,150,149,-1,211,149,212,-1,212,149,148,-1,212,148,213,-1,213,148,147,-1,213,147,214,-1,214,147,146,-1,214,146,215,-1,215,146,145,-1,216,177,217,-1,217,177,176,-1,217,176,218,-1,218,176,175,-1,218,175,219,-1,219,175,174,-1,219,174,220,-1,220,174,173,-1,220,173,221,-1,221,173,172,-1,221,172,222,-1,222,172,171,-1,222,171,223,-1,223,171,170,-1,223,170,224,-1,224,170,169,-1,224,169,225,-1,225,169,168,-1,225,168,226,-1,226,168,167,-1,226,167,227,-1,227,167,166,-1,227,166,228,-1,166,165,228,-1,228,165,164,-1,228,164,229,-1,229,164,163,-1,229,163,230,-1,230,163,162,-1,230,162,231,-1,231,162,161,-1,231,161,200,-1,232,233,179,-1,232,179,234,-1,234,179,180,-1,234,180,235,-1,235,180,181,-1,235,181,236,-1,236,181,182,-1,236,182,237,-1,237,182,183,-1,237,183,238,-1,183,184,238,-1,238,184,185,-1,238,185,239,-1,239,185,186,-1,239,186,240,-1,240,186,187,-1,240,187,241,-1,241,187,188,-1,241,188,242,-1,242,188,189,-1,242,189,243,-1,243,189,190,-1,243,190,244,-1,244,190,191,-1,244,191,245,-1,245,191,192,-1,245,192,246,-1,246,192,193,-1,246,193,247,-1,247,193,178,-1,247,178,216,-1,216,178,177,-1,215,145,248,-1,248,145,144,-1,248,144,249,-1,249,144,143,-1,249,143,250,-1,250,143,136,-1,250,136,251,-1,251,136,137,-1,251,137,252,-1,252,137,138,-1,252,138,253,-1,253,138,139,-1,253,139,254,-1,254,139,140,-1,254,140,255,-1,255,140,141,-1,255,141,256,-1,256,141,142,-1,256,142,257,-1,257,142,195,-1,257,195,258,-1,258,195,196,-1,258,196,259,-1,179,233,194,-1,194,233,260,-1,194,260,199,-1,199,260,261,-1,199,261,198,-1,198,261,259,-1,198,259,197,-1,197,259,196,-1,
        ]
    }
}
Shape{
    appearance Appearance {
        material  Material {
            diffuseColor 0.2235294117647059 0.2235294117647059 0.2235294117647059
            specularColor 0.11372549019607843 0.11372549019607843 0.11372549019607843
            ambientIntensity 0.2235
            transparency 0.0
            shininess 0.5
        }
    }
    geometry IndexedFaceSet {
        ccw TRUE
        solid FALSE
        coord DEF co Coordinate {
            point [
                -0.1093 -0.0237 2.087, -0.1102 -0.0118 2.087, -0.3552 0.0806 2.0821, -0.1112 -0.0068 2.0868, -0.1197 0.036 2.0853, -0.121 0.0429 2.0851, -0.1299 0.0621 2.0836, -0.1369 0.0774 2.0825, -0.1405 0.0818 2.082, -0.1544 0.0992 2.0802, -0.1552 0.1002 2.0801, -0.1721 0.1133 2.0784, -0.177 0.1171 2.078, -0.1911 0.1234 2.0771, -0.2468 0.1371 2.0751, -0.2593 0.1358 2.0753, -0.2134 0.131 2.076, -0.2676 0.1349 2.0754, -0.2878 0.1296 2.0762, -0.3009 0.1261 2.0767, -0.3079 0.1223 2.0772, -0.3258 0.1127 2.0785, -0.3266 0.112 2.0786, -0.3413 0.0986 2.0802, -0.204 0.1292 2.0763, -0.3456 0.0948 2.0807, -0.3623 0.0702 2.0831, -0.3667 0.0588 2.0839, -0.376 0.0347 2.0856, -0.3765 0.0309 2.0857, -0.3842 -0.0237 2.0869, -0.3845 -0.0258 2.087, -0.3736 -0.0894 2.0845, -0.1091 -0.0258 2.087, -0.3822 -0.052 2.0865, -0.3822 -0.0519 2.0865, -0.3716 -0.0986 2.084, -0.3642 -0.1138 2.0827, -0.3582 -0.1263 2.0816, -0.3534 -0.1323 2.0809, -0.3416 -0.1473 2.0792, -0.3399 -0.1486 2.079, -0.3226 -0.1623 2.0772, -0.3208 -0.1638 2.0771, -0.3036 -0.1718 2.0759, -0.2386 -0.1835 2.0741, -0.2072 -0.1768 2.0752, -0.1479 -0.0976 2.0841, -0.2395 -0.1836 2.0741, -0.2949 -0.1758 2.0753, -0.2811 -0.1782 2.0749, -0.2468 -0.1843 2.074, -0.1993 -0.1751 2.0754, -0.1866 -0.1689 2.0763, -0.1729 -0.1623 2.0773, -0.1675 -0.1579 2.0778, -0.1515 -0.1446 2.0795, -0.1514 -0.1446 2.0795, -0.1373 -0.1253 2.0816, -0.1322 -0.1182 2.0824, -0.1262 -0.1034 2.0835, -0.1186 -0.0849 2.085, -0.1171 -0.0755 2.0853
            ]
        }
        coordIndex [
            0,1,2,-1,2,1,3,-1,2,3,4,-1,4,5,2,-1,2,5,6,-1,2,6,7,-1,7,8,2,-1,2,8,9,-1,2,9,10,-1,10,11,2,-1,2,11,12,-1,2,12,13,-1,14,15,16,-1,16,15,17,-1,17,18,16,-1,16,18,19,-1,16,19,20,-1,20,21,16,-1,16,21,22,-1,16,22,23,-1,13,24,2,-1,2,24,16,-1,2,16,25,-1,25,16,23,-1,2,26,0,-1,0,26,27,-1,0,27,28,-1,28,29,0,-1,0,29,30,-1,0,30,31,-1,32,33,34,-1,34,33,0,-1,34,0,35,-1,35,0,31,-1,32,36,33,-1,33,36,37,-1,33,37,38,-1,38,39,33,-1,33,39,40,-1,33,40,41,-1,41,42,33,-1,33,42,43,-1,33,43,44,-1,45,46,47,-1,45,47,48,-1,44,49,33,-1,33,49,50,-1,33,50,47,-1,47,50,51,-1,47,51,48,-1,46,52,47,-1,47,52,53,-1,47,53,54,-1,54,55,47,-1,47,55,56,-1,47,56,57,-1,57,58,47,-1,47,58,59,-1,47,59,60,-1,60,61,47,-1,47,61,62,-1,47,62,33,-1,
        ]
    }
}
Shape{
    appearance Appearance {
        material  Material {
            diffuseColor 0.6470588235294118 0.6470588235294118 0.6470588235294118
            specularColor 0.3215686274509804 0.3215686274509804 0.3215686274509804
            ambientIntensity 0.6471
            transparency 0.0
            shininess 0.5
        }
    }
    geometry IndexedFaceSet {
        ccw TRUE
        solid FALSE
        coord DEF co Coordinate {
            point [
                -0.012 -0.0624 2.0861, -0.012 -0.0622 2.0822, 0.2169 -0.0624 2.0861, 0.2655 -0.0622 2.0822, 0.2655 -0.0624 2.0861, -0.012 -0.1032 2.0837, -0.012 -0.1029 2.0798, 0.2655 -0.1032 2.0837, 0.2655 -0.1029 2.0798, 0.2169 -0.1032 2.0837, 0.5158 0.0516 2.0845, 0.5158 0.0513 2.0806, 0.5157 0.0524 2.0805, 0.5151 0.0576 2.0841, 0.5145 0.0584 2.0801, 0.5149 0.0588 2.084, 0.511 0.0754 2.0826, 0.5112 0.0751 2.0787, 0.5112 0.0756 2.0787, 0.4383 0.1195 2.0737, 0.4383 0.1201 2.0776, 0.4615 0.1163 2.0741, 0.4615 0.1168 2.078, 0.4669 0.1156 2.0742, 0.467 0.1161 2.0781, 0.475 0.1123 2.0746, 0.4751 0.1129 2.0785, 0.4839 0.1088 2.0751, 0.4826 0.11 2.0789, 0.4856 0.1075 2.0752, 0.4856 0.1079 2.0791, 0.4952 0.1004 2.0761, 0.4953 0.101 2.08, 0.4965 0.0994 2.0762, 0.4955 0.1008 2.08, 0.5015 0.0932 2.0769, 0.5016 0.0937 2.0808, 0.505 0.0889 2.0774, 0.504 0.0909 2.0811, 0.507 0.0845 2.0778, 0.507 0.0849 2.0817, 0.5103 0.0784 2.0824, 0.5007 0.0022 2.0868, 0.5007 0.0021 2.0828, 0.5021 0.0043 2.0867, 0.502 0.0042 2.0828, 0.5041 0.0075 2.0866, 0.5076 0.0138 2.0865, 0.5066 0.0118 2.0826, 0.5091 0.0177 2.0863, 0.5089 0.0176 2.0824, 0.5122 0.0257 2.086, 0.5127 0.0273 2.082, 0.5129 0.031 2.0857, 0.5131 0.0308 2.0818, 0.5149 0.0443 2.081, 0.4781 -0.0172 2.0831, 0.4738 -0.02 2.087, 0.455 -0.0321 2.083, 0.455 -0.0322 2.0869, 0.4448 -0.0386 2.0829, 0.4479 -0.0368 2.0869, 0.4448 -0.0387 2.0868, 0.485 -0.0113 2.083, 0.485 -0.0113 2.0869, 0.4781 -0.0172 2.087, 0.3931 -0.0688 2.0859, 0.3931 -0.0686 2.0819, 0.419 -0.0538 2.0865, 0.3035 -0.2117 2.0692, 0.3028 -0.2203 2.0676, 0.3028 -0.2196 2.0637, 0.3054 -0.1911 2.0729, 0.3061 -0.1857 2.0698, 0.3071 -0.1843 2.0739, 0.3067 -0.1836 2.0701, 0.3141 -0.1569 2.078, 0.3145 -0.1564 2.074, 0.3145 -0.1553 2.0782, 0.316 -0.1511 2.0748, 0.3265 -0.1321 2.0809, 0.3266 -0.1318 2.0769, 0.3314 -0.1227 2.0819, 0.3332 -0.1197 2.0783, 0.341 -0.1117 2.0829, 0.3409 -0.1113 2.079, 0.3556 -0.095 2.0843, 0.3532 -0.0979 2.0801, 0.3578 -0.0928 2.0805, 0.36 -0.0919 2.0845, 0.3598 -0.0914 2.0806, 0.5674 -0.2203 2.0676, 0.5674 -0.2196 2.0637, 0.5674 -0.1758 2.0753, 0.5674 -0.1752 2.0714, 0.5674 -0.2117 2.0692, 0.3566 -0.1758 2.0753, 0.3566 -0.1752 2.0714, 0.4211 -0.1032 2.0837, 0.4211 -0.1029 2.0798, 0.4196 -0.1042 2.0836, 0.4196 -0.1039 2.0797, 0.3969 -0.1197 2.0822, 0.3968 -0.1192 2.0783, 0.3876 -0.126 2.0816, 0.3885 -0.1248 2.0778, 0.3785 -0.1358 2.0805, 0.3784 -0.1353 2.0766, 0.3697 -0.1452 2.0795, 0.3709 -0.1431 2.0758, 0.3675 -0.149 2.079, 0.3677 -0.1485 2.0751, 0.3611 -0.16 2.0776, 0.3611 -0.1595 2.0737, 0.3606 -0.1621 2.0773, 0.3606 -0.1615 2.0734, 0.462 -0.0796 2.0853, 0.462 -0.0793 2.0814, 0.4415 -0.0914 2.0846, 0.4298 -0.0979 2.0801, 0.5674 0.0494 2.0847, 0.5674 0.0492 2.0808, 0.5675 0.046 2.0849, 0.5674 0.0443 2.0811, 0.5664 0.0358 2.0854, 0.5492 -0.013 2.083, 0.5493 -0.0131 2.0869, 0.5545 -0.006 2.083, 0.5569 -0.0016 2.0868, 0.5585 0.0033 2.0828, 0.5587 0.0033 2.0867, 0.5639 0.0162 2.0824, 0.5645 0.019 2.0863, 0.5643 0.0188 2.0823, 0.5648 0.0198 2.0862, 0.567 0.0355 2.0816, 0.5673 0.0373 2.0815, 0.5085 -0.0536 2.0825, 0.5125 -0.05 2.0865, 0.5126 -0.0502 2.0826, 0.5179 -0.0469 2.0867, 0.5352 -0.0315 2.083, 0.5352 -0.0303 2.0869, 0.5357 -0.0308 2.083, 0.5426 -0.0233 2.087, 0.5447 -0.02 2.087, 0.4448 0.1647 2.0705, 0.4448 0.164 2.0667, 0.4611 0.1632 2.0708, 0.4558 0.1631 2.0668, 0.4635 0.1627 2.0709, 0.4634 0.1616 2.0671, 0.4921 0.156 2.0721, 0.4914 0.1561 2.0681, 0.4922 0.1557 2.0681, 0.5625 0.0791 2.0782, 0.5623 0.0795 2.0821, 0.5616 0.0849 2.0778, 0.5611 0.087 2.0815, 0.5558 0.0985 2.0762, 0.556 0.099 2.0801, 0.5502 0.1116 2.0747, 0.551 0.1106 2.0788, 0.5477 0.1148 2.0743, 0.5476 0.1152 2.0782, 0.5376 0.1278 2.0725, 0.5378 0.1286 2.0764, 0.5358 0.1301 2.0722, 0.5378 0.1286 2.0764, 0.5256 0.138 2.071, 0.5257 0.1386 2.0749, 0.5167 0.1449 2.0699, 0.5196 0.1437 2.0741, 0.5105 0.1476 2.0695, 0.5105 0.1482 2.0734, 0.4969 0.1549 2.0722, 0.3458 0.1286 2.0764, 0.3458 0.128 2.0725, 0.3547 0.1367 2.0752, 0.3565 0.1376 2.0711, 0.3616 0.1413 2.0744, 0.3615 0.1407 2.0706, 0.3746 0.15 2.0731, 0.3777 0.1507 2.069, 0.3777 0.1511 2.0729, 0.3784 0.1512 2.0689, 0.398 0.1584 2.0716, 0.398 0.1575 2.0678, 0.4019 0.1599 2.0714, 0.4066 0.1603 2.0673, 0.4113 0.1609 2.0712, 0.4112 0.1607 2.0672, 0.3114 0.0258 2.086, 0.3114 0.0256 2.0821, 0.3114 0.0265 2.086, 0.3115 0.0264 2.082, 0.3126 0.0484 2.0848, 0.3132 0.0443 2.0809, 0.3153 0.0614 2.0837, 0.3148 0.0612 2.0798, 0.3152 0.0652 2.0796, 0.3203 0.0846 2.0817, 0.3222 0.0868 2.0775, 0.3318 0.1069 2.0752, 0.3316 0.1076 2.0791, 0.3259 0.0981 2.0763, 0.3272 0.1012 2.0799, 0.3215 0.0874 2.0814, 0.3609 0.0258 2.086, 0.3609 0.0256 2.0821, 0.4249 0.1191 2.0777, 0.4237 0.1182 2.0738, 0.4237 0.1188 2.0777, 0.4208 0.1179 2.0739, 0.4093 0.1154 2.0782, 0.4094 0.1147 2.0743, 0.4066 0.1148 2.0783, 0.4043 0.1133 2.0745, 0.3998 0.1112 2.0787, 0.3998 0.1107 2.0748, 0.3936 0.1079 2.0791, 0.3918 0.1061 2.0754, 0.3903 0.1049 2.0795, 0.3902 0.1046 2.0756, 0.3828 0.0983 2.0803, 0.3823 0.0969 2.0765, 0.3823 0.0975 2.0804, 0.3807 0.0953 2.0767, 0.375 0.0867 2.0815, 0.375 0.0863 2.0776, 0.3727 0.0832 2.0819, 0.3721 0.0816 2.0781, 0.3693 0.074 2.0827, 0.3693 0.0736 2.0788, 0.3654 0.0629 2.0837, 0.3649 0.0607 2.0799, 0.3646 0.0565 2.0841, 0.363 0.0443 2.0809, 0.3644 0.0562 2.0802, 0.7464 0.1647 2.0705, 0.7464 0.164 2.0667, 0.752 0.1641 2.0706, 0.752 0.1636 2.0667, 0.7744 0.1619 2.071, 0.7663 0.1626 2.0669, 0.7752 0.1616 2.0711, 0.7751 0.1604 2.0673, 0.7933 0.1555 2.0721, 0.7912 0.1562 2.068, 0.7933 0.1551 2.0682, 0.8519 0.0983 2.0763, 0.8519 0.0987 2.0802, 0.836 0.1218 2.0733, 0.8359 0.1223 2.0772, 0.8329 0.1265 2.0727, 0.8321 0.1279 2.0765, 0.8223 0.1361 2.0712, 0.8223 0.1367 2.0751, 0.8133 0.1443 2.07, 0.8126 0.1454 2.0738, 0.809 0.1466 2.0696, 0.8091 0.1475 2.0735, 0.7985 0.1537 2.0725, 0.6496 0.1137 2.0784, 0.6496 0.1132 2.0745, 0.6549 0.1211 2.0774, 0.6525 0.1173 2.074, 0.658 0.1245 2.0769, 0.6581 0.1238 2.073, 0.6699 0.1376 2.075, 0.6694 0.137 2.0711, 0.6697 0.1372 2.0711, 0.72 0.161 2.0672, 0.72 0.1617 2.0711, 0.7135 0.1602 2.0673, 0.7142 0.1611 2.0712, 0.7014 0.1557 2.0681, 0.7015 0.1563 2.072, 0.6908 0.1518 2.0688, 0.6896 0.1518 2.0728, 0.6852 0.1479 2.0694, 0.6851 0.1487 2.0733, 0.6715 0.1394 2.0748, 0.6131 -0.0344 2.0869, 0.6131 -0.0344 2.083, 0.6135 -0.02 2.0869, 0.6136 -0.0145 2.0831, 0.6193 0.0366 2.0815, 0.6218 0.0406 2.0848, 0.6165 0.0116 2.0823, 0.617 0.0116 2.0861, 0.6139 -0.0077 2.0869, 0.6205 0.0405 2.0812, 0.6207 0.0416 2.0812, 0.625 0.0602 2.0839, 0.6305 0.0764 2.0786, 0.6319 0.079 2.0783, 0.6326 0.079 2.0821, 0.6278 0.0693 2.0832, 0.6831 -0.2097 2.0656, 0.6835 -0.2098 2.0696, 0.687 -0.2117 2.0692, 0.7015 -0.2176 2.0641, 0.6974 -0.2174 2.0682, 0.7014 -0.2186 2.0679, 0.7079 -0.2203 2.0636, 0.7202 -0.2238 2.0669, 0.7203 -0.2224 2.0632, 0.7223 -0.2244 2.0668, 0.7391 -0.2255 2.0626, 0.7464 -0.2267 2.0663, 0.7464 -0.2259 2.0625, 0.6746 -0.2049 2.0705, 0.6678 -0.1983 2.0677, 0.668 -0.1988 2.0715, 0.6641 -0.1954 2.0682, 0.656 -0.1876 2.0735, 0.6548 -0.184 2.07, 0.6543 -0.1851 2.0738, 0.645 -0.172 2.0719, 0.6417 -0.1662 2.0767, 0.6419 -0.1656 2.0727, 0.6393 -0.1626 2.0772, 0.63 -0.1409 2.076, 0.6309 -0.1389 2.0799, 0.6295 -0.139 2.0762, 0.6219 -0.1137 2.0828, 0.6205 -0.1038 2.0796, 0.6204 -0.1002 2.0835, 0.6185 -0.0963 2.0803, 0.6195 -0.1 2.0799, 0.8783 -0.0616 2.0822, 0.8769 -0.0615 2.0856, 0.8798 -0.0344 2.083, 0.8796 -0.0395 2.0868, 0.8798 -0.0344 2.0869, 0.8782 -0.0636 2.0822, 0.8723 -0.1038 2.0795, 0.8701 -0.1164 2.0825, 0.8707 -0.1143 2.0788, 0.8702 -0.1161 2.0786, 0.8698 -0.1185 2.0823, 0.8571 -0.153 2.0783, 0.8597 -0.1489 2.075, 0.8577 -0.1526 2.0745, 0.8536 -0.1626 2.0772, 0.8509 -0.1653 2.0728, 0.8513 -0.166 2.0767, 0.8392 -0.1845 2.0739, 0.8445 -0.1772 2.0711, 0.8389 -0.1835 2.0701, 0.8382 -0.1861 2.0737, 0.8268 -0.1973 2.0678, 0.8251 -0.1986 2.0716, 0.8255 -0.1982 2.0677, 0.8057 -0.212 2.0652, 0.8074 -0.2117 2.0692, 0.8095 -0.2093 2.0657, 0.8097 -0.2103 2.0695, 0.8194 -0.204 2.0706, 0.7751 -0.2222 2.0632, 0.7751 -0.2229 2.0671, 0.7807 -0.2215 2.0633, 0.7816 -0.222 2.0673, 0.7939 -0.2165 2.0643, 0.7939 -0.2172 2.0682, 0.8064 -0.2123 2.0691, 0.8585 0.0853 2.0817, 0.8579 0.0847 2.0777, 0.8661 0.0663 2.0834, 0.8657 0.0671 2.0794, 0.866 0.0659 2.0795, 0.8742 0.0341 2.0856, 0.8717 0.0416 2.081, 0.8736 0.0338 2.0815, 0.8758 0.0242 2.0821, 0.8786 -0.02 2.0866, 0.8218 -0.1038 2.0795, 0.8175 -0.1247 2.0778, 0.8153 -0.1299 2.0772, 0.8072 -0.1494 2.075, 0.8064 -0.1513 2.0747, 0.7983 -0.1621 2.0733, 0.7935 -0.1684 2.0724, 0.7888 -0.1722 2.0718, 0.7813 -0.1782 2.071, 0.78 -0.1788 2.0709, 0.7694 -0.1835 2.0701, 0.7668 -0.1847 2.0699, 0.7589 -0.186 2.0697, 0.7464 -0.1879 2.0694, 0.7303 -0.1858 2.0698, 0.7272 -0.1854 2.0698, 0.7214 -0.1831 2.0702, 0.7151 -0.1805 2.0706, 0.7118 -0.1781 2.071, 0.703 -0.1718 2.0719, 0.7029 -0.1716 2.072, 0.701 -0.1694 2.0723, 0.6934 -0.1604 2.0735, 0.6918 -0.1585 2.0738, 0.6864 -0.1476 2.0751, 0.6804 -0.1354 2.0766, 0.6781 -0.1258 2.0775, 0.6727 -0.1038 2.0796, 0.671 -0.097 2.0802, 0.6702 -0.0866 2.0807, 0.6669 -0.0415 2.0828, 0.6668 -0.0344 2.083, 0.6699 0.0205 2.0823, 0.6716 0.029 2.0818, 0.6742 0.0416 2.0811, 0.6773 0.0574 2.0802, 0.6788 0.0611 2.0799, 0.6871 0.0814 2.0781, 0.6883 0.0842 2.0778, 0.6955 0.094 2.0768, 0.7464 0.1195 2.0737, 0.744 0.1194 2.0737, 0.7311 0.1174 2.074, 0.7256 0.1165 2.0741, 0.722 0.1149 2.0743, 0.7134 0.1111 2.0748, 0.7129 0.1107 2.0748, 0.7044 0.1039 2.0756, 0.7006 0.1009 2.076, 0.7633 0.1173 2.074, 0.7664 0.1169 2.074, 0.7725 0.1145 2.0743, 0.7907 0.1035 2.0757, 0.7826 0.1092 2.075, 0.7786 0.1121 2.0746, 0.8159 0.06 2.0799, 0.8139 0.0676 2.0794, 0.8072 0.0808 2.0781, 0.8023 0.0903 2.0772, 0.7998 0.0931 2.0769, 0.7911 0.1031 2.0758, 0.8241 0.0243 2.082, 0.828 -0.0235 2.0831, 0.8282 -0.0344 2.083, 0.8207 0.0416 2.0811, 0.8236 0.0301 2.0819, 0.8251 -0.088 2.0808, 0.8234 -0.0963 2.0802, 0.6668 -0.0344 2.0869, 0.6679 -0.067 2.086, 0.6709 -0.0867 2.0845, 0.6763 -0.1227 2.0819, 0.6776 -0.1262 2.0815, 0.686 -0.1483 2.0791, 0.687 -0.1508 2.0788, 0.6938 -0.1608 2.0774, 0.6984 -0.1677 2.0765, 0.7009 -0.1701 2.0761, 0.7029 -0.1722 2.0759, 0.7039 -0.1731 2.0757, 0.7464 -0.1886 2.0733, 0.7303 -0.1864 2.0736, 0.7272 -0.186 2.0737, 0.7214 -0.1837 2.0741, 0.7155 -0.1813 2.0745, 0.7118 -0.1787 2.0749, 0.7219 0.1153 2.0782, 0.7303 0.1182 2.0778, 0.731 0.1183 2.0778, 0.7464 0.1201 2.0776, 0.7176 0.1139 2.0784, 0.713 0.1109 2.0788, 0.7059 0.1063 2.0793, 0.7043 0.1046 2.0795, 0.695 0.0949 2.0807, 0.6949 0.0948 2.0807, 0.6872 0.0817 2.082, 0.6843 0.0768 2.0825, 0.6794 0.0613 2.0837, 0.6736 0.0429 2.0851, 0.6724 0.0291 2.0854, 0.8282 -0.0344 2.0869, 0.8179 0.0561 2.0842, 0.8231 0.0242 2.0857, 0.827 0.0002 2.0868, 0.793 0.1018 2.0799, 0.7998 0.0936 2.0808, 0.8033 0.0893 2.0813, 0.8072 0.0812 2.082, 0.8151 0.0648 2.0836, 0.8165 0.0604 2.0839, 0.7633 0.1179 2.0779, 0.7662 0.1175 2.0779, 0.7725 0.115 2.0782, 0.7785 0.1126 2.0785, 0.7826 0.1097 2.0789, 0.7905 0.1042 2.0796, 0.7912 0.1036 2.0797, 0.759 -0.1869 2.0736, 0.7628 -0.1864 2.0737, 0.7694 -0.184 2.074, 0.7765 -0.1814 2.0744, 0.7798 -0.1793 2.0748, 0.789 -0.1733 2.0757, 0.789 -0.1732 2.0757, 0.7986 -0.1629 2.0772, 0.8004 -0.161 2.0774, 0.8069 -0.1497 2.0789, 0.8114 -0.1418 2.0799, 0.815 -0.1303 2.081, 0.8215 -0.1096 2.0832, 0.8226 -0.0966 2.0838
            ]
        }
        coordIndex [
            0,1,2,-1,2,1,3,-1,2,3,4,-1,5,6,0,-1,0,6,1,-1,7,8,9,-1,9,8,6,-1,9,6,5,-1,7,4,8,-1,8,4,3,-1,8,3,6,-1,6,3,1,-1,10,11,12,-1,10,12,13,-1,13,12,14,-1,13,14,15,-1,15,14,16,-1,16,14,17,-1,16,17,18,-1,19,20,21,-1,21,20,22,-1,21,22,23,-1,23,22,24,-1,23,24,25,-1,25,24,26,-1,25,26,27,-1,27,26,28,-1,27,28,29,-1,29,28,30,-1,29,30,31,-1,31,30,32,-1,31,32,33,-1,33,32,34,-1,33,34,35,-1,35,34,36,-1,35,36,37,-1,37,36,38,-1,37,38,39,-1,39,38,40,-1,39,40,18,-1,18,40,41,-1,18,41,16,-1,42,43,44,-1,44,43,45,-1,44,45,46,-1,46,45,47,-1,47,45,48,-1,47,48,49,-1,49,48,50,-1,49,50,51,-1,51,50,52,-1,51,52,53,-1,53,52,54,-1,53,54,10,-1,10,54,55,-1,10,55,11,-1,56,57,58,-1,58,57,59,-1,58,59,60,-1,60,59,61,-1,60,61,62,-1,43,42,63,-1,63,42,64,-1,63,64,56,-1,56,64,65,-1,56,65,57,-1,66,67,68,-1,68,67,60,-1,68,60,62,-1,69,70,71,-1,69,71,72,-1,72,71,73,-1,72,73,74,-1,74,73,75,-1,74,75,76,-1,76,75,77,-1,76,77,78,-1,78,77,79,-1,78,79,80,-1,80,79,81,-1,80,81,82,-1,82,81,83,-1,82,83,84,-1,84,83,85,-1,84,85,86,-1,85,87,86,-1,86,87,88,-1,86,88,89,-1,89,88,90,-1,89,90,66,-1,66,90,67,-1,91,92,70,-1,70,92,71,-1,93,94,95,-1,95,94,92,-1,95,92,91,-1,96,97,93,-1,93,97,94,-1,98,99,100,-1,100,99,101,-1,100,101,102,-1,102,101,103,-1,102,103,104,-1,104,103,105,-1,104,105,106,-1,106,105,107,-1,106,107,108,-1,108,107,109,-1,108,109,110,-1,110,109,111,-1,110,111,112,-1,112,111,113,-1,112,113,114,-1,114,113,115,-1,114,115,96,-1,96,115,97,-1,116,117,118,-1,118,117,119,-1,118,119,98,-1,98,119,99,-1,120,121,122,-1,122,121,123,-1,122,123,124,-1,125,126,127,-1,127,126,128,-1,127,128,129,-1,129,128,130,-1,129,130,131,-1,131,130,132,-1,131,132,133,-1,133,132,134,-1,133,134,135,-1,135,134,124,-1,135,124,136,-1,136,124,123,-1,117,116,137,-1,137,116,138,-1,137,138,139,-1,139,138,140,-1,139,140,141,-1,141,140,142,-1,141,142,143,-1,143,142,144,-1,143,144,125,-1,125,144,145,-1,125,145,126,-1,146,147,148,-1,148,147,149,-1,148,149,150,-1,150,149,151,-1,150,151,152,-1,152,151,153,-1,152,153,154,-1,121,120,155,-1,155,120,156,-1,155,156,157,-1,157,156,158,-1,157,158,159,-1,159,158,160,-1,159,160,161,-1,161,160,162,-1,161,162,163,-1,163,162,164,-1,163,164,165,-1,165,164,166,-1,165,166,167,-1,167,166,168,-1,167,168,169,-1,169,168,170,-1,169,170,171,-1,171,170,172,-1,171,172,173,-1,173,172,174,-1,173,174,154,-1,154,174,175,-1,154,175,152,-1,176,177,178,-1,178,177,179,-1,178,179,180,-1,180,179,181,-1,180,181,182,-1,182,181,183,-1,182,183,184,-1,184,183,185,-1,184,185,186,-1,186,185,187,-1,186,187,188,-1,188,187,189,-1,188,189,190,-1,190,189,191,-1,190,191,146,-1,146,191,147,-1,192,193,194,-1,194,193,195,-1,194,195,196,-1,196,195,197,-1,196,197,198,-1,197,199,198,-1,198,199,200,-1,198,200,201,-1,201,200,202,-1,177,176,203,-1,203,176,204,-1,203,204,205,-1,205,204,206,-1,205,206,202,-1,202,206,207,-1,202,207,201,-1,208,209,192,-1,192,209,193,-1,20,19,210,-1,210,19,211,-1,210,211,212,-1,212,211,213,-1,212,213,214,-1,214,213,215,-1,214,215,216,-1,216,215,217,-1,216,217,218,-1,218,217,219,-1,218,219,220,-1,220,219,221,-1,220,221,222,-1,222,221,223,-1,222,223,224,-1,224,223,225,-1,224,225,226,-1,226,225,227,-1,226,227,228,-1,228,227,229,-1,228,229,230,-1,230,229,231,-1,230,231,232,-1,232,231,233,-1,232,233,234,-1,234,233,235,-1,234,235,236,-1,209,208,237,-1,237,208,236,-1,237,236,238,-1,238,236,235,-1,88,87,119,-1,193,209,195,-1,195,209,237,-1,195,237,197,-1,197,237,199,-1,199,237,238,-1,199,238,200,-1,200,238,235,-1,200,235,202,-1,202,235,233,-1,202,233,205,-1,205,233,231,-1,205,231,203,-1,203,231,229,-1,203,229,177,-1,229,227,177,-1,177,227,225,-1,177,225,179,-1,179,225,223,-1,179,223,181,-1,181,223,221,-1,181,221,183,-1,183,221,219,-1,183,219,185,-1,185,219,217,-1,185,217,187,-1,187,217,215,-1,187,215,189,-1,189,215,213,-1,189,213,191,-1,191,213,211,-1,191,211,147,-1,147,211,19,-1,147,19,149,-1,149,19,21,-1,149,21,151,-1,151,21,153,-1,153,21,23,-1,153,23,154,-1,154,23,25,-1,154,25,173,-1,173,25,27,-1,173,27,171,-1,171,27,29,-1,171,29,169,-1,29,31,169,-1,169,31,33,-1,169,33,167,-1,167,33,165,-1,165,33,35,-1,165,35,163,-1,163,35,37,-1,163,37,161,-1,161,37,39,-1,161,39,159,-1,159,39,18,-1,159,18,157,-1,157,18,17,-1,157,17,155,-1,155,17,14,-1,155,14,121,-1,14,12,121,-1,121,12,11,-1,121,11,123,-1,123,11,55,-1,123,55,136,-1,137,139,63,-1,63,139,141,-1,63,141,43,-1,43,141,143,-1,43,143,45,-1,45,143,125,-1,45,125,48,-1,48,125,127,-1,48,127,50,-1,50,127,129,-1,50,129,52,-1,52,129,131,-1,52,131,54,-1,54,131,133,-1,54,133,55,-1,55,133,135,-1,55,135,136,-1,63,56,137,-1,137,56,58,-1,137,58,117,-1,58,60,117,-1,117,60,67,-1,117,67,119,-1,119,67,90,-1,119,90,88,-1,92,94,71,-1,71,94,97,-1,71,97,73,-1,73,97,75,-1,75,97,77,-1,77,97,115,-1,77,115,79,-1,79,115,113,-1,79,113,81,-1,81,113,111,-1,81,111,83,-1,83,111,109,-1,83,109,85,-1,85,109,107,-1,85,107,87,-1,87,107,105,-1,87,105,103,-1,103,101,87,-1,87,101,99,-1,87,99,119,-1,239,240,241,-1,241,240,242,-1,241,242,243,-1,243,242,244,-1,243,244,245,-1,245,244,246,-1,245,246,247,-1,247,246,248,-1,247,248,249,-1,250,251,252,-1,252,251,253,-1,252,253,254,-1,254,253,255,-1,254,255,256,-1,256,255,257,-1,256,257,258,-1,258,257,259,-1,258,259,260,-1,260,259,261,-1,260,261,249,-1,249,261,262,-1,249,262,247,-1,263,264,265,-1,265,264,266,-1,265,266,267,-1,267,266,268,-1,267,268,269,-1,269,268,270,-1,269,270,271,-1,240,239,272,-1,272,239,273,-1,272,273,274,-1,274,273,275,-1,274,275,276,-1,276,275,277,-1,276,277,278,-1,278,277,279,-1,278,279,280,-1,280,279,281,-1,280,281,271,-1,271,281,282,-1,271,282,269,-1,283,284,285,-1,285,284,286,-1,287,288,289,-1,289,288,290,-1,289,290,286,-1,286,290,291,-1,286,291,285,-1,287,292,288,-1,288,292,293,-1,288,293,294,-1,294,293,295,-1,264,263,296,-1,296,263,297,-1,296,297,295,-1,295,297,298,-1,295,298,294,-1,299,300,301,-1,299,301,302,-1,301,303,302,-1,302,303,304,-1,302,304,305,-1,305,304,306,-1,305,306,307,-1,307,306,308,-1,307,308,309,-1,309,308,310,-1,309,310,311,-1,300,299,312,-1,312,299,313,-1,312,313,314,-1,314,313,315,-1,314,315,316,-1,316,315,317,-1,316,317,318,-1,318,317,319,-1,318,319,320,-1,320,319,321,-1,320,321,322,-1,322,321,323,-1,322,323,324,-1,324,323,325,-1,324,325,326,-1,326,325,327,-1,326,327,328,-1,284,283,329,-1,329,283,328,-1,329,328,330,-1,330,328,327,-1,331,332,333,-1,333,332,334,-1,333,334,335,-1,331,336,332,-1,332,336,337,-1,332,337,338,-1,337,339,338,-1,338,339,340,-1,338,340,341,-1,341,340,342,-1,340,343,342,-1,342,343,344,-1,342,344,345,-1,345,344,346,-1,345,346,347,-1,347,346,348,-1,346,349,348,-1,348,349,350,-1,348,350,351,-1,351,350,352,-1,351,352,353,-1,353,352,354,-1,355,356,357,-1,357,356,358,-1,357,358,354,-1,354,358,359,-1,354,359,353,-1,311,310,360,-1,360,310,361,-1,360,361,362,-1,362,361,363,-1,362,363,364,-1,364,363,365,-1,364,365,355,-1,355,365,366,-1,355,366,356,-1,251,250,367,-1,367,250,368,-1,367,368,369,-1,368,370,369,-1,369,370,371,-1,369,371,372,-1,372,371,373,-1,373,374,372,-1,372,374,375,-1,372,375,376,-1,376,375,333,-1,376,333,335,-1,337,377,339,-1,339,377,340,-1,340,377,343,-1,343,377,378,-1,343,378,344,-1,344,378,379,-1,344,379,346,-1,346,379,380,-1,346,380,349,-1,349,380,381,-1,349,381,350,-1,350,381,382,-1,350,382,352,-1,352,382,383,-1,352,383,354,-1,354,383,357,-1,357,383,384,-1,357,384,355,-1,355,384,385,-1,355,385,364,-1,385,386,364,-1,364,386,387,-1,364,387,362,-1,362,387,388,-1,362,388,360,-1,360,388,389,-1,360,389,311,-1,311,389,390,-1,311,390,309,-1,309,390,391,-1,309,391,307,-1,307,391,392,-1,307,392,305,-1,305,392,393,-1,305,393,302,-1,302,393,394,-1,302,394,299,-1,299,394,395,-1,299,395,313,-1,313,395,396,-1,313,396,315,-1,315,396,397,-1,315,397,317,-1,317,397,398,-1,398,399,317,-1,317,399,400,-1,317,400,319,-1,319,400,401,-1,319,401,321,-1,321,401,323,-1,323,401,402,-1,323,402,325,-1,325,402,403,-1,325,403,327,-1,403,404,327,-1,327,404,405,-1,327,405,330,-1,330,405,406,-1,330,406,329,-1,329,406,284,-1,406,407,284,-1,284,407,408,-1,284,408,286,-1,286,408,409,-1,286,409,289,-1,289,409,287,-1,287,409,292,-1,292,409,410,-1,292,410,293,-1,293,410,411,-1,293,411,295,-1,295,411,412,-1,295,412,296,-1,412,413,296,-1,296,413,414,-1,296,414,264,-1,264,414,415,-1,264,415,266,-1,266,415,416,-1,242,240,417,-1,417,240,418,-1,418,240,419,-1,419,240,272,-1,419,272,420,-1,420,272,274,-1,420,274,421,-1,421,274,276,-1,421,276,422,-1,422,276,278,-1,422,278,423,-1,423,278,280,-1,423,280,424,-1,424,280,271,-1,424,271,425,-1,425,271,270,-1,425,270,416,-1,416,270,268,-1,416,268,266,-1,242,417,244,-1,244,417,426,-1,244,426,246,-1,246,426,427,-1,246,427,248,-1,248,427,428,-1,248,428,249,-1,429,260,430,-1,430,260,249,-1,430,249,431,-1,431,249,428,-1,373,371,432,-1,432,371,370,-1,432,370,433,-1,433,370,368,-1,433,368,434,-1,434,368,250,-1,434,250,435,-1,435,250,252,-1,435,252,436,-1,436,252,254,-1,436,254,437,-1,437,254,256,-1,437,256,429,-1,429,256,258,-1,429,258,260,-1,438,439,333,-1,333,439,440,-1,333,440,331,-1,432,441,373,-1,373,441,442,-1,373,442,374,-1,374,442,438,-1,374,438,375,-1,375,438,333,-1,331,440,336,-1,336,440,443,-1,336,443,337,-1,337,443,444,-1,337,444,377,-1,445,408,407,-1,445,407,446,-1,446,407,406,-1,446,406,447,-1,406,405,447,-1,447,405,404,-1,447,404,448,-1,448,404,403,-1,448,403,449,-1,449,403,402,-1,449,402,450,-1,450,402,401,-1,450,401,451,-1,451,401,452,-1,401,400,452,-1,452,400,399,-1,452,399,453,-1,453,399,398,-1,453,398,454,-1,454,398,455,-1,398,397,455,-1,455,397,396,-1,455,396,456,-1,456,396,395,-1,390,457,391,-1,391,457,458,-1,391,458,392,-1,392,458,459,-1,392,459,393,-1,393,459,460,-1,393,460,394,-1,394,460,461,-1,394,461,395,-1,395,461,462,-1,395,462,456,-1,463,464,419,-1,419,464,465,-1,419,465,418,-1,418,465,466,-1,418,466,417,-1,419,420,463,-1,463,420,421,-1,463,421,467,-1,467,421,468,-1,421,422,468,-1,468,422,423,-1,468,423,469,-1,469,423,424,-1,469,424,470,-1,470,424,425,-1,470,425,471,-1,471,425,416,-1,471,416,472,-1,472,416,473,-1,416,415,473,-1,473,415,414,-1,473,414,474,-1,474,414,475,-1,414,413,475,-1,475,413,412,-1,475,412,476,-1,476,412,411,-1,476,411,477,-1,408,445,409,-1,409,445,477,-1,409,477,410,-1,410,477,411,-1,478,440,439,-1,432,479,441,-1,441,479,480,-1,478,439,481,-1,481,439,438,-1,481,438,480,-1,480,438,442,-1,480,442,441,-1,437,482,436,-1,436,482,483,-1,436,483,435,-1,435,483,484,-1,435,484,434,-1,434,484,485,-1,434,485,433,-1,433,485,486,-1,433,486,432,-1,432,486,487,-1,432,487,479,-1,417,466,426,-1,426,466,488,-1,426,488,427,-1,427,488,489,-1,427,489,428,-1,428,489,490,-1,428,490,431,-1,431,490,491,-1,431,491,430,-1,430,491,492,-1,430,492,429,-1,429,492,493,-1,429,493,437,-1,437,493,494,-1,437,494,482,-1,457,390,495,-1,495,390,389,-1,495,389,496,-1,496,389,388,-1,496,388,497,-1,497,388,387,-1,497,387,498,-1,498,387,386,-1,498,386,499,-1,499,386,385,-1,499,385,500,-1,500,385,384,-1,500,384,501,-1,501,384,383,-1,501,383,502,-1,502,383,382,-1,502,382,503,-1,503,382,504,-1,382,381,504,-1,504,381,380,-1,504,380,505,-1,505,380,506,-1,380,379,506,-1,506,379,378,-1,506,378,507,-1,507,378,377,-1,507,377,508,-1,440,478,443,-1,443,478,508,-1,443,508,444,-1,444,508,377,-1,
        ]
    }
}
Shape{
    appearance Appearance {
        material  Material {
            diffuseColor 0.2235294117647059 0.2235294117647059 0.2235294117647059
            specularColor 0.11372549019607843 0.11372549019607843 0.11372549019607843
            ambientIntensity 0.2235
            transparency 0.0
            shininess 0.5
        }
    }
    geometry IndexedFaceSet {
        ccw TRUE
        solid FALSE
        coord DEF co Coordinate {
            point [
                0.8179 0.0561 2.0842, 0.8165 0.0604 2.0839, 0.6724 0.0291 2.0854, 0.6668 -0.0344 2.0869, 0.8282 -0.0344 2.0869, 0.827 0.0002 2.0868, 0.8231 0.0242 2.0857, 0.7998 0.0936 2.0808, 0.793 0.1018 2.0799, 0.713 0.1109 2.0788, 0.7912 0.1036 2.0797, 0.7905 0.1042 2.0796, 0.7826 0.1097 2.0789, 0.7785 0.1126 2.0785, 0.7725 0.115 2.0782, 0.731 0.1183 2.0778, 0.7303 0.1182 2.0778, 0.7219 0.1153 2.0782, 0.7662 0.1175 2.0779, 0.7633 0.1179 2.0779, 0.7464 0.1201 2.0776, 0.7176 0.1139 2.0784, 0.7059 0.1063 2.0793, 0.8072 0.0812 2.082, 0.8033 0.0893 2.0813, 0.7043 0.1046 2.0795, 0.695 0.0949 2.0807, 0.6949 0.0948 2.0807, 0.6872 0.0817 2.082, 0.6843 0.0768 2.0825, 0.6794 0.0613 2.0837, 0.8151 0.0648 2.0836, 0.6736 0.0429 2.0851, 0.6776 -0.1262 2.0815, 0.7986 -0.1629 2.0772, 0.6763 -0.1227 2.0819, 0.6709 -0.0867 2.0845, 0.686 -0.1483 2.0791, 0.687 -0.1508 2.0788, 0.6938 -0.1608 2.0774, 0.6984 -0.1677 2.0765, 0.7009 -0.1701 2.0761, 0.7029 -0.1722 2.0759, 0.7039 -0.1731 2.0757, 0.7118 -0.1787 2.0749, 0.7155 -0.1813 2.0745, 0.7214 -0.1837 2.0741, 0.7272 -0.186 2.0737, 0.7303 -0.1864 2.0736, 0.759 -0.1869 2.0736, 0.7628 -0.1864 2.0737, 0.7694 -0.184 2.074, 0.7464 -0.1886 2.0733, 0.7765 -0.1814 2.0744, 0.7798 -0.1793 2.0748, 0.789 -0.1733 2.0757, 0.789 -0.1732 2.0757, 0.8004 -0.161 2.0774, 0.6679 -0.067 2.086, 0.8069 -0.1497 2.0789, 0.8114 -0.1418 2.0799, 0.815 -0.1303 2.081, 0.8215 -0.1096 2.0832, 0.8226 -0.0966 2.0838
            ]
        }
        coordIndex [
            0,1,2,-1,3,4,5,-1,3,5,2,-1,2,5,6,-1,2,6,0,-1,7,8,9,-1,9,8,10,-1,9,10,11,-1,11,12,9,-1,9,12,13,-1,9,13,14,-1,15,16,17,-1,14,18,19,-1,20,15,19,-1,19,15,17,-1,19,17,14,-1,14,17,21,-1,14,21,9,-1,22,23,9,-1,9,23,24,-1,9,24,7,-1,22,25,23,-1,23,25,26,-1,23,26,27,-1,27,28,23,-1,23,28,29,-1,23,29,30,-1,1,31,2,-1,2,31,23,-1,2,23,32,-1,32,23,30,-1,33,34,35,-1,35,34,36,-1,33,37,34,-1,34,37,38,-1,34,38,39,-1,39,40,34,-1,34,40,41,-1,34,41,42,-1,42,43,34,-1,34,43,44,-1,34,44,45,-1,45,46,34,-1,34,46,47,-1,34,47,48,-1,49,50,51,-1,48,52,49,-1,49,51,48,-1,48,51,53,-1,48,53,54,-1,54,55,48,-1,48,55,56,-1,48,56,34,-1,57,3,34,-1,34,3,58,-1,34,58,36,-1,57,59,3,-1,3,59,60,-1,3,60,61,-1,61,62,3,-1,3,62,63,-1,3,63,4,-1,
        ]
    }
}
Shape{
    appearance Appearance {
        material  Material {
            diffuseColor 0.6470588235294118 0.6470588235294118 0.6470588235294118
            specularColor 0.3215686274509804 0.3215686274509804 0.3215686274509804
            ambientIntensity 0.6471
            transparency 0.0
            shininess 0.5
        }
    }
    geometry IndexedFaceSet {
        ccw TRUE
        solid FALSE
        coord DEF co Coordinate {
            point [
                1.046 -0.2117 2.0692, 1.046 -0.2203 2.0676, 1.046 -0.2196 2.0637, 1.046 -0.1163 2.0826, 1.046 -0.0986 2.0801, 1.046 -0.02 2.087, 1.046 -0.0279 2.083, 1.046 0.0516 2.0845, 1.046 0.0428 2.0812, 1.046 0.0513 2.0806, 0.9535 0.0513 2.0806, 0.9535 0.0516 2.0845, 0.9535 0.0897 2.0773, 0.9535 0.0902 2.0812, 0.9713 0.0917 2.081, 0.9714 0.091 2.0771, 0.9732 0.0911 2.0771, 0.9858 0.093 2.0809, 0.991 0.0942 2.0768, 1.0245 0.1046 2.0756, 1.0245 0.1051 2.0795, 1.011 0.0988 2.0763, 1.011 0.0992 2.0802, 1.0068 0.0969 2.0765, 1.0071 0.0974 2.0804, 0.9911 0.0941 2.0807, 1.0294 0.1085 2.0791, 1.0321 0.1101 2.0749, 1.0327 0.1116 2.0787, 1.0329 0.1109 2.0748, 1.0397 0.1183 2.0778, 1.0397 0.118 2.0739, 1.0398 0.1184 2.0778, 1.0405 0.1189 2.0738, 1.0456 0.1281 2.0764, 1.0457 0.1275 2.0725, 1.0498 0.135 2.0754, 1.0498 0.1343 2.0716, 1.0513 0.14 2.0746, 1.0513 0.1394 2.0707, 1.0589 0.1647 2.0705, 1.0589 0.164 2.0667, 1.0954 0.164 2.0667, 1.0954 0.1647 2.0705, 1.0954 0.0428 2.0812, 1.0954 -0.02 2.087, 1.0954 -0.0279 2.083, 1.0954 -0.0986 2.0801, 1.0954 -0.1163 2.0826, 1.0954 -0.2196 2.0637, 1.0954 -0.2117 2.0692, 1.0954 -0.2203 2.0676
            ]
        }
        coordIndex [
            0,1,2,-1,0,2,3,-1,3,2,4,-1,3,4,5,-1,5,4,6,-1,5,6,7,-1,7,6,8,-1,7,8,9,-1,10,11,9,-1,9,11,7,-1,12,13,10,-1,10,13,11,-1,14,13,12,-1,12,15,14,-1,14,15,16,-1,14,16,17,-1,17,16,18,-1,19,20,21,-1,21,20,22,-1,21,22,23,-1,23,22,24,-1,23,24,18,-1,18,24,25,-1,18,25,17,-1,20,19,26,-1,26,19,27,-1,26,27,28,-1,28,27,29,-1,28,29,30,-1,30,29,31,-1,30,31,32,-1,32,31,33,-1,32,33,34,-1,34,33,35,-1,34,35,36,-1,36,35,37,-1,36,37,38,-1,38,37,39,-1,38,39,40,-1,40,39,41,-1,42,43,41,-1,41,43,40,-1,43,42,44,-1,43,44,45,-1,44,46,45,-1,45,46,47,-1,45,47,48,-1,48,47,49,-1,48,49,50,-1,50,49,51,-1,49,2,51,-1,51,2,1,-1,2,49,47,-1,15,12,10,-1,42,41,39,-1,37,35,9,-1,35,33,9,-1,9,33,31,-1,9,31,29,-1,29,27,9,-1,9,27,19,-1,9,19,21,-1,21,23,9,-1,9,23,18,-1,9,18,10,-1,10,18,16,-1,10,16,15,-1,39,37,42,-1,42,37,9,-1,42,9,44,-1,44,9,8,-1,44,8,46,-1,46,8,6,-1,46,6,47,-1,47,6,4,-1,47,4,2,-1,
        ]
    }
}
Shape{
    appearance Appearance {
        material  Material {
            diffuseColor 0.7686274509803922 0.7686274509803922 0.7686274509803922
            specularColor 0.615686274509804 0.615686274509804 0.615686274509804
            ambientIntensity 0.7686
            transparency 0.0
            shininess 0.5
        }
    }
    geometry IndexedFaceSet {
        ccw TRUE
        solid FALSE
        coord DEF co Coordinate {
            point [
                -2.7754 0.0981 -1.378, -2.7518 0.0411 -1.378, -2.98 -0.02 -1.378, -2.7438 -0.02 -1.378, -2.7518 -0.0811 -1.378, -2.9189 0.2082 -1.378, -2.8619 0.1846 -1.378, -2.813 0.147 -1.378, -3.0981 0.1846 -1.378, -3.0411 0.2082 -1.378, -2.98 0.2162 -1.378, -3.2082 0.0411 -1.378, -3.1846 0.0981 -1.378, -3.147 0.147 -1.378, -3.1846 -0.1381 -1.378, -3.2082 -0.0811 -1.378, -3.2162 -0.02 -1.378, -3.0411 -0.2482 -1.378, -3.0981 -0.2246 -1.378, -3.147 -0.187 -1.378, -2.8619 -0.2246 -1.378, -2.9189 -0.2482 -1.378, -2.98 -0.2562 -1.378, -2.7754 -0.1381 -1.378, -2.813 -0.187 -1.378, -3.2082 0.0411 0.65, -3.1846 0.0981 0.65, -3.147 0.147 0.65, -3.0981 0.1846 0.65, -3.0411 0.2082 0.65, -2.98 0.2162 0.65, -2.9189 0.2082 0.65, -2.8619 0.1846 0.65, -2.813 0.147 0.65, -2.7754 0.0981 0.65, -2.7518 0.0411 0.65, -2.7438 -0.02 0.65, -2.7518 -0.0811 0.65, -2.7754 -0.1381 0.65, -2.813 -0.187 0.65, -2.8619 -0.2246 0.65, -2.9189 -0.2482 0.65, -2.98 -0.2562 0.65, -3.0411 -0.2482 0.65, -3.0981 -0.2246 0.65, -3.147 -0.187 0.65, -3.1846 -0.1381 0.65, -3.2082 -0.0811 0.65, -3.2162 -0.02 0.65, -2.5863 -0.02 0.8075, -2.6109 -0.02 0.8055, -2.5863 0.0411 0.8155, -2.6122 0.0411 0.8135, -2.5863 0.0981 0.8391, -2.6159 0.0981 0.8368, -2.5863 0.147 0.8767, -2.6218 0.147 0.8739, -2.5863 0.1846 0.9256, -2.6294 0.1846 0.9222, -2.5863 0.2082 0.9826, -2.6383 0.2082 0.9785, -2.5863 0.2162 1.0437, -2.6479 0.2162 1.0389, -2.5863 0.2082 1.1048, -2.6575 0.2082 1.0992, -2.5863 0.1846 1.1618, -2.6664 0.1846 1.1555, -2.5863 0.147 1.2107, -2.674 0.147 1.2038, -2.5863 0.0981 1.2483, -2.6799 0.0981 1.2409, -2.5863 0.0411 1.2719, -2.6836 0.0411 1.2642, -2.5863 -0.02 1.2799, -2.6848 -0.02 1.2722, -2.5863 -0.0811 1.2719, -2.6836 -0.0811 1.2642, -2.5863 -0.1381 1.2483, -2.6799 -0.1381 1.2409, -2.5863 -0.187 1.2107, -2.674 -0.187 1.2038, -2.5863 -0.2246 1.1618, -2.6664 -0.2246 1.1555, -2.5863 -0.2482 1.1048, -2.6575 -0.2482 1.0992, -2.5863 -0.2562 1.0437, -2.6479 -0.2562 1.0389, -2.5863 -0.2482 0.9826, -2.6383 -0.2482 0.9785, -2.5863 -0.2246 0.9256, -2.6294 -0.2246 0.9222, -2.5863 -0.187 0.8767, -2.6218 -0.187 0.8739, -2.5863 -0.1381 0.8391, -2.6159 -0.1381 0.8368, -2.5863 -0.0811 0.8155, -2.6122 -0.0811 0.8135, -2.635 -0.02 0.7998, -2.6375 0.0411 0.8074, -2.6447 0.0981 0.8299, -2.6563 0.147 0.8656, -2.6715 0.1846 0.9121, -2.6891 0.2082 0.9663, -2.708 0.2162 1.0244, -2.7269 0.2082 1.0826, -2.7445 0.1846 1.1368, -2.7596 0.147 1.1833, -2.7712 0.0981 1.219, -2.7785 0.0411 1.2414, -2.781 -0.02 1.2491, -2.7785 -0.0811 1.2414, -2.7712 -0.1381 1.219, -2.7596 -0.187 1.1833, -2.7445 -0.2246 1.1368, -2.7269 -0.2482 1.0826, -2.708 -0.2562 1.0244, -2.6891 -0.2482 0.9663, -2.6715 -0.2246 0.9121, -2.6563 -0.187 0.8656, -2.6447 -0.1381 0.8299, -2.6375 -0.0811 0.8074, -2.6578 -0.02 0.7903, -2.6614 0.0411 0.7975, -2.6722 0.0981 0.8185, -2.6892 0.147 0.852, -2.7114 0.1846 0.8956, -2.7373 0.2082 0.9463, -2.765 0.2162 1.0008, -2.7928 0.2082 1.0553, -2.8187 0.1846 1.106, -2.8409 0.147 1.1496, -2.8579 0.0981 1.1831, -2.8686 0.0411 1.2041, -2.8723 -0.02 1.2113, -2.8686 -0.0811 1.2041, -2.8579 -0.1381 1.1831, -2.8409 -0.187 1.1496, -2.8187 -0.2246 1.106, -2.7928 -0.2482 1.0553, -2.765 -0.2562 1.0008, -2.7373 -0.2482 0.9463, -2.7114 -0.2246 0.8956, -2.6892 -0.187 0.852, -2.6722 -0.1381 0.8185, -2.6614 -0.0811 0.7975, -2.6789 -0.02 0.7774, -2.6836 0.0411 0.7839, -2.6975 0.0981 0.803, -2.7195 0.147 0.8334, -2.7483 0.1846 0.873, -2.7818 0.2082 0.919, -2.8177 0.2162 0.9685, -2.8536 0.2082 1.018, -2.8871 0.1846 1.0641, -2.9159 0.147 1.1036, -2.938 0.0981 1.134, -2.9518 0.0411 1.1531, -2.9566 -0.02 1.1596, -2.9518 -0.0811 1.1531, -2.938 -0.1381 1.134, -2.9159 -0.187 1.1036, -2.8871 -0.2246 1.0641, -2.8536 -0.2482 1.018, -2.8177 -0.2562 0.9685, -2.7818 -0.2482 0.919, -2.7483 -0.2246 0.873, -2.7195 -0.187 0.8334, -2.6975 -0.1381 0.803, -2.6836 -0.0811 0.7839, -2.6977 -0.02 0.7614, -2.7033 0.0411 0.767, -2.72 0.0981 0.7837, -2.7466 0.147 0.8103, -2.7812 0.1846 0.8449, -2.8215 0.2082 0.8852, -2.8647 0.2162 0.9284, -2.9079 0.2082 0.9716, -2.9482 0.1846 1.0119, -2.9828 0.147 1.0465, -3.0093 0.0981 1.073, -3.026 0.0411 1.0897, -3.0317 -0.02 1.0954, -3.026 -0.0811 1.0897, -3.0093 -0.1381 1.073, -2.9828 -0.187 1.0465, -2.9482 -0.2246 1.0119, -2.9079 -0.2482 0.9716, -2.8647 -0.2562 0.9284, -2.8215 -0.2482 0.8852, -2.7812 -0.2246 0.8449, -2.7466 -0.187 0.8103, -2.72 -0.1381 0.7837, -2.7033 -0.0811 0.767, -2.7137 -0.02 0.7426, -2.7202 0.0411 0.7473, -2.7393 0.0981 0.7612, -2.7697 0.147 0.7832, -2.8093 0.1846 0.812, -2.8553 0.2082 0.8455, -2.9048 0.2162 0.8814, -2.9543 0.2082 0.9173, -3.0004 0.1846 0.9508, -3.0399 0.147 0.9796, -3.0703 0.0981 1.0017, -3.0894 0.0411 1.0155, -3.0959 -0.02 1.0203, -3.0894 -0.0811 1.0155, -3.0703 -0.1381 1.0017, -3.0399 -0.187 0.9796, -3.0004 -0.2246 0.9508, -2.9543 -0.2482 0.9173, -2.9048 -0.2562 0.8814, -2.8553 -0.2482 0.8455, -2.8093 -0.2246 0.812, -2.7697 -0.187 0.7832, -2.7393 -0.1381 0.7612, -2.7202 -0.0811 0.7473, -2.7266 -0.02 0.7215, -2.7338 0.0411 0.7251, -2.7548 0.0981 0.7359, -2.7883 0.147 0.7529, -2.8319 0.1846 0.7751, -2.8826 0.2082 0.801, -2.9371 0.2162 0.8287, -2.9916 0.2082 0.8565, -3.0423 0.1846 0.8824, -3.0859 0.147 0.9046, -3.1194 0.0981 0.9216, -3.1404 0.0411 0.9323, -3.1476 -0.02 0.936, -3.1404 -0.0811 0.9323, -3.1194 -0.1381 0.9216, -3.0859 -0.187 0.9046, -3.0423 -0.2246 0.8824, -2.9916 -0.2482 0.8565, -2.9371 -0.2562 0.8287, -2.8826 -0.2482 0.801, -2.8319 -0.2246 0.7751, -2.7883 -0.187 0.7529, -2.7548 -0.1381 0.7359, -2.7338 -0.0811 0.7251, -2.7361 -0.02 0.6987, -2.7437 0.0411 0.7012, -2.7662 0.0981 0.7084, -2.8019 0.147 0.72, -2.8484 0.1846 0.7352, -2.9026 0.2082 0.7528, -2.9607 0.2162 0.7717, -3.0189 0.2082 0.7906, -3.0731 0.1846 0.8082, -3.1196 0.147 0.8233, -3.1553 0.0981 0.8349, -3.1777 0.0411 0.8422, -3.1854 -0.02 0.8447, -3.1777 -0.0811 0.8422, -3.1553 -0.1381 0.8349, -3.1196 -0.187 0.8233, -3.0731 -0.2246 0.8082, -3.0189 -0.2482 0.7906, -2.9607 -0.2562 0.7717, -2.9026 -0.2482 0.7528, -2.8484 -0.2246 0.7352, -2.8019 -0.187 0.72, -2.7662 -0.1381 0.7084, -2.7437 -0.0811 0.7012, -2.7418 -0.02 0.6746, -2.7498 0.0411 0.6759, -2.7731 0.0981 0.6796, -2.8102 0.147 0.6855, -2.8585 0.1846 0.6931, -2.9148 0.2082 0.702, -2.9752 0.2162 0.7116, -3.0355 0.2082 0.7212, -3.0918 0.1846 0.7301, -3.1401 0.147 0.7377, -3.1772 0.0981 0.7436, -3.2005 0.0411 0.7473, -3.2085 -0.02 0.7485, -3.2005 -0.0811 0.7473, -3.1772 -0.1381 0.7436, -3.1401 -0.187 0.7377, -3.0918 -0.2246 0.7301, -3.0355 -0.2482 0.7212, -2.9752 -0.2562 0.7116, -2.9148 -0.2482 0.702, -2.8585 -0.2246 0.6931, -2.8102 -0.187 0.6855, -2.7731 -0.1381 0.6796, -2.7498 -0.0811 0.6759, -1.6335 -0.02 0.8075, -1.6335 0.0411 0.8155, -1.6335 0.0981 0.8391, -1.6335 0.147 0.8767, -1.6335 0.1846 0.9256, -1.6335 0.2082 0.9826, -1.6335 0.2162 1.0437, -1.6335 0.2082 1.1048, -1.6335 0.1846 1.1618, -1.6335 0.147 1.2107, -1.6335 0.0981 1.2483, -1.6335 0.0411 1.2719, -1.6335 -0.02 1.2799, -1.6335 -0.0811 1.2719, -1.6335 -0.1381 1.2483, -1.6335 -0.187 1.2107, -1.6335 -0.2246 1.1618, -1.6335 -0.2482 1.1048, -1.6335 -0.2562 1.0437, -1.6335 -0.2482 0.9826, -1.6335 -0.2246 0.9256, -1.6335 -0.187 0.8767, -1.6335 -0.1381 0.8391, -1.6335 -0.0811 0.8155, 2.7838 -0.02 -1.378, 2.7918 0.0411 0.65, 2.7918 0.0411 -1.378, 2.8154 0.0981 0.65, 2.8154 0.0981 -1.378, 2.853 0.147 0.65, 2.853 0.147 -1.378, 2.9019 0.1846 0.65, 2.9019 0.1846 -1.378, 2.9589 0.2082 0.65, 2.9589 0.2082 -1.378, 3.02 0.2162 0.65, 3.02 0.2162 -1.378, 3.0811 0.2082 0.65, 3.0811 0.2082 -1.378, 3.1381 0.1846 0.65, 3.1381 0.1846 -1.378, 3.187 0.147 0.65, 3.187 0.147 -1.378, 3.2246 0.0981 0.65, 3.2246 0.0981 -1.378, 3.2482 0.0411 0.65, 3.2482 0.0411 -1.378, 3.2562 -0.02 0.65, 3.2562 -0.02 -1.378, 3.2482 -0.0811 0.65, 3.2482 -0.0811 -1.378, 3.2246 -0.1381 0.65, 3.2246 -0.1381 -1.378, 3.187 -0.187 0.65, 3.187 -0.187 -1.378, 3.1381 -0.2246 0.65, 3.1381 -0.2246 -1.378, 3.0811 -0.2482 0.65, 3.0811 -0.2482 -1.378, 3.02 -0.2562 0.65, 3.02 -0.2562 -1.378, 2.9589 -0.2482 0.65, 2.9589 -0.2482 -1.378, 2.9019 -0.2246 0.65, 2.9019 -0.2246 -1.378, 2.853 -0.187 0.65, 2.853 -0.187 -1.378, 2.8154 -0.1381 0.65, 2.8154 -0.1381 -1.378, 2.7918 -0.0811 0.65, 2.7918 -0.0811 -1.378, 2.7838 -0.02 0.65, 2.7818 -0.02 0.6746, 2.7898 0.0411 0.6759, 2.8131 0.0981 0.6796, 2.8502 0.147 0.6855, 2.8985 0.1846 0.6931, 2.9548 0.2082 0.702, 3.0152 0.2162 0.7116, 3.0755 0.2082 0.7212, 3.1318 0.1846 0.7301, 3.1801 0.147 0.7377, 3.2172 0.0981 0.7436, 3.2405 0.0411 0.7473, 3.2485 -0.02 0.7485, 3.2405 -0.0811 0.7473, 3.2172 -0.1381 0.7436, 3.1801 -0.187 0.7377, 3.1318 -0.2246 0.7301, 3.0755 -0.2482 0.7212, 3.0152 -0.2562 0.7116, 2.9548 -0.2482 0.702, 2.8985 -0.2246 0.6931, 2.8502 -0.187 0.6855, 2.8131 -0.1381 0.6796, 2.7898 -0.0811 0.6759, 2.7761 -0.02 0.6987, 2.7837 0.0411 0.7012, 2.8062 0.0981 0.7084, 2.8419 0.147 0.72, 2.8884 0.1846 0.7352, 2.9426 0.2082 0.7528, 3.0007 0.2162 0.7717, 3.0589 0.2082 0.7906, 3.1131 0.1846 0.8082, 3.1596 0.147 0.8233, 3.1953 0.0981 0.8349, 3.2177 0.0411 0.8422, 3.2254 -0.02 0.8447, 3.2177 -0.0811 0.8422, 3.1953 -0.1381 0.8349, 3.1596 -0.187 0.8233, 3.1131 -0.2246 0.8082, 3.0589 -0.2482 0.7906, 3.0007 -0.2562 0.7717, 2.9426 -0.2482 0.7528, 2.8884 -0.2246 0.7352, 2.8419 -0.187 0.72, 2.8062 -0.1381 0.7084, 2.7837 -0.0811 0.7012, 2.7666 -0.02 0.7215, 2.7738 0.0411 0.7251, 2.7948 0.0981 0.7359, 2.8283 0.147 0.7529, 2.8719 0.1846 0.7751, 2.9226 0.2082 0.801, 2.9771 0.2162 0.8287, 3.0316 0.2082 0.8565, 3.0823 0.1846 0.8824, 3.1259 0.147 0.9046, 3.1594 0.0981 0.9216, 3.1804 0.0411 0.9323, 3.1876 -0.02 0.936, 3.1804 -0.0811 0.9323, 3.1594 -0.1381 0.9216, 3.1259 -0.187 0.9046, 3.0823 -0.2246 0.8824, 3.0316 -0.2482 0.8565, 2.9771 -0.2562 0.8287, 2.9226 -0.2482 0.801, 2.8719 -0.2246 0.7751, 2.8283 -0.187 0.7529, 2.7948 -0.1381 0.7359, 2.7738 -0.0811 0.7251, 2.7537 -0.02 0.7426, 2.7602 0.0411 0.7473, 2.7793 0.0981 0.7612, 2.8097 0.147 0.7832, 2.8493 0.1846 0.812, 2.8953 0.2082 0.8455, 2.9448 0.2162 0.8814, 2.9943 0.2082 0.9173, 3.0404 0.1846 0.9508, 3.0799 0.147 0.9796, 3.1103 0.0981 1.0017, 3.1294 0.0411 1.0155, 3.1359 -0.02 1.0203, 3.1294 -0.0811 1.0155, 3.1103 -0.1381 1.0017, 3.0799 -0.187 0.9796, 3.0404 -0.2246 0.9508, 2.9943 -0.2482 0.9173, 2.9448 -0.2562 0.8814, 2.8953 -0.2482 0.8455, 2.8493 -0.2246 0.812, 2.8097 -0.187 0.7832, 2.7793 -0.1381 0.7612, 2.7602 -0.0811 0.7473, 2.7377 -0.02 0.7614, 2.7433 0.0411 0.767, 2.76 0.0981 0.7837, 2.7866 0.147 0.8103, 2.8212 0.1846 0.8449, 2.8615 0.2082 0.8852, 2.9047 0.2162 0.9284, 2.9479 0.2082 0.9716, 2.9882 0.1846 1.0119, 3.0228 0.147 1.0465, 3.0493 0.0981 1.073, 3.066 0.0411 1.0897, 3.0717 -0.02 1.0954, 3.066 -0.0811 1.0897, 3.0493 -0.1381 1.073, 3.0228 -0.187 1.0465, 2.9882 -0.2246 1.0119, 2.9479 -0.2482 0.9716, 2.9047 -0.2562 0.9284, 2.8615 -0.2482 0.8852, 2.8212 -0.2246 0.8449, 2.7866 -0.187 0.8103, 2.76 -0.1381 0.7837, 2.7433 -0.0811 0.767, 2.7189 -0.02 0.7774, 2.7236 0.0411 0.7839, 2.7375 0.0981 0.803, 2.7595 0.147 0.8334, 2.7883 0.1846 0.873, 2.8218 0.2082 0.919, 2.8577 0.2162 0.9685, 2.8936 0.2082 1.018, 2.9271 0.1846 1.0641, 2.9559 0.147 1.1036, 2.978 0.0981 1.134, 2.9918 0.0411 1.1531, 2.9966 -0.02 1.1596, 2.9918 -0.0811 1.1531, 2.978 -0.1381 1.134, 2.9559 -0.187 1.1036, 2.9271 -0.2246 1.0641, 2.8936 -0.2482 1.018, 2.8577 -0.2562 0.9685, 2.8218 -0.2482 0.919, 2.7883 -0.2246 0.873, 2.7595 -0.187 0.8334, 2.7375 -0.1381 0.803, 2.7236 -0.0811 0.7839, 2.6978 -0.02 0.7903, 2.7014 0.0411 0.7975, 2.7122 0.0981 0.8185, 2.7292 0.147 0.852, 2.7514 0.1846 0.8956, 2.7773 0.2082 0.9463, 2.805 0.2162 1.0008, 2.8328 0.2082 1.0553, 2.8587 0.1846 1.106, 2.8809 0.147 1.1496, 2.8979 0.0981 1.1831, 2.9086 0.0411 1.2041, 2.9123 -0.02 1.2113, 2.9086 -0.0811 1.2041, 2.8979 -0.1381 1.1831, 2.8809 -0.187 1.1496, 2.8587 -0.2246 1.106, 2.8328 -0.2482 1.0553, 2.805 -0.2562 1.0008, 2.7773 -0.2482 0.9463, 2.7514 -0.2246 0.8956, 2.7292 -0.187 0.852, 2.7122 -0.1381 0.8185, 2.7014 -0.0811 0.7975, 2.675 -0.02 0.7998, 2.6775 0.0411 0.8074, 2.6847 0.0981 0.8299, 2.6963 0.147 0.8656, 2.7115 0.1846 0.9121, 2.7291 0.2082 0.9663, 2.748 0.2162 1.0244, 2.7669 0.2082 1.0826, 2.7845 0.1846 1.1368, 2.7996 0.147 1.1833, 2.8112 0.0981 1.219, 2.8185 0.0411 1.2414, 2.821 -0.02 1.2491, 2.8185 -0.0811 1.2414, 2.8112 -0.1381 1.219, 2.7996 -0.187 1.1833, 2.7845 -0.2246 1.1368, 2.7669 -0.2482 1.0826, 2.748 -0.2562 1.0244, 2.7291 -0.2482 0.9663, 2.7115 -0.2246 0.9121, 2.6963 -0.187 0.8656, 2.6847 -0.1381 0.8299, 2.6775 -0.0811 0.8074, 2.6509 -0.02 0.8055, 2.6522 0.0411 0.8135, 2.6559 0.0981 0.8368, 2.6618 0.147 0.8739, 2.6694 0.1846 0.9222, 2.6783 0.2082 0.9785, 2.6879 0.2162 1.0389, 2.6975 0.2082 1.0992, 2.7064 0.1846 1.1555, 2.714 0.147 1.2038, 2.7199 0.0981 1.2409, 2.7236 0.0411 1.2642, 2.7248 -0.02 1.2722, 2.7236 -0.0811 1.2642, 2.7199 -0.1381 1.2409, 2.714 -0.187 1.2038, 2.7064 -0.2246 1.1555, 2.6975 -0.2482 1.0992, 2.6879 -0.2562 1.0389, 2.6783 -0.2482 0.9785, 2.6694 -0.2246 0.9222, 2.6618 -0.187 0.8739, 2.6559 -0.1381 0.8368, 2.6522 -0.0811 0.8135, 2.6263 -0.02 0.8075, 2.6263 0.0411 0.8155, 2.6263 0.0981 0.8391, 2.6263 0.147 0.8767, 2.6263 0.1846 0.9256, 2.6263 0.2082 0.9826, 2.6263 0.2162 1.0437, 2.6263 0.2082 1.1048, 2.6263 0.1846 1.1618, 2.6263 0.147 1.2107, 2.6263 0.0981 1.2483, 2.6263 0.0411 1.2719, 2.6263 -0.02 1.2799, 2.6263 -0.0811 1.2719, 2.6263 -0.1381 1.2483, 2.6263 -0.187 1.2107, 2.6263 -0.2246 1.1618, 2.6263 -0.2482 1.1048, 2.6263 -0.2562 1.0437, 2.6263 -0.2482 0.9826, 2.6263 -0.2246 0.9256, 2.6263 -0.187 0.8767, 2.6263 -0.1381 0.8391, 2.6263 -0.0811 0.8155, 1.6735 0.0411 0.8155, 1.6735 0.0981 0.8391, 1.6735 0.147 0.8767, 1.6735 0.1846 0.9256, 1.6735 0.2082 0.9826, 1.6735 0.2162 1.0437, 1.6735 0.2082 1.1048, 1.6735 0.1846 1.1618, 1.6735 0.147 1.2107, 1.6735 0.0981 1.2483, 1.6735 0.0411 1.2719, 1.6735 -0.02 1.2799, 1.6735 -0.0811 1.2719, 1.6735 -0.1381 1.2483, 1.6735 -0.187 1.2107, 1.6735 -0.2246 1.1618, 1.6735 -0.2482 1.1048, 1.6735 -0.2562 1.0437, 1.6735 -0.2482 0.9826, 1.6735 -0.2246 0.9256, 1.6735 -0.187 0.8767, 1.6735 -0.1381 0.8391, 1.6735 -0.0811 0.8155, 1.6735 -0.02 0.8075, 3.02 -0.02 -1.378
            ]
        }
        coordIndex [
            0,1,2,-1,2,1,3,-1,2,3,4,-1,5,6,2,-1,2,6,7,-1,2,7,0,-1,8,9,2,-1,2,9,10,-1,2,10,5,-1,11,12,2,-1,2,12,13,-1,2,13,8,-1,14,15,2,-1,2,15,16,-1,2,16,11,-1,17,18,2,-1,2,18,19,-1,2,19,14,-1,20,21,2,-1,2,21,22,-1,2,22,17,-1,4,23,2,-1,2,23,24,-1,2,24,20,-1,16,25,11,-1,11,25,26,-1,11,26,12,-1,12,26,27,-1,12,27,13,-1,13,27,28,-1,13,28,8,-1,8,28,29,-1,8,29,9,-1,9,29,30,-1,9,30,10,-1,10,30,31,-1,10,31,5,-1,5,31,32,-1,5,32,6,-1,6,32,33,-1,6,33,7,-1,7,33,34,-1,7,34,0,-1,0,34,35,-1,0,35,1,-1,1,35,36,-1,1,36,3,-1,3,36,37,-1,3,37,4,-1,4,37,38,-1,4,38,23,-1,23,38,39,-1,23,39,24,-1,24,39,40,-1,24,40,20,-1,20,40,41,-1,20,41,21,-1,21,41,42,-1,21,42,22,-1,22,42,43,-1,22,43,17,-1,17,43,44,-1,17,44,18,-1,18,44,45,-1,18,45,19,-1,19,45,46,-1,19,46,14,-1,14,46,47,-1,14,47,15,-1,15,47,48,-1,15,48,16,-1,16,48,25,-1,49,50,51,-1,51,50,52,-1,51,52,53,-1,53,52,54,-1,53,54,55,-1,55,54,56,-1,55,56,57,-1,57,56,58,-1,57,58,59,-1,59,58,60,-1,59,60,61,-1,61,60,62,-1,61,62,63,-1,63,62,64,-1,63,64,65,-1,65,64,66,-1,65,66,67,-1,67,66,68,-1,67,68,69,-1,69,68,70,-1,69,70,71,-1,71,70,72,-1,71,72,73,-1,73,72,74,-1,73,74,75,-1,75,74,76,-1,75,76,77,-1,77,76,78,-1,77,78,79,-1,79,78,80,-1,79,80,81,-1,81,80,82,-1,81,82,83,-1,83,82,84,-1,83,84,85,-1,85,84,86,-1,85,86,87,-1,87,86,88,-1,87,88,89,-1,89,88,90,-1,89,90,91,-1,91,90,92,-1,91,92,93,-1,93,92,94,-1,93,94,95,-1,95,94,96,-1,95,96,49,-1,49,96,50,-1,50,97,52,-1,52,97,98,-1,52,98,54,-1,54,98,99,-1,54,99,56,-1,56,99,100,-1,56,100,58,-1,58,100,101,-1,58,101,60,-1,60,101,102,-1,60,102,62,-1,62,102,103,-1,62,103,64,-1,64,103,104,-1,64,104,66,-1,66,104,105,-1,66,105,68,-1,68,105,106,-1,68,106,70,-1,70,106,107,-1,70,107,72,-1,72,107,108,-1,72,108,74,-1,74,108,109,-1,74,109,76,-1,76,109,110,-1,76,110,78,-1,78,110,111,-1,78,111,80,-1,80,111,112,-1,80,112,82,-1,82,112,113,-1,82,113,84,-1,84,113,114,-1,84,114,86,-1,86,114,115,-1,86,115,88,-1,88,115,116,-1,88,116,90,-1,90,116,117,-1,90,117,92,-1,92,117,118,-1,92,118,94,-1,94,118,119,-1,94,119,96,-1,96,119,120,-1,96,120,50,-1,50,120,97,-1,97,121,98,-1,98,121,122,-1,98,122,99,-1,99,122,123,-1,99,123,100,-1,100,123,124,-1,100,124,101,-1,101,124,125,-1,101,125,102,-1,102,125,126,-1,102,126,103,-1,103,126,127,-1,103,127,104,-1,104,127,128,-1,104,128,105,-1,105,128,129,-1,105,129,106,-1,106,129,130,-1,106,130,107,-1,107,130,131,-1,107,131,108,-1,108,131,132,-1,108,132,109,-1,109,132,133,-1,109,133,110,-1,110,133,134,-1,110,134,111,-1,111,134,135,-1,111,135,112,-1,112,135,136,-1,112,136,113,-1,113,136,137,-1,113,137,114,-1,114,137,138,-1,114,138,115,-1,115,138,139,-1,115,139,116,-1,116,139,140,-1,116,140,117,-1,117,140,141,-1,117,141,118,-1,118,141,142,-1,118,142,119,-1,119,142,143,-1,119,143,120,-1,120,143,144,-1,120,144,97,-1,97,144,121,-1,121,145,122,-1,122,145,146,-1,122,146,123,-1,123,146,147,-1,123,147,124,-1,124,147,148,-1,124,148,125,-1,125,148,149,-1,125,149,126,-1,126,149,150,-1,126,150,127,-1,127,150,151,-1,127,151,128,-1,128,151,152,-1,128,152,129,-1,129,152,153,-1,129,153,130,-1,130,153,154,-1,130,154,131,-1,131,154,155,-1,131,155,132,-1,132,155,156,-1,132,156,133,-1,133,156,157,-1,133,157,134,-1,134,157,158,-1,134,158,135,-1,135,158,159,-1,135,159,136,-1,136,159,160,-1,136,160,137,-1,137,160,161,-1,137,161,138,-1,138,161,162,-1,138,162,139,-1,139,162,163,-1,139,163,140,-1,140,163,164,-1,140,164,141,-1,141,164,165,-1,141,165,142,-1,142,165,166,-1,142,166,143,-1,143,166,167,-1,143,167,144,-1,144,167,168,-1,144,168,121,-1,121,168,145,-1,145,169,146,-1,146,169,170,-1,146,170,147,-1,147,170,171,-1,147,171,148,-1,148,171,172,-1,148,172,149,-1,149,172,173,-1,149,173,150,-1,150,173,174,-1,150,174,151,-1,151,174,175,-1,151,175,152,-1,152,175,176,-1,152,176,153,-1,153,176,177,-1,153,177,154,-1,154,177,178,-1,154,178,155,-1,155,178,179,-1,155,179,156,-1,156,179,180,-1,156,180,157,-1,157,180,181,-1,157,181,158,-1,158,181,182,-1,158,182,159,-1,159,182,183,-1,159,183,160,-1,160,183,184,-1,160,184,161,-1,161,184,185,-1,161,185,162,-1,162,185,186,-1,162,186,163,-1,163,186,187,-1,163,187,164,-1,164,187,188,-1,164,188,165,-1,165,188,189,-1,165,189,166,-1,166,189,190,-1,166,190,167,-1,167,190,191,-1,167,191,168,-1,168,191,192,-1,168,192,145,-1,145,192,169,-1,169,193,170,-1,170,193,194,-1,170,194,171,-1,171,194,195,-1,171,195,172,-1,172,195,196,-1,172,196,173,-1,173,196,197,-1,173,197,174,-1,174,197,198,-1,174,198,175,-1,175,198,199,-1,175,199,176,-1,176,199,200,-1,176,200,177,-1,177,200,201,-1,177,201,178,-1,178,201,202,-1,178,202,179,-1,179,202,203,-1,179,203,180,-1,180,203,204,-1,180,204,181,-1,181,204,205,-1,181,205,182,-1,182,205,206,-1,182,206,183,-1,183,206,207,-1,183,207,184,-1,184,207,208,-1,184,208,185,-1,185,208,209,-1,185,209,186,-1,186,209,210,-1,186,210,187,-1,187,210,211,-1,187,211,188,-1,188,211,212,-1,188,212,189,-1,189,212,213,-1,189,213,190,-1,190,213,214,-1,190,214,191,-1,191,214,215,-1,191,215,192,-1,192,215,216,-1,192,216,169,-1,169,216,193,-1,193,217,194,-1,194,217,218,-1,194,218,195,-1,195,218,219,-1,195,219,196,-1,196,219,220,-1,196,220,197,-1,197,220,221,-1,197,221,198,-1,198,221,222,-1,198,222,199,-1,199,222,223,-1,199,223,200,-1,200,223,224,-1,200,224,201,-1,201,224,225,-1,201,225,202,-1,202,225,226,-1,202,226,203,-1,203,226,227,-1,203,227,204,-1,204,227,228,-1,204,228,205,-1,205,228,229,-1,205,229,206,-1,206,229,230,-1,206,230,207,-1,207,230,231,-1,207,231,208,-1,208,231,232,-1,208,232,209,-1,209,232,233,-1,209,233,210,-1,210,233,234,-1,210,234,211,-1,211,234,235,-1,211,235,212,-1,212,235,236,-1,212,236,213,-1,213,236,237,-1,213,237,214,-1,214,237,238,-1,214,238,215,-1,215,238,239,-1,215,239,216,-1,216,239,240,-1,216,240,193,-1,193,240,217,-1,217,241,218,-1,218,241,242,-1,218,242,219,-1,219,242,243,-1,219,243,220,-1,220,243,244,-1,220,244,221,-1,221,244,245,-1,221,245,222,-1,222,245,246,-1,222,246,223,-1,223,246,247,-1,223,247,224,-1,224,247,248,-1,224,248,225,-1,225,248,249,-1,225,249,226,-1,226,249,250,-1,226,250,227,-1,227,250,251,-1,227,251,228,-1,228,251,252,-1,228,252,229,-1,229,252,253,-1,229,253,230,-1,230,253,254,-1,230,254,231,-1,231,254,255,-1,231,255,232,-1,232,255,256,-1,232,256,233,-1,233,256,257,-1,233,257,234,-1,234,257,258,-1,234,258,235,-1,235,258,259,-1,235,259,236,-1,236,259,260,-1,236,260,237,-1,237,260,261,-1,237,261,238,-1,238,261,262,-1,238,262,239,-1,239,262,263,-1,239,263,240,-1,240,263,264,-1,240,264,217,-1,217,264,241,-1,241,265,242,-1,242,265,266,-1,242,266,243,-1,243,266,267,-1,243,267,244,-1,244,267,268,-1,244,268,245,-1,245,268,269,-1,245,269,246,-1,246,269,270,-1,246,270,247,-1,247,270,271,-1,247,271,248,-1,248,271,272,-1,248,272,249,-1,249,272,273,-1,249,273,250,-1,250,273,274,-1,250,274,251,-1,251,274,275,-1,251,275,252,-1,252,275,276,-1,252,276,253,-1,253,276,277,-1,253,277,254,-1,254,277,278,-1,254,278,255,-1,255,278,279,-1,255,279,256,-1,256,279,280,-1,256,280,257,-1,257,280,281,-1,257,281,258,-1,258,281,282,-1,258,282,259,-1,259,282,283,-1,259,283,260,-1,260,283,284,-1,260,284,261,-1,261,284,285,-1,261,285,262,-1,262,285,286,-1,262,286,263,-1,263,286,287,-1,263,287,264,-1,264,287,288,-1,264,288,241,-1,241,288,265,-1,265,36,266,-1,266,36,35,-1,266,35,267,-1,267,35,34,-1,267,34,268,-1,268,34,33,-1,268,33,269,-1,269,33,32,-1,269,32,270,-1,270,32,31,-1,270,31,271,-1,271,31,30,-1,271,30,272,-1,272,30,29,-1,272,29,273,-1,273,29,28,-1,273,28,274,-1,274,28,27,-1,274,27,275,-1,275,27,26,-1,275,26,276,-1,276,26,25,-1,276,25,277,-1,277,25,48,-1,277,48,278,-1,278,48,47,-1,278,47,279,-1,279,47,46,-1,279,46,280,-1,280,46,45,-1,280,45,281,-1,281,45,44,-1,281,44,282,-1,282,44,43,-1,282,43,283,-1,283,43,42,-1,283,42,284,-1,284,42,41,-1,284,41,285,-1,285,41,40,-1,285,40,286,-1,286,40,39,-1,286,39,287,-1,287,39,38,-1,287,38,288,-1,288,38,37,-1,288,37,265,-1,265,37,36,-1,289,51,290,-1,290,51,53,-1,290,53,291,-1,291,53,55,-1,291,55,292,-1,292,55,57,-1,292,57,293,-1,293,57,59,-1,293,59,294,-1,294,59,61,-1,294,61,295,-1,295,61,63,-1,295,63,296,-1,296,63,65,-1,296,65,297,-1,297,65,67,-1,297,67,298,-1,298,67,69,-1,298,69,299,-1,299,69,71,-1,299,71,300,-1,300,71,73,-1,300,73,301,-1,301,73,75,-1,301,75,302,-1,302,75,77,-1,302,77,303,-1,303,77,79,-1,303,79,304,-1,304,79,81,-1,304,81,305,-1,305,81,83,-1,305,83,306,-1,306,83,85,-1,306,85,307,-1,307,85,87,-1,307,87,308,-1,308,87,89,-1,308,89,309,-1,309,89,91,-1,309,91,310,-1,310,91,93,-1,310,93,311,-1,311,93,95,-1,311,95,312,-1,312,95,49,-1,312,49,289,-1,289,49,51,-1,313,314,315,-1,315,314,316,-1,315,316,317,-1,317,316,318,-1,317,318,319,-1,319,318,320,-1,319,320,321,-1,321,320,322,-1,321,322,323,-1,323,322,324,-1,323,324,325,-1,325,324,326,-1,325,326,327,-1,327,326,328,-1,327,328,329,-1,329,328,330,-1,329,330,331,-1,331,330,332,-1,331,332,333,-1,333,332,334,-1,333,334,335,-1,335,334,336,-1,335,336,337,-1,337,336,338,-1,337,338,339,-1,339,338,340,-1,339,340,341,-1,341,340,342,-1,341,342,343,-1,343,342,344,-1,343,344,345,-1,345,344,346,-1,345,346,347,-1,347,346,348,-1,347,348,349,-1,349,348,350,-1,349,350,351,-1,351,350,352,-1,351,352,353,-1,353,352,354,-1,353,354,355,-1,355,354,356,-1,355,356,357,-1,357,356,358,-1,357,358,359,-1,359,358,360,-1,359,360,313,-1,313,360,314,-1,360,361,314,-1,314,361,362,-1,314,362,316,-1,316,362,363,-1,316,363,318,-1,318,363,364,-1,318,364,320,-1,320,364,365,-1,320,365,322,-1,322,365,366,-1,322,366,324,-1,324,366,367,-1,324,367,326,-1,326,367,368,-1,326,368,328,-1,328,368,369,-1,328,369,330,-1,330,369,370,-1,330,370,332,-1,332,370,371,-1,332,371,334,-1,334,371,372,-1,334,372,336,-1,336,372,373,-1,336,373,338,-1,338,373,374,-1,338,374,340,-1,340,374,375,-1,340,375,342,-1,342,375,376,-1,342,376,344,-1,344,376,377,-1,344,377,346,-1,346,377,378,-1,346,378,348,-1,348,378,379,-1,348,379,350,-1,350,379,380,-1,350,380,352,-1,352,380,381,-1,352,381,354,-1,354,381,382,-1,354,382,356,-1,356,382,383,-1,356,383,358,-1,358,383,384,-1,358,384,360,-1,360,384,361,-1,361,385,362,-1,362,385,386,-1,362,386,363,-1,363,386,387,-1,363,387,364,-1,364,387,388,-1,364,388,365,-1,365,388,389,-1,365,389,366,-1,366,389,390,-1,366,390,367,-1,367,390,391,-1,367,391,368,-1,368,391,392,-1,368,392,369,-1,369,392,393,-1,369,393,370,-1,370,393,394,-1,370,394,371,-1,371,394,395,-1,371,395,372,-1,372,395,396,-1,372,396,373,-1,373,396,397,-1,373,397,374,-1,374,397,398,-1,374,398,375,-1,375,398,399,-1,375,399,376,-1,376,399,400,-1,376,400,377,-1,377,400,401,-1,377,401,378,-1,378,401,402,-1,378,402,379,-1,379,402,403,-1,379,403,380,-1,380,403,404,-1,380,404,381,-1,381,404,405,-1,381,405,382,-1,382,405,406,-1,382,406,383,-1,383,406,407,-1,383,407,384,-1,384,407,408,-1,384,408,361,-1,361,408,385,-1,385,409,386,-1,386,409,410,-1,386,410,387,-1,387,410,411,-1,387,411,388,-1,388,411,412,-1,388,412,389,-1,389,412,413,-1,389,413,390,-1,390,413,414,-1,390,414,391,-1,391,414,415,-1,391,415,392,-1,392,415,416,-1,392,416,393,-1,393,416,417,-1,393,417,394,-1,394,417,418,-1,394,418,395,-1,395,418,419,-1,395,419,396,-1,396,419,420,-1,396,420,397,-1,397,420,421,-1,397,421,398,-1,398,421,422,-1,398,422,399,-1,399,422,423,-1,399,423,400,-1,400,423,424,-1,400,424,401,-1,401,424,425,-1,401,425,402,-1,402,425,426,-1,402,426,403,-1,403,426,427,-1,403,427,404,-1,404,427,428,-1,404,428,405,-1,405,428,429,-1,405,429,406,-1,406,429,430,-1,406,430,407,-1,407,430,431,-1,407,431,408,-1,408,431,432,-1,408,432,385,-1,385,432,409,-1,409,433,410,-1,410,433,434,-1,410,434,411,-1,411,434,435,-1,411,435,412,-1,412,435,436,-1,412,436,413,-1,413,436,437,-1,413,437,414,-1,414,437,438,-1,414,438,415,-1,415,438,439,-1,415,439,416,-1,416,439,440,-1,416,440,417,-1,417,440,441,-1,417,441,418,-1,418,441,442,-1,418,442,419,-1,419,442,443,-1,419,443,420,-1,420,443,444,-1,420,444,421,-1,421,444,445,-1,421,445,422,-1,422,445,446,-1,422,446,423,-1,423,446,447,-1,423,447,424,-1,424,447,448,-1,424,448,425,-1,425,448,449,-1,425,449,426,-1,426,449,450,-1,426,450,427,-1,427,450,451,-1,427,451,428,-1,428,451,452,-1,428,452,429,-1,429,452,453,-1,429,453,430,-1,430,453,454,-1,430,454,431,-1,431,454,455,-1,431,455,432,-1,432,455,456,-1,432,456,409,-1,409,456,433,-1,433,457,434,-1,434,457,458,-1,434,458,435,-1,435,458,459,-1,435,459,436,-1,436,459,460,-1,436,460,437,-1,437,460,461,-1,437,461,438,-1,438,461,462,-1,438,462,439,-1,439,462,463,-1,439,463,440,-1,440,463,464,-1,440,464,441,-1,441,464,465,-1,441,465,442,-1,442,465,466,-1,442,466,443,-1,443,466,467,-1,443,467,444,-1,444,467,468,-1,444,468,445,-1,445,468,469,-1,445,469,446,-1,446,469,470,-1,446,470,447,-1,447,470,471,-1,447,471,448,-1,448,471,472,-1,448,472,449,-1,449,472,473,-1,449,473,450,-1,450,473,474,-1,450,474,451,-1,451,474,475,-1,451,475,452,-1,452,475,476,-1,452,476,453,-1,453,476,477,-1,453,477,454,-1,454,477,478,-1,454,478,455,-1,455,478,479,-1,455,479,456,-1,456,479,480,-1,456,480,433,-1,433,480,457,-1,457,481,458,-1,458,481,482,-1,458,482,459,-1,459,482,483,-1,459,483,460,-1,460,483,484,-1,460,484,461,-1,461,484,485,-1,461,485,462,-1,462,485,486,-1,462,486,463,-1,463,486,487,-1,463,487,464,-1,464,487,488,-1,464,488,465,-1,465,488,489,-1,465,489,466,-1,466,489,490,-1,466,490,467,-1,467,490,491,-1,467,491,468,-1,468,491,492,-1,468,492,469,-1,469,492,493,-1,469,493,470,-1,470,493,494,-1,470,494,471,-1,471,494,495,-1,471,495,472,-1,472,495,496,-1,472,496,473,-1,473,496,497,-1,473,497,474,-1,474,497,498,-1,474,498,475,-1,475,498,499,-1,475,499,476,-1,476,499,500,-1,476,500,477,-1,477,500,501,-1,477,501,478,-1,478,501,502,-1,478,502,479,-1,479,502,503,-1,479,503,480,-1,480,503,504,-1,480,504,457,-1,457,504,481,-1,481,505,482,-1,482,505,506,-1,482,506,483,-1,483,506,507,-1,483,507,484,-1,484,507,508,-1,484,508,485,-1,485,508,509,-1,485,509,486,-1,486,509,510,-1,486,510,487,-1,487,510,511,-1,487,511,488,-1,488,511,512,-1,488,512,489,-1,489,512,513,-1,489,513,490,-1,490,513,514,-1,490,514,491,-1,491,514,515,-1,491,515,492,-1,492,515,516,-1,492,516,493,-1,493,516,517,-1,493,517,494,-1,494,517,518,-1,494,518,495,-1,495,518,519,-1,495,519,496,-1,496,519,520,-1,496,520,497,-1,497,520,521,-1,497,521,498,-1,498,521,522,-1,498,522,499,-1,499,522,523,-1,499,523,500,-1,500,523,524,-1,500,524,501,-1,501,524,525,-1,501,525,502,-1,502,525,526,-1,502,526,503,-1,503,526,527,-1,503,527,504,-1,504,527,528,-1,504,528,481,-1,481,528,505,-1,505,529,506,-1,506,529,530,-1,506,530,507,-1,507,530,531,-1,507,531,508,-1,508,531,532,-1,508,532,509,-1,509,532,533,-1,509,533,510,-1,510,533,534,-1,510,534,511,-1,511,534,535,-1,511,535,512,-1,512,535,536,-1,512,536,513,-1,513,536,537,-1,513,537,514,-1,514,537,538,-1,514,538,515,-1,515,538,539,-1,515,539,516,-1,516,539,540,-1,516,540,517,-1,517,540,541,-1,517,541,518,-1,518,541,542,-1,518,542,519,-1,519,542,543,-1,519,543,520,-1,520,543,544,-1,520,544,521,-1,521,544,545,-1,521,545,522,-1,522,545,546,-1,522,546,523,-1,523,546,547,-1,523,547,524,-1,524,547,548,-1,524,548,525,-1,525,548,549,-1,525,549,526,-1,526,549,550,-1,526,550,527,-1,527,550,551,-1,527,551,528,-1,528,551,552,-1,528,552,505,-1,505,552,529,-1,529,553,530,-1,530,553,554,-1,530,554,531,-1,531,554,555,-1,531,555,532,-1,532,555,556,-1,532,556,533,-1,533,556,557,-1,533,557,534,-1,534,557,558,-1,534,558,535,-1,535,558,559,-1,535,559,536,-1,536,559,560,-1,536,560,537,-1,537,560,561,-1,537,561,538,-1,538,561,562,-1,538,562,539,-1,539,562,563,-1,539,563,540,-1,540,563,564,-1,540,564,541,-1,541,564,565,-1,541,565,542,-1,542,565,566,-1,542,566,543,-1,543,566,567,-1,543,567,544,-1,544,567,568,-1,544,568,545,-1,545,568,569,-1,545,569,546,-1,546,569,570,-1,546,570,547,-1,547,570,571,-1,547,571,548,-1,548,571,572,-1,548,572,549,-1,549,572,573,-1,549,573,550,-1,550,573,574,-1,550,574,551,-1,551,574,575,-1,551,575,552,-1,552,575,576,-1,552,576,529,-1,529,576,553,-1,553,577,554,-1,554,577,578,-1,554,578,555,-1,555,578,579,-1,555,579,556,-1,556,579,580,-1,556,580,557,-1,557,580,581,-1,557,581,558,-1,558,581,582,-1,558,582,559,-1,559,582,583,-1,559,583,560,-1,560,583,584,-1,560,584,561,-1,561,584,585,-1,561,585,562,-1,562,585,586,-1,562,586,563,-1,563,586,587,-1,563,587,564,-1,564,587,588,-1,564,588,565,-1,565,588,589,-1,565,589,566,-1,566,589,590,-1,566,590,567,-1,567,590,591,-1,567,591,568,-1,568,591,592,-1,568,592,569,-1,569,592,593,-1,569,593,570,-1,570,593,594,-1,570,594,571,-1,571,594,595,-1,571,595,572,-1,572,595,596,-1,572,596,573,-1,573,596,597,-1,573,597,574,-1,574,597,598,-1,574,598,575,-1,575,598,599,-1,575,599,576,-1,576,599,600,-1,576,600,553,-1,553,600,577,-1,577,601,578,-1,578,601,602,-1,578,602,579,-1,579,602,603,-1,579,603,580,-1,580,603,604,-1,580,604,581,-1,581,604,605,-1,581,605,582,-1,582,605,606,-1,582,606,583,-1,583,606,607,-1,583,607,584,-1,584,607,608,-1,584,608,585,-1,585,608,609,-1,585,609,586,-1,586,609,610,-1,586,610,587,-1,587,610,611,-1,587,611,588,-1,588,611,612,-1,588,612,589,-1,589,612,613,-1,589,613,590,-1,590,613,614,-1,590,614,591,-1,591,614,615,-1,591,615,592,-1,592,615,616,-1,592,616,593,-1,593,616,617,-1,593,617,594,-1,594,617,618,-1,594,618,595,-1,595,618,619,-1,595,619,596,-1,596,619,620,-1,596,620,597,-1,597,620,621,-1,597,621,598,-1,598,621,622,-1,598,622,599,-1,599,622,623,-1,599,623,600,-1,600,623,624,-1,600,624,577,-1,577,624,601,-1,357,359,625,-1,625,359,313,-1,625,313,315,-1,351,353,625,-1,625,353,355,-1,625,355,357,-1,345,347,625,-1,625,347,349,-1,625,349,351,-1,339,341,625,-1,625,341,343,-1,625,343,345,-1,333,335,625,-1,625,335,337,-1,625,337,339,-1,327,329,625,-1,625,329,331,-1,625,331,333,-1,321,323,625,-1,625,323,325,-1,625,325,327,-1,315,317,625,-1,625,317,319,-1,625,319,321,-1,
        ]
    }
}
Shape{
    appearance Appearance {
        material  Material {
            diffuseColor 1.0 1.0 1.0
            specularColor 0.8784313725490196 0.8784313725490196 0.8784313725490196
            ambientIntensity 1.0
            transparency 0.0
            shininess 0.5
        }
    }
    geometry IndexedFaceSet {
        ccw TRUE
        solid FALSE
        coord DEF co Coordinate {
            point [
                -0.4026 -0.0911 0.0028, -0.4026 -0.0908 0.0067, -0.3875 -0.1351 0.0068, -0.3725 -0.1784 0.0165, -0.3725 -0.179 0.0126, -0.4676 -0.0912 0.0028, -0.4676 -0.0909 0.0068, -0.5327 -0.0912 0.0028, -0.5327 -0.091 0.0068, -0.5645 -0.1791 0.0126, -0.5645 -0.1785 0.0165, -0.5486 -0.1353 0.0068, -0.5875 -0.1791 0.0126, -0.5875 -0.1785 0.0165, -0.6106 -0.1791 0.0126, -0.6106 -0.1785 0.0165, -0.5035 0.095 0.009, -0.4879 0.135 0.012, -0.5004 0.1027 0.0116, -0.4879 0.1345 0.0159, -0.5036 0.0947 0.011, -0.5371 0.0089 0.0047, -0.5484 -0.02 0.0006, -0.5492 -0.022 0.0053, -0.5492 -0.0221 0.0004, -0.5556 -0.0385 0.0017, -0.5739 -0.0851 0.0064, -0.5557 -0.0385 0.0056, -0.4668 0.1351 0.012, -0.4668 0.1345 0.0159, -0.4457 0.1351 0.012, -0.4457 0.1345 0.0159, -0.3415 -0.139 0.0095, -0.3264 -0.1789 0.0126, -0.3385 -0.1467 0.0121, -0.3264 -0.1783 0.0165, -0.4099 0.041 0.0061, -0.3922 -0.0056 0.0016, -0.3922 -0.0056 0.0055, -0.3868 -0.02 0.0006, -0.386 -0.0221 0.0053, -0.386 -0.0219 0.0004, -0.3742 -0.053 0.0049, -0.3415 -0.1387 0.0115, -0.3494 -0.179 0.0126, -0.3494 -0.1784 0.0165, -0.4654 0.0965 0.0109, -0.4603 0.0746 0.0086, -0.447 0.0376 0.0059, -0.4256 -0.0221 0.0053, -0.5185 -0.0565 0.005, -0.4659 -0.0565 0.005, -0.4132 -0.0564 0.005, -0.5061 -0.022 0.0044, -0.5051 -0.0193 0.0043, -0.4712 0.0746 0.0086, -0.4132 -0.0565 0.001, -0.4368 0.0093 0.0008, -0.4603 0.075 0.0047, -0.5185 -0.0567 0.001, -0.4659 -0.0566 0.001, -0.4949 0.0092 0.0008, -0.4712 0.0749 0.0047, -0.4684 0.0862 0.0058, -0.4654 0.0969 0.007, -0.4632 0.0856 0.0058, -0.0499 -0.1388 0.0095, -0.0499 -0.1788 0.0125, -0.0499 -0.1465 0.0121, -0.0499 -0.1782 0.0164, -0.0501 0.1347 0.0159, -0.0501 0.1353 0.012, -0.0501 0.0413 0.0061, -0.05 -0.0054 0.0016, -0.05 -0.0053 0.0055, -0.05 -0.02 0.0005, -0.05 -0.0218 0.0053, -0.05 -0.0217 0.0004, -0.05 -0.0528 0.0048, -0.0499 -0.1385 0.0114, -0.0927 -0.1788 0.0125, -0.0927 -0.1782 0.0164, -0.1355 -0.1788 0.0125, -0.1355 -0.1782 0.0164, -0.3035 -0.0179 0.0004, -0.3035 -0.0179 0.0043, -0.3032 -0.02 0.0004, -0.303 -0.0217 0.0044, -0.3026 -0.0248 0.0004, -0.2993 -0.0486 0.0047, -0.2947 -0.0645 0.0017, -0.2954 -0.0645 0.0054, -0.291 -0.0833 0.0023, -0.2899 -0.086 0.0064, -0.2871 -0.0912 0.0029, -0.2873 -0.091 0.0068, -0.2766 -0.1124 0.0045, -0.2761 -0.1125 0.0085, -0.2762 -0.1129 0.0045, -0.2757 -0.1134 0.0085, -0.2594 -0.1325 0.0065, -0.2591 -0.1318 0.0104, -0.2563 -0.1361 0.0069, -0.2549 -0.1365 0.0109, -0.255 -0.137 0.007, -0.253 -0.1386 0.0111, -0.2335 -0.1523 0.0088, -0.2335 -0.1517 0.0127, -0.2268 -0.157 0.0094, -0.2244 -0.1578 0.0135, -0.2112 -0.163 0.0103, -0.2112 -0.1624 0.0142, -0.1942 -0.1696 0.0112, -0.1892 -0.1703 0.0153, -0.1837 -0.1713 0.0114, -0.1838 -0.1711 0.0154, -0.1819 0.1284 0.011, -0.139 0.1353 0.012, -0.139 0.1347 0.0159, -0.1819 0.1289 0.0151, -0.1821 0.1289 0.015, -0.198 0.1258 0.0106, -0.2133 0.1202 0.0138, -0.2129 0.1199 0.0098, -0.2149 0.1197 0.0138, -0.2305 0.113 0.0089, -0.2366 0.108 0.0123, -0.2366 0.1088 0.0084, -0.245 0.1035 0.0117, -0.2562 0.0951 0.0068, -0.2956 0.029 0.0055, -0.2912 0.0402 0.0024, -0.2916 0.04 0.0062, -0.2895 0.0486 0.0027, -0.2851 0.058 0.0073, -0.2833 0.0598 0.0035, -0.2839 0.0598 0.0074, -0.2754 0.0742 0.0047, -0.2709 0.0787 0.0091, -0.271 0.079 0.0051, -0.2676 0.0835 0.0095, -0.2557 0.094 0.0107, -0.0946 0.1353 0.012, -0.0946 0.1347 0.0159, -0.2063 0.0851 0.0097, -0.1997 0.0874 0.0099, -0.1846 0.0926 0.0105, -0.2128 0.0809 0.0092, -0.2218 0.0751 0.0087, -0.2225 0.0743 0.0086, -0.2297 0.0663 0.0079, -0.233 0.0627 0.0076, -0.2382 0.0529 0.0069, -0.2447 0.0407 0.0061, -0.2533 -0.0652 0.0053, -0.2607 -0.0217 0.0044, -0.2612 -0.0188 0.0043, -0.2566 0.0014 0.0046, -0.248 0.0299 0.0057, -0.2509 -0.0718 0.0057, -0.2454 -0.0873 0.0065, -0.245 -0.0884 0.0066, -0.238 -0.0989 0.0074, -0.2346 -0.1041 0.0077, -0.2307 -0.1075 0.008, -0.2262 -0.1115 0.0084, -0.2218 -0.1154 0.0087, -0.2128 -0.1201 0.0092, -0.199 -0.1273 0.0099, -0.1888 -0.1303 0.0102, -0.1583 -0.1393 0.0112, -0.1369 -0.1441 0.0118, -0.0922 -0.1441 0.0118, -0.0922 -0.0503 0.0048, -0.1828 0.0932 0.0105, -0.1388 0.1006 0.0113, -0.1156 0.1006 0.0114, -0.0924 0.1006 0.0114, -0.0923 0.0437 0.0063, -0.0923 -0.0217 0.0052, -0.0923 -0.0218 0.0052, -0.1388 0.101 0.0074, -0.1846 0.0929 0.0065, -0.1881 0.0923 0.0065, -0.1997 0.0878 0.006, -0.2083 0.0845 0.0056, -0.2129 0.0814 0.0053, -0.2219 0.0754 0.0048, -0.2225 0.0747 0.0047, -0.2297 0.0667 0.004, -0.2327 0.0634 0.0037, -0.2382 0.0532 0.003, -0.2448 0.0407 0.0022, -0.2478 0.03 0.0018, -0.2612 -0.0188 0.0004, -0.0924 0.1011 0.0074, -0.1156 0.1011 0.0074, -0.0923 -0.0217 0.0004, -0.0922 -0.1445 0.0079, -0.1369 -0.1445 0.0079, -0.245 -0.0874 0.0026, -0.24 -0.0973 0.0033, -0.2383 -0.0994 0.0034, -0.2309 -0.1081 0.0041, -0.2299 -0.1092 0.0042, -0.2262 -0.1119 0.0045, -0.2137 -0.1207 0.0053, -0.2131 -0.121 0.0053, -0.1888 -0.1309 0.0063, -0.1827 -0.1334 0.0066, -0.2606 -0.0217 0.0005, -0.2504 -0.072 0.0019, -0.2487 -0.0801 0.0021, 0.0268 -0.0217 0.0045, 0.0268 -0.037 0.0045, 0.0268 -0.0371 0.0005, 0.0268 -0.0025 0.0005, 0.0268 -0.0025 0.0045, 0.0268 -0.0198 0.0004, 0.0268 -0.02 0.0004, 0.0825 -0.0024 0.0005, 0.0825 -0.0025 0.0045, 0.1381 -0.0024 0.0005, 0.1381 -0.0025 0.0045, 0.1381 0.1012 0.0075, 0.1381 0.1007 0.0114, 0.1381 0.0914 0.0103, 0.1381 0.0495 0.0027, 0.0785 0.1012 0.0075, 0.0785 0.1007 0.0114, 0.019 0.1011 0.0075, 0.019 0.1007 0.0114, 0.019 0.1354 0.012, 0.019 0.1348 0.0159, 0.019 0.1183 0.0096, 0.0996 0.1354 0.012, 0.0996 0.1348 0.0159, 0.1803 0.1354 0.012, 0.1803 0.1349 0.0159, 0.1805 -0.1387 0.0094, 0.1805 -0.1786 0.0125, 0.1805 -0.1464 0.012, 0.1805 -0.178 0.0164, 0.1804 0.0414 0.0061, 0.1804 -0.0052 0.0016, 0.1804 -0.0052 0.0055, 0.1804 -0.02 0.0005, 0.1804 -0.0217 0.0053, 0.1804 -0.0216 0.0004, 0.1804 -0.0526 0.0048, 0.1805 -0.1384 0.0114, 0.096 -0.1787 0.0125, 0.096 -0.1781 0.0164, 0.0115 -0.1787 0.0125, 0.0115 -0.1781 0.0164, 0.0115 -0.1444 0.0078, 0.0115 -0.1439 0.0117, 0.0115 -0.1616 0.01, 0.0749 -0.1444 0.0078, 0.0749 -0.1439 0.0117, 0.1382 -0.1443 0.0078, 0.1382 -0.1439 0.0117, 0.1382 -0.037 0.0005, 0.1382 -0.0369 0.0045, 0.1382 -0.0501 0.0048, 0.1382 -0.0907 0.0028, 0.0825 -0.037 0.0005, 0.0825 -0.037 0.0045, 0.2418 0.085 0.0057, 0.2418 0.0846 0.0096, 0.2507 0.0894 0.0061, 0.2503 0.0888 0.01, 0.263 0.0949 0.0067, 0.2695 0.0962 0.0109, 0.3155 0.1047 0.0118, 0.3155 0.1051 0.0079, 0.2852 0.1012 0.0114, 0.2853 0.1012 0.0075, 0.281 0.1007 0.0114, 0.2773 0.1002 0.0073, 0.2693 0.0972 0.007, 0.2418 0.1269 0.0108, 0.2418 0.1264 0.0147, 0.2418 0.106 0.008, 0.2781 0.1368 0.0122, 0.3159 0.1393 0.0126, 0.3159 0.1387 0.0165, 0.2782 0.1359 0.0161, 0.2809 0.1366 0.0162, 0.4761 -0.0274 0.0004, 0.4761 -0.0273 0.0044, 0.4753 -0.02 0.0004, 0.4754 -0.0216 0.0044, 0.4744 -0.0121 0.0004, 0.4743 -0.0121 0.0044, 0.4742 -0.0103 0.0004, 0.4729 -0.0003 0.0045, 0.4652 0.0345 0.002, 0.4653 0.0343 0.0059, 0.4638 0.0416 0.0022, 0.4637 0.0415 0.0062, 0.4566 0.0564 0.0033, 0.4567 0.0561 0.0072, 0.4488 0.0726 0.0045, 0.4491 0.0717 0.0084, 0.4437 0.0785 0.0051, 0.4437 0.0781 0.009, 0.4268 0.0986 0.0072, 0.427 0.098 0.0111, 0.4268 0.0982 0.0111, 0.4264 0.0991 0.0072, 0.4071 0.1124 0.0128, 0.3611 0.131 0.0154, 0.361 0.1313 0.0114, 0.3678 0.1298 0.0152, 0.371 0.1295 0.0112, 0.3867 0.1224 0.0142, 0.3867 0.1231 0.0103, 0.4009 0.1169 0.0134, 0.4013 0.1172 0.0095, 0.4072 0.113 0.0089, 0.4667 -0.0813 0.0062, 0.4661 -0.0814 0.0025, 0.4663 -0.0835 0.0063, 0.4642 -0.0913 0.0028, 0.4601 -0.1004 0.0075, 0.4603 -0.1007 0.0036, 0.4557 -0.1124 0.0084, 0.4539 -0.116 0.0048, 0.4521 -0.1177 0.009, 0.4523 -0.1182 0.005, 0.4435 -0.1304 0.0102, 0.4434 -0.1307 0.0063, 0.4427 -0.1316 0.0103, 0.442 -0.1327 0.0065, 0.433 -0.1399 0.0113, 0.4331 -0.1405 0.0074, 0.426 -0.1459 0.012, 0.4271 -0.1457 0.008, 0.4155 -0.1513 0.0127, 0.4154 -0.1518 0.0088, 0.3936 -0.1626 0.0142, 0.3954 -0.1624 0.0102, 0.386 -0.1648 0.0145, 0.3859 -0.1652 0.0106, 0.3347 -0.1802 0.0168, 0.3286 -0.1824 0.0131, 0.3286 -0.1818 0.017, 0.2419 -0.1624 0.0102, 0.2419 -0.1619 0.0141, 0.2525 -0.1669 0.0108, 0.2528 -0.1665 0.0147, 0.2532 -0.1672 0.0108, 0.2532 -0.1666 0.0147, 0.267 -0.1726 0.0116, 0.2672 -0.1712 0.0154, 0.291 -0.1787 0.0165, 0.2911 -0.1787 0.0125, 0.2899 -0.1787 0.0165, 0.284 -0.178 0.0124, 0.2671 -0.1726 0.0116, 0.2419 -0.1281 0.006, 0.2419 -0.1277 0.0099, 0.2419 -0.1453 0.0079, 0.3227 -0.1481 0.0083, 0.3227 -0.1476 0.0122, 0.312 -0.1474 0.0082, 0.3104 -0.1468 0.0121, 0.2973 -0.1461 0.008, 0.2909 -0.1439 0.0117, 0.273 -0.1406 0.0114, 0.2733 -0.1405 0.0074, 0.2754 -0.1416 0.0115, 0.2809 -0.1435 0.0077, 0.2908 -0.1451 0.0079, 0.4237 -0.0712 0.0019, 0.4339 -0.0248 0.0004, 0.4339 -0.0248 0.0043, 0.424 -0.0711 0.0057, 0.4231 -0.0756 0.0058, 0.4216 -0.0803 0.0021, 0.4152 -0.0946 0.0031, 0.4152 -0.0944 0.0071, 0.4105 -0.1049 0.0039, 0.412 -0.1022 0.0076, 0.4074 -0.1088 0.0042, 0.4073 -0.1085 0.0081, 0.4014 -0.1166 0.0049, 0.4019 -0.1159 0.0088, 0.4014 -0.1162 0.0088, 0.4008 -0.1173 0.0049, 0.3923 -0.1235 0.0095, 0.3651 -0.1371 0.0109, 0.365 -0.1374 0.007, 0.3667 -0.1366 0.0109, 0.3685 -0.1365 0.0069, 0.3794 -0.1308 0.0103, 0.3794 -0.1313 0.0064, 0.388 -0.1269 0.0098, 0.3878 -0.1274 0.0059, 0.3923 -0.1239 0.0056, 0.3562 0.0919 0.0064, 0.3562 0.0917 0.0104, 0.3687 0.0878 0.006, 0.3648 0.089 0.0101, 0.3821 0.0804 0.0053, 0.3821 0.08 0.0092, 0.3954 0.073 0.0045, 0.3931 0.0743 0.0086, 0.3981 0.0705 0.0043, 0.398 0.07 0.0083, 0.4076 0.0618 0.0036, 0.4069 0.0624 0.0076, 0.4075 0.0614 0.0075, 0.408 0.0614 0.0036, 0.4146 0.0509 0.0068, 0.4333 -0.0216 0.0044, 0.4331 -0.02 0.0005, 0.4263 0.0215 0.0052, 0.4261 0.0217 0.0013, 0.426 0.0237 0.0052, 0.4254 0.0261 0.0014, 0.4211 0.037 0.006, 0.4212 0.0373 0.002, 0.4176 0.0465 0.0065, 0.4177 0.0466 0.0025, 0.4147 0.0512 0.0028, 0.6643 -0.1384 0.0094, 0.6643 -0.1783 0.0125, 0.6643 -0.1461 0.012, 0.6643 -0.1777 0.0164, 0.6642 0.1351 0.016, 0.6642 0.1357 0.0121, 0.6643 0.0416 0.0062, 0.6643 -0.005 0.0016, 0.6643 -0.005 0.0055, 0.6643 -0.02 0.0005, 0.6643 -0.0214 0.0053, 0.6643 -0.0213 0.0004, 0.6643 -0.0524 0.0048, 0.6643 -0.1381 0.0114, 0.5837 -0.1784 0.0125, 0.5837 -0.1778 0.0164, 0.503 -0.1784 0.0125, 0.503 -0.1778 0.0164, 0.503 -0.1442 0.0078, 0.503 -0.1437 0.0117, 0.503 -0.1613 0.01, 0.5625 -0.1441 0.0078, 0.5625 -0.1437 0.0117, 0.6221 -0.1441 0.0078, 0.6221 -0.1436 0.0117, 0.622 -0.0041 0.0005, 0.622 0.1357 0.0121, 0.622 0.0441 0.0063, 0.622 0.1351 0.016, 0.622 -0.0499 0.0048, 0.622 -0.02 0.0014, 0.622 -0.0214 0.0052, 0.622 -0.0041 0.0055, 0.6431 0.1357 0.0121, 0.6431 0.1351 0.016
            ]
        }
        coordIndex [
            0,1,2,-1,2,1,3,-1,2,3,4,-1,1,0,5,-1,1,5,6,-1,6,5,7,-1,6,7,8,-1,9,10,11,-1,11,10,8,-1,11,8,7,-1,10,9,12,-1,10,12,13,-1,13,12,14,-1,13,14,15,-1,16,17,18,-1,18,17,19,-1,18,20,16,-1,16,20,21,-1,16,21,22,-1,22,21,23,-1,22,23,24,-1,24,23,25,-1,15,14,26,-1,26,14,25,-1,26,25,27,-1,27,25,23,-1,19,17,28,-1,19,28,29,-1,29,28,30,-1,29,30,31,-1,32,33,34,-1,34,33,35,-1,31,30,36,-1,36,30,37,-1,36,37,38,-1,38,37,39,-1,38,39,40,-1,40,39,41,-1,40,41,42,-1,42,41,32,-1,42,32,43,-1,43,32,34,-1,35,33,44,-1,35,44,45,-1,45,44,4,-1,45,4,3,-1,29,31,46,-1,46,31,36,-1,46,36,47,-1,47,36,48,-1,48,36,38,-1,48,38,49,-1,13,15,26,-1,35,45,34,-1,34,45,43,-1,8,50,51,-1,52,1,51,-1,51,1,6,-1,51,6,8,-1,10,13,8,-1,8,13,26,-1,8,26,50,-1,50,26,27,-1,50,27,53,-1,53,27,23,-1,53,23,54,-1,54,23,21,-1,54,21,55,-1,55,21,20,-1,55,20,46,-1,46,20,18,-1,46,18,29,-1,29,18,19,-1,38,40,49,-1,49,40,42,-1,49,42,52,-1,52,42,43,-1,52,43,1,-1,1,43,45,-1,1,45,3,-1,52,56,49,-1,49,56,57,-1,49,57,48,-1,48,57,58,-1,48,58,47,-1,50,59,60,-1,50,60,51,-1,51,60,56,-1,51,56,52,-1,50,53,59,-1,59,53,54,-1,59,54,61,-1,61,54,55,-1,61,55,62,-1,62,55,63,-1,63,55,46,-1,63,46,64,-1,64,46,65,-1,65,46,47,-1,65,47,58,-1,66,67,68,-1,68,67,69,-1,70,71,72,-1,72,71,73,-1,72,73,74,-1,74,73,75,-1,74,75,76,-1,76,75,77,-1,76,77,78,-1,78,77,66,-1,78,66,79,-1,79,66,68,-1,69,67,80,-1,69,80,81,-1,81,80,82,-1,81,82,83,-1,84,85,86,-1,86,85,87,-1,86,87,88,-1,88,87,89,-1,88,89,90,-1,90,89,91,-1,90,91,92,-1,92,91,93,-1,92,93,94,-1,94,93,95,-1,94,95,96,-1,96,95,97,-1,96,97,98,-1,98,97,99,-1,98,99,100,-1,100,99,101,-1,100,101,102,-1,102,101,103,-1,102,103,104,-1,104,103,105,-1,104,105,106,-1,106,105,107,-1,106,107,108,-1,108,107,109,-1,108,109,110,-1,110,109,111,-1,110,111,112,-1,112,111,113,-1,112,113,114,-1,114,113,115,-1,114,115,82,-1,82,115,83,-1,116,117,118,-1,118,119,116,-1,116,119,120,-1,116,120,121,-1,121,120,122,-1,121,122,123,-1,123,122,124,-1,123,124,125,-1,125,124,126,-1,125,126,127,-1,127,126,128,-1,127,128,129,-1,85,84,130,-1,130,84,131,-1,130,131,132,-1,132,131,133,-1,132,133,134,-1,134,133,135,-1,134,135,136,-1,136,135,137,-1,136,137,138,-1,138,137,139,-1,138,139,140,-1,140,139,129,-1,140,129,141,-1,141,129,128,-1,118,117,142,-1,118,142,143,-1,143,142,71,-1,143,71,70,-1,144,124,122,-1,144,122,145,-1,145,122,120,-1,145,120,146,-1,124,144,126,-1,126,144,147,-1,126,147,128,-1,147,148,128,-1,128,148,149,-1,128,149,141,-1,141,149,150,-1,141,150,140,-1,140,150,151,-1,140,151,138,-1,138,151,152,-1,138,152,136,-1,136,152,153,-1,95,93,154,-1,93,91,154,-1,154,91,89,-1,154,89,155,-1,155,89,87,-1,155,87,156,-1,156,87,85,-1,156,85,157,-1,157,85,130,-1,157,130,158,-1,158,130,132,-1,158,132,153,-1,153,132,134,-1,153,134,136,-1,154,159,95,-1,95,159,160,-1,95,160,97,-1,97,160,161,-1,97,161,99,-1,99,161,162,-1,99,162,101,-1,162,163,101,-1,101,163,164,-1,101,164,103,-1,103,164,165,-1,103,165,105,-1,105,165,166,-1,105,166,107,-1,107,166,167,-1,107,167,109,-1,109,167,168,-1,109,168,111,-1,111,168,113,-1,113,168,169,-1,113,169,115,-1,115,169,170,-1,115,170,83,-1,83,170,171,-1,83,171,81,-1,81,171,172,-1,81,172,69,-1,173,79,172,-1,172,79,68,-1,172,68,69,-1,146,120,174,-1,174,120,119,-1,174,119,175,-1,175,119,118,-1,175,118,176,-1,176,118,143,-1,176,143,177,-1,177,143,70,-1,177,70,178,-1,178,70,72,-1,178,72,179,-1,179,72,74,-1,179,74,180,-1,180,74,76,-1,180,76,173,-1,173,76,78,-1,173,78,79,-1,175,181,174,-1,174,181,182,-1,174,182,146,-1,146,182,183,-1,146,183,145,-1,145,183,184,-1,145,184,144,-1,144,184,185,-1,144,185,147,-1,147,185,186,-1,147,186,148,-1,148,186,187,-1,148,187,149,-1,149,187,188,-1,149,188,150,-1,150,188,189,-1,150,189,151,-1,151,189,190,-1,151,190,152,-1,152,190,191,-1,152,191,153,-1,153,191,192,-1,153,192,158,-1,158,192,193,-1,158,193,157,-1,157,193,194,-1,157,194,156,-1,177,195,196,-1,177,196,176,-1,176,196,181,-1,176,181,175,-1,179,197,178,-1,178,197,195,-1,178,195,177,-1,172,198,173,-1,173,198,197,-1,173,197,180,-1,180,197,179,-1,171,199,172,-1,172,199,198,-1,200,201,162,-1,162,201,202,-1,162,202,163,-1,163,202,203,-1,163,203,164,-1,164,203,204,-1,164,204,165,-1,165,204,205,-1,165,205,166,-1,166,205,206,-1,166,206,167,-1,167,206,207,-1,167,207,168,-1,168,207,208,-1,168,208,169,-1,169,208,209,-1,169,209,170,-1,170,209,199,-1,170,199,171,-1,156,194,155,-1,155,194,210,-1,155,210,154,-1,154,210,211,-1,154,211,159,-1,159,211,212,-1,159,212,160,-1,160,212,200,-1,160,200,161,-1,161,200,162,-1,213,214,215,-1,216,217,218,-1,218,217,213,-1,218,213,219,-1,219,213,215,-1,217,216,220,-1,217,220,221,-1,221,220,222,-1,221,222,223,-1,224,225,226,-1,224,226,227,-1,227,226,223,-1,227,223,222,-1,225,224,228,-1,225,228,229,-1,229,228,230,-1,229,230,231,-1,232,233,234,-1,234,233,231,-1,234,231,230,-1,233,232,235,-1,233,235,236,-1,236,235,237,-1,236,237,238,-1,239,240,241,-1,241,240,242,-1,238,237,243,-1,243,237,244,-1,243,244,245,-1,245,244,246,-1,245,246,247,-1,247,246,248,-1,247,248,249,-1,249,248,239,-1,249,239,250,-1,250,239,241,-1,242,240,251,-1,242,251,252,-1,252,251,253,-1,252,253,254,-1,255,256,257,-1,257,256,254,-1,257,254,253,-1,256,255,258,-1,256,258,259,-1,259,258,260,-1,259,260,261,-1,262,263,264,-1,262,264,265,-1,265,264,261,-1,265,261,260,-1,263,262,266,-1,263,266,267,-1,267,266,215,-1,267,215,214,-1,267,214,213,-1,254,256,252,-1,252,256,259,-1,252,259,242,-1,242,259,261,-1,242,261,241,-1,241,261,250,-1,250,261,264,-1,250,264,249,-1,249,264,247,-1,247,264,263,-1,247,263,267,-1,213,217,221,-1,267,213,247,-1,247,213,221,-1,247,221,223,-1,238,243,223,-1,223,243,245,-1,223,245,247,-1,231,233,229,-1,229,233,236,-1,229,236,225,-1,225,236,238,-1,225,238,226,-1,226,238,223,-1,268,269,270,-1,270,269,271,-1,270,271,272,-1,272,271,273,-1,274,275,276,-1,276,275,277,-1,276,277,278,-1,278,277,279,-1,278,279,273,-1,273,279,280,-1,273,280,272,-1,281,282,283,-1,283,282,269,-1,283,269,268,-1,284,285,286,-1,282,281,287,-1,287,281,284,-1,287,284,288,-1,288,284,286,-1,289,290,291,-1,291,290,292,-1,291,292,293,-1,293,292,294,-1,293,294,295,-1,295,294,296,-1,295,296,297,-1,297,296,298,-1,297,298,299,-1,299,298,300,-1,299,300,301,-1,301,300,302,-1,301,302,303,-1,303,302,304,-1,303,304,305,-1,305,304,306,-1,305,306,307,-1,306,308,307,-1,307,308,309,-1,307,309,310,-1,310,309,311,-1,286,285,312,-1,312,285,313,-1,312,313,314,-1,314,313,315,-1,314,315,316,-1,316,315,317,-1,316,317,318,-1,318,317,319,-1,318,319,311,-1,311,319,320,-1,311,320,310,-1,290,289,321,-1,321,289,322,-1,321,322,323,-1,323,322,324,-1,323,324,325,-1,325,324,326,-1,325,326,327,-1,327,326,328,-1,327,328,329,-1,329,328,330,-1,329,330,331,-1,331,330,332,-1,331,332,333,-1,333,332,334,-1,333,334,335,-1,335,334,336,-1,335,336,337,-1,337,336,338,-1,337,338,339,-1,339,338,340,-1,339,340,341,-1,341,340,342,-1,341,342,343,-1,343,342,344,-1,343,344,345,-1,345,344,346,-1,345,346,347,-1,348,349,350,-1,350,349,351,-1,350,351,352,-1,352,351,353,-1,352,353,354,-1,354,353,355,-1,347,346,356,-1,356,346,357,-1,356,357,358,-1,358,357,359,-1,358,359,355,-1,355,359,360,-1,355,360,354,-1,361,362,363,-1,363,362,349,-1,363,349,348,-1,364,365,366,-1,366,365,367,-1,366,367,368,-1,368,367,369,-1,362,361,370,-1,370,361,371,-1,370,371,372,-1,372,371,373,-1,372,373,369,-1,369,373,374,-1,369,374,368,-1,375,376,377,-1,377,378,375,-1,375,378,379,-1,375,379,380,-1,380,379,381,-1,381,379,382,-1,381,382,383,-1,383,382,384,-1,383,384,385,-1,385,384,386,-1,385,386,387,-1,386,388,387,-1,387,388,389,-1,387,389,390,-1,390,389,391,-1,365,364,392,-1,392,364,393,-1,392,393,394,-1,394,393,395,-1,394,395,396,-1,396,395,397,-1,396,397,398,-1,398,397,399,-1,398,399,391,-1,391,399,400,-1,391,400,390,-1,275,274,401,-1,401,274,402,-1,401,402,403,-1,403,402,404,-1,403,404,405,-1,405,404,406,-1,405,406,407,-1,407,406,408,-1,407,408,409,-1,409,408,410,-1,409,410,411,-1,410,412,411,-1,411,412,413,-1,411,413,414,-1,414,413,415,-1,377,376,416,-1,416,376,417,-1,416,417,418,-1,418,417,419,-1,418,419,420,-1,420,419,421,-1,420,421,422,-1,422,421,423,-1,422,423,424,-1,424,423,425,-1,424,425,415,-1,415,425,426,-1,415,426,414,-1,349,362,351,-1,351,362,370,-1,351,370,353,-1,353,370,355,-1,355,370,372,-1,355,372,358,-1,358,372,369,-1,358,369,356,-1,356,369,367,-1,356,367,347,-1,347,367,365,-1,347,365,345,-1,345,365,392,-1,345,392,343,-1,343,392,394,-1,343,394,341,-1,341,394,396,-1,341,396,339,-1,396,398,339,-1,339,398,391,-1,339,391,337,-1,337,391,389,-1,337,389,335,-1,335,389,388,-1,335,388,333,-1,333,388,386,-1,333,386,331,-1,331,386,384,-1,379,325,382,-1,382,325,327,-1,382,327,384,-1,384,327,329,-1,384,329,331,-1,416,292,377,-1,377,292,290,-1,377,290,378,-1,378,290,321,-1,378,321,379,-1,379,321,323,-1,379,323,325,-1,422,424,304,-1,304,302,422,-1,422,302,300,-1,422,300,420,-1,420,300,298,-1,420,298,418,-1,418,298,296,-1,418,296,416,-1,416,296,294,-1,416,294,292,-1,424,415,304,-1,304,415,413,-1,304,413,306,-1,306,413,412,-1,306,412,308,-1,308,412,410,-1,308,410,309,-1,309,410,311,-1,311,410,408,-1,311,408,318,-1,318,408,406,-1,318,406,316,-1,316,406,404,-1,316,404,314,-1,314,404,402,-1,314,402,312,-1,312,402,286,-1,286,402,274,-1,286,274,288,-1,288,274,276,-1,288,276,287,-1,276,278,287,-1,287,278,273,-1,287,273,282,-1,282,273,271,-1,282,271,269,-1,427,428,429,-1,429,428,430,-1,431,432,433,-1,433,432,434,-1,433,434,435,-1,435,434,436,-1,435,436,437,-1,437,436,438,-1,437,438,439,-1,439,438,427,-1,439,427,440,-1,440,427,429,-1,430,428,441,-1,430,441,442,-1,442,441,443,-1,442,443,444,-1,445,446,447,-1,447,446,444,-1,447,444,443,-1,446,445,448,-1,446,448,449,-1,449,448,450,-1,449,450,451,-1,452,453,454,-1,454,453,455,-1,451,450,456,-1,456,450,457,-1,456,457,458,-1,458,457,452,-1,458,452,459,-1,459,452,454,-1,455,453,460,-1,455,460,461,-1,461,460,432,-1,461,432,431,-1,444,446,442,-1,442,446,449,-1,442,449,430,-1,430,449,451,-1,456,440,451,-1,451,440,429,-1,451,429,430,-1,461,431,433,-1,455,461,454,-1,454,461,433,-1,454,433,459,-1,459,433,435,-1,459,435,458,-1,458,435,437,-1,458,437,456,-1,456,437,439,-1,456,439,440,-1,
        ]
    }
}
Shape{
    appearance Appearance {
        material  Material {
            diffuseColor 0.2235294117647059 0.2235294117647059 0.2235294117647059
            specularColor 0.11372549019607843 0.11372549019607843 0.11372549019607843
            ambientIntensity 0.2235
            transparency 0.0
            shininess 0.5
        }
    }
    geometry IndexedFaceSet {
        ccw TRUE
        solid FALSE
        coord DEF co Coordinate {
            point [
                -0.4368 0.0093 0.0008, -0.4132 -0.0565 0.001, -0.4659 -0.0566 0.001, -0.4712 0.0749 0.0047, -0.4949 0.0092 0.0008, -0.5185 -0.0567 0.001, -0.4603 0.075 0.0047, -0.4632 0.0856 0.0058, -0.4684 0.0862 0.0058, -0.4654 0.0969 0.007, -0.0922 -0.1445 0.0079, -0.1369 -0.1445 0.0079, -0.0923 -0.0217 0.0004, -0.1827 -0.1334 0.0066, -0.1888 -0.1309 0.0063, -0.2131 -0.121 0.0053, -0.2137 -0.1207 0.0053, -0.2262 -0.1119 0.0045, -0.2299 -0.1092 0.0042, -0.2309 -0.1081 0.0041, -0.2383 -0.0994 0.0034, -0.24 -0.0973 0.0033, -0.245 -0.0874 0.0026, -0.2487 -0.0801 0.0021, -0.2504 -0.072 0.0019, -0.2606 -0.0217 0.0005, -0.2612 -0.0188 0.0004, -0.2478 0.03 0.0018, -0.2448 0.0407 0.0022, -0.2382 0.0532 0.003, -0.2327 0.0634 0.0037, -0.2297 0.0667 0.004, -0.2225 0.0747 0.0047, -0.2219 0.0754 0.0048, -0.2129 0.0814 0.0053, -0.2083 0.0845 0.0056, -0.1997 0.0878 0.006, -0.1881 0.0923 0.0065, -0.1846 0.0929 0.0065, -0.1388 0.101 0.0074, -0.1156 0.1011 0.0074, -0.0924 0.1011 0.0074
            ]
        }
        coordIndex [
            0,1,2,-1,3,2,4,-1,4,2,5,-1,0,2,6,-1,6,2,3,-1,6,3,7,-1,7,3,8,-1,7,8,9,-1,10,11,12,-1,12,11,13,-1,12,13,14,-1,14,15,12,-1,12,15,16,-1,12,16,17,-1,17,18,12,-1,12,18,19,-1,12,19,20,-1,20,21,12,-1,12,21,22,-1,12,22,23,-1,23,24,12,-1,12,24,25,-1,12,25,26,-1,26,27,12,-1,12,27,28,-1,12,28,29,-1,29,30,12,-1,12,30,31,-1,12,31,32,-1,32,33,12,-1,12,33,34,-1,12,34,35,-1,35,36,12,-1,12,36,37,-1,12,37,38,-1,38,39,12,-1,12,39,40,-1,12,40,41,-1,
        ]
    }
}