#VRML V2.0 utf8
# 3D model generated by kicad-lcsc-manager
# Based on easyeda2kicad.py v1.0.1

Shape{
    appearance Appearance {
        material  Material {
            diffuseColor 0.5019607843137255 0.5019607843137255 0.5019607843137255
            specularColor 0.25098039215686274 0.25098039215686274 0.25098039215686274
            ambientIntensity 0.502
            transparency 0.0
            shininess 0.5
        }
    }
    geometry IndexedFaceSet {
        ccw TRUE
        solid FALSE
        coord DEF co Coordinate {
            point [
                -1.3976 -0.6673 0.0827, -1.3976 -1.1004 0.0827, -1.3976 -0.6319 0.1181, -1.3976 -1.1004 1.1417, -1.3976 0.6358 0.1181, -1.3976 1.1043 1.1417, -1.3976 0.6713 0.0827, -1.3976 1.1043 0.0827, -0.5709 -0.6673 0.0827, -0.5709 0.6713 0.0827, 0.5709 0.6713 0.0827, 0.5709 -0.6673 0.0827, 1.3976 -0.6673 0.0827, -1.2008 -1.2972 0.0827, 1.3976 -1.1004 0.0827, 1.2008 -1.2972 0.0827, -1.3713 1.2028 0.0827, -1.2008 1.3012 0.0827, -1.3909 1.1553 0.0827, 1.2517 1.2945 0.0827, 1.2008 1.3012 0.0827, -1.3909 -1.1513 0.0827, -1.34 1.2435 0.0827, -1.2992 1.2748 0.0827, -1.2517 1.2945 0.0827, 1.2992 1.2748 0.0827, 1.34 1.2435 0.0827, 1.3713 1.2028 0.0827, 1.3909 1.1553 0.0827, 1.3976 1.1043 0.0827, 1.3976 0.6713 0.0827, -1.2517 -1.2905 0.0827, -1.2992 -1.2709 0.0827, -1.34 -1.2396 0.0827, -1.3713 -1.1988 0.0827, 1.3713 -1.1988 0.0827, 1.34 -1.2396 0.0827, 1.3909 -1.1513 0.0827, 1.2992 -1.2709 0.0827, 1.2517 -1.2905 0.0827, 1.3976 0.6358 0.1181, 1.3976 1.1043 1.1417, 1.3976 -0.6319 0.1181, 1.3976 -1.1004 1.1417, 1.2008 1.3012 1.1417, -1.2008 1.3012 1.1417, -1.2008 -1.2972 1.1417, 1.2008 -1.2972 1.1417, -1.3552 1.1351 1.1811, -1.3583 1.1043 1.1811, -1.2611 1.2498 1.1811, 1.3583 1.1043 1.1811, 1.3583 -1.1004 1.1811, -1.3583 -1.1004 1.1811, 1.3552 1.1351 1.1811, 1.2008 1.2618 1.1811, 1.3463 1.1646 1.1811, 1.2315 1.2588 1.1811, -1.2315 1.2588 1.1811, 1.3317 1.1918 1.1811, 1.3121 1.2157 1.1811, -1.2008 1.2618 1.1811, -1.3317 -1.1879 1.1811, -1.2008 -1.2579 1.1811, -1.3463 -1.1607 1.1811, -1.3552 -1.1311 1.1811, -1.3121 -1.2117 1.1811, -1.2883 -1.2313 1.1811, -1.2315 -1.2548 1.1811, -1.2611 -1.2459 1.1811, 1.2883 1.2353 1.1811, 1.2611 1.2498 1.1811, -1.2883 1.2353 1.1811, -1.3121 1.2157 1.1811, 1.2611 -1.2459 1.1811, 1.2883 -1.2313 1.1811, 1.2315 -1.2548 1.1811, 1.3121 -1.2117 1.1811, 1.2008 -1.2579 1.1811, 1.3317 -1.1879 1.1811, 1.3463 -1.1607 1.1811, -1.3317 1.1918 1.1811, -1.3463 1.1646 1.1811, 1.3552 -1.1311 1.1811, 0.6063 -0.6319 0.1181, 0.6063 0.6358 0.1181, -0.6063 -0.6319 0.1181, -0.6063 0.6358 0.1181, -1.3939 -1.1388 1.1417, -1.3901 -1.1511 1.1417, -1.3827 -1.1757 1.1417, -1.3705 -1.1984 1.1417, -1.3645 -1.2098 1.1417, -1.34 -1.2396 1.1417, -1.3102 -1.2641 1.1417, -1.2988 -1.2701 1.1417, -1.2761 -1.2823 1.1417, -1.2515 -1.2897 1.1417, -1.2392 -1.2935 1.1417, -1.2392 1.2974 1.1417, -1.2515 1.2937 1.1417, -1.2761 1.2862 1.1417, -1.2988 1.2741 1.1417, -1.3102 1.268 1.1417, -1.34 1.2435 1.1417, -1.3645 1.2137 1.1417, -1.3705 1.2024 1.1417, -1.3827 1.1797 1.1417, -1.3901 1.155 1.1417, -1.3939 1.1427 1.1417, 1.2392 -1.2935 1.1417, 1.2515 -1.2897 1.1417, 1.2761 -1.2823 1.1417, 1.2988 -1.2701 1.1417, 1.3102 -1.2641 1.1417, 1.34 -1.2396 1.1417, 1.3645 -1.2098 1.1417, 1.3705 -1.1984 1.1417, 1.3827 -1.1757 1.1417, 1.3901 -1.1511 1.1417, 1.3939 -1.1388 1.1417, 1.3939 1.1427 1.1417, 1.3901 1.155 1.1417, 1.3827 1.1797 1.1417, 1.3705 1.2024 1.1417, 1.3645 1.2137 1.1417, 1.34 1.2435 1.1417, 1.3102 1.268 1.1417, 1.2988 1.2741 1.1417, 1.2761 1.2862 1.1417, 1.2515 1.2937 1.1417, 1.2392 1.2974 1.1417, 1.2756 -1.281 1.1519, 1.3814 -1.1752 1.1519, 1.3652 -1.1331 1.1798, 1.3557 -1.1646 1.1798, 1.3745 -1.135 1.1758, 1.3645 -1.1682 1.1758, 1.3825 -1.1365 1.1696, 1.372 -1.1713 1.1696, 1.3887 -1.1378 1.1614, 1.3778 -1.1737 1.1614, 1.3925 -1.1385 1.1519, 1.2939 -1.2398 1.1798, 1.265 -1.2553 1.1798, 1.2992 -1.2477 1.1758, 1.2686 -1.2641 1.1758, 1.3037 -1.2545 1.1696, 1.2717 -1.2716 1.1696, 1.3072 -1.2597 1.1614, 1.2741 -1.2774 1.1614, 1.3094 -1.263 1.1519, 1.3685 -1.1004 1.1798, 1.378 -1.1004 1.1758, 1.3861 -1.1004 1.1696, 1.3924 -1.1004 1.1614, 1.3963 -1.1004 1.1519, 1.3633 -1.209 1.1519, 1.3601 -1.2068 1.1614, 1.3549 -1.2034 1.1696, 1.3481 -1.1988 1.1758, 1.3402 -1.1935 1.1798, 1.3193 -1.219 1.1798, 1.3261 -1.2257 1.1758, 1.3318 -1.2314 1.1696, 1.3363 -1.2359 1.1614, 1.339 -1.2386 1.1519, 1.2389 -1.2921 1.1519, 1.2382 -1.2883 1.1614, 1.2369 -1.2822 1.1696, 1.2354 -1.2742 1.1758, 1.2335 -1.2648 1.1798, 1.2008 -1.2681 1.1798, 1.2008 -1.2776 1.1758, 1.2008 -1.2857 1.1696, 1.2008 -1.292 1.1614, 1.2008 -1.2959 1.1519, 1.367 1.1043 1.1801, 1.3684 1.1043 1.1796, 1.3753 1.1043 1.1772, 1.3778 1.1043 1.1756, 1.3828 1.1043 1.1725, 1.3859 1.1043 1.1694, 1.389 1.1043 1.1663, 1.3922 1.1043 1.1613, 1.3937 1.1043 1.1588, 1.3962 1.1043 1.1519, 1.3967 1.1043 1.1505, -1.2008 -1.2681 1.1798, -1.2008 -1.2776 1.1758, -1.2008 -1.2857 1.1696, -1.2008 -1.292 1.1614, -1.2008 -1.2959 1.1519, 1.3636 1.2131 1.1505, 1.2757 1.2853 1.1505, 1.3638 1.1368 1.1801, 1.2008 1.2706 1.1801, 1.2332 1.2674 1.1801, 1.2008 1.272 1.1796, 1.2348 1.2755 1.1772, 1.372 1.1384 1.1772, 1.2363 1.2829 1.1725, 1.2008 1.2814 1.1756, 1.2008 1.2789 1.1772, 1.3793 1.1398 1.1725, 1.2375 1.289 1.1663, 1.2008 1.2895 1.1694, 1.2008 1.2864 1.1725, 1.3854 1.1411 1.1663, 1.2384 1.2936 1.1588, 1.2008 1.2957 1.1613, 1.2008 1.2926 1.1663, 1.339 1.1967 1.1801, 1.3544 1.1679 1.1801, 1.3459 1.2013 1.1772, 1.3621 1.1711 1.1772, 1.3521 1.2055 1.1725, 1.369 1.174 1.1725, 1.3573 1.2089 1.1663, 1.3747 1.1764 1.1663, 1.3612 1.2115 1.1588, 1.3791 1.1782 1.1588, 1.39 1.142 1.1588, 1.239 1.2964 1.1505, 1.2008 1.2997 1.1519, 1.2008 1.2973 1.1588, 1.2644 1.2579 1.1801, 1.2676 1.2656 1.1772, 1.2704 1.2725 1.1725, 1.2728 1.2783 1.1663, 1.2746 1.2826 1.1588, 1.3817 1.1793 1.1505, 1.3929 1.1425 1.1505, 1.2008 1.3002 1.1505, 1.3096 1.2672 1.1505, 1.308 1.2648 1.1588, 1.3054 1.2609 1.1663, 1.3019 1.2557 1.1725, 1.2978 1.2495 1.1772, 1.2931 1.2426 1.1801, 1.3183 1.2219 1.1801, 1.3242 1.2278 1.1772, 1.3295 1.233 1.1725, 1.3339 1.2375 1.1663, 1.3372 1.2408 1.1588, 1.3393 1.2428 1.1505, -1.3814 -1.1752 1.1519, -1.2756 -1.281 1.1519, -1.2335 -1.2648 1.1798, -1.265 -1.2553 1.1798, -1.2354 -1.2742 1.1758, -1.2686 -1.2641 1.1758, -1.2369 -1.2822 1.1696, -1.2717 -1.2716 1.1696, -1.2382 -1.2883 1.1614, -1.2741 -1.2774 1.1614, -1.2389 -1.2921 1.1519, -1.3402 -1.1935 1.1798, -1.3557 -1.1646 1.1798, -1.3481 -1.1988 1.1758, -1.3645 -1.1682 1.1758, -1.3549 -1.2034 1.1696, -1.372 -1.1713 1.1696, -1.3601 -1.2068 1.1614, -1.3778 -1.1737 1.1614, -1.3633 -1.209 1.1519, -1.3094 -1.263 1.1519, -1.3072 -1.2597 1.1614, -1.3037 -1.2545 1.1696, -1.2992 -1.2477 1.1758, -1.2939 -1.2398 1.1798, -1.3193 -1.219 1.1798, -1.3261 -1.2257 1.1758, -1.3318 -1.2314 1.1696, -1.3363 -1.2359 1.1614, -1.339 -1.2386 1.1519, -1.3925 -1.1385 1.1519, -1.3887 -1.1378 1.1614, -1.3825 -1.1365 1.1696, -1.3745 -1.135 1.1758, -1.3652 -1.1331 1.1798, -1.3685 -1.1004 1.1798, -1.378 -1.1004 1.1758, -1.3861 -1.1004 1.1696, -1.3924 -1.1004 1.1614, -1.3963 -1.1004 1.1519, -1.2008 1.2706 1.1801, -1.2008 1.272 1.1796, -1.2008 1.2789 1.1772, -1.2008 1.2814 1.1756, -1.2008 1.2864 1.1725, -1.2008 1.2895 1.1694, -1.2008 1.2926 1.1663, -1.2008 1.2957 1.1613, -1.2008 1.2973 1.1588, -1.2008 1.2997 1.1519, -1.2008 1.3002 1.1505, -1.367 1.1043 1.1801, -1.3684 1.1043 1.1796, -1.3753 1.1043 1.1772, -1.3778 1.1043 1.1756, -1.3828 1.1043 1.1725, -1.3859 1.1043 1.1694, -1.389 1.1043 1.1663, -1.3922 1.1043 1.1613, -1.3937 1.1043 1.1588, -1.3962 1.1043 1.1519, -1.3967 1.1043 1.1505, -1.3096 1.2672 1.1505, -1.3817 1.1793 1.1505, -1.2332 1.2674 1.1801, -1.3638 1.1368 1.1801, -1.372 1.1384 1.1772, -1.2348 1.2755 1.1772, -1.3793 1.1398 1.1725, -1.2363 1.2829 1.1725, -1.3854 1.1411 1.1663, -1.2375 1.289 1.1663, -1.39 1.142 1.1588, -1.2931 1.2426 1.1801, -1.2644 1.2579 1.1801, -1.2978 1.2495 1.1772, -1.2676 1.2656 1.1772, -1.3019 1.2557 1.1725, -1.2704 1.2725 1.1725, -1.3054 1.2609 1.1663, -1.2728 1.2783 1.1663, -1.308 1.2648 1.1588, -1.2746 1.2826 1.1588, -1.2384 1.2936 1.1588, -1.3929 1.1425 1.1505, -1.3544 1.1679 1.1801, -1.3621 1.1711 1.1772, -1.369 1.174 1.1725, -1.3747 1.1764 1.1663, -1.3791 1.1782 1.1588, -1.2757 1.2853 1.1505, -1.239 1.2964 1.1505, -1.3636 1.2131 1.1505, -1.3612 1.2115 1.1588, -1.3573 1.2089 1.1663, -1.3521 1.2055 1.1725, -1.3459 1.2013 1.1772, -1.339 1.1967 1.1801, -1.3183 1.2219 1.1801, -1.3242 1.2278 1.1772, -1.3295 1.233 1.1725, -1.3339 1.2375 1.1663, -1.3372 1.2408 1.1588, -1.3393 1.2428 1.1505
            ]
        }
        coordIndex [
            0,1,2,-1,2,1,3,-1,2,3,4,-1,4,3,5,-1,4,5,6,-1,6,5,7,-1,1,0,8,-1,9,10,8,-1,8,10,11,-1,11,12,13,-1,13,12,14,-1,13,14,15,-1,16,17,18,-1,18,17,7,-1,19,10,20,-1,20,10,9,-1,20,9,17,-1,17,9,6,-1,17,6,7,-1,1,8,21,-1,16,22,17,-1,17,22,23,-1,17,23,24,-1,19,25,10,-1,10,25,26,-1,10,26,27,-1,27,28,10,-1,10,28,29,-1,10,29,30,-1,11,13,8,-1,8,13,31,-1,8,31,32,-1,32,33,8,-1,8,33,34,-1,8,34,21,-1,35,36,37,-1,37,36,38,-1,37,38,14,-1,14,38,39,-1,14,39,15,-1,30,29,40,-1,40,29,41,-1,40,41,42,-1,42,41,43,-1,42,43,12,-1,12,43,14,-1,44,20,45,-1,45,20,17,-1,46,13,47,-1,47,13,15,-1,48,49,50,-1,51,49,52,-1,52,49,53,-1,51,54,55,-1,55,54,56,-1,55,56,57,-1,50,49,58,-1,56,59,60,-1,51,55,49,-1,49,55,61,-1,49,61,58,-1,62,63,64,-1,64,63,65,-1,62,66,63,-1,63,66,67,-1,63,67,68,-1,68,67,69,-1,60,70,56,-1,56,70,71,-1,56,71,57,-1,50,72,73,-1,74,75,76,-1,76,75,77,-1,76,77,78,-1,78,77,79,-1,78,79,80,-1,73,81,50,-1,50,81,82,-1,50,82,48,-1,80,83,78,-1,78,83,52,-1,78,52,63,-1,63,52,53,-1,63,53,65,-1,84,85,42,-1,42,85,40,-1,2,4,86,-1,86,4,87,-1,3,1,88,-1,88,1,21,-1,88,21,89,-1,89,21,90,-1,90,21,34,-1,90,34,91,-1,91,34,92,-1,92,34,33,-1,92,33,93,-1,93,33,94,-1,94,33,32,-1,94,32,95,-1,95,32,96,-1,96,32,31,-1,96,31,97,-1,97,31,98,-1,98,31,13,-1,98,13,46,-1,45,17,99,-1,99,17,24,-1,99,24,100,-1,100,24,101,-1,101,24,23,-1,101,23,102,-1,102,23,103,-1,103,23,22,-1,103,22,104,-1,104,22,105,-1,105,22,16,-1,105,16,106,-1,106,16,107,-1,107,16,18,-1,107,18,108,-1,108,18,109,-1,109,18,7,-1,109,7,5,-1,47,15,110,-1,110,15,39,-1,110,39,111,-1,111,39,112,-1,112,39,38,-1,112,38,113,-1,113,38,114,-1,114,38,36,-1,114,36,115,-1,115,36,116,-1,116,36,35,-1,116,35,117,-1,117,35,118,-1,118,35,37,-1,118,37,119,-1,119,37,120,-1,120,37,14,-1,120,14,43,-1,41,29,121,-1,121,29,28,-1,121,28,122,-1,122,28,123,-1,123,28,27,-1,123,27,124,-1,124,27,125,-1,125,27,26,-1,125,26,126,-1,126,26,127,-1,127,26,25,-1,127,25,128,-1,128,25,129,-1,129,25,19,-1,129,19,130,-1,130,19,131,-1,131,19,20,-1,131,20,44,-1,86,8,2,-1,2,8,0,-1,87,9,86,-1,86,9,8,-1,9,87,6,-1,6,87,4,-1,85,10,40,-1,40,10,30,-1,84,11,85,-1,85,11,10,-1,42,12,84,-1,84,12,11,-1,111,112,132,-1,117,118,133,-1,83,80,134,-1,134,80,135,-1,134,135,136,-1,136,135,137,-1,136,137,138,-1,138,137,139,-1,138,139,140,-1,140,139,141,-1,140,141,142,-1,142,141,133,-1,75,74,143,-1,143,74,144,-1,143,144,145,-1,145,144,146,-1,145,146,147,-1,147,146,148,-1,147,148,149,-1,149,148,150,-1,149,150,151,-1,151,150,132,-1,52,83,152,-1,152,83,134,-1,152,134,153,-1,153,134,136,-1,153,136,154,-1,154,136,138,-1,154,138,155,-1,155,138,140,-1,155,140,156,-1,156,140,142,-1,156,142,43,-1,43,142,120,-1,133,118,142,-1,142,118,119,-1,142,119,120,-1,116,117,157,-1,157,117,133,-1,157,133,158,-1,158,133,141,-1,158,141,159,-1,159,141,139,-1,159,139,160,-1,160,139,137,-1,160,137,161,-1,161,137,135,-1,161,135,79,-1,79,135,80,-1,79,77,161,-1,161,77,162,-1,161,162,160,-1,160,162,163,-1,160,163,159,-1,159,163,164,-1,159,164,158,-1,158,164,165,-1,158,165,157,-1,157,165,166,-1,157,166,116,-1,116,166,115,-1,77,75,162,-1,162,75,143,-1,162,143,163,-1,163,143,145,-1,163,145,164,-1,164,145,147,-1,164,147,165,-1,165,147,149,-1,165,149,166,-1,166,149,151,-1,166,151,115,-1,115,151,114,-1,132,112,151,-1,151,112,113,-1,151,113,114,-1,110,111,167,-1,167,111,132,-1,167,132,168,-1,168,132,150,-1,168,150,169,-1,169,150,148,-1,169,148,170,-1,170,148,146,-1,170,146,171,-1,171,146,144,-1,171,144,76,-1,76,144,74,-1,76,78,171,-1,171,78,172,-1,171,172,170,-1,170,172,173,-1,170,173,169,-1,169,173,174,-1,169,174,168,-1,168,174,175,-1,168,175,167,-1,167,175,176,-1,167,176,110,-1,110,176,47,-1,177,51,52,-1,177,52,178,-1,178,52,152,-1,178,152,179,-1,179,152,180,-1,180,152,153,-1,180,153,181,-1,181,153,182,-1,182,153,154,-1,182,154,183,-1,183,154,155,-1,183,155,184,-1,184,155,185,-1,185,155,156,-1,185,156,186,-1,186,156,187,-1,187,156,43,-1,187,43,41,-1,78,63,188,-1,78,188,172,-1,172,188,189,-1,172,189,173,-1,173,189,190,-1,173,190,174,-1,174,190,191,-1,174,191,175,-1,175,191,192,-1,175,192,176,-1,176,192,46,-1,176,46,47,-1,124,125,193,-1,128,129,194,-1,195,54,51,-1,55,57,196,-1,196,57,197,-1,196,197,198,-1,198,197,199,-1,51,177,195,-1,195,177,178,-1,195,178,200,-1,201,202,199,-1,199,202,203,-1,199,203,198,-1,178,179,200,-1,200,179,180,-1,200,180,204,-1,205,206,201,-1,201,206,207,-1,201,207,202,-1,180,181,204,-1,204,181,182,-1,204,182,208,-1,209,210,205,-1,205,210,211,-1,205,211,206,-1,59,56,212,-1,212,56,213,-1,212,213,214,-1,214,213,215,-1,214,215,216,-1,216,215,217,-1,216,217,218,-1,218,217,219,-1,218,219,220,-1,220,219,221,-1,220,221,193,-1,56,54,213,-1,213,54,195,-1,213,195,215,-1,215,195,200,-1,215,200,217,-1,217,200,204,-1,217,204,219,-1,219,204,208,-1,219,208,221,-1,221,208,222,-1,223,224,209,-1,209,224,225,-1,209,225,210,-1,57,71,197,-1,197,71,226,-1,197,226,199,-1,199,226,227,-1,199,227,201,-1,201,227,228,-1,201,228,205,-1,205,228,229,-1,205,229,209,-1,209,229,230,-1,209,230,223,-1,223,230,194,-1,182,183,208,-1,208,183,184,-1,208,184,222,-1,222,184,185,-1,222,185,186,-1,193,221,231,-1,231,221,222,-1,231,222,232,-1,232,222,186,-1,232,186,187,-1,131,44,223,-1,223,44,233,-1,223,233,224,-1,194,129,223,-1,223,129,130,-1,223,130,131,-1,127,128,234,-1,234,128,194,-1,234,194,235,-1,235,194,230,-1,235,230,236,-1,236,230,229,-1,236,229,237,-1,237,229,228,-1,237,228,238,-1,238,228,227,-1,238,227,239,-1,239,227,226,-1,239,226,70,-1,70,226,71,-1,70,60,239,-1,239,60,240,-1,239,240,238,-1,238,240,241,-1,238,241,237,-1,237,241,242,-1,237,242,236,-1,236,242,243,-1,236,243,235,-1,235,243,244,-1,235,244,234,-1,234,244,245,-1,234,245,127,-1,127,245,126,-1,60,59,240,-1,240,59,212,-1,240,212,241,-1,241,212,214,-1,241,214,242,-1,242,214,216,-1,242,216,243,-1,243,216,218,-1,243,218,244,-1,244,218,220,-1,244,220,245,-1,245,220,193,-1,245,193,126,-1,126,193,125,-1,124,193,123,-1,123,193,231,-1,123,231,122,-1,122,231,232,-1,122,232,121,-1,121,232,187,-1,121,187,41,-1,89,90,246,-1,95,96,247,-1,68,69,248,-1,248,69,249,-1,248,249,250,-1,250,249,251,-1,250,251,252,-1,252,251,253,-1,252,253,254,-1,254,253,255,-1,254,255,256,-1,256,255,247,-1,62,64,257,-1,257,64,258,-1,257,258,259,-1,259,258,260,-1,259,260,261,-1,261,260,262,-1,261,262,263,-1,263,262,264,-1,263,264,265,-1,265,264,246,-1,63,68,188,-1,188,68,248,-1,188,248,189,-1,189,248,250,-1,189,250,190,-1,190,250,252,-1,190,252,191,-1,191,252,254,-1,191,254,192,-1,192,254,256,-1,192,256,46,-1,46,256,98,-1,247,96,256,-1,256,96,97,-1,256,97,98,-1,94,95,266,-1,266,95,247,-1,266,247,267,-1,267,247,255,-1,267,255,268,-1,268,255,253,-1,268,253,269,-1,269,253,251,-1,269,251,270,-1,270,251,249,-1,270,249,67,-1,67,249,69,-1,67,66,270,-1,270,66,271,-1,270,271,269,-1,269,271,272,-1,269,272,268,-1,268,272,273,-1,268,273,267,-1,267,273,274,-1,267,274,266,-1,266,274,275,-1,266,275,94,-1,94,275,93,-1,66,62,271,-1,271,62,257,-1,271,257,272,-1,272,257,259,-1,272,259,273,-1,273,259,261,-1,273,261,274,-1,274,261,263,-1,274,263,275,-1,275,263,265,-1,275,265,93,-1,93,265,92,-1,246,90,265,-1,265,90,91,-1,265,91,92,-1,88,89,276,-1,276,89,246,-1,276,246,277,-1,277,246,264,-1,277,264,278,-1,278,264,262,-1,278,262,279,-1,279,262,260,-1,279,260,280,-1,280,260,258,-1,280,258,65,-1,65,258,64,-1,65,53,280,-1,280,53,281,-1,280,281,279,-1,279,281,282,-1,279,282,278,-1,278,282,283,-1,278,283,277,-1,277,283,284,-1,277,284,276,-1,276,284,285,-1,276,285,88,-1,88,285,3,-1,61,55,286,-1,286,55,196,-1,286,196,287,-1,287,196,198,-1,287,198,288,-1,288,198,203,-1,288,203,289,-1,289,203,202,-1,289,202,290,-1,290,202,207,-1,290,207,291,-1,291,207,206,-1,291,206,292,-1,292,206,211,-1,292,211,293,-1,293,211,210,-1,293,210,294,-1,294,210,225,-1,294,225,295,-1,295,225,224,-1,295,224,296,-1,296,224,233,-1,296,233,45,-1,45,233,44,-1,49,297,53,-1,53,297,281,-1,297,298,281,-1,281,298,299,-1,281,299,282,-1,299,300,282,-1,282,300,301,-1,282,301,283,-1,283,301,302,-1,283,302,284,-1,302,303,284,-1,284,303,304,-1,284,304,285,-1,304,305,285,-1,285,305,306,-1,285,306,3,-1,3,306,307,-1,3,307,5,-1,102,103,308,-1,106,107,309,-1,310,58,61,-1,49,48,297,-1,297,48,311,-1,297,311,298,-1,298,311,312,-1,61,286,310,-1,310,286,287,-1,310,287,313,-1,314,300,312,-1,312,300,299,-1,312,299,298,-1,287,288,313,-1,313,288,289,-1,313,289,315,-1,316,302,314,-1,314,302,301,-1,314,301,300,-1,289,290,315,-1,315,290,291,-1,315,291,317,-1,318,304,316,-1,316,304,303,-1,316,303,302,-1,72,50,319,-1,319,50,320,-1,319,320,321,-1,321,320,322,-1,321,322,323,-1,323,322,324,-1,323,324,325,-1,325,324,326,-1,325,326,327,-1,327,326,328,-1,327,328,308,-1,50,58,320,-1,320,58,310,-1,320,310,322,-1,322,310,313,-1,322,313,324,-1,324,313,315,-1,324,315,326,-1,326,315,317,-1,326,317,328,-1,328,317,329,-1,330,306,318,-1,318,306,305,-1,318,305,304,-1,48,82,311,-1,311,82,331,-1,311,331,312,-1,312,331,332,-1,312,332,314,-1,314,332,333,-1,314,333,316,-1,316,333,334,-1,316,334,318,-1,318,334,335,-1,318,335,330,-1,330,335,309,-1,291,292,317,-1,317,292,293,-1,317,293,329,-1,329,293,294,-1,329,294,295,-1,308,328,336,-1,336,328,329,-1,336,329,337,-1,337,329,295,-1,337,295,296,-1,109,5,330,-1,330,5,307,-1,330,307,306,-1,309,107,330,-1,330,107,108,-1,330,108,109,-1,105,106,338,-1,338,106,309,-1,338,309,339,-1,339,309,335,-1,339,335,340,-1,340,335,334,-1,340,334,341,-1,341,334,333,-1,341,333,342,-1,342,333,332,-1,342,332,343,-1,343,332,331,-1,343,331,81,-1,81,331,82,-1,81,73,343,-1,343,73,344,-1,343,344,342,-1,342,344,345,-1,342,345,341,-1,341,345,346,-1,341,346,340,-1,340,346,347,-1,340,347,339,-1,339,347,348,-1,339,348,338,-1,338,348,349,-1,338,349,105,-1,105,349,104,-1,73,72,344,-1,344,72,319,-1,344,319,345,-1,345,319,321,-1,345,321,346,-1,346,321,323,-1,346,323,347,-1,347,323,325,-1,347,325,348,-1,348,325,327,-1,348,327,349,-1,349,327,308,-1,349,308,104,-1,104,308,103,-1,102,308,101,-1,101,308,336,-1,101,336,100,-1,100,336,337,-1,100,337,99,-1,99,337,296,-1,99,296,45,-1,
        ]
    }
}
Shape{
    appearance Appearance {
        material  Material {
            diffuseColor 1.0 1.0 1.0
            specularColor 0.5019607843137255 0.5019607843137255 0.5019607843137255
            ambientIntensity 1.0
            transparency 0.0
            shininess 0.5
        }
    }
    geometry IndexedFaceSet {
        ccw TRUE
        solid FALSE
        coord DEF co Coordinate {
            point [
                1.5157 0.5925 0.5118, 1.3976 0.5925 0.5118, 1.5157 0.1988 0.5118, 1.3976 0.1988 0.5118, 0.8071 0.5925 0.0, 1.378 0.5925 0.0, 0.8071 -0.5886 0.0, 1.378 -0.5886 0.0, 0.8071 0.5925 0.1181, 0.8071 -0.5886 0.1181, 1.378 0.5925 0.1181, 1.378 -0.5886 0.1181, 1.383 0.5925 0.1188, 1.383 -0.5886 0.1188, 1.3878 0.5925 0.1207, 1.3878 -0.5886 0.1207, 1.3919 0.5925 0.1239, 1.3919 -0.5886 0.1239, 1.395 0.5925 0.128, 1.395 -0.5886 0.128, 1.397 0.5925 0.1327, 1.397 -0.5886 0.1327, 1.3976 0.5925 0.1378, 1.3976 -0.5886 0.1378, 1.3976 0.1988 0.3937, 1.3976 -0.1949 0.3937, 1.3976 -0.1949 0.5118, 1.3976 -0.5886 0.5118, 1.5157 -0.5886 0.5118, 1.5157 -0.1949 0.5118, 1.5157 -0.1949 0.3937, 1.5157 -0.5886 0.1378, 1.5157 0.1988 0.3937, 1.5157 0.5925 0.1378, 1.5123 -0.5886 0.1071, 1.5123 0.5925 0.1071, 1.5021 -0.5886 0.078, 1.5021 0.5925 0.078, 1.4857 -0.5886 0.0519, 1.4857 0.5925 0.0519, 1.4639 -0.5886 0.0301, 1.4639 0.5925 0.0301, 1.4377 -0.5886 0.0136, 1.4377 0.5925 0.0136, 1.4086 -0.5886 0.0035, 1.4086 0.5925 0.0035, -1.3976 0.5925 0.5118, -1.5157 0.5925 0.5118, -1.3976 0.1988 0.5118, -1.5157 0.1988 0.5118, -1.378 0.5925 0.0, -0.8071 0.5925 0.0, -1.378 -0.5886 0.0, -0.8071 -0.5886 0.0, -0.8071 0.5925 0.1181, -0.8071 -0.5886 0.1181, -1.378 0.5925 0.1181, -1.378 -0.5886 0.1181, -1.3976 0.5925 0.1378, -1.3976 -0.5886 0.1378, -1.397 0.5925 0.1327, -1.397 -0.5886 0.1327, -1.395 0.5925 0.128, -1.395 -0.5886 0.128, -1.3919 0.5925 0.1239, -1.3919 -0.5886 0.1239, -1.3878 0.5925 0.1207, -1.3878 -0.5886 0.1207, -1.383 0.5925 0.1188, -1.383 -0.5886 0.1188, -1.3976 -0.1949 0.5118, -1.3976 -0.5886 0.5118, -1.3976 -0.1949 0.3937, -1.3976 0.1988 0.3937, -1.5157 -0.5886 0.5118, -1.5157 -0.1949 0.5118, -1.5157 0.1988 0.3937, -1.5157 0.5925 0.1378, -1.5157 -0.1949 0.3937, -1.5157 -0.5886 0.1378, -1.4086 -0.5886 0.0035, -1.4086 0.5925 0.0035, -1.4377 -0.5886 0.0136, -1.4377 0.5925 0.0136, -1.4639 -0.5886 0.0301, -1.4639 0.5925 0.0301, -1.4857 -0.5886 0.0519, -1.4857 0.5925 0.0519, -1.5021 -0.5886 0.078, -1.5021 0.5925 0.078, -1.5123 -0.5886 0.1071, -1.5123 0.5925 0.1071
            ]
        }
        coordIndex [
            0,1,2,-1,2,1,3,-1,4,5,6,-1,6,5,7,-1,8,4,9,-1,9,4,6,-1,10,8,11,-1,11,8,9,-1,10,11,12,-1,12,11,13,-1,12,13,14,-1,14,13,15,-1,14,15,16,-1,16,15,17,-1,16,17,18,-1,18,17,19,-1,18,19,20,-1,20,19,21,-1,20,21,22,-1,22,21,23,-1,3,1,24,-1,24,1,22,-1,24,22,25,-1,25,22,23,-1,25,23,26,-1,26,23,27,-1,27,28,26,-1,26,28,29,-1,29,28,30,-1,30,28,31,-1,30,31,32,-1,32,31,33,-1,32,33,2,-1,2,33,0,-1,33,31,34,-1,33,34,35,-1,35,34,36,-1,35,36,37,-1,37,36,38,-1,37,38,39,-1,39,38,40,-1,39,40,41,-1,41,40,42,-1,41,42,43,-1,43,42,44,-1,43,44,45,-1,45,44,7,-1,45,7,5,-1,1,0,22,-1,22,0,33,-1,22,33,20,-1,20,33,35,-1,20,35,18,-1,35,37,18,-1,18,37,39,-1,18,39,16,-1,16,39,41,-1,16,41,14,-1,14,41,43,-1,14,43,12,-1,12,43,45,-1,12,45,10,-1,10,45,5,-1,10,5,8,-1,8,5,4,-1,28,27,31,-1,31,27,23,-1,31,23,34,-1,34,23,21,-1,34,21,36,-1,36,21,19,-1,36,19,38,-1,38,19,17,-1,9,6,11,-1,11,6,7,-1,11,7,13,-1,13,7,44,-1,13,44,15,-1,15,44,42,-1,15,42,17,-1,17,42,40,-1,17,40,38,-1,32,2,24,-1,24,2,3,-1,30,32,25,-1,25,32,24,-1,29,30,26,-1,26,30,25,-1,46,47,48,-1,48,47,49,-1,50,51,52,-1,52,51,53,-1,51,54,53,-1,53,54,55,-1,54,56,55,-1,55,56,57,-1,58,59,60,-1,60,59,61,-1,60,61,62,-1,62,61,63,-1,62,63,64,-1,64,63,65,-1,64,65,66,-1,66,65,67,-1,66,67,68,-1,68,67,69,-1,68,69,56,-1,56,69,57,-1,70,71,72,-1,72,71,59,-1,72,59,73,-1,73,59,58,-1,73,58,48,-1,48,58,46,-1,74,71,75,-1,75,71,70,-1,49,47,76,-1,76,47,77,-1,76,77,78,-1,78,77,79,-1,78,79,75,-1,75,79,74,-1,50,52,80,-1,50,80,81,-1,81,80,82,-1,81,82,83,-1,83,82,84,-1,83,84,85,-1,85,84,86,-1,85,86,87,-1,87,86,88,-1,87,88,89,-1,89,88,90,-1,89,90,91,-1,91,90,79,-1,91,79,77,-1,54,51,56,-1,56,51,50,-1,56,50,68,-1,68,50,81,-1,68,81,66,-1,66,81,83,-1,66,83,64,-1,47,46,77,-1,77,46,58,-1,77,58,91,-1,91,58,60,-1,91,60,89,-1,89,60,62,-1,89,62,87,-1,87,62,64,-1,87,64,85,-1,85,64,83,-1,71,74,59,-1,59,74,79,-1,59,79,61,-1,61,79,90,-1,61,90,63,-1,53,55,52,-1,52,55,57,-1,52,57,80,-1,80,57,69,-1,80,69,82,-1,82,69,67,-1,82,67,84,-1,84,67,65,-1,84,65,86,-1,86,65,63,-1,86,63,88,-1,88,63,90,-1,49,76,48,-1,48,76,73,-1,76,78,73,-1,73,78,72,-1,78,75,72,-1,72,75,70,-1,
        ]
    }
}
Shape{
    appearance Appearance {
        material  Material {
            diffuseColor 0.0 0.0 0.0
            specularColor 0.0 0.0 0.0
            ambientIntensity 0.0
            transparency 0.0
            shininess 0.5
        }
    }
    geometry IndexedFaceSet {
        ccw TRUE
        solid FALSE
        coord DEF co Coordinate {
            point [
                0.052 -1.3012 0.3375, 0.052 -1.3012 0.3284, 0.052 -1.2972 0.3375, 0.052 -1.2972 0.3284, 0.0201 -1.3012 0.3375, 0.0201 -1.2972 0.3375, 0.0201 -1.3012 0.4085, 0.0201 -1.2972 0.4085, 0.0097 -1.3012 0.4085, 0.0097 -1.2972 0.4085, 0.0097 -1.3012 0.3284, 0.0097 -1.2972 0.3284, 0.093 -1.3012 0.327, 0.093 -1.2972 0.327, 0.0979 -1.2972 0.3272, 0.0979 -1.3012 0.3272, 0.1024 -1.2972 0.3277, 0.1024 -1.3012 0.3277, 0.1065 -1.2972 0.3285, 0.1065 -1.3012 0.3285, 0.1102 -1.2972 0.3296, 0.1102 -1.3012 0.3296, 0.1136 -1.2972 0.3309, 0.1136 -1.3012 0.3309, 0.1152 -1.2972 0.3317, 0.1152 -1.3012 0.3317, 0.1152 -1.3012 0.3416, 0.1152 -1.2972 0.3416, 0.1122 -1.2972 0.34, 0.1122 -1.3012 0.34, 0.109 -1.2972 0.3386, 0.109 -1.3012 0.3386, 0.1056 -1.2972 0.3376, 0.1056 -1.3012 0.3376, 0.102 -1.2972 0.3368, 0.102 -1.3012 0.3368, 0.0982 -1.2972 0.3364, 0.0982 -1.3012 0.3364, 0.0945 -1.2972 0.3363, 0.0945 -1.3012 0.3363, 0.091 -1.2972 0.3364, 0.091 -1.3012 0.3364, 0.0877 -1.2972 0.3369, 0.0877 -1.3012 0.3369, 0.0847 -1.2972 0.3377, 0.0847 -1.3012 0.3377, 0.0819 -1.2972 0.3388, 0.0819 -1.3012 0.3388, 0.0793 -1.2972 0.3402, 0.0793 -1.3012 0.3402, 0.0769 -1.2972 0.3419, 0.0769 -1.3012 0.3419, 0.0747 -1.2972 0.3439, 0.0747 -1.3012 0.3439, 0.0739 -1.2972 0.3447, 0.0739 -1.3012 0.3447, 0.072 -1.2972 0.347, 0.072 -1.3012 0.347, 0.0703 -1.2972 0.3496, 0.0703 -1.3012 0.3496, 0.0689 -1.2972 0.3523, 0.0689 -1.3012 0.3523, 0.0678 -1.2972 0.3553, 0.0678 -1.3012 0.3553, 0.067 -1.2972 0.3585, 0.067 -1.3012 0.3585, 0.0664 -1.2972 0.362, 0.0664 -1.3012 0.362, 0.0661 -1.2972 0.3658, 0.0661 -1.3012 0.3658, 0.0661 -1.2972 0.3675, 0.0661 -1.3012 0.3675, 0.0662 -1.2972 0.3717, 0.0662 -1.3012 0.3717, 0.0667 -1.2972 0.3756, 0.0667 -1.3012 0.3756, 0.0675 -1.2972 0.3791, 0.0675 -1.3012 0.3791, 0.0686 -1.2972 0.3823, 0.0686 -1.3012 0.3823, 0.07 -1.2972 0.3853, 0.07 -1.3012 0.3853, 0.0716 -1.2972 0.388, 0.0716 -1.3012 0.388, 0.0735 -1.2972 0.3905, 0.0735 -1.3012 0.3905, 0.0745 -1.2972 0.3916, 0.0745 -1.3012 0.3916, 0.0768 -1.2972 0.3938, 0.0768 -1.3012 0.3938, 0.0793 -1.2972 0.3957, 0.0793 -1.3012 0.3957, 0.0819 -1.2972 0.3972, 0.0819 -1.3012 0.3972, 0.0847 -1.2972 0.3985, 0.0847 -1.3012 0.3985, 0.0876 -1.2972 0.3994, 0.0876 -1.3012 0.3994, 0.0907 -1.2972 0.4001, 0.0907 -1.3012 0.4001, 0.0941 -1.2972 0.4004, 0.0941 -1.3012 0.4004, 0.0963 -1.2972 0.4005, 0.0963 -1.3012 0.4005, 0.1002 -1.2972 0.4003, 0.1002 -1.3012 0.4003, 0.1039 -1.2972 0.3998, 0.1039 -1.3012 0.3998, 0.1074 -1.2972 0.399, 0.1074 -1.3012 0.399, 0.1108 -1.2972 0.3978, 0.1108 -1.3012 0.3978, 0.114 -1.2972 0.3964, 0.114 -1.3012 0.3964, 0.1152 -1.2972 0.3957, 0.1152 -1.3012 0.3957, 0.1152 -1.3012 0.4065, 0.1152 -1.2972 0.4065, 0.1121 -1.2972 0.4077, 0.1121 -1.3012 0.4077, 0.1087 -1.2972 0.4086, 0.1087 -1.3012 0.4086, 0.1048 -1.2972 0.4093, 0.1048 -1.3012 0.4093, 0.1005 -1.2972 0.4097, 0.1005 -1.3012 0.4097, 0.0962 -1.2972 0.4098, 0.0962 -1.3012 0.4098, 0.092 -1.2972 0.4096, 0.092 -1.3012 0.4096, 0.088 -1.2972 0.4091, 0.088 -1.3012 0.4091, 0.0843 -1.2972 0.4083, 0.0843 -1.3012 0.4083, 0.0808 -1.2972 0.4072, 0.0808 -1.3012 0.4072, 0.0775 -1.2972 0.4058, 0.0775 -1.3012 0.4058, 0.0743 -1.2972 0.4041, 0.0743 -1.3012 0.4041, 0.0714 -1.2972 0.402, 0.0714 -1.3012 0.402, 0.0686 -1.2972 0.3997, 0.0686 -1.3012 0.3997, 0.0668 -1.2972 0.398, 0.0668 -1.3012 0.398, 0.0643 -1.2972 0.3953, 0.0643 -1.3012 0.3953, 0.0622 -1.2972 0.3924, 0.0622 -1.3012 0.3924, 0.0603 -1.2972 0.3893, 0.0603 -1.3012 0.3893, 0.0588 -1.2972 0.386, 0.0588 -1.3012 0.386, 0.0575 -1.2972 0.3825, 0.0575 -1.3012 0.3825, 0.0565 -1.2972 0.3788, 0.0565 -1.3012 0.3788, 0.0558 -1.2972 0.3749, 0.0558 -1.3012 0.3749, 0.0553 -1.2972 0.3707, 0.0553 -1.3012 0.3707, 0.0552 -1.2972 0.3669, 0.0552 -1.3012 0.3669, 0.0554 -1.2972 0.3624, 0.0554 -1.3012 0.3624, 0.0559 -1.2972 0.3582, 0.0559 -1.3012 0.3582, 0.0567 -1.2972 0.3543, 0.0567 -1.3012 0.3543, 0.0578 -1.2972 0.3506, 0.0578 -1.3012 0.3506, 0.0592 -1.2972 0.3473, 0.0592 -1.3012 0.3473, 0.0609 -1.2972 0.3441, 0.0609 -1.3012 0.3441, 0.0628 -1.2972 0.3412, 0.0628 -1.3012 0.3412, 0.0649 -1.2972 0.3387, 0.0649 -1.3012 0.3387, 0.0655 -1.2972 0.338, 0.0655 -1.3012 0.338, 0.068 -1.2972 0.3356, 0.068 -1.3012 0.3356, 0.0707 -1.2972 0.3335, 0.0707 -1.3012 0.3335, 0.0735 -1.2972 0.3317, 0.0735 -1.3012 0.3317, 0.0765 -1.2972 0.3302, 0.0765 -1.3012 0.3302, 0.0797 -1.2972 0.329, 0.0797 -1.3012 0.329, 0.0831 -1.2972 0.3281, 0.0831 -1.3012 0.3281, 0.0868 -1.2972 0.3274, 0.0868 -1.3012 0.3274, 0.0907 -1.2972 0.3271, 0.0907 -1.3012 0.3271, 0.1743 -1.3012 0.3375, 0.1743 -1.3012 0.3284, 0.1743 -1.2972 0.3375, 0.1743 -1.2972 0.3284, 0.1415 -1.3012 0.3375, 0.1415 -1.2972 0.3375, 0.1415 -1.3012 0.3645, 0.1415 -1.2972 0.3645, 0.1702 -1.3012 0.3645, 0.1702 -1.2972 0.3645, 0.1702 -1.3012 0.3736, 0.1702 -1.2972 0.3736, 0.1415 -1.3012 0.3736, 0.1415 -1.2972 0.3736, 0.1415 -1.3012 0.3993, 0.1415 -1.2972 0.3993, 0.1724 -1.3012 0.3993, 0.1724 -1.2972 0.3993, 0.1724 -1.3012 0.4085, 0.1724 -1.2972 0.4085, 0.1312 -1.3012 0.4085, 0.1312 -1.2972 0.4085, 0.1312 -1.3012 0.3284, 0.1312 -1.2972 0.3284, 0.2262 -1.3012 0.3401, 0.2318 -1.3012 0.3324, 0.2291 -1.3012 0.3415, 0.2351 -1.3012 0.3341, 0.2318 -1.3012 0.3431, 0.2382 -1.3012 0.3361, 0.2342 -1.3012 0.3449, 0.2412 -1.3012 0.3384, 0.2352 -1.3012 0.3459, 0.2425 -1.3012 0.3396, 0.2372 -1.3012 0.3481, 0.2451 -1.3012 0.3422, 0.2389 -1.3012 0.3505, 0.2473 -1.3012 0.345, 0.2404 -1.3012 0.3531, 0.2492 -1.3012 0.348, 0.2416 -1.3012 0.356, 0.243 -1.3012 0.3769, 0.2531 -1.3012 0.3811, 0.2422 -1.3012 0.3802, 0.252 -1.3012 0.3845, 0.2412 -1.3012 0.3832, 0.2505 -1.3012 0.3876, 0.2398 -1.3012 0.3858, 0.2488 -1.3012 0.3906, 0.2382 -1.3012 0.3882, 0.2468 -1.3012 0.3933, 0.2445 -1.3012 0.3959, 0.2364 -1.3012 0.3904, 0.2425 -1.3012 0.3979, 0.2349 -1.3012 0.3917, 0.2395 -1.3012 0.4002, 0.2325 -1.3012 0.3936, 0.2364 -1.3012 0.4023, 0.2298 -1.3012 0.3953, 0.2331 -1.3012 0.4041, 0.2269 -1.3012 0.3966, 0.2296 -1.3012 0.4056, 0.2238 -1.3012 0.3977, 0.226 -1.3012 0.4067, 0.2204 -1.3012 0.3985, 0.2221 -1.3012 0.4076, 0.2167 -1.3012 0.399, 0.218 -1.3012 0.4082, 0.2128 -1.3012 0.3992, 0.2137 -1.3012 0.4084, 0.2118 -1.3012 0.3993, 0.2122 -1.3012 0.4085, 0.1997 -1.3012 0.3993, 0.1894 -1.3012 0.4085, 0.1997 -1.3012 0.3375, 0.1894 -1.3012 0.3284, 0.2114 -1.3012 0.3375, 0.2114 -1.3012 0.3284, 0.2156 -1.3012 0.3377, 0.216 -1.3012 0.3286, 0.2195 -1.3012 0.3382, 0.2204 -1.3012 0.3291, 0.223 -1.3012 0.339, 0.2244 -1.3012 0.3299, 0.2282 -1.3012 0.331, 0.2509 -1.3012 0.3511, 0.2522 -1.3012 0.3544, 0.2426 -1.3012 0.3591, 0.2532 -1.3012 0.3579, 0.2432 -1.3012 0.3624, 0.254 -1.3012 0.3616, 0.2436 -1.3012 0.3661, 0.2544 -1.3012 0.3656, 0.2437 -1.3012 0.3692, 0.2546 -1.3012 0.3695, 0.2435 -1.3012 0.3732, 0.2544 -1.3012 0.3736, 0.2539 -1.3012 0.3775, 0.2325 -1.2972 0.3936, 0.2395 -1.2972 0.4002, 0.2349 -1.2972 0.3917, 0.2425 -1.2972 0.3979, 0.2364 -1.2972 0.3904, 0.2445 -1.2972 0.3959, 0.2382 -1.2972 0.3882, 0.2468 -1.2972 0.3933, 0.2398 -1.2972 0.3858, 0.2488 -1.2972 0.3906, 0.2412 -1.2972 0.3832, 0.2505 -1.2972 0.3876, 0.2422 -1.2972 0.3802, 0.2291 -1.2972 0.3415, 0.2318 -1.2972 0.3324, 0.2262 -1.2972 0.3401, 0.2282 -1.2972 0.331, 0.223 -1.2972 0.339, 0.2244 -1.2972 0.3299, 0.2195 -1.2972 0.3382, 0.2204 -1.2972 0.3291, 0.2156 -1.2972 0.3377, 0.216 -1.2972 0.3286, 0.2114 -1.2972 0.3375, 0.2114 -1.2972 0.3284, 0.1997 -1.2972 0.3375, 0.1894 -1.2972 0.3284, 0.1997 -1.2972 0.3993, 0.1894 -1.2972 0.4085, 0.2118 -1.2972 0.3993, 0.2122 -1.2972 0.4085, 0.2128 -1.2972 0.3992, 0.2137 -1.2972 0.4084, 0.2167 -1.2972 0.399, 0.218 -1.2972 0.4082, 0.2204 -1.2972 0.3985, 0.2221 -1.2972 0.4076, 0.2238 -1.2972 0.3977, 0.226 -1.2972 0.4067, 0.2269 -1.2972 0.3966, 0.2296 -1.2972 0.4056, 0.2298 -1.2972 0.3953, 0.2331 -1.2972 0.4041, 0.2364 -1.2972 0.4023, 0.2426 -1.2972 0.3591, 0.2522 -1.2972 0.3544, 0.2416 -1.2972 0.356, 0.2509 -1.2972 0.3511, 0.2404 -1.2972 0.3531, 0.2492 -1.2972 0.348, 0.2389 -1.2972 0.3505, 0.2473 -1.2972 0.345, 0.2372 -1.2972 0.3481, 0.2451 -1.2972 0.3422, 0.2352 -1.2972 0.3459, 0.2425 -1.2972 0.3396, 0.2342 -1.2972 0.3449, 0.2412 -1.2972 0.3384, 0.2318 -1.2972 0.3431, 0.2382 -1.2972 0.3361, 0.2351 -1.2972 0.3341, 0.252 -1.2972 0.3845, 0.2531 -1.2972 0.3811, 0.243 -1.2972 0.3769, 0.2539 -1.2972 0.3775, 0.2435 -1.2972 0.3732, 0.2544 -1.2972 0.3736, 0.2437 -1.2972 0.3692, 0.2546 -1.2972 0.3695, 0.2436 -1.2972 0.3661, 0.2544 -1.2972 0.3656, 0.2432 -1.2972 0.3624, 0.254 -1.2972 0.3616, 0.2532 -1.2972 0.3579, 0.2814 -1.3012 0.3593, 0.2781 -1.3012 0.3503, 0.3083 -1.3012 0.3593, 0.3115 -1.3012 0.3503, 0.2934 -1.3012 0.3926, 0.2895 -1.3012 0.4085, 0.259 -1.3012 0.3284, 0.2704 -1.3012 0.3284, 0.2941 -1.3012 0.395, 0.2947 -1.3012 0.3982, 0.3006 -1.3012 0.4085, 0.2949 -1.3012 0.3982, 0.2956 -1.3012 0.3948, 0.2962 -1.3012 0.3926, 0.3311 -1.3012 0.3284, 0.3196 -1.3012 0.3284, 0.3083 -1.2972 0.3593, 0.2962 -1.2972 0.3926, 0.3006 -1.2972 0.4085, 0.2956 -1.2972 0.3948, 0.2949 -1.2972 0.3982, 0.2895 -1.2972 0.4085, 0.2947 -1.2972 0.3982, 0.2941 -1.2972 0.395, 0.2934 -1.2972 0.3926, 0.2814 -1.2972 0.3593, 0.259 -1.2972 0.3284, 0.3311 -1.2972 0.3284, 0.3196 -1.2972 0.3284, 0.3115 -1.2972 0.3503, 0.2704 -1.2972 0.3284, 0.2781 -1.2972 0.3503, 0.0528 -1.3012 0.2105, 0.0528 -1.3012 0.2014, 0.0528 -1.2972 0.2105, 0.0528 -1.2972 0.2014, 0.0201 -1.3012 0.2105, 0.0201 -1.2972 0.2105, 0.0201 -1.3012 0.2374, 0.0201 -1.2972 0.2374, 0.0487 -1.3012 0.2374, 0.0487 -1.2972 0.2374, 0.0487 -1.3012 0.2466, 0.0487 -1.2972 0.2466, 0.0201 -1.3012 0.2466, 0.0201 -1.2972 0.2466, 0.0201 -1.3012 0.2722, 0.0201 -1.2972 0.2722, 0.051 -1.3012 0.2722, 0.051 -1.2972 0.2722, 0.051 -1.3012 0.2814, 0.051 -1.2972 0.2814, 0.0097 -1.3012 0.2814, 0.0097 -1.2972 0.2814, 0.0097 -1.3012 0.2014, 0.0097 -1.2972 0.2014, 0.0983 -1.3012 0.2014, 0.1083 -1.3012 0.2014, 0.0983 -1.3012 0.2102, 0.1083 -1.3012 0.2382, 0.0906 -1.3012 0.2512, 0.0922 -1.3012 0.2507, 0.0964 -1.3012 0.2586, 0.0728 -1.3012 0.2331, 0.0706 -1.3012 0.232, 0.0764 -1.3012 0.2256, 0.0752 -1.3012 0.2247, 0.0983 -1.3012 0.2579, 0.0936 -1.3012 0.2499, 0.1001 -1.3012 0.2569, 0.0947 -1.3012 0.2489, 0.1017 -1.3012 0.2558, 0.0745 -1.3012 0.2119, 0.0736 -1.3012 0.2131, 0.0653 -1.3012 0.2068, 0.0688 -1.3012 0.2308, 0.0672 -1.3012 0.2294, 0.0743 -1.3012 0.2237, 0.0753 -1.3012 0.234, 0.0777 -1.3012 0.2264, 0.0782 -1.3012 0.2348, 0.0795 -1.3012 0.2271, 0.0814 -1.3012 0.2354, 0.1032 -1.3012 0.2545, 0.0957 -1.3012 0.2478, 0.1044 -1.3012 0.2529, 0.0966 -1.3012 0.2465, 0.1055 -1.3012 0.2512, 0.0669 -1.3012 0.2291, 0.0656 -1.3012 0.2276, 0.0736 -1.3012 0.2224, 0.0646 -1.3012 0.226, 0.073 -1.3012 0.221, 0.0963 -1.3012 0.2161, 0.098 -1.3012 0.2102, 0.0953 -1.3012 0.2145, 0.0975 -1.3012 0.2094, 0.0852 -1.3012 0.2084, 0.0875 -1.3012 0.2011, 0.0872 -1.3012 0.2087, 0.0895 -1.3012 0.2019, 0.089 -1.3012 0.2093, 0.0913 -1.3012 0.203, 0.0906 -1.3012 0.2102, 0.0983 -1.3012 0.2241, 0.0981 -1.3012 0.2219, 0.0978 -1.3012 0.2198, 0.0972 -1.3012 0.2179, 0.1065 -1.3012 0.2492, 0.0973 -1.3012 0.2449, 0.1073 -1.3012 0.2469, 0.0978 -1.3012 0.2431, 0.1079 -1.3012 0.2443, 0.0755 -1.3012 0.2108, 0.0706 -1.3012 0.2022, 0.0767 -1.3012 0.2099, 0.0724 -1.3012 0.2014, 0.0781 -1.3012 0.2092, 0.0745 -1.3012 0.2007, 0.0796 -1.3012 0.2087, 0.0665 -1.3012 0.2053, 0.0673 -1.3012 0.2045, 0.0689 -1.3012 0.2033, 0.0727 -1.3012 0.2159, 0.0629 -1.3012 0.2121, 0.0731 -1.3012 0.2144, 0.0635 -1.3012 0.2102, 0.0643 -1.3012 0.2084, 0.0983 -1.3012 0.2301, 0.0983 -1.3012 0.2377, 0.0849 -1.3012 0.2283, 0.0818 -1.3012 0.2277, 0.0931 -1.3012 0.2042, 0.0947 -1.3012 0.2057, 0.0922 -1.3012 0.2112, 0.0962 -1.3012 0.2074, 0.0936 -1.3012 0.2125, 0.094 -1.3012 0.2129, 0.1082 -1.3012 0.2414, 0.0981 -1.3012 0.2409, 0.0983 -1.3012 0.2384, 0.0983 -1.3012 0.2246, 0.0767 -1.3012 0.2003, 0.0791 -1.3012 0.2001, 0.0813 -1.3012 0.2084, 0.0805 -1.3012 0.2, 0.0831 -1.3012 0.2083, 0.083 -1.3012 0.2001, 0.0854 -1.3012 0.2005, 0.0637 -1.3012 0.2243, 0.0631 -1.3012 0.2223, 0.0727 -1.3012 0.2194, 0.0626 -1.3012 0.2202, 0.0726 -1.3012 0.2175, 0.0941 -1.3012 0.2592, 0.0917 -1.3012 0.2596, 0.0888 -1.3012 0.2516, 0.0889 -1.3012 0.2599, 0.0867 -1.3012 0.2517, 0.0877 -1.3012 0.2599, 0.0857 -1.3012 0.2517, 0.0843 -1.3012 0.2597, 0.083 -1.3012 0.2515, 0.0811 -1.3012 0.2594, 0.0804 -1.3012 0.251, 0.078 -1.3012 0.2588, 0.0779 -1.3012 0.2503, 0.0751 -1.3012 0.2579, 0.0753 -1.3012 0.2494, 0.0724 -1.3012 0.2569, 0.0729 -1.3012 0.2481, 0.0698 -1.3012 0.2556, 0.0704 -1.3012 0.2466, 0.068 -1.3012 0.2545, 0.068 -1.3012 0.2448, 0.0624 -1.3012 0.2179, 0.0624 -1.3012 0.2167, 0.0625 -1.3012 0.2143, 0.0704 -1.2972 0.2466, 0.068 -1.2972 0.2448, 0.068 -1.2972 0.2545, 0.0936 -1.2972 0.2499, 0.1001 -1.2972 0.2569, 0.0947 -1.2972 0.2489, 0.1017 -1.2972 0.2558, 0.0957 -1.2972 0.2478, 0.0978 -1.2972 0.2198, 0.0981 -1.2972 0.2219, 0.1083 -1.2972 0.2382, 0.0745 -1.2972 0.2119, 0.0653 -1.2972 0.2068, 0.0736 -1.2972 0.2131, 0.0643 -1.2972 0.2084, 0.0731 -1.2972 0.2144, 0.1032 -1.2972 0.2545, 0.1044 -1.2972 0.2529, 0.0966 -1.2972 0.2465, 0.1055 -1.2972 0.2512, 0.0973 -1.2972 0.2449, 0.0888 -1.2972 0.2516, 0.0917 -1.2972 0.2596, 0.0906 -1.2972 0.2512, 0.0941 -1.2972 0.2592, 0.0922 -1.2972 0.2507, 0.0964 -1.2972 0.2586, 0.0983 -1.2972 0.2579, 0.0972 -1.2972 0.2179, 0.0983 -1.2972 0.2102, 0.0983 -1.2972 0.2014, 0.1083 -1.2972 0.2014, 0.0752 -1.2972 0.2247, 0.0706 -1.2972 0.232, 0.0764 -1.2972 0.2256, 0.0728 -1.2972 0.2331, 0.0777 -1.2972 0.2264, 0.0753 -1.2972 0.234, 0.0795 -1.2972 0.2271, 0.0782 -1.2972 0.2348, 0.0818 -1.2972 0.2277, 0.0814 -1.2972 0.2354, 0.0743 -1.2972 0.2237, 0.0672 -1.2972 0.2294, 0.0688 -1.2972 0.2308, 0.0755 -1.2972 0.2108, 0.0673 -1.2972 0.2045, 0.0665 -1.2972 0.2053, 0.0767 -1.2972 0.2099, 0.0706 -1.2972 0.2022, 0.0689 -1.2972 0.2033, 0.0983 -1.2972 0.2301, 0.1082 -1.2972 0.2414, 0.0983 -1.2972 0.2246, 0.0983 -1.2972 0.2241, 0.0736 -1.2972 0.2224, 0.0656 -1.2972 0.2276, 0.0669 -1.2972 0.2291, 0.1065 -1.2972 0.2492, 0.1073 -1.2972 0.2469, 0.0978 -1.2972 0.2431, 0.1079 -1.2972 0.2443, 0.0981 -1.2972 0.2409, 0.0983 -1.2972 0.2384, 0.0635 -1.2972 0.2102, 0.0629 -1.2972 0.2121, 0.0727 -1.2972 0.2159, 0.0983 -1.2972 0.2377, 0.0849 -1.2972 0.2283, 0.0729 -1.2972 0.2481, 0.0698 -1.2972 0.2556, 0.0753 -1.2972 0.2494, 0.0724 -1.2972 0.2569, 0.0779 -1.2972 0.2503, 0.0751 -1.2972 0.2579, 0.0804 -1.2972 0.251, 0.078 -1.2972 0.2588, 0.083 -1.2972 0.2515, 0.0811 -1.2972 0.2594, 0.0857 -1.2972 0.2517, 0.0843 -1.2972 0.2597, 0.0867 -1.2972 0.2517, 0.0877 -1.2972 0.2599, 0.0889 -1.2972 0.2599, 0.0727 -1.2972 0.2194, 0.0631 -1.2972 0.2223, 0.073 -1.2972 0.221, 0.0637 -1.2972 0.2243, 0.0646 -1.2972 0.226, 0.0625 -1.2972 0.2143, 0.0624 -1.2972 0.2167, 0.0726 -1.2972 0.2175, 0.0624 -1.2972 0.2179, 0.0626 -1.2972 0.2202, 0.0975 -1.2972 0.2094, 0.0962 -1.2972 0.2074, 0.0922 -1.2972 0.2112, 0.0947 -1.2972 0.2057, 0.0906 -1.2972 0.2102, 0.0931 -1.2972 0.2042, 0.089 -1.2972 0.2093, 0.0913 -1.2972 0.203, 0.0872 -1.2972 0.2087, 0.0813 -1.2972 0.2084, 0.0791 -1.2972 0.2001, 0.0796 -1.2972 0.2087, 0.0767 -1.2972 0.2003, 0.0781 -1.2972 0.2092, 0.0745 -1.2972 0.2007, 0.0724 -1.2972 0.2014, 0.0895 -1.2972 0.2019, 0.0875 -1.2972 0.2011, 0.0852 -1.2972 0.2084, 0.0854 -1.2972 0.2005, 0.0831 -1.2972 0.2083, 0.083 -1.2972 0.2001, 0.0805 -1.2972 0.2, 0.0936 -1.2972 0.2125, 0.094 -1.2972 0.2129, 0.098 -1.2972 0.2102, 0.0953 -1.2972 0.2145, 0.0963 -1.2972 0.2161, 0.1384 -1.3012 0.2082, 0.1384 -1.2972 0.2082, 0.1359 -1.2972 0.2083, 0.1359 -1.3012 0.2083, 0.1334 -1.2972 0.2087, 0.1334 -1.3012 0.2087, 0.1309 -1.2972 0.2093, 0.1309 -1.3012 0.2093, 0.1285 -1.2972 0.2101, 0.1285 -1.3012 0.2101, 0.1262 -1.2972 0.2111, 0.1262 -1.3012 0.2111, 0.1238 -1.2972 0.2125, 0.1238 -1.3012 0.2125, 0.1219 -1.2972 0.2137, 0.1219 -1.3012 0.2137, 0.1219 -1.3012 0.2034, 0.1219 -1.2972 0.2034, 0.1243 -1.2972 0.2023, 0.1243 -1.3012 0.2023, 0.1269 -1.2972 0.2014, 0.1269 -1.3012 0.2014, 0.1296 -1.2972 0.2008, 0.1296 -1.3012 0.2008, 0.1324 -1.2972 0.2003, 0.1324 -1.3012 0.2003, 0.1355 -1.2972 0.2001, 0.1355 -1.3012 0.2001, 0.1374 -1.2972 0.2, 0.1374 -1.3012 0.2, 0.1406 -1.2972 0.2001, 0.1406 -1.3012 0.2001, 0.1436 -1.2972 0.2005, 0.1436 -1.3012 0.2005, 0.1463 -1.2972 0.2011, 0.1463 -1.3012 0.2011, 0.1488 -1.2972 0.2018, 0.1488 -1.3012 0.2018, 0.151 -1.2972 0.2027, 0.151 -1.3012 0.2027, 0.153 -1.2972 0.2039, 0.153 -1.3012 0.2039, 0.1541 -1.2972 0.2046, 0.1541 -1.3012 0.2046, 0.1557 -1.2972 0.2058, 0.1557 -1.3012 0.2058, 0.1571 -1.2972 0.2072, 0.1571 -1.3012 0.2072, 0.1582 -1.2972 0.2087, 0.1582 -1.3012 0.2087, 0.1591 -1.2972 0.2102, 0.1591 -1.3012 0.2102, 0.1598 -1.2972 0.2119, 0.1598 -1.3012 0.2119, 0.1603 -1.2972 0.2137, 0.1603 -1.3012 0.2137, 0.1605 -1.2972 0.2156, 0.1605 -1.3012 0.2156, 0.1606 -1.2972 0.2169, 0.1606 -1.3012 0.2169, 0.1604 -1.2972 0.219, 0.1604 -1.3012 0.219, 0.1601 -1.2972 0.2209, 0.1601 -1.3012 0.2209, 0.1595 -1.2972 0.2226, 0.1595 -1.3012 0.2226, 0.1588 -1.2972 0.2242, 0.1588 -1.3012 0.2242, 0.1578 -1.2972 0.2257, 0.1578 -1.3012 0.2257, 0.1572 -1.2972 0.2264, 0.1572 -1.3012 0.2264, 0.1559 -1.2972 0.2276, 0.1559 -1.3012 0.2276, 0.1543 -1.2972 0.2289, 0.1543 -1.3012 0.2289, 0.1523 -1.2972 0.2302, 0.1523 -1.3012 0.2302, 0.1497 -1.2972 0.2315, 0.1497 -1.3012 0.2315, 0.1465 -1.2972 0.2329, 0.1465 -1.3012 0.2329, 0.1443 -1.2972 0.2338, 0.1443 -1.3012 0.2338, 0.1399 -1.2972 0.2356, 0.1399 -1.3012 0.2356, 0.1372 -1.2972 0.2369, 0.1372 -1.3012 0.2369, 0.1354 -1.2972 0.238, 0.1354 -1.3012 0.238, 0.1345 -1.2972 0.2387, 0.1345 -1.3012 0.2387, 0.1337 -1.2972 0.2396, 0.1337 -1.3012 0.2396, 0.133 -1.2972 0.2406, 0.133 -1.3012 0.2406, 0.1326 -1.2972 0.2418, 0.1326 -1.3012 0.2418, 0.1324 -1.2972 0.2431, 0.1324 -1.3012 0.2431, 0.1323 -1.2972 0.244, 0.1323 -1.3012 0.244, 0.1324 -1.2972 0.2453, 0.1324 -1.3012 0.2453, 0.1328 -1.2972 0.2465, 0.1328 -1.3012 0.2465, 0.1334 -1.2972 0.2476, 0.1334 -1.3012 0.2476, 0.1341 -1.2972 0.2486, 0.1341 -1.3012 0.2486, 0.1351 -1.2972 0.2494, 0.1351 -1.3012 0.2494, 0.1354 -1.2972 0.2496, 0.1354 -1.3012 0.2496, 0.1367 -1.2972 0.2504, 0.1367 -1.3012 0.2504, 0.1382 -1.2972 0.251, 0.1382 -1.3012 0.251, 0.1398 -1.2972 0.2514, 0.1398 -1.3012 0.2514, 0.1417 -1.2972 0.2517, 0.1417 -1.3012 0.2517, 0.1433 -1.2972 0.2517, 0.1433 -1.3012 0.2517, 0.146 -1.2972 0.2516, 0.146 -1.3012 0.2516, 0.1485 -1.2972 0.2513, 0.1485 -1.3012 0.2513, 0.151 -1.2972 0.2507, 0.151 -1.3012 0.2507, 0.1533 -1.2972 0.2499, 0.1533 -1.3012 0.2499, 0.1556 -1.2972 0.2489, 0.1556 -1.3012 0.2489, 0.1578 -1.2972 0.2476, 0.1578 -1.3012 0.2476, 0.1578 -1.3012 0.2573, 0.1578 -1.2972 0.2573, 0.1552 -1.2972 0.2583, 0.1552 -1.3012 0.2583, 0.1525 -1.2972 0.259, 0.1525 -1.3012 0.259, 0.1497 -1.2972 0.2595, 0.1497 -1.3012 0.2595, 0.1468 -1.2972 0.2598, 0.1468 -1.3012 0.2598, 0.1443 -1.2972 0.2599, 0.1443 -1.3012 0.2599, 0.1413 -1.2972 0.2598, 0.1413 -1.3012 0.2598, 0.1385 -1.2972 0.2594, 0.1385 -1.3012 0.2594, 0.136 -1.2972 0.2588, 0.136 -1.3012 0.2588, 0.1336 -1.2972 0.2581, 0.1336 -1.3012 0.2581, 0.1314 -1.2972 0.2571, 0.1314 -1.3012 0.2571, 0.1293 -1.2972 0.2559, 0.1293 -1.3012 0.2559, 0.1284 -1.2972 0.2553, 0.1284 -1.3012 0.2553, 0.1268 -1.2972 0.254, 0.1268 -1.3012 0.254, 0.1254 -1.2972 0.2526, 0.1254 -1.3012 0.2526, 0.1242 -1.2972 0.2511, 0.1242 -1.3012 0.2511, 0.1234 -1.2972 0.2495, 0.1234 -1.3012 0.2495, 0.1227 -1.2972 0.2478, 0.1227 -1.3012 0.2478, 0.1222 -1.2972 0.246, 0.1222 -1.3012 0.246, 0.122 -1.2972 0.2442, 0.122 -1.3012 0.2442, 0.122 -1.2972 0.2431, 0.122 -1.3012 0.2431, 0.1221 -1.2972 0.241, 0.1221 -1.3012 0.241, 0.1225 -1.2972 0.2391, 0.1225 -1.3012 0.2391, 0.123 -1.2972 0.2373, 0.123 -1.3012 0.2373, 0.1238 -1.2972 0.2357, 0.1238 -1.3012 0.2357, 0.1247 -1.2972 0.2343, 0.1247 -1.3012 0.2343, 0.1248 -1.2972 0.2341, 0.1248 -1.3012 0.2341, 0.1259 -1.2972 0.2329, 0.1259 -1.3012 0.2329, 0.1272 -1.2972 0.2318, 0.1272 -1.3012 0.2318, 0.129 -1.2972 0.2305, 0.129 -1.3012 0.2305, 0.1314 -1.2972 0.2292, 0.1314 -1.3012 0.2292, 0.1344 -1.2972 0.2277, 0.1344 -1.3012 0.2277, 0.1372 -1.2972 0.2265, 0.1372 -1.3012 0.2265, 0.1416 -1.2972 0.2248, 0.1416 -1.3012 0.2248, 0.1445 -1.2972 0.2234, 0.1445 -1.3012 0.2234, 0.1465 -1.2972 0.2223, 0.1465 -1.3012 0.2223, 0.1477 -1.2972 0.2214, 0.1477 -1.3012 0.2214, 0.1487 -1.2972 0.2204, 0.1487 -1.3012 0.2204, 0.1494 -1.2972 0.2193, 0.1494 -1.3012 0.2193, 0.1499 -1.2972 0.2182, 0.1499 -1.3012 0.2182, 0.1502 -1.2972 0.217, 0.1502 -1.3012 0.217, 0.1503 -1.2972 0.2159, 0.1503 -1.3012 0.2159, 0.1501 -1.2972 0.2145, 0.1501 -1.3012 0.2145, 0.1498 -1.2972 0.2132, 0.1498 -1.3012 0.2132, 0.1493 -1.2972 0.2121, 0.1493 -1.3012 0.2121, 0.1485 -1.2972 0.2112, 0.1485 -1.3012 0.2112, 0.1476 -1.2972 0.2103, 0.1476 -1.3012 0.2103, 0.1464 -1.2972 0.2096, 0.1464 -1.3012 0.2096, 0.145 -1.2972 0.2091, 0.145 -1.3012 0.2091, 0.1433 -1.2972 0.2086, 0.1433 -1.3012 0.2086, 0.1412 -1.2972 0.2083, 0.1412 -1.3012 0.2083, 0.2103 -1.3012 0.2586, 0.2207 -1.3012 0.2586, 0.2103 -1.2972 0.2586, 0.2207 -1.2972 0.2586, 0.1947 -1.3012 0.2155, 0.1947 -1.2972 0.2155, 0.1939 -1.2972 0.2128, 0.1939 -1.3012 0.2128, 0.1934 -1.2972 0.2109, 0.1934 -1.3012 0.2109, 0.1932 -1.3012 0.2109, 0.1932 -1.2972 0.2109, 0.1919 -1.3012 0.2156, 0.1919 -1.2972 0.2156, 0.177 -1.3012 0.2586, 0.177 -1.2972 0.2586, 0.1658 -1.3012 0.2586, 0.1658 -1.2972 0.2586, 0.1882 -1.3012 0.2015, 0.1882 -1.2972 0.2015, 0.1838 -1.3012 0.1911, 0.1838 -1.2972 0.1911, 0.1826 -1.2972 0.1887, 0.1826 -1.3012 0.1887, 0.1814 -1.2972 0.187, 0.1814 -1.3012 0.187, 0.18 -1.2972 0.1854, 0.18 -1.3012 0.1854, 0.1786 -1.2972 0.1844, 0.1786 -1.3012 0.1844, 0.177 -1.2972 0.1836, 0.177 -1.3012 0.1836, 0.1753 -1.2972 0.1832, 0.1753 -1.3012 0.1832, 0.1735 -1.2972 0.183, 0.1735 -1.3012 0.183, 0.1714 -1.2972 0.1832, 0.1714 -1.3012 0.1832, 0.1692 -1.2972 0.1837, 0.1692 -1.3012 0.1837, 0.1678 -1.2972 0.1842, 0.1678 -1.3012 0.1842, 0.1678 -1.3012 0.1753, 0.1678 -1.2972 0.1753, 0.1702 -1.2972 0.1747, 0.1702 -1.3012 0.1747, 0.173 -1.2972 0.1745, 0.173 -1.3012 0.1745, 0.1743 -1.2972 0.1744, 0.1743 -1.3012 0.1744, 0.1768 -1.2972 0.1746, 0.1768 -1.3012 0.1746, 0.1791 -1.2972 0.1751, 0.1791 -1.3012 0.1751, 0.1813 -1.2972 0.1759, 0.1813 -1.3012 0.1759, 0.1834 -1.2972 0.177, 0.1834 -1.3012 0.177, 0.1854 -1.2972 0.1785, 0.1854 -1.3012 0.1785, 0.1874 -1.2972 0.1804, 0.1874 -1.3012 0.1804, 0.1892 -1.2972 0.1826, 0.1892 -1.3012 0.1826, 0.1911 -1.2972 0.1853, 0.1911 -1.3012 0.1853, 0.1928 -1.2972 0.1884, 0.1928 -1.3012 0.1884, 0.1945 -1.2972 0.1921, 0.1945 -1.3012 0.1921, 0.1947 -1.2972 0.1927, 0.1947 -1.3012 0.1927, 0.2745 -1.3012 0.2105, 0.2745 -1.3012 0.2014, 0.2745 -1.2972 0.2105, 0.2745 -1.2972 0.2014, 0.2418 -1.3012 0.2105, 0.2418 -1.2972 0.2105, 0.2418 -1.3012 0.2374, 0.2418 -1.2972 0.2374, 0.2704 -1.3012 0.2374, 0.2704 -1.2972 0.2374, 0.2704 -1.3012 0.2466, 0.2704 -1.2972 0.2466, 0.2418 -1.3012 0.2466, 0.2418 -1.2972 0.2466, 0.2418 -1.3012 0.2722, 0.2418 -1.2972 0.2722, 0.2727 -1.3012 0.2722, 0.2727 -1.2972 0.2722, 0.2727 -1.3012 0.2814, 0.2727 -1.2972 0.2814, 0.2315 -1.3012 0.2814, 0.2315 -1.2972 0.2814, 0.2315 -1.3012 0.2014, 0.2315 -1.2972 0.2014, 0.3265 -1.3012 0.2131, 0.332 -1.3012 0.2054, 0.3294 -1.3012 0.2144, 0.3354 -1.3012 0.2071, 0.332 -1.3012 0.2161, 0.3385 -1.3012 0.2091, 0.3344 -1.3012 0.2179, 0.3414 -1.3012 0.2114, 0.3354 -1.3012 0.2189, 0.3428 -1.3012 0.2126, 0.3375 -1.3012 0.2211, 0.3453 -1.3012 0.2152, 0.3392 -1.3012 0.2235, 0.3476 -1.3012 0.218, 0.3407 -1.3012 0.2261, 0.3495 -1.3012 0.221, 0.3419 -1.3012 0.2289, 0.3433 -1.3012 0.2499, 0.3534 -1.3012 0.2541, 0.3425 -1.3012 0.2532, 0.3522 -1.3012 0.2575, 0.3414 -1.3012 0.2562, 0.3508 -1.3012 0.2606, 0.3401 -1.3012 0.2588, 0.3491 -1.3012 0.2636, 0.3385 -1.3012 0.2612, 0.3471 -1.3012 0.2663, 0.3448 -1.3012 0.2689, 0.3367 -1.3012 0.2633, 0.3428 -1.3012 0.2708, 0.3352 -1.3012 0.2647, 0.3398 -1.3012 0.2732, 0.3327 -1.3012 0.2666, 0.3367 -1.3012 0.2753, 0.33 -1.3012 0.2682, 0.3334 -1.3012 0.2771, 0.3271 -1.3012 0.2696, 0.3299 -1.3012 0.2785, 0.324 -1.3012 0.2707, 0.3263 -1.3012 0.2797, 0.3206 -1.3012 0.2715, 0.3224 -1.3012 0.2806, 0.317 -1.3012 0.272, 0.3183 -1.3012 0.2812, 0.3131 -1.3012 0.2722, 0.314 -1.3012 0.2814, 0.3121 -1.3012 0.2722, 0.3125 -1.3012 0.2814, 0.3 -1.3012 0.2722, 0.2897 -1.3012 0.2814, 0.3 -1.3012 0.2105, 0.2897 -1.3012 0.2014, 0.3116 -1.3012 0.2105, 0.3117 -1.3012 0.2014, 0.3158 -1.3012 0.2107, 0.3163 -1.3012 0.2015, 0.3198 -1.3012 0.2112, 0.3206 -1.3012 0.2021, 0.3233 -1.3012 0.212, 0.3247 -1.3012 0.2029, 0.3285 -1.3012 0.204, 0.3511 -1.3012 0.2241, 0.3525 -1.3012 0.2274, 0.3428 -1.3012 0.232, 0.3535 -1.3012 0.2309, 0.3435 -1.3012 0.2354, 0.3543 -1.3012 0.2346, 0.3439 -1.3012 0.2391, 0.3547 -1.3012 0.2386, 0.344 -1.3012 0.2421, 0.3549 -1.3012 0.2424, 0.3438 -1.3012 0.2462, 0.3547 -1.3012 0.2466, 0.3542 -1.3012 0.2505, 0.3327 -1.2972 0.2666, 0.3398 -1.2972 0.2732, 0.3352 -1.2972 0.2647, 0.3428 -1.2972 0.2708, 0.3367 -1.2972 0.2633, 0.3448 -1.2972 0.2689, 0.3385 -1.2972 0.2612, 0.3471 -1.2972 0.2663, 0.3401 -1.2972 0.2588, 0.3491 -1.2972 0.2636, 0.3414 -1.2972 0.2562, 0.3508 -1.2972 0.2606, 0.3425 -1.2972 0.2532, 0.3294 -1.2972 0.2144, 0.332 -1.2972 0.2054, 0.3265 -1.2972 0.2131, 0.3285 -1.2972 0.204, 0.3233 -1.2972 0.212, 0.3247 -1.2972 0.2029, 0.3198 -1.2972 0.2112, 0.3206 -1.2972 0.2021, 0.3158 -1.2972 0.2107, 0.3163 -1.2972 0.2015, 0.3116 -1.2972 0.2105, 0.3117 -1.2972 0.2014, 0.3 -1.2972 0.2105, 0.2897 -1.2972 0.2014, 0.3 -1.2972 0.2722, 0.2897 -1.2972 0.2814, 0.3121 -1.2972 0.2722, 0.3125 -1.2972 0.2814, 0.3131 -1.2972 0.2722, 0.314 -1.2972 0.2814, 0.317 -1.2972 0.272, 0.3183 -1.2972 0.2812, 0.3206 -1.2972 0.2715, 0.3224 -1.2972 0.2806, 0.324 -1.2972 0.2707, 0.3263 -1.2972 0.2797, 0.3271 -1.2972 0.2696, 0.3299 -1.2972 0.2785, 0.33 -1.2972 0.2682, 0.3334 -1.2972 0.2771, 0.3367 -1.2972 0.2753, 0.3428 -1.2972 0.232, 0.3525 -1.2972 0.2274, 0.3419 -1.2972 0.2289, 0.3511 -1.2972 0.2241, 0.3407 -1.2972 0.2261, 0.3495 -1.2972 0.221, 0.3392 -1.2972 0.2235, 0.3476 -1.2972 0.218, 0.3375 -1.2972 0.2211, 0.3453 -1.2972 0.2152, 0.3354 -1.2972 0.2189, 0.3428 -1.2972 0.2126, 0.3344 -1.2972 0.2179, 0.3414 -1.2972 0.2114, 0.332 -1.2972 0.2161, 0.3385 -1.2972 0.2091, 0.3354 -1.2972 0.2071, 0.3522 -1.2972 0.2575, 0.3534 -1.2972 0.2541, 0.3433 -1.2972 0.2499, 0.3542 -1.2972 0.2505, 0.3438 -1.2972 0.2462, 0.3547 -1.2972 0.2466, 0.344 -1.2972 0.2421, 0.3549 -1.2972 0.2424, 0.3439 -1.2972 0.2391, 0.3547 -1.2972 0.2386, 0.3435 -1.2972 0.2354, 0.3543 -1.2972 0.2346, 0.3535 -1.2972 0.2309, 0.3817 -1.3012 0.2323, 0.3784 -1.3012 0.2233, 0.4086 -1.3012 0.2323, 0.4118 -1.3012 0.2233, 0.3937 -1.3012 0.2656, 0.3898 -1.3012 0.2814, 0.3593 -1.3012 0.2014, 0.3707 -1.3012 0.2014, 0.3944 -1.3012 0.268, 0.395 -1.3012 0.2712, 0.4008 -1.3012 0.2814, 0.3952 -1.3012 0.2712, 0.3959 -1.3012 0.2678, 0.3965 -1.3012 0.2656, 0.4313 -1.3012 0.2014, 0.4199 -1.3012 0.2014, 0.4086 -1.2972 0.2323, 0.3965 -1.2972 0.2656, 0.4008 -1.2972 0.2814, 0.3959 -1.2972 0.2678, 0.3952 -1.2972 0.2712, 0.3898 -1.2972 0.2814, 0.395 -1.2972 0.2712, 0.3944 -1.2972 0.268, 0.3937 -1.2972 0.2656, 0.3817 -1.2972 0.2323, 0.3593 -1.2972 0.2014, 0.4313 -1.2972 0.2014, 0.4199 -1.2972 0.2014, 0.4118 -1.2972 0.2233, 0.3707 -1.2972 0.2014, 0.3784 -1.2972 0.2233, -0.3354 -1.3012 0.1795, -0.3292 -1.3012 0.1743, -0.349 -1.3012 0.2404, -0.3002 -1.3012 0.3434, -0.2961 -1.3012 0.3411, -0.3137 -1.3012 0.3827, -0.2628 -1.3012 0.3835, -0.2531 -1.3012 0.3887, -0.2709 -1.3012 0.4183, -0.1496 -1.3012 0.3542, -0.1449 -1.3012 0.3442, -0.1122 -1.3012 0.3554, -0.1417 -1.3012 0.3336, -0.1401 -1.3012 0.3246, -0.2922 -1.3012 0.2417, -0.2869 -1.3012 0.2401, -0.275 -1.3012 0.2742, -0.1185 -1.3012 0.239, -0.1264 -1.3012 0.2366, -0.118 -1.3012 0.2028, -0.3496 -1.3012 0.2022, -0.3461 -1.3012 0.1939, -0.3414 -1.3012 0.1863, -0.1589 -1.3012 0.2683, -0.1765 -1.3012 0.2984, -0.2386 -1.3012 0.2261, -0.2528 -1.3012 0.2586, -0.2386 -1.3012 0.2205, -0.2694 -1.3012 0.1699, -0.2391 -1.3012 0.2132, -0.2617 -1.3012 0.1748, -0.2553 -1.3012 0.1802, -0.3012 -1.3012 0.1983, -0.3034 -1.3012 0.1641, -0.2961 -1.3012 0.1977, -0.2955 -1.3012 0.1635, -0.2906 -1.3012 0.1984, -0.311 -1.3012 0.2034, -0.3064 -1.3012 0.2003, -0.3212 -1.3012 0.1695, -0.3126 -1.3012 0.1661, -0.2757 -1.3012 0.2286, -0.2742 -1.3012 0.2235, -0.274 -1.3012 0.2179, -0.2752 -1.3012 0.2124, -0.2777 -1.3012 0.2075, -0.3427 -1.3012 0.3472, -0.35 -1.3012 0.3809, -0.3611 -1.3012 0.3772, -0.1287 -1.3012 0.2011, -0.1321 -1.3012 0.2358, -0.1623 -1.3012 0.2011, -0.1578 -1.3012 0.2358, -0.1651 -1.3012 0.2015, -0.2588 -1.3012 0.4234, -0.2428 -1.3012 0.3925, -0.2463 -1.3012 0.427, -0.3572 -1.3012 0.245, -0.3669 -1.3012 0.2085, -0.356 -1.3012 0.2041, -0.3514 -1.3012 0.3438, -0.3717 -1.3012 0.3721, -0.3594 -1.3012 0.339, -0.3817 -1.3012 0.3657, -0.3665 -1.3012 0.333, -0.2493 -1.3012 0.1873, -0.2445 -1.3012 0.1953, -0.241 -1.3012 0.204, -0.3182 -1.3012 0.2176, -0.317 -1.3012 0.2123, -0.3146 -1.3012 0.2076, -0.2667 -1.3012 0.2702, -0.2822 -1.3012 0.2371, -0.2593 -1.3012 0.2649, -0.093 -1.3012 0.293, -0.0629 -1.3012 0.3117, -0.0961 -1.3012 0.3006, -0.068 -1.3012 0.3212, -0.1006 -1.3012 0.3076, -0.0745 -1.3012 0.3301, -0.1062 -1.3012 0.3135, -0.0822 -1.3012 0.3381, -0.1127 -1.3012 0.3183, -0.371 -1.3012 0.2577, -0.3951 -1.3012 0.2296, -0.3646 -1.3012 0.2507, -0.3865 -1.3012 0.2212, -0.3771 -1.3012 0.2142, -0.3386 -1.3012 0.3831, -0.3336 -1.3012 0.3492, -0.3268 -1.3012 0.3838, -0.3263 -1.3012 0.3497, -0.3203 -1.3012 0.3835, -0.3174 -1.3012 0.3489, -0.3087 -1.3012 0.3468, -0.3181 -1.3012 0.2231, -0.3165 -1.3012 0.2285, -0.3465 -1.3012 0.2462, -0.3137 -1.3012 0.2333, -0.2961 -1.3012 0.2421, -0.3046 -1.3012 0.2772, -0.3014 -1.3012 0.2414, -0.3132 -1.3012 0.2751, -0.3064 -1.3012 0.2395, -0.2839 -1.3012 0.2768, -0.2926 -1.3012 0.2779, -0.2955 -1.3012 0.278, -0.2813 -1.3012 0.2033, -0.2857 -1.3012 0.2003, -0.2777 -1.3012 0.1664, -0.2864 -1.3012 0.1643, -0.1077 -1.3012 0.2059, -0.0979 -1.3012 0.2104, -0.1112 -1.3012 0.2428, -0.0886 -1.3012 0.2162, -0.1049 -1.3012 0.2479, -0.0802 -1.3012 0.2234, -0.1023 -1.3012 0.2506, -0.0769 -1.3012 0.2267, -0.0975 -1.3012 0.2571, -0.2825 -1.3012 0.4119, -0.2887 -1.3012 0.4077, -0.2717 -1.3012 0.377, -0.2977 -1.3012 0.4005, -0.2796 -1.3012 0.3694, -0.306 -1.3012 0.3921, -0.2863 -1.3012 0.3608, -0.2918 -1.3012 0.3513, -0.1172 -1.3012 0.3668, -0.1235 -1.3012 0.3776, -0.1557 -1.3012 0.3635, -0.1312 -1.3012 0.3881, -0.1629 -1.3012 0.3719, -0.3823 -1.3012 0.2825, -0.4161 -1.3012 0.2685, -0.3798 -1.3012 0.2735, -0.4124 -1.3012 0.2573, -0.3759 -1.3012 0.265, -0.4073 -1.3012 0.2466, -0.4009 -1.3012 0.2366, -0.2783 -1.3012 0.2332, -0.0919 -1.3012 0.2721, -0.056 -1.3012 0.2758, -0.0911 -1.3012 0.2802, -0.0558 -1.3012 0.2808, -0.0914 -1.3012 0.2849, -0.0568 -1.3012 0.2914, -0.0591 -1.3012 0.3017, -0.0701 -1.3012 0.2352, -0.0646 -1.3012 0.2444, -0.094 -1.3012 0.2643, -0.0603 -1.3012 0.2544, -0.0574 -1.3012 0.2649, -0.3215 -1.3012 0.2716, -0.3285 -1.3012 0.2673, -0.3109 -1.3012 0.2364, -0.3355 -1.3012 0.2613, -0.3416 -1.3012 0.2542, -0.1605 -1.3012 0.2363, -0.1744 -1.3012 0.2072, -0.1727 -1.3012 0.2055, -0.2204 -1.3012 0.4299, -0.2198 -1.3012 0.3958, -0.2164 -1.3012 0.4299, -0.209 -1.3012 0.3951, -0.3768 -1.3012 0.3189, -0.4117 -1.3012 0.3277, -0.3803 -1.3012 0.3106, -0.4156 -1.3012 0.3167, -0.3825 -1.3012 0.3019, -0.4181 -1.3012 0.3051, -0.3832 -1.3012 0.2928, -0.419 -1.3012 0.294, -0.3832 -1.3012 0.2911, -0.4191 -1.3012 0.2916, -0.4183 -1.3012 0.28, -0.1355 -1.3012 0.3246, -0.1275 -1.3012 0.3239, -0.11 -1.3012 0.3547, -0.1199 -1.3012 0.3218, -0.1005 -1.3012 0.3506, -0.0909 -1.3012 0.345, -0.1788 -1.3012 0.2187, -0.1783 -1.3012 0.2146, -0.1768 -1.3012 0.2108, -0.1588 -1.3012 0.236, -0.1689 -1.3012 0.2029, -0.2335 -1.3012 0.4292, -0.2319 -1.3012 0.3949, -0.2215 -1.3012 0.3958, -0.1654 -1.3012 0.2359, -0.1693 -1.3012 0.2344, -0.1787 -1.3012 0.2205, -0.1729 -1.3012 0.2319, -0.1756 -1.3012 0.2288, -0.1777 -1.3012 0.2248, -0.3903 -1.3012 0.3584, -0.3923 -1.3012 0.3565, -0.372 -1.3012 0.3266, -0.4 -1.3012 0.3478, -0.4065 -1.3012 0.3382, -0.1612 -1.3012 0.2364, -0.1403 -1.3012 0.3979, -0.1429 -1.3012 0.4003, -0.1699 -1.3012 0.3782, -0.1538 -1.3012 0.4088, -0.1788 -1.3012 0.3844, -0.1654 -1.3012 0.4159, -0.1884 -1.3012 0.3893, -0.1776 -1.3012 0.4216, -0.1985 -1.3012 0.3929, -0.1903 -1.3012 0.4259, -0.2033 -1.3012 0.4286, -0.1765 -1.2972 0.2984, -0.1589 -1.2972 0.2683, -0.2528 -1.2972 0.2586, -0.2386 -1.2972 0.2261, -0.2694 -1.2972 0.1699, -0.2386 -1.2972 0.2205, -0.2391 -1.2972 0.2132, -0.2617 -1.2972 0.1748, -0.2553 -1.2972 0.1802, -0.3014 -1.2972 0.2414, -0.3064 -1.2972 0.2395, -0.349 -1.2972 0.2404, -0.3109 -1.2972 0.2364, -0.2531 -1.2972 0.3887, -0.2628 -1.2972 0.3835, -0.2825 -1.2972 0.4119, -0.3354 -1.2972 0.1795, -0.3414 -1.2972 0.1863, -0.3165 -1.2972 0.2285, -0.3461 -1.2972 0.1939, -0.3496 -1.2972 0.2022, -0.2777 -1.2972 0.2075, -0.2752 -1.2972 0.2124, -0.274 -1.2972 0.2179, -0.2742 -1.2972 0.2235, -0.3798 -1.2972 0.2735, -0.3759 -1.2972 0.265, -0.4073 -1.2972 0.2466, -0.241 -1.2972 0.204, -0.2445 -1.2972 0.1953, -0.2493 -1.2972 0.1873, -0.2961 -1.2972 0.1977, -0.2906 -1.2972 0.1984, -0.2864 -1.2972 0.1643, -0.3514 -1.2972 0.3438, -0.3611 -1.2972 0.3772, -0.3427 -1.2972 0.3472, -0.35 -1.2972 0.3809, -0.3336 -1.2972 0.3492, -0.3386 -1.2972 0.3831, -0.3263 -1.2972 0.3497, -0.4009 -1.2972 0.2366, -0.371 -1.2972 0.2577, -0.3951 -1.2972 0.2296, -0.3646 -1.2972 0.2507, -0.3865 -1.2972 0.2212, -0.3771 -1.2972 0.2142, -0.3572 -1.2972 0.245, -0.3669 -1.2972 0.2085, -0.356 -1.2972 0.2041, -0.3137 -1.2972 0.2333, -0.1557 -1.2972 0.3635, -0.1235 -1.2972 0.3776, -0.1496 -1.2972 0.3542, -0.1172 -1.2972 0.3668, -0.1449 -1.2972 0.3442, -0.1122 -1.2972 0.3554, -0.1417 -1.2972 0.3336, -0.2887 -1.2972 0.4077, -0.2717 -1.2972 0.377, -0.2977 -1.2972 0.4005, -0.1199 -1.2972 0.3218, -0.1275 -1.2972 0.3239, -0.3181 -1.2972 0.2231, -0.3182 -1.2972 0.2176, -0.317 -1.2972 0.2123, -0.306 -1.2972 0.3921, -0.2796 -1.2972 0.3694, -0.3137 -1.2972 0.3827, -0.2863 -1.2972 0.3608, -0.2918 -1.2972 0.3513, -0.094 -1.2972 0.2643, -0.0646 -1.2972 0.2444, -0.0975 -1.2972 0.2571, -0.0701 -1.2972 0.2352, -0.1023 -1.2972 0.2506, -0.0769 -1.2972 0.2267, -0.1049 -1.2972 0.2479, -0.0802 -1.2972 0.2234, -0.1112 -1.2972 0.2428, -0.0961 -1.2972 0.3006, -0.0629 -1.2972 0.3117, -0.093 -1.2972 0.293, -0.0591 -1.2972 0.3017, -0.0914 -1.2972 0.2849, -0.0568 -1.2972 0.2914, -0.0911 -1.2972 0.2802, -0.1355 -1.2972 0.3246, -0.1401 -1.2972 0.3246, -0.3064 -1.2972 0.2003, -0.3292 -1.2972 0.1743, -0.311 -1.2972 0.2034, -0.3146 -1.2972 0.2076, -0.2961 -1.2972 0.2421, -0.2926 -1.2972 0.2779, -0.2922 -1.2972 0.2417, -0.2839 -1.2972 0.2768, -0.2869 -1.2972 0.2401, -0.3268 -1.2972 0.3838, -0.3203 -1.2972 0.3835, -0.3174 -1.2972 0.3489, -0.3087 -1.2972 0.3468, -0.2777 -1.2972 0.1664, -0.2857 -1.2972 0.2003, -0.2813 -1.2972 0.2033, -0.275 -1.2972 0.2742, -0.2667 -1.2972 0.2702, -0.2822 -1.2972 0.2371, -0.2593 -1.2972 0.2649, -0.2783 -1.2972 0.2332, -0.2757 -1.2972 0.2286, -0.3215 -1.2972 0.2716, -0.3132 -1.2972 0.2751, -0.3002 -1.2972 0.3434, -0.2961 -1.2972 0.3411, -0.1727 -1.2972 0.2055, -0.1744 -1.2972 0.2072, -0.1605 -1.2972 0.2363, -0.1768 -1.2972 0.2108, -0.0558 -1.2972 0.2808, -0.056 -1.2972 0.2758, -0.0919 -1.2972 0.2721, -0.0574 -1.2972 0.2649, -0.0603 -1.2972 0.2544, -0.11 -1.2972 0.3547, -0.1005 -1.2972 0.3506, -0.1127 -1.2972 0.3183, -0.0909 -1.2972 0.345, -0.1062 -1.2972 0.3135, -0.0822 -1.2972 0.3381, -0.1006 -1.2972 0.3076, -0.0745 -1.2972 0.3301, -0.068 -1.2972 0.3212, -0.2955 -1.2972 0.1635, -0.3034 -1.2972 0.1641, -0.3012 -1.2972 0.1983, -0.3126 -1.2972 0.1661, -0.3212 -1.2972 0.1695, -0.3416 -1.2972 0.2542, -0.3355 -1.2972 0.2613, -0.3285 -1.2972 0.2673, -0.3046 -1.2972 0.2772, -0.2955 -1.2972 0.278, -0.3803 -1.2972 0.3106, -0.4117 -1.2972 0.3277, -0.3768 -1.2972 0.3189, -0.4065 -1.2972 0.3382, -0.372 -1.2972 0.3266, -0.4124 -1.2972 0.2573, -0.4161 -1.2972 0.2685, -0.3823 -1.2972 0.2825, -0.4183 -1.2972 0.28, -0.3832 -1.2972 0.2911, -0.4191 -1.2972 0.2916, -0.3832 -1.2972 0.2928, -0.419 -1.2972 0.294, -0.3825 -1.2972 0.3019, -0.4181 -1.2972 0.3051, -0.4156 -1.2972 0.3167, -0.0886 -1.2972 0.2162, -0.0979 -1.2972 0.2104, -0.1185 -1.2972 0.239, -0.1077 -1.2972 0.2059, -0.1264 -1.2972 0.2366, -0.118 -1.2972 0.2028, -0.1321 -1.2972 0.2358, -0.1287 -1.2972 0.2011, -0.1578 -1.2972 0.2358, -0.1623 -1.2972 0.2011, -0.1588 -1.2972 0.236, -0.1651 -1.2972 0.2015, -0.1689 -1.2972 0.2029, -0.1783 -1.2972 0.2146, -0.1788 -1.2972 0.2187, -0.1787 -1.2972 0.2205, -0.3465 -1.2972 0.2462, -0.4 -1.2972 0.3478, -0.3923 -1.2972 0.3565, -0.3665 -1.2972 0.333, -0.3903 -1.2972 0.3584, -0.3594 -1.2972 0.339, -0.3817 -1.2972 0.3657, -0.3717 -1.2972 0.3721, -0.1777 -1.2972 0.2248, -0.1756 -1.2972 0.2288, -0.1729 -1.2972 0.2319, -0.1693 -1.2972 0.2344, -0.1699 -1.2972 0.3782, -0.1429 -1.2972 0.4003, -0.1629 -1.2972 0.3719, -0.1403 -1.2972 0.3979, -0.1312 -1.2972 0.3881, -0.2709 -1.2972 0.4183, -0.2588 -1.2972 0.4234, -0.2428 -1.2972 0.3925, -0.2463 -1.2972 0.427, -0.2319 -1.2972 0.3949, -0.2335 -1.2972 0.4292, -0.2215 -1.2972 0.3958, -0.2204 -1.2972 0.4299, -0.2198 -1.2972 0.3958, -0.2164 -1.2972 0.4299, -0.209 -1.2972 0.3951, -0.2033 -1.2972 0.4286, -0.1985 -1.2972 0.3929, -0.1903 -1.2972 0.4259, -0.1884 -1.2972 0.3893, -0.1776 -1.2972 0.4216, -0.1788 -1.2972 0.3844, -0.1654 -1.2972 0.4159, -0.1538 -1.2972 0.4088, -0.1654 -1.2972 0.2359, -0.1612 -1.2972 0.2364
            ]
        }
        coordIndex [
            0,1,2,-1,2,1,3,-1,4,0,5,-1,5,0,2,-1,6,4,7,-1,7,4,5,-1,8,6,9,-1,9,6,7,-1,10,8,11,-1,11,8,9,-1,1,10,3,-1,3,10,11,-1,6,8,4,-1,4,8,10,-1,4,10,0,-1,0,10,1,-1,2,3,5,-1,5,3,11,-1,5,11,7,-1,7,11,9,-1,12,13,14,-1,12,14,15,-1,15,14,16,-1,15,16,17,-1,17,16,18,-1,17,18,19,-1,19,18,20,-1,19,20,21,-1,21,20,22,-1,21,22,23,-1,23,22,24,-1,23,24,25,-1,26,25,27,-1,27,25,24,-1,26,27,28,-1,26,28,29,-1,29,28,30,-1,29,30,31,-1,31,30,32,-1,31,32,33,-1,33,32,34,-1,33,34,35,-1,35,34,36,-1,35,36,37,-1,37,36,38,-1,37,38,39,-1,39,38,40,-1,39,40,41,-1,41,40,42,-1,41,42,43,-1,43,42,44,-1,43,44,45,-1,45,44,46,-1,45,46,47,-1,47,46,48,-1,47,48,49,-1,49,48,50,-1,49,50,51,-1,51,50,52,-1,51,52,53,-1,53,52,54,-1,53,54,55,-1,55,54,56,-1,55,56,57,-1,57,56,58,-1,57,58,59,-1,59,58,60,-1,59,60,61,-1,61,60,62,-1,61,62,63,-1,63,62,64,-1,63,64,65,-1,65,64,66,-1,65,66,67,-1,67,66,68,-1,67,68,69,-1,69,68,70,-1,69,70,71,-1,71,70,72,-1,71,72,73,-1,73,72,74,-1,73,74,75,-1,75,74,76,-1,75,76,77,-1,77,76,78,-1,77,78,79,-1,79,78,80,-1,79,80,81,-1,81,80,82,-1,81,82,83,-1,83,82,84,-1,83,84,85,-1,85,84,86,-1,85,86,87,-1,87,86,88,-1,87,88,89,-1,89,88,90,-1,89,90,91,-1,91,90,92,-1,91,92,93,-1,93,92,94,-1,93,94,95,-1,95,94,96,-1,95,96,97,-1,97,96,98,-1,97,98,99,-1,99,98,100,-1,99,100,101,-1,101,100,102,-1,101,102,103,-1,103,102,104,-1,103,104,105,-1,105,104,106,-1,105,106,107,-1,107,106,108,-1,107,108,109,-1,109,108,110,-1,109,110,111,-1,111,110,112,-1,111,112,113,-1,113,112,114,-1,113,114,115,-1,116,115,117,-1,117,115,114,-1,116,117,118,-1,116,118,119,-1,119,118,120,-1,119,120,121,-1,121,120,122,-1,121,122,123,-1,123,122,124,-1,123,124,125,-1,125,124,126,-1,125,126,127,-1,127,126,128,-1,127,128,129,-1,129,128,130,-1,129,130,131,-1,131,130,132,-1,131,132,133,-1,133,132,134,-1,133,134,135,-1,135,134,136,-1,135,136,137,-1,137,136,138,-1,137,138,139,-1,139,138,140,-1,139,140,141,-1,141,140,142,-1,141,142,143,-1,143,142,144,-1,143,144,145,-1,145,144,146,-1,145,146,147,-1,147,146,148,-1,147,148,149,-1,149,148,150,-1,149,150,151,-1,151,150,152,-1,151,152,153,-1,153,152,154,-1,153,154,155,-1,155,154,156,-1,155,156,157,-1,157,156,158,-1,157,158,159,-1,159,158,160,-1,159,160,161,-1,161,160,162,-1,161,162,163,-1,163,162,164,-1,163,164,165,-1,165,164,166,-1,165,166,167,-1,167,166,168,-1,167,168,169,-1,169,168,170,-1,169,170,171,-1,171,170,172,-1,171,172,173,-1,173,172,174,-1,173,174,175,-1,175,174,176,-1,175,176,177,-1,177,176,178,-1,177,178,179,-1,179,178,180,-1,179,180,181,-1,181,180,182,-1,181,182,183,-1,183,182,184,-1,183,184,185,-1,185,184,186,-1,185,186,187,-1,187,186,188,-1,187,188,189,-1,189,188,190,-1,189,190,191,-1,191,190,192,-1,191,192,193,-1,193,192,194,-1,193,194,195,-1,195,194,196,-1,195,196,197,-1,197,196,13,-1,197,13,12,-1,113,115,116,-1,57,177,179,-1,57,179,55,-1,55,179,181,-1,55,181,53,-1,53,181,183,-1,53,183,51,-1,51,183,185,-1,51,185,49,-1,49,185,187,-1,49,187,47,-1,33,21,31,-1,31,21,23,-1,31,23,29,-1,29,23,25,-1,29,25,26,-1,187,189,47,-1,47,189,191,-1,47,191,45,-1,45,191,193,-1,45,193,43,-1,43,193,195,-1,43,195,41,-1,41,195,197,-1,41,197,39,-1,39,197,12,-1,39,12,37,-1,37,12,15,-1,37,15,35,-1,35,15,17,-1,35,17,33,-1,33,17,19,-1,33,19,21,-1,89,143,87,-1,87,143,145,-1,87,145,85,-1,85,145,147,-1,85,147,83,-1,83,147,149,-1,83,149,81,-1,81,149,151,-1,81,151,79,-1,79,151,153,-1,79,153,77,-1,77,153,155,-1,77,155,75,-1,113,116,111,-1,111,116,119,-1,111,119,109,-1,109,119,121,-1,109,121,107,-1,107,121,123,-1,107,123,105,-1,105,123,125,-1,105,125,103,-1,103,125,127,-1,103,127,101,-1,101,127,129,-1,101,129,99,-1,99,129,131,-1,99,131,97,-1,97,131,133,-1,97,133,95,-1,95,133,135,-1,95,135,93,-1,93,135,137,-1,93,137,91,-1,91,137,139,-1,91,139,89,-1,89,139,141,-1,89,141,143,-1,177,57,175,-1,175,57,59,-1,175,59,173,-1,173,59,61,-1,173,61,171,-1,171,61,63,-1,171,63,169,-1,169,63,65,-1,169,65,167,-1,167,65,165,-1,165,65,67,-1,165,67,163,-1,155,157,75,-1,75,157,159,-1,75,159,73,-1,73,159,161,-1,73,161,71,-1,71,161,163,-1,71,163,69,-1,69,163,67,-1,28,27,24,-1,28,24,30,-1,44,190,46,-1,46,190,188,-1,46,188,48,-1,48,188,186,-1,48,186,50,-1,50,186,184,-1,50,184,52,-1,52,184,182,-1,52,182,54,-1,114,112,117,-1,117,112,110,-1,117,110,118,-1,118,110,108,-1,182,180,54,-1,54,180,178,-1,54,178,56,-1,56,178,176,-1,56,176,58,-1,58,176,174,-1,58,174,60,-1,60,174,172,-1,60,172,62,-1,24,22,30,-1,30,22,20,-1,30,20,32,-1,32,20,18,-1,32,18,34,-1,34,18,16,-1,34,16,36,-1,36,16,14,-1,36,14,38,-1,38,14,13,-1,38,13,40,-1,40,13,196,-1,40,196,42,-1,42,196,194,-1,42,194,44,-1,44,194,192,-1,44,192,190,-1,82,146,84,-1,84,146,144,-1,84,144,86,-1,86,144,142,-1,86,142,88,-1,88,142,140,-1,88,140,90,-1,90,140,138,-1,90,138,92,-1,92,138,136,-1,92,136,94,-1,94,136,134,-1,94,134,96,-1,96,134,132,-1,96,132,98,-1,98,132,130,-1,98,130,100,-1,100,130,128,-1,100,128,102,-1,102,128,126,-1,102,126,104,-1,104,126,124,-1,104,124,106,-1,106,124,122,-1,106,122,108,-1,108,122,120,-1,108,120,118,-1,162,160,72,-1,72,160,158,-1,72,158,74,-1,74,158,156,-1,74,156,76,-1,76,156,154,-1,76,154,78,-1,78,154,152,-1,78,152,80,-1,80,152,150,-1,80,150,82,-1,82,150,148,-1,82,148,146,-1,172,170,62,-1,62,170,168,-1,62,168,64,-1,64,168,166,-1,64,166,66,-1,66,166,164,-1,66,164,68,-1,68,164,162,-1,68,162,70,-1,70,162,72,-1,198,199,200,-1,200,199,201,-1,202,198,203,-1,203,198,200,-1,204,202,205,-1,205,202,203,-1,206,204,207,-1,207,204,205,-1,208,206,209,-1,209,206,207,-1,210,208,211,-1,211,208,209,-1,212,210,213,-1,213,210,211,-1,214,212,215,-1,215,212,213,-1,216,214,217,-1,217,214,215,-1,218,216,219,-1,219,216,217,-1,220,218,221,-1,221,218,219,-1,199,220,201,-1,201,220,221,-1,220,199,198,-1,198,202,220,-1,220,202,204,-1,220,204,218,-1,214,216,212,-1,212,216,218,-1,212,218,210,-1,210,218,204,-1,210,204,208,-1,208,204,206,-1,219,217,215,-1,215,213,219,-1,219,213,211,-1,219,211,221,-1,200,201,203,-1,203,201,221,-1,203,221,205,-1,205,221,211,-1,205,211,207,-1,207,211,209,-1,222,223,224,-1,224,223,225,-1,224,225,226,-1,226,225,227,-1,226,227,228,-1,228,227,229,-1,228,229,230,-1,230,229,231,-1,230,231,232,-1,232,231,233,-1,232,233,234,-1,234,233,235,-1,234,235,236,-1,236,235,237,-1,236,237,238,-1,239,240,241,-1,241,240,242,-1,241,242,243,-1,243,242,244,-1,243,244,245,-1,245,244,246,-1,245,246,247,-1,246,248,247,-1,247,248,249,-1,247,249,250,-1,250,249,251,-1,250,251,252,-1,252,251,253,-1,252,253,254,-1,254,253,255,-1,254,255,256,-1,256,255,257,-1,256,257,258,-1,258,257,259,-1,258,259,260,-1,260,259,261,-1,260,261,262,-1,262,261,263,-1,262,263,264,-1,264,263,265,-1,264,265,266,-1,266,265,267,-1,266,267,268,-1,268,267,269,-1,268,269,270,-1,270,269,271,-1,270,271,272,-1,272,271,273,-1,272,273,274,-1,274,273,275,-1,274,275,276,-1,276,275,277,-1,276,277,278,-1,278,277,279,-1,278,279,280,-1,280,279,281,-1,280,281,222,-1,222,281,282,-1,222,282,223,-1,237,283,238,-1,238,283,284,-1,238,284,285,-1,285,284,286,-1,285,286,287,-1,287,286,288,-1,287,288,289,-1,289,288,290,-1,289,290,291,-1,291,290,292,-1,291,292,293,-1,293,292,294,-1,293,294,239,-1,239,294,295,-1,239,295,240,-1,296,297,298,-1,298,297,299,-1,298,299,300,-1,300,299,301,-1,300,301,302,-1,302,301,303,-1,302,303,304,-1,304,303,305,-1,304,305,306,-1,306,305,307,-1,306,307,308,-1,309,310,311,-1,311,310,312,-1,311,312,313,-1,313,312,314,-1,313,314,315,-1,315,314,316,-1,315,316,317,-1,317,316,318,-1,317,318,319,-1,319,318,320,-1,319,320,321,-1,321,320,322,-1,321,322,323,-1,323,322,324,-1,323,324,325,-1,325,324,326,-1,325,326,327,-1,327,326,328,-1,327,328,329,-1,329,328,330,-1,329,330,331,-1,331,330,332,-1,331,332,333,-1,333,332,334,-1,333,334,335,-1,335,334,336,-1,335,336,337,-1,337,336,338,-1,337,338,296,-1,296,338,339,-1,296,339,297,-1,340,341,342,-1,342,341,343,-1,342,343,344,-1,344,343,345,-1,344,345,346,-1,346,345,347,-1,346,347,348,-1,348,347,349,-1,348,349,350,-1,350,349,351,-1,350,351,352,-1,352,351,353,-1,352,353,354,-1,354,353,355,-1,354,355,309,-1,309,355,356,-1,309,356,310,-1,307,357,308,-1,308,357,358,-1,308,358,359,-1,359,358,360,-1,359,360,361,-1,361,360,362,-1,361,362,363,-1,363,362,364,-1,363,364,365,-1,365,364,366,-1,365,366,367,-1,367,366,368,-1,367,368,340,-1,340,368,369,-1,340,369,341,-1,275,273,320,-1,320,273,322,-1,275,320,318,-1,275,318,277,-1,277,318,316,-1,277,316,279,-1,279,316,314,-1,279,314,281,-1,281,314,312,-1,281,312,282,-1,282,312,310,-1,282,310,223,-1,223,310,356,-1,223,356,225,-1,225,356,355,-1,225,355,227,-1,227,355,353,-1,227,353,229,-1,229,353,351,-1,229,351,231,-1,231,351,349,-1,231,349,233,-1,233,349,347,-1,233,347,235,-1,235,347,345,-1,235,345,237,-1,237,345,343,-1,237,343,283,-1,283,343,341,-1,283,341,284,-1,284,341,369,-1,284,369,286,-1,286,369,368,-1,286,368,288,-1,288,368,366,-1,288,366,290,-1,290,366,364,-1,290,364,292,-1,292,364,362,-1,292,362,294,-1,294,362,360,-1,294,360,295,-1,295,360,358,-1,295,358,240,-1,240,358,357,-1,240,357,242,-1,242,357,307,-1,242,307,244,-1,244,307,305,-1,244,305,246,-1,246,305,303,-1,246,303,248,-1,248,303,301,-1,248,301,249,-1,249,301,299,-1,249,299,251,-1,251,299,297,-1,251,297,253,-1,253,297,339,-1,253,339,255,-1,255,339,338,-1,255,338,257,-1,257,338,336,-1,257,336,259,-1,259,336,334,-1,259,334,261,-1,261,334,332,-1,261,332,263,-1,263,332,330,-1,263,330,265,-1,265,330,328,-1,265,328,267,-1,267,328,326,-1,267,326,269,-1,271,269,324,-1,324,269,326,-1,273,271,322,-1,322,271,324,-1,268,270,325,-1,325,270,323,-1,270,272,323,-1,323,272,321,-1,272,274,321,-1,321,274,319,-1,230,350,352,-1,230,352,228,-1,228,352,354,-1,228,354,226,-1,226,354,309,-1,226,309,224,-1,224,309,311,-1,224,311,222,-1,222,311,313,-1,222,313,280,-1,280,313,315,-1,280,315,278,-1,278,315,317,-1,278,317,276,-1,276,317,319,-1,276,319,274,-1,291,363,365,-1,291,365,289,-1,289,365,367,-1,289,367,287,-1,287,367,340,-1,287,340,285,-1,285,340,342,-1,285,342,238,-1,238,342,344,-1,238,344,236,-1,236,344,346,-1,236,346,234,-1,234,346,348,-1,234,348,232,-1,232,348,350,-1,232,350,230,-1,252,298,300,-1,252,300,250,-1,250,300,302,-1,250,302,247,-1,247,302,304,-1,247,304,245,-1,245,304,306,-1,245,306,243,-1,243,306,308,-1,243,308,241,-1,241,308,359,-1,241,359,239,-1,239,359,361,-1,239,361,293,-1,293,361,363,-1,293,363,291,-1,268,325,327,-1,268,327,266,-1,266,327,329,-1,266,329,264,-1,264,329,331,-1,264,331,262,-1,262,331,333,-1,262,333,260,-1,260,333,335,-1,260,335,258,-1,258,335,337,-1,258,337,256,-1,256,337,296,-1,256,296,254,-1,254,296,298,-1,254,298,252,-1,370,371,372,-1,372,371,373,-1,374,375,370,-1,370,375,376,-1,370,376,371,-1,371,376,377,-1,374,378,375,-1,375,378,379,-1,375,379,380,-1,380,379,381,-1,380,381,382,-1,382,383,380,-1,380,383,372,-1,380,372,384,-1,384,372,373,-1,384,373,385,-1,386,387,388,-1,387,389,388,-1,388,389,390,-1,388,390,391,-1,391,390,392,-1,391,392,393,-1,393,394,391,-1,391,394,395,-1,391,395,396,-1,397,398,399,-1,400,396,401,-1,401,396,395,-1,401,395,399,-1,399,395,386,-1,399,386,397,-1,397,386,388,-1,380,384,388,-1,388,384,397,-1,375,380,391,-1,391,380,388,-1,376,375,396,-1,396,375,391,-1,377,376,400,-1,400,376,396,-1,371,377,401,-1,401,377,400,-1,373,371,399,-1,399,371,401,-1,385,373,398,-1,398,373,399,-1,384,385,397,-1,397,385,398,-1,370,372,395,-1,395,372,386,-1,372,383,386,-1,386,383,387,-1,381,390,389,-1,381,389,382,-1,382,389,387,-1,382,387,383,-1,381,379,390,-1,390,379,392,-1,374,394,393,-1,374,393,378,-1,378,393,392,-1,378,392,379,-1,374,370,394,-1,394,370,395,-1,402,403,404,-1,404,403,405,-1,406,402,407,-1,407,402,404,-1,408,406,409,-1,409,406,407,-1,410,408,411,-1,411,408,409,-1,412,410,413,-1,413,410,411,-1,414,412,415,-1,415,412,413,-1,416,414,417,-1,417,414,415,-1,418,416,419,-1,419,416,417,-1,420,418,421,-1,421,418,419,-1,422,420,423,-1,423,420,421,-1,424,422,425,-1,425,422,423,-1,403,424,405,-1,405,424,425,-1,424,403,402,-1,402,406,424,-1,424,406,408,-1,424,408,422,-1,418,420,416,-1,416,420,422,-1,416,422,414,-1,414,422,408,-1,414,408,412,-1,412,408,410,-1,423,421,419,-1,419,417,423,-1,423,417,415,-1,423,415,425,-1,404,405,407,-1,407,405,425,-1,407,425,409,-1,409,425,415,-1,409,415,411,-1,411,415,413,-1,426,427,428,-1,428,427,429,-1,430,431,432,-1,433,434,435,-1,435,434,436,-1,432,431,437,-1,437,431,438,-1,437,438,439,-1,439,438,440,-1,439,440,441,-1,442,443,444,-1,434,445,436,-1,436,445,446,-1,436,446,447,-1,433,435,448,-1,448,435,449,-1,448,449,450,-1,450,449,451,-1,450,451,452,-1,441,440,453,-1,453,440,454,-1,453,454,455,-1,455,454,456,-1,455,456,457,-1,446,458,447,-1,447,458,459,-1,447,459,460,-1,460,459,461,-1,460,461,462,-1,428,463,464,-1,464,463,465,-1,464,465,466,-1,467,468,469,-1,469,468,470,-1,469,470,471,-1,471,470,472,-1,471,472,473,-1,474,475,429,-1,429,475,476,-1,429,476,428,-1,428,476,477,-1,428,477,463,-1,457,456,478,-1,478,456,479,-1,478,479,480,-1,480,479,481,-1,480,481,482,-1,483,484,485,-1,485,484,486,-1,485,486,487,-1,487,486,488,-1,487,488,489,-1,444,490,442,-1,442,490,491,-1,442,491,483,-1,483,491,492,-1,483,492,484,-1,493,494,495,-1,495,494,496,-1,495,496,443,-1,443,496,497,-1,443,497,444,-1,498,499,500,-1,500,499,452,-1,500,452,501,-1,501,452,451,-1,472,502,473,-1,473,502,503,-1,473,503,504,-1,504,503,505,-1,504,505,506,-1,506,505,466,-1,506,466,507,-1,507,466,465,-1,482,481,508,-1,508,481,509,-1,508,509,510,-1,510,499,508,-1,508,499,498,-1,508,498,429,-1,429,498,511,-1,429,511,474,-1,488,512,489,-1,489,512,513,-1,489,513,514,-1,514,513,515,-1,514,515,516,-1,516,515,517,-1,516,517,467,-1,467,517,518,-1,467,518,468,-1,461,519,462,-1,462,519,520,-1,462,520,521,-1,521,520,522,-1,521,522,523,-1,432,524,430,-1,430,524,525,-1,430,525,526,-1,526,525,527,-1,526,527,528,-1,528,527,529,-1,528,529,530,-1,530,529,531,-1,530,531,532,-1,532,531,533,-1,532,533,534,-1,534,533,535,-1,534,535,536,-1,536,535,537,-1,536,537,538,-1,538,537,539,-1,538,539,540,-1,540,539,541,-1,540,541,542,-1,542,541,543,-1,542,543,544,-1,522,545,523,-1,523,545,546,-1,523,546,493,-1,493,546,547,-1,493,547,494,-1,548,549,550,-1,551,552,553,-1,553,552,554,-1,553,554,555,-1,556,557,558,-1,559,560,561,-1,561,560,562,-1,561,562,563,-1,554,564,555,-1,555,564,565,-1,555,565,566,-1,566,565,567,-1,566,567,568,-1,569,570,571,-1,571,570,572,-1,571,572,573,-1,573,572,574,-1,573,574,551,-1,551,574,575,-1,551,575,552,-1,576,556,577,-1,577,556,558,-1,577,558,578,-1,578,558,579,-1,580,581,582,-1,582,581,583,-1,582,583,584,-1,584,583,585,-1,584,585,586,-1,586,585,587,-1,586,587,588,-1,588,587,589,-1,590,591,580,-1,580,591,592,-1,580,592,581,-1,593,594,559,-1,559,594,595,-1,559,595,560,-1,596,597,593,-1,593,597,598,-1,593,598,594,-1,599,600,601,-1,601,600,558,-1,601,558,602,-1,602,558,557,-1,603,604,590,-1,590,604,605,-1,590,605,591,-1,567,606,568,-1,568,606,607,-1,568,607,608,-1,608,607,609,-1,608,609,610,-1,610,609,600,-1,610,600,611,-1,562,612,563,-1,563,612,613,-1,563,613,614,-1,611,600,615,-1,615,600,599,-1,615,599,589,-1,589,599,616,-1,589,616,588,-1,548,550,617,-1,617,550,618,-1,617,618,619,-1,619,618,620,-1,619,620,621,-1,621,620,622,-1,621,622,623,-1,623,622,624,-1,623,624,625,-1,625,624,626,-1,625,626,627,-1,627,626,628,-1,627,628,629,-1,629,628,630,-1,629,630,569,-1,569,630,631,-1,569,631,570,-1,632,633,634,-1,634,633,635,-1,634,635,603,-1,603,635,636,-1,603,636,604,-1,613,637,614,-1,614,637,638,-1,614,638,639,-1,639,638,640,-1,639,640,632,-1,632,640,641,-1,632,641,633,-1,642,643,644,-1,644,643,645,-1,644,645,646,-1,646,645,647,-1,646,647,648,-1,648,647,649,-1,648,649,650,-1,651,652,653,-1,653,652,654,-1,653,654,655,-1,655,654,656,-1,655,656,596,-1,596,656,657,-1,596,657,597,-1,649,658,650,-1,650,658,659,-1,650,659,660,-1,660,659,661,-1,660,661,662,-1,662,661,663,-1,662,663,651,-1,651,663,664,-1,651,664,652,-1,644,665,642,-1,642,665,666,-1,642,666,667,-1,667,666,668,-1,667,668,577,-1,577,668,669,-1,577,669,576,-1,529,630,628,-1,529,628,531,-1,531,628,626,-1,531,626,533,-1,533,626,624,-1,533,624,535,-1,535,624,622,-1,535,622,537,-1,537,622,620,-1,537,620,539,-1,539,620,618,-1,539,618,541,-1,541,618,550,-1,541,550,543,-1,544,543,549,-1,549,543,550,-1,544,549,548,-1,544,548,542,-1,542,548,617,-1,542,617,540,-1,540,617,619,-1,540,619,538,-1,538,619,621,-1,538,621,536,-1,536,621,623,-1,536,623,534,-1,534,623,625,-1,534,625,532,-1,532,625,627,-1,532,627,530,-1,530,627,629,-1,530,629,528,-1,528,629,569,-1,528,569,526,-1,526,569,571,-1,526,571,430,-1,430,571,573,-1,430,573,431,-1,431,573,551,-1,431,551,438,-1,438,551,553,-1,438,553,440,-1,440,553,555,-1,440,555,454,-1,454,555,566,-1,454,566,456,-1,456,566,568,-1,456,568,479,-1,479,568,608,-1,479,608,481,-1,481,608,610,-1,481,610,509,-1,509,610,611,-1,509,611,510,-1,510,611,615,-1,510,615,499,-1,452,499,589,-1,589,499,615,-1,452,589,587,-1,452,587,450,-1,450,587,585,-1,450,585,448,-1,448,585,583,-1,448,583,433,-1,433,583,581,-1,433,581,434,-1,434,581,592,-1,434,592,445,-1,445,592,591,-1,445,591,446,-1,446,591,605,-1,446,605,458,-1,458,605,604,-1,458,604,459,-1,459,604,636,-1,459,636,461,-1,461,636,635,-1,461,635,519,-1,519,635,633,-1,519,633,520,-1,520,633,641,-1,520,641,522,-1,522,641,640,-1,522,640,545,-1,545,640,638,-1,545,638,546,-1,546,638,637,-1,546,637,547,-1,547,637,613,-1,547,613,494,-1,494,613,612,-1,494,612,496,-1,496,612,562,-1,496,562,497,-1,497,562,560,-1,497,560,444,-1,444,560,595,-1,444,595,490,-1,490,595,594,-1,490,594,491,-1,491,594,598,-1,491,598,492,-1,492,598,597,-1,492,597,484,-1,484,597,657,-1,484,657,486,-1,486,657,656,-1,486,656,488,-1,488,656,654,-1,488,654,512,-1,512,654,652,-1,512,652,513,-1,513,652,664,-1,513,664,515,-1,515,664,663,-1,515,663,517,-1,517,663,661,-1,517,661,518,-1,518,661,659,-1,518,659,468,-1,468,659,658,-1,468,658,470,-1,470,658,649,-1,470,649,472,-1,472,649,647,-1,472,647,502,-1,502,647,645,-1,502,645,503,-1,503,645,643,-1,503,643,505,-1,505,643,642,-1,505,642,466,-1,466,642,667,-1,466,667,464,-1,428,464,577,-1,577,464,667,-1,426,428,578,-1,578,428,577,-1,427,426,579,-1,579,426,578,-1,429,427,558,-1,558,427,579,-1,429,558,600,-1,429,600,508,-1,508,600,609,-1,508,609,482,-1,482,609,607,-1,482,607,480,-1,480,607,606,-1,480,606,478,-1,478,606,567,-1,478,567,457,-1,457,567,565,-1,457,565,455,-1,455,565,564,-1,455,564,453,-1,453,564,554,-1,453,554,441,-1,441,554,552,-1,441,552,439,-1,439,552,575,-1,439,575,437,-1,437,575,574,-1,437,574,432,-1,432,574,572,-1,432,572,524,-1,524,572,570,-1,524,570,525,-1,525,570,631,-1,525,631,527,-1,527,631,630,-1,527,630,529,-1,436,580,582,-1,436,582,435,-1,435,582,584,-1,435,584,449,-1,449,584,586,-1,449,586,451,-1,451,586,588,-1,451,588,501,-1,501,588,616,-1,501,616,500,-1,523,639,632,-1,523,632,521,-1,521,632,634,-1,521,634,462,-1,462,634,603,-1,462,603,460,-1,460,603,590,-1,460,590,447,-1,447,590,580,-1,447,580,436,-1,483,593,559,-1,483,559,442,-1,442,559,561,-1,442,561,443,-1,443,561,563,-1,443,563,495,-1,495,563,614,-1,495,614,493,-1,493,614,639,-1,493,639,523,-1,516,662,651,-1,516,651,514,-1,514,651,653,-1,514,653,489,-1,489,653,655,-1,489,655,487,-1,487,655,596,-1,487,596,485,-1,485,596,593,-1,485,593,483,-1,507,666,665,-1,507,665,506,-1,506,665,644,-1,506,644,504,-1,504,644,646,-1,504,646,473,-1,473,646,648,-1,473,648,471,-1,471,648,650,-1,471,650,469,-1,469,650,660,-1,469,660,467,-1,467,660,662,-1,467,662,516,-1,511,601,602,-1,511,602,474,-1,474,602,557,-1,474,557,475,-1,475,557,556,-1,475,556,476,-1,476,556,576,-1,476,576,477,-1,477,576,669,-1,477,669,463,-1,463,669,668,-1,463,668,465,-1,465,668,666,-1,465,666,507,-1,511,498,601,-1,601,498,599,-1,498,500,599,-1,599,500,616,-1,670,671,672,-1,670,672,673,-1,673,672,674,-1,673,674,675,-1,675,674,676,-1,675,676,677,-1,677,676,678,-1,677,678,679,-1,679,678,680,-1,679,680,681,-1,681,680,682,-1,681,682,683,-1,683,682,684,-1,683,684,685,-1,686,685,687,-1,687,685,684,-1,686,687,688,-1,686,688,689,-1,689,688,690,-1,689,690,691,-1,691,690,692,-1,691,692,693,-1,693,692,694,-1,693,694,695,-1,695,694,696,-1,695,696,697,-1,697,696,698,-1,697,698,699,-1,699,698,700,-1,699,700,701,-1,701,700,702,-1,701,702,703,-1,703,702,704,-1,703,704,705,-1,705,704,706,-1,705,706,707,-1,707,706,708,-1,707,708,709,-1,709,708,710,-1,709,710,711,-1,711,710,712,-1,711,712,713,-1,713,712,714,-1,713,714,715,-1,715,714,716,-1,715,716,717,-1,717,716,718,-1,717,718,719,-1,719,718,720,-1,719,720,721,-1,721,720,722,-1,721,722,723,-1,723,722,724,-1,723,724,725,-1,725,724,726,-1,725,726,727,-1,727,726,728,-1,727,728,729,-1,729,728,730,-1,729,730,731,-1,731,730,732,-1,731,732,733,-1,733,732,734,-1,733,734,735,-1,735,734,736,-1,735,736,737,-1,737,736,738,-1,737,738,739,-1,739,738,740,-1,739,740,741,-1,741,740,742,-1,741,742,743,-1,743,742,744,-1,743,744,745,-1,745,744,746,-1,745,746,747,-1,747,746,748,-1,747,748,749,-1,749,748,750,-1,749,750,751,-1,751,750,752,-1,751,752,753,-1,753,752,754,-1,753,754,755,-1,755,754,756,-1,755,756,757,-1,757,756,758,-1,757,758,759,-1,759,758,760,-1,759,760,761,-1,761,760,762,-1,761,762,763,-1,763,762,764,-1,763,764,765,-1,765,764,766,-1,765,766,767,-1,767,766,768,-1,767,768,769,-1,769,768,770,-1,769,770,771,-1,771,770,772,-1,771,772,773,-1,773,772,774,-1,773,774,775,-1,775,774,776,-1,775,776,777,-1,777,776,778,-1,777,778,779,-1,779,778,780,-1,779,780,781,-1,781,780,782,-1,781,782,783,-1,783,782,784,-1,783,784,785,-1,785,784,786,-1,785,786,787,-1,787,786,788,-1,787,788,789,-1,789,788,790,-1,789,790,791,-1,791,790,792,-1,791,792,793,-1,793,792,794,-1,793,794,795,-1,795,794,796,-1,795,796,797,-1,797,796,798,-1,797,798,799,-1,799,798,800,-1,799,800,801,-1,801,800,802,-1,801,802,803,-1,803,802,804,-1,803,804,805,-1,806,805,807,-1,807,805,804,-1,806,807,808,-1,806,808,809,-1,809,808,810,-1,809,810,811,-1,811,810,812,-1,811,812,813,-1,813,812,814,-1,813,814,815,-1,815,814,816,-1,815,816,817,-1,817,816,818,-1,817,818,819,-1,819,818,820,-1,819,820,821,-1,821,820,822,-1,821,822,823,-1,823,822,824,-1,823,824,825,-1,825,824,826,-1,825,826,827,-1,827,826,828,-1,827,828,829,-1,829,828,830,-1,829,830,831,-1,831,830,832,-1,831,832,833,-1,833,832,834,-1,833,834,835,-1,835,834,836,-1,835,836,837,-1,837,836,838,-1,837,838,839,-1,839,838,840,-1,839,840,841,-1,841,840,842,-1,841,842,843,-1,843,842,844,-1,843,844,845,-1,845,844,846,-1,845,846,847,-1,847,846,848,-1,847,848,849,-1,849,848,850,-1,849,850,851,-1,851,850,852,-1,851,852,853,-1,853,852,854,-1,853,854,855,-1,855,854,856,-1,855,856,857,-1,857,856,858,-1,857,858,859,-1,859,858,860,-1,859,860,861,-1,861,860,862,-1,861,862,863,-1,863,862,864,-1,863,864,865,-1,865,864,866,-1,865,866,867,-1,867,866,868,-1,867,868,869,-1,869,868,870,-1,869,870,871,-1,871,870,872,-1,871,872,873,-1,873,872,874,-1,873,874,875,-1,875,874,876,-1,875,876,877,-1,877,876,878,-1,877,878,879,-1,879,878,880,-1,879,880,881,-1,881,880,882,-1,881,882,883,-1,883,882,884,-1,883,884,885,-1,885,884,886,-1,885,886,887,-1,887,886,888,-1,887,888,889,-1,889,888,890,-1,889,890,891,-1,891,890,892,-1,891,892,893,-1,893,892,894,-1,893,894,895,-1,895,894,896,-1,895,896,897,-1,897,896,898,-1,897,898,899,-1,899,898,900,-1,899,900,901,-1,901,900,902,-1,901,902,903,-1,903,902,904,-1,903,904,905,-1,905,904,906,-1,905,906,907,-1,907,906,671,-1,907,671,670,-1,683,685,686,-1,803,805,806,-1,713,715,897,-1,897,715,895,-1,777,837,775,-1,775,837,839,-1,775,839,773,-1,715,717,895,-1,895,717,719,-1,895,719,893,-1,779,833,777,-1,777,833,835,-1,777,835,837,-1,713,897,711,-1,711,897,899,-1,711,899,709,-1,709,899,901,-1,709,901,707,-1,707,901,903,-1,707,903,705,-1,855,765,853,-1,853,765,767,-1,737,883,735,-1,735,883,885,-1,839,841,773,-1,773,841,843,-1,773,843,771,-1,843,845,771,-1,771,845,847,-1,771,847,769,-1,769,847,849,-1,769,849,767,-1,767,849,851,-1,767,851,853,-1,855,857,765,-1,765,857,859,-1,765,859,763,-1,763,859,861,-1,763,861,761,-1,761,861,863,-1,761,863,759,-1,759,863,865,-1,759,865,757,-1,889,729,887,-1,887,729,731,-1,887,731,885,-1,885,731,733,-1,885,733,735,-1,719,721,893,-1,893,721,723,-1,893,723,891,-1,891,723,725,-1,891,725,889,-1,889,725,727,-1,889,727,729,-1,737,739,883,-1,883,739,741,-1,883,741,881,-1,881,741,743,-1,881,743,879,-1,879,743,745,-1,879,745,877,-1,877,745,747,-1,877,747,875,-1,705,903,703,-1,703,903,905,-1,703,905,701,-1,701,905,907,-1,701,907,699,-1,699,907,670,-1,699,670,697,-1,697,670,673,-1,697,673,695,-1,695,673,675,-1,695,675,693,-1,693,675,677,-1,693,677,691,-1,691,677,679,-1,691,679,689,-1,689,679,686,-1,686,679,681,-1,686,681,683,-1,747,749,875,-1,875,749,751,-1,875,751,873,-1,873,751,753,-1,873,753,871,-1,871,753,755,-1,871,755,869,-1,869,755,757,-1,869,757,867,-1,867,757,865,-1,803,806,801,-1,801,806,809,-1,801,809,799,-1,799,809,811,-1,799,811,797,-1,797,811,813,-1,797,813,795,-1,795,813,815,-1,795,815,793,-1,793,815,817,-1,793,817,791,-1,791,817,819,-1,791,819,789,-1,789,819,821,-1,789,821,787,-1,787,821,823,-1,787,823,785,-1,785,823,825,-1,785,825,783,-1,783,825,827,-1,783,827,781,-1,781,827,829,-1,781,829,779,-1,779,829,831,-1,779,831,833,-1,894,714,896,-1,896,714,712,-1,896,712,898,-1,898,712,710,-1,898,710,900,-1,776,774,836,-1,856,764,858,-1,858,764,762,-1,892,718,894,-1,894,718,716,-1,894,716,714,-1,886,884,732,-1,732,884,734,-1,734,884,882,-1,734,882,736,-1,856,854,764,-1,764,854,852,-1,764,852,766,-1,766,852,850,-1,766,850,768,-1,880,740,882,-1,882,740,738,-1,882,738,736,-1,770,842,772,-1,772,842,840,-1,772,840,774,-1,774,840,838,-1,774,838,836,-1,890,722,892,-1,892,722,720,-1,892,720,718,-1,850,848,768,-1,768,848,846,-1,768,846,770,-1,770,846,844,-1,770,844,842,-1,710,708,900,-1,900,708,706,-1,900,706,902,-1,902,706,704,-1,902,704,904,-1,904,704,702,-1,904,702,906,-1,906,702,700,-1,906,700,671,-1,671,700,698,-1,671,698,672,-1,672,698,696,-1,672,696,674,-1,674,696,694,-1,674,694,676,-1,732,730,886,-1,886,730,728,-1,886,728,888,-1,888,728,726,-1,888,726,890,-1,890,726,724,-1,890,724,722,-1,694,692,676,-1,676,692,690,-1,676,690,678,-1,678,690,688,-1,678,688,680,-1,680,688,687,-1,680,687,682,-1,682,687,684,-1,872,870,754,-1,754,870,868,-1,754,868,756,-1,756,868,866,-1,756,866,758,-1,758,866,864,-1,758,864,760,-1,760,864,862,-1,760,862,762,-1,762,862,860,-1,762,860,858,-1,836,834,776,-1,776,834,832,-1,776,832,778,-1,778,832,830,-1,778,830,780,-1,780,830,828,-1,780,828,782,-1,782,828,826,-1,782,826,784,-1,784,826,824,-1,784,824,786,-1,786,824,822,-1,786,822,788,-1,788,822,820,-1,788,820,790,-1,790,820,818,-1,790,818,792,-1,792,818,816,-1,792,816,794,-1,794,816,814,-1,794,814,796,-1,796,814,812,-1,796,812,798,-1,798,812,810,-1,798,810,800,-1,800,810,808,-1,800,808,802,-1,802,808,807,-1,802,807,804,-1,754,752,872,-1,872,752,750,-1,872,750,874,-1,874,750,748,-1,874,748,876,-1,876,748,746,-1,876,746,878,-1,878,746,744,-1,878,744,880,-1,880,744,742,-1,880,742,740,-1,908,909,910,-1,910,909,911,-1,912,908,913,-1,913,908,910,-1,912,913,914,-1,912,914,915,-1,915,914,916,-1,915,916,917,-1,918,917,919,-1,919,917,916,-1,920,918,921,-1,921,918,919,-1,922,920,923,-1,923,920,921,-1,924,922,925,-1,925,922,923,-1,926,924,927,-1,927,924,925,-1,928,926,929,-1,929,926,927,-1,928,929,930,-1,928,930,931,-1,931,930,932,-1,931,932,933,-1,933,932,934,-1,933,934,935,-1,935,934,936,-1,935,936,937,-1,937,936,938,-1,937,938,939,-1,939,938,940,-1,939,940,941,-1,941,940,942,-1,941,942,943,-1,943,942,944,-1,943,944,945,-1,945,944,946,-1,945,946,947,-1,947,946,948,-1,947,948,949,-1,950,949,951,-1,951,949,948,-1,950,951,952,-1,950,952,953,-1,953,952,954,-1,953,954,955,-1,955,954,956,-1,955,956,957,-1,957,956,958,-1,957,958,959,-1,959,958,960,-1,959,960,961,-1,961,960,962,-1,961,962,963,-1,963,962,964,-1,963,964,965,-1,965,964,966,-1,965,966,967,-1,967,966,968,-1,967,968,969,-1,969,968,970,-1,969,970,971,-1,971,970,972,-1,971,972,973,-1,973,972,974,-1,973,974,975,-1,975,974,976,-1,975,976,977,-1,977,976,978,-1,977,978,979,-1,909,979,911,-1,911,979,978,-1,915,917,979,-1,909,908,979,-1,979,908,912,-1,979,912,915,-1,922,924,920,-1,920,924,926,-1,920,926,918,-1,933,935,967,-1,967,935,965,-1,965,935,937,-1,965,937,963,-1,963,937,939,-1,963,939,961,-1,961,939,959,-1,959,939,941,-1,959,941,957,-1,957,941,943,-1,957,943,955,-1,967,969,933,-1,933,969,971,-1,933,971,931,-1,931,971,973,-1,931,973,928,-1,955,943,953,-1,953,943,945,-1,953,945,950,-1,950,945,947,-1,950,947,949,-1,973,975,928,-1,928,975,977,-1,928,977,926,-1,926,977,979,-1,926,979,918,-1,918,979,917,-1,940,938,960,-1,927,925,923,-1,910,911,913,-1,913,911,978,-1,960,938,962,-1,962,938,936,-1,962,936,964,-1,960,958,940,-1,940,958,956,-1,940,956,942,-1,942,956,954,-1,942,954,944,-1,944,954,952,-1,944,952,946,-1,946,952,951,-1,946,951,948,-1,964,936,966,-1,966,936,934,-1,966,934,968,-1,968,934,932,-1,968,932,970,-1,970,932,930,-1,970,930,972,-1,972,930,974,-1,974,930,929,-1,974,929,976,-1,919,916,978,-1,978,916,914,-1,978,914,913,-1,923,921,927,-1,927,921,919,-1,927,919,929,-1,929,919,978,-1,929,978,976,-1,980,981,982,-1,982,981,983,-1,984,980,985,-1,985,980,982,-1,986,984,987,-1,987,984,985,-1,988,986,989,-1,989,986,987,-1,990,988,991,-1,991,988,989,-1,992,990,993,-1,993,990,991,-1,994,992,995,-1,995,992,993,-1,996,994,997,-1,997,994,995,-1,998,996,999,-1,999,996,997,-1,1000,998,1001,-1,1001,998,999,-1,1002,1000,1003,-1,1003,1000,1001,-1,981,1002,983,-1,983,1002,1003,-1,1002,981,980,-1,980,984,1002,-1,1002,984,986,-1,1002,986,1000,-1,996,998,994,-1,994,998,1000,-1,994,1000,992,-1,992,1000,986,-1,992,986,990,-1,990,986,988,-1,1001,999,997,-1,997,995,1001,-1,1001,995,993,-1,1001,993,1003,-1,982,983,985,-1,985,983,1003,-1,985,1003,987,-1,987,1003,993,-1,987,993,989,-1,989,993,991,-1,1004,1005,1006,-1,1006,1005,1007,-1,1006,1007,1008,-1,1008,1007,1009,-1,1008,1009,1010,-1,1010,1009,1011,-1,1010,1011,1012,-1,1012,1011,1013,-1,1012,1013,1014,-1,1014,1013,1015,-1,1014,1015,1016,-1,1016,1015,1017,-1,1016,1017,1018,-1,1018,1017,1019,-1,1018,1019,1020,-1,1021,1022,1023,-1,1023,1022,1024,-1,1023,1024,1025,-1,1025,1024,1026,-1,1025,1026,1027,-1,1027,1026,1028,-1,1027,1028,1029,-1,1028,1030,1029,-1,1029,1030,1031,-1,1029,1031,1032,-1,1032,1031,1033,-1,1032,1033,1034,-1,1034,1033,1035,-1,1034,1035,1036,-1,1036,1035,1037,-1,1036,1037,1038,-1,1038,1037,1039,-1,1038,1039,1040,-1,1040,1039,1041,-1,1040,1041,1042,-1,1042,1041,1043,-1,1042,1043,1044,-1,1044,1043,1045,-1,1044,1045,1046,-1,1046,1045,1047,-1,1046,1047,1048,-1,1048,1047,1049,-1,1048,1049,1050,-1,1050,1049,1051,-1,1050,1051,1052,-1,1052,1051,1053,-1,1052,1053,1054,-1,1054,1053,1055,-1,1054,1055,1056,-1,1056,1055,1057,-1,1056,1057,1058,-1,1058,1057,1059,-1,1058,1059,1060,-1,1060,1059,1061,-1,1060,1061,1062,-1,1062,1061,1063,-1,1062,1063,1004,-1,1004,1063,1064,-1,1004,1064,1005,-1,1019,1065,1020,-1,1020,1065,1066,-1,1020,1066,1067,-1,1067,1066,1068,-1,1067,1068,1069,-1,1069,1068,1070,-1,1069,1070,1071,-1,1071,1070,1072,-1,1071,1072,1073,-1,1073,1072,1074,-1,1073,1074,1075,-1,1075,1074,1076,-1,1075,1076,1021,-1,1021,1076,1077,-1,1021,1077,1022,-1,1078,1079,1080,-1,1080,1079,1081,-1,1080,1081,1082,-1,1082,1081,1083,-1,1082,1083,1084,-1,1084,1083,1085,-1,1084,1085,1086,-1,1086,1085,1087,-1,1086,1087,1088,-1,1088,1087,1089,-1,1088,1089,1090,-1,1091,1092,1093,-1,1093,1092,1094,-1,1093,1094,1095,-1,1095,1094,1096,-1,1095,1096,1097,-1,1097,1096,1098,-1,1097,1098,1099,-1,1099,1098,1100,-1,1099,1100,1101,-1,1101,1100,1102,-1,1101,1102,1103,-1,1103,1102,1104,-1,1103,1104,1105,-1,1105,1104,1106,-1,1105,1106,1107,-1,1107,1106,1108,-1,1107,1108,1109,-1,1109,1108,1110,-1,1109,1110,1111,-1,1111,1110,1112,-1,1111,1112,1113,-1,1113,1112,1114,-1,1113,1114,1115,-1,1115,1114,1116,-1,1115,1116,1117,-1,1117,1116,1118,-1,1117,1118,1119,-1,1119,1118,1120,-1,1119,1120,1078,-1,1078,1120,1121,-1,1078,1121,1079,-1,1122,1123,1124,-1,1124,1123,1125,-1,1124,1125,1126,-1,1126,1125,1127,-1,1126,1127,1128,-1,1128,1127,1129,-1,1128,1129,1130,-1,1130,1129,1131,-1,1130,1131,1132,-1,1132,1131,1133,-1,1132,1133,1134,-1,1134,1133,1135,-1,1134,1135,1136,-1,1136,1135,1137,-1,1136,1137,1091,-1,1091,1137,1138,-1,1091,1138,1092,-1,1089,1139,1090,-1,1090,1139,1140,-1,1090,1140,1141,-1,1141,1140,1142,-1,1141,1142,1143,-1,1143,1142,1144,-1,1143,1144,1145,-1,1145,1144,1146,-1,1145,1146,1147,-1,1147,1146,1148,-1,1147,1148,1149,-1,1149,1148,1150,-1,1149,1150,1122,-1,1122,1150,1151,-1,1122,1151,1123,-1,1057,1055,1102,-1,1102,1055,1104,-1,1057,1102,1100,-1,1057,1100,1059,-1,1059,1100,1098,-1,1059,1098,1061,-1,1061,1098,1096,-1,1061,1096,1063,-1,1063,1096,1094,-1,1063,1094,1064,-1,1064,1094,1092,-1,1064,1092,1005,-1,1005,1092,1138,-1,1005,1138,1007,-1,1007,1138,1137,-1,1007,1137,1009,-1,1009,1137,1135,-1,1009,1135,1011,-1,1011,1135,1133,-1,1011,1133,1013,-1,1013,1133,1131,-1,1013,1131,1015,-1,1015,1131,1129,-1,1015,1129,1017,-1,1017,1129,1127,-1,1017,1127,1019,-1,1019,1127,1125,-1,1019,1125,1065,-1,1065,1125,1123,-1,1065,1123,1066,-1,1066,1123,1151,-1,1066,1151,1068,-1,1068,1151,1150,-1,1068,1150,1070,-1,1070,1150,1148,-1,1070,1148,1072,-1,1072,1148,1146,-1,1072,1146,1074,-1,1074,1146,1144,-1,1074,1144,1076,-1,1076,1144,1142,-1,1076,1142,1077,-1,1077,1142,1140,-1,1077,1140,1022,-1,1022,1140,1139,-1,1022,1139,1024,-1,1024,1139,1089,-1,1024,1089,1026,-1,1026,1089,1087,-1,1026,1087,1028,-1,1028,1087,1085,-1,1028,1085,1030,-1,1030,1085,1083,-1,1030,1083,1031,-1,1031,1083,1081,-1,1031,1081,1033,-1,1033,1081,1079,-1,1033,1079,1035,-1,1035,1079,1121,-1,1035,1121,1037,-1,1037,1121,1120,-1,1037,1120,1039,-1,1039,1120,1118,-1,1039,1118,1041,-1,1041,1118,1116,-1,1041,1116,1043,-1,1043,1116,1114,-1,1043,1114,1045,-1,1045,1114,1112,-1,1045,1112,1047,-1,1047,1112,1110,-1,1047,1110,1049,-1,1049,1110,1108,-1,1049,1108,1051,-1,1053,1051,1106,-1,1106,1051,1108,-1,1055,1053,1104,-1,1104,1053,1106,-1,1050,1052,1107,-1,1107,1052,1105,-1,1052,1054,1105,-1,1105,1054,1103,-1,1054,1056,1103,-1,1103,1056,1101,-1,1012,1132,1134,-1,1012,1134,1010,-1,1010,1134,1136,-1,1010,1136,1008,-1,1008,1136,1091,-1,1008,1091,1006,-1,1006,1091,1093,-1,1006,1093,1004,-1,1004,1093,1095,-1,1004,1095,1062,-1,1062,1095,1097,-1,1062,1097,1060,-1,1060,1097,1099,-1,1060,1099,1058,-1,1058,1099,1101,-1,1058,1101,1056,-1,1073,1145,1147,-1,1073,1147,1071,-1,1071,1147,1149,-1,1071,1149,1069,-1,1069,1149,1122,-1,1069,1122,1067,-1,1067,1122,1124,-1,1067,1124,1020,-1,1020,1124,1126,-1,1020,1126,1018,-1,1018,1126,1128,-1,1018,1128,1016,-1,1016,1128,1130,-1,1016,1130,1014,-1,1014,1130,1132,-1,1014,1132,1012,-1,1034,1080,1082,-1,1034,1082,1032,-1,1032,1082,1084,-1,1032,1084,1029,-1,1029,1084,1086,-1,1029,1086,1027,-1,1027,1086,1088,-1,1027,1088,1025,-1,1025,1088,1090,-1,1025,1090,1023,-1,1023,1090,1141,-1,1023,1141,1021,-1,1021,1141,1143,-1,1021,1143,1075,-1,1075,1143,1145,-1,1075,1145,1073,-1,1050,1107,1109,-1,1050,1109,1048,-1,1048,1109,1111,-1,1048,1111,1046,-1,1046,1111,1113,-1,1046,1113,1044,-1,1044,1113,1115,-1,1044,1115,1042,-1,1042,1115,1117,-1,1042,1117,1040,-1,1040,1117,1119,-1,1040,1119,1038,-1,1038,1119,1078,-1,1038,1078,1036,-1,1036,1078,1080,-1,1036,1080,1034,-1,1152,1153,1154,-1,1154,1153,1155,-1,1156,1157,1152,-1,1152,1157,1158,-1,1152,1158,1153,-1,1153,1158,1159,-1,1156,1160,1157,-1,1157,1160,1161,-1,1157,1161,1162,-1,1162,1161,1163,-1,1162,1163,1164,-1,1164,1165,1162,-1,1162,1165,1154,-1,1162,1154,1166,-1,1166,1154,1155,-1,1166,1155,1167,-1,1168,1169,1170,-1,1169,1171,1170,-1,1170,1171,1172,-1,1170,1172,1173,-1,1173,1172,1174,-1,1173,1174,1175,-1,1175,1176,1173,-1,1173,1176,1177,-1,1173,1177,1178,-1,1179,1180,1181,-1,1182,1178,1183,-1,1183,1178,1177,-1,1183,1177,1181,-1,1181,1177,1168,-1,1181,1168,1179,-1,1179,1168,1170,-1,1162,1166,1170,-1,1170,1166,1179,-1,1157,1162,1173,-1,1173,1162,1170,-1,1158,1157,1178,-1,1178,1157,1173,-1,1159,1158,1182,-1,1182,1158,1178,-1,1153,1159,1183,-1,1183,1159,1182,-1,1155,1153,1181,-1,1181,1153,1183,-1,1167,1155,1180,-1,1180,1155,1181,-1,1166,1167,1179,-1,1179,1167,1180,-1,1152,1154,1177,-1,1177,1154,1168,-1,1154,1165,1168,-1,1168,1165,1169,-1,1163,1172,1171,-1,1163,1171,1164,-1,1164,1171,1169,-1,1164,1169,1165,-1,1163,1161,1172,-1,1172,1161,1174,-1,1156,1176,1175,-1,1156,1175,1160,-1,1160,1175,1174,-1,1160,1174,1161,-1,1156,1152,1176,-1,1176,1152,1177,-1,1184,1185,1186,-1,1187,1188,1189,-1,1190,1191,1192,-1,1193,1194,1195,-1,1195,1194,1196,-1,1195,1196,1197,-1,1198,1199,1200,-1,1201,1202,1203,-1,1204,1205,1186,-1,1186,1205,1206,-1,1186,1206,1184,-1,1207,1208,1209,-1,1209,1208,1210,-1,1209,1210,1211,-1,1211,1210,1212,-1,1211,1212,1213,-1,1213,1212,1214,-1,1213,1214,1215,-1,1216,1217,1218,-1,1218,1217,1219,-1,1218,1219,1220,-1,1221,1185,1222,-1,1222,1185,1223,-1,1222,1223,1216,-1,1216,1223,1224,-1,1216,1224,1217,-1,1225,1226,1210,-1,1210,1226,1227,-1,1210,1227,1212,-1,1212,1227,1228,-1,1212,1228,1229,-1,1230,1231,1232,-1,1203,1202,1233,-1,1233,1202,1234,-1,1233,1234,1235,-1,1235,1234,1236,-1,1235,1236,1237,-1,1192,1191,1238,-1,1238,1191,1239,-1,1238,1239,1240,-1,1241,1242,1186,-1,1186,1242,1243,-1,1186,1243,1204,-1,1230,1232,1244,-1,1244,1232,1245,-1,1244,1245,1246,-1,1246,1245,1247,-1,1246,1247,1248,-1,1215,1249,1213,-1,1213,1249,1250,-1,1213,1250,1251,-1,1252,1186,1253,-1,1253,1186,1185,-1,1253,1185,1254,-1,1254,1185,1221,-1,1200,1199,1255,-1,1255,1199,1256,-1,1255,1256,1257,-1,1258,1259,1260,-1,1260,1259,1261,-1,1260,1261,1262,-1,1262,1261,1263,-1,1262,1263,1264,-1,1264,1263,1265,-1,1264,1265,1266,-1,1267,1268,1269,-1,1269,1268,1270,-1,1269,1270,1241,-1,1241,1270,1271,-1,1241,1271,1242,-1,1231,1230,1272,-1,1272,1230,1273,-1,1272,1273,1274,-1,1274,1273,1275,-1,1274,1275,1276,-1,1276,1275,1277,-1,1276,1277,1189,-1,1189,1277,1278,-1,1189,1278,1187,-1,1252,1279,1186,-1,1186,1279,1280,-1,1186,1280,1281,-1,1281,1280,1282,-1,1283,1284,1285,-1,1285,1284,1286,-1,1285,1286,1287,-1,1200,1288,1198,-1,1198,1288,1289,-1,1198,1289,1283,-1,1283,1289,1290,-1,1283,1290,1284,-1,1229,1291,1212,-1,1212,1291,1292,-1,1212,1292,1293,-1,1293,1292,1220,-1,1293,1220,1294,-1,1294,1220,1219,-1,1203,1295,1201,-1,1201,1295,1296,-1,1201,1296,1297,-1,1297,1296,1298,-1,1297,1298,1299,-1,1299,1298,1300,-1,1299,1300,1301,-1,1301,1300,1302,-1,1301,1302,1303,-1,1192,1304,1190,-1,1190,1304,1305,-1,1190,1305,1306,-1,1306,1305,1307,-1,1306,1307,1308,-1,1308,1307,1309,-1,1308,1309,1310,-1,1310,1309,1189,-1,1310,1189,1311,-1,1311,1189,1188,-1,1195,1312,1193,-1,1193,1312,1313,-1,1193,1313,1314,-1,1314,1313,1315,-1,1314,1315,1316,-1,1317,1318,1319,-1,1319,1318,1320,-1,1319,1320,1321,-1,1321,1320,1322,-1,1321,1322,1267,-1,1267,1322,1323,-1,1267,1323,1268,-1,1257,1256,1210,-1,1210,1256,1324,-1,1210,1324,1225,-1,1325,1326,1327,-1,1327,1326,1328,-1,1327,1328,1329,-1,1329,1328,1330,-1,1329,1330,1258,-1,1258,1330,1331,-1,1258,1331,1259,-1,1302,1332,1303,-1,1303,1332,1333,-1,1303,1333,1334,-1,1334,1333,1335,-1,1334,1335,1325,-1,1325,1335,1336,-1,1325,1336,1326,-1,1286,1337,1287,-1,1287,1337,1338,-1,1287,1338,1339,-1,1339,1338,1340,-1,1339,1340,1282,-1,1282,1340,1341,-1,1282,1341,1281,-1,1342,1343,1344,-1,1345,1346,1347,-1,1347,1346,1348,-1,1349,1350,1351,-1,1351,1350,1352,-1,1351,1352,1353,-1,1353,1352,1354,-1,1353,1354,1355,-1,1355,1354,1356,-1,1355,1356,1357,-1,1357,1356,1358,-1,1357,1358,1317,-1,1317,1358,1359,-1,1317,1359,1318,-1,1197,1360,1195,-1,1195,1360,1361,-1,1195,1361,1362,-1,1362,1361,1363,-1,1362,1363,1364,-1,1364,1363,1266,-1,1364,1266,1365,-1,1365,1266,1265,-1,1366,1367,1342,-1,1342,1367,1368,-1,1342,1368,1343,-1,1236,1369,1237,-1,1237,1369,1342,-1,1237,1342,1370,-1,1370,1342,1344,-1,1240,1239,1371,-1,1371,1239,1372,-1,1371,1372,1345,-1,1345,1372,1373,-1,1345,1373,1346,-1,1374,1375,1376,-1,1375,1377,1376,-1,1376,1377,1378,-1,1376,1378,1379,-1,1247,1380,1248,-1,1248,1380,1381,-1,1248,1381,1382,-1,1382,1381,1383,-1,1382,1383,1349,-1,1349,1383,1384,-1,1349,1384,1350,-1,1366,1342,1376,-1,1376,1342,1385,-1,1376,1385,1374,-1,1315,1386,1316,-1,1316,1386,1387,-1,1316,1387,1388,-1,1388,1387,1389,-1,1388,1389,1390,-1,1390,1389,1391,-1,1390,1391,1392,-1,1392,1391,1393,-1,1392,1393,1394,-1,1394,1393,1395,-1,1394,1395,1348,-1,1348,1395,1396,-1,1348,1396,1347,-1,1397,1398,1399,-1,1399,1398,1400,-1,1399,1400,1401,-1,1400,1402,1401,-1,1401,1402,1403,-1,1401,1403,1404,-1,1404,1403,1405,-1,1406,1407,1408,-1,1408,1407,1409,-1,1410,1411,1412,-1,1413,1414,1415,-1,1415,1414,1416,-1,1415,1416,1417,-1,1418,1419,1401,-1,1401,1419,1420,-1,1401,1420,1399,-1,1399,1420,1421,-1,1422,1423,1424,-1,1425,1426,1403,-1,1403,1426,1427,-1,1403,1427,1405,-1,1428,1429,1430,-1,1431,1432,1433,-1,1433,1432,1434,-1,1433,1434,1435,-1,1435,1434,1436,-1,1435,1436,1437,-1,1424,1423,1438,-1,1438,1423,1439,-1,1438,1439,1440,-1,1440,1439,1441,-1,1440,1441,1442,-1,1442,1441,1443,-1,1443,1441,1444,-1,1443,1444,1445,-1,1445,1444,1408,-1,1445,1408,1446,-1,1446,1408,1409,-1,1446,1409,1417,-1,1417,1409,1447,-1,1417,1447,1415,-1,1448,1449,1450,-1,1450,1449,1451,-1,1450,1451,1452,-1,1452,1451,1453,-1,1452,1453,1454,-1,1412,1411,1455,-1,1455,1411,1456,-1,1455,1456,1457,-1,1458,1459,1453,-1,1415,1460,1413,-1,1413,1460,1461,-1,1413,1461,1462,-1,1457,1456,1463,-1,1463,1456,1464,-1,1463,1464,1465,-1,1465,1464,1466,-1,1465,1466,1467,-1,1468,1469,1470,-1,1470,1469,1471,-1,1470,1471,1472,-1,1472,1471,1473,-1,1472,1473,1474,-1,1474,1473,1475,-1,1474,1475,1476,-1,1477,1478,1479,-1,1479,1478,1480,-1,1479,1480,1481,-1,1481,1480,1482,-1,1481,1482,1483,-1,1459,1484,1453,-1,1453,1484,1485,-1,1453,1485,1454,-1,1486,1487,1488,-1,1488,1487,1413,-1,1488,1413,1489,-1,1489,1413,1462,-1,1490,1491,1492,-1,1492,1491,1493,-1,1492,1493,1494,-1,1436,1495,1437,-1,1437,1495,1496,-1,1437,1496,1497,-1,1497,1496,1465,-1,1497,1465,1498,-1,1430,1429,1499,-1,1499,1429,1500,-1,1499,1500,1401,-1,1401,1500,1501,-1,1401,1501,1418,-1,1493,1502,1494,-1,1494,1502,1503,-1,1494,1503,1504,-1,1504,1503,1505,-1,1504,1505,1506,-1,1506,1505,1399,-1,1506,1399,1507,-1,1507,1399,1421,-1,1490,1508,1509,-1,1498,1465,1510,-1,1510,1465,1467,-1,1510,1467,1511,-1,1512,1513,1514,-1,1514,1513,1515,-1,1482,1516,1483,-1,1483,1516,1517,-1,1483,1517,1518,-1,1518,1517,1519,-1,1518,1519,1468,-1,1468,1519,1520,-1,1468,1520,1469,-1,1453,1521,1458,-1,1458,1521,1522,-1,1458,1522,1523,-1,1523,1522,1524,-1,1523,1524,1525,-1,1525,1524,1526,-1,1525,1526,1527,-1,1527,1526,1528,-1,1527,1528,1477,-1,1477,1528,1529,-1,1477,1529,1478,-1,1430,1530,1428,-1,1428,1530,1531,-1,1428,1531,1532,-1,1532,1531,1533,-1,1532,1533,1486,-1,1486,1533,1534,-1,1486,1534,1487,-1,1535,1536,1490,-1,1490,1536,1537,-1,1490,1537,1508,-1,1509,1538,1490,-1,1490,1538,1539,-1,1490,1539,1491,-1,1540,1541,1542,-1,1542,1541,1543,-1,1542,1543,1544,-1,1424,1545,1422,-1,1422,1545,1546,-1,1422,1546,1547,-1,1547,1546,1548,-1,1547,1548,1549,-1,1549,1548,1550,-1,1549,1550,1551,-1,1551,1550,1552,-1,1551,1552,1553,-1,1553,1552,1554,-1,1553,1554,1540,-1,1540,1554,1555,-1,1540,1555,1541,-1,1475,1556,1476,-1,1476,1556,1557,-1,1476,1557,1558,-1,1558,1557,1559,-1,1558,1559,1560,-1,1560,1559,1561,-1,1560,1561,1562,-1,1562,1561,1563,-1,1562,1563,1564,-1,1564,1563,1565,-1,1564,1565,1566,-1,1566,1565,1567,-1,1566,1567,1514,-1,1514,1567,1568,-1,1514,1568,1512,-1,1515,1569,1514,-1,1514,1569,1570,-1,1514,1570,1571,-1,1406,1408,1490,-1,1490,1408,1572,-1,1490,1572,1535,-1,1543,1573,1544,-1,1544,1573,1574,-1,1544,1574,1575,-1,1575,1574,1576,-1,1575,1576,1577,-1,1577,1576,1578,-1,1577,1578,1431,-1,1431,1578,1579,-1,1431,1579,1432,-1,1580,1581,1571,-1,1571,1581,1582,-1,1571,1582,1583,-1,1584,1585,1586,-1,1586,1585,1587,-1,1586,1587,1448,-1,1448,1587,1588,-1,1448,1588,1449,-1,1412,1589,1410,-1,1410,1589,1590,-1,1410,1590,1591,-1,1591,1590,1592,-1,1591,1592,1593,-1,1593,1592,1594,-1,1593,1594,1595,-1,1595,1594,1596,-1,1595,1596,1597,-1,1597,1596,1598,-1,1597,1598,1599,-1,1599,1598,1600,-1,1599,1600,1601,-1,1601,1600,1602,-1,1601,1602,1603,-1,1603,1602,1604,-1,1603,1604,1605,-1,1605,1604,1606,-1,1605,1606,1584,-1,1584,1606,1607,-1,1584,1607,1585,-1,1583,1608,1571,-1,1571,1608,1609,-1,1571,1609,1514,-1,1328,1516,1482,-1,1328,1482,1330,-1,1330,1482,1480,-1,1330,1480,1331,-1,1331,1480,1478,-1,1331,1478,1259,-1,1259,1478,1529,-1,1259,1529,1261,-1,1261,1529,1528,-1,1261,1528,1263,-1,1263,1528,1526,-1,1263,1526,1265,-1,1265,1526,1524,-1,1265,1524,1365,-1,1365,1524,1522,-1,1365,1522,1364,-1,1364,1522,1521,-1,1364,1521,1362,-1,1362,1521,1453,-1,1362,1453,1195,-1,1195,1453,1451,-1,1195,1451,1312,-1,1312,1451,1449,-1,1312,1449,1313,-1,1313,1449,1588,-1,1313,1588,1315,-1,1315,1588,1587,-1,1315,1587,1386,-1,1386,1587,1585,-1,1386,1585,1387,-1,1387,1585,1607,-1,1387,1607,1389,-1,1389,1607,1606,-1,1389,1606,1391,-1,1391,1606,1604,-1,1391,1604,1393,-1,1393,1604,1602,-1,1393,1602,1395,-1,1395,1602,1600,-1,1395,1600,1396,-1,1396,1600,1598,-1,1396,1598,1347,-1,1347,1598,1596,-1,1347,1596,1345,-1,1345,1596,1594,-1,1345,1594,1371,-1,1371,1594,1592,-1,1371,1592,1240,-1,1240,1592,1590,-1,1240,1590,1238,-1,1238,1590,1589,-1,1238,1589,1192,-1,1192,1589,1412,-1,1192,1412,1304,-1,1304,1412,1455,-1,1304,1455,1305,-1,1305,1455,1457,-1,1305,1457,1307,-1,1307,1457,1463,-1,1307,1463,1309,-1,1309,1463,1465,-1,1309,1465,1189,-1,1189,1465,1496,-1,1189,1496,1276,-1,1276,1496,1495,-1,1276,1495,1274,-1,1274,1495,1436,-1,1274,1436,1272,-1,1272,1436,1434,-1,1272,1434,1231,-1,1231,1434,1432,-1,1231,1432,1232,-1,1232,1432,1579,-1,1232,1579,1245,-1,1245,1579,1578,-1,1245,1578,1247,-1,1247,1578,1576,-1,1247,1576,1380,-1,1380,1576,1574,-1,1380,1574,1381,-1,1381,1574,1573,-1,1381,1573,1383,-1,1383,1573,1543,-1,1383,1543,1384,-1,1384,1543,1541,-1,1384,1541,1350,-1,1350,1541,1555,-1,1350,1555,1352,-1,1352,1555,1554,-1,1352,1554,1354,-1,1354,1554,1552,-1,1354,1552,1356,-1,1356,1552,1550,-1,1356,1550,1358,-1,1358,1550,1548,-1,1358,1548,1359,-1,1359,1548,1546,-1,1359,1546,1318,-1,1318,1546,1545,-1,1318,1545,1320,-1,1320,1545,1424,-1,1320,1424,1322,-1,1322,1424,1438,-1,1322,1438,1323,-1,1323,1438,1440,-1,1323,1440,1268,-1,1268,1440,1442,-1,1268,1442,1270,-1,1270,1442,1443,-1,1270,1443,1271,-1,1271,1443,1445,-1,1271,1445,1242,-1,1242,1445,1446,-1,1242,1446,1243,-1,1243,1446,1417,-1,1243,1417,1204,-1,1204,1417,1416,-1,1204,1416,1205,-1,1205,1416,1414,-1,1205,1414,1206,-1,1206,1414,1413,-1,1206,1413,1184,-1,1184,1413,1487,-1,1184,1487,1185,-1,1185,1487,1534,-1,1185,1534,1223,-1,1223,1534,1533,-1,1223,1533,1224,-1,1224,1533,1531,-1,1224,1531,1217,-1,1217,1531,1530,-1,1217,1530,1219,-1,1219,1530,1430,-1,1219,1430,1294,-1,1294,1430,1499,-1,1294,1499,1293,-1,1293,1499,1401,-1,1293,1401,1212,-1,1212,1401,1404,-1,1212,1404,1214,-1,1214,1404,1405,-1,1214,1405,1215,-1,1215,1405,1427,-1,1215,1427,1249,-1,1249,1427,1426,-1,1249,1426,1250,-1,1250,1426,1425,-1,1250,1425,1251,-1,1251,1425,1403,-1,1251,1403,1213,-1,1213,1403,1402,-1,1213,1402,1211,-1,1209,1211,1400,-1,1400,1211,1402,-1,1207,1209,1398,-1,1398,1209,1400,-1,1208,1207,1397,-1,1397,1207,1398,-1,1210,1208,1399,-1,1399,1208,1397,-1,1210,1399,1505,-1,1210,1505,1257,-1,1257,1505,1503,-1,1257,1503,1255,-1,1255,1503,1502,-1,1255,1502,1200,-1,1200,1502,1493,-1,1200,1493,1288,-1,1288,1493,1491,-1,1288,1491,1289,-1,1289,1491,1539,-1,1289,1539,1290,-1,1290,1539,1538,-1,1290,1538,1284,-1,1284,1538,1509,-1,1284,1509,1286,-1,1286,1509,1508,-1,1286,1508,1337,-1,1337,1508,1537,-1,1337,1537,1338,-1,1338,1537,1536,-1,1338,1536,1340,-1,1340,1536,1535,-1,1340,1535,1341,-1,1341,1535,1572,-1,1341,1572,1281,-1,1281,1572,1408,-1,1281,1408,1186,-1,1186,1408,1444,-1,1186,1444,1241,-1,1241,1444,1441,-1,1241,1441,1269,-1,1269,1441,1439,-1,1269,1439,1267,-1,1267,1439,1423,-1,1267,1423,1321,-1,1321,1423,1422,-1,1321,1422,1319,-1,1319,1422,1547,-1,1319,1547,1317,-1,1317,1547,1549,-1,1317,1549,1357,-1,1357,1549,1551,-1,1357,1551,1355,-1,1355,1551,1553,-1,1355,1553,1353,-1,1353,1553,1540,-1,1353,1540,1351,-1,1351,1540,1542,-1,1351,1542,1349,-1,1349,1542,1544,-1,1349,1544,1382,-1,1382,1544,1575,-1,1382,1575,1248,-1,1248,1575,1577,-1,1248,1577,1246,-1,1246,1577,1431,-1,1246,1431,1244,-1,1244,1431,1433,-1,1244,1433,1230,-1,1230,1433,1435,-1,1230,1435,1273,-1,1273,1435,1437,-1,1273,1437,1275,-1,1275,1437,1497,-1,1275,1497,1277,-1,1277,1497,1498,-1,1277,1498,1278,-1,1278,1498,1510,-1,1278,1510,1187,-1,1187,1510,1511,-1,1187,1511,1188,-1,1188,1511,1467,-1,1188,1467,1311,-1,1311,1467,1466,-1,1311,1466,1310,-1,1310,1466,1464,-1,1310,1464,1308,-1,1308,1464,1456,-1,1308,1456,1306,-1,1306,1456,1411,-1,1306,1411,1190,-1,1190,1411,1410,-1,1190,1410,1191,-1,1191,1410,1591,-1,1191,1591,1239,-1,1239,1591,1593,-1,1239,1593,1372,-1,1372,1593,1595,-1,1372,1595,1373,-1,1373,1595,1597,-1,1373,1597,1346,-1,1346,1597,1599,-1,1346,1599,1348,-1,1348,1599,1601,-1,1348,1601,1394,-1,1394,1601,1603,-1,1394,1603,1392,-1,1392,1603,1605,-1,1392,1605,1390,-1,1390,1605,1584,-1,1390,1584,1388,-1,1388,1584,1586,-1,1388,1586,1316,-1,1316,1586,1448,-1,1316,1448,1314,-1,1314,1448,1450,-1,1314,1450,1193,-1,1193,1450,1452,-1,1193,1452,1194,-1,1194,1452,1454,-1,1194,1454,1196,-1,1196,1454,1485,-1,1196,1485,1197,-1,1360,1197,1484,-1,1484,1197,1485,-1,1360,1484,1459,-1,1360,1459,1361,-1,1361,1459,1458,-1,1361,1458,1363,-1,1363,1458,1523,-1,1363,1523,1266,-1,1266,1523,1525,-1,1266,1525,1264,-1,1264,1525,1527,-1,1264,1527,1262,-1,1262,1527,1477,-1,1262,1477,1260,-1,1260,1477,1479,-1,1260,1479,1258,-1,1258,1479,1481,-1,1258,1481,1329,-1,1329,1481,1483,-1,1329,1483,1327,-1,1327,1483,1518,-1,1327,1518,1325,-1,1325,1518,1468,-1,1325,1468,1334,-1,1334,1468,1470,-1,1334,1470,1303,-1,1303,1470,1472,-1,1303,1472,1301,-1,1301,1472,1474,-1,1301,1474,1299,-1,1299,1474,1476,-1,1299,1476,1297,-1,1297,1476,1558,-1,1297,1558,1201,-1,1201,1558,1560,-1,1201,1560,1202,-1,1202,1560,1562,-1,1202,1562,1234,-1,1236,1234,1564,-1,1564,1234,1562,-1,1236,1564,1566,-1,1236,1566,1369,-1,1369,1566,1514,-1,1369,1514,1342,-1,1342,1514,1609,-1,1342,1609,1385,-1,1385,1609,1608,-1,1385,1608,1374,-1,1374,1608,1583,-1,1374,1583,1375,-1,1375,1583,1582,-1,1375,1582,1377,-1,1377,1582,1581,-1,1377,1581,1378,-1,1378,1581,1580,-1,1378,1580,1379,-1,1379,1580,1571,-1,1379,1571,1376,-1,1376,1571,1570,-1,1376,1570,1366,-1,1366,1570,1569,-1,1366,1569,1367,-1,1367,1569,1515,-1,1367,1515,1368,-1,1368,1515,1513,-1,1368,1513,1343,-1,1343,1513,1512,-1,1343,1512,1344,-1,1344,1512,1568,-1,1344,1568,1370,-1,1370,1568,1567,-1,1370,1567,1237,-1,1237,1567,1565,-1,1237,1565,1235,-1,1233,1235,1563,-1,1563,1235,1565,-1,1233,1563,1561,-1,1233,1561,1203,-1,1203,1561,1559,-1,1203,1559,1295,-1,1295,1559,1557,-1,1295,1557,1296,-1,1296,1557,1556,-1,1296,1556,1298,-1,1298,1556,1475,-1,1298,1475,1300,-1,1300,1475,1473,-1,1300,1473,1302,-1,1302,1473,1471,-1,1302,1471,1332,-1,1332,1471,1469,-1,1332,1469,1333,-1,1333,1469,1520,-1,1333,1520,1335,-1,1335,1520,1519,-1,1335,1519,1336,-1,1336,1519,1517,-1,1336,1517,1326,-1,1326,1517,1516,-1,1326,1516,1328,-1,1283,1490,1492,-1,1283,1492,1198,-1,1198,1492,1494,-1,1198,1494,1199,-1,1199,1494,1504,-1,1199,1504,1256,-1,1256,1504,1506,-1,1256,1506,1324,-1,1324,1506,1507,-1,1324,1507,1225,-1,1225,1507,1421,-1,1225,1421,1226,-1,1226,1421,1420,-1,1226,1420,1227,-1,1227,1420,1419,-1,1227,1419,1228,-1,1228,1419,1418,-1,1228,1418,1229,-1,1229,1418,1501,-1,1229,1501,1291,-1,1291,1501,1500,-1,1291,1500,1292,-1,1292,1500,1429,-1,1292,1429,1220,-1,1220,1429,1428,-1,1220,1428,1218,-1,1218,1428,1532,-1,1218,1532,1216,-1,1216,1532,1486,-1,1216,1486,1222,-1,1222,1486,1488,-1,1222,1488,1221,-1,1221,1488,1489,-1,1221,1489,1254,-1,1254,1489,1462,-1,1254,1462,1253,-1,1253,1462,1461,-1,1253,1461,1252,-1,1252,1461,1460,-1,1252,1460,1279,-1,1279,1460,1415,-1,1279,1415,1280,-1,1280,1415,1447,-1,1280,1447,1282,-1,1282,1447,1409,-1,1282,1409,1339,-1,1339,1409,1407,-1,1339,1407,1287,-1,1287,1407,1406,-1,1287,1406,1285,-1,1285,1406,1490,-1,1285,1490,1283,-1,
        ]
    }
}