ISO-10303-21;
HEADER;
FILE_DESCRIPTION (( 'STEP AP214' ),
    '1' );
FILE_NAME ('35RASMT4BHNTRX.STEP',
    '2023-02-06T06:13:25',
    ( 'ADMIN' ),
    ( '' ),
    'SwSTEP 2.0',
    'SolidWorks 2016',
    '' );
FILE_SCHEMA (( 'AUTOMOTIVE_DESIGN' ));
ENDSEC;

DATA;
#1 = SURFACE_STYLE_USAGE ( .BOTH. , #1426 ) ;
#2 = ORIENTED_EDGE ( 'NONE', *, *, #314, .T. ) ;
#3 = CARTESIAN_POINT ( 'NONE',  ( -0.08750000000000002200, 0.1004999999999999800, -0.09449999968503940100 ) ) ;
#4 =( CONVERSION_BASED_UNIT ( 'INCH', #261 ) LENGTH_UNIT ( ) NAMED_UNIT ( #944 ) );
#5 = EDGE_CURVE ( 'NONE', #680, #695, #916, .T. ) ;
#6 = ADVANCED_FACE ( 'NONE', ( #2159 ), #2980, .F. ) ;
#7 = VECTOR ( 'NONE', #2826, 39.37007874015748100 ) ;
#8 = DIRECTION ( 'NONE',  ( -1.000000000000000000, 0.0000000000000000000, 1.224646799147353200E-016 ) ) ;
#9 = ORIENTED_EDGE ( 'NONE', *, *, #113, .F. ) ;
#10 = ADVANCED_FACE ( 'NONE', ( #2731 ), #358, .T. ) ;
#11 = ORIENTED_EDGE ( 'NONE', *, *, #2244, .T. ) ;
#12 = CARTESIAN_POINT ( 'NONE',  ( -0.2460000000000000000, 0.1990000000000000400, 0.1179999999999999000 ) ) ;
#13 = CARTESIAN_POINT ( 'NONE',  ( -0.2760000000000000200, 0.1990000000000000400, 0.1179999999999999000 ) ) ;
#14 = AXIS2_PLACEMENT_3D ( 'NONE', #2437, #1026, #2676 ) ;
#15 = DIRECTION ( 'NONE',  ( 1.000000000000000000, 0.0000000000000000000, -1.224646799147353200E-016 ) ) ;
#16 = ORIENTED_EDGE ( 'NONE', *, *, #1974, .F. ) ;
#17 = ADVANCED_FACE ( 'NONE', ( #2091 ), #2965, .T. ) ;
#18 = AXIS2_PLACEMENT_3D ( 'NONE', #65, #1962, #542 ) ;
#19 = CARTESIAN_POINT ( 'NONE',  ( -0.1924674087029380500, 0.009999999999999995000, -5.122214988120493500E-017 ) ) ;
#20 = VECTOR ( 'NONE', #2216, 39.37007874015748100 ) ;
#21 = ORIENTED_EDGE ( 'NONE', *, *, #1879, .T. ) ;
#22 = ORIENTED_EDGE ( 'NONE', *, *, #1713, .T. ) ;
#23 = DIRECTION ( 'NONE',  ( 1.224646799147353200E-016, -0.0000000000000000000, 1.000000000000000000 ) ) ;
#24 = VECTOR ( 'NONE', #2105, 39.37007874015748100 ) ;
#25 = VECTOR ( 'NONE', #812, 39.37007874015748100 ) ;
#26 = LINE ( 'NONE', #447, #2974 ) ;
#27 = LINE ( 'NONE', #3088, #597 ) ;
#28 = VERTEX_POINT ( 'NONE', #3043 ) ;
#29 = VECTOR ( 'NONE', #2214, 39.37007874015748100 ) ;
#30 = PLANE ( 'NONE',  #1833 ) ;
#31 = CARTESIAN_POINT ( 'NONE',  ( -0.1999999999999999600, -3.149606286627392700E-010, 0.1769999999999999100 ) ) ;
#32 = ORIENTED_EDGE ( 'NONE', *, *, #66, .T. ) ;
#33 = EDGE_CURVE ( 'NONE', #485, #192, #842, .T. ) ;
#34 = DIRECTION ( 'NONE',  ( 1.000000000000000000, -0.0000000000000000000, -1.224646799147353000E-016 ) ) ;
#35 = EDGE_CURVE ( 'NONE', #3085, #1431, #200, .T. ) ;
#36 = ADVANCED_FACE ( 'NONE', ( #1465 ), #123, .T. ) ;
#37 = UNCERTAINTY_MEASURE_WITH_UNIT (LENGTH_MEASURE( 1.000000000000000100E-005 ), #233, 'distance_accuracy_value', 'NONE');
#38 = ORIENTED_EDGE ( 'NONE', *, *, #267, .T. ) ;
#39 = DIRECTION ( 'NONE',  ( 0.0000000000000000000, 0.0000000000000000000, -1.000000000000000000 ) ) ;
#40 = VECTOR ( 'NONE', #1684, 39.37007874015748100 ) ;
#41 = PLANE ( 'NONE',  #2472 ) ;
#42 = DIRECTION ( 'NONE',  ( 1.224646799147353200E-016, 0.0000000000000000000, 1.000000000000000000 ) ) ;
#43 = CARTESIAN_POINT ( 'NONE',  ( -0.1924674087029380500, 0.009842519685039378600, -0.09450000000000002800 ) ) ;
#44 = CARTESIAN_POINT ( 'NONE',  ( -0.2380118078134671700, 0.09351983351084250400, 0.1038425196850393400 ) ) ;
#45 = EDGE_LOOP ( 'NONE', ( #2111, #853, #199, #2454 ) ) ;
#46 = DIRECTION ( 'NONE',  ( -1.000000000000000000, 0.0000000000000000000, 7.005654268042080100E-020 ) ) ;
#47 = AXIS2_PLACEMENT_3D ( 'NONE', #1087, #2732, #1324 ) ;
#48 = LENGTH_MEASURE_WITH_UNIT ( LENGTH_MEASURE( 0.02539999999999999900 ), #121 );
#49 = DIRECTION ( 'NONE',  ( 0.0000000000000000000, 0.0000000000000000000, 1.000000000000000000 ) ) ;
#50 = FACE_OUTER_BOUND ( 'NONE', #696, .T. ) ;
#51 = EDGE_LOOP ( 'NONE', ( #2364, #21, #751, #1112, #2487, #502 ) ) ;
#52 = ADVANCED_FACE ( 'NONE', ( #2016 ), #887, .F. ) ;
#53 = EDGE_CURVE ( 'NONE', #1161, #1405, #2576, .T. ) ;
#54 = DIRECTION ( 'NONE',  ( 1.224646799147353200E-016, 0.0000000000000000000, 1.000000000000000000 ) ) ;
#55 = ORIENTED_EDGE ( 'NONE', *, *, #2651, .F. ) ;
#56 = ORIENTED_EDGE ( 'NONE', *, *, #2120, .F. ) ;
#57 = AXIS2_PLACEMENT_3D ( 'NONE', #1424, #948, #1662 ) ;
#58 = DIRECTION ( 'NONE',  ( 0.0000000000000000000, 0.0000000000000000000, 1.000000000000000000 ) ) ;
#59 = ORIENTED_EDGE ( 'NONE', *, *, #1546, .T. ) ;
#60 = DIRECTION ( 'NONE',  ( -1.000000000000000000, 0.0000000000000000000, 1.224646799147353200E-016 ) ) ;
#61 = ORIENTED_EDGE ( 'NONE', *, *, #423, .F. ) ;
#62 = EDGE_LOOP ( 'NONE', ( #1455, #2995, #743, #1840 ) ) ;
#63 = FACE_OUTER_BOUND ( 'NONE', #2150, .T. ) ;
#64 = VECTOR ( 'NONE', #1106, 39.37007874015748100 ) ;
#65 = CARTESIAN_POINT ( 'NONE',  ( -0.2760000000000000200, -3.149606286627392700E-010, -5.122214988120493500E-017 ) ) ;
#66 = EDGE_CURVE ( 'NONE', #1691, #1368, #1549, .T. ) ;
#67 = FACE_OUTER_BOUND ( 'NONE', #232, .T. ) ;
#68 = LINE ( 'NONE', #794, #3084 ) ;
#69 = VERTEX_POINT ( 'NONE', #3011 ) ;
#70 = ADVANCED_FACE ( 'NONE', ( #50 ), #3027, .F. ) ;
#71 = VECTOR ( 'NONE', #154, 39.37007874015748100 ) ;
#72 = EDGE_LOOP ( 'NONE', ( #2503, #250, #56, #313 ) ) ;
#73 = CARTESIAN_POINT ( 'NONE',  ( -0.2760000000000000200, 0.009842519685039378600, -0.05900000000000011500 ) ) ;
#74 = ADVANCED_FACE ( 'NONE', ( #691 ), #2527, .T. ) ;
#75 = DIRECTION ( 'NONE',  ( 1.000000000000000000, -0.0000000000000000000, -1.224646799147353200E-016 ) ) ;
#76 = DIRECTION ( 'NONE',  ( 0.0000000000000000000, 1.000000000000000000, 0.0000000000000000000 ) ) ;
#77 = EDGE_CURVE ( 'NONE', #2963, #1223, #1865, .T. ) ;
#78 = CARTESIAN_POINT ( 'NONE',  ( -0.1380000000000000100, -0.03200000000028974100, -6.812227570943840900E-017 ) ) ;
#79 = CARTESIAN_POINT ( 'NONE',  ( 0.3099999999999998300, 0.01499999999999999400, -0.05900000000000011500 ) ) ;
#80 = ADVANCED_FACE ( 'NONE', ( #2506 ), #869, .F. ) ;
#81 = VERTEX_POINT ( 'NONE', #2456 ) ;
#82 = CARTESIAN_POINT ( 'NONE',  ( 0.3739999999999998900, 0.009842519685039378600, -1.308241918257828800E-016 ) ) ;
#83 = CARTESIAN_POINT ( 'NONE',  ( -0.3740000000010423900, 0.1005000000000000100, 0.09350000000249848700 ) ) ;
#84 = AXIS2_PLACEMENT_3D ( 'NONE', #2543, #1825, #3023 ) ;
#85 = DIRECTION ( 'NONE',  ( 1.000000000000000000, 0.0000000000000000000, -7.005654268042080100E-020 ) ) ;
#86 = SURFACE_SIDE_STYLE ('',( #1166 ) ) ;
#87 = ORIENTED_EDGE ( 'NONE', *, *, #1965, .T. ) ;
#88 = DIRECTION ( 'NONE',  ( 0.0000000000000000000, 0.0000000000000000000, 1.000000000000000000 ) ) ;
#89 = DIRECTION ( 'NONE',  ( 1.224646799147353200E-016, 0.0000000000000000000, 1.000000000000000000 ) ) ;
#90 = EDGE_CURVE ( 'NONE', #1771, #643, #3070, .T. ) ;
#91 = ORIENTED_EDGE ( 'NONE', *, *, #1291, .F. ) ;
#92 = EDGE_CURVE ( 'NONE', #257, #1698, #621, .T. ) ;
#93 = CARTESIAN_POINT ( 'NONE',  ( 0.1555000000000000300, 0.009999999999999995000, 0.09093494290383939700 ) ) ;
#94 = CARTESIAN_POINT ( 'NONE',  ( 0.2949999999999999300, 0.1989999999999999800, -0.1180000000000000600 ) ) ;
#95 = VECTOR ( 'NONE', #566, 39.37007874015748100 ) ;
#96 = ORIENTED_EDGE ( 'NONE', *, *, #5, .F. ) ;
#97 = ORIENTED_EDGE ( 'NONE', *, *, #2361, .T. ) ;
#98 = LINE ( 'NONE', #2047, #2554 ) ;
#99 = CARTESIAN_POINT ( 'NONE',  ( -0.1265000000000000300, 0.002000000000000010400, -0.09450000000000002800 ) ) ;
#100 = CIRCLE ( 'NONE', #815, 0.02949999999999998500 ) ;
#101 = CARTESIAN_POINT ( 'NONE',  ( -0.3740000000010423900, 0.1005000000000000100, -0.07600000000192323700 ) ) ;
#102 = VECTOR ( 'NONE', #2952, 39.37007874015748100 ) ;
#103 = LINE ( 'NONE', #2020, #673 ) ;
#104 = VECTOR ( 'NONE', #3074, 39.37007874015748100 ) ;
#105 = ORIENTED_EDGE ( 'NONE', *, *, #509, .F. ) ;
#106 = EDGE_CURVE ( 'NONE', #1707, #1576, #1936, .T. ) ;
#107 = DIRECTION ( 'NONE',  ( 1.000000000000000000, 0.0000000000000000000, 0.0000000000000000000 ) ) ;
#108 = CIRCLE ( 'NONE', #179, 0.01499999999999997700 ) ;
#109 = DIRECTION ( 'NONE',  ( 0.0000000000000000000, -0.0000000000000000000, -1.000000000000000000 ) ) ;
#110 = ORIENTED_EDGE ( 'NONE', *, *, #2406, .F. ) ;
#111 = CARTESIAN_POINT ( 'NONE',  ( -0.1265000000000000800, -3.149606286627392700E-010, -0.1770000000000000500 ) ) ;
#112 = CARTESIAN_POINT ( 'NONE',  ( -0.2760000000000000200, 0.0000000000000000000, -5.122214988120493500E-017 ) ) ;
#113 = EDGE_CURVE ( 'NONE', #1620, #1970, #1797, .T. ) ;
#114 = ORIENTED_EDGE ( 'NONE', *, *, #2268, .F. ) ;
#115 = ORIENTED_EDGE ( 'NONE', *, *, #404, .T. ) ;
#116 = DIRECTION ( 'NONE',  ( -1.224646799147353200E-016, 0.0000000000000000000, -1.000000000000000000 ) ) ;
#117 = DIRECTION ( 'NONE',  ( -0.0000000000000000000, 0.0000000000000000000, 1.000000000000000000 ) ) ;
#118 = DIRECTION ( 'NONE',  ( 0.0000000000000000000, 1.000000000000000000, 0.0000000000000000000 ) ) ;
#119 = AXIS2_PLACEMENT_3D ( 'NONE', #655, #2306, #892 ) ;
#120 = LINE ( 'NONE', #950, #1929 ) ;
#121 =( LENGTH_UNIT ( ) NAMED_UNIT ( * ) SI_UNIT ( $, .METRE. ) );
#122 = ORIENTED_EDGE ( 'NONE', *, *, #1690, .F. ) ;
#123 = CYLINDRICAL_SURFACE ( 'NONE', #373, 0.02949999999999998500 ) ;
#124 = DIRECTION ( 'NONE',  ( -1.224646799147353200E-016, 0.0000000000000000000, -1.000000000000000000 ) ) ;
#125 = CARTESIAN_POINT ( 'NONE',  ( 0.1380000000000000100, -0.03700000000102462300, 0.02450000000100000000 ) ) ;
#126 = CARTESIAN_POINT ( 'NONE',  ( -0.2234674087029380800, 0.009842519685039378600, -0.09450000000000004200 ) ) ;
#127 = ORIENTED_EDGE ( 'NONE', *, *, #1187, .T. ) ;
#128 = DIRECTION ( 'NONE',  ( 0.0000000000000000000, 0.0000000000000000000, 1.000000000000000000 ) ) ;
#129 = ORIENTED_EDGE ( 'NONE', *, *, #2681, .T. ) ;
#130 = SURFACE_STYLE_USAGE ( .BOTH. , #1577 ) ;
#131 = ORIENTED_EDGE ( 'NONE', *, *, #2394, .F. ) ;
#132 = DIRECTION ( 'NONE',  ( 0.0000000000000000000, 1.000000000000000000, 0.0000000000000000000 ) ) ;
#133 = ORIENTED_EDGE ( 'NONE', *, *, #2922, .F. ) ;
#134 = EDGE_CURVE ( 'NONE', #1264, #1925, #534, .T. ) ;
#135 = VECTOR ( 'NONE', #429, 39.37007874015748100 ) ;
#136 = EDGE_LOOP ( 'NONE', ( #3078, #2888, #2097, #2190 ) ) ;
#137 = DIRECTION ( 'NONE',  ( -1.000000000000000000, 0.0000000000000000000, 1.224646799147353200E-016 ) ) ;
#138 = CARTESIAN_POINT ( 'NONE',  ( -0.08750000000000002200, 0.01377952968503938200, -0.1082795296850394100 ) ) ;
#139 = ORIENTED_EDGE ( 'NONE', *, *, #3045, .T. ) ;
#140 = FACE_OUTER_BOUND ( 'NONE', #1578, .T. ) ;
#141 = LINE ( 'NONE', #1078, #2589 ) ;
#142 = CARTESIAN_POINT ( 'NONE',  ( -0.1924674087029380500, 0.0000000000000000000, -0.1769999999999999900 ) ) ;
#143 = VECTOR ( 'NONE', #1470, 39.37007874015748100 ) ;
#144 = AXIS2_PLACEMENT_3D ( 'NONE', #561, #1502, #2913 ) ;
#145 = LINE ( 'NONE', #1337, #2525 ) ;
#146 = ORIENTED_EDGE ( 'NONE', *, *, #1221, .F. ) ;
#147 = LINE ( 'NONE', #2276, #1494 ) ;
#148 = ORIENTED_EDGE ( 'NONE', *, *, #1728, .T. ) ;
#149 = DIRECTION ( 'NONE',  ( -1.000000000000000000, 2.868321774504153700E-032, 1.224646799147353000E-016 ) ) ;
#150 = CARTESIAN_POINT ( 'NONE',  ( -0.2380118078134671700, 0.09351983351084250400, 0.09399999968503933200 ) ) ;
#151 =( CONVERSION_BASED_UNIT ( 'INCH', #586 ) LENGTH_UNIT ( ) NAMED_UNIT ( #1420 ) );
#152 = CARTESIAN_POINT ( 'NONE',  ( -0.1265000000000000800, 0.009842519685039378600, -0.1770000000000000500 ) ) ;
#153 = ORIENTED_EDGE ( 'NONE', *, *, #2485, .T. ) ;
#154 = DIRECTION ( 'NONE',  ( 8.659560562354931600E-017, 0.7071067811865475700, -0.7071067811865474600 ) ) ;
#155 = EDGE_CURVE ( 'NONE', #1688, #777, #2356, .T. ) ;
#156 = DIRECTION ( 'NONE',  ( 0.0000000000000000000, 0.0000000000000000000, -1.000000000000000000 ) ) ;
#157 = EDGE_CURVE ( 'NONE', #1874, #731, #1116, .T. ) ;
#158 = ORIENTED_EDGE ( 'NONE', *, *, #1545, .F. ) ;
#159 = DIRECTION ( 'NONE',  ( 1.000000000000000000, 0.0000000000000000000, 0.0000000000000000000 ) ) ;
#160 = ORIENTED_EDGE ( 'NONE', *, *, #2380, .F. ) ;
#161 = DIRECTION ( 'NONE',  ( -1.224646799147353200E-016, 0.0000000000000000000, -1.000000000000000000 ) ) ;
#162 = ORIENTED_EDGE ( 'NONE', *, *, #1188, .F. ) ;
#163 = EDGE_CURVE ( 'NONE', #1558, #2374, #1253, .T. ) ;
#164 = CARTESIAN_POINT ( 'NONE',  ( -0.04150000000000001600, 0.002000000000000009100, -0.09450000000000008400 ) ) ;
#165 = DIRECTION ( 'NONE',  ( 1.224646799147353200E-016, 0.0000000000000000000, 1.000000000000000000 ) ) ;
#166 = AXIS2_PLACEMENT_3D ( 'NONE', #2540, #1609, #165 ) ;
#167 = CARTESIAN_POINT ( 'NONE',  ( -0.2760000000000000200, 0.1989999999999999800, -0.1180000000000000600 ) ) ;
#168 = EDGE_LOOP ( 'NONE', ( #592, #131, #1422, #1212 ) ) ;
#169 = DIRECTION ( 'NONE',  ( -1.000000000000000000, 0.0000000000000000000, 1.224646799147353200E-016 ) ) ;
#170 = VECTOR ( 'NONE', #2462, 39.37007874015748100 ) ;
#171 = ORIENTED_EDGE ( 'NONE', *, *, #715, .F. ) ;
#172 = ORIENTED_EDGE ( 'NONE', *, *, #231, .T. ) ;
#173 = LINE ( 'NONE', #2690, #2618 ) ;
#174 = VECTOR ( 'NONE', #1597, 39.37007874015748100 ) ;
#175 = CARTESIAN_POINT ( 'NONE',  ( -0.1924674087029380500, 0.001999999999999983100, -0.1180000000000000100 ) ) ;
#176 = ORIENTED_EDGE ( 'NONE', *, *, #2326, .T. ) ;
#177 = DIRECTION ( 'NONE',  ( 0.0000000000000000000, 0.0000000000000000000, -1.000000000000000000 ) ) ;
#178 = VECTOR ( 'NONE', #1554, 39.37007874015748100 ) ;
#179 = AXIS2_PLACEMENT_3D ( 'NONE', #79, #1744, #320 ) ;
#180 = VECTOR ( 'NONE', #2048, 39.37007874015748100 ) ;
#181 = FACE_OUTER_BOUND ( 'NONE', #558, .T. ) ;
#182 = CARTESIAN_POINT ( 'NONE',  ( 0.3049999999999999400, 0.01500000000000005300, 0.01999999999999987900 ) ) ;
#183 = EDGE_LOOP ( 'NONE', ( #115, #2912, #1849, #2330 ) ) ;
#184 = FACE_OUTER_BOUND ( 'NONE', #1435, .T. ) ;
#185 = STYLED_ITEM ( 'NONE', ( #1308 ), #1621 ) ;
#186 = PLANE ( 'NONE',  #923 ) ;
#187 = ORIENTED_EDGE ( 'NONE', *, *, #1239, .F. ) ;
#188 = AXIS2_PLACEMENT_3D ( 'NONE', #2234, #826, #2241 ) ;
#189 = CARTESIAN_POINT ( 'NONE',  ( -0.2258959126587038700, 0.09351983351084250400, 0.09399999968503933200 ) ) ;
#190 = DIRECTION ( 'NONE',  ( 0.0000000000000000000, 0.0000000000000000000, 1.000000000000000000 ) ) ;
#191 = VERTEX_POINT ( 'NONE', #201 ) ;
#192 = VERTEX_POINT ( 'NONE', #690 ) ;
#193 = PLANE ( 'NONE',  #1570 ) ;
#194 = CARTESIAN_POINT ( 'NONE',  ( -0.04650000000000003400, 0.002000000000000006500, -0.09449999968503941500 ) ) ;
#195 = EDGE_CURVE ( 'NONE', #1688, #2569, #1294, .T. ) ;
#196 = CARTESIAN_POINT ( 'NONE',  ( 0.2949999999999999300, 0.009999999999999995000, -0.1180000000000000600 ) ) ;
#197 = EDGE_CURVE ( 'NONE', #407, #934, #2541, .T. ) ;
#198 = CARTESIAN_POINT ( 'NONE',  ( 0.2949999999999999300, 0.002000000000000006100, 0.1179999999999999000 ) ) ;
#199 = ORIENTED_EDGE ( 'NONE', *, *, #1894, .T. ) ;
#200 = CIRCLE ( 'NONE', #2011, 0.003937010000000002100 ) ;
#201 = CARTESIAN_POINT ( 'NONE',  ( -0.2258959126587038700, 0.09351983351084250400, 0.09399999968503933200 ) ) ;
#202 = ORIENTED_EDGE ( 'NONE', *, *, #2361, .F. ) ;
#203 = ORIENTED_EDGE ( 'NONE', *, *, #649, .T. ) ;
#204 = DIRECTION ( 'NONE',  ( -0.0000000000000000000, 0.0000000000000000000, 1.000000000000000000 ) ) ;
#205 = VERTEX_POINT ( 'NONE', #215 ) ;
#206 =( GEOMETRIC_REPRESENTATION_CONTEXT ( 3 ) GLOBAL_UNCERTAINTY_ASSIGNED_CONTEXT ( ( #2346 ) ) GLOBAL_UNIT_ASSIGNED_CONTEXT ( ( #613, #2265, #850 ) ) REPRESENTATION_CONTEXT ( 'NONE', 'WORKASPACE' ) );
#207 = EDGE_LOOP ( 'NONE', ( #1384, #22, #399, #449, #2649, #1376, #2, #464 ) ) ;
#208 = LINE ( 'NONE', #2557, #2027 ) ;
#209 = VERTEX_POINT ( 'NONE', #1650 ) ;
#210 = ORIENTED_EDGE ( 'NONE', *, *, #1665, .F. ) ;
#211 = LINE ( 'NONE', #94, #860 ) ;
#212 = EDGE_CURVE ( 'NONE', #2270, #1135, #2463, .T. ) ;
#213 = PLANE ( 'NONE',  #2350 ) ;
#214 = VECTOR ( 'NONE', #1320, 39.37007874015748100 ) ;
#215 = CARTESIAN_POINT ( 'NONE',  ( -0.04150000000000002300, 0.1989999999999999800, -0.1180000000000000500 ) ) ;
#216 = FACE_BOUND ( 'NONE', #2827, .T. ) ;
#217 = LINE ( 'NONE', #2637, #786 ) ;
#218 = ORIENTED_EDGE ( 'NONE', *, *, #1019, .T. ) ;
#219 = CIRCLE ( 'NONE', #2881, 0.07600000000192321000 ) ;
#220 = DIRECTION ( 'NONE',  ( 0.0000000000000000000, 0.0000000000000000000, 1.000000000000000000 ) ) ;
#221 = AXIS2_PLACEMENT_3D ( 'NONE', #973, #2154, #748 ) ;
#222 = ORIENTED_EDGE ( 'NONE', *, *, #251, .T. ) ;
#223 = PLANE ( 'NONE',  #2279 ) ;
#224 = EDGE_CURVE ( 'NONE', #990, #1832, #1892, .T. ) ;
#225 = ORIENTED_EDGE ( 'NONE', *, *, #2725, .F. ) ;
#226 = DIMENSIONAL_EXPONENTS ( 1.000000000000000000, 0.0000000000000000000, 0.0000000000000000000, 0.0000000000000000000, 0.0000000000000000000, 0.0000000000000000000, 0.0000000000000000000 ) ;
#227 = CARTESIAN_POINT ( 'NONE',  ( 0.3739999999999998900, 0.009842519685039378600, -1.308241918257828800E-016 ) ) ;
#228 = ORIENTED_EDGE ( 'NONE', *, *, #1239, .T. ) ;
#229 = DIRECTION ( 'NONE',  ( 0.0000000000000000000, 1.000000000000000000, -0.0000000000000000000 ) ) ;
#230 = CARTESIAN_POINT ( 'NONE',  ( 0.1380000000000000100, -0.03200000000245875600, -0.02949999999956606400 ) ) ;
#231 = EDGE_CURVE ( 'NONE', #1368, #205, #572, .T. ) ;
#232 = EDGE_LOOP ( 'NONE', ( #1075, #1668, #2414, #1948 ) ) ;
#233 =( CONVERSION_BASED_UNIT ( 'INCH', #1407 ) LENGTH_UNIT ( ) NAMED_UNIT ( #700 ) );
#234 = ORIENTED_EDGE ( 'NONE', *, *, #3087, .F. ) ;
#235 = ADVANCED_FACE ( 'NONE', ( #1829 ), #223, .T. ) ;
#236 = AXIS2_PLACEMENT_3D ( 'NONE', #2224, #811, #2466 ) ;
#237 = CARTESIAN_POINT ( 'NONE',  ( -0.1265000000000000300, 0.1477973147807136500, -0.09449999968503942900 ) ) ;
#238 = ORIENTED_EDGE ( 'NONE', *, *, #1198, .T. ) ;
#239 =( NAMED_UNIT ( * ) SI_UNIT ( $, .STERADIAN. ) SOLID_ANGLE_UNIT ( ) );
#240 = LINE ( 'NONE', #2678, #1667 ) ;
#241 = EDGE_LOOP ( 'NONE', ( #1582, #718, #218, #133 ) ) ;
#242 = CARTESIAN_POINT ( 'NONE',  ( -0.1999999999999999800, -3.149606158572018000E-010, 0.1077795296850393200 ) ) ;
#243 = LINE ( 'NONE', #82, #2702 ) ;
#244 = LINE ( 'NONE', #1125, #329 ) ;
#245 = VECTOR ( 'NONE', #2273, 39.37007874015748100 ) ;
#246 = VECTOR ( 'NONE', #1460, 39.37007874015748100 ) ;
#247 = VECTOR ( 'NONE', #2588, 39.37007874015748100 ) ;
#248 = EDGE_CURVE ( 'NONE', #549, #3062, #1146, .T. ) ;
#249 = CARTESIAN_POINT ( 'NONE',  ( 0.3100000000000000000, 0.01000000000000003000, 0.01999999999999987600 ) ) ;
#250 = ORIENTED_EDGE ( 'NONE', *, *, #1904, .F. ) ;
#251 = EDGE_CURVE ( 'NONE', #828, #1089, #3032, .T. ) ;
#252 = ADVANCED_FACE ( 'NONE', ( #2951 ), #2865, .F. ) ;
#253 = CIRCLE ( 'NONE', #2793, 0.003937010000000002100 ) ;
#254 = PRODUCT_DEFINITION_CONTEXT ( 'detailed design', #952, 'design' ) ;
#255 = ORIENTED_EDGE ( 'NONE', *, *, #1894, .F. ) ;
#256 = CARTESIAN_POINT ( 'NONE',  ( -0.2760000000000000200, 0.01377952968503938200, -0.1043425196850393900 ) ) ;
#257 = VERTEX_POINT ( 'NONE', #471 ) ;
#258 = PLANE ( 'NONE',  #221 ) ;
#259 = CARTESIAN_POINT ( 'NONE',  ( -0.2760000000000000200, 0.01377952968503938200, 0.1077795296850393400 ) ) ;
#260 = EDGE_CURVE ( 'NONE', #69, #929, #1064, .T. ) ;
#261 = LENGTH_MEASURE_WITH_UNIT ( LENGTH_MEASURE( 0.02539999999999999900 ), #1432 );
#262 = MANIFOLD_SOLID_BREP ( 'Body-Move/Copy1[4]', #1307 ) ;
#263 = AXIS2_PLACEMENT_3D ( 'NONE', #2864, #15, #1687 ) ;
#264 = CARTESIAN_POINT ( 'NONE',  ( -0.1924674087029380500, 0.009842519685039378600, -0.09450000000000004200 ) ) ;
#265 = ADVANCED_FACE ( 'NONE', ( #1626 ), #1889, .T. ) ;
#266 = VERTEX_POINT ( 'NONE', #481 ) ;
#267 = EDGE_CURVE ( 'NONE', #384, #296, #120, .T. ) ;
#268 = CARTESIAN_POINT ( 'NONE',  ( -0.04650000000000003400, 0.1477973147807136700, -0.09449999968503944300 ) ) ;
#269 = VECTOR ( 'NONE', #1151, 39.37007874015748100 ) ;
#270 = CARTESIAN_POINT ( 'NONE',  ( -0.08553149606299216600, 0.01393700787401573800, -0.09449999968503940100 ) ) ;
#271 =( NAMED_UNIT ( * ) SI_UNIT ( $, .STERADIAN. ) SOLID_ANGLE_UNIT ( ) );
#272 = DIRECTION ( 'NONE',  ( 0.0000000000000000000, 1.000000000000000000, -0.0000000000000000000 ) ) ;
#273 = DIRECTION ( 'NONE',  ( -1.000000000000000000, 2.868321774504153700E-032, 1.224646799147353000E-016 ) ) ;
#274 = ORIENTED_EDGE ( 'NONE', *, *, #732, .F. ) ;
#275 = ORIENTED_EDGE ( 'NONE', *, *, #1750, .F. ) ;
#276 = DIRECTION ( 'NONE',  ( -3.741219229409563900E-016, -1.000000000000000000, 4.581672154204950900E-032 ) ) ;
#277 = CARTESIAN_POINT ( 'NONE',  ( 0.3100000000000000000, 0.01500000000000004500, -0.05900000000000011500 ) ) ;
#278 = VERTEX_POINT ( 'NONE', #964 ) ;
#279 = ORIENTED_EDGE ( 'NONE', *, *, #2448, .F. ) ;
#280 = CARTESIAN_POINT ( 'NONE',  ( 0.1555000000000000300, 0.01200000000000000200, 0.1179999999999998400 ) ) ;
#281 = CARTESIAN_POINT ( 'NONE',  ( -0.3740000000010423900, 0.1004999999999999900, -3.841661241090370500E-017 ) ) ;
#282 = CYLINDRICAL_SURFACE ( 'NONE', #1524, 0.01377952999999999300 ) ;
#283 = CARTESIAN_POINT ( 'NONE',  ( 0.1555000000000000300, 0.009999999999999995000, 0.09093494290383939700 ) ) ;
#284 = PRESENTATION_STYLE_ASSIGNMENT (( #1 ) ) ;
#285 = ORIENTED_EDGE ( 'NONE', *, *, #918, .F. ) ;
#286 = ADVANCED_FACE ( 'NONE', ( #2571 ), #2859, .F. ) ;
#287 = LINE ( 'NONE', #547, #2106 ) ;
#288 = LINE ( 'NONE', #1767, #1571 ) ;
#289 = CARTESIAN_POINT ( 'NONE',  ( -0.2760000000000000200, 0.002000000000000006100, 0.1179999999999999000 ) ) ;
#290 = FACE_OUTER_BOUND ( 'NONE', #2478, .T. ) ;
#291 = LINE ( 'NONE', #758, #2751 ) ;
#292 = ORIENTED_EDGE ( 'NONE', *, *, #563, .F. ) ;
#293 = FACE_OUTER_BOUND ( 'NONE', #738, .T. ) ;
#294 = DIRECTION ( 'NONE',  ( 1.224646799147353200E-016, 0.0000000000000000000, 1.000000000000000000 ) ) ;
#295 = PLANE ( 'NONE',  #460 ) ;
#296 = VERTEX_POINT ( 'NONE', #13 ) ;
#297 = EDGE_CURVE ( 'NONE', #1359, #1036, #753, .T. ) ;
#298 = DIRECTION ( 'NONE',  ( 1.224646799147353200E-016, -0.0000000000000000000, 1.000000000000000000 ) ) ;
#299 = CARTESIAN_POINT ( 'NONE',  ( -0.1999999999999999600, -3.149606286627392700E-010, 0.1769999999999999100 ) ) ;
#300 = ORIENTED_EDGE ( 'NONE', *, *, #2940, .T. ) ;
#301 = VERTEX_POINT ( 'NONE', #2868 ) ;
#302 = CARTESIAN_POINT ( 'NONE',  ( -0.2760000000000000200, 0.009842519685039378600, -5.122214988120493500E-017 ) ) ;
#303 = ADVANCED_FACE ( 'NONE', ( #2499 ), #735, .T. ) ;
#304 = LINE ( 'NONE', #917, #391 ) ;
#305 = DIRECTION ( 'NONE',  ( 1.000000000000000000, 0.0000000000000000000, -1.224646799147353200E-016 ) ) ;
#306 = AXIS2_PLACEMENT_3D ( 'NONE', #2128, #723, #2381 ) ;
#307 = ADVANCED_FACE ( 'NONE', ( #1685 ), #615, .F. ) ;
#308 = PLANE ( 'NONE',  #1158 ) ;
#309 = DIRECTION ( 'NONE',  ( 0.0000000000000000000, -0.0000000000000000000, -1.000000000000000000 ) ) ;
#310 = ORIENTED_EDGE ( 'NONE', *, *, #1656, .T. ) ;
#311 = CARTESIAN_POINT ( 'NONE',  ( -0.1380000000000000100, -0.03699999999878669100, 0.02450000000150597000 ) ) ;
#312 = CARTESIAN_POINT ( 'NONE',  ( 0.1555000000000000300, 8.483781478435897500E-005, 0.09093494290383938300 ) ) ;
#313 = ORIENTED_EDGE ( 'NONE', *, *, #841, .F. ) ;
#314 = EDGE_CURVE ( 'NONE', #2713, #3040, #686, .T. ) ;
#315 = CARTESIAN_POINT ( 'NONE',  ( -0.1609999999999999500, 0.009842519685039378600, 0.1769999999999999100 ) ) ;
#316 = EDGE_CURVE ( 'NONE', #1315, #2569, #1246, .T. ) ;
#317 = DIRECTION ( 'NONE',  ( 0.0000000000000000000, 0.0000000000000000000, 1.000000000000000000 ) ) ;
#318 = DIRECTION ( 'NONE',  ( 0.0000000000000000000, -1.000000000000000000, 0.0000000000000000000 ) ) ;
#319 = ADVANCED_FACE ( 'NONE', ( #1859 ), #1705, .T. ) ;
#320 = DIRECTION ( 'NONE',  ( 1.000000000000000000, 0.0000000000000000000, 0.0000000000000000000 ) ) ;
#321 = ORIENTED_EDGE ( 'NONE', *, *, #2064, .T. ) ;
#322 = CARTESIAN_POINT ( 'NONE',  ( -0.1609999999999999800, 0.009842519685039378600, 0.1038425196850393300 ) ) ;
#323 = CYLINDRICAL_SURFACE ( 'NONE', #1394, 0.09850000000000000400 ) ;
#324 = VERTEX_POINT ( 'NONE', #984 ) ;
#325 = VERTEX_POINT ( 'NONE', #759 ) ;
#326 = VECTOR ( 'NONE', #1007, 39.37007874015748100 ) ;
#327 = DIRECTION ( 'NONE',  ( 1.000000000000000000, -0.0000000000000000000, -1.224646799147353200E-016 ) ) ;
#328 = EDGE_CURVE ( 'NONE', #1463, #2212, #2990, .T. ) ;
#329 = VECTOR ( 'NONE', #1361, 39.37007874015748100 ) ;
#330 = DIRECTION ( 'NONE',  ( 0.0000000000000000000, 0.0000000000000000000, 1.000000000000000000 ) ) ;
#331 = LINE ( 'NONE', #142, #2850 ) ;
#332 = CYLINDRICAL_SURFACE ( 'NONE', #1121, 0.005000000000000014800 ) ;
#333 = PLANE ( 'NONE',  #1371 ) ;
#334 = AXIS2_PLACEMENT_3D ( 'NONE', #3038, #1619, #177 ) ;
#335 = LINE ( 'NONE', #2566, #962 ) ;
#336 = CARTESIAN_POINT ( 'NONE',  ( -0.08553149606299216600, 0.002000000000000006500, -0.09449999968503941500 ) ) ;
#337 = VERTEX_POINT ( 'NONE', #996 ) ;
#338 = CARTESIAN_POINT ( 'NONE',  ( 0.3739999999999998900, 0.009842519685039378600, -0.05900000000000012900 ) ) ;
#339 = DIRECTION ( 'NONE',  ( 0.0000000000000000000, 0.0000000000000000000, 1.000000000000000000 ) ) ;
#340 = VECTOR ( 'NONE', #2646, 39.37007874015748100 ) ;
#341 = CARTESIAN_POINT ( 'NONE',  ( 0.2145000000000000200, 8.483781478435897500E-005, 0.09093494290383936900 ) ) ;
#342 = PLANE ( 'NONE',  #188 ) ;
#343 = FILL_AREA_STYLE ('',( #1295 ) ) ;
#344 = ORIENTED_EDGE ( 'NONE', *, *, #157, .T. ) ;
#345 = EDGE_LOOP ( 'NONE', ( #3019, #1375, #2085, #1184 ) ) ;
#346 = EDGE_LOOP ( 'NONE', ( #11, #2187, #91, #61, #1165 ) ) ;
#347 = PLANE ( 'NONE',  #2242 ) ;
#348 = DIRECTION ( 'NONE',  ( -1.000000000000000000, 0.0000000000000000000, 1.224646799147353200E-016 ) ) ;
#349 = DIRECTION ( 'NONE',  ( -1.000000000000000000, 0.0000000000000000000, 1.224646799147353000E-016 ) ) ;
#350 = PRESENTATION_LAYER_ASSIGNMENT (  '', '', ( #185 ) ) ;
#351 = STYLED_ITEM ( 'NONE', ( #551 ), #832 ) ;
#352 = CARTESIAN_POINT ( 'NONE',  ( -0.1265000000000000600, 0.1477973147807136500, -0.1043425196850394500 ) ) ;
#353 = VERTEX_POINT ( 'NONE', #2644 ) ;
#354 = DIRECTION ( 'NONE',  ( -0.0000000000000000000, 0.0000000000000000000, 1.000000000000000000 ) ) ;
#355 = ORIENTED_EDGE ( 'NONE', *, *, #1383, .T. ) ;
#356 = DIRECTION ( 'NONE',  ( -1.000000000000000000, 0.0000000000000000000, 1.224646799147353200E-016 ) ) ;
#357 = DIRECTION ( 'NONE',  ( 1.000000000000000000, 0.0000000000000000000, 0.0000000000000000000 ) ) ;
#358 = PLANE ( 'NONE',  #1854 ) ;
#359 = EDGE_CURVE ( 'NONE', #2863, #890, #3067, .T. ) ;
#360 = PLANE ( 'NONE',  #2303 ) ;
#361 = ORIENTED_EDGE ( 'NONE', *, *, #314, .F. ) ;
#362 = ORIENTED_EDGE ( 'NONE', *, *, #77, .F. ) ;
#363 = EDGE_CURVE ( 'NONE', #1620, #1402, #1179, .T. ) ;
#364 = CARTESIAN_POINT ( 'NONE',  ( -0.3740000000010423900, 0.1004999999999999900, -0.09350000000249855700 ) ) ;
#365 = DIRECTION ( 'NONE',  ( 1.000000000000000000, 0.0000000000000000000, -1.224646799147353200E-016 ) ) ;
#366 = ORIENTED_EDGE ( 'NONE', *, *, #2244, .F. ) ;
#367 = ORIENTED_EDGE ( 'NONE', *, *, #2839, .T. ) ;
#368 = FACE_OUTER_BOUND ( 'NONE', #345, .T. ) ;
#369 = VECTOR ( 'NONE', #1661, 39.37007874015748100 ) ;
#370 = EDGE_LOOP ( 'NONE', ( #1122, #2817, #467, #96 ) ) ;
#371 = ORIENTED_EDGE ( 'NONE', *, *, #1174, .F. ) ;
#372 = CIRCLE ( 'NONE', #412, 0.01499999999999997700 ) ;
#373 = AXIS2_PLACEMENT_3D ( 'NONE', #1998, #1548, #1542 ) ;
#374 = VECTOR ( 'NONE', #1452, 39.37007874015748100 ) ;
#375 = DIRECTION ( 'NONE',  ( 0.0000000000000000000, 0.0000000000000000000, 1.000000000000000000 ) ) ;
#376 = CARTESIAN_POINT ( 'NONE',  ( -0.2760000000000000200, 0.009999999999999995000, -0.09450000000000004200 ) ) ;
#377 = LINE ( 'NONE', #1937, #2038 ) ;
#378 = ORIENTED_EDGE ( 'NONE', *, *, #212, .T. ) ;
#379 = DIRECTION ( 'NONE',  ( -0.0000000000000000000, -1.000000000000000000, -0.0000000000000000000 ) ) ;
#380 = SURFACE_STYLE_USAGE ( .BOTH. , #2738 ) ;
#381 = CARTESIAN_POINT ( 'NONE',  ( -0.3740000000000000000, 0.1004999999999999900, -0.09850000000000003200 ) ) ;
#382 = ORIENTED_EDGE ( 'NONE', *, *, #2651, .T. ) ;
#383 = DIRECTION ( 'NONE',  ( 2.868321774504154300E-032, -1.000000000000000000, 2.342162472070471100E-016 ) ) ;
#384 = VERTEX_POINT ( 'NONE', #524 ) ;
#385 =( CONVERSION_BASED_UNIT ( 'INCH', #2284 ) LENGTH_UNIT ( ) NAMED_UNIT ( #2109 ) );
#386 = DIRECTION ( 'NONE',  ( 0.0000000000000000000, -1.000000000000000000, 0.0000000000000000000 ) ) ;
#387 = EDGE_CURVE ( 'NONE', #2862, #1982, #2909, .T. ) ;
#388 = VERTEX_POINT ( 'NONE', #768 ) ;
#389 =( NAMED_UNIT ( * ) PLANE_ANGLE_UNIT ( ) SI_UNIT ( $, .RADIAN. ) );
#390 = DIRECTION ( 'NONE',  ( -1.000000000000000000, 0.0000000000000000000, 0.0000000000000000000 ) ) ;
#391 = VECTOR ( 'NONE', #885, 39.37007874015748100 ) ;
#392 = DIRECTION ( 'NONE',  ( -1.852595588326593700E-016, 1.000000000000000000, 0.0000000000000000000 ) ) ;
#393 = CARTESIAN_POINT ( 'NONE',  ( 0.3049999999999999400, 0.1639764880291706400, -0.05900000000000011500 ) ) ;
#394 = DIRECTION ( 'NONE',  ( 0.0000000000000000000, 0.0000000000000000000, -1.000000000000000000 ) ) ;
#395 = ORIENTED_EDGE ( 'NONE', *, *, #1896, .F. ) ;
#396 = EDGE_CURVE ( 'NONE', #2053, #2157, #452, .T. ) ;
#397 = DIRECTION ( 'NONE',  ( -0.0000000000000000000, -1.000000000000000000, -0.0000000000000000000 ) ) ;
#398 = CARTESIAN_POINT ( 'NONE',  ( 0.2949999999999998700, 0.1639764880291706400, -0.05900000000000011500 ) ) ;
#399 = ORIENTED_EDGE ( 'NONE', *, *, #2390, .T. ) ;
#400 = CARTESIAN_POINT ( 'NONE',  ( -0.1999999999999999800, 0.009842519685039378600, 0.1077795296850393200 ) ) ;
#401 = DIRECTION ( 'NONE',  ( 7.005654268042080100E-020, 0.0000000000000000000, 1.000000000000000000 ) ) ;
#402 = ORIENTED_EDGE ( 'NONE', *, *, #906, .T. ) ;
#403 = CARTESIAN_POINT ( 'NONE',  ( -0.1265000000000000300, -0.03700000000000000500, -0.09450000000000002800 ) ) ;
#404 = EDGE_CURVE ( 'NONE', #1356, #990, #1653, .T. ) ;
#405 = CARTESIAN_POINT ( 'NONE',  ( 0.2949999999999999300, 0.1989999999999999800, -0.1180000000000000600 ) ) ;
#406 = LINE ( 'NONE', #985, #1601 ) ;
#407 = VERTEX_POINT ( 'NONE', #1257 ) ;
#408 = LINE ( 'NONE', #1720, #1128 ) ;
#409 = CARTESIAN_POINT ( 'NONE',  ( -0.3740000000010423900, 0.1004999999999999900, -4.268512490100411300E-017 ) ) ;
#410 = LINE ( 'NONE', #855, #2932 ) ;
#411 = VECTOR ( 'NONE', #2534, 39.37007874015748100 ) ;
#412 = AXIS2_PLACEMENT_3D ( 'NONE', #2960, #1547, #107 ) ;
#413 = LINE ( 'NONE', #2653, #2935 ) ;
#414 = LINE ( 'NONE', #1140, #2852 ) ;
#415 = AXIS2_PLACEMENT_3D ( 'NONE', #653, #2292, #645 ) ;
#416 = ORIENTED_EDGE ( 'NONE', *, *, #2394, .T. ) ;
#417 = LINE ( 'NONE', #1930, #340 ) ;
#418 = CARTESIAN_POINT ( 'NONE',  ( 0.2949999999999999300, 0.1989999999999999800, -0.1180000000000000500 ) ) ;
#419 = ORIENTED_EDGE ( 'NONE', *, *, #1419, .T. ) ;
#420 = ORIENTED_EDGE ( 'NONE', *, *, #2088, .F. ) ;
#421 = EDGE_CURVE ( 'NONE', #407, #619, #1108, .T. ) ;
#422 = DIRECTION ( 'NONE',  ( 1.000000000000000000, 0.0000000000000000000, -1.224646799147353000E-016 ) ) ;
#423 = EDGE_CURVE ( 'NONE', #2967, #257, #525, .T. ) ;
#424 = COLOUR_RGB ( '',0.7921568627450980000, 0.8196078431372548800, 0.9333333333333333500 ) ;
#425 = VERTEX_POINT ( 'NONE', #3063 ) ;
#426 = CARTESIAN_POINT ( 'NONE',  ( -0.1609999999999999500, 0.009842519685039378600, 0.09399999968503931800 ) ) ;
#427 = ORIENTED_EDGE ( 'NONE', *, *, #1067, .F. ) ;
#428 = EDGE_CURVE ( 'NONE', #2067, #1651, #2193, .T. ) ;
#429 = DIRECTION ( 'NONE',  ( -0.0000000000000000000, -1.000000000000000000, -0.0000000000000000000 ) ) ;
#430 = AXIS2_PLACEMENT_3D ( 'NONE', #1922, #501, #2158 ) ;
#431 = CARTESIAN_POINT ( 'NONE',  ( 0.1555000000000000300, 0.009999999999999995000, 0.2958273385765998200 ) ) ;
#432 = ORIENTED_EDGE ( 'NONE', *, *, #3092, .T. ) ;
#433 = VERTEX_POINT ( 'NONE', #687 ) ;
#434 = EDGE_CURVE ( 'NONE', #1863, #2197, #2765, .T. ) ;
#435 = CARTESIAN_POINT ( 'NONE',  ( -0.2760000000000000200, 0.002000000000000006100, -0.1179999999999999900 ) ) ;
#436 = ORIENTED_EDGE ( 'NONE', *, *, #2064, .F. ) ;
#437 = ORIENTED_EDGE ( 'NONE', *, *, #197, .T. ) ;
#438 = LINE ( 'NONE', #1113, #2884 ) ;
#439 = VECTOR ( 'NONE', #2349, 39.37007874015748100 ) ;
#440 = DIRECTION ( 'NONE',  ( -1.000000000000000000, 0.0000000000000000000, 1.224646799147353200E-016 ) ) ;
#441 = EDGE_LOOP ( 'NONE', ( #1215, #2828, #661, #634 ) ) ;
#442 = VECTOR ( 'NONE', #1292, 39.37007874015748100 ) ;
#443 = VECTOR ( 'NONE', #2607, 39.37007874015748100 ) ;
#444 = CARTESIAN_POINT ( 'NONE',  ( -0.2234674087029380800, 0.009999999999999995000, -0.09450000000000002800 ) ) ;
#445 = ORIENTED_EDGE ( 'NONE', *, *, #195, .F. ) ;
#446 = DIRECTION ( 'NONE',  ( -1.224646799147353200E-016, 0.0000000000000000000, -1.000000000000000000 ) ) ;
#447 = CARTESIAN_POINT ( 'NONE',  ( 0.2145000000000000000, 0.01200000000000000200, 0.08699999999999993800 ) ) ;
#448 = DIRECTION ( 'NONE',  ( 0.0000000000000000000, 1.000000000000000000, 0.0000000000000000000 ) ) ;
#449 = ORIENTED_EDGE ( 'NONE', *, *, #106, .T. ) ;
#450 = CARTESIAN_POINT ( 'NONE',  ( -0.2234674087029380800, 0.009842519685039378600, -0.1769999999999999900 ) ) ;
#451 = ORIENTED_EDGE ( 'NONE', *, *, #1561, .T. ) ;
#452 = LINE ( 'NONE', #2424, #1018 ) ;
#453 = DIRECTION ( 'NONE',  ( 1.224646799147353200E-016, 0.0000000000000000000, 1.000000000000000000 ) ) ;
#454 = DIRECTION ( 'NONE',  ( -1.000000000000000000, 0.0000000000000000000, 1.224646799147353200E-016 ) ) ;
#455 = EDGE_CURVE ( 'NONE', #2067, #2655, #304, .T. ) ;
#456 = CARTESIAN_POINT ( 'NONE',  ( -0.08750000000000002200, 0.01393700787401573800, -0.09449999968503940100 ) ) ;
#457 = VERTEX_POINT ( 'NONE', #2089 ) ;
#458 = VECTOR ( 'NONE', #2679, 39.37007874015748100 ) ;
#459 = ORIENTED_EDGE ( 'NONE', *, *, #2940, .F. ) ;
#460 = AXIS2_PLACEMENT_3D ( 'NONE', #2671, #1721, #54 ) ;
#461 = DIRECTION ( 'NONE',  ( 0.0000000000000000000, 0.0000000000000000000, 1.000000000000000000 ) ) ;
#462 = DIRECTION ( 'NONE',  ( 1.224646799147353200E-016, -0.0000000000000000000, 1.000000000000000000 ) ) ;
#463 = DIRECTION ( 'NONE',  ( 0.0000000000000000000, 1.000000000000000000, 0.0000000000000000000 ) ) ;
#464 = ORIENTED_EDGE ( 'NONE', *, *, #1385, .F. ) ;
#465 = FACE_OUTER_BOUND ( 'NONE', #1282, .T. ) ;
#466 = ORIENTED_EDGE ( 'NONE', *, *, #2926, .F. ) ;
#467 = ORIENTED_EDGE ( 'NONE', *, *, #2001, .T. ) ;
#468 = EDGE_CURVE ( 'NONE', #2842, #627, #941, .T. ) ;
#469 = DIRECTION ( 'NONE',  ( -1.000000000000000000, -0.0000000000000000000, -1.669259973802079600E-016 ) ) ;
#470 = VECTOR ( 'NONE', #2891, 39.37007874015748100 ) ;
#471 = CARTESIAN_POINT ( 'NONE',  ( 0.1555000000000000300, 0.002000000000000006100, 0.09093494290383939700 ) ) ;
#472 = LINE ( 'NONE', #1565, #554 ) ;
#473 = EDGE_CURVE ( 'NONE', #971, #867, #1509, .T. ) ;
#474 = ADVANCED_FACE ( 'NONE', ( #1276 ), #1156, .F. ) ;
#475 = VECTOR ( 'NONE', #1338, 39.37007874015748100 ) ;
#476 = LINE ( 'NONE', #781, #2302 ) ;
#477 = FACE_OUTER_BOUND ( 'NONE', #1818, .T. ) ;
#478 =( NAMED_UNIT ( * ) SI_UNIT ( $, .STERADIAN. ) SOLID_ANGLE_UNIT ( ) );
#479 = ORIENTED_EDGE ( 'NONE', *, *, #2926, .T. ) ;
#480 = CARTESIAN_POINT ( 'NONE',  ( -0.1265000000000000800, 0.009842519685039378600, -5.122214988120493500E-017 ) ) ;
#481 = CARTESIAN_POINT ( 'NONE',  ( 0.1380000000000000100, 0.002000000000000006100, -0.02950000000000008900 ) ) ;
#482 = EDGE_CURVE ( 'NONE', #2744, #3085, #3083, .T. ) ;
#483 = VERTEX_POINT ( 'NONE', #182 ) ;
#484 = AXIS2_PLACEMENT_3D ( 'NONE', #1138, #889, #2309 ) ;
#485 = VERTEX_POINT ( 'NONE', #3041 ) ;
#486 = CARTESIAN_POINT ( 'NONE',  ( 0.1555000000000000300, 0.009999999999999995000, 0.09093494290383938300 ) ) ;
#487 = ADVANCED_FACE ( 'NONE', ( #2450 ), #1625, .F. ) ;
#488 = PRODUCT ( '35RASMT4BHNTRX', '35RASMT4BHNTRX', '', ( #2376 ) ) ;
#489 = SURFACE_STYLE_FILL_AREA ( #2608 ) ;
#490 = ORIENTED_EDGE ( 'NONE', *, *, #92, .T. ) ;
#491 = DIRECTION ( 'NONE',  ( -6.829619984160638500E-015, -1.000000000000000000, 0.0000000000000000000 ) ) ;
#492 = ORIENTED_EDGE ( 'NONE', *, *, #1694, .F. ) ;
#493 = AXIS2_PLACEMENT_3D ( 'NONE', #1518, #1051, #805 ) ;
#494 = ORIENTED_EDGE ( 'NONE', *, *, #1546, .F. ) ;
#495 = MECHANICAL_DESIGN_GEOMETRIC_PRESENTATION_REPRESENTATION (  '', ( #185 ), #671 ) ;
#496 = ORIENTED_EDGE ( 'NONE', *, *, #908, .F. ) ;
#497 = AXIS2_PLACEMENT_3D ( 'NONE', #1303, #591, #2728 ) ;
#498 = ADVANCED_FACE ( 'NONE', ( #556 ), #2368, .T. ) ;
#499 = VECTOR ( 'NONE', #357, 39.37007874015748100 ) ;
#500 = VERTEX_POINT ( 'NONE', #418 ) ;
#501 = DIRECTION ( 'NONE',  ( 1.000000000000000000, 0.0000000000000000000, -1.224646799147353200E-016 ) ) ;
#502 = ORIENTED_EDGE ( 'NONE', *, *, #2777, .T. ) ;
#503 = FACE_OUTER_BOUND ( 'NONE', #730, .T. ) ;
#504 = ORIENTED_EDGE ( 'NONE', *, *, #2290, .T. ) ;
#505 = PRESENTATION_STYLE_ASSIGNMENT (( #2204 ) ) ;
#506 = VECTOR ( 'NONE', #132, 39.37007874015748100 ) ;
#507 = CARTESIAN_POINT ( 'NONE',  ( -0.2460000000000000000, 0.002000000000000006100, 0.09399999999999995900 ) ) ;
#508 = VECTOR ( 'NONE', #1675, 39.37007874015748100 ) ;
#509 = EDGE_CURVE ( 'NONE', #2667, #2429, #3020, .T. ) ;
#510 = CARTESIAN_POINT ( 'NONE',  ( 0.2949999999999999300, 0.002000000000000006100, -0.1180000000000000600 ) ) ;
#511 = CARTESIAN_POINT ( 'NONE',  ( -0.1265000000000000300, 0.1989999999999999800, -0.09450000000000005600 ) ) ;
#512 = DIRECTION ( 'NONE',  ( 0.0000000000000000000, 1.000000000000000000, 0.0000000000000000000 ) ) ;
#513 = EDGE_LOOP ( 'NONE', ( #2844, #2633, #699, #2602 ) ) ;
#514 = EDGE_CURVE ( 'NONE', #2032, #384, #641, .T. ) ;
#515 = PRESENTATION_STYLE_ASSIGNMENT (( #2470 ) ) ;
#516 = CARTESIAN_POINT ( 'NONE',  ( 0.2145000000000000000, 0.002000000000000024300, 0.08699999999999993800 ) ) ;
#517 = EDGE_LOOP ( 'NONE', ( #2144, #2580, #1429, #1238 ) ) ;
#518 = CARTESIAN_POINT ( 'NONE',  ( -0.1609999999999999500, 0.01377952968503938200, 0.1038425196850393300 ) ) ;
#519 = ADVANCED_FACE ( 'NONE', ( #2934 ), #1572, .F. ) ;
#520 = DIRECTION ( 'NONE',  ( -1.000000000000000000, 0.0000000000000000000, 1.224646799147353200E-016 ) ) ;
#521 = DIRECTION ( 'NONE',  ( 1.000000000000000000, 0.0000000000000000000, -1.224646799147353200E-016 ) ) ;
#522 = AXIS2_PLACEMENT_3D ( 'NONE', #806, #2687, #401 ) ;
#523 = ORIENTED_EDGE ( 'NONE', *, *, #3018, .T. ) ;
#524 = CARTESIAN_POINT ( 'NONE',  ( -0.2760000000000000200, 0.1989999999999999800, -7.371056439686391200E-017 ) ) ;
#525 = LINE ( 'NONE', #283, #1583 ) ;
#526 = DIRECTION ( 'NONE',  ( 0.0000000000000000000, 0.0000000000000000000, 1.000000000000000000 ) ) ;
#527 = STYLED_ITEM ( 'NONE', ( #2997 ), #1792 ) ;
#528 = CARTESIAN_POINT ( 'NONE',  ( 0.3049999999999998800, 0.01361011111348176200, -0.05900000000000011500 ) ) ;
#529 = EDGE_LOOP ( 'NONE', ( #2425, #2627, #1261, #2836 ) ) ;
#530 = EDGE_CURVE ( 'NONE', #867, #2131, #1200, .T. ) ;
#531 = DIRECTION ( 'NONE',  ( -1.000000000000000000, 0.0000000000000000000, 1.224646799147353200E-016 ) ) ;
#532 = DIRECTION ( 'NONE',  ( 0.0000000000000000000, -0.0000000000000000000, -1.000000000000000000 ) ) ;
#533 = SURFACE_STYLE_FILL_AREA ( #2989 ) ;
#534 = LINE ( 'NONE', #1298, #1725 ) ;
#535 = DIRECTION ( 'NONE',  ( 0.0000000000000000000, 0.0000000000000000000, 1.000000000000000000 ) ) ;
#536 = ORIENTED_EDGE ( 'NONE', *, *, #2049, .T. ) ;
#537 = ADVANCED_FACE ( 'NONE', ( #1740 ), #2059, .T. ) ;
#538 = DIRECTION ( 'NONE',  ( 0.0000000000000000000, 2.342162472070471100E-016, 1.000000000000000000 ) ) ;
#539 = PLANE ( 'NONE',  #2169 ) ;
#540 = ADVANCED_FACE ( 'NONE', ( #1672 ), #1613, .F. ) ;
#541 = ORIENTED_EDGE ( 'NONE', *, *, #563, .T. ) ;
#542 = DIRECTION ( 'NONE',  ( 0.0000000000000000000, 0.0000000000000000000, 1.000000000000000000 ) ) ;
#543 = CARTESIAN_POINT ( 'NONE',  ( 0.3739999999999998900, 0.0000000000000000000, -1.308241918257828800E-016 ) ) ;
#544 = EDGE_LOOP ( 'NONE', ( #279, #2090, #2529, #2964 ) ) ;
#545 = EDGE_CURVE ( 'NONE', #278, #3091, #2301, .T. ) ;
#546 = DIRECTION ( 'NONE',  ( 1.000000000000000000, 5.473822126268816700E-048, -1.224646799147353000E-016 ) ) ;
#547 = CARTESIAN_POINT ( 'NONE',  ( 0.2949999999999999300, 0.01200000000000000200, 0.08699999999999993800 ) ) ;
#548 = CIRCLE ( 'NONE', #2871, 0.02450000000100010000 ) ;
#549 = VERTEX_POINT ( 'NONE', #152 ) ;
#550 = ORIENTED_EDGE ( 'NONE', *, *, #1031, .T. ) ;
#551 = PRESENTATION_STYLE_ASSIGNMENT (( #380 ) ) ;
#552 = FACE_OUTER_BOUND ( 'NONE', #682, .T. ) ;
#553 = DIRECTION ( 'NONE',  ( 0.0000000000000000000, 1.000000000000000000, 0.0000000000000000000 ) ) ;
#554 = VECTOR ( 'NONE', #124, 39.37007874015748100 ) ;
#555 = DIRECTION ( 'NONE',  ( -1.224646799147353200E-016, -0.0000000000000000000, -1.000000000000000000 ) ) ;
#556 = FACE_OUTER_BOUND ( 'NONE', #2721, .T. ) ;
#557 = FACE_OUTER_BOUND ( 'NONE', #136, .T. ) ;
#558 = EDGE_LOOP ( 'NONE', ( #1952, #210 ) ) ;
#559 = ADVANCED_FACE ( 'NONE', ( #2217 ), #1590, .T. ) ;
#560 = LINE ( 'NONE', #2787, #2936 ) ;
#561 = CARTESIAN_POINT ( 'NONE',  ( -0.1265000000000000300, 0.1477973147807136500, -0.1043425196850394500 ) ) ;
#562 = EDGE_LOOP ( 'NONE', ( #2282, #2537, #2776, #2918 ) ) ;
#563 = EDGE_CURVE ( 'NONE', #191, #2053, #960, .T. ) ;
#564 = PLANE ( 'NONE',  #2959 ) ;
#565 = DIRECTION ( 'NONE',  ( 0.0000000000000000000, -0.0000000000000000000, -1.000000000000000000 ) ) ;
#566 = DIRECTION ( 'NONE',  ( -0.0000000000000000000, -1.000000000000000000, 0.0000000000000000000 ) ) ;
#567 = AXIS2_PLACEMENT_3D ( 'NONE', #2706, #570, #1538 ) ;
#568 = VERTEX_POINT ( 'NONE', #878 ) ;
#569 = AXIS2_PLACEMENT_3D ( 'NONE', #2492, #837, #2005 ) ;
#570 = DIRECTION ( 'NONE',  ( -1.224646799147353000E-016, -2.342162472070471100E-016, -1.000000000000000000 ) ) ;
#571 = CARTESIAN_POINT ( 'NONE',  ( -0.1380000000000000100, -0.03699999999999999100, -6.812227570943840900E-017 ) ) ;
#572 = LINE ( 'NONE', #2833, #2383 ) ;
#573 = ORIENTED_EDGE ( 'NONE', *, *, #2322, .F. ) ;
#574 = FILL_AREA_STYLE_COLOUR ( '', #1317 ) ;
#575 = VERTEX_POINT ( 'NONE', #2283 ) ;
#576 = EDGE_CURVE ( 'NONE', #2385, #2157, #2786, .T. ) ;
#577 = ORIENTED_EDGE ( 'NONE', *, *, #966, .T. ) ;
#578 = EDGE_CURVE ( 'NONE', #353, #2773, #331, .T. ) ;
#579 = DIRECTION ( 'NONE',  ( 1.224646799147353000E-016, -0.0000000000000000000, 1.000000000000000000 ) ) ;
#580 = DIRECTION ( 'NONE',  ( 0.0000000000000000000, 1.000000000000000000, 0.0000000000000000000 ) ) ;
#581 = VERTEX_POINT ( 'NONE', #2510 ) ;
#582 = DIRECTION ( 'NONE',  ( 0.0000000000000000000, 1.000000000000000000, 0.0000000000000000000 ) ) ;
#583 = CIRCLE ( 'NONE', #2986, 0.005000000000000014800 ) ;
#584 = VERTEX_POINT ( 'NONE', #620 ) ;
#585 = ORIENTED_EDGE ( 'NONE', *, *, #625, .T. ) ;
#586 = LENGTH_MEASURE_WITH_UNIT ( LENGTH_MEASURE( 0.02539999999999999900 ), #1588 );
#587 = CARTESIAN_POINT ( 'NONE',  ( -0.04150000000000002300, -0.03700000000000000500, -0.1179999999999999800 ) ) ;
#588 = EDGE_CURVE ( 'NONE', #388, #2084, #1532, .T. ) ;
#589 = FACE_OUTER_BOUND ( 'NONE', #1648, .T. ) ;
#590 = DIRECTION ( 'NONE',  ( -1.224646799147353200E-016, 0.0000000000000000000, -1.000000000000000000 ) ) ;
#591 = DIRECTION ( 'NONE',  ( 1.000000000000000000, 0.0000000000000000000, -1.224646799147353200E-016 ) ) ;
#592 = ORIENTED_EDGE ( 'NONE', *, *, #2638, .T. ) ;
#593 = LINE ( 'NONE', #1981, #2558 ) ;
#594 = FACE_OUTER_BOUND ( 'NONE', #346, .T. ) ;
#595 = CARTESIAN_POINT ( 'NONE',  ( -0.2759999999999999700, 0.002000000000000006100, 0.1179999999999999000 ) ) ;
#596 = AXIS2_PLACEMENT_3D ( 'NONE', #1908, #742, #2392 ) ;
#597 = VECTOR ( 'NONE', #229, 39.37007874015748100 ) ;
#598 = CARTESIAN_POINT ( 'NONE',  ( -0.2760000000000000200, -3.149606115886893300E-010, 0.1077795296850393400 ) ) ;
#599 = ORIENTED_EDGE ( 'NONE', *, *, #2514, .T. ) ;
#600 = CARTESIAN_POINT ( 'NONE',  ( -0.08750000000000003600, 0.009842519685039378600, -0.1082795296850394100 ) ) ;
#601 = CARTESIAN_POINT ( 'NONE',  ( -0.2760000000000000200, 0.009999999999999995000, -5.122214988120493500E-017 ) ) ;
#602 = VECTOR ( 'NONE', #1995, 39.37007874015748100 ) ;
#603 = EDGE_CURVE ( 'NONE', #2740, #1603, #900, .T. ) ;
#604 = B_SPLINE_CURVE_WITH_KNOTS ( 'NONE', 3,
 ( #1100, #2502, #2988, #1574 ),
 .UNSPECIFIED., .F., .F.,
 ( 4, 4 ),
 ( 0.0000000000000000000, 1.000000000000000000 ),
 .UNSPECIFIED. ) ;
#605 = VERTEX_POINT ( 'NONE', #1329 ) ;
#606 = CARTESIAN_POINT ( 'NONE',  ( -0.3690000000047144500, 0.1004999999999999900, -0.09850000000106438900 ) ) ;
#607 = CARTESIAN_POINT ( 'NONE',  ( 0.1555000000000000300, 0.009842519685039378600, 0.1769999999999998500 ) ) ;
#608 = CARTESIAN_POINT ( 'NONE',  ( 0.1380000000000000100, -0.03200000000084918900, -0.02950000000117563800 ) ) ;
#609 = AXIS2_PLACEMENT_3D ( 'NONE', #2315, #1150, #2796 ) ;
#610 = CARTESIAN_POINT ( 'NONE',  ( -0.3740000000010423900, 0.1004999999999999900, 0.07600000000192318200 ) ) ;
#611 = VERTEX_POINT ( 'NONE', #1540 ) ;
#612 = CARTESIAN_POINT ( 'NONE',  ( -0.04650000000000003400, 0.002000000000000006100, -0.1043425196850394400 ) ) ;
#613 =( CONVERSION_BASED_UNIT ( 'INCH', #48 ) LENGTH_UNIT ( ) NAMED_UNIT ( #1886 ) );
#614 = DIRECTION ( 'NONE',  ( 1.224646799147353200E-016, -0.0000000000000000000, 1.000000000000000000 ) ) ;
#615 = CYLINDRICAL_SURFACE ( 'NONE', #1281, 0.003937010000000002100 ) ;
#616 = CARTESIAN_POINT ( 'NONE',  ( -0.2380118078134671700, 0.009842519685039378600, 0.1038425196850393400 ) ) ;
#617 = CARTESIAN_POINT ( 'NONE',  ( -0.3740000000010423900, 0.1004999999999999900, 0.07600000000192318200 ) ) ;
#618 =( NAMED_UNIT ( * ) PLANE_ANGLE_UNIT ( ) SI_UNIT ( $, .RADIAN. ) );
#619 = VERTEX_POINT ( 'NONE', #2236 ) ;
#620 = CARTESIAN_POINT ( 'NONE',  ( 0.1555000000000000300, 0.0000000000000000000, 0.1769999999999998500 ) ) ;
#621 = LINE ( 'NONE', #1172, #2428 ) ;
#622 = ORIENTED_EDGE ( 'NONE', *, *, #2578, .T. ) ;
#623 =( NAMED_UNIT ( * ) SI_UNIT ( $, .STERADIAN. ) SOLID_ANGLE_UNIT ( ) );
#624 = DIRECTION ( 'NONE',  ( 0.0000000000000000000, -0.0000000000000000000, -1.000000000000000000 ) ) ;
#625 = EDGE_CURVE ( 'NONE', #1810, #296, #821, .T. ) ;
#626 = CARTESIAN_POINT ( 'NONE',  ( 0.3739999999999998900, 0.0000000000000000000, -5.122214988120493500E-017 ) ) ;
#627 = VERTEX_POINT ( 'NONE', #1098 ) ;
#628 = DIRECTION ( 'NONE',  ( -1.224646799147353200E-016, 0.0000000000000000000, -1.000000000000000000 ) ) ;
#629 = ORIENTED_EDGE ( 'NONE', *, *, #3087, .T. ) ;
#630 = AXIS2_PLACEMENT_3D ( 'NONE', #2866, #1217, #2622 ) ;
#631 = DIRECTION ( 'NONE',  ( 1.000000000000000000, -0.0000000000000000000, -0.0000000000000000000 ) ) ;
#632 = LINE ( 'NONE', #1884, #3077 ) ;
#633 = DIRECTION ( 'NONE',  ( 1.000000000000000000, 0.0000000000000000000, -1.224646799147353200E-016 ) ) ;
#634 = ORIENTED_EDGE ( 'NONE', *, *, #2545, .F. ) ;
#635 = FACE_OUTER_BOUND ( 'NONE', #2902, .T. ) ;
#636 = CIRCLE ( 'NONE', #1210, 0.02450000000100010000 ) ;
#637 = AXIS2_PLACEMENT_3D ( 'NONE', #249, #1903, #491 ) ;
#638 = LINE ( 'NONE', #834, #2447 ) ;
#639 = CARTESIAN_POINT ( 'NONE',  ( -0.2258959126587038700, 0.1856826890632744300, 0.1038425196850393300 ) ) ;
#640 = DIRECTION ( 'NONE',  ( 0.0000000000000000000, 0.7071067811865475700, 0.7071067811865474600 ) ) ;
#641 = LINE ( 'NONE', #167, #1130 ) ;
#642 = LINE ( 'NONE', #800, #2370 ) ;
#643 = VERTEX_POINT ( 'NONE', #2500 ) ;
#644 = LINE ( 'NONE', #3033, #1674 ) ;
#645 = DIRECTION ( 'NONE',  ( -1.224646799147353200E-016, 0.0000000000000000000, -1.000000000000000000 ) ) ;
#646 = ORIENTED_EDGE ( 'NONE', *, *, #2770, .T. ) ;
#647 = CARTESIAN_POINT ( 'NONE',  ( -0.1380000000000000100, -0.03200000000469668800, -0.02949999999559611100 ) ) ;
#648 = DIRECTION ( 'NONE',  ( 0.0000000000000000000, -0.0000000000000000000, -1.000000000000000000 ) ) ;
#649 = EDGE_CURVE ( 'NONE', #1982, #28, #1444, .T. ) ;
#650 = EDGE_CURVE ( 'NONE', #1832, #1771, #1610, .T. ) ;
#651 = DIRECTION ( 'NONE',  ( -2.658010249892526800E-032, 1.000000000000000000, -2.170430079712074500E-016 ) ) ;
#652 = ORIENTED_EDGE ( 'NONE', *, *, #2189, .F. ) ;
#653 = CARTESIAN_POINT ( 'NONE',  ( 0.2949999999999999300, 0.002000000000000006100, -0.1180000000000000500 ) ) ;
#654 = VECTOR ( 'NONE', #2347, 39.37007874015748100 ) ;
#655 = CARTESIAN_POINT ( 'NONE',  ( -0.1265000000000000800, 0.01377952968503938200, -0.1082795296850394100 ) ) ;
#656 = ORIENTED_EDGE ( 'NONE', *, *, #1019, .F. ) ;
#657 = EDGE_CURVE ( 'NONE', #485, #2879, #2071, .T. ) ;
#658 = ORIENTED_EDGE ( 'NONE', *, *, #396, .T. ) ;
#659 = DIRECTION ( 'NONE',  ( 0.0000000000000000000, 0.0000000000000000000, 1.000000000000000000 ) ) ;
#660 = DIRECTION ( 'NONE',  ( -0.0000000000000000000, 1.000000000000000000, -2.170430079712074500E-016 ) ) ;
#661 = ORIENTED_EDGE ( 'NONE', *, *, #2458, .T. ) ;
#662 = DIRECTION ( 'NONE',  ( 1.000000000000000000, 0.0000000000000000000, 0.0000000000000000000 ) ) ;
#663 = DIRECTION ( 'NONE',  ( 0.0000000000000000000, 1.000000000000000000, -0.0000000000000000000 ) ) ;
#664 = AXIS2_PLACEMENT_3D ( 'NONE', #1035, #1977, #565 ) ;
#665 = CIRCLE ( 'NONE', #2820, 0.01377952999999999300 ) ;
#666 = EDGE_LOOP ( 'NONE', ( #172, #1286, #1732, #999 ) ) ;
#667 = EDGE_LOOP ( 'NONE', ( #2286, #2900, #2022, #97 ) ) ;
#668 = DIRECTION ( 'NONE',  ( 1.000000000000000000, 0.0000000000000000000, -1.224646799147353200E-016 ) ) ;
#669 = LINE ( 'NONE', #198, #2480 ) ;
#670 = LINE ( 'NONE', #610, #25 ) ;
#671 =( GEOMETRIC_REPRESENTATION_CONTEXT ( 3 ) GLOBAL_UNCERTAINTY_ASSIGNED_CONTEXT ( ( #1467 ) ) GLOBAL_UNIT_ASSIGNED_CONTEXT ( ( #151, #389, #2037 ) ) REPRESENTATION_CONTEXT ( 'NONE', 'WORKASPACE' ) );
#672 = PLANE ( 'NONE',  #1245 ) ;
#673 = VECTOR ( 'NONE', #2280, 39.37007874015748100 ) ;
#674 = FACE_OUTER_BOUND ( 'NONE', #2438, .T. ) ;
#675 = AXIS2_PLACEMENT_3D ( 'NONE', #2258, #2907, #1233 ) ;
#676 = VERTEX_POINT ( 'NONE', #2975 ) ;
#677 = CARTESIAN_POINT ( 'NONE',  ( -0.2760000000000000200, 0.009842519685039378600, -5.122214988120493500E-017 ) ) ;
#678 = VECTOR ( 'NONE', #580, 39.37007874015748100 ) ;
#679 = CARTESIAN_POINT ( 'NONE',  ( 0.2949999999999999300, 0.002000000000000006100, -0.05900000000000011500 ) ) ;
#680 = VERTEX_POINT ( 'NONE', #1079 ) ;
#681 = DIRECTION ( 'NONE',  ( -1.000000000000000000, 0.0000000000000000000, 1.224646799147353200E-016 ) ) ;
#682 = EDGE_LOOP ( 'NONE', ( #1235, #105, #2677, #176 ) ) ;
#683 = EDGE_CURVE ( 'NONE', #266, #2266, #1379, .T. ) ;
#684 = EDGE_CURVE ( 'NONE', #1726, #257, #739, .T. ) ;
#685 = DIRECTION ( 'NONE',  ( 0.0000000000000000000, 0.0000000000000000000, -1.000000000000000000 ) ) ;
#686 = LINE ( 'NONE', #749, #1325 ) ;
#687 = CARTESIAN_POINT ( 'NONE',  ( 0.1555000000000000300, 0.0000000000000000000, 0.09093494290383939700 ) ) ;
#688 = ORIENTED_EDGE ( 'NONE', *, *, #1218, .F. ) ;
#689 = CARTESIAN_POINT ( 'NONE',  ( 0.2145000000000000000, 0.009842519685039378600, 0.1769999999999998500 ) ) ;
#690 = CARTESIAN_POINT ( 'NONE',  ( -0.1380000000000000100, 0.002000000000000006100, -0.02950000000000005400 ) ) ;
#691 = FACE_OUTER_BOUND ( 'NONE', #168, .T. ) ;
#692 = ORIENTED_EDGE ( 'NONE', *, *, #1441, .T. ) ;
#693 = CARTESIAN_POINT ( 'NONE',  ( -0.2234674087029380800, 0.002000000000000006100, -0.1179999999999999900 ) ) ;
#694 = PRESENTATION_LAYER_ASSIGNMENT (  '', '', ( #527 ) ) ;
#695 = VERTEX_POINT ( 'NONE', #1993 ) ;
#696 = EDGE_LOOP ( 'NONE', ( #225, #2464, #2595, #2379 ) ) ;
#697 = EDGE_CURVE ( 'NONE', #934, #1401, #670, .T. ) ;
#698 = CARTESIAN_POINT ( 'NONE',  ( 0.2949999999999999300, 0.1989999999999999800, -0.1180000000000000600 ) ) ;
#699 = ORIENTED_EDGE ( 'NONE', *, *, #1433, .F. ) ;
#700 = DIMENSIONAL_EXPONENTS ( 1.000000000000000000, 0.0000000000000000000, 0.0000000000000000000, 0.0000000000000000000, 0.0000000000000000000, 0.0000000000000000000, 0.0000000000000000000 ) ;
#701 = FACE_OUTER_BOUND ( 'NONE', #2546, .T. ) ;
#702 = ORIENTED_EDGE ( 'NONE', *, *, #3037, .T. ) ;
#703 = CARTESIAN_POINT ( 'NONE',  ( -0.3690000000010520400, 0.1004999999999999900, -0.09850000000472675100 ) ) ;
#704 = VECTOR ( 'NONE', #1515, 39.37007874015748100 ) ;
#705 = AXIS2_PLACEMENT_3D ( 'NONE', #510, #757, #2413 ) ;
#706 = VECTOR ( 'NONE', #1568, 39.37007874015748100 ) ;
#707 = LINE ( 'NONE', #2906, #782 ) ;
#708 = VECTOR ( 'NONE', #1715, 39.37007874015748100 ) ;
#709 = ORIENTED_EDGE ( 'NONE', *, *, #1841, .T. ) ;
#710 = LINE ( 'NONE', #393, #3086 ) ;
#711 = CARTESIAN_POINT ( 'NONE',  ( -0.1265000000000000800, 0.009842519685039378600, -0.1770000000000000500 ) ) ;
#712 = ORIENTED_EDGE ( 'NONE', *, *, #754, .T. ) ;
#713 = EDGE_CURVE ( 'NONE', #2542, #2582, #1310, .T. ) ;
#714 = ADVANCED_FACE ( 'NONE', ( #2481 ), #333, .T. ) ;
#715 = EDGE_CURVE ( 'NONE', #278, #2058, #593, .T. ) ;
#716 = DIRECTION ( 'NONE',  ( 1.000000000000000000, 0.0000000000000000000, 0.0000000000000000000 ) ) ;
#717 = CARTESIAN_POINT ( 'NONE',  ( 0.3049999999999999400, 0.01500000000000006200, -0.05900000000000011500 ) ) ;
#718 = ORIENTED_EDGE ( 'NONE', *, *, #2504, .F. ) ;
#719 = CLOSED_SHELL ( 'NONE', ( #2870, #498, #1666, #1900, #2925, #1695, #1248, #776, #2605, #303, #1216, #1065, #2160, #1723, #1678, #2211, #2184, #2631, #2645, #1029, #2386, #1945, #2418, #2683, #70, #1972, #10, #2944, #2457, #2132, #474, #1269, #2245, #36, #968, #2668, #80, #52, #1207, #1968, #1911, #2200, #1928, #714, #2436, #252, #2483 ) ) ;
#720 = ORIENTED_EDGE ( 'NONE', *, *, #799, .T. ) ;
#721 = DIRECTION ( 'NONE',  ( 0.0000000000000000000, -0.0000000000000000000, -1.000000000000000000 ) ) ;
#722 = AXIS2_PLACEMENT_3D ( 'NONE', #2774, #2766, #1120 ) ;
#723 = DIRECTION ( 'NONE',  ( -1.224646799147353000E-016, -2.342162472070471100E-016, -1.000000000000000000 ) ) ;
#724 = ADVANCED_FACE ( 'NONE', ( #1227 ), #1742, .T. ) ;
#725 = MANIFOLD_SOLID_BREP ( 'Body-Move/Copy1[5]', #1343 ) ;
#726 = CARTESIAN_POINT ( 'NONE',  ( 0.1380000000000000100, -0.03700000000102462300, -1.019225273659053600E-016 ) ) ;
#727 = ORIENTED_EDGE ( 'NONE', *, *, #1617, .T. ) ;
#728 = ADVANCED_FACE ( 'NONE', ( #2404 ), #1059, .F. ) ;
#729 = LINE ( 'NONE', #2933, #170 ) ;
#730 = EDGE_LOOP ( 'NONE', ( #1629, #1677, #1473, #981, #2567 ) ) ;
#731 = VERTEX_POINT ( 'NONE', #2400 ) ;
#732 = EDGE_CURVE ( 'NONE', #890, #1805, #287, .T. ) ;
#733 = CARTESIAN_POINT ( 'NONE',  ( -0.2760000000000000200, 0.009842519685039378600, 0.1077795296850393200 ) ) ;
#734 = VECTOR ( 'NONE', #1056, 39.37007874015748100 ) ;
#735 = PLANE ( 'NONE',  #943 ) ;
#736 = LINE ( 'NONE', #1145, #1309 ) ;
#737 = EDGE_CURVE ( 'NONE', #1449, #1089, #1845, .T. ) ;
#738 = EDGE_LOOP ( 'NONE', ( #1803, #1899 ) ) ;
#739 = LINE ( 'NONE', #2962, #1912 ) ;
#740 = LINE ( 'NONE', #1806, #2559 ) ;
#741 = LINE ( 'NONE', #936, #247 ) ;
#742 = DIRECTION ( 'NONE',  ( 1.000000000000000000, 4.664029999130967400E-017, -1.224646799147353200E-016 ) ) ;
#743 = ORIENTED_EDGE ( 'NONE', *, *, #947, .T. ) ;
#744 = ADVANCED_FACE ( 'NONE', ( #1484 ), #564, .F. ) ;
#745 = VECTOR ( 'NONE', #2205, 39.37007874015748100 ) ;
#746 = DIRECTION ( 'NONE',  ( -1.000000000000000000, -0.0000000000000000000, 1.224646799147353200E-016 ) ) ;
#747 = ORIENTED_EDGE ( 'NONE', *, *, #2874, .F. ) ;
#748 = DIRECTION ( 'NONE',  ( 0.0000000000000000000, 2.342162472070471100E-016, 1.000000000000000000 ) ) ;
#749 = CARTESIAN_POINT ( 'NONE',  ( 0.2949999999999999300, 0.002000000000000006100, -0.1180000000000000600 ) ) ;
#750 = EDGE_CURVE ( 'NONE', #2956, #500, #211, .T. ) ;
#751 = ORIENTED_EDGE ( 'NONE', *, *, #2156, .T. ) ;
#752 = DIRECTION ( 'NONE',  ( 0.0000000000000000000, -1.000000000000000000, 0.0000000000000000000 ) ) ;
#753 = LINE ( 'NONE', #2148, #40 ) ;
#754 = EDGE_CURVE ( 'NONE', #605, #1688, #2745, .T. ) ;
#755 = DIRECTION ( 'NONE',  ( 0.0000000000000000000, -0.0000000000000000000, -1.000000000000000000 ) ) ;
#756 = CARTESIAN_POINT ( 'NONE',  ( -0.1609999999999999500, 0.01377952755905513700, 0.09399999968503931800 ) ) ;
#757 = DIRECTION ( 'NONE',  ( 0.0000000000000000000, -1.000000000000000000, 0.0000000000000000000 ) ) ;
#758 = CARTESIAN_POINT ( 'NONE',  ( -0.2258959126587038700, 0.009842519685039378600, 0.1038425196850393300 ) ) ;
#759 = CARTESIAN_POINT ( 'NONE',  ( 0.3049999999999999400, 0.01500000000000006200, -0.05900000000000011500 ) ) ;
#760 = ADVANCED_FACE ( 'NONE', ( #140 ), #342, .T. ) ;
#761 = ORIENTED_EDGE ( 'NONE', *, *, #783, .T. ) ;
#762 = CARTESIAN_POINT ( 'NONE',  ( 0.1555000000000000300, 0.01200000000000000200, 0.08699999999999992500 ) ) ;
#763 = VECTOR ( 'NONE', #1819, 39.37007874015748100 ) ;
#764 = DIRECTION ( 'NONE',  ( 1.224646799147353200E-016, -0.0000000000000000000, 1.000000000000000000 ) ) ;
#765 = DIRECTION ( 'NONE',  ( 1.000000000000000000, -7.247340725170475800E-016, -1.224646799147353200E-016 ) ) ;
#766 = DIRECTION ( 'NONE',  ( -0.0000000000000000000, 0.0000000000000000000, 1.000000000000000000 ) ) ;
#767 = ORIENTED_EDGE ( 'NONE', *, *, #90, .T. ) ;
#768 = CARTESIAN_POINT ( 'NONE',  ( -0.08553149606299216600, 0.002000000000000006100, -0.1043425196850394100 ) ) ;
#769 = VERTEX_POINT ( 'NONE', #2004 ) ;
#770 = CARTESIAN_POINT ( 'NONE',  ( 0.3099999999999998300, 1.707404996040164500E-017, -0.05900000000000011500 ) ) ;
#771 = ORIENTED_EDGE ( 'NONE', *, *, #482, .T. ) ;
#772 = CARTESIAN_POINT ( 'NONE',  ( 0.3054788912732190900, 0.01243323522859169200, -0.05900000000000012900 ) ) ;
#773 = EDGE_LOOP ( 'NONE', ( #747, #2939, #2736, #2930, #1754, #1052, #2468, #849 ) ) ;
#774 = LINE ( 'NONE', #2805, #135 ) ;
#775 = ORIENTED_EDGE ( 'NONE', *, *, #1265, .T. ) ;
#776 = ADVANCED_FACE ( 'NONE', ( #2587 ), #1344, .F. ) ;
#777 = VERTEX_POINT ( 'NONE', #2491 ) ;
#778 = VECTOR ( 'NONE', #2682, 39.37007874015748100 ) ;
#779 = LINE ( 'NONE', #2497, #2520 ) ;
#780 = CARTESIAN_POINT ( 'NONE',  ( -0.2760000000000000200, 0.002000000000000006100, -0.1043425196850393900 ) ) ;
#781 = CARTESIAN_POINT ( 'NONE',  ( -0.1924674087029380500, 0.002000000000000006100, -0.1180000000000000600 ) ) ;
#782 = VECTOR ( 'NONE', #1489, 39.37007874015748100 ) ;
#783 = EDGE_CURVE ( 'NONE', #2757, #2659, #1954, .T. ) ;
#784 = DIRECTION ( 'NONE',  ( 0.0000000000000000000, 0.0000000000000000000, 1.000000000000000000 ) ) ;
#785 = DIRECTION ( 'NONE',  ( -1.224646799147353200E-016, 0.0000000000000000000, -1.000000000000000000 ) ) ;
#786 = VECTOR ( 'NONE', #2226, 39.37007874015748100 ) ;
#787 = ORIENTED_EDGE ( 'NONE', *, *, #1143, .F. ) ;
#788 = LINE ( 'NONE', #865, #2041 ) ;
#789 = ORIENTED_EDGE ( 'NONE', *, *, #1091, .F. ) ;
#790 = DIRECTION ( 'NONE',  ( 0.0000000000000000000, 0.0000000000000000000, 1.000000000000000000 ) ) ;
#791 = AXIS2_PLACEMENT_3D ( 'NONE', #1947, #764, #521 ) ;
#792 = AXIS2_PLACEMENT_3D ( 'NONE', #409, #159, #1598 ) ;
#793 = ORIENTED_EDGE ( 'NONE', *, *, #2514, .F. ) ;
#794 = CARTESIAN_POINT ( 'NONE',  ( 0.3099999999999998900, 0.01000000000000003000, -0.05900000000000011500 ) ) ;
#795 =( CONVERSION_BASED_UNIT ( 'INCH', #2889 ) LENGTH_UNIT ( ) NAMED_UNIT ( #2124 ) );
#796 = ADVANCED_FACE ( 'NONE', ( #63 ), #1875, .T. ) ;
#797 = PLANE ( 'NONE',  #2647 ) ;
#798 = VERTEX_POINT ( 'NONE', #125 ) ;
#799 = EDGE_CURVE ( 'NONE', #1083, #3044, #2519, .T. ) ;
#800 = CARTESIAN_POINT ( 'NONE',  ( 0.1555000000000000300, 0.0000000000000000000, 0.1769999999999998500 ) ) ;
#801 = EDGE_CURVE ( 'NONE', #2374, #2151, #2033, .T. ) ;
#802 = DIRECTION ( 'NONE',  ( -1.000000000000000000, 0.0000000000000000000, -0.0000000000000000000 ) ) ;
#803 = ORIENTED_EDGE ( 'NONE', *, *, #1920, .T. ) ;
#804 = ORIENTED_EDGE ( 'NONE', *, *, #1505, .T. ) ;
#805 = DIRECTION ( 'NONE',  ( 0.0000000000000000000, 0.0000000000000000000, -1.000000000000000000 ) ) ;
#806 = CARTESIAN_POINT ( 'NONE',  ( 0.2145000000000000500, 0.009999999999999995000, 0.2958273385765998200 ) ) ;
#807 = ADVANCED_FACE ( 'NONE', ( #635 ), #2949, .F. ) ;
#808 = CARTESIAN_POINT ( 'NONE',  ( -0.1609999999999999800, 0.09351983351084251800, 0.09399999968503931800 ) ) ;
#809 = ORIENTED_EDGE ( 'NONE', *, *, #2824, .T. ) ;
#810 = EDGE_CURVE ( 'NONE', #2896, #1651, #2443, .T. ) ;
#811 = DIRECTION ( 'NONE',  ( 1.224646799147353200E-016, -0.0000000000000000000, 1.000000000000000000 ) ) ;
#812 = DIRECTION ( 'NONE',  ( -0.7071067811865475700, 0.0000000000000000000, 0.7071067811865474600 ) ) ;
#813 = VECTOR ( 'NONE', #555, 39.37007874015748100 ) ;
#814 = EDGE_LOOP ( 'NONE', ( #402, #2743, #1815, #2477 ) ) ;
#815 = AXIS2_PLACEMENT_3D ( 'NONE', #3047, #1628, #190 ) ;
#816 = ORIENTED_EDGE ( 'NONE', *, *, #434, .F. ) ;
#817 = COLOUR_RGB ( '',0.7921568627450980000, 0.8196078431372548800, 0.9333333333333333500 ) ;
#818 = SURFACE_SIDE_STYLE ('',( #1171 ) ) ;
#819 = VECTOR ( 'NONE', #1366, 39.37007874015748100 ) ;
#820 = CARTESIAN_POINT ( 'NONE',  ( -0.1380000000000000100, -0.03699999999878669100, -6.812227570943840900E-017 ) ) ;
#821 = LINE ( 'NONE', #595, #178 ) ;
#822 = CIRCLE ( 'NONE', #630, 0.09850000000000000400 ) ;
#823 = LINE ( 'NONE', #2121, #104 ) ;
#824 = ORIENTED_EDGE ( 'NONE', *, *, #359, .T. ) ;
#825 = VECTOR ( 'NONE', #538, 39.37007874015748100 ) ;
#826 = DIRECTION ( 'NONE',  ( 1.000000000000000000, 0.0000000000000000000, -1.224646799147353200E-016 ) ) ;
#827 = AXIS2_PLACEMENT_3D ( 'NONE', #2694, #1529, #88 ) ;
#828 = VERTEX_POINT ( 'NONE', #2984 ) ;
#829 = PLANE ( 'NONE',  #1919 ) ;
#830 = AXIS2_PLACEMENT_3D ( 'NONE', #1348, #3003, #1584 ) ;
#831 = ORIENTED_EDGE ( 'NONE', *, *, #882, .F. ) ;
#832 = MANIFOLD_SOLID_BREP ( 'Body-Move/Copy1[3]', #911 ) ;
#833 = EDGE_LOOP ( 'NONE', ( #2163, #2134, #1141, #3075 ) ) ;
#834 = CARTESIAN_POINT ( 'NONE',  ( -0.1265000000000000800, -3.149606286627392700E-010, -0.1770000000000000500 ) ) ;
#835 = AXIS2_PLACEMENT_3D ( 'NONE', #1097, #1768, #109 ) ;
#836 = CARTESIAN_POINT ( 'NONE',  ( -0.2380118078134671700, 0.002000000000000006100, 0.1038425196850393400 ) ) ;
#837 = DIRECTION ( 'NONE',  ( 0.0000000000000000000, 1.000000000000000000, 0.0000000000000000000 ) ) ;
#838 = DIRECTION ( 'NONE',  ( 0.0000000000000000000, 1.000000000000000000, -0.0000000000000000000 ) ) ;
#839 = DIRECTION ( 'NONE',  ( 1.000000000000000000, 0.0000000000000000000, -1.224646799147353200E-016 ) ) ;
#840 = ORIENTED_EDGE ( 'NONE', *, *, #3045, .F. ) ;
#841 = EDGE_CURVE ( 'NONE', #2387, #2084, #2822, .T. ) ;
#842 = LINE ( 'NONE', #2250, #2641 ) ;
#843 = CARTESIAN_POINT ( 'NONE',  ( -0.2760000000000000200, 0.002000000000000006100, -0.1179999999999999900 ) ) ;
#844 = EDGE_CURVE ( 'NONE', #1516, #2667, #1196, .T. ) ;
#845 = DIRECTION ( 'NONE',  ( -0.0000000000000000000, 0.0000000000000000000, 1.000000000000000000 ) ) ;
#846 = MECHANICAL_DESIGN_GEOMETRIC_PRESENTATION_REPRESENTATION (  '', ( #351 ), #1005 ) ;
#847 = DIRECTION ( 'NONE',  ( 1.224646799147353200E-016, 0.0000000000000000000, 1.000000000000000000 ) ) ;
#848 = EDGE_LOOP ( 'NONE', ( #692, #935, #55, #162 ) ) ;
#849 = ORIENTED_EDGE ( 'NONE', *, *, #2268, .T. ) ;
#850 =( NAMED_UNIT ( * ) SI_UNIT ( $, .STERADIAN. ) SOLID_ANGLE_UNIT ( ) );
#851 = ORIENTED_EDGE ( 'NONE', *, *, #1175, .F. ) ;
#852 = AXIS2_PLACEMENT_3D ( 'NONE', #2307, #2060, #1827 ) ;
#853 = ORIENTED_EDGE ( 'NONE', *, *, #2715, .T. ) ;
#854 = FACE_OUTER_BOUND ( 'NONE', #1099, .T. ) ;
#855 = CARTESIAN_POINT ( 'NONE',  ( -0.1609999999999999500, 0.009842519685039378600, -5.122214988120493500E-017 ) ) ;
#856 = ORIENTED_EDGE ( 'NONE', *, *, #906, .F. ) ;
#857 = CARTESIAN_POINT ( 'NONE',  ( -0.2380118078134671700, 0.09351983351084250400, 0.09399999968503933200 ) ) ;
#858 = CARTESIAN_POINT ( 'NONE',  ( 0.3049999999999999400, 0.01500000000000004500, 0.01999999999999987600 ) ) ;
#859 = ORIENTED_EDGE ( 'NONE', *, *, #1728, .F. ) ;
#860 = VECTOR ( 'NONE', #1045, 39.37007874015748100 ) ;
#861 = VECTOR ( 'NONE', #590, 39.37007874015748100 ) ;
#862 = CARTESIAN_POINT ( 'NONE',  ( -0.1999999999999999600, 0.009842519685039378600, 0.1769999999999999100 ) ) ;
#863 = MECHANICAL_DESIGN_GEOMETRIC_PRESENTATION_REPRESENTATION (  '', ( #527 ), #1015 ) ;
#864 = VECTOR ( 'NONE', #982, 39.37007874015748100 ) ;
#865 = CARTESIAN_POINT ( 'NONE',  ( -0.1609999999999999500, 0.01377952968503938200, 0.09399999968503931800 ) ) ;
#866 = VECTOR ( 'NONE', #2162, 39.37007874015748100 ) ;
#867 = VERTEX_POINT ( 'NONE', #511 ) ;
#868 = DIRECTION ( 'NONE',  ( 0.0000000000000000000, 0.0000000000000000000, 1.000000000000000000 ) ) ;
#869 = PLANE ( 'NONE',  #1487 ) ;
#870 = LINE ( 'NONE', #598, #2669 ) ;
#871 = EDGE_CURVE ( 'NONE', #1970, #1663, #291, .T. ) ;
#872 = ORIENTED_EDGE ( 'NONE', *, *, #1430, .F. ) ;
#873 = DIRECTION ( 'NONE',  ( 0.0000000000000000000, 1.000000000000000000, 0.0000000000000000000 ) ) ;
#874 = CARTESIAN_POINT ( 'NONE',  ( -0.1609999999999999500, 0.01377952968503938200, 0.1077795296850393200 ) ) ;
#875 = EDGE_CURVE ( 'NONE', #3013, #324, #1575, .T. ) ;
#876 = DIRECTION ( 'NONE',  ( 1.000000000000000000, 0.0000000000000000000, -1.224646799147353200E-016 ) ) ;
#877 = CARTESIAN_POINT ( 'NONE',  ( -0.2760000000000000200, 0.0000000000000000000, -0.1769999999999999900 ) ) ;
#878 = CARTESIAN_POINT ( 'NONE',  ( -0.1924674087029380500, 0.002000000000000006100, -0.09450000000000004200 ) ) ;
#879 = ORIENTED_EDGE ( 'NONE', *, *, #871, .F. ) ;
#880 = CARTESIAN_POINT ( 'NONE',  ( -0.1924674087029380500, 0.009842519685039378600, -0.1769999999999999900 ) ) ;
#881 = DIRECTION ( 'NONE',  ( -1.224646799147353200E-016, 0.0000000000000000000, -1.000000000000000000 ) ) ;
#882 = EDGE_CURVE ( 'NONE', #2729, #1328, #2110, .T. ) ;
#883 = DIRECTION ( 'NONE',  ( 1.000000000000000000, -0.0000000000000000000, 0.0000000000000000000 ) ) ;
#884 = ORIENTED_EDGE ( 'NONE', *, *, #428, .T. ) ;
#885 = DIRECTION ( 'NONE',  ( 1.224646799147353200E-016, -0.0000000000000000000, 1.000000000000000000 ) ) ;
#886 = ORIENTED_EDGE ( 'NONE', *, *, #468, .T. ) ;
#887 = PLANE ( 'NONE',  #522 ) ;
#888 = DIRECTION ( 'NONE',  ( 0.0000000000000000000, -1.000000000000000000, 2.170430079712074500E-016 ) ) ;
#889 = DIRECTION ( 'NONE',  ( 1.000000000000000000, 0.0000000000000000000, -1.224646799147353200E-016 ) ) ;
#890 = VERTEX_POINT ( 'NONE', #1722 ) ;
#891 = AXIS2_PLACEMENT_3D ( 'NONE', #2518, #1119, #2764 ) ;
#892 = DIRECTION ( 'NONE',  ( 0.0000000000000000000, 0.0000000000000000000, 1.000000000000000000 ) ) ;
#893 = FACE_OUTER_BOUND ( 'NONE', #848, .T. ) ;
#894 = ORIENTED_EDGE ( 'NONE', *, *, #359, .F. ) ;
#895 = EDGE_LOOP ( 'NONE', ( #1734, #1090, #2654, #1503 ) ) ;
#896 = VECTOR ( 'NONE', #1030, 39.37007874015748100 ) ;
#897 = AXIS2_PLACEMENT_3D ( 'NONE', #1313, #2718, #1071 ) ;
#898 = VECTOR ( 'NONE', #1808, 39.37007874015748100 ) ;
#899 = DIRECTION ( 'NONE',  ( -0.0000000000000000000, -1.000000000000000000, 2.342162472070471100E-016 ) ) ;
#900 = LINE ( 'NONE', #381, #245 ) ;
#901 = LINE ( 'NONE', #2396, #2709 ) ;
#902 = LINE ( 'NONE', #2811, #1534 ) ;
#903 = DIRECTION ( 'NONE',  ( 0.0000000000000000000, 1.000000000000000000, 0.0000000000000000000 ) ) ;
#904 = ORIENTED_EDGE ( 'NONE', *, *, #92, .F. ) ;
#905 = VECTOR ( 'NONE', #526, 39.37007874015748100 ) ;
#906 = EDGE_CURVE ( 'NONE', #2879, #485, #1491, .T. ) ;
#907 = CARTESIAN_POINT ( 'NONE',  ( 0.1555000000000000300, 0.002000000000000006100, 0.08699999999999995200 ) ) ;
#908 = EDGE_CURVE ( 'NONE', #1336, #2713, #377, .T. ) ;
#909 = CARTESIAN_POINT ( 'NONE',  ( -0.1999999999999999600, 0.009842519685039378600, 0.1769999999999999100 ) ) ;
#910 = ORIENTED_EDGE ( 'NONE', *, *, #2342, .F. ) ;
#911 = CLOSED_SHELL ( 'NONE', ( #265, #2375, #1712, #2440, #1014, #724, #2196, #744, #1978, #1287, #1735, #1443, #2908, #1457 ) ) ;
#912 = DIRECTION ( 'NONE',  ( 1.000000000000000000, -0.0000000000000000000, -1.224646799147353000E-016 ) ) ;
#913 = DIRECTION ( 'NONE',  ( -1.000000000000000000, 0.0000000000000000000, 1.224646799147353200E-016 ) ) ;
#914 = EDGE_CURVE ( 'NONE', #1906, #433, #217, .T. ) ;
#915 = CARTESIAN_POINT ( 'NONE',  ( -0.2258959126587038700, 0.1856826890632744300, 0.1038425196850393400 ) ) ;
#916 = LINE ( 'NONE', #1560, #269 ) ;
#917 = CARTESIAN_POINT ( 'NONE',  ( -0.1999999999999999600, 0.009842519685039378600, 0.1769999999999999100 ) ) ;
#918 = EDGE_CURVE ( 'NONE', #3091, #1463, #2666, .T. ) ;
#919 = DIRECTION ( 'NONE',  ( 1.224646799147353200E-016, 0.0000000000000000000, 1.000000000000000000 ) ) ;
#920 = EDGE_LOOP ( 'NONE', ( #1953, #1562, #1016, #158 ) ) ;
#921 = ORIENTED_EDGE ( 'NONE', *, *, #316, .T. ) ;
#922 = DIRECTION ( 'NONE',  ( -1.852595588326593700E-016, 1.000000000000000000, 0.0000000000000000000 ) ) ;
#923 = AXIS2_PLACEMENT_3D ( 'NONE', #3042, #161, #1837 ) ;
#924 = UNCERTAINTY_MEASURE_WITH_UNIT (LENGTH_MEASURE( 1.000000000000000100E-005 ), #2712, 'distance_accuracy_value', 'NONE');
#925 = EDGE_LOOP ( 'NONE', ( #859, #2168, #2904, #1427 ) ) ;
#926 = ORIENTED_EDGE ( 'NONE', *, *, #316, .F. ) ;
#927 = VECTOR ( 'NONE', #463, 39.37007874015748100 ) ;
#928 = VERTEX_POINT ( 'NONE', #1107 ) ;
#929 = VERTEX_POINT ( 'NONE', #608 ) ;
#930 = VECTOR ( 'NONE', #1057, 39.37007874015748100 ) ;
#931 = DIRECTION ( 'NONE',  ( -1.224646799147353200E-016, 0.0000000000000000000, -1.000000000000000000 ) ) ;
#932 = VECTOR ( 'NONE', #2867, 39.37007874015748100 ) ;
#933 = VECTOR ( 'NONE', #766, 39.37007874015748100 ) ;
#934 = VERTEX_POINT ( 'NONE', #2755 ) ;
#935 = ORIENTED_EDGE ( 'NONE', *, *, #260, .T. ) ;
#936 = CARTESIAN_POINT ( 'NONE',  ( -0.04650000000000003400, 0.1004999999999999800, -0.1043425196850394400 ) ) ;
#937 = DIRECTION ( 'NONE',  ( -0.0000000000000000000, 0.0000000000000000000, 1.000000000000000000 ) ) ;
#938 = EDGE_LOOP ( 'NONE', ( #459, #2883, #1170, #395, #1858, #2116, #1331, #2579 ) ) ;
#939 = EDGE_CURVE ( 'NONE', #1758, #1401, #1958, .T. ) ;
#940 = CARTESIAN_POINT ( 'NONE',  ( -0.1265000000000000800, 0.01377952968503938200, -0.09449999968503941500 ) ) ;
#941 = LINE ( 'NONE', #431, #2285 ) ;
#942 = ORIENTED_EDGE ( 'NONE', *, *, #1646, .F. ) ;
#943 = AXIS2_PLACEMENT_3D ( 'NONE', #2389, #23, #1693 ) ;
#944 = DIMENSIONAL_EXPONENTS ( 1.000000000000000000, 0.0000000000000000000, 0.0000000000000000000, 0.0000000000000000000, 0.0000000000000000000, 0.0000000000000000000, 0.0000000000000000000 ) ;
#945 = EDGE_LOOP ( 'NONE', ( #2398, #2495, #1024, #3058 ) ) ;
#946 = DIRECTION ( 'NONE',  ( 0.0000000000000000000, 1.000000000000000000, 0.0000000000000000000 ) ) ;
#947 = EDGE_CURVE ( 'NONE', #695, #433, #1352, .T. ) ;
#948 = DIRECTION ( 'NONE',  ( 1.000000000000000000, 0.0000000000000000000, 1.669259973802079600E-016 ) ) ;
#949 = ORIENTED_EDGE ( 'NONE', *, *, #473, .T. ) ;
#950 = CARTESIAN_POINT ( 'NONE',  ( -0.2760000000000000200, 0.1989999999999999800, -0.1180000000000000600 ) ) ;
#951 = EDGE_CURVE ( 'NONE', #611, #2809, #145, .T. ) ;
#952 = APPLICATION_CONTEXT ( 'automotive_design' ) ;
#953 = VECTOR ( 'NONE', #1511, 39.37007874015748100 ) ;
#954 = VERTEX_POINT ( 'NONE', #299 ) ;
#955 = ORIENTED_EDGE ( 'NONE', *, *, #1879, .F. ) ;
#956 = DIRECTION ( 'NONE',  ( -1.224646799147353200E-016, 0.0000000000000000000, -1.000000000000000000 ) ) ;
#957 = LINE ( 'NONE', #1289, #2783 ) ;
#958 = LINE ( 'NONE', #2269, #2138 ) ;
#959 = ADVANCED_FACE ( 'NONE', ( #1413 ), #2449, .F. ) ;
#960 = LINE ( 'NONE', #2042, #1046 ) ;
#961 = VECTOR ( 'NONE', #2892, 39.37007874015748100 ) ;
#962 = VECTOR ( 'NONE', #1851, 39.37007874015748100 ) ;
#963 = CARTESIAN_POINT ( 'NONE',  ( -0.2760000000000000200, 0.01377952968503938200, -0.09449999968503938800 ) ) ;
#964 = CARTESIAN_POINT ( 'NONE',  ( -0.1610000000000000000, 0.1990000000000000400, 0.09399999999999994500 ) ) ;
#965 = VERTEX_POINT ( 'NONE', #2202 ) ;
#966 = EDGE_CURVE ( 'NONE', #2582, #1449, #68, .T. ) ;
#967 = LINE ( 'NONE', #1258, #2714 ) ;
#968 = ADVANCED_FACE ( 'NONE', ( #1278 ), #1201, .T. ) ;
#969 = AXIS2_PLACEMENT_3D ( 'NONE', #1373, #663, #2318 ) ;
#970 = DIRECTION ( 'NONE',  ( 0.0000000000000000000, 0.0000000000000000000, 1.000000000000000000 ) ) ;
#971 = VERTEX_POINT ( 'NONE', #2272 ) ;
#972 = ORIENTED_EDGE ( 'NONE', *, *, #1383, .F. ) ;
#973 = CARTESIAN_POINT ( 'NONE',  ( -0.08750000000000002200, 0.01393700787401573800, -0.1043425196850394100 ) ) ;
#974 = ADVANCED_FACE ( 'NONE', ( #1881 ), #2894, .F. ) ;
#975 = STYLED_ITEM ( 'NONE', ( #515 ), #1914 ) ;
#976 = PRESENTATION_STYLE_ASSIGNMENT (( #2848 ) ) ;
#977 = DIRECTION ( 'NONE',  ( -1.000000000000000000, 0.0000000000000000000, 1.224646799147353200E-016 ) ) ;
#978 = ORIENTED_EDGE ( 'NONE', *, *, #1265, .F. ) ;
#979 = AXIS2_PLACEMENT_3D ( 'NONE', #3016, #1595, #156 ) ;
#980 = CARTESIAN_POINT ( 'NONE',  ( 0.1380000000000000100, -0.03700000000102462300, -1.019225273659053600E-016 ) ) ;
#981 = ORIENTED_EDGE ( 'NONE', *, *, #1134, .F. ) ;
#982 = DIRECTION ( 'NONE',  ( -1.000000000000000000, -2.658010249892526800E-032, 5.769025398549748400E-048 ) ) ;
#983 = PRESENTATION_LAYER_ASSIGNMENT (  '', '', ( #351 ) ) ;
#984 = CARTESIAN_POINT ( 'NONE',  ( 0.3739999999999998900, 0.009842519685039378600, -1.308241918257828800E-016 ) ) ;
#985 = CARTESIAN_POINT ( 'NONE',  ( -0.1609999999999999500, 0.01377952755905513700, 0.1038425196850393300 ) ) ;
#986 = ORIENTED_EDGE ( 'NONE', *, *, #35, .F. ) ;
#987 = EDGE_LOOP ( 'NONE', ( #771, #2323, #1830, #2240 ) ) ;
#988 = ADVANCED_FACE ( 'NONE', ( #557 ), #2938, .F. ) ;
#989 = CARTESIAN_POINT ( 'NONE',  ( 0.3100000000000000000, 0.0000000000000000000, -0.05900000000000011500 ) ) ;
#990 = VERTEX_POINT ( 'NONE', #83 ) ;
#991 = ORIENTED_EDGE ( 'NONE', *, *, #939, .F. ) ;
#992 = EDGE_CURVE ( 'NONE', #584, #676, #642, .T. ) ;
#993 = DIRECTION ( 'NONE',  ( 0.0000000000000000000, 1.000000000000000000, 0.0000000000000000000 ) ) ;
#994 = DIRECTION ( 'NONE',  ( 1.000000000000000000, -0.0000000000000000000, -1.224646799147353000E-016 ) ) ;
#995 = FACE_OUTER_BOUND ( 'NONE', #1762, .T. ) ;
#996 = CARTESIAN_POINT ( 'NONE',  ( 0.3739999999999998900, 0.0000000000000000000, -0.05900000000000013600 ) ) ;
#997 = LINE ( 'NONE', #1421, #369 ) ;
#998 = EDGE_CURVE ( 'NONE', #1603, #384, #2451, .T. ) ;
#999 = ORIENTED_EDGE ( 'NONE', *, *, #2123, .T. ) ;
#1000 = EDGE_LOOP ( 'NONE', ( #2173, #2782, #2552, #2635, #2352 ) ) ;
#1001 = CONICAL_SURFACE ( 'NONE', #2369, 0.07600000000192321000, 0.7853981633974482800 ) ;
#1002 = CARTESIAN_POINT ( 'NONE',  ( -0.2459999999999999400, 0.002000000000000006100, 0.1179999999999999000 ) ) ;
#1003 = VECTOR ( 'NONE', #1438, 39.37007874015748100 ) ;
#1004 = CARTESIAN_POINT ( 'NONE',  ( -0.2760000000000000200, 0.009842519685039378600, -5.122214988120493500E-017 ) ) ;
#1005 =( GEOMETRIC_REPRESENTATION_CONTEXT ( 3 ) GLOBAL_UNCERTAINTY_ASSIGNED_CONTEXT ( ( #2014 ) ) GLOBAL_UNIT_ASSIGNED_CONTEXT ( ( #2024, #618, #271 ) ) REPRESENTATION_CONTEXT ( 'NONE', 'WORKASPACE' ) );
#1006 = ORIENTED_EDGE ( 'NONE', *, *, #1350, .F. ) ;
#1007 = DIRECTION ( 'NONE',  ( -1.000000000000000000, 2.868321774504153700E-032, 1.224646799147353000E-016 ) ) ;
#1008 = DIRECTION ( 'NONE',  ( -0.0000000000000000000, -0.0000000000000000000, -1.000000000000000000 ) ) ;
#1009 = ORIENTED_EDGE ( 'NONE', *, *, #1843, .T. ) ;
#1010 = PLANE ( 'NONE',  #1355 ) ;
#1011 = DIRECTION ( 'NONE',  ( 0.0000000000000000000, 0.0000000000000000000, 1.000000000000000000 ) ) ;
#1012 = DIRECTION ( 'NONE',  ( -1.000000000000000000, -0.0000000000000000000, -0.0000000000000000000 ) ) ;
#1013 = VERTEX_POINT ( 'NONE', #543 ) ;
#1014 = ADVANCED_FACE ( 'NONE', ( #1741 ), #1963, .T. ) ;
#1015 =( GEOMETRIC_REPRESENTATION_CONTEXT ( 3 ) GLOBAL_UNCERTAINTY_ASSIGNED_CONTEXT ( ( #1251 ) ) GLOBAL_UNIT_ASSIGNED_CONTEXT ( ( #385, #2029, #623 ) ) REPRESENTATION_CONTEXT ( 'NONE', 'WORKASPACE' ) );
#1016 = ORIENTED_EDGE ( 'NONE', *, *, #1586, .T. ) ;
#1017 = CARTESIAN_POINT ( 'NONE',  ( 0.3086285522168927800, 0.009942857445403319500, -0.05900000000000011500 ) ) ;
#1018 = VECTOR ( 'NONE', #1492, 39.37007874015748100 ) ;
#1019 = EDGE_CURVE ( 'NONE', #2348, #568, #1132, .T. ) ;
#1020 = CARTESIAN_POINT ( 'NONE',  ( -0.08750000000000002200, 0.01377952968503938200, -0.09449999968503940100 ) ) ;
#1021 = EDGE_CURVE ( 'NONE', #568, #1707, #476, .T. ) ;
#1022 = CARTESIAN_POINT ( 'NONE',  ( -0.04650000000000003400, 0.1477973147807136700, -0.1043425196850394800 ) ) ;
#1023 = DIRECTION ( 'NONE',  ( 0.0000000000000000000, -0.0000000000000000000, -1.000000000000000000 ) ) ;
#1024 = ORIENTED_EDGE ( 'NONE', *, *, #2019, .F. ) ;
#1025 = AXIS2_PLACEMENT_3D ( 'NONE', #2642, #765, #2422 ) ;
#1026 = DIRECTION ( 'NONE',  ( 1.000000000000000000, 0.0000000000000000000, -1.224646799147353200E-016 ) ) ;
#1027 = CARTESIAN_POINT ( 'NONE',  ( -0.2380118078134671700, 0.002000000000000006100, 0.09399999968503931800 ) ) ;
#1028 = EDGE_LOOP ( 'NONE', ( #2886, #955, #171, #2798 ) ) ;
#1029 = ADVANCED_FACE ( 'NONE', ( #1817 ), #295, .F. ) ;
#1030 = DIRECTION ( 'NONE',  ( -1.000000000000000000, -0.0000000000000000000, -0.0000000000000000000 ) ) ;
#1031 = EDGE_CURVE ( 'NONE', #1036, #680, #413, .T. ) ;
#1032 = ADVANCED_FACE ( 'NONE', ( #2218 ), #1252, .T. ) ;
#1033 = DIRECTION ( 'NONE',  ( 0.0000000000000000000, 1.000000000000000000, -0.0000000000000000000 ) ) ;
#1034 =( NAMED_UNIT ( * ) PLANE_ANGLE_UNIT ( ) SI_UNIT ( $, .RADIAN. ) );
#1035 = CARTESIAN_POINT ( 'NONE',  ( -0.2760000000000000200, 0.009842519685039378600, -5.122214988120493500E-017 ) ) ;
#1036 = VERTEX_POINT ( 'NONE', #1486 ) ;
#1037 = CARTESIAN_POINT ( 'NONE',  ( 0.2949999999999999300, 0.1990000000000000400, 0.1179999999999998400 ) ) ;
#1038 = LINE ( 'NONE', #1931, #2843 ) ;
#1039 = ORIENTED_EDGE ( 'NONE', *, *, #134, .T. ) ;
#1040 = FACE_OUTER_BOUND ( 'NONE', #1702, .T. ) ;
#1041 = CARTESIAN_POINT ( 'NONE',  ( -0.1924674087029380500, 0.009999999999999995000, -0.1180000000000000100 ) ) ;
#1042 = DIRECTION ( 'NONE',  ( 1.224646799147353200E-016, 0.0000000000000000000, 1.000000000000000000 ) ) ;
#1043 = VECTOR ( 'NONE', #2982, 39.37007874015748100 ) ;
#1044 = PLANE ( 'NONE',  #236 ) ;
#1045 = DIRECTION ( 'NONE',  ( -0.0000000000000000000, -2.170430079712074500E-016, -1.000000000000000000 ) ) ;
#1046 = VECTOR ( 'NONE', #392, 39.37007874015748100 ) ;
#1047 = FACE_OUTER_BOUND ( 'NONE', #3071, .T. ) ;
#1048 = DIRECTION ( 'NONE',  ( 1.224646799147353200E-016, -0.0000000000000000000, 1.000000000000000000 ) ) ;
#1049 = ADVANCED_FACE ( 'NONE', ( #1047 ), #332, .F. ) ;
#1050 = FACE_OUTER_BOUND ( 'NONE', #62, .T. ) ;
#1051 = DIRECTION ( 'NONE',  ( 1.000000000000000000, 0.0000000000000000000, 0.0000000000000000000 ) ) ;
#1052 = ORIENTED_EDGE ( 'NONE', *, *, #783, .F. ) ;
#1053 = CARTESIAN_POINT ( 'NONE',  ( -0.2760000000000000200, 0.002000000000000006100, -0.1179999999999999900 ) ) ;
#1054 = LINE ( 'NONE', #2899, #905 ) ;
#1055 = AXIS2_PLACEMENT_3D ( 'NONE', #2753, #137, #1799 ) ;
#1056 = DIRECTION ( 'NONE',  ( 1.000000000000000000, 0.0000000000000000000, 0.0000000000000000000 ) ) ;
#1057 = DIRECTION ( 'NONE',  ( 0.0000000000000000000, 1.000000000000000000, 0.0000000000000000000 ) ) ;
#1058 = DIRECTION ( 'NONE',  ( -0.0000000000000000000, 0.0000000000000000000, -1.000000000000000000 ) ) ;
#1059 = PLANE ( 'NONE',  #2625 ) ;
#1060 = ORIENTED_EDGE ( 'NONE', *, *, #2636, .T. ) ;
#1061 = ORIENTED_EDGE ( 'NONE', *, *, #1327, .T. ) ;
#1062 =( LENGTH_UNIT ( ) NAMED_UNIT ( * ) SI_UNIT ( $, .METRE. ) );
#1063 = DIRECTION ( 'NONE',  ( 0.0000000000000000000, 0.0000000000000000000, 1.000000000000000000 ) ) ;
#1064 = LINE ( 'NONE', #230, #2235 ) ;
#1065 = ADVANCED_FACE ( 'NONE', ( #1611 ), #1468, .T. ) ;
#1066 = ORIENTED_EDGE ( 'NONE', *, *, #841, .T. ) ;
#1067 = EDGE_CURVE ( 'NONE', #581, #2569, #2851, .T. ) ;
#1068 = EDGE_CURVE ( 'NONE', #1874, #2879, #2788, .T. ) ;
#1069 = CARTESIAN_POINT ( 'NONE',  ( -0.1610000000000000000, 0.002000000000000006100, 0.1179999999999998700 ) ) ;
#1070 = ORIENTED_EDGE ( 'NONE', *, *, #2603, .T. ) ;
#1071 = DIRECTION ( 'NONE',  ( 0.0000000000000000000, 0.0000000000000000000, 1.000000000000000000 ) ) ;
#1072 = ORIENTED_EDGE ( 'NONE', *, *, #1804, .F. ) ;
#1073 = DIRECTION ( 'NONE',  ( 0.0000000000000000000, -0.0000000000000000000, -1.000000000000000000 ) ) ;
#1074 = CARTESIAN_POINT ( 'NONE',  ( 0.3100000000000000000, 0.01500000000000004500, 0.01999999999999987900 ) ) ;
#1075 = ORIENTED_EDGE ( 'NONE', *, *, #2322, .T. ) ;
#1076 = ORIENTED_EDGE ( 'NONE', *, *, #396, .F. ) ;
#1077 = EDGE_CURVE ( 'NONE', #954, #2835, #1673, .T. ) ;
#1078 = CARTESIAN_POINT ( 'NONE',  ( -0.2460000000000000000, 0.002000000000000006100, -0.1180000000000000600 ) ) ;
#1079 = CARTESIAN_POINT ( 'NONE',  ( 0.2145000000000000000, 0.009842519685039378600, 0.09093494290383939700 ) ) ;
#1080 = VECTOR ( 'NONE', #1559, 39.37007874015748100 ) ;
#1081 = ORIENTED_EDGE ( 'NONE', *, *, #2061, .T. ) ;
#1082 = AXIS2_PLACEMENT_3D ( 'NONE', #2630, #752, #2408 ) ;
#1083 = VERTEX_POINT ( 'NONE', #2634 ) ;
#1084 = CIRCLE ( 'NONE', #979, 0.09350000000249851500 ) ;
#1085 = DIRECTION ( 'NONE',  ( -1.000000000000000000, 0.0000000000000000000, 1.224646799147353200E-016 ) ) ;
#1086 = LINE ( 'NONE', #2581, #1641 ) ;
#1087 = CARTESIAN_POINT ( 'NONE',  ( 0.1380000000000000100, 0.002000000000000006100, -1.019225273659053600E-016 ) ) ;
#1088 = DIRECTION ( 'NONE',  ( 0.0000000000000000000, -1.000000000000000000, 0.0000000000000000000 ) ) ;
#1089 = VERTEX_POINT ( 'NONE', #1230 ) ;
#1090 = ORIENTED_EDGE ( 'NONE', *, *, #231, .F. ) ;
#1091 = EDGE_CURVE ( 'NONE', #1521, #1405, #2140, .T. ) ;
#1092 = FACE_OUTER_BOUND ( 'NONE', #773, .T. ) ;
#1093 = LINE ( 'NONE', #12, #2262 ) ;
#1094 = DIRECTION ( 'NONE',  ( 1.224646799147353200E-016, 0.0000000000000000000, 1.000000000000000000 ) ) ;
#1095 = EDGE_LOOP ( 'NONE', ( #1976, #1493, #2026, #1898 ) ) ;
#1096 = DIRECTION ( 'NONE',  ( -1.224646799147353000E-016, 0.0000000000000000000, -1.000000000000000000 ) ) ;
#1097 = CARTESIAN_POINT ( 'NONE',  ( -0.2760000000000000200, 0.009842519685039378600, -5.122214988120493500E-017 ) ) ;
#1098 = CARTESIAN_POINT ( 'NONE',  ( 0.1555000000000000300, 0.009999999999999995000, 0.08699999999999992500 ) ) ;
#1099 = EDGE_LOOP ( 'NONE', ( #2332, #1066, #1202, #972 ) ) ;
#1100 = CARTESIAN_POINT ( 'NONE',  ( 0.3100000000000000000, 0.009921259842519713700, -0.05900000000000012900 ) ) ;
#1101 = ORIENTED_EDGE ( 'NONE', *, *, #2049, .F. ) ;
#1102 = APPLICATION_PROTOCOL_DEFINITION ( 'draft international standard', 'automotive_design', 1998, #1333 ) ;
#1103 = ORIENTED_EDGE ( 'NONE', *, *, #2239, .F. ) ;
#1104 = PLANE ( 'NONE',  #2206 ) ;
#1105 = DIRECTION ( 'NONE',  ( -0.0000000000000000000, -0.0000000000000000000, -1.000000000000000000 ) ) ;
#1106 = DIRECTION ( 'NONE',  ( 1.224646799147353200E-016, -0.0000000000000000000, 1.000000000000000000 ) ) ;
#1107 = CARTESIAN_POINT ( 'NONE',  ( -0.2760000000000000200, 0.1005000000000000100, 0.07099999999999993800 ) ) ;
#1108 = LINE ( 'NONE', #1362, #2831 ) ;
#1109 = CARTESIAN_POINT ( 'NONE',  ( -0.08553149606299216600, 0.1004999999999999800, -0.1043425196850394200 ) ) ;
#1110 = DIRECTION ( 'NONE',  ( -1.224646799147353200E-016, 0.0000000000000000000, -1.000000000000000000 ) ) ;
#1111 = CARTESIAN_POINT ( 'NONE',  ( 0.2949999999999999300, 0.1639764880291706400, -0.1180000000000000500 ) ) ;
#1112 = ORIENTED_EDGE ( 'NONE', *, *, #1218, .T. ) ;
#1113 = CARTESIAN_POINT ( 'NONE',  ( 0.2949999999999999300, 0.002000000000000006100, 0.01999999999999987200 ) ) ;
#1114 = CARTESIAN_POINT ( 'NONE',  ( 0.1380000000000000100, -0.03200000000245875600, 0.02949999999956586000 ) ) ;
#1115 = EDGE_CURVE ( 'NONE', #1714, #2963, #901, .T. ) ;
#1116 = CIRCLE ( 'NONE', #1649, 0.02450000000150603900 ) ;
#1117 = DIRECTION ( 'NONE',  ( 0.0000000000000000000, 1.000000000000000000, 0.0000000000000000000 ) ) ;
#1118 = ORIENTED_EDGE ( 'NONE', *, *, #267, .F. ) ;
#1119 = DIRECTION ( 'NONE',  ( -1.000000000000000000, -0.0000000000000000000, 1.224646799147353200E-016 ) ) ;
#1120 = DIRECTION ( 'NONE',  ( -1.000000000000000000, 0.0000000000000000000, 1.224646799147353200E-016 ) ) ;
#1121 = AXIS2_PLACEMENT_3D ( 'NONE', #277, #42, #1934 ) ;
#1122 = ORIENTED_EDGE ( 'NONE', *, *, #1031, .F. ) ;
#1123 = CARTESIAN_POINT ( 'NONE',  ( -0.1380000000000000100, -0.03699999999999999100, -6.812227570943840900E-017 ) ) ;
#1124 = CARTESIAN_POINT ( 'NONE',  ( 0.1555000000000000300, 0.009999999999999995000, 0.09093494290383939700 ) ) ;
#1125 = CARTESIAN_POINT ( 'NONE',  ( -0.3740000000000000000, 0.1005000000000000100, 0.07099999999999995200 ) ) ;
#1126 = VECTOR ( 'NONE', #1214, 39.37007874015748100 ) ;
#1127 = ORIENTED_EDGE ( 'NONE', *, *, #1115, .F. ) ;
#1128 = VECTOR ( 'NONE', #294, 39.37007874015748100 ) ;
#1129 = LINE ( 'NONE', #376, #1043 ) ;
#1130 = VECTOR ( 'NONE', #1369, 39.37007874015748100 ) ;
#1131 = CARTESIAN_POINT ( 'NONE',  ( -0.2459999999999999400, 0.1990000000000000400, 0.1179999999999999000 ) ) ;
#1132 = LINE ( 'NONE', #1263, #3021 ) ;
#1133 = VECTOR ( 'NONE', #3026, 39.37007874015748100 ) ;
#1134 = EDGE_CURVE ( 'NONE', #643, #1603, #822, .T. ) ;
#1135 = VERTEX_POINT ( 'NONE', #2152 ) ;
#1136 = CARTESIAN_POINT ( 'NONE',  ( -0.2760000000000000200, 0.01377952968503938200, 0.1077795296850393400 ) ) ;
#1137 = EDGE_CURVE ( 'NONE', #1431, #2729, #1992, .T. ) ;
#1138 = CARTESIAN_POINT ( 'NONE',  ( -0.1610000000000000000, 0.1990000000000000400, 0.1179999999999998700 ) ) ;
#1139 = CARTESIAN_POINT ( 'NONE',  ( -0.1265000000000000300, 0.1989999999999999800, -0.1179999999999999700 ) ) ;
#1140 = CARTESIAN_POINT ( 'NONE',  ( -0.04149999999999998800, -0.03700000000000000500, -0.09450000000000004200 ) ) ;
#1141 = ORIENTED_EDGE ( 'NONE', *, *, #2201, .F. ) ;
#1142 = ORIENTED_EDGE ( 'NONE', *, *, #1961, .F. ) ;
#1143 = EDGE_CURVE ( 'NONE', #1576, #2348, #2073, .T. ) ;
#1144 = PLANE ( 'NONE',  #2310 ) ;
#1145 = CARTESIAN_POINT ( 'NONE',  ( -0.1924674087029380500, 0.009842519685039378600, -5.122214988120493500E-017 ) ) ;
#1146 = LINE ( 'NONE', #711, #1757 ) ;
#1147 = AXIS2_PLACEMENT_3D ( 'NONE', #1844, #1387, #2086 ) ;
#1148 = ORIENTED_EDGE ( 'NONE', *, *, #649, .F. ) ;
#1149 = DIRECTION ( 'NONE',  ( 0.0000000000000000000, -0.0000000000000000000, 1.000000000000000000 ) ) ;
#1150 = DIRECTION ( 'NONE',  ( -7.005654268042080100E-020, 0.0000000000000000000, -1.000000000000000000 ) ) ;
#1151 = DIRECTION ( 'NONE',  ( -0.0000000000000000000, -1.000000000000000000, -0.0000000000000000000 ) ) ;
#1152 = ORIENTED_EDGE ( 'NONE', *, *, #2770, .F. ) ;
#1153 = DIRECTION ( 'NONE',  ( -0.0000000000000000000, -1.000000000000000000, -0.0000000000000000000 ) ) ;
#1154 = CARTESIAN_POINT ( 'NONE',  ( -0.08750000000000003600, -3.149606286627392700E-010, -0.1082795296850394100 ) ) ;
#1155 = PRESENTATION_LAYER_ASSIGNMENT (  '', '', ( #975 ) ) ;
#1156 = PLANE ( 'NONE',  #2054 ) ;
#1157 = ORIENTED_EDGE ( 'NONE', *, *, #3002, .F. ) ;
#1158 = AXIS2_PLACEMENT_3D ( 'NONE', #1022, #546, #2703 ) ;
#1159 = CARTESIAN_POINT ( 'NONE',  ( -0.1802582504062935400, 0.1856826890632744300, 0.09399999968503931800 ) ) ;
#1160 = ORIENTED_EDGE ( 'NONE', *, *, #2636, .F. ) ;
#1161 = VERTEX_POINT ( 'NONE', #398 ) ;
#1162 = FACE_OUTER_BOUND ( 'NONE', #3073, .T. ) ;
#1163 = DIRECTION ( 'NONE',  ( 0.0000000000000000000, -0.0000000000000000000, -1.000000000000000000 ) ) ;
#1164 = ORIENTED_EDGE ( 'NONE', *, *, #684, .T. ) ;
#1165 = ORIENTED_EDGE ( 'NONE', *, *, #2488, .F. ) ;
#1166 = SURFACE_STYLE_FILL_AREA ( #343 ) ;
#1167 = FACE_OUTER_BOUND ( 'NONE', #1680, .T. ) ;
#1168 = CYLINDRICAL_SURFACE ( 'NONE', #57, 0.004999999999999997500 ) ;
#1169 = CARTESIAN_POINT ( 'NONE',  ( 0.2949999999999999300, 0.1989999999999999800, -0.09450000000000009800 ) ) ;
#1170 = ORIENTED_EDGE ( 'NONE', *, *, #1474, .F. ) ;
#1171 = SURFACE_STYLE_FILL_AREA ( #2228 ) ;
#1172 = CARTESIAN_POINT ( 'NONE',  ( 0.1555000000000000300, 0.002000000000000006100, 0.1179999999999998400 ) ) ;
#1173 = ORIENTED_EDGE ( 'NONE', *, *, #588, .T. ) ;
#1174 = EDGE_CURVE ( 'NONE', #2655, #1558, #740, .T. ) ;
#1175 = EDGE_CURVE ( 'NONE', #2409, #2151, #2621, .T. ) ;
#1176 = PLANE ( 'NONE',  #2081 ) ;
#1177 = ORIENTED_EDGE ( 'NONE', *, *, #2002, .T. ) ;
#1178 = AXIS2_PLACEMENT_3D ( 'NONE', #138, #994, #1011 ) ;
#1179 = LINE ( 'NONE', #44, #1719 ) ;
#1180 = DIRECTION ( 'NONE',  ( -1.000000000000000000, 0.0000000000000000000, 1.224646799147353000E-016 ) ) ;
#1181 = AXIS2_PLACEMENT_3D ( 'NONE', #1593, #633, #881 ) ;
#1182 = CARTESIAN_POINT ( 'NONE',  ( 0.2144999999999999100, 0.009999999999999995000, 0.2958273385765998200 ) ) ;
#1183 = CARTESIAN_POINT ( 'NONE',  ( -0.1265000000000000800, 0.01377952968503938200, -0.1043425196850394100 ) ) ;
#1184 = ORIENTED_EDGE ( 'NONE', *, *, #1920, .F. ) ;
#1185 = VECTOR ( 'NONE', #2277, 39.37007874015748100 ) ;
#1186 = ORIENTED_EDGE ( 'NONE', *, *, #3037, .F. ) ;
#1187 = EDGE_CURVE ( 'NONE', #929, #266, #103, .T. ) ;
#1188 = EDGE_CURVE ( 'NONE', #798, #1437, #1312, .T. ) ;
#1189 = ORIENTED_EDGE ( 'NONE', *, *, #53, .T. ) ;
#1190 = DIRECTION ( 'NONE',  ( 1.000000000000000000, 0.0000000000000000000, -1.224646799147353200E-016 ) ) ;
#1191 = AXIS2_PLACEMENT_3D ( 'NONE', #2675, #1266, #2916 ) ;
#1192 = ORIENTED_EDGE ( 'NONE', *, *, #2220, .F. ) ;
#1193 = FACE_OUTER_BOUND ( 'NONE', #370, .T. ) ;
#1194 = ORIENTED_EDGE ( 'NONE', *, *, #423, .T. ) ;
#1195 = ORIENTED_EDGE ( 'NONE', *, *, #2382, .T. ) ;
#1196 = CIRCLE ( 'NONE', #1178, 0.01377953000000001000 ) ;
#1197 = VECTOR ( 'NONE', #3007, 39.37007874015748100 ) ;
#1198 = EDGE_CURVE ( 'NONE', #954, #2374, #1913, .T. ) ;
#1199 = VECTOR ( 'NONE', #2726, 39.37007874015748100 ) ;
#1200 = LINE ( 'NONE', #1139, #475 ) ;
#1201 = CYLINDRICAL_SURFACE ( 'NONE', #2275, 0.02949999999999998500 ) ;
#1202 = ORIENTED_EDGE ( 'NONE', *, *, #588, .F. ) ;
#1203 = LINE ( 'NONE', #2536, #2371 ) ;
#1204 = ORIENTED_EDGE ( 'NONE', *, *, #2061, .F. ) ;
#1205 = CARTESIAN_POINT ( 'NONE',  ( 0.1380000000000000100, 0.002000000000000006100, 0.02949999999999988400 ) ) ;
#1206 = SURFACE_SIDE_STYLE ('',( #489 ) ) ;
#1207 = ADVANCED_FACE ( 'NONE', ( #594 ), #3004, .F. ) ;
#1208 = AXIS2_PLACEMENT_3D ( 'NONE', #403, #2530, #888 ) ;
#1209 = EDGE_LOOP ( 'NONE', ( #1979, #1060 ) ) ;
#1210 = AXIS2_PLACEMENT_3D ( 'NONE', #980, #2632, #1229 ) ;
#1211 = VECTOR ( 'NONE', #937, 39.37007874015748100 ) ;
#1212 = ORIENTED_EDGE ( 'NONE', *, *, #1396, .F. ) ;
#1213 = EDGE_LOOP ( 'NONE', ( #1081, #1177, #2769, #445, #2814, #622, #148, #541, #658, #1581, #727 ) ) ;
#1214 = DIRECTION ( 'NONE',  ( -1.000000000000000000, -0.0000000000000000000, 1.224646799147353200E-016 ) ) ;
#1215 = ORIENTED_EDGE ( 'NONE', *, *, #224, .F. ) ;
#1216 = ADVANCED_FACE ( 'NONE', ( #1846 ), #1104, .F. ) ;
#1217 = DIRECTION ( 'NONE',  ( 1.000000000000000000, 0.0000000000000000000, -1.224646799147353200E-016 ) ) ;
#1218 = EDGE_CURVE ( 'NONE', #1698, #2399, #1778, .T. ) ;
#1219 = ORIENTED_EDGE ( 'NONE', *, *, #2488, .T. ) ;
#1220 = DIRECTION ( 'NONE',  ( 0.0000000000000000000, 0.0000000000000000000, 1.000000000000000000 ) ) ;
#1221 = EDGE_CURVE ( 'NONE', #1335, #1620, #2405, .T. ) ;
#1222 = VECTOR ( 'NONE', #89, 39.37007874015748100 ) ;
#1223 = VERTEX_POINT ( 'NONE', #1796 ) ;
#1224 = EDGE_LOOP ( 'NONE', ( #629, #2972 ) ) ;
#1225 = VECTOR ( 'NONE', #2800, 39.37007874015748100 ) ;
#1226 = EDGE_LOOP ( 'NONE', ( #2207, #1322, #1839, #2135 ) ) ;
#1227 = FACE_OUTER_BOUND ( 'NONE', #2719, .T. ) ;
#1228 = VECTOR ( 'NONE', #883, 39.37007874015748100 ) ;
#1229 = DIRECTION ( 'NONE',  ( 0.0000000000000000000, 0.0000000000000000000, 1.000000000000000000 ) ) ;
#1230 = CARTESIAN_POINT ( 'NONE',  ( 0.3099999999999998300, 1.280553747030123400E-017, -1.234119383710794500E-016 ) ) ;
#1231 = LINE ( 'NONE', #3, #508 ) ;
#1232 = CARTESIAN_POINT ( 'NONE',  ( -0.1802582504062935400, 0.1856826890632744300, 0.1038425196850393300 ) ) ;
#1233 = DIRECTION ( 'NONE',  ( 1.000000000000000000, 0.0000000000000000000, 0.0000000000000000000 ) ) ;
#1234 = CARTESIAN_POINT ( 'NONE',  ( -0.2019685039370078500, 0.01377952755905513700, 0.1038425196850393300 ) ) ;
#1235 = ORIENTED_EDGE ( 'NONE', *, *, #2088, .T. ) ;
#1236 = ADVANCED_FACE ( 'NONE', ( #1167 ), #2763, .F. ) ;
#1237 = CONICAL_SURFACE ( 'NONE', #493, 0.09850000000106434700, 0.7853981636212411500 ) ;
#1238 = ORIENTED_EDGE ( 'NONE', *, *, #2297, .T. ) ;
#1239 = EDGE_CURVE ( 'NONE', #1780, #2270, #26, .T. ) ;
#1240 = CARTESIAN_POINT ( 'NONE',  ( -0.1999999999999999800, 0.01377952968503938200, 0.1077795296850393200 ) ) ;
#1241 = CARTESIAN_POINT ( 'NONE',  ( -0.2760000000000000200, 0.002000000000000006100, -0.1179999999999999900 ) ) ;
#1242 = ORIENTED_EDGE ( 'NONE', *, *, #1198, .F. ) ;
#1243 = DIRECTION ( 'NONE',  ( 0.0000000000000000000, -1.000000000000000000, 0.0000000000000000000 ) ) ;
#1244 = DIRECTION ( 'NONE',  ( 0.0000000000000000000, -0.0000000000000000000, -1.000000000000000000 ) ) ;
#1245 = AXIS2_PLACEMENT_3D ( 'NONE', #426, #1380, #913 ) ;
#1246 = LINE ( 'NONE', #1234, #2419 ) ;
#1247 = CARTESIAN_POINT ( 'NONE',  ( 0.3049999999999999400, 0.01500000000000006200, -0.05900000000000011500 ) ) ;
#1248 = ADVANCED_FACE ( 'NONE', ( #2335 ), #1001, .F. ) ;
#1249 = EDGE_LOOP ( 'NONE', ( #3065, #942, #2337, #991 ) ) ;
#1250 = DIRECTION ( 'NONE',  ( 1.000000000000000000, -3.741219229409563900E-016, 0.0000000000000000000 ) ) ;
#1251 = UNCERTAINTY_MEASURE_WITH_UNIT (LENGTH_MEASURE( 1.000000000000000100E-005 ), #385, 'distance_accuracy_value', 'NONE');
#1252 = PLANE ( 'NONE',  #791 ) ;
#1253 = LINE ( 'NONE', #1633, #1659 ) ;
#1254 = CARTESIAN_POINT ( 'NONE',  ( 0.2949999999999999300, 0.1990000000000000400, 0.1179999999999998300 ) ) ;
#1255 = CARTESIAN_POINT ( 'NONE',  ( -0.2460000000000000000, 0.002000000000000006100, 0.09399999999999995900 ) ) ;
#1256 = ORIENTED_EDGE ( 'NONE', *, *, #603, .F. ) ;
#1257 = CARTESIAN_POINT ( 'NONE',  ( -0.3689999999980006500, 0.1004999999999999900, -0.07099999999888154100 ) ) ;
#1258 = CARTESIAN_POINT ( 'NONE',  ( -0.08750000000000006400, 0.009842519685039378600, -5.122214988120493500E-017 ) ) ;
#1259 = CARTESIAN_POINT ( 'NONE',  ( -0.1265000000000000800, 0.009842519685039378600, -0.1770000000000000500 ) ) ;
#1260 = ORIENTED_EDGE ( 'NONE', *, *, #1896, .T. ) ;
#1261 = ORIENTED_EDGE ( 'NONE', *, *, #2001, .F. ) ;
#1262 = DIRECTION ( 'NONE',  ( -1.000000000000000000, -2.658010249892526800E-032, 5.769025398549748400E-048 ) ) ;
#1263 = CARTESIAN_POINT ( 'NONE',  ( -0.1924674087029380500, 0.009999999999999995000, -0.09450000000000004200 ) ) ;
#1264 = VERTEX_POINT ( 'NONE', #194 ) ;
#1265 = EDGE_CURVE ( 'NONE', #483, #1521, #2890, .T. ) ;
#1266 = DIRECTION ( 'NONE',  ( 0.0000000000000000000, 1.000000000000000000, 0.0000000000000000000 ) ) ;
#1267 = VECTOR ( 'NONE', #8, 39.37007874015748100 ) ;
#1268 = ORIENTED_EDGE ( 'NONE', *, *, #363, .T. ) ;
#1269 = ADVANCED_FACE ( 'NONE', ( #1644 ), #1522, .F. ) ;
#1270 = VECTOR ( 'NONE', #785, 39.37007874015748100 ) ;
#1271 = FACE_OUTER_BOUND ( 'NONE', #1226, .T. ) ;
#1272 = CARTESIAN_POINT ( 'NONE',  ( -0.2234674087029380500, 0.002000000000000011800, -0.09450000000000002800 ) ) ;
#1273 = FACE_OUTER_BOUND ( 'NONE', #895, .T. ) ;
#1274 = DIRECTION ( 'NONE',  ( 1.000000000000000000, 0.0000000000000000000, 0.0000000000000000000 ) ) ;
#1275 = ADVANCED_FACE ( 'NONE', ( #1708 ), #1044, .T. ) ;
#1276 = FACE_OUTER_BOUND ( 'NONE', #241, .T. ) ;
#1277 = AXIS2_PLACEMENT_3D ( 'NONE', #1241, #2420, #2411 ) ;
#1278 = FACE_OUTER_BOUND ( 'NONE', #920, .T. ) ;
#1279 = ORIENTED_EDGE ( 'NONE', *, *, #2444, .T. ) ;
#1280 = VECTOR ( 'NONE', #2524, 39.37007874015748100 ) ;
#1281 = AXIS2_PLACEMENT_3D ( 'NONE', #259, #2626, #1220 ) ;
#1282 = EDGE_LOOP ( 'NONE', ( #2057, #1745, #921, #427 ) ) ;
#1283 =( LENGTH_UNIT ( ) NAMED_UNIT ( * ) SI_UNIT ( $, .METRE. ) );
#1284 = DIRECTION ( 'NONE',  ( -1.224646799147353200E-016, 0.0000000000000000000, -1.000000000000000000 ) ) ;
#1285 = DIRECTION ( 'NONE',  ( 0.0000000000000000000, -0.0000000000000000000, -1.000000000000000000 ) ) ;
#1286 = ORIENTED_EDGE ( 'NONE', *, *, #1505, .F. ) ;
#1287 = ADVANCED_FACE ( 'NONE', ( #1092 ), #2948, .F. ) ;
#1288 = EDGE_CURVE ( 'NONE', #769, #2232, #2176, .T. ) ;
#1289 = CARTESIAN_POINT ( 'NONE',  ( -0.1380000000000000100, -0.03699999999999999100, 0.02949999999999991900 ) ) ;
#1290 = CARTESIAN_POINT ( 'NONE',  ( -0.1802582504062935400, 0.09351983351084251800, 0.1038425196850393300 ) ) ;
#1291 = EDGE_CURVE ( 'NONE', #257, #2842, #2819, .T. ) ;
#1292 = DIRECTION ( 'NONE',  ( 0.0000000000000000000, 1.000000000000000000, 0.0000000000000000000 ) ) ;
#1293 = FILL_AREA_STYLE ('',( #2917 ) ) ;
#1294 = LINE ( 'NONE', #2813, #654 ) ;
#1295 = FILL_AREA_STYLE_COLOUR ( '', #3053 ) ;
#1296 = ORIENTED_EDGE ( 'NONE', *, *, #428, .F. ) ;
#1297 = CARTESIAN_POINT ( 'NONE',  ( 0.1555000000000000300, 0.009842519685039378600, 0.09093494290383939700 ) ) ;
#1298 = CARTESIAN_POINT ( 'NONE',  ( -0.04650000000000003400, 0.002000000000000008300, -0.09449999968503941500 ) ) ;
#1299 = ORIENTED_EDGE ( 'NONE', *, *, #1021, .F. ) ;
#1300 = ORIENTED_EDGE ( 'NONE', *, *, #1974, .T. ) ;
#1301 = FILL_AREA_STYLE ('',( #2465 ) ) ;
#1302 = EDGE_CURVE ( 'NONE', #2542, #1083, #372, .T. ) ;
#1303 = CARTESIAN_POINT ( 'NONE',  ( -0.3740000000000000000, 0.1004999999999999900, -3.922061124956087000E-017 ) ) ;
#1304 =( NAMED_UNIT ( * ) PLANE_ANGLE_UNIT ( ) SI_UNIT ( $, .RADIAN. ) );
#1305 = VERTEX_POINT ( 'NONE', #341 ) ;
#1306 = VECTOR ( 'NONE', #2696, 39.37007874015748100 ) ;
#1307 = CLOSED_SHELL ( 'NONE', ( #2921, #2613, #2141, #2840, #1032, #959 ) ) ;
#1308 = PRESENTATION_STYLE_ASSIGNMENT (( #1535 ) ) ;
#1309 = VECTOR ( 'NONE', #2065, 39.37007874015748100 ) ;
#1310 = LINE ( 'NONE', #2475, #102 ) ;
#1311 = MECHANICAL_DESIGN_GEOMETRIC_PRESENTATION_REPRESENTATION (  '', ( #975 ), #1453 ) ;
#1312 = LINE ( 'NONE', #1114, #2482 ) ;
#1313 = CARTESIAN_POINT ( 'NONE',  ( 0.1380000000000000100, 0.002000000000000006100, -1.019225273659053600E-016 ) ) ;
#1314 = VECTOR ( 'NONE', #461, 39.37007874015748100 ) ;
#1315 = VERTEX_POINT ( 'NONE', #2716 ) ;
#1316 = DIRECTION ( 'NONE',  ( 1.000000000000000000, 0.0000000000000000000, 0.0000000000000000000 ) ) ;
#1317 = COLOUR_RGB ( '',0.7921568627450980000, 0.8196078431372548800, 0.9333333333333333500 ) ;
#1318 = ORIENTED_EDGE ( 'NONE', *, *, #2406, .T. ) ;
#1319 = PLANE ( 'NONE',  #1975 ) ;
#1320 = DIRECTION ( 'NONE',  ( -1.224646799147353200E-016, 0.0000000000000000000, -1.000000000000000000 ) ) ;
#1321 = CARTESIAN_POINT ( 'NONE',  ( 0.2949999999999999300, 0.01499999999999999400, -0.1180000000000000500 ) ) ;
#1322 = ORIENTED_EDGE ( 'NONE', *, *, #509, .T. ) ;
#1323 = DIRECTION ( 'NONE',  ( 0.0000000000000000000, 1.000000000000000000, 0.0000000000000000000 ) ) ;
#1324 = DIRECTION ( 'NONE',  ( 0.0000000000000000000, 0.0000000000000000000, 1.000000000000000000 ) ) ;
#1325 = VECTOR ( 'NONE', #2155, 39.37007874015748100 ) ;
#1326 = EDGE_CURVE ( 'NONE', #2080, #296, #288, .T. ) ;
#1327 = EDGE_CURVE ( 'NONE', #81, #3091, #2746, .T. ) ;
#1328 = VERTEX_POINT ( 'NONE', #352 ) ;
#1329 = CARTESIAN_POINT ( 'NONE',  ( -0.2019685039370078500, 0.002000000000000006100, 0.1038425196850393300 ) ) ;
#1330 = VECTOR ( 'NONE', #648, 39.37007874015748100 ) ;
#1331 = ORIENTED_EDGE ( 'NONE', *, *, #1935, .F. ) ;
#1332 = AXIS2_PLACEMENT_3D ( 'NONE', #78, #2878, #317 ) ;
#1333 = APPLICATION_CONTEXT ( 'automotive_design' ) ;
#1334 = AXIS2_PLACEMENT_3D ( 'NONE', #2045, #3001, #394 ) ;
#1335 = VERTEX_POINT ( 'NONE', #836 ) ;
#1336 = VERTEX_POINT ( 'NONE', #2727 ) ;
#1337 = CARTESIAN_POINT ( 'NONE',  ( 0.2949999999999999300, 0.002000000000000006100, -0.1180000000000000500 ) ) ;
#1338 = DIRECTION ( 'NONE',  ( -1.224646799147353200E-016, -0.0000000000000000000, -1.000000000000000000 ) ) ;
#1339 = ORIENTED_EDGE ( 'NONE', *, *, #844, .T. ) ;
#1340 = ORIENTED_EDGE ( 'NONE', *, *, #106, .F. ) ;
#1341 = LINE ( 'NONE', #196, #2915 ) ;
#1342 = ORIENTED_EDGE ( 'NONE', *, *, #1608, .F. ) ;
#1343 = CLOSED_SHELL ( 'NONE', ( #540, #6, #796, #1275, #319, #807, #17, #760, #286, #2674, #537, #1049 ) ) ;
#1344 = CYLINDRICAL_SURFACE ( 'NONE', #497, 0.07099999999999999400 ) ;
#1345 = EDGE_CURVE ( 'NONE', #1335, #777, #2663, .T. ) ;
#1346 = LINE ( 'NONE', #2983, #64 ) ;
#1347 = FACE_OUTER_BOUND ( 'NONE', #2357, .T. ) ;
#1348 = CARTESIAN_POINT ( 'NONE',  ( -0.3689999999980006500, 0.1004999999999999900, -3.983293464937940000E-017 ) ) ;
#1349 = DIRECTION ( 'NONE',  ( -1.000000000000000000, 0.0000000000000000000, 1.224646799147353200E-016 ) ) ;
#1350 = EDGE_CURVE ( 'NONE', #581, #1651, #2107, .T. ) ;
#1351 = CARTESIAN_POINT ( 'NONE',  ( 0.1555000000000000300, 0.005084837814784357200, 0.09093494290383939700 ) ) ;
#1352 = LINE ( 'NONE', #2467, #708 ) ;
#1353 = ORIENTED_EDGE ( 'NONE', *, *, #1358, .F. ) ;
#1354 = FACE_OUTER_BOUND ( 'NONE', #2378, .T. ) ;
#1355 = AXIS2_PLACEMENT_3D ( 'NONE', #1254, #298, #1950 ) ;
#1356 = VERTEX_POINT ( 'NONE', #364 ) ;
#1357 = CARTESIAN_POINT ( 'NONE',  ( -0.1610000000000000000, 0.1990000000000000400, 0.1179999999999998700 ) ) ;
#1358 = EDGE_CURVE ( 'NONE', #1463, #1798, #141, .T. ) ;
#1359 = VERTEX_POINT ( 'NONE', #607 ) ;
#1360 = DIRECTION ( 'NONE',  ( 0.0000000000000000000, 0.0000000000000000000, 1.000000000000000000 ) ) ;
#1361 = DIRECTION ( 'NONE',  ( 1.000000000000000000, 0.0000000000000000000, -1.224646799147353200E-016 ) ) ;
#1362 = CARTESIAN_POINT ( 'NONE',  ( -0.3740000000000000000, 0.1004999999999999900, -0.07100000000000003500 ) ) ;
#1363 = DIRECTION ( 'NONE',  ( -1.000000000000000000, 0.0000000000000000000, -0.0000000000000000000 ) ) ;
#1364 = EDGE_LOOP ( 'NONE', ( #114, #1339, #153, #3034, #709, #2312, #492, #2222 ) ) ;
#1365 = DIRECTION ( 'NONE',  ( 1.000000000000000000, 0.0000000000000000000, 0.0000000000000000000 ) ) ;
#1366 = DIRECTION ( 'NONE',  ( -0.0000000000000000000, -1.000000000000000000, 0.0000000000000000000 ) ) ;
#1367 = AXIS2_PLACEMENT_3D ( 'NONE', #2547, #2308, #1607 ) ;
#1368 = VERTEX_POINT ( 'NONE', #2257 ) ;
#1369 = DIRECTION ( 'NONE',  ( 0.0000000000000000000, 2.170430079712074500E-016, 1.000000000000000000 ) ) ;
#1370 = ORIENTED_EDGE ( 'NONE', *, *, #875, .F. ) ;
#1371 = AXIS2_PLACEMENT_3D ( 'NONE', #2227, #318, #2928 ) ;
#1372 = PLANE ( 'NONE',  #1980 ) ;
#1373 = CARTESIAN_POINT ( 'NONE',  ( 0.2949999999999999300, 0.01200000000000000200, 0.1179999999999998400 ) ) ;
#1374 = FACE_OUTER_BOUND ( 'NONE', #1537, .T. ) ;
#1375 = ORIENTED_EDGE ( 'NONE', *, *, #473, .F. ) ;
#1376 = ORIENTED_EDGE ( 'NONE', *, *, #908, .T. ) ;
#1377 = CIRCLE ( 'NONE', #830, 0.07099999999888148600 ) ;
#1378 = LINE ( 'NONE', #2779, #819 ) ;
#1379 = CIRCLE ( 'NONE', #897, 0.02949999999999998500 ) ;
#1380 = DIRECTION ( 'NONE',  ( -1.224646799147353200E-016, 0.0000000000000000000, -1.000000000000000000 ) ) ;
#1381 = VECTOR ( 'NONE', #149, 39.37007874015748100 ) ;
#1382 = FACE_BOUND ( 'NONE', #2094, .T. ) ;
#1383 = EDGE_CURVE ( 'NONE', #1925, #388, #1955, .T. ) ;
#1384 = ORIENTED_EDGE ( 'NONE', *, *, #2382, .F. ) ;
#1385 = EDGE_CURVE ( 'NONE', #2032, #3040, #1485, .T. ) ;
#1386 = VECTOR ( 'NONE', #553, 39.37007874015748100 ) ;
#1387 = DIRECTION ( 'NONE',  ( 1.000000000000000000, 0.0000000000000000000, 0.0000000000000000000 ) ) ;
#1388 = UNCERTAINTY_MEASURE_WITH_UNIT (LENGTH_MEASURE( 1.000000000000000100E-005 ), #795, 'distance_accuracy_value', 'NONE');
#1389 = ORIENTED_EDGE ( 'NONE', *, *, #2504, .T. ) ;
#1390 = DIRECTION ( 'NONE',  ( -1.000000000000000000, -2.658010249892526800E-032, 5.769025398549748400E-048 ) ) ;
#1391 = EDGE_LOOP ( 'NONE', ( #3068, #824, #1871, #1591, #2981, #1472 ) ) ;
#1392 = DIRECTION ( 'NONE',  ( -0.0000000000000000000, -1.000000000000000000, -0.0000000000000000000 ) ) ;
#1393 = PLANE ( 'NONE',  #1622 ) ;
#1394 = AXIS2_PLACEMENT_3D ( 'NONE', #1710, #1464, #39 ) ;
#1395 = DIRECTION ( 'NONE',  ( 1.000000000000000000, -0.0000000000000000000, -1.224646799147353200E-016 ) ) ;
#1396 = EDGE_CURVE ( 'NONE', #2046, #2773, #779, .T. ) ;
#1397 = DIRECTION ( 'NONE',  ( 0.0000000000000000000, 0.0000000000000000000, 1.000000000000000000 ) ) ;
#1398 = DIRECTION ( 'NONE',  ( -0.0000000000000000000, -1.000000000000000000, -0.0000000000000000000 ) ) ;
#1399 = VECTOR ( 'NONE', #1775, 39.37007874015748100 ) ;
#1400 = CARTESIAN_POINT ( 'NONE',  ( -0.2760000000000000200, 0.0000000000000000000, -5.122214988120493500E-017 ) ) ;
#1401 = VERTEX_POINT ( 'NONE', #617 ) ;
#1402 = VERTEX_POINT ( 'NONE', #857 ) ;
#1403 = CARTESIAN_POINT ( 'NONE',  ( -0.2234674087029380800, 0.009999999999999995000, -0.09450000000000004200 ) ) ;
#1404 = ORIENTED_EDGE ( 'NONE', *, *, #2971, .F. ) ;
#1405 = VERTEX_POINT ( 'NONE', #2271 ) ;
#1406 = CONICAL_SURFACE ( 'NONE', #1367, 0.02949999999559604200, 0.7853981633974482800 ) ;
#1407 = LENGTH_MEASURE_WITH_UNIT ( LENGTH_MEASURE( 0.02539999999999999900 ), #1669 );
#1408 = ORIENTED_EDGE ( 'NONE', *, *, #1646, .T. ) ;
#1409 = CARTESIAN_POINT ( 'NONE',  ( -0.1265000000000000800, 0.009842519685039378600, -0.1082795296850394100 ) ) ;
#1410 = VECTOR ( 'NONE', #1058, 39.37007874015748100 ) ;
#1411 = VECTOR ( 'NONE', #117, 39.37007874015748100 ) ;
#1412 = LINE ( 'NONE', #2877, #143 ) ;
#1413 = FACE_OUTER_BOUND ( 'NONE', #529, .T. ) ;
#1414 = ORIENTED_EDGE ( 'NONE', *, *, #2355, .F. ) ;
#1415 = FACE_OUTER_BOUND ( 'NONE', #1783, .T. ) ;
#1416 = DIRECTION ( 'NONE',  ( -1.000000000000000000, 0.0000000000000000000, 1.224646799147353200E-016 ) ) ;
#1417 = CARTESIAN_POINT ( 'NONE',  ( -0.2234674087029380500, 0.009842519685039378600, -0.09450000000000002800 ) ) ;
#1418 = ORIENTED_EDGE ( 'NONE', *, *, #3018, .F. ) ;
#1419 = EDGE_CURVE ( 'NONE', #205, #971, #1346, .T. ) ;
#1420 = DIMENSIONAL_EXPONENTS ( 1.000000000000000000, 0.0000000000000000000, 0.0000000000000000000, 0.0000000000000000000, 0.0000000000000000000, 0.0000000000000000000, 0.0000000000000000000 ) ;
#1421 = CARTESIAN_POINT ( 'NONE',  ( -0.2258959126587038700, 0.1856826890632744500, 0.1038425196850393300 ) ) ;
#1422 = ORIENTED_EDGE ( 'NONE', *, *, #578, .T. ) ;
#1423 = AXIS2_PLACEMENT_3D ( 'NONE', #874, #1349, #375 ) ;
#1424 = CARTESIAN_POINT ( 'NONE',  ( 0.1555000000000000300, 0.005084837814784357200, 0.09093494290383939700 ) ) ;
#1425 = AXIS2_PLACEMENT_3D ( 'NONE', #2401, #272, #1927 ) ;
#1426 = SURFACE_SIDE_STYLE ('',( #1566 ) ) ;
#1427 = ORIENTED_EDGE ( 'NONE', *, *, #2175, .T. ) ;
#1428 = ADVANCED_FACE ( 'NONE', ( #1877 ), #2993, .F. ) ;
#1429 = ORIENTED_EDGE ( 'NONE', *, *, #1860, .T. ) ;
#1430 = EDGE_CURVE ( 'NONE', #619, #928, #3081, .T. ) ;
#1431 = VERTEX_POINT ( 'NONE', #1788 ) ;
#1432 =( LENGTH_UNIT ( ) NAMED_UNIT ( * ) SI_UNIT ( $, .METRE. ) );
#1433 = EDGE_CURVE ( 'NONE', #2513, #2773, #1813, .T. ) ;
#1434 = PLANE ( 'NONE',  #263 ) ;
#1435 = EDGE_LOOP ( 'NONE', ( #1148, #2526, #1681, #122 ) ) ;
#1436 = LINE ( 'NONE', #1746, #95 ) ;
#1437 = VERTEX_POINT ( 'NONE', #2040 ) ;
#1438 = DIRECTION ( 'NONE',  ( -1.000000000000000000, 2.868321774504153700E-032, 1.224646799147353000E-016 ) ) ;
#1439 = VECTOR ( 'NONE', #1973, 39.37007874015748100 ) ;
#1440 = DIRECTION ( 'NONE',  ( 0.0000000000000000000, 2.170430079712074500E-016, 1.000000000000000000 ) ) ;
#1441 = EDGE_CURVE ( 'NONE', #798, #69, #636, .T. ) ;
#1442 = LINE ( 'NONE', #2291, #174 ) ;
#1443 = ADVANCED_FACE ( 'NONE', ( #552 ), #1736, .T. ) ;
#1444 = LINE ( 'NONE', #2985, #1991 ) ;
#1445 = VECTOR ( 'NONE', #746, 39.37007874015748100 ) ;
#1446 = AXIS2_PLACEMENT_3D ( 'NONE', #3072, #1652, #220 ) ;
#1447 = FACE_OUTER_BOUND ( 'NONE', #2251, .T. ) ;
#1448 = PLANE ( 'NONE',  #596 ) ;
#1449 = VERTEX_POINT ( 'NONE', #1699 ) ;
#1450 = LINE ( 'NONE', #2919, #745 ) ;
#1451 = ORIENTED_EDGE ( 'NONE', *, *, #1822, .T. ) ;
#1452 = DIRECTION ( 'NONE',  ( 0.0000000000000000000, 1.000000000000000000, -0.0000000000000000000 ) ) ;
#1453 =( GEOMETRIC_REPRESENTATION_CONTEXT ( 3 ) GLOBAL_UNCERTAINTY_ASSIGNED_CONTEXT ( ( #924 ) ) GLOBAL_UNIT_ASSIGNED_CONTEXT ( ( #2712, #1304, #2954 ) ) REPRESENTATION_CONTEXT ( 'NONE', 'WORKASPACE' ) );
#1454 = ORIENTED_EDGE ( 'NONE', *, *, #2100, .T. ) ;
#1455 = ORIENTED_EDGE ( 'NONE', *, *, #2076, .F. ) ;
#1456 = DIRECTION ( 'NONE',  ( -0.0000000000000000000, -1.000000000000000000, -0.0000000000000000000 ) ) ;
#1457 = ADVANCED_FACE ( 'NONE', ( #1271 ), #30, .T. ) ;
#1458 = AXIS2_PLACEMENT_3D ( 'NONE', #1123, #873, #1360 ) ;
#1459 = DIRECTION ( 'NONE',  ( 0.0000000000000000000, 0.0000000000000000000, 1.000000000000000000 ) ) ;
#1460 = DIRECTION ( 'NONE',  ( -1.224646799147353200E-016, 0.0000000000000000000, -1.000000000000000000 ) ) ;
#1461 = CARTESIAN_POINT ( 'NONE',  ( -0.1265000000000000800, 0.01377952968503938200, -0.1082795296850394100 ) ) ;
#1462 = DIRECTION ( 'NONE',  ( 0.0000000000000000000, -0.0000000000000000000, -1.000000000000000000 ) ) ;
#1463 = VERTEX_POINT ( 'NONE', #507 ) ;
#1464 = DIRECTION ( 'NONE',  ( 1.000000000000000000, 0.0000000000000000000, -1.224646799147353200E-016 ) ) ;
#1465 = FACE_OUTER_BOUND ( 'NONE', #45, .T. ) ;
#1466 = DIRECTION ( 'NONE',  ( 1.000000000000000000, 0.0000000000000000000, -1.224646799147353200E-016 ) ) ;
#1467 = UNCERTAINTY_MEASURE_WITH_UNIT (LENGTH_MEASURE( 1.000000000000000100E-005 ), #151, 'distance_accuracy_value', 'NONE');
#1468 = PLANE ( 'NONE',  #1277 ) ;
#1469 = EDGE_CURVE ( 'NONE', #2232, #1264, #3014, .T. ) ;
#1470 = DIRECTION ( 'NONE',  ( -1.000000000000000000, 0.0000000000000000000, 1.224646799147353200E-016 ) ) ;
#1471 = DIRECTION ( 'NONE',  ( 0.0000000000000000000, -1.000000000000000000, 0.0000000000000000000 ) ) ;
#1472 = ORIENTED_EDGE ( 'NONE', *, *, #750, .F. ) ;
#1473 = ORIENTED_EDGE ( 'NONE', *, *, #603, .T. ) ;
#1474 = EDGE_CURVE ( 'NONE', #828, #337, #2366, .T. ) ;
#1475 = ADVANCED_FACE ( 'NONE', ( #2931 ), #1933, .T. ) ;
#1476 = CARTESIAN_POINT ( 'NONE',  ( -0.08750000000000002200, 0.01393700787401573800, -0.1043425196850394100 ) ) ;
#1477 = ORIENTED_EDGE ( 'NONE', *, *, #2548, .F. ) ;
#1478 = DIRECTION ( 'NONE',  ( 0.0000000000000000000, 1.000000000000000000, -0.0000000000000000000 ) ) ;
#1479 = ORIENTED_EDGE ( 'NONE', *, *, #2175, .F. ) ;
#1480 = VECTOR ( 'NONE', #899, 39.37007874015748100 ) ;
#1481 = AXIS2_PLACEMENT_3D ( 'NONE', #281, #1967, #535 ) ;
#1482 = COLOUR_RGB ( '',0.2509803921568627400, 0.2509803921568627400, 0.2509803921568627400 ) ;
#1483 = ORIENTED_EDGE ( 'NONE', *, *, #530, .T. ) ;
#1484 = FACE_OUTER_BOUND ( 'NONE', #1364, .T. ) ;
#1485 = LINE ( 'NONE', #1552, #706 ) ;
#1486 = CARTESIAN_POINT ( 'NONE',  ( 0.2145000000000000000, 0.009842519685039378600, 0.1769999999999998500 ) ) ;
#1487 = AXIS2_PLACEMENT_3D ( 'NONE', #2768, #386, #624 ) ;
#1488 = LINE ( 'NONE', #1692, #864 ) ;
#1489 = DIRECTION ( 'NONE',  ( 1.224646799147353200E-016, 0.0000000000000000000, 1.000000000000000000 ) ) ;
#1490 = CARTESIAN_POINT ( 'NONE',  ( -0.1265000000000000800, 0.1004999999999999800, -0.1043425196850394200 ) ) ;
#1491 = CIRCLE ( 'NONE', #1332, 0.02949999999999998500 ) ;
#1492 = DIRECTION ( 'NONE',  ( 1.000000000000000000, -3.741219229409563900E-016, 0.0000000000000000000 ) ) ;
#1493 = ORIENTED_EDGE ( 'NONE', *, *, #1787, .F. ) ;
#1494 = VECTOR ( 'NONE', #1110, 39.37007874015748100 ) ;
#1495 = DIRECTION ( 'NONE',  ( -1.000000000000000000, 0.0000000000000000000, 1.224646799147353200E-016 ) ) ;
#1496 = ORIENTED_EDGE ( 'NONE', *, *, #455, .T. ) ;
#1497 = AXIS2_PLACEMENT_3D ( 'NONE', #2008, #868, #716 ) ;
#1498 = DIRECTION ( 'NONE',  ( -1.224646799147353200E-016, 0.0000000000000000000, -1.000000000000000000 ) ) ;
#1499 = ADVANCED_FACE ( 'NONE', ( #1040 ), #41, .F. ) ;
#1500 = EDGE_CURVE ( 'NONE', #3040, #643, #408, .T. ) ;
#1501 = PLANE ( 'NONE',  #18 ) ;
#1502 = DIRECTION ( 'NONE',  ( -1.067128122525103300E-016, 1.000000000000000000, -2.342162472070471100E-016 ) ) ;
#1503 = ORIENTED_EDGE ( 'NONE', *, *, #2129, .T. ) ;
#1504 = ADVANCED_FACE ( 'NONE', ( #1670 ), #1946, .T. ) ;
#1505 = EDGE_CURVE ( 'NONE', #500, #205, #1605, .T. ) ;
#1506 = CARTESIAN_POINT ( 'NONE',  ( -0.3740000000010423900, 0.1004999999999999900, -3.841661241090370500E-017 ) ) ;
#1507 = DIRECTION ( 'NONE',  ( -1.000000000000000000, 0.0000000000000000000, 1.224646799147353200E-016 ) ) ;
#1508 = AXIS2_PLACEMENT_3D ( 'NONE', #1506, #2191, #784 ) ;
#1509 = LINE ( 'NONE', #1169, #2523 ) ;
#1510 = CARTESIAN_POINT ( 'NONE',  ( 0.1380000000000000100, -0.03699999999999999100, 0.02949999999999988400 ) ) ;
#1511 = DIRECTION ( 'NONE',  ( -1.000000000000000000, -0.0000000000000000000, -0.0000000000000000000 ) ) ;
#1512 = ORIENTED_EDGE ( 'NONE', *, *, #2565, .T. ) ;
#1513 = CARTESIAN_POINT ( 'NONE',  ( -0.1380000000000000100, 0.002000000000000006100, -6.812227570943840900E-017 ) ) ;
#1514 = EDGE_CURVE ( 'NONE', #1543, #388, #2846, .T. ) ;
#1515 = DIRECTION ( 'NONE',  ( 2.475310836214206100E-016, 1.000000000000000000, -0.0000000000000000000 ) ) ;
#1516 = VERTEX_POINT ( 'NONE', #1020 ) ;
#1517 = ADVANCED_FACE ( 'NONE', ( #2213 ), #1501, .F. ) ;
#1518 = CARTESIAN_POINT ( 'NONE',  ( -0.3690000000047144500, 0.1004999999999999900, -4.268512490100411300E-017 ) ) ;
#1519 = CARTESIAN_POINT ( 'NONE',  ( -0.1609999999999999500, 0.09351983351084251800, 0.1038425196850393300 ) ) ;
#1520 = CARTESIAN_POINT ( 'NONE',  ( -0.2760000000000000200, 0.1004999999999999900, -0.09850000000000006000 ) ) ;
#1521 = VERTEX_POINT ( 'NONE', #2431 ) ;
#1522 = PLANE ( 'NONE',  #3025 ) ;
#1523 = CARTESIAN_POINT ( 'NONE',  ( 0.3100000000000000000, 0.01000000000000003000, -1.237868622129119300E-016 ) ) ;
#1524 = AXIS2_PLACEMENT_3D ( 'NONE', #1136, #2778, #2539 ) ;
#1525 = FACE_OUTER_BOUND ( 'NONE', #2319, .T. ) ;
#1526 = EDGE_LOOP ( 'NONE', ( #479, #275, #2873, #1389 ) ) ;
#1527 = ORIENTED_EDGE ( 'NONE', *, *, #2201, .T. ) ;
#1528 = LINE ( 'NONE', #2923, #896 ) ;
#1529 = DIRECTION ( 'NONE',  ( 0.0000000000000000000, 1.000000000000000000, 0.0000000000000000000 ) ) ;
#1530 = FACE_OUTER_BOUND ( 'NONE', #667, .T. ) ;
#1531 = DIRECTION ( 'NONE',  ( 1.224646799147353200E-016, 0.0000000000000000000, 1.000000000000000000 ) ) ;
#1532 = LINE ( 'NONE', #1109, #2708 ) ;
#1533 = VECTOR ( 'NONE', #1700, 39.37007874015748100 ) ;
#1534 = VECTOR ( 'NONE', #1632, 39.37007874015748100 ) ;
#1535 = SURFACE_STYLE_USAGE ( .BOTH. , #2947 ) ;
#1536 = STYLED_ITEM ( 'NONE', ( #505 ), #725 ) ;
#1537 = EDGE_LOOP ( 'NONE', ( #656, #787, #1340, #1299 ) ) ;
#1538 = DIRECTION ( 'NONE',  ( 0.0000000000000000000, 1.000000000000000000, -2.342162472070471100E-016 ) ) ;
#1539 = CIRCLE ( 'NONE', #14, 0.09850000000000000400 ) ;
#1540 = CARTESIAN_POINT ( 'NONE',  ( 0.2949999999999999800, 0.002000000000000006100, 0.08699999999999993800 ) ) ;
#1541 = CARTESIAN_POINT ( 'NONE',  ( -0.2760000000000000200, 0.002000000000000006100, -0.1179999999999999900 ) ) ;
#1542 = DIRECTION ( 'NONE',  ( 0.0000000000000000000, 0.0000000000000000000, 1.000000000000000000 ) ) ;
#1543 = VERTEX_POINT ( 'NONE', #2446 ) ;
#1544 = EDGE_LOOP ( 'NONE', ( #2695, #1408, #2259, #1160 ) ) ;
#1545 = EDGE_CURVE ( 'NONE', #192, #575, #2137, .T. ) ;
#1546 = EDGE_CURVE ( 'NONE', #1780, #1726, #1528, .T. ) ;
#1547 = DIRECTION ( 'NONE',  ( -1.224646799147353200E-016, -0.0000000000000000000, -1.000000000000000000 ) ) ;
#1548 = DIRECTION ( 'NONE',  ( 0.0000000000000000000, 1.000000000000000000, 0.0000000000000000000 ) ) ;
#1549 = LINE ( 'NONE', #2538, #1330 ) ;
#1550 = DIRECTION ( 'NONE',  ( 1.000000000000000000, 0.0000000000000000000, -1.224646799147353200E-016 ) ) ;
#1551 = AXIS2_PLACEMENT_3D ( 'NONE', #2733, #614, #839 ) ;
#1552 = CARTESIAN_POINT ( 'NONE',  ( -0.2760000000000000200, 0.002000000000000006100, -0.1179999999999999900 ) ) ;
#1553 = DIRECTION ( 'NONE',  ( 0.0000000000000000000, 0.0000000000000000000, 1.000000000000000000 ) ) ;
#1554 = DIRECTION ( 'NONE',  ( 0.0000000000000000000, 1.000000000000000000, -0.0000000000000000000 ) ) ;
#1555 = AXIS2_PLACEMENT_3D ( 'NONE', #1004, #1478, #49 ) ;
#1556 = CARTESIAN_POINT ( 'NONE',  ( -0.2234674087029380800, 0.009999999999999995000, -0.1769999999999999900 ) ) ;
#1557 = VERTEX_POINT ( 'NONE', #2198 ) ;
#1558 = VERTEX_POINT ( 'NONE', #315 ) ;
#1559 = DIRECTION ( 'NONE',  ( -0.0000000000000000000, 2.342162472070471100E-016, 1.000000000000000000 ) ) ;
#1560 = CARTESIAN_POINT ( 'NONE',  ( 0.2145000000000000000, 0.009842519685039378600, 0.09093494290383939700 ) ) ;
#1561 = EDGE_CURVE ( 'NONE', #337, #3013, #2068, .T. ) ;
#1562 = ORIENTED_EDGE ( 'NONE', *, *, #657, .T. ) ;
#1563 = ORIENTED_EDGE ( 'NONE', *, *, #2806, .T. ) ;
#1564 = LINE ( 'NONE', #2063, #1480 ) ;
#1565 = CARTESIAN_POINT ( 'NONE',  ( -0.08750000000000006400, -3.149606286627392700E-010, -0.1770000000000000500 ) ) ;
#1566 = SURFACE_STYLE_FILL_AREA ( #2841 ) ;
#1567 = ORIENTED_EDGE ( 'NONE', *, *, #297, .T. ) ;
#1568 = DIRECTION ( 'NONE',  ( -0.0000000000000000000, -1.000000000000000000, 0.0000000000000000000 ) ) ;
#1569 = ORIENTED_EDGE ( 'NONE', *, *, #801, .T. ) ;
#1570 = AXIS2_PLACEMENT_3D ( 'NONE', #435, #2334, #919 ) ;
#1571 = VECTOR ( 'NONE', #2003, 39.37007874015748100 ) ;
#1572 = PLANE ( 'NONE',  #2847 ) ;
#1573 = LINE ( 'NONE', #733, #932 ) ;
#1574 = CARTESIAN_POINT ( 'NONE',  ( 0.3099999999999998900, 0.009916885389326354400, -1.241021204379900200E-016 ) ) ;
#1575 = LINE ( 'NONE', #2657, #933 ) ;
#1576 = VERTEX_POINT ( 'NONE', #1041 ) ;
#1577 = SURFACE_SIDE_STYLE ('',( #533 ) ) ;
#1578 = EDGE_LOOP ( 'NONE', ( #1101, #978, #1563, #1647 ) ) ;
#1579 = CARTESIAN_POINT ( 'NONE',  ( -0.1609999999999999500, 0.009842519685039378600, 0.1038425196850393300 ) ) ;
#1580 = CARTESIAN_POINT ( 'NONE',  ( 0.3099999999999998300, 1.707404996040164500E-017, 0.01999999999999987900 ) ) ;
#1581 = ORIENTED_EDGE ( 'NONE', *, *, #2609, .T. ) ;
#1582 = ORIENTED_EDGE ( 'NONE', *, *, #434, .T. ) ;
#1583 = VECTOR ( 'NONE', #1848, 39.37007874015748100 ) ;
#1584 = DIRECTION ( 'NONE',  ( 0.0000000000000000000, 0.0000000000000000000, 1.000000000000000000 ) ) ;
#1585 = DIRECTION ( 'NONE',  ( -1.000000000000000000, 0.0000000000000000000, 1.224646799147353200E-016 ) ) ;
#1586 = EDGE_CURVE ( 'NONE', #2879, #575, #957, .T. ) ;
#1587 = DIRECTION ( 'NONE',  ( 0.0000000000000000000, 0.0000000000000000000, -1.000000000000000000 ) ) ;
#1588 =( LENGTH_UNIT ( ) NAMED_UNIT ( * ) SI_UNIT ( $, .METRE. ) );
#1589 = ORIENTED_EDGE ( 'NONE', *, *, #1077, .T. ) ;
#1590 = PLANE ( 'NONE',  #722 ) ;
#1591 = ORIENTED_EDGE ( 'NONE', *, *, #951, .T. ) ;
#1592 = CARTESIAN_POINT ( 'NONE',  ( -0.1609999999999999500, 0.009842519685039378600, 0.09399999968503931800 ) ) ;
#1593 = CARTESIAN_POINT ( 'NONE',  ( -0.1924674087029380500, 0.009842519685039378600, -0.1769999999999999900 ) ) ;
#1594 = AXIS2_PLACEMENT_3D ( 'NONE', #1640, #1395, #2808 ) ;
#1595 = DIRECTION ( 'NONE',  ( 1.000000000000000000, 0.0000000000000000000, 0.0000000000000000000 ) ) ;
#1596 = DIRECTION ( 'NONE',  ( -1.224646799147353200E-016, 0.0000000000000000000, -1.000000000000000000 ) ) ;
#1597 = DIRECTION ( 'NONE',  ( 1.000000000000000000, 0.0000000000000000000, -1.224646799147353200E-016 ) ) ;
#1598 = DIRECTION ( 'NONE',  ( 0.0000000000000000000, 0.0000000000000000000, -1.000000000000000000 ) ) ;
#1599 = EDGE_LOOP ( 'NONE', ( #2341, #2469, #2358, #1964 ) ) ;
#1600 = CARTESIAN_POINT ( 'NONE',  ( 0.2949999999999999300, 0.002000000000000006100, 0.08699999999999993800 ) ) ;
#1601 = VECTOR ( 'NONE', #977, 39.37007874015748100 ) ;
#1602 = ORIENTED_EDGE ( 'NONE', *, *, #1860, .F. ) ;
#1603 = VERTEX_POINT ( 'NONE', #1520 ) ;
#1604 = EDGE_CURVE ( 'NONE', #1663, #2385, #173, .T. ) ;
#1605 = LINE ( 'NONE', #2670, #2296 ) ;
#1606 = CIRCLE ( 'NONE', #2130, 0.09850000000000000400 ) ;
#1607 = DIRECTION ( 'NONE',  ( 0.0000000000000000000, 0.0000000000000000000, 1.000000000000000000 ) ) ;
#1608 = EDGE_CURVE ( 'NONE', #324, #1449, #243, .T. ) ;
#1609 = DIRECTION ( 'NONE',  ( -1.000000000000000000, 0.0000000000000000000, 1.224646799147353200E-016 ) ) ;
#1610 = LINE ( 'NONE', #2261, #2620 ) ;
#1611 = FACE_OUTER_BOUND ( 'NONE', #2583, .T. ) ;
#1612 = FACE_OUTER_BOUND ( 'NONE', #1213, .T. ) ;
#1613 = PLANE ( 'NONE',  #415 ) ;
#1614 = CLOSED_SHELL ( 'NONE', ( #1897, #559, #1504, #235, #74, #2700 ) ) ;
#1615 = LINE ( 'NONE', #2415, #2145 ) ;
#1616 = CARTESIAN_POINT ( 'NONE',  ( -0.1264999999999999700, 0.001999999999999983100, -0.1180000000000000100 ) ) ;
#1617 = EDGE_CURVE ( 'NONE', #965, #1223, #1987, .T. ) ;
#1618 = CARTESIAN_POINT ( 'NONE',  ( -0.08553149606299216600, 0.002000000000000006100, -0.1043425196850394100 ) ) ;
#1619 = DIRECTION ( 'NONE',  ( -1.000000000000000000, -0.0000000000000000000, 1.224646799147353200E-016 ) ) ;
#1620 = VERTEX_POINT ( 'NONE', #1748 ) ;
#1621 = MANIFOLD_SOLID_BREP ( 'Body-Move/Copy1[2]', #1614 ) ;
#1622 = AXIS2_PLACEMENT_3D ( 'NONE', #2327, #3060, #1636 ) ;
#1623 = ORIENTED_EDGE ( 'NONE', *, *, #2220, .T. ) ;
#1624 = PRODUCT_DEFINITION_SHAPE ( 'NONE', 'NONE',  #1654 ) ;
#1625 = PLANE ( 'NONE',  #2372 ) ;
#1626 = FACE_OUTER_BOUND ( 'NONE', #2460, .T. ) ;
#1627 = DIRECTION ( 'NONE',  ( -1.000000000000000000, 0.0000000000000000000, 1.224646799147353200E-016 ) ) ;
#1628 = DIRECTION ( 'NONE',  ( 0.0000000000000000000, 1.000000000000000000, 0.0000000000000000000 ) ) ;
#1629 = ORIENTED_EDGE ( 'NONE', *, *, #650, .F. ) ;
#1630 = ORIENTED_EDGE ( 'NONE', *, *, #2603, .F. ) ;
#1631 = DIRECTION ( 'NONE',  ( 0.0000000000000000000, -0.0000000000000000000, -1.000000000000000000 ) ) ;
#1632 = DIRECTION ( 'NONE',  ( -1.224646799147353200E-016, -2.268775257358670500E-032, -1.000000000000000000 ) ) ;
#1633 = CARTESIAN_POINT ( 'NONE',  ( -0.1609999999999999500, 0.009842519685039378600, 0.1769999999999999100 ) ) ;
#1634 = ORIENTED_EDGE ( 'NONE', *, *, #2123, .F. ) ;
#1635 = ORIENTED_EDGE ( 'NONE', *, *, #2548, .T. ) ;
#1636 = DIRECTION ( 'NONE',  ( 1.000000000000000000, 0.0000000000000000000, -1.224646799147353200E-016 ) ) ;
#1637 = ORIENTED_EDGE ( 'NONE', *, *, #2233, .F. ) ;
#1638 = EDGE_LOOP ( 'NONE', ( #203, #2804, #1318, #2247 ) ) ;
#1639 = FACE_OUTER_BOUND ( 'NONE', #814, .T. ) ;
#1640 = CARTESIAN_POINT ( 'NONE',  ( -0.1999999999999999800, 0.01377952968503938200, 0.1077795296850393200 ) ) ;
#1641 = VECTOR ( 'NONE', #204, 39.37007874015748100 ) ;
#1642 = EDGE_LOOP ( 'NONE', ( #436, #523, #2125, #2264 ) ) ;
#1643 = CARTESIAN_POINT ( 'NONE',  ( 0.2949999999999999300, 0.002000000000000006100, -0.1180000000000000500 ) ) ;
#1644 = FACE_OUTER_BOUND ( 'NONE', #2075, .T. ) ;
#1645 = LINE ( 'NONE', #1901, #2821 ) ;
#1646 = EDGE_CURVE ( 'NONE', #934, #407, #1377, .T. ) ;
#1647 = ORIENTED_EDGE ( 'NONE', *, *, #1935, .T. ) ;
#1648 = EDGE_LOOP ( 'NONE', ( #2812, #2973, #2517, #2549 ) ) ;
#1649 = AXIS2_PLACEMENT_3D ( 'NONE', #1862, #448, #2098 ) ;
#1650 = CARTESIAN_POINT ( 'NONE',  ( -0.1264999999999999500, 0.002000000000000006100, -0.09450000000000004200 ) ) ;
#1651 = VERTEX_POINT ( 'NONE', #2515 ) ;
#1652 = DIRECTION ( 'NONE',  ( 0.0000000000000000000, 1.000000000000000000, 0.0000000000000000000 ) ) ;
#1653 = CIRCLE ( 'NONE', #792, 0.09350000000249851500 ) ;
#1654 = PRODUCT_DEFINITION ( 'UNKNOWN', '', #1801, #254 ) ;
#1655 = ORIENTED_EDGE ( 'NONE', *, *, #1326, .F. ) ;
#1656 = EDGE_CURVE ( 'NONE', #1405, #1083, #438, .T. ) ;
#1657 = CARTESIAN_POINT ( 'NONE',  ( 0.3099999999999998300, 1.707404996040164500E-017, -0.05900000000000011500 ) ) ;
#1658 = EDGE_CURVE ( 'NONE', #1013, #1089, #98, .T. ) ;
#1659 = VECTOR ( 'NONE', #1398, 39.37007874015748100 ) ;
#1660 = ORIENTED_EDGE ( 'NONE', *, *, #2599, .T. ) ;
#1661 = DIRECTION ( 'NONE',  ( -1.714103996616190100E-047, -4.581672154204950900E-032, -1.000000000000000000 ) ) ;
#1662 = DIRECTION ( 'NONE',  ( 0.0000000000000000000, 0.0000000000000000000, -1.000000000000000000 ) ) ;
#1663 = VERTEX_POINT ( 'NONE', #639 ) ;
#1664 = DIRECTION ( 'NONE',  ( 1.000000000000000000, 0.0000000000000000000, -1.224646799147353200E-016 ) ) ;
#1665 = EDGE_CURVE ( 'NONE', #990, #1356, #1084, .T. ) ;
#1666 = ADVANCED_FACE ( 'NONE', ( #1639 ), #2171, .T. ) ;
#1667 = VECTOR ( 'NONE', #1274, 39.37007874015748100 ) ;
#1668 = ORIENTED_EDGE ( 'NONE', *, *, #1326, .T. ) ;
#1669 =( LENGTH_UNIT ( ) NAMED_UNIT ( * ) SI_UNIT ( $, .METRE. ) );
#1670 = FACE_OUTER_BOUND ( 'NONE', #1638, .T. ) ;
#1671 = CIRCLE ( 'NONE', #2461, 0.004999999999999997500 ) ;
#1672 = FACE_OUTER_BOUND ( 'NONE', #562, .T. ) ;
#1673 = LINE ( 'NONE', #31, #246 ) ;
#1674 = VECTOR ( 'NONE', #169, 39.37007874015748100 ) ;
#1675 = DIRECTION ( 'NONE',  ( 0.0000000000000000000, 1.000000000000000000, -0.0000000000000000000 ) ) ;
#1676 =( NAMED_UNIT ( * ) PLANE_ANGLE_UNIT ( ) SI_UNIT ( $, .RADIAN. ) );
#1677 = ORIENTED_EDGE ( 'NONE', *, *, #2545, .T. ) ;
#1678 = ADVANCED_FACE ( 'NONE', ( #368 ), #2299, .F. ) ;
#1679 = AXIS2_PLACEMENT_3D ( 'NONE', #2395, #2875, #1459 ) ;
#1680 = EDGE_LOOP ( 'NONE', ( #2000, #1157, #1127, #2660, #2025, #879, #9, #146, #3030, #1689, #2305 ) ) ;
#1681 = ORIENTED_EDGE ( 'NONE', *, *, #2638, .F. ) ;
#1682 = DIRECTION ( 'NONE',  ( 1.000000000000000000, 2.658010249892526800E-032, -5.769025398549748400E-048 ) ) ;
#1683 = AXIS2_PLACEMENT_3D ( 'NONE', #2693, #2710, #1761 ) ;
#1684 = DIRECTION ( 'NONE',  ( 1.000000000000000000, -0.0000000000000000000, 0.0000000000000000000 ) ) ;
#1685 = FACE_OUTER_BOUND ( 'NONE', #2274, .T. ) ;
#1686 = ADVANCED_FACE ( 'NONE', ( #995 ), #282, .T. ) ;
#1687 = DIRECTION ( 'NONE',  ( -1.224646799147353200E-016, 0.0000000000000000000, -1.000000000000000000 ) ) ;
#1688 = VERTEX_POINT ( 'NONE', #3028 ) ;
#1689 = ORIENTED_EDGE ( 'NONE', *, *, #2223, .F. ) ;
#1690 = EDGE_CURVE ( 'NONE', #28, #2046, #2815, .T. ) ;
#1691 = VERTEX_POINT ( 'NONE', #164 ) ;
#1692 = CARTESIAN_POINT ( 'NONE',  ( 0.2949999999999999300, 0.1989999999999999800, -0.1180000000000000100 ) ) ;
#1693 = DIRECTION ( 'NONE',  ( 1.000000000000000000, 0.0000000000000000000, -1.224646799147353200E-016 ) ) ;
#1694 = EDGE_CURVE ( 'NONE', #1821, #1431, #1564, .T. ) ;
#1695 = ADVANCED_FACE ( 'NONE', ( #2253 ), #1406, .T. ) ;
#1696 = PLANE ( 'NONE',  #1082 ) ;
#1697 = ORIENTED_EDGE ( 'NONE', *, *, #1433, .T. ) ;
#1698 = VERTEX_POINT ( 'NONE', #3036 ) ;
#1699 = CARTESIAN_POINT ( 'NONE',  ( 0.3099999999999998900, 0.009916885389326354400, -1.241021204379900200E-016 ) ) ;
#1700 = DIRECTION ( 'NONE',  ( 0.0000000000000000000, 0.7071067811865475700, 0.7071067811865474600 ) ) ;
#1701 = LINE ( 'NONE', #2249, #1080 ) ;
#1702 = EDGE_LOOP ( 'NONE', ( #1076, #1152, #2231, #1836 ) ) ;
#1703 = ORIENTED_EDGE ( 'NONE', *, *, #2342, .T. ) ;
#1704 = DIRECTION ( 'NONE',  ( 0.0000000000000000000, 0.0000000000000000000, 1.000000000000000000 ) ) ;
#1705 = PLANE ( 'NONE',  #1425 ) ;
#1706 = LINE ( 'NONE', #450, #24 ) ;
#1707 = VERTEX_POINT ( 'NONE', #175 ) ;
#1708 = FACE_OUTER_BOUND ( 'NONE', #1893, .T. ) ;
#1709 = VECTOR ( 'NONE', #721, 39.37007874015748100 ) ;
#1710 = CARTESIAN_POINT ( 'NONE',  ( -0.3740000000000000000, 0.1004999999999999900, -3.922061124956087000E-017 ) ) ;
#1711 = ORIENTED_EDGE ( 'NONE', *, *, #1091, .T. ) ;
#1712 = ADVANCED_FACE ( 'NONE', ( #854 ), #1372, .F. ) ;
#1713 = EDGE_CURVE ( 'NONE', #2131, #2126, #208, .T. ) ;
#1714 = VERTEX_POINT ( 'NONE', #2317 ) ;
#1715 = DIRECTION ( 'NONE',  ( -1.000000000000000000, 0.0000000000000000000, 1.224646799147353200E-016 ) ) ;
#1716 = DIRECTION ( 'NONE',  ( -1.224646799147353200E-016, 0.0000000000000000000, -1.000000000000000000 ) ) ;
#1717 = ORIENTED_EDGE ( 'NONE', *, *, #1345, .F. ) ;
#1718 = ORIENTED_EDGE ( 'NONE', *, *, #455, .F. ) ;
#1719 = VECTOR ( 'NONE', #1244, 39.37007874015748100 ) ;
#1720 = CARTESIAN_POINT ( 'NONE',  ( -0.2760000000000000200, 0.002000000000000006100, -0.1179999999999999900 ) ) ;
#1721 = DIRECTION ( 'NONE',  ( -1.000000000000000000, 0.0000000000000000000, 1.224646799147353200E-016 ) ) ;
#1722 = CARTESIAN_POINT ( 'NONE',  ( 0.2949999999999999300, 0.01200000000000000200, 0.08699999999999993800 ) ) ;
#1723 = ADVANCED_FACE ( 'NONE', ( #2101 ), #1144, .T. ) ;
#1724 = ORIENTED_EDGE ( 'NONE', *, *, #650, .T. ) ;
#1725 = VECTOR ( 'NONE', #1852, 39.37007874015748100 ) ;
#1726 = VERTEX_POINT ( 'NONE', #907 ) ;
#1727 = DIRECTION ( 'NONE',  ( 0.0000000000000000000, 0.0000000000000000000, -1.000000000000000000 ) ) ;
#1728 = EDGE_CURVE ( 'NONE', #1402, #191, #2658, .T. ) ;
#1729 =( NAMED_UNIT ( * ) SI_UNIT ( $, .STERADIAN. ) SOLID_ANGLE_UNIT ( ) );
#1730 = ORIENTED_EDGE ( 'NONE', *, *, #195, .T. ) ;
#1731 = DIRECTION ( 'NONE',  ( 1.224646799147353200E-016, 0.0000000000000000000, 1.000000000000000000 ) ) ;
#1732 = ORIENTED_EDGE ( 'NONE', *, *, #1759, .T. ) ;
#1733 = LINE ( 'NONE', #2143, #1126 ) ;
#1734 = ORIENTED_EDGE ( 'NONE', *, *, #1419, .F. ) ;
#1735 = ADVANCED_FACE ( 'NONE', ( #1951 ), #2325, .F. ) ;
#1736 = CYLINDRICAL_SURFACE ( 'NONE', #1679, 0.01377953000000001000 ) ;
#1737 = DIRECTION ( 'NONE',  ( 0.0000000000000000000, 0.0000000000000000000, 1.000000000000000000 ) ) ;
#1738 = DIRECTION ( 'NONE',  ( -0.0000000000000000000, -1.000000000000000000, -0.0000000000000000000 ) ) ;
#1739 = FACE_OUTER_BOUND ( 'NONE', #1209, .T. ) ;
#1740 = FACE_OUTER_BOUND ( 'NONE', #2183, .T. ) ;
#1741 = FACE_OUTER_BOUND ( 'NONE', #517, .T. ) ;
#1742 = PLANE ( 'NONE',  #1683 ) ;
#1743 = LINE ( 'NONE', #1600, #1133 ) ;
#1744 = DIRECTION ( 'NONE',  ( 1.224646799147353200E-016, 0.0000000000000000000, 1.000000000000000000 ) ) ;
#1745 = ORIENTED_EDGE ( 'NONE', *, *, #2869, .T. ) ;
#1746 = CARTESIAN_POINT ( 'NONE',  ( 0.1555000000000000300, 0.01200000000000000200, 0.08699999999999992500 ) ) ;
#1747 = EDGE_CURVE ( 'NONE', #890, #611, #774, .T. ) ;
#1748 = CARTESIAN_POINT ( 'NONE',  ( -0.2380118078134671700, 0.09351983351084250400, 0.1038425196850393400 ) ) ;
#1749 = DIRECTION ( 'NONE',  ( 1.000000000000000000, 0.0000000000000000000, -1.224646799147353200E-016 ) ) ;
#1750 = EDGE_CURVE ( 'NONE', #1576, #1336, #1341, .T. ) ;
#1751 = DIRECTION ( 'NONE',  ( -7.005654268042080100E-020, 0.0000000000000000000, -1.000000000000000000 ) ) ;
#1752 = DIRECTION ( 'NONE',  ( 1.224646799147353000E-016, 0.0000000000000000000, 1.000000000000000000 ) ) ;
#1753 = ORIENTED_EDGE ( 'NONE', *, *, #2922, .T. ) ;
#1754 = ORIENTED_EDGE ( 'NONE', *, *, #2297, .F. ) ;
#1755 = ADVANCED_FACE ( 'NONE', ( #701 ), #2092, .F. ) ;
#1756 = ORIENTED_EDGE ( 'NONE', *, *, #2239, .T. ) ;
#1757 = VECTOR ( 'NONE', #3076, 39.37007874015748100 ) ;
#1758 = VERTEX_POINT ( 'NONE', #1855 ) ;
#1759 = EDGE_CURVE ( 'NONE', #500, #2809, #2856, .T. ) ;
#1760 = CARTESIAN_POINT ( 'NONE',  ( -0.2019685039370078500, 0.002000000000000006100, 0.1038425196850393400 ) ) ;
#1761 = DIRECTION ( 'NONE',  ( -2.475310836214206100E-016, -1.000000000000000000, 0.0000000000000000000 ) ) ;
#1762 = EDGE_LOOP ( 'NONE', ( #1186, #2672, #2435, #87 ) ) ;
#1763 = CARTESIAN_POINT ( 'NONE',  ( 0.1380000000000000100, -0.03699999999999999100, -1.019225273659053600E-016 ) ) ;
#1764 = CARTESIAN_POINT ( 'NONE',  ( -0.1999999999999999800, 0.01377952968503938200, 0.1077795296850393200 ) ) ;
#1765 = CARTESIAN_POINT ( 'NONE',  ( -0.08750000000000002200, 0.01377952968503938200, -0.1082795296850394100 ) ) ;
#1766 = ORIENTED_EDGE ( 'NONE', *, *, #2100, .F. ) ;
#1767 = CARTESIAN_POINT ( 'NONE',  ( 0.2949999999999999300, 0.1990000000000000400, 0.1179999999999998300 ) ) ;
#1768 = DIRECTION ( 'NONE',  ( 0.0000000000000000000, -1.000000000000000000, 0.0000000000000000000 ) ) ;
#1769 = VECTOR ( 'NONE', #2238, 39.37007874015748100 ) ;
#1770 = ORIENTED_EDGE ( 'NONE', *, *, #2233, .T. ) ;
#1771 = VERTEX_POINT ( 'NONE', #2167 ) ;
#1772 = CARTESIAN_POINT ( 'NONE',  ( -0.2460000000000000000, 0.1990000000000000400, 0.1179999999999999000 ) ) ;
#1773 = LINE ( 'NONE', #2818, #439 ) ;
#1774 = CARTESIAN_POINT ( 'NONE',  ( -0.2760000000000000200, 0.009842519685039378600, -0.1770000000000000500 ) ) ;
#1775 = DIRECTION ( 'NONE',  ( -1.224646799147353200E-016, -0.0000000000000000000, -1.000000000000000000 ) ) ;
#1776 = ORIENTED_EDGE ( 'NONE', *, *, #684, .F. ) ;
#1777 = VECTOR ( 'NONE', #2434, 39.37007874015748100 ) ;
#1778 = LINE ( 'NONE', #2267, #3056 ) ;
#1779 = LINE ( 'NONE', #237, #443 ) ;
#1780 = VERTEX_POINT ( 'NONE', #516 ) ;
#1781 = CONICAL_SURFACE ( 'NONE', #827, 0.02949999999559604200, 0.7853981633974482800 ) ;
#1782 = CARTESIAN_POINT ( 'NONE',  ( -0.1609999999999999800, 0.09351983351084251800, 0.1038425196850393300 ) ) ;
#1783 = EDGE_LOOP ( 'NONE', ( #2170, #2999, #2598, #3006 ) ) ;
#1784 = CARTESIAN_POINT ( 'NONE',  ( -0.2258959126587038700, 0.09351983351084250400, 0.1038425196850393300 ) ) ;
#1785 = EDGE_LOOP ( 'NONE', ( #1204, #362, #2958, #1451, #2393, #2363, #1569, #851 ) ) ;
#1786 = DIRECTION ( 'NONE',  ( 1.000000000000000000, -0.0000000000000000000, -1.224646799147353200E-016 ) ) ;
#1787 = EDGE_CURVE ( 'NONE', #1714, #965, #417, .T. ) ;
#1788 = CARTESIAN_POINT ( 'NONE',  ( -0.08750000000000002200, 0.01377952968503938200, -0.1043425196850394100 ) ) ;
#1789 =( LENGTH_UNIT ( ) NAMED_UNIT ( * ) SI_UNIT ( $, .METRE. ) );
#1790 = VECTOR ( 'NONE', #1716, 39.37007874015748100 ) ;
#1791 = DIRECTION ( 'NONE',  ( 0.0000000000000000000, 1.000000000000000000, -2.342162472070471100E-016 ) ) ;
#1792 = ADVANCED_BREP_SHAPE_REPRESENTATION ( '35RASMT4BHNTRX', ( #725, #832, #262, #2802, #1914, #1621, #1497 ), #206 ) ;
#1793 =( LENGTH_UNIT ( ) NAMED_UNIT ( * ) SI_UNIT ( $, .METRE. ) );
#1794 = EDGE_LOOP ( 'NONE', ( #366, #1103, #228, #378 ) ) ;
#1795 = AXIS2_PLACEMENT_3D ( 'NONE', #1868, #454, #2115 ) ;
#1796 = CARTESIAN_POINT ( 'NONE',  ( -0.1609999999999999500, 0.09351983351084251800, 0.09399999968503931800 ) ) ;
#1797 = LINE ( 'NONE', #2697, #2998 ) ;
#1798 = VERTEX_POINT ( 'NONE', #1002 ) ;
#1799 = DIRECTION ( 'NONE',  ( 1.224646799147353200E-016, 0.0000000000000000000, 1.000000000000000000 ) ) ;
#1800 = CARTESIAN_POINT ( 'NONE',  ( -0.08553149606299216600, 0.01393700787401573800, -0.1043425196850394100 ) ) ;
#1801 = PRODUCT_DEFINITION_FORMATION_WITH_SPECIFIED_SOURCE ( 'ANY', '', #488, .NOT_KNOWN. ) ;
#1802 = CARTESIAN_POINT ( 'NONE',  ( -0.2760000000000000200, 0.1989999999999999800, -0.1180000000000000100 ) ) ;
#1803 = ORIENTED_EDGE ( 'NONE', *, *, #1441, .F. ) ;
#1804 = EDGE_CURVE ( 'NONE', #2270, #627, #1615, .T. ) ;
#1805 = VERTEX_POINT ( 'NONE', #762 ) ;
#1806 = CARTESIAN_POINT ( 'NONE',  ( -0.1999999999999999600, 0.009842519685039378600, 0.1769999999999999100 ) ) ;
#1807 = EDGE_CURVE ( 'NONE', #1906, #1359, #1054, .T. ) ;
#1808 = DIRECTION ( 'NONE',  ( -0.0000000000000000000, 0.0000000000000000000, 1.000000000000000000 ) ) ;
#1809 = VECTOR ( 'NONE', #956, 39.37007874015748100 ) ;
#1810 = VERTEX_POINT ( 'NONE', #289 ) ;
#1811 = ORIENTED_EDGE ( 'NONE', *, *, #1068, .F. ) ;
#1812 = COLOUR_RGB ( '',0.7921568627450980000, 0.8196078431372548800, 0.9333333333333333500 ) ;
#1813 = LINE ( 'NONE', #877, #1197 ) ;
#1814 = CONICAL_SURFACE ( 'NONE', #1508, 0.07600000000192321000, 0.7853981633974482800 ) ;
#1815 = ORIENTED_EDGE ( 'NONE', *, *, #2421, .F. ) ;
#1816 = VECTOR ( 'NONE', #3031, 39.37007874015748100 ) ;
#1817 = FACE_OUTER_BOUND ( 'NONE', #2165, .T. ) ;
#1818 = EDGE_LOOP ( 'NONE', ( #3039, #3024, #2810, #1072, #187, #1766 ) ) ;
#1819 = DIRECTION ( 'NONE',  ( 1.224646799147353200E-016, -0.0000000000000000000, 1.000000000000000000 ) ) ;
#1820 = VECTOR ( 'NONE', #2052, 39.37007874015748100 ) ;
#1821 = VERTEX_POINT ( 'NONE', #1476 ) ;
#1822 = EDGE_CURVE ( 'NONE', #2896, #301, #253, .T. ) ;
#1823 = CARTESIAN_POINT ( 'NONE',  ( -0.2760000000000000200, 0.009842519685039378600, -0.1769999999999999900 ) ) ;
#1824 = PLANE ( 'NONE',  #2943 ) ;
#1825 = DIRECTION ( 'NONE',  ( 1.000000000000000000, 0.0000000000000000000, -1.224646799147353200E-016 ) ) ;
#1826 = ORIENTED_EDGE ( 'NONE', *, *, #1137, .T. ) ;
#1827 = DIRECTION ( 'NONE',  ( 1.224646799147353200E-016, 0.0000000000000000000, 1.000000000000000000 ) ) ;
#1828 = PLANE ( 'NONE',  #484 ) ;
#1829 = FACE_OUTER_BOUND ( 'NONE', #2043, .T. ) ;
#1830 = ORIENTED_EDGE ( 'NONE', *, *, #3069, .F. ) ;
#1831 = CARTESIAN_POINT ( 'NONE',  ( -0.2760000000000000200, -3.149606286627392700E-010, -0.1082795296850394100 ) ) ;
#1832 = VERTEX_POINT ( 'NONE', #1940 ) ;
#1833 = AXIS2_PLACEMENT_3D ( 'NONE', #1923, #2161, #755 ) ;
#1834 = ORIENTED_EDGE ( 'NONE', *, *, #2578, .F. ) ;
#1835 = PRESENTATION_LAYER_ASSIGNMENT (  '', '', ( #1536 ) ) ;
#1836 = ORIENTED_EDGE ( 'NONE', *, *, #576, .T. ) ;
#1837 = DIRECTION ( 'NONE',  ( -1.000000000000000000, 0.0000000000000000000, 1.224646799147353200E-016 ) ) ;
#1838 = LINE ( 'NONE', #1774, #499 ) ;
#1839 = ORIENTED_EDGE ( 'NONE', *, *, #2444, .F. ) ;
#1840 = ORIENTED_EDGE ( 'NONE', *, *, #914, .F. ) ;
#1841 = EDGE_CURVE ( 'NONE', #1557, #3085, #967, .T. ) ;
#1842 = FACE_OUTER_BOUND ( 'NONE', #441, .T. ) ;
#1843 = EDGE_CURVE ( 'NONE', #384, #1771, #1539, .T. ) ;
#1844 = CARTESIAN_POINT ( 'NONE',  ( -0.3690000000047144500, 0.1004999999999999900, -4.268512490100411300E-017 ) ) ;
#1845 = LINE ( 'NONE', #1523, #1777 ) ;
#1846 = FACE_OUTER_BOUND ( 'NONE', #2830, .T. ) ;
#1847 = VECTOR ( 'NONE', #2837, 39.37007874015748100 ) ;
#1848 = DIRECTION ( 'NONE',  ( 0.0000000000000000000, 1.000000000000000000, 0.0000000000000000000 ) ) ;
#1849 = ORIENTED_EDGE ( 'NONE', *, *, #2860, .F. ) ;
#1850 = LINE ( 'NONE', #1969, #29 ) ;
#1851 = DIRECTION ( 'NONE',  ( 1.000000000000000000, 0.0000000000000000000, -1.224646799147353200E-016 ) ) ;
#1852 = DIRECTION ( 'NONE',  ( -1.000000000000000000, -2.868321774504154300E-032, 6.718075618066210900E-048 ) ) ;
#1853 = ORIENTED_EDGE ( 'NONE', *, *, #1500, .F. ) ;
#1854 = AXIS2_PLACEMENT_3D ( 'NONE', #601, #1088, #2724 ) ;
#1855 = CARTESIAN_POINT ( 'NONE',  ( -0.3740000000010423900, 0.1005000000000000100, -0.07600000000192323700 ) ) ;
#1856 = CARTESIAN_POINT ( 'NONE',  ( -0.3740000000000000000, 0.1004999999999999900, -3.922061124956087000E-017 ) ) ;
#1857 = AXIS2_PLACEMENT_3D ( 'NONE', #1259, #1498, #60 ) ;
#1858 = ORIENTED_EDGE ( 'NONE', *, *, #2673, .T. ) ;
#1859 = FACE_OUTER_BOUND ( 'NONE', #3012, .T. ) ;
#1860 = EDGE_CURVE ( 'NONE', #1328, #2659, #2791, .T. ) ;
#1861 = DIRECTION ( 'NONE',  ( 1.000000000000000000, 0.0000000000000000000, -1.224646799147353200E-016 ) ) ;
#1862 = CARTESIAN_POINT ( 'NONE',  ( -0.1380000000000000100, -0.03699999999878669100, -6.812227570943840900E-017 ) ) ;
#1863 = VERTEX_POINT ( 'NONE', #1272 ) ;
#1864 = AXIS2_PLACEMENT_3D ( 'NONE', #1643, #1861, #446 ) ;
#1865 = LINE ( 'NONE', #2030, #1399 ) ;
#1866 = ORIENTED_EDGE ( 'NONE', *, *, #2555, .F. ) ;
#1867 = DIRECTION ( 'NONE',  ( -1.000000000000000000, 0.0000000000000000000, 1.224646799147353200E-016 ) ) ;
#1868 = CARTESIAN_POINT ( 'NONE',  ( -0.3689999999980006500, 0.1004999999999999900, -3.983293464937940000E-017 ) ) ;
#1869 = EDGE_CURVE ( 'NONE', #1089, #2542, #2628, .T. ) ;
#1870 = ORIENTED_EDGE ( 'NONE', *, *, #421, .F. ) ;
#1871 = ORIENTED_EDGE ( 'NONE', *, *, #1747, .T. ) ;
#1872 = ORIENTED_EDGE ( 'NONE', *, *, #2380, .T. ) ;
#1873 = LINE ( 'NONE', #717, #1809 ) ;
#1874 = VERTEX_POINT ( 'NONE', #311 ) ;
#1875 = CYLINDRICAL_SURFACE ( 'NONE', #675, 0.01499999999999997700 ) ;
#1876 = CARTESIAN_POINT ( 'NONE',  ( -0.1999999999999999600, 0.009842519685039378600, 0.1769999999999999100 ) ) ;
#1877 = FACE_OUTER_BOUND ( 'NONE', #1785, .T. ) ;
#1878 = VECTOR ( 'NONE', #2254, 39.37007874015748100 ) ;
#1879 = EDGE_CURVE ( 'NONE', #2058, #81, #1450, .T. ) ;
#1880 = VECTOR ( 'NONE', #912, 39.37007874015748100 ) ;
#1881 = FACE_OUTER_BOUND ( 'NONE', #1095, .T. ) ;
#1882 = ORIENTED_EDGE ( 'NONE', *, *, #2156, .F. ) ;
#1883 = LINE ( 'NONE', #3000, #1280 ) ;
#1884 = CARTESIAN_POINT ( 'NONE',  ( -0.1802582504062935400, 0.009842519685039378600, 0.1038425196850393300 ) ) ;
#1885 = ORIENTED_EDGE ( 'NONE', *, *, #2806, .F. ) ;
#1886 = DIMENSIONAL_EXPONENTS ( 1.000000000000000000, 0.0000000000000000000, 0.0000000000000000000, 0.0000000000000000000, 0.0000000000000000000, 0.0000000000000000000, 0.0000000000000000000 ) ;
#1887 = AXIS2_PLACEMENT_3D ( 'NONE', #1124, #1596, #1585 ) ;
#1888 = CARTESIAN_POINT ( 'NONE',  ( 0.2145000000000000000, 0.005084837814784357200, 0.09093494290383942500 ) ) ;
#1889 = PLANE ( 'NONE',  #306 ) ;
#1890 = ORIENTED_EDGE ( 'NONE', *, *, #2076, .T. ) ;
#1891 =( NAMED_UNIT ( * ) PLANE_ANGLE_UNIT ( ) SI_UNIT ( $, .RADIAN. ) );
#1892 = LINE ( 'NONE', #2354, #7 ) ;
#1893 = EDGE_LOOP ( 'NONE', ( #1711, #310, #2416, #2329, #139, #775 ) ) ;
#1894 = EDGE_CURVE ( 'NONE', #1437, #2266, #2078, .T. ) ;
#1895 = CARTESIAN_POINT ( 'NONE',  ( -0.1265000000000000300, -0.03700000000000000500, -0.09450000000000002800 ) ) ;
#1896 = EDGE_CURVE ( 'NONE', #3044, #828, #108, .T. ) ;
#1897 = ADVANCED_FACE ( 'NONE', ( #184 ), #2685, .F. ) ;
#1898 = ORIENTED_EDGE ( 'NONE', *, *, #77, .T. ) ;
#1899 = ORIENTED_EDGE ( 'NONE', *, *, #2834, .F. ) ;
#1900 = ADVANCED_FACE ( 'NONE', ( #2564 ), #1237, .T. ) ;
#1901 = CARTESIAN_POINT ( 'NONE',  ( 0.2949999999999999300, 0.1990000000000000100, 0.09399999999999995900 ) ) ;
#1902 = ORIENTED_EDGE ( 'NONE', *, *, #1221, .T. ) ;
#1903 = DIRECTION ( 'NONE',  ( -1.000000000000000000, 6.829619984160638500E-015, 1.224646799147353200E-016 ) ) ;
#1904 = EDGE_CURVE ( 'NONE', #1821, #2739, #1850, .T. ) ;
#1905 = LINE ( 'NONE', #322, #20 ) ;
#1906 = VERTEX_POINT ( 'NONE', #1297 ) ;
#1907 = AXIS2_PLACEMENT_3D ( 'NONE', #1856, #2093, #685 ) ;
#1908 = CARTESIAN_POINT ( 'NONE',  ( -0.2380118078134671700, 0.09351983351084250400, 0.1038425196850393400 ) ) ;
#1909 = SURFACE_STYLE_FILL_AREA ( #1301 ) ;
#1910 = FACE_OUTER_BOUND ( 'NONE', #2118, .T. ) ;
#1911 = ADVANCED_FACE ( 'NONE', ( #2490 ), #1781, .T. ) ;
#1912 = VECTOR ( 'NONE', #354, 39.37007874015748100 ) ;
#1913 = LINE ( 'NONE', #3017, #1228 ) ;
#1914 = MANIFOLD_SOLID_BREP ( 'Body-Move/Copy1[1]', #2095 ) ;
#1915 = CIRCLE ( 'NONE', #2509, 0.004999999999999997500 ) ;
#1916 = CARTESIAN_POINT ( 'NONE',  ( -0.1609999999999999500, -3.149606286627392700E-010, 0.1769999999999999100 ) ) ;
#1917 = ORIENTED_EDGE ( 'NONE', *, *, #1843, .F. ) ;
#1918 = LINE ( 'NONE', #2494, #2754 ) ;
#1919 = AXIS2_PLACEMENT_3D ( 'NONE', #1763, #2479, #1073 ) ;
#1920 = EDGE_CURVE ( 'NONE', #209, #1691, #3059, .T. ) ;
#1921 = ORIENTED_EDGE ( 'NONE', *, *, #1514, .F. ) ;
#1922 = CARTESIAN_POINT ( 'NONE',  ( -0.3690000000010520400, 0.1004999999999999900, -3.983293464900570800E-017 ) ) ;
#1923 = CARTESIAN_POINT ( 'NONE',  ( -0.2760000000000000200, -3.149606286627392700E-010, -5.122214988120493500E-017 ) ) ;
#1924 = CARTESIAN_POINT ( 'NONE',  ( -0.1380000000000000100, -0.03200000000469668800, 0.02949999999559597300 ) ) ;
#1925 = VERTEX_POINT ( 'NONE', #336 ) ;
#1926 = PLANE ( 'NONE',  #705 ) ;
#1927 = DIRECTION ( 'NONE',  ( 0.0000000000000000000, 0.0000000000000000000, 1.000000000000000000 ) ) ;
#1928 = ADVANCED_FACE ( 'NONE', ( #293 ), #829, .T. ) ;
#1929 = VECTOR ( 'NONE', #1440, 39.37007874015748100 ) ;
#1930 = CARTESIAN_POINT ( 'NONE',  ( -0.1802582504062935400, 0.09351983351084251800, 0.1038425196850393300 ) ) ;
#1931 = CARTESIAN_POINT ( 'NONE',  ( -0.2760000000000000200, 0.01393700787401573800, -0.09449999968503938800 ) ) ;
#1932 = ORIENTED_EDGE ( 'NONE', *, *, #918, .T. ) ;
#1933 = PLANE ( 'NONE',  #2146 ) ;
#1934 = DIRECTION ( 'NONE',  ( 1.000000000000000000, 0.0000000000000000000, 0.0000000000000000000 ) ) ;
#1935 = EDGE_CURVE ( 'NONE', #325, #457, #2410, .T. ) ;
#1936 = LINE ( 'NONE', #2760, #1185 ) ;
#1937 = CARTESIAN_POINT ( 'NONE',  ( -0.2234674087029380800, 0.1989999999999999800, -0.1179999999999999900 ) ) ;
#1938 = ORIENTED_EDGE ( 'NONE', *, *, #715, .T. ) ;
#1939 = CARTESIAN_POINT ( 'NONE',  ( -0.2760000000000000200, 0.009842519685039378600, -0.09450000000000004200 ) ) ;
#1940 = CARTESIAN_POINT ( 'NONE',  ( -0.3690000000010520400, 0.1005000000000000100, 0.09850000000472670900 ) ) ;
#1941 = PLANE ( 'NONE',  #1857 ) ;
#1942 = AXIS2_PLACEMENT_3D ( 'NONE', #2643, #1033, #330 ) ;
#1943 = ORIENTED_EDGE ( 'NONE', *, *, #750, .T. ) ;
#1944 = ORIENTED_EDGE ( 'NONE', *, *, #1291, .T. ) ;
#1945 = ADVANCED_FACE ( 'NONE', ( #2112 ), #347, .F. ) ;
#1946 = PLANE ( 'NONE',  #2795 ) ;
#1947 = CARTESIAN_POINT ( 'NONE',  ( 0.1555000000000000300, 0.009842519685039378600, 0.1769999999999998500 ) ) ;
#1948 = ORIENTED_EDGE ( 'NONE', *, *, #2681, .F. ) ;
#1949 = ORIENTED_EDGE ( 'NONE', *, *, #1822, .F. ) ;
#1950 = DIRECTION ( 'NONE',  ( 1.000000000000000000, 0.0000000000000000000, -1.224646799147353200E-016 ) ) ;
#1951 = FACE_OUTER_BOUND ( 'NONE', #987, .T. ) ;
#1952 = ORIENTED_EDGE ( 'NONE', *, *, #404, .F. ) ;
#1953 = ORIENTED_EDGE ( 'NONE', *, *, #33, .F. ) ;
#1954 = LINE ( 'NONE', #2942, #704 ) ;
#1955 = LINE ( 'NONE', #2737, #2034 ) ;
#1956 = PRODUCT_RELATED_PRODUCT_CATEGORY ( 'part', '', ( #488 ) ) ;
#1957 = CIRCLE ( 'NONE', #1191, 0.02949999999999998500 ) ;
#1958 = CIRCLE ( 'NONE', #1481, 0.07600000000192321000 ) ;
#1959 = ORIENTED_EDGE ( 'NONE', *, *, #387, .T. ) ;
#1960 = CONICAL_SURFACE ( 'NONE', #2087, 0.02949999999956596400, 0.7853981633974482800 ) ;
#1961 = EDGE_CURVE ( 'NONE', #2880, #1982, #1918, .T. ) ;
#1962 = DIRECTION ( 'NONE',  ( 0.0000000000000000000, 1.000000000000000000, -0.0000000000000000000 ) ) ;
#1963 = PLANE ( 'NONE',  #144 ) ;
#1964 = ORIENTED_EDGE ( 'NONE', *, *, #737, .F. ) ;
#1965 = EDGE_CURVE ( 'NONE', #2151, #2835, #870, .T. ) ;
#1966 = CARTESIAN_POINT ( 'NONE',  ( 0.2145000000000000500, 0.009999999999999995000, 0.09093494290383936900 ) ) ;
#1967 = DIRECTION ( 'NONE',  ( 1.000000000000000000, -0.0000000000000000000, -0.0000000000000000000 ) ) ;
#1968 = ADVANCED_FACE ( 'NONE', ( #1415 ), #1960, .T. ) ;
#1969 = CARTESIAN_POINT ( 'NONE',  ( -0.08750000000000002200, 0.01393700787401573800, -0.1043425196850394100 ) ) ;
#1970 = VERTEX_POINT ( 'NONE', #1784 ) ;
#1971 = CARTESIAN_POINT ( 'NONE',  ( -0.2234674087029380800, 0.009999999999999995000, -0.1769999999999999900 ) ) ;
#1972 = ADVANCED_FACE ( 'NONE', ( #1354 ), #2017, .F. ) ;
#1973 = DIRECTION ( 'NONE',  ( 0.0000000000000000000, 1.000000000000000000, 0.0000000000000000000 ) ) ;
#1974 = EDGE_CURVE ( 'NONE', #2174, #1449, #604, .T. ) ;
#1975 = AXIS2_PLACEMENT_3D ( 'NONE', #587, #1550, #116 ) ;
#1976 = ORIENTED_EDGE ( 'NONE', *, *, #1617, .F. ) ;
#1977 = DIRECTION ( 'NONE',  ( 0.0000000000000000000, -1.000000000000000000, 0.0000000000000000000 ) ) ;
#1978 = ADVANCED_FACE ( 'NONE', ( #2596 ), #2742, .T. ) ;
#1979 = ORIENTED_EDGE ( 'NONE', *, *, #1430, .T. ) ;
#1980 = AXIS2_PLACEMENT_3D ( 'NONE', #1618, #422, #2077 ) ;
#1981 = CARTESIAN_POINT ( 'NONE',  ( -0.1610000000000000000, 0.1990000000000000400, 0.1179999999999998700 ) ) ;
#1982 = VERTEX_POINT ( 'NONE', #126 ) ;
#1983 = CARTESIAN_POINT ( 'NONE',  ( 0.1555000000000000300, 0.0000000000000000000, 0.1769999999999998500 ) ) ;
#1984 = LINE ( 'NONE', #1053, #1306 ) ;
#1985 = EDGE_LOOP ( 'NONE', ( #2006, #1724, #1917, #3050, #1256 ) ) ;
#1986 = EDGE_LOOP ( 'NONE', ( #793, #573, #1353, #2946 ) ) ;
#1987 = LINE ( 'NONE', #808, #734 ) ;
#1988 = MECHANICAL_DESIGN_GEOMETRIC_PRESENTATION_REPRESENTATION (  '', ( #1536 ), #2147 ) ;
#1989 = FACE_OUTER_BOUND ( 'NONE', #2473, .T. ) ;
#1990 = CARTESIAN_POINT ( 'NONE',  ( -0.04650000000000003400, 0.1477973147807136700, -0.1043425196850394800 ) ) ;
#1991 = VECTOR ( 'NONE', #2013, 39.37007874015748100 ) ;
#1992 = LINE ( 'NONE', #256, #1381 ) ;
#1993 = CARTESIAN_POINT ( 'NONE',  ( 0.2145000000000000000, 0.0000000000000000000, 0.09093494290383939700 ) ) ;
#1994 = CYLINDRICAL_SURFACE ( 'NONE', #2185, 0.003937010000000002100 ) ;
#1995 = DIRECTION ( 'NONE',  ( 1.000000000000000000, -2.658010249892526800E-032, -1.224646799147353200E-016 ) ) ;
#1996 = EDGE_LOOP ( 'NONE', ( #2340, #202, #2617, #652 ) ) ;
#1997 = DIRECTION ( 'NONE',  ( 0.0000000000000000000, 0.0000000000000000000, 1.000000000000000000 ) ) ;
#1998 = CARTESIAN_POINT ( 'NONE',  ( 0.1380000000000000100, -0.03699999999999999100, -1.019225273659053600E-016 ) ) ;
#1999 = VECTOR ( 'NONE', #1731, 39.37007874015748100 ) ;
#2000 = ORIENTED_EDGE ( 'NONE', *, *, #810, .F. ) ;
#2001 = EDGE_CURVE ( 'NONE', #676, #695, #147, .T. ) ;
#2002 = EDGE_CURVE ( 'NONE', #2409, #581, #788, .T. ) ;
#2003 = DIRECTION ( 'NONE',  ( -1.000000000000000000, -0.0000000000000000000, 1.224646799147353200E-016 ) ) ;
#2004 = CARTESIAN_POINT ( 'NONE',  ( -0.04650000000000003400, 0.1477973147807136500, -0.1043425196850394500 ) ) ;
#2005 = DIRECTION ( 'NONE',  ( 0.0000000000000000000, 0.0000000000000000000, 1.000000000000000000 ) ) ;
#2006 = ORIENTED_EDGE ( 'NONE', *, *, #2860, .T. ) ;
#2007 = DIRECTION ( 'NONE',  ( 1.224646799147353200E-016, 0.0000000000000000000, 1.000000000000000000 ) ) ;
#2008 = CARTESIAN_POINT ( 'NONE',  ( 0.0000000000000000000, 0.0000000000000000000, 0.0000000000000000000 ) ) ;
#2009 = DIRECTION ( 'NONE',  ( 0.0000000000000000000, -1.000000000000000000, 0.0000000000000000000 ) ) ;
#2010 = DIRECTION ( 'NONE',  ( -1.000000000000000000, -0.0000000000000000000, -1.669259973802079600E-016 ) ) ;
#2011 = AXIS2_PLACEMENT_3D ( 'NONE', #1765, #349, #339 ) ;
#2012 = EDGE_LOOP ( 'NONE', ( #238, #2031, #371, #1770 ) ) ;
#2013 = DIRECTION ( 'NONE',  ( 0.0000000000000000000, -0.0000000000000000000, -1.000000000000000000 ) ) ;
#2014 = UNCERTAINTY_MEASURE_WITH_UNIT (LENGTH_MEASURE( 1.000000000000000100E-005 ), #2024, 'distance_accuracy_value', 'NONE');
#2015 = AXIS2_PLACEMENT_3D ( 'NONE', #2439, #2920, #790 ) ;
#2016 = FACE_OUTER_BOUND ( 'NONE', #1794, .T. ) ;
#2017 = PLANE ( 'NONE',  #2730 ) ;
#2018 = FILL_AREA_STYLE_COLOUR ( '', #2328 ) ;
#2019 = EDGE_CURVE ( 'NONE', #1401, #1758, #219, .T. ) ;
#2020 = CARTESIAN_POINT ( 'NONE',  ( 0.1380000000000000100, -0.03699999999999999100, -0.02950000000000008900 ) ) ;
#2021 = CARTESIAN_POINT ( 'NONE',  ( -0.2460000000000000000, 0.1990000000000000400, 0.1179999999999999000 ) ) ;
#2022 = ORIENTED_EDGE ( 'NONE', *, *, #3035, .T. ) ;
#2023 = ORIENTED_EDGE ( 'NONE', *, *, #482, .F. ) ;
#2024 =( CONVERSION_BASED_UNIT ( 'INCH', #2978 ) LENGTH_UNIT ( ) NAMED_UNIT ( #226 ) );
#2025 = ORIENTED_EDGE ( 'NONE', *, *, #1604, .F. ) ;
#2026 = ORIENTED_EDGE ( 'NONE', *, *, #1115, .T. ) ;
#2027 = VECTOR ( 'NONE', #1153, 39.37007874015748100 ) ;
#2028 = DIRECTION ( 'NONE',  ( 0.0000000000000000000, -2.342162472070471100E-016, -1.000000000000000000 ) ) ;
#2029 =( NAMED_UNIT ( * ) PLANE_ANGLE_UNIT ( ) SI_UNIT ( $, .RADIAN. ) );
#2030 = CARTESIAN_POINT ( 'NONE',  ( -0.1609999999999999500, 0.09351983351084251800, 0.1038425196850393300 ) ) ;
#2031 = ORIENTED_EDGE ( 'NONE', *, *, #163, .F. ) ;
#2032 = VERTEX_POINT ( 'NONE', #1802 ) ;
#2033 = LINE ( 'NONE', #2498, #778 ) ;
#2034 = VECTOR ( 'NONE', #1096, 39.37007874015748100 ) ;
#2035 = EDGE_CURVE ( 'NONE', #1328, #769, #1883, .T. ) ;
#2036 = FACE_BOUND ( 'NONE', #1224, .T. ) ;
#2037 =( NAMED_UNIT ( * ) SI_UNIT ( $, .STERADIAN. ) SOLID_ANGLE_UNIT ( ) );
#2038 = VECTOR ( 'NONE', #2181, 39.37007874015748100 ) ;
#2039 = EDGE_LOOP ( 'NONE', ( #344, #321, #856, #1811 ) ) ;
#2040 = CARTESIAN_POINT ( 'NONE',  ( 0.1380000000000000100, -0.03200000000084918900, 0.02950000000117543300 ) ) ;
#2041 = VECTOR ( 'NONE', #2759, 39.37007874015748100 ) ;
#2042 = CARTESIAN_POINT ( 'NONE',  ( -0.2258959126587038700, 0.1856826890632744300, 0.09399999968503933200 ) ) ;
#2043 = EDGE_LOOP ( 'NONE', ( #1959, #1142, #1070, #416 ) ) ;
#2044 = CARTESIAN_POINT ( 'NONE',  ( -0.3740000000010423900, 0.1004999999999999900, -3.841661241090370500E-017 ) ) ;
#2045 = CARTESIAN_POINT ( 'NONE',  ( -0.2760000000000000200, 0.1004999999999999900, -5.122214988120493500E-017 ) ) ;
#2046 = VERTEX_POINT ( 'NONE', #880 ) ;
#2047 = CARTESIAN_POINT ( 'NONE',  ( -0.2760000000000000200, 0.0000000000000000000, -1.308241918257828800E-016 ) ) ;
#2048 = DIRECTION ( 'NONE',  ( -0.0000000000000000000, 0.0000000000000000000, 1.000000000000000000 ) ) ;
#2049 = EDGE_CURVE ( 'NONE', #1521, #457, #710, .T. ) ;
#2050 = CARTESIAN_POINT ( 'NONE',  ( -0.2019685039370078500, 0.01377952755905513700, 0.09399999968503931800 ) ) ;
#2051 = CARTESIAN_POINT ( 'NONE',  ( -0.1610000000000000000, 0.1990000000000000400, 0.09399999999999994500 ) ) ;
#2052 = DIRECTION ( 'NONE',  ( -0.0000000000000000000, -1.000000000000000000, 0.0000000000000000000 ) ) ;
#2053 = VERTEX_POINT ( 'NONE', #2767 ) ;
#2054 = AXIS2_PLACEMENT_3D ( 'NONE', #2562, #2320, #668 ) ;
#2055 = CARTESIAN_POINT ( 'NONE',  ( -0.3740000000010423900, 0.1004999999999999900, -3.841661241090370500E-017 ) ) ;
#2056 = PLANE ( 'NONE',  #166 ) ;
#2057 = ORIENTED_EDGE ( 'NONE', *, *, #1350, .T. ) ;
#2058 = VERTEX_POINT ( 'NONE', #1357 ) ;
#2059 = PLANE ( 'NONE',  #84 ) ;
#2060 = DIRECTION ( 'NONE',  ( -1.000000000000000000, 0.0000000000000000000, 1.224646799147353200E-016 ) ) ;
#2061 = EDGE_CURVE ( 'NONE', #1223, #2409, #2528, .T. ) ;
#2062 = ORIENTED_EDGE ( 'NONE', *, *, #1869, .T. ) ;
#2063 = CARTESIAN_POINT ( 'NONE',  ( -0.08750000000000002200, 0.1004999999999999800, -0.1043425196850394200 ) ) ;
#2064 = EDGE_CURVE ( 'NONE', #731, #485, #2453, .T. ) ;
#2065 = DIRECTION ( 'NONE',  ( -0.0000000000000000000, 0.0000000000000000000, 1.000000000000000000 ) ) ;
#2066 = LINE ( 'NONE', #73, #953 ) ;
#2067 = VERTEX_POINT ( 'NONE', #400 ) ;
#2068 = LINE ( 'NONE', #2680, #1439 ) ;
#2069 = CARTESIAN_POINT ( 'NONE',  ( 0.1380000000000000100, -0.03699999999999999100, -1.019225273659053600E-016 ) ) ;
#2070 = VECTOR ( 'NONE', #2533, 39.37007874015748100 ) ;
#2071 = CIRCLE ( 'NONE', #569, 0.02949999999999998500 ) ;
#2072 = CARTESIAN_POINT ( 'NONE',  ( -0.1265000000000000000, 0.1989999999999999800, -0.1180000000000000100 ) ) ;
#2073 = LINE ( 'NONE', #19, #180 ) ;
#2074 = FACE_OUTER_BOUND ( 'NONE', #1391, .T. ) ;
#2075 = EDGE_LOOP ( 'NONE', ( #1194, #1776, #1477 ) ) ;
#2076 = EDGE_CURVE ( 'NONE', #680, #1906, #1203, .T. ) ;
#2077 = DIRECTION ( 'NONE',  ( -1.224646799147353000E-016, 0.0000000000000000000, -1.000000000000000000 ) ) ;
#2078 = LINE ( 'NONE', #1510, #1386 ) ;
#2079 = PLANE ( 'NONE',  #969 ) ;
#2080 = VERTEX_POINT ( 'NONE', #1131 ) ;
#2081 = AXIS2_PLACEMENT_3D ( 'NONE', #1400, #2339, #3066 ) ;
#2082 = CARTESIAN_POINT ( 'NONE',  ( -0.2760000000000000200, 0.009842519685039378600, -0.1082795296850393900 ) ) ;
#2083 = CARTESIAN_POINT ( 'NONE',  ( -0.1609999999999999500, -3.149606201257143300E-010, 0.1077795296850393200 ) ) ;
#2084 = VERTEX_POINT ( 'NONE', #2775 ) ;
#2085 = ORIENTED_EDGE ( 'NONE', *, *, #2129, .F. ) ;
#2086 = DIRECTION ( 'NONE',  ( 0.0000000000000000000, 0.0000000000000000000, -1.000000000000000000 ) ) ;
#2087 = AXIS2_PLACEMENT_3D ( 'NONE', #2246, #1323, #2977 ) ;
#2088 = EDGE_CURVE ( 'NONE', #2757, #2429, #3022, .T. ) ;
#2089 = CARTESIAN_POINT ( 'NONE',  ( 0.3049999999999999400, 0.1639764880291706400, -0.05900000000000011500 ) ) ;
#2090 = ORIENTED_EDGE ( 'NONE', *, *, #212, .F. ) ;
#2091 = FACE_OUTER_BOUND ( 'NONE', #2968, .T. ) ;
#2092 = PLANE ( 'NONE',  #2950 ) ;
#2093 = DIRECTION ( 'NONE',  ( 1.000000000000000000, 0.0000000000000000000, -1.224646799147353200E-016 ) ) ;
#2094 = EDGE_LOOP ( 'NONE', ( #2345, #2612 ) ) ;
#2095 = CLOSED_SHELL ( 'NONE', ( #1236, #2861, #307, #1428, #974, #988, #1499, #1755, #728, #2855, #2403, #1475, #2149, #487, #1686, #1517, #519, #2887 ) ) ;
#2096 = DIRECTION ( 'NONE',  ( -0.0000000000000000000, -1.000000000000000000, -0.0000000000000000000 ) ) ;
#2097 = ORIENTED_EDGE ( 'NONE', *, *, #2803, .T. ) ;
#2098 = DIRECTION ( 'NONE',  ( 0.0000000000000000000, 0.0000000000000000000, 1.000000000000000000 ) ) ;
#2099 = ORIENTED_EDGE ( 'NONE', *, *, #875, .T. ) ;
#2100 = EDGE_CURVE ( 'NONE', #611, #1780, #1743, .T. ) ;
#2101 = FACE_OUTER_BOUND ( 'NONE', #207, .T. ) ;
#2102 = VECTOR ( 'NONE', #946, 39.37007874015748100 ) ;
#2103 = ORIENTED_EDGE ( 'NONE', *, *, #248, .F. ) ;
#2104 = ORIENTED_EDGE ( 'NONE', *, *, #1077, .F. ) ;
#2105 = DIRECTION ( 'NONE',  ( 0.0000000000000000000, 1.000000000000000000, 0.0000000000000000000 ) ) ;
#2106 = VECTOR ( 'NONE', #802, 39.37007874015748100 ) ;
#2107 = LINE ( 'NONE', #2474, #1411 ) ;
#2108 = CIRCLE ( 'NONE', #2829, 0.003937010000000002100 ) ;
#2109 = DIMENSIONAL_EXPONENTS ( 1.000000000000000000, 0.0000000000000000000, 0.0000000000000000000, 0.0000000000000000000, 0.0000000000000000000, 0.0000000000000000000, 0.0000000000000000000 ) ;
#2110 = LINE ( 'NONE', #1490, #866 ) ;
#2111 = ORIENTED_EDGE ( 'NONE', *, *, #1187, .F. ) ;
#2112 = FACE_OUTER_BOUND ( 'NONE', #1986, .T. ) ;
#2113 = CARTESIAN_POINT ( 'NONE',  ( 0.1555000000000000300, 0.01200000000000000200, 0.1179999999999998400 ) ) ;
#2114 = PRESENTATION_LAYER_ASSIGNMENT (  '', '', ( #2432 ) ) ;
#2115 = DIRECTION ( 'NONE',  ( 0.0000000000000000000, 0.0000000000000000000, 1.000000000000000000 ) ) ;
#2116 = ORIENTED_EDGE ( 'NONE', *, *, #2839, .F. ) ;
#2117 = CARTESIAN_POINT ( 'NONE',  ( 0.2949999999999999300, 0.1990000000000000400, 0.1179999999999998300 ) ) ;
#2118 = EDGE_LOOP ( 'NONE', ( #274, #894, #3029, #1192 ) ) ;
#2119 = VECTOR ( 'NONE', #2570, 39.37007874015748100 ) ;
#2120 = EDGE_CURVE ( 'NONE', #2084, #1821, #560, .T. ) ;
#2121 = CARTESIAN_POINT ( 'NONE',  ( -0.2019685039370078500, 0.009842519685039378600, 0.1038425196850393300 ) ) ;
#2122 = DIRECTION ( 'NONE',  ( 1.000000000000000000, 0.0000000000000000000, -1.224646799147353200E-016 ) ) ;
#2123 = EDGE_CURVE ( 'NONE', #2809, #1368, #644, .T. ) ;
#2124 = DIMENSIONAL_EXPONENTS ( 1.000000000000000000, 0.0000000000000000000, 0.0000000000000000000, 0.0000000000000000000, 0.0000000000000000000, 0.0000000000000000000, 0.0000000000000000000 ) ;
#2125 = ORIENTED_EDGE ( 'NONE', *, *, #1068, .T. ) ;
#2126 = VERTEX_POINT ( 'NONE', #1616 ) ;
#2127 = DIRECTION ( 'NONE',  ( 0.0000000000000000000, 3.628235616585351600E-015, -1.000000000000000000 ) ) ;
#2128 = CARTESIAN_POINT ( 'NONE',  ( -0.2760000000000000200, 0.1004999999999999800, -0.1043425196850394100 ) ) ;
#2129 = EDGE_CURVE ( 'NONE', #1691, #971, #414, .T. ) ;
#2130 = AXIS2_PLACEMENT_3D ( 'NONE', #2281, #876, #2516 ) ;
#2131 = VERTEX_POINT ( 'NONE', #2072 ) ;
#2132 = ADVANCED_FACE ( 'NONE', ( #477 ), #2550, .F. ) ;
#2133 = FACE_OUTER_BOUND ( 'NONE', #2359, .T. ) ;
#2134 = ORIENTED_EDGE ( 'NONE', *, *, #3092, .F. ) ;
#2135 = ORIENTED_EDGE ( 'NONE', *, *, #2705, .F. ) ;
#2136 = DIRECTION ( 'NONE',  ( 0.0000000000000000000, -1.000000000000000000, 2.170430079712074500E-016 ) ) ;
#2137 = CIRCLE ( 'NONE', #2957, 0.02949999999999998500 ) ;
#2138 = VECTOR ( 'NONE', #1117, 39.37007874015748100 ) ;
#2139 = VECTOR ( 'NONE', #2996, 39.37007874015748100 ) ;
#2140 = LINE ( 'NONE', #2876, #1445 ) ;
#2141 = ADVANCED_FACE ( 'NONE', ( #1050 ), #186, .T. ) ;
#2142 = LINE ( 'NONE', #689, #2711 ) ;
#2143 = CARTESIAN_POINT ( 'NONE',  ( 0.3100000000000000000, 0.1639764880291706400, -0.05900000000000011500 ) ) ;
#2144 = ORIENTED_EDGE ( 'NONE', *, *, #1288, .F. ) ;
#2145 = VECTOR ( 'NONE', #46, 39.37007874015748100 ) ;
#2146 = AXIS2_PLACEMENT_3D ( 'NONE', #1240, #520, #2177 ) ;
#2147 =( GEOMETRIC_REPRESENTATION_CONTEXT ( 3 ) GLOBAL_UNCERTAINTY_ASSIGNED_CONTEXT ( ( #1388 ) ) GLOBAL_UNIT_ASSIGNED_CONTEXT ( ( #795, #1034, #1729 ) ) REPRESENTATION_CONTEXT ( 'NONE', 'WORKASPACE' ) );
#2148 = CARTESIAN_POINT ( 'NONE',  ( -0.2760000000000000200, 0.009842519685039378600, 0.1769999999999998500 ) ) ;
#2149 = ADVANCED_FACE ( 'NONE', ( #1612 ), #672, .T. ) ;
#2150 = EDGE_LOOP ( 'NONE', ( #2062, #2311, #720, #1260, #222 ) ) ;
#2151 = VERTEX_POINT ( 'NONE', #2083 ) ;
#2152 = CARTESIAN_POINT ( 'NONE',  ( 0.2145000000000000000, 0.009999999999999995000, 0.09093494290383936900 ) ) ;
#2153 = EDGE_CURVE ( 'NONE', #2058, #2956, #2304, .T. ) ;
#2154 = DIRECTION ( 'NONE',  ( -2.868321774504154300E-032, 1.000000000000000000, -2.342162472070471100E-016 ) ) ;
#2155 = DIRECTION ( 'NONE',  ( -1.000000000000000000, 0.0000000000000000000, 1.224646799147353200E-016 ) ) ;
#2156 = EDGE_CURVE ( 'NONE', #81, #1698, #335, .T. ) ;
#2157 = VERTEX_POINT ( 'NONE', #1159 ) ;
#2158 = DIRECTION ( 'NONE',  ( 0.0000000000000000000, 0.0000000000000000000, -1.000000000000000000 ) ) ;
#2159 = FACE_OUTER_BOUND ( 'NONE', #938, .T. ) ;
#2160 = ADVANCED_FACE ( 'NONE', ( #2219 ), #193, .T. ) ;
#2161 = DIRECTION ( 'NONE',  ( 0.0000000000000000000, -1.000000000000000000, 0.0000000000000000000 ) ) ;
#2162 = DIRECTION ( 'NONE',  ( 0.0000000000000000000, 1.000000000000000000, -2.342162472070471100E-016 ) ) ;
#2163 = ORIENTED_EDGE ( 'NONE', *, *, #1469, .T. ) ;
#2164 = CARTESIAN_POINT ( 'NONE',  ( -0.2460000000000000000, 0.1990000000000000400, 0.09399999999999995900 ) ) ;
#2165 = EDGE_LOOP ( 'NONE', ( #1623, #688, #904, #1944, #886, #2412 ) ) ;
#2166 = AXIS2_PLACEMENT_3D ( 'NONE', #112, #2009, #1285 ) ;
#2167 = CARTESIAN_POINT ( 'NONE',  ( -0.2760000000000000200, 0.1005000000000000100, 0.09849999999999994900 ) ) ;
#2168 = ORIENTED_EDGE ( 'NONE', *, *, #363, .F. ) ;
#2169 = AXIS2_PLACEMENT_3D ( 'NONE', #302, #2911, #2195 ) ;
#2170 = ORIENTED_EDGE ( 'NONE', *, *, #260, .F. ) ;
#2171 = CYLINDRICAL_SURFACE ( 'NONE', #1458, 0.02949999999999998500 ) ;
#2172 = LINE ( 'NONE', #2117, #2102 ) ;
#2173 = ORIENTED_EDGE ( 'NONE', *, *, #514, .F. ) ;
#2174 = VERTEX_POINT ( 'NONE', #2572 ) ;
#2175 = EDGE_CURVE ( 'NONE', #1970, #191, #902, .T. ) ;
#2176 = LINE ( 'NONE', #1990, #2260 ) ;
#2177 = DIRECTION ( 'NONE',  ( 1.224646799147353200E-016, 0.0000000000000000000, 1.000000000000000000 ) ) ;
#2178 = DIRECTION ( 'NONE',  ( 1.000000000000000000, -0.0000000000000000000, -1.224646799147353200E-016 ) ) ;
#2179 = LINE ( 'NONE', #2624, #374 ) ;
#2180 = PLANE ( 'NONE',  #1025 ) ;
#2181 = DIRECTION ( 'NONE',  ( -0.0000000000000000000, -1.000000000000000000, -0.0000000000000000000 ) ) ;
#2182 = VECTOR ( 'NONE', #2994, 39.37007874015748100 ) ;
#2183 = EDGE_LOOP ( 'NONE', ( #2099, #2823, #2684, #451 ) ) ;
#2184 = ADVANCED_FACE ( 'NONE', ( #2074 ), #3064, .T. ) ;
#2185 = AXIS2_PLACEMENT_3D ( 'NONE', #2343, #1180, #1397 ) ;
#2186 = ORIENTED_EDGE ( 'NONE', *, *, #2153, .T. ) ;
#2187 = ORIENTED_EDGE ( 'NONE', *, *, #2448, .T. ) ;
#2188 = DIRECTION ( 'NONE',  ( 1.224646799147353200E-016, 0.0000000000000000000, 1.000000000000000000 ) ) ;
#2189 = EDGE_CURVE ( 'NONE', #1036, #676, #2142, .T. ) ;
#2190 = ORIENTED_EDGE ( 'NONE', *, *, #1787, .T. ) ;
#2191 = DIRECTION ( 'NONE',  ( -1.000000000000000000, 0.0000000000000000000, 0.0000000000000000000 ) ) ;
#2192 = DIRECTION ( 'NONE',  ( -1.224646799147353200E-016, 0.0000000000000000000, -1.000000000000000000 ) ) ;
#2193 = CIRCLE ( 'NONE', #1594, 0.003937010000000002100 ) ;
#2194 = CARTESIAN_POINT ( 'NONE',  ( -0.1265000000000000300, 0.1477973147807136500, -0.1043425196850394500 ) ) ;
#2195 = DIRECTION ( 'NONE',  ( 0.0000000000000000000, 0.0000000000000000000, 1.000000000000000000 ) ) ;
#2196 = ADVANCED_FACE ( 'NONE', ( #1447 ), #1994, .F. ) ;
#2197 = VERTEX_POINT ( 'NONE', #1403 ) ;
#2198 = CARTESIAN_POINT ( 'NONE',  ( -0.08750000000000006400, 0.009842519685039378600, -0.1770000000000000500 ) ) ;
#2199 = CARTESIAN_POINT ( 'NONE',  ( -0.2760000000000000200, 0.1004999999999999900, -5.122214988120493500E-017 ) ) ;
#2200 = ADVANCED_FACE ( 'NONE', ( #1382, #181 ), #213, .T. ) ;
#2201 = EDGE_CURVE ( 'NONE', #769, #1543, #741, .T. ) ;
#2202 = CARTESIAN_POINT ( 'NONE',  ( -0.1802582504062935400, 0.09351983351084251800, 0.09399999968503931800 ) ) ;
#2203 = EDGE_LOOP ( 'NONE', ( #2508, #1418 ) ) ;
#2204 = SURFACE_STYLE_USAGE ( .BOTH. , #86 ) ;
#2205 = DIRECTION ( 'NONE',  ( -0.0000000000000000000, -1.000000000000000000, -0.0000000000000000000 ) ) ;
#2206 = AXIS2_PLACEMENT_3D ( 'NONE', #2748, #2531, #2505 ) ;
#2207 = ORIENTED_EDGE ( 'NONE', *, *, #2485, .F. ) ;
#2208 = DIRECTION ( 'NONE',  ( -1.000000000000000000, 0.0000000000000000000, 1.224646799147353000E-016 ) ) ;
#2209 = FACE_OUTER_BOUND ( 'NONE', #1985, .T. ) ;
#2210 = ORIENTED_EDGE ( 'NONE', *, *, #951, .F. ) ;
#2211 = ADVANCED_FACE ( 'NONE', ( #2623 ), #2577, .T. ) ;
#2212 = VERTEX_POINT ( 'NONE', #2353 ) ;
#2213 = FACE_OUTER_BOUND ( 'NONE', #2248, .T. ) ;
#2214 = DIRECTION ( 'NONE',  ( 0.0000000000000000000, 2.342162472070471100E-016, 1.000000000000000000 ) ) ;
#2215 = VECTOR ( 'NONE', #2750, 39.37007874015748100 ) ;
#2216 = DIRECTION ( 'NONE',  ( -0.0000000000000000000, -1.000000000000000000, -0.0000000000000000000 ) ) ;
#2217 = FACE_OUTER_BOUND ( 'NONE', #513, .T. ) ;
#2218 = FACE_OUTER_BOUND ( 'NONE', #1996, .T. ) ;
#2219 = FACE_OUTER_BOUND ( 'NONE', #1000, .T. ) ;
#2220 = EDGE_CURVE ( 'NONE', #1805, #2399, #2561, .T. ) ;
#2221 = DIRECTION ( 'NONE',  ( -1.000000000000000000, -0.0000000000000000000, 1.224646799147353200E-016 ) ) ;
#2222 = ORIENTED_EDGE ( 'NONE', *, *, #1904, .T. ) ;
#2223 = EDGE_CURVE ( 'NONE', #1315, #605, #823, .T. ) ;
#2224 = CARTESIAN_POINT ( 'NONE',  ( 0.3100000000000000000, 0.01500000000000004500, 0.01999999999999987600 ) ) ;
#2225 = VECTOR ( 'NONE', #1392, 39.37007874015748100 ) ;
#2226 = DIRECTION ( 'NONE',  ( -0.0000000000000000000, -1.000000000000000000, 0.0000000000000000000 ) ) ;
#2227 = CARTESIAN_POINT ( 'NONE',  ( -0.1380000000000000100, -0.03699999999999999100, -6.812227570943840900E-017 ) ) ;
#2228 = FILL_AREA_STYLE ('',( #574 ) ) ;
#2229 = CARTESIAN_POINT ( 'NONE',  ( 0.2949999999999999300, 0.01499999999999999400, -0.05900000000000011500 ) ) ;
#2230 = ORIENTED_EDGE ( 'NONE', *, *, #3069, .T. ) ;
#2231 = ORIENTED_EDGE ( 'NONE', *, *, #1604, .T. ) ;
#2232 = VERTEX_POINT ( 'NONE', #2600 ) ;
#2233 = EDGE_CURVE ( 'NONE', #2655, #954, #2484, .T. ) ;
#2234 = CARTESIAN_POINT ( 'NONE',  ( 0.3049999999999999400, 0.1639764880291706400, -0.05900000000000011500 ) ) ;
#2235 = VECTOR ( 'NONE', #3090, 39.37007874015748100 ) ;
#2236 = CARTESIAN_POINT ( 'NONE',  ( -0.2760000000000000200, 0.1004999999999999900, -0.07100000000000003500 ) ) ;
#2237 = STYLED_ITEM ( 'NONE', ( #284 ), #2802 ) ;
#2238 = DIRECTION ( 'NONE',  ( -0.7071067811865475700, 8.659560562354931600E-017, -0.7071067811865474600 ) ) ;
#2239 = EDGE_CURVE ( 'NONE', #1780, #1305, #1915, .T. ) ;
#2240 = ORIENTED_EDGE ( 'NONE', *, *, #2290, .F. ) ;
#2241 = DIRECTION ( 'NONE',  ( -1.224646799147353200E-016, 0.0000000000000000000, -1.000000000000000000 ) ) ;
#2242 = AXIS2_PLACEMENT_3D ( 'NONE', #1772, #356, #2007 ) ;
#2243 = DIRECTION ( 'NONE',  ( 1.000000000000000000, 0.0000000000000000000, -1.224646799147353200E-016 ) ) ;
#2244 = EDGE_CURVE ( 'NONE', #1305, #1135, #27, .T. ) ;
#2245 = ADVANCED_FACE ( 'NONE', ( #674 ), #1168, .T. ) ;
#2246 = CARTESIAN_POINT ( 'NONE',  ( 0.1380000000000000100, -0.03200000000245875600, -1.019225273659053600E-016 ) ) ;
#2247 = ORIENTED_EDGE ( 'NONE', *, *, #1961, .T. ) ;
#2248 = EDGE_LOOP ( 'NONE', ( #1242, #1589, #2979, #2252 ) ) ;
#2249 = CARTESIAN_POINT ( 'NONE',  ( -0.04650000000000003400, 0.002000000000000006100, -0.1043425196850394400 ) ) ;
#2250 = CARTESIAN_POINT ( 'NONE',  ( -0.1380000000000000100, -0.03699999999999999100, -0.02950000000000005400 ) ) ;
#2251 = EDGE_LOOP ( 'NONE', ( #2023, #160, #2493, #986 ) ) ;
#2252 = ORIENTED_EDGE ( 'NONE', *, *, #801, .F. ) ;
#2253 = FACE_OUTER_BOUND ( 'NONE', #2039, .T. ) ;
#2254 = DIRECTION ( 'NONE',  ( 0.7071067810283020400, 0.0000000000000000000, -0.7071067813447929900 ) ) ;
#2255 = LINE ( 'NONE', #2597, #2816 ) ;
#2256 = ORIENTED_EDGE ( 'NONE', *, *, #2035, .T. ) ;
#2257 = CARTESIAN_POINT ( 'NONE',  ( -0.04150000000000002300, 0.002000000000000007000, -0.1180000000000000400 ) ) ;
#2258 = CARTESIAN_POINT ( 'NONE',  ( 0.3099999999999998300, 0.01499999999999999400, -0.05900000000000011500 ) ) ;
#2259 = ORIENTED_EDGE ( 'NONE', *, *, #421, .T. ) ;
#2260 = VECTOR ( 'NONE', #579, 39.37007874015748100 ) ;
#2261 = CARTESIAN_POINT ( 'NONE',  ( -0.3740000000000000000, 0.1005000000000000100, 0.09849999999999997600 ) ) ;
#2262 = VECTOR ( 'NONE', #2858, 39.37007874015748100 ) ;
#2263 = DIRECTION ( 'NONE',  ( -1.000000000000000000, 0.0000000000000000000, 1.224646799147353200E-016 ) ) ;
#2264 = ORIENTED_EDGE ( 'NONE', *, *, #657, .F. ) ;
#2265 =( NAMED_UNIT ( * ) PLANE_ANGLE_UNIT ( ) SI_UNIT ( $, .RADIAN. ) );
#2266 = VERTEX_POINT ( 'NONE', #1205 ) ;
#2267 = CARTESIAN_POINT ( 'NONE',  ( 0.1555000000000000300, 0.1990000000000000400, 0.1179999999999998400 ) ) ;
#2268 = EDGE_CURVE ( 'NONE', #1516, #2739, #1231, .T. ) ;
#2269 = CARTESIAN_POINT ( 'NONE',  ( -0.08750000000000006400, 0.009842519685039378600, -0.1770000000000000500 ) ) ;
#2270 = VERTEX_POINT ( 'NONE', #2845 ) ;
#2271 = CARTESIAN_POINT ( 'NONE',  ( 0.2949999999999998700, 0.1639764880291706400, 0.01999999999999987200 ) ) ;
#2272 = CARTESIAN_POINT ( 'NONE',  ( -0.04150000000000001600, 0.1989999999999999800, -0.09450000000000009800 ) ) ;
#2273 = DIRECTION ( 'NONE',  ( 1.000000000000000000, 0.0000000000000000000, -1.224646799147353200E-016 ) ) ;
#2274 = EDGE_LOOP ( 'NONE', ( #2762, #1296, #1414, #1949 ) ) ;
#2275 = AXIS2_PLACEMENT_3D ( 'NONE', #571, #118, #1553 ) ;
#2276 = CARTESIAN_POINT ( 'NONE',  ( 0.2145000000000000000, 0.0000000000000000000, 0.1769999999999998500 ) ) ;
#2277 = DIRECTION ( 'NONE',  ( 0.0000000000000000000, 1.000000000000000000, 0.0000000000000000000 ) ) ;
#2278 = VECTOR ( 'NONE', #1012, 39.37007874015748100 ) ;
#2279 = AXIS2_PLACEMENT_3D ( 'NONE', #1417, #462, #2122 ) ;
#2280 = DIRECTION ( 'NONE',  ( 0.0000000000000000000, 1.000000000000000000, 0.0000000000000000000 ) ) ;
#2281 = CARTESIAN_POINT ( 'NONE',  ( -0.3690000000010520400, 0.1004999999999999900, -3.983293464900570800E-017 ) ) ;
#2282 = ORIENTED_EDGE ( 'NONE', *, *, #799, .F. ) ;
#2283 = CARTESIAN_POINT ( 'NONE',  ( -0.1380000000000000100, 0.002000000000000006100, 0.02949999999999991900 ) ) ;
#2284 = LENGTH_MEASURE_WITH_UNIT ( LENGTH_MEASURE( 0.02539999999999999900 ), #1793 );
#2285 = VECTOR ( 'NONE', #1631, 39.37007874015748100 ) ;
#2286 = ORIENTED_EDGE ( 'NONE', *, *, #1807, .F. ) ;
#2287 = DIRECTION ( 'NONE',  ( 0.0000000000000000000, 0.0000000000000000000, 1.000000000000000000 ) ) ;
#2288 = EDGE_CURVE ( 'NONE', #867, #209, #2407, .T. ) ;
#2289 = DIRECTION ( 'NONE',  ( -1.000000000000000000, -0.0000000000000000000, -0.0000000000000000000 ) ) ;
#2290 = EDGE_CURVE ( 'NONE', #2744, #549, #2976, .T. ) ;
#2291 = CARTESIAN_POINT ( 'NONE',  ( -0.2234674087029380500, 0.0000000000000000000, -0.09450000000000002800 ) ) ;
#2292 = DIRECTION ( 'NONE',  ( 1.000000000000000000, 0.0000000000000000000, -1.224646799147353200E-016 ) ) ;
#2293 = ORIENTED_EDGE ( 'NONE', *, *, #328, .F. ) ;
#2294 = LINE ( 'NONE', #2872, #2929 ) ;
#2295 = ORIENTED_EDGE ( 'NONE', *, *, #578, .F. ) ;
#2296 = VECTOR ( 'NONE', #1262, 39.37007874015748100 ) ;
#2297 = EDGE_CURVE ( 'NONE', #2659, #2232, #1779, .T. ) ;
#2298 = VECTOR ( 'NONE', #2010, 39.37007874015748100 ) ;
#2299 = PLANE ( 'NONE',  #1208 ) ;
#2300 = DIRECTION ( 'NONE',  ( 0.0000000000000000000, 2.170430079712074500E-016, 1.000000000000000000 ) ) ;
#2301 = LINE ( 'NONE', #2051, #411 ) ;
#2302 = VECTOR ( 'NONE', #532, 39.37007874015748100 ) ;
#2303 = AXIS2_PLACEMENT_3D ( 'NONE', #843, #2496, #1094 ) ;
#2304 = LINE ( 'NONE', #2321, #2789 ) ;
#2305 = ORIENTED_EDGE ( 'NONE', *, *, #2869, .F. ) ;
#2306 = DIRECTION ( 'NONE',  ( 1.000000000000000000, -0.0000000000000000000, -1.224646799147353000E-016 ) ) ;
#2307 = CARTESIAN_POINT ( 'NONE',  ( -0.1265000000000000300, -0.03700000000000000500, -0.1179999999999999700 ) ) ;
#2308 = DIRECTION ( 'NONE',  ( 0.0000000000000000000, 1.000000000000000000, 0.0000000000000000000 ) ) ;
#2309 = DIRECTION ( 'NONE',  ( -1.224646799147353200E-016, 0.0000000000000000000, -1.000000000000000000 ) ) ;
#2310 = AXIS2_PLACEMENT_3D ( 'NONE', #2799, #3046, #1627 ) ;
#2311 = ORIENTED_EDGE ( 'NONE', *, *, #1302, .T. ) ;
#2312 = ORIENTED_EDGE ( 'NONE', *, *, #35, .T. ) ;
#2313 = DIRECTION ( 'NONE',  ( 0.0000000000000000000, 1.000000000000000000, 0.0000000000000000000 ) ) ;
#2314 = VECTOR ( 'NONE', #2360, 39.37007874015748100 ) ;
#2315 = CARTESIAN_POINT ( 'NONE',  ( 0.1555000000000000300, 0.01200000000000000200, 0.08699999999999993800 ) ) ;
#2316 = ORIENTED_EDGE ( 'NONE', *, *, #2421, .T. ) ;
#2317 = CARTESIAN_POINT ( 'NONE',  ( -0.1802582504062935400, 0.09351983351084251800, 0.1038425196850393300 ) ) ;
#2318 = DIRECTION ( 'NONE',  ( 0.0000000000000000000, 0.0000000000000000000, 1.000000000000000000 ) ) ;
#2319 = EDGE_LOOP ( 'NONE', ( #2103, #2230, #1866, #2689 ) ) ;
#2320 = DIRECTION ( 'NONE',  ( 1.224646799147353200E-016, -0.0000000000000000000, 1.000000000000000000 ) ) ;
#2321 = CARTESIAN_POINT ( 'NONE',  ( 0.2949999999999999300, 0.1990000000000000400, 0.1179999999999999000 ) ) ;
#2322 = EDGE_CURVE ( 'NONE', #1798, #2080, #1093, .T. ) ;
#2323 = ORIENTED_EDGE ( 'NONE', *, *, #1841, .F. ) ;
#2324 = ORIENTED_EDGE ( 'NONE', *, *, #2905, .F. ) ;
#2325 = PLANE ( 'NONE',  #2614 ) ;
#2326 = EDGE_CURVE ( 'NONE', #1516, #2757, #2893, .T. ) ;
#2327 = CARTESIAN_POINT ( 'NONE',  ( 0.3739999999999998900, 0.009842519685039378600, -1.308241918257828800E-016 ) ) ;
#2328 = COLOUR_RGB ( '',0.7921568627450980000, 0.8196078431372548800, 0.9333333333333333500 ) ;
#2329 = ORIENTED_EDGE ( 'NONE', *, *, #713, .T. ) ;
#2330 = ORIENTED_EDGE ( 'NONE', *, *, #2458, .F. ) ;
#2331 = CYLINDRICAL_SURFACE ( 'NONE', #1907, 0.09850000000000000400 ) ;
#2332 = ORIENTED_EDGE ( 'NONE', *, *, #2857, .F. ) ;
#2333 = ORIENTED_EDGE ( 'NONE', *, *, #155, .F. ) ;
#2334 = DIRECTION ( 'NONE',  ( -1.000000000000000000, 0.0000000000000000000, 1.224646799147353200E-016 ) ) ;
#2335 = FACE_OUTER_BOUND ( 'NONE', #945, .T. ) ;
#2336 = LINE ( 'NONE', #43, #2664 ) ;
#2337 = ORIENTED_EDGE ( 'NONE', *, *, #697, .T. ) ;
#2338 = DIRECTION ( 'NONE',  ( 1.000000000000000000, 1.852595588326593700E-016, -1.224646799147353200E-016 ) ) ;
#2339 = DIRECTION ( 'NONE',  ( 0.0000000000000000000, -1.000000000000000000, 0.0000000000000000000 ) ) ;
#2340 = ORIENTED_EDGE ( 'NONE', *, *, #297, .F. ) ;
#2341 = ORIENTED_EDGE ( 'NONE', *, *, #966, .F. ) ;
#2342 = EDGE_CURVE ( 'NONE', #2212, #278, #1645, .T. ) ;
#2343 = CARTESIAN_POINT ( 'NONE',  ( -0.2760000000000000200, 0.01377952968503938200, -0.1082795296850393900 ) ) ;
#2344 = DIRECTION ( 'NONE',  ( 0.0000000000000000000, 1.000000000000000000, 0.0000000000000000000 ) ) ;
#2345 = ORIENTED_EDGE ( 'NONE', *, *, #2019, .T. ) ;
#2346 = UNCERTAINTY_MEASURE_WITH_UNIT (LENGTH_MEASURE( 1.000000000000000100E-005 ), #613, 'distance_accuracy_value', 'NONE');
#2347 = DIRECTION ( 'NONE',  ( 7.247340725170475800E-016, 1.000000000000000000, 0.0000000000000000000 ) ) ;
#2348 = VERTEX_POINT ( 'NONE', #2388 ) ;
#2349 = DIRECTION ( 'NONE',  ( -1.000000000000000000, 0.0000000000000000000, 1.224646799147353200E-016 ) ) ;
#2350 = AXIS2_PLACEMENT_3D ( 'NONE', #2825, #1867, #453 ) ;
#2351 = VECTOR ( 'NONE', #512, 39.37007874015748100 ) ;
#2352 = ORIENTED_EDGE ( 'NONE', *, *, #998, .T. ) ;
#2353 = CARTESIAN_POINT ( 'NONE',  ( -0.2460000000000000000, 0.1990000000000000400, 0.09399999999999995900 ) ) ;
#2354 = CARTESIAN_POINT ( 'NONE',  ( -0.3690000000047144500, 0.1005000000000000100, 0.09850000000106432000 ) ) ;
#2355 = EDGE_CURVE ( 'NONE', #301, #2067, #1573, .T. ) ;
#2356 = LINE ( 'NONE', #1027, #458 ) ;
#2357 = EDGE_LOOP ( 'NONE', ( #926, #2801, #712, #1730 ) ) ;
#2358 = ORIENTED_EDGE ( 'NONE', *, *, #1869, .F. ) ;
#2359 = EDGE_LOOP ( 'NONE', ( #1890, #2924, #1567, #550 ) ) ;
#2360 = DIRECTION ( 'NONE',  ( 1.224646799147353200E-016, 0.0000000000000000000, 1.000000000000000000 ) ) ;
#2361 = EDGE_CURVE ( 'NONE', #584, #1359, #2179, .T. ) ;
#2362 = FACE_OUTER_BOUND ( 'NONE', #2442, .T. ) ;
#2363 = ORIENTED_EDGE ( 'NONE', *, *, #163, .T. ) ;
#2364 = ORIENTED_EDGE ( 'NONE', *, *, #2153, .F. ) ;
#2365 = FILL_AREA_STYLE_COLOUR ( '', #1482 ) ;
#2366 = LINE ( 'NONE', #989, #2445 ) ;
#2367 = LINE ( 'NONE', #606, #1878 ) ;
#2368 = CYLINDRICAL_SURFACE ( 'NONE', #2692, 0.02949999999999998500 ) ;
#2369 = AXIS2_PLACEMENT_3D ( 'NONE', #2055, #390, #128 ) ;
#2370 = VECTOR ( 'NONE', #1749, 39.37007874015748100 ) ;
#2371 = VECTOR ( 'NONE', #1363, 39.37007874015748100 ) ;
#2372 = AXIS2_PLACEMENT_3D ( 'NONE', #2794, #2313, #1149 ) ;
#2373 = FILL_AREA_STYLE_COLOUR ( '', #424 ) ;
#2374 = VERTEX_POINT ( 'NONE', #1916 ) ;
#2375 = ADVANCED_FACE ( 'NONE', ( #2747 ), #258, .F. ) ;
#2376 = PRODUCT_CONTEXT ( 'NONE', #1333, 'mechanical' ) ;
#2377 = DIRECTION ( 'NONE',  ( -0.0000000000000000000, -1.000000000000000000, -0.0000000000000000000 ) ) ;
#2378 = EDGE_LOOP ( 'NONE', ( #496, #466, #816, #1404 ) ) ;
#2379 = ORIENTED_EDGE ( 'NONE', *, *, #2288, .T. ) ;
#2380 = EDGE_CURVE ( 'NONE', #2729, #2744, #2108, .T. ) ;
#2381 = DIRECTION ( 'NONE',  ( 0.0000000000000000000, 1.000000000000000000, -2.342162472070471100E-016 ) ) ;
#2382 = EDGE_CURVE ( 'NONE', #2131, #2032, #1488, .T. ) ;
#2383 = VECTOR ( 'NONE', #2591, 39.37007874015748100 ) ;
#2384 = DIRECTION ( 'NONE',  ( 0.0000000000000000000, 1.000000000000000000, 0.0000000000000000000 ) ) ;
#2385 = VERTEX_POINT ( 'NONE', #1232 ) ;
#2386 = ADVANCED_FACE ( 'NONE', ( #290, #2036, #216 ), #1926, .T. ) ;
#2387 = VERTEX_POINT ( 'NONE', #270 ) ;
#2388 = CARTESIAN_POINT ( 'NONE',  ( -0.1924674087029380500, 0.009999999999999995000, -0.09450000000000004200 ) ) ;
#2389 = CARTESIAN_POINT ( 'NONE',  ( 0.2949999999999999300, 0.1990000000000000400, 0.1179999999999998300 ) ) ;
#2390 = EDGE_CURVE ( 'NONE', #2126, #1707, #1412, .T. ) ;
#2391 = PRESENTATION_LAYER_ASSIGNMENT (  '', '', ( #2237 ) ) ;
#2392 = DIRECTION ( 'NONE',  ( -1.224646799147353200E-016, 0.0000000000000000000, -1.000000000000000000 ) ) ;
#2393 = ORIENTED_EDGE ( 'NONE', *, *, #2532, .F. ) ;
#2394 = EDGE_CURVE ( 'NONE', #353, #2862, #2336, .T. ) ;
#2395 = CARTESIAN_POINT ( 'NONE',  ( -0.2760000000000000200, 0.01377952968503938200, -0.1082795296850393900 ) ) ;
#2396 = CARTESIAN_POINT ( 'NONE',  ( -0.1609999999999999500, 0.09351983351084251800, 0.1038425196850393300 ) ) ;
#2397 = CIRCLE ( 'NONE', #47, 0.02949999999999998500 ) ;
#2398 = ORIENTED_EDGE ( 'NONE', *, *, #197, .F. ) ;
#2399 = VERTEX_POINT ( 'NONE', #280 ) ;
#2400 = CARTESIAN_POINT ( 'NONE',  ( -0.1380000000000000100, -0.03699999999878669100, -0.02450000000150610900 ) ) ;
#2401 = CARTESIAN_POINT ( 'NONE',  ( 0.2949999999999999300, 0.1639764880291706400, -0.05900000000000011500 ) ) ;
#2402 = CONICAL_SURFACE ( 'NONE', #1147, 0.09850000000106434700, 0.7853981636212411500 ) ;
#2403 = ADVANCED_FACE ( 'NONE', ( #1347 ), #2180, .T. ) ;
#2404 = FACE_OUTER_BOUND ( 'NONE', #925, .T. ) ;
#2405 = LINE ( 'NONE', #616, #506 ) ;
#2406 = EDGE_CURVE ( 'NONE', #2513, #2880, #707, .T. ) ;
#2407 = LINE ( 'NONE', #1895, #3057 ) ;
#2408 = DIRECTION ( 'NONE',  ( 0.0000000000000000000, -0.0000000000000000000, -1.000000000000000000 ) ) ;
#2409 = VERTEX_POINT ( 'NONE', #2656 ) ;
#2410 = LINE ( 'NONE', #2722, #678 ) ;
#2411 = DIRECTION ( 'NONE',  ( 1.224646799147353200E-016, 0.0000000000000000000, 1.000000000000000000 ) ) ;
#2412 = ORIENTED_EDGE ( 'NONE', *, *, #2969, .F. ) ;
#2413 = DIRECTION ( 'NONE',  ( 0.0000000000000000000, -0.0000000000000000000, -1.000000000000000000 ) ) ;
#2414 = ORIENTED_EDGE ( 'NONE', *, *, #625, .F. ) ;
#2415 = CARTESIAN_POINT ( 'NONE',  ( 0.1555000000000000300, 0.009999999999999995000, 0.08699999999999993800 ) ) ;
#2416 = ORIENTED_EDGE ( 'NONE', *, *, #1302, .F. ) ;
#2417 = CARTESIAN_POINT ( 'NONE',  ( -0.1380000000000000100, -0.03200000000028974100, 0.02950000000000292300 ) ) ;
#2418 = ADVANCED_FACE ( 'NONE', ( #67 ), #1010, .T. ) ;
#2419 = VECTOR ( 'NONE', #1462, 39.37007874015748100 ) ;
#2420 = DIRECTION ( 'NONE',  ( -1.000000000000000000, 0.0000000000000000000, 1.224646799147353200E-016 ) ) ;
#2421 = EDGE_CURVE ( 'NONE', #575, #192, #1957, .T. ) ;
#2422 = DIRECTION ( 'NONE',  ( 7.247340725170475800E-016, 1.000000000000000000, 0.0000000000000000000 ) ) ;
#2423 = DIRECTION ( 'NONE',  ( 0.0000000000000000000, 1.000000000000000000, 0.0000000000000000000 ) ) ;
#2424 = CARTESIAN_POINT ( 'NONE',  ( -0.1802582504062935400, 0.1856826890632744300, 0.09399999968503933200 ) ) ;
#2425 = ORIENTED_EDGE ( 'NONE', *, *, #3035, .F. ) ;
#2426 = DIRECTION ( 'NONE',  ( -0.0000000000000000000, 0.0000000000000000000, 1.000000000000000000 ) ) ;
#2427 = CARTESIAN_POINT ( 'NONE',  ( 0.3074500409149151800, 0.01044957204319444200, -0.05900000000000010800 ) ) ;
#2428 = VECTOR ( 'NONE', #1531, 39.37007874015748100 ) ;
#2429 = VERTEX_POINT ( 'NONE', #2433 ) ;
#2430 = AXIS2_PLACEMENT_3D ( 'NONE', #1782, #1471, #309 ) ;
#2431 = CARTESIAN_POINT ( 'NONE',  ( 0.3049999999999999400, 0.1639764880291706400, 0.01999999999999987600 ) ) ;
#2432 = STYLED_ITEM ( 'NONE', ( #976 ), #262 ) ;
#2433 = CARTESIAN_POINT ( 'NONE',  ( -0.1265000000000000800, -3.149606286627392700E-010, -0.1082795296850394100 ) ) ;
#2434 = DIRECTION ( 'NONE',  ( -6.829619984160638500E-015, -1.000000000000000000, 0.0000000000000000000 ) ) ;
#2435 = ORIENTED_EDGE ( 'NONE', *, *, #1175, .T. ) ;
#2436 = ADVANCED_FACE ( 'NONE', ( #2592 ), #1814, .F. ) ;
#2437 = CARTESIAN_POINT ( 'NONE',  ( -0.2760000000000000200, 0.1004999999999999900, -5.122214988120493500E-017 ) ) ;
#2438 = EDGE_LOOP ( 'NONE', ( #1635, #494, #1756, #1219 ) ) ;
#2439 = CARTESIAN_POINT ( 'NONE',  ( 0.1380000000000000100, -0.03200000000245875600, -1.019225273659053600E-016 ) ) ;
#2440 = ADVANCED_FACE ( 'NONE', ( #2522 ), #308, .T. ) ;
#2441 = LINE ( 'NONE', #2853, #1267 ) ;
#2442 = EDGE_LOOP ( 'NONE', ( #1834, #1717, #1902, #1268 ) ) ;
#2443 = LINE ( 'NONE', #2707, #3080 ) ;
#2444 = EDGE_CURVE ( 'NONE', #3062, #2429, #638, .T. ) ;
#2445 = VECTOR ( 'NONE', #1466, 39.37007874015748100 ) ;
#2446 = CARTESIAN_POINT ( 'NONE',  ( -0.04650000000000003400, 0.002000000000000006100, -0.1043425196850394200 ) ) ;
#2447 = VECTOR ( 'NONE', #2486, 39.37007874015748100 ) ;
#2448 = EDGE_CURVE ( 'NONE', #1135, #2842, #3082, .T. ) ;
#2449 = PLANE ( 'NONE',  #1942 ) ;
#2450 = FACE_OUTER_BOUND ( 'NONE', #2752, .T. ) ;
#2451 = CIRCLE ( 'NONE', #2585, 0.09850000000000000400 ) ;
#2452 = ORIENTED_EDGE ( 'NONE', *, *, #1545, .T. ) ;
#2453 = LINE ( 'NONE', #647, #71 ) ;
#2454 = ORIENTED_EDGE ( 'NONE', *, *, #683, .F. ) ;
#2455 = CARTESIAN_POINT ( 'NONE',  ( -0.1924674087029380500, 0.009999999999999995000, -0.1769999999999999900 ) ) ;
#2456 = CARTESIAN_POINT ( 'NONE',  ( -0.1609999999999999800, 0.002000000000000006100, 0.1179999999999998400 ) ) ;
#2457 = ADVANCED_FACE ( 'NONE', ( #1273 ), #1319, .F. ) ;
#2458 = EDGE_CURVE ( 'NONE', #1356, #2740, #2367, .T. ) ;
#2459 = CARTESIAN_POINT ( 'NONE',  ( -0.08750000000000002200, 0.1004999999999999800, -0.1043425196850394200 ) ) ;
#2460 = EDGE_LOOP ( 'NONE', ( #1173, #2735, #2699, #1826, #3008, #2256, #1527, #2616 ) ) ;
#2461 = AXIS2_PLACEMENT_3D ( 'NONE', #1351, #3005, #1587 ) ;
#2462 = DIRECTION ( 'NONE',  ( -0.0000000000000000000, 0.0000000000000000000, 1.000000000000000000 ) ) ;
#2463 = LINE ( 'NONE', #1182, #1211 ) ;
#2464 = ORIENTED_EDGE ( 'NONE', *, *, #1713, .F. ) ;
#2465 = FILL_AREA_STYLE_COLOUR ( '', #817 ) ;
#2466 = DIRECTION ( 'NONE',  ( 1.000000000000000000, 0.0000000000000000000, -1.224646799147353200E-016 ) ) ;
#2467 = CARTESIAN_POINT ( 'NONE',  ( 0.1555000000000000300, 0.0000000000000000000, 0.09093494290383939700 ) ) ;
#2468 = ORIENTED_EDGE ( 'NONE', *, *, #2326, .F. ) ;
#2469 = ORIENTED_EDGE ( 'NONE', *, *, #713, .F. ) ;
#2470 = SURFACE_STYLE_USAGE ( .BOTH. , #818 ) ;
#2471 = DIRECTION ( 'NONE',  ( 0.0000000000000000000, 1.000000000000000000, 0.0000000000000000000 ) ) ;
#2472 = AXIS2_PLACEMENT_3D ( 'NONE', #2652, #276, #1250 ) ;
#2473 = EDGE_LOOP ( 'NONE', ( #1938, #2186, #1943, #804, #419, #949, #1483, #1195, #3049, #38, #1655, #599, #1703 ) ) ;
#2474 = CARTESIAN_POINT ( 'NONE',  ( -0.1999999999999999800, 0.01377952755905513700, 0.1038425196850393300 ) ) ;
#2475 = CARTESIAN_POINT ( 'NONE',  ( 0.3099999999999998300, 0.01500000000000004500, 0.01999999999999987600 ) ) ;
#2476 = LINE ( 'NONE', #1983, #1222 ) ;
#2477 = ORIENTED_EDGE ( 'NONE', *, *, #1586, .F. ) ;
#2478 = EDGE_LOOP ( 'NONE', ( #2575, #2854, #2650, #803, #32, #1634, #2210, #1454, #59, #1164, #490, #1882, #1061, #1932, #2790, #129, #2688, #1853, #361, #2781, #1753 ) ) ;
#2479 = DIRECTION ( 'NONE',  ( 0.0000000000000000000, -1.000000000000000000, 0.0000000000000000000 ) ) ;
#2480 = VECTOR ( 'NONE', #2807, 39.37007874015748100 ) ;
#2481 = FACE_OUTER_BOUND ( 'NONE', #2203, .T. ) ;
#2482 = VECTOR ( 'NONE', #640, 39.37007874015748100 ) ;
#2483 = ADVANCED_FACE ( 'NONE', ( #1739 ), #360, .T. ) ;
#2484 = LINE ( 'NONE', #1876, #1847 ) ;
#2485 = EDGE_CURVE ( 'NONE', #2667, #425, #472, .T. ) ;
#2486 = DIRECTION ( 'NONE',  ( 1.224646799147353200E-016, 0.0000000000000000000, 1.000000000000000000 ) ) ;
#2487 = ORIENTED_EDGE ( 'NONE', *, *, #2749, .T. ) ;
#2488 = EDGE_CURVE ( 'NONE', #1305, #2967, #3015, .T. ) ;
#2489 = CARTESIAN_POINT ( 'NONE',  ( -0.2380118078134671700, 0.002000000000000006100, 0.1038425196850393400 ) ) ;
#2490 = FACE_OUTER_BOUND ( 'NONE', #1642, .T. ) ;
#2491 = CARTESIAN_POINT ( 'NONE',  ( -0.2380118078134671700, 0.002000000000000006100, 0.09399999968503931800 ) ) ;
#2492 = CARTESIAN_POINT ( 'NONE',  ( -0.1380000000000000100, -0.03200000000028974100, -6.812227570943840900E-017 ) ) ;
#2493 = ORIENTED_EDGE ( 'NONE', *, *, #1137, .F. ) ;
#2494 = CARTESIAN_POINT ( 'NONE',  ( -0.2234674087029380800, 0.009842519685039378600, -0.09450000000000002800 ) ) ;
#2495 = ORIENTED_EDGE ( 'NONE', *, *, #3054, .T. ) ;
#2496 = DIRECTION ( 'NONE',  ( -1.000000000000000000, 0.0000000000000000000, 1.224646799147353200E-016 ) ) ;
#2497 = CARTESIAN_POINT ( 'NONE',  ( -0.1924674087029380500, 0.009842519685039378600, -0.1769999999999999900 ) ) ;
#2498 = CARTESIAN_POINT ( 'NONE',  ( -0.1609999999999999500, -3.149606286627392700E-010, -5.122214988120493500E-017 ) ) ;
#2499 = FACE_OUTER_BOUND ( 'NONE', #51, .T. ) ;
#2500 = CARTESIAN_POINT ( 'NONE',  ( -0.2760000000000000200, 0.001999999999999997400, -4.217507165250386700E-017 ) ) ;
#2501 = AXIS2_PLACEMENT_3D ( 'NONE', #820, #2471, #1063 ) ;
#2502 = CARTESIAN_POINT ( 'NONE',  ( 0.3099999999999998900, 0.009842519685039378600, -0.03933333333333344900 ) ) ;
#2503 = ORIENTED_EDGE ( 'NONE', *, *, #2874, .T. ) ;
#2504 = EDGE_CURVE ( 'NONE', #2348, #2197, #1129, .T. ) ;
#2505 = DIRECTION ( 'NONE',  ( -1.000000000000000000, 0.0000000000000000000, 1.224646799147353200E-016 ) ) ;
#2506 = FACE_OUTER_BOUND ( 'NONE', #544, .T. ) ;
#2507 = CARTESIAN_POINT ( 'NONE',  ( -0.2234674087029380800, 0.0000000000000000000, -0.1769999999999999900 ) ) ;
#2508 = ORIENTED_EDGE ( 'NONE', *, *, #157, .F. ) ;
#2509 = AXIS2_PLACEMENT_3D ( 'NONE', #1888, #469, #2127 ) ;
#2510 = CARTESIAN_POINT ( 'NONE',  ( -0.1999999999999999800, 0.01377952862204726000, 0.09399999968503941500 ) ) ;
#2511 = ORIENTED_EDGE ( 'NONE', *, *, #1174, .T. ) ;
#2512 = EDGE_LOOP ( 'NONE', ( #437, #1660, #872, #1870 ) ) ;
#2513 = VERTEX_POINT ( 'NONE', #2507 ) ;
#2514 = EDGE_CURVE ( 'NONE', #2080, #2212, #2849, .T. ) ;
#2515 = CARTESIAN_POINT ( 'NONE',  ( -0.1999999999999999800, 0.01377952862204726000, 0.1038425196850396000 ) ) ;
#2516 = DIRECTION ( 'NONE',  ( 0.0000000000000000000, 0.0000000000000000000, -1.000000000000000000 ) ) ;
#2517 = ORIENTED_EDGE ( 'NONE', *, *, #1658, .F. ) ;
#2518 = CARTESIAN_POINT ( 'NONE',  ( -0.2760000000000000200, 0.1004999999999999900, -5.122214988120493500E-017 ) ) ;
#2519 = LINE ( 'NONE', #1321, #1270 ) ;
#2520 = VECTOR ( 'NONE', #379, 39.37007874015748100 ) ;
#2521 = CARTESIAN_POINT ( 'NONE',  ( -0.1802582504062935400, 0.1856826890632744300, 0.1038425196850393300 ) ) ;
#2522 = FACE_OUTER_BOUND ( 'NONE', #833, .T. ) ;
#2523 = VECTOR ( 'NONE', #1390, 39.37007874015748100 ) ;
#2524 = DIRECTION ( 'NONE',  ( 1.000000000000000000, -2.868321774504153700E-032, -1.224646799147353000E-016 ) ) ;
#2525 = VECTOR ( 'NONE', #2192, 39.37007874015748100 ) ;
#2526 = ORIENTED_EDGE ( 'NONE', *, *, #387, .F. ) ;
#2527 = PLANE ( 'NONE',  #1181 ) ;
#2528 = LINE ( 'NONE', #1592, #1820 ) ;
#2529 = ORIENTED_EDGE ( 'NONE', *, *, #1804, .T. ) ;
#2530 = DIRECTION ( 'NONE',  ( 1.224646799147353200E-016, 2.170430079712074500E-016, 1.000000000000000000 ) ) ;
#2531 = DIRECTION ( 'NONE',  ( -1.224646799147353200E-016, 0.0000000000000000000, -1.000000000000000000 ) ) ;
#2532 = EDGE_CURVE ( 'NONE', #1558, #301, #410, .T. ) ;
#2533 = DIRECTION ( 'NONE',  ( -4.664029999130967400E-017, 1.000000000000000000, 5.711789409562971400E-033 ) ) ;
#2534 = DIRECTION ( 'NONE',  ( -0.0000000000000000000, -1.000000000000000000, -0.0000000000000000000 ) ) ;
#2535 = AXIS2_PLACEMENT_3D ( 'NONE', #1579, #931, #681 ) ;
#2536 = CARTESIAN_POINT ( 'NONE',  ( -0.2760000000000000200, 0.009842519685039378600, 0.09093494290383938300 ) ) ;
#2537 = ORIENTED_EDGE ( 'NONE', *, *, #1656, .F. ) ;
#2538 = CARTESIAN_POINT ( 'NONE',  ( -0.04150000000000002300, 0.002000000000000006100, -0.1180000000000000600 ) ) ;
#2539 = DIRECTION ( 'NONE',  ( 0.0000000000000000000, 0.0000000000000000000, 1.000000000000000000 ) ) ;
#2540 = CARTESIAN_POINT ( 'NONE',  ( 0.1555000000000000300, 0.009842519685039378600, 0.1769999999999998500 ) ) ;
#2541 = CIRCLE ( 'NONE', #1795, 0.07099999999888148600 ) ;
#2542 = VERTEX_POINT ( 'NONE', #1580 ) ;
#2543 = CARTESIAN_POINT ( 'NONE',  ( 0.3739999999999998900, 0.009842519685039378600, -0.05900000000000012900 ) ) ;
#2544 = DIRECTION ( 'NONE',  ( -1.000000000000000000, 2.868321774504153700E-032, 1.224646799147353000E-016 ) ) ;
#2545 = EDGE_CURVE ( 'NONE', #1832, #2740, #1606, .T. ) ;
#2546 = EDGE_LOOP ( 'NONE', ( #292, #1479, #2640, #646 ) ) ;
#2547 = CARTESIAN_POINT ( 'NONE',  ( -0.1380000000000000100, -0.03200000000469668800, -6.812227570943840900E-017 ) ) ;
#2548 = EDGE_CURVE ( 'NONE', #2967, #1726, #1671, .T. ) ;
#2549 = ORIENTED_EDGE ( 'NONE', *, *, #2771, .T. ) ;
#2550 = PLANE ( 'NONE',  #609 ) ;
#2551 = CIRCLE ( 'NONE', #2501, 0.02450000000150603900 ) ;
#2552 = ORIENTED_EDGE ( 'NONE', *, *, #1500, .T. ) ;
#2553 = ORIENTED_EDGE ( 'NONE', *, *, #545, .F. ) ;
#2554 = VECTOR ( 'NONE', #2289, 39.37007874015748100 ) ;
#2555 = EDGE_CURVE ( 'NONE', #425, #1557, #958, .T. ) ;
#2556 = FACE_OUTER_BOUND ( 'NONE', #1028, .T. ) ;
#2557 = CARTESIAN_POINT ( 'NONE',  ( -0.1265000000000000000, 0.1989999999999999800, -0.1180000000000000100 ) ) ;
#2558 = VECTOR ( 'NONE', #1048, 39.37007874015748100 ) ;
#2559 = VECTOR ( 'NONE', #1786, 39.37007874015748100 ) ;
#2560 = MECHANICAL_DESIGN_GEOMETRIC_PRESENTATION_REPRESENTATION (  '', ( #2237 ), #2720 ) ;
#2561 = LINE ( 'NONE', #2113, #1314 ) ;
#2562 = CARTESIAN_POINT ( 'NONE',  ( -0.2234674087029380500, 0.009999999999999995000, -0.09450000000000002800 ) ) ;
#2563 = ORIENTED_EDGE ( 'NONE', *, *, #2991, .T. ) ;
#2564 = FACE_OUTER_BOUND ( 'NONE', #183, .T. ) ;
#2565 = EDGE_CURVE ( 'NONE', #337, #1013, #2785, .T. ) ;
#2566 = CARTESIAN_POINT ( 'NONE',  ( 0.2949999999999999300, 0.002000000000000006100, 0.1179999999999998300 ) ) ;
#2567 = ORIENTED_EDGE ( 'NONE', *, *, #90, .F. ) ;
#2568 = DIRECTION ( 'NONE',  ( 0.0000000000000000000, -1.000000000000000000, 0.0000000000000000000 ) ) ;
#2569 = VERTEX_POINT ( 'NONE', #2050 ) ;
#2570 = DIRECTION ( 'NONE',  ( 0.0000000000000000000, 1.000000000000000000, -0.0000000000000000000 ) ) ;
#2571 = FACE_OUTER_BOUND ( 'NONE', #1599, .T. ) ;
#2572 = CARTESIAN_POINT ( 'NONE',  ( 0.3100000000000000000, 0.009921259842519713700, -0.05900000000000012900 ) ) ;
#2573 = UNCERTAINTY_MEASURE_WITH_UNIT (LENGTH_MEASURE( 1.000000000000000100E-005 ), #4, 'distance_accuracy_value', 'NONE');
#2574 = CARTESIAN_POINT ( 'NONE',  ( 0.2949999999999999300, 0.1989999999999999800, -0.1180000000000000600 ) ) ;
#2575 = ORIENTED_EDGE ( 'NONE', *, *, #1021, .T. ) ;
#2576 = LINE ( 'NONE', #1111, #763 ) ;
#2577 = PLANE ( 'NONE',  #2662 ) ;
#2578 = EDGE_CURVE ( 'NONE', #777, #1402, #2704, .T. ) ;
#2579 = ORIENTED_EDGE ( 'NONE', *, *, #2905, .T. ) ;
#2580 = ORIENTED_EDGE ( 'NONE', *, *, #2035, .F. ) ;
#2581 = CARTESIAN_POINT ( 'NONE',  ( -0.1264999999999999500, 0.002000000000000006100, -0.1180000000000000600 ) ) ;
#2582 = VERTEX_POINT ( 'NONE', #2772 ) ;
#2583 = EDGE_LOOP ( 'NONE', ( #2563, #585, #1118, #1009, #767 ) ) ;
#2584 = VECTOR ( 'NONE', #662, 39.37007874015748100 ) ;
#2585 = AXIS2_PLACEMENT_3D ( 'NONE', #2199, #305, #1727 ) ;
#2586 = ORIENTED_EDGE ( 'NONE', *, *, #1345, .T. ) ;
#2587 = FACE_OUTER_BOUND ( 'NONE', #2512, .T. ) ;
#2588 = DIRECTION ( 'NONE',  ( -0.0000000000000000000, -1.000000000000000000, 2.342162472070471100E-016 ) ) ;
#2589 = VECTOR ( 'NONE', #845, 39.37007874015748100 ) ;
#2590 = AXIS2_PLACEMENT_3D ( 'NONE', #2838, #1664, #2601 ) ;
#2591 = DIRECTION ( 'NONE',  ( 0.0000000000000000000, 1.000000000000000000, 0.0000000000000000000 ) ) ;
#2592 = FACE_OUTER_BOUND ( 'NONE', #1249, .T. ) ;
#2593 = DIMENSIONAL_EXPONENTS ( 1.000000000000000000, 0.0000000000000000000, 0.0000000000000000000, 0.0000000000000000000, 0.0000000000000000000, 0.0000000000000000000, 0.0000000000000000000 ) ;
#2594 = VECTOR ( 'NONE', #2961, 39.37007874015748100 ) ;
#2595 = ORIENTED_EDGE ( 'NONE', *, *, #530, .F. ) ;
#2596 = FACE_OUTER_BOUND ( 'NONE', #3089, .T. ) ;
#2597 = CARTESIAN_POINT ( 'NONE',  ( 0.2949999999999999300, 0.01200000000000000200, 0.1179999999999998300 ) ) ;
#2598 = ORIENTED_EDGE ( 'NONE', *, *, #1188, .T. ) ;
#2599 = EDGE_CURVE ( 'NONE', #934, #928, #244, .T. ) ;
#2600 = CARTESIAN_POINT ( 'NONE',  ( -0.04650000000000003400, 0.1477973147807136500, -0.09449999968503944300 ) ) ;
#2601 = DIRECTION ( 'NONE',  ( 0.0000000000000000000, 0.0000000000000000000, -1.000000000000000000 ) ) ;
#2602 = ORIENTED_EDGE ( 'NONE', *, *, #2701, .T. ) ;
#2603 = EDGE_CURVE ( 'NONE', #2880, #353, #1442, .T. ) ;
#2604 = CARTESIAN_POINT ( 'NONE',  ( 0.2949999999999999300, 0.002000000000000006100, -0.1180000000000000500 ) ) ;
#2605 = ADVANCED_FACE ( 'NONE', ( #1989 ), #1824, .T. ) ;
#2606 = EDGE_LOOP ( 'NONE', ( #702, #2104, #1637, #1718, #884, #1006 ) ) ;
#2607 = DIRECTION ( 'NONE',  ( 1.000000000000000000, 1.067128122525103300E-016, -2.499387441469316500E-032 ) ) ;
#2608 = FILL_AREA_STYLE ('',( #2373 ) ) ;
#2609 = EDGE_CURVE ( 'NONE', #2157, #965, #1378, .T. ) ;
#2610 = APPLICATION_PROTOCOL_DEFINITION ( 'draft international standard', 'automotive_design', 1998, #952 ) ;
#2611 = ORIENTED_EDGE ( 'NONE', *, *, #2532, .T. ) ;
#2612 = ORIENTED_EDGE ( 'NONE', *, *, #939, .T. ) ;
#2613 = ADVANCED_FACE ( 'NONE', ( #1530 ), #2056, .T. ) ;
#2614 = AXIS2_PLACEMENT_3D ( 'NONE', #677, #2568, #1163 ) ;
#2615 = CONICAL_SURFACE ( 'NONE', #2015, 0.02949999999956596400, 0.7853981633974482800 ) ;
#2616 = ORIENTED_EDGE ( 'NONE', *, *, #1514, .T. ) ;
#2617 = ORIENTED_EDGE ( 'NONE', *, *, #992, .T. ) ;
#2618 = VECTOR ( 'NONE', #327, 39.37007874015748100 ) ;
#2619 = CIRCLE ( 'NONE', #334, 0.07099999999999999400 ) ;
#2620 = VECTOR ( 'NONE', #365, 39.37007874015748100 ) ;
#2621 = CIRCLE ( 'NONE', #1423, 0.01377952999999999300 ) ;
#2622 = DIRECTION ( 'NONE',  ( 0.0000000000000000000, 0.0000000000000000000, -1.000000000000000000 ) ) ;
#2623 = FACE_OUTER_BOUND ( 'NONE', #666, .T. ) ;
#2624 = CARTESIAN_POINT ( 'NONE',  ( 0.1555000000000000300, 0.009842519685039378600, 0.1769999999999998500 ) ) ;
#2625 = AXIS2_PLACEMENT_3D ( 'NONE', #2927, #1243, #1023 ) ;
#2626 = DIRECTION ( 'NONE',  ( -1.000000000000000000, 0.0000000000000000000, 1.224646799147353200E-016 ) ) ;
#2627 = ORIENTED_EDGE ( 'NONE', *, *, #947, .F. ) ;
#2628 = LINE ( 'NONE', #770, #1999 ) ;
#2629 = EDGE_LOOP ( 'NONE', ( #1496, #2511, #2611, #2797 ) ) ;
#2630 = CARTESIAN_POINT ( 'NONE',  ( -0.1999999999999999800, 0.01377952755905513700, 0.1038425196850393300 ) ) ;
#2631 = ADVANCED_FACE ( 'NONE', ( #2556 ), #1828, .F. ) ;
#2632 = DIRECTION ( 'NONE',  ( 0.0000000000000000000, 1.000000000000000000, 0.0000000000000000000 ) ) ;
#2633 = ORIENTED_EDGE ( 'NONE', *, *, #1396, .T. ) ;
#2634 = CARTESIAN_POINT ( 'NONE',  ( 0.2949999999999999300, 0.01499999999999999400, 0.01999999999999987600 ) ) ;
#2635 = ORIENTED_EDGE ( 'NONE', *, *, #1134, .T. ) ;
#2636 = EDGE_CURVE ( 'NONE', #928, #619, #2619, .T. ) ;
#2637 = CARTESIAN_POINT ( 'NONE',  ( 0.1555000000000000300, 0.009842519685039378600, 0.09093494290383939700 ) ) ;
#2638 = EDGE_CURVE ( 'NONE', #2046, #2862, #736, .T. ) ;
#2639 = CARTESIAN_POINT ( 'NONE',  ( 0.2949999999999999300, 0.01200000000000000200, 0.1179999999999998400 ) ) ;
#2640 = ORIENTED_EDGE ( 'NONE', *, *, #871, .T. ) ;
#2641 = VECTOR ( 'NONE', #582, 39.37007874015748100 ) ;
#2642 = CARTESIAN_POINT ( 'NONE',  ( -0.2019685039370078500, 0.002000000000000006100, 0.1038425196850393300 ) ) ;
#2643 = CARTESIAN_POINT ( 'NONE',  ( -0.2760000000000000200, 0.0000000000000000000, -5.122214988120493500E-017 ) ) ;
#2644 = CARTESIAN_POINT ( 'NONE',  ( -0.1924674087029380500, 0.0000000000000000000, -0.09450000000000004200 ) ) ;
#2645 = ADVANCED_FACE ( 'NONE', ( #1910 ), #2079, .F. ) ;
#2646 = DIRECTION ( 'NONE',  ( 0.0000000000000000000, -0.0000000000000000000, -1.000000000000000000 ) ) ;
#2647 = AXIS2_PLACEMENT_3D ( 'NONE', #2455, #2686, #1284 ) ;
#2648 = CARTESIAN_POINT ( 'NONE',  ( -0.2234674087029380800, 0.0000000000000000000, -0.09450000000000004200 ) ) ;
#2649 = ORIENTED_EDGE ( 'NONE', *, *, #1750, .T. ) ;
#2650 = ORIENTED_EDGE ( 'NONE', *, *, #2725, .T. ) ;
#2651 = EDGE_CURVE ( 'NONE', #1437, #929, #100, .T. ) ;
#2652 = CARTESIAN_POINT ( 'NONE',  ( -0.1802582504062935400, 0.1856826890632744300, 0.1038425196850393300 ) ) ;
#2653 = CARTESIAN_POINT ( 'NONE',  ( 0.2145000000000000000, 0.009842519685039378600, -5.122214988120493500E-017 ) ) ;
#2654 = ORIENTED_EDGE ( 'NONE', *, *, #66, .F. ) ;
#2655 = VERTEX_POINT ( 'NONE', #909 ) ;
#2656 = CARTESIAN_POINT ( 'NONE',  ( -0.1609999999999999500, 0.01377952968503938200, 0.09399999968503931800 ) ) ;
#2657 = CARTESIAN_POINT ( 'NONE',  ( 0.3739999999999998900, 0.009842519685039378600, -5.122214988120493500E-017 ) ) ;
#2658 = LINE ( 'NONE', #189, #2584 ) ;
#2659 = VERTEX_POINT ( 'NONE', #2792 ) ;
#2660 = ORIENTED_EDGE ( 'NONE', *, *, #2803, .F. ) ;
#2661 = SURFACE_STYLE_FILL_AREA ( #1293 ) ;
#2662 = AXIS2_PLACEMENT_3D ( 'NONE', #698, #2832, #1416 ) ;
#2663 = LINE ( 'NONE', #2489, #214 ) ;
#2664 = VECTOR ( 'NONE', #993, 39.37007874015748100 ) ;
#2665 = CARTESIAN_POINT ( 'NONE',  ( 0.3100000000000000000, 0.009921259842519713700, -0.05900000000000012900 ) ) ;
#2666 = LINE ( 'NONE', #1255, #2594 ) ;
#2667 = VERTEX_POINT ( 'NONE', #1154 ) ;
#2668 = ADVANCED_FACE ( 'NONE', ( #1842 ), #2402, .T. ) ;
#2669 = VECTOR ( 'NONE', #1085, 39.37007874015748100 ) ;
#2670 = CARTESIAN_POINT ( 'NONE',  ( 0.2949999999999999300, 0.1989999999999999800, -0.1180000000000000600 ) ) ;
#2671 = CARTESIAN_POINT ( 'NONE',  ( 0.1555000000000000300, 0.01200000000000000200, 0.1179999999999998400 ) ) ;
#2672 = ORIENTED_EDGE ( 'NONE', *, *, #2002, .F. ) ;
#2673 = EDGE_CURVE ( 'NONE', #3044, #1161, #3051, .T. ) ;
#2674 = ADVANCED_FACE ( 'NONE', ( #589 ), #1393, .T. ) ;
#2675 = CARTESIAN_POINT ( 'NONE',  ( -0.1380000000000000100, 0.002000000000000006100, -6.812227570943840900E-017 ) ) ;
#2676 = DIRECTION ( 'NONE',  ( 0.0000000000000000000, 0.0000000000000000000, -1.000000000000000000 ) ) ;
#2677 = ORIENTED_EDGE ( 'NONE', *, *, #844, .F. ) ;
#2678 = CARTESIAN_POINT ( 'NONE',  ( 0.2949999999999999300, 0.002000000000000006100, -0.09450000000000002800 ) ) ;
#2679 = DIRECTION ( 'NONE',  ( -1.000000000000000000, -0.0000000000000000000, 0.0000000000000000000 ) ) ;
#2680 = CARTESIAN_POINT ( 'NONE',  ( 0.3739999999999998900, 0.009842519685039378600, -0.05900000000000012900 ) ) ;
#2681 = EDGE_CURVE ( 'NONE', #1798, #1810, #669, .T. ) ;
#2682 = DIRECTION ( 'NONE',  ( -0.0000000000000000000, -0.0000000000000000000, -1.000000000000000000 ) ) ;
#2683 = ADVANCED_FACE ( 'NONE', ( #503 ), #2331, .T. ) ;
#2684 = ORIENTED_EDGE ( 'NONE', *, *, #2565, .F. ) ;
#2685 = PLANE ( 'NONE',  #664 ) ;
#2686 = DIRECTION ( 'NONE',  ( 1.000000000000000000, 0.0000000000000000000, -1.224646799147353200E-016 ) ) ;
#2687 = DIRECTION ( 'NONE',  ( -1.000000000000000000, 0.0000000000000000000, 7.005654268042080100E-020 ) ) ;
#2688 = ORIENTED_EDGE ( 'NONE', *, *, #2991, .F. ) ;
#2689 = ORIENTED_EDGE ( 'NONE', *, *, #2705, .T. ) ;
#2690 = CARTESIAN_POINT ( 'NONE',  ( -0.1609999999999999500, 0.1856826890632744300, 0.1038425196850393300 ) ) ;
#2691 = DIRECTION ( 'NONE',  ( -1.000000000000000000, 0.0000000000000000000, 1.224646799147353200E-016 ) ) ;
#2692 = AXIS2_PLACEMENT_3D ( 'NONE', #2069, #903, #659 ) ;
#2693 = CARTESIAN_POINT ( 'NONE',  ( -0.1265000000000000800, 0.009842519685039396000, -0.1043425196850394200 ) ) ;
#2694 = CARTESIAN_POINT ( 'NONE',  ( -0.1380000000000000100, -0.03200000000469668800, -6.812227570943840900E-017 ) ) ;
#2695 = ORIENTED_EDGE ( 'NONE', *, *, #2599, .F. ) ;
#2696 = DIRECTION ( 'NONE',  ( 1.224646799147353200E-016, 0.0000000000000000000, 1.000000000000000000 ) ) ;
#2697 = CARTESIAN_POINT ( 'NONE',  ( -0.1609999999999999500, 0.09351983351084250400, 0.1038425196850393300 ) ) ;
#2698 = LINE ( 'NONE', #1971, #813 ) ;
#2699 = ORIENTED_EDGE ( 'NONE', *, *, #1694, .T. ) ;
#2700 = ADVANCED_FACE ( 'NONE', ( #1162 ), #1176, .T. ) ;
#2701 = EDGE_CURVE ( 'NONE', #2513, #28, #1706, .T. ) ;
#2702 = VECTOR ( 'NONE', #2221, 39.37007874015748100 ) ;
#2703 = DIRECTION ( 'NONE',  ( -1.224646799147353000E-016, 0.0000000000000000000, -1.000000000000000000 ) ) ;
#2704 = LINE ( 'NONE', #150, #2070 ) ;
#2705 = EDGE_CURVE ( 'NONE', #425, #3062, #1773, .T. ) ;
#2706 = CARTESIAN_POINT ( 'NONE',  ( -0.2760000000000000200, 0.1004999999999999800, -0.09449999968503940100 ) ) ;
#2707 = CARTESIAN_POINT ( 'NONE',  ( -0.1609999999999999500, 0.01377952968503938200, 0.1038425196850393300 ) ) ;
#2708 = VECTOR ( 'NONE', #1791, 39.37007874015748100 ) ;
#2709 = VECTOR ( 'NONE', #2178, 39.37007874015748100 ) ;
#2710 = DIRECTION ( 'NONE',  ( -1.000000000000000000, 2.475310836214206100E-016, 1.224646799147352500E-016 ) ) ;
#2711 = VECTOR ( 'NONE', #2096, 39.37007874015748100 ) ;
#2712 =( CONVERSION_BASED_UNIT ( 'INCH', #2897 ) LENGTH_UNIT ( ) NAMED_UNIT ( #2593 ) );
#2713 = VERTEX_POINT ( 'NONE', #693 ) ;
#2714 = VECTOR ( 'NONE', #2426, 39.37007874015748100 ) ;
#2715 = EDGE_CURVE ( 'NONE', #929, #1437, #2970, .T. ) ;
#2716 = CARTESIAN_POINT ( 'NONE',  ( -0.2019685039370078500, 0.01377952755905513700, 0.1038425196850393300 ) ) ;
#2717 = DIRECTION ( 'NONE',  ( -1.224646799147353200E-016, -0.0000000000000000000, -1.000000000000000000 ) ) ;
#2718 = DIRECTION ( 'NONE',  ( 0.0000000000000000000, 1.000000000000000000, 0.0000000000000000000 ) ) ;
#2719 = EDGE_LOOP ( 'NONE', ( #1602, #831, #1872, #504, #2953, #1279, #420, #761 ) ) ;
#2720 =( GEOMETRIC_REPRESENTATION_CONTEXT ( 3 ) GLOBAL_UNCERTAINTY_ASSIGNED_CONTEXT ( ( #37 ) ) GLOBAL_UNIT_ASSIGNED_CONTEXT ( ( #233, #1891, #478 ) ) REPRESENTATION_CONTEXT ( 'NONE', 'WORKASPACE' ) );
#2721 = EDGE_LOOP ( 'NONE', ( #382, #127, #234, #255 ) ) ;
#2722 = CARTESIAN_POINT ( 'NONE',  ( 0.3049999999999999400, 0.01500000000000004500, -0.05900000000000011500 ) ) ;
#2723 = DIRECTION ( 'NONE',  ( -1.224646799147353200E-016, -0.0000000000000000000, -1.000000000000000000 ) ) ;
#2724 = DIRECTION ( 'NONE',  ( 0.0000000000000000000, -0.0000000000000000000, -1.000000000000000000 ) ) ;
#2725 = EDGE_CURVE ( 'NONE', #2126, #209, #1086, .T. ) ;
#2726 = DIRECTION ( 'NONE',  ( -1.000000000000000000, -0.0000000000000000000, -0.0000000000000000000 ) ) ;
#2727 = CARTESIAN_POINT ( 'NONE',  ( -0.2234674087029380800, 0.009999999999999995000, -0.1179999999999999900 ) ) ;
#2728 = DIRECTION ( 'NONE',  ( 0.0000000000000000000, 0.0000000000000000000, -1.000000000000000000 ) ) ;
#2729 = VERTEX_POINT ( 'NONE', #1183 ) ;
#2730 = AXIS2_PLACEMENT_3D ( 'NONE', #1556, #2263, #847 ) ;
#2731 = FACE_OUTER_BOUND ( 'NONE', #1526, .T. ) ;
#2732 = DIRECTION ( 'NONE',  ( 0.0000000000000000000, 1.000000000000000000, 0.0000000000000000000 ) ) ;
#2733 = CARTESIAN_POINT ( 'NONE',  ( 0.3100000000000000000, 0.01500000000000004500, -0.05900000000000011500 ) ) ;
#2734 = CARTESIAN_POINT ( 'NONE',  ( 0.1555000000000000300, 8.483781478435897500E-005, 0.09093494290383936900 ) ) ;
#2735 = ORIENTED_EDGE ( 'NONE', *, *, #2120, .T. ) ;
#2736 = ORIENTED_EDGE ( 'NONE', *, *, #134, .F. ) ;
#2737 = CARTESIAN_POINT ( 'NONE',  ( -0.08553149606299216600, 0.002000000000000006100, -0.1043425196850394100 ) ) ;
#2738 = SURFACE_SIDE_STYLE ('',( #2661 ) ) ;
#2739 = VERTEX_POINT ( 'NONE', #456 ) ;
#2740 = VERTEX_POINT ( 'NONE', #703 ) ;
#2741 = VECTOR ( 'NONE', #1365, 39.37007874015748100 ) ;
#2742 = PLANE ( 'NONE',  #3061 ) ;
#2743 = ORIENTED_EDGE ( 'NONE', *, *, #33, .T. ) ;
#2744 = VERTEX_POINT ( 'NONE', #1409 ) ;
#2745 = LINE ( 'NONE', #1760, #1410 ) ;
#2746 = LINE ( 'NONE', #1069, #861 ) ;
#2747 = FACE_OUTER_BOUND ( 'NONE', #72, .T. ) ;
#2748 = CARTESIAN_POINT ( 'NONE',  ( -0.2460000000000000000, 0.1990000000000000400, 0.09399999999999995900 ) ) ;
#2749 = EDGE_CURVE ( 'NONE', #2399, #2863, #2255, .T. ) ;
#2750 = DIRECTION ( 'NONE',  ( -1.224646799147353200E-016, -0.0000000000000000000, -1.000000000000000000 ) ) ;
#2751 = VECTOR ( 'NONE', #2423, 39.37007874015748100 ) ;
#2752 = EDGE_LOOP ( 'NONE', ( #2945, #809, #2586, #2333 ) ) ;
#2753 = CARTESIAN_POINT ( 'NONE',  ( -0.1609999999999999500, 0.009842519685039378600, 0.1038425196850393300 ) ) ;
#2754 = VECTOR ( 'NONE', #838, 39.37007874015748100 ) ;
#2755 = CARTESIAN_POINT ( 'NONE',  ( -0.3689999999980006500, 0.1005000000000000100, 0.07099999999888145800 ) ) ;
#2756 = DIRECTION ( 'NONE',  ( -1.224646799147353200E-016, 0.0000000000000000000, -1.000000000000000000 ) ) ;
#2757 = VERTEX_POINT ( 'NONE', #940 ) ;
#2758 = AXIS2_PLACEMENT_3D ( 'NONE', #1290, #2691, #1042 ) ;
#2759 = DIRECTION ( 'NONE',  ( -1.000000000000000000, 0.0000000000000000000, 1.224646799147353200E-016 ) ) ;
#2760 = CARTESIAN_POINT ( 'NONE',  ( -0.1924674087029380500, 0.1989999999999999800, -0.1180000000000000100 ) ) ;
#2761 = MECHANICAL_DESIGN_GEOMETRIC_PRESENTATION_REPRESENTATION (  '', ( #2432 ), #2914 ) ;
#2762 = ORIENTED_EDGE ( 'NONE', *, *, #810, .T. ) ;
#2763 = PLANE ( 'NONE',  #2535 ) ;
#2764 = DIRECTION ( 'NONE',  ( 0.0000000000000000000, 0.0000000000000000000, -1.000000000000000000 ) ) ;
#2765 = LINE ( 'NONE', #444, #2119 ) ;
#2766 = DIRECTION ( 'NONE',  ( -1.224646799147353200E-016, 0.0000000000000000000, -1.000000000000000000 ) ) ;
#2767 = CARTESIAN_POINT ( 'NONE',  ( -0.2258959126587038700, 0.1856826890632744500, 0.09399999968503933200 ) ) ;
#2768 = CARTESIAN_POINT ( 'NONE',  ( 0.2145000000000000500, 0.009999999999999995000, 0.2958273385765998200 ) ) ;
#2769 = ORIENTED_EDGE ( 'NONE', *, *, #1067, .T. ) ;
#2770 = EDGE_CURVE ( 'NONE', #1663, #2053, #997, .T. ) ;
#2771 = EDGE_CURVE ( 'NONE', #1013, #324, #2885, .T. ) ;
#2772 = CARTESIAN_POINT ( 'NONE',  ( 0.3099999999999998300, 0.01000000000000003000, 0.01999999999999987900 ) ) ;
#2773 = VERTEX_POINT ( 'NONE', #3079 ) ;
#2774 = CARTESIAN_POINT ( 'NONE',  ( -0.2234674087029380800, 0.009842519685039378600, -0.1769999999999999900 ) ) ;
#2775 = CARTESIAN_POINT ( 'NONE',  ( -0.08553149606299216600, 0.01393700787401573800, -0.1043425196850394100 ) ) ;
#2776 = ORIENTED_EDGE ( 'NONE', *, *, #53, .F. ) ;
#2777 = EDGE_CURVE ( 'NONE', #2863, #2956, #2172, .T. ) ;
#2778 = DIRECTION ( 'NONE',  ( -1.000000000000000000, 0.0000000000000000000, 1.224646799147353200E-016 ) ) ;
#2779 = CARTESIAN_POINT ( 'NONE',  ( -0.1802582504062935400, 0.09351983351084251800, 0.09399999968503931800 ) ) ;
#2780 = FACE_OUTER_BOUND ( 'NONE', #2629, .T. ) ;
#2781 = ORIENTED_EDGE ( 'NONE', *, *, #2971, .T. ) ;
#2782 = ORIENTED_EDGE ( 'NONE', *, *, #1385, .T. ) ;
#2783 = VECTOR ( 'NONE', #2937, 39.37007874015748100 ) ;
#2784 = DIRECTION ( 'NONE',  ( -1.000000000000000000, 0.0000000000000000000, 1.224646799147353200E-016 ) ) ;
#2785 = LINE ( 'NONE', #626, #898 ) ;
#2786 = LINE ( 'NONE', #2521, #2139 ) ;
#2787 = CARTESIAN_POINT ( 'NONE',  ( -0.2760000000000000200, 0.01393700787401573800, -0.1043425196850393900 ) ) ;
#2788 = LINE ( 'NONE', #1924, #1533 ) ;
#2789 = VECTOR ( 'NONE', #3055, 39.37007874015748100 ) ;
#2790 = ORIENTED_EDGE ( 'NONE', *, *, #1358, .T. ) ;
#2791 = LINE ( 'NONE', #2194, #825 ) ;
#2792 = CARTESIAN_POINT ( 'NONE',  ( -0.1265000000000000600, 0.1477973147807136500, -0.09449999968503941500 ) ) ;
#2793 = AXIS2_PLACEMENT_3D ( 'NONE', #2910, #1495, #58 ) ;
#2794 = CARTESIAN_POINT ( 'NONE',  ( -0.2380118078134671700, 0.002000000000000006100, 0.1038425196850393400 ) ) ;
#2795 = AXIS2_PLACEMENT_3D ( 'NONE', #2903, #531, #2188 ) ;
#2796 = DIRECTION ( 'NONE',  ( -1.000000000000000000, 0.0000000000000000000, 7.005654268042080100E-020 ) ) ;
#2797 = ORIENTED_EDGE ( 'NONE', *, *, #2355, .T. ) ;
#2798 = ORIENTED_EDGE ( 'NONE', *, *, #545, .T. ) ;
#2799 = CARTESIAN_POINT ( 'NONE',  ( 0.2949999999999999300, 0.1989999999999999800, -0.1180000000000000600 ) ) ;
#2800 = DIRECTION ( 'NONE',  ( 0.0000000000000000000, 1.000000000000000000, 0.0000000000000000000 ) ) ;
#2801 = ORIENTED_EDGE ( 'NONE', *, *, #2223, .T. ) ;
#2802 = MANIFOLD_SOLID_BREP ( 'Body-Move/Copy1[6]', #719 ) ;
#2803 = EDGE_CURVE ( 'NONE', #2385, #1714, #632, .T. ) ;
#2804 = ORIENTED_EDGE ( 'NONE', *, *, #2701, .F. ) ;
#2805 = CARTESIAN_POINT ( 'NONE',  ( 0.2949999999999999300, 0.01200000000000000200, 0.08699999999999993800 ) ) ;
#2806 = EDGE_CURVE ( 'NONE', #483, #325, #1873, .T. ) ;
#2807 = DIRECTION ( 'NONE',  ( -1.000000000000000000, -0.0000000000000000000, -0.0000000000000000000 ) ) ;
#2808 = DIRECTION ( 'NONE',  ( 0.0000000000000000000, 0.0000000000000000000, 1.000000000000000000 ) ) ;
#2809 = VERTEX_POINT ( 'NONE', #2604 ) ;
#2810 = ORIENTED_EDGE ( 'NONE', *, *, #2969, .T. ) ;
#2811 = CARTESIAN_POINT ( 'NONE',  ( -0.2258959126587038700, 0.09351983351084250400, 0.1038425196850393400 ) ) ;
#2812 = ORIENTED_EDGE ( 'NONE', *, *, #1608, .T. ) ;
#2813 = CARTESIAN_POINT ( 'NONE',  ( -0.2019685039370078500, 0.002000000000000006100, 0.09399999968503931800 ) ) ;
#2814 = ORIENTED_EDGE ( 'NONE', *, *, #155, .T. ) ;
#2815 = LINE ( 'NONE', #1823, #2741 ) ;
#2816 = VECTOR ( 'NONE', #1190, 39.37007874015748100 ) ;
#2817 = ORIENTED_EDGE ( 'NONE', *, *, #2189, .T. ) ;
#2818 = CARTESIAN_POINT ( 'NONE',  ( -0.1265000000000000800, -3.149606286627392700E-010, -0.1770000000000000500 ) ) ;
#2819 = LINE ( 'NONE', #93, #930 ) ;
#2820 = AXIS2_PLACEMENT_3D ( 'NONE', #1764, #348, #1997 ) ;
#2821 = VECTOR ( 'NONE', #1682, 39.37007874015748100 ) ;
#2822 = LINE ( 'NONE', #1800, #2182 ) ;
#2823 = ORIENTED_EDGE ( 'NONE', *, *, #2771, .F. ) ;
#2824 = EDGE_CURVE ( 'NONE', #605, #1335, #2441, .T. ) ;
#2825 = CARTESIAN_POINT ( 'NONE',  ( -0.3740000000000000000, 0.1004999999999999900, -3.922061124956087000E-017 ) ) ;
#2826 = DIRECTION ( 'NONE',  ( 0.7071067810283020400, 8.659560564292880600E-017, 0.7071067813447929900 ) ) ;
#2827 = EDGE_LOOP ( 'NONE', ( #2316, #2452 ) ) ;
#2828 = ORIENTED_EDGE ( 'NONE', *, *, #1665, .T. ) ;
#2829 = AXIS2_PLACEMENT_3D ( 'NONE', #1461, #34, #1704 ) ;
#2830 = EDGE_LOOP ( 'NONE', ( #2553, #910, #2293, #285 ) ) ;
#2831 = VECTOR ( 'NONE', #2243, 39.37007874015748100 ) ;
#2832 = DIRECTION ( 'NONE',  ( -1.224646799147353200E-016, 0.0000000000000000000, -1.000000000000000000 ) ) ;
#2833 = CARTESIAN_POINT ( 'NONE',  ( -0.04150000000000002300, 0.1989999999999999800, -0.1180000000000000400 ) ) ;
#2834 = EDGE_CURVE ( 'NONE', #69, #798, #548, .T. ) ;
#2835 = VERTEX_POINT ( 'NONE', #242 ) ;
#2836 = ORIENTED_EDGE ( 'NONE', *, *, #992, .F. ) ;
#2837 = DIRECTION ( 'NONE',  ( -0.0000000000000000000, -1.000000000000000000, -0.0000000000000000000 ) ) ;
#2838 = CARTESIAN_POINT ( 'NONE',  ( -0.3740000000000000000, 0.1004999999999999900, -3.922061124956087000E-017 ) ) ;
#2839 = EDGE_CURVE ( 'NONE', #457, #1161, #1733, .T. ) ;
#2840 = ADVANCED_FACE ( 'NONE', ( #1193 ), #1434, .T. ) ;
#2841 = FILL_AREA_STYLE ('',( #2365 ) ) ;
#2842 = VERTEX_POINT ( 'NONE', #486 ) ;
#2843 = VECTOR ( 'NONE', #273, 39.37007874015748100 ) ;
#2844 = ORIENTED_EDGE ( 'NONE', *, *, #1690, .T. ) ;
#2845 = CARTESIAN_POINT ( 'NONE',  ( 0.2144999999999999700, 0.009999999999999995000, 0.08699999999999992500 ) ) ;
#2846 = LINE ( 'NONE', #780, #326 ) ;
#2847 = AXIS2_PLACEMENT_3D ( 'NONE', #862, #628, #2784 ) ;
#2848 = SURFACE_STYLE_USAGE ( .BOTH. , #1206 ) ;
#2849 = LINE ( 'NONE', #2021, #2215 ) ;
#2850 = VECTOR ( 'NONE', #2756, 39.37007874015748100 ) ;
#2851 = LINE ( 'NONE', #756, #961 ) ;
#2852 = VECTOR ( 'NONE', #660, 39.37007874015748100 ) ;
#2853 = CARTESIAN_POINT ( 'NONE',  ( -0.1609999999999999500, 0.002000000000000006100, 0.1038425196850393300 ) ) ;
#2854 = ORIENTED_EDGE ( 'NONE', *, *, #2390, .F. ) ;
#2855 = ADVANCED_FACE ( 'NONE', ( #2362 ), #1448, .F. ) ;
#2856 = LINE ( 'NONE', #2574, #2225 ) ;
#2857 = EDGE_CURVE ( 'NONE', #2387, #1925, #2294, .T. ) ;
#2858 = DIRECTION ( 'NONE',  ( 0.0000000000000000000, 1.000000000000000000, -0.0000000000000000000 ) ) ;
#2859 = PLANE ( 'NONE',  #637 ) ;
#2860 = EDGE_CURVE ( 'NONE', #2740, #1832, #3010, .T. ) ;
#2861 = ADVANCED_FACE ( 'NONE', ( #465 ), #1696, .T. ) ;
#2862 = VERTEX_POINT ( 'NONE', #264 ) ;
#2863 = VERTEX_POINT ( 'NONE', #2639 ) ;
#2864 = CARTESIAN_POINT ( 'NONE',  ( 0.2145000000000000000, 0.009842519685039378600, 0.1769999999999998500 ) ) ;
#2865 = CYLINDRICAL_SURFACE ( 'NONE', #2590, 0.07099999999999999400 ) ;
#2866 = CARTESIAN_POINT ( 'NONE',  ( -0.2760000000000000200, 0.1004999999999999900, -5.122214988120493500E-017 ) ) ;
#2867 = DIRECTION ( 'NONE',  ( -1.000000000000000000, 0.0000000000000000000, -0.0000000000000000000 ) ) ;
#2868 = CARTESIAN_POINT ( 'NONE',  ( -0.1609999999999999500, 0.009842519685039378600, 0.1077795296850393200 ) ) ;
#2869 = EDGE_CURVE ( 'NONE', #1651, #1315, #406, .T. ) ;
#2870 = ADVANCED_FACE ( 'NONE', ( #2209 ), #323, .T. ) ;
#2871 = AXIS2_PLACEMENT_3D ( 'NONE', #726, #2384, #970 ) ;
#2872 = CARTESIAN_POINT ( 'NONE',  ( -0.08553149606299216600, 0.002000000000000006100, -0.09449999968503940100 ) ) ;
#2873 = ORIENTED_EDGE ( 'NONE', *, *, #1143, .T. ) ;
#2874 = EDGE_CURVE ( 'NONE', #2387, #2739, #1038, .T. ) ;
#2875 = DIRECTION ( 'NONE',  ( -1.000000000000000000, 0.0000000000000000000, 1.224646799147353000E-016 ) ) ;
#2876 = CARTESIAN_POINT ( 'NONE',  ( 0.3100000000000000000, 0.1639764880291706400, 0.01999999999999987600 ) ) ;
#2877 = CARTESIAN_POINT ( 'NONE',  ( 0.2949999999999999300, 0.001999999999999971900, -0.1180000000000000600 ) ) ;
#2878 = DIRECTION ( 'NONE',  ( 0.0000000000000000000, 1.000000000000000000, 0.0000000000000000000 ) ) ;
#2879 = VERTEX_POINT ( 'NONE', #2417 ) ;
#2880 = VERTEX_POINT ( 'NONE', #2648 ) ;
#2881 = AXIS2_PLACEMENT_3D ( 'NONE', #2044, #631, #2287 ) ;
#2882 = ORIENTED_EDGE ( 'NONE', *, *, #251, .F. ) ;
#2883 = ORIENTED_EDGE ( 'NONE', *, *, #1561, .F. ) ;
#2884 = VECTOR ( 'NONE', #397, 39.37007874015748100 ) ;
#2885 = LINE ( 'NONE', #227, #927 ) ;
#2886 = ORIENTED_EDGE ( 'NONE', *, *, #1327, .F. ) ;
#2887 = ADVANCED_FACE ( 'NONE', ( #2780 ), #2901, .T. ) ;
#2888 = ORIENTED_EDGE ( 'NONE', *, *, #576, .F. ) ;
#2889 = LENGTH_MEASURE_WITH_UNIT ( LENGTH_MEASURE( 0.02539999999999999900 ), #1283 );
#2890 = LINE ( 'NONE', #858, #442 ) ;
#2891 = DIRECTION ( 'NONE',  ( 5.473822126268816700E-048, -1.000000000000000000, -6.703498746037064100E-064 ) ) ;
#2892 = DIRECTION ( 'NONE',  ( -1.000000000000000000, 0.0000000000000000000, 1.224646799147353200E-016 ) ) ;
#2893 = LINE ( 'NONE', #963, #1003 ) ;
#2894 = PLANE ( 'NONE',  #2430 ) ;
#2895 = CARTESIAN_POINT ( 'NONE',  ( 0.2949999999999999300, 0.01200000000000000200, -0.1180000000000000500 ) ) ;
#2896 = VERTEX_POINT ( 'NONE', #518 ) ;
#2897 = LENGTH_MEASURE_WITH_UNIT ( LENGTH_MEASURE( 0.02539999999999999900 ), #1062 );
#2898 = B_SPLINE_CURVE_WITH_KNOTS ( 'NONE', 3,
 ( #1247, #528, #772, #2427, #1017, #2665 ),
 .UNSPECIFIED., .F., .F.,
 ( 4, 2, 4 ),
 ( 0.0000000000000000000, 0.5000000000000000000, 1.000000000000000000 ),
 .UNSPECIFIED. ) ;
#2899 = CARTESIAN_POINT ( 'NONE',  ( 0.1555000000000000300, 0.009842519685039378600, -5.122214988120493500E-017 ) ) ;
#2900 = ORIENTED_EDGE ( 'NONE', *, *, #914, .T. ) ;
#2901 = PLANE ( 'NONE',  #1555 ) ;
#2902 = EDGE_LOOP ( 'NONE', ( #1342, #1370, #300, #1300 ) ) ;
#2903 = CARTESIAN_POINT ( 'NONE',  ( -0.2234674087029380800, 0.009842519685039378600, -0.1769999999999999900 ) ) ;
#2904 = ORIENTED_EDGE ( 'NONE', *, *, #113, .T. ) ;
#2905 = EDGE_CURVE ( 'NONE', #325, #2174, #2898, .T. ) ;
#2906 = CARTESIAN_POINT ( 'NONE',  ( -0.2234674087029380800, 0.0000000000000000000, -0.1769999999999999900 ) ) ;
#2907 = DIRECTION ( 'NONE',  ( 1.224646799147353200E-016, 0.0000000000000000000, 1.000000000000000000 ) ) ;
#2908 = ADVANCED_FACE ( 'NONE', ( #1525 ), #1941, .T. ) ;
#2909 = LINE ( 'NONE', #1939, #2278 ) ;
#2910 = CARTESIAN_POINT ( 'NONE',  ( -0.1609999999999999500, 0.01377952968503938200, 0.1077795296850393200 ) ) ;
#2911 = DIRECTION ( 'NONE',  ( 0.0000000000000000000, 1.000000000000000000, -0.0000000000000000000 ) ) ;
#2912 = ORIENTED_EDGE ( 'NONE', *, *, #224, .T. ) ;
#2913 = DIRECTION ( 'NONE',  ( 0.0000000000000000000, 2.342162472070471100E-016, 1.000000000000000000 ) ) ;
#2914 =( GEOMETRIC_REPRESENTATION_CONTEXT ( 3 ) GLOBAL_UNCERTAINTY_ASSIGNED_CONTEXT ( ( #2573 ) ) GLOBAL_UNIT_ASSIGNED_CONTEXT ( ( #4, #1676, #239 ) ) REPRESENTATION_CONTEXT ( 'NONE', 'WORKASPACE' ) );
#2915 = VECTOR ( 'NONE', #440, 39.37007874015748100 ) ;
#2916 = DIRECTION ( 'NONE',  ( 0.0000000000000000000, 0.0000000000000000000, 1.000000000000000000 ) ) ;
#2917 = FILL_AREA_STYLE_COLOUR ( '', #1812 ) ;
#2918 = ORIENTED_EDGE ( 'NONE', *, *, #2673, .F. ) ;
#2919 = CARTESIAN_POINT ( 'NONE',  ( -0.1610000000000000000, 0.1990000000000000400, 0.1179999999999998700 ) ) ;
#2920 = DIRECTION ( 'NONE',  ( 0.0000000000000000000, 1.000000000000000000, 0.0000000000000000000 ) ) ;
#2921 = ADVANCED_FACE ( 'NONE', ( #2133 ), #539, .T. ) ;
#2922 = EDGE_CURVE ( 'NONE', #1863, #568, #240, .T. ) ;
#2923 = CARTESIAN_POINT ( 'NONE',  ( 0.2949999999999999300, 0.002000000000000006100, 0.08699999999999993800 ) ) ;
#2924 = ORIENTED_EDGE ( 'NONE', *, *, #1807, .T. ) ;
#2925 = ADVANCED_FACE ( 'NONE', ( #893 ), #2615, .T. ) ;
#2926 = EDGE_CURVE ( 'NONE', #2197, #1336, #2698, .T. ) ;
#2927 = CARTESIAN_POINT ( 'NONE',  ( -0.2258959126587038700, 0.09351983351084250400, 0.1038425196850393400 ) ) ;
#2928 = DIRECTION ( 'NONE',  ( 0.0000000000000000000, -0.0000000000000000000, -1.000000000000000000 ) ) ;
#2929 = VECTOR ( 'NONE', #1456, 39.37007874015748100 ) ;
#2930 = ORIENTED_EDGE ( 'NONE', *, *, #1469, .F. ) ;
#2931 = FACE_OUTER_BOUND ( 'NONE', #2606, .T. ) ;
#2932 = VECTOR ( 'NONE', #1105, 39.37007874015748100 ) ;
#2933 = CARTESIAN_POINT ( 'NONE',  ( -0.2234674087029379900, 0.002000000000000006100, -0.1180000000000000600 ) ) ;
#2934 = FACE_OUTER_BOUND ( 'NONE', #2012, .T. ) ;
#2935 = VECTOR ( 'NONE', #1008, 39.37007874015748100 ) ;
#2936 = VECTOR ( 'NONE', #2544, 39.37007874015748100 ) ;
#2937 = DIRECTION ( 'NONE',  ( 0.0000000000000000000, 1.000000000000000000, 0.0000000000000000000 ) ) ;
#2938 = PLANE ( 'NONE',  #2758 ) ;
#2939 = ORIENTED_EDGE ( 'NONE', *, *, #2857, .T. ) ;
#2940 = EDGE_CURVE ( 'NONE', #3013, #2174, #2066, .T. ) ;
#2941 = CARTESIAN_POINT ( 'NONE',  ( 0.1555000000000000800, 0.009999999999999995000, 0.2958273385765997600 ) ) ;
#2942 = CARTESIAN_POINT ( 'NONE',  ( -0.1265000000000000800, 0.009842519685039396000, -0.09449999968503941500 ) ) ;
#2943 = AXIS2_PLACEMENT_3D ( 'NONE', #405, #651, #2300 ) ;
#2944 = ADVANCED_FACE ( 'NONE', ( #1374 ), #797, .F. ) ;
#2945 = ORIENTED_EDGE ( 'NONE', *, *, #754, .F. ) ;
#2946 = ORIENTED_EDGE ( 'NONE', *, *, #328, .T. ) ;
#2947 = SURFACE_SIDE_STYLE ('',( #1909 ) ) ;
#2948 = PLANE ( 'NONE',  #567 ) ;
#2949 = PLANE ( 'NONE',  #835 ) ;
#2950 = AXIS2_PLACEMENT_3D ( 'NONE', #915, #2338, #922 ) ;
#2951 = FACE_OUTER_BOUND ( 'NONE', #1544, .T. ) ;
#2952 = DIRECTION ( 'NONE',  ( 0.0000000000000000000, 1.000000000000000000, 0.0000000000000000000 ) ) ;
#2953 = ORIENTED_EDGE ( 'NONE', *, *, #248, .T. ) ;
#2954 =( NAMED_UNIT ( * ) SI_UNIT ( $, .STERADIAN. ) SOLID_ANGLE_UNIT ( ) );
#2955 = CARTESIAN_POINT ( 'NONE',  ( -0.1610000000000000000, 0.002000000000000006100, 0.09399999999999994500 ) ) ;
#2956 = VERTEX_POINT ( 'NONE', #1037 ) ;
#2957 = AXIS2_PLACEMENT_3D ( 'NONE', #1513, #76, #1737 ) ;
#2958 = ORIENTED_EDGE ( 'NONE', *, *, #3002, .T. ) ;
#2959 = AXIS2_PLACEMENT_3D ( 'NONE', #2459, #2208, #1752 ) ;
#2960 = CARTESIAN_POINT ( 'NONE',  ( 0.3099999999999998300, 0.01499999999999999400, 0.01999999999999987900 ) ) ;
#2961 = DIRECTION ( 'NONE',  ( -1.000000000000000000, 0.0000000000000000000, 1.224646799147353200E-016 ) ) ;
#2962 = CARTESIAN_POINT ( 'NONE',  ( 0.1555000000000000300, 0.002000000000000006100, -0.1180000000000000600 ) ) ;
#2963 = VERTEX_POINT ( 'NONE', #1519 ) ;
#2964 = ORIENTED_EDGE ( 'NONE', *, *, #468, .F. ) ;
#2965 = PLANE ( 'NONE',  #2166 ) ;
#2966 = SHAPE_DEFINITION_REPRESENTATION ( #1624, #1792 ) ;
#2967 = VERTEX_POINT ( 'NONE', #312 ) ;
#2968 = EDGE_LOOP ( 'NONE', ( #1512, #2987, #2882, #3052 ) ) ;
#2969 = EDGE_CURVE ( 'NONE', #1805, #627, #1436, .T. ) ;
#2970 = CIRCLE ( 'NONE', #1446, 0.02949999999999998500 ) ;
#2971 = EDGE_CURVE ( 'NONE', #2713, #1863, #729, .T. ) ;
#2972 = ORIENTED_EDGE ( 'NONE', *, *, #683, .T. ) ;
#2973 = ORIENTED_EDGE ( 'NONE', *, *, #737, .T. ) ;
#2974 = VECTOR ( 'NONE', #2344, 39.37007874015748100 ) ;
#2975 = CARTESIAN_POINT ( 'NONE',  ( 0.2145000000000000000, 0.0000000000000000000, 0.1769999999999998500 ) ) ;
#2976 = LINE ( 'NONE', #480, #1709 ) ;
#2977 = DIRECTION ( 'NONE',  ( 0.0000000000000000000, 0.0000000000000000000, 1.000000000000000000 ) ) ;
#2978 = LENGTH_MEASURE_WITH_UNIT ( LENGTH_MEASURE( 0.02539999999999999900 ), #1789 );
#2979 = ORIENTED_EDGE ( 'NONE', *, *, #1965, .F. ) ;
#2980 = PLANE ( 'NONE',  #1551 ) ;
#2981 = ORIENTED_EDGE ( 'NONE', *, *, #1759, .F. ) ;
#2982 = DIRECTION ( 'NONE',  ( -1.000000000000000000, -0.0000000000000000000, -0.0000000000000000000 ) ) ;
#2983 = CARTESIAN_POINT ( 'NONE',  ( -0.04150000000000002300, 0.1989999999999999800, -0.1179999999999999800 ) ) ;
#2984 = CARTESIAN_POINT ( 'NONE',  ( 0.3099999999999998300, 8.537024980200822600E-018, -0.05900000000000011500 ) ) ;
#2985 = CARTESIAN_POINT ( 'NONE',  ( -0.2234674087029380500, 0.009842519685039378600, -5.122214988120493500E-017 ) ) ;
#2986 = AXIS2_PLACEMENT_3D ( 'NONE', #1074, #2723, #1316 ) ;
#2987 = ORIENTED_EDGE ( 'NONE', *, *, #1658, .T. ) ;
#2988 = CARTESIAN_POINT ( 'NONE',  ( 0.3099999999999998900, 0.009842519685039378600, -0.01966666666666679400 ) ) ;
#2989 = FILL_AREA_STYLE ('',( #2018 ) ) ;
#2990 = LINE ( 'NONE', #2164, #2351 ) ;
#2991 = EDGE_CURVE ( 'NONE', #643, #1810, #1984, .T. ) ;
#2992 = DIRECTION ( 'NONE',  ( 0.0000000000000000000, 1.000000000000000000, 0.0000000000000000000 ) ) ;
#2993 = PLANE ( 'NONE',  #1055 ) ;
#2994 = DIRECTION ( 'NONE',  ( -0.0000000000000000000, -2.342162472070471100E-016, -1.000000000000000000 ) ) ;
#2995 = ORIENTED_EDGE ( 'NONE', *, *, #5, .T. ) ;
#2996 = DIRECTION ( 'NONE',  ( -1.224646799147353200E-016, -0.0000000000000000000, -1.000000000000000000 ) ) ;
#2997 = PRESENTATION_STYLE_ASSIGNMENT (( #130 ) ) ;
#2998 = VECTOR ( 'NONE', #75, 39.37007874015748100 ) ;
#2999 = ORIENTED_EDGE ( 'NONE', *, *, #2834, .T. ) ;
#3000 = CARTESIAN_POINT ( 'NONE',  ( -0.2760000000000000200, 0.1477973147807136500, -0.1043425196850394200 ) ) ;
#3001 = DIRECTION ( 'NONE',  ( 1.000000000000000000, 0.0000000000000000000, -1.224646799147353200E-016 ) ) ;
#3002 = EDGE_CURVE ( 'NONE', #2963, #2896, #1905, .T. ) ;
#3003 = DIRECTION ( 'NONE',  ( -1.000000000000000000, 0.0000000000000000000, 1.224646799147353200E-016 ) ) ;
#3004 = PLANE ( 'NONE',  #1887 ) ;
#3005 = DIRECTION ( 'NONE',  ( 1.000000000000000000, 0.0000000000000000000, 1.669259973802079600E-016 ) ) ;
#3006 = ORIENTED_EDGE ( 'NONE', *, *, #2715, .F. ) ;
#3007 = DIRECTION ( 'NONE',  ( 1.000000000000000000, 0.0000000000000000000, 0.0000000000000000000 ) ) ;
#3008 = ORIENTED_EDGE ( 'NONE', *, *, #882, .T. ) ;
#3009 = DIRECTION ( 'NONE',  ( -0.0000000000000000000, -0.0000000000000000000, -1.000000000000000000 ) ) ;
#3010 = CIRCLE ( 'NONE', #430, 0.09850000000000000400 ) ;
#3011 = CARTESIAN_POINT ( 'NONE',  ( 0.1380000000000000100, -0.03700000000102462300, -0.02450000000100020400 ) ) ;
#3012 = EDGE_LOOP ( 'NONE', ( #1189, #789, #536, #367 ) ) ;
#3013 = VERTEX_POINT ( 'NONE', #338 ) ;
#3014 = LINE ( 'NONE', #268, #470 ) ;
#3015 = LINE ( 'NONE', #2734, #2298 ) ;
#3016 = CARTESIAN_POINT ( 'NONE',  ( -0.3740000000010423900, 0.1004999999999999900, -4.268512490100411300E-017 ) ) ;
#3017 = CARTESIAN_POINT ( 'NONE',  ( -0.2760000000000000200, -3.149606286627392700E-010, 0.1769999999999999100 ) ) ;
#3018 = EDGE_CURVE ( 'NONE', #731, #1874, #2551, .T. ) ;
#3019 = ORIENTED_EDGE ( 'NONE', *, *, #2288, .F. ) ;
#3020 = LINE ( 'NONE', #1831, #1816 ) ;
#3021 = VECTOR ( 'NONE', #1738, 39.37007874015748100 ) ;
#3022 = CIRCLE ( 'NONE', #119, 0.01377953000000001000 ) ;
#3023 = DIRECTION ( 'NONE',  ( -1.224646799147353200E-016, 0.0000000000000000000, -1.000000000000000000 ) ) ;
#3024 = ORIENTED_EDGE ( 'NONE', *, *, #732, .T. ) ;
#3025 = AXIS2_PLACEMENT_3D ( 'NONE', #2941, #85, #1751 ) ;
#3026 = DIRECTION ( 'NONE',  ( -1.000000000000000000, -0.0000000000000000000, -0.0000000000000000000 ) ) ;
#3027 = PLANE ( 'NONE',  #852 ) ;
#3028 = CARTESIAN_POINT ( 'NONE',  ( -0.2019685039370078500, 0.002000000000000006100, 0.09399999968503931800 ) ) ;
#3029 = ORIENTED_EDGE ( 'NONE', *, *, #2749, .F. ) ;
#3030 = ORIENTED_EDGE ( 'NONE', *, *, #2824, .F. ) ;
#3031 = DIRECTION ( 'NONE',  ( -1.000000000000000000, -0.0000000000000000000, -0.0000000000000000000 ) ) ;
#3032 = LINE ( 'NONE', #1657, #2314 ) ;
#3033 = CARTESIAN_POINT ( 'NONE',  ( 0.2949999999999999300, 0.002000000000000006100, -0.1180000000000000600 ) ) ;
#3034 = ORIENTED_EDGE ( 'NONE', *, *, #2555, .T. ) ;
#3035 = EDGE_CURVE ( 'NONE', #433, #584, #2476, .T. ) ;
#3036 = CARTESIAN_POINT ( 'NONE',  ( 0.1555000000000000300, 0.002000000000000006100, 0.1179999999999998400 ) ) ;
#3037 = EDGE_CURVE ( 'NONE', #581, #2835, #665, .T. ) ;
#3038 = CARTESIAN_POINT ( 'NONE',  ( -0.2760000000000000200, 0.1004999999999999900, -5.122214988120493500E-017 ) ) ;
#3039 = ORIENTED_EDGE ( 'NONE', *, *, #1747, .F. ) ;
#3040 = VERTEX_POINT ( 'NONE', #1541 ) ;
#3041 = CARTESIAN_POINT ( 'NONE',  ( -0.1380000000000000100, -0.03200000000028974100, -0.02950000000000305800 ) ) ;
#3042 = CARTESIAN_POINT ( 'NONE',  ( 0.1555000000000000300, 0.009842519685039378600, 0.09093494290383939700 ) ) ;
#3043 = CARTESIAN_POINT ( 'NONE',  ( -0.2234674087029380800, 0.009842519685039378600, -0.1769999999999999900 ) ) ;
#3044 = VERTEX_POINT ( 'NONE', #2229 ) ;
#3045 = EDGE_CURVE ( 'NONE', #2582, #483, #583, .T. ) ;
#3046 = DIRECTION ( 'NONE',  ( -1.224646799147353200E-016, 0.0000000000000000000, -1.000000000000000000 ) ) ;
#3047 = CARTESIAN_POINT ( 'NONE',  ( 0.1380000000000000100, -0.03200000000084918900, -1.019225273659053600E-016 ) ) ;
#3048 = LINE ( 'NONE', #101, #1769 ) ;
#3049 = ORIENTED_EDGE ( 'NONE', *, *, #514, .T. ) ;
#3050 = ORIENTED_EDGE ( 'NONE', *, *, #998, .F. ) ;
#3051 = LINE ( 'NONE', #679, #1225 ) ;
#3052 = ORIENTED_EDGE ( 'NONE', *, *, #1474, .T. ) ;
#3053 = COLOUR_RGB ( '',0.7921568627450980000, 0.8196078431372548800, 0.9333333333333333500 ) ;
#3054 = EDGE_CURVE ( 'NONE', #407, #1758, #3048, .T. ) ;
#3055 = DIRECTION ( 'NONE',  ( 1.000000000000000000, 2.658010249892526800E-032, -5.769025398549748400E-048 ) ) ;
#3056 = VECTOR ( 'NONE', #2992, 39.37007874015748100 ) ;
#3057 = VECTOR ( 'NONE', #2136, 39.37007874015748100 ) ;
#3058 = ORIENTED_EDGE ( 'NONE', *, *, #697, .F. ) ;
#3059 = LINE ( 'NONE', #99, #602 ) ;
#3060 = DIRECTION ( 'NONE',  ( 1.224646799147353200E-016, -0.0000000000000000000, 1.000000000000000000 ) ) ;
#3061 = AXIS2_PLACEMENT_3D ( 'NONE', #612, #383, #2028 ) ;
#3062 = VERTEX_POINT ( 'NONE', #111 ) ;
#3063 = CARTESIAN_POINT ( 'NONE',  ( -0.08750000000000006400, -3.149606286627392700E-010, -0.1770000000000000500 ) ) ;
#3064 = PLANE ( 'NONE',  #1864 ) ;
#3065 = ORIENTED_EDGE ( 'NONE', *, *, #3054, .F. ) ;
#3066 = DIRECTION ( 'NONE',  ( 0.0000000000000000000, -0.0000000000000000000, -1.000000000000000000 ) ) ;
#3067 = LINE ( 'NONE', #2895, #1790 ) ;
#3068 = ORIENTED_EDGE ( 'NONE', *, *, #2777, .F. ) ;
#3069 = EDGE_CURVE ( 'NONE', #549, #1557, #1838, .T. ) ;
#3070 = CIRCLE ( 'NONE', #1334, 0.09850000000000000400 ) ;
#3071 = EDGE_LOOP ( 'NONE', ( #577, #16, #2324, #1885, #840 ) ) ;
#3072 = CARTESIAN_POINT ( 'NONE',  ( 0.1380000000000000100, -0.03200000000084918900, -1.019225273659053600E-016 ) ) ;
#3073 = EDGE_LOOP ( 'NONE', ( #1630, #110, #1697, #2295 ) ) ;
#3074 = DIRECTION ( 'NONE',  ( -0.0000000000000000000, -1.000000000000000000, -0.0000000000000000000 ) ) ;
#3075 = ORIENTED_EDGE ( 'NONE', *, *, #1288, .T. ) ;
#3076 = DIRECTION ( 'NONE',  ( -0.0000000000000000000, -1.000000000000000000, 0.0000000000000000000 ) ) ;
#3077 = VECTOR ( 'NONE', #2377, 39.37007874015748100 ) ;
#3078 = ORIENTED_EDGE ( 'NONE', *, *, #2609, .F. ) ;
#3079 = CARTESIAN_POINT ( 'NONE',  ( -0.1924674087029380500, 0.0000000000000000000, -0.1769999999999999900 ) ) ;
#3080 = VECTOR ( 'NONE', #1507, 39.37007874015748100 ) ;
#3081 = CIRCLE ( 'NONE', #891, 0.07099999999999999400 ) ;
#3082 = LINE ( 'NONE', #1966, #1199 ) ;
#3083 = LINE ( 'NONE', #2082, #1880 ) ;
#3084 = VECTOR ( 'NONE', #2717, 39.37007874015748100 ) ;
#3085 = VERTEX_POINT ( 'NONE', #600 ) ;
#3086 = VECTOR ( 'NONE', #3009, 39.37007874015748100 ) ;
#3087 = EDGE_CURVE ( 'NONE', #2266, #266, #2397, .T. ) ;
#3088 = CARTESIAN_POINT ( 'NONE',  ( 0.2145000000000000500, 0.009999999999999995000, 0.09093494290383936900 ) ) ;
#3089 = EDGE_LOOP ( 'NONE', ( #355, #1921, #432, #1039 ) ) ;
#3090 = DIRECTION ( 'NONE',  ( 8.659560562354931600E-017, 0.7071067811865475700, -0.7071067811865474600 ) ) ;
#3091 = VERTEX_POINT ( 'NONE', #2955 ) ;
#3092 = EDGE_CURVE ( 'NONE', #1543, #1264, #1701, .T. ) ;
ENDSEC;
END-ISO-10303-21;
