ISO-10303-21;
HEADER;
FILE_DESCRIPTION (( 'STEP AP214' ),
    '1' );
FILE_NAME ('ECS-160-8-36B2-CKY-TR.STEP',
    '2024-10-31T19:20:43',
    ( '' ),
    ( '' ),
    'SwSTEP 2.0',
    'SolidWorks 2021',
    '' );
FILE_SCHEMA (( 'AUTOMOTIVE_DESIGN' ));
ENDSEC;

DATA;
#1 = DIRECTION ( 'NONE',  ( 0.000000000000000000, 0.000000000000000000, 1.000000000000000000 ) ) ;
#2 = DIRECTION ( 'NONE',  ( -0.000000000000000000, 1.000000000000000000, -0.000000000000000000 ) ) ;
#3 = ORIENTED_EDGE ( 'NONE', *, *, #86, .T. ) ;
#4 = DIRECTION ( 'NONE',  ( 1.000000000000000000, 0.000000000000000000, 0.000000000000000000 ) ) ;
#5 = FACE_OUTER_BOUND ( 'NONE', #1829, .T. ) ;
#6 = EDGE_CURVE ( 'NONE', #2352, #2790, #2068, .T. ) ;
#7 = CARTESIAN_POINT ( 'NONE',  ( -1.075000000000000400, 0.5366025403784436820, -0.8249999999999999556 ) ) ;
#8 = CARTESIAN_POINT ( 'NONE',  ( -1.150000000000000355, 1.330776406404415413, 1.000000000000000000 ) ) ;
#9 = VECTOR ( 'NONE', #533, 1000.000000000000000 ) ;
#10 = VECTOR ( 'NONE', #2666, 1000.000000000000000 ) ;
#11 = ORIENTED_EDGE ( 'NONE', *, *, #2964, .T. ) ;
#12 = CARTESIAN_POINT ( 'NONE',  ( -1.075000000000000622, 0.4500000000000000666, -0.8749999999999998890 ) ) ;
#13 = ADVANCED_FACE ( 'NONE', ( #897 ), #3811, .F. ) ;
#14 = DIRECTION ( 'NONE',  ( -1.000000000000000000, 0.000000000000000000, -1.819131161888430285E-16 ) ) ;
#15 = VERTEX_POINT ( 'NONE', #1784 ) ;
#16 = DIRECTION ( 'NONE',  ( 0.000000000000000000, 0.000000000000000000, -1.000000000000000000 ) ) ;
#17 = ADVANCED_FACE ( 'NONE', ( #1159 ), #3577, .F. ) ;
#18 = ORIENTED_EDGE ( 'NONE', *, *, #2903, .F. ) ;
#19 = DIRECTION ( 'NONE',  ( -0.000000000000000000, -1.000000000000000000, -0.000000000000000000 ) ) ;
#20 = ADVANCED_FACE ( 'NONE', ( #1492 ), #3315, .T. ) ;
#21 = EDGE_CURVE ( 'NONE', #642, #2527, #3011, .T. ) ;
#22 = PLANE ( 'NONE',  #2933 ) ;
#23 = DIRECTION ( 'NONE',  ( 0.000000000000000000, -1.000000000000000000, 0.000000000000000000 ) ) ;
#24 = CARTESIAN_POINT ( 'NONE',  ( -1.075000000000000400, 0.4000000000000000222, -0.8249999999999999556 ) ) ;
#25 = ORIENTED_EDGE ( 'NONE', *, *, #2038, .T. ) ;
#26 = CARTESIAN_POINT ( 'NONE',  ( 1.074999999999999289, 3.731293662370235076, -0.9249999999999998224 ) ) ;
#27 = CIRCLE ( 'NONE', #3670, 0.1750000000000000167 ) ;
#28 = LINE ( 'NONE', #2105, #1824 ) ;
#29 = ORIENTED_EDGE ( 'NONE', *, *, #739, .T. ) ;
#30 = FACE_OUTER_BOUND ( 'NONE', #1843, .T. ) ;
#31 = VERTEX_POINT ( 'NONE', #553 ) ;
#32 = LINE ( 'NONE', #340, #2696 ) ;
#33 = VERTEX_POINT ( 'NONE', #1231 ) ;
#34 = DIRECTION ( 'NONE',  ( 0.000000000000000000, 0.000000000000000000, -1.000000000000000000 ) ) ;
#35 = ADVANCED_FACE ( 'NONE', ( #1509 ), #2706, .T. ) ;
#36 = FACE_OUTER_BOUND ( 'NONE', #3354, .T. ) ;
#37 = EDGE_CURVE ( 'NONE', #1025, #2509, #44, .T. ) ;
#38 = DIRECTION ( 'NONE',  ( 0.000000000000000000, 1.000000000000000000, 0.000000000000000000 ) ) ;
#39 = CARTESIAN_POINT ( 'NONE',  ( 1.074999999999999289, 0.5500000000000000444, -0.8249999999999999556 ) ) ;
#40 = VERTEX_POINT ( 'NONE', #1751 ) ;
#41 = AXIS2_PLACEMENT_3D ( 'NONE', #664, #1857, #2758 ) ;
#42 = FACE_OUTER_BOUND ( 'NONE', #2692, .T. ) ;
#43 = VERTEX_POINT ( 'NONE', #2947 ) ;
#44 = LINE ( 'NONE', #2428, #3625 ) ;
#45 = CARTESIAN_POINT ( 'NONE',  ( 1.200000000000000622, 0.000000000000000000, -0.3500000000000000333 ) ) ;
#46 = DIRECTION ( 'NONE',  ( 0.000000000000000000, 1.000000000000000000, 0.000000000000000000 ) ) ;
#47 = ORIENTED_EDGE ( 'NONE', *, *, #2836, .F. ) ;
#48 = DIRECTION ( 'NONE',  ( -1.819131161888430285E-16, -0.000000000000000000, 1.000000000000000000 ) ) ;
#49 = ORIENTED_EDGE ( 'NONE', *, *, #1918, .T. ) ;
#50 = CARTESIAN_POINT ( 'NONE',  ( -0.4500000000000002887, 0.000000000000000000, -0.3500000000000000333 ) ) ;
#51 = ORIENTED_EDGE ( 'NONE', *, *, #3397, .F. ) ;
#52 = FACE_OUTER_BOUND ( 'NONE', #287, .T. ) ;
#53 = CYLINDRICAL_SURFACE ( 'NONE', #2425, 0.1000000000000000472 ) ;
#54 = VECTOR ( 'NONE', #2691, 1000.000000000000000 ) ;
#55 = DIRECTION ( 'NONE',  ( -0.000000000000000000, -0.000000000000000000, 1.000000000000000000 ) ) ;
#56 = EDGE_LOOP ( 'NONE', ( #3498, #2781, #2860, #2315 ) ) ;
#57 = VECTOR ( 'NONE', #1590, 1000.000000000000000 ) ;
#58 = EDGE_CURVE ( 'NONE', #3435, #1979, #2052, .T. ) ;
#59 = FILL_AREA_STYLE ('',( #870 ) ) ;
#60 = FACE_OUTER_BOUND ( 'NONE', #3102, .T. ) ;
#61 = ORIENTED_EDGE ( 'NONE', *, *, #3356, .T. ) ;
#62 = CARTESIAN_POINT ( 'NONE',  ( 1.200000000000000622, 0.000000000000000000, 0.3500000000000000333 ) ) ;
#63 = CIRCLE ( 'NONE', #1558, 0.05000000000000012768 ) ;
#64 = EDGE_LOOP ( 'NONE', ( #521, #49, #1371, #949 ) ) ;
#65 = DIRECTION ( 'NONE',  ( 0.000000000000000000, 0.000000000000000000, -1.000000000000000000 ) ) ;
#66 = VECTOR ( 'NONE', #1173, 1000.000000000000000 ) ;
#67 = CARTESIAN_POINT ( 'NONE',  ( -1.250000000000000444, 0.2999999999999999889, 1.000000000000000000 ) ) ;
#68 = VERTEX_POINT ( 'NONE', #3232 ) ;
#69 = ORIENTED_EDGE ( 'NONE', *, *, #80, .F. ) ;
#70 = CARTESIAN_POINT ( 'NONE',  ( -1.175000000000000488, 0.5366025403784435710, 0.8249999999999999556 ) ) ;
#71 = EDGE_CURVE ( 'NONE', #3740, #2072, #570, .T. ) ;
#72 = CARTESIAN_POINT ( 'NONE',  ( 1.074999999999999289, 0.4499999999999999001, -0.8749999999999997780 ) ) ;
#73 = LINE ( 'NONE', #2767, #1363 ) ;
#74 = FACE_OUTER_BOUND ( 'NONE', #336, .T. ) ;
#75 = CYLINDRICAL_SURFACE ( 'NONE', #611, 0.1000000000000000472 ) ;
#76 = AXIS2_PLACEMENT_3D ( 'NONE', #3765, #1109, #3480 ) ;
#77 = DIRECTION ( 'NONE',  ( 0.000000000000000000, 0.000000000000000000, -1.000000000000000000 ) ) ;
#78 = ORIENTED_EDGE ( 'NONE', *, *, #1702, .T. ) ;
#79 = DIRECTION ( 'NONE',  ( 1.000000000000000000, 0.000000000000000000, 0.000000000000000000 ) ) ;
#80 = EDGE_CURVE ( 'NONE', #2846, #2799, #2840, .T. ) ;
#81 = CYLINDRICAL_SURFACE ( 'NONE', #2889, 0.1000000000000000472 ) ;
#82 = EDGE_LOOP ( 'NONE', ( #737, #3679, #1271, #2061 ) ) ;
#83 = EDGE_CURVE ( 'NONE', #1852, #2694, #1251, .T. ) ;
#84 = CARTESIAN_POINT ( 'NONE',  ( 1.075000000000000400, 0.2999999999999999889, 1.000000000000000000 ) ) ;
#85 = ADVANCED_FACE ( 'NONE', ( #681 ), #3650, .T. ) ;
#86 = EDGE_CURVE ( 'NONE', #1110, #2225, #467, .T. ) ;
#87 = VERTEX_POINT ( 'NONE', #3380 ) ;
#88 = CARTESIAN_POINT ( 'NONE',  ( -1.200000000000000622, 1.330776406404415413, -0.8322949016875157424 ) ) ;
#89 = ORIENTED_EDGE ( 'NONE', *, *, #178, .F. ) ;
#90 = FILL_AREA_STYLE_COLOUR ( '', #3528 ) ;
#91 = DIRECTION ( 'NONE',  ( 0.000000000000000000, 0.000000000000000000, 1.000000000000000000 ) ) ;
#92 = EDGE_LOOP ( 'NONE', ( #2896, #1650, #510, #1435 ) ) ;
#93 = VECTOR ( 'NONE', #2346, 1000.000000000000000 ) ;
#94 = DIRECTION ( 'NONE',  ( -1.000000000000000000, 0.000000000000000000, -0.000000000000000000 ) ) ;
#95 = ORIENTED_EDGE ( 'NONE', *, *, #2836, .T. ) ;
#96 = LINE ( 'NONE', #3042, #2082 ) ;
#97 = EDGE_CURVE ( 'NONE', #3112, #1403, #1088, .T. ) ;
#98 = AXIS2_PLACEMENT_3D ( 'NONE', #249, #1352, #1076 ) ;
#99 = ORIENTED_EDGE ( 'NONE', *, *, #1180, .F. ) ;
#100 = DIRECTION ( 'NONE',  ( 0.000000000000000000, 0.000000000000000000, -1.000000000000000000 ) ) ;
#101 = VECTOR ( 'NONE', #206, 1000.000000000000000 ) ;
#102 = EDGE_CURVE ( 'NONE', #2074, #1723, #1966, .T. ) ;
#103 = ORIENTED_EDGE ( 'NONE', *, *, #1571, .F. ) ;
#104 = ORIENTED_EDGE ( 'NONE', *, *, #3328, .T. ) ;
#105 = DIRECTION ( 'NONE',  ( -0.000000000000000000, 1.000000000000000000, -0.000000000000000000 ) ) ;
#106 = ORIENTED_EDGE ( 'NONE', *, *, #2929, .F. ) ;
#107 = CIRCLE ( 'NONE', #2290, 0.1000000000000000472 ) ;
#108 = FACE_OUTER_BOUND ( 'NONE', #1701, .T. ) ;
#109 = DIRECTION ( 'NONE',  ( 0.000000000000000000, -1.000000000000000000, 0.000000000000000000 ) ) ;
#110 = ORIENTED_EDGE ( 'NONE', *, *, #3804, .T. ) ;
#111 = VECTOR ( 'NONE', #1556, 1000.000000000000000 ) ;
#112 = ADVANCED_FACE ( 'NONE', ( #1546 ), #2181, .F. ) ;
#113 = CARTESIAN_POINT ( 'NONE',  ( -1.075000000000000400, 0.5500000000000000444, 0.9250000000000000444 ) ) ;
#114 = ORIENTED_EDGE ( 'NONE', *, *, #3196, .F. ) ;
#115 = DIRECTION ( 'NONE',  ( 0.000000000000000000, 0.000000000000000000, -1.000000000000000000 ) ) ;
#116 = DIRECTION ( 'NONE',  ( 0.000000000000000000, -1.000000000000000000, 0.000000000000000000 ) ) ;
#117 = CARTESIAN_POINT ( 'NONE',  ( 0.4500000000000002887, 0.000000000000000000, -0.3500000000000000333 ) ) ;
#118 = ORIENTED_EDGE ( 'NONE', *, *, #2853, .T. ) ;
#119 = CARTESIAN_POINT ( 'NONE',  ( 1.250000000000000444, 0.2999999999999999889, 0.8999999999999999112 ) ) ;
#120 = ORIENTED_EDGE ( 'NONE', *, *, #1684, .T. ) ;
#121 = EDGE_CURVE ( 'NONE', #1246, #978, #1581, .T. ) ;
#122 = VECTOR ( 'NONE', #2205, 1000.000000000000000 ) ;
#123 = VECTOR ( 'NONE', #1148, 1000.000000000000000 ) ;
#124 = ORIENTED_EDGE ( 'NONE', *, *, #1222, .T. ) ;
#125 = PRESENTATION_STYLE_ASSIGNMENT (( #2802 ) ) ;
#126 = AXIS2_PLACEMENT_3D ( 'NONE', #1323, #728, #3302 ) ;
#127 = DIRECTION ( 'NONE',  ( -1.314184451497581259E-16, 0.000000000000000000, -1.000000000000000000 ) ) ;
#128 = EDGE_CURVE ( 'NONE', #495, #3800, #2129, .T. ) ;
#129 = CARTESIAN_POINT ( 'NONE',  ( 1.200000000000000622, 0.000000000000000000, 0.3500000000000000333 ) ) ;
#130 = EDGE_CURVE ( 'NONE', #3652, #2885, #1839, .T. ) ;
#131 = ORIENTED_EDGE ( 'NONE', *, *, #3476, .F. ) ;
#132 = EDGE_CURVE ( 'NONE', #1403, #3685, #646, .T. ) ;
#133 = CYLINDRICAL_SURFACE ( 'NONE', #1625, 0.1750000000000000167 ) ;
#134 = FILL_AREA_STYLE_COLOUR ( '', #1553 ) ;
#135 = DIRECTION ( 'NONE',  ( 1.000000000000000000, -0.000000000000000000, 0.000000000000000000 ) ) ;
#136 = ORIENTED_EDGE ( 'NONE', *, *, #3706, .F. ) ;
#137 = CARTESIAN_POINT ( 'NONE',  ( -1.200000000000000622, 1.330776406404415413, -0.3500000000000000333 ) ) ;
#138 = CIRCLE ( 'NONE', #1633, 0.1000000000000000472 ) ;
#139 = AXIS2_PLACEMENT_3D ( 'NONE', #3194, #853, #1452 ) ;
#140 = AXIS2_PLACEMENT_3D ( 'NONE', #3323, #3599, #3651 ) ;
#141 = CARTESIAN_POINT ( 'NONE',  ( 1.250000000000000444, 0.000000000000000000, 0.8249999999999999556 ) ) ;
#142 = VERTEX_POINT ( 'NONE', #84 ) ;
#143 = DIRECTION ( 'NONE',  ( 0.000000000000000000, 0.000000000000000000, -1.000000000000000000 ) ) ;
#144 = ORIENTED_EDGE ( 'NONE', *, *, #2929, .T. ) ;
#145 = LINE ( 'NONE', #2284, #1859 ) ;
#146 = ORIENTED_EDGE ( 'NONE', *, *, #2038, .F. ) ;
#147 = DIRECTION ( 'NONE',  ( -0.000000000000000000, -0.000000000000000000, 1.000000000000000000 ) ) ;
#148 = LINE ( 'NONE', #1402, #2678 ) ;
#149 = DIRECTION ( 'NONE',  ( -1.239088197126290669E-15, 0.000000000000000000, -1.000000000000000000 ) ) ;
#150 = FACE_OUTER_BOUND ( 'NONE', #2996, .T. ) ;
#151 = ORIENTED_EDGE ( 'NONE', *, *, #230, .F. ) ;
#152 = SURFACE_STYLE_FILL_AREA ( #2831 ) ;
#154 = EDGE_CURVE ( 'NONE', #961, #1709, #974, .T. ) ;
#153 = DIRECTION ( 'NONE',  ( 0.000000000000000000, 0.000000000000000000, -1.000000000000000000 ) ) ;
#155 = PLANE ( 'NONE',  #1369 ) ;
#156 = DIRECTION ( 'NONE',  ( 1.000000000000000000, -0.000000000000000000, -8.673617379884035472E-17 ) ) ;
#157 = ORIENTED_EDGE ( 'NONE', *, *, #1030, .F. ) ;
#158 = DIRECTION ( 'NONE',  ( 0.000000000000000000, 0.000000000000000000, 1.000000000000000000 ) ) ;
#159 = AXIS2_PLACEMENT_3D ( 'NONE', #1307, #3079, #2466 ) ;
#160 = CARTESIAN_POINT ( 'NONE',  ( 1.200000000000000622, 0.000000000000000000, -0.8322949016875157424 ) ) ;
#161 = ORIENTED_EDGE ( 'NONE', *, *, #657, .T. ) ;
#162 = CARTESIAN_POINT ( 'NONE',  ( 0.4500000000000002887, 0.2999999999999999889, -0.3500000000000000333 ) ) ;
#163 = TOROIDAL_SURFACE ( 'NONE', #3631, 0.05000000000000004441, 0.05000000000000000278 ) ;
#164 = CARTESIAN_POINT ( 'NONE',  ( -1.200000000000000622, 0.2999999999999999889, -0.8322949016875157424 ) ) ;
#165 = VERTEX_POINT ( 'NONE', #997 ) ;
#166 = EDGE_LOOP ( 'NONE', ( #246, #3562, #933, #565 ) ) ;
#167 = DIRECTION ( 'NONE',  ( 0.000000000000000000, 0.000000000000000000, 1.000000000000000000 ) ) ;
#168 = CARTESIAN_POINT ( 'NONE',  ( 1.124999999999999334, 0.4499999999999999001, 0.8249999999999997335 ) ) ;
#169 = EDGE_CURVE ( 'NONE', #1212, #834, #3047, .T. ) ;
#170 = ORIENTED_EDGE ( 'NONE', *, *, #2152, .F. ) ;
#171 = VECTOR ( 'NONE', #2563, 1000.000000000000000 ) ;
#172 = FACE_OUTER_BOUND ( 'NONE', #1037, .T. ) ;
#173 = ORIENTED_EDGE ( 'NONE', *, *, #3221, .T. ) ;
#174 = EDGE_CURVE ( 'NONE', #665, #1940, #376, .T. ) ;
#175 = CARTESIAN_POINT ( 'NONE',  ( 1.074999999999999289, 0.6000000000000000888, -0.8249999999999999556 ) ) ;
#176 = CARTESIAN_POINT ( 'NONE',  ( 1.074999999999999067, 0.4000000000000000222, 0.9750000000000000888 ) ) ;
#177 = VERTEX_POINT ( 'NONE', #354 ) ;
#178 = EDGE_CURVE ( 'NONE', #1065, #254, #1268, .T. ) ;
#179 = CIRCLE ( 'NONE', #1485, 0.1000000000000000472 ) ;
#180 = DIRECTION ( 'NONE',  ( 0.000000000000000000, -1.000000000000000000, 0.000000000000000000 ) ) ;
#181 = CARTESIAN_POINT ( 'NONE',  ( 1.174999999999999378, 0.5500000000000000444, 0.8249999999999997335 ) ) ;
#182 = ADVANCED_FACE ( 'NONE', ( #2201 ), #715, .F. ) ;
#183 = ORIENTED_EDGE ( 'NONE', *, *, #1347, .T. ) ;
#184 = STYLED_ITEM ( 'NONE', ( #125 ), #2439 ) ;
#185 = DIRECTION ( 'NONE',  ( -0.000000000000000000, -1.000000000000000000, -0.000000000000000000 ) ) ;
#186 = AXIS2_PLACEMENT_3D ( 'NONE', #1021, #3468, #2553 ) ;
#187 = ADVANCED_FACE ( 'NONE', ( #3440 ), #2838, .F. ) ;
#188 = AXIS2_PLACEMENT_3D ( 'NONE', #2559, #2025, #200 ) ;
#189 = FACE_OUTER_BOUND ( 'NONE', #1314, .T. ) ;
#190 = ORIENTED_EDGE ( 'NONE', *, *, #908, .F. ) ;
#191 = ORIENTED_EDGE ( 'NONE', *, *, #2467, .T. ) ;
#192 = CARTESIAN_POINT ( 'NONE',  ( 1.074999999999999067, 0.6000000000000000888, 0.8249999999999997335 ) ) ;
#193 = PLANE ( 'NONE',  #2046 ) ;
#194 = ORIENTED_EDGE ( 'NONE', *, *, #97, .T. ) ;
#195 = CYLINDRICAL_SURFACE ( 'NONE', #1992, 0.1000000000000000472 ) ;
#196 = ORIENTED_EDGE ( 'NONE', *, *, #2991, .F. ) ;
#197 = EDGE_CURVE ( 'NONE', #1081, #710, #2304, .T. ) ;
#198 = CARTESIAN_POINT ( 'NONE',  ( -0.4500000000000002887, 0.2999999999999999889, -0.3500000000000000333 ) ) ;
#199 = CIRCLE ( 'NONE', #2944, 0.04999999999999991257 ) ;
#200 = DIRECTION ( 'NONE',  ( -1.000000000000000000, 0.000000000000000000, 1.008560160451632221E-16 ) ) ;
#201 = LINE ( 'NONE', #2809, #447 ) ;
#202 = VERTEX_POINT ( 'NONE', #819 ) ;
#203 = CARTESIAN_POINT ( 'NONE',  ( 0.4500000000000003997, 0.2999999999999999889, 0.9460000000000000631 ) ) ;
#204 = CARTESIAN_POINT ( 'NONE',  ( 0.000000000000000000, 0.4000000000000000222, 0.000000000000000000 ) ) ;
#205 = ORIENTED_EDGE ( 'NONE', *, *, #1030, .T. ) ;
#206 = DIRECTION ( 'NONE',  ( -1.000000000000000000, -0.000000000000000000, -0.000000000000000000 ) ) ;
#207 = DIRECTION ( 'NONE',  ( 0.000000000000000000, 0.000000000000000000, -1.000000000000000000 ) ) ;
#208 = EDGE_CURVE ( 'NONE', #1284, #557, #2016, .T. ) ;
#209 = CIRCLE ( 'NONE', #3062, 0.1500000000000001887 ) ;
#210 = DIRECTION ( 'NONE',  ( 0.000000000000000000, 1.000000000000000000, 0.000000000000000000 ) ) ;
#211 = ADVANCED_FACE ( 'NONE', ( #3152 ), #738, .T. ) ;
#212 = EDGE_CURVE ( 'NONE', #1279, #2281, #1688, .T. ) ;
#213 = VERTEX_POINT ( 'NONE', #2566 ) ;
#214 = ORIENTED_EDGE ( 'NONE', *, *, #3239, .F. ) ;
#215 = DIRECTION ( 'NONE',  ( -0.000000000000000000, 1.000000000000000000, -0.000000000000000000 ) ) ;
#216 = CARTESIAN_POINT ( 'NONE',  ( 1.200000000000000622, 0.2999999999999999889, -0.3500000000000000333 ) ) ;
#217 = AXIS2_PLACEMENT_3D ( 'NONE', #1700, #3147, #768 ) ;
#218 = EDGE_LOOP ( 'NONE', ( #173, #3732, #1015, #1097 ) ) ;
#219 = ORIENTED_EDGE ( 'NONE', *, *, #1217, .T. ) ;
#220 = DIRECTION ( 'NONE',  ( -1.000000000000000000, 0.000000000000000000, 0.000000000000000000 ) ) ;
#221 = PLANE ( 'NONE',  #2682 ) ;
#222 = CARTESIAN_POINT ( 'NONE',  ( 1.200000000000000622, 1.330776406404415413, -0.3500000000000000333 ) ) ;
#223 = ORIENTED_EDGE ( 'NONE', *, *, #2948, .F. ) ;
#224 = DIRECTION ( 'NONE',  ( -0.000000000000000000, 0.000000000000000000, 1.000000000000000000 ) ) ;
#225 = CARTESIAN_POINT ( 'NONE',  ( 1.174999999999999156, 3.731293662370235076, 0.8249999999999997335 ) ) ;
#226 = EDGE_LOOP ( 'NONE', ( #1657, #2770, #3401, #2220 ) ) ;
#227 = CARTESIAN_POINT ( 'NONE',  ( -1.075000000000000400, 0.4499999999999999001, 0.9750000000000000888 ) ) ;
#228 = CARTESIAN_POINT ( 'NONE',  ( -1.200000000000000622, 1.330776406404415413, 0.3500000000000000333 ) ) ;
#229 = PRESENTATION_LAYER_ASSIGNMENT (  '', '', ( #541 ) ) ;
#230 = EDGE_CURVE ( 'NONE', #3085, #213, #1413, .T. ) ;
#231 = DIRECTION ( 'NONE',  ( 1.000000000000000000, 0.000000000000000000, -0.000000000000000000 ) ) ;
#232 = ORIENTED_EDGE ( 'NONE', *, *, #770, .T. ) ;
#233 = VERTEX_POINT ( 'NONE', #3172 ) ;
#234 = ORIENTED_EDGE ( 'NONE', *, *, #3523, .F. ) ;
#235 = EDGE_CURVE ( 'NONE', #910, #2247, #796, .T. ) ;
#236 = LINE ( 'NONE', #1336, #3705 ) ;
#237 = EDGE_LOOP ( 'NONE', ( #170, #3475, #1255, #3129 ) ) ;
#238 = CIRCLE ( 'NONE', #592, 0.1750000000000000167 ) ;
#239 = FACE_OUTER_BOUND ( 'NONE', #2005, .T. ) ;
#240 = CARTESIAN_POINT ( 'NONE',  ( 1.250000000000000444, 0.2999999999999999889, -1.000000000000000000 ) ) ;
#241 = VECTOR ( 'NONE', #220, 1000.000000000000000 ) ;
#242 = EDGE_CURVE ( 'NONE', #961, #910, #238, .T. ) ;
#243 = DIRECTION ( 'NONE',  ( 0.000000000000000000, -1.000000000000000000, 0.000000000000000000 ) ) ;
#244 = DIRECTION ( 'NONE',  ( -0.000000000000000000, 1.000000000000000000, -0.000000000000000000 ) ) ;
#245 = DIRECTION ( 'NONE',  ( 0.000000000000000000, 0.000000000000000000, -1.000000000000000000 ) ) ;
#246 = ORIENTED_EDGE ( 'NONE', *, *, #694, .F. ) ;
#247 = FACE_OUTER_BOUND ( 'NONE', #379, .T. ) ;
#248 = CARTESIAN_POINT ( 'NONE',  ( -1.250000000000000444, 0.000000000000000000, 0.8249999999999999556 ) ) ;
#249 = CARTESIAN_POINT ( 'NONE',  ( 1.124999999999999556, 0.5500000000000000444, 0.8249999999999997335 ) ) ;
#250 = FACE_OUTER_BOUND ( 'NONE', #353, .T. ) ;
#251 = VECTOR ( 'NONE', #1143, 1000.000000000000000 ) ;
#252 = VERTEX_POINT ( 'NONE', #3423 ) ;
#253 = LINE ( 'NONE', #858, #10 ) ;
#254 = VERTEX_POINT ( 'NONE', #3726 ) ;
#255 = ORIENTED_EDGE ( 'NONE', *, *, #2568, .T. ) ;
#256 = VECTOR ( 'NONE', #3390, 1000.000000000000000 ) ;
#257 = AXIS2_PLACEMENT_3D ( 'NONE', #3388, #3144, #1063 ) ;
#258 = CYLINDRICAL_SURFACE ( 'NONE', #1984, 0.1750000000000000167 ) ;
#259 = CARTESIAN_POINT ( 'NONE',  ( 1.249999999999999556, 0.000000000000000000, 0.9999999999999997780 ) ) ;
#260 = VECTOR ( 'NONE', #55, 1000.000000000000000 ) ;
#261 = ORIENTED_EDGE ( 'NONE', *, *, #3173, .T. ) ;
#262 = ADVANCED_FACE ( 'NONE', ( #3745 ), #492, .T. ) ;
#263 = VERTEX_POINT ( 'NONE', #3400 ) ;
#264 = EDGE_CURVE ( 'NONE', #2927, #2237, #2262, .T. ) ;
#265 = LINE ( 'NONE', #3719, #2360 ) ;
#266 = EDGE_CURVE ( 'NONE', #40, #2927, #1584, .T. ) ;
#267 = LINE ( 'NONE', #2338, #1804 ) ;
#268 = EDGE_CURVE ( 'NONE', #2289, #1769, #1935, .T. ) ;
#269 = AXIS2_PLACEMENT_3D ( 'NONE', #1497, #1086, #16 ) ;
#270 = DIRECTION ( 'NONE',  ( 0.000000000000000000, -0.000000000000000000, 1.000000000000000000 ) ) ;
#271 = FACE_OUTER_BOUND ( 'NONE', #1018, .T. ) ;
#272 = PLANE ( 'NONE',  #1606 ) ;
#273 = CARTESIAN_POINT ( 'NONE',  ( 1.200000000000000622, 0.2999999999999999889, -0.8322949016875157424 ) ) ;
#274 = ORIENTED_EDGE ( 'NONE', *, *, #1249, .T. ) ;
#275 = AXIS2_PLACEMENT_3D ( 'NONE', #1206, #2140, #3610 ) ;
#276 = DIRECTION ( 'NONE',  ( 0.000000000000000000, 0.000000000000000000, -1.000000000000000000 ) ) ;
#277 = AXIS2_PLACEMENT_3D ( 'NONE', #2520, #1664, #2814 ) ;
#278 = ORIENTED_EDGE ( 'NONE', *, *, #2908, .F. ) ;
#279 = CARTESIAN_POINT ( 'NONE',  ( 1.200000000000000622, 0.2999999999999999334, 0.8322949016875157424 ) ) ;
#280 = FACE_OUTER_BOUND ( 'NONE', #92, .T. ) ;
#281 = CARTESIAN_POINT ( 'NONE',  ( -1.125000000000000666, 0.6000000000000000888, -0.8249999999999999556 ) ) ;
#282 = EDGE_CURVE ( 'NONE', #2506, #2570, #512, .T. ) ;
#283 = LINE ( 'NONE', #1131, #2185 ) ;
#284 = CARTESIAN_POINT ( 'NONE',  ( -1.150000000000000355, 0.2999999999999999334, 1.000000000000000000 ) ) ;
#285 = FACE_OUTER_BOUND ( 'NONE', #426, .T. ) ;
#286 =( LENGTH_UNIT ( ) NAMED_UNIT ( * ) SI_UNIT ( .MILLI., .METRE. ) );
#287 = EDGE_LOOP ( 'NONE', ( #3176, #1454, #131, #3051 ) ) ;
#288 = CARTESIAN_POINT ( 'NONE',  ( 1.150000000000000355, 0.2999999999999999889, -1.000000000000000000 ) ) ;
#289 = DIRECTION ( 'NONE',  ( -0.000000000000000000, -1.000000000000000000, -0.000000000000000000 ) ) ;
#290 = VECTOR ( 'NONE', #3667, 1000.000000000000000 ) ;
#291 = PLANE ( 'NONE',  #1451 ) ;
#292 = VERTEX_POINT ( 'NONE', #1053 ) ;
#293 = CIRCLE ( 'NONE', #544, 0.05000000000000002359 ) ;
#294 = DIRECTION ( 'NONE',  ( -1.000000000000000000, 0.000000000000000000, -0.000000000000000000 ) ) ;
#295 = PLANE ( 'NONE',  #3278 ) ;
#296 = PRODUCT_RELATED_PRODUCT_CATEGORY ( 'part', '', ( #2473 ) ) ;
#297 = VECTOR ( 'NONE', #1391, 1000.000000000000000 ) ;
#298 = SURFACE_STYLE_USAGE ( .BOTH. , #1223 ) ;
#299 = EDGE_CURVE ( 'NONE', #2225, #3387, #348, .T. ) ;
#300 = CARTESIAN_POINT ( 'NONE',  ( 1.250000000000000444, 0.000000000000000000, -1.000000000000000000 ) ) ;
#301 = EDGE_CURVE ( 'NONE', #2247, #807, #1090, .T. ) ;
#302 = LINE ( 'NONE', #580, #1545 ) ;
#303 = CARTESIAN_POINT ( 'NONE',  ( -1.075000000000000400, 3.731293662370235076, -0.9250000000000000444 ) ) ;
#304 = DIRECTION ( 'NONE',  ( -0.000000000000000000, -1.000000000000000000, -0.000000000000000000 ) ) ;
#305 = ADVANCED_FACE ( 'NONE', ( #1710 ), #163, .T. ) ;
#306 = VECTOR ( 'NONE', #1601, 1000.000000000000000 ) ;
#307 = EDGE_LOOP ( 'NONE', ( #1866, #2048, #3046, #720 ) ) ;
#308 = LINE ( 'NONE', #3165, #3416 ) ;
#309 = VERTEX_POINT ( 'NONE', #530 ) ;
#310 = CIRCLE ( 'NONE', #923, 0.1750000000000000167 ) ;
#311 = ORIENTED_EDGE ( 'NONE', *, *, #2991, .T. ) ;
#312 = TOROIDAL_SURFACE ( 'NONE', #2807, 0.05000000000000009992, 0.05000000000000000278 ) ;
#313 = PRESENTATION_LAYER_ASSIGNMENT (  '', '', ( #3161 ) ) ;
#314 = CARTESIAN_POINT ( 'NONE',  ( -1.250000000000000444, 0.000000000000000000, -0.8999999999999999112 ) ) ;
#315 = DIRECTION ( 'NONE',  ( 0.000000000000000000, 0.000000000000000000, 1.000000000000000000 ) ) ;
#316 = CARTESIAN_POINT ( 'NONE',  ( 1.083539794545363311, 0.2999999999999999334, -0.9460000000000000631 ) ) ;
#317 = FACE_OUTER_BOUND ( 'NONE', #431, .T. ) ;
#318 = LINE ( 'NONE', #3393, #1125 ) ;
#319 = CARTESIAN_POINT ( 'NONE',  ( -1.075000000000000622, 3.731293662370235076, -0.9749999999999999778 ) ) ;
#320 = EDGE_CURVE ( 'NONE', #2151, #1144, #904, .T. ) ;
#321 = EDGE_CURVE ( 'NONE', #1080, #2778, #661, .T. ) ;
#322 = CARTESIAN_POINT ( 'NONE',  ( -1.083539794545363311, 0.2999999999999999889, 0.9460000000000000631 ) ) ;
#323 = CARTESIAN_POINT ( 'NONE',  ( 1.174999999999999156, 3.731293662370235076, -0.8249999999999999556 ) ) ;
#324 = EDGE_LOOP ( 'NONE', ( #3604, #2830, #2959, #1945 ) ) ;
#325 = DIRECTION ( 'NONE',  ( 0.000000000000000000, 1.000000000000000000, -0.000000000000000000 ) ) ;
#326 = AXIS2_PLACEMENT_3D ( 'NONE', #3253, #591, #1792 ) ;
#327 = VECTOR ( 'NONE', #3421, 1000.000000000000000 ) ;
#328 = DIRECTION ( 'NONE',  ( 0.000000000000000000, 0.000000000000000000, -1.000000000000000000 ) ) ;
#329 = PLANE ( 'NONE',  #1683 ) ;
#330 = FACE_OUTER_BOUND ( 'NONE', #64, .T. ) ;
#331 = AXIS2_PLACEMENT_3D ( 'NONE', #3674, #3087, #2253 ) ;
#332 = ORIENTED_EDGE ( 'NONE', *, *, #1129, .F. ) ;
#333 = FACE_OUTER_BOUND ( 'NONE', #3156, .T. ) ;
#334 = DIRECTION ( 'NONE',  ( -0.000000000000000000, 0.000000000000000000, -1.000000000000000000 ) ) ;
#335 = SURFACE_SIDE_STYLE ('',( #443 ) ) ;
#336 = EDGE_LOOP ( 'NONE', ( #3735, #617, #3031, #517 ) ) ;
#337 = CARTESIAN_POINT ( 'NONE',  ( -1.250000000000000444, 1.330776406404415413, 1.000000000000000000 ) ) ;
#338 = CARTESIAN_POINT ( 'NONE',  ( -0.4500000000000003997, 0.000000000000000000, -0.9460000000000000631 ) ) ;
#339 = ORIENTED_EDGE ( 'NONE', *, *, #3038, .T. ) ;
#340 = CARTESIAN_POINT ( 'NONE',  ( -1.250000000000000444, 1.330776406404415413, -0.8249999999999999556 ) ) ;
#341 = ORIENTED_EDGE ( 'NONE', *, *, #2314, .T. ) ;
#342 = EDGE_CURVE ( 'NONE', #1891, #2564, #1484, .T. ) ;
#343 = CARTESIAN_POINT ( 'NONE',  ( -0.4500000000000003997, 0.2999999999999999889, 0.9460000000000000631 ) ) ;
#344 = CLOSED_SHELL ( 'NONE', ( #2269, #2515, #1282, #3619, #3211, #731, #1292, #1711, #355, #749, #13 ) ) ;
#345 = DIRECTION ( 'NONE',  ( 1.000000000000000000, 0.000000000000000000, 0.000000000000000000 ) ) ;
#346 = FACE_OUTER_BOUND ( 'NONE', #1542, .T. ) ;
#347 = CARTESIAN_POINT ( 'NONE',  ( -1.075000000000000400, 0.4000000000000000222, 0.9250000000000000444 ) ) ;
#348 = CIRCLE ( 'NONE', #3746, 0.1000000000000000472 ) ;
#349 = DIRECTION ( 'NONE',  ( -0.000000000000000000, -1.000000000000000000, -0.000000000000000000 ) ) ;
#350 = VERTEX_POINT ( 'NONE', #284 ) ;
#351 = VECTOR ( 'NONE', #3764, 1000.000000000000000 ) ;
#352 = CARTESIAN_POINT ( 'NONE',  ( 1.249999999999999556, 0.000000000000000000, 0.8999999999999996891 ) ) ;
#353 = EDGE_LOOP ( 'NONE', ( #223, #118, #3108, #2871 ) ) ;
#354 = CARTESIAN_POINT ( 'NONE',  ( -1.200000000000000622, 0.2999999999999999334, -0.8322949016875157424 ) ) ;
#355 = ADVANCED_FACE ( 'NONE', ( #1819 ), #1431, .T. ) ;
#356 = ORIENTED_EDGE ( 'NONE', *, *, #1077, .T. ) ;
#357 = ORIENTED_EDGE ( 'NONE', *, *, #1422, .F. ) ;
#358 = ORIENTED_EDGE ( 'NONE', *, *, #2244, .T. ) ;
#359 = VECTOR ( 'NONE', #2245, 1000.000000000000000 ) ;
#360 = CYLINDRICAL_SURFACE ( 'NONE', #3588, 0.1000000000000000472 ) ;
#361 = CARTESIAN_POINT ( 'NONE',  ( -1.250000000000000444, 0.000000000000000000, 1.000000000000000000 ) ) ;
#362 = EDGE_CURVE ( 'NONE', #1725, #1080, #1133, .T. ) ;
#363 = CARTESIAN_POINT ( 'NONE',  ( -1.150000000000000355, 0.2999999999999999334, 1.000000000000000000 ) ) ;
#364 = CIRCLE ( 'NONE', #1547, 0.1000000000000000472 ) ;
#365 = CARTESIAN_POINT ( 'NONE',  ( 1.074999999999999067, 0.5500000000000000444, 0.8249999999999997335 ) ) ;
#366 = VERTEX_POINT ( 'NONE', #2662 ) ;
#367 = EDGE_CURVE ( 'NONE', #1938, #87, #2150, .T. ) ;
#368 = CIRCLE ( 'NONE', #991, 0.1750000000000000167 ) ;
#369 = EDGE_CURVE ( 'NONE', #375, #834, #3030, .T. ) ;
#370 = ADVANCED_FACE ( 'NONE', ( #317 ), #2087, .F. ) ;
#371 = DIRECTION ( 'NONE',  ( 0.000000000000000000, 1.000000000000000000, 0.000000000000000000 ) ) ;
#372 = VERTEX_POINT ( 'NONE', #1797 ) ;
#373 = EDGE_CURVE ( 'NONE', #3134, #455, #838, .T. ) ;
#374 = CARTESIAN_POINT ( 'NONE',  ( 1.124999999999999334, 0.4499999999999999001, 0.8249999999999997335 ) ) ;
#375 = VERTEX_POINT ( 'NONE', #2401 ) ;
#376 = LINE ( 'NONE', #699, #3812 ) ;
#377 = AXIS2_PLACEMENT_3D ( 'NONE', #2488, #3653, #2183 ) ;
#378 = CYLINDRICAL_SURFACE ( 'NONE', #140, 0.1750000000000000167 ) ;
#379 = EDGE_LOOP ( 'NONE', ( #3069, #47, #3721, #3560 ) ) ;
#380 = DIRECTION ( 'NONE',  ( -0.000000000000000000, -1.000000000000000000, -0.000000000000000000 ) ) ;
#381 = CARTESIAN_POINT ( 'NONE',  ( -1.083539794545363311, 0.000000000000000000, -0.9460000000000000631 ) ) ;
#382 = LINE ( 'NONE', #3086, #3098 ) ;
#383 = ORIENTED_EDGE ( 'NONE', *, *, #3280, .T. ) ;
#384 = VECTOR ( 'NONE', #1411, 1000.000000000000000 ) ;
#385 = EDGE_CURVE ( 'NONE', #3387, #1065, #969, .T. ) ;
#386 = LINE ( 'NONE', #26, #1569 ) ;
#387 = ORIENTED_EDGE ( 'NONE', *, *, #1676, .F. ) ;
#388 = EDGE_CURVE ( 'NONE', #1239, #2992, #2627, .T. ) ;
#389 = DIRECTION ( 'NONE',  ( -0.000000000000000000, 1.000000000000000000, -0.000000000000000000 ) ) ;
#390 = ORIENTED_EDGE ( 'NONE', *, *, #3682, .T. ) ;
#391 = DIRECTION ( 'NONE',  ( 0.000000000000000000, 0.000000000000000000, 1.000000000000000000 ) ) ;
#392 = CARTESIAN_POINT ( 'NONE',  ( 0.4500000000000003997, 0.000000000000000000, 0.9460000000000000631 ) ) ;
#393 = DIRECTION ( 'NONE',  ( 0.000000000000000000, 0.000000000000000000, -1.000000000000000000 ) ) ;
#394 = ORIENTED_EDGE ( 'NONE', *, *, #756, .F. ) ;
#395 = LINE ( 'NONE', #88, #1562 ) ;
#396 = ORIENTED_EDGE ( 'NONE', *, *, #2710, .T. ) ;
#397 = EDGE_LOOP ( 'NONE', ( #2587, #151, #2133, #1624 ) ) ;
#398 = LINE ( 'NONE', #3105, #1490 ) ;
#399 = DIRECTION ( 'NONE',  ( 0.000000000000000000, 0.000000000000000000, 1.000000000000000000 ) ) ;
#400 = ORIENTED_EDGE ( 'NONE', *, *, #1468, .T. ) ;
#401 = AXIS2_PLACEMENT_3D ( 'NONE', #1473, #1823, #3247 ) ;
#402 = CARTESIAN_POINT ( 'NONE',  ( 1.075000000000000400, 0.000000000000000000, 1.000000000000000000 ) ) ;
#403 = CARTESIAN_POINT ( 'NONE',  ( 1.250000000000000444, 1.330776406404415413, 1.000000000000000000 ) ) ;
#404 = ORIENTED_EDGE ( 'NONE', *, *, #282, .T. ) ;
#405 = CARTESIAN_POINT ( 'NONE',  ( -1.250000000000000444, 0.2999999999999999889, -1.000000000000000000 ) ) ;
#406 = EDGE_CURVE ( 'NONE', #2879, #3141, #96, .T. ) ;
#407 = AXIS2_PLACEMENT_3D ( 'NONE', #2739, #2718, #2123 ) ;
#408 = EDGE_LOOP ( 'NONE', ( #358, #2216, #2514, #2266 ) ) ;
#409 = CARTESIAN_POINT ( 'NONE',  ( 1.250000000000000444, 0.2999999999999999889, -1.000000000000000000 ) ) ;
#410 = CIRCLE ( 'NONE', #2603, 0.1000000000000000472 ) ;
#411 = DIRECTION ( 'NONE',  ( 0.000000000000000000, -1.000000000000000000, 0.000000000000000000 ) ) ;
#412 = PRODUCT_DEFINITION_SHAPE ( 'NONE', 'NONE',  #975 ) ;
#413 = EDGE_CURVE ( 'NONE', #1940, #1719, #293, .T. ) ;
#414 = VERTEX_POINT ( 'NONE', #1304 ) ;
#415 = ADVANCED_FACE ( 'NONE', ( #643 ), #935, .T. ) ;
#416 = ORIENTED_EDGE ( 'NONE', *, *, #1519, .T. ) ;
#417 = LINE ( 'NONE', #671, #797 ) ;
#418 = DIRECTION ( 'NONE',  ( -0.000000000000000000, -1.000000000000000000, 0.000000000000000000 ) ) ;
#419 = AXIS2_PLACEMENT_3D ( 'NONE', #3542, #2091, #2389 ) ;
#420 = VECTOR ( 'NONE', #3014, 1000.000000000000000 ) ;
#421 = CARTESIAN_POINT ( 'NONE',  ( 1.150000000000000355, 0.2999999999999999334, 1.000000000000000000 ) ) ;
#422 = PLANE ( 'NONE',  #3003 ) ;
#423 = ORIENTED_EDGE ( 'NONE', *, *, #3124, .F. ) ;
#424 = AXIS2_PLACEMENT_3D ( 'NONE', #1260, #438, #3037 ) ;
#425 = CIRCLE ( 'NONE', #798, 0.1750000000000000167 ) ;
#426 = EDGE_LOOP ( 'NONE', ( #2292, #2270, #702, #3449 ) ) ;
#427 = DIRECTION ( 'NONE',  ( -1.512840240677448208E-16, 0.000000000000000000, -1.000000000000000000 ) ) ;
#428 = ORIENTED_EDGE ( 'NONE', *, *, #3428, .T. ) ;
#429 = CARTESIAN_POINT ( 'NONE',  ( 1.200000000000000622, 0.2999999999999999889, 0.8322949016875157424 ) ) ;
#430 = EDGE_LOOP ( 'NONE', ( #1669, #3820, #667, #1205 ) ) ;
#431 = EDGE_LOOP ( 'NONE', ( #124, #3591, #1596, #2824 ) ) ;
#432 = VECTOR ( 'NONE', #896, 1000.000000000000000 ) ;
#433 = VERTEX_POINT ( 'NONE', #2500 ) ;
#434 = ADVANCED_FACE ( 'NONE', ( #333 ), #3027, .T. ) ;
#435 = LINE ( 'NONE', #1717, #2426 ) ;
#436 = LINE ( 'NONE', #216, #3399 ) ;
#437 = CIRCLE ( 'NONE', #1936, 0.1500000000000001887 ) ;
#438 = DIRECTION ( 'NONE',  ( 1.000000000000000000, 0.000000000000000000, 1.819131161888430285E-16 ) ) ;
#439 = DIRECTION ( 'NONE',  ( 0.000000000000000000, 1.000000000000000000, -0.000000000000000000 ) ) ;
#440 = VERTEX_POINT ( 'NONE', #994 ) ;
#441 = FILL_AREA_STYLE_COLOUR ( '', #3034 ) ;
#442 = CARTESIAN_POINT ( 'NONE',  ( 1.074999999999999067, 0.4499999999999999001, 0.8750000000000000000 ) ) ;
#443 = SURFACE_STYLE_FILL_AREA ( #1616 ) ;
#444 = CARTESIAN_POINT ( 'NONE',  ( -1.200000000000000622, 0.2999999999999999889, 0.8322949016875157424 ) ) ;
#445 = VERTEX_POINT ( 'NONE', #1013 ) ;
#446 = DIRECTION ( 'NONE',  ( -0.000000000000000000, -1.000000000000000000, -0.000000000000000000 ) ) ;
#447 = VECTOR ( 'NONE', #1011, 1000.000000000000000 ) ;
#448 = AXIS2_PLACEMENT_3D ( 'NONE', #3307, #3081, #1602 ) ;
#449 = ORIENTED_EDGE ( 'NONE', *, *, #2479, .F. ) ;
#450 = DIRECTION ( 'NONE',  ( 0.000000000000000000, 0.000000000000000000, 1.000000000000000000 ) ) ;
#451 = EDGE_CURVE ( 'NONE', #2509, #2671, #2197, .T. ) ;
#452 = CARTESIAN_POINT ( 'NONE',  ( 1.250000000000000444, 1.330776406404415413, -1.000000000000000000 ) ) ;
#453 = ORIENTED_EDGE ( 'NONE', *, *, #2223, .F. ) ;
#454 = ORIENTED_EDGE ( 'NONE', *, *, #102, .T. ) ;
#455 = VERTEX_POINT ( 'NONE', #3629 ) ;
#456 = CARTESIAN_POINT ( 'NONE',  ( 1.224999999999999201, 0.4000000000000000222, 0.8249999999999997335 ) ) ;
#457 = DIRECTION ( 'NONE',  ( 1.000000000000000000, 0.000000000000000000, -1.819131161888430285E-16 ) ) ;
#458 = EDGE_LOOP ( 'NONE', ( #1549, #3714, #1577, #1733 ) ) ;
#459 = EDGE_CURVE ( 'NONE', #3251, #1267, #2031, .T. ) ;
#460 = CARTESIAN_POINT ( 'NONE',  ( -1.250000000000000444, 0.2999999999999999889, -1.000000000000000000 ) ) ;
#461 = ORIENTED_EDGE ( 'NONE', *, *, #1759, .T. ) ;
#462 = LINE ( 'NONE', #1658, #783 ) ;
#463 = PRESENTATION_STYLE_ASSIGNMENT (( #1643 ) ) ;
#464 = CARTESIAN_POINT ( 'NONE',  ( -1.200000000000000622, 0.000000000000000000, 0.3500000000000000333 ) ) ;
#465 = EDGE_LOOP ( 'NONE', ( #2598, #2018, #2141, #1627 ) ) ;
#466 = CARTESIAN_POINT ( 'NONE',  ( 1.249999999999999556, 0.4000000000000000222, 0.9999999999999997780 ) ) ;
#467 = CIRCLE ( 'NONE', #531, 0.09999999999999982514 ) ;
#468 = FACE_OUTER_BOUND ( 'NONE', #2608, .T. ) ;
#469 = DIRECTION ( 'NONE',  ( -0.000000000000000000, -1.000000000000000000, -0.000000000000000000 ) ) ;
#470 = ORIENTED_EDGE ( 'NONE', *, *, #1222, .F. ) ;
#471 = CARTESIAN_POINT ( 'NONE',  ( 1.074999999999999289, 0.4500000000000000666, -0.8749999999999998890 ) ) ;
#472 = VECTOR ( 'NONE', #2523, 1000.000000000000000 ) ;
#473 = DIRECTION ( 'NONE',  ( 1.000000000000000000, -0.000000000000000000, -0.000000000000000000 ) ) ;
#474 = ORIENTED_EDGE ( 'NONE', *, *, #2367, .T. ) ;
#475 = ADVANCED_FACE ( 'NONE', ( #2462 ), #2177, .F. ) ;
#476 = VERTEX_POINT ( 'NONE', #1227 ) ;
#477 = CARTESIAN_POINT ( 'NONE',  ( -1.250000000000000444, 1.330776406404415413, 0.8999999999999999112 ) ) ;
#478 = DIRECTION ( 'NONE',  ( 0.000000000000000000, 0.000000000000000000, 1.000000000000000000 ) ) ;
#479 = ORIENTED_EDGE ( 'NONE', *, *, #1740, .T. ) ;
#480 = CARTESIAN_POINT ( 'NONE',  ( 1.249999999999999556, 0.000000000000000000, 0.9999999999999997780 ) ) ;
#481 = ORIENTED_EDGE ( 'NONE', *, *, #2069, .F. ) ;
#482 = CARTESIAN_POINT ( 'NONE',  ( 1.200000000000000622, 0.2999999999999999889, 0.8322949016875157424 ) ) ;
#483 = DIRECTION ( 'NONE',  ( 0.000000000000000000, 0.000000000000000000, -1.000000000000000000 ) ) ;
#484 = VERTEX_POINT ( 'NONE', #62 ) ;
#485 = ADVANCED_FACE ( 'NONE', ( #2420 ), #1247, .F. ) ;
#486 = FACE_OUTER_BOUND ( 'NONE', #2309, .T. ) ;
#487 = VECTOR ( 'NONE', #473, 1000.000000000000000 ) ;
#488 = EDGE_CURVE ( 'NONE', #2799, #3556, #3396, .T. ) ;
#489 = CARTESIAN_POINT ( 'NONE',  ( 1.074999999999999067, 0.4000000000000000222, 0.8249999999999997335 ) ) ;
#490 = DIRECTION ( 'NONE',  ( 0.000000000000000000, 0.000000000000000000, 1.000000000000000000 ) ) ;
#491 = AXIS2_PLACEMENT_3D ( 'NONE', #1084, #499, #2888 ) ;
#492 = CYLINDRICAL_SURFACE ( 'NONE', #98, 0.04999999999999991257 ) ;
#493 = AXIS2_PLACEMENT_3D ( 'NONE', #2801, #3638, #3071 ) ;
#494 = FACE_OUTER_BOUND ( 'NONE', #3655, .T. ) ;
#495 = VERTEX_POINT ( 'NONE', #3457 ) ;
#496 = VERTEX_POINT ( 'NONE', #1029 ) ;
#497 = VERTEX_POINT ( 'NONE', #3702 ) ;
#498 = FACE_OUTER_BOUND ( 'NONE', #2400, .T. ) ;
#499 = DIRECTION ( 'NONE',  ( -0.000000000000000000, 1.000000000000000000, -0.000000000000000000 ) ) ;
#500 = ORIENTED_EDGE ( 'NONE', *, *, #3319, .F. ) ;
#501 = CARTESIAN_POINT ( 'NONE',  ( 1.124999999999999334, 0.6000000000000000888, -0.8249999999999999556 ) ) ;
#502 = ORIENTED_EDGE ( 'NONE', *, *, #1273, .F. ) ;
#503 = DIRECTION ( 'NONE',  ( 0.000000000000000000, 0.000000000000000000, -1.000000000000000000 ) ) ;
#504 = TOROIDAL_SURFACE ( 'NONE', #1443, 0.05000000000000004441, 0.05000000000000000278 ) ;
#505 = CIRCLE ( 'NONE', #2117, 0.1000000000000000472 ) ;
#506 = CARTESIAN_POINT ( 'NONE',  ( 0.4500000000000002887, 0.2999999999999999889, 0.3500000000000000333 ) ) ;
#507 = EDGE_LOOP ( 'NONE', ( #3234, #1919, #2393, #629 ) ) ;
#508 = CARTESIAN_POINT ( 'NONE',  ( -1.075000000000000400, 0.2999999999999999334, 1.000000000000000000 ) ) ;
#509 = LINE ( 'NONE', #2325, #384 ) ;
#510 = ORIENTED_EDGE ( 'NONE', *, *, #3227, .T. ) ;
#511 = EDGE_CURVE ( 'NONE', #445, #1638, #813, .T. ) ;
#512 = LINE ( 'NONE', #3116, #472 ) ;
#513 = CIRCLE ( 'NONE', #448, 0.1750000000000000167 ) ;
#514 = DIRECTION ( 'NONE',  ( 0.000000000000000000, 1.000000000000000000, -0.000000000000000000 ) ) ;
#515 = VERTEX_POINT ( 'NONE', #732 ) ;
#516 = VERTEX_POINT ( 'NONE', #508 ) ;
#517 = ORIENTED_EDGE ( 'NONE', *, *, #655, .T. ) ;
#518 = PLANE ( 'NONE',  #186 ) ;
#519 = DIRECTION ( 'NONE',  ( 0.000000000000000000, -1.000000000000000000, 0.000000000000000000 ) ) ;
#520 = AXIS2_PLACEMENT_3D ( 'NONE', #3107, #439, #1636 ) ;
#521 = ORIENTED_EDGE ( 'NONE', *, *, #767, .F. ) ;
#522 = DIRECTION ( 'NONE',  ( -0.000000000000000000, -1.000000000000000000, -0.000000000000000000 ) ) ;
#523 = DIRECTION ( 'NONE',  ( 0.000000000000000000, 1.000000000000000000, -0.000000000000000000 ) ) ;
#524 = CARTESIAN_POINT ( 'NONE',  ( -1.075000000000000400, 0.000000000000000000, -1.000000000000000000 ) ) ;
#525 = ORIENTED_EDGE ( 'NONE', *, *, #3070, .T. ) ;
#526 = ADVANCED_FACE ( 'NONE', ( #1706 ), #1368, .T. ) ;
#527 = LINE ( 'NONE', #1167, #1113 ) ;
#528 = CARTESIAN_POINT ( 'NONE',  ( 1.249999999999999556, 0.4000000000000000222, -1.000000000000000000 ) ) ;
#529 = CARTESIAN_POINT ( 'NONE',  ( 1.074999999999999067, 3.731293662370235076, 0.9750000000000000888 ) ) ;
#530 = CARTESIAN_POINT ( 'NONE',  ( -1.075000000000000400, 0.5500000000000000444, -0.9250000000000000444 ) ) ;
#531 = AXIS2_PLACEMENT_3D ( 'NONE', #2817, #2447, #115 ) ;
#532 = ADVANCED_FACE ( 'NONE', ( #486 ), #1952, .T. ) ;
#533 = DIRECTION ( 'NONE',  ( 1.000000000000000000, 0.000000000000000000, 0.000000000000000000 ) ) ;
#534 = CARTESIAN_POINT ( 'NONE',  ( 1.174999999999999156, 0.5366025403784440151, -0.8249999999999999556 ) ) ;
#535 = ORIENTED_EDGE ( 'NONE', *, *, #3450, .F. ) ;
#536 = CARTESIAN_POINT ( 'NONE',  ( -1.250000000000000444, 0.2999999999999999889, 1.000000000000000000 ) ) ;
#537 = ORIENTED_EDGE ( 'NONE', *, *, #2800, .T. ) ;
#538 = ORIENTED_EDGE ( 'NONE', *, *, #987, .T. ) ;
#539 = ADVANCED_FACE ( 'NONE', ( #1971 ), #2854, .F. ) ;
#540 = ADVANCED_FACE ( 'NONE', ( #1932 ), #1326, .T. ) ;
#541 = STYLED_ITEM ( 'NONE', ( #463 ), #1141 ) ;
#542 = ORIENTED_EDGE ( 'NONE', *, *, #685, .F. ) ;
#543 = EDGE_CURVE ( 'NONE', #2849, #1951, #779, .T. ) ;
#544 = AXIS2_PLACEMENT_3D ( 'NONE', #3336, #1908, #678 ) ;
#545 =( GEOMETRIC_REPRESENTATION_CONTEXT ( 3 ) GLOBAL_UNCERTAINTY_ASSIGNED_CONTEXT ( ( #2977 ) ) GLOBAL_UNIT_ASSIGNED_CONTEXT ( ( #1244, #2957, #1523 ) ) REPRESENTATION_CONTEXT ( 'NONE', 'WORKASPACE' ) );
#546 = LINE ( 'NONE', #1445, #3045 ) ;
#547 = DIRECTION ( 'NONE',  ( 1.000000000000000000, 0.000000000000000000, -1.512840240677448208E-16 ) ) ;
#548 = VERTEX_POINT ( 'NONE', #1345 ) ;
#549 =( LENGTH_UNIT ( ) NAMED_UNIT ( * ) SI_UNIT ( .MILLI., .METRE. ) );
#550 = PLANE ( 'NONE',  #76 ) ;
#551 = ORIENTED_EDGE ( 'NONE', *, *, #3788, .T. ) ;
#552 = CARTESIAN_POINT ( 'NONE',  ( 1.074999999999999067, 0.6000000000000000888, -0.8749999999999998890 ) ) ;
#553 = CARTESIAN_POINT ( 'NONE',  ( 0.4500000000000003997, 0.2999999999999999334, -0.3500000000000000333 ) ) ;
#554 = AXIS2_PLACEMENT_3D ( 'NONE', #2698, #23, #1537 ) ;
#555 = CARTESIAN_POINT ( 'NONE',  ( 1.174999999999999156, 0.4000000000000000222, 0.8249999999999997335 ) ) ;
#556 = AXIS2_PLACEMENT_3D ( 'NONE', #906, #2173, #2416 ) ;
#557 = VERTEX_POINT ( 'NONE', #1050 ) ;
#558 = EDGE_CURVE ( 'NONE', #3260, #1947, #1662, .T. ) ;
#559 = CARTESIAN_POINT ( 'NONE',  ( 1.200000000000000622, 0.000000000000000000, -0.3500000000000000333 ) ) ;
#560 = AXIS2_PLACEMENT_3D ( 'NONE', #1516, #2454, #1201 ) ;
#561 = CARTESIAN_POINT ( 'NONE',  ( -1.150000000000000355, 0.2999999999999999889, -1.000000000000000000 ) ) ;
#562 = DIRECTION ( 'NONE',  ( 0.000000000000000000, -1.000000000000000000, 0.000000000000000000 ) ) ;
#563 = VECTOR ( 'NONE', #1783, 1000.000000000000000 ) ;
#564 = CARTESIAN_POINT ( 'NONE',  ( -1.075000000000000400, 0.4000000000000000222, 0.9250000000000000444 ) ) ;
#565 = ORIENTED_EDGE ( 'NONE', *, *, #2612, .F. ) ;
#566 = CARTESIAN_POINT ( 'NONE',  ( 1.250000000000000444, 0.000000000000000000, -0.8999999999999999112 ) ) ;
#567 = CARTESIAN_POINT ( 'NONE',  ( -1.200000000000000622, 0.2999999999999999334, -0.8322949016875157424 ) ) ;
#568 = ORIENTED_EDGE ( 'NONE', *, *, #86, .F. ) ;
#569 = DIRECTION ( 'NONE',  ( -0.000000000000000000, -0.000000000000000000, -1.000000000000000000 ) ) ;
#570 = LINE ( 'NONE', #1771, #963 ) ;
#571 = ADVANCED_FACE ( 'NONE', ( #3741 ), #1463, .F. ) ;
#572 = AXIS2_PLACEMENT_3D ( 'NONE', #3059, #676, #970 ) ;
#573 = CYLINDRICAL_SURFACE ( 'NONE', #2102, 0.1000000000000000472 ) ;
#574 = ORIENTED_EDGE ( 'NONE', *, *, #2153, .T. ) ;
#575 = ADVANCED_FACE ( 'NONE', ( #1481 ), #3189, .F. ) ;
#576 = FACE_OUTER_BOUND ( 'NONE', #3091, .T. ) ;
#577 = DIRECTION ( 'NONE',  ( 0.000000000000000000, 0.000000000000000000, 1.000000000000000000 ) ) ;
#578 = EDGE_LOOP ( 'NONE', ( #977, #2865, #1094, #2901, #2891, #2912, #205, #3644, #3466 ) ) ;
#579 = DIRECTION ( 'NONE',  ( -3.717264591378872007E-15, 0.000000000000000000, -1.000000000000000000 ) ) ;
#580 = CARTESIAN_POINT ( 'NONE',  ( -1.083539794545363311, 1.330776406404415413, 0.9460000000000000631 ) ) ;
#581 =( NAMED_UNIT ( * ) SI_UNIT ( $, .STERADIAN. ) SOLID_ANGLE_UNIT ( ) );
#582 = LINE ( 'NONE', #3790, #2806 ) ;
#583 = VECTOR ( 'NONE', #3521, 1000.000000000000000 ) ;
#584 = UNCERTAINTY_MEASURE_WITH_UNIT (LENGTH_MEASURE( 1.000000000000000082E-05 ), #286, 'distance_accuracy_value', 'NONE');
#585 = DIRECTION ( 'NONE',  ( 0.000000000000000000, -1.000000000000000000, 0.000000000000000000 ) ) ;
#586 = EDGE_CURVE ( 'NONE', #263, #33, #2677, .T. ) ;
#587 = EDGE_LOOP ( 'NONE', ( #3010, #988, #2122, #3275 ) ) ;
#588 = DIRECTION ( 'NONE',  ( 0.000000000000000000, -1.000000000000000000, 0.000000000000000000 ) ) ;
#589 = ORIENTED_EDGE ( 'NONE', *, *, #2223, .T. ) ;
#590 = ORIENTED_EDGE ( 'NONE', *, *, #3627, .T. ) ;
#591 = DIRECTION ( 'NONE',  ( -0.000000000000000000, -1.000000000000000000, -0.000000000000000000 ) ) ;
#592 = AXIS2_PLACEMENT_3D ( 'NONE', #1373, #3686, #2902 ) ;
#593 = CARTESIAN_POINT ( 'NONE',  ( -1.250000000000000444, 0.2999999999999999889, 0.8999999999999999112 ) ) ;
#594 = CARTESIAN_POINT ( 'NONE',  ( -1.075000000000000622, 0.4499999999999999001, -0.9749999999999999778 ) ) ;
#595 = ORIENTED_EDGE ( 'NONE', *, *, #1269, .F. ) ;
#596 = CIRCLE ( 'NONE', #2783, 0.1750000000000000167 ) ;
#597 = DIRECTION ( 'NONE',  ( 0.000000000000000000, -1.000000000000000000, 0.000000000000000000 ) ) ;
#598 = EDGE_CURVE ( 'NONE', #3431, #31, #890, .T. ) ;
#599 = ORIENTED_EDGE ( 'NONE', *, *, #2191, .F. ) ;
#600 = DIRECTION ( 'NONE',  ( 0.000000000000000000, -1.000000000000000000, 0.000000000000000000 ) ) ;
#601 = EDGE_CURVE ( 'NONE', #3361, #202, #1240, .T. ) ;
#602 = EDGE_CURVE ( 'NONE', #1359, #3082, #527, .T. ) ;
#603 = CARTESIAN_POINT ( 'NONE',  ( -1.083539794545363311, 0.2999999999999999334, -0.9460000000000000631 ) ) ;
#604 = CARTESIAN_POINT ( 'NONE',  ( -1.075000000000000400, 0.4499999999999999001, -0.8249999999999999556 ) ) ;
#605 = VECTOR ( 'NONE', #1142, 1000.000000000000000 ) ;
#606 = ORIENTED_EDGE ( 'NONE', *, *, #1293, .F. ) ;
#607 = CARTESIAN_POINT ( 'NONE',  ( 1.083539794545363311, 0.2999999999999999889, -0.9460000000000000631 ) ) ;
#608 = ORIENTED_EDGE ( 'NONE', *, *, #121, .F. ) ;
#609 = CARTESIAN_POINT ( 'NONE',  ( 1.074999999999999067, 0.6000000000000000888, 0.8249999999999997335 ) ) ;
#610 = ORIENTED_EDGE ( 'NONE', *, *, #2558, .T. ) ;
#611 = AXIS2_PLACEMENT_3D ( 'NONE', #1297, #3586, #2138 ) ;
#612 = CARTESIAN_POINT ( 'NONE',  ( -1.200000000000000622, 0.000000000000000000, 0.8322949016875157424 ) ) ;
#613 = FACE_OUTER_BOUND ( 'NONE', #2561, .T. ) ;
#614 = PLANE ( 'NONE',  #2108 ) ;
#615 = APPLICATION_PROTOCOL_DEFINITION ( 'draft international standard', 'automotive_design', 1998, #1673 ) ;
#616 = CARTESIAN_POINT ( 'NONE',  ( 1.074999999999999289, 0.4000000000000000222, -0.8249999999999999556 ) ) ;
#617 = ORIENTED_EDGE ( 'NONE', *, *, #820, .T. ) ;
#618 = EDGE_CURVE ( 'NONE', #956, #1848, #3256, .T. ) ;
#619 = DIRECTION ( 'NONE',  ( 0.000000000000000000, -1.000000000000000000, 0.000000000000000000 ) ) ;
#620 = VECTOR ( 'NONE', #915, 1000.000000000000000 ) ;
#621 = AXIS2_PLACEMENT_3D ( 'NONE', #3799, #2918, #847 ) ;
#622 = LINE ( 'NONE', #1929, #2812 ) ;
#623 = AXIS2_PLACEMENT_3D ( 'NONE', #912, #1527, #2402 ) ;
#624 = CARTESIAN_POINT ( 'NONE',  ( -1.175000000000000488, 0.5366025403784435710, -0.8249999999999999556 ) ) ;
#625 = CYLINDRICAL_SURFACE ( 'NONE', #3547, 0.1000000000000000472 ) ;
#626 = VERTEX_POINT ( 'NONE', #1777 ) ;
#627 = DIRECTION ( 'NONE',  ( -0.000000000000000000, -1.000000000000000000, 0.000000000000000000 ) ) ;
#628 = DIRECTION ( 'NONE',  ( -0.000000000000000000, -1.000000000000000000, -0.000000000000000000 ) ) ;
#629 = ORIENTED_EDGE ( 'NONE', *, *, #3683, .T. ) ;
#630 = VECTOR ( 'NONE', #729, 1000.000000000000000 ) ;
#631 = ADVANCED_FACE ( 'NONE', ( #3494 ), #1742, .F. ) ;
#632 = LINE ( 'NONE', #669, #3595 ) ;
#633 = ORIENTED_EDGE ( 'NONE', *, *, #3053, .T. ) ;
#634 = AXIS2_PLACEMENT_3D ( 'NONE', #3660, #3028, #1009 ) ;
#635 = LINE ( 'NONE', #381, #3831 ) ;
#636 = AXIS2_PLACEMENT_3D ( 'NONE', #3029, #3684, #3723 ) ;
#637 = DIRECTION ( 'NONE',  ( -0.000000000000000000, -1.000000000000000000, 0.000000000000000000 ) ) ;
#638 = FACE_OUTER_BOUND ( 'NONE', #56, .T. ) ;
#639 = CARTESIAN_POINT ( 'NONE',  ( 1.074999999999999067, 3.731293662370235076, 0.8249999999999997335 ) ) ;
#640 = ORIENTED_EDGE ( 'NONE', *, *, #1450, .F. ) ;
#641 = CARTESIAN_POINT ( 'NONE',  ( 1.249999999999999556, 0.000000000000000000, -1.000000000000000000 ) ) ;
#642 = VERTEX_POINT ( 'NONE', #594 ) ;
#643 = FACE_OUTER_BOUND ( 'NONE', #324, .T. ) ;
#644 = CARTESIAN_POINT ( 'NONE',  ( 1.200000000000000622, 0.000000000000000000, 0.3500000000000000333 ) ) ;
#645 = VERTEX_POINT ( 'NONE', #2967 ) ;
#646 = LINE ( 'NONE', #3597, #3140 ) ;
#647 = LINE ( 'NONE', #3344, #2161 ) ;
#648 = ORIENTED_EDGE ( 'NONE', *, *, #2735, .T. ) ;
#649 = LINE ( 'NONE', #962, #3229 ) ;
#650 = EDGE_CURVE ( 'NONE', #1283, #3201, #1493, .T. ) ;
#651 = ORIENTED_EDGE ( 'NONE', *, *, #2953, .T. ) ;
#652 = CARTESIAN_POINT ( 'NONE',  ( 1.074999999999999289, 3.731293662370235076, -0.9749999999999999778 ) ) ;
#653 = VECTOR ( 'NONE', #2404, 1000.000000000000000 ) ;
#654 = ADVANCED_FACE ( 'NONE', ( #833 ), #295, .T. ) ;
#655 = EDGE_CURVE ( 'NONE', #2527, #68, #3339, .T. ) ;
#656 = LINE ( 'NONE', #2413, #3338 ) ;
#657 = EDGE_CURVE ( 'NONE', #2849, #3675, #2010, .T. ) ;
#658 = DIRECTION ( 'NONE',  ( 0.000000000000000000, -1.000000000000000000, 0.000000000000000000 ) ) ;
#659 = FACE_OUTER_BOUND ( 'NONE', #2717, .T. ) ;
#660 = CARTESIAN_POINT ( 'NONE',  ( 1.074999999999999067, 0.4499999999999999001, 0.9750000000000000888 ) ) ;
#661 = CIRCLE ( 'NONE', #2920, 0.1750000000000000167 ) ;
#662 = CARTESIAN_POINT ( 'NONE',  ( 1.174999999999999378, 0.6000000000000000888, 0.8249999999999997335 ) ) ;
#663 = ORIENTED_EDGE ( 'NONE', *, *, #1466, .F. ) ;
#664 = CARTESIAN_POINT ( 'NONE',  ( 1.200000000000000622, 0.2999999999999999889, -0.8322949016875157424 ) ) ;
#665 = VERTEX_POINT ( 'NONE', #281 ) ;
#666 = DIRECTION ( 'NONE',  ( -0.000000000000000000, -1.000000000000000000, -0.000000000000000000 ) ) ;
#667 = ORIENTED_EDGE ( 'NONE', *, *, #2077, .F. ) ;
#668 = ADVANCED_FACE ( 'NONE', ( #1724 ), #1127, .T. ) ;
#669 = CARTESIAN_POINT ( 'NONE',  ( 1.200000000000000622, 0.2999999999999999889, 0.3500000000000000333 ) ) ;
#670 = SURFACE_SIDE_STYLE ('',( #1608 ) ) ;
#671 = CARTESIAN_POINT ( 'NONE',  ( -1.083539794545363311, 0.2999999999999999889, -0.9460000000000000631 ) ) ;
#672 = VECTOR ( 'NONE', #3775, 1000.000000000000000 ) ;
#673 = ADVANCED_FACE ( 'NONE', ( #247 ), #1427, .T. ) ;
#674 = VECTOR ( 'NONE', #723, 1000.000000000000000 ) ;
#675 = ORIENTED_EDGE ( 'NONE', *, *, #3404, .T. ) ;
#676 = DIRECTION ( 'NONE',  ( -0.000000000000000000, -1.000000000000000000, -0.000000000000000000 ) ) ;
#677 = ORIENTED_EDGE ( 'NONE', *, *, #3124, .T. ) ;
#678 = DIRECTION ( 'NONE',  ( 0.000000000000000000, 0.000000000000000000, -1.000000000000000000 ) ) ;
#679 = PLANE ( 'NONE',  #3181 ) ;
#680 = ORIENTED_EDGE ( 'NONE', *, *, #1914, .T. ) ;
#681 = FACE_OUTER_BOUND ( 'NONE', #826, .T. ) ;
#682 = CIRCLE ( 'NONE', #1061, 0.1750000000000000167 ) ;
#683 = LINE ( 'NONE', #3615, #1169 ) ;
#684 = ORIENTED_EDGE ( 'NONE', *, *, #873, .F. ) ;
#685 = EDGE_CURVE ( 'NONE', #43, #3616, #267, .T. ) ;
#686 = PLANE ( 'NONE',  #2868 ) ;
#687 = DIRECTION ( 'NONE',  ( 0.000000000000000000, 0.000000000000000000, 1.000000000000000000 ) ) ;
#688 = ORIENTED_EDGE ( 'NONE', *, *, #1690, .F. ) ;
#689 = VECTOR ( 'NONE', #1795, 1000.000000000000000 ) ;
#690 = EDGE_CURVE ( 'NONE', #3616, #350, #3776, .T. ) ;
#691 = LINE ( 'NONE', #464, #630 ) ;
#692 = ORIENTED_EDGE ( 'NONE', *, *, #2953, .F. ) ;
#693 = EDGE_CURVE ( 'NONE', #2072, #2879, #3832, .T. ) ;
#694 = EDGE_CURVE ( 'NONE', #2380, #2634, #3590, .T. ) ;
#695 = AXIS2_PLACEMENT_3D ( 'NONE', #460, #3715, #2578 ) ;
#696 = ADVANCED_FACE ( 'NONE', ( #2156 ), #75, .F. ) ;
#697 = FACE_OUTER_BOUND ( 'NONE', #1058, .T. ) ;
#698 = ORIENTED_EDGE ( 'NONE', *, *, #2612, .T. ) ;
#699 = CARTESIAN_POINT ( 'NONE',  ( -1.125000000000000666, 0.6000000000000000888, 0.8249999999999997335 ) ) ;
#700 = EDGE_LOOP ( 'NONE', ( #2810, #1535, #2980, #2528 ) ) ;
#701 = CARTESIAN_POINT ( 'NONE',  ( 1.250000000000000444, 0.000000000000000000, -0.8249999999999999556 ) ) ;
#702 = ORIENTED_EDGE ( 'NONE', *, *, #3327, .F. ) ;
#703 = ORIENTED_EDGE ( 'NONE', *, *, #2196, .T. ) ;
#704 = SURFACE_STYLE_USAGE ( .BOTH. , #1022 ) ;
#705 = CARTESIAN_POINT ( 'NONE',  ( 1.083539794545363311, 0.2999999999999999889, -0.9460000000000000631 ) ) ;
#706 = CARTESIAN_POINT ( 'NONE',  ( -1.075000000000000400, 3.731293662370235076, 0.9750000000000000888 ) ) ;
#707 = ORIENTED_EDGE ( 'NONE', *, *, #1803, .F. ) ;
#708 = DIRECTION ( 'NONE',  ( 0.000000000000000000, 0.000000000000000000, -1.000000000000000000 ) ) ;
#709 = DIRECTION ( 'NONE',  ( -1.000000000000000000, 0.000000000000000000, 0.000000000000000000 ) ) ;
#710 = VERTEX_POINT ( 'NONE', #1242 ) ;
#711 = EDGE_CURVE ( 'NONE', #484, #3214, #2459, .T. ) ;
#712 = AXIS2_PLACEMENT_3D ( 'NONE', #1543, #3377, #972 ) ;
#713 = VERTEX_POINT ( 'NONE', #3314 ) ;
#714 = ADVANCED_FACE ( 'NONE', ( #2096 ), #312, .T. ) ;
#715 = PLANE ( 'NONE',  #2464 ) ;
#716 = MECHANICAL_DESIGN_GEOMETRIC_PRESENTATION_REPRESENTATION (  '', ( #1909 ), #545 ) ;
#717 = CARTESIAN_POINT ( 'NONE',  ( 1.174999999999999156, 0.4000000000000000222, 0.8249999999999997335 ) ) ;
#718 = VERTEX_POINT ( 'NONE', #660 ) ;
#719 = ORIENTED_EDGE ( 'NONE', *, *, #3286, .T. ) ;
#720 = ORIENTED_EDGE ( 'NONE', *, *, #2012, .F. ) ;
#721 = LINE ( 'NONE', #1942, #3773 ) ;
#722 = FILL_AREA_STYLE_COLOUR ( '', #2740 ) ;
#723 = DIRECTION ( 'NONE',  ( -0.000000000000000000, -0.000000000000000000, 1.000000000000000000 ) ) ;
#724 = DIRECTION ( 'NONE',  ( 1.000000000000000000, 0.000000000000000000, -0.000000000000000000 ) ) ;
#725 = ORIENTED_EDGE ( 'NONE', *, *, #958, .F. ) ;
#726 = DIRECTION ( 'NONE',  ( -1.314184451497581259E-16, 0.000000000000000000, -1.000000000000000000 ) ) ;
#727 = AXIS2_PLACEMENT_3D ( 'NONE', #3200, #2406, #3268 ) ;
#728 = DIRECTION ( 'NONE',  ( -0.000000000000000000, -1.000000000000000000, 0.000000000000000000 ) ) ;
#729 = DIRECTION ( 'NONE',  ( 1.000000000000000000, 0.000000000000000000, 0.000000000000000000 ) ) ;
#730 = ORIENTED_EDGE ( 'NONE', *, *, #1177, .F. ) ;
#731 = ADVANCED_FACE ( 'NONE', ( #1591 ), #614, .T. ) ;
#732 = CARTESIAN_POINT ( 'NONE',  ( 1.074999999999999067, 0.5366025403784440151, 0.9249999999999998224 ) ) ;
#733 =( GEOMETRIC_REPRESENTATION_CONTEXT ( 3 ) GLOBAL_UNCERTAINTY_ASSIGNED_CONTEXT ( ( #1175 ) ) GLOBAL_UNIT_ASSIGNED_CONTEXT ( ( #1229, #3282, #2538 ) ) REPRESENTATION_CONTEXT ( 'NONE', 'WORKASPACE' ) );
#734 = CIRCLE ( 'NONE', #493, 0.1499999999999999667 ) ;
#735 = VECTOR ( 'NONE', #2642, 1000.000000000000000 ) ;
#736 = FACE_OUTER_BOUND ( 'NONE', #2886, .T. ) ;
#737 = ORIENTED_EDGE ( 'NONE', *, *, #121, .T. ) ;
#738 = PLANE ( 'NONE',  #1785 ) ;
#739 = EDGE_CURVE ( 'NONE', #372, #1039, #425, .T. ) ;
#740 = DIRECTION ( 'NONE',  ( -1.000000000000000000, 0.000000000000000000, -0.000000000000000000 ) ) ;
#741 = CIRCLE ( 'NONE', #2942, 0.1000000000000000472 ) ;
#742 = VERTEX_POINT ( 'NONE', #2784 ) ;
#743 = ORIENTED_EDGE ( 'NONE', *, *, #3050, .T. ) ;
#744 = VECTOR ( 'NONE', #792, 1000.000000000000000 ) ;
#745 = ORIENTED_EDGE ( 'NONE', *, *, #2964, .F. ) ;
#746 = CARTESIAN_POINT ( 'NONE',  ( -1.075000000000000400, 3.731293662370235076, 0.9750000000000000888 ) ) ;
#747 = LINE ( 'NONE', #1943, #3274 ) ;
#748 = ORIENTED_EDGE ( 'NONE', *, *, #2448, .T. ) ;
#749 = ADVANCED_FACE ( 'NONE', ( #1278 ), #2474, .F. ) ;
#750 = CARTESIAN_POINT ( 'NONE',  ( 1.083539794545363311, 0.2999999999999999334, 0.9460000000000000631 ) ) ;
#751 = EDGE_LOOP ( 'NONE', ( #1384, #1437, #2445, #2589, #2089, #3146, #680, #902 ) ) ;
#752 = CARTESIAN_POINT ( 'NONE',  ( -0.4500000000000003997, 0.2999999999999999334, 0.3500000000000000333 ) ) ;
#753 = ORIENTED_EDGE ( 'NONE', *, *, #301, .F. ) ;
#754 = DIRECTION ( 'NONE',  ( 0.000000000000000000, 0.000000000000000000, 1.000000000000000000 ) ) ;
#755 = CIRCLE ( 'NONE', #3486, 0.1000000000000000472 ) ;
#756 = EDGE_CURVE ( 'NONE', #2790, #1883, #2714, .T. ) ;
#757 = CIRCLE ( 'NONE', #951, 0.04999999999999991257 ) ;
#758 = LINE ( 'NONE', #181, #3300 ) ;
#759 = ORIENTED_EDGE ( 'NONE', *, *, #413, .T. ) ;
#760 = DIRECTION ( 'NONE',  ( 0.000000000000000000, 0.000000000000000000, -1.000000000000000000 ) ) ;
#761 = DIRECTION ( 'NONE',  ( 0.000000000000000000, -1.000000000000000000, 0.000000000000000000 ) ) ;
#762 = EDGE_LOOP ( 'NONE', ( #993, #106, #1976, #1900, #357, #387, #2728, #921 ) ) ;
#763 = ORIENTED_EDGE ( 'NONE', *, *, #3128, .F. ) ;
#764 = CARTESIAN_POINT ( 'NONE',  ( -1.075000000000000400, 0.6000000000000000888, 0.8750000000000000000 ) ) ;
#765 = DIRECTION ( 'NONE',  ( -0.000000000000000000, -1.000000000000000000, -0.000000000000000000 ) ) ;
#766 = ORIENTED_EDGE ( 'NONE', *, *, #3756, .F. ) ;
#767 = EDGE_CURVE ( 'NONE', #455, #1239, #1890, .T. ) ;
#768 = DIRECTION ( 'NONE',  ( 0.000000000000000000, 0.000000000000000000, -1.000000000000000000 ) ) ;
#769 = ADVANCED_FACE ( 'NONE', ( #2118 ), #3295, .T. ) ;
#770 = EDGE_CURVE ( 'NONE', #3082, #557, #2732, .T. ) ;
#771 = DIRECTION ( 'NONE',  ( 0.000000000000000000, 0.000000000000000000, -1.000000000000000000 ) ) ;
#772 = DIRECTION ( 'NONE',  ( 0.000000000000000000, 1.000000000000000000, 0.000000000000000000 ) ) ;
#773 = ORIENTED_EDGE ( 'NONE', *, *, #2127, .F. ) ;
#774 = VECTOR ( 'NONE', #2162, 1000.000000000000000 ) ;
#775 = CARTESIAN_POINT ( 'NONE',  ( 1.249999999999999556, 0.000000000000000000, -1.000000000000000000 ) ) ;
#776 = FACE_OUTER_BOUND ( 'NONE', #1331, .T. ) ;
#777 = ORIENTED_EDGE ( 'NONE', *, *, #1941, .T. ) ;
#778 = DIRECTION ( 'NONE',  ( -0.000000000000000000, -1.000000000000000000, -0.000000000000000000 ) ) ;
#779 = CIRCLE ( 'NONE', #2971, 0.1000000000000000472 ) ;
#780 = DIRECTION ( 'NONE',  ( 0.000000000000000000, 0.000000000000000000, 1.000000000000000000 ) ) ;
#781 = EDGE_LOOP ( 'NONE', ( #461, #274, #1116, #1672, #1151, #454, #964, #1000, #589 ) ) ;
#782 = ORIENTED_EDGE ( 'NONE', *, *, #154, .T. ) ;
#783 = VECTOR ( 'NONE', #726, 1000.000000000000000 ) ;
#784 = CARTESIAN_POINT ( 'NONE',  ( 0.4500000000000003997, 1.330776406404415413, 0.9460000000000000631 ) ) ;
#785 = CARTESIAN_POINT ( 'NONE',  ( -1.225000000000000311, 3.731293662370235076, -0.8249999999999999556 ) ) ;
#786 = ORIENTED_EDGE ( 'NONE', *, *, #3781, .T. ) ;
#787 = EDGE_CURVE ( 'NONE', #33, #961, #1382, .T. ) ;
#788 = DIRECTION ( 'NONE',  ( 0.000000000000000000, -1.000000000000000000, 0.000000000000000000 ) ) ;
#790 = ADVANCED_FACE ( 'NONE', ( #150 ), #195, .F. ) ;
#789 = CARTESIAN_POINT ( 'NONE',  ( 1.200000000000000622, 1.330776406404415413, -0.8322949016875157424 ) ) ;
#791 = DIRECTION ( 'NONE',  ( 0.000000000000000000, 0.000000000000000000, -1.000000000000000000 ) ) ;
#792 = DIRECTION ( 'NONE',  ( 0.000000000000000000, -1.000000000000000000, 0.000000000000000000 ) ) ;
#793 = ORIENTED_EDGE ( 'NONE', *, *, #1400, .F. ) ;
#794 = AXIS2_PLACEMENT_3D ( 'NONE', #164, #1354, #3442 ) ;
#795 = PLANE ( 'NONE',  #3611 ) ;
#796 = LINE ( 'NONE', #1977, #2780 ) ;
#797 = VECTOR ( 'NONE', #1872, 1000.000000000000000 ) ;
#798 = AXIS2_PLACEMENT_3D ( 'NONE', #1815, #3002, #1522 ) ;
#799 = AXIS2_PLACEMENT_3D ( 'NONE', #2007, #244, #791 ) ;
#800 = CARTESIAN_POINT ( 'NONE',  ( -1.250000000000000444, 1.330776406404415413, 1.000000000000000000 ) ) ;
#801 = ORIENTED_EDGE ( 'NONE', *, *, #3804, .F. ) ;
#802 = ORIENTED_EDGE ( 'NONE', *, *, #2536, .T. ) ;
#803 = ORIENTED_EDGE ( 'NONE', *, *, #2323, .T. ) ;
#804 = DIRECTION ( 'NONE',  ( -0.000000000000000000, -1.000000000000000000, -0.000000000000000000 ) ) ;
#805 = DIRECTION ( 'NONE',  ( 1.000000000000000000, 0.000000000000000000, 0.000000000000000000 ) ) ;
#806 = EDGE_CURVE ( 'NONE', #1461, #2285, #1985, .T. ) ;
#807 = VERTEX_POINT ( 'NONE', #3414 ) ;
#808 = PLANE ( 'NONE',  #2898 ) ;
#809 = ORIENTED_EDGE ( 'NONE', *, *, #873, .T. ) ;
#810 = AXIS2_PLACEMENT_3D ( 'NONE', #1026, #3373, #708 ) ;
#811 = CARTESIAN_POINT ( 'NONE',  ( -1.075000000000000400, 0.6000000000000000888, -0.9250000000000000444 ) ) ;
#812 = EDGE_LOOP ( 'NONE', ( #1802, #782, #1303, #2443 ) ) ;
#813 = LINE ( 'NONE', #2811, #2533 ) ;
#814 = VERTEX_POINT ( 'NONE', #2848 ) ;
#815 = EDGE_CURVE ( 'NONE', #292, #515, #1612, .T. ) ;
#816 = CARTESIAN_POINT ( 'NONE',  ( -1.225000000000000311, 0.4499999999999999001, 0.8249999999999999556 ) ) ;
#817 = CARTESIAN_POINT ( 'NONE',  ( -1.075000000000000400, 0.4000000000000000222, 0.9750000000000000888 ) ) ;
#818 = VECTOR ( 'NONE', #1069, 1000.000000000000000 ) ;
#819 = CARTESIAN_POINT ( 'NONE',  ( -1.250000000000000444, 0.2999999999999999334, -0.8999999999999999112 ) ) ;
#820 = EDGE_CURVE ( 'NONE', #3249, #642, #2987, .T. ) ;
#821 = ADVANCED_FACE ( 'NONE', ( #1946 ), #1967, .T. ) ;
#822 = AXIS2_PLACEMENT_3D ( 'NONE', #3593, #2703, #334 ) ;
#823 = AXIS2_PLACEMENT_3D ( 'NONE', #2941, #1483, #3534 ) ;
#824 = CARTESIAN_POINT ( 'NONE',  ( 1.200000000000000622, 0.2999999999999999334, -0.3500000000000000333 ) ) ;
#825 = SURFACE_STYLE_FILL_AREA ( #1768 ) ;
#826 = EDGE_LOOP ( 'NONE', ( #3690, #2843, #2226, #525 ) ) ;
#827 = EDGE_LOOP ( 'NONE', ( #2057, #3444, #2926, #214 ) ) ;
#828 = ORIENTED_EDGE ( 'NONE', *, *, #2908, .T. ) ;
#829 = DIRECTION ( 'NONE',  ( -0.000000000000000000, -0.000000000000000000, -1.000000000000000000 ) ) ;
#830 = FACE_OUTER_BOUND ( 'NONE', #700, .T. ) ;
#831 = CIRCLE ( 'NONE', #217, 0.1750000000000000167 ) ;
#832 = DIRECTION ( 'NONE',  ( 0.000000000000000000, 0.000000000000000000, 1.000000000000000000 ) ) ;
#833 = FACE_OUTER_BOUND ( 'NONE', #827, .T. ) ;
#834 = VERTEX_POINT ( 'NONE', #2232 ) ;
#835 = DIRECTION ( 'NONE',  ( 1.000000000000000000, 0.000000000000000000, 0.000000000000000000 ) ) ;
#836 = CARTESIAN_POINT ( 'NONE',  ( -1.125000000000000444, 0.4500000000000000666, -0.8249999999999999556 ) ) ;
#837 = EDGE_LOOP ( 'NONE', ( #919, #1052, #1306, #2339 ) ) ;
#838 = LINE ( 'NONE', #3261, #2847 ) ;
#839 = CLOSED_SHELL ( 'NONE', ( #821, #2382, #2198, #1635, #3013, #2738, #532, #2531, #1629, #3372, #475 ) ) ;
#840 = LINE ( 'NONE', #552, #2733 ) ;
#841 = CARTESIAN_POINT ( 'NONE',  ( -1.075000000000000400, 0.4000000000000000222, -0.8249999999999999556 ) ) ;
#842 = ADVANCED_FACE ( 'NONE', ( #3127 ), #2873, .F. ) ;
#843 = ORIENTED_EDGE ( 'NONE', *, *, #3441, .T. ) ;
#844 = FACE_OUTER_BOUND ( 'NONE', #1085, .T. ) ;
#845 = CIRCLE ( 'NONE', #2541, 0.1750000000000000167 ) ;
#846 = CARTESIAN_POINT ( 'NONE',  ( 1.150000000000000355, 1.330776406404415413, -1.000000000000000000 ) ) ;
#847 = DIRECTION ( 'NONE',  ( 0.000000000000000000, 0.000000000000000000, 1.000000000000000000 ) ) ;
#848 = CARTESIAN_POINT ( 'NONE',  ( 1.083539794545363311, 0.2999999999999999889, -0.9460000000000000631 ) ) ;
#849 = DIRECTION ( 'NONE',  ( 0.000000000000000000, -0.000000000000000000, 1.000000000000000000 ) ) ;
#850 = ADVANCED_FACE ( 'NONE', ( #172 ), #1675, .F. ) ;
#851 = ORIENTED_EDGE ( 'NONE', *, *, #1372, .F. ) ;
#852 = AXIS2_PLACEMENT_3D ( 'NONE', #3267, #1807, #1420 ) ;
#853 = DIRECTION ( 'NONE',  ( 0.000000000000000000, 1.000000000000000000, -0.000000000000000000 ) ) ;
#854 = DIRECTION ( 'NONE',  ( -0.000000000000000000, -1.000000000000000000, -0.000000000000000000 ) ) ;
#855 = MECHANICAL_DESIGN_GEOMETRIC_PRESENTATION_REPRESENTATION (  '', ( #184 ), #3043 ) ;
#856 = VECTOR ( 'NONE', #2529, 1000.000000000000000 ) ;
#857 = VERTEX_POINT ( 'NONE', #501 ) ;
#858 = CARTESIAN_POINT ( 'NONE',  ( 0.4500000000000003997, 0.000000000000000000, 0.9460000000000000631 ) ) ;
#859 = VERTEX_POINT ( 'NONE', #1066 ) ;
#860 = CIRCLE ( 'NONE', #2935, 0.1000000000000000472 ) ;
#861 = ADVANCED_FACE ( 'NONE', ( #1339 ), #1361, .F. ) ;
#862 = DIRECTION ( 'NONE',  ( -1.000000000000000000, 0.000000000000000000, 0.000000000000000000 ) ) ;
#863 = LINE ( 'NONE', #1772, #1387 ) ;
#864 = EDGE_CURVE ( 'NONE', #1496, #2506, #27, .T. ) ;
#865 = LINE ( 'NONE', #1756, #2707 ) ;
#866 = DIRECTION ( 'NONE',  ( 0.000000000000000000, -1.000000000000000000, 0.000000000000000000 ) ) ;
#867 = DIRECTION ( 'NONE',  ( 1.000000000000000000, 0.000000000000000000, -1.512840240677448208E-16 ) ) ;
#868 = DIRECTION ( 'NONE',  ( -0.000000000000000000, -1.000000000000000000, -0.000000000000000000 ) ) ;
#869 = AXIS2_PLACEMENT_3D ( 'NONE', #1491, #2034, #877 ) ;
#870 = FILL_AREA_STYLE_COLOUR ( '', #3574 ) ;
#871 = DIRECTION ( 'NONE',  ( 0.000000000000000000, 0.000000000000000000, 1.000000000000000000 ) ) ;
#872 = CARTESIAN_POINT ( 'NONE',  ( 1.250000000000000444, 0.000000000000000000, 1.000000000000000000 ) ) ;
#873 = EDGE_CURVE ( 'NONE', #1964, #2570, #831, .T. ) ;
#874 = CARTESIAN_POINT ( 'NONE',  ( -0.4500000000000003997, 0.000000000000000000, -0.9460000000000000631 ) ) ;
#875 = CARTESIAN_POINT ( 'NONE',  ( 1.200000000000000622, 0.2999999999999999334, 0.8322949016875157424 ) ) ;
#876 = ORIENTED_EDGE ( 'NONE', *, *, #690, .F. ) ;
#877 = DIRECTION ( 'NONE',  ( 0.000000000000000000, 0.000000000000000000, 1.000000000000000000 ) ) ;
#878 = AXIS2_PLACEMENT_3D ( 'NONE', #2647, #2968, #579 ) ;
#879 = AXIS2_PLACEMENT_3D ( 'NONE', #1855, #3040, #2098 ) ;
#880 = FACE_OUTER_BOUND ( 'NONE', #1917, .T. ) ;
#881 = CARTESIAN_POINT ( 'NONE',  ( -1.175000000000000488, 0.6000000000000000888, -0.8249999999999999556 ) ) ;
#882 = FACE_OUTER_BOUND ( 'NONE', #2775, .T. ) ;
#883 = VERTEX_POINT ( 'NONE', #1656 ) ;
#884 = ORIENTED_EDGE ( 'NONE', *, *, #3286, .F. ) ;
#885 = EDGE_CURVE ( 'NONE', #2352, #945, #3366, .T. ) ;
#886 = FACE_OUTER_BOUND ( 'NONE', #3509, .T. ) ;
#887 = DIRECTION ( 'NONE',  ( 0.000000000000000000, -1.000000000000000000, 0.000000000000000000 ) ) ;
#888 = EDGE_CURVE ( 'NONE', #1012, #292, #3012, .T. ) ;
#889 = EDGE_CURVE ( 'NONE', #1403, #3675, #865, .T. ) ;
#890 = LINE ( 'NONE', #1446, #2622 ) ;
#891 = FACE_OUTER_BOUND ( 'NONE', #3526, .T. ) ;
#892 = ORIENTED_EDGE ( 'NONE', *, *, #2041, .T. ) ;
#893 = DIRECTION ( 'NONE',  ( -1.000000000000000000, 0.000000000000000000, -0.000000000000000000 ) ) ;
#894 = CARTESIAN_POINT ( 'NONE',  ( 0.4500000000000003997, 0.000000000000000000, -0.9460000000000000631 ) ) ;
#895 = ORIENTED_EDGE ( 'NONE', *, *, #385, .F. ) ;
#896 = DIRECTION ( 'NONE',  ( -0.000000000000000000, -1.000000000000000000, -0.000000000000000000 ) ) ;
#897 = FACE_OUTER_BOUND ( 'NONE', #1334, .T. ) ;
#898 = AXIS2_PLACEMENT_3D ( 'NONE', #3362, #3614, #65 ) ;
#899 = UNCERTAINTY_MEASURE_WITH_UNIT (LENGTH_MEASURE( 1.000000000000000082E-05 ), #1276, 'distance_accuracy_value', 'NONE');
#900 = ORIENTED_EDGE ( 'NONE', *, *, #770, .F. ) ;
#901 = CARTESIAN_POINT ( 'NONE',  ( 1.124999999999999334, 0.6000000000000000888, 0.8249999999999997335 ) ) ;
#902 = ORIENTED_EDGE ( 'NONE', *, *, #2897, .T. ) ;
#903 = CARTESIAN_POINT ( 'NONE',  ( -1.075000000000000400, 0.6000000000000000888, -0.8249999999999999556 ) ) ;
#904 = CIRCLE ( 'NONE', #3687, 0.1000000000000000472 ) ;
#905 = LINE ( 'NONE', #593, #2741 ) ;
#906 = CARTESIAN_POINT ( 'NONE',  ( -1.250000000000000444, 0.2999999999999999334, -1.000000000000000000 ) ) ;
#907 = VECTOR ( 'NONE', #2279, 1000.000000000000000 ) ;
#908 = EDGE_CURVE ( 'NONE', #2433, #1745, #2316, .T. ) ;
#909 = DIRECTION ( 'NONE',  ( 0.000000000000000000, 0.000000000000000000, -1.000000000000000000 ) ) ;
#910 = VERTEX_POINT ( 'NONE', #2653 ) ;
#911 = CARTESIAN_POINT ( 'NONE',  ( 1.074999999999999289, 0.4499999999999999001, -0.8249999999999999556 ) ) ;
#912 = CARTESIAN_POINT ( 'NONE',  ( 1.074999999999999289, 0.4499999999999999001, -0.8249999999999999556 ) ) ;
#913 = EDGE_CURVE ( 'NONE', #309, #1721, #2024, .T. ) ;
#914 = CARTESIAN_POINT ( 'NONE',  ( -1.075000000000000400, 0.4000000000000000222, -0.9250000000000000444 ) ) ;
#915 = DIRECTION ( 'NONE',  ( -1.000000000000000000, 0.000000000000000000, 0.000000000000000000 ) ) ;
#916 = AXIS2_PLACEMENT_3D ( 'NONE', #2554, #3713, #2002 ) ;
#917 = AXIS2_PLACEMENT_3D ( 'NONE', #2039, #2388, #276 ) ;
#918 = LINE ( 'NONE', #3578, #420 ) ;
#919 = ORIENTED_EDGE ( 'NONE', *, *, #2735, .F. ) ;
#920 = DIRECTION ( 'NONE',  ( 0.000000000000000000, -1.000000000000000000, 0.000000000000000000 ) ) ;
#921 = ORIENTED_EDGE ( 'NONE', *, *, #406, .F. ) ;
#922 = LINE ( 'NONE', #2135, #2238 ) ;
#923 = AXIS2_PLACEMENT_3D ( 'NONE', #1295, #1337, #149 ) ;
#924 = EDGE_CURVE ( 'NONE', #3301, #1725, #3235, .T. ) ;
#925 = MECHANICAL_DESIGN_GEOMETRIC_PRESENTATION_REPRESENTATION (  '', ( #541 ), #1051 ) ;
#926 = PLANE ( 'NONE',  #1678 ) ;
#927 = LINE ( 'NONE', #612, #999 ) ;
#928 = DIRECTION ( 'NONE',  ( -0.000000000000000000, -1.000000000000000000, -0.000000000000000000 ) ) ;
#929 = DIRECTION ( 'NONE',  ( 0.000000000000000000, 0.000000000000000000, 1.000000000000000000 ) ) ;
#930 = VECTOR ( 'NONE', #3292, 1000.000000000000000 ) ;
#931 = PRESENTATION_STYLE_ASSIGNMENT (( #298 ) ) ;
#932 = CARTESIAN_POINT ( 'NONE',  ( -1.250000000000000444, 0.4000000000000000222, 1.000000000000000000 ) ) ;
#933 = ORIENTED_EDGE ( 'NONE', *, *, #459, .F. ) ;
#934 = ADVANCED_FACE ( 'NONE', ( #3797 ), #1425, .F. ) ;
#935 = CYLINDRICAL_SURFACE ( 'NONE', #1729, 0.1000000000000000472 ) ;
#936 = CIRCLE ( 'NONE', #869, 0.1750000000000000167 ) ;
#937 = CARTESIAN_POINT ( 'NONE',  ( -1.075000000000000400, 0.2999999999999999889, -1.000000000000000000 ) ) ;
#938 = AXIS2_PLACEMENT_3D ( 'NONE', #2353, #328, #1833 ) ;
#939 = EDGE_LOOP ( 'NONE', ( #3331, #1257, #3596, #3204 ) ) ;
#940 = CARTESIAN_POINT ( 'NONE',  ( 1.250000000000000444, 0.2999999999999999889, 1.000000000000000000 ) ) ;
#941 = EDGE_CURVE ( 'NONE', #3201, #2419, #2042, .T. ) ;
#942 = CIRCLE ( 'NONE', #2442, 0.04999999999999991257 ) ;
#943 = ADVANCED_FACE ( 'NONE', ( #239 ), #808, .F. ) ;
#944 = CYLINDRICAL_SURFACE ( 'NONE', #3823, 0.1750000000000000167 ) ;
#945 = VERTEX_POINT ( 'NONE', #279 ) ;
#946 = ORIENTED_EDGE ( 'NONE', *, *, #3428, .F. ) ;
#947 = CIRCLE ( 'NONE', #2760, 0.09999999999999993616 ) ;
#948 = CARTESIAN_POINT ( 'NONE',  ( -0.4500000000000002887, 0.2999999999999999334, -0.3500000000000001443 ) ) ;
#949 = ORIENTED_EDGE ( 'NONE', *, *, #388, .F. ) ;
#950 = DIRECTION ( 'NONE',  ( 1.000000000000000000, 0.000000000000000000, 5.042800802258160488E-17 ) ) ;
#951 = AXIS2_PLACEMENT_3D ( 'NONE', #2660, #849, #2063 ) ;
#952 = CARTESIAN_POINT ( 'NONE',  ( -1.075000000000000400, 0.6000000000000000888, -0.8249999999999999556 ) ) ;
#953 = VERTEX_POINT ( 'NONE', #3220 ) ;
#954 = DIRECTION ( 'NONE',  ( -0.000000000000000000, -1.000000000000000000, 0.000000000000000000 ) ) ;
#955 = ORIENTED_EDGE ( 'NONE', *, *, #2903, .T. ) ;
#956 = VERTEX_POINT ( 'NONE', #2672 ) ;
#957 = DIRECTION ( 'NONE',  ( -0.000000000000000000, 1.000000000000000000, -0.000000000000000000 ) ) ;
#958 = EDGE_CURVE ( 'NONE', #3361, #1329, #3779, .T. ) ;
#959 = DIRECTION ( 'NONE',  ( -0.000000000000000000, -1.000000000000000000, -0.000000000000000000 ) ) ;
#960 = CARTESIAN_POINT ( 'NONE',  ( -1.200000000000000622, 0.000000000000000000, -0.8322949016875157424 ) ) ;
#961 = VERTEX_POINT ( 'NONE', #3546 ) ;
#962 = CARTESIAN_POINT ( 'NONE',  ( -0.4500000000000003997, 0.000000000000000000, 0.9460000000000000631 ) ) ;
#963 = VECTOR ( 'NONE', #289, 1000.000000000000000 ) ;
#964 = ORIENTED_EDGE ( 'NONE', *, *, #3450, .T. ) ;
#965 = CARTESIAN_POINT ( 'NONE',  ( 1.250000000000000444, 0.000000000000000000, 1.000000000000000000 ) ) ;
#966 = FILL_AREA_STYLE ('',( #90 ) ) ;
#967 = CARTESIAN_POINT ( 'NONE',  ( 1.074999999999999289, 0.6000000000000000888, -0.8749999999999998890 ) ) ;
#968 = DIRECTION ( 'NONE',  ( -0.000000000000000000, -1.000000000000000000, 0.000000000000000000 ) ) ;
#969 = CIRCLE ( 'NONE', #1593, 0.1499999999999999667 ) ;
#970 = DIRECTION ( 'NONE',  ( 0.000000000000000000, 0.000000000000000000, -1.000000000000000000 ) ) ;
#971 = ORIENTED_EDGE ( 'NONE', *, *, #1895, .T. ) ;
#972 = DIRECTION ( 'NONE',  ( 0.000000000000000000, 0.000000000000000000, 1.000000000000000000 ) ) ;
#973 = ORIENTED_EDGE ( 'NONE', *, *, #132, .T. ) ;
#974 = LINE ( 'NONE', #3342, #774 ) ;
#975 = PRODUCT_DEFINITION ( 'UNKNOWN', '', #1953, #2070 ) ;
#976 = DIRECTION ( 'NONE',  ( -0.000000000000000000, -1.000000000000000000, 0.000000000000000000 ) ) ;
#977 = ORIENTED_EDGE ( 'NONE', *, *, #694, .T. ) ;
#978 = VERTEX_POINT ( 'NONE', #559 ) ;
#979 = ADVANCED_FACE ( 'NONE', ( #2004 ), #3183, .F. ) ;
#980 = ORIENTED_EDGE ( 'NONE', *, *, #1571, .T. ) ;
#981 = AXIS2_PLACEMENT_3D ( 'NONE', #1786, #2930, #2690 ) ;
#982 = CARTESIAN_POINT ( 'NONE',  ( 1.074999999999999067, 3.731293662370235076, 0.9249999999999998224 ) ) ;
#983 = CARTESIAN_POINT ( 'NONE',  ( -1.200000000000000622, 0.000000000000000000, -0.3500000000000000333 ) ) ;
#984 =( GEOMETRIC_REPRESENTATION_CONTEXT ( 3 ) GLOBAL_UNCERTAINTY_ASSIGNED_CONTEXT ( ( #1806 ) ) GLOBAL_UNIT_ASSIGNED_CONTEXT ( ( #3350, #1888, #3389 ) ) REPRESENTATION_CONTEXT ( 'NONE', 'WORKASPACE' ) );
#985 = VECTOR ( 'NONE', #1607, 1000.000000000000000 ) ;
#986 = DIRECTION ( 'NONE',  ( -0.000000000000000000, 1.000000000000000000, 0.000000000000000000 ) ) ;
#987 = EDGE_CURVE ( 'NONE', #202, #1638, #3492, .T. ) ;
#988 = ORIENTED_EDGE ( 'NONE', *, *, #3545, .F. ) ;
#989 = AXIS2_PLACEMENT_3D ( 'NONE', #3641, #986, #687 ) ;
#990 = ADVANCED_FACE ( 'NONE', ( #1215 ), #2711, .F. ) ;
#991 = AXIS2_PLACEMENT_3D ( 'NONE', #3761, #3511, #2337 ) ;
#992 = CARTESIAN_POINT ( 'NONE',  ( 1.083539794545363311, 0.2999999999999999334, -0.9460000000000000631 ) ) ;
#993 = ORIENTED_EDGE ( 'NONE', *, *, #693, .F. ) ;
#994 = CARTESIAN_POINT ( 'NONE',  ( 1.224999999999999201, 0.4499999999999999001, 0.8249999999999997335 ) ) ;
#995 = DIRECTION ( 'NONE',  ( 0.000000000000000000, 0.000000000000000000, 1.000000000000000000 ) ) ;
#996 = ORIENTED_EDGE ( 'NONE', *, *, #2329, .F. ) ;
#997 = CARTESIAN_POINT ( 'NONE',  ( -1.083539794545363311, 0.2999999999999999889, -0.9460000000000000631 ) ) ;
#998 = EDGE_CURVE ( 'NONE', #2380, #1267, #1237, .T. ) ;
#999 = VECTOR ( 'NONE', #3815, 1000.000000000000000 ) ;
#1000 = ORIENTED_EDGE ( 'NONE', *, *, #1910, .T. ) ;
#1001 = LINE ( 'NONE', #3365, #1621 ) ;
#1002 = ORIENTED_EDGE ( 'NONE', *, *, #2973, .T. ) ;
#1003 = ORIENTED_EDGE ( 'NONE', *, *, #787, .F. ) ;
#1004 = DIRECTION ( 'NONE',  ( -1.000000000000000000, 0.000000000000000000, 0.000000000000000000 ) ) ;
#1005 = LINE ( 'NONE', #1923, #674 ) ;
#1006 = VERTEX_POINT ( 'NONE', #2434 ) ;
#1007 = EDGE_CURVE ( 'NONE', #3544, #3324, #63, .T. ) ;
#1008 = CIRCLE ( 'NONE', #3490, 0.1000000000000001582 ) ;
#1010 = EDGE_CURVE ( 'NONE', #1808, #645, #1832, .T. ) ;
#1009 = DIRECTION ( 'NONE',  ( 0.000000000000000000, 0.000000000000000000, -1.000000000000000000 ) ) ;
#1011 = DIRECTION ( 'NONE',  ( 0.000000000000000000, -1.000000000000000000, 0.000000000000000000 ) ) ;
#1012 = VERTEX_POINT ( 'NONE', #70 ) ;
#1013 = CARTESIAN_POINT ( 'NONE',  ( -1.250000000000000444, 0.000000000000000000, -0.8249999999999999556 ) ) ;
#1014 = PLANE ( 'NONE',  #3795 ) ;
#1015 = ORIENTED_EDGE ( 'NONE', *, *, #1126, .F. ) ;
#1016 = CARTESIAN_POINT ( 'NONE',  ( -1.075000000000000400, 3.731293662370235076, -0.8249999999999999556 ) ) ;
#1017 = CARTESIAN_POINT ( 'NONE',  ( -1.175000000000000488, 0.4000000000000000222, -0.8249999999999999556 ) ) ;
#1018 = EDGE_LOOP ( 'NONE', ( #479, #2369, #2190, #1002, #3197, #2186, #1272, #3635, #3607 ) ) ;
#1019 = DIRECTION ( 'NONE',  ( -0.000000000000000000, -0.000000000000000000, 1.000000000000000000 ) ) ;
#1020 = ORIENTED_EDGE ( 'NONE', *, *, #2774, .T. ) ;
#1021 = CARTESIAN_POINT ( 'NONE',  ( -1.250000000000000444, 1.330776406404415413, -0.8999999999999999112 ) ) ;
#1022 = SURFACE_SIDE_STYLE ('',( #3672 ) ) ;
#1023 = CARTESIAN_POINT ( 'NONE',  ( 1.250000000000000444, 0.2999999999999999889, -0.8999999999999999112 ) ) ;
#1024 = CARTESIAN_POINT ( 'NONE',  ( 1.250000000000000444, 0.2999999999999999334, 1.000000000000000000 ) ) ;
#1025 = VERTEX_POINT ( 'NONE', #948 ) ;
#1026 = CARTESIAN_POINT ( 'NONE',  ( -1.250000000000000444, 0.000000000000000000, 1.000000000000000000 ) ) ;
#1027 = DIRECTION ( 'NONE',  ( 0.000000000000000000, -0.000000000000000000, 1.000000000000000000 ) ) ;
#1028 = ORIENTED_EDGE ( 'NONE', *, *, #1077, .F. ) ;
#1029 = CARTESIAN_POINT ( 'NONE',  ( 1.250000000000000444, 0.000000000000000000, 0.8249999999999999556 ) ) ;
#1030 = EDGE_CURVE ( 'NONE', #3143, #1025, #2112, .T. ) ;
#1031 = CARTESIAN_POINT ( 'NONE',  ( 1.224999999999999201, 0.4499999999999999001, 0.8249999999999997335 ) ) ;
#1032 = ORIENTED_EDGE ( 'NONE', *, *, #1504, .F. ) ;
#1033 = DIRECTION ( 'NONE',  ( 0.000000000000000000, 0.000000000000000000, -1.000000000000000000 ) ) ;
#1034 = VECTOR ( 'NONE', #180, 1000.000000000000000 ) ;
#1035 = EDGE_CURVE ( 'NONE', #1144, #3435, #922, .T. ) ;
#1036 = CARTESIAN_POINT ( 'NONE',  ( 1.224999999999999201, 0.4000000000000000222, 0.8249999999999997335 ) ) ;
#1037 = EDGE_LOOP ( 'NONE', ( #1233, #640, #3367, #1128 ) ) ;
#1038 = ORIENTED_EDGE ( 'NONE', *, *, #1249, .F. ) ;
#1039 = VERTEX_POINT ( 'NONE', #3311 ) ;
#1040 = CARTESIAN_POINT ( 'NONE',  ( 1.250000000000000444, 0.000000000000000000, -0.8999999999999999112 ) ) ;
#1041 = PLANE ( 'NONE',  #1920 ) ;
#1042 = CARTESIAN_POINT ( 'NONE',  ( -1.083539794545363311, 0.2999999999999999889, -0.9460000000000000631 ) ) ;
#1043 = VECTOR ( 'NONE', #761, 1000.000000000000000 ) ;
#1044 = DIRECTION ( 'NONE',  ( 0.000000000000000000, 0.000000000000000000, -1.000000000000000000 ) ) ;
#1045 = ORIENTED_EDGE ( 'NONE', *, *, #169, .T. ) ;
#1046 = PRESENTATION_STYLE_ASSIGNMENT (( #2537 ) ) ;
#1047 =( GEOMETRIC_REPRESENTATION_CONTEXT ( 3 ) GLOBAL_UNCERTAINTY_ASSIGNED_CONTEXT ( ( #899 ) ) GLOBAL_UNIT_ASSIGNED_CONTEXT ( ( #1276, #2209, #2457 ) ) REPRESENTATION_CONTEXT ( 'NONE', 'WORKASPACE' ) );
#1048 = CARTESIAN_POINT ( 'NONE',  ( 1.149999999999999467, 0.2999999999999999889, -1.000000000000000000 ) ) ;
#1049 = EDGE_LOOP ( 'NONE', ( #136, #900, #2543, #1397, #1693, #3613, #1579, #1699 ) ) ;
#1050 = CARTESIAN_POINT ( 'NONE',  ( 1.074999999999999067, 0.4000000000000000222, 0.9249999999999997113 ) ) ;
#1051 =( GEOMETRIC_REPRESENTATION_CONTEXT ( 3 ) GLOBAL_UNCERTAINTY_ASSIGNED_CONTEXT ( ( #1457 ) ) GLOBAL_UNIT_ASSIGNED_CONTEXT ( ( #2808, #3132, #2215 ) ) REPRESENTATION_CONTEXT ( 'NONE', 'WORKASPACE' ) );
#1052 = ORIENTED_EDGE ( 'NONE', *, *, #888, .T. ) ;
#1053 = CARTESIAN_POINT ( 'NONE',  ( -1.075000000000000400, 0.5366025403784440151, 0.9250000000000000444 ) ) ;
#1054 = EDGE_CURVE ( 'NONE', #3387, #2510, #2697, .T. ) ;
#1055 = DIRECTION ( 'NONE',  ( -0.000000000000000000, 1.000000000000000000, -0.000000000000000000 ) ) ;
#1056 = AXIS2_PLACEMENT_3D ( 'NONE', #903, #325, #34 ) ;
#1057 = EDGE_CURVE ( 'NONE', #1947, #3065, #632, .T. ) ;
#1058 = EDGE_LOOP ( 'NONE', ( #1115, #114, #2333, #1325 ) ) ;
#1059 = ORIENTED_EDGE ( 'NONE', *, *, #128, .F. ) ;
#1060 = EDGE_CURVE ( 'NONE', #1498, #309, #1933, .T. ) ;
#1061 = AXIS2_PLACEMENT_3D ( 'NONE', #1514, #2093, #2670 ) ;
#1062 = VERTEX_POINT ( 'NONE', #2392 ) ;
#1063 = DIRECTION ( 'NONE',  ( -1.000000000000000000, 0.000000000000000000, -0.000000000000000000 ) ) ;
#1064 = LINE ( 'NONE', #3469, #672 ) ;
#1065 = VERTEX_POINT ( 'NONE', #1846 ) ;
#1066 = CARTESIAN_POINT ( 'NONE',  ( 1.200000000000000622, 0.2999999999999999334, 0.3500000000000000333 ) ) ;
#1067 = DIRECTION ( 'NONE',  ( -1.000000000000000000, 0.000000000000000000, 0.000000000000000000 ) ) ;
#1068 = DIRECTION ( 'NONE',  ( -1.000000000000000000, 0.000000000000000000, 0.000000000000000000 ) ) ;
#1069 = DIRECTION ( 'NONE',  ( 0.000000000000000000, -1.000000000000000000, 0.000000000000000000 ) ) ;
#1070 = ORIENTED_EDGE ( 'NONE', *, *, #2659, .F. ) ;
#1071 = DIRECTION ( 'NONE',  ( 0.000000000000000000, 0.000000000000000000, -1.000000000000000000 ) ) ;
#1072 = VECTOR ( 'NONE', #349, 1000.000000000000000 ) ;
#1073 = APPLICATION_CONTEXT ( 'automotive_design' ) ;
#1074 = LINE ( 'NONE', #3437, #1034 ) ;
#1075 = EDGE_LOOP ( 'NONE', ( #1404, #3175, #3182, #3335 ) ) ;
#1076 = DIRECTION ( 'NONE',  ( -1.000000000000000000, 0.000000000000000000, 0.000000000000000000 ) ) ;
#1077 = EDGE_CURVE ( 'NONE', #2681, #665, #2435, .T. ) ;
#1078 = CARTESIAN_POINT ( 'NONE',  ( 0.4500000000000003997, 1.330776406404415413, -0.9460000000000000631 ) ) ;
#1079 = ORIENTED_EDGE ( 'NONE', *, *, #97, .F. ) ;
#1080 = VERTEX_POINT ( 'NONE', #3035 ) ;
#1081 = VERTEX_POINT ( 'NONE', #50 ) ;
#1082 = EDGE_CURVE ( 'NONE', #1362, #1891, #741, .T. ) ;
#1083 = DIRECTION ( 'NONE',  ( 0.000000000000000000, -1.000000000000000000, 0.000000000000000000 ) ) ;
#1084 = CARTESIAN_POINT ( 'NONE',  ( -1.250000000000000444, 0.000000000000000000, -1.000000000000000000 ) ) ;
#1085 = EDGE_LOOP ( 'NONE', ( #194, #973, #1810, #416, #802, #843, #2709, #1570, #2755 ) ) ;
#1086 = DIRECTION ( 'NONE',  ( 0.000000000000000000, -1.000000000000000000, 0.000000000000000000 ) ) ;
#1087 = ORIENTED_EDGE ( 'NONE', *, *, #282, .F. ) ;
#1088 = CIRCLE ( 'NONE', #3254, 0.1000000000000000472 ) ;
#1089 = ORIENTED_EDGE ( 'NONE', *, *, #1961, .T. ) ;
#1090 = LINE ( 'NONE', #2283, #3816 ) ;
#1091 = CARTESIAN_POINT ( 'NONE',  ( 1.200000000000000622, 0.2999999999999999889, 0.3500000000000000333 ) ) ;
#1092 = ORIENTED_EDGE ( 'NONE', *, *, #908, .T. ) ;
#1093 = VERTEX_POINT ( 'NONE', #1731 ) ;
#1094 = ORIENTED_EDGE ( 'NONE', *, *, #601, .T. ) ;
#1095 = DIRECTION ( 'NONE',  ( -1.000000000000000000, 0.000000000000000000, 0.000000000000000000 ) ) ;
#1096 = CARTESIAN_POINT ( 'NONE',  ( 1.075000000000000400, 0.000000000000000000, -1.000000000000000000 ) ) ;
#1097 = ORIENTED_EDGE ( 'NONE', *, *, #2853, .F. ) ;
#1098 = EDGE_CURVE ( 'NONE', #945, #859, #1137, .T. ) ;
#1099 = MANIFOLD_SOLID_BREP ( 'Boss-Extrude3[1]', #1780 ) ;
#1100 = DIRECTION ( 'NONE',  ( 1.000000000000000000, 0.000000000000000000, 0.000000000000000000 ) ) ;
#1101 = DIRECTION ( 'NONE',  ( 0.000000000000000000, 1.000000000000000000, 0.000000000000000000 ) ) ;
#1102 = CARTESIAN_POINT ( 'NONE',  ( 1.174999999999999378, 0.4000000000000000222, 0.8249999999999997335 ) ) ;
#1103 = EDGE_CURVE ( 'NONE', #1329, #3251, #1800, .T. ) ;
#1104 = EDGE_LOOP ( 'NONE', ( #1157, #698, #2852, #725 ) ) ;
#1105 = EDGE_CURVE ( 'NONE', #366, #1246, #3195, .T. ) ;
#1106 = VECTOR ( 'NONE', #1632, 1000.000000000000000 ) ;
#1107 = VECTOR ( 'NONE', #2331, 1000.000000000000000 ) ;
#1108 = CARTESIAN_POINT ( 'NONE',  ( 1.083539794545363311, 0.2999999999999999889, 0.9460000000000000631 ) ) ;
#1109 = DIRECTION ( 'NONE',  ( -1.000000000000000000, 0.000000000000000000, 0.000000000000000000 ) ) ;
#1110 = VERTEX_POINT ( 'NONE', #534 ) ;
#1111 = DIRECTION ( 'NONE',  ( -0.000000000000000000, -1.000000000000000000, 0.000000000000000000 ) ) ;
#1112 = CIRCLE ( 'NONE', #2164, 0.05000000000000002359 ) ;
#1113 = VECTOR ( 'NONE', #868, 1000.000000000000000 ) ;
#1114 = CARTESIAN_POINT ( 'NONE',  ( 1.250000000000000444, 0.2999999999999999334, 0.8999999999999999112 ) ) ;
#1115 = ORIENTED_EDGE ( 'NONE', *, *, #266, .F. ) ;
#1116 = ORIENTED_EDGE ( 'NONE', *, *, #558, .T. ) ;
#1117 = ORIENTED_EDGE ( 'NONE', *, *, #1511, .T. ) ;
#1118 = CARTESIAN_POINT ( 'NONE',  ( 1.250000000000000444, 1.330776406404415413, 0.8999999999999999112 ) ) ;
#1119 = DIRECTION ( 'NONE',  ( 1.000000000000000000, 0.000000000000000000, -0.000000000000000000 ) ) ;
#1120 = ORIENTED_EDGE ( 'NONE', *, *, #197, .T. ) ;
#1121 = CIRCLE ( 'NONE', #3288, 0.1750000000000000167 ) ;
#1122 = CARTESIAN_POINT ( 'NONE',  ( 1.250000000000000444, 0.2999999999999999889, 1.000000000000000000 ) ) ;
#1123 = VECTOR ( 'NONE', #724, 1000.000000000000000 ) ;
#1124 = CARTESIAN_POINT ( 'NONE',  ( 1.074999999999999289, 0.4000000000000000222, -0.9250000000000000444 ) ) ;
#1125 = VECTOR ( 'NONE', #2516, 1000.000000000000000 ) ;
#1126 = EDGE_CURVE ( 'NONE', #3749, #3324, #942, .T. ) ;
#1127 = CYLINDRICAL_SURFACE ( 'NONE', #621, 0.1000000000000000472 ) ;
#1128 = ORIENTED_EDGE ( 'NONE', *, *, #2199, .T. ) ;
#1129 = EDGE_CURVE ( 'NONE', #350, #1745, #2649, .T. ) ;
#1130 = CARTESIAN_POINT ( 'NONE',  ( 1.250000000000000444, 0.000000000000000000, -1.000000000000000000 ) ) ;
#1131 = CARTESIAN_POINT ( 'NONE',  ( -1.225000000000000311, 0.4000000000000000222, -0.8249999999999999556 ) ) ;
#1132 = VECTOR ( 'NONE', #1262, 1000.000000000000000 ) ;
#1133 = LINE ( 'NONE', #566, #3084 ) ;
#1134 = AXIS2_PLACEMENT_3D ( 'NONE', #2414, #3000, #1757 ) ;
#1135 = VECTOR ( 'NONE', #1842, 1000.000000000000000 ) ;
#1136 = CARTESIAN_POINT ( 'NONE',  ( 0.4500000000000003997, 0.000000000000000000, -0.9460000000000000631 ) ) ;
#1137 = LINE ( 'NONE', #875, #2951 ) ;
#1138 = ORIENTED_EDGE ( 'NONE', *, *, #1754, .F. ) ;
#1139 = DIRECTION ( 'NONE',  ( 0.000000000000000000, -1.000000000000000000, 0.000000000000000000 ) ) ;
#1140 = ORIENTED_EDGE ( 'NONE', *, *, #3357, .T. ) ;
#1141 = MANIFOLD_SOLID_BREP ( 'Fillet1', #3024 ) ;
#1142 = DIRECTION ( 'NONE',  ( 0.000000000000000000, -1.000000000000000000, 0.000000000000000000 ) ) ;
#1143 = DIRECTION ( 'NONE',  ( 1.000000000000000000, 0.000000000000000000, 0.000000000000000000 ) ) ;
#1144 = VERTEX_POINT ( 'NONE', #624 ) ;
#1145 = DIRECTION ( 'NONE',  ( 1.000000000000000000, -0.000000000000000000, 1.819131161888430038E-16 ) ) ;
#1146 = MANIFOLD_SOLID_BREP ( 'Cut-Extrude2', #1529 ) ;
#1147 = DIRECTION ( 'NONE',  ( -0.000000000000000000, 0.000000000000000000, -1.000000000000000000 ) ) ;
#1148 = DIRECTION ( 'NONE',  ( -0.000000000000000000, -1.000000000000000000, -0.000000000000000000 ) ) ;
#1149 =( NAMED_UNIT ( * ) SI_UNIT ( $, .STERADIAN. ) SOLID_ANGLE_UNIT ( ) );
#1150 = CYLINDRICAL_SURFACE ( 'NONE', #2576, 0.1750000000000000167 ) ;
#1151 = ORIENTED_EDGE ( 'NONE', *, *, #1972, .T. ) ;
#1152 = ADVANCED_FACE ( 'NONE', ( #2720 ), #155, .T. ) ;
#1153 = DIRECTION ( 'NONE',  ( 0.000000000000000000, 0.000000000000000000, -1.000000000000000000 ) ) ;
#1154 = VECTOR ( 'NONE', #1884, 1000.000000000000000 ) ;
#1155 = DIRECTION ( 'NONE',  ( -1.000000000000000000, 0.000000000000000000, -1.008560160451632221E-16 ) ) ;
#1156 = DIRECTION ( 'NONE',  ( 0.000000000000000000, -1.000000000000000000, 0.000000000000000000 ) ) ;
#1157 = ORIENTED_EDGE ( 'NONE', *, *, #3208, .F. ) ;
#1158 = LINE ( 'NONE', #2403, #620 ) ;
#1159 = FACE_OUTER_BOUND ( 'NONE', #2764, .T. ) ;
#1160 = ADVANCED_FACE ( 'NONE', ( #2894 ), #221, .F. ) ;
#1161 = FACE_OUTER_BOUND ( 'NONE', #781, .T. ) ;
#1162 = CARTESIAN_POINT ( 'NONE',  ( 1.074999999999999289, 0.5500000000000000444, -0.9250000000000000444 ) ) ;
#1163 = ORIENTED_EDGE ( 'NONE', *, *, #2099, .F. ) ;
#1164 = DIRECTION ( 'NONE',  ( 0.000000000000000000, 0.000000000000000000, -1.000000000000000000 ) ) ;
#1165 = DIRECTION ( 'NONE',  ( -0.000000000000000000, -1.000000000000000000, -0.000000000000000000 ) ) ;
#1166 = EDGE_CURVE ( 'NONE', #857, #1408, #1868, .T. ) ;
#1167 = CARTESIAN_POINT ( 'NONE',  ( -1.075000000000000400, 0.6000000000000000888, 0.9250000000000000444 ) ) ;
#1168 = CARTESIAN_POINT ( 'NONE',  ( -1.250000000000000444, 0.000000000000000000, 0.8999999999999999112 ) ) ;
#1169 = VECTOR ( 'NONE', #959, 1000.000000000000000 ) ;
#1170 = DIRECTION ( 'NONE',  ( 0.000000000000000000, 0.000000000000000000, 1.000000000000000000 ) ) ;
#1171 = STYLED_ITEM ( 'NONE', ( #2154 ), #2431 ) ;
#1172 = VECTOR ( 'NONE', #1004, 1000.000000000000000 ) ;
#1173 = DIRECTION ( 'NONE',  ( 0.000000000000000000, -1.000000000000000000, 0.000000000000000000 ) ) ;
#1174 = AXIS2_PLACEMENT_3D ( 'NONE', #3798, #3493, #832 ) ;
#1175 = UNCERTAINTY_MEASURE_WITH_UNIT (LENGTH_MEASURE( 1.000000000000000082E-05 ), #1229, 'distance_accuracy_value', 'NONE');
#1176 = ADVANCED_FACE ( 'NONE', ( #1406 ), #3164, .T. ) ;
#1177 = EDGE_CURVE ( 'NONE', #1769, #2212, #368, .T. ) ;
#1178 = EDGE_LOOP ( 'NONE', ( #219, #1312, #1858, #1460, #3580, #2341, #1598, #3771, #2308 ) ) ;
#1179 = FACE_OUTER_BOUND ( 'NONE', #2593, .T. ) ;
#1180 = EDGE_CURVE ( 'NONE', #2772, #3435, #860, .T. ) ;
#1181 = VERTEX_POINT ( 'NONE', #561 ) ;
#1182 = DIRECTION ( 'NONE',  ( 0.000000000000000000, -1.000000000000000000, 0.000000000000000000 ) ) ;
#1183 = CARTESIAN_POINT ( 'NONE',  ( -1.250000000000000444, 0.000000000000000000, 1.000000000000000000 ) ) ;
#1184 = DIRECTION ( 'NONE',  ( 0.000000000000000000, -1.000000000000000000, 0.000000000000000000 ) ) ;
#1185 = CARTESIAN_POINT ( 'NONE',  ( 1.200000000000000622, 1.330776406404415413, -0.3500000000000000333 ) ) ;
#1186 = AXIS2_PLACEMENT_3D ( 'NONE', #1604, #1254, #2166 ) ;
#1187 = SURFACE_STYLE_FILL_AREA ( #59 ) ;
#1188 = CARTESIAN_POINT ( 'NONE',  ( 1.174999999999999156, 0.6000000000000000888, -0.8249999999999999556 ) ) ;
#1189 = ORIENTED_EDGE ( 'NONE', *, *, #1289, .F. ) ;
#1190 = DIRECTION ( 'NONE',  ( 0.000000000000000000, 0.000000000000000000, -1.000000000000000000 ) ) ;
#1191 = DIRECTION ( 'NONE',  ( -1.819131161888430285E-16, -0.000000000000000000, 1.000000000000000000 ) ) ;
#1192 = EDGE_LOOP ( 'NONE', ( #692, #2298, #383, #2762 ) ) ;
#1193 = CARTESIAN_POINT ( 'NONE',  ( -1.250000000000000444, 1.330776406404415413, 0.8249999999999999556 ) ) ;
#1194 = VECTOR ( 'NONE', #1429, 1000.000000000000000 ) ;
#1195 = TOROIDAL_SURFACE ( 'NONE', #2065, 0.04999999999999993339, 0.05000000000000000278 ) ;
#1196 = FACE_OUTER_BOUND ( 'NONE', #307, .T. ) ;
#1197 = EDGE_LOOP ( 'NONE', ( #1822, #2064, #1417, #1939, #3654, #29, #3057, #2555, #574 ) ) ;
#1198 = CARTESIAN_POINT ( 'NONE',  ( -1.225000000000000311, 0.4499999999999999001, -0.8249999999999999556 ) ) ;
#1199 = ORIENTED_EDGE ( 'NONE', *, *, #362, .F. ) ;
#1200 = EDGE_CURVE ( 'NONE', #202, #1093, #3186, .T. ) ;
#1201 = DIRECTION ( 'NONE',  ( 0.000000000000000000, 0.000000000000000000, -1.000000000000000000 ) ) ;
#1202 = FILL_AREA_STYLE_COLOUR ( '', #1694 ) ;
#1203 = DIRECTION ( 'NONE',  ( 0.000000000000000000, 0.000000000000000000, -1.000000000000000000 ) ) ;
#1204 = CARTESIAN_POINT ( 'NONE',  ( -1.225000000000000311, 3.731293662370235076, -0.8249999999999999556 ) ) ;
#1205 = ORIENTED_EDGE ( 'NONE', *, *, #2715, .F. ) ;
#1206 = CARTESIAN_POINT ( 'NONE',  ( -1.250000000000000444, 0.2999999999999999889, -1.000000000000000000 ) ) ;
#1207 = DIRECTION ( 'NONE',  ( 0.000000000000000000, 0.000000000000000000, 1.000000000000000000 ) ) ;
#1208 = FACE_OUTER_BOUND ( 'NONE', #458, .T. ) ;
#1209 = CARTESIAN_POINT ( 'NONE',  ( -1.175000000000000488, 3.731293662370235076, 0.8249999999999999556 ) ) ;
#1210 = VERTEX_POINT ( 'NONE', #2580 ) ;
#1211 = DIRECTION ( 'NONE',  ( 0.000000000000000000, 0.000000000000000000, -1.000000000000000000 ) ) ;
#1212 = VERTEX_POINT ( 'NONE', #3738 ) ;
#1213 = DIRECTION ( 'NONE',  ( 0.000000000000000000, -1.000000000000000000, 0.000000000000000000 ) ) ;
#1214 = ORIENTED_EDGE ( 'NONE', *, *, #2972, .F. ) ;
#1215 = FACE_OUTER_BOUND ( 'NONE', #2000, .T. ) ;
#1216 = VECTOR ( 'NONE', #1156, 1000.000000000000000 ) ;
#1217 = EDGE_CURVE ( 'NONE', #883, #1725, #2049, .T. ) ;
#1218 = AXIS2_PLACEMENT_3D ( 'NONE', #2835, #1681, #1409 ) ;
#1219 = CARTESIAN_POINT ( 'NONE',  ( -1.250000000000000444, 0.2999999999999999889, 0.8249999999999999556 ) ) ;
#1220 = CARTESIAN_POINT ( 'NONE',  ( 1.250000000000000444, 0.000000000000000000, 0.8999999999999999112 ) ) ;
#1221 = VECTOR ( 'NONE', #1067, 1000.000000000000000 ) ;
#1222 = EDGE_CURVE ( 'NONE', #1416, #1848, #546, .T. ) ;
#1223 = SURFACE_SIDE_STYLE ('',( #1187 ) ) ;
#1224 = EDGE_CURVE ( 'NONE', #1359, #713, #3402, .T. ) ;
#1225 = LINE ( 'NONE', #316, #689 ) ;
#1226 = ORIENTED_EDGE ( 'NONE', *, *, #451, .T. ) ;
#1227 = CARTESIAN_POINT ( 'NONE',  ( 1.249999999999999556, 0.2999999999999999889, 0.8999999999999996891 ) ) ;
#1228 = DIRECTION ( 'NONE',  ( 0.000000000000000000, -1.000000000000000000, 0.000000000000000000 ) ) ;
#1229 =( LENGTH_UNIT ( ) NAMED_UNIT ( * ) SI_UNIT ( .MILLI., .METRE. ) );
#1230 = ORIENTED_EDGE ( 'NONE', *, *, #1394, .T. ) ;
#1231 = CARTESIAN_POINT ( 'NONE',  ( 0.4500000000000003997, 0.2999999999999999334, 0.9460000000000000631 ) ) ;
#1232 = VECTOR ( 'NONE', #1737, 1000.000000000000000 ) ;
#1233 = ORIENTED_EDGE ( 'NONE', *, *, #3092, .T. ) ;
#1234 = CARTESIAN_POINT ( 'NONE',  ( 0.4500000000000003997, 0.2999999999999999334, -0.9460000000000000631 ) ) ;
#1235 = ORIENTED_EDGE ( 'NONE', *, *, #301, .T. ) ;
#1236 = MECHANICAL_DESIGN_GEOMETRIC_PRESENTATION_REPRESENTATION (  '', ( #3161 ), #733 ) ;
#1237 = LINE ( 'NONE', #1554, #3226 ) ;
#1238 = VECTOR ( 'NONE', #147, 1000.000000000000000 ) ;
#1239 = VERTEX_POINT ( 'NONE', #1365 ) ;
#1240 = CIRCLE ( 'NONE', #1299, 0.1000000000000000472 ) ;
#1241 = PLANE ( 'NONE',  #2616 ) ;
#1242 = CARTESIAN_POINT ( 'NONE',  ( -1.200000000000000622, 0.000000000000000000, -0.3500000000000000333 ) ) ;
#1243 = EDGE_LOOP ( 'NONE', ( #876, #3184, #3326, #332 ) ) ;
#1244 =( LENGTH_UNIT ( ) NAMED_UNIT ( * ) SI_UNIT ( .MILLI., .METRE. ) );
#1245 = CARTESIAN_POINT ( 'NONE',  ( 1.150000000000000355, 0.2999999999999999334, -1.000000000000000000 ) ) ;
#1246 = VERTEX_POINT ( 'NONE', #3782 ) ;
#1247 = PLANE ( 'NONE',  #41 ) ;
#1248 = AXIS2_PLACEMENT_3D ( 'NONE', #2297, #2073, #1830 ) ;
#1249 = EDGE_CURVE ( 'NONE', #1844, #3260, #265, .T. ) ;
#1250 = ORIENTED_EDGE ( 'NONE', *, *, #3476, .T. ) ;
#1251 = LINE ( 'NONE', #1623, #2525 ) ;
#1252 = VECTOR ( 'NONE', #2384, 1000.000000000000000 ) ;
#1253 = ORIENTED_EDGE ( 'NONE', *, *, #2797, .T. ) ;
#1254 = DIRECTION ( 'NONE',  ( -0.000000000000000000, 1.000000000000000000, 0.000000000000000000 ) ) ;
#1255 = ORIENTED_EDGE ( 'NONE', *, *, #2668, .F. ) ;
#1256 = AXIS2_PLACEMENT_3D ( 'NONE', #403, #109, #1595 ) ;
#1257 = ORIENTED_EDGE ( 'NONE', *, *, #1994, .T. ) ;
#1258 = CARTESIAN_POINT ( 'NONE',  ( 0.4500000000000002887, 0.000000000000000000, 0.3500000000000000333 ) ) ;
#1259 = CIRCLE ( 'NONE', #2130, 0.1000000000000000472 ) ;
#1260 = CARTESIAN_POINT ( 'NONE',  ( -0.4500000000000003997, 1.330776406404415413, 0.9460000000000000631 ) ) ;
#1261 = EDGE_CURVE ( 'NONE', #2681, #309, #2872, .T. ) ;
#1262 = DIRECTION ( 'NONE',  ( -0.000000000000000000, -1.000000000000000000, -0.000000000000000000 ) ) ;
#1263 = VERTEX_POINT ( 'NONE', #2641 ) ;
#1264 = DIRECTION ( 'NONE',  ( 0.000000000000000000, -1.000000000000000000, 0.000000000000000000 ) ) ;
#1265 = DIRECTION ( 'NONE',  ( -0.000000000000000000, -1.000000000000000000, -0.000000000000000000 ) ) ;
#1266 = ADVANCED_FACE ( 'NONE', ( #2255 ), #3565, .F. ) ;
#1267 = VERTEX_POINT ( 'NONE', #1521 ) ;
#1268 = LINE ( 'NONE', #1599, #290 ) ;
#1269 = EDGE_CURVE ( 'NONE', #3382, #2846, #1776, .T. ) ;
#1270 = LINE ( 'NONE', #960, #1135 ) ;
#1271 = ORIENTED_EDGE ( 'NONE', *, *, #1519, .F. ) ;
#1272 = ORIENTED_EDGE ( 'NONE', *, *, #268, .T. ) ;
#1273 = EDGE_CURVE ( 'NONE', #1062, #445, #1300, .T. ) ;
#1274 = VECTOR ( 'NONE', #1648, 1000.000000000000000 ) ;
#1275 = DIRECTION ( 'NONE',  ( 0.000000000000000000, -0.000000000000000000, 1.000000000000000000 ) ) ;
#1276 =( LENGTH_UNIT ( ) NAMED_UNIT ( * ) SI_UNIT ( .MILLI., .METRE. ) );
#1277 = CARTESIAN_POINT ( 'NONE',  ( -1.075000000000000400, 3.731293662370235076, -0.8249999999999999556 ) ) ;
#1278 = FACE_OUTER_BOUND ( 'NONE', #1298, .T. ) ;
#1279 = VERTEX_POINT ( 'NONE', #1793 ) ;
#1280 = VECTOR ( 'NONE', #1386, 1000.000000000000000 ) ;
#1281 = CYLINDRICAL_SURFACE ( 'NONE', #1317, 0.1000000000000001582 ) ;
#1282 = ADVANCED_FACE ( 'NONE', ( #613 ), #53, .F. ) ;
#1283 = VERTEX_POINT ( 'NONE', #2116 ) ;
#1284 = VERTEX_POINT ( 'NONE', #3294 ) ;
#1285 = DIRECTION ( 'NONE',  ( 0.000000000000000000, -1.000000000000000000, 0.000000000000000000 ) ) ;
#1286 = CARTESIAN_POINT ( 'NONE',  ( 1.249999999999999556, 0.4000000000000000222, -1.000000000000000000 ) ) ;
#1287 = ORIENTED_EDGE ( 'NONE', *, *, #6, .T. ) ;
#1288 = CARTESIAN_POINT ( 'NONE',  ( -0.4500000000000002887, 0.000000000000000000, 0.3500000000000000333 ) ) ;
#1289 = EDGE_CURVE ( 'NONE', #2927, #3382, #905, .T. ) ;
#1290 = ORIENTED_EDGE ( 'NONE', *, *, #3378, .F. ) ;
#1291 = VECTOR ( 'NONE', #2202, 1000.000000000000000 ) ;
#1292 = ADVANCED_FACE ( 'NONE', ( #638 ), #1834, .T. ) ;
#1293 = EDGE_CURVE ( 'NONE', #859, #2285, #3273, .T. ) ;
#1294 = SURFACE_STYLE_FILL_AREA ( #2395 ) ;
#1295 = CARTESIAN_POINT ( 'NONE',  ( -1.250000000000000444, 0.2999999999999999334, 1.000000000000000000 ) ) ;
#1296 = AXIS2_PLACEMENT_3D ( 'NONE', #2844, #1670, #2591 ) ;
#1297 = CARTESIAN_POINT ( 'NONE',  ( -1.250000000000000444, 1.330776406404415413, 1.000000000000000000 ) ) ;
#1298 = EDGE_LOOP ( 'NONE', ( #2461, #2092, #703, #2501, #1390, #2100, #3669, #3349, #1140 ) ) ;
#1299 = AXIS2_PLACEMENT_3D ( 'NONE', #3551, #2356, #2079 ) ;
#1300 = CIRCLE ( 'NONE', #554, 0.1750000000000000167 ) ;
#1301 = DIRECTION ( 'NONE',  ( 1.314184451497581259E-16, 0.000000000000000000, 1.000000000000000000 ) ) ;
#1302 = DIRECTION ( 'NONE',  ( 0.000000000000000000, 0.000000000000000000, -1.000000000000000000 ) ) ;
#1303 = ORIENTED_EDGE ( 'NONE', *, *, #2394, .F. ) ;
#1304 = CARTESIAN_POINT ( 'NONE',  ( 0.4500000000000003997, 0.000000000000000000, 0.9460000000000000631 ) ) ;
#1305 = DIRECTION ( 'NONE',  ( 0.000000000000000000, -0.000000000000000000, 1.000000000000000000 ) ) ;
#1306 = ORIENTED_EDGE ( 'NONE', *, *, #3130, .T. ) ;
#1307 = CARTESIAN_POINT ( 'NONE',  ( -1.250000000000000444, 0.4000000000000000222, -1.000000000000000000 ) ) ;
#1308 = AXIS2_PLACEMENT_3D ( 'NONE', #846, #1147, #2043 ) ;
#1309 = DIRECTION ( 'NONE',  ( 0.000000000000000000, -1.000000000000000000, 0.000000000000000000 ) ) ;
#1310 = ORIENTED_EDGE ( 'NONE', *, *, #711, .F. ) ;
#1311 = LINE ( 'NONE', #2507, #122 ) ;
#1312 = ORIENTED_EDGE ( 'NONE', *, *, #362, .T. ) ;
#1313 = ADVANCED_FACE ( 'NONE', ( #36 ), #329, .F. ) ;
#1314 = EDGE_LOOP ( 'NONE', ( #730, #803, #3171, #2159 ) ) ;
#1315 = ORIENTED_EDGE ( 'NONE', *, *, #385, .T. ) ;
#1316 = LINE ( 'NONE', #1962, #856 ) ;
#1317 = AXIS2_PLACEMENT_3D ( 'NONE', #641, #2476, #1836 ) ;
#1318 = CARTESIAN_POINT ( 'NONE',  ( 1.150000000000000355, 0.2999999999999999889, 1.000000000000000000 ) ) ;
#1319 = ADVANCED_FACE ( 'NONE', ( #346 ), #1241, .F. ) ;
#1320 = DIRECTION ( 'NONE',  ( 0.000000000000000000, 0.000000000000000000, -1.000000000000000000 ) ) ;
#1321 = VECTOR ( 'NONE', #1713, 1000.000000000000000 ) ;
#1322 = ORIENTED_EDGE ( 'NONE', *, *, #2972, .T. ) ;
#1323 = CARTESIAN_POINT ( 'NONE',  ( 1.074999999999999289, 0.5500000000000000444, -0.8249999999999999556 ) ) ;
#1324 = DIRECTION ( 'NONE',  ( -1.000000000000000000, 0.000000000000000000, 0.000000000000000000 ) ) ;
#1325 = ORIENTED_EDGE ( 'NONE', *, *, #264, .F. ) ;
#1326 = PLANE ( 'NONE',  #2213 ) ;
#1327 = VECTOR ( 'NONE', #2914, 1000.000000000000000 ) ;
#1328 = LINE ( 'NONE', #1031, #2823 ) ;
#1329 = VERTEX_POINT ( 'NONE', #2059 ) ;
#1330 = CARTESIAN_POINT ( 'NONE',  ( -1.083539794545363311, 0.2999999999999999334, 0.9460000000000000631 ) ) ;
#1331 = EDGE_LOOP ( 'NONE', ( #2638, #161, #3418, #2962, #3724, #2157, #3075, #2037 ) ) ;
#1332 = DIRECTION ( 'NONE',  ( -0.000000000000000000, -0.000000000000000000, -1.000000000000000000 ) ) ;
#1333 = ORIENTED_EDGE ( 'NONE', *, *, #3280, .F. ) ;
#1334 = EDGE_LOOP ( 'NONE', ( #1999, #3701, #3099, #25, #3485, #2577, #2726, #3439, #2705 ) ) ;
#1335 = DIRECTION ( 'NONE',  ( -1.000000000000000000, 0.000000000000000000, 1.819131161888430285E-16 ) ) ;
#1336 = CARTESIAN_POINT ( 'NONE',  ( -1.083539794545363311, 0.2999999999999999889, 0.9460000000000000631 ) ) ;
#1337 = DIRECTION ( 'NONE',  ( -0.000000000000000000, 1.000000000000000000, -0.000000000000000000 ) ) ;
#1338 = AXIS2_PLACEMENT_3D ( 'NONE', #604, #627, #2993 ) ;
#1339 = FACE_OUTER_BOUND ( 'NONE', #3304, .T. ) ;
#1340 = SURFACE_SIDE_STYLE ('',( #152 ) ) ;
#1341 = DIRECTION ( 'NONE',  ( 0.000000000000000000, -0.000000000000000000, -1.000000000000000000 ) ) ;
#1342 = SURFACE_STYLE_FILL_AREA ( #2193 ) ;
#1343 = PLANE ( 'NONE',  #2952 ) ;
#1344 = ORIENTED_EDGE ( 'NONE', *, *, #2371, .T. ) ;
#1345 = CARTESIAN_POINT ( 'NONE',  ( 1.174999999999999156, 0.5366025403784440151, 0.8249999999999997335 ) ) ;
#1346 = ADVANCED_FACE ( 'NONE', ( #280 ), #3606, .T. ) ;
#1347 = EDGE_CURVE ( 'NONE', #1719, #3544, #3532, .T. ) ;
#1348 = ADVANCED_FACE ( 'NONE', ( #576 ), #1500, .F. ) ;
#1349 = DIRECTION ( 'NONE',  ( 0.000000000000000000, 0.000000000000000000, 1.000000000000000000 ) ) ;
#1350 = ORIENTED_EDGE ( 'NONE', *, *, #2661, .T. ) ;
#1351 = CARTESIAN_POINT ( 'NONE',  ( -1.083539794545363311, 0.000000000000000000, 0.9460000000000000631 ) ) ;
#1352 = DIRECTION ( 'NONE',  ( -1.314184451497581259E-16, 0.000000000000000000, -1.000000000000000000 ) ) ;
#1353 = CIRCLE ( 'NONE', #3760, 0.1750000000000000167 ) ;
#1354 = DIRECTION ( 'NONE',  ( -1.000000000000000000, 0.000000000000000000, 0.000000000000000000 ) ) ;
#1355 = ORIENTED_EDGE ( 'NONE', *, *, #2371, .F. ) ;
#1356 = ORIENTED_EDGE ( 'NONE', *, *, #2710, .F. ) ;
#1357 = DIRECTION ( 'NONE',  ( 0.000000000000000000, -0.000000000000000000, -1.000000000000000000 ) ) ;
#1358 = CARTESIAN_POINT ( 'NONE',  ( -0.4500000000000003997, 0.000000000000000000, 0.9460000000000000631 ) ) ;
#1359 = VERTEX_POINT ( 'NONE', #2376 ) ;
#1360 = TOROIDAL_SURFACE ( 'NONE', #3333, 0.05000000000000022482, 0.1000000000000000056 ) ;
#1361 = PLANE ( 'NONE',  #331 ) ;
#1362 = VERTEX_POINT ( 'NONE', #2657 ) ;
#1363 = VECTOR ( 'NONE', #105, 1000.000000000000000 ) ;
#1364 = VECTOR ( 'NONE', #2532, 1000.000000000000000 ) ;
#1365 = CARTESIAN_POINT ( 'NONE',  ( -1.200000000000000622, 0.2999999999999999334, 0.8322949016875157424 ) ) ;
#1366 = CARTESIAN_POINT ( 'NONE',  ( 1.249999999999999556, 0.4000000000000000222, 0.9999999999999997780 ) ) ;
#1367 = ORIENTED_EDGE ( 'NONE', *, *, #2274, .F. ) ;
#1368 = CYLINDRICAL_SURFACE ( 'NONE', #3510, 0.1499999999999999667 ) ;
#1369 = AXIS2_PLACEMENT_3D ( 'NONE', #2423, #3594, #1741 ) ;
#1370 = DIRECTION ( 'NONE',  ( 0.000000000000000000, -1.000000000000000000, 0.000000000000000000 ) ) ;
#1371 = ORIENTED_EDGE ( 'NONE', *, *, #2367, .F. ) ;
#1372 = EDGE_CURVE ( 'NONE', #142, #1938, #2966, .T. ) ;
#1373 = CARTESIAN_POINT ( 'NONE',  ( 1.250000000000000444, 0.2999999999999999334, 1.000000000000000000 ) ) ;
#1374 = FACE_OUTER_BOUND ( 'NONE', #1931, .T. ) ;
#1375 = ORIENTED_EDGE ( 'NONE', *, *, #1289, .T. ) ;
#1376 = ORIENTED_EDGE ( 'NONE', *, *, #369, .T. ) ;
#1377 = VECTOR ( 'NONE', #2895, 1000.000000000000000 ) ;
#1378 = ORIENTED_EDGE ( 'NONE', *, *, #889, .F. ) ;
#1379 = FACE_OUTER_BOUND ( 'NONE', #2430, .T. ) ;
#1380 = CYLINDRICAL_SURFACE ( 'NONE', #3585, 0.05000000000000002359 ) ;
#1381 = ORIENTED_EDGE ( 'NONE', *, *, #685, .T. ) ;
#1382 = LINE ( 'NONE', #750, #1123 ) ;
#1383 = CARTESIAN_POINT ( 'NONE',  ( -1.250000000000000444, 0.2999999999999999889, 1.000000000000000000 ) ) ;
#1384 = ORIENTED_EDGE ( 'NONE', *, *, #3193, .T. ) ;
#1385 = EDGE_CURVE ( 'NONE', #497, #3112, #1480, .T. ) ;
#1386 = DIRECTION ( 'NONE',  ( -1.819131161888430285E-16, 0.000000000000000000, -1.000000000000000000 ) ) ;
#1387 = VECTOR ( 'NONE', #2963, 1000.000000000000000 ) ;
#1388 = VECTOR ( 'NONE', #3299, 1000.000000000000000 ) ;
#1389 = PLANE ( 'NONE',  #3209 ) ;
#1390 = ORIENTED_EDGE ( 'NONE', *, *, #1459, .T. ) ;
#1391 = DIRECTION ( 'NONE',  ( -1.000000000000000000, 0.000000000000000000, 0.000000000000000000 ) ) ;
#1392 = CARTESIAN_POINT ( 'NONE',  ( 1.200000000000000622, 0.2999999999999999334, -0.8322949016875157424 ) ) ;
#1393 = AXIS2_PLACEMENT_3D ( 'NONE', #1024, #2211, #3736 ) ;
#1394 = EDGE_CURVE ( 'NONE', #3652, #2455, #3550, .T. ) ;
#1395 = CARTESIAN_POINT ( 'NONE',  ( 1.150000000000000355, 1.330776406404415413, -1.000000000000000000 ) ) ;
#1396 = AXIS2_PLACEMENT_3D ( 'NONE', #2734, #1482, #4 ) ;
#1397 = ORIENTED_EDGE ( 'NONE', *, *, #342, .F. ) ;
#1398 = ORIENTED_EDGE ( 'NONE', *, *, #1105, .F. ) ;
#1399 = ORIENTED_EDGE ( 'NONE', *, *, #1825, .T. ) ;
#1400 = EDGE_CURVE ( 'NONE', #626, #2326, #3657, .T. ) ;
#1401 = DIRECTION ( 'NONE',  ( -1.000000000000000000, 0.000000000000000000, -0.000000000000000000 ) ) ;
#1402 = CARTESIAN_POINT ( 'NONE',  ( 1.249999999999999556, 0.000000000000000000, 0.9999999999999997780 ) ) ;
#1403 = VERTEX_POINT ( 'NONE', #1023 ) ;
#1404 = ORIENTED_EDGE ( 'NONE', *, *, #1877, .F. ) ;
#1405 = CARTESIAN_POINT ( 'NONE',  ( 1.250000000000000444, 0.2999999999999999889, -0.8249999999999999556 ) ) ;
#1406 = FACE_OUTER_BOUND ( 'NONE', #3666, .T. ) ;
#1407 = LINE ( 'NONE', #3561, #1882 ) ;
#1408 = VERTEX_POINT ( 'NONE', #967 ) ;
#1409 = DIRECTION ( 'NONE',  ( 1.000000000000000000, 0.000000000000000000, -0.000000000000000000 ) ) ;
#1410 = DIRECTION ( 'NONE',  ( 0.000000000000000000, 1.000000000000000000, -0.000000000000000000 ) ) ;
#1411 = DIRECTION ( 'NONE',  ( -0.000000000000000000, -1.000000000000000000, -0.000000000000000000 ) ) ;
#1412 = VERTEX_POINT ( 'NONE', #1318 ) ;
#1413 = LINE ( 'NONE', #162, #2725 ) ;
#1414 = AXIS2_PLACEMENT_3D ( 'NONE', #872, #600, #2066 ) ;
#1415 = DIRECTION ( 'NONE',  ( -0.000000000000000000, 0.000000000000000000, -1.000000000000000000 ) ) ;
#1416 = VERTEX_POINT ( 'NONE', #2155 ) ;
#1417 = ORIENTED_EDGE ( 'NONE', *, *, #1557, .T. ) ;
#1418 =( GEOMETRIC_REPRESENTATION_CONTEXT ( 3 ) GLOBAL_UNCERTAINTY_ASSIGNED_CONTEXT ( ( #3505 ) ) GLOBAL_UNIT_ASSIGNED_CONTEXT ( ( #3743, #2878, #2899 ) ) REPRESENTATION_CONTEXT ( 'NONE', 'WORKASPACE' ) );
#1419 = ORIENTED_EDGE ( 'NONE', *, *, #1166, .F. ) ;
#1420 = DIRECTION ( 'NONE',  ( 0.000000000000000000, 0.000000000000000000, 1.000000000000000000 ) ) ;
#1422 = EDGE_CURVE ( 'NONE', #254, #2510, #2231, .T. ) ;
#1421 = PLANE ( 'NONE',  #916 ) ;
#1423 = ORIENTED_EDGE ( 'NONE', *, *, #1918, .F. ) ;
#1424 = ADVANCED_FACE ( 'NONE', ( #74 ), #2768, .T. ) ;
#1425 = PLANE ( 'NONE',  #1712 ) ;
#1426 = DIRECTION ( 'NONE',  ( -0.000000000000000000, -1.000000000000000000, 0.000000000000000000 ) ) ;
#1427 = CYLINDRICAL_SURFACE ( 'NONE', #1614, 0.05000000000000002359 ) ;
#1428 = AXIS2_PLACEMENT_3D ( 'NONE', #2567, #210, #2263 ) ;
#1429 = DIRECTION ( 'NONE',  ( 1.000000000000000000, 0.000000000000000000, -1.008560160451632221E-16 ) ) ;
#1430 = VECTOR ( 'NONE', #867, 1000.000000000000000 ) ;
#1431 = PLANE ( 'NONE',  #1973 ) ;
#1432 = AXIS2_PLACEMENT_3D ( 'NONE', #1277, #2210, #2782 ) ;
#1433 = VECTOR ( 'NONE', #3818, 1000.000000000000000 ) ;
#1434 = DIRECTION ( 'NONE',  ( 0.000000000000000000, 0.000000000000000000, -1.000000000000000000 ) ) ;
#1435 = ORIENTED_EDGE ( 'NONE', *, *, #1082, .T. ) ;
#1436 = DIRECTION ( 'NONE',  ( -0.000000000000000000, -1.000000000000000000, -0.000000000000000000 ) ) ;
#1437 = ORIENTED_EDGE ( 'NONE', *, *, #1827, .T. ) ;
#1438 = ORIENTED_EDGE ( 'NONE', *, *, #3545, .T. ) ;
#1439 = AXIS2_PLACEMENT_3D ( 'NONE', #2766, #3603, #1869 ) ;
#1440 = DIRECTION ( 'NONE',  ( 0.000000000000000000, 0.000000000000000000, -1.000000000000000000 ) ) ;
#1441 = ORIENTED_EDGE ( 'NONE', *, *, #3149, .T. ) ;
#1442 = AXIS2_PLACEMENT_3D ( 'NONE', #1534, #3739, #245 ) ;
#1443 = AXIS2_PLACEMENT_3D ( 'NONE', #2712, #3272, #2673 ) ;
#1444 = EDGE_CURVE ( 'NONE', #1239, #43, #310, .T. ) ;
#1445 = CARTESIAN_POINT ( 'NONE',  ( -1.083539794545363311, 0.000000000000000000, -0.9460000000000000631 ) ) ;
#1446 = CARTESIAN_POINT ( 'NONE',  ( 0.4500000000000003997, 0.2999999999999999334, -0.9460000000000000631 ) ) ;
#1447 =( GEOMETRIC_REPRESENTATION_CONTEXT ( 3 ) GLOBAL_UNCERTAINTY_ASSIGNED_CONTEXT ( ( #584 ) ) GLOBAL_UNIT_ASSIGNED_CONTEXT ( ( #286, #1453, #581 ) ) REPRESENTATION_CONTEXT ( 'NONE', 'WORKASPACE' ) );
#1448 = LINE ( 'NONE', #1995, #351 ) ;
#1449 = CARTESIAN_POINT ( 'NONE',  ( -1.150000000000000355, 0.4000000000000000222, -1.000000000000000000 ) ) ;
#1450 = EDGE_CURVE ( 'NONE', #165, #1416, #417, .T. ) ;
#1451 = AXIS2_PLACEMENT_3D ( 'NONE', #1475, #14, #2451 ) ;
#1452 = DIRECTION ( 'NONE',  ( 0.000000000000000000, 0.000000000000000000, -1.000000000000000000 ) ) ;
#1453 =( NAMED_UNIT ( * ) PLANE_ANGLE_UNIT ( ) SI_UNIT ( $, .RADIAN. ) );
#1454 = ORIENTED_EDGE ( 'NONE', *, *, #1854, .F. ) ;
#1455 = CARTESIAN_POINT ( 'NONE',  ( 1.074999999999999067, 0.6000000000000000888, 0.8749999999999998890 ) ) ;
#1456 = CARTESIAN_POINT ( 'NONE',  ( -1.175000000000000488, 0.4000000000000000222, -0.8249999999999999556 ) ) ;
#1457 = UNCERTAINTY_MEASURE_WITH_UNIT (LENGTH_MEASURE( 1.000000000000000082E-05 ), #2808, 'distance_accuracy_value', 'NONE');
#1458 = PLANE ( 'NONE',  #727 ) ;
#1459 = EDGE_CURVE ( 'NONE', #2285, #1263, #1005, .T. ) ;
#1460 = ORIENTED_EDGE ( 'NONE', *, *, #3327, .T. ) ;
#1461 = VERTEX_POINT ( 'NONE', #2188 ) ;
#1462 = CARTESIAN_POINT ( 'NONE',  ( 1.074999999999999067, 0.6000000000000000888, 0.8749999999999996669 ) ) ;
#1463 = CYLINDRICAL_SURFACE ( 'NONE', #2939, 0.1750000000000000167 ) ;
#1464 = CARTESIAN_POINT ( 'NONE',  ( -1.250000000000000444, 0.2999999999999999889, -1.000000000000000000 ) ) ;
#1465 = ORIENTED_EDGE ( 'NONE', *, *, #2623, .T. ) ;
#1466 = EDGE_CURVE ( 'NONE', #350, #516, #3695, .T. ) ;
#1467 = EDGE_CURVE ( 'NONE', #165, #956, #3369, .T. ) ;
#1468 = EDGE_CURVE ( 'NONE', #33, #414, #398, .T. ) ;
#1469 = DIRECTION ( 'NONE',  ( 0.000000000000000000, 0.000000000000000000, 1.000000000000000000 ) ) ;
#1470 = DIRECTION ( 'NONE',  ( 0.000000000000000000, 0.000000000000000000, -1.000000000000000000 ) ) ;
#1471 = EDGE_LOOP ( 'NONE', ( #3395, #3290, #2540, #3198 ) ) ;
#1472 = CARTESIAN_POINT ( 'NONE',  ( 1.200000000000000622, 0.000000000000000000, -0.3500000000000000333 ) ) ;
#1473 = CARTESIAN_POINT ( 'NONE',  ( -1.250000000000000444, 0.2999999999999999889, 1.000000000000000000 ) ) ;
#1474 = LINE ( 'NONE', #2348, #1864 ) ;
#1475 = CARTESIAN_POINT ( 'NONE',  ( 0.4500000000000003997, 1.330776406404415413, -0.9460000000000000631 ) ) ;
#1476 = CARTESIAN_POINT ( 'NONE',  ( 1.150000000000000355, 0.000000000000000000, 1.000000000000000000 ) ) ;
#1477 = ORIENTED_EDGE ( 'NONE', *, *, #1468, .F. ) ;
#1478 = ORIENTED_EDGE ( 'NONE', *, *, #367, .T. ) ;
#1479 = FACE_OUTER_BOUND ( 'NONE', #1716, .T. ) ;
#1480 = LINE ( 'NONE', #2674, #1924 ) ;
#1481 = FACE_OUTER_BOUND ( 'NONE', #1715, .T. ) ;
#1482 = DIRECTION ( 'NONE',  ( 0.000000000000000000, 0.000000000000000000, 1.000000000000000000 ) ) ;
#1483 = DIRECTION ( 'NONE',  ( 0.000000000000000000, -1.000000000000000000, 0.000000000000000000 ) ) ;
#1484 = LINE ( 'NONE', #2702, #3262 ) ;
#1485 = AXIS2_PLACEMENT_3D ( 'NONE', #2224, #1055, #780 ) ;
#1486 = DIRECTION ( 'NONE',  ( -1.000000000000000000, 0.000000000000000000, 0.000000000000000000 ) ) ;
#1487 = CARTESIAN_POINT ( 'NONE',  ( -1.150000000000000355, 0.000000000000000000, -1.000000000000000000 ) ) ;
#1488 = VECTOR ( 'NONE', #2288, 1000.000000000000000 ) ;
#1489 = ADVANCED_FACE ( 'NONE', ( #659 ), #1850, .T. ) ;
#1490 = VECTOR ( 'NONE', #2230, 1000.000000000000000 ) ;
#1491 = CARTESIAN_POINT ( 'NONE',  ( -1.250000000000000444, 0.2999999999999999889, -1.000000000000000000 ) ) ;
#1492 = FACE_OUTER_BOUND ( 'NONE', #2757, .T. ) ;
#1493 = CIRCLE ( 'NONE', #1927, 0.1750000000000000167 ) ;
#1494 = PLANE ( 'NONE',  #2103 ) ;
#1495 = DIRECTION ( 'NONE',  ( -0.000000000000000000, -1.000000000000000000, -0.000000000000000000 ) ) ;
#1496 = VERTEX_POINT ( 'NONE', #705 ) ;
#1497 = CARTESIAN_POINT ( 'NONE',  ( 1.250000000000000444, 0.000000000000000000, -1.000000000000000000 ) ) ;
#1498 = VERTEX_POINT ( 'NONE', #3054 ) ;
#1499 = ORIENTED_EDGE ( 'NONE', *, *, #1610, .F. ) ;
#1500 = PLANE ( 'NONE',  #3587 ) ;
#1501 = CARTESIAN_POINT ( 'NONE',  ( -0.4500000000000003997, 0.2999999999999999889, -0.9460000000000000631 ) ) ;
#1502 = PRESENTATION_LAYER_ASSIGNMENT (  '', '', ( #3170 ) ) ;
#1503 = DIRECTION ( 'NONE',  ( 0.000000000000000000, 0.000000000000000000, 1.000000000000000000 ) ) ;
#1504 = EDGE_CURVE ( 'NONE', #497, #2885, #1902, .T. ) ;
#1505 = DIRECTION ( 'NONE',  ( -1.000000000000000000, 0.000000000000000000, 0.000000000000000000 ) ) ;
#1506 = CARTESIAN_POINT ( 'NONE',  ( 1.200000000000000622, 0.2999999999999999334, -0.3500000000000000333 ) ) ;
#1507 = DIRECTION ( 'NONE',  ( 0.000000000000000000, 1.000000000000000000, -0.000000000000000000 ) ) ;
#1508 = LINE ( 'NONE', #1209, #3120 ) ;
#1509 = FACE_OUTER_BOUND ( 'NONE', #1749, .T. ) ;
#1510 = AXIS2_PLACEMENT_3D ( 'NONE', #1520, #866, #2058 ) ;
#1511 = EDGE_CURVE ( 'NONE', #3065, #484, #382, .T. ) ;
#1512 = LINE ( 'NONE', #2652, #251 ) ;
#1513 = ORIENTED_EDGE ( 'NONE', *, *, #1557, .F. ) ;
#1514 = CARTESIAN_POINT ( 'NONE',  ( 1.250000000000000444, 0.000000000000000000, 1.000000000000000000 ) ) ;
#1515 = ORIENTED_EDGE ( 'NONE', *, *, #1035, .F. ) ;
#1516 = CARTESIAN_POINT ( 'NONE',  ( -1.075000000000000400, 0.5500000000000000444, -0.8249999999999999556 ) ) ;
#1517 = EDGE_CURVE ( 'NONE', #3324, #857, #2803, .T. ) ;
#1518 = VECTOR ( 'NONE', #2614, 1000.000000000000000 ) ;
#1519 = EDGE_CURVE ( 'NONE', #366, #1533, #3623, .T. ) ;
#1520 = CARTESIAN_POINT ( 'NONE',  ( 1.250000000000000444, 0.000000000000000000, 1.000000000000000000 ) ) ;
#1521 = CARTESIAN_POINT ( 'NONE',  ( -1.083539794545363311, 0.000000000000000000, -0.9460000000000000631 ) ) ;
#1522 = DIRECTION ( 'NONE',  ( 0.000000000000000000, 0.000000000000000000, 1.000000000000000000 ) ) ;
#1523 =( NAMED_UNIT ( * ) SI_UNIT ( $, .STERADIAN. ) SOLID_ANGLE_UNIT ( ) );
#1524 = CARTESIAN_POINT ( 'NONE',  ( 1.075000000000000400, 1.330776406404415413, -1.000000000000000000 ) ) ;
#1525 = ORIENTED_EDGE ( 'NONE', *, *, #1517, .T. ) ;
#1526 = DIRECTION ( 'NONE',  ( 0.000000000000000000, 0.000000000000000000, -1.000000000000000000 ) ) ;
#1527 = DIRECTION ( 'NONE',  ( -0.000000000000000000, -1.000000000000000000, 0.000000000000000000 ) ) ;
#1528 = FACE_OUTER_BOUND ( 'NONE', #2365, .T. ) ;
#1529 = CLOSED_SHELL ( 'NONE', ( #2759, #3063, #2857, #990, #631, #3742, #2856, #861, #2517, #790, #979, #3676, #1160, #1957, #1319, #3332, #1796, #571, #1313, #187, #539, #485, #17, #1760, #850, #2934, #1965, #2020, #934, #370, #3021, #1861, #1266, #943, #2604, #3169, #2689, #3126 ) ) ;
#1530 = ORIENTED_EDGE ( 'NONE', *, *, #3522, .T. ) ;
#1531 = DIRECTION ( 'NONE',  ( 0.000000000000000000, -1.000000000000000000, 0.000000000000000000 ) ) ;
#1532 = DIRECTION ( 'NONE',  ( 0.000000000000000000, 0.000000000000000000, 1.000000000000000000 ) ) ;
#1533 = VERTEX_POINT ( 'NONE', #3673 ) ;
#1534 = CARTESIAN_POINT ( 'NONE',  ( -1.175000000000000488, 3.731293662370235076, -0.8249999999999999556 ) ) ;
#1535 = ORIENTED_EDGE ( 'NONE', *, *, #2777, .F. ) ;
#1536 = CARTESIAN_POINT ( 'NONE',  ( -1.200000000000000622, 0.000000000000000000, -0.8322949016875157424 ) ) ;
#1537 = DIRECTION ( 'NONE',  ( 0.000000000000000000, 0.000000000000000000, 1.000000000000000000 ) ) ;
#1538 = EDGE_CURVE ( 'NONE', #2212, #3301, #2471, .T. ) ;
#1539 = EDGE_LOOP ( 'NONE', ( #2481, #3219, #1513, #1911 ) ) ;
#1540 = VECTOR ( 'NONE', #2324, 1000.000000000000000 ) ;
#1541 = DIRECTION ( 'NONE',  ( -0.000000000000000000, 0.000000000000000000, 1.000000000000000000 ) ) ;
#1542 = EDGE_LOOP ( 'NONE', ( #2535, #1788, #1959, #743 ) ) ;
#1543 = CARTESIAN_POINT ( 'NONE',  ( -1.250000000000000444, 0.000000000000000000, -1.000000000000000000 ) ) ;
#1544 = ORIENTED_EDGE ( 'NONE', *, *, #586, .F. ) ;
#1545 = VECTOR ( 'NONE', #3501, 1000.000000000000000 ) ;
#1546 = FACE_OUTER_BOUND ( 'NONE', #2892, .T. ) ;
#1547 = AXIS2_PLACEMENT_3D ( 'NONE', #2610, #3694, #1671 ) ;
#1548 = CARTESIAN_POINT ( 'NONE',  ( 1.083539794545363311, 0.2999999999999999889, 0.9460000000000000631 ) ) ;
#1549 = ORIENTED_EDGE ( 'NONE', *, *, #601, .F. ) ;
#1550 = DIRECTION ( 'NONE',  ( 1.000000000000000000, 0.000000000000000000, 0.000000000000000000 ) ) ;
#1551 = ADVANCED_FACE ( 'NONE', ( #2171 ), #686, .F. ) ;
#1552 = ORIENTED_EDGE ( 'NONE', *, *, #711, .T. ) ;
#1553 = COLOUR_RGB ( '',0.2509803921568627416, 0.2509803921568627416, 0.2509803921568627416 ) ;
#1554 = CARTESIAN_POINT ( 'NONE',  ( -1.083539794545363311, 1.330776406404415413, -0.9460000000000000631 ) ) ;
#1555 = ORIENTED_EDGE ( 'NONE', *, *, #3328, .F. ) ;
#1556 = DIRECTION ( 'NONE',  ( 1.000000000000000000, 0.000000000000000000, 0.000000000000000000 ) ) ;
#1557 = EDGE_CURVE ( 'NONE', #956, #3662, #2436, .T. ) ;
#1558 = AXIS2_PLACEMENT_3D ( 'NONE', #609, #3620, #2149 ) ;
#1559 = CARTESIAN_POINT ( 'NONE',  ( -1.200000000000000622, 0.000000000000000000, 0.8322949016875157424 ) ) ;
#1560 = ORIENTED_EDGE ( 'NONE', *, *, #212, .F. ) ;
#1561 = DIRECTION ( 'NONE',  ( -0.000000000000000000, -1.000000000000000000, -0.000000000000000000 ) ) ;
#1562 = VECTOR ( 'NONE', #1587, 1000.000000000000000 ) ;
#1563 = EDGE_CURVE ( 'NONE', #859, #263, #2456, .T. ) ;
#1564 = VERTEX_POINT ( 'NONE', #2751 ) ;
#1565 = DIRECTION ( 'NONE',  ( 0.000000000000000000, 0.000000000000000000, 1.000000000000000000 ) ) ;
#1566 = ORIENTED_EDGE ( 'NONE', *, *, #212, .T. ) ;
#1567 = DIRECTION ( 'NONE',  ( -1.000000000000000000, -0.000000000000000000, -0.000000000000000000 ) ) ;
#1568 = ORIENTED_EDGE ( 'NONE', *, *, #3592, .T. ) ;
#1569 = VECTOR ( 'NONE', #2441, 1000.000000000000000 ) ;
#1570 = ORIENTED_EDGE ( 'NONE', *, *, #864, .T. ) ;
#1571 = EDGE_CURVE ( 'NONE', #3567, #3740, #734, .T. ) ;
#1572 = DIRECTION ( 'NONE',  ( 0.000000000000000000, 0.000000000000000000, -1.000000000000000000 ) ) ;
#1573 = PRESENTATION_STYLE_ASSIGNMENT (( #2136 ) ) ;
#1574 = CARTESIAN_POINT ( 'NONE',  ( 1.200000000000000622, 0.2999999999999999889, -0.8322949016875157424 ) ) ;
#1575 = ORIENTED_EDGE ( 'NONE', *, *, #2828, .T. ) ;
#1576 = LINE ( 'NONE', #1878, #1388 ) ;
#1577 = ORIENTED_EDGE ( 'NONE', *, *, #2491, .F. ) ;
#1578 = EDGE_CURVE ( 'NONE', #2453, #883, #656, .T. ) ;
#1579 = ORIENTED_EDGE ( 'NONE', *, *, #3070, .F. ) ;
#1580 = ADVANCED_FACE ( 'NONE', ( #1849 ), #926, .F. ) ;
#1581 = LINE ( 'NONE', #1897, #3504 ) ;
#1582 = EDGE_CURVE ( 'NONE', #1267, #2671, #635, .T. ) ;
#1583 = LINE ( 'NONE', #3668, #359 ) ;
#1584 = CIRCLE ( 'NONE', #1847, 0.1000000000000000472 ) ;
#1585 = CARTESIAN_POINT ( 'NONE',  ( 1.074999999999999067, 0.4000000000000000222, 0.8249999999999997335 ) ) ;
#1586 = ORIENTED_EDGE ( 'NONE', *, *, #132, .F. ) ;
#1587 = DIRECTION ( 'NONE',  ( 0.000000000000000000, -1.000000000000000000, 0.000000000000000000 ) ) ;
#1588 = VERTEX_POINT ( 'NONE', #1536 ) ;
#1589 = AXIS2_PLACEMENT_3D ( 'NONE', #2667, #3822, #100 ) ;
#1590 = DIRECTION ( 'NONE',  ( -1.000000000000000000, -0.000000000000000000, -0.000000000000000000 ) ) ;
#1591 = FACE_OUTER_BOUND ( 'NONE', #3137, .T. ) ;
#1592 = EDGE_LOOP ( 'NONE', ( #1003, #400, #2495, #3777 ) ) ;
#1593 = AXIS2_PLACEMENT_3D ( 'NONE', #911, #2101, #3210 ) ;
#1594 = CARTESIAN_POINT ( 'NONE',  ( 1.074999999999999289, 0.5366025403784440151, -0.9249999999999998224 ) ) ;
#1595 = DIRECTION ( 'NONE',  ( 0.000000000000000000, 0.000000000000000000, -1.000000000000000000 ) ) ;
#1596 = ORIENTED_EDGE ( 'NONE', *, *, #1467, .F. ) ;
#1597 =( GEOMETRIC_REPRESENTATION_CONTEXT ( 3 ) GLOBAL_UNCERTAINTY_ASSIGNED_CONTEXT ( ( #2635 ) ) GLOBAL_UNIT_ASSIGNED_CONTEXT ( ( #549, #1726, #1149 ) ) REPRESENTATION_CONTEXT ( 'NONE', 'WORKASPACE' ) );
#1598 = ORIENTED_EDGE ( 'NONE', *, *, #3681, .T. ) ;
#1599 = CARTESIAN_POINT ( 'NONE',  ( 1.224999999999999201, 3.731293662370235076, -0.8249999999999999556 ) ) ;
#1600 = ADVANCED_FACE ( 'NONE', ( #52 ), #360, .T. ) ;
#1601 = DIRECTION ( 'NONE',  ( 0.000000000000000000, -1.000000000000000000, 0.000000000000000000 ) ) ;
#1602 = DIRECTION ( 'NONE',  ( 0.000000000000000000, 0.000000000000000000, -1.000000000000000000 ) ) ;
#1603 = ORIENTED_EDGE ( 'NONE', *, *, #174, .T. ) ;
#1604 = CARTESIAN_POINT ( 'NONE',  ( -1.250000000000000444, 0.000000000000000000, -1.000000000000000000 ) ) ;
#1605 = VERTEX_POINT ( 'NONE', #1258 ) ;
#1606 = AXIS2_PLACEMENT_3D ( 'NONE', #8, #3483, #2067 ) ;
#1607 = DIRECTION ( 'NONE',  ( 1.819131161888430285E-16, 0.000000000000000000, 1.000000000000000000 ) ) ;
#1608 = SURFACE_STYLE_FILL_AREA ( #1922 ) ;
#1609 = DIRECTION ( 'NONE',  ( -1.000000000000000000, 0.000000000000000000, 0.000000000000000000 ) ) ;
#1610 = EDGE_CURVE ( 'NONE', #1883, #807, #1611, .T. ) ;
#1611 = CIRCLE ( 'NONE', #2793, 0.1000000000000000472 ) ;
#1612 = LINE ( 'NONE', #3370, #2489 ) ;
#1613 = ORIENTED_EDGE ( 'NONE', *, *, #3284, .F. ) ;
#1614 = AXIS2_PLACEMENT_3D ( 'NONE', #2621, #547, #2938 ) ;
#1615 = CARTESIAN_POINT ( 'NONE',  ( 1.250000000000000444, 1.330776406404415413, 1.000000000000000000 ) ) ;
#1616 = FILL_AREA_STYLE ('',( #3518 ) ) ;
#1617 = DIRECTION ( 'NONE',  ( 0.000000000000000000, 0.000000000000000000, 1.000000000000000000 ) ) ;
#1618 = ORIENTED_EDGE ( 'NONE', *, *, #2424, .T. ) ;
#1619 = DIRECTION ( 'NONE',  ( -0.000000000000000000, 1.000000000000000000, -0.000000000000000000 ) ) ;
#1620 = ORIENTED_EDGE ( 'NONE', *, *, #1676, .T. ) ;
#1621 = VECTOR ( 'NONE', #3083, 1000.000000000000000 ) ;
#1622 = LINE ( 'NONE', #3725, #3109 ) ;
#1623 = CARTESIAN_POINT ( 'NONE',  ( 1.200000000000000622, 0.000000000000000000, -0.3500000000000000333 ) ) ;
#1624 = ORIENTED_EDGE ( 'NONE', *, *, #3637, .T. ) ;
#1625 = AXIS2_PLACEMENT_3D ( 'NONE', #1615, #1228, #153 ) ;
#1626 = LINE ( 'NONE', #2792, #2613 ) ;
#1627 = ORIENTED_EDGE ( 'NONE', *, *, #941, .F. ) ;
#1628 = VECTOR ( 'NONE', #854, 1000.000000000000000 ) ;
#1629 = ADVANCED_FACE ( 'NONE', ( #1981 ), #1631, .T. ) ;
#1630 = EDGE_LOOP ( 'NONE', ( #1544, #1399, #2427, #1477 ) ) ;
#1631 = PLANE ( 'NONE',  #257 ) ;
#1632 = DIRECTION ( 'NONE',  ( -0.000000000000000000, -1.000000000000000000, -0.000000000000000000 ) ) ;
#1633 = AXIS2_PLACEMENT_3D ( 'NONE', #3133, #3150, #2875 ) ;
#1634 = CARTESIAN_POINT ( 'NONE',  ( 1.249999999999999556, 0.4000000000000000222, -1.000000000000000000 ) ) ;
#1635 = ADVANCED_FACE ( 'NONE', ( #498 ), #518, .T. ) ;
#1636 = DIRECTION ( 'NONE',  ( 0.000000000000000000, 0.000000000000000000, -1.000000000000000000 ) ) ;
#1637 = EDGE_CURVE ( 'NONE', #1284, #3544, #1112, .T. ) ;
#1638 = VERTEX_POINT ( 'NONE', #3733 ) ;
#1639 = VECTOR ( 'NONE', #3438, 1000.000000000000000 ) ;
#1640 = EDGE_CURVE ( 'NONE', #1039, #2455, #435, .T. ) ;
#1641 = CARTESIAN_POINT ( 'NONE',  ( 1.250000000000000444, 0.2999999999999999889, 1.000000000000000000 ) ) ;
#1642 = CARTESIAN_POINT ( 'NONE',  ( 1.074999999999999067, 0.4000000000000000222, 0.8249999999999997335 ) ) ;
#1643 = SURFACE_STYLE_USAGE ( .BOTH. , #335 ) ;
#1644 = DIRECTION ( 'NONE',  ( -0.000000000000000000, -1.000000000000000000, -0.000000000000000000 ) ) ;
#1645 = ORIENTED_EDGE ( 'NONE', *, *, #3343, .F. ) ;
#1646 = CYLINDRICAL_SURFACE ( 'NONE', #277, 0.1000000000000000472 ) ;
#1647 = ORIENTED_EDGE ( 'NONE', *, *, #197, .F. ) ;
#1648 = DIRECTION ( 'NONE',  ( -1.000000000000000000, -0.000000000000000000, -0.000000000000000000 ) ) ;
#1649 = CARTESIAN_POINT ( 'NONE',  ( 1.200000000000000622, 0.000000000000000000, 0.3500000000000000333 ) ) ;
#1650 = ORIENTED_EDGE ( 'NONE', *, *, #1060, .T. ) ;
#1651 = ORIENTED_EDGE ( 'NONE', *, *, #1877, .T. ) ;
#1652 = PLANE ( 'NONE',  #2937 ) ;
#1653 = DIRECTION ( 'NONE',  ( -1.819131161888430285E-16, 0.000000000000000000, -1.000000000000000000 ) ) ;
#1654 = ORIENTED_EDGE ( 'NONE', *, *, #3258, .F. ) ;
#1655 = VECTOR ( 'NONE', #2763, 1000.000000000000000 ) ;
#1656 = CARTESIAN_POINT ( 'NONE',  ( 1.150000000000000355, 0.000000000000000000, -1.000000000000000000 ) ) ;
#1657 = ORIENTED_EDGE ( 'NONE', *, *, #3215, .F. ) ;
#1658 = CARTESIAN_POINT ( 'NONE',  ( 1.174999999999999378, 0.4000000000000000222, 0.8249999999999997335 ) ) ;
#1659 = ADVANCED_FACE ( 'NONE', ( #1379 ), #1652, .T. ) ;
#1660 = DIRECTION ( 'NONE',  ( 0.000000000000000000, 0.000000000000000000, 1.000000000000000000 ) ) ;
#1661 = ORIENTED_EDGE ( 'NONE', *, *, #3499, .T. ) ;
#1662 = LINE ( 'NONE', #203, #1280 ) ;
#1663 = LINE ( 'NONE', #848, #1540 ) ;
#1664 = DIRECTION ( 'NONE',  ( -0.000000000000000000, -1.000000000000000000, -0.000000000000000000 ) ) ;
#1665 = ORIENTED_EDGE ( 'NONE', *, *, #2590, .T. ) ;
#1666 = DIRECTION ( 'NONE',  ( -1.000000000000000000, 0.000000000000000000, -0.000000000000000000 ) ) ;
#1667 = LINE ( 'NONE', #2547, #1291 ) ;
#1668 = ORIENTED_EDGE ( 'NONE', *, *, #369, .F. ) ;
#1669 = ORIENTED_EDGE ( 'NONE', *, *, #598, .F. ) ;
#1670 = DIRECTION ( 'NONE',  ( 0.000000000000000000, -1.000000000000000000, 0.000000000000000000 ) ) ;
#1671 = DIRECTION ( 'NONE',  ( 0.000000000000000000, 0.000000000000000000, 1.000000000000000000 ) ) ;
#1672 = ORIENTED_EDGE ( 'NONE', *, *, #1057, .T. ) ;
#1673 = APPLICATION_CONTEXT ( 'automotive_design' ) ;
#1674 = VECTOR ( 'NONE', #3633, 1000.000000000000000 ) ;
#1675 = CYLINDRICAL_SURFACE ( 'NONE', #695, 0.1750000000000000167 ) ;
#1676 = EDGE_CURVE ( 'NONE', #1989, #254, #3671, .T. ) ;
#1677 = DIRECTION ( 'NONE',  ( -1.000000000000000000, -0.000000000000000000, -0.000000000000000000 ) ) ;
#1678 = AXIS2_PLACEMENT_3D ( 'NONE', #3621, #1275, #3293 ) ;
#1679 = DIRECTION ( 'NONE',  ( 0.000000000000000000, -1.000000000000000000, 0.000000000000000000 ) ) ;
#1680 = ORIENTED_EDGE ( 'NONE', *, *, #3805, .F. ) ;
#1681 = DIRECTION ( 'NONE',  ( 0.000000000000000000, -0.000000000000000000, 1.000000000000000000 ) ) ;
#1682 = AXIS2_PLACEMENT_3D ( 'NONE', #1204, #2377, #3240 ) ;
#1683 = AXIS2_PLACEMENT_3D ( 'NONE', #2731, #2713, #294 ) ;
#1684 = EDGE_CURVE ( 'NONE', #3601, #1564, #721, .T. ) ;
#1685 = LINE ( 'NONE', #2646, #171 ) ;
#1686 = CARTESIAN_POINT ( 'NONE',  ( -1.200000000000000622, 0.2999999999999999889, 0.3500000000000000333 ) ) ;
#1687 = EDGE_CURVE ( 'NONE', #1588, #1006, #2679, .T. ) ;
#1688 = LINE ( 'NONE', #2861, #2663 ) ;
#1689 = ADVANCED_FACE ( 'NONE', ( #3751 ), #1697, .F. ) ;
#1690 = EDGE_CURVE ( 'NONE', #3601, #2799, #2267, .T. ) ;
#1691 = PLANE ( 'NONE',  #1798 ) ;
#1692 = ORIENTED_EDGE ( 'NONE', *, *, #2491, .T. ) ;
#1693 = ORIENTED_EDGE ( 'NONE', *, *, #1082, .F. ) ;
#1694 = COLOUR_RGB ( '',0.9686274509803921573, 0.8784313725490195957, 0.5999999999999999778 ) ;
#1695 = AXIS2_PLACEMENT_3D ( 'NONE', #12, #3231, #2976 ) ;
#1696 = EDGE_LOOP ( 'NONE', ( #428, #1654, #18, #2499 ) ) ;
#1697 = PLANE ( 'NONE',  #3157 ) ;
#1698 = CARTESIAN_POINT ( 'NONE',  ( -1.250000000000000444, 0.2999999999999999889, -0.8999999999999999112 ) ) ;
#1699 = ORIENTED_EDGE ( 'NONE', *, *, #3658, .F. ) ;
#1700 = CARTESIAN_POINT ( 'NONE',  ( 1.250000000000000444, 0.000000000000000000, -1.000000000000000000 ) ) ;
#1701 = EDGE_LOOP ( 'NONE', ( #2805, #1441, #1199, #3750 ) ) ;
#1702 = EDGE_CURVE ( 'NONE', #1144, #1012, #2001, .T. ) ;
#1703 = CARTESIAN_POINT ( 'NONE',  ( 1.249999999999999556, 0.4000000000000000222, -0.8999999999999999112 ) ) ;
#1704 = DIRECTION ( 'NONE',  ( -0.000000000000000000, -1.000000000000000000, -0.000000000000000000 ) ) ;
#1705 = ORIENTED_EDGE ( 'NONE', *, *, #1057, .F. ) ;
#1706 = FACE_OUTER_BOUND ( 'NONE', #3698, .T. ) ;
#1707 = VECTOR ( 'NONE', #3345, 1000.000000000000000 ) ;
#1708 = CARTESIAN_POINT ( 'NONE',  ( -1.075000000000000400, 0.4499999999999999001, 0.8249999999999999556 ) ) ;
#1709 = VERTEX_POINT ( 'NONE', #2887 ) ;
#1710 = FACE_OUTER_BOUND ( 'NONE', #3269, .T. ) ;
#1711 = ADVANCED_FACE ( 'NONE', ( #1921 ), #2910, .T. ) ;
#1712 = AXIS2_PLACEMENT_3D ( 'NONE', #1774, #3757, #3830 ) ;
#1713 = DIRECTION ( 'NONE',  ( 1.000000000000000000, 0.000000000000000000, -0.000000000000000000 ) ) ;
#1714 = ORIENTED_EDGE ( 'NONE', *, *, #2882, .T. ) ;
#1715 = EDGE_LOOP ( 'NONE', ( #2795, #971, #1874, #144 ) ) ;
#1716 = EDGE_LOOP ( 'NONE', ( #3709, #3060, #946, #1028 ) ) ;
#1717 = CARTESIAN_POINT ( 'NONE',  ( -1.250000000000000444, 0.2999999999999999889, -0.8999999999999999112 ) ) ;
#1718 = DIRECTION ( 'NONE',  ( 0.000000000000000000, 0.000000000000000000, 1.000000000000000000 ) ) ;
#1719 = VERTEX_POINT ( 'NONE', #764 ) ;
#1720 = DIRECTION ( 'NONE',  ( 0.000000000000000000, 0.000000000000000000, -1.000000000000000000 ) ) ;
#1721 = VERTEX_POINT ( 'NONE', #3158 ) ;
#1722 = LINE ( 'NONE', #323, #2630 ) ;
#1723 = VERTEX_POINT ( 'NONE', #3178 ) ;
#1724 = FACE_OUTER_BOUND ( 'NONE', #408, .T. ) ;
#1725 = VERTEX_POINT ( 'NONE', #1040 ) ;
#1726 =( NAMED_UNIT ( * ) PLANE_ANGLE_UNIT ( ) SI_UNIT ( $, .RADIAN. ) );
#1727 = PLANE ( 'NONE',  #823 ) ;
#1728 = DIRECTION ( 'NONE',  ( -1.819131161888430038E-16, 0.000000000000000000, 1.000000000000000000 ) ) ;
#1729 = AXIS2_PLACEMENT_3D ( 'NONE', #374, #1881, #79 ) ;
#1730 = DIRECTION ( 'NONE',  ( 1.000000000000000000, 0.000000000000000000, -0.000000000000000000 ) ) ;
#1731 = CARTESIAN_POINT ( 'NONE',  ( -1.250000000000000444, 0.2999999999999999334, -0.8249999999999999556 ) ) ;
#1732 = ORIENTED_EDGE ( 'NONE', *, *, #2494, .T. ) ;
#1733 = ORIENTED_EDGE ( 'NONE', *, *, #987, .F. ) ;
#1734 = ORIENTED_EDGE ( 'NONE', *, *, #3319, .T. ) ;
#1735 = EDGE_CURVE ( 'NONE', #1498, #1891, #1316, .T. ) ;
#1736 = DIRECTION ( 'NONE',  ( 0.000000000000000000, -1.000000000000000000, 0.000000000000000000 ) ) ;
#1737 = DIRECTION ( 'NONE',  ( 0.000000000000000000, -1.000000000000000000, 0.000000000000000000 ) ) ;
#1738 = ORIENTED_EDGE ( 'NONE', *, *, #1845, .T. ) ;
#1739 = DIRECTION ( 'NONE',  ( 1.819131161888430038E-16, 0.000000000000000000, -1.000000000000000000 ) ) ;
#1740 = EDGE_CURVE ( 'NONE', #3301, #3073, #3645, .T. ) ;
#1741 = DIRECTION ( 'NONE',  ( 1.000000000000000000, 0.000000000000000000, 0.000000000000000000 ) ) ;
#1742 = PLANE ( 'NONE',  #2167 ) ;
#1743 = AXIS2_PLACEMENT_3D ( 'NONE', #881, #3218, #1753 ) ;
#1744 = LINE ( 'NONE', #529, #2251 ) ;
#1745 = VERTEX_POINT ( 'NONE', #3411 ) ;
#1746 = AXIS2_PLACEMENT_3D ( 'NONE', #2095, #3001, #2982 ) ;
#1747 = EDGE_CURVE ( 'NONE', #3567, #2879, #2228, .T. ) ;
#1748 = CARTESIAN_POINT ( 'NONE',  ( -1.200000000000000622, 0.2999999999999999889, -0.3500000000000000333 ) ) ;
#1749 = EDGE_LOOP ( 'NONE', ( #278, #3257, #2487, #1831 ) ) ;
#1750 = CARTESIAN_POINT ( 'NONE',  ( -1.200000000000000622, 0.2999999999999999889, -0.8322949016875157424 ) ) ;
#1751 = CARTESIAN_POINT ( 'NONE',  ( -1.150000000000000355, 0.2999999999999999889, 1.000000000000000000 ) ) ;
#1752 = DIRECTION ( 'NONE',  ( 0.000000000000000000, 0.000000000000000000, -1.000000000000000000 ) ) ;
#1753 = DIRECTION ( 'NONE',  ( 0.000000000000000000, 0.000000000000000000, -1.000000000000000000 ) ) ;
#1754 = EDGE_CURVE ( 'NONE', #710, #1588, #1474, .T. ) ;
#1755 = CIRCLE ( 'NONE', #377, 0.04999999999999991257 ) ;
#1756 = CARTESIAN_POINT ( 'NONE',  ( 1.249999999999999556, 0.000000000000000000, -0.8999999999999999112 ) ) ;
#1757 = DIRECTION ( 'NONE',  ( 0.000000000000000000, 0.000000000000000000, -1.000000000000000000 ) ) ;
#1758 = DIRECTION ( 'NONE',  ( 0.000000000000000000, -0.000000000000000000, -1.000000000000000000 ) ) ;
#1759 = EDGE_CURVE ( 'NONE', #142, #1844, #2358, .T. ) ;
#1760 = ADVANCED_FACE ( 'NONE', ( #844 ), #3524, .T. ) ;
#1761 = DIRECTION ( 'NONE',  ( 0.000000000000000000, 0.000000000000000000, -1.000000000000000000 ) ) ;
#1762 = COLOUR_RGB ( '',0.9686274509803921573, 0.8784313725490195957, 0.5999999999999999778 ) ;
#1763 = ADVANCED_FACE ( 'NONE', ( #1196 ), #1494, .T. ) ;
#1764 = CARTESIAN_POINT ( 'NONE',  ( 1.250000000000000444, 0.000000000000000000, 1.000000000000000000 ) ) ;
#1765 = ORIENTED_EDGE ( 'NONE', *, *, #3378, .T. ) ;
#1766 = VECTOR ( 'NONE', #2340, 1000.000000000000000 ) ;
#1767 = PLANE ( 'NONE',  #2508 ) ;
#1768 = FILL_AREA_STYLE ('',( #2685 ) ) ;
#1769 = VERTEX_POINT ( 'NONE', #2609 ) ;
#1770 = LINE ( 'NONE', #288, #1934 ) ;
#1771 = CARTESIAN_POINT ( 'NONE',  ( -1.225000000000000311, 3.731293662370235076, 0.8249999999999999556 ) ) ;
#1772 = CARTESIAN_POINT ( 'NONE',  ( 1.083539794545363311, 0.000000000000000000, -0.9460000000000000631 ) ) ;
#1773 = ORIENTED_EDGE ( 'NONE', *, *, #3287, .F. ) ;
#1774 = CARTESIAN_POINT ( 'NONE',  ( -0.4500000000000003997, 0.2999999999999999889, -0.9460000000000000631 ) ) ;
#1775 = EDGE_CURVE ( 'NONE', #2247, #3371, #2548, .T. ) ;
#1776 = LINE ( 'NONE', #1219, #2988 ) ;
#1777 = CARTESIAN_POINT ( 'NONE',  ( -0.4500000000000002887, 0.000000000000000000, -0.3500000000000000333 ) ) ;
#1778 = ADVANCED_FACE ( 'NONE', ( #880 ), #2071, .T. ) ;
#1779 = DIRECTION ( 'NONE',  ( 0.000000000000000000, 0.000000000000000000, 1.000000000000000000 ) ) ;
#1780 = CLOSED_SHELL ( 'NONE', ( #696, #2081, #35, #1152, #1489, #211, #3061, #2086, #1659, #2417, #1348 ) ) ;
#1781 = LINE ( 'NONE', #1114, #3216 ) ;
#1782 = ORIENTED_EDGE ( 'NONE', *, *, #2800, .F. ) ;
#1783 = DIRECTION ( 'NONE',  ( -1.000000000000000000, 0.000000000000000000, 0.000000000000000000 ) ) ;
#1784 = CARTESIAN_POINT ( 'NONE',  ( -1.075000000000000400, 0.000000000000000000, -1.000000000000000000 ) ) ;
#1785 = AXIS2_PLACEMENT_3D ( 'NONE', #228, #1033, #2243 ) ;
#1786 = CARTESIAN_POINT ( 'NONE',  ( -1.125000000000000444, 0.4499999999999999001, -0.8249999999999999556 ) ) ;
#1787 = FACE_OUTER_BOUND ( 'NONE', #430, .T. ) ;
#1788 = ORIENTED_EDGE ( 'NONE', *, *, #3356, .F. ) ;
#1789 = DIRECTION ( 'NONE',  ( 0.000000000000000000, 0.000000000000000000, 1.000000000000000000 ) ) ;
#1790 = ORIENTED_EDGE ( 'NONE', *, *, #885, .F. ) ;
#1791 = ORIENTED_EDGE ( 'NONE', *, *, #1747, .F. ) ;
#1792 = DIRECTION ( 'NONE',  ( 0.000000000000000000, 0.000000000000000000, -1.000000000000000000 ) ) ;
#1793 = CARTESIAN_POINT ( 'NONE',  ( 0.4500000000000003997, 0.2999999999999999889, -0.9460000000000000631 ) ) ;
#1794 = DIRECTION ( 'NONE',  ( 0.000000000000000000, 0.000000000000000000, -1.000000000000000000 ) ) ;
#1795 = DIRECTION ( 'NONE',  ( -1.000000000000000000, 0.000000000000000000, 0.000000000000000000 ) ) ;
#1796 = ADVANCED_FACE ( 'NONE', ( #1161 ), #2090, .F. ) ;
#1797 = CARTESIAN_POINT ( 'NONE',  ( -1.200000000000000622, 0.2999999999999999889, -0.8322949016875157424 ) ) ;
#1798 = AXIS2_PLACEMENT_3D ( 'NONE', #1748, #1170, #1730 ) ;
#1799 = DIRECTION ( 'NONE',  ( -1.000000000000000000, 0.000000000000000000, 0.000000000000000000 ) ) ;
#1800 = LINE ( 'NONE', #1487, #1252 ) ;
#1801 = EDGE_LOOP ( 'NONE', ( #2834, #3539, #2906, #1423 ) ) ;
#1802 = ORIENTED_EDGE ( 'NONE', *, *, #242, .F. ) ;
#1803 = EDGE_CURVE ( 'NONE', #3371, #1883, #3774, .T. ) ;
#1804 = VECTOR ( 'NONE', #3512, 1000.000000000000000 ) ;
#1805 = ADVANCED_FACE ( 'NONE', ( #3487 ), #258, .T. ) ;
#1806 = UNCERTAINTY_MEASURE_WITH_UNIT (LENGTH_MEASURE( 1.000000000000000082E-05 ), #3350, 'distance_accuracy_value', 'NONE');
#1807 = DIRECTION ( 'NONE',  ( -0.000000000000000000, 1.000000000000000000, 0.000000000000000000 ) ) ;
#1808 = VERTEX_POINT ( 'NONE', #2636 ) ;
#1809 = LINE ( 'NONE', #3543, #2055 ) ;
#1810 = ORIENTED_EDGE ( 'NONE', *, *, #3636, .T. ) ;
#1811 = DIRECTION ( 'NONE',  ( 1.000000000000000000, 0.000000000000000000, 0.000000000000000000 ) ) ;
#1812 = CARTESIAN_POINT ( 'NONE',  ( -1.083539794545363311, 0.2999999999999999334, -0.9460000000000000631 ) ) ;
#1813 = CARTESIAN_POINT ( 'NONE',  ( 1.200000000000000622, 1.330776406404415413, 0.3500000000000000333 ) ) ;
#1814 = VECTOR ( 'NONE', #929, 1000.000000000000000 ) ;
#1815 = CARTESIAN_POINT ( 'NONE',  ( -1.250000000000000444, 0.2999999999999999889, -1.000000000000000000 ) ) ;
#1816 = VECTOR ( 'NONE', #3008, 1000.000000000000000 ) ;
#1817 = LINE ( 'NONE', #662, #1132 ) ;
#1818 = EDGE_LOOP ( 'NONE', ( #1367, #777, #3310, #2170 ) ) ;
#1819 = FACE_OUTER_BOUND ( 'NONE', #1592, .T. ) ;
#1820 = DIRECTION ( 'NONE',  ( -1.819131161888430285E-16, 0.000000000000000000, -1.000000000000000000 ) ) ;
#1821 = VECTOR ( 'NONE', #1644, 1000.000000000000000 ) ;
#1822 = ORIENTED_EDGE ( 'NONE', *, *, #3527, .T. ) ;
#1823 = DIRECTION ( 'NONE',  ( 0.000000000000000000, -1.000000000000000000, 0.000000000000000000 ) ) ;
#1824 = VECTOR ( 'NONE', #2497, 1000.000000000000000 ) ;
#1825 = EDGE_CURVE ( 'NONE', #263, #1461, #3794, .T. ) ;
#1826 = VECTOR ( 'NONE', #2349, 1000.000000000000000 ) ;
#1827 = EDGE_CURVE ( 'NONE', #1983, #2746, #3217, .T. ) ;
#1828 = CARTESIAN_POINT ( 'NONE',  ( -1.075000000000000400, 0.6000000000000000888, -0.8749999999999998890 ) ) ;
#1829 = EDGE_LOOP ( 'NONE', ( #3689, #3026, #3791, #1661 ) ) ;
#1830 = DIRECTION ( 'NONE',  ( 1.000000000000000000, 0.000000000000000000, -0.000000000000000000 ) ) ;
#1831 = ORIENTED_EDGE ( 'NONE', *, *, #2041, .F. ) ;
#1832 = LINE ( 'NONE', #343, #2113 ) ;
#1833 = DIRECTION ( 'NONE',  ( -1.000000000000000000, 0.000000000000000000, -0.000000000000000000 ) ) ;
#1834 = PLANE ( 'NONE',  #1746 ) ;
#1835 = DIRECTION ( 'NONE',  ( -0.000000000000000000, -1.000000000000000000, -0.000000000000000000 ) ) ;
#1836 = DIRECTION ( 'NONE',  ( 0.000000000000000000, 0.000000000000000000, 1.000000000000000000 ) ) ;
#1837 = ORIENTED_EDGE ( 'NONE', *, *, #3196, .T. ) ;
#1838 = FACE_OUTER_BOUND ( 'NONE', #1049, .T. ) ;
#1839 = CIRCLE ( 'NONE', #159, 0.1000000000000001582 ) ;
#1840 = VERTEX_POINT ( 'NONE', #2651 ) ;
#1841 = DIRECTION ( 'NONE',  ( 1.819131161888430285E-16, 0.000000000000000000, 1.000000000000000000 ) ) ;
#1842 = DIRECTION ( 'NONE',  ( -0.000000000000000000, -0.000000000000000000, -1.000000000000000000 ) ) ;
#1843 = EDGE_LOOP ( 'NONE', ( #1665, #745, #1782, #1438 ) ) ;
#1844 = VERTEX_POINT ( 'NONE', #1548 ) ;
#1845 = EDGE_CURVE ( 'NONE', #1181, #2885, #918, .T. ) ;
#1846 = CARTESIAN_POINT ( 'NONE',  ( 1.224999999999999201, 0.4499999999999999001, -0.8249999999999999556 ) ) ;
#1847 = AXIS2_PLACEMENT_3D ( 'NONE', #2222, #3192, #207 ) ;
#1848 = VERTEX_POINT ( 'NONE', #338 ) ;
#1849 = FACE_OUTER_BOUND ( 'NONE', #507, .T. ) ;
#1850 = PLANE ( 'NONE',  #424 ) ;
#1851 = CARTESIAN_POINT ( 'NONE',  ( -1.200000000000000622, 0.2999999999999999334, 0.8322949016875157424 ) ) ;
#1852 = VERTEX_POINT ( 'NONE', #45 ) ;
#1853 = PRESENTATION_LAYER_ASSIGNMENT (  '', '', ( #2282 ) ) ;
#1854 = EDGE_CURVE ( 'NONE', #642, #3387, #3363, .T. ) ;
#1855 = CARTESIAN_POINT ( 'NONE',  ( -1.250000000000000444, 1.330776406404415413, -1.000000000000000000 ) ) ;
#1856 = ORIENTED_EDGE ( 'NONE', *, *, #2590, .F. ) ;
#1857 = DIRECTION ( 'NONE',  ( 1.000000000000000000, 0.000000000000000000, 0.000000000000000000 ) ) ;
#1858 = ORIENTED_EDGE ( 'NONE', *, *, #321, .T. ) ;
#1859 = VECTOR ( 'NONE', #1898, 1000.000000000000000 ) ;
#1860 = DIRECTION ( 'NONE',  ( 0.000000000000000000, 0.000000000000000000, 1.000000000000000000 ) ) ;
#1861 = ADVANCED_FACE ( 'NONE', ( #1863 ), #944, .F. ) ;
#1862 = CIRCLE ( 'NONE', #2421, 0.1000000000000000472 ) ;
#1863 = FACE_OUTER_BOUND ( 'NONE', #3376, .T. ) ;
#1864 = VECTOR ( 'NONE', #829, 1000.000000000000000 ) ;
#1865 = LINE ( 'NONE', #3634, #1707 ) ;
#1866 = ORIENTED_EDGE ( 'NONE', *, *, #2973, .F. ) ;
#1867 = VERTEX_POINT ( 'NONE', #322 ) ;
#1868 = CIRCLE ( 'NONE', #3647, 0.04999999999999991257 ) ;
#1869 = DIRECTION ( 'NONE',  ( -1.000000000000000000, 0.000000000000000000, 8.673617379884035472E-17 ) ) ;
#1870 = EDGE_LOOP ( 'NONE', ( #3364, #95, #2665, #232 ) ) ;
#1871 =( NAMED_UNIT ( * ) SI_UNIT ( $, .STERADIAN. ) SOLID_ANGLE_UNIT ( ) );
#1872 = DIRECTION ( 'NONE',  ( -0.000000000000000000, -1.000000000000000000, -0.000000000000000000 ) ) ;
#1873 = CARTESIAN_POINT ( 'NONE',  ( 1.200000000000000622, 1.330776406404415413, 0.8322949016875157424 ) ) ;
#1874 = ORIENTED_EDGE ( 'NONE', *, *, #2546, .T. ) ;
#1875 = ADVANCED_FACE ( 'NONE', ( #3322 ), #1360, .T. ) ;
#1876 = EDGE_CURVE ( 'NONE', #2671, #626, #647, .T. ) ;
#1877 = EDGE_CURVE ( 'NONE', #713, #2564, #683, .T. ) ;
#1878 = CARTESIAN_POINT ( 'NONE',  ( 0.4500000000000003997, 0.2999999999999999889, 0.9460000000000000631 ) ) ;
#1879 = VERTEX_POINT ( 'NONE', #392 ) ;
#1880 = EDGE_CURVE ( 'NONE', #1006, #2846, #1583, .T. ) ;
#1881 = DIRECTION ( 'NONE',  ( 0.000000000000000000, 0.000000000000000000, 1.000000000000000000 ) ) ;
#1882 = VECTOR ( 'NONE', #588, 1000.000000000000000 ) ;
#1883 = VERTEX_POINT ( 'NONE', #3381 ) ;
#1884 = DIRECTION ( 'NONE',  ( 1.000000000000000000, 0.000000000000000000, 0.000000000000000000 ) ) ;
#1885 = ORIENTED_EDGE ( 'NONE', *, *, #3756, .T. ) ;
#1886 = CIRCLE ( 'NONE', #3360, 0.1750000000000000167 ) ;
#1887 = CIRCLE ( 'NONE', #2890, 0.1750000000000000167 ) ;
#1888 =( NAMED_UNIT ( * ) PLANE_ANGLE_UNIT ( ) SI_UNIT ( $, .RADIAN. ) );
#1889 = CARTESIAN_POINT ( 'NONE',  ( 1.074999999999999289, 3.731293662370235076, -0.9749999999999998668 ) ) ;
#1890 = LINE ( 'NONE', #1851, #1814 ) ;
#1891 = VERTEX_POINT ( 'NONE', #1017 ) ;
#1892 = AXIS2_PLACEMENT_3D ( 'NONE', #2273, #2189, #1320 ) ;
#1893 = FACE_OUTER_BOUND ( 'NONE', #2526, .T. ) ;
#1894 = EDGE_LOOP ( 'NONE', ( #1478, #3398, #3118, #2722 ) ) ;
#1895 = EDGE_CURVE ( 'NONE', #3740, #3249, #1667, .T. ) ;
#1896 = EDGE_LOOP ( 'NONE', ( #1059, #892, #2085, #801 ) ) ;
#1897 = CARTESIAN_POINT ( 'NONE',  ( 1.200000000000000622, 0.000000000000000000, -0.8322949016875157424 ) ) ;
#1898 = DIRECTION ( 'NONE',  ( 1.819131161888430285E-16, -0.000000000000000000, -1.000000000000000000 ) ) ;
#1899 = DIRECTION ( 'NONE',  ( 0.000000000000000000, -1.000000000000000000, 0.000000000000000000 ) ) ;
#1900 = ORIENTED_EDGE ( 'NONE', *, *, #3455, .F. ) ;
#1901 = ORIENTED_EDGE ( 'NONE', *, *, #2585, .F. ) ;
#1902 = LINE ( 'NONE', #1634, #2617 ) ;
#1903 = ORIENTED_EDGE ( 'NONE', *, *, #1754, .T. ) ;
#1904 = VECTOR ( 'NONE', #1264, 1000.000000000000000 ) ;
#1905 = CARTESIAN_POINT ( 'NONE',  ( 1.150000000000000355, 0.2999999999999999889, 1.000000000000000000 ) ) ;
#1906 = CARTESIAN_POINT ( 'NONE',  ( 1.200000000000000622, 0.000000000000000000, 0.8322949016875157424 ) ) ;
#1907 = VERTEX_POINT ( 'NONE', #3462 ) ;
#1908 = DIRECTION ( 'NONE',  ( 0.000000000000000000, 1.000000000000000000, -0.000000000000000000 ) ) ;
#1909 = STYLED_ITEM ( 'NONE', ( #931 ), #3506 ) ;
#1910 = EDGE_CURVE ( 'NONE', #476, #1412, #179, .T. ) ;
#1911 = ORIENTED_EDGE ( 'NONE', *, *, #618, .T. ) ;
#1912 = CARTESIAN_POINT ( 'NONE',  ( -1.075000000000000400, 0.6000000000000000888, 0.9250000000000000444 ) ) ;
#1913 = CARTESIAN_POINT ( 'NONE',  ( 1.075000000000000400, 0.000000000000000000, 1.000000000000000000 ) ) ;
#1914 = EDGE_CURVE ( 'NONE', #1979, #3379, #3154, .T. ) ;
#1915 = ORIENTED_EDGE ( 'NONE', *, *, #3517, .F. ) ;
#1916 = CARTESIAN_POINT ( 'NONE',  ( -1.075000000000000400, 0.4000000000000000222, 0.9250000000000000444 ) ) ;
#1917 = EDGE_LOOP ( 'NONE', ( #1714, #3101, #766, #3199 ) ) ;
#1918 = EDGE_CURVE ( 'NONE', #455, #3704, #2524, .T. ) ;
#1919 = ORIENTED_EDGE ( 'NONE', *, *, #913, .T. ) ;
#1920 = AXIS2_PLACEMENT_3D ( 'NONE', #2229, #3489, #1119 ) ;
#1921 = FACE_OUTER_BOUND ( 'NONE', #1630, .T. ) ;
#1922 = FILL_AREA_STYLE ('',( #722 ) ) ;
#1923 = CARTESIAN_POINT ( 'NONE',  ( 1.200000000000000622, 0.000000000000000000, 0.8322949016875157424 ) ) ;
#1924 = VECTOR ( 'NONE', #1184, 1000.000000000000000 ) ;
#1925 = VECTOR ( 'NONE', #91, 1000.000000000000000 ) ;
#1926 = DIRECTION ( 'NONE',  ( 0.000000000000000000, 0.000000000000000000, -1.000000000000000000 ) ) ;
#1927 = AXIS2_PLACEMENT_3D ( 'NONE', #2984, #2, #2045 ) ;
#1928 = CARTESIAN_POINT ( 'NONE',  ( 1.250000000000000444, 1.330776406404415413, 0.8999999999999999112 ) ) ;
#1929 = CARTESIAN_POINT ( 'NONE',  ( 0.4500000000000003997, 0.000000000000000000, 0.9460000000000000631 ) ) ;
#1930 = CARTESIAN_POINT ( 'NONE',  ( -1.250000000000000444, 0.2999999999999999889, 1.000000000000000000 ) ) ;
#1931 = EDGE_LOOP ( 'NONE', ( #1903, #3758, #2246, #1575 ) ) ;
#1932 = FACE_OUTER_BOUND ( 'NONE', #1192, .T. ) ;
#1933 = CIRCLE ( 'NONE', #560, 0.1000000000000000472 ) ;
#1934 = VECTOR ( 'NONE', #3821, 1000.000000000000000 ) ;
#1935 = LINE ( 'NONE', #1392, #3755 ) ;
#1936 = AXIS2_PLACEMENT_3D ( 'NONE', #2640, #637, #1164 ) ;
#1937 = LINE ( 'NONE', #1078, #2355 ) ;
#1938 = VERTEX_POINT ( 'NONE', #1913 ) ;
#1939 = ORIENTED_EDGE ( 'NONE', *, *, #2191, .T. ) ;
#1940 = VERTEX_POINT ( 'NONE', #3117 ) ;
#1941 = EDGE_CURVE ( 'NONE', #3073, #883, #2839, .T. ) ;
#1942 = CARTESIAN_POINT ( 'NONE',  ( -1.200000000000000622, 0.2999999999999999889, 0.8322949016875157424 ) ) ;
#1943 = CARTESIAN_POINT ( 'NONE',  ( 1.200000000000000622, 0.2999999999999999889, 0.8322949016875157424 ) ) ;
#1944 = CIRCLE ( 'NONE', #3055, 0.05000000000000002359 ) ;
#1945 = ORIENTED_EDGE ( 'NONE', *, *, #2797, .F. ) ;
#1946 = FACE_OUTER_BOUND ( 'NONE', #166, .T. ) ;
#1947 = VERTEX_POINT ( 'NONE', #1958 ) ;
#1948 = VECTOR ( 'NONE', #3703, 1000.000000000000000 ) ;
#1949 = CARTESIAN_POINT ( 'NONE',  ( 1.083539794545363311, 0.000000000000000000, 0.9460000000000000631 ) ) ;
#1950 = FACE_OUTER_BOUND ( 'NONE', #762, .T. ) ;
#1951 = VERTEX_POINT ( 'NONE', #2586 ) ;
#1952 = PLANE ( 'NONE',  #2470 ) ;
#1953 = PRODUCT_DEFINITION_FORMATION_WITH_SPECIFIED_SOURCE ( 'ANY', '', #2473, .NOT_KNOWN. ) ;
#1954 = EDGE_LOOP ( 'NONE', ( #3582, #3160, #1705, #61 ) ) ;
#1955 = DIRECTION ( 'NONE',  ( -0.000000000000000000, -1.000000000000000000, -0.000000000000000000 ) ) ;
#1956 = DIRECTION ( 'NONE',  ( 1.000000000000000000, 0.000000000000000000, -0.000000000000000000 ) ) ;
#1957 = ADVANCED_FACE ( 'NONE', ( #3747 ), #3139, .F. ) ;
#1958 = CARTESIAN_POINT ( 'NONE',  ( 0.4500000000000002887, 0.2999999999999999889, 0.3500000000000000333 ) ) ;
#1959 = ORIENTED_EDGE ( 'NONE', *, *, #558, .F. ) ;
#1960 = ORIENTED_EDGE ( 'NONE', *, *, #3523, .T. ) ;
#1961 = EDGE_CURVE ( 'NONE', #213, #2281, #145, .T. ) ;
#1962 = CARTESIAN_POINT ( 'NONE',  ( -1.175000000000000488, 0.6000000000000000888, -0.8249999999999999556 ) ) ;
#1963 = DIRECTION ( 'NONE',  ( -1.000000000000000000, 0.000000000000000000, 0.000000000000000000 ) ) ;
#1964 = VERTEX_POINT ( 'NONE', #3688 ) ;
#1965 = ADVANCED_FACE ( 'NONE', ( #1374 ), #3097, .F. ) ;
#1966 = CIRCLE ( 'NONE', #3748, 0.1750000000000000167 ) ;
#1967 = CYLINDRICAL_SURFACE ( 'NONE', #1892, 0.1750000000000000167 ) ;
#1968 = DIRECTION ( 'NONE',  ( 0.000000000000000000, 0.000000000000000000, 1.000000000000000000 ) ) ;
#1969 = FACE_OUTER_BOUND ( 'NONE', #587, .T. ) ;
#1970 = ORIENTED_EDGE ( 'NONE', *, *, #1007, .T. ) ;
#1971 = FACE_OUTER_BOUND ( 'NONE', #397, .T. ) ;
#1972 = EDGE_CURVE ( 'NONE', #3065, #2074, #2862, .T. ) ;
#1973 = AXIS2_PLACEMENT_3D ( 'NONE', #3500, #1207, #2342 ) ;
#1974 = DIRECTION ( 'NONE',  ( -1.000000000000000000, 0.000000000000000000, 0.000000000000000000 ) ) ;
#1975 = LINE ( 'NONE', #2280, #327 ) ;
#1976 = ORIENTED_EDGE ( 'NONE', *, *, #655, .F. ) ;
#1977 = CARTESIAN_POINT ( 'NONE',  ( 1.150000000000000355, 0.2999999999999999334, 1.000000000000000000 ) ) ;
#1978 = CARTESIAN_POINT ( 'NONE',  ( -1.175000000000000488, 0.4000000000000000222, 0.8249999999999999556 ) ) ;
#1979 = VERTEX_POINT ( 'NONE', #1978 ) ;
#1980 = ORIENTED_EDGE ( 'NONE', *, *, #2424, .F. ) ;
#1981 = FACE_OUTER_BOUND ( 'NONE', #3763, .T. ) ;
#1982 = CARTESIAN_POINT ( 'NONE',  ( -0.4500000000000002887, 0.2999999999999999889, 0.3500000000000000333 ) ) ;
#1983 = VERTEX_POINT ( 'NONE', #717 ) ;
#1984 = AXIS2_PLACEMENT_3D ( 'NONE', #2021, #1736, #1440 ) ;
#1985 = LINE ( 'NONE', #129, #3646 ) ;
#1986 = AXIS2_PLACEMENT_3D ( 'NONE', #3813, #585, #3233 ) ;
#1987 = CARTESIAN_POINT ( 'NONE',  ( -1.075000000000000400, 0.5500000000000000444, 0.8249999999999999556 ) ) ;
#1988 = LINE ( 'NONE', #3016, #744 ) ;
#1989 = VERTEX_POINT ( 'NONE', #1036 ) ;
#1990 = EDGE_CURVE ( 'NONE', #1605, #484, #3403, .T. ) ;
#1991 = CARTESIAN_POINT ( 'NONE',  ( -1.200000000000000622, 0.000000000000000000, 0.8322949016875157424 ) ) ;
#1992 = AXIS2_PLACEMENT_3D ( 'NONE', #480, #3697, #2556 ) ;
#1993 = EDGE_CURVE ( 'NONE', #548, #1110, #1626, .T. ) ;
#1994 = EDGE_CURVE ( 'NONE', #1025, #626, #3153, .T. ) ;
#1995 = CARTESIAN_POINT ( 'NONE',  ( -0.4500000000000002887, 0.2999999999999999889, -0.3500000000000000333 ) ) ;
#1996 = CARTESIAN_POINT ( 'NONE',  ( -1.200000000000000622, 0.2999999999999999889, 0.8322949016875157424 ) ) ;
#1997 = CARTESIAN_POINT ( 'NONE',  ( 1.074999999999999067, 0.6000000000000000888, 0.9249999999999997113 ) ) ;
#1998 = CARTESIAN_POINT ( 'NONE',  ( 1.074999999999999289, 0.4000000000000000222, -0.9249999999999998224 ) ) ;
#1999 = ORIENTED_EDGE ( 'NONE', *, *, #242, .T. ) ;
#2000 = EDGE_LOOP ( 'NONE', ( #610, #851, #453, #2468, #763, #1837, #1290, #1045 ) ) ;
#2001 = LINE ( 'NONE', #3122, #1238 ) ;
#2002 = DIRECTION ( 'NONE',  ( 1.000000000000000000, 0.000000000000000000, 1.008560160451632098E-16 ) ) ;
#2003 = ORIENTED_EDGE ( 'NONE', *, *, #3522, .F. ) ;
#2004 = FACE_OUTER_BOUND ( 'NONE', #1894, .T. ) ;
#2005 = EDGE_LOOP ( 'NONE', ( #191, #3385, #481, #11 ) ) ;
#2006 = LINE ( 'NONE', #2254, #2472 ) ;
#2007 = CARTESIAN_POINT ( 'NONE',  ( 1.250000000000000444, 0.000000000000000000, -1.000000000000000000 ) ) ;
#2008 = CARTESIAN_POINT ( 'NONE',  ( -1.175000000000000488, 0.5500000000000000444, -0.8249999999999999556 ) ) ;
#2009 = ORIENTED_EDGE ( 'NONE', *, *, #169, .F. ) ;
#2010 = LINE ( 'NONE', #2027, #735 ) ;
#2011 = VECTOR ( 'NONE', #469, 1000.000000000000000 ) ;
#2012 = EDGE_CURVE ( 'NONE', #3431, #1907, #1937, .T. ) ;
#2013 = CARTESIAN_POINT ( 'NONE',  ( 1.074999999999999289, 0.5366025403784437930, -0.9249999999999998224 ) ) ;
#2014 = DIRECTION ( 'NONE',  ( 1.000000000000000000, -0.000000000000000000, 0.000000000000000000 ) ) ;
#2015 = ADVANCED_FACE ( 'NONE', ( #189 ), #2884, .T. ) ;
#2016 = LINE ( 'NONE', #1997, #3443 ) ;
#2017 = CARTESIAN_POINT ( 'NONE',  ( -1.150000000000000355, 0.2999999999999999889, -1.000000000000000000 ) ) ;
#2018 = ORIENTED_EDGE ( 'NONE', *, *, #3076, .T. ) ;
#2019 = VERTEX_POINT ( 'NONE', #3729 ) ;
#2020 = ADVANCED_FACE ( 'NONE', ( #494 ), #1691, .F. ) ;
#2021 = CARTESIAN_POINT ( 'NONE',  ( 1.250000000000000444, 1.330776406404415413, -1.000000000000000000 ) ) ;
#2022 = DIRECTION ( 'NONE',  ( -0.000000000000000000, -1.000000000000000000, -0.000000000000000000 ) ) ;
#2023 = ORIENTED_EDGE ( 'NONE', *, *, #266, .T. ) ;
#2024 = LINE ( 'NONE', #1162, #1518 ) ;
#2025 = DIRECTION ( 'NONE',  ( -1.008560160451632221E-16, 0.000000000000000000, -1.000000000000000000 ) ) ;
#2026 = EDGE_CURVE ( 'NONE', #1408, #2681, #840, .T. ) ;
#2027 = CARTESIAN_POINT ( 'NONE',  ( 1.249999999999999556, 0.4000000000000000222, 0.9999999999999997780 ) ) ;
#2028 = LINE ( 'NONE', #3135, #3515 ) ;
#2029 = LINE ( 'NONE', #1188, #1766 ) ;
#2030 = CARTESIAN_POINT ( 'NONE',  ( -1.200000000000000622, 1.330776406404415413, 0.8322949016875157424 ) ) ;
#2031 = CIRCLE ( 'NONE', #712, 0.1750000000000000167 ) ;
#2032 = CARTESIAN_POINT ( 'NONE',  ( -0.4500000000000003997, 0.2999999999999999889, 0.9460000000000000631 ) ) ;
#2033 = SURFACE_STYLE_USAGE ( .BOTH. , #2704 ) ;
#2034 = DIRECTION ( 'NONE',  ( 0.000000000000000000, -1.000000000000000000, 0.000000000000000000 ) ) ;
#2035 = EDGE_CURVE ( 'NONE', #2564, #3082, #107, .T. ) ;
#2036 = AXIS2_PLACEMENT_3D ( 'NONE', #2940, #270, #835 ) ;
#2037 = ORIENTED_EDGE ( 'NONE', *, *, #3128, .T. ) ;
#2038 = EDGE_CURVE ( 'NONE', #3371, #2352, #1781, .T. ) ;
#2039 = CARTESIAN_POINT ( 'NONE',  ( 1.250000000000000444, 0.2999999999999999334, 1.000000000000000000 ) ) ;
#2040 = LINE ( 'NONE', #2368, #1232 ) ;
#2041 = EDGE_CURVE ( 'NONE', #495, #433, #302, .T. ) ;
#2042 = LINE ( 'NONE', #2351, #2387 ) ;
#2043 = DIRECTION ( 'NONE',  ( -1.000000000000000000, 0.000000000000000000, 0.000000000000000000 ) ) ;
#2044 = VECTOR ( 'NONE', #3174, 1000.000000000000000 ) ;
#2045 = DIRECTION ( 'NONE',  ( 0.000000000000000000, 0.000000000000000000, -1.000000000000000000 ) ) ;
#2046 = AXIS2_PLACEMENT_3D ( 'NONE', #2574, #519, #2250 ) ;
#2047 = DIRECTION ( 'NONE',  ( 0.000000000000000000, -1.000000000000000000, 0.000000000000000000 ) ) ;
#2048 = ORIENTED_EDGE ( 'NONE', *, *, #941, .T. ) ;
#2049 = CIRCLE ( 'NONE', #799, 0.1000000000000000472 ) ;
#2050 = CARTESIAN_POINT ( 'NONE',  ( 1.200000000000000622, 1.330776406404415413, -0.8322949016875157424 ) ) ;
#2051 = ORIENTED_EDGE ( 'NONE', *, *, #767, .T. ) ;
#2052 = LINE ( 'NONE', #1456, #583 ) ;
#2053 = AXIS2_PLACEMENT_3D ( 'NONE', #1122, #522, #1720 ) ;
#2054 = ORIENTED_EDGE ( 'NONE', *, *, #2620, .T. ) ;
#2055 = VECTOR ( 'NONE', #3474, 1000.000000000000000 ) ;
#2056 = DIRECTION ( 'NONE',  ( -0.000000000000000000, 1.000000000000000000, -0.000000000000000000 ) ) ;
#2057 = ORIENTED_EDGE ( 'NONE', *, *, #2134, .F. ) ;
#2058 = DIRECTION ( 'NONE',  ( 0.000000000000000000, 0.000000000000000000, 1.000000000000000000 ) ) ;
#2059 = CARTESIAN_POINT ( 'NONE',  ( -1.150000000000000355, 0.000000000000000000, -1.000000000000000000 ) ) ;
#2060 = CARTESIAN_POINT ( 'NONE',  ( 1.250000000000000444, 0.2999999999999999889, -1.000000000000000000 ) ) ;
#2061 = ORIENTED_EDGE ( 'NONE', *, *, #1105, .T. ) ;
#2062 = PRODUCT_CONTEXT ( 'NONE', #1673, 'mechanical' ) ;
#2063 = DIRECTION ( 'NONE',  ( 1.000000000000000000, 0.000000000000000000, 0.000000000000000000 ) ) ;
#2064 = ORIENTED_EDGE ( 'NONE', *, *, #1467, .T. ) ;
#2065 = AXIS2_PLACEMENT_3D ( 'NONE', #39, #2418, #77 ) ;
#2066 = DIRECTION ( 'NONE',  ( 0.000000000000000000, 0.000000000000000000, 1.000000000000000000 ) ) ;
#2067 = DIRECTION ( 'NONE',  ( 1.000000000000000000, 0.000000000000000000, 0.000000000000000000 ) ) ;
#2068 = LINE ( 'NONE', #3557, #653 ) ;
#2069 = EDGE_CURVE ( 'NONE', #2551, #1808, #2362, .T. ) ;
#2070 = PRODUCT_DEFINITION_CONTEXT ( 'detailed design', #1073, 'design' ) ;
#2071 = CYLINDRICAL_SURFACE ( 'NONE', #981, 0.1000000000000000472 ) ;
#2072 = VERTEX_POINT ( 'NONE', #3536 ) ;
#2073 = DIRECTION ( 'NONE',  ( 0.000000000000000000, -0.000000000000000000, 1.000000000000000000 ) ) ;
#2074 = VERTEX_POINT ( 'NONE', #2305 ) ;
#2075 = CARTESIAN_POINT ( 'NONE',  ( -0.4500000000000003997, 0.2999999999999999889, 0.9460000000000000631 ) ) ;
#2077 = EDGE_CURVE ( 'NONE', #2694, #1907, #2648, .T. ) ;
#2076 = CYLINDRICAL_SURFACE ( 'NONE', #326, 0.09999999999999982514 ) ;
#2078 = CARTESIAN_POINT ( 'NONE',  ( 1.250000000000000444, 1.330776406404415413, 1.000000000000000000 ) ) ;
#2079 = DIRECTION ( 'NONE',  ( 0.000000000000000000, 0.000000000000000000, -1.000000000000000000 ) ) ;
#2080 = ORIENTED_EDGE ( 'NONE', *, *, #1217, .F. ) ;
#2081 = ADVANCED_FACE ( 'NONE', ( #2684 ), #272, .T. ) ;
#2082 = VECTOR ( 'NONE', #2478, 1000.000000000000000 ) ;
#2083 = EDGE_CURVE ( 'NONE', #2019, #2772, #3244, .T. ) ;
#2084 = CARTESIAN_POINT ( 'NONE',  ( 1.200000000000000622, 0.2999999999999999889, 0.3500000000000000333 ) ) ;
#2085 = ORIENTED_EDGE ( 'NONE', *, *, #2314, .F. ) ;
#2086 = ADVANCED_FACE ( 'NONE', ( #2383 ), #2343, .T. ) ;
#2087 = PLANE ( 'NONE',  #3572 ) ;
#2088 = DIRECTION ( 'NONE',  ( -1.000000000000000000, 0.000000000000000000, 0.000000000000000000 ) ) ;
#2089 = ORIENTED_EDGE ( 'NONE', *, *, #1180, .T. ) ;
#2090 = PLANE ( 'NONE',  #852 ) ;
#2091 = DIRECTION ( 'NONE',  ( 0.000000000000000000, 1.000000000000000000, 0.000000000000000000 ) ) ;
#2092 = ORIENTED_EDGE ( 'NONE', *, *, #3558, .T. ) ;
#2093 = DIRECTION ( 'NONE',  ( 0.000000000000000000, -1.000000000000000000, 0.000000000000000000 ) ) ;
#2094 = EDGE_LOOP ( 'NONE', ( #89, #1253, #2583, #1620 ) ) ;
#2095 = CARTESIAN_POINT ( 'NONE',  ( 1.200000000000000622, 1.330776406404415413, 0.3500000000000000333 ) ) ;
#2096 = FACE_OUTER_BOUND ( 'NONE', #2350, .T. ) ;
#2097 = ORIENTED_EDGE ( 'NONE', *, *, #208, .T. ) ;
#2098 = DIRECTION ( 'NONE',  ( 0.000000000000000000, 0.000000000000000000, -1.000000000000000000 ) ) ;
#2099 = EDGE_CURVE ( 'NONE', #440, #1989, #3807, .T. ) ;
#2100 = ORIENTED_EDGE ( 'NONE', *, *, #2909, .T. ) ;
#2101 = DIRECTION ( 'NONE',  ( -0.000000000000000000, -1.000000000000000000, 0.000000000000000000 ) ) ;
#2102 = AXIS2_PLACEMENT_3D ( 'NONE', #3507, #1495, #1211 ) ;
#2103 = AXIS2_PLACEMENT_3D ( 'NONE', #3541, #3824, #862 ) ;
#2104 = EDGE_CURVE ( 'NONE', #1848, #1081, #3212, .T. ) ;
#2105 = CARTESIAN_POINT ( 'NONE',  ( -1.200000000000000622, 0.2999999999999999889, -0.3500000000000000333 ) ) ;
#2106 = VECTOR ( 'NONE', #804, 1000.000000000000000 ) ;
#2107 = ORIENTED_EDGE ( 'NONE', *, *, #2568, .F. ) ;
#2108 = AXIS2_PLACEMENT_3D ( 'NONE', #1873, #3056, #2769 ) ;
#2109 = FACE_OUTER_BOUND ( 'NONE', #2815, .T. ) ;
#2110 = PLANE ( 'NONE',  #1442 ) ;
#2111 = ORIENTED_EDGE ( 'NONE', *, *, #3636, .F. ) ;
#2112 = LINE ( 'NONE', #3018, #3106 ) ;
#2113 = VECTOR ( 'NONE', #380, 1000.000000000000000 ) ;
#2114 = ORIENTED_EDGE ( 'NONE', *, *, #128, .T. ) ;
#2115 = DIRECTION ( 'NONE',  ( 0.000000000000000000, 0.000000000000000000, -1.000000000000000000 ) ) ;
#2116 = CARTESIAN_POINT ( 'NONE',  ( 1.075000000000000400, 0.2999999999999999334, -1.000000000000000000 ) ) ;
#2117 = AXIS2_PLACEMENT_3D ( 'NONE', #2132, #3617, #1550 ) ;
#2118 = FACE_OUTER_BOUND ( 'NONE', #2932, .T. ) ;
#2119 = AXIS2_PLACEMENT_3D ( 'NONE', #1183, #2375, #2115 ) ;
#2120 = DIRECTION ( 'NONE',  ( 0.000000000000000000, 0.000000000000000000, 1.000000000000000000 ) ) ;
#2121 = STYLED_ITEM ( 'NONE', ( #2332 ), #1099 ) ;
#2122 = ORIENTED_EDGE ( 'NONE', *, *, #1684, .F. ) ;
#2123 = DIRECTION ( 'NONE',  ( 0.000000000000000000, -0.000000000000000000, -1.000000000000000000 ) ) ;
#2124 = DIRECTION ( 'NONE',  ( -1.000000000000000000, 0.000000000000000000, 0.000000000000000000 ) ) ;
#2125 = VECTOR ( 'NONE', #156, 1000.000000000000000 ) ;
#2126 = CARTESIAN_POINT ( 'NONE',  ( 0.4500000000000002887, 1.330776406404415413, -0.3500000000000000333 ) ) ;
#2127 = EDGE_CURVE ( 'NONE', #515, #548, #3004, .T. ) ;
#2128 = ORIENTED_EDGE ( 'NONE', *, *, #3092, .F. ) ;
#2129 = LINE ( 'NONE', #1330, #1154 ) ;
#2130 = AXIS2_PLACEMENT_3D ( 'NONE', #405, #1619, #490 ) ;
#2131 = ORIENTED_EDGE ( 'NONE', *, *, #1876, .T. ) ;
#2132 = CARTESIAN_POINT ( 'NONE',  ( 1.124999999999999334, 0.4499999999999999001, -0.8249999999999999556 ) ) ;
#2133 = ORIENTED_EDGE ( 'NONE', *, *, #2536, .F. ) ;
#2134 = EDGE_CURVE ( 'NONE', #31, #2289, #2943, .T. ) ;
#2135 = CARTESIAN_POINT ( 'NONE',  ( -1.175000000000000488, 3.731293662370235076, -0.8249999999999999556 ) ) ;
#2136 = SURFACE_STYLE_USAGE ( .BOTH. , #2512 ) ;
#2137 = DIRECTION ( 'NONE',  ( 0.000000000000000000, 0.000000000000000000, -1.000000000000000000 ) ) ;
#2138 = DIRECTION ( 'NONE',  ( 0.000000000000000000, 0.000000000000000000, -1.000000000000000000 ) ) ;
#2139 = EDGE_LOOP ( 'NONE', ( #1515, #78, #648, #2624 ) ) ;
#2140 = DIRECTION ( 'NONE',  ( -0.000000000000000000, 1.000000000000000000, 0.000000000000000000 ) ) ;
#2141 = ORIENTED_EDGE ( 'NONE', *, *, #3241, .F. ) ;
#2142 = CLOSED_SHELL ( 'NONE', ( #2676, #2328, #1805, #1763, #2655, #654, #2147, #2015, #2184, #2496, #2859 ) ) ;
#2143 = ORIENTED_EDGE ( 'NONE', *, *, #1880, .F. ) ;
#2144 = CYLINDRICAL_SURFACE ( 'NONE', #2321, 0.1000000000000000472 ) ;
#2145 = ORIENTED_EDGE ( 'NONE', *, *, #3193, .F. ) ;
#2146 = LINE ( 'NONE', #3325, #3537 ) ;
#2147 = ADVANCED_FACE ( 'NONE', ( #285 ), #2904, .T. ) ;
#2148 = ORIENTED_EDGE ( 'NONE', *, *, #1166, .T. ) ;
#2149 = DIRECTION ( 'NONE',  ( 0.000000000000000000, 0.000000000000000000, -1.000000000000000000 ) ) ;
#2150 = CIRCLE ( 'NONE', #1414, 0.1750000000000000167 ) ;
#2151 = VERTEX_POINT ( 'NONE', #2961 ) ;
#2152 = EDGE_CURVE ( 'NONE', #177, #3143, #3228, .T. ) ;
#2153 = EDGE_CURVE ( 'NONE', #1181, #742, #2605, .T. ) ;
#2154 = PRESENTATION_STYLE_ASSIGNMENT (( #704 ) ) ;
#2155 = CARTESIAN_POINT ( 'NONE',  ( -1.083539794545363311, 0.000000000000000000, -0.9460000000000000631 ) ) ;
#2156 = FACE_OUTER_BOUND ( 'NONE', #1243, .T. ) ;
#2157 = ORIENTED_EDGE ( 'NONE', *, *, #3284, .T. ) ;
#2158 = CARTESIAN_POINT ( 'NONE',  ( -1.250000000000000444, 0.000000000000000000, -1.000000000000000000 ) ) ;
#2159 = ORIENTED_EDGE ( 'NONE', *, *, #3149, .F. ) ;
#2160 = ORIENTED_EDGE ( 'NONE', *, *, #2330, .T. ) ;
#2161 = VECTOR ( 'NONE', #1841, 1000.000000000000000 ) ;
#2162 = DIRECTION ( 'NONE',  ( 0.000000000000000000, -1.000000000000000000, 0.000000000000000000 ) ) ;
#2163 = DIRECTION ( 'NONE',  ( 0.000000000000000000, 0.000000000000000000, -1.000000000000000000 ) ) ;
#2164 = AXIS2_PLACEMENT_3D ( 'NONE', #2869, #1095, #2573 ) ;
#2165 = ORIENTED_EDGE ( 'NONE', *, *, #80, .T. ) ;
#2166 = DIRECTION ( 'NONE',  ( 0.000000000000000000, 0.000000000000000000, 1.000000000000000000 ) ) ;
#2167 = AXIS2_PLACEMENT_3D ( 'NONE', #3203, #3566, #577 ) ;
#2168 = ORIENTED_EDGE ( 'NONE', *, *, #3357, .F. ) ;
#2169 = VECTOR ( 'NONE', #3022, 1000.000000000000000 ) ;
#2170 = ORIENTED_EDGE ( 'NONE', *, *, #3076, .F. ) ;
#2171 = FACE_OUTER_BOUND ( 'NONE', #1471, .T. ) ;
#2172 = ADVANCED_FACE ( 'NONE', ( #250 ), #1767, .F. ) ;
#2173 = DIRECTION ( 'NONE',  ( -0.000000000000000000, 1.000000000000000000, -0.000000000000000000 ) ) ;
#2174 = ORIENTED_EDGE ( 'NONE', *, *, #3592, .F. ) ;
#2175 = LINE ( 'NONE', #3358, #2639 ) ;
#2176 = ORIENTED_EDGE ( 'NONE', *, *, #3753, .F. ) ;
#2177 = PLANE ( 'NONE',  #407 ) ;
#2178 = VECTOR ( 'NONE', #1799, 1000.000000000000000 ) ;
#2179 = VECTOR ( 'NONE', #3520, 1000.000000000000000 ) ;
#2180 = EDGE_LOOP ( 'NONE', ( #1568, #449, #2999, #2557 ) ) ;
#2181 = CYLINDRICAL_SURFACE ( 'NONE', #2203, 0.1000000000000000472 ) ;
#2182 = ORIENTED_EDGE ( 'NONE', *, *, #2467, .F. ) ;
#2183 = DIRECTION ( 'NONE',  ( 1.000000000000000000, 0.000000000000000000, 0.000000000000000000 ) ) ;
#2184 = ADVANCED_FACE ( 'NONE', ( #108 ), #2422, .T. ) ;
#2185 = VECTOR ( 'NONE', #1779, 1000.000000000000000 ) ;
#2186 = ORIENTED_EDGE ( 'NONE', *, *, #2134, .T. ) ;
#2187 =( LENGTH_UNIT ( ) NAMED_UNIT ( * ) SI_UNIT ( .MILLI., .METRE. ) );
#2188 = CARTESIAN_POINT ( 'NONE',  ( 0.4500000000000002887, 0.000000000000000000, 0.3500000000000000333 ) ) ;
#2189 = DIRECTION ( 'NONE',  ( 0.000000000000000000, -1.000000000000000000, 0.000000000000000000 ) ) ;
#2190 = ORIENTED_EDGE ( 'NONE', *, *, #650, .T. ) ;
#2191 = EDGE_CURVE ( 'NONE', #3662, #252, #28, .T. ) ;
#2192 = CARTESIAN_POINT ( 'NONE',  ( 1.250000000000000444, 0.2999999999999999334, -0.8249999999999999556 ) ) ;
#2193 = FILL_AREA_STYLE ('',( #134 ) ) ;
#2194 = CARTESIAN_POINT ( 'NONE',  ( -1.075000000000000400, 3.731293662370235076, 0.9250000000000000444 ) ) ;
#2195 = ORIENTED_EDGE ( 'NONE', *, *, #3778, .T. ) ;
#2196 = EDGE_CURVE ( 'NONE', #414, #1461, #622, .T. ) ;
#2197 = LINE ( 'NONE', #3318, #1904 ) ;
#2198 = ADVANCED_FACE ( 'NONE', ( #1208 ), #3281, .F. ) ;
#2199 = EDGE_CURVE ( 'NONE', #742, #15, #2786, .T. ) ;
#2200 = ORIENTED_EDGE ( 'NONE', *, *, #1582, .T. ) ;
#2201 = FACE_OUTER_BOUND ( 'NONE', #1870, .T. ) ;
#2202 = DIRECTION ( 'NONE',  ( 0.000000000000000000, 0.000000000000000000, -1.000000000000000000 ) ) ;
#2203 = AXIS2_PLACEMENT_3D ( 'NONE', #1016, #666, #143 ) ;
#2204 = ORIENTED_EDGE ( 'NONE', *, *, #1459, .F. ) ;
#2205 = DIRECTION ( 'NONE',  ( -1.000000000000000000, 0.000000000000000000, -5.042800802258161104E-17 ) ) ;
#2206 = VERTEX_POINT ( 'NONE', #402 ) ;
#2207 = ORIENTED_EDGE ( 'NONE', *, *, #178, .T. ) ;
#2208 = DIRECTION ( 'NONE',  ( 0.000000000000000000, -1.000000000000000000, 0.000000000000000000 ) ) ;
#2209 =( NAMED_UNIT ( * ) PLANE_ANGLE_UNIT ( ) SI_UNIT ( $, .RADIAN. ) );
#2210 = DIRECTION ( 'NONE',  ( -0.000000000000000000, -1.000000000000000000, -0.000000000000000000 ) ) ;
#2211 = DIRECTION ( 'NONE',  ( -0.000000000000000000, 1.000000000000000000, -0.000000000000000000 ) ) ;
#2212 = VERTEX_POINT ( 'NONE', #2192 ) ;
#2213 = AXIS2_PLACEMENT_3D ( 'NONE', #2217, #3419, #754 ) ;
#2214 = CARTESIAN_POINT ( 'NONE',  ( 1.174999999999999378, 0.6000000000000000888, 0.8249999999999997335 ) ) ;
#2215 =( NAMED_UNIT ( * ) SI_UNIT ( $, .STERADIAN. ) SOLID_ANGLE_UNIT ( ) );
#2216 = ORIENTED_EDGE ( 'NONE', *, *, #815, .F. ) ;
#2217 = CARTESIAN_POINT ( 'NONE',  ( 1.174999999999999156, 3.731293662370235076, 0.8249999999999997335 ) ) ;
#2218 = VECTOR ( 'NONE', #3780, 1000.000000000000000 ) ;
#2219 = LINE ( 'NONE', #1686, #1639 ) ;
#2220 = ORIENTED_EDGE ( 'NONE', *, *, #2026, .F. ) ;
#2221 = EDGE_CURVE ( 'NONE', #1745, #2864, #3298, .T. ) ;
#2222 = CARTESIAN_POINT ( 'NONE',  ( -1.250000000000000444, 0.2999999999999999889, 1.000000000000000000 ) ) ;
#2223 = EDGE_CURVE ( 'NONE', #1412, #142, #3263, .T. ) ;
#2224 = CARTESIAN_POINT ( 'NONE',  ( 1.250000000000000444, 0.2999999999999999889, 1.000000000000000000 ) ) ;
#2225 = VERTEX_POINT ( 'NONE', #1594 ) ;
#2226 = ORIENTED_EDGE ( 'NONE', *, *, #2948, .T. ) ;
#2227 = MECHANICAL_DESIGN_GEOMETRIC_PRESENTATION_REPRESENTATION (  '', ( #1171 ), #984 ) ;
#2228 = LINE ( 'NONE', #746, #3529 ) ;
#2229 = CARTESIAN_POINT ( 'NONE',  ( 1.150000000000000355, 1.330776406404415413, 1.000000000000000000 ) ) ;
#2230 = DIRECTION ( 'NONE',  ( 0.000000000000000000, -1.000000000000000000, 0.000000000000000000 ) ) ;
#2231 = CIRCLE ( 'NONE', #2485, 0.1499999999999999667 ) ;
#2232 = CARTESIAN_POINT ( 'NONE',  ( -1.075000000000000400, 0.000000000000000000, 1.000000000000000000 ) ) ;
#2233 = ORIENTED_EDGE ( 'NONE', *, *, #2882, .F. ) ;
#2234 = AXIS2_PLACEMENT_3D ( 'NONE', #2658, #38, #399 ) ;
#2235 = FACE_OUTER_BOUND ( 'NONE', #1818, .T. ) ;
#2236 = DIRECTION ( 'NONE',  ( 0.000000000000000000, -0.000000000000000000, -1.000000000000000000 ) ) ;
#2237 = VERTEX_POINT ( 'NONE', #3110 ) ;
#2238 = VECTOR ( 'NONE', #2998, 1000.000000000000000 ) ;
#2239 = CARTESIAN_POINT ( 'NONE',  ( -1.250000000000000444, 0.000000000000000000, 0.8249999999999999556 ) ) ;
#2240 = ORIENTED_EDGE ( 'NONE', *, *, #3038, .F. ) ;
#2241 = VECTOR ( 'NONE', #1019, 1000.000000000000000 ) ;
#2242 = CARTESIAN_POINT ( 'NONE',  ( -1.075000000000000400, 0.4499999999999999001, 0.9750000000000000888 ) ) ;
#2243 = DIRECTION ( 'NONE',  ( -1.000000000000000000, 0.000000000000000000, -0.000000000000000000 ) ) ;
#2244 = EDGE_CURVE ( 'NONE', #718, #515, #3113, .T. ) ;
#2245 = DIRECTION ( 'NONE',  ( -0.000000000000000000, -0.000000000000000000, 1.000000000000000000 ) ) ;
#2246 = ORIENTED_EDGE ( 'NONE', *, *, #3478, .F. ) ;
#2247 = VERTEX_POINT ( 'NONE', #421 ) ;
#2248 = ORIENTED_EDGE ( 'NONE', *, *, #2558, .F. ) ;
#2249 = DIRECTION ( 'NONE',  ( -0.000000000000000000, 0.000000000000000000, 1.000000000000000000 ) ) ;
#2250 = DIRECTION ( 'NONE',  ( 0.000000000000000000, -0.000000000000000000, -1.000000000000000000 ) ) ;
#2251 = VECTOR ( 'NONE', #3316, 1000.000000000000000 ) ;
#2252 = ORIENTED_EDGE ( 'NONE', *, *, #657, .F. ) ;
#2253 = DIRECTION ( 'NONE',  ( 0.000000000000000000, -0.000000000000000000, 1.000000000000000000 ) ) ;
#2254 = CARTESIAN_POINT ( 'NONE',  ( 1.200000000000000622, 0.2999999999999999889, -0.3500000000000000333 ) ) ;
#2255 = FACE_OUTER_BOUND ( 'NONE', #2180, .T. ) ;
#2256 = FACE_OUTER_BOUND ( 'NONE', #2372, .T. ) ;
#2257 = ORIENTED_EDGE ( 'NONE', *, *, #2688, .T. ) ;
#2258 = DIRECTION ( 'NONE',  ( -0.000000000000000000, -0.000000000000000000, -1.000000000000000000 ) ) ;
#2259 = ADVANCED_FACE ( 'NONE', ( #42 ), #2310, .T. ) ;
#2260 = CARTESIAN_POINT ( 'NONE',  ( -1.200000000000000622, 0.000000000000000000, 0.8322949016875157424 ) ) ;
#2261 = ORIENTED_EDGE ( 'NONE', *, *, #1054, .F. ) ;
#2262 = LINE ( 'NONE', #2883, #3205 ) ;
#2263 = DIRECTION ( 'NONE',  ( 0.000000000000000000, 0.000000000000000000, 1.000000000000000000 ) ) ;
#2264 = ORIENTED_EDGE ( 'NONE', *, *, #373, .T. ) ;
#2265 = ORIENTED_EDGE ( 'NONE', *, *, #3728, .F. ) ;
#2266 = ORIENTED_EDGE ( 'NONE', *, *, #3608, .F. ) ;
#2267 = LINE ( 'NONE', #3447, #2106 ) ;
#2269 = ADVANCED_FACE ( 'NONE', ( #2719 ), #133, .T. ) ;
#2268 = CARTESIAN_POINT ( 'NONE',  ( 1.075000000000000400, 0.2999999999999999889, -1.000000000000000000 ) ) ;
#2270 = ORIENTED_EDGE ( 'NONE', *, *, #3239, .T. ) ;
#2271 = AXIS2_PLACEMENT_3D ( 'NONE', #3285, #304, #3266 ) ;
#2272 = EDGE_CURVE ( 'NONE', #1721, #233, #2695, .T. ) ;
#2273 = CARTESIAN_POINT ( 'NONE',  ( -1.250000000000000444, 1.330776406404415413, -1.000000000000000000 ) ) ;
#2274 = EDGE_CURVE ( 'NONE', #3073, #1283, #318, .T. ) ;
#2275 = DIRECTION ( 'NONE',  ( 0.000000000000000000, 0.000000000000000000, -1.000000000000000000 ) ) ;
#2276 = PLANE ( 'NONE',  #1248 ) ;
#2277 = ORIENTED_EDGE ( 'NONE', *, *, #1972, .F. ) ;
#2278 = AXIS2_PLACEMENT_3D ( 'NONE', #2989, #2327, #1190 ) ;
#2279 = DIRECTION ( 'NONE',  ( -0.000000000000000000, -1.000000000000000000, -0.000000000000000000 ) ) ;
#2280 = CARTESIAN_POINT ( 'NONE',  ( -1.250000000000000444, 0.000000000000000000, 0.8999999999999999112 ) ) ;
#2281 = VERTEX_POINT ( 'NONE', #894 ) ;
#2282 = STYLED_ITEM ( 'NONE', ( #1046 ), #3693 ) ;
#2283 = CARTESIAN_POINT ( 'NONE',  ( 1.150000000000000355, 1.330776406404415413, 1.000000000000000000 ) ) ;
#2284 = CARTESIAN_POINT ( 'NONE',  ( 0.4500000000000003997, 0.000000000000000000, -0.9460000000000000631 ) ) ;
#2285 = VERTEX_POINT ( 'NONE', #644 ) ;
#2286 = ORIENTED_EDGE ( 'NONE', *, *, #1775, .F. ) ;
#2287 = DIRECTION ( 'NONE',  ( -0.000000000000000000, -0.000000000000000000, -1.000000000000000000 ) ) ;
#2288 = DIRECTION ( 'NONE',  ( -1.819131161888430285E-16, -0.000000000000000000, 1.000000000000000000 ) ) ;
#2289 = VERTEX_POINT ( 'NONE', #1506 ) ;
#2290 = AXIS2_PLACEMENT_3D ( 'NONE', #3789, #514, #2974 ) ;
#2291 = CARTESIAN_POINT ( 'NONE',  ( -1.150000000000000355, 0.000000000000000000, 1.000000000000000000 ) ) ;
#2292 = ORIENTED_EDGE ( 'NONE', *, *, #268, .F. ) ;
#2293 = LINE ( 'NONE', #1949, #1221 ) ;
#2294 = ADVANCED_FACE ( 'NONE', ( #1838 ), #3677, .T. ) ;
#2295 = VECTOR ( 'NONE', #3640, 1000.000000000000000 ) ;
#2296 = DIRECTION ( 'NONE',  ( 0.000000000000000000, 0.000000000000000000, 1.000000000000000000 ) ) ;
#2297 = CARTESIAN_POINT ( 'NONE',  ( 1.083539794545363311, 0.2999999999999999889, 0.9460000000000000631 ) ) ;
#2298 = ORIENTED_EDGE ( 'NONE', *, *, #1993, .T. ) ;
#2299 = AXIS2_PLACEMENT_3D ( 'NONE', #3223, #562, #1761 ) ;
#2300 = CARTESIAN_POINT ( 'NONE',  ( -0.4500000000000003997, 0.2999999999999999334, 0.9460000000000000631 ) ) ;
#2301 = DIRECTION ( 'NONE',  ( 0.000000000000000000, -0.000000000000000000, 1.000000000000000000 ) ) ;
#2302 = ORIENTED_EDGE ( 'NONE', *, *, #815, .T. ) ;
#2303 = EDGE_CURVE ( 'NONE', #2509, #2380, #3555, .T. ) ;
#2304 = LINE ( 'NONE', #3138, #1274 ) ;
#2305 = CARTESIAN_POINT ( 'NONE',  ( 1.200000000000000622, 0.2999999999999999889, 0.8322949016875157424 ) ) ;
#2306 = VECTOR ( 'NONE', #1436, 1000.000000000000000 ) ;
#2307 = AXIS2_PLACEMENT_3D ( 'NONE', #24, #3783, #2398 ) ;
#2308 = ORIENTED_EDGE ( 'NONE', *, *, #1578, .T. ) ;
#2309 = EDGE_LOOP ( 'NONE', ( #157, #1350, #793, #3166 ) ) ;
#2310 = TOROIDAL_SURFACE ( 'NONE', #623, 0.04999999999999989869, 0.1000000000000000056 ) ;
#2311 = VERTEX_POINT ( 'NONE', #2990 ) ;
#2312 = DIRECTION ( 'NONE',  ( 0.000000000000000000, -1.000000000000000000, 0.000000000000000000 ) ) ;
#2313 = FACE_OUTER_BOUND ( 'NONE', #3691, .T. ) ;
#2314 = EDGE_CURVE ( 'NONE', #2385, #433, #3453, .T. ) ;
#2315 = ORIENTED_EDGE ( 'NONE', *, *, #1825, .F. ) ;
#2316 = LINE ( 'NONE', #2291, #1327 ) ;
#2317 = VECTOR ( 'NONE', #3552, 1000.000000000000000 ) ;
#2318 = DIRECTION ( 'NONE',  ( 1.000000000000000000, -0.000000000000000000, 0.000000000000000000 ) ) ;
#2319 = VECTOR ( 'NONE', #1677, 1000.000000000000000 ) ;
#2320 = CARTESIAN_POINT ( 'NONE',  ( 0.4500000000000003997, 0.2999999999999999334, 0.9460000000000000631 ) ) ;
#2321 = AXIS2_PLACEMENT_3D ( 'NONE', #2745, #1899, #393 ) ;
#2322 = ORIENTED_EDGE ( 'NONE', *, *, #2909, .F. ) ;
#2323 = EDGE_CURVE ( 'NONE', #1769, #2778, #2874, .T. ) ;
#2324 = DIRECTION ( 'NONE',  ( 1.000000000000000000, -0.000000000000000000, -0.000000000000000000 ) ) ;
#2325 = CARTESIAN_POINT ( 'NONE',  ( -0.4500000000000002887, 0.2999999999999999889, 0.3500000000000000333 ) ) ;
#2326 = VERTEX_POINT ( 'NONE', #2936 ) ;
#2327 = DIRECTION ( 'NONE',  ( 0.000000000000000000, -1.000000000000000000, 0.000000000000000000 ) ) ;
#2328 = ADVANCED_FACE ( 'NONE', ( #2235 ), #3131, .T. ) ;
#2329 = EDGE_CURVE ( 'NONE', #1719, #1359, #2822, .T. ) ;
#2330 = EDGE_CURVE ( 'NONE', #2907, #2992, #3291, .T. ) ;
#2331 = DIRECTION ( 'NONE',  ( 1.819131161888430285E-16, -0.000000000000000000, -1.000000000000000000 ) ) ;
#2332 = PRESENTATION_STYLE_ASSIGNMENT (( #2033 ) ) ;
#2333 = ORIENTED_EDGE ( 'NONE', *, *, #3020, .T. ) ;
#2334 = ORIENTED_EDGE ( 'NONE', *, *, #2221, .T. ) ;
#2335 = CARTESIAN_POINT ( 'NONE',  ( 0.4500000000000002887, 1.330776406404415413, 0.3500000000000000333 ) ) ;
#2336 = ORIENTED_EDGE ( 'NONE', *, *, #1880, .T. ) ;
#2337 = DIRECTION ( 'NONE',  ( 0.000000000000000000, 0.000000000000000000, -1.000000000000000000 ) ) ;
#2338 = CARTESIAN_POINT ( 'NONE',  ( -1.250000000000000444, 0.2999999999999999334, 0.8999999999999999112 ) ) ;
#2339 = ORIENTED_EDGE ( 'NONE', *, *, #1914, .F. ) ;
#2340 = DIRECTION ( 'NONE',  ( -0.000000000000000000, -1.000000000000000000, -0.000000000000000000 ) ) ;
#2341 = ORIENTED_EDGE ( 'NONE', *, *, #2077, .T. ) ;
#2342 = DIRECTION ( 'NONE',  ( 1.000000000000000000, 0.000000000000000000, -0.000000000000000000 ) ) ;
#2343 = CYLINDRICAL_SURFACE ( 'NONE', #2863, 0.1750000000000000167 ) ;
#2344 = DIRECTION ( 'NONE',  ( 1.000000000000000000, 0.000000000000000000, 5.042800802258160488E-17 ) ) ;
#2345 = DIRECTION ( 'NONE',  ( 0.000000000000000000, 0.000000000000000000, -1.000000000000000000 ) ) ;
#2346 = DIRECTION ( 'NONE',  ( -0.000000000000000000, -1.000000000000000000, -0.000000000000000000 ) ) ;
#2347 = VECTOR ( 'NONE', #3206, 1000.000000000000000 ) ;
#2348 = CARTESIAN_POINT ( 'NONE',  ( -1.200000000000000622, 0.000000000000000000, -0.8322949016875157424 ) ) ;
#2349 = DIRECTION ( 'NONE',  ( -0.000000000000000000, -1.000000000000000000, -0.000000000000000000 ) ) ;
#2350 = EDGE_LOOP ( 'NONE', ( #3245, #3032, #3828, #196 ) ) ;
#2351 = CARTESIAN_POINT ( 'NONE',  ( 1.083539794545363311, 1.330776406404415413, -0.9460000000000000631 ) ) ;
#2352 = VERTEX_POINT ( 'NONE', #2656 ) ;
#2353 = CARTESIAN_POINT ( 'NONE',  ( -1.150000000000000355, 1.330776406404415413, -1.000000000000000000 ) ) ;
#2354 = CARTESIAN_POINT ( 'NONE',  ( -1.083539794545363311, 0.2999999999999999889, 0.9460000000000000631 ) ) ;
#2355 = VECTOR ( 'NONE', #411, 1000.000000000000000 ) ;
#2356 = DIRECTION ( 'NONE',  ( 0.000000000000000000, -1.000000000000000000, 0.000000000000000000 ) ) ;
#2357 = PRESENTATION_LAYER_ASSIGNMENT (  '', '', ( #184 ) ) ;
#2358 = CIRCLE ( 'NONE', #1986, 0.1750000000000000167 ) ;
#2359 = DIRECTION ( 'NONE',  ( 0.000000000000000000, 0.000000000000000000, -1.000000000000000000 ) ) ;
#2360 = VECTOR ( 'NONE', #1068, 1000.000000000000000 ) ;
#2361 = ADVANCED_FACE ( 'NONE', ( #1479 ), #504, .T. ) ;
#2362 = LINE ( 'NONE', #2032, #2791 ) ;
#2363 = CARTESIAN_POINT ( 'NONE',  ( 1.124999999999999556, 0.5500000000000000444, 0.8249999999999997335 ) ) ;
#2364 = LINE ( 'NONE', #352, #2956 ) ;
#2365 = EDGE_LOOP ( 'NONE', ( #1980, #3649, #651, #2145 ) ) ;
#2366 = LINE ( 'NONE', #303, #2306 ) ;
#2367 = EDGE_CURVE ( 'NONE', #2992, #3704, #927, .T. ) ;
#2368 = CARTESIAN_POINT ( 'NONE',  ( -1.075000000000000400, 1.330776406404415413, -1.000000000000000000 ) ) ;
#2369 = ORIENTED_EDGE ( 'NONE', *, *, #2274, .T. ) ;
#2370 = PLANE ( 'NONE',  #1186 ) ;
#2371 = EDGE_CURVE ( 'NONE', #440, #718, #437, .T. ) ;
#2372 = EDGE_LOOP ( 'NONE', ( #2023, #1375, #677, #120, #537, #3308, #2594, #2391, #1765 ) ) ;
#2373 = VECTOR ( 'NONE', #2995, 1000.000000000000000 ) ;
#2374 = DIRECTION ( 'NONE',  ( 0.000000000000000000, -1.000000000000000000, 0.000000000000000000 ) ) ;
#2375 = DIRECTION ( 'NONE',  ( 0.000000000000000000, -1.000000000000000000, 0.000000000000000000 ) ) ;
#2376 = CARTESIAN_POINT ( 'NONE',  ( -1.075000000000000400, 0.5500000000000000444, 0.9250000000000000444 ) ) ;
#2377 = DIRECTION ( 'NONE',  ( 1.000000000000000000, 0.000000000000000000, 0.000000000000000000 ) ) ;
#2378 = LINE ( 'NONE', #225, #2317 ) ;
#2379 = VECTOR ( 'NONE', #2480, 1000.000000000000000 ) ;
#2380 = VERTEX_POINT ( 'NONE', #1812 ) ;
#2381 = CARTESIAN_POINT ( 'NONE',  ( -1.083539794545363311, 0.2999999999999999889, -0.9460000000000000631 ) ) ;
#2382 = ADVANCED_FACE ( 'NONE', ( #3834 ), #3549, .T. ) ;
#2383 = FACE_OUTER_BOUND ( 'NONE', #3422, .T. ) ;
#2384 = DIRECTION ( 'NONE',  ( 1.000000000000000000, 0.000000000000000000, 0.000000000000000000 ) ) ;
#2385 = VERTEX_POINT ( 'NONE', #3531 ) ;
#2386 = LINE ( 'NONE', #2946, #432 ) ;
#2387 = VECTOR ( 'NONE', #1182, 1000.000000000000000 ) ;
#2388 = DIRECTION ( 'NONE',  ( 0.000000000000000000, -1.000000000000000000, 0.000000000000000000 ) ) ;
#2389 = DIRECTION ( 'NONE',  ( 0.000000000000000000, 0.000000000000000000, 1.000000000000000000 ) ) ;
#2390 = LINE ( 'NONE', #2008, #3785 ) ;
#2391 = ORIENTED_EDGE ( 'NONE', *, *, #3564, .T. ) ;
#2392 = CARTESIAN_POINT ( 'NONE',  ( -1.200000000000000622, 0.000000000000000000, -0.8322949016875157424 ) ) ;
#2393 = ORIENTED_EDGE ( 'NONE', *, *, #3569, .T. ) ;
#2394 = EDGE_CURVE ( 'NONE', #2206, #1709, #3179, .T. ) ;
#2395 = FILL_AREA_STYLE ('',( #1202 ) ) ;
#2396 = CARTESIAN_POINT ( 'NONE',  ( -1.250000000000000444, 0.2999999999999999889, 1.000000000000000000 ) ) ;
#2397 = ADVANCED_FACE ( 'NONE', ( #886 ), #2076, .F. ) ;
#2398 = DIRECTION ( 'NONE',  ( 0.000000000000000000, 0.000000000000000000, 1.000000000000000000 ) ) ;
#2399 = LINE ( 'NONE', #1524, #3727 ) ;
#2400 = EDGE_LOOP ( 'NONE', ( #3408, #538, #2631, #1555 ) ) ;
#2401 = CARTESIAN_POINT ( 'NONE',  ( -1.083539794545363311, 0.000000000000000000, 0.9460000000000000631 ) ) ;
#2402 = DIRECTION ( 'NONE',  ( 0.000000000000000000, 0.000000000000000000, -1.000000000000000000 ) ) ;
#2403 = CARTESIAN_POINT ( 'NONE',  ( 1.083539794545363311, 0.000000000000000000, 0.9460000000000000631 ) ) ;
#2404 = DIRECTION ( 'NONE',  ( 0.000000000000000000, -1.000000000000000000, 0.000000000000000000 ) ) ;
#2405 = AXIS2_PLACEMENT_3D ( 'NONE', #3663, #1561, #1526 ) ;
#2406 = DIRECTION ( 'NONE',  ( 0.000000000000000000, 0.000000000000000000, -1.000000000000000000 ) ) ;
#2407 = ORIENTED_EDGE ( 'NONE', *, *, #1941, .F. ) ;
#2408 = MANIFOLD_SOLID_BREP ( 'Boss-Extrude3[2]', #344 ) ;
#2409 = DIRECTION ( 'NONE',  ( -0.000000000000000000, -0.000000000000000000, -1.000000000000000000 ) ) ;
#2410 = ORIENTED_EDGE ( 'NONE', *, *, #2083, .F. ) ;
#2411 = PRESENTATION_LAYER_ASSIGNMENT (  '', '', ( #1909 ) ) ;
#2412 = ORIENTED_EDGE ( 'NONE', *, *, #1747, .T. ) ;
#2413 = CARTESIAN_POINT ( 'NONE',  ( 1.150000000000000355, 0.000000000000000000, -1.000000000000000000 ) ) ;
#2414 = CARTESIAN_POINT ( 'NONE',  ( -1.075000000000000400, 0.5500000000000000444, 0.8750000000000000000 ) ) ;
#2415 = CARTESIAN_POINT ( 'NONE',  ( 0.4500000000000003997, 0.2999999999999999889, 0.9460000000000000631 ) ) ;
#2416 = DIRECTION ( 'NONE',  ( 0.000000000000000000, 0.000000000000000000, -1.000000000000000000 ) ) ;
#2417 = ADVANCED_FACE ( 'NONE', ( #3622 ), #22, .T. ) ;
#2418 = DIRECTION ( 'NONE',  ( -0.000000000000000000, -1.000000000000000000, 0.000000000000000000 ) ) ;
#2419 = VERTEX_POINT ( 'NONE', #2752 ) ;
#2420 = FACE_OUTER_BOUND ( 'NONE', #82, .T. ) ;
#2421 = AXIS2_PLACEMENT_3D ( 'NONE', #168, #1718, #805 ) ;
#2422 = PLANE ( 'NONE',  #822 ) ;
#2423 = CARTESIAN_POINT ( 'NONE',  ( -1.083539794545363311, 1.330776406404415413, 0.9460000000000000631 ) ) ;
#2424 = EDGE_CURVE ( 'NONE', #515, #1840, #3639, .T. ) ;
#2425 = AXIS2_PLACEMENT_3D ( 'NONE', #2078, #887, #3255 ) ;
#2426 = VECTOR ( 'NONE', #2287, 1000.000000000000000 ) ;
#2427 = ORIENTED_EDGE ( 'NONE', *, *, #2196, .F. ) ;
#2428 = CARTESIAN_POINT ( 'NONE',  ( -0.4500000000000003997, 0.2999999999999999334, -0.9460000000000000631 ) ) ;
#2429 = CARTESIAN_POINT ( 'NONE',  ( 1.074999999999999289, 0.4499999999999999001, -0.9749999999999998668 ) ) ;
#2430 = EDGE_LOOP ( 'NONE', ( #542, #1530, #2919, #1680 ) ) ;
#2431 = MANIFOLD_SOLID_BREP ( 'Boss-Extrude3[3]', #2142 ) ;
#2432 = CARTESIAN_POINT ( 'NONE',  ( -1.175000000000000488, 0.4000000000000000222, -0.8249999999999999556 ) ) ;
#2433 = VERTEX_POINT ( 'NONE', #2492 ) ;
#2434 = CARTESIAN_POINT ( 'NONE',  ( -1.250000000000000444, 0.000000000000000000, -0.8249999999999999556 ) ) ;
#2435 = CIRCLE ( 'NONE', #1056, 0.05000000000000002359 ) ;
#2436 = LINE ( 'NONE', #3312, #985 ) ;
#2437 = DIRECTION ( 'NONE',  ( 1.819131161888430038E-16, 0.000000000000000000, 1.000000000000000000 ) ) ;
#2438 = VECTOR ( 'NONE', #628, 1000.000000000000000 ) ;
#2439 = MANIFOLD_SOLID_BREP ( 'Boss-Extrude3[4]', #839 ) ;
#2440 = EDGE_LOOP ( 'NONE', ( #663, #3348, #190, #1773 ) ) ;
#2441 = DIRECTION ( 'NONE',  ( -0.000000000000000000, -1.000000000000000000, -0.000000000000000000 ) ) ;
#2442 = AXIS2_PLACEMENT_3D ( 'NONE', #2363, #3538, #2925 ) ;
#2443 = ORIENTED_EDGE ( 'NONE', *, *, #3781, .F. ) ;
#2444 = CIRCLE ( 'NONE', #2503, 0.1750000000000000167 ) ;
#2445 = ORIENTED_EDGE ( 'NONE', *, *, #2585, .T. ) ;
#2446 = EDGE_CURVE ( 'NONE', #1412, #1951, #73, .T. ) ;
#2447 = DIRECTION ( 'NONE',  ( 0.000000000000000000, 1.000000000000000000, -0.000000000000000000 ) ) ;
#2448 = EDGE_CURVE ( 'NONE', #440, #548, #1862, .T. ) ;
#2449 = CIRCLE ( 'NONE', #636, 0.1000000000000000472 ) ;
#2450 = ADVANCED_FACE ( 'NONE', ( #3123 ), #1380, .T. ) ;
#2451 = DIRECTION ( 'NONE',  ( -1.819131161888430285E-16, 0.000000000000000000, 1.000000000000000000 ) ) ;
#2452 = ORIENTED_EDGE ( 'NONE', *, *, #2104, .F. ) ;
#2453 = VERTEX_POINT ( 'NONE', #1096 ) ;
#2454 = DIRECTION ( 'NONE',  ( -0.000000000000000000, -1.000000000000000000, 0.000000000000000000 ) ) ;
#2455 = VERTEX_POINT ( 'NONE', #1698 ) ;
#2456 = LINE ( 'NONE', #3605, #1172 ) ;
#2457 =( NAMED_UNIT ( * ) SI_UNIT ( $, .STERADIAN. ) SOLID_ANGLE_UNIT ( ) );
#2458 = DIRECTION ( 'NONE',  ( -0.000000000000000000, -1.000000000000000000, -0.000000000000000000 ) ) ;
#2459 = LINE ( 'NONE', #3353, #2798 ) ;
#2460 = CARTESIAN_POINT ( 'NONE',  ( -1.075000000000000400, 0.4000000000000000222, 0.9250000000000000444 ) ) ;
#2461 = ORIENTED_EDGE ( 'NONE', *, *, #2394, .T. ) ;
#2462 = FACE_OUTER_BOUND ( 'NONE', #578, .T. ) ;
#2463 = DIRECTION ( 'NONE',  ( 0.000000000000000000, 0.000000000000000000, -1.000000000000000000 ) ) ;
#2464 = AXIS2_PLACEMENT_3D ( 'NONE', #1912, #427, #2744 ) ;
#2465 = ORIENTED_EDGE ( 'NONE', *, *, #2446, .F. ) ;
#2466 = DIRECTION ( 'NONE',  ( 0.000000000000000000, 0.000000000000000000, 1.000000000000000000 ) ) ;
#2467 = EDGE_CURVE ( 'NONE', #953, #645, #2870, .T. ) ;
#2468 = ORIENTED_EDGE ( 'NONE', *, *, #2446, .T. ) ;
#2469 = ORIENTED_EDGE ( 'NONE', *, *, #2272, .F. ) ;
#2470 = AXIS2_PLACEMENT_3D ( 'NONE', #137, #224, #2562 ) ;
#2471 = LINE ( 'NONE', #3351, #2295 ) ;
#2472 = VECTOR ( 'NONE', #3699, 1000.000000000000000 ) ;
#2473 = PRODUCT ( 'ECS-160-8-36B2-CKY-TR', 'ECS-160-8-36B2-CKY-TR', '', ( #2062 ) ) ;
#2474 = PLANE ( 'NONE',  #989 ) ;
#2475 = ORIENTED_EDGE ( 'NONE', *, *, #511, .T. ) ;
#2476 = DIRECTION ( 'NONE',  ( -0.000000000000000000, 1.000000000000000000, -0.000000000000000000 ) ) ;
#2477 = ORIENTED_EDGE ( 'NONE', *, *, #406, .T. ) ;
#2478 = DIRECTION ( 'NONE',  ( 1.000000000000000000, 0.000000000000000000, 0.000000000000000000 ) ) ;
#2479 = EDGE_CURVE ( 'NONE', #1867, #375, #236, .T. ) ;
#2480 = DIRECTION ( 'NONE',  ( 0.000000000000000000, -1.000000000000000000, 0.000000000000000000 ) ) ;
#2481 = ORIENTED_EDGE ( 'NONE', *, *, #2104, .T. ) ;
#2482 = AXIS2_PLACEMENT_3D ( 'NONE', #1091, #2504, #740 ) ;
#2483 = DIRECTION ( 'NONE',  ( 0.000000000000000000, 0.000000000000000000, 1.000000000000000000 ) ) ;
#2484 = ADVANCED_FACE ( 'NONE', ( #2313 ), #1421, .T. ) ;
#2485 = AXIS2_PLACEMENT_3D ( 'NONE', #3329, #2753, #2493 ) ;
#2486 = FACE_OUTER_BOUND ( 'NONE', #2632, .T. ) ;
#2487 = ORIENTED_EDGE ( 'NONE', *, *, #3682, .F. ) ;
#2488 = CARTESIAN_POINT ( 'NONE',  ( -1.125000000000000666, 0.5500000000000000444, -0.8249999999999999556 ) ) ;
#2489 = VECTOR ( 'NONE', #2804, 1000.000000000000000 ) ;
#2490 = VECTOR ( 'NONE', #1968, 1000.000000000000000 ) ;
#2491 = EDGE_CURVE ( 'NONE', #1638, #1329, #364, .T. ) ;
#2492 = CARTESIAN_POINT ( 'NONE',  ( -1.075000000000000400, 0.000000000000000000, 1.000000000000000000 ) ) ;
#2493 = DIRECTION ( 'NONE',  ( 0.000000000000000000, 0.000000000000000000, 1.000000000000000000 ) ) ;
#2494 = EDGE_CURVE ( 'NONE', #3800, #3134, #1064, .T. ) ;
#2495 = ORIENTED_EDGE ( 'NONE', *, *, #3558, .F. ) ;
#2496 = ADVANCED_FACE ( 'NONE', ( #3180 ), #193, .T. ) ;
#2497 = DIRECTION ( 'NONE',  ( -1.000000000000000000, -0.000000000000000000, -0.000000000000000000 ) ) ;
#2498 = CARTESIAN_POINT ( 'NONE',  ( 1.124999999999999556, 0.5500000000000000444, -0.8249999999999999556 ) ) ;
#2499 = ORIENTED_EDGE ( 'NONE', *, *, #174, .F. ) ;
#2500 = CARTESIAN_POINT ( 'NONE',  ( -1.083539794545363311, 0.000000000000000000, 0.9460000000000000631 ) ) ;
#2501 = ORIENTED_EDGE ( 'NONE', *, *, #806, .T. ) ;
#2502 = CARTESIAN_POINT ( 'NONE',  ( -1.075000000000000400, 0.2999999999999999889, 1.000000000000000000 ) ) ;
#2503 = AXIS2_PLACEMENT_3D ( 'NONE', #1930, #1679, #483 ) ;
#2504 = DIRECTION ( 'NONE',  ( 0.000000000000000000, 0.000000000000000000, -1.000000000000000000 ) ) ;
#2505 = CARTESIAN_POINT ( 'NONE',  ( -0.4500000000000003997, 0.000000000000000000, -0.9460000000000000631 ) ) ;
#2506 = VERTEX_POINT ( 'NONE', #2268 ) ;
#2507 = CARTESIAN_POINT ( 'NONE',  ( 1.074999999999999289, 0.4000000000000000222, -0.9749999999999998668 ) ) ;
#2508 = AXIS2_PLACEMENT_3D ( 'NONE', #2214, #3088, #1301 ) ;
#2509 = VERTEX_POINT ( 'NONE', #3734 ) ;
#2510 = VERTEX_POINT ( 'NONE', #2911 ) ;
#2511 = CARTESIAN_POINT ( 'NONE',  ( 1.250000000000000444, 0.2999999999999999334, -1.000000000000000000 ) ) ;
#2512 = SURFACE_SIDE_STYLE ('',( #1294 ) ) ;
#2513 = DIRECTION ( 'NONE',  ( -1.000000000000000000, 0.000000000000000000, -0.000000000000000000 ) ) ;
#2514 = ORIENTED_EDGE ( 'NONE', *, *, #2774, .F. ) ;
#2515 = ADVANCED_FACE ( 'NONE', ( #2592 ), #1041, .T. ) ;
#2517 = ADVANCED_FACE ( 'NONE', ( #830 ), #3159, .F. ) ;
#2516 = DIRECTION ( 'NONE',  ( -1.000000000000000000, 0.000000000000000000, 0.000000000000000000 ) ) ;
#2518 = DIRECTION ( 'NONE',  ( 1.000000000000000000, 0.000000000000000000, 0.000000000000000000 ) ) ;
#2519 = ORIENTED_EDGE ( 'NONE', *, *, #1961, .F. ) ;
#2520 = CARTESIAN_POINT ( 'NONE',  ( -1.075000000000000400, 0.6000000000000000888, 0.8249999999999999556 ) ) ;
#2521 = ORIENTED_EDGE ( 'NONE', *, *, #3564, .F. ) ;
#2522 = CARTESIAN_POINT ( 'NONE',  ( -1.250000000000000444, 0.2999999999999999334, 0.8999999999999999112 ) ) ;
#2523 = DIRECTION ( 'NONE',  ( -0.000000000000000000, -1.000000000000000000, -0.000000000000000000 ) ) ;
#2524 = LINE ( 'NONE', #3425, #1043 ) ;
#2525 = VECTOR ( 'NONE', #3066, 1000.000000000000000 ) ;
#2526 = EDGE_LOOP ( 'NONE', ( #1790, #1287, #2322, #1645 ) ) ;
#2527 = VERTEX_POINT ( 'NONE', #3430 ) ;
#2528 = ORIENTED_EDGE ( 'NONE', *, *, #130, .T. ) ;
#2529 = DIRECTION ( 'NONE',  ( -0.000000000000000000, -1.000000000000000000, -0.000000000000000000 ) ) ;
#2530 = DIRECTION ( 'NONE',  ( 1.000000000000000000, -0.000000000000000000, -8.673617379884035472E-17 ) ) ;
#2531 = ADVANCED_FACE ( 'NONE', ( #3448 ), #3104, .T. ) ;
#2532 = DIRECTION ( 'NONE',  ( 1.000000000000000000, 0.000000000000000000, 0.000000000000000000 ) ) ;
#2533 = VECTOR ( 'NONE', #2258, 1000.000000000000000 ) ;
#2534 = DIRECTION ( 'NONE',  ( 1.000000000000000000, 0.000000000000000000, -1.512840240677448208E-16 ) ) ;
#2535 = ORIENTED_EDGE ( 'NONE', *, *, #3503, .T. ) ;
#2536 = EDGE_CURVE ( 'NONE', #1533, #3085, #436, .T. ) ;
#2537 = SURFACE_STYLE_USAGE ( .BOTH. , #1340 ) ;
#2538 =( NAMED_UNIT ( * ) SI_UNIT ( $, .STERADIAN. ) SOLID_ANGLE_UNIT ( ) );
#2539 = LINE ( 'NONE', #2560, #818 ) ;
#2540 = ORIENTED_EDGE ( 'NONE', *, *, #1054, .T. ) ;
#2541 = AXIS2_PLACEMENT_3D ( 'NONE', #240, #3717, #2275 ) ;
#2542 = CARTESIAN_POINT ( 'NONE',  ( -1.200000000000000622, 0.2999999999999999889, -0.3500000000000000333 ) ) ;
#2543 = ORIENTED_EDGE ( 'NONE', *, *, #2035, .F. ) ;
#2544 = FACE_OUTER_BOUND ( 'NONE', #2788, .T. ) ;
#2545 = DIRECTION ( 'NONE',  ( -0.000000000000000000, -1.000000000000000000, -0.000000000000000000 ) ) ;
#2546 = EDGE_CURVE ( 'NONE', #3249, #68, #2826, .T. ) ;
#2547 = CARTESIAN_POINT ( 'NONE',  ( -1.225000000000000311, 0.4499999999999999001, -0.8249999999999999556 ) ) ;
#2548 = CIRCLE ( 'NONE', #917, 0.1000000000000000472 ) ;
#2549 = ORIENTED_EDGE ( 'NONE', *, *, #2330, .F. ) ;
#2550 = EDGE_LOOP ( 'NONE', ( #3236, #1465, #2336, #595, #1189, #3802, #1613, #1230 ) ) ;
#2551 = VERTEX_POINT ( 'NONE', #1982 ) ;
#2552 = AXIS2_PLACEMENT_3D ( 'NONE', #784, #1335, #3692 ) ;
#2553 = DIRECTION ( 'NONE',  ( 0.000000000000000000, 0.000000000000000000, 1.000000000000000000 ) ) ;
#2554 = CARTESIAN_POINT ( 'NONE',  ( 1.074999999999999289, 3.731293662370235076, -0.9249999999999998224 ) ) ;
#2555 = ORIENTED_EDGE ( 'NONE', *, *, #2777, .T. ) ;
#2556 = DIRECTION ( 'NONE',  ( 0.000000000000000000, 0.000000000000000000, 1.000000000000000000 ) ) ;
#2557 = ORIENTED_EDGE ( 'NONE', *, *, #1010, .T. ) ;
#2558 = EDGE_CURVE ( 'NONE', #834, #1938, #148, .T. ) ;
#2559 = CARTESIAN_POINT ( 'NONE',  ( -1.075000000000000400, 3.731293662370235076, 0.9250000000000000444 ) ) ;
#2560 = CARTESIAN_POINT ( 'NONE',  ( 1.250000000000000444, 1.330776406404415413, -0.8249999999999999556 ) ) ;
#2561 = EDGE_LOOP ( 'NONE', ( #2286, #1235, #1499, #707 ) ) ;
#2562 = DIRECTION ( 'NONE',  ( 1.000000000000000000, 0.000000000000000000, 0.000000000000000000 ) ) ;
#2563 = DIRECTION ( 'NONE',  ( 0.000000000000000000, -1.000000000000000000, 0.000000000000000000 ) ) ;
#2564 = VERTEX_POINT ( 'NONE', #3412 ) ;
#2565 = CIRCLE ( 'NONE', #1695, 0.1000000000000000472 ) ;
#2566 = CARTESIAN_POINT ( 'NONE',  ( 0.4500000000000002887, 0.000000000000000000, -0.3500000000000000333 ) ) ;
#2567 = CARTESIAN_POINT ( 'NONE',  ( -1.075000000000000400, 0.4000000000000000222, 0.8249999999999999556 ) ) ;
#2568 = EDGE_CURVE ( 'NONE', #2074, #3214, #747, .T. ) ;
#2569 = ORIENTED_EDGE ( 'NONE', *, *, #3050, .F. ) ;
#2570 = VERTEX_POINT ( 'NONE', #3825 ) ;
#2571 = ADVANCED_FACE ( 'NONE', ( #2978 ), #573, .T. ) ;
#2572 = ORIENTED_EDGE ( 'NONE', *, *, #3305, .F. ) ;
#2573 = DIRECTION ( 'NONE',  ( 0.000000000000000000, 0.000000000000000000, 1.000000000000000000 ) ) ;
#2574 = CARTESIAN_POINT ( 'NONE',  ( 1.250000000000000444, 0.000000000000000000, -1.000000000000000000 ) ) ;
#2575 = CIRCLE ( 'NONE', #878, 0.1750000000000000167 ) ;
#2576 = AXIS2_PLACEMENT_3D ( 'NONE', #1464, #2680, #3191 ) ;
#2577 = ORIENTED_EDGE ( 'NONE', *, *, #1098, .T. ) ;
#2578 = DIRECTION ( 'NONE',  ( 0.000000000000000000, 0.000000000000000000, -1.000000000000000000 ) ) ;
#2579 = CARTESIAN_POINT ( 'NONE',  ( -1.250000000000000444, 0.000000000000000000, 1.000000000000000000 ) ) ;
#2580 = CARTESIAN_POINT ( 'NONE',  ( 1.174999999999999156, 0.4000000000000000222, -0.8249999999999999556 ) ) ;
#2581 = DIRECTION ( 'NONE',  ( 0.000000000000000000, -1.000000000000000000, 0.000000000000000000 ) ) ;
#2582 = ORIENTED_EDGE ( 'NONE', *, *, #2494, .F. ) ;
#2583 = ORIENTED_EDGE ( 'NONE', *, *, #2099, .T. ) ;
#2584 = DIRECTION ( 'NONE',  ( -1.000000000000000000, 0.000000000000000000, -1.819131161888430038E-16 ) ) ;
#2585 = EDGE_CURVE ( 'NONE', #2746, #2019, #3768, .T. ) ;
#2586 = CARTESIAN_POINT ( 'NONE',  ( 1.149999999999999467, 0.4000000000000000222, 0.9999999999999997780 ) ) ;
#2587 = ORIENTED_EDGE ( 'NONE', *, *, #3458, .T. ) ;
#2588 = ORIENTED_EDGE ( 'NONE', *, *, #2897, .F. ) ;
#2589 = ORIENTED_EDGE ( 'NONE', *, *, #2083, .T. ) ;
#2590 = EDGE_CURVE ( 'NONE', #3556, #953, #1512, .T. ) ;
#2591 = DIRECTION ( 'NONE',  ( 0.000000000000000000, 0.000000000000000000, 1.000000000000000000 ) ) ;
#2592 = FACE_OUTER_BOUND ( 'NONE', #3471, .T. ) ;
#2593 = EDGE_LOOP ( 'NONE', ( #3731, #2200, #2131, #2905, #3446, #3346, #2475, #1692, #3125 ) ) ;
#2594 = ORIENTED_EDGE ( 'NONE', *, *, #3405, .T. ) ;
#2595 = DIRECTION ( 'NONE',  ( 0.000000000000000000, 0.000000000000000000, -1.000000000000000000 ) ) ;
#2596 = CARTESIAN_POINT ( 'NONE',  ( -1.075000000000000400, 0.4000000000000000222, -0.8249999999999999556 ) ) ;
#2597 = CARTESIAN_POINT ( 'NONE',  ( -1.150000000000000355, 0.2999999999999999334, -1.000000000000000000 ) ) ;
#2598 = ORIENTED_EDGE ( 'NONE', *, *, #650, .F. ) ;
#2599 = VECTOR ( 'NONE', #3477, 1000.000000000000000 ) ;
#2600 = DIRECTION ( 'NONE',  ( 0.000000000000000000, 0.000000000000000000, -1.000000000000000000 ) ) ;
#2601 = FACE_OUTER_BOUND ( 'NONE', #2094, .T. ) ;
#2602 = ORIENTED_EDGE ( 'NONE', *, *, #235, .F. ) ;
#2603 = AXIS2_PLACEMENT_3D ( 'NONE', #489, #1410, #2600 ) ;
#2604 = ADVANCED_FACE ( 'NONE', ( #30 ), #1458, .F. ) ;
#2605 = LINE ( 'NONE', #2017, #9 ) ;
#2606 = EDGE_LOOP ( 'NONE', ( #809, #1087, #3716, #1734 ) ) ;
#2607 = ORIENTED_EDGE ( 'NONE', *, *, #3053, .F. ) ;
#2608 = EDGE_LOOP ( 'NONE', ( #3188, #2654, #3730, #1738, #1032, #3177, #1915, #404 ) ) ;
#2609 = CARTESIAN_POINT ( 'NONE',  ( 1.200000000000000622, 0.2999999999999999334, -0.8322949016875157424 ) ) ;
#2610 = CARTESIAN_POINT ( 'NONE',  ( -1.250000000000000444, 0.000000000000000000, -1.000000000000000000 ) ) ;
#2611 = ORIENTED_EDGE ( 'NONE', *, *, #488, .F. ) ;
#2612 = EDGE_CURVE ( 'NONE', #2634, #3251, #2040, .T. ) ;
#2613 = VECTOR ( 'NONE', #1332, 1000.000000000000000 ) ;
#2614 = DIRECTION ( 'NONE',  ( 1.000000000000000000, -0.000000000000000000, -0.000000000000000000 ) ) ;
#2615 = DIRECTION ( 'NONE',  ( -0.000000000000000000, -1.000000000000000000, -0.000000000000000000 ) ) ;
#2616 = AXIS2_PLACEMENT_3D ( 'NONE', #2415, #3584, #2437 ) ;
#2617 = VECTOR ( 'NONE', #1609, 1000.000000000000000 ) ;
#2618 = DIRECTION ( 'NONE',  ( 0.000000000000000000, 0.000000000000000000, -1.000000000000000000 ) ) ;
#2619 = ADVANCED_FACE ( 'NONE', ( #2637 ), #2931, .F. ) ;
#2620 = EDGE_CURVE ( 'NONE', #496, #3427, #3248, .T. ) ;
#2621 = CARTESIAN_POINT ( 'NONE',  ( 1.074999999999999067, 0.5500000000000000444, 0.8749999999999996669 ) ) ;
#2622 = VECTOR ( 'NONE', #2955, 1000.000000000000000 ) ;
#2623 = EDGE_CURVE ( 'NONE', #1039, #1006, #2950, .T. ) ;
#2624 = ORIENTED_EDGE ( 'NONE', *, *, #58, .F. ) ;
#2625 = DIRECTION ( 'NONE',  ( 0.000000000000000000, 0.000000000000000000, -1.000000000000000000 ) ) ;
#2626 = DIRECTION ( 'NONE',  ( 0.000000000000000000, 0.000000000000000000, 1.000000000000000000 ) ) ;
#2627 = LINE ( 'NONE', #2030, #3386 ) ;
#2628 = VECTOR ( 'NONE', #2374, 1000.000000000000000 ) ;
#2629 = DIRECTION ( 'NONE',  ( 0.000000000000000000, 0.000000000000000000, -1.000000000000000000 ) ) ;
#2630 = VECTOR ( 'NONE', #3289, 1000.000000000000000 ) ;
#2631 = ORIENTED_EDGE ( 'NONE', *, *, #511, .F. ) ;
#2632 = EDGE_LOOP ( 'NONE', ( #2165, #688, #423, #3049 ) ) ;
#2633 = VECTOR ( 'NONE', #2664, 1000.000000000000000 ) ;
#2634 = VERTEX_POINT ( 'NONE', #3525 ) ;
#2635 = UNCERTAINTY_MEASURE_WITH_UNIT (LENGTH_MEASURE( 1.000000000000000082E-05 ), #549, 'distance_accuracy_value', 'NONE');
#2636 = CARTESIAN_POINT ( 'NONE',  ( -0.4500000000000003997, 0.2999999999999999889, 0.9460000000000000631 ) ) ;
#2637 = FACE_OUTER_BOUND ( 'NONE', #1075, .T. ) ;
#2638 = ORIENTED_EDGE ( 'NONE', *, *, #543, .F. ) ;
#2639 = VECTOR ( 'NONE', #709, 1000.000000000000000 ) ;
#2640 = CARTESIAN_POINT ( 'NONE',  ( 1.074999999999999067, 0.4499999999999999001, 0.8249999999999997335 ) ) ;
#2641 = CARTESIAN_POINT ( 'NONE',  ( 1.200000000000000622, 0.000000000000000000, 0.8322949016875157424 ) ) ;
#2642 = DIRECTION ( 'NONE',  ( 0.000000000000000000, 0.000000000000000000, -1.000000000000000000 ) ) ;
#2643 = AXIS2_PLACEMENT_3D ( 'NONE', #836, #2301, #3224 ) ;
#2644 = EDGE_LOOP ( 'NONE', ( #1552, #2107, #2277, #1117 ) ) ;
#2645 = EDGE_CURVE ( 'NONE', #2281, #1964, #863, .T. ) ;
#2646 = CARTESIAN_POINT ( 'NONE',  ( -1.250000000000000444, 1.330776406404415413, 0.8999999999999999112 ) ) ;
#2647 = CARTESIAN_POINT ( 'NONE',  ( -1.250000000000000444, 0.2999999999999999334, 1.000000000000000000 ) ) ;
#2648 = LINE ( 'NONE', #1136, #1107 ) ;
#2649 = LINE ( 'NONE', #3808, #1216 ) ;
#2650 = ORIENTED_EDGE ( 'NONE', *, *, #2026, .T. ) ;
#2651 = CARTESIAN_POINT ( 'NONE',  ( 1.074999999999999067, 0.4000000000000000222, 0.9249999999999998224 ) ) ;
#2652 = CARTESIAN_POINT ( 'NONE',  ( -1.200000000000000622, 0.000000000000000000, 0.3500000000000000333 ) ) ;
#2653 = CARTESIAN_POINT ( 'NONE',  ( 1.075000000000000400, 0.2999999999999999334, 1.000000000000000000 ) ) ;
#2654 = ORIENTED_EDGE ( 'NONE', *, *, #2199, .F. ) ;
#2655 = ADVANCED_FACE ( 'NONE', ( #1787 ), #291, .T. ) ;
#2656 = CARTESIAN_POINT ( 'NONE',  ( 1.250000000000000444, 0.2999999999999999334, 0.8249999999999999556 ) ) ;
#2657 = CARTESIAN_POINT ( 'NONE',  ( -1.075000000000000400, 0.4000000000000000222, -0.9250000000000000444 ) ) ;
#2658 = CARTESIAN_POINT ( 'NONE',  ( -1.075000000000000400, 0.4000000000000000222, 0.8249999999999999556 ) ) ;
#2659 = EDGE_CURVE ( 'NONE', #1093, #177, #513, .T. ) ;
#2660 = CARTESIAN_POINT ( 'NONE',  ( -1.125000000000000666, 0.5500000000000000444, 0.8249999999999999556 ) ) ;
#2661 = EDGE_CURVE ( 'NONE', #3143, #2326, #1865, .T. ) ;
#2662 = CARTESIAN_POINT ( 'NONE',  ( 1.200000000000000622, 0.2999999999999999889, -0.8322949016875157424 ) ) ;
#2663 = VECTOR ( 'NONE', #778, 1000.000000000000000 ) ;
#2664 = DIRECTION ( 'NONE',  ( 1.819131161888430285E-16, 0.000000000000000000, 1.000000000000000000 ) ) ;
#2665 = ORIENTED_EDGE ( 'NONE', *, *, #602, .T. ) ;
#2666 = DIRECTION ( 'NONE',  ( -1.819131161888430285E-16, 0.000000000000000000, -1.000000000000000000 ) ) ;
#2667 = CARTESIAN_POINT ( 'NONE',  ( -1.250000000000000444, 0.000000000000000000, 1.000000000000000000 ) ) ;
#2668 = EDGE_CURVE ( 'NONE', #2326, #1062, #1270, .T. ) ;
#2669 = DIRECTION ( 'NONE',  ( 0.000000000000000000, -1.000000000000000000, 0.000000000000000000 ) ) ;
#2670 = DIRECTION ( 'NONE',  ( 0.000000000000000000, 0.000000000000000000, 1.000000000000000000 ) ) ;
#2671 = VERTEX_POINT ( 'NONE', #2505 ) ;
#2672 = CARTESIAN_POINT ( 'NONE',  ( -0.4500000000000003997, 0.2999999999999999889, -0.9460000000000000631 ) ) ;
#2673 = DIRECTION ( 'NONE',  ( 0.000000000000000000, 0.000000000000000000, -1.000000000000000000 ) ) ;
#2674 = CARTESIAN_POINT ( 'NONE',  ( 1.149999999999999467, 0.000000000000000000, -1.000000000000000000 ) ) ;
#2675 = VECTOR ( 'NONE', #2820, 1000.000000000000000 ) ;
#2676 = ADVANCED_FACE ( 'NONE', ( #2109 ), #2144, .F. ) ;
#2677 = LINE ( 'NONE', #2320, #1433 ) ;
#2678 = VECTOR ( 'NONE', #2530, 1000.000000000000000 ) ;
#2679 = CIRCLE ( 'NONE', #1296, 0.1750000000000000167 ) ;
#2680 = DIRECTION ( 'NONE',  ( -0.000000000000000000, -1.000000000000000000, -0.000000000000000000 ) ) ;
#2681 = VERTEX_POINT ( 'NONE', #1828 ) ;
#2682 = AXIS2_PLACEMENT_3D ( 'NONE', #482, #2318, #3222 ) ;
#2683 = DIRECTION ( 'NONE',  ( 0.000000000000000000, 0.000000000000000000, 1.000000000000000000 ) ) ;
#2684 = FACE_OUTER_BOUND ( 'NONE', #2440, .T. ) ;
#2685 = FILL_AREA_STYLE_COLOUR ( '', #1762 ) ;
#2686 = ORIENTED_EDGE ( 'NONE', *, *, #1910, .F. ) ;
#2687 = EDGE_CURVE ( 'NONE', #3141, #1989, #209, .T. ) ;
#2688 = EDGE_CURVE ( 'NONE', #497, #3675, #1008, .T. ) ;
#2689 = ADVANCED_FACE ( 'NONE', ( #2486 ), #378, .F. ) ;
#2690 = DIRECTION ( 'NONE',  ( -1.000000000000000000, 0.000000000000000000, 0.000000000000000000 ) ) ;
#2691 = DIRECTION ( 'NONE',  ( 0.000000000000000000, 0.000000000000000000, -1.000000000000000000 ) ) ;
#2692 = EDGE_LOOP ( 'NONE', ( #2876, #568, #51, #895 ) ) ;
#2693 = LINE ( 'NONE', #222, #2754 ) ;
#2694 = VERTEX_POINT ( 'NONE', #117 ) ;
#2695 = CIRCLE ( 'NONE', #126, 0.09999999999999993616 ) ;
#2696 = VECTOR ( 'NONE', #1213, 1000.000000000000000 ) ;
#2697 = LINE ( 'NONE', #652, #2749 ) ;
#2698 = CARTESIAN_POINT ( 'NONE',  ( -1.250000000000000444, 0.000000000000000000, -1.000000000000000000 ) ) ;
#2699 = DIRECTION ( 'NONE',  ( 1.000000000000000000, 0.000000000000000000, -0.000000000000000000 ) ) ;
#2700 = FACE_OUTER_BOUND ( 'NONE', #3121, .T. ) ;
#2701 = AXIS2_PLACEMENT_3D ( 'NONE', #3207, #2626, #2958 ) ;
#2702 = CARTESIAN_POINT ( 'NONE',  ( -1.175000000000000488, 0.4000000000000000222, -0.8249999999999999556 ) ) ;
#2703 = DIRECTION ( 'NONE',  ( 1.000000000000000000, 0.000000000000000000, -0.000000000000000000 ) ) ;
#2704 = SURFACE_SIDE_STYLE ('',( #825 ) ) ;
#2705 = ORIENTED_EDGE ( 'NONE', *, *, #787, .T. ) ;
#2706 = CYLINDRICAL_SURFACE ( 'NONE', #2716, 0.1750000000000000167 ) ;
#2707 = VECTOR ( 'NONE', #2056, 1000.000000000000000 ) ;
#2708 = LINE ( 'NONE', #3579, #2880 ) ;
#2709 = ORIENTED_EDGE ( 'NONE', *, *, #3753, .T. ) ;
#2710 = EDGE_CURVE ( 'NONE', #2849, #476, #2364, .T. ) ;
#2711 = PLANE ( 'NONE',  #1439 ) ;
#2712 = CARTESIAN_POINT ( 'NONE',  ( -1.075000000000000400, 0.5500000000000000444, -0.8249999999999999556 ) ) ;
#2713 = DIRECTION ( 'NONE',  ( 0.000000000000000000, 0.000000000000000000, -1.000000000000000000 ) ) ;
#2714 = LINE ( 'NONE', #1220, #260 ) ;
#2715 = EDGE_CURVE ( 'NONE', #31, #2694, #2761, .T. ) ;
#2716 = AXIS2_PLACEMENT_3D ( 'NONE', #337, #1531, #2723 ) ;
#2717 = EDGE_LOOP ( 'NONE', ( #2582, #110, #2928, #2572 ) ) ;
#2718 = DIRECTION ( 'NONE',  ( 0.000000000000000000, -1.000000000000000000, 0.000000000000000000 ) ) ;
#2719 = FACE_OUTER_BOUND ( 'NONE', #812, .T. ) ;
#2720 = FACE_OUTER_BOUND ( 'NONE', #1896, .T. ) ;
#2721 = CARTESIAN_POINT ( 'NONE',  ( 1.174999999999999156, 0.4000000000000000222, -0.8249999999999999556 ) ) ;
#2722 = ORIENTED_EDGE ( 'NONE', *, *, #1372, .T. ) ;
#2723 = DIRECTION ( 'NONE',  ( 0.000000000000000000, 0.000000000000000000, -1.000000000000000000 ) ) ;
#2724 = ADVANCED_FACE ( 'NONE', ( #1528 ), #81, .F. ) ;
#2725 = VECTOR ( 'NONE', #185, 1000.000000000000000 ) ;
#2726 = ORIENTED_EDGE ( 'NONE', *, *, #1563, .T. ) ;
#2727 = CARTESIAN_POINT ( 'NONE',  ( -1.250000000000000444, 0.2999999999999999889, 0.8249999999999999556 ) ) ;
#2728 = ORIENTED_EDGE ( 'NONE', *, *, #2687, .F. ) ;
#2729 = DIRECTION ( 'NONE',  ( 1.000000000000000000, -0.000000000000000000, -0.000000000000000000 ) ) ;
#2730 =( NAMED_UNIT ( * ) PLANE_ANGLE_UNIT ( ) SI_UNIT ( $, .RADIAN. ) );
#2731 = CARTESIAN_POINT ( 'NONE',  ( 1.083539794545363311, 0.2999999999999999889, -0.9460000000000000631 ) ) ;
#2732 = LINE ( 'NONE', #347, #3407 ) ;
#2733 = VECTOR ( 'NONE', #1486, 1000.000000000000000 ) ;
#2734 = CARTESIAN_POINT ( 'NONE',  ( 0.000000000000000000, 0.000000000000000000, 0.000000000000000000 ) ) ;
#2735 = EDGE_CURVE ( 'NONE', #1012, #1979, #1508, .T. ) ;
#2736 = CYLINDRICAL_SURFACE ( 'NONE', #879, 0.1750000000000000167 ) ;
#2737 = ORIENTED_EDGE ( 'NONE', *, *, #3130, .F. ) ;
#2738 = ADVANCED_FACE ( 'NONE', ( #3648 ), #679, .T. ) ;
#2739 = CARTESIAN_POINT ( 'NONE',  ( -1.250000000000000444, 0.2999999999999999889, 1.000000000000000000 ) ) ;
#2740 = COLOUR_RGB ( '',0.9686274509803921573, 0.8784313725490195957, 0.5999999999999999778 ) ;
#2741 = VECTOR ( 'NONE', #1203, 1000.000000000000000 ) ;
#2742 = CARTESIAN_POINT ( 'NONE',  ( 1.074999999999999067, 3.731293662370235076, 0.8249999999999997335 ) ) ;
#2743 = ORIENTED_EDGE ( 'NONE', *, *, #230, .T. ) ;
#2744 = DIRECTION ( 'NONE',  ( -1.000000000000000000, 0.000000000000000000, 1.512840240677448208E-16 ) ) ;
#2745 = CARTESIAN_POINT ( 'NONE',  ( 1.250000000000000444, 1.330776406404415413, -1.000000000000000000 ) ) ;
#2746 = VERTEX_POINT ( 'NONE', #2721 ) ;
#2747 = CARTESIAN_POINT ( 'NONE',  ( 1.074999999999999289, 0.4499999999999999001, -0.9749999999999999778 ) ) ;
#2748 = ORIENTED_EDGE ( 'NONE', *, *, #820, .F. ) ;
#2749 = VECTOR ( 'NONE', #19, 1000.000000000000000 ) ;
#2750 = ORIENTED_EDGE ( 'NONE', *, *, #388, .T. ) ;
#2751 = CARTESIAN_POINT ( 'NONE',  ( -1.200000000000000622, 0.2999999999999999889, 0.3500000000000000333 ) ) ;
#2752 = CARTESIAN_POINT ( 'NONE',  ( 1.083539794545363311, 0.000000000000000000, -0.9460000000000000631 ) ) ;
#2753 = DIRECTION ( 'NONE',  ( 0.000000000000000000, 1.000000000000000000, 0.000000000000000000 ) ) ;
#2754 = VECTOR ( 'NONE', #3250, 1000.000000000000000 ) ;
#2755 = ORIENTED_EDGE ( 'NONE', *, *, #3517, .T. ) ;
#2756 = CARTESIAN_POINT ( 'NONE',  ( 1.250000000000000444, 0.2999999999999999889, -0.8249999999999999556 ) ) ;
#2757 = EDGE_LOOP ( 'NONE', ( #1250, #2748, #2233, #3067 ) ) ;
#2758 = DIRECTION ( 'NONE',  ( 0.000000000000000000, 0.000000000000000000, -1.000000000000000000 ) ) ;
#2759 = ADVANCED_FACE ( 'NONE', ( #697 ), #625, .F. ) ;
#2760 = AXIS2_PLACEMENT_3D ( 'NONE', #616, #3259, #1503 ) ;
#2761 = LINE ( 'NONE', #2126, #2379 ) ;
#2762 = ORIENTED_EDGE ( 'NONE', *, *, #1827, .F. ) ;
#2763 = DIRECTION ( 'NONE',  ( -0.000000000000000000, -1.000000000000000000, -0.000000000000000000 ) ) ;
#2764 = EDGE_LOOP ( 'NONE', ( #3015, #1398, #2111, #633 ) ) ;
#2765 = ORIENTED_EDGE ( 'NONE', *, *, #3458, .F. ) ;
#2766 = CARTESIAN_POINT ( 'NONE',  ( 1.249999999999999556, 0.4000000000000000222, 0.9999999999999997780 ) ) ;
#2767 = CARTESIAN_POINT ( 'NONE',  ( 1.149999999999999467, 0.000000000000000000, 0.9999999999999997780 ) ) ;
#2768 = CYLINDRICAL_SURFACE ( 'NONE', #1432, 0.1499999999999999667 ) ;
#2769 = DIRECTION ( 'NONE',  ( 0.000000000000000000, 0.000000000000000000, -1.000000000000000000 ) ) ;
#2770 = ORIENTED_EDGE ( 'NONE', *, *, #913, .F. ) ;
#2771 = PLANE ( 'NONE',  #3548 ) ;
#2772 = VERTEX_POINT ( 'NONE', #914 ) ;
#2773 = DIRECTION ( 'NONE',  ( 0.000000000000000000, -1.000000000000000000, 0.000000000000000000 ) ) ;
#2774 = EDGE_CURVE ( 'NONE', #3567, #292, #2449, .T. ) ;
#2775 = EDGE_LOOP ( 'NONE', ( #590, #2569, #1038, #551 ) ) ;
#2776 = DIRECTION ( 'NONE',  ( 0.000000000000000000, 0.000000000000000000, 1.000000000000000000 ) ) ;
#2777 = EDGE_CURVE ( 'NONE', #2455, #1181, #1259, .T. ) ;
#2778 = VERTEX_POINT ( 'NONE', #160 ) ;
#2779 = ADVANCED_FACE ( 'NONE', ( #736 ), #1646, .T. ) ;
#2780 = VECTOR ( 'NONE', #1956, 1000.000000000000000 ) ;
#2781 = ORIENTED_EDGE ( 'NONE', *, *, #1293, .T. ) ;
#2782 = DIRECTION ( 'NONE',  ( 0.000000000000000000, 0.000000000000000000, -1.000000000000000000 ) ) ;
#2783 = AXIS2_PLACEMENT_3D ( 'NONE', #2579, #3472, #503 ) ;
#2784 = CARTESIAN_POINT ( 'NONE',  ( -1.075000000000000400, 0.2999999999999999889, -1.000000000000000000 ) ) ;
#2785 = ORIENTED_EDGE ( 'NONE', *, *, #3706, .T. ) ;
#2786 = LINE ( 'NONE', #937, #1816 ) ;
#2787 = CARTESIAN_POINT ( 'NONE',  ( 1.074999999999999289, 0.5500000000000000444, -0.8750000000000000000 ) ) ;
#2788 = EDGE_LOOP ( 'NONE', ( #146, #3612, #394, #3793 ) ) ;
#2789 = DIRECTION ( 'NONE',  ( 0.000000000000000000, 1.000000000000000000, 0.000000000000000000 ) ) ;
#2790 = VERTEX_POINT ( 'NONE', #141 ) ;
#2791 = VECTOR ( 'NONE', #1191, 1000.000000000000000 ) ;
#2792 = CARTESIAN_POINT ( 'NONE',  ( 1.174999999999999156, 0.5366025403784437930, 0.8249999999999997335 ) ) ;
#2793 = AXIS2_PLACEMENT_3D ( 'NONE', #965, #215, #167 ) ;
#2794 = DIRECTION ( 'NONE',  ( 0.000000000000000000, 1.000000000000000000, 0.000000000000000000 ) ) ;
#2795 = ORIENTED_EDGE ( 'NONE', *, *, #71, .F. ) ;
#2796 = LINE ( 'NONE', #119, #2241 ) ;
#2797 = EDGE_CURVE ( 'NONE', #1065, #440, #1328, .T. ) ;
#2798 = VECTOR ( 'NONE', #3624, 1000.000000000000000 ) ;
#2799 = VERTEX_POINT ( 'NONE', #2260 ) ;
#2800 = EDGE_CURVE ( 'NONE', #1564, #2551, #2219, .T. ) ;
#2801 = CARTESIAN_POINT ( 'NONE',  ( -1.075000000000000400, 0.4499999999999999001, 0.8249999999999999556 ) ) ;
#2802 = SURFACE_STYLE_USAGE ( .BOTH. , #670 ) ;
#2803 = LINE ( 'NONE', #2827, #3467 ) ;
#2804 = DIRECTION ( 'NONE',  ( 1.000000000000000000, -0.000000000000000000, -0.000000000000000000 ) ) ;
#2805 = ORIENTED_EDGE ( 'NONE', *, *, #1538, .F. ) ;
#2806 = VECTOR ( 'NONE', #569, 1000.000000000000000 ) ;
#2807 = AXIS2_PLACEMENT_3D ( 'NONE', #365, #968, #3330 ) ;
#2808 =( LENGTH_UNIT ( ) NAMED_UNIT ( * ) SI_UNIT ( .MILLI., .METRE. ) );
#2809 = CARTESIAN_POINT ( 'NONE',  ( -1.150000000000000355, 0.000000000000000000, 1.000000000000000000 ) ) ;
#2810 = ORIENTED_EDGE ( 'NONE', *, *, #1845, .F. ) ;
#2811 = CARTESIAN_POINT ( 'NONE',  ( -1.250000000000000444, 0.000000000000000000, -0.8999999999999999112 ) ) ;
#2812 = VECTOR ( 'NONE', #1820, 1000.000000000000000 ) ;
#2813 = MECHANICAL_DESIGN_GEOMETRIC_PRESENTATION_REPRESENTATION (  '', ( #2121 ), #1447 ) ;
#2814 = DIRECTION ( 'NONE',  ( 0.000000000000000000, 0.000000000000000000, -1.000000000000000000 ) ) ;
#2815 = EDGE_LOOP ( 'NONE', ( #3628, #3632, #2080, #2407 ) ) ;
#2816 = LINE ( 'NONE', #227, #297 ) ;
#2817 = CARTESIAN_POINT ( 'NONE',  ( 1.074999999999999289, 0.5366025403784437930, -0.8249999999999999556 ) ) ;
#2818 = ORIENTED_EDGE ( 'NONE', *, *, #71, .T. ) ;
#2819 = TOROIDAL_SURFACE ( 'NONE', #3792, 0.05000000000000000971, 0.1000000000000000056 ) ;
#2820 = DIRECTION ( 'NONE',  ( -0.000000000000000000, -0.000000000000000000, 1.000000000000000000 ) ) ;
#2821 = ORIENTED_EDGE ( 'NONE', *, *, #602, .F. ) ;
#2822 = CIRCLE ( 'NONE', #1134, 0.05000000000000002359 ) ;
#2823 = VECTOR ( 'NONE', #1349, 1000.000000000000000 ) ;
#2824 = ORIENTED_EDGE ( 'NONE', *, *, #1450, .T. ) ;
#2825 = DIRECTION ( 'NONE',  ( 0.000000000000000000, 0.000000000000000000, -1.000000000000000000 ) ) ;
#2826 = LINE ( 'NONE', #785, #1106 ) ;
#2827 = CARTESIAN_POINT ( 'NONE',  ( 1.124999999999999556, 0.6000000000000000888, 0.8249999999999997335 ) ) ;
#2828 = EDGE_CURVE ( 'NONE', #252, #710, #3114, .T. ) ;
#2829 = DIRECTION ( 'NONE',  ( 1.000000000000000000, -0.000000000000000000, -0.000000000000000000 ) ) ;
#2830 = ORIENTED_EDGE ( 'NONE', *, *, #1993, .F. ) ;
#2831 = FILL_AREA_STYLE ('',( #441 ) ) ;
#2832 = DIRECTION ( 'NONE',  ( 0.000000000000000000, -1.000000000000000000, 0.000000000000000000 ) ) ;
#2833 = PLANE ( 'NONE',  #3609 ) ;
#2834 = ORIENTED_EDGE ( 'NONE', *, *, #373, .F. ) ;
#2835 = CARTESIAN_POINT ( 'NONE',  ( 1.200000000000000622, 0.2999999999999999889, -0.3500000000000000333 ) ) ;
#2836 = EDGE_CURVE ( 'NONE', #1284, #1359, #2837, .T. ) ;
#2837 = LINE ( 'NONE', #113, #1948 ) ;
#2838 = PLANE ( 'NONE',  #2965 ) ;
#2839 = LINE ( 'NONE', #1395, #306 ) ;
#2840 = CIRCLE ( 'NONE', #1589, 0.1750000000000000167 ) ;
#2841 = ORIENTED_EDGE ( 'NONE', *, *, #543, .T. ) ;
#2842 = EDGE_CURVE ( 'NONE', #2864, #2907, #1975, .T. ) ;
#2843 = ORIENTED_EDGE ( 'NONE', *, *, #2272, .T. ) ;
#2844 = CARTESIAN_POINT ( 'NONE',  ( -1.250000000000000444, 0.000000000000000000, -1.000000000000000000 ) ) ;
#2845 = DIRECTION ( 'NONE',  ( -1.000000000000000000, 0.000000000000000000, 0.000000000000000000 ) ) ;
#2846 = VERTEX_POINT ( 'NONE', #2239 ) ;
#2847 = VECTOR ( 'NONE', #1505, 1000.000000000000000 ) ;
#2848 = CARTESIAN_POINT ( 'NONE',  ( -1.150000000000000355, 0.4000000000000000222, 1.000000000000000000 ) ) ;
#2849 = VERTEX_POINT ( 'NONE', #3459 ) ;
#2850 = DIRECTION ( 'NONE',  ( 1.000000000000000000, 0.000000000000000000, 0.000000000000000000 ) ) ;
#2851 = LINE ( 'NONE', #2194, #3296 ) ;
#2852 = ORIENTED_EDGE ( 'NONE', *, *, #1103, .F. ) ;
#2853 = EDGE_CURVE ( 'NONE', #233, #3749, #758, .T. ) ;
#2854 = PLANE ( 'NONE',  #1218 ) ;
#2855 = AXIS2_PLACEMENT_3D ( 'NONE', #1928, #1100, #2595 ) ;
#2856 = ADVANCED_FACE ( 'NONE', ( #776 ), #795, .T. ) ;
#2857 = ADVANCED_FACE ( 'NONE', ( #3665 ), #1014, .F. ) ;
#2858 = LINE ( 'NONE', #1108, #907 ) ;
#2859 = ADVANCED_FACE ( 'NONE', ( #271 ), #1727, .F. ) ;
#2860 = ORIENTED_EDGE ( 'NONE', *, *, #806, .F. ) ;
#2861 = CARTESIAN_POINT ( 'NONE',  ( 0.4500000000000003997, 0.2999999999999999889, -0.9460000000000000631 ) ) ;
#2862 = LINE ( 'NONE', #429, #2675 ) ;
#2863 = AXIS2_PLACEMENT_3D ( 'NONE', #800, #2924, #2629 ) ;
#2864 = VERTEX_POINT ( 'NONE', #1168 ) ;
#2865 = ORIENTED_EDGE ( 'NONE', *, *, #3208, .T. ) ;
#2866 = ORIENTED_EDGE ( 'NONE', *, *, #2842, .T. ) ;
#2867 = VECTOR ( 'NONE', #3036, 1000.000000000000000 ) ;
#2868 = AXIS2_PLACEMENT_3D ( 'NONE', #1889, #3072, #2344 ) ;
#2869 = CARTESIAN_POINT ( 'NONE',  ( 1.074999999999999067, 0.5500000000000000444, 0.8749999999999997780 ) ) ;
#2870 = LINE ( 'NONE', #1358, #1488 ) ;
#2871 = ORIENTED_EDGE ( 'NONE', *, *, #3658, .T. ) ;
#2872 = CIRCLE ( 'NONE', #1174, 0.05000000000000002359 ) ;
#2873 = PLANE ( 'NONE',  #3495 ) ;
#2874 = LINE ( 'NONE', #789, #2997 ) ;
#2875 = DIRECTION ( 'NONE',  ( 0.000000000000000000, 0.000000000000000000, 1.000000000000000000 ) ) ;
#2876 = ORIENTED_EDGE ( 'NONE', *, *, #299, .F. ) ;
#2877 = DIRECTION ( 'NONE',  ( 0.000000000000000000, 1.000000000000000000, 0.000000000000000000 ) ) ;
#2878 =( NAMED_UNIT ( * ) PLANE_ANGLE_UNIT ( ) SI_UNIT ( $, .RADIAN. ) );
#2879 = VERTEX_POINT ( 'NONE', #817 ) ;
#2880 = VECTOR ( 'NONE', #1789, 1000.000000000000000 ) ;
#2881 = LINE ( 'NONE', #1351, #101 ) ;
#2882 = EDGE_CURVE ( 'NONE', #1144, #3249, #3006, .T. ) ;
#2883 = CARTESIAN_POINT ( 'NONE',  ( -1.250000000000000444, 0.000000000000000000, 0.8999999999999999112 ) ) ;
#2884 = CYLINDRICAL_SURFACE ( 'NONE', #3463, 0.1750000000000000167 ) ;
#2885 = VERTEX_POINT ( 'NONE', #1449 ) ;
#2886 = EDGE_LOOP ( 'NONE', ( #2821, #3225, #1651, #3264 ) ) ;
#2887 = CARTESIAN_POINT ( 'NONE',  ( 1.083539794545363311, 0.000000000000000000, 0.9460000000000000631 ) ) ;
#2888 = DIRECTION ( 'NONE',  ( 0.000000000000000000, 0.000000000000000000, 1.000000000000000000 ) ) ;
#2889 = AXIS2_PLACEMENT_3D ( 'NONE', #2742, #1265, #2463 ) ;
#2890 = AXIS2_PLACEMENT_3D ( 'NONE', #2158, #3720, #1660 ) ;
#2891 = ORIENTED_EDGE ( 'NONE', *, *, #2659, .T. ) ;
#2892 = EDGE_LOOP ( 'NONE', ( #234, #3406, #3410, #99 ) ) ;
#2893 = LINE ( 'NONE', #1124, #241 ) ;
#2894 = FACE_OUTER_BOUND ( 'NONE', #2644, .T. ) ;
#2895 = DIRECTION ( 'NONE',  ( -1.000000000000000000, 0.000000000000000000, 0.000000000000000000 ) ) ;
#2896 = ORIENTED_EDGE ( 'NONE', *, *, #1735, .F. ) ;
#2897 = EDGE_CURVE ( 'NONE', #3379, #1840, #3514, .T. ) ;
#2898 = AXIS2_PLACEMENT_3D ( 'NONE', #2075, #1145, #1739 ) ;
#2899 =( NAMED_UNIT ( * ) SI_UNIT ( $, .STERADIAN. ) SOLID_ANGLE_UNIT ( ) );
#2900 = DIRECTION ( 'NONE',  ( -0.000000000000000000, -1.000000000000000000, 0.000000000000000000 ) ) ;
#2901 = ORIENTED_EDGE ( 'NONE', *, *, #1200, .T. ) ;
#2902 = DIRECTION ( 'NONE',  ( 1.239088197126290669E-15, 0.000000000000000000, -1.000000000000000000 ) ) ;
#2903 = EDGE_CURVE ( 'NONE', #1940, #713, #757, .T. ) ;
#2904 = PLANE ( 'NONE',  #3602 ) ;
#2905 = ORIENTED_EDGE ( 'NONE', *, *, #1400, .T. ) ;
#2906 = ORIENTED_EDGE ( 'NONE', *, *, #3096, .F. ) ;
#2907 = VERTEX_POINT ( 'NONE', #248 ) ;
#2908 = EDGE_CURVE ( 'NONE', #516, #495, #2575, .T. ) ;
#2909 = EDGE_CURVE ( 'NONE', #1263, #2790, #1886, .T. ) ;
#2910 = PLANE ( 'NONE',  #2552 ) ;
#2911 = CARTESIAN_POINT ( 'NONE',  ( 1.074999999999999289, 0.4000000000000000222, -0.9749999999999999778 ) ) ;
#2912 = ORIENTED_EDGE ( 'NONE', *, *, #2152, .T. ) ;
#2913 = ADVANCED_FACE ( 'NONE', ( #3801 ), #3242, .T. ) ;
#2914 = DIRECTION ( 'NONE',  ( -1.000000000000000000, -0.000000000000000000, -0.000000000000000000 ) ) ;
#2915 = DIRECTION ( 'NONE',  ( 0.000000000000000000, 0.000000000000000000, -1.000000000000000000 ) ) ;
#2916 = LINE ( 'NONE', #1476, #1377 ) ;
#2917 = ORIENTED_EDGE ( 'NONE', *, *, #1466, .T. ) ;
#2918 = DIRECTION ( 'NONE',  ( -1.000000000000000000, 0.000000000000000000, 0.000000000000000000 ) ) ;
#2919 = ORIENTED_EDGE ( 'NONE', *, *, #2842, .F. ) ;
#2920 = AXIS2_PLACEMENT_3D ( 'NONE', #300, #619, #1153 ) ;
#2921 = DIRECTION ( 'NONE',  ( 0.000000000000000000, -1.000000000000000000, 0.000000000000000000 ) ) ;
#2922 = CARTESIAN_POINT ( 'NONE',  ( -1.250000000000000444, 0.4000000000000000222, 1.000000000000000000 ) ) ;
#2923 = CARTESIAN_POINT ( 'NONE',  ( 0.4500000000000003997, 0.2999999999999999889, -0.9460000000000000631 ) ) ;
#2924 = DIRECTION ( 'NONE',  ( 0.000000000000000000, -1.000000000000000000, 0.000000000000000000 ) ) ;
#2925 = DIRECTION ( 'NONE',  ( 1.000000000000000000, 0.000000000000000000, 0.000000000000000000 ) ) ;
#2926 = ORIENTED_EDGE ( 'NONE', *, *, #83, .F. ) ;
#2927 = VERTEX_POINT ( 'NONE', #3786 ) ;
#2928 = ORIENTED_EDGE ( 'NONE', *, *, #3404, .F. ) ;
#2929 = EDGE_CURVE ( 'NONE', #68, #2072, #283, .T. ) ;
#2930 = DIRECTION ( 'NONE',  ( 0.000000000000000000, 0.000000000000000000, -1.000000000000000000 ) ) ;
#2931 = PLANE ( 'NONE',  #1743 ) ;
#2932 = EDGE_LOOP ( 'NONE', ( #1163, #1344, #1322, #3766 ) ) ;
#2933 = AXIS2_PLACEMENT_3D ( 'NONE', #361, #658, #3368 ) ;
#2934 = ADVANCED_FACE ( 'NONE', ( #5 ), #1150, .F. ) ;
#2935 = AXIS2_PLACEMENT_3D ( 'NONE', #2596, #1101, #2296 ) ;
#2936 = CARTESIAN_POINT ( 'NONE',  ( -1.200000000000000622, 0.000000000000000000, -0.3500000000000000333 ) ) ;
#2937 = AXIS2_PLACEMENT_3D ( 'NONE', #477, #1401, #2249 ) ;
#2938 = DIRECTION ( 'NONE',  ( 0.000000000000000000, 0.000000000000000000, -1.000000000000000000 ) ) ;
#2939 = AXIS2_PLACEMENT_3D ( 'NONE', #2060, #3533, #1794 ) ;
#2940 = CARTESIAN_POINT ( 'NONE',  ( -1.125000000000000444, 0.4500000000000000666, 0.8249999999999999556 ) ) ;
#2941 = CARTESIAN_POINT ( 'NONE',  ( -1.250000000000000444, 0.2999999999999999889, 1.000000000000000000 ) ) ;
#2942 = AXIS2_PLACEMENT_3D ( 'NONE', #841, #1507, #1470 ) ;
#2943 = LINE ( 'NONE', #824, #1321 ) ;
#2944 = AXIS2_PLACEMENT_3D ( 'NONE', #2498, #3661, #2518 ) ;
#2945 = ORIENTED_EDGE ( 'NONE', *, *, #1385, .F. ) ;
#2946 = CARTESIAN_POINT ( 'NONE',  ( -1.200000000000000622, 0.2999999999999999889, 0.3500000000000000333 ) ) ;
#2947 = CARTESIAN_POINT ( 'NONE',  ( -1.250000000000000444, 0.2999999999999999334, 0.8249999999999999556 ) ) ;
#2948 = EDGE_CURVE ( 'NONE', #233, #1210, #2029, .T. ) ;
#2949 = DIRECTION ( 'NONE',  ( 0.000000000000000000, -0.000000000000000000, -1.000000000000000000 ) ) ;
#2950 = LINE ( 'NONE', #3814, #1826 ) ;
#2951 = VECTOR ( 'NONE', #3230, 1000.000000000000000 ) ;
#2952 = AXIS2_PLACEMENT_3D ( 'NONE', #444, #1324, #1617 ) ;
#2953 = EDGE_CURVE ( 'NONE', #548, #1983, #2378, .T. ) ;
#2954 = DIRECTION ( 'NONE',  ( 1.000000000000000000, 0.000000000000000000, -0.000000000000000000 ) ) ;
#2955 = DIRECTION ( 'NONE',  ( -1.819131161888430285E-16, 0.000000000000000000, 1.000000000000000000 ) ) ;
#2956 = VECTOR ( 'NONE', #3283, 1000.000000000000000 ) ;
#2957 =( NAMED_UNIT ( * ) PLANE_ANGLE_UNIT ( ) SI_UNIT ( $, .RADIAN. ) );
#2958 = DIRECTION ( 'NONE',  ( 1.000000000000000000, 0.000000000000000000, 0.000000000000000000 ) ) ;
#2959 = ORIENTED_EDGE ( 'NONE', *, *, #2448, .F. ) ;
#2960 = ADVANCED_FACE ( 'NONE', ( #891 ), #2819, .T. ) ;
#2961 = CARTESIAN_POINT ( 'NONE',  ( -1.075000000000000400, 0.5366025403784435710, -0.9250000000000000444 ) ) ;
#2962 = ORIENTED_EDGE ( 'NONE', *, *, #1504, .T. ) ;
#2963 = DIRECTION ( 'NONE',  ( 1.000000000000000000, -0.000000000000000000, -0.000000000000000000 ) ) ;
#2964 = EDGE_CURVE ( 'NONE', #2551, #953, #509, .T. ) ;
#2965 = AXIS2_PLACEMENT_3D ( 'NONE', #2923, #2584, #1728 ) ;
#2966 = LINE ( 'NONE', #3817, #3833 ) ;
#2967 = CARTESIAN_POINT ( 'NONE',  ( -0.4500000000000003997, 0.000000000000000000, 0.9460000000000000631 ) ) ;
#2968 = DIRECTION ( 'NONE',  ( -0.000000000000000000, 1.000000000000000000, -0.000000000000000000 ) ) ;
#2969 = ADVANCED_FACE ( 'NONE', ( #2601 ), #550, .F. ) ;
#2970 = EDGE_LOOP ( 'NONE', ( #1070, #104, #502, #3007 ) ) ;
#2971 = AXIS2_PLACEMENT_3D ( 'NONE', #466, #2877, #158 ) ;
#2972 = EDGE_CURVE ( 'NONE', #718, #3141, #1744, .T. ) ;
#2973 = EDGE_CURVE ( 'NONE', #3201, #3431, #1225, .T. ) ;
#2974 = DIRECTION ( 'NONE',  ( 0.000000000000000000, 0.000000000000000000, -1.000000000000000000 ) ) ;
#2975 = MECHANICAL_DESIGN_GEOMETRIC_PRESENTATION_REPRESENTATION (  '', ( #2282 ), #1597 ) ;
#2976 = DIRECTION ( 'NONE',  ( 0.000000000000000000, 0.000000000000000000, 1.000000000000000000 ) ) ;
#2977 = UNCERTAINTY_MEASURE_WITH_UNIT (LENGTH_MEASURE( 1.000000000000000082E-05 ), #1244, 'distance_accuracy_value', 'NONE');
#2978 = FACE_OUTER_BOUND ( 'NONE', #3826, .T. ) ;
#2979 = CARTESIAN_POINT ( 'NONE',  ( 1.250000000000000444, 0.2999999999999999334, -0.8999999999999999112 ) ) ;
#2980 = ORIENTED_EDGE ( 'NONE', *, *, #1394, .F. ) ;
#2981 = CARTESIAN_POINT ( 'NONE',  ( -1.150000000000000355, 1.330776406404415413, -1.000000000000000000 ) ) ;
#2982 = DIRECTION ( 'NONE',  ( -1.000000000000000000, 0.000000000000000000, 0.000000000000000000 ) ) ;
#2983 = VECTOR ( 'NONE', #116, 1000.000000000000000 ) ;
#2984 = CARTESIAN_POINT ( 'NONE',  ( 1.250000000000000444, 0.2999999999999999334, -1.000000000000000000 ) ) ;
#2985 = AXIS2_PLACEMENT_3D ( 'NONE', #3559, #2669, #2949 ) ;
#2986 = CARTESIAN_POINT ( 'NONE',  ( 0.4500000000000002887, 0.2999999999999999889, -0.3500000000000000333 ) ) ;
#2987 = CIRCLE ( 'NONE', #3470, 0.1499999999999999667 ) ;
#2988 = VECTOR ( 'NONE', #928, 1000.000000000000000 ) ;
#2989 = CARTESIAN_POINT ( 'NONE',  ( -1.250000000000000444, 0.000000000000000000, 1.000000000000000000 ) ) ;
#2990 = CARTESIAN_POINT ( 'NONE',  ( 1.074999999999999289, 0.4000000000000000222, -0.9249999999999999334 ) ) ;
#2991 = EDGE_CURVE ( 'NONE', #3749, #1284, #755, .T. ) ;
#2992 = VERTEX_POINT ( 'NONE', #1559 ) ;
#2993 = DIRECTION ( 'NONE',  ( 0.000000000000000000, 0.000000000000000000, -1.000000000000000000 ) ) ;
#2994 = DIRECTION ( 'NONE',  ( -0.000000000000000000, -1.000000000000000000, -0.000000000000000000 ) ) ;
#2995 = DIRECTION ( 'NONE',  ( -0.000000000000000000, -1.000000000000000000, -0.000000000000000000 ) ) ;
#2996 = EDGE_LOOP ( 'NONE', ( #2465, #2686, #1356, #2841 ) ) ;
#2997 = VECTOR ( 'NONE', #243, 1000.000000000000000 ) ;
#2998 = DIRECTION ( 'NONE',  ( -0.000000000000000000, -1.000000000000000000, -0.000000000000000000 ) ) ;
#2999 = ORIENTED_EDGE ( 'NONE', *, *, #3405, .F. ) ;
#3000 = DIRECTION ( 'NONE',  ( 1.000000000000000000, 0.000000000000000000, 0.000000000000000000 ) ) ;
#3001 = DIRECTION ( 'NONE',  ( -0.000000000000000000, 0.000000000000000000, -1.000000000000000000 ) ) ;
#3002 = DIRECTION ( 'NONE',  ( 0.000000000000000000, -1.000000000000000000, 0.000000000000000000 ) ) ;
#3003 = AXIS2_PLACEMENT_3D ( 'NONE', #3434, #772, #1027 ) ;
#3004 = CIRCLE ( 'NONE', #139, 0.1000000000000000472 ) ;
#3005 = FACE_OUTER_BOUND ( 'NONE', #837, .T. ) ;
#3006 = CIRCLE ( 'NONE', #2643, 0.1000000000000000472 ) ;
#3007 = ORIENTED_EDGE ( 'NONE', *, *, #3409, .F. ) ;
#3008 = DIRECTION ( 'NONE',  ( -0.000000000000000000, -1.000000000000000000, -0.000000000000000000 ) ) ;
#3009 = DIRECTION ( 'NONE',  ( -0.000000000000000000, -1.000000000000000000, -0.000000000000000000 ) ) ;
#3010 = ORIENTED_EDGE ( 'NONE', *, *, #488, .T. ) ;
#3011 = LINE ( 'NONE', #319, #93 ) ;
#3012 = CIRCLE ( 'NONE', #520, 0.1000000000000001582 ) ;
#3013 = ADVANCED_FACE ( 'NONE', ( #3334 ), #2736, .T. ) ;
#3014 = DIRECTION ( 'NONE',  ( -0.000000000000000000, 1.000000000000000000, -0.000000000000000000 ) ) ;
#3015 = ORIENTED_EDGE ( 'NONE', *, *, #3728, .T. ) ;
#3016 = CARTESIAN_POINT ( 'NONE',  ( -0.4500000000000002887, 1.330776406404415413, 0.3500000000000000333 ) ) ;
#3017 = ORIENTED_EDGE ( 'NONE', *, *, #3806, .F. ) ;
#3018 = CARTESIAN_POINT ( 'NONE',  ( -1.200000000000000622, 0.2999999999999999334, -0.3500000000000000333 ) ) ;
#3019 = EDGE_CURVE ( 'NONE', #3749, #3320, #1817, .T. ) ;
#3020 = EDGE_CURVE ( 'NONE', #814, #2237, #3237, .T. ) ;
#3021 = ADVANCED_FACE ( 'NONE', ( #3643 ), #3589, .F. ) ;
#3022 = DIRECTION ( 'NONE',  ( 0.000000000000000000, -1.000000000000000000, 0.000000000000000000 ) ) ;
#3023 = DIRECTION ( 'NONE',  ( 0.000000000000000000, 0.000000000000000000, -1.000000000000000000 ) ) ;
#3024 = CLOSED_SHELL ( 'NONE', ( #3167, #434, #842, #769, #2969, #526, #1551, #1424, #575, #2724, #540, #2397, #2484, #112, #3355, #3058, #1176, #2259, #415, #1600, #1875, #20, #668, #1778, #2960 ) ) ;
#3025 = CYLINDRICAL_SURFACE ( 'NONE', #572, 0.1000000000000000472 ) ;
#3026 = ORIENTED_EDGE ( 'NONE', *, *, #2623, .F. ) ;
#3027 = CYLINDRICAL_SURFACE ( 'NONE', #2405, 0.1499999999999999667 ) ;
#3028 = DIRECTION ( 'NONE',  ( 0.000000000000000000, -1.000000000000000000, 0.000000000000000000 ) ) ;
#3029 = CARTESIAN_POINT ( 'NONE',  ( -1.075000000000000400, 0.4499999999999999001, 0.8750000000000000000 ) ) ;
#3030 = CIRCLE ( 'NONE', #2278, 0.1750000000000000167 ) ;
#3031 = ORIENTED_EDGE ( 'NONE', *, *, #21, .T. ) ;
#3032 = ORIENTED_EDGE ( 'NONE', *, *, #1007, .F. ) ;
#3033 = ORIENTED_EDGE ( 'NONE', *, *, #888, .F. ) ;
#3034 = COLOUR_RGB ( '',0.7960784313725489669, 0.8235294117647058432, 0.9372549019607843146 ) ;
#3035 = CARTESIAN_POINT ( 'NONE',  ( 1.250000000000000444, 0.000000000000000000, -0.8249999999999999556 ) ) ;
#3036 = DIRECTION ( 'NONE',  ( -0.000000000000000000, -1.000000000000000000, -0.000000000000000000 ) ) ;
#3037 = DIRECTION ( 'NONE',  ( 1.819131161888430285E-16, 0.000000000000000000, -1.000000000000000000 ) ) ;
#3038 = EDGE_CURVE ( 'NONE', #2225, #2019, #386, .T. ) ;
#3039 = VECTOR ( 'NONE', #1752, 1000.000000000000000 ) ;
#3040 = DIRECTION ( 'NONE',  ( 0.000000000000000000, -1.000000000000000000, 0.000000000000000000 ) ) ;
#3041 = ORIENTED_EDGE ( 'NONE', *, *, #2620, .F. ) ;
#3042 = CARTESIAN_POINT ( 'NONE',  ( -1.075000000000000400, 0.4000000000000000222, 0.9750000000000000888 ) ) ;
#3043 =( GEOMETRIC_REPRESENTATION_CONTEXT ( 3 ) GLOBAL_UNCERTAINTY_ASSIGNED_CONTEXT ( ( #3540 ) ) GLOBAL_UNIT_ASSIGNED_CONTEXT ( ( #2187, #2730, #1871 ) ) REPRESENTATION_CONTEXT ( 'NONE', 'WORKASPACE' ) );
#3044 = AXIS2_PLACEMENT_3D ( 'NONE', #2511, #2208, #3103 ) ;
#3045 = VECTOR ( 'NONE', #2850, 1000.000000000000000 ) ;
#3046 = ORIENTED_EDGE ( 'NONE', *, *, #3681, .F. ) ;
#3047 = LINE ( 'NONE', #2502, #1655 ) ;
#3048 = CARTESIAN_POINT ( 'NONE',  ( 1.074999999999999067, 0.4499999999999999001, 0.8249999999999997335 ) ) ;
#3049 = ORIENTED_EDGE ( 'NONE', *, *, #1269, .T. ) ;
#3050 = EDGE_CURVE ( 'NONE', #3260, #1879, #1576, .T. ) ;
#3051 = ORIENTED_EDGE ( 'NONE', *, *, #3819, .F. ) ;
#3052 = ORIENTED_EDGE ( 'NONE', *, *, #3819, .T. ) ;
#3053 = EDGE_CURVE ( 'NONE', #3685, #3427, #3626, .T. ) ;
#3054 = CARTESIAN_POINT ( 'NONE',  ( -1.175000000000000488, 0.5500000000000000444, -0.8249999999999999556 ) ) ;
#3055 = AXIS2_PLACEMENT_3D ( 'NONE', #2787, #135, #1302 ) ;
#3056 = DIRECTION ( 'NONE',  ( 1.000000000000000000, 0.000000000000000000, 0.000000000000000000 ) ) ;
#3057 = ORIENTED_EDGE ( 'NONE', *, *, #1640, .T. ) ;
#3058 = ADVANCED_FACE ( 'NONE', ( #3005 ), #3025, .F. ) ;
#3059 = CARTESIAN_POINT ( 'NONE',  ( -1.075000000000000400, 3.731293662370235076, 0.8249999999999999556 ) ) ;
#3060 = ORIENTED_EDGE ( 'NONE', *, *, #1060, .F. ) ;
#3061 = ADVANCED_FACE ( 'NONE', ( #330 ), #2771, .T. ) ;
#3062 = AXIS2_PLACEMENT_3D ( 'NONE', #1585, #46, #2776 ) ;
#3063 = ADVANCED_FACE ( 'NONE', ( #60 ), #1281, .F. ) ;
#3064 = DIRECTION ( 'NONE',  ( -1.000000000000000000, 0.000000000000000000, 0.000000000000000000 ) ) ;
#3065 = VERTEX_POINT ( 'NONE', #2084 ) ;
#3066 = DIRECTION ( 'NONE',  ( -1.000000000000000000, 0.000000000000000000, 0.000000000000000000 ) ) ;
#3067 = ORIENTED_EDGE ( 'NONE', *, *, #320, .F. ) ;
#3068 = LINE ( 'NONE', #3347, #3352 ) ;
#3069 = ORIENTED_EDGE ( 'NONE', *, *, #2329, .T. ) ;
#3070 = EDGE_CURVE ( 'NONE', #1210, #2311, #947, .T. ) ;
#3071 = DIRECTION ( 'NONE',  ( 0.000000000000000000, 0.000000000000000000, -1.000000000000000000 ) ) ;
#3072 = DIRECTION ( 'NONE',  ( -5.042800802258160488E-17, 0.000000000000000000, 1.000000000000000000 ) ) ;
#3073 = VERTEX_POINT ( 'NONE', #1245 ) ;
#3074 = CYLINDRICAL_SURFACE ( 'NONE', #1256, 0.1750000000000000167 ) ;
#3075 = ORIENTED_EDGE ( 'NONE', *, *, #3020, .F. ) ;
#3076 = EDGE_CURVE ( 'NONE', #1283, #2453, #2399, .T. ) ;
#3077 = ORIENTED_EDGE ( 'NONE', *, *, #3221, .F. ) ;
#3078 = ADVANCED_FACE ( 'NONE', ( #2700 ), #1195, .T. ) ;
#3079 = DIRECTION ( 'NONE',  ( 0.000000000000000000, 1.000000000000000000, 0.000000000000000000 ) ) ;
#3080 = CARTESIAN_POINT ( 'NONE',  ( -0.4500000000000002887, 1.330776406404415413, -0.3500000000000000333 ) ) ;
#3081 = DIRECTION ( 'NONE',  ( -0.000000000000000000, 1.000000000000000000, -0.000000000000000000 ) ) ;
#3082 = VERTEX_POINT ( 'NONE', #2460 ) ;
#3083 = DIRECTION ( 'NONE',  ( 1.819131161888430285E-16, -0.000000000000000000, -1.000000000000000000 ) ) ;
#3084 = VECTOR ( 'NONE', #3535, 1000.000000000000000 ) ;
#3085 = VERTEX_POINT ( 'NONE', #2986 ) ;
#3086 = CARTESIAN_POINT ( 'NONE',  ( 1.200000000000000622, 0.2999999999999999889, 0.3500000000000000333 ) ) ;
#3087 = DIRECTION ( 'NONE',  ( 0.000000000000000000, 1.000000000000000000, 0.000000000000000000 ) ) ;
#3088 = DIRECTION ( 'NONE',  ( -1.000000000000000000, 0.000000000000000000, 1.314184451497581259E-16 ) ) ;
#3089 = SURFACE_STYLE_USAGE ( .BOTH. , #3374 ) ;
#3090 = FACE_BOUND ( 'NONE', #751, .T. ) ;
#3091 = EDGE_LOOP ( 'NONE', ( #3465, #2917, #828, #2114, #1732, #2264, #2051, #3642, #1381 ) ) ;
#3092 = EDGE_CURVE ( 'NONE', #15, #1416, #1887, .T. ) ;
#3093 = ORIENTED_EDGE ( 'NONE', *, *, #1224, .F. ) ;
#3094 = VECTOR ( 'NONE', #2312, 1000.000000000000000 ) ;
#3095 = AXIS2_PLACEMENT_3D ( 'NONE', #952, #3238, #2137 ) ;
#3096 = EDGE_CURVE ( 'NONE', #3704, #3413, #691, .T. ) ;
#3097 = PLANE ( 'NONE',  #794 ) ;
#3098 = VECTOR ( 'NONE', #2458, 1000.000000000000000 ) ;
#3099 = ORIENTED_EDGE ( 'NONE', *, *, #1775, .T. ) ;
#3100 = AXIS2_PLACEMENT_3D ( 'NONE', #639, #1835, #3023 ) ;
#3101 = ORIENTED_EDGE ( 'NONE', *, *, #1895, .F. ) ;
#3102 = EDGE_LOOP ( 'NONE', ( #1079, #2945, #2257, #1378 ) ) ;
#3103 = DIRECTION ( 'NONE',  ( 0.000000000000000000, 0.000000000000000000, -1.000000000000000000 ) ) ;
#3104 = PLANE ( 'NONE',  #3829 ) ;
#3105 = CARTESIAN_POINT ( 'NONE',  ( 0.4500000000000003997, 1.330776406404415413, 0.9460000000000000631 ) ) ;
#3106 = VECTOR ( 'NONE', #1811, 1000.000000000000000 ) ;
#3107 = CARTESIAN_POINT ( 'NONE',  ( -1.075000000000000400, 0.5366025403784437930, 0.8249999999999999556 ) ) ;
#3108 = ORIENTED_EDGE ( 'NONE', *, *, #3019, .T. ) ;
#3109 = VECTOR ( 'NONE', #1955, 1000.000000000000000 ) ;
#3110 = CARTESIAN_POINT ( 'NONE',  ( -1.250000000000000444, 0.4000000000000000222, 0.8999999999999999112 ) ) ;
#3111 = CARTESIAN_POINT ( 'NONE',  ( -1.200000000000000622, 0.2999999999999999334, -0.3500000000000000333 ) ) ;
#3112 = VERTEX_POINT ( 'NONE', #1048 ) ;
#3113 = CIRCLE ( 'NONE', #3787, 0.1000000000000000472 ) ;
#3114 = LINE ( 'NONE', #2542, #2011 ) ;
#3115 = ORIENTED_EDGE ( 'NONE', *, *, #102, .F. ) ;
#3116 = CARTESIAN_POINT ( 'NONE',  ( 1.075000000000000400, 0.2999999999999999889, -1.000000000000000000 ) ) ;
#3117 = CARTESIAN_POINT ( 'NONE',  ( -1.125000000000000666, 0.6000000000000000888, 0.8249999999999999556 ) ) ;
#3118 = ORIENTED_EDGE ( 'NONE', *, *, #1759, .F. ) ;
#3119 = ORIENTED_EDGE ( 'NONE', *, *, #1444, .F. ) ;
#3120 = VECTOR ( 'NONE', #3009, 1000.000000000000000 ) ;
#3121 = EDGE_LOOP ( 'NONE', ( #3744, #1419, #3077, #2469 ) ) ;
#3122 = CARTESIAN_POINT ( 'NONE',  ( -1.175000000000000488, 0.5366025403784436820, -0.8249999999999999556 ) ) ;
#3124 = EDGE_CURVE ( 'NONE', #3382, #3601, #2444, .T. ) ;
#3123 = FACE_OUTER_BOUND ( 'NONE', #226, .T. ) ;
#3125 = ORIENTED_EDGE ( 'NONE', *, *, #1103, .T. ) ;
#3126 = ADVANCED_FACE ( 'NONE', ( #2256 ), #2833, .T. ) ;
#3127 = FACE_OUTER_BOUND ( 'NONE', #3392, .T. ) ;
#3128 = EDGE_CURVE ( 'NONE', #814, #1951, #3417, .T. ) ;
#3129 = ORIENTED_EDGE ( 'NONE', *, *, #2661, .F. ) ;
#3130 = EDGE_CURVE ( 'NONE', #292, #3379, #2851, .T. ) ;
#3131 = PLANE ( 'NONE',  #1308 ) ;
#3132 =( NAMED_UNIT ( * ) PLANE_ANGLE_UNIT ( ) SI_UNIT ( $, .RADIAN. ) );
#3133 = CARTESIAN_POINT ( 'NONE',  ( 1.074999999999999067, 0.4000000000000000222, 0.8249999999999997335 ) ) ;
#3134 = VERTEX_POINT ( 'NONE', #752 ) ;
#3135 = CARTESIAN_POINT ( 'NONE',  ( 1.075000000000000400, 1.330776406404415413, 1.000000000000000000 ) ) ;
#3136 = DIRECTION ( 'NONE',  ( 1.314184451497581259E-16, -0.000000000000000000, 1.000000000000000000 ) ) ;
#3137 = EDGE_LOOP ( 'NONE', ( #3151, #3784, #2204, #606 ) ) ;
#3138 = CARTESIAN_POINT ( 'NONE',  ( -1.200000000000000622, 0.000000000000000000, -0.3500000000000000333 ) ) ;
#3139 = PLANE ( 'NONE',  #2482 ) ;
#3140 = VECTOR ( 'NONE', #391, 1000.000000000000000 ) ;
#3141 = VERTEX_POINT ( 'NONE', #176 ) ;
#3142 = ORIENTED_EDGE ( 'NONE', *, *, #2479, .T. ) ;
#3143 = VERTEX_POINT ( 'NONE', #3111 ) ;
#3144 = DIRECTION ( 'NONE',  ( 0.000000000000000000, 0.000000000000000000, -1.000000000000000000 ) ) ;
#3145 = CARTESIAN_POINT ( 'NONE',  ( 1.074999999999999067, 0.5500000000000000444, -0.8749999999999998890 ) ) ;
#3146 = ORIENTED_EDGE ( 'NONE', *, *, #58, .T. ) ;
#3147 = DIRECTION ( 'NONE',  ( 0.000000000000000000, -1.000000000000000000, 0.000000000000000000 ) ) ;
#3148 = LINE ( 'NONE', #3163, #2218 ) ;
#3149 = EDGE_CURVE ( 'NONE', #2212, #1080, #2539, .T. ) ;
#3150 = DIRECTION ( 'NONE',  ( 0.000000000000000000, 1.000000000000000000, 0.000000000000000000 ) ) ;
#3151 = ORIENTED_EDGE ( 'NONE', *, *, #1098, .F. ) ;
#3152 = FACE_OUTER_BOUND ( 'NONE', #1801, .T. ) ;
#3153 = LINE ( 'NONE', #3080, #2983 ) ;
#3154 = CIRCLE ( 'NONE', #1428, 0.1000000000000000472 ) ;
#3155 = ORIENTED_EDGE ( 'NONE', *, *, #2645, .F. ) ;
#3156 = EDGE_LOOP ( 'NONE', ( #1791, #980, #2818, #3519 ) ) ;
#3157 = AXIS2_PLACEMENT_3D ( 'NONE', #192, #1083, #1357 ) ;
#3158 = CARTESIAN_POINT ( 'NONE',  ( 1.074999999999999289, 0.5500000000000000444, -0.9249999999999999334 ) ) ;
#3159 = CYLINDRICAL_SURFACE ( 'NONE', #491, 0.1000000000000001582 ) ;
#3160 = ORIENTED_EDGE ( 'NONE', *, *, #1511, .F. ) ;
#3161 = STYLED_ITEM ( 'NONE', ( #3575 ), #1146 ) ;
#3162 = CARTESIAN_POINT ( 'NONE',  ( -1.075000000000000400, 0.4499999999999999001, -0.8249999999999999556 ) ) ;
#3163 = CARTESIAN_POINT ( 'NONE',  ( 1.083539794545363311, 0.000000000000000000, -0.9460000000000000631 ) ) ;
#3164 = PLANE ( 'NONE',  #188 ) ;
#3165 = CARTESIAN_POINT ( 'NONE',  ( 1.200000000000000622, 1.330776406404415413, 0.8322949016875157424 ) ) ;
#3166 = ORIENTED_EDGE ( 'NONE', *, *, #1994, .F. ) ;
#3167 = ADVANCED_FACE ( 'NONE', ( #1950, #3090 ), #422, .F. ) ;
#3168 = LINE ( 'NONE', #775, #3452 ) ;
#3169 = ADVANCED_FACE ( 'NONE', ( #1969 ), #1343, .F. ) ;
#3170 = STYLED_ITEM ( 'NONE', ( #1573 ), #2408 ) ;
#3171 = ORIENTED_EDGE ( 'NONE', *, *, #321, .F. ) ;
#3172 = CARTESIAN_POINT ( 'NONE',  ( 1.174999999999999156, 0.5500000000000000444, -0.8249999999999999556 ) ) ;
#3173 = EDGE_CURVE ( 'NONE', #1723, #496, #3394, .T. ) ;
#3174 = DIRECTION ( 'NONE',  ( -0.000000000000000000, -1.000000000000000000, -0.000000000000000000 ) ) ;
#3175 = ORIENTED_EDGE ( 'NONE', *, *, #3258, .T. ) ;
#3176 = ORIENTED_EDGE ( 'NONE', *, *, #299, .T. ) ;
#3177 = ORIENTED_EDGE ( 'NONE', *, *, #1385, .T. ) ;
#3178 = CARTESIAN_POINT ( 'NONE',  ( 1.250000000000000444, 0.2999999999999999889, 0.8249999999999999556 ) ) ;
#3179 = CIRCLE ( 'NONE', #1510, 0.1750000000000000167 ) ;
#3180 = FACE_OUTER_BOUND ( 'NONE', #1178, .T. ) ;
#3181 = AXIS2_PLACEMENT_3D ( 'NONE', #3630, #3064, #995 ) ;
#3182 = ORIENTED_EDGE ( 'NONE', *, *, #1735, .T. ) ;
#3183 = CYLINDRICAL_SURFACE ( 'NONE', #2053, 0.1750000000000000167 ) ;
#3184 = ORIENTED_EDGE ( 'NONE', *, *, #3805, .T. ) ;
#3185 = CARTESIAN_POINT ( 'NONE',  ( -1.083539794545363311, 0.000000000000000000, 0.9460000000000000631 ) ) ;
#3186 = LINE ( 'NONE', #3473, #2490 ) ;
#3187 = FACE_OUTER_BOUND ( 'NONE', #2139, .T. ) ;
#3188 = ORIENTED_EDGE ( 'NONE', *, *, #3806, .T. ) ;
#3189 = PLANE ( 'NONE',  #1682 ) ;
#3190 = CARTESIAN_POINT ( 'NONE',  ( -1.200000000000000622, 0.000000000000000000, 0.3500000000000000333 ) ) ;
#3191 = DIRECTION ( 'NONE',  ( 0.000000000000000000, 0.000000000000000000, -1.000000000000000000 ) ) ;
#3192 = DIRECTION ( 'NONE',  ( -0.000000000000000000, 1.000000000000000000, -0.000000000000000000 ) ) ;
#3193 = EDGE_CURVE ( 'NONE', #1840, #1983, #138, .T. ) ;
#3194 = CARTESIAN_POINT ( 'NONE',  ( 1.074999999999999067, 0.5366025403784439041, 0.8249999999999997335 ) ) ;
#3195 = LINE ( 'NONE', #273, #1628 ) ;
#3196 = EDGE_CURVE ( 'NONE', #814, #40, #201, .T. ) ;
#3197 = ORIENTED_EDGE ( 'NONE', *, *, #598, .T. ) ;
#3198 = ORIENTED_EDGE ( 'NONE', *, *, #3455, .T. ) ;
#3199 = ORIENTED_EDGE ( 'NONE', *, *, #1702, .F. ) ;
#3200 = CARTESIAN_POINT ( 'NONE',  ( -1.200000000000000622, 0.2999999999999999889, 0.3500000000000000333 ) ) ;
#3201 = VERTEX_POINT ( 'NONE', #992 ) ;
#3202 = DIRECTION ( 'NONE',  ( 0.000000000000000000, -1.000000000000000000, 0.000000000000000000 ) ) ;
#3203 = CARTESIAN_POINT ( 'NONE',  ( 1.249999999999999556, 0.4000000000000000222, 0.9999999999999997780 ) ) ;
#3204 = ORIENTED_EDGE ( 'NONE', *, *, #451, .F. ) ;
#3205 = VECTOR ( 'NONE', #3707, 1000.000000000000000 ) ;
#3206 = DIRECTION ( 'NONE',  ( -1.000000000000000000, -0.000000000000000000, -5.042800802258160488E-17 ) ) ;
#3207 = CARTESIAN_POINT ( 'NONE',  ( -1.125000000000000666, 0.5500000000000000444, 0.8249999999999997335 ) ) ;
#3208 = EDGE_CURVE ( 'NONE', #2634, #3361, #2175, .T. ) ;
#3209 = AXIS2_PLACEMENT_3D ( 'NONE', #528, #3513, #3496 ) ;
#3210 = DIRECTION ( 'NONE',  ( 0.000000000000000000, 0.000000000000000000, -1.000000000000000000 ) ) ;
#3211 = ADVANCED_FACE ( 'NONE', ( #1893 ), #3074, .T. ) ;
#3212 = LINE ( 'NONE', #874, #2633 ) ;
#3213 = DIRECTION ( 'NONE',  ( -1.819131161888430285E-16, 0.000000000000000000, -1.000000000000000000 ) ) ;
#3214 = VERTEX_POINT ( 'NONE', #1906 ) ;
#3215 = EDGE_CURVE ( 'NONE', #1721, #1408, #1944, .T. ) ;
#3216 = VECTOR ( 'NONE', #1434, 1000.000000000000000 ) ;
#3217 = LINE ( 'NONE', #555, #3039 ) ;
#3218 = DIRECTION ( 'NONE',  ( 1.000000000000000000, 0.000000000000000000, 0.000000000000000000 ) ) ;
#3219 = ORIENTED_EDGE ( 'NONE', *, *, #3778, .F. ) ;
#3220 = CARTESIAN_POINT ( 'NONE',  ( -0.4500000000000002887, 0.000000000000000000, 0.3500000000000000333 ) ) ;
#3221 = EDGE_CURVE ( 'NONE', #233, #857, #199, .T. ) ;
#3222 = DIRECTION ( 'NONE',  ( 0.000000000000000000, 0.000000000000000000, -1.000000000000000000 ) ) ;
#3223 = CARTESIAN_POINT ( 'NONE',  ( -1.250000000000000444, 0.2999999999999999334, 1.000000000000000000 ) ) ;
#3224 = DIRECTION ( 'NONE',  ( 1.000000000000000000, 0.000000000000000000, 0.000000000000000000 ) ) ;
#3225 = ORIENTED_EDGE ( 'NONE', *, *, #1224, .T. ) ;
#3226 = VECTOR ( 'NONE', #3581, 1000.000000000000000 ) ;
#3227 = EDGE_CURVE ( 'NONE', #309, #1362, #3678, .T. ) ;
#3228 = LINE ( 'NONE', #567, #3664 ) ;
#3229 = VECTOR ( 'NONE', #48, 1000.000000000000000 ) ;
#3230 = DIRECTION ( 'NONE',  ( 0.000000000000000000, 0.000000000000000000, -1.000000000000000000 ) ) ;
#3231 = DIRECTION ( 'NONE',  ( -1.000000000000000000, 0.000000000000000000, -0.000000000000000000 ) ) ;
#3232 = CARTESIAN_POINT ( 'NONE',  ( -1.225000000000000311, 0.4000000000000000222, -0.8249999999999999556 ) ) ;
#3233 = DIRECTION ( 'NONE',  ( 0.000000000000000000, 0.000000000000000000, 1.000000000000000000 ) ) ;
#3234 = ORIENTED_EDGE ( 'NONE', *, *, #3227, .F. ) ;
#3235 = LINE ( 'NONE', #3508, #3553 ) ;
#3236 = ORIENTED_EDGE ( 'NONE', *, *, #1640, .F. ) ;
#3237 = CIRCLE ( 'NONE', #3424, 0.1000000000000000472 ) ;
#3238 = DIRECTION ( 'NONE',  ( -0.000000000000000000, -1.000000000000000000, -0.000000000000000000 ) ) ;
#3239 = EDGE_CURVE ( 'NONE', #2289, #1852, #2693, .T. ) ;
#3240 = DIRECTION ( 'NONE',  ( 0.000000000000000000, 0.000000000000000000, -1.000000000000000000 ) ) ;
#3241 = EDGE_CURVE ( 'NONE', #2419, #2453, #3718, .T. ) ;
#3242 = CYLINDRICAL_SURFACE ( 'NONE', #2701, 0.04999999999999991257 ) ;
#3243 = DIRECTION ( 'NONE',  ( 0.000000000000000000, 0.000000000000000000, -1.000000000000000000 ) ) ;
#3244 = LINE ( 'NONE', #1998, #3769 ) ;
#3245 = ORIENTED_EDGE ( 'NONE', *, *, #1126, .T. ) ;
#3246 = LINE ( 'NONE', #1750, #2179 ) ;
#3247 = DIRECTION ( 'NONE',  ( 0.000000000000000000, -0.000000000000000000, -1.000000000000000000 ) ) ;
#3248 = LINE ( 'NONE', #259, #54 ) ;
#3249 = VERTEX_POINT ( 'NONE', #1198 ) ;
#3250 = DIRECTION ( 'NONE',  ( 0.000000000000000000, -1.000000000000000000, 0.000000000000000000 ) ) ;
#3251 = VERTEX_POINT ( 'NONE', #524 ) ;
#3252 = ORIENTED_EDGE ( 'NONE', *, *, #3503, .F. ) ;
#3253 = CARTESIAN_POINT ( 'NONE',  ( 1.074999999999999289, 3.731293662370235076, -0.8249999999999999556 ) ) ;
#3254 = AXIS2_PLACEMENT_3D ( 'NONE', #409, #957, #3321 ) ;
#3255 = DIRECTION ( 'NONE',  ( 0.000000000000000000, 0.000000000000000000, -1.000000000000000000 ) ) ;
#3256 = LINE ( 'NONE', #1501, #123 ) ;
#3257 = ORIENTED_EDGE ( 'NONE', *, *, #3287, .T. ) ;
#3258 = EDGE_CURVE ( 'NONE', #713, #1498, #2390, .T. ) ;
#3259 = DIRECTION ( 'NONE',  ( 0.000000000000000000, 1.000000000000000000, 0.000000000000000000 ) ) ;
#3260 = VERTEX_POINT ( 'NONE', #3270 ) ;
#3261 = CARTESIAN_POINT ( 'NONE',  ( -1.200000000000000622, 0.2999999999999999334, 0.3500000000000000333 ) ) ;
#3262 = VECTOR ( 'NONE', #2683, 1000.000000000000000 ) ;
#3263 = LINE ( 'NONE', #1905, #3488 ) ;
#3264 = ORIENTED_EDGE ( 'NONE', *, *, #2035, .T. ) ;
#3265 = LINE ( 'NONE', #1193, #66 ) ;
#3266 = DIRECTION ( 'NONE',  ( 0.000000000000000000, 0.000000000000000000, -1.000000000000000000 ) ) ;
#3267 = CARTESIAN_POINT ( 'NONE',  ( 1.250000000000000444, 0.2999999999999999889, 1.000000000000000000 ) ) ;
#3268 = DIRECTION ( 'NONE',  ( -1.000000000000000000, 0.000000000000000000, -0.000000000000000000 ) ) ;
#3269 = EDGE_LOOP ( 'NONE', ( #955, #3093, #996, #3426 ) ) ;
#3270 = CARTESIAN_POINT ( 'NONE',  ( 0.4500000000000003997, 0.2999999999999999889, 0.9460000000000000631 ) ) ;
#3271 = ORIENTED_EDGE ( 'NONE', *, *, #2244, .F. ) ;
#3272 = DIRECTION ( 'NONE',  ( -0.000000000000000000, -1.000000000000000000, 0.000000000000000000 ) ) ;
#3273 = LINE ( 'NONE', #1813, #2169 ) ;
#3274 = VECTOR ( 'NONE', #2022, 1000.000000000000000 ) ;
#3275 = ORIENTED_EDGE ( 'NONE', *, *, #1690, .T. ) ;
#3276 = VECTOR ( 'NONE', #3429, 1000.000000000000000 ) ;
#3277 = CARTESIAN_POINT ( 'NONE',  ( -1.200000000000000622, 1.330776406404415413, 0.8322949016875157424 ) ) ;
#3278 = AXIS2_PLACEMENT_3D ( 'NONE', #1185, #315, #2699 ) ;
#3279 = ORIENTED_EDGE ( 'NONE', *, *, #3096, .T. ) ;
#3280 = EDGE_CURVE ( 'NONE', #1110, #2746, #1722, .T. ) ;
#3281 = CYLINDRICAL_SURFACE ( 'NONE', #634, 0.1000000000000000472 ) ;
#3282 =( NAMED_UNIT ( * ) PLANE_ANGLE_UNIT ( ) SI_UNIT ( $, .RADIAN. ) );
#3283 = DIRECTION ( 'NONE',  ( 0.000000000000000000, -1.000000000000000000, 0.000000000000000000 ) ) ;
#3284 = EDGE_CURVE ( 'NONE', #3652, #2237, #1809, .T. ) ;
#3285 = CARTESIAN_POINT ( 'NONE',  ( 1.250000000000000444, 0.2999999999999999889, -1.000000000000000000 ) ) ;
#3286 = EDGE_CURVE ( 'NONE', #3214, #496, #682, .T. ) ;
#3287 = EDGE_CURVE ( 'NONE', #516, #2433, #1407, .T. ) ;
#3288 = AXIS2_PLACEMENT_3D ( 'NONE', #536, #1139, #2345 ) ;
#3289 = DIRECTION ( 'NONE',  ( -0.000000000000000000, -1.000000000000000000, -0.000000000000000000 ) ) ;
#3290 = ORIENTED_EDGE ( 'NONE', *, *, #1854, .T. ) ;
#3291 = CIRCLE ( 'NONE', #2119, 0.1750000000000000167 ) ;
#3292 = DIRECTION ( 'NONE',  ( 0.000000000000000000, -1.000000000000000000, 0.000000000000000000 ) ) ;
#3293 = DIRECTION ( 'NONE',  ( 1.000000000000000000, 0.000000000000000000, -0.000000000000000000 ) ) ;
#3294 = CARTESIAN_POINT ( 'NONE',  ( 1.074999999999999067, 0.5500000000000000444, 0.9249999999999997113 ) ) ;
#3295 = CYLINDRICAL_SURFACE ( 'NONE', #3100, 0.1500000000000001887 ) ;
#3296 = VECTOR ( 'NONE', #3700, 1000.000000000000000 ) ;
#3297 = SHAPE_DEFINITION_REPRESENTATION ( #412, #3506 ) ;
#3298 = CIRCLE ( 'NONE', #810, 0.1000000000000000472 ) ;
#3299 = DIRECTION ( 'NONE',  ( -0.000000000000000000, -1.000000000000000000, -0.000000000000000000 ) ) ;
#3300 = VECTOR ( 'NONE', #3136, 1000.000000000000000 ) ;
#3301 = VERTEX_POINT ( 'NONE', #2979 ) ;
#3302 = DIRECTION ( 'NONE',  ( 0.000000000000000000, 0.000000000000000000, -1.000000000000000000 ) ) ;
#3303 = CARTESIAN_POINT ( 'NONE',  ( -1.250000000000000444, 0.000000000000000000, 1.000000000000000000 ) ) ;
#3304 = EDGE_LOOP ( 'NONE', ( #470, #2128, #3017, #684, #3155, #2519, #2765, #608, #2265, #3041, #884, #1310, #3415, #3252, #3491, #3456, #2248, #1668, #2174, #2182, #1856, #2611, #69, #2143, #3317, #1138, #1647, #2452 ) ) ;
#3305 = EDGE_CURVE ( 'NONE', #3134, #3413, #1988, .T. ) ;
#3306 = DIRECTION ( 'NONE',  ( 0.000000000000000000, 0.000000000000000000, -1.000000000000000000 ) ) ;
#3307 = CARTESIAN_POINT ( 'NONE',  ( -1.250000000000000444, 0.2999999999999999334, -1.000000000000000000 ) ) ;
#3308 = ORIENTED_EDGE ( 'NONE', *, *, #2069, .T. ) ;
#3309 = DIRECTION ( 'NONE',  ( -1.000000000000000000, -0.000000000000000000, -0.000000000000000000 ) ) ;
#3310 = ORIENTED_EDGE ( 'NONE', *, *, #1578, .F. ) ;
#3311 = CARTESIAN_POINT ( 'NONE',  ( -1.250000000000000444, 0.2999999999999999889, -0.8249999999999999556 ) ) ;
#3312 = CARTESIAN_POINT ( 'NONE',  ( -0.4500000000000003997, 0.2999999999999999889, -0.9460000000000000631 ) ) ;
#3313 = DIRECTION ( 'NONE',  ( 0.000000000000000000, -1.000000000000000000, 0.000000000000000000 ) ) ;
#3314 = CARTESIAN_POINT ( 'NONE',  ( -1.175000000000000488, 0.5500000000000000444, 0.8249999999999999556 ) ) ;
#3315 = TOROIDAL_SURFACE ( 'NONE', #1338, 0.04999999999999995420, 0.1000000000000000056 ) ;
#3316 = DIRECTION ( 'NONE',  ( -0.000000000000000000, -1.000000000000000000, -0.000000000000000000 ) ) ;
#3317 = ORIENTED_EDGE ( 'NONE', *, *, #1687, .F. ) ;
#3318 = CARTESIAN_POINT ( 'NONE',  ( -0.4500000000000003997, 1.330776406404415413, -0.9460000000000000631 ) ) ;
#3319 = EDGE_CURVE ( 'NONE', #1496, #1964, #3762, .T. ) ;
#3320 = VERTEX_POINT ( 'NONE', #1102 ) ;
#3321 = DIRECTION ( 'NONE',  ( 0.000000000000000000, 0.000000000000000000, -1.000000000000000000 ) ) ;
#3322 = FACE_OUTER_BOUND ( 'NONE', #3809, .T. ) ;
#3323 = CARTESIAN_POINT ( 'NONE',  ( -1.250000000000000444, 0.2999999999999999889, 1.000000000000000000 ) ) ;
#3324 = VERTEX_POINT ( 'NONE', #901 ) ;
#3325 = CARTESIAN_POINT ( 'NONE',  ( -1.083539794545363311, 0.2999999999999999889, 0.9460000000000000631 ) ) ;
#3326 = ORIENTED_EDGE ( 'NONE', *, *, #2221, .F. ) ;
#3327 = EDGE_CURVE ( 'NONE', #2778, #1852, #2708, .T. ) ;
#3328 = EDGE_CURVE ( 'NONE', #1093, #445, #32, .T. ) ;
#3329 = CARTESIAN_POINT ( 'NONE',  ( 1.074999999999999289, 0.4000000000000000222, -0.8249999999999999556 ) ) ;
#3330 = DIRECTION ( 'NONE',  ( 0.000000000000000000, 0.000000000000000000, -1.000000000000000000 ) ) ;
#3331 = ORIENTED_EDGE ( 'NONE', *, *, #37, .F. ) ;
#3332 = ADVANCED_FACE ( 'NONE', ( #882 ), #2276, .F. ) ;
#3333 = AXIS2_PLACEMENT_3D ( 'NONE', #3048, #976, #3306 ) ;
#3334 = FACE_OUTER_BOUND ( 'NONE', #2970, .T. ) ;
#3335 = ORIENTED_EDGE ( 'NONE', *, *, #342, .T. ) ;
#3336 = CARTESIAN_POINT ( 'NONE',  ( -1.075000000000000400, 0.6000000000000000888, 0.8249999999999999556 ) ) ;
#3337 = PRESENTATION_LAYER_ASSIGNMENT (  '', '', ( #1171 ) ) ;
#3338 = VECTOR ( 'NONE', #3583, 1000.000000000000000 ) ;
#3339 = CIRCLE ( 'NONE', #2307, 0.1499999999999999667 ) ;
#3340 = AXIS2_PLACEMENT_3D ( 'NONE', #2354, #1, #2954 ) ;
#3341 = ORIENTED_EDGE ( 'NONE', *, *, #3441, .F. ) ;
#3342 = CARTESIAN_POINT ( 'NONE',  ( 1.083539794545363311, 1.330776406404415413, 0.9460000000000000631 ) ) ;
#3343 = EDGE_CURVE ( 'NONE', #945, #1263, #308, .T. ) ;
#3344 = CARTESIAN_POINT ( 'NONE',  ( -0.4500000000000003997, 0.000000000000000000, -0.9460000000000000631 ) ) ;
#3345 = DIRECTION ( 'NONE',  ( 0.000000000000000000, -1.000000000000000000, 0.000000000000000000 ) ) ;
#3346 = ORIENTED_EDGE ( 'NONE', *, *, #1273, .T. ) ;
#3347 = CARTESIAN_POINT ( 'NONE',  ( -1.150000000000000355, 0.2999999999999999889, 1.000000000000000000 ) ) ;
#3348 = ORIENTED_EDGE ( 'NONE', *, *, #1129, .T. ) ;
#3349 = ORIENTED_EDGE ( 'NONE', *, *, #1610, .T. ) ;
#3350 =( LENGTH_UNIT ( ) NAMED_UNIT ( * ) SI_UNIT ( .MILLI., .METRE. ) );
#3351 = CARTESIAN_POINT ( 'NONE',  ( 1.250000000000000444, 0.2999999999999999334, -0.8999999999999999112 ) ) ;
#3352 = VECTOR ( 'NONE', #3309, 1000.000000000000000 ) ;
#3353 = CARTESIAN_POINT ( 'NONE',  ( 1.200000000000000622, 0.000000000000000000, 0.8322949016875157424 ) ) ;
#3354 = EDGE_LOOP ( 'NONE', ( #3710, #500, #2176, #1566 ) ) ;
#3355 = ADVANCED_FACE ( 'NONE', ( #3187 ), #2110, .T. ) ;
#3356 = EDGE_CURVE ( 'NONE', #1947, #1605, #3454, .T. ) ;
#3357 = EDGE_CURVE ( 'NONE', #807, #2206, #2916, .T. ) ;
#3358 = CARTESIAN_POINT ( 'NONE',  ( -1.150000000000000355, 0.2999999999999999334, -1.000000000000000000 ) ) ;
#3359 = EDGE_LOOP ( 'NONE', ( #759, #183, #1970, #1525, #2148, #2650, #356, #1603 ) ) ;
#3360 = AXIS2_PLACEMENT_3D ( 'NONE', #1764, #2047, #871 ) ;
#3361 = VERTEX_POINT ( 'NONE', #2597 ) ;
#3362 = CARTESIAN_POINT ( 'NONE',  ( 1.074999999999999289, 0.6000000000000000888, -0.8249999999999999556 ) ) ;
#3363 = LINE ( 'NONE', #2429, #1674 ) ;
#3364 = ORIENTED_EDGE ( 'NONE', *, *, #208, .F. ) ;
#3365 = CARTESIAN_POINT ( 'NONE',  ( 0.4500000000000003997, 0.2999999999999999889, -0.9460000000000000631 ) ) ;
#3366 = CIRCLE ( 'NONE', #1393, 0.1750000000000000167 ) ;
#3367 = ORIENTED_EDGE ( 'NONE', *, *, #3527, .F. ) ;
#3368 = DIRECTION ( 'NONE',  ( 0.000000000000000000, -0.000000000000000000, -1.000000000000000000 ) ) ;
#3369 = LINE ( 'NONE', #1042, #111 ) ;
#3370 = CARTESIAN_POINT ( 'NONE',  ( -1.075000000000000400, 0.5366025403784437930, 0.9250000000000000444 ) ) ;
#3371 = VERTEX_POINT ( 'NONE', #3827 ) ;
#3372 = ADVANCED_FACE ( 'NONE', ( #1179 ), #2370, .F. ) ;
#3373 = DIRECTION ( 'NONE',  ( -0.000000000000000000, 1.000000000000000000, -0.000000000000000000 ) ) ;
#3374 = SURFACE_SIDE_STYLE ('',( #1342 ) ) ;
#3375 = CARTESIAN_POINT ( 'NONE',  ( 1.250000000000000444, 0.2999999999999999889, 0.8249999999999999556 ) ) ;
#3376 = EDGE_LOOP ( 'NONE', ( #1376, #2009, #2521, #3142 ) ) ;
#3377 = DIRECTION ( 'NONE',  ( 0.000000000000000000, -1.000000000000000000, 0.000000000000000000 ) ) ;
#3378 = EDGE_CURVE ( 'NONE', #1212, #40, #3068, .T. ) ;
#3379 = VERTEX_POINT ( 'NONE', #1916 ) ;
#3380 = CARTESIAN_POINT ( 'NONE',  ( 1.083539794545363311, 0.000000000000000000, 0.9460000000000000631 ) ) ;
#3381 = CARTESIAN_POINT ( 'NONE',  ( 1.250000000000000444, 0.000000000000000000, 0.8999999999999999112 ) ) ;
#3382 = VERTEX_POINT ( 'NONE', #2727 ) ;
#3383 = LINE ( 'NONE', #1472, #563 ) ;
#3384 = COLOUR_RGB ( '',0.9686274509803921573, 0.8784313725490195957, 0.5999999999999999778 ) ;
#3385 = ORIENTED_EDGE ( 'NONE', *, *, #1010, .F. ) ;
#3386 = VECTOR ( 'NONE', #2773, 1000.000000000000000 ) ;
#3387 = VERTEX_POINT ( 'NONE', #2747 ) ;
#3388 = CARTESIAN_POINT ( 'NONE',  ( -1.083539794545363311, 1.330776406404415413, -0.9460000000000000631 ) ) ;
#3389 =( NAMED_UNIT ( * ) SI_UNIT ( $, .STERADIAN. ) SOLID_ANGLE_UNIT ( ) );
#3390 = DIRECTION ( 'NONE',  ( 0.000000000000000000, -1.000000000000000000, 0.000000000000000000 ) ) ;
#3391 = CIRCLE ( 'NONE', #2036, 0.1000000000000000472 ) ;
#3392 = EDGE_LOOP ( 'NONE', ( #1214, #3484, #2412, #2477 ) ) ;
#3393 = CARTESIAN_POINT ( 'NONE',  ( 1.150000000000000355, 0.2999999999999999334, -1.000000000000000000 ) ) ;
#3394 = LINE ( 'NONE', #3375, #1821 ) ;
#3395 = ORIENTED_EDGE ( 'NONE', *, *, #21, .F. ) ;
#3396 = LINE ( 'NONE', #1991, #2599 ) ;
#3397 = EDGE_CURVE ( 'NONE', #1065, #1110, #505, .T. ) ;
#3398 = ORIENTED_EDGE ( 'NONE', *, *, #3788, .F. ) ;
#3399 = VECTOR ( 'NONE', #2845, 1000.000000000000000 ) ;
#3400 = CARTESIAN_POINT ( 'NONE',  ( 0.4500000000000002887, 0.2999999999999999334, 0.3500000000000001443 ) ) ;
#3401 = ORIENTED_EDGE ( 'NONE', *, *, #1261, .F. ) ;
#3402 = CIRCLE ( 'NONE', #3530, 0.1000000000000000472 ) ;
#3403 = LINE ( 'NONE', #1649, #487 ) ;
#3404 = EDGE_CURVE ( 'NONE', #3413, #2385, #649, .T. ) ;
#3405 = EDGE_CURVE ( 'NONE', #1808, #1867, #2146, .T. ) ;
#3406 = ORIENTED_EDGE ( 'NONE', *, *, #320, .T. ) ;
#3407 = VECTOR ( 'NONE', #2534, 1000.000000000000000 ) ;
#3408 = ORIENTED_EDGE ( 'NONE', *, *, #1200, .F. ) ;
#3409 = EDGE_CURVE ( 'NONE', #177, #1062, #395, .T. ) ;
#3410 = ORIENTED_EDGE ( 'NONE', *, *, #1035, .T. ) ;
#3411 = CARTESIAN_POINT ( 'NONE',  ( -1.150000000000000355, 0.000000000000000000, 1.000000000000000000 ) ) ;
#3412 = CARTESIAN_POINT ( 'NONE',  ( -1.175000000000000488, 0.4000000000000000222, 0.8249999999999999556 ) ) ;
#3413 = VERTEX_POINT ( 'NONE', #1288 ) ;
#3414 = CARTESIAN_POINT ( 'NONE',  ( 1.150000000000000355, 0.000000000000000000, 1.000000000000000000 ) ) ;
#3415 = ORIENTED_EDGE ( 'NONE', *, *, #1990, .F. ) ;
#3416 = VECTOR ( 'NONE', #920, 1000.000000000000000 ) ;
#3417 = LINE ( 'NONE', #1366, #2125 ) ;
#3418 = ORIENTED_EDGE ( 'NONE', *, *, #2688, .F. ) ;
#3419 = DIRECTION ( 'NONE',  ( -1.000000000000000000, 0.000000000000000000, 0.000000000000000000 ) ) ;
#3420 = PRESENTATION_LAYER_ASSIGNMENT (  '', '', ( #2121 ) ) ;
#3421 = DIRECTION ( 'NONE',  ( 0.000000000000000000, 0.000000000000000000, -1.000000000000000000 ) ) ;
#3422 = EDGE_LOOP ( 'NONE', ( #3119, #2750, #2549, #2003 ) ) ;
#3423 = CARTESIAN_POINT ( 'NONE',  ( -1.200000000000000622, 0.2999999999999999889, -0.3500000000000000333 ) ) ;
#3424 = AXIS2_PLACEMENT_3D ( 'NONE', #932, #371, #2120 ) ;
#3425 = CARTESIAN_POINT ( 'NONE',  ( -1.200000000000000622, 1.330776406404415413, 0.3500000000000000333 ) ) ;
#3426 = ORIENTED_EDGE ( 'NONE', *, *, #413, .F. ) ;
#3427 = VERTEX_POINT ( 'NONE', #701 ) ;
#3428 = EDGE_CURVE ( 'NONE', #665, #1498, #1755, .T. ) ;
#3429 = DIRECTION ( 'NONE',  ( 0.000000000000000000, 0.000000000000000000, -1.000000000000000000 ) ) ;
#3430 = CARTESIAN_POINT ( 'NONE',  ( -1.075000000000000622, 0.4000000000000000222, -0.9749999999999999778 ) ) ;
#3431 = VERTEX_POINT ( 'NONE', #1234 ) ;
#3432 = CARTESIAN_POINT ( 'NONE',  ( 1.250000000000000444, 0.2999999999999999889, -1.000000000000000000 ) ) ;
#3433 = CYLINDRICAL_SURFACE ( 'NONE', #3696, 0.1750000000000000167 ) ;
#3434 = CARTESIAN_POINT ( 'NONE',  ( -1.075000000000000400, 0.4000000000000000222, 0.8249999999999999556 ) ) ;
#3435 = VERTEX_POINT ( 'NONE', #2432 ) ;
#3436 = CARTESIAN_POINT ( 'NONE',  ( 1.074999999999999289, 3.731293662370235076, -0.8249999999999999556 ) ) ;
#3437 = CARTESIAN_POINT ( 'NONE',  ( -0.4500000000000003997, 1.330776406404415413, 0.9460000000000000631 ) ) ;
#3438 = DIRECTION ( 'NONE',  ( 1.000000000000000000, 0.000000000000000000, 0.000000000000000000 ) ) ;
#3439 = ORIENTED_EDGE ( 'NONE', *, *, #586, .T. ) ;
#3440 = FACE_OUTER_BOUND ( 'NONE', #3571, .T. ) ;
#3441 = EDGE_CURVE ( 'NONE', #3085, #1279, #1001, .T. ) ;
#3442 = DIRECTION ( 'NONE',  ( 0.000000000000000000, 0.000000000000000000, 1.000000000000000000 ) ) ;
#3443 = VECTOR ( 'NONE', #2545, 1000.000000000000000 ) ;
#3444 = ORIENTED_EDGE ( 'NONE', *, *, #2715, .T. ) ;
#3445 = ORIENTED_EDGE ( 'NONE', *, *, #1582, .F. ) ;
#3446 = ORIENTED_EDGE ( 'NONE', *, *, #2668, .T. ) ;
#3447 = CARTESIAN_POINT ( 'NONE',  ( -1.200000000000000622, 0.2999999999999999889, 0.8322949016875157424 ) ) ;
#3448 = FACE_OUTER_BOUND ( 'NONE', #939, .T. ) ;
#3449 = ORIENTED_EDGE ( 'NONE', *, *, #2323, .F. ) ;
#3450 = EDGE_CURVE ( 'NONE', #1723, #476, #2796, .T. ) ;
#3451 = DIRECTION ( 'NONE',  ( 0.000000000000000000, 0.000000000000000000, -1.000000000000000000 ) ) ;
#3452 = VECTOR ( 'NONE', #1974, 1000.000000000000000 ) ;
#3453 = LINE ( 'NONE', #3185, #2319 ) ;
#3454 = LINE ( 'NONE', #506, #3598 ) ;
#3455 = EDGE_CURVE ( 'NONE', #2510, #2527, #1311, .T. ) ;
#3456 = ORIENTED_EDGE ( 'NONE', *, *, #367, .F. ) ;
#3457 = CARTESIAN_POINT ( 'NONE',  ( -1.083539794545363311, 0.2999999999999999334, 0.9460000000000000631 ) ) ;
#3458 = EDGE_CURVE ( 'NONE', #978, #213, #3383, .T. ) ;
#3459 = CARTESIAN_POINT ( 'NONE',  ( 1.249999999999999556, 0.4000000000000000222, 0.8999999999999996891 ) ) ;
#3460 = PLANE ( 'NONE',  #2855 ) ;
#3461 = DIRECTION ( 'NONE',  ( 0.000000000000000000, -1.000000000000000000, 0.000000000000000000 ) ) ;
#3462 = CARTESIAN_POINT ( 'NONE',  ( 0.4500000000000003997, 0.000000000000000000, -0.9460000000000000631 ) ) ;
#3463 = AXIS2_PLACEMENT_3D ( 'NONE', #452, #1309, #3708 ) ;
#3464 = EDGE_LOOP ( 'NONE', ( #719, #3796, #3115, #255 ) ) ;
#3465 = ORIENTED_EDGE ( 'NONE', *, *, #690, .T. ) ;
#3466 = ORIENTED_EDGE ( 'NONE', *, *, #2303, .T. ) ;
#3467 = VECTOR ( 'NONE', #127, 1000.000000000000000 ) ;
#3468 = DIRECTION ( 'NONE',  ( -1.000000000000000000, 0.000000000000000000, 0.000000000000000000 ) ) ;
#3469 = CARTESIAN_POINT ( 'NONE',  ( -0.4500000000000003997, 0.2999999999999999334, 0.9460000000000000631 ) ) ;
#3470 = AXIS2_PLACEMENT_3D ( 'NONE', #3162, #418, #1044 ) ;
#3471 = EDGE_LOOP ( 'NONE', ( #2602, #786, #2168, #753 ) ) ;
#3472 = DIRECTION ( 'NONE',  ( 0.000000000000000000, -1.000000000000000000, 0.000000000000000000 ) ) ;
#3473 = CARTESIAN_POINT ( 'NONE',  ( -1.250000000000000444, 0.2999999999999999334, -0.8999999999999999112 ) ) ;
#3474 = DIRECTION ( 'NONE',  ( -0.000000000000000000, -0.000000000000000000, 1.000000000000000000 ) ) ;
#3475 = ORIENTED_EDGE ( 'NONE', *, *, #3409, .T. ) ;
#3476 = EDGE_CURVE ( 'NONE', #2151, #642, #2565, .T. ) ;
#3477 = DIRECTION ( 'NONE',  ( 0.000000000000000000, 0.000000000000000000, -1.000000000000000000 ) ) ;
#3478 = EDGE_CURVE ( 'NONE', #252, #372, #582, .T. ) ;
#3479 = LINE ( 'NONE', #2013, #2347 ) ;
#3480 = DIRECTION ( 'NONE',  ( 0.000000000000000000, 0.000000000000000000, 1.000000000000000000 ) ) ;
#3481 = AXIS2_PLACEMENT_3D ( 'NONE', #1642, #2832, #1341 ) ;
#3482 = DIRECTION ( 'NONE',  ( 0.000000000000000000, 0.000000000000000000, -1.000000000000000000 ) ) ;
#3483 = DIRECTION ( 'NONE',  ( -0.000000000000000000, 0.000000000000000000, 1.000000000000000000 ) ) ;
#3484 = ORIENTED_EDGE ( 'NONE', *, *, #3608, .T. ) ;
#3485 = ORIENTED_EDGE ( 'NONE', *, *, #885, .T. ) ;
#3486 = AXIS2_PLACEMENT_3D ( 'NONE', #3570, #954, #909 ) ;
#3487 = FACE_OUTER_BOUND ( 'NONE', #465, .T. ) ;
#3488 = VECTOR ( 'NONE', #2124, 1000.000000000000000 ) ;
#3489 = DIRECTION ( 'NONE',  ( 0.000000000000000000, 0.000000000000000000, 1.000000000000000000 ) ) ;
#3490 = AXIS2_PLACEMENT_3D ( 'NONE', #1286, #2794, #1532 ) ;
#3491 = ORIENTED_EDGE ( 'NONE', *, *, #3627, .F. ) ;
#3492 = LINE ( 'NONE', #3563, #930 ) ;
#3493 = DIRECTION ( 'NONE',  ( -1.000000000000000000, 0.000000000000000000, 0.000000000000000000 ) ) ;
#3494 = FACE_OUTER_BOUND ( 'NONE', #3659, .T. ) ;
#3495 = AXIS2_PLACEMENT_3D ( 'NONE', #706, #3451, #2513 ) ;
#3496 = DIRECTION ( 'NONE',  ( 1.000000000000000000, 0.000000000000000000, -0.000000000000000000 ) ) ;
#3497 = DIRECTION ( 'NONE',  ( 0.000000000000000000, 0.000000000000000000, -1.000000000000000000 ) ) ;
#3498 = ORIENTED_EDGE ( 'NONE', *, *, #1563, .F. ) ;
#3499 = EDGE_CURVE ( 'NONE', #372, #1588, #3246, .T. ) ;
#3500 = CARTESIAN_POINT ( 'NONE',  ( 1.083539794545363311, 1.330776406404415413, 0.9460000000000000631 ) ) ;
#3501 = DIRECTION ( 'NONE',  ( 0.000000000000000000, -1.000000000000000000, 0.000000000000000000 ) ) ;
#3502 = ORIENTED_EDGE ( 'NONE', *, *, #1422, .T. ) ;
#3503 = EDGE_CURVE ( 'NONE', #1879, #1605, #253, .T. ) ;
#3504 = VECTOR ( 'NONE', #1860, 1000.000000000000000 ) ;
#3505 = UNCERTAINTY_MEASURE_WITH_UNIT (LENGTH_MEASURE( 1.000000000000000082E-05 ), #3743, 'distance_accuracy_value', 'NONE');
#3506 = ADVANCED_BREP_SHAPE_REPRESENTATION ( 'ECS-160-8-36B2-CKY-TR', ( #3693, #1146, #1099, #2408, #2431, #2439, #1141, #1396 ), #1418 ) ;
#3507 = CARTESIAN_POINT ( 'NONE',  ( 1.074999999999999067, 0.6000000000000000888, 0.8249999999999997335 ) ) ;
#3508 = CARTESIAN_POINT ( 'NONE',  ( 1.250000000000000444, 1.330776406404415413, -0.8999999999999999112 ) ) ;
#3509 = EDGE_LOOP ( 'NONE', ( #1333, #3, #339, #1901 ) ) ;
#3510 = AXIS2_PLACEMENT_3D ( 'NONE', #3436, #446, #1071 ) ;
#3511 = DIRECTION ( 'NONE',  ( -0.000000000000000000, 1.000000000000000000, -0.000000000000000000 ) ) ;
#3512 = DIRECTION ( 'NONE',  ( 0.000000000000000000, 0.000000000000000000, 1.000000000000000000 ) ) ;
#3513 = DIRECTION ( 'NONE',  ( 0.000000000000000000, -0.000000000000000000, 1.000000000000000000 ) ) ;
#3514 = LINE ( 'NONE', #564, #1194 ) ;
#3515 = VECTOR ( 'NONE', #1370, 1000.000000000000000 ) ;
#3517 = EDGE_CURVE ( 'NONE', #2506, #3112, #1770, .T. ) ;
#3516 = CARTESIAN_POINT ( 'NONE',  ( 1.224999999999999201, 3.731293662370235076, 0.8249999999999997335 ) ) ;
#3518 = FILL_AREA_STYLE_COLOUR ( '', #3384 ) ;
#3519 = ORIENTED_EDGE ( 'NONE', *, *, #693, .T. ) ;
#3520 = DIRECTION ( 'NONE',  ( -0.000000000000000000, -1.000000000000000000, -0.000000000000000000 ) ) ;
#3521 = DIRECTION ( 'NONE',  ( 0.000000000000000000, 0.000000000000000000, 1.000000000000000000 ) ) ;
#3522 = EDGE_CURVE ( 'NONE', #43, #2907, #3265, .T. ) ;
#3523 = EDGE_CURVE ( 'NONE', #2151, #2772, #2366, .T. ) ;
#3524 = PLANE ( 'NONE',  #2985 ) ;
#3525 = CARTESIAN_POINT ( 'NONE',  ( -1.075000000000000400, 0.2999999999999999334, -1.000000000000000000 ) ) ;
#3526 = EDGE_LOOP ( 'NONE', ( #103, #1020, #3033, #1885 ) ) ;
#3527 = EDGE_CURVE ( 'NONE', #742, #165, #936, .T. ) ;
#3528 = COLOUR_RGB ( '',0.9686274509803921573, 0.8784313725490195957, 0.5999999999999999778 ) ;
#3529 = VECTOR ( 'NONE', #3712, 1000.000000000000000 ) ;
#3530 = AXIS2_PLACEMENT_3D ( 'NONE', #1987, #1426, #2618 ) ;
#3531 = CARTESIAN_POINT ( 'NONE',  ( -0.4500000000000003997, 0.000000000000000000, 0.9460000000000000631 ) ) ;
#3532 = LINE ( 'NONE', #1462, #1430 ) ;
#3533 = DIRECTION ( 'NONE',  ( -0.000000000000000000, -1.000000000000000000, -0.000000000000000000 ) ) ;
#3534 = DIRECTION ( 'NONE',  ( 0.000000000000000000, -0.000000000000000000, -1.000000000000000000 ) ) ;
#3535 = DIRECTION ( 'NONE',  ( 0.000000000000000000, 0.000000000000000000, 1.000000000000000000 ) ) ;
#3536 = CARTESIAN_POINT ( 'NONE',  ( -1.225000000000000311, 0.4000000000000000222, 0.8249999999999999556 ) ) ;
#3537 = VECTOR ( 'NONE', #1567, 1000.000000000000000 ) ;
#3538 = DIRECTION ( 'NONE',  ( 0.000000000000000000, 0.000000000000000000, 1.000000000000000000 ) ) ;
#3539 = ORIENTED_EDGE ( 'NONE', *, *, #3305, .T. ) ;
#3540 = UNCERTAINTY_MEASURE_WITH_UNIT (LENGTH_MEASURE( 1.000000000000000082E-05 ), #2187, 'distance_accuracy_value', 'NONE');
#3541 = CARTESIAN_POINT ( 'NONE',  ( 1.083539794545363311, 1.330776406404415413, -0.9460000000000000631 ) ) ;
#3542 = CARTESIAN_POINT ( 'NONE',  ( 1.074999999999999289, 0.4000000000000000222, -0.8249999999999999556 ) ) ;
#3543 = CARTESIAN_POINT ( 'NONE',  ( -1.250000000000000444, 0.4000000000000000222, 1.000000000000000000 ) ) ;
#3544 = VERTEX_POINT ( 'NONE', #1455 ) ;
#3545 = EDGE_CURVE ( 'NONE', #1564, #3556, #2386, .T. ) ;
#3546 = CARTESIAN_POINT ( 'NONE',  ( 1.083539794545363311, 0.2999999999999999334, 0.9460000000000000631 ) ) ;
#3547 = AXIS2_PLACEMENT_3D ( 'NONE', #3303, #389, #3576 ) ;
#3548 = AXIS2_PLACEMENT_3D ( 'NONE', #3277, #94, #1541 ) ;
#3549 = PLANE ( 'NONE',  #938 ) ;
#3550 = LINE ( 'NONE', #314, #256 ) ;
#3551 = CARTESIAN_POINT ( 'NONE',  ( -1.250000000000000444, 0.2999999999999999334, -1.000000000000000000 ) ) ;
#3552 = DIRECTION ( 'NONE',  ( -0.000000000000000000, -1.000000000000000000, -0.000000000000000000 ) ) ;
#3553 = VECTOR ( 'NONE', #3202, 1000.000000000000000 ) ;
#3554 = DIRECTION ( 'NONE',  ( 0.000000000000000000, 0.000000000000000000, -1.000000000000000000 ) ) ;
#3555 = LINE ( 'NONE', #603, #2178 ) ;
#3556 = VERTEX_POINT ( 'NONE', #3810 ) ;
#3557 = CARTESIAN_POINT ( 'NONE',  ( 1.250000000000000444, 1.330776406404415413, 0.8249999999999999556 ) ) ;
#3558 = EDGE_CURVE ( 'NONE', #1709, #414, #1158, .T. ) ;
#3559 = CARTESIAN_POINT ( 'NONE',  ( 1.250000000000000444, 0.2999999999999999889, -1.000000000000000000 ) ) ;
#3560 = ORIENTED_EDGE ( 'NONE', *, *, #1347, .F. ) ;
#3561 = CARTESIAN_POINT ( 'NONE',  ( -1.075000000000000400, 1.330776406404415413, 1.000000000000000000 ) ) ;
#3562 = ORIENTED_EDGE ( 'NONE', *, *, #998, .T. ) ;
#3563 = CARTESIAN_POINT ( 'NONE',  ( -1.250000000000000444, 1.330776406404415413, -0.8999999999999999112 ) ) ;
#3564 = EDGE_CURVE ( 'NONE', #1867, #1212, #1121, .T. ) ;
#3565 = PLANE ( 'NONE',  #3340 ) ;
#3566 = DIRECTION ( 'NONE',  ( -1.000000000000000000, 0.000000000000000000, 0.000000000000000000 ) ) ;
#3567 = VERTEX_POINT ( 'NONE', #2242 ) ;
#3568 = APPLICATION_PROTOCOL_DEFINITION ( 'draft international standard', 'automotive_design', 1998, #1073 ) ;
#3569 = EDGE_CURVE ( 'NONE', #1721, #2311, #1622, .T. ) ;
#3570 = CARTESIAN_POINT ( 'NONE',  ( 1.074999999999999067, 0.5500000000000000444, 0.8249999999999997335 ) ) ;
#3571 = EDGE_LOOP ( 'NONE', ( #1089, #1560, #3341, #2743 ) ) ;
#3572 = AXIS2_PLACEMENT_3D ( 'NONE', #2381, #3554, #893 ) ;
#3573 = DIRECTION ( 'NONE',  ( 0.000000000000000000, 0.000000000000000000, 1.000000000000000000 ) ) ;
#3574 = COLOUR_RGB ( '',0.9686274509803921573, 0.8784313725490195957, 0.5999999999999999778 ) ;
#3575 = PRESENTATION_STYLE_ASSIGNMENT (( #3089 ) ) ;
#3576 = DIRECTION ( 'NONE',  ( 0.000000000000000000, 0.000000000000000000, 1.000000000000000000 ) ) ;
#3577 = CYLINDRICAL_SURFACE ( 'NONE', #2271, 0.1750000000000000167 ) ;
#3578 = CARTESIAN_POINT ( 'NONE',  ( -1.150000000000000355, 0.000000000000000000, -1.000000000000000000 ) ) ;
#3579 = CARTESIAN_POINT ( 'NONE',  ( 1.200000000000000622, 0.000000000000000000, -0.8322949016875157424 ) ) ;
#3580 = ORIENTED_EDGE ( 'NONE', *, *, #83, .T. ) ;
#3581 = DIRECTION ( 'NONE',  ( 0.000000000000000000, -1.000000000000000000, 0.000000000000000000 ) ) ;
#3582 = ORIENTED_EDGE ( 'NONE', *, *, #1990, .T. ) ;
#3583 = DIRECTION ( 'NONE',  ( 1.000000000000000000, -0.000000000000000000, -0.000000000000000000 ) ) ;
#3584 = DIRECTION ( 'NONE',  ( -1.000000000000000000, 0.000000000000000000, 1.819131161888430038E-16 ) ) ;
#3585 = AXIS2_PLACEMENT_3D ( 'NONE', #3145, #1963, #478 ) ;
#3586 = DIRECTION ( 'NONE',  ( 0.000000000000000000, -1.000000000000000000, 0.000000000000000000 ) ) ;
#3587 = AXIS2_PLACEMENT_3D ( 'NONE', #2396, #3313, #1758 ) ;
#3588 = AXIS2_PLACEMENT_3D ( 'NONE', #72, #950, #1572 ) ;
#3589 = PLANE ( 'NONE',  #275 ) ;
#3590 = CIRCLE ( 'NONE', #556, 0.1750000000000000167 ) ;
#3591 = ORIENTED_EDGE ( 'NONE', *, *, #618, .F. ) ;
#3592 = EDGE_CURVE ( 'NONE', #645, #375, #2881, .T. ) ;
#3593 = CARTESIAN_POINT ( 'NONE',  ( 1.250000000000000444, 1.330776406404415413, -0.8999999999999999112 ) ) ;
#3594 = DIRECTION ( 'NONE',  ( -0.000000000000000000, 0.000000000000000000, 1.000000000000000000 ) ) ;
#3595 = VECTOR ( 'NONE', #2729, 1000.000000000000000 ) ;
#3596 = ORIENTED_EDGE ( 'NONE', *, *, #1876, .F. ) ;
#3597 = CARTESIAN_POINT ( 'NONE',  ( 1.250000000000000444, 0.2999999999999999889, -0.8999999999999999112 ) ) ;
#3598 = VECTOR ( 'NONE', #1704, 1000.000000000000000 ) ;
#3599 = DIRECTION ( 'NONE',  ( -0.000000000000000000, -1.000000000000000000, -0.000000000000000000 ) ) ;
#3600 = ORIENTED_EDGE ( 'NONE', *, *, #2828, .F. ) ;
#3601 = VERTEX_POINT ( 'NONE', #1996 ) ;
#3602 = AXIS2_PLACEMENT_3D ( 'NONE', #2050, #231, #1415 ) ;
#3603 = DIRECTION ( 'NONE',  ( -8.673617379884035472E-17, 0.000000000000000000, -1.000000000000000000 ) ) ;
#3604 = ORIENTED_EDGE ( 'NONE', *, *, #3397, .T. ) ;
#3605 = CARTESIAN_POINT ( 'NONE',  ( 1.200000000000000622, 0.2999999999999999334, 0.3500000000000000333 ) ) ;
#3606 = CYLINDRICAL_SURFACE ( 'NONE', #3095, 0.1000000000000000472 ) ;
#3607 = ORIENTED_EDGE ( 'NONE', *, *, #1538, .T. ) ;
#3608 = EDGE_CURVE ( 'NONE', #718, #3567, #2816, .T. ) ;
#3609 = AXIS2_PLACEMENT_3D ( 'NONE', #1383, #2581, #2236 ) ;
#3610 = DIRECTION ( 'NONE',  ( 0.000000000000000000, 0.000000000000000000, 1.000000000000000000 ) ) ;
#3611 = AXIS2_PLACEMENT_3D ( 'NONE', #204, #2789, #1305 ) ;
#3612 = ORIENTED_EDGE ( 'NONE', *, *, #1803, .T. ) ;
#3613 = ORIENTED_EDGE ( 'NONE', *, *, #3683, .F. ) ;
#3614 = DIRECTION ( 'NONE',  ( -0.000000000000000000, -1.000000000000000000, -0.000000000000000000 ) ) ;
#3615 = CARTESIAN_POINT ( 'NONE',  ( -1.175000000000000488, 0.6000000000000000888, 0.8249999999999999556 ) ) ;
#3616 = VERTEX_POINT ( 'NONE', #2522 ) ;
#3617 = DIRECTION ( 'NONE',  ( 0.000000000000000000, 0.000000000000000000, 1.000000000000000000 ) ) ;
#3618 = ORIENTED_EDGE ( 'NONE', *, *, #889, .T. ) ;
#3619 = ADVANCED_FACE ( 'NONE', ( #2544 ), #3460, .T. ) ;
#3620 = DIRECTION ( 'NONE',  ( 0.000000000000000000, 1.000000000000000000, -0.000000000000000000 ) ) ;
#3621 = CARTESIAN_POINT ( 'NONE',  ( 1.074999999999999289, 0.6000000000000000888, -0.9250000000000000444 ) ) ;
#3622 = FACE_OUTER_BOUND ( 'NONE', #3754, .T. ) ;
#3623 = LINE ( 'NONE', #1574, #1925 ) ;
#3624 = DIRECTION ( 'NONE',  ( -0.000000000000000000, -0.000000000000000000, 1.000000000000000000 ) ) ;
#3625 = VECTOR ( 'NONE', #3213, 1000.000000000000000 ) ;
#3626 = LINE ( 'NONE', #2756, #1072 ) ;
#3627 = EDGE_CURVE ( 'NONE', #87, #1879, #2293, .T. ) ;
#3628 = ORIENTED_EDGE ( 'NONE', *, *, #1740, .F. ) ;
#3629 = CARTESIAN_POINT ( 'NONE',  ( -1.200000000000000622, 0.2999999999999999334, 0.3500000000000000333 ) ) ;
#3630 = CARTESIAN_POINT ( 'NONE',  ( -1.200000000000000622, 1.330776406404415413, -0.8322949016875157424 ) ) ;
#3631 = AXIS2_PLACEMENT_3D ( 'NONE', #3767, #1111, #3482 ) ;
#3632 = ORIENTED_EDGE ( 'NONE', *, *, #924, .T. ) ;
#3633 = DIRECTION ( 'NONE',  ( 1.000000000000000000, 0.000000000000000000, 5.042800802258160488E-17 ) ) ;
#3634 = CARTESIAN_POINT ( 'NONE',  ( -1.200000000000000622, 1.330776406404415413, -0.3500000000000000333 ) ) ;
#3635 = ORIENTED_EDGE ( 'NONE', *, *, #1177, .T. ) ;
#3636 = EDGE_CURVE ( 'NONE', #3685, #366, #845, .T. ) ;
#3637 = EDGE_CURVE ( 'NONE', #1533, #978, #2006, .T. ) ;
#3638 = DIRECTION ( 'NONE',  ( -0.000000000000000000, -1.000000000000000000, 0.000000000000000000 ) ) ;
#3639 = LINE ( 'NONE', #982, #2867 ) ;
#3640 = DIRECTION ( 'NONE',  ( 0.000000000000000000, 0.000000000000000000, -1.000000000000000000 ) ) ;
#3641 = CARTESIAN_POINT ( 'NONE',  ( 1.250000000000000444, 0.000000000000000000, 1.000000000000000000 ) ) ;
#3642 = ORIENTED_EDGE ( 'NONE', *, *, #1444, .T. ) ;
#3643 = FACE_OUTER_BOUND ( 'NONE', #1197, .T. ) ;
#3644 = ORIENTED_EDGE ( 'NONE', *, *, #37, .T. ) ;
#3645 = CIRCLE ( 'NONE', #3044, 0.1000000000000000472 ) ;
#3646 = VECTOR ( 'NONE', #2829, 1000.000000000000000 ) ;
#3647 = AXIS2_PLACEMENT_3D ( 'NONE', #175, #523, #2915 ) ;
#3648 = FACE_OUTER_BOUND ( 'NONE', #237, .T. ) ;
#3649 = ORIENTED_EDGE ( 'NONE', *, *, #2127, .T. ) ;
#3650 = CYLINDRICAL_SURFACE ( 'NONE', #898, 0.09999999999999993616 ) ;
#3651 = DIRECTION ( 'NONE',  ( 0.000000000000000000, 0.000000000000000000, -1.000000000000000000 ) ) ;
#3652 = VERTEX_POINT ( 'NONE', #3759 ) ;
#3653 = DIRECTION ( 'NONE',  ( 0.000000000000000000, -0.000000000000000000, 1.000000000000000000 ) ) ;
#3654 = ORIENTED_EDGE ( 'NONE', *, *, #3478, .T. ) ;
#3655 = EDGE_LOOP ( 'NONE', ( #1120, #3600, #599, #2195 ) ) ;
#3656 = MECHANICAL_DESIGN_GEOMETRIC_PRESENTATION_REPRESENTATION (  '', ( #3170 ), #1047 ) ;
#3657 = LINE ( 'NONE', #983, #57 ) ;
#3658 = EDGE_CURVE ( 'NONE', #3320, #1210, #462, .T. ) ;
#3659 = EDGE_LOOP ( 'NONE', ( #2054, #2607, #1586, #3618, #2252, #396, #535, #261 ) ) ;
#3660 = CARTESIAN_POINT ( 'NONE',  ( -1.250000000000000444, 1.330776406404415413, -1.000000000000000000 ) ) ;
#3661 = DIRECTION ( 'NONE',  ( 0.000000000000000000, -0.000000000000000000, 1.000000000000000000 ) ) ;
#3662 = VERTEX_POINT ( 'NONE', #198 ) ;
#3663 = CARTESIAN_POINT ( 'NONE',  ( -1.075000000000000400, 3.731293662370235076, 0.8249999999999999556 ) ) ;
#3664 = VECTOR ( 'NONE', #1469, 1000.000000000000000 ) ;
#3665 = FACE_OUTER_BOUND ( 'NONE', #2550, .T. ) ;
#3666 = EDGE_LOOP ( 'NONE', ( #2737, #2302, #1618, #2588 ) ) ;
#3667 = DIRECTION ( 'NONE',  ( -0.000000000000000000, -1.000000000000000000, -0.000000000000000000 ) ) ;
#3668 = CARTESIAN_POINT ( 'NONE',  ( -1.250000000000000444, 0.000000000000000000, 1.000000000000000000 ) ) ;
#3669 = ORIENTED_EDGE ( 'NONE', *, *, #756, .T. ) ;
#3670 = AXIS2_PLACEMENT_3D ( 'NONE', #3432, #788, #1926 ) ;
#3671 = LINE ( 'NONE', #456, #3276 ) ;
#3672 = SURFACE_STYLE_FILL_AREA ( #966 ) ;
#3673 = CARTESIAN_POINT ( 'NONE',  ( 1.200000000000000622, 0.2999999999999999889, -0.3500000000000000333 ) ) ;
#3674 = CARTESIAN_POINT ( 'NONE',  ( 0.000000000000000000, 0.000000000000000000, 0.000000000000000000 ) ) ;
#3675 = VERTEX_POINT ( 'NONE', #1703 ) ;
#3676 = ADVANCED_FACE ( 'NONE', ( #3737 ), #3433, .F. ) ;
#3677 = PLANE ( 'NONE',  #3481 ) ;
#3678 = LINE ( 'NONE', #811, #2438 ) ;
#3679 = ORIENTED_EDGE ( 'NONE', *, *, #3637, .F. ) ;
#3680 = CLOSED_SHELL ( 'NONE', ( #2571, #2172, #85, #1580, #1346, #2619, #2779, #182, #1689, #2294, #2450, #2361, #3078, #2913, #262, #305, #714, #673 ) ) ;
#3681 = EDGE_CURVE ( 'NONE', #1907, #2419, #3148, .T. ) ;
#3682 = EDGE_CURVE ( 'NONE', #433, #2433, #596, .T. ) ;
#3683 = EDGE_CURVE ( 'NONE', #2311, #1362, #2893, .T. ) ;
#3684 = DIRECTION ( 'NONE',  ( -1.000000000000000000, 0.000000000000000000, 0.000000000000000000 ) ) ;
#3685 = VERTEX_POINT ( 'NONE', #1405 ) ;
#3686 = DIRECTION ( 'NONE',  ( -0.000000000000000000, 1.000000000000000000, -0.000000000000000000 ) ) ;
#3687 = AXIS2_PLACEMENT_3D ( 'NONE', #7, #3803, #3243 ) ;
#3688 = CARTESIAN_POINT ( 'NONE',  ( 1.083539794545363311, 0.000000000000000000, -0.9460000000000000631 ) ) ;
#3689 = ORIENTED_EDGE ( 'NONE', *, *, #1687, .T. ) ;
#3690 = ORIENTED_EDGE ( 'NONE', *, *, #3569, .F. ) ;
#3691 = EDGE_LOOP ( 'NONE', ( #2240, #3052, #1960, #2410 ) ) ;
#3692 = DIRECTION ( 'NONE',  ( 1.819131161888430285E-16, 0.000000000000000000, 1.000000000000000000 ) ) ;
#3693 = MANIFOLD_SOLID_BREP ( 'Fillet2', #3680 ) ;
#3694 = DIRECTION ( 'NONE',  ( -0.000000000000000000, 1.000000000000000000, -0.000000000000000000 ) ) ;
#3695 = LINE ( 'NONE', #363, #1364 ) ;
#3696 = AXIS2_PLACEMENT_3D ( 'NONE', #1641, #2615, #771 ) ;
#3697 = DIRECTION ( 'NONE',  ( -0.000000000000000000, 1.000000000000000000, -0.000000000000000000 ) ) ;
#3698 = EDGE_LOOP ( 'NONE', ( #2261, #1315, #2207, #3502 ) ) ;
#3699 = DIRECTION ( 'NONE',  ( -0.000000000000000000, -1.000000000000000000, -0.000000000000000000 ) ) ;
#3700 = DIRECTION ( 'NONE',  ( -0.000000000000000000, -1.000000000000000000, -0.000000000000000000 ) ) ;
#3701 = ORIENTED_EDGE ( 'NONE', *, *, #235, .T. ) ;
#3702 = CARTESIAN_POINT ( 'NONE',  ( 1.149999999999999467, 0.4000000000000000222, -1.000000000000000000 ) ) ;
#3703 = DIRECTION ( 'NONE',  ( -1.000000000000000000, -0.000000000000000000, 1.512840240677448208E-16 ) ) ;
#3704 = VERTEX_POINT ( 'NONE', #3190 ) ;
#3705 = VECTOR ( 'NONE', #765, 1000.000000000000000 ) ;
#3706 = EDGE_CURVE ( 'NONE', #557, #3320, #410, .T. ) ;
#3707 = DIRECTION ( 'NONE',  ( -0.000000000000000000, 1.000000000000000000, -0.000000000000000000 ) ) ;
#3708 = DIRECTION ( 'NONE',  ( 0.000000000000000000, 0.000000000000000000, -1.000000000000000000 ) ) ;
#3709 = ORIENTED_EDGE ( 'NONE', *, *, #1261, .T. ) ;
#3710 = ORIENTED_EDGE ( 'NONE', *, *, #2645, .T. ) ;
#3711 = ORIENTED_EDGE ( 'NONE', *, *, #2303, .F. ) ;
#3712 = DIRECTION ( 'NONE',  ( -0.000000000000000000, -1.000000000000000000, -0.000000000000000000 ) ) ;
#3713 = DIRECTION ( 'NONE',  ( -1.008560160451632098E-16, 0.000000000000000000, 1.000000000000000000 ) ) ;
#3714 = ORIENTED_EDGE ( 'NONE', *, *, #958, .T. ) ;
#3715 = DIRECTION ( 'NONE',  ( -0.000000000000000000, -1.000000000000000000, -0.000000000000000000 ) ) ;
#3716 = ORIENTED_EDGE ( 'NONE', *, *, #864, .F. ) ;
#3717 = DIRECTION ( 'NONE',  ( 0.000000000000000000, -1.000000000000000000, 0.000000000000000000 ) ) ;
#3718 = CIRCLE ( 'NONE', #269, 0.1750000000000000167 ) ;
#3719 = CARTESIAN_POINT ( 'NONE',  ( 1.083539794545363311, 0.2999999999999999889, 0.9460000000000000631 ) ) ;
#3720 = DIRECTION ( 'NONE',  ( 0.000000000000000000, -1.000000000000000000, 0.000000000000000000 ) ) ;
#3721 = ORIENTED_EDGE ( 'NONE', *, *, #1637, .T. ) ;
#3722 = CARTESIAN_POINT ( 'NONE',  ( 1.174999999999999378, 0.5500000000000000444, 0.8249999999999997335 ) ) ;
#3723 = DIRECTION ( 'NONE',  ( 0.000000000000000000, 0.000000000000000000, 1.000000000000000000 ) ) ;
#3724 = ORIENTED_EDGE ( 'NONE', *, *, #130, .F. ) ;
#3725 = CARTESIAN_POINT ( 'NONE',  ( 1.074999999999999289, 0.6000000000000000888, -0.9249999999999999334 ) ) ;
#3726 = CARTESIAN_POINT ( 'NONE',  ( 1.224999999999999201, 0.4000000000000000222, -0.8249999999999999556 ) ) ;
#3727 = VECTOR ( 'NONE', #597, 1000.000000000000000 ) ;
#3728 = EDGE_CURVE ( 'NONE', #3427, #1246, #1353, .T. ) ;
#3729 = CARTESIAN_POINT ( 'NONE',  ( 1.074999999999999289, 0.4000000000000000222, -0.9249999999999998224 ) ) ;
#3730 = ORIENTED_EDGE ( 'NONE', *, *, #2153, .F. ) ;
#3731 = ORIENTED_EDGE ( 'NONE', *, *, #459, .T. ) ;
#3732 = ORIENTED_EDGE ( 'NONE', *, *, #1517, .F. ) ;
#3733 = CARTESIAN_POINT ( 'NONE',  ( -1.250000000000000444, 0.000000000000000000, -0.8999999999999999112 ) ) ;
#3734 = CARTESIAN_POINT ( 'NONE',  ( -0.4500000000000003997, 0.2999999999999999334, -0.9460000000000000631 ) ) ;
#3735 = ORIENTED_EDGE ( 'NONE', *, *, #2546, .F. ) ;
#3736 = DIRECTION ( 'NONE',  ( 0.000000000000000000, 0.000000000000000000, -1.000000000000000000 ) ) ;
#3737 = FACE_OUTER_BOUND ( 'NONE', #3464, .T. ) ;
#3738 = CARTESIAN_POINT ( 'NONE',  ( -1.075000000000000400, 0.2999999999999999889, 1.000000000000000000 ) ) ;
#3739 = DIRECTION ( 'NONE',  ( 1.000000000000000000, 0.000000000000000000, 0.000000000000000000 ) ) ;
#3740 = VERTEX_POINT ( 'NONE', #816 ) ;
#3741 = FACE_OUTER_BOUND ( 'NONE', #2606, .T. ) ;
#3742 = ADVANCED_FACE ( 'NONE', ( #468 ), #1389, .F. ) ;
#3743 =( LENGTH_UNIT ( ) NAMED_UNIT ( * ) SI_UNIT ( .MILLI., .METRE. ) );
#3744 = ORIENTED_EDGE ( 'NONE', *, *, #3215, .T. ) ;
#3745 = FACE_OUTER_BOUND ( 'NONE', #218, .T. ) ;
#3746 = AXIS2_PLACEMENT_3D ( 'NONE', #471, #1666, #450 ) ;
#3747 = FACE_OUTER_BOUND ( 'NONE', #1954, .T. ) ;
#3748 = AXIS2_PLACEMENT_3D ( 'NONE', #940, #1285, #2483 ) ;
#3749 = VERTEX_POINT ( 'NONE', #3722 ) ;
#3750 = ORIENTED_EDGE ( 'NONE', *, *, #924, .F. ) ;
#3751 = FACE_OUTER_BOUND ( 'NONE', #3359, .T. ) ;
#3753 = EDGE_CURVE ( 'NONE', #1279, #1496, #1663, .T. ) ;
#3752 = CARTESIAN_POINT ( 'NONE',  ( -0.4500000000000003997, 1.330776406404415413, -0.9460000000000000631 ) ) ;
#3754 = EDGE_LOOP ( 'NONE', ( #2334, #2866, #2160, #474, #3279, #675, #341, #390, #1092 ) ) ;
#3755 = VECTOR ( 'NONE', #760, 1000.000000000000000 ) ;
#3756 = EDGE_CURVE ( 'NONE', #1012, #3740, #3391, .T. ) ;
#3757 = DIRECTION ( 'NONE',  ( 1.000000000000000000, 0.000000000000000000, -1.819131161888430038E-16 ) ) ;
#3758 = ORIENTED_EDGE ( 'NONE', *, *, #3499, .F. ) ;
#3759 = CARTESIAN_POINT ( 'NONE',  ( -1.250000000000000444, 0.4000000000000000222, -0.8999999999999999112 ) ) ;
#3760 = AXIS2_PLACEMENT_3D ( 'NONE', #1130, #2921, #2625 ) ;
#3761 = CARTESIAN_POINT ( 'NONE',  ( 1.250000000000000444, 0.2999999999999999334, -1.000000000000000000 ) ) ;
#3762 = LINE ( 'NONE', #607, #2373 ) ;
#3763 = EDGE_LOOP ( 'NONE', ( #3711, #1226, #3445, #3770 ) ) ;
#3764 = DIRECTION ( 'NONE',  ( -0.000000000000000000, -1.000000000000000000, -0.000000000000000000 ) ) ;
#3765 = CARTESIAN_POINT ( 'NONE',  ( 1.224999999999999201, 3.731293662370235076, 0.8249999999999997335 ) ) ;
#3766 = ORIENTED_EDGE ( 'NONE', *, *, #2687, .T. ) ;
#3767 = CARTESIAN_POINT ( 'NONE',  ( -1.075000000000000400, 0.5500000000000000444, 0.8249999999999999556 ) ) ;
#3768 = CIRCLE ( 'NONE', #419, 0.09999999999999982514 ) ;
#3769 = VECTOR ( 'NONE', #1155, 1000.000000000000000 ) ;
#3770 = ORIENTED_EDGE ( 'NONE', *, *, #998, .F. ) ;
#3771 = ORIENTED_EDGE ( 'NONE', *, *, #3241, .T. ) ;
#3772 = ORIENTED_EDGE ( 'NONE', *, *, #3019, .F. ) ;
#3773 = VECTOR ( 'NONE', #2825, 1000.000000000000000 ) ;
#3774 = LINE ( 'NONE', #1118, #3094 ) ;
#3775 = DIRECTION ( 'NONE',  ( 1.819131161888430285E-16, 0.000000000000000000, -1.000000000000000000 ) ) ;
#3776 = CIRCLE ( 'NONE', #2299, 0.1000000000000000472 ) ;
#3777 = ORIENTED_EDGE ( 'NONE', *, *, #154, .F. ) ;
#3778 = EDGE_CURVE ( 'NONE', #3662, #1081, #1448, .T. ) ;
#3779 = LINE ( 'NONE', #2981, #2628 ) ;
#3780 = DIRECTION ( 'NONE',  ( 1.000000000000000000, -0.000000000000000000, -0.000000000000000000 ) ) ;
#3781 = EDGE_CURVE ( 'NONE', #910, #2206, #2028, .T. ) ;
#3782 = CARTESIAN_POINT ( 'NONE',  ( 1.200000000000000622, 0.000000000000000000, -0.8322949016875157424 ) ) ;
#3783 = DIRECTION ( 'NONE',  ( 0.000000000000000000, 1.000000000000000000, 0.000000000000000000 ) ) ;
#3784 = ORIENTED_EDGE ( 'NONE', *, *, #3343, .T. ) ;
#3785 = VECTOR ( 'NONE', #2409, 1000.000000000000000 ) ;
#3786 = CARTESIAN_POINT ( 'NONE',  ( -1.250000000000000444, 0.2999999999999999889, 0.8999999999999999112 ) ) ;
#3787 = AXIS2_PLACEMENT_3D ( 'NONE', #442, #2088, #3573 ) ;
#3788 = EDGE_CURVE ( 'NONE', #1844, #87, #2858, .T. ) ;
#3789 = CARTESIAN_POINT ( 'NONE',  ( -1.075000000000000400, 0.4000000000000000222, 0.8249999999999999556 ) ) ;
#3790 = CARTESIAN_POINT ( 'NONE',  ( -1.200000000000000622, 0.2999999999999999889, -0.8322949016875157424 ) ) ;
#3791 = ORIENTED_EDGE ( 'NONE', *, *, #739, .F. ) ;
#3792 = AXIS2_PLACEMENT_3D ( 'NONE', #1708, #2900, #3497 ) ;
#3793 = ORIENTED_EDGE ( 'NONE', *, *, #6, .F. ) ;
#3794 = LINE ( 'NONE', #2335, #605 ) ;
#3795 = AXIS2_PLACEMENT_3D ( 'NONE', #2922, #2014, #2359 ) ;
#3796 = ORIENTED_EDGE ( 'NONE', *, *, #3173, .F. ) ;
#3797 = FACE_OUTER_BOUND ( 'NONE', #1539, .T. ) ;
#3798 = CARTESIAN_POINT ( 'NONE',  ( -1.075000000000000400, 0.5500000000000000444, -0.8749999999999998890 ) ) ;
#3799 = CARTESIAN_POINT ( 'NONE',  ( -1.075000000000000400, 0.4499999999999999001, 0.8750000000000000000 ) ) ;
#3800 = VERTEX_POINT ( 'NONE', #2300 ) ;
#3801 = FACE_OUTER_BOUND ( 'NONE', #1696, .T. ) ;
#3802 = ORIENTED_EDGE ( 'NONE', *, *, #264, .T. ) ;
#3803 = DIRECTION ( 'NONE',  ( 0.000000000000000000, 1.000000000000000000, -0.000000000000000000 ) ) ;
#3804 = EDGE_CURVE ( 'NONE', #3800, #2385, #1074, .T. ) ;
#3805 = EDGE_CURVE ( 'NONE', #3616, #2864, #1685, .T. ) ;
#3806 = EDGE_CURVE ( 'NONE', #2570, #15, #3168, .T. ) ;
#3807 = LINE ( 'NONE', #3516, #2044 ) ;
#3808 = CARTESIAN_POINT ( 'NONE',  ( -1.150000000000000355, 1.330776406404415413, 1.000000000000000000 ) ) ;
#3809 = EDGE_LOOP ( 'NONE', ( #748, #773, #3271, #1355 ) ) ;
#3810 = CARTESIAN_POINT ( 'NONE',  ( -1.200000000000000622, 0.000000000000000000, 0.3500000000000000333 ) ) ;
#3811 = PLANE ( 'NONE',  #401 ) ;
#3812 = VECTOR ( 'NONE', #1565, 1000.000000000000000 ) ;
#3813 = CARTESIAN_POINT ( 'NONE',  ( 1.250000000000000444, 0.2999999999999999889, 1.000000000000000000 ) ) ;
#3814 = CARTESIAN_POINT ( 'NONE',  ( -1.250000000000000444, 0.2999999999999999889, -0.8249999999999999556 ) ) ;
#3815 = DIRECTION ( 'NONE',  ( 0.000000000000000000, 0.000000000000000000, -1.000000000000000000 ) ) ;
#3816 = VECTOR ( 'NONE', #3461, 1000.000000000000000 ) ;
#3817 = CARTESIAN_POINT ( 'NONE',  ( 1.075000000000000400, 0.2999999999999999889, 1.000000000000000000 ) ) ;
#3818 = DIRECTION ( 'NONE',  ( 1.819131161888430285E-16, 0.000000000000000000, 1.000000000000000000 ) ) ;
#3819 = EDGE_CURVE ( 'NONE', #2225, #2151, #3479, .T. ) ;
#3820 = ORIENTED_EDGE ( 'NONE', *, *, #2012, .T. ) ;
#3821 = DIRECTION ( 'NONE',  ( 1.000000000000000000, -0.000000000000000000, -0.000000000000000000 ) ) ;
#3822 = DIRECTION ( 'NONE',  ( 0.000000000000000000, -1.000000000000000000, 0.000000000000000000 ) ) ;
#3823 = AXIS2_PLACEMENT_3D ( 'NONE', #67, #2994, #2163 ) ;
#3824 = DIRECTION ( 'NONE',  ( -0.000000000000000000, 0.000000000000000000, -1.000000000000000000 ) ) ;
#3825 = CARTESIAN_POINT ( 'NONE',  ( 1.075000000000000400, 0.000000000000000000, -1.000000000000000000 ) ) ;
#3826 = EDGE_LOOP ( 'NONE', ( #3772, #311, #2097, #2785 ) ) ;
#3827 = CARTESIAN_POINT ( 'NONE',  ( 1.250000000000000444, 0.2999999999999999334, 0.8999999999999999112 ) ) ;
#3828 = ORIENTED_EDGE ( 'NONE', *, *, #1637, .F. ) ;
#3829 = AXIS2_PLACEMENT_3D ( 'NONE', #3752, #457, #1653 ) ;
#3830 = DIRECTION ( 'NONE',  ( -1.819131161888430038E-16, 0.000000000000000000, -1.000000000000000000 ) ) ;
#3831 = VECTOR ( 'NONE', #345, 1000.000000000000000 ) ;
#3832 = CIRCLE ( 'NONE', #2234, 0.1499999999999999667 ) ;
#3833 = VECTOR ( 'NONE', #1165, 1000.000000000000000 ) ;
#3834 = FACE_OUTER_BOUND ( 'NONE', #1104, .T. ) ;
ENDSEC;
END-ISO-10303-21;
