#VRML V2.0 utf8
# 3D model generated by kicad-lcsc-manager
# Based on easyeda2kicad.py v1.0.1

Shape{
    appearance Appearance {
        material  Material {
            diffuseColor 0.2235294117647059 0.2235294117647059 0.2235294117647059
            specularColor 0.11372549019607843 0.11372549019607843 0.11372549019607843
            ambientIntensity 0.2235
            transparency 0.0
            shininess 0.5
        }
    }
    geometry IndexedFaceSet {
        ccw TRUE
        solid FALSE
        coord DEF co Coordinate {
            point [
                -0.0653 0.8071 1.2992, -0.0346 -0.1191 1.2992, -0.0653 -0.1556 1.2992, -0.0346 -0.1537 1.2992, 0.1344 -0.1537 1.2992, 0.1959 -0.1374 1.2992, 0.1959 -0.1028 1.2992, 0.1344 0.1612 1.2992, 0.0922 0.1267 1.2992, 0.0922 0.023 1.2992, -0.0269 0.1267 1.2992, -0.0192 0.023 1.2992, 0.0922 -0.0116 1.2992, 0.0922 -0.1191 1.2992, -0.0192 -0.0116 1.2992, 0.6184 -0.1537 1.2992, 0.3011 -0.1556 1.2992, 0.4571 -0.1537 1.2992, 0.3214 -0.1535 1.2992, 0.3519 -0.143 1.2992, -0.0269 0.1612 1.2992, 0.4136 0.0783 1.2992, 0.3951 0.1077 1.2992, 0.5761 0.1612 1.2992, 0.3007 0.127 1.2992, 0.3242 0.1185 1.2992, 0.2015 -0.1059 1.2992, 0.346 0.1039 1.2992, 0.365 0.0829 1.2992, 0.3879 0.0004 1.2992, 0.3847 -0.0337 1.2992, 0.3762 -0.0608 1.2992, 0.3061 -0.1197 1.2992, 0.2767 -0.123 1.2992, 0.329 -0.1112 1.2992, 0.3484 -0.0982 1.2992, 0.3632 -0.0826 1.2992, 0.2349 -0.1183 1.2992, 0.378 0.0586 1.2992, 0.3864 0.0249 1.2992, 0.3772 -0.1268 1.2992, 0.4009 -0.1019 1.2992, 0.4571 -0.1191 1.2992, 0.4177 -0.072 1.2992, 0.5761 -0.1191 1.2992, 0.4271 -0.0387 1.2992, 0.4302 -0.0022 1.2992, 0.4256 0.0426 1.2992, 0.3667 0.1351 1.2992, 0.3367 0.1523 1.2992, 0.3016 0.1625 1.2992, 0.27 0.1651 1.2992, 0.2323 0.1625 1.2992, 0.1959 0.1526 1.2992, 0.1959 0.1104 1.2992, 0.2314 0.1255 1.2992, 0.2696 0.1305 1.2992, 0.2613 -0.1556 1.2992, 0.2739 -0.1574 1.2992, -0.0653 -0.8071 1.2992, 0.2825 -0.1576 1.2992, 0.6184 0.1612 1.2992, 2.3031 0.8071 1.2992, 2.3031 -0.1556 1.2992, 2.3031 -0.8071 1.2992, -2.3032 -0.8071 1.2992, -2.3032 -0.1556 1.2992, 0.2295 -0.1512 1.2992, -0.3726 -0.1537 1.2992, -0.3338 -0.0674 1.2992, -0.3158 -0.0956 1.2992, -0.6107 -0.1537 1.2992, -0.6568 -0.1537 1.2992, -0.5339 0.1612 1.2992, -2.3032 0.8071 1.2992, -0.4917 0.1612 1.2992, -0.2898 -0.1204 1.2992, -0.2569 -0.1395 1.2992, -0.2206 -0.1503 1.2992, -0.1817 -0.1537 1.2992, -0.096 -0.1537 1.2992, -0.096 0.1612 1.2992, -0.1849 0.1612 1.2992, -0.3019 0.1202 1.2992, -0.3242 0.0955 1.2992, -0.3388 0.0684 1.2992, -0.2304 0.1564 1.2992, -0.2673 0.1434 1.2992, -0.3016 0.1205 1.2992, -0.4187 -0.1537 1.2992, -0.4487 -0.0654 1.2992, -0.5789 -0.0654 1.2992, -0.3473 0.0374 1.2992, -0.3495 0.0077 1.2992, -0.3451 -0.0344 1.2992, -1.8406 -1.0039 0.6314, -1.8406 -1.3976 0.6314, -2.5 -1.0039 0.6314, -2.4606 -1.3976 0.6314, -2.5 -1.3583 0.6314, -2.4708 -1.3963 0.6314, -2.4803 -1.3924 0.6314, -2.4987 -1.3685 0.6314, -2.4885 -1.3861 0.6314, -2.4947 -1.378 0.6314, -1.6595 -1.0039 0.6314, -1.3406 -1.0039 0.6314, -1.6595 -1.3976 0.6314, -1.3406 -1.3976 0.6314, -1.1595 -1.0039 0.6314, -0.8406 -1.0039 0.6314, -1.1595 -1.3976 0.6314, -0.8406 -1.3976 0.6314, -0.6595 -1.0039 0.6314, -0.3406 -1.0039 0.6314, -0.6595 -1.3976 0.6314, -0.3406 -1.3976 0.6314, -0.1595 -1.0039 0.6314, 0.1594 -1.0039 0.6314, -0.1595 -1.3976 0.6314, 0.1594 -1.3976 0.6314, 0.3405 -1.0039 0.6314, 0.6594 -1.0039 0.6314, 0.3405 -1.3976 0.6314, 0.6594 -1.3976 0.6314, 0.8405 -1.0039 0.6314, 1.1594 -1.0039 0.6314, 0.8405 -1.3976 0.6314, 1.1594 -1.3976 0.6314, 1.3405 -1.0039 0.6314, 1.6594 -1.0039 0.6314, 1.3405 -1.3976 0.6314, 1.6594 -1.3976 0.6314, -1.6595 1.3976 0.6314, -1.3406 1.3976 0.6314, -1.6595 1.0039 0.6314, -1.3406 1.0039 0.6314, -1.1595 1.3976 0.6314, -0.8406 1.3976 0.6314, -1.1595 1.0039 0.6314, -0.8406 1.0039 0.6314, -0.6595 1.3976 0.6314, -0.3406 1.3976 0.6314, -0.6595 1.0039 0.6314, -0.3406 1.0039 0.6314, -0.1595 1.3976 0.6314, 0.1594 1.3976 0.6314, -0.1595 1.0039 0.6314, 0.1594 1.0039 0.6314, 0.3405 1.3976 0.6314, 0.6594 1.3976 0.6314, 0.3405 1.0039 0.6314, 0.6594 1.0039 0.6314, 0.8405 1.3976 0.6314, 1.1594 1.3976 0.6314, 0.8405 1.0039 0.6314, 1.1594 1.0039 0.6314, 1.3405 1.3976 0.6314, 1.6594 1.3976 0.6314, 1.3405 1.0039 0.6314, 1.6594 1.0039 0.6314, 1.8405 1.0039 0.6314, 1.8405 1.3976 0.6314, 2.5 1.0039 0.6314, 2.4606 1.3976 0.6314, 2.4708 1.3963 0.6314, 2.4986 1.3684 0.6314, 2.5 1.3583 0.6314, 2.4803 1.3924 0.6314, 2.4885 1.3861 0.6314, 2.4947 1.3779 0.6314, 2.4606 -1.1614 2.6181, 2.4606 -1.063 2.6181, 0.5454 -1.063 2.6181, 0.4289 0.1356 2.6181, 0.4718 0.1632 2.6181, 0.3418 0.1632 2.6181, 2.3425 0.8268 2.6181, 2.4606 0.8268 2.6181, 2.4606 1.1015 2.6181, -0.3414 0.1503 2.6181, -0.2324 0.1632 2.6181, -0.3712 0.1609 2.6181, -0.3917 0.1632 2.6181, -0.2962 -0.1034 2.6181, -0.32 -0.1276 2.6181, -0.2324 -0.1556 2.6181, -0.2787 -0.0742 2.6181, -0.3462 -0.1437 2.6181, -0.3766 -0.1538 2.6181, -0.395 -0.1556 2.6181, -0.3141 0.1319 2.6181, -0.2907 0.1056 2.6181, -0.2743 0.0742 2.6181, -0.2653 0.039 2.6181, -0.2631 0.0075 2.6181, -0.2674 -0.0381 2.6181, -0.5819 1.1015 2.6181, -0.4315 0.1632 2.6181, -0.2324 1.1015 2.6181, -0.4093 0.1651 2.6181, -0.5289 0.1115 2.6181, -0.5044 0.1358 2.6181, -0.5819 0.1632 2.6181, -0.4753 0.1528 2.6181, -0.4434 0.1621 2.6181, -0.4529 -0.1535 2.6181, -0.4825 -0.1433 2.6181, -0.5819 -0.1556 2.6181, -0.5083 -0.1269 2.6181, -0.5627 0.0 2.6181, -0.5584 0.0456 2.6181, -0.5468 0.082 2.6181, -0.5309 -0.1035 2.6181, -0.5484 -0.0741 2.6181, -0.559 -0.04 2.6181, -0.4325 -0.1556 2.6181, -0.5819 -0.443 2.6181, -0.4144 -0.1576 2.6181, -1.4104 -0.443 2.6181, -0.7325 -0.1556 2.6181, -0.6448 0.1632 2.6181, -0.6126 0.1564 2.6181, -0.6036 -0.0946 2.6181, -0.6094 -0.1106 2.6181, -0.6126 0.1104 2.6181, -0.6377 -0.0063 2.6181, -0.6195 -0.0232 2.6181, -0.6196 -0.1254 2.6181, -0.6328 -0.1369 2.6181, -0.6506 -0.1466 2.6181, -0.6813 -0.1552 2.6181, -0.6876 -0.1556 2.6181, -0.7139 -0.1576 2.6181, -0.609 -0.0389 2.6181, -0.6032 -0.0547 2.6181, -0.6011 -0.0725 2.6181, -0.684 0.0208 2.6181, -0.6365 0.1227 2.6181, -0.7133 0.0363 2.6181, -0.6634 0.1292 2.6181, -0.6851 0.1305 2.6181, -0.7462 0.064 2.6181, -0.7495 0.0727 2.6181, -0.7509 0.0847 2.6181, -0.7409 0.0562 2.6181, -0.7312 0.0477 2.6181, -0.7426 0.1095 2.6181, -0.7471 0.1024 2.6181, -0.7499 0.0943 2.6181, -0.7072 0.1285 2.6181, -0.7239 0.1232 2.6181, -0.7354 0.1164 2.6181, -0.6468 0.1636 2.6181, -0.7166 0.1617 2.6181, -0.7015 0.1632 2.6181, -1.4104 0.1632 2.6181, -0.7628 0.0194 2.6181, -0.7767 0.0328 2.6181, -0.7932 -0.0951 2.6181, -1.4104 -0.1556 2.6181, -0.7544 -0.1534 2.6181, -0.7831 -0.1461 2.6181, -0.7857 0.047 2.6181, -0.7914 0.0634 2.6181, -0.7932 0.0806 2.6181, -0.7904 0.1024 2.6181, -0.7842 0.1174 2.6181, -0.7743 0.1311 2.6181, -0.7932 -0.1412 2.6181, -0.7608 0.1428 2.6181, -0.7431 0.153 2.6181, -0.7162 -0.0088 2.6181, -0.7701 -0.1093 2.6181, -0.6734 -0.0315 2.6181, -0.7329 -0.1207 2.6181, -0.669 -0.0343 2.6181, -0.7092 -0.123 2.6181, -0.6863 -0.1212 2.6181, -0.6704 -0.1169 2.6181, -0.6591 -0.1107 2.6181, -0.6525 -0.1045 2.6181, -0.6483 -0.0982 2.6181, -0.6447 -0.0884 2.6181, -0.6434 -0.076 2.6181, -0.6447 -0.0648 2.6181, -0.6483 -0.0559 2.6181, -0.656 -0.0453 2.6181, -2.2869 -0.41 2.6181, -2.2743 -0.3937 2.6181, -2.2665 -0.3747 2.6181, -2.3032 -0.4225 2.6181, -2.3222 -0.4304 2.6181, -2.3622 -0.443 2.6181, -2.3425 -0.4331 2.6181, -2.3622 -0.4331 2.6181, -2.3032 0.4225 2.6181, -2.2869 0.41 2.6181, -1.4104 1.1015 2.6181, -2.2743 0.3937 2.6181, -2.2665 0.3747 2.6181, -0.6818 0.1651 2.6181, -2.3222 0.4304 2.6181, -2.3622 1.1015 2.6181, -2.3425 0.4331 2.6181, -2.2638 0.3543 2.6181, -2.2638 0.1632 2.6181, -2.2638 -0.1556 2.6181, -2.2638 -0.3543 2.6181, -2.3622 0.4331 2.6181, -2.4606 1.1015 2.6181, -2.4606 0.4331 2.6181, 2.2665 0.7684 2.6181, 2.2743 0.7874 2.6181, 0.5454 1.1015 2.6181, 2.2868 0.8037 2.6181, 2.3031 0.8162 2.6181, 2.3221 0.8241 2.6181, 0.7779 0.1568 2.6181, 0.7855 0.1526 2.6181, 2.2638 0.1632 2.6181, 0.7377 0.0435 2.6181, 0.7565 0.037 2.6181, 0.7855 0.118 2.6181, 0.7738 0.0254 2.6181, 2.2638 0.748 2.6181, 0.7534 0.1632 2.6181, 0.7599 0.1626 2.6181, 0.8017 -0.0802 2.6181, 0.7937 -0.103 2.6181, 2.2638 -0.1556 2.6181, 0.7874 0.0102 2.6181, 0.7974 -0.0088 2.6181, 0.8036 -0.0341 2.6181, 0.7811 -0.1225 2.6181, 0.7649 -0.1381 2.6181, 0.7468 -0.149 2.6181, 0.8047 -0.0517 2.6181, 0.6409 0.0011 2.6181, 0.6419 0.0011 2.6181, 0.6433 0.0346 2.6181, 0.6534 0.019 2.6181, 0.6529 0.0708 2.6181, 0.6662 0.0313 2.6181, 0.6655 0.0944 2.6181, 0.6812 0.0399 2.6181, 0.6808 0.1116 2.6181, 0.6977 0.0447 2.6181, 0.6964 0.1222 2.6181, 0.7141 0.046 2.6181, 0.7601 0.1274 2.6181, 0.7332 0.1305 2.6181, 0.7129 0.1282 2.6181, 0.7254 -0.1556 2.6181, 0.5454 -0.443 2.6181, 2.2638 -0.443 2.6181, 2.2638 -0.748 2.6181, 0.7253 -0.1557 2.6181, 0.7042 -0.1576 2.6181, 0.6887 -0.1556 2.6181, 2.2868 -0.8037 2.6181, 2.2743 -0.7874 2.6181, 2.2665 -0.7684 2.6181, 2.4606 -0.8268 2.6181, 2.3425 -0.8268 2.6181, 2.3221 -0.8241 2.6181, 2.3031 -0.8162 2.6181, 0.5454 -0.1556 2.6181, 0.6772 -0.1542 2.6181, 0.6585 -0.1469 2.6181, 0.6801 0.1534 2.6181, 0.7063 0.1625 2.6181, 0.5454 0.1632 2.6181, 0.7133 0.1632 2.6181, 0.7324 0.1651 2.6181, 0.6414 -0.1347 2.6181, 0.6273 -0.1188 2.6181, 0.6139 -0.0936 2.6181, 0.6192 0.085 2.6181, 0.6378 0.1172 2.6181, 0.6583 0.139 2.6181, 0.6037 -0.0537 2.6181, 0.6011 -0.0149 2.6181, 0.6061 0.0419 2.6181, 0.4513 -0.1537 2.6181, 0.3418 -0.1556 2.6181, 0.3418 1.1015 2.6181, 0.4748 0.1651 2.6181, 0.4897 0.1651 2.6181, 0.4897 0.1632 2.6181, 0.4897 -0.1537 2.6181, 0.4513 0.1138 2.6181, 0.4222 0.0943 2.6181, 0.3842 0.0784 2.6181, 0.3783 0.0767 2.6181, 0.3783 0.1152 2.6181, 0.1325 -0.1028 2.6181, 0.1325 -0.1374 2.6181, 0.1594 -0.1556 2.6181, 0.0989 -0.1512 2.6181, 0.0671 -0.1556 2.6181, 0.1594 0.1632 2.6181, 0.0862 0.1632 2.6181, 0.0961 0.1625 2.6181, 0.1325 0.1526 2.6181, 0.1325 0.1104 2.6181, 0.097 0.1255 2.6181, 0.1269 -0.1059 2.6181, 0.0587 0.1305 2.6181, 0.0277 0.127 2.6181, 0.0042 0.1185 2.6181, -0.0176 0.1039 2.6181, -0.0367 0.0829 2.6181, -0.0595 0.0004 2.6181, -0.0564 -0.0337 2.6181, -0.0478 -0.0608 2.6181, 0.0223 -0.1197 2.6181, 0.0517 -0.123 2.6181, -0.0007 -0.1112 2.6181, -0.02 -0.0982 2.6181, -0.0348 -0.0826 2.6181, 0.0935 -0.1183 2.6181, -0.0496 0.0586 2.6181, -0.058 0.0249 2.6181, 0.007 -0.1535 2.6181, -0.0235 -0.143 2.6181, -0.1306 -0.1556 2.6181, -0.0488 -0.1268 2.6181, -0.0725 -0.1019 2.6181, -0.0893 -0.072 2.6181, -0.0852 0.0783 2.6181, -0.0667 0.1077 2.6181, -0.1306 0.1632 2.6181, -0.0383 0.1351 2.6181, -0.0084 0.1523 2.6181, 0.0268 0.1625 2.6181, 0.0349 0.1632 2.6181, -0.0988 -0.0387 2.6181, -0.1018 -0.0022 2.6181, -0.0973 0.0426 2.6181, 0.0545 -0.1574 2.6181, 0.1594 -0.443 2.6181, 0.0458 -0.1576 2.6181, 0.0273 -0.1556 2.6181, -0.1306 -0.443 2.6181, 0.1594 1.1015 2.6181, -0.1306 1.1015 2.6181, 0.0584 0.1651 2.6181, 0.1863 -0.0154 2.6181, 0.3053 -0.0154 2.6181, 0.3053 -0.0462 2.6181, 0.1863 -0.0462 2.6181, -0.1594 -0.1537 2.6181, -0.2017 -0.1537 2.6181, -0.1594 0.1612 2.6181, -0.2017 0.1612 2.6181, 0.3418 -0.443 2.6181, -0.2324 -0.443 2.6181, -2.1762 -0.9606 2.6181, -2.2047 -0.9488 2.6181, -2.3622 -1.063 2.6181, -2.2292 -0.93 2.6181, -2.248 -0.9055 2.6181, -2.248 -0.7874 2.6181, -2.2292 -0.763 2.6181, -2.2047 -0.7442 2.6181, -2.0276 -0.8465 2.6181, -2.0316 -0.877 2.6181, -1.4104 -1.063 2.6181, -2.0434 -0.9055 2.6181, -2.0622 -0.93 2.6181, -2.2598 -0.877 2.6181, -2.2638 -0.8465 2.6181, -2.2598 -0.8159 2.6181, -2.0866 -0.7442 2.6181, -2.0622 -0.763 2.6181, -2.0434 -0.7874 2.6181, -2.0316 -0.8159 2.6181, 0.3418 -1.063 2.6181, 0.1594 -1.063 2.6181, -0.1306 -1.063 2.6181, -0.2324 -1.063 2.6181, -0.5819 -1.063 2.6181, -2.0866 -0.9488 2.6181, -2.1151 -0.9606 2.6181, -2.1457 -0.9646 2.6181, -2.1762 -0.7324 2.6181, -2.1457 -0.7284 2.6181, -2.1151 -0.7324 2.6181, -2.4606 -0.4331 2.6181, -2.4606 -0.443 2.6181, -2.4606 -1.063 2.6181, 0.5454 -1.1614 2.6181, 0.3418 -1.1614 2.6181, 0.1594 -1.1614 2.6181, -0.1306 -1.1614 2.6181, -0.2324 -1.1614 2.6181, -0.5819 -1.1614 2.6181, -1.4104 -1.1614 2.6181, -2.3622 -1.1614 2.6181, -2.4606 -1.1614 2.6181, -2.4606 -1.3976 1.3976, 2.4606 -1.3976 1.3976, 1.8405 -1.3976 0.6314, 2.4606 -1.3976 0.6314, 2.5 -1.2402 1.3976, 2.5 -1.3583 1.3976, 2.5 -1.3583 0.6314, 2.5 -1.0039 0.1181, 2.5 1.0039 0.1181, 2.5 -1.0039 0.6314, 2.5 -0.8162 1.437, 2.5 -1.1641 1.456, 2.5 -0.8037 1.4207, 2.5 -0.7874 1.4082, 2.5 -0.8268 1.4764, 2.5 -0.8268 2.5787, 2.5 -1.1614 2.5787, 2.5 -0.7684 1.4003, 2.5 -1.172 1.437, 2.5 -0.748 1.3976, 2.5 -0.8241 1.456, 2.5 -1.1614 1.4764, 2.5 0.8037 1.4207, 2.5 1.2381 1.3976, 2.5 0.8162 1.437, 2.5 1.2184 1.4001, 2.5 0.8241 1.456, 2.5 1.2 1.4075, 2.5 1.1839 1.4193, 2.5 1.3583 1.3976, 2.5 0.7874 1.4082, 2.5 0.7684 1.4003, 2.5 0.748 1.3976, 2.5 -1.1845 1.4207, 2.5 -1.2008 1.4082, 2.5 -1.2198 1.4003, 2.5 1.1015 2.5787, 2.5 0.8268 2.5787, 2.5 1.1595 1.4723, 2.5 0.8268 1.4764, 2.5 1.163 1.4527, 2.5 1.1714 1.4347, -1.8406 1.3976 0.6314, -2.4606 1.3976 0.6314, -2.4606 1.3976 1.3976, 2.4606 1.3976 1.3976, -2.5 1.0039 0.1181, -2.5 -1.0039 0.1181, -2.5 1.0039 0.6314, -2.5 0.3543 1.3976, -2.5 0.3747 1.4003, -2.5 1.3583 0.6314, -2.5 0.3937 1.4082, -2.5 0.41 1.4207, -2.5 0.4225 1.437, -2.5 0.4304 1.456, -2.5 1.2381 1.3976, -2.5 1.3583 1.3976, -2.5 -0.3937 1.4082, -2.5 -1.1641 1.456, -2.5 -0.41 1.4207, -2.5 -0.4225 1.437, -2.5 1.1839 1.4193, -2.5 1.2 1.4075, -2.5 1.2184 1.4001, -2.5 -0.3747 1.4003, -2.5 -0.3543 1.3976, -2.5 -1.2198 1.4003, -2.5 -1.2402 1.3976, -2.5 -1.3583 1.3976, -2.5 -1.2008 1.4082, -2.5 -1.1845 1.4207, -2.5 -1.172 1.437, -2.5 0.4331 1.4764, -2.5 0.4331 2.5787, -2.5 1.1015 2.5787, -2.5 -1.1614 2.5787, -2.5 -0.4331 2.5787, -2.5 -1.1614 1.4764, -2.5 -0.4331 1.4764, -2.5 -0.4304 1.456, -2.5 1.1595 1.4723, -2.5 1.163 1.4527, -2.5 1.1714 1.4347, 2.3031 0.8071 0.1181, 2.3031 -0.8071 0.1181, -2.3032 -0.8071 0.1181, -2.3032 0.8071 0.1181, 2.4606 -1.2008 2.5787, -2.4606 -1.2008 2.5787, 2.4606 -1.2008 1.4764, -2.4606 -1.2008 1.4764, 2.4606 -1.2402 1.437, -2.4606 -1.2402 1.437, 2.4606 -1.3583 1.437, -2.4606 -1.3583 1.437, -2.3425 0.3543 1.437, -2.4606 0.3543 1.437, -2.3425 -0.3543 1.437, -2.4606 -0.3543 1.437, -2.3425 -0.3937 1.4764, -2.4606 -0.3937 1.4764, -2.3425 -0.3937 2.5787, -2.4606 -0.3937 2.5787, -2.3425 0.3937 2.5787, -2.4606 0.3937 2.5787, -2.3425 0.3937 1.4764, -2.4606 0.3937 1.4764, -2.3032 0.3543 1.4764, -2.3032 -0.3543 1.4764, -2.3032 0.3543 2.5787, -2.3032 -0.3543 2.5787, 2.3425 0.748 1.437, 2.3425 -0.748 1.437, 2.4606 0.748 1.437, 2.4606 -0.748 1.437, 2.3425 -0.7874 2.5787, 2.4606 -0.7874 2.5787, 2.3425 -0.7874 1.4764, 2.4606 -0.7874 1.4764, 2.3425 0.7874 1.4764, 2.4606 0.7874 1.4764, 2.3425 0.7874 2.5787, 2.4606 0.7874 2.5787, 2.3031 0.748 2.5787, 2.3031 -0.748 2.5787, 2.3031 0.748 1.4764, 2.3031 -0.748 1.4764, 2.4606 1.3583 1.437, -2.4606 1.3583 1.437, 2.4606 1.2381 1.437, -2.4606 1.2381 1.437, 2.4606 1.1988 1.4743, -2.4606 1.1988 1.4743, 2.4606 1.1408 2.5808, -2.4606 1.1408 2.5808, -2.4987 -1.3685 1.3976, -2.4947 -1.378 1.3976, -2.4885 -1.3861 1.3976, -2.4803 -1.3924 1.3976, -2.4708 -1.3963 1.3976, -2.4606 -1.3963 1.4078, -2.4705 -1.395 1.4078, -2.4705 -1.3753 1.4317, -2.4657 -1.3671 1.4357, -2.4678 -1.3655 1.4357, -2.4708 -1.3583 1.4357, -2.4705 -1.3609 1.4357, -2.4633 -1.3681 1.4357, -2.4657 -1.3773 1.4317, -2.4678 -1.3852 1.4255, -2.4606 -1.3685 1.4357, -2.4746 -1.3722 1.4317, -2.4695 -1.3634 1.4357, -2.4777 -1.3681 1.4317, -2.4797 -1.3634 1.4317, -2.4803 -1.3583 1.4317, -2.4606 -1.378 1.4317, -2.4606 -1.3861 1.4255, -2.4606 -1.3924 1.4173, -2.4746 -1.3824 1.4255, -2.4803 -1.378 1.4255, -2.4847 -1.3722 1.4255, -2.4875 -1.3655 1.4255, -2.4885 -1.3583 1.4255, -2.4695 -1.3912 1.4173, -2.4777 -1.3878 1.4173, -2.4847 -1.3824 1.4173, -2.4902 -1.3753 1.4173, -2.4936 -1.3671 1.4173, -2.4947 -1.3583 1.4173, -2.4797 -1.3912 1.4078, -2.4875 -1.3852 1.4078, -2.4936 -1.3773 1.4078, -2.4974 -1.3681 1.4078, -2.4987 -1.3583 1.4078, 2.4708 -1.3963 0.6314, 2.4708 -1.3963 1.3976, 2.4803 -1.3924 0.6314, 2.4803 -1.3924 1.3976, 2.4885 -1.3861 0.6314, 2.4885 -1.3861 1.3976, 2.4947 -1.378 0.6314, 2.4947 -1.378 1.3976, 2.4986 -1.3685 0.6314, 2.4986 -1.3685 1.3976, 2.4606 -1.3685 1.4357, 2.4606 -1.378 1.4317, 2.4606 -1.3861 1.4255, 2.4606 -1.3924 1.4173, 2.4606 -1.3963 1.4078, -2.4708 -1.2402 1.4357, -2.4803 -1.2402 1.4317, -2.4885 -1.2402 1.4255, -2.4947 -1.2402 1.4173, -2.4987 -1.2402 1.4078, 2.4986 -1.3583 1.4078, 2.4974 -1.3681 1.4078, 2.4777 -1.3681 1.4317, 2.4694 -1.3634 1.4357, 2.4678 -1.3655 1.4357, 2.4633 -1.3681 1.4357, 2.4705 -1.3609 1.4357, 2.4796 -1.3634 1.4317, 2.4875 -1.3655 1.4255, 2.4708 -1.3583 1.4357, 2.4745 -1.3722 1.4317, 2.4657 -1.3671 1.4357, 2.4705 -1.3753 1.4317, 2.4657 -1.3773 1.4317, 2.4803 -1.3583 1.4317, 2.4885 -1.3583 1.4255, 2.4947 -1.3583 1.4173, 2.4847 -1.3722 1.4255, 2.4803 -1.378 1.4255, 2.4745 -1.3824 1.4255, 2.4678 -1.3852 1.4255, 2.4936 -1.3671 1.4173, 2.4901 -1.3753 1.4173, 2.4847 -1.3824 1.4173, 2.4777 -1.3878 1.4173, 2.4694 -1.3912 1.4173, 2.4936 -1.3773 1.4078, 2.4875 -1.3852 1.4078, 2.4796 -1.3912 1.4078, 2.4705 -1.395 1.4078, -2.4987 -1.1716 1.4764, -2.4987 -1.174 1.4586, -2.4947 -1.1811 1.4764, -2.4947 -1.1831 1.4611, -2.4885 -1.1893 1.4764, -2.4885 -1.191 1.4632, -2.4803 -1.1955 1.4764, -2.4803 -1.197 1.4648, -2.4708 -1.1995 1.4764, -2.4708 -1.2008 1.4658, -2.4606 -1.2021 1.4662, -2.4987 -1.1808 1.4421, -2.4947 -1.189 1.4469, -2.4885 -1.1961 1.4509, -2.4803 -1.2015 1.4541, -2.4708 -1.2049 1.456, -2.4606 -1.2061 1.4567, -2.4987 -1.1917 1.4279, -2.4947 -1.1984 1.4346, -2.4885 -1.2042 1.4404, -2.4803 -1.2086 1.4448, -2.4708 -1.2114 1.4476, -2.4606 -1.2123 1.4485, -2.4987 -1.2059 1.417, -2.4947 -1.2106 1.4252, -2.4885 -1.2147 1.4323, -2.4803 -1.2178 1.4377, -2.4708 -1.2198 1.4411, -2.4606 -1.2205 1.4423, -2.4987 -1.2224 1.4102, -2.4947 -1.2249 1.4193, -2.4885 -1.227 1.4272, -2.4803 -1.2286 1.4333, -2.4708 -1.2296 1.4371, -2.4606 -1.23 1.4383, 2.4708 -1.2402 1.4357, 2.4803 -1.2402 1.4317, 2.4885 -1.2402 1.4255, 2.4947 -1.2402 1.4173, 2.4986 -1.2402 1.4078, 2.4606 -1.2021 1.4662, 2.4606 -1.2061 1.4567, 2.4606 -1.2123 1.4485, 2.4606 -1.2205 1.4423, 2.4606 -1.23 1.4383, -2.4708 -1.1995 2.5787, -2.4803 -1.1955 2.5787, -2.4885 -1.1893 2.5787, -2.4947 -1.1811 2.5787, -2.4987 -1.1716 2.5787, 2.4986 -1.2224 1.4102, 2.4947 -1.2249 1.4193, 2.4885 -1.227 1.4272, 2.4803 -1.2286 1.4333, 2.4708 -1.2296 1.4371, 2.4986 -1.2059 1.417, 2.4947 -1.2106 1.4252, 2.4885 -1.2147 1.4323, 2.4803 -1.2178 1.4377, 2.4708 -1.2198 1.4411, 2.4986 -1.1917 1.4279, 2.4947 -1.1984 1.4346, 2.4885 -1.2042 1.4404, 2.4803 -1.2086 1.4448, 2.4708 -1.2114 1.4476, 2.4986 -1.1808 1.4421, 2.4947 -1.189 1.4469, 2.4885 -1.1961 1.4509, 2.4803 -1.2015 1.4541, 2.4708 -1.2049 1.456, 2.4986 -1.174 1.4586, 2.4947 -1.1831 1.4611, 2.4885 -1.191 1.4632, 2.4803 -1.197 1.4648, 2.4708 -1.2008 1.4658, 2.4986 -1.1716 1.4764, 2.4947 -1.1811 1.4764, 2.4885 -1.1893 1.4764, 2.4803 -1.1955 1.4764, 2.4708 -1.1995 1.4764, -2.4606 -1.1995 2.5889, -2.4705 -1.1982 2.5889, -2.4705 -1.1785 2.6128, -2.4657 -1.1703 2.6168, -2.4678 -1.1686 2.6168, -2.4708 -1.1614 2.6168, -2.4705 -1.1641 2.6168, -2.4633 -1.1713 2.6168, -2.4657 -1.1804 2.6128, -2.4678 -1.1883 2.6066, -2.4606 -1.1716 2.6168, -2.4746 -1.1753 2.6128, -2.4695 -1.1665 2.6168, -2.4777 -1.1713 2.6128, -2.4797 -1.1665 2.6128, -2.4803 -1.1614 2.6128, -2.4606 -1.1811 2.6128, -2.4606 -1.1893 2.6066, -2.4606 -1.1955 2.5984, -2.4746 -1.1855 2.6066, -2.4803 -1.1811 2.6066, -2.4847 -1.1753 2.6066, -2.4875 -1.1686 2.6066, -2.4885 -1.1614 2.6066, -2.4695 -1.1944 2.5984, -2.4777 -1.191 2.5984, -2.4847 -1.1855 2.5984, -2.4902 -1.1785 2.5984, -2.4936 -1.1703 2.5984, -2.4947 -1.1614 2.5984, -2.4797 -1.1944 2.5889, -2.4875 -1.1883 2.5889, -2.4936 -1.1804 2.5889, -2.4974 -1.1713 2.5889, -2.4987 -1.1614 2.5889, 2.499 -1.1702 2.5787, 2.4985 -1.1716 2.5787, 2.4961 -1.1785 2.5787, 2.4945 -1.181 2.5787, 2.4914 -1.186 2.5787, 2.4883 -1.1891 2.5787, 2.4852 -1.1922 2.5787, 2.4802 -1.1953 2.5787, 2.4777 -1.1969 2.5787, 2.4708 -1.1993 2.5787, 2.4694 -1.1998 2.5787, 2.4606 -1.1995 2.5889, 2.4606 -1.1716 2.6168, 2.4606 -1.1955 2.5984, 2.4606 -1.1893 2.6066, 2.4606 -1.1811 2.6128, -2.4708 -0.4331 2.6168, -2.4803 -0.4331 2.6128, -2.4885 -0.4331 2.6066, -2.4947 -0.4331 2.5984, -2.4987 -0.4331 2.5889, -2.3353 -0.3615 1.4383, -2.3374 -0.3632 1.4383, -2.3327 -0.3714 1.4423, -2.3327 -0.357 1.4383, -2.3323 -0.3543 1.4383, -2.3337 -0.3594 1.4383, -2.3228 -0.3543 1.4423, -2.3235 -0.3594 1.4423, -2.3255 -0.3642 1.4423, -2.3286 -0.3683 1.4423, -2.3353 -0.3812 1.4485, -2.3374 -0.3734 1.4423, -2.3399 -0.3642 1.4383, -2.3147 -0.3543 1.4485, -2.3156 -0.3615 1.4485, -2.3184 -0.3683 1.4485, -2.3228 -0.374 1.4485, -2.3286 -0.3784 1.4485, -2.3425 -0.3884 1.4567, -2.3425 -0.3822 1.4485, -2.3425 -0.374 1.4423, -2.3425 -0.3645 1.4383, -2.3084 -0.3543 1.4567, -2.3096 -0.3632 1.4567, -2.313 -0.3714 1.4567, -2.3184 -0.3784 1.4567, -2.3255 -0.3839 1.4567, -2.3337 -0.3873 1.4567, -2.3425 -0.3924 1.4662, -2.3327 -0.3911 1.4662, -2.3235 -0.3873 1.4662, -2.3156 -0.3812 1.4662, -2.3096 -0.3734 1.4662, -2.3058 -0.3642 1.4662, -2.3045 -0.3543 1.4662, -2.3323 -0.3924 1.4764, -2.3228 -0.3884 1.4764, -2.3147 -0.3822 1.4764, -2.3084 -0.374 1.4764, -2.3045 -0.3645 1.4764, 2.4771 -1.1957 2.5889, 2.4843 -1.1912 2.5889, 2.4904 -1.1851 2.5889, 2.476 -1.1737 2.6128, 2.4686 -1.1678 2.6168, 2.467 -1.1694 2.6168, 2.4698 -1.1658 2.6168, 2.4784 -1.17 2.6128, 2.4857 -1.1735 2.6066, 2.4706 -1.1637 2.6168, 2.4798 -1.1658 2.6128, 2.4878 -1.1676 2.6066, 2.4939 -1.169 2.5984, 2.4708 -1.1614 2.6168, 2.4803 -1.1614 2.6128, 2.4885 -1.1614 2.6066, 2.4947 -1.1614 2.5984, 2.4986 -1.1614 2.5889, 2.4913 -1.1762 2.5984, 2.4949 -1.1779 2.5889, 2.4977 -1.1699 2.5889, 2.4873 -1.1827 2.5984, 2.4824 -1.1788 2.6066, 2.4819 -1.1881 2.5984, 2.478 -1.1832 2.6066, 2.4729 -1.1768 2.6128, 2.4754 -1.1921 2.5984, 2.4727 -1.1865 2.6066, 2.4692 -1.1792 2.6128, 2.465 -1.1706 2.6168, 2.4691 -1.1985 2.5889, 2.4682 -1.1947 2.5984, 2.4668 -1.1886 2.6066, 2.465 -1.1806 2.6128, 2.4629 -1.1714 2.6168, -2.4974 -0.4232 2.5889, -2.4777 -0.4232 2.6128, -2.4695 -0.428 2.6168, -2.4678 -0.4259 2.6168, -2.4606 -0.4229 2.6168, -2.4633 -0.4232 2.6168, -2.4705 -0.4304 2.6168, -2.4797 -0.428 2.6128, -2.4875 -0.4259 2.6066, -2.4746 -0.4192 2.6128, -2.4657 -0.4243 2.6168, -2.4705 -0.416 2.6128, -2.4657 -0.4141 2.6128, -2.4606 -0.4134 2.6128, -2.4847 -0.4192 2.6066, -2.4803 -0.4134 2.6066, -2.4746 -0.409 2.6066, -2.4678 -0.4062 2.6066, -2.4606 -0.4052 2.6066, -2.4936 -0.4243 2.5984, -2.4902 -0.416 2.5984, -2.4847 -0.409 2.5984, -2.4777 -0.4036 2.5984, -2.4695 -0.4001 2.5984, -2.4606 -0.399 2.5984, -2.4936 -0.4141 2.5889, -2.4875 -0.4062 2.5889, -2.4797 -0.4001 2.5889, -2.4705 -0.3963 2.5889, -2.4606 -0.3951 2.5889, -2.4987 -0.4229 2.5787, -2.4947 -0.4134 2.5787, -2.4885 -0.4052 2.5787, -2.4803 -0.399 2.5787, -2.4708 -0.3951 2.5787, 2.4708 -0.8268 2.6168, 2.4803 -0.8268 2.6128, 2.4885 -0.8268 2.6066, 2.4947 -0.8268 2.5984, 2.4986 -0.8268 2.5889, -2.3425 -0.4229 2.6168, -2.3425 -0.3951 2.5889, -2.3425 -0.399 2.5984, -2.3425 -0.4052 2.6066, -2.3425 -0.4134 2.6128, -2.3045 -0.3645 2.5787, -2.3084 -0.374 2.5787, -2.3147 -0.3822 2.5787, -2.3228 -0.3884 2.5787, -2.3323 -0.3924 2.5787, -2.3045 0.3543 1.4662, -2.3084 0.3543 1.4567, -2.3147 0.3543 1.4485, -2.3228 0.3543 1.4423, -2.3323 0.3543 1.4383, -2.4606 -0.3924 1.4662, -2.4606 -0.3884 1.4567, -2.4606 -0.3822 1.4485, -2.4606 -0.374 1.4423, -2.4606 -0.3645 1.4383, 2.3353 -0.7552 1.4383, 2.3337 -0.7531 1.4383, 2.3255 -0.7579 1.4423, 2.3399 -0.7579 1.4383, 2.3425 -0.7582 1.4383, 2.3374 -0.7569 1.4383, 2.3425 -0.7677 1.4423, 2.3374 -0.7671 1.4423, 2.3327 -0.7651 1.4423, 2.3286 -0.762 1.4423, 2.3156 -0.7552 1.4485, 2.3235 -0.7531 1.4423, 2.3327 -0.7507 1.4383, 2.3425 -0.7759 1.4485, 2.3353 -0.7749 1.4485, 2.3286 -0.7722 1.4485, 2.3228 -0.7677 1.4485, 2.3184 -0.762 1.4485, 2.3084 -0.748 1.4567, 2.3147 -0.748 1.4485, 2.3228 -0.748 1.4423, 2.3323 -0.748 1.4383, 2.3425 -0.7821 1.4567, 2.3337 -0.781 1.4567, 2.3255 -0.7776 1.4567, 2.3184 -0.7722 1.4567, 2.313 -0.7651 1.4567, 2.3096 -0.7569 1.4567, 2.3045 -0.748 1.4662, 2.3058 -0.7579 1.4662, 2.3096 -0.7671 1.4662, 2.3156 -0.7749 1.4662, 2.3235 -0.781 1.4662, 2.3327 -0.7848 1.4662, 2.3425 -0.7861 1.4662, 2.3045 -0.7582 1.4764, 2.3084 -0.7677 1.4764, 2.3147 -0.7759 1.4764, 2.3228 -0.7821 1.4764, 2.3323 -0.7861 1.4764, -2.4708 -0.3951 1.4764, -2.4803 -0.399 1.4764, -2.4885 -0.4052 1.4764, -2.4947 -0.4134 1.4764, -2.4987 -0.4229 1.4764, 2.4985 -0.8166 2.5787, 2.4961 -0.8097 2.5787, 2.4949 -0.8103 2.5889, 2.4945 -0.8072 2.5787, 2.4914 -0.8022 2.5787, 2.4904 -0.8031 2.5889, 2.4883 -0.7991 2.5787, 2.4852 -0.796 2.5787, 2.4843 -0.797 2.5889, 2.4729 -0.8114 2.6128, 2.467 -0.8188 2.6168, 2.4686 -0.8204 2.6168, 2.465 -0.8176 2.6168, 2.4692 -0.809 2.6128, 2.4727 -0.8017 2.6066, 2.4629 -0.8168 2.6168, 2.465 -0.8076 2.6128, 2.4668 -0.7996 2.6066, 2.4682 -0.7935 2.5984, 2.4606 -0.8166 2.6168, 2.4606 -0.8071 2.6128, 2.4606 -0.7989 2.6066, 2.4606 -0.7927 2.5984, 2.4606 -0.7888 2.5889, 2.4754 -0.7961 2.5984, 2.4771 -0.7925 2.5889, 2.4691 -0.7897 2.5889, 2.4802 -0.7929 2.5787, 2.4777 -0.7913 2.5787, 2.4708 -0.7889 2.5787, 2.4694 -0.7884 2.5787, 2.4819 -0.8001 2.5984, 2.478 -0.805 2.6066, 2.4873 -0.8055 2.5984, 2.4824 -0.8094 2.6066, 2.476 -0.8145 2.6128, 2.4913 -0.812 2.5984, 2.4857 -0.8147 2.6066, 2.4784 -0.8182 2.6128, 2.4698 -0.8224 2.6168, 2.499 -0.818 2.5787, 2.4977 -0.8183 2.5889, 2.4939 -0.8192 2.5984, 2.4878 -0.8206 2.6066, 2.4798 -0.8224 2.6128, 2.4706 -0.8245 2.6168, -2.3018 -0.3543 2.5889, -2.3032 -0.3649 2.5889, -2.2979 -0.3543 2.5984, -2.2994 -0.3659 2.5984, -2.2916 -0.3543 2.6066, -2.2934 -0.3675 2.6066, -2.2835 -0.3543 2.6128, -2.2855 -0.3696 2.6128, -2.274 -0.3543 2.6168, -2.2763 -0.3721 2.6168, -2.3073 -0.3747 2.5889, -2.3039 -0.3767 2.5984, -2.2984 -0.3798 2.6066, -2.2914 -0.3839 2.6128, -2.2832 -0.3886 2.6168, -2.3137 -0.3831 2.5889, -2.311 -0.3859 2.5984, -2.3065 -0.3903 2.6066, -2.3008 -0.3961 2.6128, -2.2941 -0.4028 2.6168, -2.3222 -0.3896 2.5889, -2.3202 -0.393 2.5984, -2.3171 -0.3984 2.6066, -2.313 -0.4055 2.6128, -2.3083 -0.4137 2.6168, -2.332 -0.3937 2.5889, -2.331 -0.3975 2.5984, -2.3294 -0.4035 2.6066, -2.3272 -0.4114 2.6128, -2.3248 -0.4206 2.6168, -2.3353 0.3615 1.4383, -2.3337 0.3594 1.4383, -2.3255 0.3642 1.4423, -2.3399 0.3642 1.4383, -2.3425 0.3645 1.4383, -2.3374 0.3631 1.4383, -2.3425 0.374 1.4423, -2.3374 0.3733 1.4423, -2.3327 0.3714 1.4423, -2.3286 0.3682 1.4423, -2.3156 0.3615 1.4485, -2.3235 0.3594 1.4423, -2.3327 0.357 1.4383, -2.3425 0.3822 1.4485, -2.3353 0.3812 1.4485, -2.3286 0.3784 1.4485, -2.3228 0.374 1.4485, -2.3184 0.3682 1.4485, -2.3425 0.3884 1.4567, -2.3337 0.3873 1.4567, -2.3255 0.3838 1.4567, -2.3184 0.3784 1.4567, -2.313 0.3714 1.4567, -2.3096 0.3631 1.4567, -2.3058 0.3642 1.4662, -2.3096 0.3733 1.4662, -2.3156 0.3812 1.4662, -2.3235 0.3873 1.4662, -2.3327 0.3911 1.4662, -2.3425 0.3923 1.4662, -2.3045 0.3645 1.4764, -2.3084 0.374 1.4764, -2.3147 0.3822 1.4764, -2.3228 0.3884 1.4764, -2.3323 0.3923 1.4764, -2.4987 -0.3543 1.4078, -2.4987 -0.3721 1.4102, -2.4947 -0.3543 1.4173, -2.4947 -0.3696 1.4193, -2.4885 -0.3543 1.4255, -2.4885 -0.3675 1.4272, -2.4803 -0.3543 1.4317, -2.4803 -0.3659 1.4333, -2.4708 -0.3543 1.4357, -2.4708 -0.3649 1.4371, -2.4987 -0.3886 1.417, -2.4947 -0.3839 1.4252, -2.4885 -0.3798 1.4323, -2.4803 -0.3767 1.4377, -2.4708 -0.3747 1.4411, -2.4987 -0.4028 1.4279, -2.4947 -0.3961 1.4346, -2.4885 -0.3903 1.4404, -2.4803 -0.3859 1.4448, -2.4708 -0.3831 1.4476, -2.4987 -0.4137 1.4421, -2.4947 -0.4055 1.4469, -2.4885 -0.3984 1.4509, -2.4803 -0.393 1.4541, -2.4708 -0.3896 1.456, -2.4987 -0.4206 1.4586, -2.4947 -0.4114 1.4611, -2.4885 -0.4035 1.4632, -2.4803 -0.3975 1.4648, -2.4708 -0.3937 1.4658, 2.4708 -0.7888 1.4764, 2.4803 -0.7927 1.4764, 2.4885 -0.7989 1.4764, 2.4947 -0.8071 1.4764, 2.4986 -0.8166 1.4764, 2.4606 -0.7861 1.4662, 2.4606 -0.7821 1.4567, 2.4606 -0.7759 1.4485, 2.4606 -0.7677 1.4423, 2.4606 -0.7582 1.4383, 2.3045 0.748 1.4662, 2.3084 0.748 1.4567, 2.3147 0.748 1.4485, 2.3228 0.748 1.4423, 2.3323 0.748 1.4383, 2.3323 -0.7861 2.5787, 2.3228 -0.7821 2.5787, 2.3147 -0.7759 2.5787, 2.3084 -0.7677 2.5787, 2.3045 -0.7582 2.5787, 2.3425 -0.7884 2.5875, 2.3425 -0.7889 2.5889, 2.3425 -0.7913 2.5958, 2.3425 -0.7929 2.5983, 2.3425 -0.796 2.6033, 2.3425 -0.7991 2.6064, 2.3425 -0.8022 2.6095, 2.3425 -0.8072 2.6126, 2.3425 -0.8097 2.6142, 2.3425 -0.818 2.6171, 2.3425 -0.8166 2.6166, -2.3022 0.3543 2.5875, -2.3017 0.3543 2.5889, -2.2993 0.3543 2.5958, -2.2977 0.3543 2.5983, -2.2946 0.3543 2.6033, -2.2915 0.3543 2.6064, -2.2883 0.3543 2.6095, -2.2834 0.3543 2.6126, -2.2809 0.3543 2.6142, -2.2739 0.3543 2.6166, -2.2726 0.3543 2.6171, -2.3323 0.3923 2.5787, -2.3228 0.3884 2.5787, -2.3147 0.3822 2.5787, -2.3084 0.374 2.5787, -2.3045 0.3645 2.5787, -2.4606 0.3923 1.4662, -2.4606 0.3884 1.4567, -2.4606 0.3822 1.4485, -2.4606 0.374 1.4423, -2.4606 0.3645 1.4383, -2.4708 0.3543 1.4357, -2.4803 0.3543 1.4317, -2.4885 0.3543 1.4255, -2.4947 0.3543 1.4173, -2.4987 0.3543 1.4078, 2.4986 -0.8143 1.4586, 2.4947 -0.8051 1.4611, 2.4885 -0.7972 1.4632, 2.4803 -0.7912 1.4648, 2.4708 -0.7874 1.4658, 2.4986 -0.8074 1.4421, 2.4947 -0.7992 1.4469, 2.4885 -0.7921 1.4509, 2.4803 -0.7867 1.4541, 2.4708 -0.7833 1.456, 2.4986 -0.7965 1.4279, 2.4947 -0.7898 1.4346, 2.4885 -0.784 1.4404, 2.4803 -0.7796 1.4448, 2.4708 -0.7768 1.4476, 2.4986 -0.7823 1.417, 2.4947 -0.7776 1.4252, 2.4885 -0.7735 1.4323, 2.4803 -0.7704 1.4377, 2.4708 -0.7684 1.4411, 2.4986 -0.7658 1.4102, 2.4947 -0.7633 1.4193, 2.4885 -0.7612 1.4272, 2.4803 -0.7596 1.4333, 2.4708 -0.7586 1.4371, 2.4986 -0.748 1.4078, 2.4947 -0.748 1.4173, 2.4885 -0.748 1.4255, 2.4803 -0.748 1.4317, 2.4708 -0.748 1.4357, 2.3353 0.7552 1.4383, 2.3374 0.7568 1.4383, 2.3327 0.7651 1.4423, 2.3327 0.7507 1.4383, 2.3337 0.7531 1.4383, 2.3235 0.7531 1.4423, 2.3255 0.7579 1.4423, 2.3286 0.7619 1.4423, 2.3353 0.7749 1.4485, 2.3374 0.767 1.4423, 2.3399 0.7579 1.4383, 2.3156 0.7552 1.4485, 2.3184 0.7619 1.4485, 2.3228 0.7677 1.4485, 2.3286 0.7721 1.4485, 2.3425 0.7821 1.4567, 2.3425 0.7759 1.4485, 2.3425 0.7677 1.4423, 2.3425 0.7582 1.4383, 2.3096 0.7568 1.4567, 2.313 0.7651 1.4567, 2.3184 0.7721 1.4567, 2.3255 0.7775 1.4567, 2.3337 0.781 1.4567, 2.3425 0.7861 1.4662, 2.3327 0.7848 1.4662, 2.3235 0.781 1.4662, 2.3156 0.7749 1.4662, 2.3096 0.767 1.4662, 2.3058 0.7579 1.4662, 2.3323 0.7861 1.4764, 2.3228 0.7821 1.4764, 2.3147 0.7759 1.4764, 2.3084 0.7677 1.4764, 2.3045 0.7582 1.4764, 2.3035 -0.7585 2.5875, 2.3321 -0.787 2.5875, 2.3313 -0.7898 2.5958, 2.3022 -0.748 2.5875, 2.3017 -0.748 2.5889, 2.3007 -0.7592 2.5958, 2.3301 -0.7944 2.6033, 2.2992 -0.748 2.5958, 2.2977 -0.748 2.5983, 2.2962 -0.7605 2.6033, 2.3285 -0.8004 2.6095, 2.2946 -0.748 2.6033, 2.2914 -0.748 2.6064, 2.2902 -0.7621 2.6095, 2.3266 -0.8076 2.6142, 2.3223 -0.783 2.5875, 2.3209 -0.7855 2.5958, 2.3185 -0.7896 2.6033, 2.3154 -0.795 2.6095, 2.3117 -0.8014 2.6142, 2.314 -0.7766 2.5875, 2.3119 -0.7786 2.5958, 2.3086 -0.782 2.6033, 2.3042 -0.7864 2.6095, 2.2989 -0.7916 2.6142, 2.3076 -0.7682 2.5875, 2.305 -0.7697 2.5958, 2.301 -0.772 2.6033, 2.2956 -0.7751 2.6095, 2.2891 -0.7789 2.6142, 2.283 -0.764 2.6142, 2.3244 -0.8156 2.6171, 2.2883 -0.748 2.6095, 2.2833 -0.748 2.6126, 2.2809 -0.748 2.6142, 2.2739 -0.748 2.6166, 2.3075 -0.8086 2.6171, 2.293 -0.7975 2.6171, 2.2819 -0.783 2.6171, 2.2749 -0.7662 2.6171, 2.2725 -0.748 2.6171, -2.3035 0.3648 2.5875, -2.3425 0.3947 2.5875, -2.3321 0.3933 2.5875, -2.3425 0.3952 2.5889, -2.3313 0.3961 2.5958, -2.3007 0.3655 2.5958, -2.3301 0.4006 2.6033, -2.3425 0.3992 2.5983, -2.3425 0.3976 2.5958, -2.2962 0.3667 2.6033, -2.3285 0.4067 2.6095, -2.3425 0.4054 2.6064, -2.3425 0.4023 2.6033, -2.2902 0.3683 2.6095, -2.3425 0.4229 2.6166, -2.3425 0.416 2.6142, -2.3266 0.4139 2.6142, -2.3425 0.4135 2.6126, -2.3425 0.4085 2.6095, -2.3224 0.3893 2.5875, -2.3209 0.3918 2.5958, -2.3185 0.3959 2.6033, -2.3154 0.4013 2.6095, -2.3117 0.4077 2.6142, -2.314 0.3829 2.5875, -2.3119 0.3849 2.5958, -2.3086 0.3882 2.6033, -2.3042 0.3926 2.6095, -2.2989 0.3979 2.6142, -2.3076 0.3745 2.5875, -2.3051 0.376 2.5958, -2.301 0.3783 2.6033, -2.2956 0.3814 2.6095, -2.2891 0.3851 2.6142, -2.283 0.3703 2.6142, -2.3425 0.4243 2.6171, -2.3244 0.4219 2.6171, -2.3075 0.4149 2.6171, -2.293 0.4038 2.6171, -2.2819 0.3893 2.6171, -2.2749 0.3724 2.6171, -2.4987 0.4229 1.4764, -2.4987 0.4205 1.4586, -2.4947 0.4134 1.4764, -2.4947 0.4114 1.4611, -2.4885 0.4052 1.4764, -2.4885 0.4035 1.4632, -2.4803 0.399 1.4764, -2.4803 0.3974 1.4648, -2.4708 0.395 1.4764, -2.4708 0.3936 1.4658, -2.4987 0.4137 1.4421, -2.4947 0.4055 1.4469, -2.4885 0.3984 1.4509, -2.4803 0.393 1.4541, -2.4708 0.3896 1.456, -2.4987 0.4028 1.4279, -2.4947 0.3961 1.4346, -2.4885 0.3903 1.4404, -2.4803 0.3859 1.4448, -2.4708 0.3831 1.4476, -2.4987 0.3886 1.417, -2.4947 0.3838 1.4252, -2.4885 0.3798 1.4323, -2.4803 0.3766 1.4377, -2.4708 0.3747 1.4411, -2.4987 0.3721 1.4102, -2.4947 0.3696 1.4193, -2.4885 0.3675 1.4272, -2.4803 0.3659 1.4333, -2.4708 0.3649 1.4371, -2.4708 1.3963 0.6314, -2.4708 1.3963 1.3976, -2.4803 1.3924 0.6314, -2.4803 1.3924 1.3976, -2.4885 1.3861 0.6314, -2.4885 1.3861 1.3976, -2.4947 1.3779 0.6314, -2.4947 1.3779 1.3976, -2.4987 1.3684 0.6314, -2.4987 1.3684 1.3976, 2.4694 0.748 1.436, 2.4708 0.748 1.4355, 2.4777 0.748 1.4331, 2.4802 0.748 1.4315, 2.4852 0.748 1.4284, 2.4883 0.748 1.4253, 2.4914 0.748 1.4222, 2.4945 0.748 1.4172, 2.4961 0.748 1.4147, 2.4985 0.748 1.4078, 2.499 0.748 1.4064, 2.4606 0.7861 1.4662, 2.4606 0.7821 1.4567, 2.4606 0.7759 1.4485, 2.4606 0.7677 1.4423, 2.4606 0.7582 1.4383, 2.3045 0.7582 2.5787, 2.3084 0.7677 2.5787, 2.3147 0.7759 2.5787, 2.3228 0.7821 2.5787, 2.3323 0.7861 2.5787, 2.3022 0.748 2.5875, 2.3017 0.748 2.5889, 2.2992 0.748 2.5958, 2.2977 0.748 2.5983, 2.2946 0.748 2.6033, 2.2914 0.748 2.6064, 2.2883 0.748 2.6095, 2.2833 0.748 2.6126, 2.2809 0.748 2.6142, 2.2739 0.748 2.6166, 2.2725 0.748 2.6171, -2.4606 0.4229 2.6168, -2.4606 0.395 2.5889, -2.4606 0.399 2.5984, -2.4606 0.4052 2.6066, -2.4606 0.4134 2.6128, -2.4708 0.395 2.5787, -2.4803 0.399 2.5787, -2.4885 0.4052 2.5787, -2.4947 0.4134 2.5787, -2.4987 0.4229 2.5787, -2.4987 1.3583 1.4078, -2.4974 1.3681 1.4078, -2.4777 1.3681 1.4317, -2.4695 1.3634 1.4357, -2.4678 1.3655 1.4357, -2.4606 1.3684 1.4357, -2.4633 1.3681 1.4357, -2.4705 1.3609 1.4357, -2.4797 1.3634 1.4317, -2.4875 1.3655 1.4255, -2.4708 1.3583 1.4357, -2.4746 1.3722 1.4317, -2.4657 1.3671 1.4357, -2.4705 1.3753 1.4317, -2.4657 1.3773 1.4317, -2.4606 1.3779 1.4317, -2.4803 1.3583 1.4317, -2.4885 1.3583 1.4255, -2.4947 1.3583 1.4173, -2.4847 1.3722 1.4255, -2.4803 1.3779 1.4255, -2.4746 1.3824 1.4255, -2.4678 1.3851 1.4255, -2.4606 1.3861 1.4255, -2.4936 1.3671 1.4173, -2.4902 1.3753 1.4173, -2.4847 1.3824 1.4173, -2.4777 1.3878 1.4173, -2.4695 1.3912 1.4173, -2.4606 1.3924 1.4173, -2.4936 1.3773 1.4078, -2.4875 1.3851 1.4078, -2.4797 1.3912 1.4078, -2.4705 1.395 1.4078, -2.4606 1.3963 1.4078, 2.499 0.8156 1.4583, 2.499 0.7661 1.4088, 2.4961 0.764 1.4168, 2.499 0.818 1.4764, 2.4985 0.8166 1.4764, 2.4961 0.8076 1.4604, 2.4914 0.762 1.424, 2.4961 0.8097 1.4764, 2.4945 0.8072 1.4764, 2.4914 0.8004 1.4624, 2.4852 0.7604 1.4301, 2.4914 0.8022 1.4764, 2.4883 0.7991 1.4764, 2.4852 0.7943 1.464, 2.4777 0.7592 1.4346, 2.499 0.783 1.4158, 2.4961 0.7789 1.423, 2.4914 0.7751 1.4294, 2.4852 0.772 1.4348, 2.4777 0.7697 1.4389, 2.499 0.7975 1.4269, 2.4961 0.7916 1.4328, 2.4914 0.7863 1.4381, 2.4852 0.7819 1.4425, 2.4777 0.7786 1.4458, 2.499 0.8086 1.4414, 2.4961 0.8014 1.4455, 2.4914 0.795 1.4493, 2.4852 0.7896 1.4524, 2.4777 0.7855 1.4547, 2.4777 0.7898 1.4652, 2.4694 0.7585 1.4374, 2.4852 0.796 1.4764, 2.4802 0.7929 1.4764, 2.4777 0.7913 1.4764, 2.4708 0.7889 1.4764, 2.4694 0.7682 1.4414, 2.4694 0.7766 1.4478, 2.4694 0.783 1.4562, 2.4694 0.787 1.4659, 2.4694 0.7884 1.4764, 2.3321 0.787 2.5875, 2.3035 0.7585 2.5875, 2.3007 0.7592 2.5958, 2.3425 0.7884 2.5875, 2.3425 0.7889 2.5889, 2.3313 0.7898 2.5958, 2.2962 0.7604 2.6033, 2.3425 0.7913 2.5958, 2.3425 0.7929 2.5983, 2.3301 0.7943 2.6033, 2.2902 0.762 2.6095, 2.3425 0.796 2.6033, 2.3425 0.7991 2.6064, 2.3285 0.8004 2.6095, 2.283 0.764 2.6142, 2.3076 0.7682 2.5875, 2.305 0.7697 2.5958, 2.301 0.772 2.6033, 2.2956 0.7751 2.6095, 2.2891 0.7789 2.6142, 2.314 0.7766 2.5875, 2.3119 0.7786 2.5958, 2.3086 0.7819 2.6033, 2.3042 0.7863 2.6095, 2.2989 0.7916 2.6142, 2.3223 0.783 2.5875, 2.3209 0.7855 2.5958, 2.3185 0.7896 2.6033, 2.3154 0.795 2.6095, 2.3117 0.8014 2.6142, 2.3266 0.8076 2.6142, 2.2749 0.7661 2.6171, 2.3425 0.8022 2.6095, 2.3425 0.8072 2.6126, 2.3425 0.8097 2.6142, 2.3425 0.8166 2.6166, 2.2819 0.783 2.6171, 2.293 0.7975 2.6171, 2.3075 0.8086 2.6171, 2.3244 0.8156 2.6171, 2.3425 0.818 2.6171, -2.4705 0.3963 2.5889, -2.4695 0.4001 2.5984, -2.4657 0.414 2.6128, -2.4633 0.4232 2.6168, -2.4657 0.4242 2.6168, -2.4705 0.4304 2.6168, -2.4694 0.4331 2.617, -2.4695 0.428 2.6168, -2.4705 0.416 2.6128, -2.4678 0.4259 2.6168, -2.4746 0.4191 2.6128, -2.4777 0.4232 2.6128, -2.4797 0.428 2.6128, -2.4708 0.4331 2.6168, -2.4776 0.4331 2.614, -2.4803 0.4331 2.6128, -2.485 0.4331 2.6093, -2.4678 0.4062 2.6066, -2.4746 0.409 2.6066, -2.4803 0.4134 2.6066, -2.4847 0.4191 2.6066, -2.4875 0.4259 2.6066, -2.4885 0.4331 2.6066, -2.4777 0.4035 2.5984, -2.4847 0.409 2.5984, -2.4902 0.416 2.5984, -2.4936 0.4242 2.5984, -2.4912 0.4331 2.6031, -2.4797 0.4001 2.5889, -2.4875 0.4062 2.5889, -2.4936 0.414 2.5889, -2.4974 0.4232 2.5889, -2.4947 0.4331 2.5984, -2.4959 0.4331 2.5957, -2.4987 0.4331 2.5889, -2.4989 0.4331 2.5875, -2.499 1.2381 1.4064, -2.4985 1.2381 1.4078, -2.4961 1.2381 1.4147, -2.4945 1.2381 1.4172, -2.4914 1.2381 1.4222, -2.4883 1.2381 1.4253, -2.4852 1.2381 1.4284, -2.4802 1.2381 1.4315, -2.4777 1.2381 1.4331, -2.4694 1.2381 1.436, -2.4708 1.2381 1.4355, 2.4606 1.3963 1.4078, 2.4606 1.3924 1.4173, 2.4606 1.3861 1.4255, 2.4606 1.3779 1.4317, 2.4606 1.3684 1.4357, 2.4986 1.3684 1.3976, 2.4947 1.3779 1.3976, 2.4885 1.3861 1.3976, 2.4803 1.3924 1.3976, 2.4708 1.3963 1.3976, 2.4708 0.7887 2.5787, 2.4803 0.7927 2.5787, 2.4885 0.7989 2.5787, 2.4947 0.8071 2.5787, 2.4986 0.8166 2.5787, 2.4606 0.7887 2.5889, 2.4606 0.7927 2.5984, 2.4606 0.7989 2.6066, 2.4606 0.8071 2.6128, 2.4606 0.8166 2.6168, -2.4694 1.1015 2.6171, -2.4914 1.1015 2.6033, -2.4853 1.1015 2.6094, -2.4852 1.1015 2.6095, -2.4778 1.1015 2.6142, -2.4777 1.1015 2.6142, -2.4695 1.1015 2.6171, -2.4916 1.1015 2.6031, -2.4961 1.1015 2.5958, -2.4962 1.1015 2.5956, -2.499 1.1015 2.5875, -2.4991 1.1015 2.5872, -2.4914 1.184 1.4735, -2.4914 1.126 2.58, -2.4852 1.1323 2.5804, -2.499 1.1103 2.5792, -2.499 1.1683 1.4727, -2.499 1.1103 2.5792, -2.4961 1.1766 1.4732, -2.4961 1.1186 2.5796, -2.4961 1.1186 2.5796, -2.4852 1.1323 2.5804, -2.4777 1.1949 1.4741, -2.4852 1.1902 1.4739, -2.4694 1.1398 2.5807, -2.4694 1.1978 1.4743, -2.4694 1.1398 2.5807, -2.4777 1.1369 2.5806, -2.499 1.2206 1.4086, -2.4961 1.2227 1.4167, -2.4914 1.2246 1.4239, -2.4852 1.2261 1.4299, -2.4777 1.2273 1.4345, -2.4694 1.228 1.4373, -2.4606 1.2283 1.4383, -2.499 1.2042 1.4152, -2.4961 1.2082 1.4225, -2.4914 1.2119 1.429, -2.4852 1.2149 1.4344, -2.4777 1.2172 1.4385, -2.4694 1.2186 1.4411, -2.4606 1.2191 1.4419, -2.499 1.19 1.4256, -2.4961 1.1957 1.4317, -2.4914 1.2008 1.4371, -2.4852 1.2051 1.4416, -2.4777 1.2084 1.445, -2.4694 1.2104 1.4471, -2.4606 1.211 1.4478, -2.499 1.1788 1.4393, -2.4961 1.1858 1.4437, -2.4914 1.1922 1.4477, -2.4852 1.1975 1.451, -2.4777 1.2014 1.4534, -2.4694 1.2039 1.455, -2.4606 1.2048 1.4555, -2.499 1.1714 1.4553, -2.4961 1.1793 1.4578, -2.4914 1.1865 1.4601, -2.4852 1.1924 1.462, -2.4777 1.1969 1.4634, -2.4694 1.1996 1.4642, -2.4606 1.2006 1.4645, 2.4705 1.395 1.4078, 2.4705 1.3753 1.4317, 2.4657 1.3671 1.4357, 2.4678 1.3655 1.4357, 2.4708 1.3583 1.4357, 2.4705 1.3609 1.4357, 2.4633 1.3681 1.4357, 2.4657 1.3773 1.4317, 2.4678 1.3851 1.4255, 2.4745 1.3722 1.4317, 2.4694 1.3634 1.4357, 2.4777 1.3681 1.4317, 2.4796 1.3634 1.4317, 2.4803 1.3583 1.4317, 2.4745 1.3824 1.4255, 2.4803 1.3779 1.4255, 2.4847 1.3722 1.4255, 2.4875 1.3655 1.4255, 2.4885 1.3583 1.4255, 2.4694 1.3912 1.4173, 2.4777 1.3878 1.4173, 2.4847 1.3824 1.4173, 2.4901 1.3753 1.4173, 2.4936 1.3671 1.4173, 2.4947 1.3583 1.4173, 2.4796 1.3912 1.4078, 2.4875 1.3851 1.4078, 2.4936 1.3773 1.4078, 2.4974 1.3681 1.4078, 2.4986 1.3583 1.4078, 2.4986 0.8268 2.5889, 2.4974 0.8169 2.5889, 2.4777 0.8169 2.6128, 2.4694 0.8217 2.6168, 2.4678 0.8196 2.6168, 2.4633 0.8169 2.6168, 2.4705 0.8241 2.6168, 2.4796 0.8217 2.6128, 2.4875 0.8196 2.6066, 2.4708 0.8268 2.6168, 2.4745 0.8128 2.6128, 2.4657 0.8179 2.6168, 2.4705 0.8097 2.6128, 2.4657 0.8077 2.6128, 2.4803 0.8268 2.6128, 2.4885 0.8268 2.6066, 2.4947 0.8268 2.5984, 2.4847 0.8128 2.6066, 2.4803 0.8071 2.6066, 2.4745 0.8027 2.6066, 2.4678 0.7999 2.6066, 2.4936 0.8179 2.5984, 2.4901 0.8097 2.5984, 2.4847 0.8027 2.5984, 2.4777 0.7972 2.5984, 2.4694 0.7938 2.5984, 2.4936 0.8077 2.5889, 2.4875 0.7999 2.5889, 2.4796 0.7938 2.5889, 2.4705 0.79 2.5889, -2.4908 1.1084 2.6031, -2.4847 1.107 2.6094, -2.4774 1.1053 2.6142, -2.4692 1.1035 2.6171, -2.4686 1.1053 2.6171, -2.4645 1.1095 2.6171, -2.4661 1.1084 2.6171, -2.4981 1.1101 2.5872, -2.4953 1.1182 2.5872, -2.4907 1.1255 2.5872, -2.4846 1.1316 2.5872, -2.4773 1.1362 2.5872, -2.4692 1.139 2.5872, -2.4606 1.14 2.5872, -2.4606 1.1103 2.6171, -2.4626 1.1101 2.6171, -2.4606 1.1113 2.6168, -2.4741 1.1122 2.6142, -2.4714 1.1149 2.6142, -2.4681 1.117 2.6142, -2.4645 1.1183 2.6142, -2.4761 1.109 2.6142, -2.4675 1.107 2.6171, -2.4829 1.1122 2.6094, -2.4799 1.1169 2.6094, -2.476 1.1208 2.6094, -2.4713 1.1237 2.6094, -2.4661 1.1256 2.6094, -2.4606 1.1187 2.6142, -2.4606 1.1205 2.613, -2.4606 1.1262 2.6094, -2.4606 1.1285 2.6071, -2.4885 1.1149 2.6031, -2.4848 1.1208 2.6031, -2.4799 1.1257 2.6031, -2.4741 1.1294 2.6031, -2.4675 1.1317 2.6031, -2.4953 1.1094 2.5956, -2.4927 1.117 2.5956, -2.4885 1.1237 2.5956, -2.4828 1.1293 2.5956, -2.4761 1.1336 2.5956, -2.4686 1.1362 2.5956, -2.4606 1.1324 2.6031, -2.4606 1.1347 2.5995, -2.4606 1.1371 2.5956, -2.4606 1.1388 2.5905, 2.4606 1.2006 1.4645, 2.4606 1.2048 1.4555, 2.4606 1.211 1.4478, 2.4606 1.2191 1.4419, 2.4606 1.2283 1.4383, 2.499 1.2381 1.4064, 2.4985 1.2381 1.4078, 2.4961 1.2381 1.4147, 2.4945 1.2381 1.4172, 2.4914 1.2381 1.4222, 2.4883 1.2381 1.4253, 2.4852 1.2381 1.4284, 2.4802 1.2381 1.4315, 2.4777 1.2381 1.4331, 2.4708 1.2381 1.4355, 2.4694 1.2381 1.436, 2.4694 1.1015 2.6171, 2.4708 1.1015 2.6166, 2.4778 1.1015 2.6142, 2.4802 1.1015 2.6127, 2.4853 1.1015 2.6094, 2.4883 1.1015 2.6064, 2.4915 1.1015 2.6031, 2.4945 1.1015 2.5983, 2.4962 1.1015 2.5956, 2.4985 1.1015 2.5889, 2.4991 1.1015 2.5872, 2.4606 1.14 2.5872, 2.4606 1.1388 2.5905, 2.4606 1.1371 2.5956, 2.4606 1.1347 2.5995, 2.4606 1.1324 2.6031, 2.4606 1.1285 2.6071, 2.4606 1.1262 2.6094, 2.4606 1.1205 2.613, 2.4606 1.1187 2.6142, 2.4606 1.1113 2.6168, 2.4606 1.1103 2.6171, 2.499 1.2206 1.4086, 2.499 1.1683 1.4727, 2.499 1.1714 1.4553, 2.4985 1.1696 1.4728, 2.4961 1.1793 1.4578, 2.4961 1.2227 1.4167, 2.4914 1.1865 1.4601, 2.4945 1.179 1.4733, 2.4961 1.1766 1.4732, 2.4914 1.2246 1.4239, 2.4852 1.1924 1.462, 2.4883 1.1871 1.4737, 2.4914 1.184 1.4735, 2.4852 1.2261 1.4299, 2.4708 1.1974 1.4742, 2.4777 1.1949 1.4741, 2.4777 1.1969 1.4634, 2.4802 1.1934 1.474, 2.4852 1.1902 1.4739, 2.499 1.1788 1.4393, 2.4961 1.1858 1.4437, 2.4914 1.1922 1.4477, 2.4852 1.1975 1.451, 2.4777 1.2014 1.4534, 2.499 1.19 1.4256, 2.4961 1.1957 1.4317, 2.4914 1.2008 1.4371, 2.4852 1.2051 1.4416, 2.4777 1.2084 1.445, 2.499 1.2042 1.4152, 2.4961 1.2082 1.4225, 2.4914 1.2119 1.429, 2.4852 1.2149 1.4344, 2.4777 1.2172 1.4385, 2.4777 1.2273 1.4345, 2.4694 1.1978 1.4743, 2.4694 1.1996 1.4642, 2.4694 1.2039 1.455, 2.4694 1.2104 1.4471, 2.4694 1.2186 1.4411, 2.4694 1.228 1.4373, 2.4661 1.1256 2.6094, 2.4644 1.1183 2.6142, 2.4681 1.117 2.6142, 2.4626 1.1101 2.6171, 2.4686 1.1053 2.6171, 2.4675 1.107 2.6171, 2.4692 1.1035 2.6171, 2.4644 1.1095 2.6171, 2.4661 1.1084 2.6171, 2.4693 1.1397 2.5807, 2.4692 1.139 2.5872, 2.4708 1.1395 2.5807, 2.4773 1.1362 2.5872, 2.4776 1.1367 2.5806, 2.4803 1.1356 2.5805, 2.4846 1.1316 2.5872, 2.4849 1.132 2.5803, 2.4885 1.1293 2.5802, 2.4907 1.1255 2.5872, 2.4911 1.1259 2.58, 2.4947 1.1212 2.5798, 2.4953 1.1182 2.5872, 2.4958 1.1185 2.5796, 2.4986 1.1117 2.5793, 2.4981 1.1101 2.5872, 2.4988 1.1103 2.5792, 2.4713 1.1149 2.6142, 2.474 1.1122 2.6142, 2.4761 1.109 2.6142, 2.4774 1.1053 2.6142, 2.4713 1.1237 2.6094, 2.476 1.1208 2.6094, 2.4799 1.1169 2.6094, 2.4828 1.1122 2.6094, 2.4847 1.107 2.6094, 2.4675 1.1317 2.6031, 2.474 1.1294 2.6031, 2.4799 1.1257 2.6031, 2.4848 1.1208 2.6031, 2.4885 1.1149 2.6031, 2.4908 1.1084 2.6031, 2.4685 1.1362 2.5956, 2.4761 1.1336 2.5956, 2.4828 1.1293 2.5956, 2.4884 1.1237 2.5956, 2.4927 1.117 2.5956, 2.4953 1.1094 2.5956
            ]
        }
        coordIndex [
            0,1,2,-1,2,1,3,-1,2,3,4,-1,5,4,6,-1,6,4,7,-1,8,9,10,-1,10,9,11,-1,12,13,14,-1,14,13,1,-1,15,16,17,-1,17,16,18,-1,17,18,19,-1,7,20,0,-1,0,20,10,-1,0,10,1,-1,1,10,11,-1,1,11,14,-1,21,22,23,-1,24,25,26,-1,26,25,27,-1,26,27,28,-1,29,30,26,-1,26,30,31,-1,32,33,34,-1,34,33,35,-1,31,36,26,-1,26,36,35,-1,26,35,37,-1,37,35,33,-1,28,38,26,-1,26,38,39,-1,26,39,29,-1,19,40,17,-1,17,40,41,-1,17,41,42,-1,42,41,43,-1,42,43,44,-1,43,45,44,-1,44,45,46,-1,44,46,23,-1,23,46,47,-1,23,47,21,-1,48,49,0,-1,0,49,50,-1,0,50,51,-1,51,52,0,-1,0,52,53,-1,0,53,7,-1,7,53,54,-1,7,54,6,-1,6,54,55,-1,6,55,26,-1,26,55,56,-1,26,56,24,-1,57,58,59,-1,59,58,60,-1,59,60,16,-1,22,48,23,-1,23,48,0,-1,23,0,61,-1,61,0,62,-1,61,62,15,-1,15,62,63,-1,15,63,16,-1,16,63,64,-1,16,64,59,-1,65,66,59,-1,59,66,2,-1,59,2,57,-1,57,2,4,-1,57,4,67,-1,67,4,5,-1,68,69,70,-1,71,2,72,-1,72,2,66,-1,72,66,73,-1,73,66,74,-1,73,74,75,-1,75,74,0,-1,70,76,68,-1,68,76,77,-1,68,77,78,-1,79,80,2,-1,2,80,81,-1,2,81,0,-1,0,81,82,-1,83,84,75,-1,75,84,85,-1,82,86,0,-1,0,86,87,-1,0,87,75,-1,75,87,88,-1,75,88,83,-1,78,79,68,-1,68,79,2,-1,68,2,89,-1,89,2,71,-1,89,71,90,-1,90,71,91,-1,85,92,75,-1,75,92,93,-1,75,93,68,-1,68,93,94,-1,68,94,69,-1,95,96,97,-1,97,96,98,-1,97,98,99,-1,98,100,99,-1,99,100,101,-1,99,101,102,-1,102,101,103,-1,102,103,104,-1,105,106,107,-1,107,106,108,-1,109,110,111,-1,111,110,112,-1,113,114,115,-1,115,114,116,-1,117,118,119,-1,119,118,120,-1,121,122,123,-1,123,122,124,-1,125,126,127,-1,127,126,128,-1,129,130,131,-1,131,130,132,-1,133,134,135,-1,135,134,136,-1,137,138,139,-1,139,138,140,-1,141,142,143,-1,143,142,144,-1,145,146,147,-1,147,146,148,-1,149,150,151,-1,151,150,152,-1,153,154,155,-1,155,154,156,-1,157,158,159,-1,159,158,160,-1,161,162,163,-1,163,162,164,-1,165,166,164,-1,164,166,167,-1,164,167,163,-1,165,168,166,-1,166,168,169,-1,166,169,170,-1,171,172,173,-1,174,175,176,-1,177,178,179,-1,180,181,182,-1,182,181,183,-1,184,185,186,-1,184,186,187,-1,185,188,186,-1,186,188,189,-1,186,189,190,-1,180,191,181,-1,181,191,192,-1,181,192,193,-1,193,194,181,-1,181,194,195,-1,181,195,186,-1,186,195,196,-1,186,196,187,-1,197,198,199,-1,199,198,200,-1,199,200,183,-1,201,202,203,-1,203,202,204,-1,203,204,205,-1,206,207,208,-1,208,207,209,-1,210,211,203,-1,203,211,212,-1,203,212,201,-1,209,213,208,-1,208,213,214,-1,208,214,215,-1,206,208,216,-1,216,208,217,-1,216,217,218,-1,219,217,220,-1,203,221,222,-1,223,224,208,-1,215,210,208,-1,208,210,203,-1,208,203,225,-1,225,203,222,-1,226,227,225,-1,224,228,208,-1,208,228,229,-1,208,229,230,-1,230,231,208,-1,208,231,232,-1,208,232,217,-1,217,232,233,-1,217,233,220,-1,227,234,225,-1,225,234,235,-1,225,235,208,-1,208,235,236,-1,208,236,223,-1,226,225,237,-1,237,225,238,-1,237,238,239,-1,239,238,240,-1,239,240,241,-1,242,241,243,-1,243,241,244,-1,242,245,241,-1,241,245,246,-1,241,246,239,-1,247,248,249,-1,241,250,244,-1,244,250,251,-1,244,251,249,-1,249,251,252,-1,249,252,247,-1,205,198,203,-1,203,198,197,-1,203,197,221,-1,221,197,253,-1,254,255,256,-1,257,258,259,-1,219,220,260,-1,260,220,261,-1,260,261,262,-1,258,263,259,-1,259,263,264,-1,259,264,265,-1,266,267,256,-1,256,267,268,-1,262,269,260,-1,260,269,259,-1,260,259,256,-1,256,259,265,-1,256,265,266,-1,268,270,256,-1,256,270,271,-1,256,271,254,-1,257,259,272,-1,272,259,273,-1,272,273,274,-1,274,273,275,-1,274,275,276,-1,276,275,277,-1,276,277,278,-1,278,279,276,-1,276,279,280,-1,276,280,281,-1,281,282,276,-1,276,282,283,-1,276,283,284,-1,285,286,284,-1,284,286,287,-1,284,287,276,-1,288,219,289,-1,289,219,290,-1,288,291,219,-1,219,291,292,-1,219,292,293,-1,293,292,294,-1,293,294,295,-1,296,297,298,-1,298,297,299,-1,298,299,300,-1,300,256,298,-1,298,256,255,-1,298,255,197,-1,197,255,301,-1,197,301,253,-1,296,298,302,-1,302,298,303,-1,302,303,304,-1,300,305,256,-1,256,305,306,-1,256,306,260,-1,260,306,307,-1,260,307,219,-1,219,307,308,-1,219,308,290,-1,304,303,309,-1,309,303,310,-1,309,310,311,-1,312,313,314,-1,313,315,314,-1,314,315,316,-1,314,316,179,-1,179,316,317,-1,179,317,177,-1,318,319,320,-1,321,322,323,-1,323,322,324,-1,312,314,325,-1,325,314,326,-1,325,326,320,-1,320,326,327,-1,320,327,318,-1,328,329,330,-1,324,331,323,-1,323,331,332,-1,323,332,333,-1,329,334,330,-1,330,334,335,-1,330,335,336,-1,319,323,320,-1,320,323,333,-1,320,333,330,-1,330,333,337,-1,330,337,328,-1,338,339,340,-1,340,339,341,-1,340,341,342,-1,342,341,343,-1,342,343,344,-1,344,343,345,-1,344,345,346,-1,346,345,347,-1,346,347,348,-1,348,347,349,-1,323,350,321,-1,321,350,351,-1,321,351,349,-1,349,351,352,-1,349,352,348,-1,336,353,330,-1,330,353,354,-1,330,354,355,-1,355,354,356,-1,353,357,354,-1,354,357,358,-1,354,358,359,-1,360,361,173,-1,173,361,362,-1,173,362,356,-1,363,364,172,-1,172,364,365,-1,172,365,173,-1,173,365,366,-1,173,366,360,-1,367,368,369,-1,370,371,372,-1,372,371,373,-1,372,373,314,-1,314,373,374,-1,314,374,326,-1,369,375,367,-1,367,375,376,-1,367,376,377,-1,378,379,372,-1,372,379,380,-1,372,380,370,-1,377,381,367,-1,367,381,382,-1,367,382,372,-1,372,382,383,-1,372,383,378,-1,384,385,367,-1,386,387,314,-1,314,387,388,-1,314,388,372,-1,372,388,389,-1,372,389,367,-1,367,389,390,-1,367,390,384,-1,391,392,384,-1,384,392,393,-1,384,393,385,-1,385,393,394,-1,385,394,176,-1,176,394,395,-1,176,395,174,-1,396,397,398,-1,398,397,399,-1,398,399,400,-1,401,402,403,-1,403,404,401,-1,401,404,405,-1,401,405,396,-1,396,405,406,-1,396,406,407,-1,407,406,408,-1,407,408,409,-1,409,410,407,-1,407,410,411,-1,407,411,412,-1,413,414,407,-1,407,414,415,-1,416,417,418,-1,418,417,419,-1,415,420,407,-1,407,420,419,-1,407,419,421,-1,421,419,417,-1,412,422,407,-1,407,422,423,-1,407,423,413,-1,424,425,426,-1,425,427,426,-1,426,427,428,-1,426,428,429,-1,430,431,432,-1,432,431,433,-1,433,434,432,-1,432,434,435,-1,432,435,436,-1,429,437,426,-1,426,437,438,-1,426,438,432,-1,432,438,439,-1,432,439,430,-1,400,440,441,-1,440,442,441,-1,441,442,443,-1,441,443,444,-1,402,401,445,-1,445,401,176,-1,445,176,386,-1,386,176,175,-1,386,175,387,-1,183,181,199,-1,199,181,432,-1,199,432,446,-1,446,432,436,-1,446,436,445,-1,445,436,447,-1,445,447,402,-1,396,398,401,-1,401,398,448,-1,401,448,176,-1,176,448,449,-1,176,449,385,-1,385,449,450,-1,385,450,398,-1,398,450,451,-1,398,451,448,-1,426,452,453,-1,452,426,454,-1,454,426,432,-1,454,432,455,-1,455,432,181,-1,455,181,453,-1,453,181,186,-1,453,186,426,-1,400,441,398,-1,398,441,456,-1,398,456,385,-1,385,456,354,-1,385,354,367,-1,367,354,359,-1,367,359,368,-1,218,217,190,-1,190,217,457,-1,190,457,186,-1,186,457,444,-1,186,444,426,-1,426,444,443,-1,426,443,424,-1,458,459,460,-1,460,459,461,-1,460,461,462,-1,463,464,293,-1,293,464,465,-1,466,467,468,-1,468,467,469,-1,468,469,470,-1,462,471,460,-1,460,471,472,-1,460,472,293,-1,293,472,473,-1,293,473,463,-1,474,475,219,-1,219,475,476,-1,219,476,477,-1,356,354,173,-1,173,354,456,-1,173,456,478,-1,478,456,441,-1,478,441,479,-1,479,441,444,-1,479,444,480,-1,480,444,457,-1,480,457,481,-1,481,457,217,-1,481,217,482,-1,482,217,219,-1,482,219,468,-1,468,219,477,-1,468,477,466,-1,470,483,468,-1,468,483,484,-1,468,484,460,-1,460,484,485,-1,460,485,458,-1,465,486,293,-1,293,486,487,-1,293,487,219,-1,219,487,488,-1,219,488,474,-1,295,489,293,-1,293,489,490,-1,293,490,460,-1,460,490,491,-1,171,173,492,-1,492,173,478,-1,492,478,493,-1,493,478,479,-1,493,479,494,-1,494,479,480,-1,494,480,495,-1,495,480,481,-1,495,481,496,-1,496,481,482,-1,496,482,497,-1,497,482,468,-1,497,468,498,-1,498,468,460,-1,498,460,499,-1,499,460,491,-1,499,491,500,-1,98,96,501,-1,501,96,107,-1,501,107,108,-1,502,123,124,-1,124,127,502,-1,502,127,128,-1,502,128,131,-1,131,132,502,-1,502,132,503,-1,502,503,504,-1,108,111,501,-1,501,111,112,-1,501,112,115,-1,115,116,501,-1,501,116,119,-1,501,119,502,-1,502,119,120,-1,502,120,123,-1,505,506,507,-1,508,509,163,-1,508,163,510,-1,511,512,513,-1,513,512,514,-1,515,516,517,-1,514,512,518,-1,518,512,519,-1,518,519,520,-1,511,521,512,-1,512,521,515,-1,512,515,522,-1,522,515,517,-1,523,524,525,-1,525,524,526,-1,525,526,527,-1,527,526,528,-1,527,528,529,-1,530,524,167,-1,167,524,523,-1,167,523,163,-1,163,523,531,-1,163,531,510,-1,510,531,532,-1,510,532,507,-1,507,532,533,-1,507,533,520,-1,519,534,520,-1,520,534,535,-1,520,535,507,-1,507,535,536,-1,507,536,505,-1,537,538,539,-1,539,538,540,-1,539,540,541,-1,541,540,527,-1,541,527,542,-1,542,527,529,-1,543,544,545,-1,164,162,546,-1,546,162,158,-1,546,158,157,-1,157,154,546,-1,546,154,153,-1,546,153,150,-1,150,149,546,-1,546,149,146,-1,546,146,545,-1,545,146,145,-1,545,145,142,-1,142,141,545,-1,545,141,138,-1,545,138,137,-1,137,134,545,-1,545,134,133,-1,545,133,543,-1,547,548,97,-1,547,97,549,-1,550,551,552,-1,551,553,552,-1,552,553,554,-1,552,554,555,-1,555,556,552,-1,552,556,557,-1,552,557,558,-1,559,560,561,-1,561,560,562,-1,563,564,556,-1,556,564,565,-1,556,565,557,-1,97,559,549,-1,549,559,566,-1,549,566,552,-1,552,566,567,-1,552,567,550,-1,568,97,569,-1,569,97,99,-1,569,99,570,-1,568,571,97,-1,97,571,572,-1,97,572,559,-1,559,572,573,-1,559,573,560,-1,574,575,576,-1,577,578,579,-1,579,578,580,-1,579,580,560,-1,560,580,581,-1,560,581,562,-1,576,582,574,-1,574,582,583,-1,574,583,556,-1,556,583,584,-1,556,584,563,-1,585,509,586,-1,586,509,508,-1,586,508,587,-1,587,508,548,-1,587,548,588,-1,588,548,547,-1,588,547,585,-1,585,547,509,-1,589,590,591,-1,591,590,592,-1,593,594,595,-1,595,594,596,-1,597,598,599,-1,599,598,600,-1,601,602,603,-1,603,602,604,-1,605,606,607,-1,607,606,608,-1,609,610,611,-1,611,610,612,-1,613,614,615,-1,615,614,616,-1,617,618,619,-1,619,618,620,-1,621,622,623,-1,623,622,624,-1,625,626,627,-1,627,626,628,-1,629,630,631,-1,631,630,632,-1,633,634,635,-1,635,634,636,-1,570,99,102,-1,570,102,637,-1,637,102,104,-1,637,104,638,-1,638,104,103,-1,638,103,639,-1,639,103,101,-1,639,101,640,-1,640,101,100,-1,640,100,641,-1,641,100,98,-1,641,98,501,-1,501,642,643,-1,644,645,646,-1,596,647,648,-1,646,645,596,-1,649,596,645,-1,649,645,650,-1,650,645,644,-1,650,644,651,-1,652,596,649,-1,653,654,655,-1,655,654,648,-1,655,648,656,-1,656,648,647,-1,656,647,657,-1,652,649,658,-1,658,649,650,-1,658,650,659,-1,659,650,651,-1,659,651,660,-1,661,653,662,-1,662,653,655,-1,662,655,663,-1,663,655,656,-1,663,656,664,-1,664,656,657,-1,664,657,665,-1,666,661,667,-1,667,661,662,-1,667,662,668,-1,668,662,663,-1,668,663,669,-1,669,663,664,-1,669,664,670,-1,670,664,665,-1,670,665,671,-1,642,666,643,-1,643,666,667,-1,643,667,672,-1,672,667,668,-1,672,668,673,-1,673,668,669,-1,673,669,674,-1,674,669,670,-1,674,670,675,-1,675,670,671,-1,675,671,676,-1,501,643,641,-1,641,643,672,-1,641,672,640,-1,640,672,673,-1,640,673,639,-1,639,673,674,-1,639,674,638,-1,638,674,675,-1,638,675,637,-1,637,675,676,-1,637,676,570,-1,654,596,648,-1,642,660,666,-1,666,660,651,-1,666,651,661,-1,661,651,644,-1,661,644,653,-1,653,644,646,-1,653,646,654,-1,654,646,596,-1,502,504,677,-1,502,677,678,-1,678,677,679,-1,678,679,680,-1,680,679,681,-1,680,681,682,-1,682,681,683,-1,682,683,684,-1,684,683,685,-1,684,685,686,-1,686,685,507,-1,686,507,506,-1,595,596,652,-1,595,652,687,-1,687,652,658,-1,687,658,688,-1,688,658,659,-1,688,659,689,-1,689,659,660,-1,689,660,690,-1,690,660,642,-1,690,642,691,-1,691,642,501,-1,691,501,502,-1,596,594,692,-1,596,692,647,-1,647,692,693,-1,647,693,657,-1,657,693,694,-1,657,694,665,-1,665,694,695,-1,665,695,671,-1,671,695,696,-1,671,696,676,-1,676,696,569,-1,676,569,570,-1,506,697,698,-1,699,700,701,-1,595,687,702,-1,701,700,595,-1,703,595,700,-1,703,700,704,-1,704,700,699,-1,704,699,705,-1,706,595,703,-1,707,708,709,-1,709,708,702,-1,709,702,710,-1,710,702,687,-1,710,687,688,-1,706,703,711,-1,711,703,704,-1,711,704,712,-1,712,704,705,-1,712,705,713,-1,714,707,715,-1,715,707,709,-1,715,709,716,-1,716,709,710,-1,716,710,717,-1,717,710,688,-1,717,688,689,-1,718,714,719,-1,719,714,715,-1,719,715,720,-1,720,715,716,-1,720,716,721,-1,721,716,717,-1,721,717,722,-1,722,717,689,-1,722,689,690,-1,697,718,698,-1,698,718,719,-1,698,719,723,-1,723,719,720,-1,723,720,724,-1,724,720,721,-1,724,721,725,-1,725,721,722,-1,725,722,726,-1,726,722,690,-1,726,690,691,-1,506,698,686,-1,686,698,723,-1,686,723,684,-1,684,723,724,-1,684,724,682,-1,682,724,725,-1,682,725,680,-1,680,725,726,-1,680,726,678,-1,678,726,691,-1,678,691,502,-1,708,595,702,-1,697,713,718,-1,718,713,705,-1,718,705,714,-1,714,705,699,-1,714,699,707,-1,707,699,701,-1,707,701,708,-1,708,701,595,-1,579,560,727,-1,727,560,728,-1,727,728,729,-1,729,728,730,-1,729,730,731,-1,731,730,732,-1,731,732,733,-1,733,732,734,-1,733,734,735,-1,735,734,736,-1,735,736,592,-1,592,736,737,-1,560,573,728,-1,728,573,738,-1,728,738,730,-1,730,738,739,-1,730,739,732,-1,732,739,740,-1,732,740,734,-1,734,740,741,-1,734,741,736,-1,736,741,742,-1,736,742,737,-1,737,742,743,-1,573,572,738,-1,738,572,744,-1,738,744,739,-1,739,744,745,-1,739,745,740,-1,740,745,746,-1,740,746,741,-1,741,746,747,-1,741,747,742,-1,742,747,748,-1,742,748,743,-1,743,748,749,-1,572,571,744,-1,744,571,750,-1,744,750,745,-1,745,750,751,-1,745,751,746,-1,746,751,752,-1,746,752,747,-1,747,752,753,-1,747,753,748,-1,748,753,754,-1,748,754,749,-1,749,754,755,-1,571,568,750,-1,750,568,756,-1,750,756,751,-1,751,756,757,-1,751,757,752,-1,752,757,758,-1,752,758,753,-1,753,758,759,-1,753,759,754,-1,754,759,760,-1,754,760,755,-1,755,760,761,-1,568,569,756,-1,756,569,696,-1,756,696,757,-1,757,696,695,-1,757,695,758,-1,758,695,694,-1,758,694,759,-1,759,694,693,-1,759,693,760,-1,760,693,692,-1,760,692,761,-1,761,692,594,-1,593,595,706,-1,593,706,762,-1,762,706,711,-1,762,711,763,-1,763,711,712,-1,763,712,764,-1,764,712,713,-1,764,713,765,-1,765,713,697,-1,765,697,766,-1,766,697,506,-1,766,506,505,-1,591,592,767,-1,767,592,737,-1,767,737,768,-1,768,737,743,-1,768,743,769,-1,769,743,749,-1,769,749,770,-1,770,749,755,-1,770,755,771,-1,771,755,761,-1,771,761,593,-1,593,761,594,-1,592,590,772,-1,592,772,735,-1,735,772,773,-1,735,773,733,-1,733,773,774,-1,733,774,731,-1,731,774,775,-1,731,775,729,-1,729,775,776,-1,729,776,727,-1,727,776,577,-1,727,577,579,-1,505,536,766,-1,766,536,777,-1,766,777,765,-1,765,777,778,-1,765,778,764,-1,764,778,779,-1,764,779,763,-1,763,779,780,-1,763,780,762,-1,762,780,781,-1,762,781,593,-1,593,781,771,-1,536,535,777,-1,777,535,782,-1,777,782,778,-1,778,782,783,-1,778,783,779,-1,779,783,784,-1,779,784,780,-1,780,784,785,-1,780,785,781,-1,781,785,786,-1,781,786,771,-1,771,786,770,-1,535,534,782,-1,782,534,787,-1,782,787,783,-1,783,787,788,-1,783,788,784,-1,784,788,789,-1,784,789,785,-1,785,789,790,-1,785,790,786,-1,786,790,791,-1,786,791,770,-1,770,791,769,-1,534,519,787,-1,787,519,792,-1,787,792,788,-1,788,792,793,-1,788,793,789,-1,789,793,794,-1,789,794,790,-1,790,794,795,-1,790,795,791,-1,791,795,796,-1,791,796,769,-1,769,796,768,-1,519,512,792,-1,792,512,797,-1,792,797,793,-1,793,797,798,-1,793,798,794,-1,794,798,799,-1,794,799,795,-1,795,799,800,-1,795,800,796,-1,796,800,801,-1,796,801,768,-1,768,801,767,-1,512,522,797,-1,797,522,802,-1,797,802,798,-1,798,802,803,-1,798,803,799,-1,799,803,804,-1,799,804,800,-1,800,804,805,-1,800,805,801,-1,801,805,806,-1,801,806,767,-1,767,806,591,-1,590,807,808,-1,809,810,811,-1,500,812,813,-1,811,810,500,-1,814,500,810,-1,814,810,815,-1,815,810,809,-1,815,809,816,-1,817,500,814,-1,818,819,820,-1,820,819,813,-1,820,813,821,-1,821,813,812,-1,821,812,822,-1,817,814,823,-1,823,814,815,-1,823,815,824,-1,824,815,816,-1,824,816,825,-1,826,818,827,-1,827,818,820,-1,827,820,828,-1,828,820,821,-1,828,821,829,-1,829,821,822,-1,829,822,830,-1,831,826,832,-1,832,826,827,-1,832,827,833,-1,833,827,828,-1,833,828,834,-1,834,828,829,-1,834,829,835,-1,835,829,830,-1,835,830,836,-1,807,831,808,-1,808,831,832,-1,808,832,837,-1,837,832,833,-1,837,833,838,-1,838,833,834,-1,838,834,839,-1,839,834,835,-1,839,835,840,-1,840,835,836,-1,840,836,841,-1,590,808,772,-1,772,808,837,-1,772,837,773,-1,773,837,838,-1,773,838,774,-1,774,838,839,-1,774,839,775,-1,775,839,840,-1,775,840,776,-1,776,840,841,-1,776,841,577,-1,819,500,813,-1,807,825,831,-1,831,825,816,-1,831,816,826,-1,826,816,809,-1,826,809,818,-1,818,809,811,-1,818,811,819,-1,819,811,500,-1,517,842,522,-1,522,842,802,-1,842,843,802,-1,802,843,844,-1,802,844,803,-1,844,845,803,-1,803,845,846,-1,803,846,804,-1,804,846,847,-1,804,847,805,-1,847,848,805,-1,805,848,849,-1,805,849,806,-1,849,850,806,-1,806,850,851,-1,806,851,591,-1,591,851,852,-1,591,852,589,-1,590,589,853,-1,854,171,492,-1,492,493,854,-1,854,493,494,-1,854,494,495,-1,496,497,817,-1,590,853,807,-1,807,853,855,-1,807,855,825,-1,825,855,856,-1,825,856,824,-1,824,856,857,-1,824,857,823,-1,823,857,854,-1,823,854,817,-1,817,854,495,-1,817,495,496,-1,497,498,817,-1,817,498,499,-1,817,499,500,-1,490,489,858,-1,490,858,491,-1,812,500,491,-1,491,858,812,-1,812,858,859,-1,812,859,822,-1,822,859,860,-1,822,860,830,-1,830,860,861,-1,830,861,836,-1,836,861,862,-1,836,862,841,-1,841,862,578,-1,841,578,577,-1,863,864,865,-1,864,863,599,-1,599,866,867,-1,868,866,599,-1,869,867,870,-1,870,867,866,-1,870,866,871,-1,871,866,868,-1,871,868,872,-1,873,865,874,-1,874,865,864,-1,874,864,875,-1,875,864,599,-1,876,869,877,-1,877,869,870,-1,877,870,878,-1,878,870,871,-1,878,871,879,-1,879,871,872,-1,879,872,880,-1,881,873,882,-1,882,873,874,-1,882,874,883,-1,883,874,875,-1,883,875,884,-1,884,875,599,-1,885,876,886,-1,886,876,877,-1,886,877,887,-1,887,877,878,-1,887,878,888,-1,888,878,879,-1,888,879,889,-1,889,879,880,-1,889,880,890,-1,881,890,873,-1,873,890,880,-1,873,880,865,-1,865,880,872,-1,865,872,863,-1,863,872,868,-1,863,868,599,-1,881,891,890,-1,890,891,892,-1,890,892,889,-1,889,892,893,-1,889,893,888,-1,888,893,894,-1,888,894,887,-1,887,894,895,-1,887,895,886,-1,886,895,896,-1,886,896,885,-1,885,896,897,-1,891,601,892,-1,892,601,898,-1,892,898,893,-1,893,898,899,-1,893,899,894,-1,894,899,900,-1,894,900,895,-1,895,900,901,-1,895,901,896,-1,896,901,902,-1,896,902,897,-1,897,902,610,-1,851,850,903,-1,849,848,904,-1,847,846,905,-1,906,907,908,-1,908,907,171,-1,909,171,907,-1,909,907,910,-1,910,907,906,-1,910,906,911,-1,912,171,909,-1,912,909,913,-1,913,909,910,-1,913,910,914,-1,914,910,911,-1,914,911,915,-1,916,171,912,-1,916,912,917,-1,917,912,913,-1,917,913,918,-1,918,913,914,-1,918,914,919,-1,919,914,915,-1,919,915,920,-1,921,922,923,-1,845,844,922,-1,922,844,843,-1,922,843,923,-1,923,843,842,-1,923,842,517,-1,846,845,905,-1,905,845,922,-1,905,922,924,-1,924,922,921,-1,924,921,925,-1,848,847,904,-1,904,847,905,-1,904,905,926,-1,926,905,924,-1,926,924,927,-1,927,924,925,-1,927,925,928,-1,850,849,903,-1,903,849,904,-1,903,904,929,-1,929,904,926,-1,929,926,930,-1,930,926,927,-1,930,927,931,-1,931,927,928,-1,931,928,932,-1,852,851,933,-1,933,851,903,-1,933,903,934,-1,934,903,929,-1,934,929,935,-1,935,929,930,-1,935,930,936,-1,936,930,931,-1,936,931,937,-1,937,931,932,-1,589,852,853,-1,853,852,933,-1,853,933,855,-1,855,933,934,-1,855,934,856,-1,856,934,935,-1,856,935,857,-1,857,935,936,-1,857,936,854,-1,854,936,937,-1,854,937,171,-1,932,171,937,-1,517,920,923,-1,923,920,915,-1,923,915,921,-1,921,915,911,-1,921,911,925,-1,925,911,906,-1,925,906,928,-1,928,906,908,-1,928,908,932,-1,932,908,171,-1,578,862,938,-1,939,940,941,-1,489,942,943,-1,941,940,489,-1,944,489,940,-1,944,940,945,-1,945,940,939,-1,945,939,946,-1,858,489,944,-1,947,948,949,-1,949,948,943,-1,949,943,950,-1,950,943,942,-1,950,942,951,-1,858,944,859,-1,859,944,945,-1,859,945,860,-1,860,945,946,-1,860,946,861,-1,952,947,953,-1,953,947,949,-1,953,949,954,-1,954,949,950,-1,954,950,955,-1,955,950,951,-1,955,951,956,-1,957,952,958,-1,958,952,953,-1,958,953,959,-1,959,953,954,-1,959,954,960,-1,960,954,955,-1,960,955,961,-1,961,955,956,-1,961,956,962,-1,862,957,938,-1,938,957,958,-1,938,958,963,-1,963,958,959,-1,963,959,964,-1,964,959,960,-1,964,960,965,-1,965,960,961,-1,965,961,966,-1,966,961,962,-1,966,962,967,-1,578,938,968,-1,968,938,963,-1,968,963,969,-1,969,963,964,-1,969,964,970,-1,970,964,965,-1,970,965,971,-1,971,965,966,-1,971,966,972,-1,972,966,967,-1,972,967,604,-1,948,489,943,-1,862,861,957,-1,957,861,946,-1,957,946,952,-1,952,946,939,-1,952,939,947,-1,947,939,941,-1,947,941,948,-1,948,941,489,-1,172,171,916,-1,973,363,172,-1,172,916,973,-1,973,916,917,-1,973,917,974,-1,974,917,918,-1,974,918,975,-1,975,918,919,-1,975,919,976,-1,976,919,920,-1,976,920,977,-1,977,920,517,-1,977,517,516,-1,295,294,978,-1,603,604,967,-1,603,967,979,-1,979,967,962,-1,979,962,980,-1,980,962,956,-1,980,956,981,-1,981,956,951,-1,981,951,982,-1,982,951,942,-1,982,942,978,-1,978,942,489,-1,978,489,295,-1,612,610,983,-1,983,610,902,-1,983,902,984,-1,984,902,901,-1,984,901,985,-1,985,901,900,-1,985,900,986,-1,986,900,899,-1,986,899,987,-1,987,899,898,-1,987,898,603,-1,603,898,601,-1,610,609,897,-1,897,609,988,-1,897,988,885,-1,885,988,989,-1,885,989,876,-1,876,989,990,-1,876,990,869,-1,869,990,991,-1,869,991,867,-1,867,991,992,-1,867,992,599,-1,599,992,597,-1,602,601,993,-1,993,601,891,-1,993,891,994,-1,994,891,881,-1,994,881,995,-1,995,881,882,-1,995,882,996,-1,996,882,883,-1,996,883,997,-1,997,883,884,-1,997,884,600,-1,600,884,599,-1,998,999,1000,-1,999,998,614,-1,614,1001,1002,-1,1003,1001,614,-1,1004,1002,1005,-1,1005,1002,1001,-1,1005,1001,1006,-1,1006,1001,1003,-1,1006,1003,1007,-1,1008,1000,1009,-1,1009,1000,999,-1,1009,999,1010,-1,1010,999,614,-1,1011,1004,1012,-1,1012,1004,1005,-1,1012,1005,1013,-1,1013,1005,1006,-1,1013,1006,1014,-1,1014,1006,1007,-1,1014,1007,1015,-1,1016,1008,1017,-1,1017,1008,1009,-1,1017,1009,1018,-1,1018,1009,1010,-1,1018,1010,1019,-1,1019,1010,614,-1,1020,1011,1021,-1,1021,1011,1012,-1,1021,1012,1022,-1,1022,1012,1013,-1,1022,1013,1023,-1,1023,1013,1014,-1,1023,1014,1024,-1,1024,1014,1015,-1,1024,1015,1025,-1,1016,1025,1008,-1,1008,1025,1015,-1,1008,1015,1000,-1,1000,1015,1007,-1,1000,1007,998,-1,998,1007,1003,-1,998,1003,614,-1,1016,1026,1025,-1,1025,1026,1027,-1,1025,1027,1024,-1,1024,1027,1028,-1,1024,1028,1023,-1,1023,1028,1029,-1,1023,1029,1022,-1,1022,1029,1030,-1,1022,1030,1021,-1,1021,1030,1031,-1,1021,1031,1020,-1,1020,1031,1032,-1,1026,628,1027,-1,1027,628,1033,-1,1027,1033,1028,-1,1028,1033,1034,-1,1028,1034,1029,-1,1029,1034,1035,-1,1029,1035,1030,-1,1030,1035,1036,-1,1030,1036,1031,-1,1031,1036,1037,-1,1031,1037,1032,-1,1032,1037,619,-1,604,602,1038,-1,604,1038,972,-1,972,1038,1039,-1,972,1039,971,-1,971,1039,1040,-1,971,1040,970,-1,970,1040,1041,-1,970,1041,969,-1,969,1041,1042,-1,969,1042,968,-1,968,1042,580,-1,968,580,578,-1,1043,1044,1045,-1,1046,1047,1048,-1,1049,1050,1051,-1,1052,1053,1054,-1,1054,1053,363,-1,1055,363,1053,-1,1055,1053,1056,-1,1056,1053,1052,-1,1056,1052,1057,-1,1058,363,1055,-1,1058,1055,1059,-1,1059,1055,1056,-1,1059,1056,1060,-1,1060,1056,1057,-1,1060,1057,1061,-1,1062,363,1058,-1,1062,1058,1063,-1,1063,1058,1059,-1,1063,1059,1064,-1,1064,1059,1060,-1,1064,1060,1065,-1,1065,1060,1061,-1,1065,1061,1066,-1,1067,1068,1069,-1,1070,1071,1068,-1,1068,1071,1072,-1,1068,1072,1069,-1,1069,1072,1073,-1,1069,1073,618,-1,1050,1070,1051,-1,1051,1070,1068,-1,1051,1068,1074,-1,1074,1068,1067,-1,1074,1067,1075,-1,1047,1049,1048,-1,1048,1049,1051,-1,1048,1051,1076,-1,1076,1051,1074,-1,1076,1074,1077,-1,1077,1074,1075,-1,1077,1075,1078,-1,1044,1046,1045,-1,1045,1046,1048,-1,1045,1048,1079,-1,1079,1048,1076,-1,1079,1076,1080,-1,1080,1076,1077,-1,1080,1077,1081,-1,1081,1077,1078,-1,1081,1078,1082,-1,1083,1043,1084,-1,1084,1043,1045,-1,1084,1045,1085,-1,1085,1045,1079,-1,1085,1079,1086,-1,1086,1079,1080,-1,1086,1080,1087,-1,1087,1080,1081,-1,1087,1081,1088,-1,1088,1081,1082,-1,516,1083,977,-1,977,1083,1084,-1,977,1084,976,-1,976,1084,1085,-1,976,1085,975,-1,975,1085,1086,-1,975,1086,974,-1,974,1086,1087,-1,974,1087,973,-1,973,1087,1088,-1,973,1088,363,-1,1082,363,1088,-1,618,1066,1069,-1,1069,1066,1061,-1,1069,1061,1067,-1,1067,1061,1057,-1,1067,1057,1075,-1,1075,1057,1052,-1,1075,1052,1078,-1,1078,1052,1054,-1,1078,1054,1082,-1,1082,1054,363,-1,612,983,1089,-1,1089,983,1090,-1,1089,1090,1091,-1,1091,1090,1092,-1,1091,1092,1093,-1,1093,1092,1094,-1,1093,1094,1095,-1,1095,1094,1096,-1,1095,1096,1097,-1,1097,1096,1098,-1,1097,1098,308,-1,308,1098,290,-1,983,984,1090,-1,1090,984,1099,-1,1090,1099,1092,-1,1092,1099,1100,-1,1092,1100,1094,-1,1094,1100,1101,-1,1094,1101,1096,-1,1096,1101,1102,-1,1096,1102,1098,-1,1098,1102,1103,-1,1098,1103,290,-1,290,1103,289,-1,984,985,1099,-1,1099,985,1104,-1,1099,1104,1100,-1,1100,1104,1105,-1,1100,1105,1101,-1,1101,1105,1106,-1,1101,1106,1102,-1,1102,1106,1107,-1,1102,1107,1103,-1,1103,1107,1108,-1,1103,1108,289,-1,289,1108,288,-1,985,986,1104,-1,1104,986,1109,-1,1104,1109,1105,-1,1105,1109,1110,-1,1105,1110,1106,-1,1106,1110,1111,-1,1106,1111,1107,-1,1107,1111,1112,-1,1107,1112,1108,-1,1108,1112,1113,-1,1108,1113,288,-1,288,1113,291,-1,986,987,1109,-1,1109,987,1114,-1,1109,1114,1110,-1,1110,1114,1115,-1,1110,1115,1111,-1,1111,1115,1116,-1,1111,1116,1112,-1,1112,1116,1117,-1,1112,1117,1113,-1,1113,1117,1118,-1,1113,1118,291,-1,291,1118,292,-1,987,603,1114,-1,1114,603,979,-1,1114,979,1115,-1,1115,979,980,-1,1115,980,1116,-1,1116,980,981,-1,1116,981,1117,-1,1117,981,982,-1,1117,982,1118,-1,1118,982,978,-1,1118,978,292,-1,292,978,294,-1,1119,1120,1121,-1,1120,1119,597,-1,597,1122,1123,-1,1124,1122,597,-1,1125,1123,1126,-1,1126,1123,1122,-1,1126,1122,1127,-1,1127,1122,1124,-1,1127,1124,1128,-1,1129,1121,1130,-1,1130,1121,1120,-1,1130,1120,1131,-1,1131,1120,597,-1,1132,1125,1133,-1,1133,1125,1126,-1,1133,1126,1134,-1,1134,1126,1127,-1,1134,1127,1135,-1,1135,1127,1128,-1,1135,1128,1136,-1,989,1129,990,-1,990,1129,1130,-1,990,1130,991,-1,991,1130,1131,-1,991,1131,992,-1,992,1131,597,-1,1137,1132,1138,-1,1138,1132,1133,-1,1138,1133,1139,-1,1139,1133,1134,-1,1139,1134,1140,-1,1140,1134,1135,-1,1140,1135,1141,-1,1141,1135,1136,-1,1141,1136,1142,-1,989,1142,1129,-1,1129,1142,1136,-1,1129,1136,1121,-1,1121,1136,1128,-1,1121,1128,1119,-1,1119,1128,1124,-1,1119,1124,597,-1,989,988,1142,-1,1142,988,1143,-1,1142,1143,1141,-1,1141,1143,1144,-1,1141,1144,1140,-1,1140,1144,1145,-1,1140,1145,1139,-1,1139,1145,1146,-1,1139,1146,1138,-1,1138,1146,1147,-1,1138,1147,1137,-1,1137,1147,1148,-1,988,609,1143,-1,1143,609,1149,-1,1143,1149,1144,-1,1144,1149,1150,-1,1144,1150,1145,-1,1145,1150,1151,-1,1145,1151,1146,-1,1146,1151,1152,-1,1146,1152,1147,-1,1147,1152,1153,-1,1147,1153,1148,-1,1148,1153,607,-1,567,566,1154,-1,1154,566,1155,-1,1154,1155,1156,-1,1156,1155,1157,-1,1156,1157,1158,-1,1158,1157,1159,-1,1158,1159,1160,-1,1160,1159,1161,-1,1160,1161,1162,-1,1162,1161,1163,-1,1162,1163,600,-1,600,1163,997,-1,566,559,1155,-1,1155,559,1164,-1,1155,1164,1157,-1,1157,1164,1165,-1,1157,1165,1159,-1,1159,1165,1166,-1,1159,1166,1161,-1,1161,1166,1167,-1,1161,1167,1163,-1,1163,1167,1168,-1,1163,1168,997,-1,997,1168,996,-1,559,561,1164,-1,1164,561,1169,-1,1164,1169,1165,-1,1165,1169,1170,-1,1165,1170,1166,-1,1166,1170,1171,-1,1166,1171,1167,-1,1167,1171,1172,-1,1167,1172,1168,-1,1168,1172,1173,-1,1168,1173,996,-1,996,1173,995,-1,561,562,1169,-1,1169,562,1174,-1,1169,1174,1170,-1,1170,1174,1175,-1,1170,1175,1171,-1,1171,1175,1176,-1,1171,1176,1172,-1,1172,1176,1177,-1,1172,1177,1173,-1,1173,1177,1178,-1,1173,1178,995,-1,995,1178,994,-1,562,581,1174,-1,1174,581,1179,-1,1174,1179,1175,-1,1175,1179,1180,-1,1175,1180,1176,-1,1176,1180,1181,-1,1176,1181,1177,-1,1177,1181,1182,-1,1177,1182,1178,-1,1178,1182,1183,-1,1178,1183,994,-1,994,1183,993,-1,581,580,1179,-1,1179,580,1042,-1,1179,1042,1180,-1,1180,1042,1041,-1,1180,1041,1181,-1,1181,1041,1040,-1,1181,1040,1182,-1,1182,1040,1039,-1,1182,1039,1183,-1,1183,1039,1038,-1,1183,1038,993,-1,993,1038,602,-1,618,1073,620,-1,620,1073,1184,-1,1073,1072,1184,-1,1184,1072,1071,-1,1184,1071,1185,-1,1071,1070,1185,-1,1185,1070,1050,-1,1185,1050,1186,-1,1186,1050,1049,-1,1186,1049,1187,-1,1049,1047,1187,-1,1187,1047,1046,-1,1187,1046,1188,-1,1046,1044,1188,-1,1188,1044,1043,-1,1188,1043,515,-1,515,1043,1083,-1,515,1083,516,-1,619,620,1032,-1,1032,620,1189,-1,1032,1189,1020,-1,1020,1189,1190,-1,1020,1190,1011,-1,1011,1190,1191,-1,1011,1191,1004,-1,1004,1191,1192,-1,1004,1192,1002,-1,1002,1192,1193,-1,1002,1193,614,-1,614,1193,616,-1,627,628,1194,-1,1194,628,1026,-1,1194,1026,1195,-1,1195,1026,1016,-1,1195,1016,1196,-1,1196,1016,1017,-1,1196,1017,1197,-1,1197,1017,1018,-1,1197,1018,1198,-1,1198,1018,1019,-1,1198,1019,613,-1,613,1019,614,-1,617,619,1199,-1,1199,619,1037,-1,1199,1037,1200,-1,1200,1037,1036,-1,1200,1036,1201,-1,1201,1036,1035,-1,1201,1035,1202,-1,1202,1035,1034,-1,1202,1034,1203,-1,1203,1034,1033,-1,1203,1033,626,-1,626,1033,628,-1,617,1204,618,-1,618,1204,1066,-1,1204,1205,1066,-1,1066,1205,1206,-1,1066,1206,1065,-1,1206,1207,1065,-1,1065,1207,1208,-1,1065,1208,1064,-1,1208,1209,1064,-1,1064,1209,1210,-1,1064,1210,1063,-1,1210,1211,1063,-1,1063,1211,1212,-1,1063,1212,1062,-1,364,363,1213,-1,1213,363,1062,-1,1213,1062,1214,-1,1214,1062,1212,-1,1215,611,612,-1,1215,612,1216,-1,1216,612,1089,-1,1216,1089,1217,-1,1217,1089,1218,-1,1218,1089,1091,-1,1218,1091,1219,-1,1219,1091,1093,-1,1219,1093,1220,-1,1220,1093,1221,-1,1221,1093,1095,-1,1221,1095,1222,-1,1222,1095,1223,-1,1223,1095,1097,-1,1223,1097,1224,-1,305,1225,306,-1,306,1225,1224,-1,306,1224,307,-1,307,1224,1097,-1,307,1097,308,-1,605,607,1226,-1,1226,607,1153,-1,1226,1153,1227,-1,1227,1153,1152,-1,1227,1152,1228,-1,1228,1152,1151,-1,1228,1151,1229,-1,1229,1151,1150,-1,1229,1150,1230,-1,1230,1150,1149,-1,1230,1149,611,-1,611,1149,609,-1,607,608,1148,-1,1148,608,1231,-1,1148,1231,1137,-1,1137,1231,1232,-1,1137,1232,1132,-1,1132,1232,1233,-1,1132,1233,1125,-1,1125,1233,1234,-1,1125,1234,1123,-1,1123,1234,1235,-1,1123,1235,597,-1,597,1235,598,-1,600,598,1236,-1,600,1236,1162,-1,1162,1236,1237,-1,1162,1237,1160,-1,1160,1237,1238,-1,1160,1238,1158,-1,1158,1238,1239,-1,1158,1239,1156,-1,1156,1239,1240,-1,1156,1240,1154,-1,1154,1240,550,-1,1154,550,567,-1,515,521,1188,-1,1188,521,1241,-1,1188,1241,1187,-1,1187,1241,1242,-1,1187,1242,1186,-1,1186,1242,1243,-1,1186,1243,1185,-1,1185,1243,1244,-1,1185,1244,1184,-1,1184,1244,1245,-1,1184,1245,620,-1,620,1245,1189,-1,521,511,1241,-1,1241,511,1246,-1,1241,1246,1242,-1,1242,1246,1247,-1,1242,1247,1243,-1,1243,1247,1248,-1,1243,1248,1244,-1,1244,1248,1249,-1,1244,1249,1245,-1,1245,1249,1250,-1,1245,1250,1189,-1,1189,1250,1190,-1,511,513,1246,-1,1246,513,1251,-1,1246,1251,1247,-1,1247,1251,1252,-1,1247,1252,1248,-1,1248,1252,1253,-1,1248,1253,1249,-1,1249,1253,1254,-1,1249,1254,1250,-1,1250,1254,1255,-1,1250,1255,1190,-1,1190,1255,1191,-1,513,514,1251,-1,1251,514,1256,-1,1251,1256,1252,-1,1252,1256,1257,-1,1252,1257,1253,-1,1253,1257,1258,-1,1253,1258,1254,-1,1254,1258,1259,-1,1254,1259,1255,-1,1255,1259,1260,-1,1255,1260,1191,-1,1191,1260,1192,-1,514,518,1256,-1,1256,518,1261,-1,1256,1261,1257,-1,1257,1261,1262,-1,1257,1262,1258,-1,1258,1262,1263,-1,1258,1263,1259,-1,1259,1263,1264,-1,1259,1264,1260,-1,1260,1264,1265,-1,1260,1265,1192,-1,1192,1265,1193,-1,518,520,1261,-1,1261,520,1266,-1,1261,1266,1262,-1,1262,1266,1267,-1,1262,1267,1263,-1,1263,1267,1268,-1,1263,1268,1264,-1,1264,1268,1269,-1,1264,1269,1265,-1,1265,1269,1270,-1,1265,1270,1193,-1,1193,1270,616,-1,1271,1272,1273,-1,1272,1271,613,-1,613,1274,1198,-1,1275,1274,613,-1,1197,1198,1276,-1,1276,1198,1274,-1,1276,1274,1277,-1,1277,1274,1275,-1,1277,1275,1278,-1,1279,1273,1280,-1,1280,1273,1272,-1,1280,1272,1281,-1,1281,1272,613,-1,1196,1197,1282,-1,1282,1197,1276,-1,1282,1276,1283,-1,1283,1276,1277,-1,1283,1277,1284,-1,1284,1277,1278,-1,1284,1278,1285,-1,1286,1279,1287,-1,1287,1279,1280,-1,1287,1280,1288,-1,1288,1280,1281,-1,1288,1281,1289,-1,1289,1281,613,-1,1195,1196,1290,-1,1290,1196,1282,-1,1290,1282,1291,-1,1291,1282,1283,-1,1291,1283,1292,-1,1292,1283,1284,-1,1292,1284,1293,-1,1293,1284,1285,-1,1293,1285,1294,-1,1286,1294,1279,-1,1279,1294,1285,-1,1279,1285,1273,-1,1273,1285,1278,-1,1273,1278,1271,-1,1271,1278,1275,-1,1271,1275,613,-1,1286,1295,1294,-1,1294,1295,1296,-1,1294,1296,1293,-1,1293,1296,1297,-1,1293,1297,1292,-1,1292,1297,1298,-1,1292,1298,1291,-1,1291,1298,1299,-1,1291,1299,1290,-1,1290,1299,1300,-1,1290,1300,1195,-1,1195,1300,1194,-1,1295,621,1296,-1,1296,621,1301,-1,1296,1301,1297,-1,1297,1301,1302,-1,1297,1302,1298,-1,1298,1302,1303,-1,1298,1303,1299,-1,1299,1303,1304,-1,1299,1304,1300,-1,1300,1304,1305,-1,1300,1305,1194,-1,1194,1305,627,-1,1306,1203,626,-1,617,1199,1204,-1,1204,1199,1307,-1,1204,1307,1205,-1,1205,1307,1308,-1,626,1309,1306,-1,1306,1309,1310,-1,1306,1310,1311,-1,1312,1207,1308,-1,1308,1207,1206,-1,1308,1206,1205,-1,1310,1313,1311,-1,1311,1313,1314,-1,1311,1314,1315,-1,1316,1209,1312,-1,1312,1209,1208,-1,1312,1208,1207,-1,1314,1317,1315,-1,1315,1317,1318,-1,1315,1318,1319,-1,1214,1212,1320,-1,1320,1212,1211,-1,1320,1211,1316,-1,1316,1211,1210,-1,1316,1210,1209,-1,1199,1200,1307,-1,1307,1200,1321,-1,1307,1321,1308,-1,1308,1321,1322,-1,1308,1322,1312,-1,1312,1322,1323,-1,1312,1323,1316,-1,1316,1323,1324,-1,1316,1324,1320,-1,1320,1324,1325,-1,1200,1201,1321,-1,1321,1201,1326,-1,1321,1326,1322,-1,1322,1326,1327,-1,1322,1327,1323,-1,1323,1327,1328,-1,1323,1328,1324,-1,1324,1328,1329,-1,1324,1329,1325,-1,1325,1329,1330,-1,1201,1202,1326,-1,1326,1202,1331,-1,1326,1331,1327,-1,1327,1331,1332,-1,1327,1332,1328,-1,1328,1332,1333,-1,1328,1333,1329,-1,1329,1333,1334,-1,1329,1334,1330,-1,1330,1334,1335,-1,1202,1203,1331,-1,1331,1203,1306,-1,1331,1306,1332,-1,1332,1306,1311,-1,1332,1311,1333,-1,1333,1311,1315,-1,1333,1315,1334,-1,1334,1315,1319,-1,1334,1319,1335,-1,1335,1319,1336,-1,364,1213,1337,-1,1337,1213,1214,-1,1318,1338,1319,-1,1319,1338,1339,-1,1319,1339,1336,-1,1336,1339,1340,-1,1336,1340,1341,-1,1214,1320,1337,-1,1337,1320,1325,-1,1337,1325,1342,-1,1342,1325,1330,-1,1342,1330,1343,-1,1343,1330,1335,-1,1343,1335,1344,-1,1344,1335,1336,-1,1344,1336,1345,-1,1345,1336,1341,-1,1345,1341,1346,-1,364,1337,365,-1,365,1337,1342,-1,365,1342,366,-1,366,1342,1343,-1,366,1343,360,-1,360,1343,1344,-1,360,1344,361,-1,361,1344,1345,-1,361,1345,362,-1,362,1345,1346,-1,362,1346,356,-1,1347,1230,611,-1,605,1226,1348,-1,1348,1226,1349,-1,1348,1349,1350,-1,1350,1349,1351,-1,611,1215,1347,-1,1347,1215,1216,-1,1347,1216,1352,-1,1353,1354,1351,-1,1351,1354,1355,-1,1351,1355,1350,-1,1216,1217,1352,-1,1352,1217,1218,-1,1352,1218,1356,-1,1357,1358,1353,-1,1353,1358,1359,-1,1353,1359,1354,-1,1218,1219,1356,-1,1356,1219,1220,-1,1356,1220,1360,-1,1361,1362,1363,-1,1363,1362,1364,-1,1363,1364,1357,-1,1357,1364,1365,-1,1357,1365,1358,-1,1226,1227,1349,-1,1349,1227,1366,-1,1349,1366,1351,-1,1351,1366,1367,-1,1351,1367,1353,-1,1353,1367,1368,-1,1353,1368,1357,-1,1357,1368,1369,-1,1357,1369,1363,-1,1363,1369,1370,-1,1227,1228,1366,-1,1366,1228,1371,-1,1366,1371,1367,-1,1367,1371,1372,-1,1367,1372,1368,-1,1368,1372,1373,-1,1368,1373,1369,-1,1369,1373,1374,-1,1369,1374,1370,-1,1370,1374,1375,-1,1228,1229,1371,-1,1371,1229,1376,-1,1371,1376,1372,-1,1372,1376,1377,-1,1372,1377,1373,-1,1373,1377,1378,-1,1373,1378,1374,-1,1374,1378,1379,-1,1374,1379,1375,-1,1375,1379,1380,-1,1229,1230,1376,-1,1376,1230,1347,-1,1376,1347,1377,-1,1377,1347,1352,-1,1377,1352,1378,-1,1378,1352,1356,-1,1378,1356,1379,-1,1379,1356,1360,-1,1379,1360,1380,-1,1380,1360,1381,-1,304,1382,1383,-1,1383,1382,1361,-1,1220,1221,1360,-1,1360,1221,1222,-1,1360,1222,1381,-1,1381,1222,1223,-1,1381,1223,1224,-1,1361,1363,1383,-1,1383,1363,1370,-1,1383,1370,1384,-1,1384,1370,1375,-1,1384,1375,1385,-1,1385,1375,1380,-1,1385,1380,1386,-1,1386,1380,1381,-1,1386,1381,1387,-1,1387,1381,1224,-1,1387,1224,1225,-1,304,1383,302,-1,302,1383,1384,-1,302,1384,296,-1,296,1384,1385,-1,296,1385,297,-1,297,1385,1386,-1,297,1386,299,-1,299,1386,1387,-1,299,1387,300,-1,300,1387,1225,-1,300,1225,305,-1,574,556,1388,-1,1388,556,1389,-1,1388,1389,1390,-1,1390,1389,1391,-1,1390,1391,1392,-1,1392,1391,1393,-1,1392,1393,1394,-1,1394,1393,1395,-1,1394,1395,1396,-1,1396,1395,1397,-1,1396,1397,608,-1,608,1397,1231,-1,556,555,1389,-1,1389,555,1398,-1,1389,1398,1391,-1,1391,1398,1399,-1,1391,1399,1393,-1,1393,1399,1400,-1,1393,1400,1395,-1,1395,1400,1401,-1,1395,1401,1397,-1,1397,1401,1402,-1,1397,1402,1231,-1,1231,1402,1232,-1,555,554,1398,-1,1398,554,1403,-1,1398,1403,1399,-1,1399,1403,1404,-1,1399,1404,1400,-1,1400,1404,1405,-1,1400,1405,1401,-1,1401,1405,1406,-1,1401,1406,1402,-1,1402,1406,1407,-1,1402,1407,1232,-1,1232,1407,1233,-1,554,553,1403,-1,1403,553,1408,-1,1403,1408,1404,-1,1404,1408,1409,-1,1404,1409,1405,-1,1405,1409,1410,-1,1405,1410,1406,-1,1406,1410,1411,-1,1406,1411,1407,-1,1407,1411,1412,-1,1407,1412,1233,-1,1233,1412,1234,-1,553,551,1408,-1,1408,551,1413,-1,1408,1413,1409,-1,1409,1413,1414,-1,1409,1414,1410,-1,1410,1414,1415,-1,1410,1415,1411,-1,1411,1415,1416,-1,1411,1416,1412,-1,1412,1416,1417,-1,1412,1417,1234,-1,1234,1417,1235,-1,551,550,1413,-1,1413,550,1240,-1,1413,1240,1414,-1,1414,1240,1239,-1,1414,1239,1415,-1,1415,1239,1238,-1,1415,1238,1416,-1,1416,1238,1237,-1,1416,1237,1417,-1,1417,1237,1236,-1,1417,1236,1235,-1,1235,1236,598,-1,545,544,1418,-1,545,1418,1419,-1,1419,1418,1420,-1,1419,1420,1421,-1,1421,1420,1422,-1,1421,1422,1423,-1,1423,1422,1424,-1,1423,1424,1425,-1,1425,1424,1426,-1,1425,1426,1427,-1,1427,1426,552,-1,1427,552,558,-1,1428,615,616,-1,1428,616,1429,-1,1429,616,1270,-1,1429,1270,1430,-1,1430,1270,1431,-1,1431,1270,1269,-1,1431,1269,1432,-1,1432,1269,1433,-1,1433,1269,1268,-1,1433,1268,1434,-1,1434,1268,1267,-1,1434,1267,1435,-1,1435,1267,1436,-1,1436,1267,1266,-1,1436,1266,1437,-1,1437,1266,1438,-1,1438,1266,520,-1,1438,520,533,-1,622,621,1439,-1,1439,621,1295,-1,1439,1295,1440,-1,1440,1295,1286,-1,1440,1286,1441,-1,1441,1286,1287,-1,1441,1287,1442,-1,1442,1287,1288,-1,1442,1288,1443,-1,1443,1288,1289,-1,1443,1289,615,-1,615,1289,613,-1,625,627,1444,-1,1444,627,1305,-1,1444,1305,1445,-1,1445,1305,1304,-1,1445,1304,1446,-1,1446,1304,1303,-1,1446,1303,1447,-1,1447,1303,1302,-1,1447,1302,1448,-1,1448,1302,1301,-1,1448,1301,623,-1,623,1301,621,-1,626,625,1309,-1,1309,625,1449,-1,1309,1449,1310,-1,1310,1449,1450,-1,1310,1450,1313,-1,1313,1450,1451,-1,1313,1451,1314,-1,1314,1451,1452,-1,1314,1452,1317,-1,1317,1452,1453,-1,1317,1453,1318,-1,1318,1453,1454,-1,1318,1454,1338,-1,1338,1454,1455,-1,1338,1455,1339,-1,1339,1455,1456,-1,1339,1456,1340,-1,1340,1456,1457,-1,1340,1457,1341,-1,1341,1457,1458,-1,356,1346,355,-1,355,1346,1341,-1,355,1341,330,-1,330,1341,1458,-1,330,1458,320,-1,320,1458,1459,-1,320,1459,325,-1,309,311,1460,-1,605,1348,606,-1,606,1348,1461,-1,1348,1350,1461,-1,1461,1350,1355,-1,1461,1355,1462,-1,1355,1354,1462,-1,1462,1354,1359,-1,1462,1359,1463,-1,1359,1358,1463,-1,1463,1358,1365,-1,1463,1365,1464,-1,1365,1364,1464,-1,1464,1364,1362,-1,1464,1362,1460,-1,1460,1362,1361,-1,1460,1361,309,-1,309,1361,1382,-1,309,1382,304,-1,608,606,1465,-1,608,1465,1396,-1,1396,1465,1466,-1,1396,1466,1394,-1,1394,1466,1467,-1,1394,1467,1392,-1,1392,1467,1468,-1,1392,1468,1390,-1,1390,1468,1469,-1,1390,1469,1388,-1,1388,1469,575,-1,1388,575,574,-1,558,1470,1471,-1,1472,1473,1474,-1,630,1475,1476,-1,1474,1473,630,-1,1477,630,1473,-1,1477,1473,1478,-1,1478,1473,1472,-1,1478,1472,1479,-1,1480,630,1477,-1,1481,1482,1483,-1,1483,1482,1476,-1,1483,1476,1484,-1,1484,1476,1475,-1,1484,1475,1485,-1,1480,1477,1486,-1,1486,1477,1478,-1,1486,1478,1487,-1,1487,1478,1479,-1,1487,1479,1488,-1,1489,1481,1490,-1,1490,1481,1483,-1,1490,1483,1491,-1,1491,1483,1484,-1,1491,1484,1492,-1,1492,1484,1485,-1,1492,1485,1493,-1,1494,1489,1495,-1,1495,1489,1490,-1,1495,1490,1496,-1,1496,1490,1491,-1,1496,1491,1497,-1,1497,1491,1492,-1,1497,1492,1498,-1,1498,1492,1493,-1,1498,1493,1499,-1,1470,1494,1471,-1,1471,1494,1495,-1,1471,1495,1500,-1,1500,1495,1496,-1,1500,1496,1501,-1,1501,1496,1497,-1,1501,1497,1502,-1,1502,1497,1498,-1,1502,1498,1503,-1,1503,1498,1499,-1,1503,1499,1504,-1,558,1471,1427,-1,1427,1471,1500,-1,1427,1500,1425,-1,1425,1500,1501,-1,1425,1501,1423,-1,1423,1501,1502,-1,1423,1502,1421,-1,1421,1502,1503,-1,1421,1503,1419,-1,1419,1503,1504,-1,1419,1504,545,-1,1482,630,1476,-1,1470,1488,1494,-1,1494,1488,1479,-1,1494,1479,1489,-1,1489,1479,1472,-1,1489,1472,1481,-1,1481,1472,1474,-1,1481,1474,1482,-1,1482,1474,630,-1,1505,527,540,-1,533,532,1438,-1,1438,532,1506,-1,1438,1506,1437,-1,1437,1506,1507,-1,540,1508,1505,-1,1505,1508,1509,-1,1505,1509,1510,-1,1511,1435,1507,-1,1507,1435,1436,-1,1507,1436,1437,-1,1509,1512,1510,-1,1510,1512,1513,-1,1510,1513,1514,-1,1515,1433,1511,-1,1511,1433,1434,-1,1511,1434,1435,-1,1513,1516,1514,-1,1514,1516,1517,-1,1514,1517,1518,-1,1429,1430,1519,-1,1519,1430,1431,-1,1519,1431,1515,-1,1515,1431,1432,-1,1515,1432,1433,-1,532,531,1506,-1,1506,531,1520,-1,1506,1520,1507,-1,1507,1520,1521,-1,1507,1521,1511,-1,1511,1521,1522,-1,1511,1522,1515,-1,1515,1522,1523,-1,1515,1523,1519,-1,1519,1523,1524,-1,531,523,1520,-1,1520,523,1525,-1,1520,1525,1521,-1,1521,1525,1526,-1,1521,1526,1522,-1,1522,1526,1527,-1,1522,1527,1523,-1,1523,1527,1528,-1,1523,1528,1524,-1,1524,1528,1529,-1,523,525,1525,-1,1525,525,1530,-1,1525,1530,1526,-1,1526,1530,1531,-1,1526,1531,1527,-1,1527,1531,1532,-1,1527,1532,1528,-1,1528,1532,1533,-1,1528,1533,1529,-1,1529,1533,1534,-1,525,527,1530,-1,1530,527,1505,-1,1530,1505,1531,-1,1531,1505,1510,-1,1531,1510,1532,-1,1532,1510,1514,-1,1532,1514,1533,-1,1533,1514,1518,-1,1533,1518,1534,-1,1534,1518,1535,-1,615,1428,1536,-1,1536,1428,1429,-1,1517,1537,1518,-1,1518,1537,1538,-1,1518,1538,1535,-1,1535,1538,1539,-1,1535,1539,1540,-1,1429,1519,1536,-1,1536,1519,1524,-1,1536,1524,1541,-1,1541,1524,1529,-1,1541,1529,1542,-1,1542,1529,1534,-1,1542,1534,1543,-1,1543,1534,1535,-1,1543,1535,1544,-1,1544,1535,1540,-1,1544,1540,1545,-1,615,1536,1443,-1,1443,1536,1541,-1,1443,1541,1442,-1,1442,1541,1542,-1,1442,1542,1441,-1,1441,1542,1543,-1,1441,1543,1440,-1,1440,1543,1544,-1,1440,1544,1439,-1,1439,1544,1545,-1,1439,1545,622,-1,1546,1448,623,-1,625,1444,1449,-1,1449,1444,1547,-1,1449,1547,1450,-1,1450,1547,1548,-1,623,1549,1546,-1,1546,1549,1550,-1,1546,1550,1551,-1,1552,1452,1548,-1,1548,1452,1451,-1,1548,1451,1450,-1,1550,1553,1551,-1,1551,1553,1554,-1,1551,1554,1555,-1,1556,1454,1552,-1,1552,1454,1453,-1,1552,1453,1452,-1,1554,1557,1555,-1,1555,1557,1558,-1,1555,1558,1559,-1,1458,1457,1560,-1,1560,1457,1456,-1,1560,1456,1556,-1,1556,1456,1455,-1,1556,1455,1454,-1,1444,1445,1547,-1,1547,1445,1561,-1,1547,1561,1548,-1,1548,1561,1562,-1,1548,1562,1552,-1,1552,1562,1563,-1,1552,1563,1556,-1,1556,1563,1564,-1,1556,1564,1560,-1,1560,1564,1565,-1,1445,1446,1561,-1,1561,1446,1566,-1,1561,1566,1562,-1,1562,1566,1567,-1,1562,1567,1563,-1,1563,1567,1568,-1,1563,1568,1564,-1,1564,1568,1569,-1,1564,1569,1565,-1,1565,1569,1570,-1,1446,1447,1566,-1,1566,1447,1571,-1,1566,1571,1567,-1,1567,1571,1572,-1,1567,1572,1568,-1,1568,1572,1573,-1,1568,1573,1569,-1,1569,1573,1574,-1,1569,1574,1570,-1,1570,1574,1575,-1,1447,1448,1571,-1,1571,1448,1546,-1,1571,1546,1572,-1,1572,1546,1551,-1,1572,1551,1573,-1,1573,1551,1555,-1,1573,1555,1574,-1,1574,1555,1559,-1,1574,1559,1575,-1,1575,1559,1576,-1,325,1459,1577,-1,1577,1459,1458,-1,1558,1578,1559,-1,1559,1578,1579,-1,1559,1579,1576,-1,1576,1579,1580,-1,1576,1580,1581,-1,1458,1560,1577,-1,1577,1560,1565,-1,1577,1565,1582,-1,1582,1565,1570,-1,1582,1570,1583,-1,1583,1570,1575,-1,1583,1575,1584,-1,1584,1575,1576,-1,1584,1576,1585,-1,1585,1576,1581,-1,1585,1581,1586,-1,325,1577,312,-1,312,1577,1582,-1,312,1582,313,-1,313,1582,1583,-1,313,1583,315,-1,315,1583,1584,-1,315,1584,316,-1,316,1584,1585,-1,316,1585,317,-1,317,1585,1586,-1,317,1586,177,-1,606,1461,1587,-1,1461,1462,1588,-1,1589,1590,1591,-1,1591,1590,311,-1,1460,311,1590,-1,1592,311,1593,-1,1594,311,1592,-1,1460,1590,1464,-1,1464,1590,1589,-1,1464,1589,1463,-1,1595,1596,1597,-1,1597,1596,1594,-1,1597,1594,1598,-1,1598,1594,1592,-1,1598,1592,1599,-1,1593,1600,1592,-1,1592,1600,1601,-1,1592,1601,1599,-1,1599,1601,1602,-1,1599,1602,1603,-1,1604,1595,1605,-1,1605,1595,1597,-1,1605,1597,1606,-1,1606,1597,1598,-1,1606,1598,1607,-1,1607,1598,1599,-1,1607,1599,1608,-1,1608,1599,1603,-1,1608,1603,1609,-1,1462,1604,1588,-1,1588,1604,1605,-1,1588,1605,1610,-1,1610,1605,1606,-1,1610,1606,1611,-1,1611,1606,1607,-1,1611,1607,1612,-1,1612,1607,1608,-1,1612,1608,1613,-1,1613,1608,1609,-1,1613,1609,1614,-1,1461,1588,1587,-1,1587,1588,1610,-1,1587,1610,1615,-1,1615,1610,1611,-1,1615,1611,1616,-1,1616,1611,1612,-1,1616,1612,1617,-1,1617,1612,1613,-1,1617,1613,1618,-1,1596,311,1594,-1,1462,1463,1604,-1,1604,1463,1589,-1,1604,1589,1595,-1,1595,1589,1591,-1,1595,1591,1596,-1,1596,1591,311,-1,1614,1619,1613,-1,1613,1619,1620,-1,1613,1620,1618,-1,1618,1620,1621,-1,1618,1621,1622,-1,606,1587,1465,-1,1465,1587,1615,-1,1465,1615,1466,-1,1466,1615,1616,-1,1466,1616,1467,-1,1467,1616,1617,-1,1467,1617,1468,-1,1468,1617,1618,-1,1468,1618,1469,-1,1469,1618,1622,-1,1469,1622,575,-1,557,1623,558,-1,558,1623,1470,-1,1623,1624,1470,-1,1470,1624,1625,-1,1470,1625,1488,-1,1625,1626,1488,-1,1488,1626,1627,-1,1488,1627,1487,-1,1627,1628,1487,-1,1487,1628,1629,-1,1487,1629,1486,-1,1629,1630,1486,-1,1486,1630,1631,-1,1486,1631,1480,-1,632,630,1632,-1,1632,630,1480,-1,1632,1480,1633,-1,1633,1480,1631,-1,546,545,1504,-1,546,1504,1634,-1,1634,1504,1499,-1,1634,1499,1635,-1,1635,1499,1493,-1,1635,1493,1636,-1,1636,1493,1485,-1,1636,1485,1637,-1,1637,1485,1475,-1,1637,1475,1638,-1,1638,1475,630,-1,1638,630,629,-1,530,167,166,-1,530,166,1639,-1,1639,166,170,-1,1639,170,1640,-1,1640,170,169,-1,1640,169,1641,-1,1641,169,168,-1,1641,168,1642,-1,1642,168,165,-1,1642,165,1643,-1,1643,165,164,-1,1643,164,546,-1,622,1545,624,-1,624,1545,1644,-1,1545,1540,1644,-1,1644,1540,1539,-1,1644,1539,1645,-1,1539,1538,1645,-1,1645,1538,1537,-1,1645,1537,1646,-1,1646,1537,1517,-1,1646,1517,1647,-1,1517,1516,1647,-1,1647,1516,1513,-1,1647,1513,1648,-1,1513,1512,1648,-1,1648,1512,1509,-1,1648,1509,538,-1,538,1509,1508,-1,538,1508,540,-1,623,624,1549,-1,1549,624,1649,-1,1549,1649,1550,-1,1550,1649,1553,-1,1553,1649,1650,-1,1553,1650,1554,-1,1554,1650,1557,-1,1557,1650,1651,-1,1557,1651,1558,-1,1558,1651,1578,-1,1578,1651,1652,-1,1578,1652,1579,-1,1579,1652,1580,-1,1580,1652,1653,-1,1580,1653,1581,-1,1581,1653,1586,-1,1586,1653,178,-1,1586,178,177,-1,311,310,1654,-1,1620,1619,1655,-1,1655,1619,1614,-1,1655,1614,1656,-1,1656,1614,1609,-1,1656,1609,1657,-1,1657,1609,1603,-1,1657,1603,1658,-1,1658,1603,1602,-1,1658,1602,1659,-1,1659,1602,1601,-1,1659,1601,1660,-1,1660,1601,1600,-1,1660,1600,1654,-1,1654,1600,1593,-1,1654,1593,311,-1,1655,1661,1620,-1,1620,1661,1662,-1,1620,1662,1621,-1,1621,1662,1622,-1,1662,1663,1622,-1,1622,1663,1664,-1,1622,1664,575,-1,575,1664,1665,-1,575,1665,576,-1,1666,1667,1668,-1,582,576,1669,-1,582,1669,1670,-1,1670,1669,1671,-1,1670,1671,1672,-1,1672,1671,1673,-1,1672,1673,1666,-1,1666,1673,1674,-1,1666,1674,1667,-1,1675,1676,1668,-1,1668,1676,1677,-1,1668,1677,1666,-1,636,634,1678,-1,1678,634,1679,-1,1678,1679,1680,-1,1680,1679,1676,-1,1680,1676,1681,-1,1681,1676,1675,-1,557,565,1623,-1,1623,565,1682,-1,1623,1682,1624,-1,1624,1682,1683,-1,1684,1626,1683,-1,1683,1626,1625,-1,1683,1625,1624,-1,1685,1628,1684,-1,1684,1628,1627,-1,1684,1627,1626,-1,1686,1630,1685,-1,1685,1630,1629,-1,1685,1629,1628,-1,1687,1633,1686,-1,1686,1633,1631,-1,1686,1631,1630,-1,1688,632,1687,-1,1687,632,1632,-1,1687,1632,1633,-1,565,564,1682,-1,1682,564,1689,-1,1682,1689,1683,-1,1683,1689,1690,-1,1683,1690,1684,-1,1684,1690,1691,-1,1684,1691,1685,-1,1685,1691,1692,-1,1685,1692,1686,-1,1686,1692,1693,-1,1686,1693,1687,-1,1687,1693,1694,-1,1687,1694,1688,-1,1688,1694,1695,-1,564,563,1689,-1,1689,563,1696,-1,1689,1696,1690,-1,1690,1696,1697,-1,1690,1697,1691,-1,1691,1697,1698,-1,1691,1698,1692,-1,1692,1698,1699,-1,1692,1699,1693,-1,1693,1699,1700,-1,1693,1700,1694,-1,1694,1700,1701,-1,1694,1701,1695,-1,1695,1701,1702,-1,563,584,1696,-1,1696,584,1703,-1,1696,1703,1697,-1,1697,1703,1704,-1,1697,1704,1698,-1,1698,1704,1705,-1,1698,1705,1699,-1,1699,1705,1706,-1,1699,1706,1700,-1,1700,1706,1707,-1,1700,1707,1701,-1,1701,1707,1708,-1,1701,1708,1702,-1,1702,1708,1709,-1,584,583,1703,-1,1703,583,1710,-1,1703,1710,1704,-1,1704,1710,1711,-1,1704,1711,1705,-1,1705,1711,1712,-1,1705,1712,1706,-1,1706,1712,1713,-1,1706,1713,1707,-1,1707,1713,1714,-1,1707,1714,1708,-1,1708,1714,1715,-1,1708,1715,1709,-1,1709,1715,1716,-1,583,582,1710,-1,1710,582,1670,-1,1710,1670,1711,-1,1711,1670,1672,-1,1711,1672,1712,-1,1712,1672,1666,-1,1712,1666,1713,-1,1713,1666,1677,-1,1713,1677,1714,-1,1714,1677,1676,-1,1714,1676,1715,-1,1715,1676,1679,-1,1715,1679,1716,-1,1716,1679,634,-1,546,1634,1717,-1,1718,1719,1720,-1,629,1721,1722,-1,1720,1719,629,-1,1723,629,1719,-1,1723,1719,1724,-1,1724,1719,1718,-1,1724,1718,1725,-1,1638,629,1723,-1,1726,1727,1728,-1,1728,1727,1722,-1,1728,1722,1729,-1,1729,1722,1721,-1,1729,1721,1730,-1,1638,1723,1637,-1,1637,1723,1724,-1,1637,1724,1636,-1,1636,1724,1725,-1,1636,1725,1635,-1,1731,1726,1732,-1,1732,1726,1728,-1,1732,1728,1733,-1,1733,1728,1729,-1,1733,1729,1734,-1,1734,1729,1730,-1,1734,1730,1735,-1,1736,1731,1737,-1,1737,1731,1732,-1,1737,1732,1738,-1,1738,1732,1733,-1,1738,1733,1739,-1,1739,1733,1734,-1,1739,1734,1740,-1,1740,1734,1735,-1,1740,1735,1741,-1,1634,1736,1717,-1,1717,1736,1737,-1,1717,1737,1742,-1,1742,1737,1738,-1,1742,1738,1743,-1,1743,1738,1739,-1,1743,1739,1744,-1,1744,1739,1740,-1,1744,1740,1745,-1,1745,1740,1741,-1,1745,1741,1746,-1,546,1717,1643,-1,1643,1717,1742,-1,1643,1742,1642,-1,1642,1742,1743,-1,1642,1743,1641,-1,1641,1743,1744,-1,1641,1744,1640,-1,1640,1744,1745,-1,1640,1745,1639,-1,1639,1745,1746,-1,1639,1746,530,-1,1727,629,1722,-1,1634,1635,1736,-1,1736,1635,1725,-1,1736,1725,1731,-1,1731,1725,1718,-1,1731,1718,1726,-1,1726,1718,1720,-1,1726,1720,1727,-1,1727,1720,629,-1,538,1747,1748,-1,1749,1750,1751,-1,178,1653,1752,-1,1751,1750,178,-1,1753,178,1750,-1,1753,1750,1754,-1,1754,1750,1749,-1,1754,1749,1755,-1,1756,178,1753,-1,1757,1758,1759,-1,1759,1758,1752,-1,1759,1752,1760,-1,1760,1752,1653,-1,1760,1653,1652,-1,1756,1753,1761,-1,1761,1753,1754,-1,1761,1754,1762,-1,1762,1754,1755,-1,1762,1755,1763,-1,1764,1757,1765,-1,1765,1757,1759,-1,1765,1759,1766,-1,1766,1759,1760,-1,1766,1760,1767,-1,1767,1760,1652,-1,1767,1652,1651,-1,1768,1764,1769,-1,1769,1764,1765,-1,1769,1765,1770,-1,1770,1765,1766,-1,1770,1766,1771,-1,1771,1766,1767,-1,1771,1767,1772,-1,1772,1767,1651,-1,1772,1651,1650,-1,1747,1768,1748,-1,1748,1768,1769,-1,1748,1769,1773,-1,1773,1769,1770,-1,1773,1770,1774,-1,1774,1770,1771,-1,1774,1771,1775,-1,1775,1771,1772,-1,1775,1772,1776,-1,1776,1772,1650,-1,1776,1650,1649,-1,538,1748,1648,-1,1648,1748,1773,-1,1648,1773,1647,-1,1647,1773,1774,-1,1647,1774,1646,-1,1646,1774,1775,-1,1646,1775,1645,-1,1645,1775,1776,-1,1645,1776,1644,-1,1644,1776,1649,-1,1644,1649,624,-1,1758,178,1752,-1,1747,1763,1768,-1,1768,1763,1755,-1,1768,1755,1764,-1,1764,1755,1749,-1,1764,1749,1757,-1,1757,1749,1751,-1,1757,1751,1758,-1,1758,1751,178,-1,1662,1661,1777,-1,1655,1656,1778,-1,1779,1780,1781,-1,310,1782,1783,-1,1781,1780,310,-1,1654,310,1780,-1,1784,1671,1669,-1,1671,1784,1673,-1,1673,1784,1785,-1,1673,1785,1674,-1,1674,1785,1786,-1,1674,1786,1667,-1,1667,1786,1668,-1,1668,1786,1787,-1,1668,1787,1675,-1,1675,1787,1788,-1,1675,1788,1681,-1,1681,1788,1680,-1,1680,1788,1789,-1,1680,1789,1678,-1,1678,1789,1790,-1,1678,1790,636,-1,1657,1658,1779,-1,1779,1658,1659,-1,1779,1659,1780,-1,1780,1659,1660,-1,1780,1660,1654,-1,310,1791,1792,-1,1792,1791,1793,-1,1782,310,1792,-1,1794,1783,1795,-1,1795,1783,1782,-1,1795,1782,1796,-1,1796,1782,1792,-1,1796,1792,1797,-1,1797,1792,1793,-1,1656,1657,1778,-1,1778,1657,1779,-1,1778,1779,1798,-1,1798,1779,1781,-1,1798,1781,1799,-1,1799,1781,310,-1,1800,1794,1801,-1,1801,1794,1795,-1,1801,1795,1802,-1,1802,1795,1796,-1,1802,1796,1803,-1,1803,1796,1797,-1,1803,1797,1804,-1,1793,1805,1797,-1,1797,1805,1806,-1,1797,1806,1804,-1,1804,1806,1807,-1,1804,1807,1808,-1,1777,1800,1809,-1,1809,1800,1801,-1,1809,1801,1810,-1,1810,1801,1802,-1,1810,1802,1811,-1,1811,1802,1803,-1,1811,1803,1812,-1,1812,1803,1804,-1,1812,1804,1813,-1,1813,1804,1808,-1,1664,1663,1814,-1,1814,1663,1662,-1,1662,1777,1814,-1,1814,1777,1809,-1,1814,1809,1815,-1,1815,1809,1810,-1,1815,1810,1816,-1,1816,1810,1811,-1,1816,1811,1817,-1,1817,1811,1812,-1,1817,1812,1818,-1,1818,1812,1813,-1,1818,1813,1819,-1,1661,1655,1777,-1,1777,1655,1778,-1,1777,1778,1800,-1,1800,1778,1798,-1,1800,1798,1794,-1,1794,1798,1799,-1,1794,1799,1783,-1,1783,1799,310,-1,1664,1784,1665,-1,1665,1784,1669,-1,1665,1669,576,-1,1808,1820,1813,-1,1813,1820,1821,-1,1813,1821,1819,-1,1819,1821,1822,-1,1819,1822,1823,-1,1664,1814,1784,-1,1784,1814,1815,-1,1784,1815,1785,-1,1785,1815,1816,-1,1785,1816,1786,-1,1786,1816,1817,-1,1786,1817,1787,-1,1787,1817,1818,-1,1787,1818,1788,-1,1788,1818,1819,-1,1788,1819,1789,-1,1789,1819,1823,-1,1789,1823,1790,-1,634,633,1716,-1,1716,633,1824,-1,1716,1824,1709,-1,1709,1824,1825,-1,1709,1825,1702,-1,1702,1825,1826,-1,1702,1826,1695,-1,1695,1826,1827,-1,1695,1827,1688,-1,1688,1827,1828,-1,1688,1828,632,-1,632,1828,631,-1,524,530,1829,-1,1829,530,1746,-1,1829,1746,1830,-1,1830,1746,1831,-1,1831,1746,1741,-1,1831,1741,1832,-1,1832,1741,1833,-1,1833,1741,1735,-1,1833,1735,1834,-1,1834,1735,1835,-1,1835,1735,1730,-1,1835,1730,1836,-1,1836,1730,1837,-1,1837,1730,1721,-1,1837,1721,1838,-1,1838,1721,1839,-1,1839,1721,629,-1,1839,629,631,-1,179,178,1840,-1,1840,178,1756,-1,1840,1756,1841,-1,1841,1756,1842,-1,1842,1756,1761,-1,1842,1761,1843,-1,1843,1761,1844,-1,1844,1761,1762,-1,1844,1762,1845,-1,1845,1762,1846,-1,1846,1762,1763,-1,1846,1763,1847,-1,1847,1763,1848,-1,1848,1763,1747,-1,1848,1747,1849,-1,1849,1747,1850,-1,1850,1747,538,-1,1850,538,537,-1,635,636,1851,-1,1851,636,1790,-1,1851,1790,1852,-1,1852,1790,1823,-1,1852,1823,1853,-1,1853,1823,1822,-1,1853,1822,1854,-1,1854,1822,1821,-1,1854,1821,1855,-1,1855,1821,1820,-1,1855,1820,1856,-1,1856,1820,1808,-1,1856,1808,1857,-1,1857,1808,1807,-1,1857,1807,1858,-1,1858,1807,1806,-1,1858,1806,1859,-1,1859,1806,1805,-1,1859,1805,1860,-1,1860,1805,1793,-1,1860,1793,1861,-1,1861,1793,1791,-1,1791,310,303,-1,303,298,1791,-1,1791,298,197,-1,1791,197,199,-1,314,179,1861,-1,199,446,1791,-1,1791,446,445,-1,1791,445,1861,-1,1861,445,386,-1,1861,386,314,-1,1862,526,524,-1,539,541,1863,-1,1863,541,1864,-1,1863,1864,1865,-1,1865,1864,1866,-1,524,1829,1862,-1,1862,1829,1830,-1,1862,1830,1867,-1,1868,1869,1866,-1,1866,1869,1870,-1,1866,1870,1865,-1,1830,1831,1867,-1,1867,1831,1832,-1,1867,1832,1871,-1,1872,1873,1868,-1,1868,1873,1874,-1,1868,1874,1869,-1,1832,1833,1871,-1,1871,1833,1834,-1,1871,1834,1875,-1,1876,1877,1878,-1,1878,1877,1879,-1,1878,1879,1872,-1,1872,1879,1880,-1,1872,1880,1873,-1,541,542,1864,-1,1864,542,1881,-1,1864,1881,1866,-1,1866,1881,1882,-1,1866,1882,1868,-1,1868,1882,1883,-1,1868,1883,1872,-1,1872,1883,1884,-1,1872,1884,1878,-1,1878,1884,1885,-1,542,529,1881,-1,1881,529,1886,-1,1881,1886,1882,-1,1882,1886,1887,-1,1882,1887,1883,-1,1883,1887,1888,-1,1883,1888,1884,-1,1884,1888,1889,-1,1884,1889,1885,-1,1885,1889,1890,-1,529,528,1886,-1,1886,528,1891,-1,1886,1891,1887,-1,1887,1891,1892,-1,1887,1892,1888,-1,1888,1892,1893,-1,1888,1893,1889,-1,1889,1893,1894,-1,1889,1894,1890,-1,1890,1894,1895,-1,528,526,1891,-1,1891,526,1862,-1,1891,1862,1892,-1,1892,1862,1867,-1,1892,1867,1893,-1,1893,1867,1871,-1,1893,1871,1894,-1,1894,1871,1875,-1,1894,1875,1895,-1,1895,1875,1896,-1,633,1897,1898,-1,1898,1897,1876,-1,1834,1835,1875,-1,1875,1835,1836,-1,1875,1836,1896,-1,1896,1836,1837,-1,1896,1837,1838,-1,1876,1878,1898,-1,1898,1878,1885,-1,1898,1885,1899,-1,1899,1885,1890,-1,1899,1890,1900,-1,1900,1890,1895,-1,1900,1895,1901,-1,1901,1895,1896,-1,1901,1896,1902,-1,1902,1896,1838,-1,1902,1838,1839,-1,633,1898,1824,-1,1824,1898,1899,-1,1824,1899,1825,-1,1825,1899,1900,-1,1825,1900,1826,-1,1826,1900,1901,-1,1826,1901,1827,-1,1827,1901,1902,-1,1827,1902,1828,-1,1828,1902,1839,-1,1828,1839,631,-1,1903,1904,1905,-1,1860,1861,1906,-1,179,1907,1908,-1,1909,1907,179,-1,179,1910,1906,-1,1911,1910,179,-1,1912,1913,1914,-1,1914,1913,1915,-1,1914,1915,1916,-1,1916,1915,1917,-1,1917,1915,1918,-1,1917,1918,1919,-1,1919,1918,1920,-1,1920,1918,1921,-1,1920,1921,1922,-1,1922,1921,1923,-1,1923,1921,1924,-1,1923,1924,1925,-1,1925,1924,1926,-1,1926,1924,1927,-1,1926,1927,1928,-1,1928,1927,1850,-1,1928,1850,537,-1,1911,1905,1910,-1,1910,1905,1904,-1,1910,1904,1906,-1,1906,1904,1859,-1,1906,1859,1860,-1,1861,179,1906,-1,1929,1908,1930,-1,1930,1908,1907,-1,1930,1907,1931,-1,1931,1907,1909,-1,1931,1909,1932,-1,179,1840,1909,-1,1909,1840,1841,-1,1909,1841,1932,-1,1932,1841,1842,-1,1932,1842,1843,-1,1933,1929,1934,-1,1934,1929,1930,-1,1934,1930,1935,-1,1935,1930,1931,-1,1935,1931,1936,-1,1936,1931,1932,-1,1936,1932,1937,-1,1937,1932,1843,-1,1937,1843,1844,-1,1855,1856,1903,-1,1903,1856,1857,-1,1903,1857,1904,-1,1904,1857,1858,-1,1904,1858,1859,-1,1938,1933,1939,-1,1939,1933,1934,-1,1939,1934,1940,-1,1940,1934,1935,-1,1940,1935,1941,-1,1941,1935,1936,-1,1941,1936,1942,-1,1942,1936,1937,-1,1942,1937,1943,-1,1943,1937,1844,-1,1943,1844,1845,-1,1852,1853,1944,-1,1944,1853,1854,-1,1854,1938,1944,-1,1944,1938,1939,-1,1944,1939,1945,-1,1945,1939,1940,-1,1945,1940,1946,-1,1946,1940,1941,-1,1946,1941,1947,-1,1947,1941,1942,-1,1947,1942,1948,-1,1948,1942,1943,-1,1948,1943,1949,-1,1854,1855,1938,-1,1938,1855,1903,-1,1938,1903,1933,-1,1933,1903,1905,-1,1933,1905,1929,-1,1929,1905,1911,-1,1929,1911,1908,-1,1908,1911,179,-1,1912,635,1913,-1,1913,635,1851,-1,1913,1851,1852,-1,1845,1846,1943,-1,1943,1846,1847,-1,1943,1847,1949,-1,1949,1847,1848,-1,1949,1848,1849,-1,1852,1944,1913,-1,1913,1944,1945,-1,1913,1945,1915,-1,1915,1945,1946,-1,1915,1946,1918,-1,1918,1946,1947,-1,1918,1947,1921,-1,1921,1947,1948,-1,1921,1948,1924,-1,1924,1948,1949,-1,1924,1949,1927,-1,1927,1949,1849,-1,1927,1849,1850,-1,633,635,1897,-1,1897,635,1912,-1,1897,1912,1876,-1,1876,1912,1914,-1,1876,1914,1877,-1,1877,1914,1916,-1,1877,1916,1879,-1,1879,1916,1917,-1,1879,1917,1880,-1,1880,1917,1919,-1,1880,1919,1873,-1,1873,1919,1920,-1,1873,1920,1874,-1,1874,1920,1922,-1,1874,1922,1869,-1,1869,1922,1923,-1,1869,1923,1870,-1,1870,1923,1925,-1,1870,1925,1865,-1,1865,1925,1926,-1,1865,1926,1863,-1,1863,1926,1928,-1,1863,1928,539,-1,539,1928,537,-1,
        ]
    }
}
Shape{
    appearance Appearance {
        material  Material {
            diffuseColor 0.6470588235294118 0.6470588235294118 0.6470588235294118
            specularColor 0.3215686274509804 0.3215686274509804 0.3215686274509804
            ambientIntensity 0.6471
            transparency 0.0
            shininess 0.5
        }
    }
    geometry IndexedFaceSet {
        ccw TRUE
        solid FALSE
        coord DEF co Coordinate {
            point [
                -0.7932 -0.1412 2.6142, -0.7932 -0.0951 2.6142, -0.7932 -0.1412 2.6181, -0.7932 -0.0951 2.6181, -0.7092 -0.123 2.6142, -0.7092 -0.123 2.6181, -0.7329 -0.1207 2.6181, -0.7329 -0.1207 2.6142, -0.7701 -0.1093 2.6181, -0.7701 -0.1093 2.6142, -0.6434 -0.076 2.6142, -0.6434 -0.076 2.6181, -0.6447 -0.0884 2.6181, -0.6447 -0.0884 2.6142, -0.6483 -0.0982 2.6181, -0.6483 -0.0982 2.6142, -0.6525 -0.1045 2.6181, -0.6525 -0.1045 2.6142, -0.6591 -0.1107 2.6181, -0.6591 -0.1107 2.6142, -0.6704 -0.1169 2.6181, -0.6704 -0.1169 2.6142, -0.6863 -0.1212 2.6181, -0.6863 -0.1212 2.6142, -0.7162 -0.0088 2.6142, -0.7162 -0.0088 2.6181, -0.6734 -0.0315 2.6181, -0.6734 -0.0315 2.6142, -0.669 -0.0343 2.6181, -0.669 -0.0343 2.6142, -0.656 -0.0453 2.6181, -0.656 -0.0453 2.6142, -0.6483 -0.0559 2.6181, -0.6483 -0.0559 2.6142, -0.6447 -0.0648 2.6181, -0.6447 -0.0648 2.6142, -0.7932 0.0806 2.6142, -0.7932 0.0806 2.6181, -0.7914 0.0634 2.6181, -0.7914 0.0634 2.6142, -0.7857 0.047 2.6181, -0.7857 0.047 2.6142, -0.7767 0.0328 2.6181, -0.7767 0.0328 2.6142, -0.7628 0.0194 2.6181, -0.7628 0.0194 2.6142, -0.7166 0.1617 2.6142, -0.6818 0.1651 2.6142, -0.7015 0.1632 2.6181, -0.6818 0.1651 2.6181, -0.7166 0.1617 2.6181, -0.7431 0.153 2.6181, -0.7431 0.153 2.6142, -0.7608 0.1428 2.6181, -0.7608 0.1428 2.6142, -0.7743 0.1311 2.6181, -0.7743 0.1311 2.6142, -0.7842 0.1174 2.6181, -0.7842 0.1174 2.6142, -0.7904 0.1024 2.6181, -0.7904 0.1024 2.6142, -0.6468 0.1636 2.6142, -0.6126 0.1564 2.6142, -0.6126 0.1564 2.6181, -0.6448 0.1632 2.6181, -0.6468 0.1636 2.6181, -0.6126 0.1104 2.6142, -0.6126 0.1104 2.6181, -0.6851 0.1305 2.6142, -0.6851 0.1305 2.6181, -0.6634 0.1292 2.6181, -0.6634 0.1292 2.6142, -0.6365 0.1227 2.6181, -0.6365 0.1227 2.6142, -0.7509 0.0847 2.6142, -0.7509 0.0847 2.6181, -0.7499 0.0943 2.6181, -0.7499 0.0943 2.6142, -0.7471 0.1024 2.6181, -0.7471 0.1024 2.6142, -0.7426 0.1095 2.6181, -0.7426 0.1095 2.6142, -0.7354 0.1164 2.6181, -0.7354 0.1164 2.6142, -0.7239 0.1232 2.6181, -0.7239 0.1232 2.6142, -0.7072 0.1285 2.6181, -0.7072 0.1285 2.6142, -0.684 0.0208 2.6142, -0.684 0.0208 2.6181, -0.7133 0.0363 2.6181, -0.7133 0.0363 2.6142, -0.7312 0.0477 2.6181, -0.7312 0.0477 2.6142, -0.7409 0.0562 2.6181, -0.7409 0.0562 2.6142, -0.7462 0.064 2.6181, -0.7462 0.064 2.6142, -0.7495 0.0727 2.6181, -0.7495 0.0727 2.6142, -0.6011 -0.0725 2.6142, -0.6011 -0.0725 2.6181, -0.6032 -0.0547 2.6181, -0.6032 -0.0547 2.6142, -0.609 -0.0389 2.6181, -0.609 -0.0389 2.6142, -0.6195 -0.0232 2.6181, -0.6195 -0.0232 2.6142, -0.6377 -0.0063 2.6181, -0.6377 -0.0063 2.6142, -0.7139 -0.1576 2.6142, -0.7139 -0.1576 2.6181, -0.6813 -0.1552 2.6142, -0.6876 -0.1556 2.6181, -0.6813 -0.1552 2.6181, -0.6506 -0.1466 2.6181, -0.6506 -0.1466 2.6142, -0.6328 -0.1369 2.6181, -0.6328 -0.1369 2.6142, -0.6196 -0.1254 2.6181, -0.6196 -0.1254 2.6142, -0.6094 -0.1106 2.6181, -0.6094 -0.1106 2.6142, -0.6036 -0.0946 2.6181, -0.6036 -0.0946 2.6142, -0.7325 -0.1556 2.6181, -0.7544 -0.1534 2.6142, -0.7544 -0.1534 2.6181, -0.7831 -0.1461 2.6142, -0.7831 -0.1461 2.6181, -2.0276 -0.8465 2.6142, -2.0276 -0.8465 2.6181, -2.0316 -0.8159 2.6142, -2.0316 -0.8159 2.6181, -2.0434 -0.7874 2.6142, -2.0434 -0.7874 2.6181, -2.0622 -0.763 2.6142, -2.0622 -0.763 2.6181, -2.0866 -0.7442 2.6142, -2.0866 -0.7442 2.6181, -2.1151 -0.7324 2.6142, -2.1151 -0.7324 2.6181, -2.1457 -0.7284 2.6142, -2.1457 -0.7284 2.6181, -2.1762 -0.7324 2.6142, -2.1762 -0.7324 2.6181, -2.2047 -0.7442 2.6142, -2.2047 -0.7442 2.6181, -2.2292 -0.763 2.6142, -2.2292 -0.763 2.6181, -2.248 -0.7874 2.6142, -2.248 -0.7874 2.6181, -2.2598 -0.8159 2.6142, -2.2598 -0.8159 2.6181, -2.2638 -0.8465 2.6142, -2.2638 -0.8465 2.6181, -2.2598 -0.877 2.6142, -2.2598 -0.877 2.6181, -2.248 -0.9055 2.6142, -2.248 -0.9055 2.6181, -2.2292 -0.93 2.6142, -2.2292 -0.93 2.6181, -2.2047 -0.9488 2.6142, -2.2047 -0.9488 2.6181, -2.1762 -0.9606 2.6142, -2.1762 -0.9606 2.6181, -2.1457 -0.9646 2.6142, -2.1457 -0.9646 2.6181, -2.1151 -0.9606 2.6142, -2.1151 -0.9606 2.6181, -2.0866 -0.9488 2.6142, -2.0866 -0.9488 2.6181, -2.0622 -0.93 2.6142, -2.0622 -0.93 2.6181, -2.0434 -0.9055 2.6142, -2.0434 -0.9055 2.6181, -2.0316 -0.877 2.6142, -2.0316 -0.877 2.6181, -2.1457 -0.8465 2.6142, 0.7855 0.1526 2.6142, 0.7855 0.118 2.6142, 0.7855 0.1526 2.6181, 0.7855 0.118 2.6181, 0.7332 0.1305 2.6142, 0.7332 0.1305 2.6181, 0.7601 0.1274 2.6181, 0.7601 0.1274 2.6142, 0.6409 0.0011 2.6142, 0.6409 0.0011 2.6181, 0.6433 0.0346 2.6181, 0.6433 0.0346 2.6142, 0.6529 0.0708 2.6181, 0.6529 0.0708 2.6142, 0.6655 0.0944 2.6181, 0.6655 0.0944 2.6142, 0.6808 0.1116 2.6181, 0.6808 0.1116 2.6142, 0.6964 0.1222 2.6181, 0.6964 0.1222 2.6142, 0.7129 0.1282 2.6181, 0.7129 0.1282 2.6142, 0.6419 0.0011 2.6142, 0.6419 0.0011 2.6181, 0.7141 0.046 2.6142, 0.7141 0.046 2.6181, 0.6977 0.0447 2.6181, 0.6977 0.0447 2.6142, 0.6812 0.0399 2.6181, 0.6812 0.0399 2.6142, 0.6662 0.0313 2.6181, 0.6662 0.0313 2.6142, 0.6534 0.019 2.6181, 0.6534 0.019 2.6142, 0.8047 -0.0517 2.6142, 0.8047 -0.0517 2.6181, 0.8036 -0.0341 2.6181, 0.8036 -0.0341 2.6142, 0.7974 -0.0088 2.6181, 0.7974 -0.0088 2.6142, 0.7874 0.0102 2.6181, 0.7874 0.0102 2.6142, 0.7738 0.0254 2.6181, 0.7738 0.0254 2.6142, 0.7565 0.037 2.6181, 0.7565 0.037 2.6142, 0.7377 0.0435 2.6181, 0.7377 0.0435 2.6142, 0.7042 -0.1576 2.6142, 0.7042 -0.1576 2.6181, 0.7253 -0.1557 2.6181, 0.7253 -0.1557 2.6142, 0.7254 -0.1556 2.6181, 0.7468 -0.149 2.6142, 0.7468 -0.149 2.6181, 0.7649 -0.1381 2.6181, 0.7649 -0.1381 2.6142, 0.7811 -0.1225 2.6181, 0.7811 -0.1225 2.6142, 0.7937 -0.103 2.6181, 0.7937 -0.103 2.6142, 0.8017 -0.0802 2.6181, 0.8017 -0.0802 2.6142, 0.6887 -0.1556 2.6181, 0.6772 -0.1542 2.6142, 0.6772 -0.1542 2.6181, 0.6585 -0.1469 2.6142, 0.6585 -0.1469 2.6181, 0.6414 -0.1347 2.6142, 0.6414 -0.1347 2.6181, 0.6273 -0.1188 2.6142, 0.6273 -0.1188 2.6181, 0.6139 -0.0936 2.6142, 0.6139 -0.0936 2.6181, 0.6037 -0.0537 2.6142, 0.6037 -0.0537 2.6181, 0.6011 -0.0149 2.6142, 0.6011 -0.0149 2.6181, 0.7324 0.1651 2.6142, 0.7324 0.1651 2.6181, 0.7063 0.1625 2.6142, 0.7133 0.1632 2.6181, 0.7063 0.1625 2.6181, 0.6801 0.1534 2.6181, 0.6801 0.1534 2.6142, 0.6583 0.139 2.6181, 0.6583 0.139 2.6142, 0.6378 0.1172 2.6181, 0.6378 0.1172 2.6142, 0.6192 0.085 2.6181, 0.6192 0.085 2.6142, 0.6061 0.0419 2.6181, 0.6061 0.0419 2.6142, 0.7534 0.1632 2.6181, 0.7599 0.1626 2.6142, 0.7599 0.1626 2.6181, 0.7779 0.1568 2.6142, 0.7779 0.1568 2.6181, 0.6437 -0.0418 2.6142, 0.647 -0.0275 2.6142, 0.6712 -0.1126 2.6142, 0.6621 -0.104 2.6142, 0.652 -0.0885 2.6142, 0.6457 -0.0706 2.6142, 0.6434 -0.049 2.6142, 0.654 -0.0139 2.6142, 0.6643 -0.0023 2.6142, 0.6757 0.0054 2.6142, 0.6878 0.0097 2.6142, 0.7035 0.0114 2.6142, 0.7134 0.0109 2.6142, 0.7259 0.008 2.6142, 0.7361 0.0031 2.6142, 0.7447 -0.0037 2.6142, 0.7496 -0.0096 2.6142, 0.7563 -0.0214 2.6142, 0.7608 -0.0365 2.6142, 0.7624 -0.0559 2.6142, 0.761 -0.0723 2.6142, 0.7568 -0.087 2.6142, 0.7498 -0.0996 2.6142, 0.7403 -0.1101 2.6142, 0.7301 -0.117 2.6142, 0.7191 -0.1212 2.6142, 0.7039 -0.123 2.6142, 0.6928 -0.122 2.6142, 0.6812 -0.1185 2.6142, 0.6434 -0.049 2.6181, 0.6437 -0.0418 2.6181, 0.647 -0.0275 2.6181, 0.654 -0.0139 2.6181, 0.6643 -0.0023 2.6181, 0.6757 0.0054 2.6181, 0.6878 0.0097 2.6181, 0.7035 0.0114 2.6181, 0.7134 0.0109 2.6181, 0.7259 0.008 2.6181, 0.7361 0.0031 2.6181, 0.7447 -0.0037 2.6181, 0.7496 -0.0096 2.6181, 0.7563 -0.0214 2.6181, 0.7608 -0.0365 2.6181, 0.7624 -0.0559 2.6181, 0.761 -0.0723 2.6181, 0.7568 -0.087 2.6181, 0.7498 -0.0996 2.6181, 0.7403 -0.1101 2.6181, 0.7301 -0.117 2.6181, 0.7191 -0.1212 2.6181, 0.7039 -0.123 2.6181, 0.6928 -0.122 2.6181, 0.6812 -0.1185 2.6181, 0.6712 -0.1126 2.6181, 0.6621 -0.104 2.6181, 0.652 -0.0885 2.6181, 0.6457 -0.0706 2.6181, 0.4897 -0.1537 2.6142, 0.4513 -0.1537 2.6142, 0.4897 -0.1537 2.6181, 0.4513 -0.1537 2.6181, 0.4513 0.1138 2.6142, 0.4513 0.1138 2.6181, 0.3783 0.0767 2.6142, 0.3783 0.0767 2.6181, 0.3842 0.0784 2.6181, 0.3842 0.0784 2.6142, 0.4222 0.0943 2.6181, 0.4222 0.0943 2.6142, 0.3783 0.1152 2.6142, 0.3783 0.1152 2.6181, 0.4289 0.1356 2.6142, 0.4748 0.1651 2.6142, 0.4748 0.1651 2.6181, 0.4718 0.1632 2.6181, 0.4289 0.1356 2.6181, 0.4897 0.1651 2.6142, 0.4897 0.1651 2.6181, 0.4897 0.1632 2.6181, 0.3053 -0.0154 2.6142, 0.3053 -0.0462 2.6142, 0.3053 -0.0154 2.6181, 0.3053 -0.0462 2.6181, 0.1863 -0.0462 2.6142, 0.1863 -0.0462 2.6181, 0.1863 -0.0154 2.6142, 0.1863 -0.0154 2.6181, 0.1325 -0.1028 2.6142, 0.1325 -0.1374 2.6142, 0.1325 -0.1028 2.6181, 0.1325 -0.1374 2.6181, 0.0989 -0.1512 2.6142, 0.0458 -0.1576 2.6142, 0.0458 -0.1576 2.6181, 0.0545 -0.1574 2.6181, 0.0545 -0.1574 2.6142, 0.0671 -0.1556 2.6181, 0.0989 -0.1512 2.6181, 0.0273 -0.1556 2.6181, 0.007 -0.1535 2.6142, 0.007 -0.1535 2.6181, -0.0235 -0.143 2.6142, -0.0235 -0.143 2.6181, -0.0488 -0.1268 2.6142, -0.0488 -0.1268 2.6181, -0.0725 -0.1019 2.6142, -0.0725 -0.1019 2.6181, -0.0893 -0.072 2.6142, -0.0893 -0.072 2.6181, -0.0988 -0.0387 2.6142, -0.0988 -0.0387 2.6181, -0.1018 -0.0022 2.6142, -0.1018 -0.0022 2.6181, 0.0584 0.1651 2.6142, 0.0584 0.1651 2.6181, 0.0268 0.1625 2.6142, 0.0349 0.1632 2.6181, 0.0268 0.1625 2.6181, -0.0084 0.1523 2.6181, -0.0084 0.1523 2.6142, -0.0383 0.1351 2.6181, -0.0383 0.1351 2.6142, -0.0667 0.1077 2.6181, -0.0667 0.1077 2.6142, -0.0852 0.0783 2.6181, -0.0852 0.0783 2.6142, -0.0973 0.0426 2.6181, -0.0973 0.0426 2.6142, 0.0862 0.1632 2.6181, 0.0961 0.1625 2.6142, 0.0961 0.1625 2.6181, 0.1325 0.1526 2.6142, 0.1325 0.1526 2.6181, 0.1325 0.1104 2.6142, 0.1325 0.1104 2.6181, 0.0587 0.1305 2.6142, 0.0587 0.1305 2.6181, 0.097 0.1255 2.6181, 0.097 0.1255 2.6142, -0.0595 0.0004 2.6142, -0.0595 0.0004 2.6181, -0.058 0.0249 2.6181, -0.058 0.0249 2.6142, -0.0496 0.0586 2.6181, -0.0496 0.0586 2.6142, -0.0367 0.0829 2.6181, -0.0367 0.0829 2.6142, -0.0176 0.1039 2.6181, -0.0176 0.1039 2.6142, 0.0042 0.1185 2.6181, 0.0042 0.1185 2.6142, 0.0277 0.127 2.6181, 0.0277 0.127 2.6142, 0.0517 -0.123 2.6142, 0.0517 -0.123 2.6181, 0.0223 -0.1197 2.6181, 0.0223 -0.1197 2.6142, -0.0007 -0.1112 2.6181, -0.0007 -0.1112 2.6142, -0.02 -0.0982 2.6181, -0.02 -0.0982 2.6142, -0.0348 -0.0826 2.6181, -0.0348 -0.0826 2.6142, -0.0478 -0.0608 2.6181, -0.0478 -0.0608 2.6142, -0.0564 -0.0337 2.6181, -0.0564 -0.0337 2.6142, 0.1269 -0.1059 2.6181, 0.1269 -0.1059 2.6142, 0.0935 -0.1183 2.6181, 0.0935 -0.1183 2.6142, -0.2017 0.1612 2.6142, -0.1594 0.1612 2.6142, -0.2017 0.1612 2.6181, -0.1594 0.1612 2.6181, -0.1594 -0.1537 2.6142, -0.1594 -0.1537 2.6181, -0.2017 -0.1537 2.6142, -0.2017 -0.1537 2.6181, -0.4144 -0.1576 2.6181, -0.4144 -0.1576 2.6142, -0.4325 -0.1556 2.6181, -0.4529 -0.1535 2.6142, -0.4529 -0.1535 2.6181, -0.4825 -0.1433 2.6142, -0.4825 -0.1433 2.6181, -0.5083 -0.1269 2.6142, -0.5083 -0.1269 2.6181, -0.5309 -0.1035 2.6142, -0.5309 -0.1035 2.6181, -0.5484 -0.0741 2.6142, -0.5484 -0.0741 2.6181, -0.559 -0.04 2.6142, -0.559 -0.04 2.6181, -0.5627 0.0 2.6142, -0.5627 0.0 2.6181, -0.4093 0.1651 2.6142, -0.4093 0.1651 2.6181, -0.4434 0.1621 2.6142, -0.4315 0.1632 2.6181, -0.4434 0.1621 2.6181, -0.4753 0.1528 2.6181, -0.4753 0.1528 2.6142, -0.5044 0.1358 2.6181, -0.5044 0.1358 2.6142, -0.5289 0.1115 2.6181, -0.5289 0.1115 2.6142, -0.5468 0.082 2.6181, -0.5468 0.082 2.6142, -0.5584 0.0456 2.6181, -0.5584 0.0456 2.6142, -0.3917 0.1632 2.6181, -0.3712 0.1609 2.6142, -0.3712 0.1609 2.6181, -0.3414 0.1503 2.6142, -0.3414 0.1503 2.6181, -0.3141 0.1319 2.6142, -0.3141 0.1319 2.6181, -0.2907 0.1056 2.6142, -0.2907 0.1056 2.6181, -0.2743 0.0742 2.6142, -0.2743 0.0742 2.6181, -0.2653 0.039 2.6142, -0.2653 0.039 2.6181, -0.2631 0.0075 2.6142, -0.2631 0.0075 2.6181, -0.3766 -0.1538 2.6142, -0.395 -0.1556 2.6181, -0.3766 -0.1538 2.6181, -0.3462 -0.1437 2.6181, -0.3462 -0.1437 2.6142, -0.32 -0.1276 2.6181, -0.32 -0.1276 2.6142, -0.2962 -0.1034 2.6181, -0.2962 -0.1034 2.6142, -0.2787 -0.0742 2.6181, -0.2787 -0.0742 2.6142, -0.2674 -0.0381 2.6181, -0.2674 -0.0381 2.6142, -0.5205 0.0035 2.6142, -0.5171 -0.0328 2.6142, -0.508 -0.0615 2.6142, -0.4947 -0.084 2.6142, -0.4776 -0.1017 2.6142, -0.4591 -0.1134 2.6142, -0.4373 -0.1207 2.6142, -0.4142 -0.123 2.6142, -0.3859 -0.12 2.6142, -0.3641 -0.1126 2.6142, -0.3458 -0.1009 2.6142, -0.3312 -0.086 2.6142, -0.3188 -0.066 2.6142, -0.309 -0.036 2.6142, -0.3054 0.0029 2.6142, -0.3085 0.0401 2.6142, -0.3165 0.0685 2.6142, -0.3297 0.0921 2.6142, -0.3451 0.1085 2.6142, -0.3626 0.12 2.6142, -0.3834 0.1274 2.6142, -0.4116 0.1305 2.6142, -0.4398 0.1272 2.6142, -0.4609 0.1191 2.6142, -0.4798 0.1062 2.6142, -0.4979 0.0855 2.6142, -0.5108 0.0609 2.6142, -0.5192 0.026 2.6142, -0.5205 0.0035 2.6181, -0.5192 0.026 2.6181, -0.5108 0.0609 2.6181, -0.4979 0.0855 2.6181, -0.4798 0.1062 2.6181, -0.4609 0.1191 2.6181, -0.4398 0.1272 2.6181, -0.4116 0.1305 2.6181, -0.3834 0.1274 2.6181, -0.3626 0.12 2.6181, -0.3451 0.1085 2.6181, -0.3297 0.0921 2.6181, -0.3165 0.0685 2.6181, -0.3085 0.0401 2.6181, -0.3054 0.0029 2.6181, -0.309 -0.036 2.6181, -0.3188 -0.066 2.6181, -0.3312 -0.086 2.6181, -0.3458 -0.1009 2.6181, -0.3641 -0.1126 2.6181, -0.3859 -0.12 2.6181, -0.4142 -0.123 2.6181, -0.4373 -0.1207 2.6181, -0.4591 -0.1134 2.6181, -0.4776 -0.1017 2.6181, -0.4947 -0.084 2.6181, -0.508 -0.0615 2.6181, -0.5171 -0.0328 2.6181
            ]
        }
        coordIndex [
            0,1,2,-1,2,1,3,-1,4,5,6,-1,4,6,7,-1,7,6,8,-1,7,8,9,-1,9,8,3,-1,9,3,1,-1,10,11,12,-1,10,12,13,-1,13,12,14,-1,13,14,15,-1,15,14,16,-1,15,16,17,-1,17,16,18,-1,17,18,19,-1,19,18,20,-1,19,20,21,-1,21,20,22,-1,21,22,23,-1,23,22,5,-1,23,5,4,-1,24,25,26,-1,24,26,27,-1,27,26,28,-1,27,28,29,-1,29,28,30,-1,29,30,31,-1,31,30,32,-1,31,32,33,-1,33,32,34,-1,33,34,35,-1,35,34,11,-1,35,11,10,-1,36,37,38,-1,36,38,39,-1,39,38,40,-1,39,40,41,-1,41,40,42,-1,41,42,43,-1,43,42,44,-1,43,44,45,-1,45,44,25,-1,45,25,24,-1,46,47,48,-1,48,47,49,-1,48,50,46,-1,46,50,51,-1,46,51,52,-1,52,51,53,-1,52,53,54,-1,54,53,55,-1,54,55,56,-1,56,55,57,-1,56,57,58,-1,58,57,59,-1,58,59,60,-1,60,59,37,-1,60,37,36,-1,49,47,61,-1,62,63,64,-1,62,64,61,-1,61,64,65,-1,61,65,49,-1,62,66,63,-1,63,66,67,-1,68,69,70,-1,68,70,71,-1,71,70,72,-1,71,72,73,-1,73,72,67,-1,73,67,66,-1,74,75,76,-1,74,76,77,-1,77,76,78,-1,77,78,79,-1,79,78,80,-1,79,80,81,-1,81,80,82,-1,81,82,83,-1,83,82,84,-1,83,84,85,-1,85,84,86,-1,85,86,87,-1,87,86,69,-1,87,69,68,-1,88,89,90,-1,88,90,91,-1,91,90,92,-1,91,92,93,-1,93,92,94,-1,93,94,95,-1,95,94,96,-1,95,96,97,-1,97,96,98,-1,97,98,99,-1,99,98,75,-1,99,75,74,-1,100,101,102,-1,100,102,103,-1,103,102,104,-1,103,104,105,-1,105,104,106,-1,105,106,107,-1,107,106,108,-1,107,108,109,-1,109,108,89,-1,109,89,88,-1,110,111,112,-1,112,111,113,-1,113,114,112,-1,112,114,115,-1,112,115,116,-1,116,115,117,-1,116,117,118,-1,118,117,119,-1,118,119,120,-1,120,119,121,-1,120,121,122,-1,122,121,123,-1,122,123,124,-1,124,123,101,-1,124,101,100,-1,111,110,125,-1,125,110,126,-1,125,126,127,-1,127,126,128,-1,127,128,129,-1,129,128,0,-1,129,0,2,-1,1,0,9,-1,9,0,128,-1,9,128,7,-1,7,128,126,-1,7,126,4,-1,4,126,110,-1,4,110,23,-1,23,110,112,-1,23,112,21,-1,21,112,116,-1,21,116,19,-1,19,116,118,-1,19,118,17,-1,17,118,120,-1,17,120,15,-1,15,120,122,-1,15,122,13,-1,13,122,124,-1,13,124,10,-1,10,124,100,-1,10,100,35,-1,35,100,103,-1,35,103,33,-1,33,103,105,-1,33,105,31,-1,31,105,107,-1,31,107,29,-1,29,107,109,-1,29,109,27,-1,27,109,88,-1,27,88,24,-1,24,88,91,-1,24,91,45,-1,45,91,93,-1,45,93,43,-1,43,93,95,-1,43,95,41,-1,41,95,97,-1,41,97,39,-1,39,97,99,-1,39,99,36,-1,36,99,74,-1,36,74,60,-1,60,74,77,-1,60,77,58,-1,58,77,79,-1,58,79,56,-1,56,79,81,-1,56,81,54,-1,54,81,83,-1,54,83,52,-1,52,83,85,-1,52,85,46,-1,46,85,87,-1,46,87,47,-1,47,87,68,-1,47,68,61,-1,61,68,71,-1,61,71,62,-1,62,71,73,-1,62,73,66,-1,130,131,132,-1,132,131,133,-1,132,133,134,-1,134,133,135,-1,134,135,136,-1,136,135,137,-1,136,137,138,-1,138,137,139,-1,138,139,140,-1,140,139,141,-1,140,141,142,-1,142,141,143,-1,142,143,144,-1,144,143,145,-1,144,145,146,-1,146,145,147,-1,146,147,148,-1,148,147,149,-1,148,149,150,-1,150,149,151,-1,150,151,152,-1,152,151,153,-1,152,153,154,-1,154,153,155,-1,154,155,156,-1,156,155,157,-1,156,157,158,-1,158,157,159,-1,158,159,160,-1,160,159,161,-1,160,161,162,-1,162,161,163,-1,162,163,164,-1,164,163,165,-1,164,165,166,-1,166,165,167,-1,166,167,168,-1,168,167,169,-1,168,169,170,-1,170,169,171,-1,170,171,172,-1,172,171,173,-1,172,173,174,-1,174,173,175,-1,174,175,176,-1,176,175,177,-1,176,177,130,-1,130,177,131,-1,174,176,178,-1,178,176,130,-1,178,130,132,-1,168,170,178,-1,178,170,172,-1,178,172,174,-1,162,164,178,-1,178,164,166,-1,178,166,168,-1,156,158,178,-1,178,158,160,-1,178,160,162,-1,150,152,178,-1,178,152,154,-1,178,154,156,-1,144,146,178,-1,178,146,148,-1,178,148,150,-1,138,140,178,-1,178,140,142,-1,178,142,144,-1,132,134,178,-1,178,134,136,-1,178,136,138,-1,179,180,181,-1,181,180,182,-1,183,184,185,-1,183,185,186,-1,186,185,182,-1,186,182,180,-1,187,188,189,-1,187,189,190,-1,190,189,191,-1,190,191,192,-1,192,191,193,-1,192,193,194,-1,194,193,195,-1,194,195,196,-1,196,195,197,-1,196,197,198,-1,198,197,199,-1,198,199,200,-1,200,199,184,-1,200,184,183,-1,187,201,188,-1,188,201,202,-1,203,204,205,-1,203,205,206,-1,206,205,207,-1,206,207,208,-1,208,207,209,-1,208,209,210,-1,210,209,211,-1,210,211,212,-1,212,211,202,-1,212,202,201,-1,213,214,215,-1,213,215,216,-1,216,215,217,-1,216,217,218,-1,218,217,219,-1,218,219,220,-1,220,219,221,-1,220,221,222,-1,222,221,223,-1,222,223,224,-1,224,223,225,-1,224,225,226,-1,226,225,204,-1,226,204,203,-1,227,228,229,-1,227,229,230,-1,230,229,231,-1,230,231,232,-1,231,233,232,-1,232,233,234,-1,232,234,235,-1,235,234,236,-1,235,236,237,-1,237,236,238,-1,237,238,239,-1,239,238,240,-1,239,240,241,-1,241,240,214,-1,241,214,213,-1,228,227,242,-1,242,227,243,-1,242,243,244,-1,244,243,245,-1,244,245,246,-1,246,245,247,-1,246,247,248,-1,248,247,249,-1,248,249,250,-1,250,249,251,-1,250,251,252,-1,252,251,253,-1,252,253,254,-1,254,253,255,-1,254,255,256,-1,257,258,259,-1,259,258,260,-1,260,261,259,-1,259,261,262,-1,259,262,263,-1,263,262,264,-1,263,264,265,-1,265,264,266,-1,265,266,267,-1,267,266,268,-1,267,268,269,-1,269,268,270,-1,269,270,271,-1,271,270,256,-1,271,256,255,-1,258,257,272,-1,272,257,273,-1,272,273,274,-1,274,273,275,-1,274,275,276,-1,276,275,179,-1,276,179,181,-1,277,278,253,-1,255,187,190,-1,180,179,275,-1,180,275,186,-1,186,275,273,-1,186,273,183,-1,183,273,257,-1,183,257,200,-1,200,257,259,-1,200,259,198,-1,198,259,263,-1,198,263,196,-1,196,263,265,-1,196,265,194,-1,194,265,267,-1,194,267,192,-1,192,267,269,-1,192,269,190,-1,190,269,271,-1,190,271,255,-1,245,279,247,-1,247,279,280,-1,247,280,249,-1,249,280,281,-1,249,281,251,-1,251,281,282,-1,251,282,253,-1,253,282,283,-1,253,283,277,-1,255,253,187,-1,187,253,278,-1,187,278,201,-1,201,278,284,-1,201,284,212,-1,212,284,285,-1,212,285,210,-1,210,285,286,-1,210,286,208,-1,208,286,287,-1,208,287,206,-1,206,287,288,-1,206,288,203,-1,203,288,289,-1,203,289,226,-1,226,289,290,-1,226,290,224,-1,224,290,291,-1,224,291,222,-1,222,291,292,-1,222,292,220,-1,220,292,293,-1,220,293,218,-1,218,293,294,-1,218,294,216,-1,216,294,295,-1,216,295,213,-1,213,295,296,-1,213,296,241,-1,241,296,297,-1,241,297,239,-1,239,297,298,-1,239,298,237,-1,237,298,299,-1,237,299,235,-1,235,299,300,-1,235,300,232,-1,232,300,301,-1,232,301,230,-1,230,301,302,-1,230,302,227,-1,227,302,303,-1,227,303,243,-1,243,303,304,-1,243,304,245,-1,245,304,305,-1,245,305,279,-1,283,306,307,-1,283,307,277,-1,277,307,308,-1,277,308,278,-1,278,308,309,-1,278,309,284,-1,284,309,310,-1,284,310,285,-1,285,310,311,-1,285,311,286,-1,286,311,312,-1,286,312,287,-1,287,312,313,-1,287,313,288,-1,288,313,314,-1,288,314,289,-1,289,314,315,-1,289,315,290,-1,290,315,316,-1,290,316,291,-1,291,316,317,-1,291,317,292,-1,292,317,318,-1,292,318,293,-1,293,318,319,-1,293,319,294,-1,294,319,320,-1,294,320,295,-1,295,320,321,-1,295,321,296,-1,296,321,322,-1,296,322,297,-1,297,322,323,-1,297,323,298,-1,298,323,324,-1,298,324,299,-1,299,324,325,-1,299,325,300,-1,300,325,326,-1,300,326,301,-1,301,326,327,-1,301,327,302,-1,302,327,328,-1,302,328,303,-1,303,328,329,-1,303,329,304,-1,304,329,330,-1,304,330,305,-1,305,330,331,-1,305,331,279,-1,279,331,332,-1,279,332,280,-1,280,332,333,-1,280,333,281,-1,281,333,334,-1,281,334,282,-1,282,334,306,-1,282,306,283,-1,335,336,337,-1,337,336,338,-1,336,339,338,-1,338,339,340,-1,341,342,343,-1,341,343,344,-1,344,343,345,-1,344,345,346,-1,346,345,340,-1,346,340,339,-1,341,347,342,-1,342,347,348,-1,348,347,349,-1,350,351,352,-1,350,352,349,-1,349,352,353,-1,349,353,348,-1,350,354,351,-1,351,354,355,-1,355,354,356,-1,356,354,335,-1,356,335,337,-1,336,335,339,-1,339,335,354,-1,354,350,339,-1,339,350,349,-1,339,349,346,-1,346,349,347,-1,346,347,344,-1,344,347,341,-1,357,358,359,-1,359,358,360,-1,358,361,360,-1,360,361,362,-1,361,363,362,-1,362,363,364,-1,363,357,364,-1,364,357,359,-1,363,361,357,-1,357,361,358,-1,365,366,367,-1,367,366,368,-1,368,366,369,-1,370,371,372,-1,370,372,373,-1,373,372,374,-1,373,374,369,-1,369,374,375,-1,369,375,368,-1,371,370,376,-1,376,370,377,-1,376,377,378,-1,378,377,379,-1,378,379,380,-1,380,379,381,-1,380,381,382,-1,382,381,383,-1,382,383,384,-1,384,383,385,-1,384,385,386,-1,386,385,387,-1,386,387,388,-1,388,387,389,-1,388,389,390,-1,391,392,393,-1,393,392,394,-1,394,395,393,-1,393,395,396,-1,393,396,397,-1,397,396,398,-1,397,398,399,-1,399,398,400,-1,399,400,401,-1,401,400,402,-1,401,402,403,-1,403,402,404,-1,403,404,405,-1,405,404,390,-1,405,390,389,-1,392,391,406,-1,406,391,407,-1,406,407,408,-1,408,407,409,-1,408,409,410,-1,409,411,410,-1,410,411,412,-1,413,414,415,-1,413,415,416,-1,416,415,412,-1,416,412,411,-1,417,418,419,-1,417,419,420,-1,420,419,421,-1,420,421,422,-1,422,421,423,-1,422,423,424,-1,424,423,425,-1,424,425,426,-1,426,425,427,-1,426,427,428,-1,428,427,429,-1,428,429,430,-1,430,429,414,-1,430,414,413,-1,431,432,433,-1,431,433,434,-1,434,433,435,-1,434,435,436,-1,436,435,437,-1,436,437,438,-1,438,437,439,-1,438,439,440,-1,440,439,441,-1,440,441,442,-1,442,441,443,-1,442,443,444,-1,444,443,418,-1,444,418,417,-1,365,367,445,-1,365,445,446,-1,446,445,447,-1,446,447,448,-1,448,447,432,-1,448,432,431,-1,434,370,431,-1,431,370,373,-1,431,373,448,-1,448,373,369,-1,448,369,446,-1,446,369,366,-1,446,366,365,-1,411,409,416,-1,416,409,407,-1,416,407,413,-1,413,407,391,-1,413,391,430,-1,430,391,393,-1,430,393,428,-1,428,393,397,-1,428,397,426,-1,426,397,399,-1,426,399,424,-1,424,399,401,-1,424,401,422,-1,422,401,403,-1,422,403,420,-1,420,403,405,-1,420,405,417,-1,417,405,389,-1,417,389,444,-1,444,389,387,-1,444,387,442,-1,442,387,385,-1,442,385,440,-1,440,385,383,-1,440,383,438,-1,438,383,381,-1,438,381,436,-1,436,381,379,-1,436,379,434,-1,434,379,377,-1,434,377,370,-1,449,450,451,-1,451,450,452,-1,450,453,452,-1,452,453,454,-1,453,455,454,-1,454,455,456,-1,455,449,456,-1,456,449,451,-1,455,453,449,-1,449,453,450,-1,457,458,459,-1,459,458,460,-1,459,460,461,-1,461,460,462,-1,461,462,463,-1,463,462,464,-1,463,464,465,-1,465,464,466,-1,465,466,467,-1,467,466,468,-1,467,468,469,-1,469,468,470,-1,469,470,471,-1,471,470,472,-1,471,472,473,-1,474,475,476,-1,476,475,477,-1,477,478,476,-1,476,478,479,-1,476,479,480,-1,480,479,481,-1,480,481,482,-1,482,481,483,-1,482,483,484,-1,484,483,485,-1,484,485,486,-1,486,485,487,-1,486,487,488,-1,488,487,473,-1,488,473,472,-1,475,474,489,-1,489,474,490,-1,489,490,491,-1,491,490,492,-1,491,492,493,-1,493,492,494,-1,493,494,495,-1,495,494,496,-1,495,496,497,-1,497,496,498,-1,497,498,499,-1,499,498,500,-1,499,500,501,-1,501,500,502,-1,501,502,503,-1,504,458,505,-1,505,458,457,-1,505,506,504,-1,504,506,507,-1,504,507,508,-1,508,507,509,-1,508,509,510,-1,510,509,511,-1,510,511,512,-1,512,511,513,-1,512,513,514,-1,514,513,515,-1,514,515,516,-1,516,515,503,-1,516,503,502,-1,517,472,518,-1,518,472,470,-1,518,470,519,-1,519,470,468,-1,519,468,520,-1,520,468,466,-1,520,466,521,-1,521,466,464,-1,521,464,522,-1,522,464,462,-1,522,462,523,-1,523,462,460,-1,523,460,524,-1,524,460,458,-1,524,458,525,-1,525,458,504,-1,525,504,526,-1,526,504,508,-1,526,508,527,-1,527,508,510,-1,527,510,528,-1,528,510,512,-1,528,512,529,-1,529,512,514,-1,529,514,530,-1,530,514,516,-1,530,516,531,-1,531,516,502,-1,531,502,532,-1,532,502,500,-1,532,500,533,-1,533,500,498,-1,533,498,534,-1,534,498,496,-1,534,496,535,-1,535,496,494,-1,535,494,536,-1,536,494,492,-1,536,492,537,-1,537,492,490,-1,537,490,538,-1,538,490,474,-1,538,474,539,-1,539,474,476,-1,539,476,540,-1,540,476,480,-1,540,480,541,-1,541,480,482,-1,541,482,542,-1,542,482,484,-1,542,484,543,-1,543,484,486,-1,543,486,544,-1,544,486,488,-1,544,488,517,-1,517,488,472,-1,517,545,546,-1,517,546,544,-1,544,546,547,-1,544,547,543,-1,543,547,548,-1,543,548,542,-1,542,548,549,-1,542,549,541,-1,541,549,550,-1,541,550,540,-1,540,550,551,-1,540,551,539,-1,539,551,552,-1,539,552,538,-1,538,552,553,-1,538,553,537,-1,537,553,554,-1,537,554,536,-1,536,554,555,-1,536,555,535,-1,535,555,556,-1,535,556,534,-1,534,556,557,-1,534,557,533,-1,533,557,558,-1,533,558,532,-1,532,558,559,-1,532,559,531,-1,531,559,560,-1,531,560,530,-1,530,560,561,-1,530,561,529,-1,529,561,562,-1,529,562,528,-1,528,562,563,-1,528,563,527,-1,527,563,564,-1,527,564,526,-1,526,564,565,-1,526,565,525,-1,525,565,566,-1,525,566,524,-1,524,566,567,-1,524,567,523,-1,523,567,568,-1,523,568,522,-1,522,568,569,-1,522,569,521,-1,521,569,570,-1,521,570,520,-1,520,570,571,-1,520,571,519,-1,519,571,572,-1,519,572,518,-1,518,572,545,-1,518,545,517,-1,
        ]
    }
}
Shape{
    appearance Appearance {
        material  Material {
            diffuseColor 0.2235294117647059 0.2235294117647059 0.2235294117647059
            specularColor 0.11372549019607843 0.11372549019607843 0.11372549019607843
            ambientIntensity 0.2235
            transparency 0.0
            shininess 0.5
        }
    }
    geometry IndexedFaceSet {
        ccw TRUE
        solid FALSE
        coord DEF co Coordinate {
            point [
                0.7624 -0.0559 2.6181, 0.7608 -0.0365 2.6181, 0.6434 -0.049 2.6181, 0.7563 -0.0214 2.6181, 0.7496 -0.0096 2.6181, 0.7447 -0.0037 2.6181, 0.7361 0.0031 2.6181, 0.7259 0.008 2.6181, 0.652 -0.0885 2.6181, 0.6621 -0.104 2.6181, 0.761 -0.0723 2.6181, 0.7568 -0.087 2.6181, 0.7039 -0.123 2.6181, 0.6928 -0.122 2.6181, 0.7134 0.0109 2.6181, 0.7035 0.0114 2.6181, 0.6437 -0.0418 2.6181, 0.6878 0.0097 2.6181, 0.6757 0.0054 2.6181, 0.6457 -0.0706 2.6181, 0.6712 -0.1126 2.6181, 0.6812 -0.1185 2.6181, 0.7191 -0.1212 2.6181, 0.7301 -0.117 2.6181, 0.7403 -0.1101 2.6181, 0.6643 -0.0023 2.6181, 0.654 -0.0139 2.6181, 0.647 -0.0275 2.6181, 0.7498 -0.0996 2.6181, -0.5205 0.0035 2.6181, -0.3054 0.0029 2.6181, -0.5192 0.026 2.6181, -0.3085 0.0401 2.6181, -0.3458 -0.1009 2.6181, -0.3312 -0.086 2.6181, -0.3641 -0.1126 2.6181, -0.3188 -0.066 2.6181, -0.309 -0.036 2.6181, -0.4609 0.1191 2.6181, -0.4398 0.1272 2.6181, -0.4116 0.1305 2.6181, -0.508 -0.0615 2.6181, -0.4947 -0.084 2.6181, -0.4373 -0.1207 2.6181, -0.4776 -0.1017 2.6181, -0.4591 -0.1134 2.6181, -0.5171 -0.0328 2.6181, -0.4142 -0.123 2.6181, -0.3859 -0.12 2.6181, -0.4798 0.1062 2.6181, -0.4979 0.0855 2.6181, -0.5108 0.0609 2.6181, -0.3165 0.0685 2.6181, -0.3297 0.0921 2.6181, -0.3451 0.1085 2.6181, -0.3626 0.12 2.6181, -0.3834 0.1274 2.6181, -1.8406 1.3976 0.6314, -1.8406 1.0039 0.6314, -2.4606 1.3976 0.6314, -2.5 1.0039 0.6314, -2.5 1.3583 0.6314, -2.4947 1.3779 0.6314, -2.4885 1.3861 0.6314, -2.4803 1.3924 0.6314, -2.4987 1.3684 0.6314, -2.4708 1.3963 0.6314, -2.5 1.0039 0.1181, -1.8406 1.0039 0.5526, -1.6595 1.0039 0.5526, 2.5 1.0039 0.1181, -1.1595 1.0039 0.5526, -1.1595 1.0039 0.6314, -0.8406 1.0039 0.6314, -0.8406 1.0039 0.5526, -0.6595 1.0039 0.5526, -1.3406 1.0039 0.5526, -1.3406 1.0039 0.6314, -1.6595 1.0039 0.6314, -0.1595 1.0039 0.5526, -0.1595 1.0039 0.6314, 0.1594 1.0039 0.6314, 0.1594 1.0039 0.5526, 0.3405 1.0039 0.5526, -0.3406 1.0039 0.5526, -0.3406 1.0039 0.6314, -0.6595 1.0039 0.6314, 0.8405 1.0039 0.5526, 0.8405 1.0039 0.6314, 1.1594 1.0039 0.6314, 1.1594 1.0039 0.5526, 1.3405 1.0039 0.5526, 0.6594 1.0039 0.5526, 0.6594 1.0039 0.6314, 0.3405 1.0039 0.6314, 1.8405 1.0039 0.6314, 2.5 1.0039 0.6314, 1.8405 1.0039 0.5526, 1.6594 1.0039 0.5526, 1.6594 1.0039 0.6314, 1.3405 1.0039 0.6314, 2.5 -1.0039 0.1181, 2.5 -1.0039 0.6314, 1.8405 -1.0039 0.6314, 1.8405 -1.0039 0.5526, 1.6594 -1.0039 0.5526, -2.5 -1.0039 0.1181, 1.1594 -1.0039 0.5526, 1.1594 -1.0039 0.6314, 0.8405 -1.0039 0.6314, 0.8405 -1.0039 0.5526, 0.6594 -1.0039 0.5526, 1.3405 -1.0039 0.5526, 1.3405 -1.0039 0.6314, 1.6594 -1.0039 0.6314, 0.1594 -1.0039 0.5526, 0.1594 -1.0039 0.6314, -0.1595 -1.0039 0.6314, -0.1595 -1.0039 0.5526, -0.3406 -1.0039 0.5526, 0.3405 -1.0039 0.5526, 0.3405 -1.0039 0.6314, 0.6594 -1.0039 0.6314, -0.8406 -1.0039 0.5526, -0.8406 -1.0039 0.6314, -1.1595 -1.0039 0.6314, -1.1595 -1.0039 0.5526, -1.3406 -1.0039 0.5526, -0.6595 -1.0039 0.5526, -0.6595 -1.0039 0.6314, -0.3406 -1.0039 0.6314, -1.8406 -1.0039 0.6314, -2.5 -1.0039 0.6314, -1.8406 -1.0039 0.5526, -1.6595 -1.0039 0.5526, -1.6595 -1.0039 0.6314, -1.3406 -1.0039 0.6314, 1.8405 -1.3976 0.6314, 2.4606 -1.3976 0.6314, 2.4803 -1.3924 0.6314, 2.4986 -1.3685 0.6314, 2.4885 -1.3861 0.6314, 2.4947 -1.378 0.6314, 2.5 -1.3583 0.6314, 2.4708 -1.3963 0.6314, -2.3032 0.8071 1.2992, -2.3032 -0.8071 1.2992, -2.3032 0.8071 0.1181, -2.3032 -0.8071 0.1181, 2.3031 -0.8071 1.2992, 2.3031 -0.8071 0.1181, 2.3031 0.8071 1.2992, 2.3031 0.8071 0.1181
            ]
        }
        coordIndex [
            0,1,2,-1,2,1,3,-1,2,3,4,-1,4,5,2,-1,2,5,6,-1,2,6,7,-1,8,9,10,-1,11,10,12,-1,12,10,13,-1,7,14,2,-1,2,14,15,-1,2,15,16,-1,16,15,17,-1,16,17,18,-1,0,2,10,-1,10,2,19,-1,10,19,8,-1,9,20,10,-1,10,20,21,-1,10,21,13,-1,22,23,24,-1,18,25,16,-1,16,25,26,-1,16,26,27,-1,22,24,12,-1,12,24,28,-1,12,28,11,-1,29,30,31,-1,31,30,32,-1,33,34,29,-1,33,29,35,-1,34,36,29,-1,29,36,37,-1,29,37,30,-1,38,31,39,-1,39,31,40,-1,41,42,43,-1,43,42,44,-1,43,44,45,-1,41,43,46,-1,46,43,47,-1,46,47,29,-1,29,47,48,-1,29,48,35,-1,38,49,31,-1,31,49,50,-1,31,50,51,-1,32,52,31,-1,31,52,53,-1,31,53,54,-1,54,55,31,-1,31,55,56,-1,31,56,40,-1,57,58,59,-1,59,58,60,-1,59,60,61,-1,62,63,64,-1,61,65,59,-1,59,65,62,-1,59,62,66,-1,66,62,64,-1,67,60,58,-1,58,68,67,-1,67,68,69,-1,67,69,70,-1,71,72,73,-1,74,75,70,-1,73,74,71,-1,71,74,70,-1,71,70,76,-1,76,70,69,-1,76,69,77,-1,77,69,78,-1,79,80,81,-1,82,83,70,-1,81,82,79,-1,79,82,70,-1,79,70,84,-1,84,70,75,-1,84,75,85,-1,85,75,86,-1,87,88,89,-1,90,91,70,-1,89,90,87,-1,87,90,70,-1,87,70,92,-1,92,70,83,-1,92,83,93,-1,93,83,94,-1,95,96,97,-1,97,96,70,-1,97,70,98,-1,98,70,91,-1,98,91,99,-1,99,91,100,-1,101,102,103,-1,103,104,101,-1,101,104,105,-1,101,105,106,-1,107,108,109,-1,110,111,106,-1,109,110,107,-1,107,110,106,-1,107,106,112,-1,112,106,105,-1,112,105,113,-1,113,105,114,-1,115,116,117,-1,118,119,106,-1,117,118,115,-1,115,118,106,-1,115,106,120,-1,120,106,111,-1,120,111,121,-1,121,111,122,-1,123,124,125,-1,126,127,106,-1,125,126,123,-1,123,126,106,-1,123,106,128,-1,128,106,119,-1,128,119,129,-1,129,119,130,-1,131,132,133,-1,133,132,106,-1,133,106,134,-1,134,106,127,-1,134,127,135,-1,135,127,136,-1,137,103,138,-1,138,103,102,-1,139,140,141,-1,141,140,142,-1,102,143,138,-1,138,143,140,-1,138,140,144,-1,144,140,139,-1,145,146,147,-1,147,146,148,-1,146,149,148,-1,148,149,150,-1,149,151,150,-1,150,151,152,-1,151,145,152,-1,152,145,147,-1,
        ]
    }
}
Shape{
    appearance Appearance {
        material  Material {
            diffuseColor 0.8509803921568627 0.8509803921568627 0.8509803921568627
            specularColor 0.4235294117647059 0.4235294117647059 0.4235294117647059
            ambientIntensity 0.851
            transparency 0.0
            shininess 0.5
        }
    }
    geometry IndexedFaceSet {
        ccw TRUE
        solid FALSE
        coord DEF co Coordinate {
            point [
                1.8405 1.4181 0.6314, 1.6594 1.4181 0.6314, 1.8405 1.3976 0.6314, 1.6594 1.3976 0.6314, 1.8405 1.8504 0.0787, 1.8405 1.8504 0.0, 1.6594 1.8504 0.0787, 1.6594 1.8504 0.0, 1.8405 1.0039 0.6314, 1.8405 1.0039 0.5526, 1.8405 1.4181 0.5526, 1.6594 1.4181 0.5526, 1.6594 1.0039 0.5526, 1.6594 1.0039 0.6314, 1.8405 1.4929 0.4982, 1.8405 1.5678 0.5225, 1.8405 1.4845 0.5161, 1.8405 1.551 0.5583, 1.8405 1.472 0.5313, 1.8405 1.5259 0.5887, 1.8405 1.456 0.5429, 1.8405 1.4939 0.6119, 1.8405 1.4376 0.5501, 1.8405 1.4572 0.6264, 1.6594 1.4376 0.5501, 1.6594 1.456 0.5429, 1.6594 1.472 0.5313, 1.6594 1.4845 0.5161, 1.6594 1.4929 0.4982, 1.6594 1.4572 0.6264, 1.6594 1.4939 0.6119, 1.6594 1.5259 0.5887, 1.6594 1.551 0.5583, 1.6594 1.5678 0.5225, 1.8405 1.6856 0.1603, 1.8405 1.6107 0.136, 1.6594 1.6107 0.136, 1.6594 1.6856 0.1603, 1.8405 1.6982 0.1336, 1.8405 1.6317 0.0914, 1.8405 1.717 0.1107, 1.8405 1.6631 0.0533, 1.8405 1.741 0.0933, 1.8405 1.7031 0.0243, 1.8405 1.7685 0.0825, 1.8405 1.7489 0.0062, 1.8405 1.7979 0.0787, 1.8405 1.7979 0.0, 1.6594 1.7979 0.0, 1.6594 1.7489 0.0062, 1.6594 1.7031 0.0243, 1.6594 1.6631 0.0533, 1.6594 1.6317 0.0914, 1.6594 1.7979 0.0787, 1.6594 1.7685 0.0825, 1.6594 1.741 0.0933, 1.6594 1.717 0.1107, 1.6594 1.6982 0.1336, 1.3405 1.4181 0.6314, 1.1594 1.4181 0.6314, 1.3405 1.3976 0.6314, 1.1594 1.3976 0.6314, 1.3405 1.8504 0.0787, 1.3405 1.8504 0.0, 1.1594 1.8504 0.0787, 1.1594 1.8504 0.0, 1.3405 1.0039 0.6314, 1.3405 1.0039 0.5526, 1.3405 1.4181 0.5526, 1.1594 1.4181 0.5526, 1.1594 1.0039 0.5526, 1.1594 1.0039 0.6314, 1.3405 1.4929 0.4982, 1.3405 1.5678 0.5225, 1.3405 1.4845 0.5161, 1.3405 1.551 0.5583, 1.3405 1.472 0.5313, 1.3405 1.5259 0.5887, 1.3405 1.456 0.5429, 1.3405 1.4939 0.6119, 1.3405 1.4376 0.5501, 1.3405 1.4572 0.6264, 1.1594 1.4376 0.5501, 1.1594 1.456 0.5429, 1.1594 1.472 0.5313, 1.1594 1.4845 0.5161, 1.1594 1.4929 0.4982, 1.1594 1.4572 0.6264, 1.1594 1.4939 0.6119, 1.1594 1.5259 0.5887, 1.1594 1.551 0.5583, 1.1594 1.5678 0.5225, 1.3405 1.6856 0.1603, 1.3405 1.6107 0.136, 1.1594 1.6107 0.136, 1.1594 1.6856 0.1603, 1.3405 1.6982 0.1336, 1.3405 1.6317 0.0914, 1.3405 1.717 0.1107, 1.3405 1.6631 0.0533, 1.3405 1.741 0.0933, 1.3405 1.7031 0.0243, 1.3405 1.7685 0.0825, 1.3405 1.7489 0.0062, 1.3405 1.7979 0.0787, 1.3405 1.7979 0.0, 1.1594 1.7979 0.0, 1.1594 1.7489 0.0062, 1.1594 1.7031 0.0243, 1.1594 1.6631 0.0533, 1.1594 1.6317 0.0914, 1.1594 1.7979 0.0787, 1.1594 1.7685 0.0825, 1.1594 1.741 0.0933, 1.1594 1.717 0.1107, 1.1594 1.6982 0.1336, 0.8405 1.4181 0.6314, 0.6594 1.4181 0.6314, 0.8405 1.3976 0.6314, 0.6594 1.3976 0.6314, 0.8405 1.8504 0.0787, 0.8405 1.8504 0.0, 0.6594 1.8504 0.0787, 0.6594 1.8504 0.0, 0.8405 1.0039 0.6314, 0.8405 1.0039 0.5526, 0.8405 1.4181 0.5526, 0.6594 1.4181 0.5526, 0.6594 1.0039 0.5526, 0.6594 1.0039 0.6314, 0.8405 1.4929 0.4982, 0.8405 1.5678 0.5225, 0.8405 1.4845 0.5161, 0.8405 1.551 0.5583, 0.8405 1.472 0.5313, 0.8405 1.5259 0.5887, 0.8405 1.456 0.5429, 0.8405 1.4939 0.6119, 0.8405 1.4376 0.5501, 0.8405 1.4572 0.6264, 0.6594 1.4376 0.5501, 0.6594 1.456 0.5429, 0.6594 1.472 0.5313, 0.6594 1.4845 0.5161, 0.6594 1.4929 0.4982, 0.6594 1.4572 0.6264, 0.6594 1.4939 0.6119, 0.6594 1.5259 0.5887, 0.6594 1.551 0.5583, 0.6594 1.5678 0.5225, 0.8405 1.6856 0.1603, 0.8405 1.6107 0.136, 0.6594 1.6107 0.136, 0.6594 1.6856 0.1603, 0.8405 1.6982 0.1336, 0.8405 1.6317 0.0914, 0.8405 1.717 0.1107, 0.8405 1.6631 0.0533, 0.8405 1.741 0.0933, 0.8405 1.7031 0.0243, 0.8405 1.7685 0.0825, 0.8405 1.7489 0.0062, 0.8405 1.7979 0.0787, 0.8405 1.7979 0.0, 0.6594 1.7979 0.0, 0.6594 1.7489 0.0062, 0.6594 1.7031 0.0243, 0.6594 1.6631 0.0533, 0.6594 1.6317 0.0914, 0.6594 1.7979 0.0787, 0.6594 1.7685 0.0825, 0.6594 1.741 0.0933, 0.6594 1.717 0.1107, 0.6594 1.6982 0.1336, 0.3405 1.4181 0.6314, 0.1594 1.4181 0.6314, 0.3405 1.3976 0.6314, 0.1594 1.3976 0.6314, 0.3405 1.8504 0.0787, 0.3405 1.8504 0.0, 0.1594 1.8504 0.0787, 0.1594 1.8504 0.0, 0.3405 1.0039 0.6314, 0.3405 1.0039 0.5526, 0.3405 1.4181 0.5526, 0.1594 1.4181 0.5526, 0.1594 1.0039 0.5526, 0.1594 1.0039 0.6314, 0.3405 1.4929 0.4982, 0.3405 1.5678 0.5225, 0.3405 1.4845 0.5161, 0.3405 1.551 0.5583, 0.3405 1.472 0.5313, 0.3405 1.5259 0.5887, 0.3405 1.456 0.5429, 0.3405 1.4939 0.6119, 0.3405 1.4376 0.5501, 0.3405 1.4572 0.6264, 0.1594 1.4376 0.5501, 0.1594 1.456 0.5429, 0.1594 1.472 0.5313, 0.1594 1.4845 0.5161, 0.1594 1.4929 0.4982, 0.1594 1.4572 0.6264, 0.1594 1.4939 0.6119, 0.1594 1.5259 0.5887, 0.1594 1.551 0.5583, 0.1594 1.5678 0.5225, 0.3405 1.6856 0.1603, 0.3405 1.6107 0.136, 0.1594 1.6107 0.136, 0.1594 1.6856 0.1603, 0.3405 1.6982 0.1336, 0.3405 1.6317 0.0914, 0.3405 1.717 0.1107, 0.3405 1.6631 0.0533, 0.3405 1.741 0.0933, 0.3405 1.7031 0.0243, 0.3405 1.7685 0.0825, 0.3405 1.7489 0.0062, 0.3405 1.7979 0.0787, 0.3405 1.7979 0.0, 0.1594 1.7979 0.0, 0.1594 1.7489 0.0062, 0.1594 1.7031 0.0243, 0.1594 1.6631 0.0533, 0.1594 1.6317 0.0914, 0.1594 1.7979 0.0787, 0.1594 1.7685 0.0825, 0.1594 1.741 0.0933, 0.1594 1.717 0.1107, 0.1594 1.6982 0.1336, -0.1595 1.4181 0.6314, -0.3406 1.4181 0.6314, -0.1595 1.3976 0.6314, -0.3406 1.3976 0.6314, -0.1595 1.8504 0.0787, -0.1595 1.8504 0.0, -0.3406 1.8504 0.0787, -0.3406 1.8504 0.0, -0.1595 1.0039 0.6314, -0.1595 1.0039 0.5526, -0.1595 1.4181 0.5526, -0.3406 1.4181 0.5526, -0.3406 1.0039 0.5526, -0.3406 1.0039 0.6314, -0.1595 1.4929 0.4982, -0.1595 1.5678 0.5225, -0.1595 1.4845 0.5161, -0.1595 1.551 0.5583, -0.1595 1.472 0.5313, -0.1595 1.5259 0.5887, -0.1595 1.456 0.5429, -0.1595 1.4939 0.6119, -0.1595 1.4376 0.5501, -0.1595 1.4572 0.6264, -0.3406 1.4376 0.5501, -0.3406 1.456 0.5429, -0.3406 1.472 0.5313, -0.3406 1.4845 0.5161, -0.3406 1.4929 0.4982, -0.3406 1.4572 0.6264, -0.3406 1.4939 0.6119, -0.3406 1.5259 0.5887, -0.3406 1.551 0.5583, -0.3406 1.5678 0.5225, -0.1595 1.6856 0.1603, -0.1595 1.6107 0.136, -0.3406 1.6107 0.136, -0.3406 1.6856 0.1603, -0.1595 1.6982 0.1336, -0.1595 1.6317 0.0914, -0.1595 1.717 0.1107, -0.1595 1.6631 0.0533, -0.1595 1.741 0.0933, -0.1595 1.7031 0.0243, -0.1595 1.7685 0.0825, -0.1595 1.7489 0.0062, -0.1595 1.7979 0.0787, -0.1595 1.7979 0.0, -0.3406 1.7979 0.0, -0.3406 1.7489 0.0062, -0.3406 1.7031 0.0243, -0.3406 1.6631 0.0533, -0.3406 1.6317 0.0914, -0.3406 1.7979 0.0787, -0.3406 1.7685 0.0825, -0.3406 1.741 0.0933, -0.3406 1.717 0.1107, -0.3406 1.6982 0.1336, -0.6595 1.4181 0.6314, -0.8406 1.4181 0.6314, -0.6595 1.3976 0.6314, -0.8406 1.3976 0.6314, -0.6595 1.8504 0.0787, -0.6595 1.8504 0.0, -0.8406 1.8504 0.0787, -0.8406 1.8504 0.0, -0.6595 1.0039 0.6314, -0.6595 1.0039 0.5526, -0.6595 1.4181 0.5526, -0.8406 1.4181 0.5526, -0.8406 1.0039 0.5526, -0.8406 1.0039 0.6314, -0.6595 1.4929 0.4982, -0.6595 1.5678 0.5225, -0.6595 1.4845 0.5161, -0.6595 1.551 0.5583, -0.6595 1.472 0.5313, -0.6595 1.5259 0.5887, -0.6595 1.456 0.5429, -0.6595 1.4939 0.6119, -0.6595 1.4376 0.5501, -0.6595 1.4572 0.6264, -0.8406 1.4376 0.5501, -0.8406 1.456 0.5429, -0.8406 1.472 0.5313, -0.8406 1.4845 0.5161, -0.8406 1.4929 0.4982, -0.8406 1.4572 0.6264, -0.8406 1.4939 0.6119, -0.8406 1.5259 0.5887, -0.8406 1.551 0.5583, -0.8406 1.5678 0.5225, -0.6595 1.6856 0.1603, -0.6595 1.6107 0.136, -0.8406 1.6107 0.136, -0.8406 1.6856 0.1603, -0.6595 1.6982 0.1336, -0.6595 1.6317 0.0914, -0.6595 1.717 0.1107, -0.6595 1.6631 0.0533, -0.6595 1.741 0.0933, -0.6595 1.7031 0.0243, -0.6595 1.7685 0.0825, -0.6595 1.7489 0.0062, -0.6595 1.7979 0.0787, -0.6595 1.7979 0.0, -0.8406 1.7979 0.0, -0.8406 1.7489 0.0062, -0.8406 1.7031 0.0243, -0.8406 1.6631 0.0533, -0.8406 1.6317 0.0914, -0.8406 1.7979 0.0787, -0.8406 1.7685 0.0825, -0.8406 1.741 0.0933, -0.8406 1.717 0.1107, -0.8406 1.6982 0.1336, -1.1595 1.4181 0.6314, -1.3406 1.4181 0.6314, -1.1595 1.3976 0.6314, -1.3406 1.3976 0.6314, -1.1595 1.8504 0.0787, -1.1595 1.8504 0.0, -1.3406 1.8504 0.0787, -1.3406 1.8504 0.0, -1.1595 1.0039 0.6314, -1.1595 1.0039 0.5526, -1.1595 1.4181 0.5526, -1.3406 1.4181 0.5526, -1.3406 1.0039 0.5526, -1.3406 1.0039 0.6314, -1.1595 1.4929 0.4982, -1.1595 1.5678 0.5225, -1.1595 1.4845 0.5161, -1.1595 1.551 0.5583, -1.1595 1.472 0.5313, -1.1595 1.5259 0.5887, -1.1595 1.456 0.5429, -1.1595 1.4939 0.6119, -1.1595 1.4376 0.5501, -1.1595 1.4572 0.6264, -1.3406 1.4376 0.5501, -1.3406 1.456 0.5429, -1.3406 1.472 0.5313, -1.3406 1.4845 0.5161, -1.3406 1.4929 0.4982, -1.3406 1.4572 0.6264, -1.3406 1.4939 0.6119, -1.3406 1.5259 0.5887, -1.3406 1.551 0.5583, -1.3406 1.5678 0.5225, -1.1595 1.6856 0.1603, -1.1595 1.6107 0.136, -1.3406 1.6107 0.136, -1.3406 1.6856 0.1603, -1.1595 1.6982 0.1336, -1.1595 1.6317 0.0914, -1.1595 1.717 0.1107, -1.1595 1.6631 0.0533, -1.1595 1.741 0.0933, -1.1595 1.7031 0.0243, -1.1595 1.7685 0.0825, -1.1595 1.7489 0.0062, -1.1595 1.7979 0.0787, -1.1595 1.7979 0.0, -1.3406 1.7979 0.0, -1.3406 1.7489 0.0062, -1.3406 1.7031 0.0243, -1.3406 1.6631 0.0533, -1.3406 1.6317 0.0914, -1.3406 1.7979 0.0787, -1.3406 1.7685 0.0825, -1.3406 1.741 0.0933, -1.3406 1.717 0.1107, -1.3406 1.6982 0.1336, -1.6595 1.4181 0.6314, -1.8406 1.4181 0.6314, -1.6595 1.3976 0.6314, -1.8406 1.3976 0.6314, -1.6595 1.8504 0.0787, -1.6595 1.8504 0.0, -1.8406 1.8504 0.0787, -1.8406 1.8504 0.0, -1.6595 1.0039 0.6314, -1.6595 1.0039 0.5526, -1.6595 1.4181 0.5526, -1.8406 1.4181 0.5526, -1.8406 1.0039 0.5526, -1.8406 1.0039 0.6314, -1.6595 1.4929 0.4982, -1.6595 1.5678 0.5225, -1.6595 1.4845 0.5161, -1.6595 1.551 0.5583, -1.6595 1.472 0.5313, -1.6595 1.5259 0.5887, -1.6595 1.456 0.5429, -1.6595 1.4939 0.6119, -1.6595 1.4376 0.5501, -1.6595 1.4572 0.6264, -1.8406 1.4376 0.5501, -1.8406 1.456 0.5429, -1.8406 1.472 0.5313, -1.8406 1.4845 0.5161, -1.8406 1.4929 0.4982, -1.8406 1.4572 0.6264, -1.8406 1.4939 0.6119, -1.8406 1.5259 0.5887, -1.8406 1.551 0.5583, -1.8406 1.5678 0.5225, -1.6595 1.6856 0.1603, -1.6595 1.6107 0.136, -1.8406 1.6107 0.136, -1.8406 1.6856 0.1603, -1.6595 1.6982 0.1336, -1.6595 1.6317 0.0914, -1.6595 1.717 0.1107, -1.6595 1.6631 0.0533, -1.6595 1.741 0.0933, -1.6595 1.7031 0.0243, -1.6595 1.7685 0.0825, -1.6595 1.7489 0.0062, -1.6595 1.7979 0.0787, -1.6595 1.7979 0.0, -1.8406 1.7979 0.0, -1.8406 1.7489 0.0062, -1.8406 1.7031 0.0243, -1.8406 1.6631 0.0533, -1.8406 1.6317 0.0914, -1.8406 1.7979 0.0787, -1.8406 1.7685 0.0825, -1.8406 1.741 0.0933, -1.8406 1.717 0.1107, -1.8406 1.6982 0.1336, 1.6594 -1.4181 0.6314, 1.8405 -1.4181 0.6314, 1.6594 -1.3976 0.6314, 1.8405 -1.3976 0.6314, 1.8405 -1.8504 0.0, 1.8405 -1.8504 0.0787, 1.6594 -1.8504 0.0, 1.6594 -1.8504 0.0787, 1.6594 -1.0039 0.6314, 1.6594 -1.0039 0.5526, 1.6594 -1.4181 0.5526, 1.8405 -1.4181 0.5526, 1.8405 -1.0039 0.5526, 1.8405 -1.0039 0.6314, 1.6594 -1.493 0.4982, 1.6594 -1.5679 0.5225, 1.6594 -1.4846 0.5161, 1.6594 -1.551 0.5583, 1.6594 -1.472 0.5313, 1.6594 -1.5259 0.5887, 1.6594 -1.456 0.5429, 1.6594 -1.4939 0.6119, 1.6594 -1.4377 0.5501, 1.6594 -1.4572 0.6264, 1.8405 -1.4377 0.5501, 1.8405 -1.456 0.5429, 1.8405 -1.472 0.5313, 1.8405 -1.4846 0.5161, 1.8405 -1.493 0.4982, 1.8405 -1.4572 0.6264, 1.8405 -1.4939 0.6119, 1.8405 -1.5259 0.5887, 1.8405 -1.551 0.5583, 1.8405 -1.5679 0.5225, 1.6594 -1.6856 0.1603, 1.6594 -1.6107 0.136, 1.8405 -1.6107 0.136, 1.8405 -1.6856 0.1603, 1.6594 -1.6982 0.1336, 1.6594 -1.6317 0.0914, 1.6594 -1.7171 0.1107, 1.6594 -1.6632 0.0533, 1.6594 -1.741 0.0933, 1.6594 -1.7031 0.0243, 1.6594 -1.7685 0.0825, 1.6594 -1.749 0.0062, 1.6594 -1.7979 0.0787, 1.6594 -1.7979 0.0, 1.8405 -1.7979 0.0, 1.8405 -1.749 0.0062, 1.8405 -1.7031 0.0243, 1.8405 -1.6632 0.0533, 1.8405 -1.6317 0.0914, 1.8405 -1.7979 0.0787, 1.8405 -1.7685 0.0825, 1.8405 -1.741 0.0933, 1.8405 -1.7171 0.1107, 1.8405 -1.6982 0.1336, 1.1594 -1.4181 0.6314, 1.3405 -1.4181 0.6314, 1.1594 -1.3976 0.6314, 1.3405 -1.3976 0.6314, 1.3405 -1.8504 0.0, 1.3405 -1.8504 0.0787, 1.1594 -1.8504 0.0, 1.1594 -1.8504 0.0787, 1.1594 -1.0039 0.6314, 1.1594 -1.0039 0.5526, 1.1594 -1.4181 0.5526, 1.3405 -1.4181 0.5526, 1.3405 -1.0039 0.5526, 1.3405 -1.0039 0.6314, 1.1594 -1.493 0.4982, 1.1594 -1.5679 0.5225, 1.1594 -1.4846 0.5161, 1.1594 -1.551 0.5583, 1.1594 -1.472 0.5313, 1.1594 -1.5259 0.5887, 1.1594 -1.456 0.5429, 1.1594 -1.4939 0.6119, 1.1594 -1.4377 0.5501, 1.1594 -1.4572 0.6264, 1.3405 -1.4377 0.5501, 1.3405 -1.456 0.5429, 1.3405 -1.472 0.5313, 1.3405 -1.4846 0.5161, 1.3405 -1.493 0.4982, 1.3405 -1.4572 0.6264, 1.3405 -1.4939 0.6119, 1.3405 -1.5259 0.5887, 1.3405 -1.551 0.5583, 1.3405 -1.5679 0.5225, 1.1594 -1.6856 0.1603, 1.1594 -1.6107 0.136, 1.3405 -1.6107 0.136, 1.3405 -1.6856 0.1603, 1.1594 -1.6982 0.1336, 1.1594 -1.6317 0.0914, 1.1594 -1.7171 0.1107, 1.1594 -1.6632 0.0533, 1.1594 -1.741 0.0933, 1.1594 -1.7031 0.0243, 1.1594 -1.7685 0.0825, 1.1594 -1.749 0.0062, 1.1594 -1.7979 0.0787, 1.1594 -1.7979 0.0, 1.3405 -1.7979 0.0, 1.3405 -1.749 0.0062, 1.3405 -1.7031 0.0243, 1.3405 -1.6632 0.0533, 1.3405 -1.6317 0.0914, 1.3405 -1.7979 0.0787, 1.3405 -1.7685 0.0825, 1.3405 -1.741 0.0933, 1.3405 -1.7171 0.1107, 1.3405 -1.6982 0.1336, 0.6594 -1.4181 0.6314, 0.8405 -1.4181 0.6314, 0.6594 -1.3976 0.6314, 0.8405 -1.3976 0.6314, 0.8405 -1.8504 0.0, 0.8405 -1.8504 0.0787, 0.6594 -1.8504 0.0, 0.6594 -1.8504 0.0787, 0.6594 -1.0039 0.6314, 0.6594 -1.0039 0.5526, 0.6594 -1.4181 0.5526, 0.8405 -1.4181 0.5526, 0.8405 -1.0039 0.5526, 0.8405 -1.0039 0.6314, 0.6594 -1.493 0.4982, 0.6594 -1.5679 0.5225, 0.6594 -1.4846 0.5161, 0.6594 -1.551 0.5583, 0.6594 -1.472 0.5313, 0.6594 -1.5259 0.5887, 0.6594 -1.456 0.5429, 0.6594 -1.4939 0.6119, 0.6594 -1.4377 0.5501, 0.6594 -1.4572 0.6264, 0.8405 -1.4377 0.5501, 0.8405 -1.456 0.5429, 0.8405 -1.472 0.5313, 0.8405 -1.4846 0.5161, 0.8405 -1.493 0.4982, 0.8405 -1.4572 0.6264, 0.8405 -1.4939 0.6119, 0.8405 -1.5259 0.5887, 0.8405 -1.551 0.5583, 0.8405 -1.5679 0.5225, 0.6594 -1.6856 0.1603, 0.6594 -1.6107 0.136, 0.8405 -1.6107 0.136, 0.8405 -1.6856 0.1603, 0.6594 -1.6982 0.1336, 0.6594 -1.6317 0.0914, 0.6594 -1.7171 0.1107, 0.6594 -1.6632 0.0533, 0.6594 -1.741 0.0933, 0.6594 -1.7031 0.0243, 0.6594 -1.7685 0.0825, 0.6594 -1.749 0.0062, 0.6594 -1.7979 0.0787, 0.6594 -1.7979 0.0, 0.8405 -1.7979 0.0, 0.8405 -1.749 0.0062, 0.8405 -1.7031 0.0243, 0.8405 -1.6632 0.0533, 0.8405 -1.6317 0.0914, 0.8405 -1.7979 0.0787, 0.8405 -1.7685 0.0825, 0.8405 -1.741 0.0933, 0.8405 -1.7171 0.1107, 0.8405 -1.6982 0.1336, 0.1594 -1.4181 0.6314, 0.3405 -1.4181 0.6314, 0.1594 -1.3976 0.6314, 0.3405 -1.3976 0.6314, 0.3405 -1.8504 0.0, 0.3405 -1.8504 0.0787, 0.1594 -1.8504 0.0, 0.1594 -1.8504 0.0787, 0.1594 -1.0039 0.6314, 0.1594 -1.0039 0.5526, 0.1594 -1.4181 0.5526, 0.3405 -1.4181 0.5526, 0.3405 -1.0039 0.5526, 0.3405 -1.0039 0.6314, 0.1594 -1.493 0.4982, 0.1594 -1.5679 0.5225, 0.1594 -1.4846 0.5161, 0.1594 -1.551 0.5583, 0.1594 -1.472 0.5313, 0.1594 -1.5259 0.5887, 0.1594 -1.456 0.5429, 0.1594 -1.4939 0.6119, 0.1594 -1.4377 0.5501, 0.1594 -1.4572 0.6264, 0.3405 -1.4377 0.5501, 0.3405 -1.456 0.5429, 0.3405 -1.472 0.5313, 0.3405 -1.4846 0.5161, 0.3405 -1.493 0.4982, 0.3405 -1.4572 0.6264, 0.3405 -1.4939 0.6119, 0.3405 -1.5259 0.5887, 0.3405 -1.551 0.5583, 0.3405 -1.5679 0.5225, 0.1594 -1.6856 0.1603, 0.1594 -1.6107 0.136, 0.3405 -1.6107 0.136, 0.3405 -1.6856 0.1603, 0.1594 -1.6982 0.1336, 0.1594 -1.6317 0.0914, 0.1594 -1.7171 0.1107, 0.1594 -1.6632 0.0533, 0.1594 -1.741 0.0933, 0.1594 -1.7031 0.0243, 0.1594 -1.7685 0.0825, 0.1594 -1.749 0.0062, 0.1594 -1.7979 0.0787, 0.1594 -1.7979 0.0, 0.3405 -1.7979 0.0, 0.3405 -1.749 0.0062, 0.3405 -1.7031 0.0243, 0.3405 -1.6632 0.0533, 0.3405 -1.6317 0.0914, 0.3405 -1.7979 0.0787, 0.3405 -1.7685 0.0825, 0.3405 -1.741 0.0933, 0.3405 -1.7171 0.1107, 0.3405 -1.6982 0.1336, -0.3406 -1.4181 0.6314, -0.1595 -1.4181 0.6314, -0.3406 -1.3976 0.6314, -0.1595 -1.3976 0.6314, -0.1595 -1.8504 0.0, -0.1595 -1.8504 0.0787, -0.3406 -1.8504 0.0, -0.3406 -1.8504 0.0787, -0.3406 -1.0039 0.6314, -0.3406 -1.0039 0.5526, -0.3406 -1.4181 0.5526, -0.1595 -1.4181 0.5526, -0.1595 -1.0039 0.5526, -0.1595 -1.0039 0.6314, -0.3406 -1.493 0.4982, -0.3406 -1.5679 0.5225, -0.3406 -1.4846 0.5161, -0.3406 -1.551 0.5583, -0.3406 -1.472 0.5313, -0.3406 -1.5259 0.5887, -0.3406 -1.456 0.5429, -0.3406 -1.4939 0.6119, -0.3406 -1.4377 0.5501, -0.3406 -1.4572 0.6264, -0.1595 -1.4377 0.5501, -0.1595 -1.456 0.5429, -0.1595 -1.472 0.5313, -0.1595 -1.4846 0.5161, -0.1595 -1.493 0.4982, -0.1595 -1.4572 0.6264, -0.1595 -1.4939 0.6119, -0.1595 -1.5259 0.5887, -0.1595 -1.551 0.5583, -0.1595 -1.5679 0.5225, -0.3406 -1.6856 0.1603, -0.3406 -1.6107 0.136, -0.1595 -1.6107 0.136, -0.1595 -1.6856 0.1603, -0.3406 -1.6982 0.1336, -0.3406 -1.6317 0.0914, -0.3406 -1.7171 0.1107, -0.3406 -1.6632 0.0533, -0.3406 -1.741 0.0933, -0.3406 -1.7031 0.0243, -0.3406 -1.7685 0.0825, -0.3406 -1.749 0.0062, -0.3406 -1.7979 0.0787, -0.3406 -1.7979 0.0, -0.1595 -1.7979 0.0, -0.1595 -1.749 0.0062, -0.1595 -1.7031 0.0243, -0.1595 -1.6632 0.0533, -0.1595 -1.6317 0.0914, -0.1595 -1.7979 0.0787, -0.1595 -1.7685 0.0825, -0.1595 -1.741 0.0933, -0.1595 -1.7171 0.1107, -0.1595 -1.6982 0.1336, -0.8406 -1.4181 0.6314, -0.6595 -1.4181 0.6314, -0.8406 -1.3976 0.6314, -0.6595 -1.3976 0.6314, -0.6595 -1.8504 0.0, -0.6595 -1.8504 0.0787, -0.8406 -1.8504 0.0, -0.8406 -1.8504 0.0787, -0.8406 -1.0039 0.6314, -0.8406 -1.0039 0.5526, -0.8406 -1.4181 0.5526, -0.6595 -1.4181 0.5526, -0.6595 -1.0039 0.5526, -0.6595 -1.0039 0.6314, -0.8406 -1.493 0.4982, -0.8406 -1.5679 0.5225, -0.8406 -1.4846 0.5161, -0.8406 -1.551 0.5583, -0.8406 -1.472 0.5313, -0.8406 -1.5259 0.5887, -0.8406 -1.456 0.5429, -0.8406 -1.4939 0.6119, -0.8406 -1.4377 0.5501, -0.8406 -1.4572 0.6264, -0.6595 -1.4377 0.5501, -0.6595 -1.456 0.5429, -0.6595 -1.472 0.5313, -0.6595 -1.4846 0.5161, -0.6595 -1.493 0.4982, -0.6595 -1.4572 0.6264, -0.6595 -1.4939 0.6119, -0.6595 -1.5259 0.5887, -0.6595 -1.551 0.5583, -0.6595 -1.5679 0.5225, -0.8406 -1.6856 0.1603, -0.8406 -1.6107 0.136, -0.6595 -1.6107 0.136, -0.6595 -1.6856 0.1603, -0.8406 -1.6982 0.1336, -0.8406 -1.6317 0.0914, -0.8406 -1.7171 0.1107, -0.8406 -1.6632 0.0533, -0.8406 -1.741 0.0933, -0.8406 -1.7031 0.0243, -0.8406 -1.7685 0.0825, -0.8406 -1.749 0.0062, -0.8406 -1.7979 0.0787, -0.8406 -1.7979 0.0, -0.6595 -1.7979 0.0, -0.6595 -1.749 0.0062, -0.6595 -1.7031 0.0243, -0.6595 -1.6632 0.0533, -0.6595 -1.6317 0.0914, -0.6595 -1.7979 0.0787, -0.6595 -1.7685 0.0825, -0.6595 -1.741 0.0933, -0.6595 -1.7171 0.1107, -0.6595 -1.6982 0.1336, -1.3406 -1.4181 0.6314, -1.1595 -1.4181 0.6314, -1.3406 -1.3976 0.6314, -1.1595 -1.3976 0.6314, -1.1595 -1.8504 0.0, -1.1595 -1.8504 0.0787, -1.3406 -1.8504 0.0, -1.3406 -1.8504 0.0787, -1.3406 -1.0039 0.6314, -1.3406 -1.0039 0.5526, -1.3406 -1.4181 0.5526, -1.1595 -1.4181 0.5526, -1.1595 -1.0039 0.5526, -1.1595 -1.0039 0.6314, -1.3406 -1.493 0.4982, -1.3406 -1.5679 0.5225, -1.3406 -1.4846 0.5161, -1.3406 -1.551 0.5583, -1.3406 -1.472 0.5313, -1.3406 -1.5259 0.5887, -1.3406 -1.456 0.5429, -1.3406 -1.4939 0.6119, -1.3406 -1.4377 0.5501, -1.3406 -1.4572 0.6264, -1.1595 -1.4377 0.5501, -1.1595 -1.456 0.5429, -1.1595 -1.472 0.5313, -1.1595 -1.4846 0.5161, -1.1595 -1.493 0.4982, -1.1595 -1.4572 0.6264, -1.1595 -1.4939 0.6119, -1.1595 -1.5259 0.5887, -1.1595 -1.551 0.5583, -1.1595 -1.5679 0.5225, -1.3406 -1.6856 0.1603, -1.3406 -1.6107 0.136, -1.1595 -1.6107 0.136, -1.1595 -1.6856 0.1603, -1.3406 -1.6982 0.1336, -1.3406 -1.6317 0.0914, -1.3406 -1.7171 0.1107, -1.3406 -1.6632 0.0533, -1.3406 -1.741 0.0933, -1.3406 -1.7031 0.0243, -1.3406 -1.7685 0.0825, -1.3406 -1.749 0.0062, -1.3406 -1.7979 0.0787, -1.3406 -1.7979 0.0, -1.1595 -1.7979 0.0, -1.1595 -1.749 0.0062, -1.1595 -1.7031 0.0243, -1.1595 -1.6632 0.0533, -1.1595 -1.6317 0.0914, -1.1595 -1.7979 0.0787, -1.1595 -1.7685 0.0825, -1.1595 -1.741 0.0933, -1.1595 -1.7171 0.1107, -1.1595 -1.6982 0.1336, -1.8406 -1.4181 0.6314, -1.6595 -1.4181 0.6314, -1.8406 -1.3976 0.6314, -1.6595 -1.3976 0.6314, -1.6595 -1.8504 0.0, -1.6595 -1.8504 0.0787, -1.8406 -1.8504 0.0, -1.8406 -1.8504 0.0787, -1.8406 -1.0039 0.6314, -1.8406 -1.0039 0.5526, -1.8406 -1.4181 0.5526, -1.6595 -1.4181 0.5526, -1.6595 -1.0039 0.5526, -1.6595 -1.0039 0.6314, -1.8406 -1.493 0.4982, -1.8406 -1.5679 0.5225, -1.8406 -1.4846 0.5161, -1.8406 -1.551 0.5583, -1.8406 -1.472 0.5313, -1.8406 -1.5259 0.5887, -1.8406 -1.456 0.5429, -1.8406 -1.4939 0.6119, -1.8406 -1.4377 0.5501, -1.8406 -1.4572 0.6264, -1.6595 -1.4377 0.5501, -1.6595 -1.456 0.5429, -1.6595 -1.472 0.5313, -1.6595 -1.4846 0.5161, -1.6595 -1.493 0.4982, -1.6595 -1.4572 0.6264, -1.6595 -1.4939 0.6119, -1.6595 -1.5259 0.5887, -1.6595 -1.551 0.5583, -1.6595 -1.5679 0.5225, -1.8406 -1.6856 0.1603, -1.8406 -1.6107 0.136, -1.6595 -1.6107 0.136, -1.6595 -1.6856 0.1603, -1.8406 -1.6982 0.1336, -1.8406 -1.6317 0.0914, -1.8406 -1.7171 0.1107, -1.8406 -1.6632 0.0533, -1.8406 -1.741 0.0933, -1.8406 -1.7031 0.0243, -1.8406 -1.7685 0.0825, -1.8406 -1.749 0.0062, -1.8406 -1.7979 0.0787, -1.8406 -1.7979 0.0, -1.6595 -1.7979 0.0, -1.6595 -1.749 0.0062, -1.6595 -1.7031 0.0243, -1.6595 -1.6632 0.0533, -1.6595 -1.6317 0.0914, -1.6595 -1.7979 0.0787, -1.6595 -1.7685 0.0825, -1.6595 -1.741 0.0933, -1.6595 -1.7171 0.1107, -1.6595 -1.6982 0.1336
            ]
        }
        coordIndex [
            0,1,2,-1,2,1,3,-1,4,5,6,-1,6,5,7,-1,8,9,2,-1,2,9,10,-1,2,10,0,-1,10,9,11,-1,11,9,12,-1,1,11,3,-1,3,11,12,-1,3,12,13,-1,14,15,16,-1,16,15,17,-1,16,17,18,-1,18,17,19,-1,18,19,20,-1,20,19,21,-1,20,21,22,-1,22,21,23,-1,22,23,10,-1,10,23,0,-1,10,11,22,-1,22,11,24,-1,22,24,20,-1,20,24,25,-1,20,25,18,-1,18,25,26,-1,18,26,16,-1,16,26,27,-1,16,27,14,-1,14,27,28,-1,11,1,24,-1,24,1,29,-1,24,29,25,-1,25,29,30,-1,25,30,26,-1,26,30,31,-1,26,31,27,-1,27,31,32,-1,27,32,28,-1,28,32,33,-1,15,33,32,-1,15,32,17,-1,17,32,31,-1,17,31,19,-1,19,31,30,-1,19,30,21,-1,21,30,29,-1,21,29,23,-1,23,29,1,-1,23,1,0,-1,34,15,35,-1,35,15,14,-1,35,14,36,-1,36,14,28,-1,36,28,37,-1,37,28,33,-1,33,15,37,-1,37,15,34,-1,34,35,38,-1,38,35,39,-1,38,39,40,-1,40,39,41,-1,40,41,42,-1,42,41,43,-1,42,43,44,-1,44,43,45,-1,44,45,46,-1,46,45,47,-1,48,47,45,-1,48,45,49,-1,49,45,43,-1,49,43,50,-1,50,43,41,-1,50,41,51,-1,51,41,39,-1,51,39,52,-1,52,39,35,-1,52,35,36,-1,53,48,54,-1,54,48,49,-1,54,49,55,-1,55,49,50,-1,55,50,56,-1,56,50,51,-1,56,51,57,-1,57,51,52,-1,57,52,37,-1,37,52,36,-1,37,34,57,-1,57,34,38,-1,57,38,56,-1,56,38,40,-1,56,40,55,-1,55,40,42,-1,55,42,54,-1,54,42,44,-1,54,44,53,-1,53,44,46,-1,4,46,5,-1,5,46,47,-1,5,47,7,-1,7,47,48,-1,7,48,6,-1,6,48,53,-1,53,46,6,-1,6,46,4,-1,58,59,60,-1,60,59,61,-1,62,63,64,-1,64,63,65,-1,66,67,60,-1,60,67,68,-1,60,68,58,-1,68,67,69,-1,69,67,70,-1,59,69,61,-1,61,69,70,-1,61,70,71,-1,72,73,74,-1,74,73,75,-1,74,75,76,-1,76,75,77,-1,76,77,78,-1,78,77,79,-1,78,79,80,-1,80,79,81,-1,80,81,68,-1,68,81,58,-1,68,69,80,-1,80,69,82,-1,80,82,78,-1,78,82,83,-1,78,83,76,-1,76,83,84,-1,76,84,74,-1,74,84,85,-1,74,85,72,-1,72,85,86,-1,69,59,82,-1,82,59,87,-1,82,87,83,-1,83,87,88,-1,83,88,84,-1,84,88,89,-1,84,89,85,-1,85,89,90,-1,85,90,86,-1,86,90,91,-1,73,91,90,-1,73,90,75,-1,75,90,89,-1,75,89,77,-1,77,89,88,-1,77,88,79,-1,79,88,87,-1,79,87,81,-1,81,87,59,-1,81,59,58,-1,92,73,93,-1,93,73,72,-1,93,72,94,-1,94,72,86,-1,94,86,95,-1,95,86,91,-1,91,73,95,-1,95,73,92,-1,92,93,96,-1,96,93,97,-1,96,97,98,-1,98,97,99,-1,98,99,100,-1,100,99,101,-1,100,101,102,-1,102,101,103,-1,102,103,104,-1,104,103,105,-1,106,105,103,-1,106,103,107,-1,107,103,101,-1,107,101,108,-1,108,101,99,-1,108,99,109,-1,109,99,97,-1,109,97,110,-1,110,97,93,-1,110,93,94,-1,111,106,112,-1,112,106,107,-1,112,107,113,-1,113,107,108,-1,113,108,114,-1,114,108,109,-1,114,109,115,-1,115,109,110,-1,115,110,95,-1,95,110,94,-1,95,92,115,-1,115,92,96,-1,115,96,114,-1,114,96,98,-1,114,98,113,-1,113,98,100,-1,113,100,112,-1,112,100,102,-1,112,102,111,-1,111,102,104,-1,62,104,63,-1,63,104,105,-1,63,105,65,-1,65,105,106,-1,65,106,64,-1,64,106,111,-1,111,104,64,-1,64,104,62,-1,116,117,118,-1,118,117,119,-1,120,121,122,-1,122,121,123,-1,124,125,118,-1,118,125,126,-1,118,126,116,-1,126,125,127,-1,127,125,128,-1,117,127,119,-1,119,127,128,-1,119,128,129,-1,130,131,132,-1,132,131,133,-1,132,133,134,-1,134,133,135,-1,134,135,136,-1,136,135,137,-1,136,137,138,-1,138,137,139,-1,138,139,126,-1,126,139,116,-1,126,127,138,-1,138,127,140,-1,138,140,136,-1,136,140,141,-1,136,141,134,-1,134,141,142,-1,134,142,132,-1,132,142,143,-1,132,143,130,-1,130,143,144,-1,127,117,140,-1,140,117,145,-1,140,145,141,-1,141,145,146,-1,141,146,142,-1,142,146,147,-1,142,147,143,-1,143,147,148,-1,143,148,144,-1,144,148,149,-1,131,149,148,-1,131,148,133,-1,133,148,147,-1,133,147,135,-1,135,147,146,-1,135,146,137,-1,137,146,145,-1,137,145,139,-1,139,145,117,-1,139,117,116,-1,150,131,151,-1,151,131,130,-1,151,130,152,-1,152,130,144,-1,152,144,153,-1,153,144,149,-1,149,131,153,-1,153,131,150,-1,150,151,154,-1,154,151,155,-1,154,155,156,-1,156,155,157,-1,156,157,158,-1,158,157,159,-1,158,159,160,-1,160,159,161,-1,160,161,162,-1,162,161,163,-1,164,163,161,-1,164,161,165,-1,165,161,159,-1,165,159,166,-1,166,159,157,-1,166,157,167,-1,167,157,155,-1,167,155,168,-1,168,155,151,-1,168,151,152,-1,169,164,170,-1,170,164,165,-1,170,165,171,-1,171,165,166,-1,171,166,172,-1,172,166,167,-1,172,167,173,-1,173,167,168,-1,173,168,153,-1,153,168,152,-1,153,150,173,-1,173,150,154,-1,173,154,172,-1,172,154,156,-1,172,156,171,-1,171,156,158,-1,171,158,170,-1,170,158,160,-1,170,160,169,-1,169,160,162,-1,120,162,121,-1,121,162,163,-1,121,163,123,-1,123,163,164,-1,123,164,122,-1,122,164,169,-1,169,162,122,-1,122,162,120,-1,174,175,176,-1,176,175,177,-1,178,179,180,-1,180,179,181,-1,182,183,176,-1,176,183,184,-1,176,184,174,-1,184,183,185,-1,185,183,186,-1,175,185,177,-1,177,185,186,-1,177,186,187,-1,188,189,190,-1,190,189,191,-1,190,191,192,-1,192,191,193,-1,192,193,194,-1,194,193,195,-1,194,195,196,-1,196,195,197,-1,196,197,184,-1,184,197,174,-1,184,185,196,-1,196,185,198,-1,196,198,194,-1,194,198,199,-1,194,199,192,-1,192,199,200,-1,192,200,190,-1,190,200,201,-1,190,201,188,-1,188,201,202,-1,185,175,198,-1,198,175,203,-1,198,203,199,-1,199,203,204,-1,199,204,200,-1,200,204,205,-1,200,205,201,-1,201,205,206,-1,201,206,202,-1,202,206,207,-1,189,207,206,-1,189,206,191,-1,191,206,205,-1,191,205,193,-1,193,205,204,-1,193,204,195,-1,195,204,203,-1,195,203,197,-1,197,203,175,-1,197,175,174,-1,208,189,209,-1,209,189,188,-1,209,188,210,-1,210,188,202,-1,210,202,211,-1,211,202,207,-1,207,189,211,-1,211,189,208,-1,208,209,212,-1,212,209,213,-1,212,213,214,-1,214,213,215,-1,214,215,216,-1,216,215,217,-1,216,217,218,-1,218,217,219,-1,218,219,220,-1,220,219,221,-1,222,221,219,-1,222,219,223,-1,223,219,217,-1,223,217,224,-1,224,217,215,-1,224,215,225,-1,225,215,213,-1,225,213,226,-1,226,213,209,-1,226,209,210,-1,227,222,228,-1,228,222,223,-1,228,223,229,-1,229,223,224,-1,229,224,230,-1,230,224,225,-1,230,225,231,-1,231,225,226,-1,231,226,211,-1,211,226,210,-1,211,208,231,-1,231,208,212,-1,231,212,230,-1,230,212,214,-1,230,214,229,-1,229,214,216,-1,229,216,228,-1,228,216,218,-1,228,218,227,-1,227,218,220,-1,178,220,179,-1,179,220,221,-1,179,221,181,-1,181,221,222,-1,181,222,180,-1,180,222,227,-1,227,220,180,-1,180,220,178,-1,232,233,234,-1,234,233,235,-1,236,237,238,-1,238,237,239,-1,240,241,234,-1,234,241,242,-1,234,242,232,-1,242,241,243,-1,243,241,244,-1,233,243,235,-1,235,243,244,-1,235,244,245,-1,246,247,248,-1,248,247,249,-1,248,249,250,-1,250,249,251,-1,250,251,252,-1,252,251,253,-1,252,253,254,-1,254,253,255,-1,254,255,242,-1,242,255,232,-1,242,243,254,-1,254,243,256,-1,254,256,252,-1,252,256,257,-1,252,257,250,-1,250,257,258,-1,250,258,248,-1,248,258,259,-1,248,259,246,-1,246,259,260,-1,243,233,256,-1,256,233,261,-1,256,261,257,-1,257,261,262,-1,257,262,258,-1,258,262,263,-1,258,263,259,-1,259,263,264,-1,259,264,260,-1,260,264,265,-1,247,265,264,-1,247,264,249,-1,249,264,263,-1,249,263,251,-1,251,263,262,-1,251,262,253,-1,253,262,261,-1,253,261,255,-1,255,261,233,-1,255,233,232,-1,266,247,267,-1,267,247,246,-1,267,246,268,-1,268,246,260,-1,268,260,269,-1,269,260,265,-1,265,247,269,-1,269,247,266,-1,266,267,270,-1,270,267,271,-1,270,271,272,-1,272,271,273,-1,272,273,274,-1,274,273,275,-1,274,275,276,-1,276,275,277,-1,276,277,278,-1,278,277,279,-1,280,279,277,-1,280,277,281,-1,281,277,275,-1,281,275,282,-1,282,275,273,-1,282,273,283,-1,283,273,271,-1,283,271,284,-1,284,271,267,-1,284,267,268,-1,285,280,286,-1,286,280,281,-1,286,281,287,-1,287,281,282,-1,287,282,288,-1,288,282,283,-1,288,283,289,-1,289,283,284,-1,289,284,269,-1,269,284,268,-1,269,266,289,-1,289,266,270,-1,289,270,288,-1,288,270,272,-1,288,272,287,-1,287,272,274,-1,287,274,286,-1,286,274,276,-1,286,276,285,-1,285,276,278,-1,236,278,237,-1,237,278,279,-1,237,279,239,-1,239,279,280,-1,239,280,238,-1,238,280,285,-1,285,278,238,-1,238,278,236,-1,290,291,292,-1,292,291,293,-1,294,295,296,-1,296,295,297,-1,298,299,292,-1,292,299,300,-1,292,300,290,-1,300,299,301,-1,301,299,302,-1,291,301,293,-1,293,301,302,-1,293,302,303,-1,304,305,306,-1,306,305,307,-1,306,307,308,-1,308,307,309,-1,308,309,310,-1,310,309,311,-1,310,311,312,-1,312,311,313,-1,312,313,300,-1,300,313,290,-1,300,301,312,-1,312,301,314,-1,312,314,310,-1,310,314,315,-1,310,315,308,-1,308,315,316,-1,308,316,306,-1,306,316,317,-1,306,317,304,-1,304,317,318,-1,301,291,314,-1,314,291,319,-1,314,319,315,-1,315,319,320,-1,315,320,316,-1,316,320,321,-1,316,321,317,-1,317,321,322,-1,317,322,318,-1,318,322,323,-1,305,323,322,-1,305,322,307,-1,307,322,321,-1,307,321,309,-1,309,321,320,-1,309,320,311,-1,311,320,319,-1,311,319,313,-1,313,319,291,-1,313,291,290,-1,324,305,325,-1,325,305,304,-1,325,304,326,-1,326,304,318,-1,326,318,327,-1,327,318,323,-1,323,305,327,-1,327,305,324,-1,324,325,328,-1,328,325,329,-1,328,329,330,-1,330,329,331,-1,330,331,332,-1,332,331,333,-1,332,333,334,-1,334,333,335,-1,334,335,336,-1,336,335,337,-1,338,337,335,-1,338,335,339,-1,339,335,333,-1,339,333,340,-1,340,333,331,-1,340,331,341,-1,341,331,329,-1,341,329,342,-1,342,329,325,-1,342,325,326,-1,343,338,344,-1,344,338,339,-1,344,339,345,-1,345,339,340,-1,345,340,346,-1,346,340,341,-1,346,341,347,-1,347,341,342,-1,347,342,327,-1,327,342,326,-1,327,324,347,-1,347,324,328,-1,347,328,346,-1,346,328,330,-1,346,330,345,-1,345,330,332,-1,345,332,344,-1,344,332,334,-1,344,334,343,-1,343,334,336,-1,294,336,295,-1,295,336,337,-1,295,337,297,-1,297,337,338,-1,297,338,296,-1,296,338,343,-1,343,336,296,-1,296,336,294,-1,348,349,350,-1,350,349,351,-1,352,353,354,-1,354,353,355,-1,356,357,350,-1,350,357,358,-1,350,358,348,-1,358,357,359,-1,359,357,360,-1,349,359,351,-1,351,359,360,-1,351,360,361,-1,362,363,364,-1,364,363,365,-1,364,365,366,-1,366,365,367,-1,366,367,368,-1,368,367,369,-1,368,369,370,-1,370,369,371,-1,370,371,358,-1,358,371,348,-1,358,359,370,-1,370,359,372,-1,370,372,368,-1,368,372,373,-1,368,373,366,-1,366,373,374,-1,366,374,364,-1,364,374,375,-1,364,375,362,-1,362,375,376,-1,359,349,372,-1,372,349,377,-1,372,377,373,-1,373,377,378,-1,373,378,374,-1,374,378,379,-1,374,379,375,-1,375,379,380,-1,375,380,376,-1,376,380,381,-1,363,381,380,-1,363,380,365,-1,365,380,379,-1,365,379,367,-1,367,379,378,-1,367,378,369,-1,369,378,377,-1,369,377,371,-1,371,377,349,-1,371,349,348,-1,382,363,383,-1,383,363,362,-1,383,362,384,-1,384,362,376,-1,384,376,385,-1,385,376,381,-1,381,363,385,-1,385,363,382,-1,382,383,386,-1,386,383,387,-1,386,387,388,-1,388,387,389,-1,388,389,390,-1,390,389,391,-1,390,391,392,-1,392,391,393,-1,392,393,394,-1,394,393,395,-1,396,395,393,-1,396,393,397,-1,397,393,391,-1,397,391,398,-1,398,391,389,-1,398,389,399,-1,399,389,387,-1,399,387,400,-1,400,387,383,-1,400,383,384,-1,401,396,402,-1,402,396,397,-1,402,397,403,-1,403,397,398,-1,403,398,404,-1,404,398,399,-1,404,399,405,-1,405,399,400,-1,405,400,385,-1,385,400,384,-1,385,382,405,-1,405,382,386,-1,405,386,404,-1,404,386,388,-1,404,388,403,-1,403,388,390,-1,403,390,402,-1,402,390,392,-1,402,392,401,-1,401,392,394,-1,352,394,353,-1,353,394,395,-1,353,395,355,-1,355,395,396,-1,355,396,354,-1,354,396,401,-1,401,394,354,-1,354,394,352,-1,406,407,408,-1,408,407,409,-1,410,411,412,-1,412,411,413,-1,414,415,408,-1,408,415,416,-1,408,416,406,-1,416,415,417,-1,417,415,418,-1,407,417,409,-1,409,417,418,-1,409,418,419,-1,420,421,422,-1,422,421,423,-1,422,423,424,-1,424,423,425,-1,424,425,426,-1,426,425,427,-1,426,427,428,-1,428,427,429,-1,428,429,416,-1,416,429,406,-1,416,417,428,-1,428,417,430,-1,428,430,426,-1,426,430,431,-1,426,431,424,-1,424,431,432,-1,424,432,422,-1,422,432,433,-1,422,433,420,-1,420,433,434,-1,417,407,430,-1,430,407,435,-1,430,435,431,-1,431,435,436,-1,431,436,432,-1,432,436,437,-1,432,437,433,-1,433,437,438,-1,433,438,434,-1,434,438,439,-1,421,439,438,-1,421,438,423,-1,423,438,437,-1,423,437,425,-1,425,437,436,-1,425,436,427,-1,427,436,435,-1,427,435,429,-1,429,435,407,-1,429,407,406,-1,440,421,441,-1,441,421,420,-1,441,420,442,-1,442,420,434,-1,442,434,443,-1,443,434,439,-1,439,421,443,-1,443,421,440,-1,440,441,444,-1,444,441,445,-1,444,445,446,-1,446,445,447,-1,446,447,448,-1,448,447,449,-1,448,449,450,-1,450,449,451,-1,450,451,452,-1,452,451,453,-1,454,453,451,-1,454,451,455,-1,455,451,449,-1,455,449,456,-1,456,449,447,-1,456,447,457,-1,457,447,445,-1,457,445,458,-1,458,445,441,-1,458,441,442,-1,459,454,460,-1,460,454,455,-1,460,455,461,-1,461,455,456,-1,461,456,462,-1,462,456,457,-1,462,457,463,-1,463,457,458,-1,463,458,443,-1,443,458,442,-1,443,440,463,-1,463,440,444,-1,463,444,462,-1,462,444,446,-1,462,446,461,-1,461,446,448,-1,461,448,460,-1,460,448,450,-1,460,450,459,-1,459,450,452,-1,410,452,411,-1,411,452,453,-1,411,453,413,-1,413,453,454,-1,413,454,412,-1,412,454,459,-1,459,452,412,-1,412,452,410,-1,464,465,466,-1,466,465,467,-1,468,469,470,-1,470,469,471,-1,472,473,466,-1,466,473,474,-1,466,474,464,-1,474,473,475,-1,475,473,476,-1,465,475,467,-1,467,475,476,-1,467,476,477,-1,478,479,480,-1,480,479,481,-1,480,481,482,-1,482,481,483,-1,482,483,484,-1,484,483,485,-1,484,485,486,-1,486,485,487,-1,486,487,474,-1,474,487,464,-1,474,475,486,-1,486,475,488,-1,486,488,484,-1,484,488,489,-1,484,489,482,-1,482,489,490,-1,482,490,480,-1,480,490,491,-1,480,491,478,-1,478,491,492,-1,475,465,488,-1,488,465,493,-1,488,493,489,-1,489,493,494,-1,489,494,490,-1,490,494,495,-1,490,495,491,-1,491,495,496,-1,491,496,492,-1,492,496,497,-1,479,497,496,-1,479,496,481,-1,481,496,495,-1,481,495,483,-1,483,495,494,-1,483,494,485,-1,485,494,493,-1,485,493,487,-1,487,493,465,-1,487,465,464,-1,498,479,499,-1,499,479,478,-1,499,478,500,-1,500,478,492,-1,500,492,501,-1,501,492,497,-1,497,479,501,-1,501,479,498,-1,498,499,502,-1,502,499,503,-1,502,503,504,-1,504,503,505,-1,504,505,506,-1,506,505,507,-1,506,507,508,-1,508,507,509,-1,508,509,510,-1,510,509,511,-1,512,511,509,-1,512,509,513,-1,513,509,507,-1,513,507,514,-1,514,507,505,-1,514,505,515,-1,515,505,503,-1,515,503,516,-1,516,503,499,-1,516,499,500,-1,517,512,518,-1,518,512,513,-1,518,513,519,-1,519,513,514,-1,519,514,520,-1,520,514,515,-1,520,515,521,-1,521,515,516,-1,521,516,501,-1,501,516,500,-1,501,498,521,-1,521,498,502,-1,521,502,520,-1,520,502,504,-1,520,504,519,-1,519,504,506,-1,519,506,518,-1,518,506,508,-1,518,508,517,-1,517,508,510,-1,471,510,470,-1,470,510,511,-1,470,511,468,-1,468,511,512,-1,468,512,469,-1,469,512,517,-1,517,510,469,-1,469,510,471,-1,522,523,524,-1,524,523,525,-1,526,527,528,-1,528,527,529,-1,530,531,524,-1,524,531,532,-1,524,532,522,-1,532,531,533,-1,533,531,534,-1,523,533,525,-1,525,533,534,-1,525,534,535,-1,536,537,538,-1,538,537,539,-1,538,539,540,-1,540,539,541,-1,540,541,542,-1,542,541,543,-1,542,543,544,-1,544,543,545,-1,544,545,532,-1,532,545,522,-1,532,533,544,-1,544,533,546,-1,544,546,542,-1,542,546,547,-1,542,547,540,-1,540,547,548,-1,540,548,538,-1,538,548,549,-1,538,549,536,-1,536,549,550,-1,533,523,546,-1,546,523,551,-1,546,551,547,-1,547,551,552,-1,547,552,548,-1,548,552,553,-1,548,553,549,-1,549,553,554,-1,549,554,550,-1,550,554,555,-1,537,555,554,-1,537,554,539,-1,539,554,553,-1,539,553,541,-1,541,553,552,-1,541,552,543,-1,543,552,551,-1,543,551,545,-1,545,551,523,-1,545,523,522,-1,556,537,557,-1,557,537,536,-1,557,536,558,-1,558,536,550,-1,558,550,559,-1,559,550,555,-1,555,537,559,-1,559,537,556,-1,556,557,560,-1,560,557,561,-1,560,561,562,-1,562,561,563,-1,562,563,564,-1,564,563,565,-1,564,565,566,-1,566,565,567,-1,566,567,568,-1,568,567,569,-1,570,569,567,-1,570,567,571,-1,571,567,565,-1,571,565,572,-1,572,565,563,-1,572,563,573,-1,573,563,561,-1,573,561,574,-1,574,561,557,-1,574,557,558,-1,575,570,576,-1,576,570,571,-1,576,571,577,-1,577,571,572,-1,577,572,578,-1,578,572,573,-1,578,573,579,-1,579,573,574,-1,579,574,559,-1,559,574,558,-1,559,556,579,-1,579,556,560,-1,579,560,578,-1,578,560,562,-1,578,562,577,-1,577,562,564,-1,577,564,576,-1,576,564,566,-1,576,566,575,-1,575,566,568,-1,529,568,528,-1,528,568,569,-1,528,569,526,-1,526,569,570,-1,526,570,527,-1,527,570,575,-1,575,568,527,-1,527,568,529,-1,580,581,582,-1,582,581,583,-1,584,585,586,-1,586,585,587,-1,588,589,582,-1,582,589,590,-1,582,590,580,-1,590,589,591,-1,591,589,592,-1,581,591,583,-1,583,591,592,-1,583,592,593,-1,594,595,596,-1,596,595,597,-1,596,597,598,-1,598,597,599,-1,598,599,600,-1,600,599,601,-1,600,601,602,-1,602,601,603,-1,602,603,590,-1,590,603,580,-1,590,591,602,-1,602,591,604,-1,602,604,600,-1,600,604,605,-1,600,605,598,-1,598,605,606,-1,598,606,596,-1,596,606,607,-1,596,607,594,-1,594,607,608,-1,591,581,604,-1,604,581,609,-1,604,609,605,-1,605,609,610,-1,605,610,606,-1,606,610,611,-1,606,611,607,-1,607,611,612,-1,607,612,608,-1,608,612,613,-1,595,613,612,-1,595,612,597,-1,597,612,611,-1,597,611,599,-1,599,611,610,-1,599,610,601,-1,601,610,609,-1,601,609,603,-1,603,609,581,-1,603,581,580,-1,614,595,615,-1,615,595,594,-1,615,594,616,-1,616,594,608,-1,616,608,617,-1,617,608,613,-1,613,595,617,-1,617,595,614,-1,614,615,618,-1,618,615,619,-1,618,619,620,-1,620,619,621,-1,620,621,622,-1,622,621,623,-1,622,623,624,-1,624,623,625,-1,624,625,626,-1,626,625,627,-1,628,627,625,-1,628,625,629,-1,629,625,623,-1,629,623,630,-1,630,623,621,-1,630,621,631,-1,631,621,619,-1,631,619,632,-1,632,619,615,-1,632,615,616,-1,633,628,634,-1,634,628,629,-1,634,629,635,-1,635,629,630,-1,635,630,636,-1,636,630,631,-1,636,631,637,-1,637,631,632,-1,637,632,617,-1,617,632,616,-1,617,614,637,-1,637,614,618,-1,637,618,636,-1,636,618,620,-1,636,620,635,-1,635,620,622,-1,635,622,634,-1,634,622,624,-1,634,624,633,-1,633,624,626,-1,587,626,586,-1,586,626,627,-1,586,627,584,-1,584,627,628,-1,584,628,585,-1,585,628,633,-1,633,626,585,-1,585,626,587,-1,638,639,640,-1,640,639,641,-1,642,643,644,-1,644,643,645,-1,646,647,640,-1,640,647,648,-1,640,648,638,-1,648,647,649,-1,649,647,650,-1,639,649,641,-1,641,649,650,-1,641,650,651,-1,652,653,654,-1,654,653,655,-1,654,655,656,-1,656,655,657,-1,656,657,658,-1,658,657,659,-1,658,659,660,-1,660,659,661,-1,660,661,648,-1,648,661,638,-1,648,649,660,-1,660,649,662,-1,660,662,658,-1,658,662,663,-1,658,663,656,-1,656,663,664,-1,656,664,654,-1,654,664,665,-1,654,665,652,-1,652,665,666,-1,649,639,662,-1,662,639,667,-1,662,667,663,-1,663,667,668,-1,663,668,664,-1,664,668,669,-1,664,669,665,-1,665,669,670,-1,665,670,666,-1,666,670,671,-1,653,671,670,-1,653,670,655,-1,655,670,669,-1,655,669,657,-1,657,669,668,-1,657,668,659,-1,659,668,667,-1,659,667,661,-1,661,667,639,-1,661,639,638,-1,672,653,673,-1,673,653,652,-1,673,652,674,-1,674,652,666,-1,674,666,675,-1,675,666,671,-1,671,653,675,-1,675,653,672,-1,672,673,676,-1,676,673,677,-1,676,677,678,-1,678,677,679,-1,678,679,680,-1,680,679,681,-1,680,681,682,-1,682,681,683,-1,682,683,684,-1,684,683,685,-1,686,685,683,-1,686,683,687,-1,687,683,681,-1,687,681,688,-1,688,681,679,-1,688,679,689,-1,689,679,677,-1,689,677,690,-1,690,677,673,-1,690,673,674,-1,691,686,692,-1,692,686,687,-1,692,687,693,-1,693,687,688,-1,693,688,694,-1,694,688,689,-1,694,689,695,-1,695,689,690,-1,695,690,675,-1,675,690,674,-1,675,672,695,-1,695,672,676,-1,695,676,694,-1,694,676,678,-1,694,678,693,-1,693,678,680,-1,693,680,692,-1,692,680,682,-1,692,682,691,-1,691,682,684,-1,645,684,644,-1,644,684,685,-1,644,685,642,-1,642,685,686,-1,642,686,643,-1,643,686,691,-1,691,684,643,-1,643,684,645,-1,696,697,698,-1,698,697,699,-1,700,701,702,-1,702,701,703,-1,704,705,698,-1,698,705,706,-1,698,706,696,-1,706,705,707,-1,707,705,708,-1,697,707,699,-1,699,707,708,-1,699,708,709,-1,710,711,712,-1,712,711,713,-1,712,713,714,-1,714,713,715,-1,714,715,716,-1,716,715,717,-1,716,717,718,-1,718,717,719,-1,718,719,706,-1,706,719,696,-1,706,707,718,-1,718,707,720,-1,718,720,716,-1,716,720,721,-1,716,721,714,-1,714,721,722,-1,714,722,712,-1,712,722,723,-1,712,723,710,-1,710,723,724,-1,707,697,720,-1,720,697,725,-1,720,725,721,-1,721,725,726,-1,721,726,722,-1,722,726,727,-1,722,727,723,-1,723,727,728,-1,723,728,724,-1,724,728,729,-1,711,729,728,-1,711,728,713,-1,713,728,727,-1,713,727,715,-1,715,727,726,-1,715,726,717,-1,717,726,725,-1,717,725,719,-1,719,725,697,-1,719,697,696,-1,730,711,731,-1,731,711,710,-1,731,710,732,-1,732,710,724,-1,732,724,733,-1,733,724,729,-1,729,711,733,-1,733,711,730,-1,730,731,734,-1,734,731,735,-1,734,735,736,-1,736,735,737,-1,736,737,738,-1,738,737,739,-1,738,739,740,-1,740,739,741,-1,740,741,742,-1,742,741,743,-1,744,743,741,-1,744,741,745,-1,745,741,739,-1,745,739,746,-1,746,739,737,-1,746,737,747,-1,747,737,735,-1,747,735,748,-1,748,735,731,-1,748,731,732,-1,749,744,750,-1,750,744,745,-1,750,745,751,-1,751,745,746,-1,751,746,752,-1,752,746,747,-1,752,747,753,-1,753,747,748,-1,753,748,733,-1,733,748,732,-1,733,730,753,-1,753,730,734,-1,753,734,752,-1,752,734,736,-1,752,736,751,-1,751,736,738,-1,751,738,750,-1,750,738,740,-1,750,740,749,-1,749,740,742,-1,703,742,702,-1,702,742,743,-1,702,743,700,-1,700,743,744,-1,700,744,701,-1,701,744,749,-1,749,742,701,-1,701,742,703,-1,754,755,756,-1,756,755,757,-1,758,759,760,-1,760,759,761,-1,762,763,756,-1,756,763,764,-1,756,764,754,-1,764,763,765,-1,765,763,766,-1,755,765,757,-1,757,765,766,-1,757,766,767,-1,768,769,770,-1,770,769,771,-1,770,771,772,-1,772,771,773,-1,772,773,774,-1,774,773,775,-1,774,775,776,-1,776,775,777,-1,776,777,764,-1,764,777,754,-1,764,765,776,-1,776,765,778,-1,776,778,774,-1,774,778,779,-1,774,779,772,-1,772,779,780,-1,772,780,770,-1,770,780,781,-1,770,781,768,-1,768,781,782,-1,765,755,778,-1,778,755,783,-1,778,783,779,-1,779,783,784,-1,779,784,780,-1,780,784,785,-1,780,785,781,-1,781,785,786,-1,781,786,782,-1,782,786,787,-1,769,787,786,-1,769,786,771,-1,771,786,785,-1,771,785,773,-1,773,785,784,-1,773,784,775,-1,775,784,783,-1,775,783,777,-1,777,783,755,-1,777,755,754,-1,788,769,789,-1,789,769,768,-1,789,768,790,-1,790,768,782,-1,790,782,791,-1,791,782,787,-1,787,769,791,-1,791,769,788,-1,788,789,792,-1,792,789,793,-1,792,793,794,-1,794,793,795,-1,794,795,796,-1,796,795,797,-1,796,797,798,-1,798,797,799,-1,798,799,800,-1,800,799,801,-1,802,801,799,-1,802,799,803,-1,803,799,797,-1,803,797,804,-1,804,797,795,-1,804,795,805,-1,805,795,793,-1,805,793,806,-1,806,793,789,-1,806,789,790,-1,807,802,808,-1,808,802,803,-1,808,803,809,-1,809,803,804,-1,809,804,810,-1,810,804,805,-1,810,805,811,-1,811,805,806,-1,811,806,791,-1,791,806,790,-1,791,788,811,-1,811,788,792,-1,811,792,810,-1,810,792,794,-1,810,794,809,-1,809,794,796,-1,809,796,808,-1,808,796,798,-1,808,798,807,-1,807,798,800,-1,761,800,760,-1,760,800,801,-1,760,801,758,-1,758,801,802,-1,758,802,759,-1,759,802,807,-1,807,800,759,-1,759,800,761,-1,812,813,814,-1,814,813,815,-1,816,817,818,-1,818,817,819,-1,820,821,814,-1,814,821,822,-1,814,822,812,-1,822,821,823,-1,823,821,824,-1,813,823,815,-1,815,823,824,-1,815,824,825,-1,826,827,828,-1,828,827,829,-1,828,829,830,-1,830,829,831,-1,830,831,832,-1,832,831,833,-1,832,833,834,-1,834,833,835,-1,834,835,822,-1,822,835,812,-1,822,823,834,-1,834,823,836,-1,834,836,832,-1,832,836,837,-1,832,837,830,-1,830,837,838,-1,830,838,828,-1,828,838,839,-1,828,839,826,-1,826,839,840,-1,823,813,836,-1,836,813,841,-1,836,841,837,-1,837,841,842,-1,837,842,838,-1,838,842,843,-1,838,843,839,-1,839,843,844,-1,839,844,840,-1,840,844,845,-1,827,845,844,-1,827,844,829,-1,829,844,843,-1,829,843,831,-1,831,843,842,-1,831,842,833,-1,833,842,841,-1,833,841,835,-1,835,841,813,-1,835,813,812,-1,846,827,847,-1,847,827,826,-1,847,826,848,-1,848,826,840,-1,848,840,849,-1,849,840,845,-1,845,827,849,-1,849,827,846,-1,846,847,850,-1,850,847,851,-1,850,851,852,-1,852,851,853,-1,852,853,854,-1,854,853,855,-1,854,855,856,-1,856,855,857,-1,856,857,858,-1,858,857,859,-1,860,859,857,-1,860,857,861,-1,861,857,855,-1,861,855,862,-1,862,855,853,-1,862,853,863,-1,863,853,851,-1,863,851,864,-1,864,851,847,-1,864,847,848,-1,865,860,866,-1,866,860,861,-1,866,861,867,-1,867,861,862,-1,867,862,868,-1,868,862,863,-1,868,863,869,-1,869,863,864,-1,869,864,849,-1,849,864,848,-1,849,846,869,-1,869,846,850,-1,869,850,868,-1,868,850,852,-1,868,852,867,-1,867,852,854,-1,867,854,866,-1,866,854,856,-1,866,856,865,-1,865,856,858,-1,819,858,818,-1,818,858,859,-1,818,859,816,-1,816,859,860,-1,816,860,817,-1,817,860,865,-1,865,858,817,-1,817,858,819,-1,870,871,872,-1,872,871,873,-1,874,875,876,-1,876,875,877,-1,878,879,872,-1,872,879,880,-1,872,880,870,-1,880,879,881,-1,881,879,882,-1,871,881,873,-1,873,881,882,-1,873,882,883,-1,884,885,886,-1,886,885,887,-1,886,887,888,-1,888,887,889,-1,888,889,890,-1,890,889,891,-1,890,891,892,-1,892,891,893,-1,892,893,880,-1,880,893,870,-1,880,881,892,-1,892,881,894,-1,892,894,890,-1,890,894,895,-1,890,895,888,-1,888,895,896,-1,888,896,886,-1,886,896,897,-1,886,897,884,-1,884,897,898,-1,881,871,894,-1,894,871,899,-1,894,899,895,-1,895,899,900,-1,895,900,896,-1,896,900,901,-1,896,901,897,-1,897,901,902,-1,897,902,898,-1,898,902,903,-1,885,903,902,-1,885,902,887,-1,887,902,901,-1,887,901,889,-1,889,901,900,-1,889,900,891,-1,891,900,899,-1,891,899,893,-1,893,899,871,-1,893,871,870,-1,904,885,905,-1,905,885,884,-1,905,884,906,-1,906,884,898,-1,906,898,907,-1,907,898,903,-1,903,885,907,-1,907,885,904,-1,904,905,908,-1,908,905,909,-1,908,909,910,-1,910,909,911,-1,910,911,912,-1,912,911,913,-1,912,913,914,-1,914,913,915,-1,914,915,916,-1,916,915,917,-1,918,917,915,-1,918,915,919,-1,919,915,913,-1,919,913,920,-1,920,913,911,-1,920,911,921,-1,921,911,909,-1,921,909,922,-1,922,909,905,-1,922,905,906,-1,923,918,924,-1,924,918,919,-1,924,919,925,-1,925,919,920,-1,925,920,926,-1,926,920,921,-1,926,921,927,-1,927,921,922,-1,927,922,907,-1,907,922,906,-1,907,904,927,-1,927,904,908,-1,927,908,926,-1,926,908,910,-1,926,910,925,-1,925,910,912,-1,925,912,924,-1,924,912,914,-1,924,914,923,-1,923,914,916,-1,877,916,876,-1,876,916,917,-1,876,917,874,-1,874,917,918,-1,874,918,875,-1,875,918,923,-1,923,916,875,-1,875,916,877,-1,
        ]
    }
}
Shape{
    appearance Appearance {
        material  Material {
            diffuseColor 0.6470588235294118 0.6470588235294118 0.6470588235294118
            specularColor 0.3215686274509804 0.3215686274509804 0.3215686274509804
            ambientIntensity 0.6471
            transparency 0.0
            shininess 0.5
        }
    }
    geometry IndexedFaceSet {
        ccw TRUE
        solid FALSE
        coord DEF co Coordinate {
            point [
                0.4571 -0.1191 1.3031, 0.4571 -0.1537 1.3031, 0.4571 -0.1191 1.2992, 0.4571 -0.1537 1.2992, 0.6184 -0.1537 1.3031, 0.6184 -0.1537 1.2992, 0.6184 0.1612 1.3031, 0.6184 0.1612 1.2992, 0.5761 0.1612 1.3031, 0.5761 0.1612 1.2992, 0.5761 -0.1191 1.3031, 0.5761 -0.1191 1.2992, 0.1959 -0.1028 1.3031, 0.1959 -0.1374 1.3031, 0.1959 -0.1028 1.2992, 0.1959 -0.1374 1.2992, 0.2295 -0.1512 1.3031, 0.2825 -0.1576 1.3031, 0.2825 -0.1576 1.2992, 0.2739 -0.1574 1.2992, 0.2739 -0.1574 1.3031, 0.2613 -0.1556 1.2992, 0.2295 -0.1512 1.2992, 0.3011 -0.1556 1.2992, 0.3214 -0.1535 1.3031, 0.3214 -0.1535 1.2992, 0.3519 -0.143 1.3031, 0.3519 -0.143 1.2992, 0.3772 -0.1268 1.3031, 0.3772 -0.1268 1.2992, 0.4009 -0.1019 1.3031, 0.4009 -0.1019 1.2992, 0.4177 -0.072 1.3031, 0.4177 -0.072 1.2992, 0.4271 -0.0387 1.3031, 0.4271 -0.0387 1.2992, 0.4302 -0.0022 1.3031, 0.4302 -0.0022 1.2992, 0.27 0.1651 1.3031, 0.27 0.1651 1.2992, 0.3016 0.1625 1.2992, 0.3016 0.1625 1.3031, 0.3367 0.1523 1.2992, 0.3367 0.1523 1.3031, 0.3667 0.1351 1.2992, 0.3667 0.1351 1.3031, 0.3951 0.1077 1.2992, 0.3951 0.1077 1.3031, 0.4136 0.0783 1.2992, 0.4136 0.0783 1.3031, 0.4256 0.0426 1.2992, 0.4256 0.0426 1.3031, 0.1959 0.1526 1.3031, 0.1959 0.1526 1.2992, 0.2323 0.1625 1.2992, 0.2323 0.1625 1.3031, 0.1959 0.1104 1.3031, 0.1959 0.1104 1.2992, 0.2696 0.1305 1.3031, 0.2696 0.1305 1.2992, 0.2314 0.1255 1.2992, 0.2314 0.1255 1.3031, 0.3879 0.0004 1.3031, 0.3879 0.0004 1.2992, 0.3864 0.0249 1.2992, 0.3864 0.0249 1.3031, 0.378 0.0586 1.2992, 0.378 0.0586 1.3031, 0.365 0.0829 1.2992, 0.365 0.0829 1.3031, 0.346 0.1039 1.2992, 0.346 0.1039 1.3031, 0.3242 0.1185 1.2992, 0.3242 0.1185 1.3031, 0.3007 0.127 1.2992, 0.3007 0.127 1.3031, 0.2767 -0.123 1.3031, 0.2767 -0.123 1.2992, 0.3061 -0.1197 1.2992, 0.3061 -0.1197 1.3031, 0.329 -0.1112 1.2992, 0.329 -0.1112 1.3031, 0.3484 -0.0982 1.2992, 0.3484 -0.0982 1.3031, 0.3632 -0.0826 1.2992, 0.3632 -0.0826 1.3031, 0.3762 -0.0608 1.2992, 0.3762 -0.0608 1.3031, 0.3847 -0.0337 1.2992, 0.3847 -0.0337 1.3031, 0.2015 -0.1059 1.2992, 0.2015 -0.1059 1.3031, 0.2349 -0.1183 1.2992, 0.2349 -0.1183 1.3031, -0.0346 -0.1191 1.3031, -0.0346 -0.1537 1.3031, -0.0346 -0.1191 1.2992, -0.0346 -0.1537 1.2992, 0.1344 -0.1537 1.3031, 0.1344 -0.1537 1.2992, 0.1344 0.1612 1.3031, 0.1344 0.1612 1.2992, -0.0269 0.1612 1.3031, -0.0269 0.1612 1.2992, -0.0269 0.1267 1.3031, -0.0269 0.1267 1.2992, 0.0922 0.1267 1.3031, 0.0922 0.1267 1.2992, 0.0922 0.023 1.3031, 0.0922 0.023 1.2992, -0.0192 0.023 1.3031, -0.0192 0.023 1.2992, -0.0192 -0.0116 1.3031, -0.0192 -0.0116 1.2992, 0.0922 -0.0116 1.3031, 0.0922 -0.0116 1.2992, 0.0922 -0.1191 1.3031, 0.0922 -0.1191 1.2992, -0.1817 -0.1537 1.3031, -0.096 -0.1537 1.3031, -0.1817 -0.1537 1.2992, -0.096 -0.1537 1.2992, -0.096 0.1612 1.3031, -0.096 0.1612 1.2992, -0.1849 0.1612 1.3031, -0.1849 0.1612 1.2992, -0.3495 0.0077 1.3031, -0.3495 0.0077 1.2992, -0.3473 0.0374 1.2992, -0.3473 0.0374 1.3031, -0.3388 0.0684 1.2992, -0.3388 0.0684 1.3031, -0.3242 0.0955 1.2992, -0.3242 0.0955 1.3031, -0.3019 0.1202 1.2992, -0.3019 0.1202 1.3031, -0.3016 0.1205 1.2992, -0.3016 0.1205 1.3031, -0.2673 0.1434 1.2992, -0.2673 0.1434 1.3031, -0.2304 0.1564 1.2992, -0.2304 0.1564 1.3031, -0.2206 -0.1503 1.2992, -0.2206 -0.1503 1.3031, -0.2569 -0.1395 1.2992, -0.2569 -0.1395 1.3031, -0.2898 -0.1204 1.2992, -0.2898 -0.1204 1.3031, -0.3158 -0.0956 1.2992, -0.3158 -0.0956 1.3031, -0.3338 -0.0674 1.2992, -0.3338 -0.0674 1.3031, -0.3451 -0.0344 1.2992, -0.3451 -0.0344 1.3031, -0.2863 0.0825 1.3031, -0.271 0.0988 1.3031, -0.248 0.1136 1.3031, -0.222 0.1227 1.3031, -0.1847 0.1267 1.3031, -0.1383 0.1267 1.3031, -0.1383 -0.1191 1.3031, -0.183 -0.1191 1.3031, -0.2162 -0.1161 1.3031, -0.2427 -0.1078 1.3031, -0.2642 -0.095 1.3031, -0.2819 -0.0776 1.3031, -0.2952 -0.0559 1.3031, -0.3044 -0.0263 1.3031, -0.3073 0.0068 1.3031, -0.3046 0.0382 1.3031, -0.2973 0.0631 1.3031, -0.1847 0.1267 1.2992, -0.1383 0.1267 1.2992, -0.222 0.1227 1.2992, -0.248 0.1136 1.2992, -0.271 0.0988 1.2992, -0.2863 0.0825 1.2992, -0.2973 0.0631 1.2992, -0.3046 0.0382 1.2992, -0.3073 0.0068 1.2992, -0.3044 -0.0263 1.2992, -0.2952 -0.0559 1.2992, -0.2819 -0.0776 1.2992, -0.2642 -0.095 1.2992, -0.2427 -0.1078 1.2992, -0.2162 -0.1161 1.2992, -0.183 -0.1191 1.2992, -0.1383 -0.1191 1.2992, -0.5339 0.1612 1.3031, -0.6568 -0.1537 1.3031, -0.5339 0.1612 1.2992, -0.6568 -0.1537 1.2992, -0.6107 -0.1537 1.3031, -0.6107 -0.1537 1.2992, -0.5789 -0.0654 1.3031, -0.5789 -0.0654 1.2992, -0.4487 -0.0654 1.3031, -0.4487 -0.0654 1.2992, -0.4187 -0.1537 1.3031, -0.4187 -0.1537 1.2992, -0.3726 -0.1537 1.3031, -0.3726 -0.1537 1.2992, -0.4917 0.1612 1.3031, -0.4917 0.1612 1.2992, -0.4594 -0.0308 1.3031, -0.5647 -0.0308 1.3031, -0.5064 0.1008 1.3031, -0.5094 0.1117 1.3031, -0.5114 0.1228 1.3031, -0.5124 0.1228 1.3031, -0.5145 0.1117 1.3031, -0.5173 0.1008 1.3031, -0.4594 -0.0308 1.2992, -0.5647 -0.0308 1.2992, -0.5064 0.1008 1.2992, -0.5094 0.1117 1.2992, -0.5114 0.1228 1.2992, -0.5124 0.1228 1.2992, -0.5145 0.1117 1.2992, -0.5173 0.1008 1.2992
            ]
        }
        coordIndex [
            0,1,2,-1,2,1,3,-1,1,4,3,-1,3,4,5,-1,4,6,5,-1,5,6,7,-1,6,8,7,-1,7,8,9,-1,8,10,9,-1,9,10,11,-1,10,0,11,-1,11,0,2,-1,8,6,10,-1,10,6,4,-1,10,4,0,-1,0,4,1,-1,12,13,14,-1,14,13,15,-1,15,13,16,-1,17,18,19,-1,17,19,20,-1,20,19,21,-1,20,21,16,-1,16,21,22,-1,16,22,15,-1,18,17,23,-1,23,17,24,-1,23,24,25,-1,25,24,26,-1,25,26,27,-1,27,26,28,-1,27,28,29,-1,29,28,30,-1,29,30,31,-1,31,30,32,-1,31,32,33,-1,33,32,34,-1,33,34,35,-1,35,34,36,-1,35,36,37,-1,38,39,40,-1,38,40,41,-1,41,40,42,-1,41,42,43,-1,43,42,44,-1,43,44,45,-1,45,44,46,-1,45,46,47,-1,47,46,48,-1,47,48,49,-1,49,48,50,-1,49,50,51,-1,51,50,37,-1,51,37,36,-1,52,53,54,-1,52,54,55,-1,55,54,39,-1,55,39,38,-1,52,56,53,-1,53,56,57,-1,58,59,60,-1,58,60,61,-1,61,60,57,-1,61,57,56,-1,62,63,64,-1,62,64,65,-1,65,64,66,-1,65,66,67,-1,67,66,68,-1,67,68,69,-1,69,68,70,-1,69,70,71,-1,71,70,72,-1,71,72,73,-1,73,72,74,-1,73,74,75,-1,75,74,59,-1,75,59,58,-1,76,77,78,-1,76,78,79,-1,79,78,80,-1,79,80,81,-1,81,80,82,-1,81,82,83,-1,83,82,84,-1,83,84,85,-1,85,84,86,-1,85,86,87,-1,87,86,88,-1,87,88,89,-1,89,88,63,-1,89,63,62,-1,12,14,90,-1,12,90,91,-1,91,90,92,-1,91,92,93,-1,93,92,77,-1,93,77,76,-1,79,17,76,-1,76,17,20,-1,76,20,93,-1,93,20,16,-1,93,16,91,-1,91,16,13,-1,91,13,12,-1,56,52,61,-1,61,52,55,-1,61,55,58,-1,58,55,38,-1,58,38,75,-1,75,38,41,-1,75,41,73,-1,73,41,43,-1,73,43,71,-1,71,43,45,-1,71,45,69,-1,69,45,47,-1,69,47,67,-1,67,47,49,-1,67,49,65,-1,65,49,51,-1,65,51,62,-1,62,51,36,-1,62,36,89,-1,89,36,34,-1,89,34,87,-1,87,34,32,-1,87,32,85,-1,85,32,30,-1,85,30,83,-1,83,30,28,-1,83,28,81,-1,81,28,26,-1,81,26,79,-1,79,26,24,-1,79,24,17,-1,94,95,96,-1,96,95,97,-1,95,98,97,-1,97,98,99,-1,98,100,99,-1,99,100,101,-1,100,102,101,-1,101,102,103,-1,102,104,103,-1,103,104,105,-1,104,106,105,-1,105,106,107,-1,106,108,107,-1,107,108,109,-1,108,110,109,-1,109,110,111,-1,110,112,111,-1,111,112,113,-1,112,114,113,-1,113,114,115,-1,114,116,115,-1,115,116,117,-1,116,94,117,-1,117,94,96,-1,98,95,94,-1,94,116,98,-1,98,116,114,-1,98,114,100,-1,104,102,106,-1,106,102,100,-1,106,100,108,-1,108,100,114,-1,108,114,110,-1,110,114,112,-1,118,119,120,-1,120,119,121,-1,119,122,121,-1,121,122,123,-1,122,124,123,-1,123,124,125,-1,126,127,128,-1,126,128,129,-1,129,128,130,-1,129,130,131,-1,131,130,132,-1,131,132,133,-1,133,132,134,-1,133,134,135,-1,135,134,136,-1,135,136,137,-1,137,136,138,-1,137,138,139,-1,139,138,140,-1,139,140,141,-1,141,140,125,-1,141,125,124,-1,118,120,142,-1,118,142,143,-1,143,142,144,-1,143,144,145,-1,145,144,146,-1,145,146,147,-1,147,146,148,-1,147,148,149,-1,149,148,150,-1,149,150,151,-1,151,150,152,-1,151,152,153,-1,153,152,127,-1,153,127,126,-1,131,133,154,-1,154,133,135,-1,154,135,155,-1,155,135,137,-1,155,137,156,-1,156,137,139,-1,156,139,157,-1,157,139,141,-1,157,141,158,-1,158,141,124,-1,158,124,159,-1,159,124,122,-1,159,122,160,-1,160,122,119,-1,160,119,161,-1,161,119,118,-1,161,118,162,-1,162,118,143,-1,162,143,163,-1,163,143,145,-1,163,145,164,-1,164,145,147,-1,164,147,165,-1,165,147,149,-1,165,149,166,-1,166,149,151,-1,166,151,167,-1,167,151,153,-1,167,153,168,-1,168,153,126,-1,168,126,169,-1,169,126,129,-1,169,129,170,-1,170,129,131,-1,170,131,154,-1,158,159,171,-1,171,159,172,-1,158,171,173,-1,158,173,157,-1,157,173,174,-1,157,174,156,-1,156,174,175,-1,156,175,155,-1,155,175,176,-1,155,176,154,-1,154,176,177,-1,154,177,170,-1,170,177,178,-1,170,178,169,-1,169,178,179,-1,169,179,168,-1,168,179,180,-1,168,180,167,-1,167,180,181,-1,167,181,166,-1,166,181,182,-1,166,182,165,-1,165,182,183,-1,165,183,164,-1,164,183,184,-1,164,184,163,-1,163,184,185,-1,163,185,162,-1,162,185,186,-1,162,186,161,-1,160,161,187,-1,187,161,186,-1,159,160,172,-1,172,160,187,-1,188,189,190,-1,190,189,191,-1,189,192,191,-1,191,192,193,-1,192,194,193,-1,193,194,195,-1,194,196,195,-1,195,196,197,-1,196,198,197,-1,197,198,199,-1,198,200,199,-1,199,200,201,-1,200,202,201,-1,201,202,203,-1,202,188,203,-1,203,188,190,-1,204,196,205,-1,205,196,194,-1,206,202,204,-1,204,202,200,-1,204,200,196,-1,196,200,198,-1,206,207,202,-1,202,207,208,-1,202,208,188,-1,188,208,209,-1,188,209,210,-1,210,211,188,-1,188,211,205,-1,188,205,189,-1,189,205,194,-1,189,194,192,-1,204,205,212,-1,212,205,213,-1,206,204,214,-1,214,204,212,-1,206,214,215,-1,206,215,207,-1,207,215,216,-1,207,216,208,-1,209,208,217,-1,217,208,216,-1,209,217,218,-1,209,218,210,-1,210,218,219,-1,210,219,211,-1,205,211,213,-1,213,211,219,-1,
        ]
    }
}
Shape{
    appearance Appearance {
        material  Material {
            diffuseColor 0.2235294117647059 0.2235294117647059 0.2235294117647059
            specularColor 0.11372549019607843 0.11372549019607843 0.11372549019607843
            ambientIntensity 0.2235
            transparency 0.0
            shininess 0.5
        }
    }
    geometry IndexedFaceSet {
        ccw TRUE
        solid FALSE
        coord DEF co Coordinate {
            point [
                -0.1383 0.1267 1.2992, -0.1383 -0.1191 1.2992, -0.1847 0.1267 1.2992, -0.183 -0.1191 1.2992, -0.2162 -0.1161 1.2992, -0.3073 0.0068 1.2992, -0.3046 0.0382 1.2992, -0.2973 0.0631 1.2992, -0.222 0.1227 1.2992, -0.2427 -0.1078 1.2992, -0.2642 -0.095 1.2992, -0.2819 -0.0776 1.2992, -0.2952 -0.0559 1.2992, -0.3044 -0.0263 1.2992, -0.2863 0.0825 1.2992, -0.271 0.0988 1.2992, -0.248 0.1136 1.2992, -0.4594 -0.0308 1.2992, -0.5647 -0.0308 1.2992, -0.5064 0.1008 1.2992, -0.5173 0.1008 1.2992, -0.5094 0.1117 1.2992, -0.5145 0.1117 1.2992, -0.5114 0.1228 1.2992, -0.5124 0.1228 1.2992
            ]
        }
        coordIndex [
            0,1,2,-1,2,1,3,-1,2,3,4,-1,5,6,2,-1,2,6,7,-1,2,7,8,-1,4,9,2,-1,2,9,10,-1,2,10,11,-1,11,12,2,-1,2,12,13,-1,2,13,5,-1,14,15,7,-1,7,15,16,-1,7,16,8,-1,17,18,19,-1,19,18,20,-1,19,20,21,-1,21,20,22,-1,21,22,23,-1,23,22,24,-1,
        ]
    }
}