#VRML V2.0 utf8
# 3D model generated by kicad-lcsc-manager
# Based on easyeda2kicad.py v1.0.1

Shape{
    appearance Appearance {
        material  Material {
            diffuseColor 0.7529411764705882 0.7529411764705882 0.7529411764705882
            specularColor 0.3764705882352941 0.3764705882352941 0.3764705882352941
            ambientIntensity 0.7529
            transparency 0.0
            shininess 0.5
        }
    }
    geometry IndexedFaceSet {
        ccw TRUE
        solid FALSE
        coord DEF co Coordinate {
            point [
                3.2657 -2.8065 1.9786, 3.2657 -2.8065 3.2955, 3.2657 -2.8179 3.2955, 3.2657 -2.8065 5.1181, 3.2657 -2.8179 5.1181, 3.2657 -2.6274 3.2955, 3.2657 -2.6274 5.1181, 3.2657 -2.7011 5.1181, 3.2657 -2.7607 0.698, 3.2657 -2.765 0.6975, 3.2657 -2.7011 0.6975, 3.2657 -2.8545 0.6997, 3.2657 -2.8608 0.6975, 3.2657 -2.8403 0.6986, 3.2657 -2.9041 0.9391, 3.2657 -2.9061 0.9442, 3.2657 -2.9061 0.9092, 3.2657 -2.8145 0.9147, 3.2657 -2.8179 0.9136, 3.2657 -2.8179 0.9092, 3.2657 -3.1132 0.891, 3.2657 -3.1048 0.87, 3.2657 -3.0426 0.87, 3.2657 -3.3323 1.0754, 3.2657 -3.2964 1.0628, 3.2657 -3.0426 1.0628, 3.2657 -3.2847 1.0587, 3.2657 -3.2424 1.0302, 3.2657 -3.2109 0.9938, 3.2657 -3.1911 0.9553, 3.2657 -3.1866 0.9537, 3.2657 -4.2323 1.0628, 3.2657 -4.2323 0.9092, 3.2657 -3.6891 0.9092, 3.2657 -3.4853 1.0426, 3.2657 -3.4621 1.0569, 3.2657 -3.4469 1.0628, 3.2657 -4.2323 1.9786, 3.2657 -3.4183 1.0738, 3.2657 -3.0426 1.9786, 3.2657 -3.3714 1.0796, 3.2657 -3.6808 0.9279, 3.2657 -3.658 0.9572, 3.2657 -3.6516 0.9632, 3.2657 -3.6214 0.9844, 3.2657 -3.5863 0.9981, 3.2657 -3.5488 1.0027, 3.2657 -3.5076 1.0235, 3.2657 -3.5379 1.0021, 3.2657 -3.527 1.0008, 3.2657 -3.6331 0.7203, 3.2657 -3.6627 0.7456, 3.2657 -4.2323 0.6975, 3.2657 -3.5988 0.7036, 3.2657 -3.6843 0.7765, 3.2657 -3.698 0.8118, 3.2657 -4.2323 0.87, 3.2657 -3.7026 0.849, 3.2657 -3.7023 0.8581, 3.2657 -3.7002 0.87, 3.2657 -3.6959 0.8937, 3.2657 -3.5868 0.7, 3.2657 -3.5856 0.6975, 3.2657 -3.5773 0.6796, 3.2657 -4.2323 0.6446, 3.2657 -3.5631 0.6622, 3.2657 -3.5446 0.6482, 3.2657 -4.2323 0.1181, 3.2657 -3.5227 0.6391, 3.2657 -3.5359 0.6446, 3.2657 -3.4574 0.6446, 3.2657 -3.4736 0.6384, 3.2657 -3.0426 0.1181, 3.2657 -3.4967 0.6355, 3.2657 -3.5003 0.6356, 3.2657 -3.4078 0.6975, 3.2657 -3.4079 0.6969, 3.2657 -3.0426 0.6446, 3.2657 -3.4192 0.6758, 3.2657 -3.4336 0.6597, 3.2657 -3.4525 0.6465, 3.2657 -3.2866 0.7534, 3.2657 -3.2801 0.756, 3.2657 -3.2689 0.8101, 3.2657 -3.1323 0.7408, 3.2657 -3.1581 0.719, 3.2657 -3.0426 0.6975, 3.2657 -3.4255 0.794, 3.2657 -3.2984 0.8604, 3.2657 -3.4421 0.8091, 3.2657 -3.4623 0.8199, 3.2657 -3.2924 0.7493, 3.2657 -3.1135 0.7671, 3.2657 -3.1565 0.8385, 3.2657 -3.161 0.8567, 3.2657 -3.1682 0.87, 3.2657 -3.6404 0.87, 3.2657 -3.1016 0.862, 3.2657 -3.0972 0.831, 3.2657 -3.1016 0.7972, 3.2657 -3.2727 0.757, 3.2657 -3.2718 0.7569, 3.2657 -3.269 0.7563, 3.2657 -3.6348 0.8129, 3.2657 -3.6236 0.7939, 3.2657 -3.5754 0.7839, 3.2657 -3.6066 0.7764, 3.2657 -3.5859 0.7636, 3.2657 -3.5403 0.8154, 3.2657 -3.5597 0.8019, 3.2657 -3.6428 0.8509, 3.2657 -3.6416 0.8361, 3.2657 -3.5194 0.8234, 3.2657 -3.4967 0.8262, 3.2657 -3.4852 0.8255, 3.2657 -3.3022 0.7275, 3.2657 -3.3019 0.7313, 3.2657 -3.4018 0.7399, 3.2657 -3.3 0.7385, 3.2657 -3.2964 0.745, 3.2657 -3.1753 0.7798, 3.2657 -3.1649 0.7946, 3.2657 -3.1583 0.8115, 3.2657 -3.156 0.83, 3.2657 -3.28 0.699, 3.2657 -3.2863 0.7015, 3.2657 -3.2924 0.7058, 3.2657 -3.2946 0.7081, 3.2657 -3.2988 0.714, 3.2657 -3.3013 0.7205, 3.2657 -3.4023 0.7204, 3.2657 -3.4018 0.7304, 3.2657 -3.1871 0.7048, 3.2657 -3.2187 0.6981, 3.2657 -3.2746 0.6981, 3.2657 -3.2671 0.756, 3.2657 -3.2244 0.756, 3.2657 -3.2072 0.7593, 3.2657 -3.1905 0.7671, 3.2657 -3.1765 0.7786, 3.2657 -3.2376 0.904, 3.2657 -3.6318 0.8951, 3.2657 -3.6399 0.8739, 3.2657 -3.23 0.904, 3.2657 -3.1699 0.8731, 3.2657 -3.1807 0.8851, 3.2657 -3.1954 0.8954, 3.2657 -3.212 0.9018, 3.2657 -3.2582 0.9612, 3.2657 -3.2796 0.9867, 3.2657 -3.4976 0.9315, 3.2657 -3.2818 0.9887, 3.2657 -3.3085 1.0072, 3.2657 -3.4831 0.9616, 3.2657 -3.622 0.9092, 3.2657 -3.5042 0.9351, 3.2657 -3.2388 0.9092, 3.2657 -3.2435 0.9306, 3.2657 -3.5255 0.943, 3.2657 -3.5479 0.9458, 3.2657 -3.5579 0.9452, 3.2657 -3.4618 0.987, 3.2657 -3.3382 1.0187, 3.2657 -3.4364 1.0055, 3.2657 -3.3705 1.0226, 3.2657 -3.4054 1.0181, 3.2657 -3.5814 0.9397, 3.2657 -3.6025 0.9284, 3.2657 -3.6186 0.914, 3.2657 -3.1583 0.9397, 3.2657 -3.1326 0.918, 3.2657 -3.0426 0.9092, 3.2657 -3.1263 0.9092, 3.2657 -2.9192 0.832, 3.2657 -2.9168 0.87, 3.2657 -2.9879 0.832, 3.2657 -2.9879 0.6986, 3.2657 -2.9168 0.6975, 3.2657 -2.9707 0.7587, 3.2657 -2.9707 0.7138, 3.2657 -2.923 0.7587, 3.2657 -2.9168 0.7138, 3.2657 -2.923 0.774, 3.2657 -2.9192 0.8167, 3.2657 -2.9707 0.774, 3.2657 -2.9707 0.8167, 3.2657 -2.9061 0.87, 3.2657 -2.9161 0.7138, 3.2657 -2.9061 0.6975, 3.2657 -2.9161 0.6986, 3.2657 -2.9168 0.6986, 3.2657 -2.8122 1.0225, 3.2657 -2.8065 0.9092, 3.2657 -2.8065 1.0628, 3.2657 -2.8122 0.9323, 3.2657 -2.8122 0.9158, 3.2657 -2.8149 1.024, 3.2657 -2.8179 0.9297, 3.2657 -2.8179 1.025, 3.2657 -2.8286 1.0288, 3.2657 -2.8394 0.9237, 3.2657 -2.8245 0.9267, 3.2657 -2.894 0.9743, 3.2657 -2.894 0.9755, 3.2657 -2.8436 1.0304, 3.2657 -2.8482 1.0303, 3.2657 -2.8599 1.0282, 3.2657 -2.8822 1.0132, 3.2657 -2.8883 1.0035, 3.2657 -2.8924 0.9915, 3.2657 -2.8782 0.9348, 3.2657 -2.8695 0.9286, 3.2657 -2.8704 1.0234, 3.2657 -2.88 1.0156, 3.2657 -2.8809 0.9375, 3.2657 -2.8919 0.9579, 3.2657 -2.8877 0.947, 3.2657 -2.8599 0.925, 3.2657 -2.8466 0.9234, 3.2657 -2.8769 1.0383, 3.2657 -2.8629 1.0437, 3.2657 -2.9061 1.0628, 3.2657 -2.8421 1.046, 3.2657 -2.8249 1.0444, 3.2657 -2.8179 1.0628, 3.2657 -2.8179 1.0423, 3.2657 -2.8122 1.0405, 3.2657 -2.8438 1.046, 3.2657 -2.9017 1.015, 3.2657 -2.8928 1.0264, 3.2657 -2.8898 1.0292, 3.2657 -2.9168 0.9092, 3.2657 -2.9168 1.0628, 3.2657 -2.9084 1.0004, 3.2657 -2.9061 1.0053, 3.2657 -2.9095 0.9531, 3.2657 -2.9121 0.9745, 3.2657 -2.9117 0.9833, 3.2657 -2.8721 0.9116, 3.2657 -2.8846 0.9176, 3.2657 -2.895 0.9263, 3.2657 -2.8962 0.9276, 3.2657 -2.8288 0.91, 3.2657 -2.8373 0.9092, 3.2657 -2.8179 0.87, 3.2657 -2.8491 0.9081, 3.2657 -2.8577 0.9085, 3.2657 -2.861 0.9092, 3.2657 -0.6102 0.1181, 3.2657 -0.6102 0.6446, 3.2657 -0.6693 0.1181, 3.2657 -1.2267 0.6446, 3.2657 -1.1417 0.1181, 3.2657 -1.1417 -0.7874, 3.2657 -0.6693 -0.7874, 3.2657 -1.0676 -0.9413, 3.2657 -1.0303 -0.9648, 3.2657 -1.0988 -0.9101, 3.2657 -1.1222 -0.8728, 3.2657 -1.1368 -0.8312, 3.2657 -0.9449 -0.9843, 3.2657 -0.9887 -0.9793, 3.2657 -0.8661 -0.9843, 3.2657 -0.6742 -0.8312, 3.2657 -0.8223 -0.9793, 3.2657 -0.7807 -0.9648, 3.2657 -0.7434 -0.9413, 3.2657 -0.7122 -0.9101, 3.2657 -0.6888 -0.8728, 3.2657 -1.2267 0.1181, 3.2657 -2.1493 0.6446, 3.2657 -2.1493 0.1181, 3.2657 -2.409 0.6446, 3.2657 -2.409 0.1181, 3.2657 -2.5761 0.6446, 3.2657 -2.5761 0.1181, 3.2657 -2.6274 0.6446, 3.2657 -2.6274 0.1181, 3.2657 -2.7011 0.6446, 3.2657 -2.7011 0.1181, 3.2657 -2.7932 0.6446, 3.2657 -2.7932 0.1181, 3.2657 -2.9168 0.1181, 3.2657 -2.9168 0.6446, 3.2657 -2.9061 0.1181, 3.2657 -2.9061 0.6446, 3.2657 -2.8179 0.1181, 3.2657 -2.8179 0.6446, 3.2657 -1.031 0.7819, 3.2657 -1.0369 0.7653, 3.2657 -0.6102 0.6975, 3.2657 -1.0462 0.7503, 3.2657 -1.0587 0.7379, 3.2657 -1.0736 0.7285, 3.2657 -1.0462 1.5577, 3.2657 -1.0369 1.5428, 3.2657 -0.6102 1.9786, 3.2657 -1.2267 1.9786, 3.2657 -1.2267 1.5758, 3.2657 -1.2207 1.5796, 3.2657 -1.031 1.5261, 3.2657 -1.0291 1.5086, 3.2657 -0.6102 1.0628, 3.2657 -1.0291 1.0628, 3.2657 -0.6102 0.9092, 3.2657 -1.0291 0.9092, 3.2657 -0.6102 0.87, 3.2657 -1.0291 0.87, 3.2657 -1.0291 0.7994, 3.2657 -1.0903 1.5854, 3.2657 -1.0736 1.5796, 3.2657 -1.0587 1.5702, 3.2657 -1.2041 1.5854, 3.2657 -1.1865 1.5874, 3.2657 -1.1078 1.5874, 3.2657 -1.8217 1.5796, 3.2657 -1.8067 1.5702, 3.2657 -2.1493 1.9786, 3.2657 -2.0055 1.5428, 3.2657 -1.9961 1.5577, 3.2657 -2.1493 1.0628, 3.2657 -2.0133 1.5086, 3.2657 -2.0113 1.5261, 3.2657 -1.9837 1.5702, 3.2657 -1.9687 1.5796, 3.2657 -1.9521 1.5854, 3.2657 -1.7849 1.5428, 3.2657 -1.2633 1.5261, 3.2657 -1.7943 1.5577, 3.2657 -1.7791 1.5261, 3.2657 -1.7771 1.5086, 3.2657 -1.2653 1.5086, 3.2657 -1.2575 1.5428, 3.2657 -1.2481 1.5577, 3.2657 -1.2356 1.5702, 3.2657 -1.9346 1.5874, 3.2657 -1.8558 1.5874, 3.2657 -1.8383 1.5854, 3.2657 -1.2653 1.0628, 3.2657 -1.7771 1.0628, 3.2657 -1.7771 1.0434, 3.2657 -1.7693 1.0093, 3.2657 -1.6984 0.9647, 3.2657 -1.7751 1.0259, 3.2657 -1.7599 0.9943, 3.2657 -1.7475 0.9819, 3.2657 -1.7159 0.9667, 3.2657 -1.7325 0.9725, 3.2657 -1.344 0.9647, 3.2657 -1.2653 1.0434, 3.2657 -1.3265 0.9667, 3.2657 -1.3099 0.9725, 3.2657 -1.2949 0.9819, 3.2657 -1.2825 0.9943, 3.2657 -1.2673 1.0259, 3.2657 -1.2731 1.0093, 3.2657 -1.9346 0.7207, 3.2657 -2.1493 0.6975, 3.2657 -1.2267 0.6975, 3.2657 -2.1493 0.87, 3.2657 -2.0113 0.7819, 3.2657 -1.0903 0.7227, 3.2657 -1.1078 0.7207, 3.2657 -1.2267 0.7207, 3.2657 -1.9521 0.7227, 3.2657 -1.9687 0.7285, 3.2657 -1.9837 0.7379, 3.2657 -2.0133 0.7994, 3.2657 -2.0133 0.87, 3.2657 -2.1493 0.9092, 3.2657 -2.0133 0.9092, 3.2657 -2.0133 1.0628, 3.2657 -1.9961 0.7503, 3.2657 -2.0055 0.7653, 3.2657 -1.0369 4.471, 3.2657 -0.6102 5.1181, 3.2657 -1.0462 4.4859, 3.2657 -1.0587 4.4984, 3.2657 -1.2267 4.5155, 3.2657 -1.1078 4.5155, 3.2657 -1.2267 5.1181, 3.2657 -1.0903 4.5136, 3.2657 -1.0736 4.5077, 3.2657 -1.031 3.7101, 3.2657 -1.0369 3.6934, 3.2657 -0.6102 3.2955, 3.2657 -1.0462 3.6785, 3.2657 -1.0587 3.666, 3.2657 -1.0736 3.6567, 3.2657 -1.0903 3.6508, 3.2657 -1.2267 3.2955, 3.2657 -1.1078 3.6489, 3.2657 -1.1865 3.6489, 3.2657 -1.2041 3.6508, 3.2657 -1.031 4.4543, 3.2657 -1.0291 4.4368, 3.2657 -1.0291 3.7276, 3.2657 -1.2207 3.6567, 3.2657 -1.2267 3.6604, 3.2657 -2.1493 3.2955, 3.2657 -1.2356 3.666, 3.2657 -1.7849 3.6934, 3.2657 -1.7943 3.6785, 3.2657 -1.2633 3.7101, 3.2657 -1.8067 3.666, 3.2657 -1.8217 3.6567, 3.2657 -1.9837 3.666, 3.2657 -1.9687 3.6567, 3.2657 -1.9521 3.6508, 3.2657 -1.7791 3.7101, 3.2657 -1.2653 3.7276, 3.2657 -1.7771 3.7276, 3.2657 -1.2481 3.6785, 3.2657 -1.2575 3.6934, 3.2657 -1.9961 3.6785, 3.2657 -2.0055 3.6934, 3.2657 -2.0113 3.7101, 3.2657 -1.8383 3.6508, 3.2657 -1.8558 3.6489, 3.2657 -1.9346 3.6489, 3.2657 -2.1493 5.1181, 3.2657 -2.0055 4.471, 3.2657 -1.9961 4.4859, 3.2657 -1.9346 4.5155, 3.2657 -1.9521 4.5136, 3.2657 -1.9837 4.4984, 3.2657 -1.9687 4.5077, 3.2657 -2.0133 3.7276, 3.2657 -2.0133 4.4368, 3.2657 -2.0113 4.4543, 3.2657 -1.344 4.2715, 3.2657 -1.6984 4.2715, 3.2657 -1.7771 4.1928, 3.2657 -1.7159 4.2695, 3.2657 -1.7325 4.2637, 3.2657 -1.7475 4.2543, 3.2657 -1.7599 4.2419, 3.2657 -1.7751 4.2103, 3.2657 -1.7693 4.2269, 3.2657 -1.2653 4.1928, 3.2657 -1.2673 4.2103, 3.2657 -1.2731 4.2269, 3.2657 -1.2825 4.2419, 3.2657 -1.2949 4.2543, 3.2657 -1.3265 4.2695, 3.2657 -1.3099 4.2637, 3.2657 -2.6274 1.0407, 3.2657 -2.6121 1.0347, 3.2657 -2.5761 1.0628, 3.2657 -2.5839 0.9535, 3.2657 -2.5907 0.9398, 3.2657 -2.5761 0.9092, 3.2657 -2.6 0.929, 3.2657 -2.6 1.0261, 3.2657 -2.5938 1.0199, 3.2657 -2.5859 1.0078, 3.2657 -2.5814 0.9946, 3.2657 -2.5798 0.9787, 3.2657 -2.5804 0.9689, 3.2657 -2.6141 0.9189, 3.2657 -2.6274 0.9138, 3.2657 -2.6274 0.9092, 3.2657 -2.6294 0.913, 3.2657 -2.6504 1.0438, 3.2657 -2.6279 1.041, 3.2657 -2.6274 1.0628, 3.2657 -2.6885 1.0438, 3.2657 -2.8939 0.7435, 3.2657 -2.8908 0.771, 3.2657 -2.8973 0.7381, 3.2657 -2.8994 0.7319, 3.2657 -2.8486 0.7037, 3.2657 -2.8539 0.7819, 3.2657 -2.8596 0.7825, 3.2657 -2.8685 0.7552, 3.2657 -2.8799 0.6975, 3.2657 -2.8863 0.6999, 3.2657 -2.889 0.748, 3.2657 -2.8822 0.7517, 3.2657 -2.8795 0.7782, 3.2657 -2.869 0.7816, 3.2657 -2.8236 0.6986, 3.2657 -2.8179 0.6975, 3.2657 -2.8236 0.7599, 3.2657 -2.8252 0.7739, 3.2657 -2.892 0.7039, 3.2657 -2.8938 0.7057, 3.2657 -2.8973 0.7109, 3.2657 -2.8403 0.7133, 3.2657 -2.8407 0.7133, 3.2657 -2.8433 0.7094, 3.2657 -2.8993 0.7165, 3.2657 -2.9002 0.7241, 3.2657 -2.8908 0.7872, 3.2657 -2.8467 0.7949, 3.2657 -2.84 0.7926, 3.2657 -2.8346 0.7893, 3.2657 -2.8403 0.7592, 3.2657 -2.8409 0.7666, 3.2657 -2.8426 0.7725, 3.2657 -2.8446 0.776, 3.2657 -2.8314 0.7863, 3.2657 -2.8279 0.7811, 3.2657 -2.8859 0.79, 3.2657 -2.8731 0.7945, 3.2657 -2.858 0.7961, 3.2657 -2.8471 0.7787, 3.2657 -2.8501 0.7806, 3.2657 -2.8613 0.6973, 3.2657 -2.8699 0.6963, 3.2657 -2.8796 0.6975, 3.2657 -2.7932 0.6992, 3.2657 -2.8009 0.7019, 3.2657 -2.8065 0.6975, 3.2657 -2.8009 0.7192, 3.2657 -2.8065 0.87, 3.2657 -2.7944 0.7152, 3.2657 -2.7932 0.7147, 3.2657 -2.7932 0.7502, 3.2657 -2.7961 0.7531, 3.2657 -2.7983 0.7566, 3.2657 -2.8001 0.7617, 3.2657 -2.8008 0.7682, 3.2657 -2.8002 0.7742, 3.2657 -2.7982 0.7795, 3.2657 -2.7933 0.7503, 3.2657 -2.7011 0.6567, 3.2657 -2.7069 0.6545, 3.2657 -2.7891 0.6978, 3.2657 -2.7932 0.6975, 3.2657 -2.786 0.6975, 3.2657 -2.7751 0.6963, 3.2657 -2.7244 0.6699, 3.2657 -2.721 0.6688, 3.2657 -2.7149 0.668, 3.2657 -2.7109 0.6685, 3.2657 -2.7136 0.6537, 3.2657 -2.7173 0.6538, 3.2657 -2.7244 0.6551, 3.2657 -2.7072 0.6699, 3.2657 -2.7042 0.672, 3.2657 -2.7011 0.6754, 3.2657 -2.7092 0.7939, 3.2657 -2.7011 0.7707, 3.2657 -2.7011 0.87, 3.2657 -2.7278 0.7939, 3.2657 -2.7411 0.7919, 3.2657 -2.7011 0.7258, 3.2657 -2.7411 0.7756, 3.2657 -2.739 0.7357, 3.2657 -2.7372 0.7308, 3.2657 -2.7365 0.7245, 3.2657 -2.7373 0.7178, 3.2657 -2.7394 0.7125, 3.2657 -2.7425 0.7081, 3.2657 -2.7951 0.7841, 3.2657 -2.7932 0.7857, 3.2657 -2.7932 0.87, 3.2657 -2.7901 0.7885, 3.2657 -2.786 0.791, 3.2657 -2.777 0.7945, 3.2657 -2.7637 0.7961, 3.2657 -2.7536 0.7953, 3.2657 -2.7473 0.7039, 3.2657 -2.7517 0.7012, 3.2657 -2.7653 0.7825, 3.2657 -2.7703 0.7821, 3.2657 -2.7836 0.7697, 3.2657 -2.7748 0.781, 3.2657 -2.7785 0.779, 3.2657 -2.7834 0.7675, 3.2657 -2.7828 0.7649, 3.2657 -2.7816 0.7626, 3.2657 -2.7799 0.7608, 3.2657 -2.774 0.7571, 3.2657 -2.7543 0.7813, 3.2657 -2.7637 0.7526, 3.2657 -2.7449 0.7778, 3.2657 -2.7572 0.75, 3.2657 -2.7461 0.7438, 3.2657 -2.7421 0.7403, 3.2657 -2.781 0.7767, 3.2657 -2.7825 0.7746, 3.2657 -2.7833 0.7724, 3.2657 -2.7839 0.7112, 3.2657 -2.7755 0.7405, 3.2657 -2.7855 0.7451, 3.2657 -2.7734 0.71, 3.2657 -2.7727 0.71, 3.2657 -2.7645 0.7359, 3.2657 -2.7641 0.711, 3.2657 -2.7537 0.7229, 3.2657 -2.7539 0.725, 3.2657 -2.7598 0.7125, 3.2657 -2.7583 0.7135, 3.2657 -2.7564 0.7152, 3.2657 -2.7549 0.7173, 3.2657 -2.7541 0.7197, 3.2657 -2.7546 0.7276, 3.2657 -2.7559 0.7298, 3.2657 -2.758 0.732, 3.2657 -2.6744 0.6975, 3.2657 -2.6274 0.6975, 3.2657 -2.6364 0.7939, 3.2657 -2.6274 0.87, 3.2657 -2.6537 0.7939, 3.2657 -2.6843 0.7223, 3.2657 -2.6822 0.7144, 3.2657 -2.6818 0.7144, 3.2657 -2.691 0.6975, 3.2657 -2.6905 0.6988, 3.2657 -2.7011 0.6755, 3.2657 -2.6978 0.6815, 3.2657 -2.6796 0.6842, 3.2657 -2.6872 0.6695, 3.2657 -2.6933 0.6621, 3.2657 -2.6944 0.6611, 3.2657 -2.7003 0.657, 3.2657 -2.6011 0.7587, 3.2657 -2.6011 0.7138, 3.2657 -2.5761 0.7138, 3.2657 -2.6183 0.832, 3.2657 -2.5761 0.832, 3.2657 -2.5761 0.87, 3.2657 -2.5496 0.832, 3.2657 -2.5761 0.6975, 3.2657 -2.409 0.6975, 3.2657 -2.5466 0.6986, 3.2657 -2.4167 0.7418, 3.2657 -2.4236 0.7281, 3.2657 -2.5214 0.832, 3.2657 -2.5534 0.774, 3.2657 -2.5534 0.7587, 3.2657 -2.5214 0.6986, 3.2657 -2.5466 0.7138, 3.2657 -2.5761 0.7587, 3.2657 -2.4328 0.7173, 3.2657 -2.447 0.7072, 3.2657 -2.4623 0.7013, 3.2657 -2.4833 0.832, 3.2657 -2.409 0.87, 3.2657 -2.4608 0.8293, 3.2657 -2.445 0.823, 3.2657 -2.4847 0.6986, 3.2657 -2.4188 0.7961, 3.2657 -2.4143 0.7829, 3.2657 -2.4127 0.767, 3.2657 -2.4133 0.7572, 3.2657 -2.4328 0.8144, 3.2657 -2.4267 0.8082, 3.2657 -2.5496 0.8167, 3.2657 -2.5761 0.8167, 3.2657 -2.5761 0.774, 3.2657 -2.6011 0.8167, 3.2657 -2.6011 0.774, 3.2657 -2.5761 5.1181, 3.2657 -2.5761 3.2955, 3.2657 -2.5761 1.9786, 3.2657 -2.9061 5.1181, 3.2657 -2.9061 3.2955, 3.2657 -2.9168 5.1181, 3.2657 -2.9168 3.2955, 3.2657 -3.0426 5.1181, 3.2657 -3.0426 3.2955, 3.2657 -4.2323 5.1181, 3.2657 -4.2323 3.2955, 3.2657 -1.4263 2.4311, 3.2657 -1.4321 2.4145, 3.2657 -1.4415 2.3995, 3.2657 -1.454 2.3871, 3.2657 -1.4689 2.3777, 3.2657 -1.9521 2.3719, 3.2657 -1.9687 2.3777, 3.2657 -2.0113 2.8808, 3.2657 -2.0055 2.8975, 3.2657 -1.9961 2.9124, 3.2657 -1.9837 2.9249, 3.2657 -1.9687 2.9343, 3.2657 -1.4415 2.9124, 3.2657 -1.4321 2.8975, 3.2657 -1.9837 2.3871, 3.2657 -1.9961 2.3995, 3.2657 -2.0055 2.4145, 3.2657 -1.4855 2.9401, 3.2657 -1.4689 2.9343, 3.2657 -1.454 2.9249, 3.2657 -1.4263 2.8808, 3.2657 -1.4243 2.8633, 3.2657 -1.4243 2.4486, 3.2657 -1.4855 2.3719, 3.2657 -1.5031 2.3699, 3.2657 -1.9346 2.3699, 3.2657 -2.0113 2.4311, 3.2657 -2.0133 2.4486, 3.2657 -2.0133 2.8633, 3.2657 -1.9521 2.9401, 3.2657 -1.9346 2.9421, 3.2657 -1.5031 2.9421, 3.2657 -2.409 5.1181, 3.2657 -2.409 3.2955, 3.2657 -2.409 1.9786, 3.2657 -2.409 1.0628, 3.2657 -2.8179 1.9786, 3.2657 -2.9061 1.9786, 3.2657 -2.9168 1.9786, 3.2657 -2.6274 1.9786, 3.2657 -2.6885 0.9103, 3.2657 -2.7011 1.0628, 3.2657 -2.7011 1.9786, 3.2657 -2.7011 3.2955, 3.2657 -2.7932 1.0628, 3.2657 -2.7932 1.9786, 3.2657 -2.7932 3.2955, 3.2657 -2.7932 5.1181, 3.2657 -2.409 0.9092, 3.2657 -2.4524 0.9103, 3.2657 -2.4714 0.9103, 3.2657 -2.485 0.9468, 3.2657 -2.5406 0.9468, 3.2657 -2.5534 0.9103, 3.2657 -2.5724 0.9103, 3.2657 -2.5216 1.0438, 3.2657 -2.5032 1.0438, 3.2657 -2.7137 0.9103, 3.2657 -2.7855 0.9103, 3.2657 -2.7932 0.9092, 3.2657 -2.6518 0.9103, 3.2657 -2.7011 0.9092, 3.2657 -2.7137 0.9255, 3.2657 -2.7167 1.0284, 3.2657 -2.7855 1.0438, 3.2657 -2.7167 1.0438, 3.2657 -2.7682 0.9704, 3.2657 -2.7682 0.9255, 3.2657 -2.7205 0.9704, 3.2657 -2.7205 0.9857, 3.2657 -2.7682 0.9857, 3.2657 -2.7682 1.0284, 3.2657 -2.9175 0.9255, 3.2657 -2.9175 0.9103, 3.2657 -2.9879 0.9103, 3.2657 -2.9707 0.9255, 3.2657 -2.9707 1.0438, 3.2657 -2.9879 1.0438, 3.2657 -2.6183 0.6986, 3.2657 -2.5761 0.6986, 3.2657 -2.6797 0.7221, 3.2657 -2.681 0.7177, 3.2657 -2.3863 0.6986, 3.2657 -2.4053 0.6986, 3.2657 -2.3043 0.6986, 3.2657 -2.3179 0.7351, 3.2657 -2.3734 0.7351, 3.2657 -2.3545 0.832, 3.2657 -2.3361 0.832, 3.2657 -2.2852 0.6986, 3.2657 -2.8065 0.6446, 3.2657 -2.8065 0.1181, -0.9272 -1.1811 -0.8858, -0.9272 -1.3386 -0.8858, -1.0846 -1.1811 -0.8858, -1.0846 -1.3386 -0.8858, -1.0846 -1.3386 0.1181, -0.9272 -1.3386 0.1181, -0.9272 -1.1811 0.1181, -1.0846 -1.1811 0.1181, -0.124 -1.1811 -0.8858, -0.124 -1.3386 -0.8858, -0.2815 -1.1811 -0.8858, -0.2815 -1.3386 -0.8858, -0.2815 -1.3386 0.1181, -0.124 -1.3386 0.1181, -0.124 -1.1811 0.1181, -0.2815 -1.1811 0.1181
            ]
        }
        coordIndex [
            0,1,2,-1,1,3,4,-1,5,6,7,-1,8,9,10,-1,11,12,13,-1,14,15,16,-1,17,18,19,-1,20,21,22,-1,23,24,25,-1,25,24,26,-1,25,26,27,-1,27,28,25,-1,25,28,29,-1,25,29,30,-1,31,32,33,-1,34,35,31,-1,31,35,36,-1,31,36,37,-1,37,36,38,-1,37,38,39,-1,39,38,40,-1,39,40,23,-1,33,41,31,-1,31,41,42,-1,31,42,43,-1,43,44,31,-1,31,44,45,-1,31,45,34,-1,34,45,46,-1,34,46,47,-1,47,46,48,-1,47,48,49,-1,50,51,52,-1,50,52,53,-1,51,54,52,-1,52,54,55,-1,52,55,56,-1,56,55,57,-1,57,58,56,-1,56,58,59,-1,56,59,32,-1,32,59,60,-1,32,60,33,-1,61,53,62,-1,62,53,52,-1,62,52,63,-1,63,52,64,-1,63,64,65,-1,65,64,66,-1,67,68,64,-1,64,68,69,-1,64,69,66,-1,70,71,72,-1,72,71,73,-1,72,73,67,-1,67,73,74,-1,67,74,68,-1,75,76,77,-1,77,76,78,-1,78,79,77,-1,77,79,80,-1,77,80,70,-1,81,82,83,-1,84,85,86,-1,87,88,89,-1,89,88,90,-1,81,83,91,-1,84,86,92,-1,93,94,88,-1,88,94,95,-1,88,95,96,-1,21,97,22,-1,22,97,98,-1,22,98,86,-1,86,98,99,-1,86,99,92,-1,82,100,83,-1,83,100,101,-1,83,101,102,-1,103,104,105,-1,105,104,106,-1,105,106,107,-1,108,96,109,-1,109,96,110,-1,109,110,105,-1,105,110,111,-1,105,111,103,-1,108,112,96,-1,96,112,113,-1,96,113,88,-1,88,113,114,-1,88,114,90,-1,115,116,117,-1,117,116,118,-1,117,118,83,-1,83,118,119,-1,83,119,91,-1,120,121,83,-1,83,121,122,-1,83,122,88,-1,88,122,123,-1,88,123,93,-1,124,125,75,-1,75,125,126,-1,75,126,127,-1,127,128,75,-1,75,128,129,-1,75,129,130,-1,130,129,115,-1,130,115,131,-1,131,115,117,-1,85,132,86,-1,86,132,133,-1,86,133,75,-1,75,133,134,-1,75,134,124,-1,102,135,83,-1,83,135,136,-1,83,136,137,-1,137,138,83,-1,83,138,139,-1,83,139,120,-1,140,141,142,-1,142,96,140,-1,140,96,95,-1,140,95,143,-1,143,95,144,-1,144,145,143,-1,143,145,146,-1,143,146,147,-1,148,149,150,-1,149,151,150,-1,150,151,152,-1,150,152,153,-1,154,150,155,-1,141,140,154,-1,154,140,156,-1,154,156,150,-1,150,156,157,-1,150,157,148,-1,155,158,154,-1,154,158,159,-1,154,159,160,-1,153,152,161,-1,161,152,162,-1,161,162,163,-1,163,162,164,-1,163,164,165,-1,166,167,160,-1,160,167,168,-1,160,168,154,-1,30,169,25,-1,25,169,170,-1,25,170,171,-1,171,170,172,-1,171,172,20,-1,173,174,175,-1,175,174,22,-1,175,22,176,-1,176,22,86,-1,176,86,177,-1,178,179,180,-1,180,179,181,-1,180,181,182,-1,182,181,183,-1,182,183,184,-1,184,183,185,-1,173,183,174,-1,174,183,181,-1,174,181,186,-1,186,181,187,-1,186,187,188,-1,188,187,189,-1,188,189,177,-1,177,189,190,-1,177,190,176,-1,191,192,193,-1,194,195,192,-1,192,191,194,-1,194,191,196,-1,194,196,197,-1,197,196,198,-1,197,198,199,-1,200,201,202,-1,202,201,197,-1,202,197,203,-1,199,204,197,-1,197,204,205,-1,197,205,206,-1,207,208,197,-1,197,208,209,-1,197,209,203,-1,202,210,211,-1,206,212,197,-1,197,212,213,-1,197,213,207,-1,210,202,214,-1,214,202,215,-1,214,215,216,-1,211,217,202,-1,202,217,218,-1,202,218,200,-1,219,220,221,-1,222,223,224,-1,224,223,225,-1,224,225,193,-1,193,225,226,-1,193,226,191,-1,221,220,224,-1,224,220,227,-1,224,227,222,-1,228,229,221,-1,221,229,230,-1,221,230,219,-1,16,15,231,-1,232,233,221,-1,221,233,234,-1,221,234,228,-1,15,235,231,-1,231,235,236,-1,231,236,232,-1,232,236,237,-1,232,237,233,-1,238,239,16,-1,239,240,16,-1,16,240,241,-1,16,241,14,-1,18,242,19,-1,19,242,243,-1,19,243,244,-1,244,243,245,-1,244,245,186,-1,186,245,246,-1,186,246,247,-1,248,249,250,-1,250,249,251,-1,252,253,254,-1,255,256,257,-1,257,256,258,-1,253,259,260,-1,260,259,258,-1,260,258,261,-1,261,258,256,-1,253,260,254,-1,254,260,262,-1,254,262,263,-1,263,262,264,-1,263,264,265,-1,265,266,263,-1,263,266,267,-1,263,267,268,-1,254,250,252,-1,252,250,251,-1,252,251,269,-1,269,251,270,-1,269,270,271,-1,271,270,272,-1,271,272,273,-1,273,272,274,-1,273,274,275,-1,275,274,276,-1,275,276,277,-1,277,276,278,-1,277,278,279,-1,279,278,280,-1,279,280,281,-1,70,72,77,-1,77,72,282,-1,77,282,283,-1,283,282,284,-1,283,284,285,-1,285,284,286,-1,285,286,287,-1,288,289,290,-1,289,291,290,-1,290,291,292,-1,290,292,293,-1,294,295,296,-1,297,298,299,-1,295,300,296,-1,296,300,301,-1,296,301,302,-1,302,301,303,-1,302,303,304,-1,304,303,305,-1,304,305,306,-1,306,305,307,-1,306,307,290,-1,290,307,308,-1,290,308,288,-1,309,310,296,-1,296,310,311,-1,296,311,294,-1,299,312,297,-1,297,312,313,-1,297,313,314,-1,315,316,297,-1,317,318,319,-1,320,321,317,-1,317,321,322,-1,317,322,318,-1,319,323,317,-1,317,323,324,-1,317,324,325,-1,326,327,328,-1,328,327,316,-1,326,329,327,-1,327,329,330,-1,327,330,331,-1,327,332,316,-1,316,332,333,-1,316,333,297,-1,297,333,334,-1,297,334,298,-1,325,335,317,-1,317,335,336,-1,317,336,297,-1,297,336,337,-1,297,337,315,-1,331,330,338,-1,338,330,339,-1,338,339,340,-1,341,342,343,-1,343,342,340,-1,341,344,342,-1,342,344,345,-1,342,345,346,-1,346,345,347,-1,340,342,338,-1,338,342,348,-1,338,348,349,-1,349,348,350,-1,349,350,351,-1,351,352,349,-1,349,352,353,-1,349,353,354,-1,354,353,355,-1,356,357,358,-1,359,357,360,-1,293,361,290,-1,290,361,362,-1,290,362,358,-1,358,362,363,-1,358,363,356,-1,356,364,357,-1,357,364,365,-1,357,365,366,-1,360,367,359,-1,359,367,368,-1,359,368,369,-1,369,368,370,-1,369,370,320,-1,320,370,371,-1,320,371,321,-1,366,372,357,-1,357,372,373,-1,357,373,360,-1,374,375,376,-1,376,375,377,-1,378,379,380,-1,380,379,381,-1,380,381,375,-1,375,381,382,-1,375,382,377,-1,383,384,385,-1,385,384,386,-1,385,386,387,-1,388,389,390,-1,389,391,390,-1,390,391,392,-1,390,392,393,-1,374,394,375,-1,375,394,395,-1,375,395,385,-1,385,395,396,-1,385,396,383,-1,393,397,390,-1,390,397,398,-1,390,398,399,-1,399,398,400,-1,401,402,403,-1,403,402,404,-1,403,404,405,-1,406,399,407,-1,407,399,408,-1,401,403,409,-1,409,403,410,-1,409,410,411,-1,400,412,399,-1,399,412,413,-1,399,413,403,-1,406,414,399,-1,399,414,415,-1,399,415,416,-1,405,417,403,-1,403,417,418,-1,403,418,399,-1,399,418,419,-1,399,419,408,-1,420,421,422,-1,378,380,423,-1,423,380,420,-1,423,420,424,-1,422,425,420,-1,420,425,426,-1,420,426,424,-1,416,427,399,-1,399,427,428,-1,399,428,420,-1,420,428,429,-1,420,429,421,-1,430,431,432,-1,432,431,433,-1,432,433,434,-1,434,435,432,-1,432,435,436,-1,432,436,437,-1,437,436,438,-1,411,410,432,-1,432,410,439,-1,432,439,430,-1,430,439,440,-1,430,440,441,-1,441,442,430,-1,430,442,443,-1,430,443,444,-1,444,443,445,-1,446,447,448,-1,449,450,451,-1,451,450,452,-1,447,453,448,-1,448,453,454,-1,448,454,455,-1,455,456,448,-1,448,456,457,-1,448,457,451,-1,451,457,458,-1,451,458,449,-1,459,460,461,-1,461,460,462,-1,463,464,465,-1,463,465,466,-1,467,468,469,-1,469,468,470,-1,11,13,471,-1,472,473,474,-1,475,476,188,-1,467,477,468,-1,468,477,478,-1,468,478,479,-1,479,478,474,-1,479,474,480,-1,480,474,473,-1,481,482,483,-1,483,482,244,-1,483,244,484,-1,476,485,188,-1,188,485,486,-1,188,486,487,-1,488,489,13,-1,13,489,490,-1,13,490,471,-1,487,491,188,-1,188,491,492,-1,188,492,186,-1,186,492,470,-1,186,470,493,-1,493,470,468,-1,494,495,244,-1,244,495,496,-1,497,498,474,-1,474,498,499,-1,474,499,500,-1,496,501,244,-1,244,501,502,-1,244,502,484,-1,493,503,186,-1,186,503,504,-1,186,504,244,-1,244,504,505,-1,244,505,494,-1,500,506,474,-1,474,506,507,-1,474,507,472,-1,481,13,482,-1,482,13,12,-1,482,12,287,-1,287,12,508,-1,287,508,285,-1,285,508,509,-1,285,509,510,-1,511,512,513,-1,513,512,514,-1,513,514,515,-1,516,517,518,-1,519,520,514,-1,520,521,514,-1,514,521,522,-1,514,522,515,-1,515,522,523,-1,515,523,524,-1,516,518,514,-1,514,518,525,-1,514,525,519,-1,278,526,527,-1,528,529,530,-1,530,529,280,-1,530,280,531,-1,531,280,9,-1,9,280,532,-1,9,532,10,-1,532,533,10,-1,10,533,534,-1,10,534,535,-1,527,536,278,-1,278,536,537,-1,278,537,280,-1,280,537,538,-1,280,538,532,-1,535,539,10,-1,10,539,540,-1,10,540,541,-1,542,543,544,-1,542,544,545,-1,545,546,547,-1,547,546,548,-1,549,550,10,-1,10,550,551,-1,551,552,10,-1,10,552,553,-1,10,553,554,-1,555,556,557,-1,557,556,558,-1,557,558,559,-1,559,560,557,-1,557,560,561,-1,557,561,562,-1,554,563,10,-1,10,563,564,-1,10,564,8,-1,565,566,567,-1,567,566,568,-1,567,568,569,-1,567,570,565,-1,565,570,571,-1,565,571,572,-1,572,573,565,-1,565,573,574,-1,565,574,575,-1,575,574,576,-1,575,576,577,-1,577,576,578,-1,577,578,548,-1,548,578,579,-1,548,579,580,-1,581,582,569,-1,569,582,583,-1,569,583,567,-1,584,585,517,-1,517,585,586,-1,517,586,518,-1,584,587,585,-1,585,587,588,-1,585,588,589,-1,589,588,590,-1,589,591,592,-1,590,593,589,-1,589,593,594,-1,589,594,595,-1,595,596,589,-1,589,596,597,-1,589,597,591,-1,592,598,589,-1,589,598,599,-1,589,599,600,-1,601,602,603,-1,603,602,604,-1,603,604,605,-1,606,607,608,-1,580,549,548,-1,548,549,10,-1,548,10,547,-1,547,10,609,-1,547,609,610,-1,541,611,10,-1,10,611,612,-1,10,612,609,-1,613,614,276,-1,613,276,601,-1,614,615,276,-1,276,615,616,-1,276,616,278,-1,278,616,617,-1,278,617,526,-1,618,619,620,-1,621,622,623,-1,623,622,624,-1,625,626,627,-1,628,629,626,-1,630,631,632,-1,633,630,634,-1,634,630,632,-1,634,632,620,-1,620,632,635,-1,620,635,618,-1,629,636,626,-1,626,636,637,-1,626,637,638,-1,630,639,640,-1,640,639,641,-1,640,641,642,-1,638,643,626,-1,626,643,633,-1,626,633,627,-1,627,633,634,-1,644,645,640,-1,640,645,646,-1,640,646,626,-1,626,646,647,-1,626,647,628,-1,642,648,640,-1,640,648,649,-1,640,649,644,-1,650,651,652,-1,652,651,653,-1,652,653,654,-1,655,6,656,-1,656,6,5,-1,656,5,657,-1,1,4,2,-1,2,4,658,-1,2,658,659,-1,659,658,660,-1,659,660,661,-1,661,660,662,-1,661,662,663,-1,663,662,664,-1,663,664,665,-1,387,388,385,-1,385,388,390,-1,385,390,296,-1,296,390,297,-1,296,297,309,-1,309,297,314,-1,666,667,297,-1,667,668,297,-1,297,668,669,-1,297,669,670,-1,671,672,317,-1,673,674,399,-1,674,675,399,-1,399,675,676,-1,399,676,677,-1,678,679,390,-1,672,680,317,-1,317,680,681,-1,317,681,682,-1,683,684,390,-1,390,684,685,-1,390,685,678,-1,679,686,390,-1,390,686,687,-1,390,687,297,-1,297,687,688,-1,297,688,666,-1,670,689,297,-1,297,689,690,-1,297,690,317,-1,317,690,691,-1,317,691,671,-1,682,692,317,-1,317,692,693,-1,317,693,399,-1,399,693,694,-1,399,694,673,-1,677,695,399,-1,399,695,696,-1,399,696,390,-1,390,696,697,-1,390,697,683,-1,698,655,699,-1,699,655,656,-1,699,656,700,-1,700,656,657,-1,700,657,701,-1,0,2,702,-1,702,2,659,-1,702,659,703,-1,703,659,661,-1,703,661,704,-1,704,661,663,-1,704,663,39,-1,39,663,665,-1,39,665,37,-1,464,446,465,-1,465,446,448,-1,465,448,705,-1,706,466,707,-1,707,466,465,-1,707,465,708,-1,708,465,705,-1,708,705,709,-1,710,707,711,-1,711,707,708,-1,711,708,712,-1,712,708,709,-1,712,709,713,-1,23,25,39,-1,39,25,232,-1,39,232,704,-1,704,232,221,-1,704,221,703,-1,703,221,224,-1,703,224,702,-1,702,224,193,-1,702,193,0,-1,420,698,399,-1,399,698,699,-1,399,699,317,-1,317,699,700,-1,317,700,320,-1,320,700,701,-1,320,701,369,-1,369,701,714,-1,369,714,359,-1,714,715,716,-1,717,718,716,-1,716,718,719,-1,716,719,714,-1,451,720,448,-1,448,720,721,-1,448,721,722,-1,715,714,722,-1,722,714,701,-1,722,701,448,-1,448,701,657,-1,448,657,705,-1,705,657,5,-1,705,5,709,-1,709,5,7,-1,709,7,713,-1,723,724,725,-1,726,706,727,-1,727,706,707,-1,727,707,728,-1,728,707,729,-1,725,724,710,-1,710,724,730,-1,710,730,707,-1,707,730,731,-1,707,731,729,-1,732,733,734,-1,734,733,728,-1,734,728,735,-1,735,728,729,-1,735,729,736,-1,736,729,737,-1,232,738,231,-1,231,738,739,-1,231,739,740,-1,741,738,742,-1,742,738,232,-1,742,232,743,-1,743,232,25,-1,743,25,740,-1,740,25,171,-1,740,171,231,-1,652,631,650,-1,650,631,630,-1,650,630,624,-1,624,630,640,-1,624,640,623,-1,623,640,451,-1,452,459,451,-1,451,459,461,-1,451,461,623,-1,623,461,604,-1,623,604,621,-1,621,604,602,-1,621,602,744,-1,744,602,625,-1,744,625,745,-1,745,625,627,-1,462,726,461,-1,461,726,727,-1,461,727,604,-1,604,727,544,-1,604,544,605,-1,605,544,543,-1,605,543,746,-1,746,543,606,-1,746,606,747,-1,747,606,608,-1,728,723,727,-1,727,723,725,-1,727,725,544,-1,544,725,557,-1,544,557,545,-1,545,557,562,-1,545,562,546,-1,713,3,712,-1,712,3,1,-1,712,1,711,-1,711,1,0,-1,711,0,710,-1,710,0,193,-1,710,193,725,-1,725,193,192,-1,725,192,557,-1,557,192,515,-1,557,515,555,-1,555,515,524,-1,20,22,171,-1,171,22,174,-1,171,174,231,-1,231,174,186,-1,231,186,16,-1,16,186,247,-1,16,247,238,-1,748,749,626,-1,750,751,752,-1,626,749,640,-1,640,749,753,-1,640,753,754,-1,752,748,750,-1,750,748,626,-1,750,626,755,-1,755,626,357,-1,755,357,754,-1,754,357,359,-1,754,359,640,-1,640,359,714,-1,640,714,451,-1,451,714,719,-1,451,719,720,-1,601,276,602,-1,602,276,274,-1,602,274,625,-1,625,274,272,-1,625,272,626,-1,626,272,270,-1,626,270,357,-1,357,270,251,-1,357,251,358,-1,358,251,249,-1,358,249,290,-1,528,511,529,-1,529,511,513,-1,529,513,280,-1,280,513,756,-1,280,756,281,-1,281,756,757,-1,195,17,192,-1,192,17,19,-1,192,19,515,-1,515,19,244,-1,515,244,513,-1,513,244,482,-1,513,482,756,-1,756,482,287,-1,756,287,757,-1,757,287,286,-1,75,77,86,-1,86,77,283,-1,86,283,177,-1,177,283,285,-1,177,285,188,-1,188,285,510,-1,188,510,475,-1,758,759,760,-1,760,759,761,-1,761,759,762,-1,762,759,763,-1,759,758,763,-1,763,758,764,-1,758,760,764,-1,764,760,765,-1,760,761,765,-1,765,761,762,-1,766,767,768,-1,768,767,769,-1,769,767,770,-1,770,767,771,-1,767,766,771,-1,771,766,772,-1,766,768,772,-1,772,768,773,-1,768,769,773,-1,773,769,770,-1,
        ]
    }
}
Shape{
    appearance Appearance {
        material  Material {
            diffuseColor 0.25098039215686274 0.25098039215686274 0.25098039215686274
            specularColor 0.12549019607843137 0.12549019607843137 0.12549019607843137
            ambientIntensity 0.251
            transparency 0.0
            shininess 0.5
        }
    }
    geometry IndexedFaceSet {
        ccw TRUE
        solid FALSE
        coord DEF co Coordinate {
            point [
                -2.9469 0.3642 0.1181, -3.1516 0.3642 0.1181, -3.1516 1.752 0.1181, 0.6791 -1.1811 0.1181, 0.5217 -1.1811 0.1181, 0.3996 -0.9055 0.1181, 1.4823 -1.1811 0.1181, 1.3248 -1.1811 0.1181, 1.2028 -0.9055 0.1181, 0.8012 -4.2717 0.1181, 0.3996 -4.2717 0.1181, 0.3996 -3.4744 0.1181, 1.2028 -4.2717 0.1181, 0.8012 -3.4744 0.1181, 1.5906 -4.2717 0.1181, 1.2028 -3.4744 0.1181, 1.9016 -4.2717 0.1181, 1.5906 -3.4744 0.1181, 2.9508 -0.8194 0.1181, 3.1476 -0.8194 0.1181, 3.1476 -0.9055 0.1181, -1.9055 -3.4744 0.1181, -2.9469 -3.4744 0.1181, -2.9421 -2.6772 0.1181, -1.9055 -1.6142 0.1181, -1.9114 -2.2835 0.1181, -1.9288 -2.1412 0.1181, -2.0618 -2.6772 0.1181, -1.9799 -2.5596 0.1181, -1.9288 -2.4257 0.1181, -1.9799 -2.0074 0.1181, -2.0618 -1.8898 0.1181, -2.9469 -1.6142 0.1181, -2.9421 -1.8898 0.1181, -2.9469 -1.8965 0.1181, -3.1516 -1.6142 0.1181, -3.024 -2.0074 0.1181, -3.0751 -2.1412 0.1181, -3.0925 -2.2835 0.1181, -3.1516 -3.4744 0.1181, -3.0751 -2.4257 0.1181, -3.024 -2.5596 0.1181, -2.9469 -2.6704 0.1181, 3.0201 -2.0074 0.1181, 2.9382 -1.8898 0.1181, 3.1476 -1.6142 0.1181, 3.1476 -3.4744 0.1181, 2.9382 -2.6772 0.1181, 3.0201 -2.5596 0.1181, 3.0712 -2.4257 0.1181, 3.0886 -2.2835 0.1181, 3.0712 -2.1412 0.1181, 2.2539 -2.6772 0.1181, 2.2539 -3.4744 0.1181, 2.0579 -2.6772 0.1181, 1.9016 -3.4744 0.1181, 1.976 -2.5596 0.1181, 2.2539 -1.8898 0.1181, 2.0579 -1.8898 0.1181, 1.9016 -1.6142 0.1181, 1.976 -2.0074 0.1181, 1.9249 -2.1412 0.1181, 1.9075 -2.2835 0.1181, 1.9249 -2.4257 0.1181, 3.1476 0.3642 0.1181, 3.1476 0.3051 0.1181, 2.9508 0.3051 0.1181, 2.2539 -0.9055 0.1181, 2.2539 0.3642 0.1181, -2.9469 -0.9055 0.1181, -3.1516 -0.9055 0.1181, -3.1516 -0.8194 0.1181, -3.1516 0.3051 0.1181, -2.9547 0.3051 0.1181, -2.9547 -0.8194 0.1181, 2.2539 -4.2717 0.1181, 3.1476 -4.2717 0.1181, -3.1516 -4.2717 0.1181, -2.9469 -4.2717 0.1181, -1.9055 -4.2717 0.1181, -1.5945 -4.2717 0.1181, -1.5945 -3.4744 0.1181, -1.2067 -4.2717 0.1181, -1.2067 -3.4744 0.1181, -0.8051 -4.2717 0.1181, -0.8051 -3.4744 0.1181, -0.002 -4.2717 0.1181, -0.002 -3.4744 0.1181, 1.2028 -1.6142 0.1181, 1.5906 -1.6142 0.1181, 0.3996 -1.6142 0.1181, 0.8012 -1.6142 0.1181, -1.5945 -1.6142 0.1181, -1.2067 -1.6142 0.1181, -0.8051 -1.6142 0.1181, -0.002 -1.6142 0.1181, 2.2539 -1.6142 0.1181, 1.5906 -0.9055 0.1181, 1.9016 -0.9055 0.1181, 1.3248 -1.3386 0.1181, 1.4823 -1.3386 0.1181, 0.8012 -0.9055 0.1181, 0.5217 -1.3386 0.1181, 0.6791 -1.3386 0.1181, -0.002 -0.9055 0.1181, -0.124 -1.1811 0.1181, -0.124 -1.3386 0.1181, -0.2815 -1.3386 0.1181, -0.2815 -1.1811 0.1181, -0.8051 -0.9055 0.1181, -1.0846 -1.1811 0.1181, -1.0846 -1.3386 0.1181, -0.9272 -1.3386 0.1181, -1.9055 -0.9055 0.1181, -1.5945 -0.9055 0.1181, -1.2067 -0.9055 0.1181, -0.9272 -1.1811 0.1181, 1.9016 0.3642 0.1181, 1.5906 0.3642 0.1181, 1.2028 0.3642 0.1181, 0.9232 -0.4724 0.1181, 0.9232 -0.6299 0.1181, 1.0807 -0.6299 0.1181, 1.0807 -0.4724 0.1181, 0.8012 0.3642 0.1181, 0.3996 0.3642 0.1181, 0.2776 -0.4724 0.1181, -0.002 0.3642 0.1181, 0.1201 -0.4724 0.1181, 0.1201 -0.6299 0.1181, 0.2776 -0.6299 0.1181, -0.6831 -0.4724 0.1181, -0.6831 -0.6299 0.1181, -0.5256 -0.6299 0.1181, -0.5256 -0.4724 0.1181, -0.8051 0.3642 0.1181, -1.2067 0.3642 0.1181, -1.4862 -0.4724 0.1181, -1.4862 -0.6299 0.1181, -1.3287 -0.6299 0.1181, -1.3287 -0.4724 0.1181, -1.5945 0.3642 0.1181, -1.9055 0.3642 0.1181, 2.7972 1.3976 0.1181, 3.1476 1.752 0.1181, 2.7972 1.2008 0.1181, 2.6004 1.2008 0.1181, 2.6004 1.3976 0.1181, 2.2539 1.752 0.1181, 1.9016 1.752 0.1181, 1.6988 1.2008 0.1181, 1.8957 1.2008 0.1181, 1.8957 1.3976 0.1181, 1.5906 1.752 0.1181, 1.6988 1.3976 0.1181, -1.5945 1.752 0.1181, -1.2067 1.752 0.1181, -0.8051 1.752 0.1181, -0.002 1.752 0.1181, 0.3996 1.752 0.1181, 0.8012 1.752 0.1181, 1.2028 1.752 0.1181, -1.9055 1.752 0.1181, -1.8996 1.3976 0.1181, -1.8996 1.2008 0.1181, -1.7028 1.3976 0.1181, -1.7028 1.2008 0.1181, -2.9469 1.752 0.1181, -2.8012 1.2008 0.1181, -2.6043 1.2008 0.1181, -2.6043 1.3976 0.1181, -2.8012 1.3976 0.1181
            ]
        }
        coordIndex [
            0,1,2,-1,3,4,5,-1,6,7,8,-1,9,10,11,-1,12,9,13,-1,14,12,15,-1,16,14,17,-1,18,19,20,-1,21,22,23,-1,24,25,26,-1,23,27,21,-1,21,27,28,-1,21,28,29,-1,26,30,24,-1,24,30,31,-1,24,31,32,-1,31,33,32,-1,32,33,34,-1,32,34,35,-1,35,34,36,-1,36,37,35,-1,35,37,38,-1,35,38,39,-1,38,40,39,-1,39,40,41,-1,39,41,22,-1,22,41,42,-1,22,42,23,-1,43,44,45,-1,46,47,48,-1,48,49,46,-1,46,49,50,-1,46,50,45,-1,45,50,51,-1,45,51,43,-1,47,46,52,-1,52,46,53,-1,52,53,54,-1,54,53,55,-1,54,55,56,-1,57,58,59,-1,59,58,60,-1,60,61,59,-1,59,61,62,-1,59,62,55,-1,55,62,63,-1,55,63,56,-1,64,65,66,-1,18,67,66,-1,66,67,68,-1,66,68,64,-1,69,70,71,-1,72,1,73,-1,73,1,0,-1,73,0,74,-1,16,55,75,-1,75,55,53,-1,75,53,76,-1,76,53,46,-1,77,39,78,-1,78,39,22,-1,78,22,79,-1,79,22,21,-1,79,21,80,-1,80,21,81,-1,80,81,82,-1,82,81,83,-1,82,83,84,-1,84,83,85,-1,84,85,86,-1,86,85,87,-1,86,87,10,-1,14,15,17,-1,17,15,88,-1,17,88,89,-1,9,11,13,-1,13,11,90,-1,13,90,91,-1,29,25,21,-1,21,25,24,-1,21,24,81,-1,81,24,92,-1,81,92,83,-1,83,92,93,-1,83,93,85,-1,85,93,94,-1,85,94,87,-1,87,94,95,-1,18,20,67,-1,67,20,45,-1,67,45,96,-1,96,45,44,-1,96,44,57,-1,16,17,55,-1,55,17,89,-1,55,89,59,-1,59,89,97,-1,59,97,98,-1,8,7,88,-1,88,7,99,-1,88,99,89,-1,89,99,100,-1,89,100,97,-1,12,13,15,-1,15,13,91,-1,15,91,88,-1,88,91,101,-1,88,101,8,-1,5,4,90,-1,90,4,102,-1,90,102,91,-1,91,102,103,-1,91,103,101,-1,10,87,11,-1,11,87,95,-1,11,95,90,-1,90,95,104,-1,90,104,5,-1,105,104,106,-1,106,104,95,-1,106,95,107,-1,107,95,94,-1,107,94,108,-1,108,94,109,-1,108,109,105,-1,105,109,104,-1,110,111,93,-1,93,111,94,-1,94,111,112,-1,94,112,109,-1,35,70,32,-1,32,70,69,-1,32,69,24,-1,24,69,113,-1,24,113,92,-1,92,113,114,-1,92,114,93,-1,93,114,115,-1,93,115,110,-1,110,115,116,-1,117,98,118,-1,118,98,97,-1,118,97,119,-1,120,121,101,-1,101,121,8,-1,8,121,122,-1,8,122,123,-1,100,6,97,-1,97,6,8,-1,97,8,119,-1,119,8,123,-1,119,123,124,-1,123,120,124,-1,124,120,101,-1,124,101,125,-1,103,3,101,-1,101,3,5,-1,101,5,125,-1,125,5,126,-1,125,126,127,-1,127,126,128,-1,127,128,104,-1,104,128,129,-1,104,129,5,-1,5,129,130,-1,5,130,126,-1,131,132,109,-1,109,132,104,-1,104,132,133,-1,104,133,127,-1,127,133,134,-1,127,134,135,-1,134,131,135,-1,135,131,109,-1,135,109,136,-1,137,138,114,-1,114,138,115,-1,115,138,139,-1,115,139,140,-1,112,116,109,-1,109,116,115,-1,109,115,136,-1,136,115,140,-1,136,140,141,-1,71,74,69,-1,69,74,0,-1,69,0,113,-1,113,0,142,-1,113,142,114,-1,114,142,141,-1,114,141,137,-1,137,141,140,-1,143,144,145,-1,145,144,64,-1,145,64,146,-1,146,64,68,-1,146,68,147,-1,147,68,148,-1,147,148,143,-1,143,148,144,-1,57,59,96,-1,96,59,98,-1,96,98,67,-1,67,98,117,-1,67,117,68,-1,68,117,149,-1,68,149,148,-1,118,150,117,-1,117,150,151,-1,117,151,149,-1,149,151,152,-1,149,152,153,-1,153,152,154,-1,141,155,136,-1,136,155,156,-1,136,156,135,-1,135,156,157,-1,135,157,127,-1,127,157,158,-1,127,158,125,-1,125,158,159,-1,125,159,124,-1,124,159,160,-1,124,160,119,-1,119,160,161,-1,119,161,118,-1,118,161,153,-1,118,153,150,-1,150,153,154,-1,162,163,164,-1,163,162,165,-1,165,162,155,-1,165,155,166,-1,166,155,141,-1,166,141,164,-1,164,141,142,-1,164,142,162,-1,2,167,0,-1,0,167,168,-1,0,168,142,-1,142,168,169,-1,142,169,162,-1,162,169,170,-1,162,170,167,-1,167,170,171,-1,167,171,168,-1,
        ]
    }
}
Shape{
    appearance Appearance {
        material  Material {
            diffuseColor 0.7529411764705882 0.7529411764705882 0.7529411764705882
            specularColor 0.3764705882352941 0.3764705882352941 0.3764705882352941
            ambientIntensity 0.7529
            transparency 0.0
            shininess 0.5
        }
    }
    geometry IndexedFaceSet {
        ccw TRUE
        solid FALSE
        coord DEF co Coordinate {
            point [
                -1.3287 -0.4724 -0.8858, -1.3287 -0.6299 -0.8858, -1.4862 -0.4724 -0.8858, -1.4862 -0.6299 -0.8858, -1.4862 -0.6299 0.1181, -1.3287 -0.6299 0.1181, -1.3287 -0.4724 0.1181, -1.4862 -0.4724 0.1181, -0.5256 -0.4724 -0.8858, -0.5256 -0.6299 -0.8858, -0.6831 -0.4724 -0.8858, -0.6831 -0.6299 -0.8858, -0.6831 -0.6299 0.1181, -0.5256 -0.6299 0.1181, -0.5256 -0.4724 0.1181, -0.6831 -0.4724 0.1181
            ]
        }
        coordIndex [
            0,1,2,-1,2,1,3,-1,3,1,4,-1,4,1,5,-1,1,0,5,-1,5,0,6,-1,0,2,6,-1,6,2,7,-1,2,3,7,-1,7,3,4,-1,8,9,10,-1,10,9,11,-1,11,9,12,-1,12,9,13,-1,9,8,13,-1,13,8,14,-1,8,10,14,-1,14,10,15,-1,10,11,15,-1,15,11,12,-1,
        ]
    }
}
Shape{
    appearance Appearance {
        material  Material {
            diffuseColor 0.25098039215686274 0.25098039215686274 0.25098039215686274
            specularColor 0.12549019607843137 0.12549019607843137 0.12549019607843137
            ambientIntensity 0.251
            transparency 0.0
            shininess 0.5
        }
    }
    geometry IndexedFaceSet {
        ccw TRUE
        solid FALSE
        coord DEF co Coordinate {
            point [
                -1.4587 -4.2717 4.6457, -1.7884 -4.2717 4.7064, -1.7718 -4.2717 4.7006, -1.7718 -4.2717 4.0863, -1.7884 -4.2717 4.0804, -1.4587 -4.2717 4.0157, -1.8059 -4.2717 4.0785, -2.6398 -4.2717 4.0157, -2.8295 -4.2717 4.0785, -2.6398 -4.2717 3.937, -2.9547 -4.2717 3.937, -2.8471 -4.2717 4.0804, -2.8637 -4.2717 4.0863, -1.7292 -4.2717 4.1397, -1.735 -4.2717 4.123, -2.8786 -4.2717 4.0956, -2.8911 -4.2717 4.1081, -2.9005 -4.2717 4.123, -2.9063 -4.2717 4.6472, -2.9005 -4.2717 4.6638, -2.9547 -4.2717 4.7244, -2.8911 -4.2717 4.6787, -1.7444 -4.2717 4.1081, -1.7568 -4.2717 4.0956, -2.8786 -4.2717 4.6912, -2.8637 -4.2717 4.7006, -2.8471 -4.2717 4.7064, -1.7568 -4.2717 4.6912, -1.7444 -4.2717 4.6787, -1.735 -4.2717 4.6638, -2.8295 -4.2717 4.7084, -1.8059 -4.2717 4.7084, -1.1883 -4.2717 4.7244, -1.1883 -4.2717 4.6457, -1.7292 -4.2717 4.6472, -1.7272 -4.2717 4.6296, -1.7272 -4.2717 4.1572, -2.9063 -4.2717 4.1397, -2.9083 -4.2717 4.1572, -2.9083 -4.2717 4.6296, 2.5571 -4.1929 0.7874, 2.5571 -3.6932 0.7874, 2.0059 -4.1929 0.7874, 2.0059 -3.6932 0.7874, 1.1791 -4.1929 0.7874, 1.1791 -3.6932 0.7874, 0.7854 -4.1929 0.7874, 0.7854 -3.6932 0.7874, 0.3917 -4.1929 0.7874, 0.3917 -3.6932 0.7874, -0.002 -4.1929 0.7874, -0.002 -3.6932 0.7874, -0.3957 -4.1929 0.7874, -0.3957 -3.6932 0.7874, -0.7894 -4.1929 0.7874, -0.7894 -3.6932 0.7874, -1.1831 -4.1929 0.7874, -1.1831 -3.6932 0.7874, -2.561 -4.1929 0.7874, -2.561 -3.6932 0.7874, -1.3012 -3.1936 0.7874, -1.4587 -3.1936 0.7874, -2.561 -0.3346 0.7874, -1.4587 -3.1148 0.7874, -2.0098 -0.3346 0.7874, -1.3012 -3.1148 0.7874, -1.1831 -0.3346 0.7874, -0.9075 -3.1936 0.7874, -1.065 -3.1936 0.7874, -1.065 -3.1148 0.7874, -0.9075 -3.1148 0.7874, -0.7894 -0.3346 0.7874, -0.5138 -3.1936 0.7874, -0.6713 -3.1936 0.7874, -0.6713 -3.1148 0.7874, -0.5138 -3.1148 0.7874, -0.3957 -0.3346 0.7874, -0.1201 -3.1936 0.7874, -0.2776 -3.1936 0.7874, -0.2776 -3.1148 0.7874, -0.1201 -3.1148 0.7874, -0.002 -0.3346 0.7874, 0.2736 -3.1936 0.7874, 0.1161 -3.1936 0.7874, 0.1161 -3.1148 0.7874, 0.2736 -3.1148 0.7874, 0.3917 -0.3346 0.7874, 0.6673 -3.1936 0.7874, 0.5098 -3.1936 0.7874, 0.5098 -3.1148 0.7874, 0.6673 -3.1148 0.7874, 0.7854 -0.3346 0.7874, 1.061 -3.1148 0.7874, 1.061 -3.1936 0.7874, 0.9035 -3.1936 0.7874, 0.9035 -3.1148 0.7874, 1.1791 -0.3346 0.7874, 1.4547 -3.1148 0.7874, 1.4547 -3.1936 0.7874, 1.2972 -3.1936 0.7874, 1.2972 -3.1148 0.7874, 2.0059 -0.3346 0.7874, 2.5571 -0.3346 0.7874, 1.376 -0.3346 3.937, 1.376 -0.3346 4.5669, 1.1791 -0.3346 4.5669, 1.1056 -0.3346 4.5669, 1.1056 -0.3346 5.0458, 0.7854 -0.3346 5.0458, -2.561 -0.3346 3.937, -2.561 -0.3346 3.7686, -2.0098 -0.3346 3.937, -2.0098 -0.3346 3.7686, -1.3799 -0.3346 3.937, -1.1831 -0.3346 3.7686, -1.3799 -0.3346 4.5669, -1.1831 -0.3346 4.5669, -1.1095 -0.3346 4.5669, -0.7894 -0.3346 3.7686, -1.1095 -0.3346 5.0458, 2.5571 -0.3346 3.7686, 2.5571 -0.3346 3.937, 1.1791 -0.3346 3.7686, 1.2972 -0.3346 2.4914, 1.4547 -0.3346 2.4914, 1.4547 -0.3346 2.402, 1.2972 -0.3346 2.402, 0.9035 -0.3346 2.4914, 1.061 -0.3346 2.4914, 1.061 -0.3346 2.402, 0.7854 -0.3346 3.7686, 0.9035 -0.3346 2.402, 0.3917 -0.3346 3.7686, 0.5098 -0.3346 2.4914, 0.6673 -0.3346 2.4914, 0.6673 -0.3346 2.402, 0.5098 -0.3346 2.402, -0.002 -0.3346 3.7686, 0.1161 -0.3346 2.4914, 0.2736 -0.3346 2.4914, 0.2736 -0.3346 2.402, 0.1161 -0.3346 2.402, -0.3957 -0.3346 3.7686, -0.2776 -0.3346 2.4914, -0.1201 -0.3346 2.4914, -0.1201 -0.3346 2.402, -0.2776 -0.3346 2.402, -0.6713 -0.3346 2.4914, -0.5138 -0.3346 2.4914, -0.5138 -0.3346 2.402, -0.6713 -0.3346 2.402, 0.3917 -0.3346 5.0458, -0.002 -0.3346 5.0458, -0.3957 -0.3346 5.0458, -0.7894 -0.3346 5.0458, -0.9075 -0.3346 2.4914, -0.9075 -0.3346 2.402, -1.065 -0.3346 2.4914, -1.065 -0.3346 2.402, -1.3012 -0.3346 2.4914, -1.3012 -0.3346 2.402, -1.4587 -0.3346 2.4914, -1.4587 -0.3346 2.402
            ]
        }
        coordIndex [
            0,1,2,-1,3,4,5,-1,5,4,6,-1,5,6,7,-1,7,6,8,-1,7,8,9,-1,9,8,10,-1,10,8,11,-1,10,11,12,-1,13,14,5,-1,12,15,10,-1,10,15,16,-1,10,16,17,-1,18,19,20,-1,20,19,21,-1,14,22,5,-1,5,22,23,-1,5,23,3,-1,21,24,20,-1,20,24,25,-1,20,25,26,-1,2,27,0,-1,0,27,28,-1,0,28,29,-1,26,30,20,-1,20,30,31,-1,20,31,32,-1,32,31,1,-1,32,1,33,-1,33,1,0,-1,29,34,0,-1,0,34,35,-1,0,35,5,-1,5,35,36,-1,5,36,13,-1,17,37,10,-1,10,37,38,-1,10,38,20,-1,20,38,39,-1,20,39,18,-1,40,41,42,-1,42,41,43,-1,42,43,44,-1,44,43,45,-1,44,45,46,-1,46,45,47,-1,46,47,48,-1,48,47,49,-1,48,49,50,-1,50,49,51,-1,50,51,52,-1,52,51,53,-1,52,53,54,-1,54,53,55,-1,54,55,56,-1,56,55,57,-1,56,57,58,-1,58,57,59,-1,57,60,59,-1,59,60,61,-1,59,61,62,-1,62,61,63,-1,62,63,64,-1,64,63,65,-1,64,65,66,-1,55,67,57,-1,57,67,68,-1,57,68,69,-1,70,71,69,-1,69,71,66,-1,69,66,57,-1,57,66,65,-1,57,65,60,-1,53,72,55,-1,55,72,73,-1,55,73,74,-1,75,76,74,-1,74,76,71,-1,74,71,55,-1,55,71,70,-1,55,70,67,-1,51,77,53,-1,53,77,78,-1,53,78,79,-1,80,81,79,-1,79,81,76,-1,79,76,53,-1,53,76,75,-1,53,75,72,-1,49,82,51,-1,51,82,83,-1,51,83,84,-1,85,86,84,-1,84,86,81,-1,84,81,51,-1,51,81,80,-1,51,80,77,-1,47,87,49,-1,49,87,88,-1,49,88,89,-1,90,91,89,-1,89,91,86,-1,89,86,49,-1,49,86,85,-1,49,85,82,-1,92,93,45,-1,45,93,47,-1,47,93,94,-1,47,94,95,-1,92,96,95,-1,95,96,91,-1,95,91,47,-1,47,91,90,-1,47,90,87,-1,97,98,43,-1,43,98,45,-1,45,98,99,-1,45,99,100,-1,92,45,96,-1,96,45,100,-1,96,100,101,-1,41,102,43,-1,43,102,101,-1,43,101,97,-1,97,101,100,-1,103,104,105,-1,106,107,108,-1,109,110,111,-1,111,110,112,-1,111,112,113,-1,113,112,114,-1,113,114,115,-1,115,114,116,-1,116,114,117,-1,117,114,118,-1,117,118,119,-1,120,121,122,-1,122,121,103,-1,122,123,120,-1,120,123,124,-1,120,124,102,-1,102,124,125,-1,102,125,101,-1,101,125,126,-1,101,126,96,-1,127,128,122,-1,122,128,129,-1,103,105,122,-1,122,105,130,-1,122,130,127,-1,131,91,129,-1,129,91,96,-1,129,96,122,-1,122,96,126,-1,122,126,123,-1,132,133,130,-1,130,133,134,-1,130,134,135,-1,136,86,135,-1,135,86,91,-1,135,91,130,-1,130,91,131,-1,130,131,127,-1,137,138,132,-1,132,138,139,-1,132,139,140,-1,141,81,140,-1,140,81,86,-1,140,86,132,-1,132,86,136,-1,132,136,133,-1,142,143,137,-1,137,143,144,-1,137,144,145,-1,146,76,145,-1,145,76,81,-1,145,81,137,-1,137,81,141,-1,137,141,138,-1,118,147,142,-1,142,147,148,-1,142,148,149,-1,150,71,149,-1,149,71,76,-1,149,76,142,-1,142,76,146,-1,142,146,143,-1,105,106,130,-1,130,106,108,-1,130,108,132,-1,132,108,151,-1,132,151,137,-1,137,151,152,-1,137,152,142,-1,142,152,153,-1,142,153,118,-1,118,153,154,-1,118,154,119,-1,118,155,156,-1,155,118,157,-1,157,118,114,-1,157,114,158,-1,158,66,156,-1,156,66,71,-1,156,71,118,-1,118,71,150,-1,118,150,147,-1,114,159,160,-1,158,114,66,-1,66,114,160,-1,66,160,64,-1,159,114,161,-1,161,114,112,-1,161,112,162,-1,160,162,64,-1,64,162,112,-1,64,112,62,-1,62,112,110,-1,
        ]
    }
}
Shape{
    appearance Appearance {
        material  Material {
            diffuseColor 0.7529411764705882 0.7529411764705882 0.7529411764705882
            specularColor 0.3764705882352941 0.3764705882352941 0.3764705882352941
            ambientIntensity 0.7529
            transparency 0.0
            shininess 0.5
        }
    }
    geometry IndexedFaceSet {
        ccw TRUE
        solid FALSE
        coord DEF co Coordinate {
            point [
                2.5571 -4.2717 3.937, 2.6358 -4.2717 3.937, 2.5571 -4.2717 0.7874, 2.6358 -4.2717 0.7087, -2.561 -4.2717 0.7874, -2.6398 -4.2717 0.7087, -2.561 -4.2717 3.937, -2.6398 -4.2717 3.937, 1.1791 -4.2717 4.7244, 1.1791 -4.2717 5.1181, 1.1843 -4.2717 4.7244, 1.1843 -4.2717 5.1181, 3.1476 -4.3504 5.1181, 3.2264 -4.3504 5.1181, 3.2264 -4.3464 5.1487, 1.1791 -4.3504 5.1181, 1.1791 -4.3464 5.1487, 3.2264 -4.3346 5.1772, 1.1791 -4.3346 5.1772, 3.2264 -4.3158 5.2016, 1.1791 -4.3158 5.2016, 3.2264 -4.2913 5.2204, 1.1791 -4.2913 5.2204, 3.2264 -4.2629 5.2322, 1.1791 -4.2629 5.2322, 3.2264 -4.2323 5.2362, 1.1791 -4.2323 5.2362, 1.1791 -4.2703 5.1283, 3.1476 -4.2717 5.1181, 3.2264 -4.2717 5.1181, 3.2264 -4.2703 5.1283, 3.2264 -4.2664 5.1378, 1.1791 -4.2664 5.1378, 3.2264 -4.2601 5.1459, 1.1791 -4.2601 5.1459, 3.2264 -4.252 5.1522, 1.1791 -4.252 5.1522, 3.2264 -4.2425 5.1561, 1.1791 -4.2425 5.1561, 3.2264 -4.2323 5.1575, 1.1791 -4.2323 5.1575, 2.9508 -4.2717 4.7244, 2.9508 -4.3504 4.7244, 1.1791 -4.3504 4.7244, -3.2697 -1.0587 0.7379, -3.2697 -1.0462 0.7503, -3.2697 -1.1417 0.1181, -3.2697 -1.0369 0.7653, -3.2697 -1.031 0.7819, -3.2697 -1.1417 -0.7874, -3.2697 -0.9449 -0.9843, -3.2697 -0.8661 -0.9843, -3.2697 -0.6102 0.1181, -3.2697 -1.0291 1.5086, -3.2697 -0.6102 5.1181, -3.2697 -1.031 1.5261, -3.2697 -1.0369 1.5428, -3.2697 -2.0113 0.7819, -3.2697 -4.2323 0.1181, -3.2697 -2.0133 0.7994, -3.2697 -2.0133 1.5086, -3.2697 -0.6693 -0.7874, -3.2697 -0.6693 0.1181, -3.2697 -1.0291 0.7994, -3.2697 -1.0988 -0.9101, -3.2697 -1.1222 -0.8728, -3.2697 -1.0676 -0.9413, -3.2697 -1.0303 -0.9648, -3.2697 -0.9887 -0.9793, -3.2697 -1.1368 -0.8312, -3.2697 -2.0055 0.7653, -3.2697 -1.9961 0.7503, -3.2697 -1.9837 0.7379, -3.2697 -2.0113 2.8808, -3.2697 -2.0133 2.8633, -3.2697 -1.9687 3.6567, -3.2697 -1.0291 4.4368, -3.2697 -1.031 4.4543, -3.2697 -1.0369 4.471, -3.2697 -1.0462 4.4859, -3.2697 -1.0587 4.4984, -3.2697 -1.0736 4.5077, -3.2697 -1.0903 4.5136, -3.2697 -0.7434 -0.9413, -3.2697 -0.7807 -0.9648, -3.2697 -0.7122 -0.9101, -3.2697 -0.6888 -0.8728, -3.2697 -0.6742 -0.8312, -3.2697 -0.8223 -0.9793, -3.2697 -1.1078 0.7207, -3.2697 -1.0903 0.7227, -3.2697 -1.0736 0.7285, -3.2697 -1.2633 3.7101, -3.2697 -1.8217 3.6567, -3.2697 -1.8067 3.666, -3.2697 -1.2653 3.7276, -3.2697 -1.7771 3.7276, -3.2697 -1.7791 3.7101, -3.2697 -1.9837 3.666, -3.2697 -1.7943 3.6785, -3.2697 -1.7849 3.6934, -3.2697 -1.9837 1.5702, -3.2697 -1.9961 1.5577, -3.2697 -4.2323 5.1181, -3.2697 -2.0055 1.5428, -3.2697 -2.0113 1.5261, -3.2697 -1.9687 4.5077, -3.2697 -1.9837 4.4984, -3.2697 -1.9961 4.4859, -3.2697 -2.0055 4.471, -3.2697 -1.9687 0.7285, -3.2697 -1.9521 0.7227, -3.2697 -1.9346 0.7207, -3.2697 -1.0462 1.5577, -3.2697 -1.0369 3.6934, -3.2697 -1.031 3.7101, -3.2697 -1.0291 3.7276, -3.2697 -2.0133 2.4486, -3.2697 -1.1078 4.5155, -3.2697 -1.9346 4.5155, -3.2697 -1.9521 4.5136, -3.2697 -2.0113 4.4543, -3.2697 -2.0133 4.4368, -3.2697 -2.0133 3.7276, -3.2697 -2.0113 3.7101, -3.2697 -2.0055 3.6934, -3.2697 -1.9961 3.6785, -3.2697 -1.0736 1.5796, -3.2697 -1.0736 3.6567, -3.2697 -1.0587 3.666, -3.2697 -1.9687 1.5796, -3.2697 -1.9521 1.5854, -3.2697 -2.0113 2.4311, -3.2697 -2.0055 2.4145, -3.2697 -1.4263 2.8808, -3.2697 -1.4321 2.8975, -3.2697 -1.4855 2.9401, -3.2697 -1.5031 2.9421, -3.2697 -1.2207 3.6567, -3.2697 -1.0587 1.5702, -3.2697 -1.0462 3.6785, -3.2697 -1.6984 4.2715, -3.2697 -1.344 4.2715, -3.2697 -1.2653 4.1928, -3.2697 -1.2356 3.666, -3.2697 -1.9346 2.9421, -3.2697 -1.2481 3.6785, -3.2697 -1.9521 2.9401, -3.2697 -1.9687 2.9343, -3.2697 -1.4415 2.9124, -3.2697 -1.454 2.9249, -3.2697 -1.0903 3.6508, -3.2697 -1.1078 3.6489, -3.2697 -1.9961 2.3995, -3.2697 -1.9837 2.3871, -3.2697 -1.9687 2.3777, -3.2697 -1.7771 4.1928, -3.2697 -1.7751 4.2103, -3.2697 -1.7693 4.2269, -3.2697 -2.0055 2.8975, -3.2697 -1.9521 3.6508, -3.2697 -1.9961 2.9124, -3.2697 -1.9346 3.6489, -3.2697 -1.8558 3.6489, -3.2697 -1.7599 4.2419, -3.2697 -1.7475 4.2543, -3.2697 -1.7159 4.2695, -3.2697 -1.7325 4.2637, -3.2697 -1.3265 4.2695, -3.2697 -1.3099 4.2637, -3.2697 -1.2949 4.2543, -3.2697 -1.2825 4.2419, -3.2697 -1.2731 4.2269, -3.2697 -1.2673 4.2103, -3.2697 -1.9837 2.9249, -3.2697 -1.2575 3.6934, -3.2697 -1.8383 3.6508, -3.2697 -1.4321 2.4145, -3.2697 -1.4415 2.3995, -3.2697 -1.454 2.3871, -3.2697 -1.4689 2.9343, -3.2697 -1.2041 3.6508, -3.2697 -1.1865 3.6489, -3.2697 -1.5031 2.3699, -3.2697 -1.8383 1.5854, -3.2697 -1.9346 2.3699, -3.2697 -1.8558 1.5874, -3.2697 -1.9521 2.3719, -3.2697 -1.9346 1.5874, -3.2697 -1.7943 1.5577, -3.2697 -1.8067 1.5702, -3.2697 -1.2575 1.5428, -3.2697 -1.2356 1.5702, -3.2697 -1.2481 1.5577, -3.2697 -1.4855 2.3719, -3.2697 -1.8217 1.5796, -3.2697 -1.7849 1.5428, -3.2697 -1.2633 1.5261, -3.2697 -1.7791 1.5261, -3.2697 -1.2653 1.5086, -3.2697 -1.7771 1.5086, -3.2697 -1.4263 2.4311, -3.2697 -1.4243 2.4486, -3.2697 -1.4243 2.8633, -3.2697 -1.4689 2.3777, -3.2697 -1.0903 1.5854, -3.2697 -1.1078 1.5874, -3.2697 -1.1865 1.5874, -3.2697 -1.2041 1.5854, -3.2697 -1.2207 1.5796, -3.2697 -1.7771 1.0434, -3.2697 -1.2653 1.0434, -3.2697 -1.344 0.9647, -3.2697 -1.2673 1.0259, -3.2697 -1.2731 1.0093, -3.2697 -1.2825 0.9943, -3.2697 -1.2949 0.9819, -3.2697 -1.3265 0.9667, -3.2697 -1.3099 0.9725, -3.2697 -1.6984 0.9647, -3.2697 -1.7159 0.9667, -3.2697 -1.7325 0.9725, -3.2697 -1.7475 0.9819, -3.2697 -1.7599 0.9943, -3.2697 -1.7751 1.0259, -3.2697 -1.7693 1.0093, -3.1909 -1.0369 0.7653, -3.1909 -0.6102 0.1181, -3.1909 -1.031 0.7819, -3.1909 -1.0291 0.7994, -3.1909 -0.6693 -0.7874, -3.1909 -0.6693 0.1181, -3.1909 -1.1417 0.1181, -3.1909 -1.7791 3.7101, -3.1909 -1.7849 3.6934, -3.1909 -1.2633 3.7101, -3.1909 -1.0462 0.7503, -3.1909 -1.0587 0.7379, -3.1909 -1.0736 0.7285, -3.1909 -1.0903 0.7227, -3.1909 -1.0903 1.5854, -3.1909 -1.0736 1.5796, -3.1909 -1.4321 2.4145, -3.1909 -1.1417 -0.7874, -3.1909 -0.9449 -0.9843, -3.1909 -0.8661 -0.9843, -3.1909 -1.031 4.4543, -3.1909 -1.0291 4.4368, -3.1909 -0.6102 5.1181, -3.1909 -1.0291 3.7276, -3.1909 -1.031 3.7101, -3.1909 -1.0369 3.6934, -3.1909 -1.7943 3.6785, -3.1909 -1.8067 3.666, -3.1909 -1.8217 3.6567, -3.1909 -1.0676 -0.9413, -3.1909 -1.0303 -0.9648, -3.1909 -1.0988 -0.9101, -3.1909 -1.1222 -0.8728, -3.1909 -1.1368 -0.8312, -3.1909 -0.9887 -0.9793, -3.1909 -1.0587 1.5702, -3.1909 -1.4243 2.4486, -3.1909 -1.4263 2.4311, -3.1909 -0.7122 -0.9101, -3.1909 -0.6888 -0.8728, -3.1909 -0.7434 -0.9413, -3.1909 -0.7807 -0.9648, -3.1909 -0.8223 -0.9793, -3.1909 -0.6742 -0.8312, -3.1909 -1.0462 3.6785, -3.1909 -1.0587 3.666, -3.1909 -1.0736 3.6567, -3.1909 -1.1078 0.7207, -3.1909 -1.9346 0.7207, -3.1909 -4.2323 0.1181, -3.1909 -1.0587 4.4984, -3.1909 -1.0462 4.4859, -3.1909 -1.0369 4.471, -3.1909 -1.9521 0.7227, -3.1909 -1.9687 0.7285, -3.1909 -1.9837 0.7379, -3.1909 -1.2633 1.5261, -3.1909 -1.2575 1.5428, -3.1909 -1.7791 1.5261, -3.1909 -1.9837 2.9249, -3.1909 -1.9687 2.9343, -3.1909 -1.2207 3.6567, -3.1909 -1.9521 2.9401, -3.1909 -1.9346 2.9421, -3.1909 -1.9961 0.7503, -3.1909 -2.0055 0.7653, -3.1909 -2.0113 0.7819, -3.1909 -2.0055 1.5428, -3.1909 -4.2323 5.1181, -3.1909 -2.0113 1.5261, -3.1909 -1.9961 1.5577, -3.1909 -1.9837 1.5702, -3.1909 -1.9687 1.5796, -3.1909 -1.2041 1.5854, -3.1909 -1.1865 1.5874, -3.1909 -1.1078 1.5874, -3.1909 -1.7849 1.5428, -3.1909 -1.2481 1.5577, -3.1909 -1.2356 1.5702, -3.1909 -1.7771 3.7276, -3.1909 -1.2653 3.7276, -3.1909 -1.7771 4.1928, -3.1909 -1.2653 4.1928, -3.1909 -1.344 4.2715, -3.1909 -1.2673 4.2103, -3.1909 -1.2731 4.2269, -3.1909 -1.2825 4.2419, -3.1909 -1.2949 4.2543, -3.1909 -1.3265 4.2695, -3.1909 -1.3099 4.2637, -3.1909 -1.5031 2.9421, -3.1909 -1.4855 2.9401, -3.1909 -1.2041 3.6508, -3.1909 -1.4689 2.9343, -3.1909 -1.1865 3.6489, -3.1909 -1.1078 3.6489, -3.1909 -1.0903 3.6508, -3.1909 -1.454 2.9249, -3.1909 -1.4415 2.9124, -3.1909 -1.4321 2.8975, -3.1909 -2.0133 0.7994, -3.1909 -2.0133 1.5086, -3.1909 -1.2207 1.5796, -3.1909 -1.7943 1.5577, -3.1909 -1.8067 1.5702, -3.1909 -1.4415 2.3995, -3.1909 -1.454 2.3871, -3.1909 -1.6984 4.2715, -3.1909 -1.7159 4.2695, -3.1909 -1.7325 4.2637, -3.1909 -1.7475 4.2543, -3.1909 -1.7599 4.2419, -3.1909 -1.7751 4.2103, -3.1909 -1.7693 4.2269, -3.1909 -1.4263 2.8808, -3.1909 -1.4243 2.8633, -3.1909 -2.0113 2.8808, -3.1909 -2.0055 2.8975, -3.1909 -1.9521 3.6508, -3.1909 -1.9961 2.9124, -3.1909 -1.9837 2.3871, -3.1909 -1.9687 2.3777, -3.1909 -1.9521 2.3719, -3.1909 -2.0055 4.471, -3.1909 -1.9961 4.4859, -3.1909 -1.9837 4.4984, -3.1909 -1.0462 1.5577, -3.1909 -1.0369 1.5428, -3.1909 -1.031 1.5261, -3.1909 -1.0291 1.5086, -3.1909 -1.1078 4.5155, -3.1909 -1.0903 4.5136, -3.1909 -1.0736 4.5077, -3.1909 -1.2356 3.666, -3.1909 -1.2481 3.6785, -3.1909 -1.2575 3.6934, -3.1909 -1.9521 1.5854, -3.1909 -1.9346 1.5874, -3.1909 -1.9346 2.3699, -3.1909 -2.0133 2.8633, -3.1909 -1.9687 3.6567, -3.1909 -1.9837 3.666, -3.1909 -1.8383 3.6508, -3.1909 -1.8558 3.6489, -3.1909 -1.9346 3.6489, -3.1909 -1.4689 2.3777, -3.1909 -1.4855 2.3719, -3.1909 -1.8217 1.5796, -3.1909 -1.5031 2.3699, -3.1909 -1.8383 1.5854, -3.1909 -1.8558 1.5874, -3.1909 -2.0133 3.7276, -3.1909 -2.0133 4.4368, -3.1909 -2.0113 4.4543, -3.1909 -1.9687 4.5077, -3.1909 -1.9521 4.5136, -3.1909 -1.9346 4.5155, -3.1909 -2.0133 2.4486, -3.1909 -1.6984 0.9647, -3.1909 -1.344 0.9647, -3.1909 -1.2653 1.0434, -3.1909 -1.9961 2.3995, -3.1909 -2.0055 2.4145, -3.1909 -2.0113 2.4311, -3.1909 -1.9961 3.6785, -3.1909 -2.0055 3.6934, -3.1909 -2.0113 3.7101, -3.1909 -1.2653 1.5086, -3.1909 -1.7771 1.5086, -3.1909 -1.7771 1.0434, -3.1909 -1.7751 1.0259, -3.1909 -1.7693 1.0093, -3.1909 -1.7599 0.9943, -3.1909 -1.7475 0.9819, -3.1909 -1.7159 0.9667, -3.1909 -1.7325 0.9725, -3.1909 -1.3265 0.9667, -3.1909 -1.3099 0.9725, -3.1909 -1.2949 0.9819, -3.1909 -1.2825 0.9943, -3.1909 -1.2731 1.0093, -3.1909 -1.2673 1.0259, 3.187 -0.6102 0.1181, 3.2657 -0.6102 0.1181, 3.187 -0.6693 0.1181, 3.2657 -0.6693 0.1181, -3.2303 -4.3504 5.1181, -3.2303 -4.3203 5.1181, -3.2252 -4.3246 5.1181, -3.2028 -4.3387 5.1181, -3.1779 -4.3474 5.1181, -3.1516 -4.3504 5.1181, -3.2303 -4.3504 0.1181, -3.1516 -4.3504 0.1181, -3.1779 -4.3474 0.1181, -3.2028 -4.3387 0.1181, -3.2252 -4.3246 0.1181, -3.2303 -4.3203 0.1181, 3.2264 -4.3203 0.1181, 3.2067 -4.3346 0.1181, 3.2264 -4.3504 0.1181, 3.1782 -4.3464 0.1181, 3.1476 -4.3504 0.1181, 3.1782 -4.3464 5.1181, 3.2067 -4.3346 5.1181, 3.2264 -4.3203 5.1181, 2.9508 -4.3504 3.937, 2.5571 -4.3504 3.937, 2.5571 -4.3504 0.7874, -2.561 -4.3504 0.7874, -1.1831 -4.3504 4.7244, -1.1831 -4.3504 5.1181, -2.9547 -4.3504 4.7244, -2.9547 -4.3504 3.937, -2.561 -4.3504 3.937, -1.1831 -4.2717 5.1181, -1.1831 -4.2717 4.7244, -1.1883 -4.2717 5.1181, -1.1883 -4.2717 4.7244, -3.2303 -4.2664 5.1378, -3.2303 -4.2703 5.1283, -3.2303 -4.3474 5.1444, -3.2303 -4.2323 5.2362, -3.2303 -4.2323 5.1575, -3.2303 -4.2586 5.2333, -3.2303 -4.2425 5.1561, -3.2303 -4.2835 5.2245, -3.2303 -4.252 5.1522, -3.2303 -4.3059 5.2105, -3.2303 -4.2601 5.1459, -3.2303 -4.3246 5.1918, -3.2303 -4.3387 5.1694, -3.2303 -4.2717 5.1181, -1.1831 -4.3474 5.1444, -1.1831 -4.3387 5.1694, -1.1831 -4.3246 5.1918, -1.1831 -4.3059 5.2105, -1.1831 -4.2835 5.2245, -1.1831 -4.2586 5.2333, -1.1831 -4.2323 5.2362, -3.1516 -4.2717 5.1181, -1.1831 -4.2703 5.1283, -1.1831 -4.2323 5.1575, -1.1831 -4.2425 5.1561, -1.1831 -4.252 5.1522, -1.1831 -4.2601 5.1459, -1.1831 -4.2664 5.1378, 3.2264 -3.563 5.1575, 3.2264 -3.563 5.2362, -3.2303 -3.563 5.2362, -3.2303 -3.563 5.1575, 1.1791 -4.1535 5.2362, -1.1831 -4.1535 5.2362, -1.1831 -4.1535 5.1575, 1.1791 -4.1535 5.1575, 3.2264 -4.3464 0.0875, 3.2264 -4.2323 0.0, 3.2264 -4.2323 0.0787, 3.2264 -4.2629 0.004, 3.2264 -4.241 0.0797, 3.2264 -4.2913 0.0158, 3.2264 -4.2494 0.0826, 3.2264 -4.3158 0.0346, 3.2264 -4.2717 0.1181, 3.2264 -4.2568 0.0873, 3.2264 -4.2631 0.0936, 3.2264 -4.3346 0.0591, 3.2264 -4.2678 0.101, 3.2264 -4.2707 0.1094, -3.2303 -4.2717 0.1181, -3.2303 -4.2707 0.1094, -3.2303 -4.2323 0.0787, -3.2303 -4.2323 0.0, -3.2303 -4.241 0.0797, -3.2303 -4.2629 0.004, -3.2303 -4.2494 0.0826, -3.2303 -4.2913 0.0158, -3.2303 -4.2568 0.0873, -3.2303 -4.3158 0.0346, -3.2303 -4.3464 0.0875, -3.2303 -4.3346 0.0591, -3.2303 -4.2678 0.101, -3.2303 -4.2631 0.0936, 3.1476 -4.2717 0.1181, -3.1516 -4.2717 0.1181, -1.939 -4.2717 0.1181, -1.939 -4.2707 0.1094, -1.939 -4.2678 0.101, -1.939 -4.2631 0.0936, -1.939 -4.2568 0.0873, -1.939 -4.2494 0.0826, -1.939 -4.241 0.0797, -1.939 -4.2323 0.0787, -0.6476 -4.2323 0.0787, -0.6476 -4.241 0.0797, -0.6476 -4.2494 0.0826, -0.6476 -4.2568 0.0873, -0.6476 -4.2631 0.0936, -0.6476 -4.2678 0.101, -0.6476 -4.2707 0.1094, -0.6476 -4.2717 0.1181, 0.6437 -4.2323 0.0787, 0.6437 -4.241 0.0797, 0.6437 -4.2494 0.0826, 0.6437 -4.2568 0.0873, 0.6437 -4.2631 0.0936, 0.6437 -4.2678 0.101, 0.6437 -4.2707 0.1094, 0.6437 -4.2717 0.1181, 1.935 -4.2323 0.0787, 1.935 -4.241 0.0797, 1.935 -4.2494 0.0826, 1.935 -4.2568 0.0873, 1.935 -4.2631 0.0936, 1.935 -4.2678 0.101, 1.935 -4.2707 0.1094, 1.935 -4.2717 0.1181, 3.2264 -3.563 0.0, 3.2264 -3.563 0.0787, -3.2303 -3.563 0.0787, -3.2303 -3.563 0.0, 3.1857 -4.2425 0.1181, 3.187 -4.2323 0.1181, 3.2657 -4.2323 0.1181, 3.2312 -4.3158 0.1181, 3.2499 -4.2913 0.1181, 3.1817 -4.252 0.1181, 3.2617 -4.2629 0.1181, 3.1578 -4.2703 0.1181, 3.1673 -4.2664 0.1181, 3.1755 -4.2601 0.1181, 3.2657 -4.2323 5.1181, 3.187 -4.2323 5.1181, 3.2312 -4.3158 5.1181, 3.1857 -4.2425 5.1181, 3.1817 -4.252 5.1181, 3.1755 -4.2601 5.1181, 3.2499 -4.2913 5.1181, 3.2617 -4.2629 5.1181, 3.1673 -4.2664 5.1181, 3.1578 -4.2703 5.1181, 3.2657 -1.1417 0.1181, 3.187 -1.1417 0.1181, 3.2657 -0.6102 5.1181, 3.187 -0.6102 5.1181, 3.187 -2.0113 4.4543, 3.187 -2.0133 4.4368, 3.187 -1.1417 -0.7874, 3.187 -0.9449 -0.9843, 3.187 -0.8661 -0.9843, 3.187 -2.0133 1.5086, 3.187 -2.0133 0.7994, 3.187 -1.7791 1.5261, 3.187 -1.7849 1.5428, 3.187 -1.2633 1.5261, 3.187 -1.0291 4.4368, 3.187 -1.031 4.4543, 3.187 -1.0369 4.471, 3.187 -1.0462 4.4859, 3.187 -0.6742 -0.8312, 3.187 -0.6888 -0.8728, 3.187 -2.0113 0.7819, 3.187 -2.0055 0.7653, 3.187 -1.9961 0.7503, 3.187 -1.0736 0.7285, 3.187 -1.0587 0.7379, 3.187 -1.0462 0.7503, 3.187 -1.0369 3.6934, 3.187 -1.031 3.7101, 3.187 -0.7122 -0.9101, 3.187 -0.7434 -0.9413, 3.187 -0.7807 -0.9648, 3.187 -1.9346 0.7207, 3.187 -1.9521 0.7227, 3.187 -1.9687 0.7285, 3.187 -1.0291 3.7276, 3.187 -1.0587 4.4984, 3.187 -1.0736 4.5077, 3.187 -1.0903 4.5136, 3.187 -0.8223 -0.9793, 3.187 -1.1078 0.7207, 3.187 -1.0903 0.7227, 3.187 -1.7943 1.5577, 3.187 -1.8067 1.5702, 3.187 -1.8217 1.5796, 3.187 -1.0988 -0.9101, 3.187 -1.1222 -0.8728, 3.187 -1.0676 -0.9413, 3.187 -1.0303 -0.9648, 3.187 -0.9887 -0.9793, 3.187 -1.1368 -0.8312, 3.187 -1.9837 0.7379, 3.187 -0.6693 -0.7874, 3.187 -1.0369 0.7653, 3.187 -1.031 0.7819, 3.187 -1.0291 0.7994, 3.187 -1.0291 1.5086, 3.187 -1.031 1.5261, 3.187 -1.0369 1.5428, 3.187 -1.0462 3.6785, 3.187 -1.9687 4.5077, 3.187 -1.9837 4.4984, 3.187 -1.8217 3.6567, 3.187 -1.8067 3.666, 3.187 -1.2633 3.7101, 3.187 -1.7943 3.6785, 3.187 -2.0133 3.7276, 3.187 -2.0113 3.7101, 3.187 -2.0055 3.6934, 3.187 -1.9961 3.6785, 3.187 -1.9837 3.666, 3.187 -2.0133 2.8633, 3.187 -1.9687 3.6567, 3.187 -2.0113 2.8808, 3.187 -1.1078 4.5155, 3.187 -1.9346 4.5155, 3.187 -1.9521 4.5136, 3.187 -1.9961 4.4859, 3.187 -2.0055 4.471, 3.187 -1.9837 1.5702, 3.187 -1.9961 1.5577, 3.187 -2.0055 1.5428, 3.187 -2.0113 1.5261, 3.187 -2.0133 2.4486, 3.187 -1.344 0.9647, 3.187 -1.6984 0.9647, 3.187 -1.7771 1.0434, 3.187 -1.6984 4.2715, 3.187 -1.344 4.2715, 3.187 -1.2653 4.1928, 3.187 -1.8558 1.5874, 3.187 -1.9346 1.5874, 3.187 -1.9961 2.3995, 3.187 -1.9521 1.5854, 3.187 -2.0055 2.4145, 3.187 -1.9687 1.5796, 3.187 -2.0113 2.4311, 3.187 -1.7771 1.5086, 3.187 -1.2653 1.5086, 3.187 -1.2653 1.0434, 3.187 -1.2673 1.0259, 3.187 -1.2731 1.0093, 3.187 -1.2825 0.9943, 3.187 -1.2949 0.9819, 3.187 -1.3265 0.9667, 3.187 -1.3099 0.9725, 3.187 -1.0462 1.5577, 3.187 -1.0736 3.6567, 3.187 -1.0587 3.666, 3.187 -1.7159 0.9667, 3.187 -1.7325 0.9725, 3.187 -1.7475 0.9819, 3.187 -1.7599 0.9943, 3.187 -1.7693 1.0093, 3.187 -1.7751 1.0259, 3.187 -2.0055 2.8975, 3.187 -1.9521 3.6508, 3.187 -1.9961 2.9124, 3.187 -1.9346 3.6489, 3.187 -1.8558 3.6489, 3.187 -1.2207 3.6567, 3.187 -1.4321 2.8975, 3.187 -1.4415 2.9124, 3.187 -1.9346 2.9421, 3.187 -1.9521 2.9401, 3.187 -1.2481 3.6785, 3.187 -1.9687 2.9343, 3.187 -1.3265 4.2695, 3.187 -1.3099 4.2637, 3.187 -1.2949 4.2543, 3.187 -1.2825 4.2419, 3.187 -1.9837 2.9249, 3.187 -1.2575 3.6934, 3.187 -1.8383 3.6508, 3.187 -1.4243 2.4486, 3.187 -1.4243 2.8633, 3.187 -1.4263 2.8808, 3.187 -1.8383 1.5854, 3.187 -1.2575 1.5428, 3.187 -1.2481 1.5577, 3.187 -1.9837 2.3871, 3.187 -1.0587 1.5702, 3.187 -1.0736 1.5796, 3.187 -1.0903 3.6508, 3.187 -1.1078 3.6489, 3.187 -1.7849 3.6934, 3.187 -1.7791 3.7101, 3.187 -1.2653 3.7276, 3.187 -1.7771 3.7276, 3.187 -1.7771 4.1928, 3.187 -1.7751 4.2103, 3.187 -1.7693 4.2269, 3.187 -1.7599 4.2419, 3.187 -1.7475 4.2543, 3.187 -1.7159 4.2695, 3.187 -1.7325 4.2637, 3.187 -1.2731 4.2269, 3.187 -1.2673 4.2103, 3.187 -1.9687 2.3777, 3.187 -1.9521 2.3719, 3.187 -1.9346 2.3699, 3.187 -1.454 2.3871, 3.187 -1.4415 2.3995, 3.187 -1.4321 2.4145, 3.187 -1.4263 2.4311, 3.187 -1.454 2.9249, 3.187 -1.4689 2.9343, 3.187 -1.2356 3.666, 3.187 -1.4855 2.9401, 3.187 -1.5031 2.9421, 3.187 -1.5031 2.3699, 3.187 -1.4855 2.3719, 3.187 -1.2356 1.5702, 3.187 -1.4689 2.3777, 3.187 -1.0903 1.5854, 3.187 -1.1078 1.5874, 3.187 -1.1865 1.5874, 3.187 -1.2041 1.5854, 3.187 -1.2207 1.5796, 3.187 -1.2041 3.6508, 3.187 -1.1865 3.6489, -3.19 -4.241 5.1181, -3.2667 -4.2586 5.1181, -3.258 -4.2835 5.1181, -3.2439 -4.3059 5.1181, -3.187 -4.2494 5.1181, -3.1824 -4.2568 5.1181, -3.1603 -4.2707 5.1181, -3.1687 -4.2678 5.1181, -3.1761 -4.2631 5.1181, -3.19 -4.241 0.1181, -3.2439 -4.3059 0.1181, -3.1824 -4.2568 0.1181, -3.1761 -4.2631 0.1181, -3.258 -4.2835 0.1181, -3.2667 -4.2586 0.1181, -3.187 -4.2494 0.1181, -3.1687 -4.2678 0.1181, -3.1603 -4.2707 0.1181
            ]
        }
        coordIndex [
            0,1,2,-1,2,1,3,-1,2,3,4,-1,4,3,5,-1,4,5,6,-1,6,5,7,-1,8,9,10,-1,10,9,11,-1,12,13,14,-1,12,14,15,-1,15,14,16,-1,16,14,17,-1,16,17,18,-1,18,17,19,-1,18,19,20,-1,20,19,21,-1,20,21,22,-1,22,21,23,-1,22,23,24,-1,24,23,25,-1,24,25,26,-1,11,9,27,-1,11,27,28,-1,29,28,30,-1,30,28,27,-1,30,27,31,-1,31,27,32,-1,31,32,33,-1,33,32,34,-1,33,34,35,-1,35,34,36,-1,35,36,37,-1,37,36,38,-1,37,38,39,-1,39,38,40,-1,41,42,10,-1,10,42,43,-1,10,43,8,-1,44,45,46,-1,46,45,47,-1,46,47,48,-1,49,46,50,-1,50,46,48,-1,50,48,51,-1,52,53,54,-1,54,53,55,-1,54,55,56,-1,57,58,59,-1,59,58,60,-1,61,51,62,-1,62,51,48,-1,62,48,52,-1,52,48,63,-1,52,63,53,-1,64,65,66,-1,66,65,67,-1,50,68,49,-1,49,68,67,-1,49,67,69,-1,69,67,65,-1,57,70,58,-1,58,70,71,-1,58,71,72,-1,73,74,75,-1,76,77,54,-1,54,77,78,-1,54,78,79,-1,79,80,54,-1,54,80,81,-1,54,81,82,-1,83,84,85,-1,85,84,86,-1,61,87,51,-1,51,87,86,-1,51,86,88,-1,88,86,84,-1,89,90,46,-1,46,90,91,-1,46,91,44,-1,92,93,94,-1,95,92,96,-1,96,92,97,-1,75,74,98,-1,94,99,92,-1,92,99,100,-1,92,100,97,-1,101,102,103,-1,103,102,104,-1,103,104,58,-1,58,104,105,-1,58,105,60,-1,106,107,103,-1,103,107,108,-1,103,108,109,-1,72,110,58,-1,58,110,111,-1,58,111,46,-1,46,111,112,-1,46,112,89,-1,113,114,56,-1,56,114,115,-1,56,115,54,-1,54,115,116,-1,54,116,76,-1,103,74,117,-1,82,118,54,-1,54,118,119,-1,54,119,103,-1,103,119,120,-1,103,120,106,-1,109,121,103,-1,103,121,122,-1,103,122,123,-1,123,124,103,-1,103,124,125,-1,103,125,74,-1,74,125,126,-1,74,126,98,-1,127,128,129,-1,101,103,130,-1,130,103,117,-1,130,117,131,-1,131,117,132,-1,131,132,133,-1,134,135,128,-1,136,137,138,-1,113,139,114,-1,114,139,127,-1,114,127,140,-1,140,127,129,-1,141,142,143,-1,138,137,144,-1,144,137,145,-1,144,145,146,-1,146,145,147,-1,146,147,148,-1,135,149,128,-1,128,149,150,-1,128,150,151,-1,151,150,152,-1,133,153,131,-1,131,153,154,-1,131,154,155,-1,95,96,143,-1,143,96,156,-1,143,156,141,-1,141,156,157,-1,141,157,158,-1,73,75,159,-1,159,75,160,-1,159,160,161,-1,161,160,162,-1,161,162,163,-1,158,164,141,-1,141,164,165,-1,141,165,166,-1,166,165,167,-1,142,168,143,-1,143,168,169,-1,143,169,170,-1,170,171,143,-1,143,171,172,-1,143,172,173,-1,148,174,146,-1,146,174,161,-1,146,161,175,-1,175,161,163,-1,175,163,92,-1,92,163,176,-1,92,176,93,-1,177,127,178,-1,178,127,179,-1,136,138,180,-1,180,138,181,-1,180,181,150,-1,150,181,182,-1,150,182,152,-1,183,184,185,-1,185,184,186,-1,155,187,131,-1,131,187,185,-1,131,185,188,-1,188,185,186,-1,189,190,191,-1,192,193,194,-1,190,195,191,-1,191,195,184,-1,191,184,193,-1,193,184,183,-1,193,183,194,-1,189,191,196,-1,196,191,197,-1,196,197,198,-1,198,197,199,-1,198,199,200,-1,177,201,127,-1,127,201,202,-1,127,202,128,-1,128,202,203,-1,128,203,134,-1,179,127,204,-1,204,127,205,-1,204,205,206,-1,206,207,204,-1,204,207,208,-1,204,208,194,-1,194,208,209,-1,194,209,192,-1,200,199,210,-1,210,199,211,-1,210,211,212,-1,212,211,213,-1,212,213,214,-1,214,215,212,-1,212,215,216,-1,212,216,217,-1,217,216,218,-1,212,219,210,-1,210,219,220,-1,210,220,221,-1,221,222,210,-1,210,222,223,-1,210,223,224,-1,224,223,225,-1,226,227,228,-1,228,227,229,-1,230,231,232,-1,233,234,235,-1,226,236,227,-1,227,236,237,-1,227,237,231,-1,231,237,238,-1,231,238,239,-1,240,241,242,-1,232,243,230,-1,230,243,244,-1,230,244,245,-1,246,247,248,-1,248,247,249,-1,248,249,227,-1,227,249,250,-1,227,250,251,-1,234,252,235,-1,235,252,253,-1,235,253,254,-1,255,256,257,-1,257,256,258,-1,243,259,244,-1,244,259,258,-1,244,258,260,-1,260,258,256,-1,261,262,241,-1,241,262,263,-1,241,263,242,-1,264,265,266,-1,266,265,267,-1,245,268,230,-1,230,268,267,-1,230,267,269,-1,269,267,265,-1,251,270,227,-1,227,270,271,-1,227,271,272,-1,239,273,231,-1,231,273,274,-1,231,274,232,-1,232,274,275,-1,276,277,248,-1,248,277,278,-1,248,278,246,-1,274,279,275,-1,275,279,280,-1,275,280,281,-1,282,283,284,-1,285,286,287,-1,287,286,288,-1,287,288,289,-1,281,290,275,-1,275,290,291,-1,275,291,292,-1,293,294,295,-1,295,294,275,-1,293,296,294,-1,294,296,297,-1,294,297,298,-1,299,300,242,-1,242,300,301,-1,242,301,240,-1,284,283,302,-1,302,283,303,-1,302,303,304,-1,233,235,305,-1,305,235,306,-1,305,306,307,-1,307,306,308,-1,307,308,309,-1,309,308,310,-1,309,310,311,-1,311,312,309,-1,309,312,313,-1,309,313,314,-1,314,313,315,-1,289,316,287,-1,287,316,317,-1,287,317,318,-1,318,317,319,-1,318,319,320,-1,320,319,321,-1,321,319,322,-1,322,319,323,-1,322,323,272,-1,272,323,324,-1,272,324,325,-1,292,326,275,-1,275,326,327,-1,275,327,295,-1,304,328,302,-1,302,328,299,-1,302,299,329,-1,329,299,242,-1,329,242,330,-1,330,242,331,-1,330,331,332,-1,309,333,307,-1,307,333,334,-1,307,334,335,-1,335,336,307,-1,307,336,337,-1,307,337,338,-1,338,337,339,-1,325,340,272,-1,272,340,341,-1,272,341,262,-1,342,343,344,-1,344,343,345,-1,346,298,347,-1,347,298,348,-1,349,350,294,-1,294,350,351,-1,261,352,262,-1,262,352,353,-1,262,353,272,-1,272,353,354,-1,272,354,227,-1,227,354,355,-1,227,355,229,-1,356,357,248,-1,248,357,358,-1,248,358,276,-1,287,359,285,-1,285,359,360,-1,285,360,345,-1,345,360,361,-1,345,361,235,-1,298,362,348,-1,348,362,363,-1,348,363,364,-1,342,344,365,-1,365,344,366,-1,365,366,367,-1,254,368,235,-1,235,368,369,-1,235,369,345,-1,345,369,370,-1,345,370,344,-1,332,371,330,-1,330,371,372,-1,330,372,373,-1,373,372,374,-1,373,374,375,-1,375,374,364,-1,375,364,376,-1,376,364,363,-1,377,378,294,-1,294,378,379,-1,294,379,349,-1,351,380,294,-1,294,380,381,-1,294,381,248,-1,248,381,382,-1,248,382,356,-1,383,365,294,-1,384,385,386,-1,346,387,298,-1,298,387,388,-1,298,388,294,-1,294,388,389,-1,294,389,383,-1,367,390,365,-1,365,390,391,-1,365,391,294,-1,294,391,392,-1,294,392,377,-1,282,284,393,-1,393,284,394,-1,393,394,386,-1,386,394,395,-1,386,395,384,-1,384,395,396,-1,384,396,397,-1,397,398,384,-1,384,398,399,-1,384,399,400,-1,400,399,401,-1,385,402,386,-1,386,402,403,-1,386,403,404,-1,404,405,386,-1,386,405,406,-1,386,406,407,-1,232,275,46,-1,46,275,58,-1,62,52,231,-1,231,52,227,-1,408,409,410,-1,410,409,411,-1,412,413,414,-1,414,415,412,-1,412,415,416,-1,412,416,417,-1,418,419,420,-1,420,421,418,-1,418,421,422,-1,418,422,423,-1,424,425,426,-1,426,425,427,-1,426,427,428,-1,12,429,13,-1,13,429,430,-1,13,430,431,-1,12,15,43,-1,43,42,12,-1,12,42,432,-1,12,432,428,-1,432,433,428,-1,428,433,434,-1,428,434,419,-1,419,434,435,-1,436,437,438,-1,438,437,417,-1,438,417,439,-1,439,417,419,-1,439,419,440,-1,440,419,435,-1,441,442,443,-1,443,442,444,-1,445,446,447,-1,448,449,450,-1,450,449,451,-1,450,451,452,-1,452,451,453,-1,452,453,454,-1,454,453,455,-1,454,455,456,-1,456,455,445,-1,456,445,457,-1,457,445,447,-1,446,458,447,-1,447,458,413,-1,447,413,412,-1,431,29,30,-1,39,25,37,-1,37,25,23,-1,37,23,35,-1,35,23,21,-1,35,21,33,-1,33,21,19,-1,33,19,31,-1,31,19,17,-1,31,17,30,-1,30,17,14,-1,30,14,431,-1,431,14,13,-1,417,437,459,-1,447,412,417,-1,417,459,447,-1,447,459,460,-1,447,460,457,-1,457,460,461,-1,457,461,456,-1,456,461,462,-1,456,462,454,-1,454,462,463,-1,454,463,452,-1,452,463,464,-1,452,464,450,-1,450,464,465,-1,450,465,448,-1,466,458,446,-1,467,441,443,-1,449,468,451,-1,451,468,469,-1,451,469,453,-1,453,469,470,-1,453,470,455,-1,455,470,471,-1,455,471,445,-1,445,471,472,-1,445,472,446,-1,446,472,467,-1,446,467,466,-1,466,467,443,-1,39,473,25,-1,25,473,474,-1,448,475,449,-1,449,475,476,-1,26,25,477,-1,477,25,474,-1,477,474,478,-1,478,474,475,-1,478,475,465,-1,465,475,448,-1,468,449,479,-1,479,449,476,-1,479,476,480,-1,480,476,473,-1,480,473,40,-1,40,473,39,-1,475,474,476,-1,476,474,473,-1,424,426,481,-1,482,483,484,-1,484,483,485,-1,484,485,486,-1,486,485,487,-1,486,487,488,-1,424,481,489,-1,487,490,488,-1,488,490,491,-1,488,491,492,-1,492,491,493,-1,492,493,481,-1,481,493,494,-1,481,494,489,-1,423,495,496,-1,497,498,499,-1,499,498,500,-1,499,500,501,-1,501,500,502,-1,501,502,503,-1,503,502,504,-1,418,423,505,-1,505,423,496,-1,505,496,506,-1,506,496,507,-1,506,507,504,-1,504,507,508,-1,504,508,503,-1,419,418,505,-1,481,426,428,-1,419,505,428,-1,428,505,481,-1,481,505,506,-1,481,506,492,-1,492,506,504,-1,492,504,488,-1,488,504,502,-1,488,502,486,-1,486,502,500,-1,486,500,484,-1,484,500,498,-1,484,498,482,-1,509,489,494,-1,510,511,512,-1,495,510,496,-1,496,510,512,-1,496,512,507,-1,507,512,513,-1,507,513,508,-1,508,513,514,-1,508,514,503,-1,503,514,515,-1,503,515,501,-1,501,515,516,-1,501,516,499,-1,499,516,517,-1,499,517,497,-1,497,517,518,-1,519,518,520,-1,520,518,517,-1,520,517,521,-1,521,517,516,-1,521,516,522,-1,522,516,515,-1,522,515,523,-1,523,515,514,-1,523,514,524,-1,524,514,513,-1,524,513,525,-1,525,513,512,-1,525,512,526,-1,526,512,511,-1,527,519,528,-1,528,519,520,-1,528,520,529,-1,529,520,521,-1,529,521,530,-1,530,521,522,-1,530,522,531,-1,531,522,523,-1,531,523,532,-1,532,523,524,-1,532,524,533,-1,533,524,525,-1,533,525,534,-1,534,525,526,-1,535,527,536,-1,536,527,528,-1,536,528,537,-1,537,528,529,-1,537,529,538,-1,538,529,530,-1,538,530,539,-1,539,530,531,-1,539,531,540,-1,540,531,532,-1,540,532,541,-1,541,532,533,-1,541,533,542,-1,542,533,534,-1,483,535,485,-1,485,535,536,-1,485,536,487,-1,487,536,537,-1,487,537,490,-1,490,537,538,-1,490,538,491,-1,491,538,539,-1,491,539,493,-1,493,539,540,-1,493,540,494,-1,494,540,541,-1,494,541,509,-1,509,541,542,-1,482,543,483,-1,483,543,544,-1,497,545,498,-1,498,545,546,-1,546,543,498,-1,498,543,482,-1,535,483,544,-1,497,518,545,-1,545,518,519,-1,545,519,544,-1,544,519,527,-1,544,527,535,-1,543,546,544,-1,544,546,545,-1,547,548,549,-1,550,424,489,-1,550,489,551,-1,552,547,489,-1,547,549,489,-1,489,549,553,-1,489,553,551,-1,489,509,554,-1,554,555,489,-1,489,555,556,-1,489,556,552,-1,29,557,558,-1,29,431,559,-1,558,560,29,-1,29,560,561,-1,29,561,562,-1,559,563,29,-1,29,563,564,-1,29,564,557,-1,562,565,29,-1,29,565,566,-1,29,566,28,-1,12,428,427,-1,12,427,429,-1,429,427,425,-1,429,425,430,-1,430,425,431,-1,431,425,424,-1,431,424,559,-1,424,550,559,-1,559,550,551,-1,559,551,563,-1,563,551,553,-1,563,553,564,-1,564,553,549,-1,564,549,557,-1,558,548,560,-1,560,548,547,-1,560,547,561,-1,561,547,552,-1,561,552,562,-1,562,552,556,-1,562,556,565,-1,565,556,555,-1,565,555,566,-1,566,555,554,-1,566,554,28,-1,28,554,509,-1,549,548,567,-1,567,548,568,-1,557,569,558,-1,558,569,570,-1,571,572,558,-1,573,568,574,-1,574,568,575,-1,548,576,577,-1,578,579,580,-1,581,582,570,-1,570,582,583,-1,570,583,584,-1,585,586,575,-1,577,587,548,-1,548,587,588,-1,548,588,589,-1,410,590,408,-1,408,590,591,-1,408,591,592,-1,408,593,594,-1,595,596,597,-1,598,410,599,-1,599,410,600,-1,408,594,570,-1,570,594,601,-1,570,601,581,-1,584,602,570,-1,570,602,603,-1,570,603,604,-1,595,597,586,-1,586,597,605,-1,586,605,575,-1,598,606,410,-1,410,606,607,-1,410,607,590,-1,579,608,580,-1,580,608,609,-1,580,609,610,-1,611,612,613,-1,613,612,614,-1,574,615,573,-1,573,615,614,-1,573,614,616,-1,616,614,612,-1,589,617,548,-1,548,617,600,-1,548,600,568,-1,568,600,410,-1,568,410,575,-1,575,410,618,-1,575,618,585,-1,592,619,408,-1,408,619,620,-1,408,620,621,-1,621,622,408,-1,408,622,623,-1,408,623,593,-1,593,623,624,-1,593,624,625,-1,558,626,627,-1,628,629,630,-1,630,629,631,-1,572,632,558,-1,558,632,633,-1,558,633,634,-1,635,636,637,-1,637,636,638,-1,637,638,639,-1,604,640,570,-1,570,640,641,-1,570,641,558,-1,558,641,642,-1,558,642,626,-1,627,643,558,-1,558,643,644,-1,558,644,571,-1,645,646,558,-1,558,646,647,-1,558,647,548,-1,548,647,648,-1,548,648,576,-1,649,558,637,-1,637,558,634,-1,637,634,635,-1,650,651,652,-1,653,654,655,-1,656,657,658,-1,658,657,659,-1,658,659,660,-1,645,558,661,-1,661,558,649,-1,661,649,659,-1,659,649,662,-1,659,662,660,-1,578,580,663,-1,663,580,664,-1,663,664,652,-1,652,664,665,-1,652,665,650,-1,650,665,666,-1,650,666,667,-1,667,668,650,-1,650,668,669,-1,650,669,670,-1,670,669,671,-1,672,673,624,-1,624,673,674,-1,624,674,625,-1,651,675,652,-1,652,675,676,-1,652,676,677,-1,677,678,652,-1,652,678,679,-1,652,679,680,-1,639,638,681,-1,681,638,682,-1,681,682,683,-1,683,682,684,-1,683,684,685,-1,686,687,688,-1,689,690,691,-1,691,690,692,-1,693,694,654,-1,654,694,695,-1,654,695,696,-1,692,697,691,-1,691,697,683,-1,691,683,698,-1,698,683,685,-1,698,685,630,-1,630,685,699,-1,630,699,628,-1,700,701,686,-1,686,701,702,-1,686,702,687,-1,610,703,580,-1,580,703,656,-1,580,656,704,-1,704,656,658,-1,704,658,705,-1,705,658,706,-1,672,707,673,-1,673,707,708,-1,673,708,709,-1,709,708,710,-1,631,711,630,-1,630,711,712,-1,630,712,713,-1,713,712,714,-1,713,714,655,-1,655,714,715,-1,655,715,653,-1,653,715,716,-1,653,716,717,-1,717,718,653,-1,653,718,719,-1,653,719,720,-1,720,719,721,-1,696,722,654,-1,654,722,723,-1,654,723,655,-1,706,724,705,-1,705,724,725,-1,705,725,726,-1,727,728,708,-1,708,728,729,-1,708,729,730,-1,688,731,686,-1,686,731,732,-1,686,732,733,-1,733,732,734,-1,733,734,691,-1,691,734,735,-1,691,735,689,-1,726,736,705,-1,705,736,737,-1,705,737,738,-1,727,708,739,-1,739,708,740,-1,739,740,741,-1,741,742,739,-1,739,742,743,-1,739,743,737,-1,737,743,744,-1,737,744,738,-1,700,686,730,-1,730,686,745,-1,730,745,708,-1,708,745,746,-1,708,746,710,-1,569,409,570,-1,570,409,408,-1,747,294,103,-1,458,103,748,-1,748,749,458,-1,458,749,750,-1,458,750,413,-1,747,103,751,-1,751,103,458,-1,751,458,752,-1,458,466,753,-1,753,754,458,-1,458,754,755,-1,458,755,752,-1,58,275,756,-1,495,423,757,-1,758,759,495,-1,757,760,495,-1,495,760,761,-1,495,761,58,-1,58,756,495,-1,495,756,762,-1,495,762,758,-1,759,763,495,-1,495,763,764,-1,495,764,510,-1,419,417,416,-1,419,416,420,-1,420,416,415,-1,420,415,421,-1,421,415,414,-1,421,414,422,-1,422,414,423,-1,423,414,413,-1,423,413,757,-1,413,750,757,-1,757,750,749,-1,757,749,760,-1,760,749,748,-1,760,748,761,-1,761,748,103,-1,761,103,58,-1,275,294,756,-1,756,294,747,-1,756,747,762,-1,762,747,751,-1,762,751,758,-1,758,751,752,-1,758,752,759,-1,759,752,755,-1,759,755,763,-1,763,755,754,-1,763,754,764,-1,764,754,753,-1,764,753,510,-1,510,753,466,-1,294,248,103,-1,103,248,54,-1,52,54,227,-1,227,54,248,-1,
        ]
    }
}
Shape{
    appearance Appearance {
        material  Material {
            diffuseColor 1.0 1.0 1.0
            specularColor 0.8784313725490196 0.8784313725490196 0.8784313725490196
            ambientIntensity 1.0
            transparency 0.0
            shininess 0.5
        }
    }
    geometry IndexedFaceSet {
        ccw TRUE
        solid FALSE
        coord DEF co Coordinate {
            point [
                3.187 -0.6693 -0.7874, 3.187 -0.6693 0.1181, 3.2657 -0.6693 -0.7874, 3.2657 -0.6693 0.1181, 3.2657 -0.6742 -0.8312, 3.187 -0.6742 -0.8312, 3.2657 -0.6888 -0.8728, 3.187 -0.6888 -0.8728, 3.2657 -0.7122 -0.9101, 3.187 -0.7122 -0.9101, 3.2657 -0.7434 -0.9413, 3.187 -0.7434 -0.9413, 3.2657 -0.7807 -0.9648, 3.187 -0.7807 -0.9648, 3.2657 -0.8223 -0.9793, 3.187 -0.8223 -0.9793, 3.2657 -0.8661 -0.9843, 3.187 -0.8661 -0.9843, 3.187 -0.9449 -0.9843, 3.2657 -0.9449 -0.9843, 3.2657 -0.9887 -0.9793, 3.187 -0.9887 -0.9793, 3.2657 -1.0303 -0.9648, 3.187 -1.0303 -0.9648, 3.2657 -1.0676 -0.9413, 3.187 -1.0676 -0.9413, 3.2657 -1.0988 -0.9101, 3.187 -1.0988 -0.9101, 3.2657 -1.1222 -0.8728, 3.187 -1.1222 -0.8728, 3.2657 -1.1368 -0.8312, 3.187 -1.1368 -0.8312, 3.2657 -1.1417 -0.7874, 3.187 -1.1417 -0.7874, 3.187 -1.1417 0.1181, 3.2657 -1.1417 0.1181
            ]
        }
        coordIndex [
            0,1,2,-1,2,1,3,-1,0,2,4,-1,0,4,5,-1,5,4,6,-1,5,6,7,-1,7,6,8,-1,7,8,9,-1,9,8,10,-1,9,10,11,-1,11,10,12,-1,11,12,13,-1,13,12,14,-1,13,14,15,-1,15,14,16,-1,15,16,17,-1,18,17,19,-1,19,17,16,-1,18,19,20,-1,18,20,21,-1,21,20,22,-1,21,22,23,-1,23,22,24,-1,23,24,25,-1,25,24,26,-1,25,26,27,-1,27,26,28,-1,27,28,29,-1,29,28,30,-1,29,30,31,-1,31,30,32,-1,31,32,33,-1,34,33,35,-1,35,33,32,-1,
        ]
    }
}
Shape{
    appearance Appearance {
        material  Material {
            diffuseColor 0.7529411764705882 0.7529411764705882 0.7529411764705882
            specularColor 0.3764705882352941 0.3764705882352941 0.3764705882352941
            ambientIntensity 0.7529
            transparency 0.0
            shininess 0.5
        }
    }
    geometry IndexedFaceSet {
        ccw TRUE
        solid FALSE
        coord DEF co Coordinate {
            point [
                3.187 -1.5031 2.3699, 3.2657 -1.5031 2.3699, 3.187 -1.4855 2.3719, 3.2657 -1.4855 2.3719, 3.187 -1.4689 2.3777, 3.2657 -1.4689 2.3777, 3.187 -1.454 2.3871, 3.2657 -1.454 2.3871, 3.187 -1.4415 2.3995, 3.2657 -1.4415 2.3995, 3.187 -1.4321 2.4145, 3.2657 -1.4321 2.4145, 3.187 -1.4263 2.4311, 3.2657 -1.4263 2.4311, 3.187 -1.4243 2.4486, 3.2657 -1.4243 2.4486, 3.187 -1.9346 2.3699, 3.2657 -1.9346 2.3699, 3.187 -2.0133 2.4486, 3.2657 -2.0133 2.4486, 3.187 -2.0113 2.4311, 3.2657 -2.0113 2.4311, 3.187 -2.0055 2.4145, 3.2657 -2.0055 2.4145, 3.187 -1.9961 2.3995, 3.2657 -1.9961 2.3995, 3.187 -1.9837 2.3871, 3.2657 -1.9837 2.3871, 3.187 -1.9687 2.3777, 3.2657 -1.9687 2.3777, 3.187 -1.9521 2.3719, 3.2657 -1.9521 2.3719, 3.187 -2.0133 2.8633, 3.2657 -2.0133 2.8633, 3.187 -1.9346 2.9421, 3.2657 -1.9346 2.9421, 3.187 -1.9521 2.9401, 3.2657 -1.9521 2.9401, 3.187 -1.9687 2.9343, 3.2657 -1.9687 2.9343, 3.187 -1.9837 2.9249, 3.2657 -1.9837 2.9249, 3.187 -1.9961 2.9124, 3.2657 -1.9961 2.9124, 3.187 -2.0055 2.8975, 3.2657 -2.0055 2.8975, 3.187 -2.0113 2.8808, 3.2657 -2.0113 2.8808, 3.187 -1.5031 2.9421, 3.2657 -1.5031 2.9421, 3.187 -1.4243 2.8633, 3.2657 -1.4243 2.8633, 3.187 -1.4263 2.8808, 3.2657 -1.4263 2.8808, 3.187 -1.4321 2.8975, 3.2657 -1.4321 2.8975, 3.187 -1.4415 2.9124, 3.2657 -1.4415 2.9124, 3.187 -1.454 2.9249, 3.2657 -1.454 2.9249, 3.187 -1.4689 2.9343, 3.2657 -1.4689 2.9343, 3.187 -1.4855 2.9401, 3.2657 -1.4855 2.9401, 3.187 -1.1078 0.7207, 3.2657 -1.1078 0.7207, 3.187 -1.0903 0.7227, 3.2657 -1.0903 0.7227, 3.187 -1.0736 0.7285, 3.2657 -1.0736 0.7285, 3.187 -1.0587 0.7379, 3.2657 -1.0587 0.7379, 3.187 -1.0462 0.7503, 3.2657 -1.0462 0.7503, 3.187 -1.0369 0.7653, 3.2657 -1.0369 0.7653, 3.187 -1.031 0.7819, 3.2657 -1.031 0.7819, 3.187 -1.0291 0.7994, 3.2657 -1.0291 0.7994, 3.187 -1.9346 0.7207, 3.2657 -1.9346 0.7207, 3.187 -2.0133 0.7994, 3.2657 -2.0133 0.7994, 3.187 -2.0113 0.7819, 3.2657 -2.0113 0.7819, 3.187 -2.0055 0.7653, 3.2657 -2.0055 0.7653, 3.187 -1.9961 0.7503, 3.2657 -1.9961 0.7503, 3.187 -1.9837 0.7379, 3.2657 -1.9837 0.7379, 3.187 -1.9687 0.7285, 3.2657 -1.9687 0.7285, 3.187 -1.9521 0.7227, 3.2657 -1.9521 0.7227, 3.187 -2.0133 1.5086, 3.2657 -2.0133 1.5086, 3.187 -1.9346 1.5874, 3.2657 -1.9346 1.5874, 3.187 -1.9521 1.5854, 3.2657 -1.9521 1.5854, 3.187 -1.9687 1.5796, 3.2657 -1.9687 1.5796, 3.187 -1.9837 1.5702, 3.2657 -1.9837 1.5702, 3.187 -1.9961 1.5577, 3.2657 -1.9961 1.5577, 3.187 -2.0055 1.5428, 3.2657 -2.0055 1.5428, 3.187 -2.0113 1.5261, 3.2657 -2.0113 1.5261, 3.187 -1.8558 1.5874, 3.2657 -1.8558 1.5874, 3.187 -1.7771 1.5086, 3.2657 -1.7771 1.5086, 3.187 -1.7791 1.5261, 3.2657 -1.7791 1.5261, 3.187 -1.7849 1.5428, 3.2657 -1.7849 1.5428, 3.187 -1.7943 1.5577, 3.2657 -1.7943 1.5577, 3.187 -1.8067 1.5702, 3.2657 -1.8067 1.5702, 3.187 -1.8217 1.5796, 3.2657 -1.8217 1.5796, 3.187 -1.8383 1.5854, 3.2657 -1.8383 1.5854, 3.187 -1.7771 1.0434, 3.2657 -1.7771 1.0434, 3.187 -1.6984 0.9647, 3.2657 -1.6984 0.9647, 3.2657 -1.7159 0.9667, 3.187 -1.7159 0.9667, 3.2657 -1.7325 0.9725, 3.187 -1.7325 0.9725, 3.2657 -1.7475 0.9819, 3.187 -1.7475 0.9819, 3.2657 -1.7599 0.9943, 3.187 -1.7599 0.9943, 3.2657 -1.7693 1.0093, 3.187 -1.7693 1.0093, 3.2657 -1.7751 1.0259, 3.187 -1.7751 1.0259, 3.187 -1.344 0.9647, 3.2657 -1.344 0.9647, 3.187 -1.2653 1.0434, 3.2657 -1.2653 1.0434, 3.2657 -1.2673 1.0259, 3.187 -1.2673 1.0259, 3.2657 -1.2731 1.0093, 3.187 -1.2731 1.0093, 3.2657 -1.2825 0.9943, 3.187 -1.2825 0.9943, 3.2657 -1.2949 0.9819, 3.187 -1.2949 0.9819, 3.2657 -1.3099 0.9725, 3.187 -1.3099 0.9725, 3.2657 -1.3265 0.9667, 3.187 -1.3265 0.9667, 3.187 -1.2653 1.5086, 3.2657 -1.2653 1.5086, 3.187 -1.1865 1.5874, 3.2657 -1.1865 1.5874, 3.187 -1.2041 1.5854, 3.2657 -1.2041 1.5854, 3.187 -1.2207 1.5796, 3.2657 -1.2207 1.5796, 3.187 -1.2356 1.5702, 3.2657 -1.2356 1.5702, 3.187 -1.2481 1.5577, 3.2657 -1.2481 1.5577, 3.187 -1.2575 1.5428, 3.2657 -1.2575 1.5428, 3.187 -1.2633 1.5261, 3.2657 -1.2633 1.5261, 3.187 -1.1078 1.5874, 3.2657 -1.1078 1.5874, 3.187 -1.0291 1.5086, 3.2657 -1.0291 1.5086, 3.187 -1.031 1.5261, 3.2657 -1.031 1.5261, 3.187 -1.0369 1.5428, 3.2657 -1.0369 1.5428, 3.187 -1.0462 1.5577, 3.2657 -1.0462 1.5577, 3.187 -1.0587 1.5702, 3.2657 -1.0587 1.5702, 3.187 -1.0736 1.5796, 3.2657 -1.0736 1.5796, 3.187 -1.0903 1.5854, 3.2657 -1.0903 1.5854, 3.187 -1.2653 3.7276, 3.2657 -1.2653 3.7276, 3.187 -1.2633 3.7101, 3.2657 -1.2633 3.7101, 3.187 -1.2575 3.6934, 3.2657 -1.2575 3.6934, 3.187 -1.2481 3.6785, 3.2657 -1.2481 3.6785, 3.187 -1.2356 3.666, 3.2657 -1.2356 3.666, 3.187 -1.2207 3.6567, 3.2657 -1.2207 3.6567, 3.187 -1.2041 3.6508, 3.2657 -1.2041 3.6508, 3.187 -1.1865 3.6489, 3.2657 -1.1865 3.6489, 3.187 -1.2653 4.1928, 3.2657 -1.2653 4.1928, 3.187 -1.344 4.2715, 3.2657 -1.344 4.2715, 3.2657 -1.3265 4.2695, 3.187 -1.3265 4.2695, 3.2657 -1.3099 4.2637, 3.187 -1.3099 4.2637, 3.2657 -1.2949 4.2543, 3.187 -1.2949 4.2543, 3.2657 -1.2825 4.2419, 3.187 -1.2825 4.2419, 3.2657 -1.2731 4.2269, 3.187 -1.2731 4.2269, 3.2657 -1.2673 4.2103, 3.187 -1.2673 4.2103, 3.187 -1.6984 4.2715, 3.2657 -1.6984 4.2715, 3.187 -1.7771 4.1928, 3.2657 -1.7771 4.1928, 3.2657 -1.7751 4.2103, 3.187 -1.7751 4.2103, 3.2657 -1.7693 4.2269, 3.187 -1.7693 4.2269, 3.2657 -1.7599 4.2419, 3.187 -1.7599 4.2419, 3.2657 -1.7475 4.2543, 3.187 -1.7475 4.2543, 3.2657 -1.7325 4.2637, 3.187 -1.7325 4.2637, 3.2657 -1.7159 4.2695, 3.187 -1.7159 4.2695, 3.187 -1.7771 3.7276, 3.2657 -1.7771 3.7276, 3.187 -1.8558 3.6489, 3.2657 -1.8558 3.6489, 3.187 -1.8383 3.6508, 3.2657 -1.8383 3.6508, 3.187 -1.8217 3.6567, 3.2657 -1.8217 3.6567, 3.187 -1.8067 3.666, 3.2657 -1.8067 3.666, 3.187 -1.7943 3.6785, 3.2657 -1.7943 3.6785, 3.187 -1.7849 3.6934, 3.2657 -1.7849 3.6934, 3.187 -1.7791 3.7101, 3.2657 -1.7791 3.7101, 3.187 -1.9346 3.6489, 3.2657 -1.9346 3.6489, 3.187 -2.0133 3.7276, 3.2657 -2.0133 3.7276, 3.187 -2.0113 3.7101, 3.2657 -2.0113 3.7101, 3.187 -2.0055 3.6934, 3.2657 -2.0055 3.6934, 3.187 -1.9961 3.6785, 3.2657 -1.9961 3.6785, 3.187 -1.9837 3.666, 3.2657 -1.9837 3.666, 3.187 -1.9687 3.6567, 3.2657 -1.9687 3.6567, 3.187 -1.9521 3.6508, 3.2657 -1.9521 3.6508, 3.187 -2.0133 4.4368, 3.2657 -2.0133 4.4368, 3.187 -1.9346 4.5155, 3.2657 -1.9346 4.5155, 3.187 -1.9521 4.5136, 3.2657 -1.9521 4.5136, 3.187 -1.9687 4.5077, 3.2657 -1.9687 4.5077, 3.187 -1.9837 4.4984, 3.2657 -1.9837 4.4984, 3.187 -1.9961 4.4859, 3.2657 -1.9961 4.4859, 3.187 -2.0055 4.471, 3.2657 -2.0055 4.471, 3.187 -2.0113 4.4543, 3.2657 -2.0113 4.4543, 3.187 -1.1078 4.5155, 3.2657 -1.1078 4.5155, 3.187 -1.0291 4.4368, 3.2657 -1.0291 4.4368, 3.187 -1.031 4.4543, 3.2657 -1.031 4.4543, 3.187 -1.0369 4.471, 3.2657 -1.0369 4.471, 3.187 -1.0462 4.4859, 3.2657 -1.0462 4.4859, 3.187 -1.0587 4.4984, 3.2657 -1.0587 4.4984, 3.187 -1.0736 4.5077, 3.2657 -1.0736 4.5077, 3.187 -1.0903 4.5136, 3.2657 -1.0903 4.5136, 3.187 -1.0291 3.7276, 3.2657 -1.0291 3.7276, 3.187 -1.1078 3.6489, 3.2657 -1.1078 3.6489, 3.187 -1.0903 3.6508, 3.2657 -1.0903 3.6508, 3.187 -1.0736 3.6567, 3.2657 -1.0736 3.6567, 3.187 -1.0587 3.666, 3.2657 -1.0587 3.666, 3.187 -1.0462 3.6785, 3.2657 -1.0462 3.6785, 3.187 -1.0369 3.6934, 3.2657 -1.0369 3.6934, 3.187 -1.031 3.7101, 3.2657 -1.031 3.7101, -3.1909 -1.1417 -0.7874, -3.1909 -1.1417 0.1181, -3.2697 -1.1417 -0.7874, -3.2697 -1.1417 0.1181, -3.2697 -1.1368 -0.8312, -3.1909 -1.1368 -0.8312, -3.2697 -1.1222 -0.8728, -3.1909 -1.1222 -0.8728, -3.2697 -1.0988 -0.9101, -3.1909 -1.0988 -0.9101, -3.2697 -1.0676 -0.9413, -3.1909 -1.0676 -0.9413, -3.2697 -1.0303 -0.9648, -3.1909 -1.0303 -0.9648, -3.2697 -0.9887 -0.9793, -3.1909 -0.9887 -0.9793, -3.2697 -0.9449 -0.9843, -3.1909 -0.9449 -0.9843, -3.1909 -0.8661 -0.9843, -3.2697 -0.8661 -0.9843, -3.2697 -0.8223 -0.9793, -3.1909 -0.8223 -0.9793, -3.2697 -0.7807 -0.9648, -3.1909 -0.7807 -0.9648, -3.2697 -0.7434 -0.9413, -3.1909 -0.7434 -0.9413, -3.2697 -0.7122 -0.9101, -3.1909 -0.7122 -0.9101, -3.2697 -0.6888 -0.8728, -3.1909 -0.6888 -0.8728, -3.2697 -0.6742 -0.8312, -3.1909 -0.6742 -0.8312, -3.2697 -0.6693 -0.7874, -3.1909 -0.6693 -0.7874, -3.1909 -0.6693 0.1181, -3.2697 -0.6693 0.1181, -3.1909 -1.4243 2.4486, -3.2697 -1.4243 2.4486, -3.1909 -1.4263 2.4311, -3.2697 -1.4263 2.4311, -3.1909 -1.4321 2.4145, -3.2697 -1.4321 2.4145, -3.1909 -1.4415 2.3995, -3.2697 -1.4415 2.3995, -3.1909 -1.454 2.3871, -3.2697 -1.454 2.3871, -3.1909 -1.4689 2.3777, -3.2697 -1.4689 2.3777, -3.1909 -1.4855 2.3719, -3.2697 -1.4855 2.3719, -3.1909 -1.5031 2.3699, -3.2697 -1.5031 2.3699, -3.1909 -1.4243 2.8633, -3.2697 -1.4243 2.8633, -3.1909 -1.5031 2.9421, -3.2697 -1.5031 2.9421, -3.1909 -1.4855 2.9401, -3.2697 -1.4855 2.9401, -3.1909 -1.4689 2.9343, -3.2697 -1.4689 2.9343, -3.1909 -1.454 2.9249, -3.2697 -1.454 2.9249, -3.1909 -1.4415 2.9124, -3.2697 -1.4415 2.9124, -3.1909 -1.4321 2.8975, -3.2697 -1.4321 2.8975, -3.1909 -1.4263 2.8808, -3.2697 -1.4263 2.8808, -3.1909 -1.9346 2.9421, -3.2697 -1.9346 2.9421, -3.1909 -2.0133 2.8633, -3.2697 -2.0133 2.8633, -3.1909 -2.0113 2.8808, -3.2697 -2.0113 2.8808, -3.1909 -2.0055 2.8975, -3.2697 -2.0055 2.8975, -3.1909 -1.9961 2.9124, -3.2697 -1.9961 2.9124, -3.1909 -1.9837 2.9249, -3.2697 -1.9837 2.9249, -3.1909 -1.9687 2.9343, -3.2697 -1.9687 2.9343, -3.1909 -1.9521 2.9401, -3.2697 -1.9521 2.9401, -3.1909 -2.0133 2.4486, -3.2697 -2.0133 2.4486, -3.1909 -1.9346 2.3699, -3.2697 -1.9346 2.3699, -3.1909 -1.9521 2.3719, -3.2697 -1.9521 2.3719, -3.1909 -1.9687 2.3777, -3.2697 -1.9687 2.3777, -3.1909 -1.9837 2.3871, -3.2697 -1.9837 2.3871, -3.1909 -1.9961 2.3995, -3.2697 -1.9961 2.3995, -3.1909 -2.0055 2.4145, -3.2697 -2.0055 2.4145, -3.1909 -2.0113 2.4311, -3.2697 -2.0113 2.4311, -3.1909 -1.0291 0.7994, -3.2697 -1.0291 0.7994, -3.1909 -1.031 0.7819, -3.2697 -1.031 0.7819, -3.1909 -1.0369 0.7653, -3.2697 -1.0369 0.7653, -3.1909 -1.0462 0.7503, -3.2697 -1.0462 0.7503, -3.1909 -1.0587 0.7379, -3.2697 -1.0587 0.7379, -3.1909 -1.0736 0.7285, -3.2697 -1.0736 0.7285, -3.1909 -1.0903 0.7227, -3.2697 -1.0903 0.7227, -3.1909 -1.1078 0.7207, -3.2697 -1.1078 0.7207, -3.1909 -1.0291 1.5086, -3.2697 -1.0291 1.5086, -3.1909 -1.1078 1.5874, -3.2697 -1.1078 1.5874, -3.1909 -1.0903 1.5854, -3.2697 -1.0903 1.5854, -3.1909 -1.0736 1.5796, -3.2697 -1.0736 1.5796, -3.1909 -1.0587 1.5702, -3.2697 -1.0587 1.5702, -3.1909 -1.0462 1.5577, -3.2697 -1.0462 1.5577, -3.1909 -1.0369 1.5428, -3.2697 -1.0369 1.5428, -3.1909 -1.031 1.5261, -3.2697 -1.031 1.5261, -3.1909 -1.1865 1.5874, -3.2697 -1.1865 1.5874, -3.1909 -1.2653 1.5086, -3.2697 -1.2653 1.5086, -3.1909 -1.2633 1.5261, -3.2697 -1.2633 1.5261, -3.1909 -1.2575 1.5428, -3.2697 -1.2575 1.5428, -3.1909 -1.2481 1.5577, -3.2697 -1.2481 1.5577, -3.1909 -1.2356 1.5702, -3.2697 -1.2356 1.5702, -3.1909 -1.2207 1.5796, -3.2697 -1.2207 1.5796, -3.1909 -1.2041 1.5854, -3.2697 -1.2041 1.5854, -3.1909 -1.2653 1.0434, -3.2697 -1.2653 1.0434, -3.1909 -1.344 0.9647, -3.2697 -1.344 0.9647, -3.2697 -1.3265 0.9667, -3.1909 -1.3265 0.9667, -3.2697 -1.3099 0.9725, -3.1909 -1.3099 0.9725, -3.2697 -1.2949 0.9819, -3.1909 -1.2949 0.9819, -3.2697 -1.2825 0.9943, -3.1909 -1.2825 0.9943, -3.2697 -1.2731 1.0093, -3.1909 -1.2731 1.0093, -3.2697 -1.2673 1.0259, -3.1909 -1.2673 1.0259, -3.1909 -1.6984 0.9647, -3.2697 -1.6984 0.9647, -3.1909 -1.7771 1.0434, -3.2697 -1.7771 1.0434, -3.2697 -1.7751 1.0259, -3.1909 -1.7751 1.0259, -3.2697 -1.7693 1.0093, -3.1909 -1.7693 1.0093, -3.2697 -1.7599 0.9943, -3.1909 -1.7599 0.9943, -3.2697 -1.7475 0.9819, -3.1909 -1.7475 0.9819, -3.2697 -1.7325 0.9725, -3.1909 -1.7325 0.9725, -3.2697 -1.7159 0.9667, -3.1909 -1.7159 0.9667, -3.1909 -1.7771 1.5086, -3.2697 -1.7771 1.5086, -3.1909 -1.8558 1.5874, -3.2697 -1.8558 1.5874, -3.1909 -1.8383 1.5854, -3.2697 -1.8383 1.5854, -3.1909 -1.8217 1.5796, -3.2697 -1.8217 1.5796, -3.1909 -1.8067 1.5702, -3.2697 -1.8067 1.5702, -3.1909 -1.7943 1.5577, -3.2697 -1.7943 1.5577, -3.1909 -1.7849 1.5428, -3.2697 -1.7849 1.5428, -3.1909 -1.7791 1.5261, -3.2697 -1.7791 1.5261, -3.1909 -1.9346 1.5874, -3.2697 -1.9346 1.5874, -3.1909 -2.0133 1.5086, -3.2697 -2.0133 1.5086, -3.1909 -2.0113 1.5261, -3.2697 -2.0113 1.5261, -3.1909 -2.0055 1.5428, -3.2697 -2.0055 1.5428, -3.1909 -1.9961 1.5577, -3.2697 -1.9961 1.5577, -3.1909 -1.9837 1.5702, -3.2697 -1.9837 1.5702, -3.1909 -1.9687 1.5796, -3.2697 -1.9687 1.5796, -3.1909 -1.9521 1.5854, -3.2697 -1.9521 1.5854, -3.1909 -2.0133 0.7994, -3.2697 -2.0133 0.7994, -3.1909 -1.9346 0.7207, -3.2697 -1.9346 0.7207, -3.1909 -1.9521 0.7227, -3.2697 -1.9521 0.7227, -3.1909 -1.9687 0.7285, -3.2697 -1.9687 0.7285, -3.1909 -1.9837 0.7379, -3.2697 -1.9837 0.7379, -3.1909 -1.9961 0.7503, -3.2697 -1.9961 0.7503, -3.1909 -2.0055 0.7653, -3.2697 -2.0055 0.7653, -3.1909 -2.0113 0.7819, -3.2697 -2.0113 0.7819, -3.1909 -1.1865 3.6489, -3.2697 -1.1865 3.6489, -3.1909 -1.2041 3.6508, -3.2697 -1.2041 3.6508, -3.1909 -1.2207 3.6567, -3.2697 -1.2207 3.6567, -3.1909 -1.2356 3.666, -3.2697 -1.2356 3.666, -3.1909 -1.2481 3.6785, -3.2697 -1.2481 3.6785, -3.1909 -1.2575 3.6934, -3.2697 -1.2575 3.6934, -3.1909 -1.2633 3.7101, -3.2697 -1.2633 3.7101, -3.1909 -1.2653 3.7276, -3.2697 -1.2653 3.7276, -3.1909 -1.1078 3.6489, -3.2697 -1.1078 3.6489, -3.1909 -1.0291 3.7276, -3.2697 -1.0291 3.7276, -3.1909 -1.031 3.7101, -3.2697 -1.031 3.7101, -3.1909 -1.0369 3.6934, -3.2697 -1.0369 3.6934, -3.1909 -1.0462 3.6785, -3.2697 -1.0462 3.6785, -3.1909 -1.0587 3.666, -3.2697 -1.0587 3.666, -3.1909 -1.0736 3.6567, -3.2697 -1.0736 3.6567, -3.1909 -1.0903 3.6508, -3.2697 -1.0903 3.6508, -3.1909 -1.0291 4.4368, -3.2697 -1.0291 4.4368, -3.1909 -1.1078 4.5155, -3.2697 -1.1078 4.5155, -3.1909 -1.0903 4.5136, -3.2697 -1.0903 4.5136, -3.1909 -1.0736 4.5077, -3.2697 -1.0736 4.5077, -3.1909 -1.0587 4.4984, -3.2697 -1.0587 4.4984, -3.1909 -1.0462 4.4859, -3.2697 -1.0462 4.4859, -3.1909 -1.0369 4.471, -3.2697 -1.0369 4.471, -3.1909 -1.031 4.4543, -3.2697 -1.031 4.4543, -3.1909 -1.9346 4.5155, -3.2697 -1.9346 4.5155, -3.1909 -2.0133 4.4368, -3.2697 -2.0133 4.4368, -3.1909 -2.0113 4.4543, -3.2697 -2.0113 4.4543, -3.1909 -2.0055 4.471, -3.2697 -2.0055 4.471, -3.1909 -1.9961 4.4859, -3.2697 -1.9961 4.4859, -3.1909 -1.9837 4.4984, -3.2697 -1.9837 4.4984, -3.1909 -1.9687 4.5077, -3.2697 -1.9687 4.5077, -3.1909 -1.9521 4.5136, -3.2697 -1.9521 4.5136, -3.1909 -2.0133 3.7276, -3.2697 -2.0133 3.7276, -3.1909 -1.9346 3.6489, -3.2697 -1.9346 3.6489, -3.1909 -1.9521 3.6508, -3.2697 -1.9521 3.6508, -3.1909 -1.9687 3.6567, -3.2697 -1.9687 3.6567, -3.1909 -1.9837 3.666, -3.2697 -1.9837 3.666, -3.1909 -1.9961 3.6785, -3.2697 -1.9961 3.6785, -3.1909 -2.0055 3.6934, -3.2697 -2.0055 3.6934, -3.1909 -2.0113 3.7101, -3.2697 -2.0113 3.7101, -3.1909 -1.8558 3.6489, -3.2697 -1.8558 3.6489, -3.1909 -1.7771 3.7276, -3.2697 -1.7771 3.7276, -3.1909 -1.7791 3.7101, -3.2697 -1.7791 3.7101, -3.1909 -1.7849 3.6934, -3.2697 -1.7849 3.6934, -3.1909 -1.7943 3.6785, -3.2697 -1.7943 3.6785, -3.1909 -1.8067 3.666, -3.2697 -1.8067 3.666, -3.1909 -1.8217 3.6567, -3.2697 -1.8217 3.6567, -3.1909 -1.8383 3.6508, -3.2697 -1.8383 3.6508, -3.1909 -1.7771 4.1928, -3.2697 -1.7771 4.1928, -3.1909 -1.6984 4.2715, -3.2697 -1.6984 4.2715, -3.2697 -1.7159 4.2695, -3.1909 -1.7159 4.2695, -3.2697 -1.7325 4.2637, -3.1909 -1.7325 4.2637, -3.2697 -1.7475 4.2543, -3.1909 -1.7475 4.2543, -3.2697 -1.7599 4.2419, -3.1909 -1.7599 4.2419, -3.2697 -1.7693 4.2269, -3.1909 -1.7693 4.2269, -3.2697 -1.7751 4.2103, -3.1909 -1.7751 4.2103, -3.1909 -1.344 4.2715, -3.2697 -1.344 4.2715, -3.1909 -1.2653 4.1928, -3.2697 -1.2653 4.1928, -3.2697 -1.2673 4.2103, -3.1909 -1.2673 4.2103, -3.2697 -1.2731 4.2269, -3.1909 -1.2731 4.2269, -3.2697 -1.2825 4.2419, -3.1909 -1.2825 4.2419, -3.2697 -1.2949 4.2543, -3.1909 -1.2949 4.2543, -3.2697 -1.3099 4.2637, -3.1909 -1.3099 4.2637, -3.2697 -1.3265 4.2695, -3.1909 -1.3265 4.2695, 2.5571 -4.2717 3.937, 2.5571 -4.2717 0.7874, 2.5571 -4.3504 3.937, 2.5571 -4.3504 0.7874, -2.561 -4.2717 0.7874, -2.561 -4.3504 0.7874, -2.561 -4.3504 3.937, -2.561 -4.2717 3.937, -1.1831 -4.2717 4.7244, -1.1831 -4.3504 4.7244, -1.1883 -4.2717 4.7244, -2.9547 -4.3504 4.7244, -2.9547 -4.2717 4.7244, -2.9547 -4.2717 3.937, -2.9547 -4.3504 3.937, -2.6398 -4.2717 3.937, 2.9508 -4.3504 3.937, 2.9508 -4.2717 3.937, 2.6358 -4.2717 3.937, 2.9508 -4.2717 4.7244, 2.9508 -4.3504 4.7244, 1.1791 -4.1535 5.1575, 1.1791 -4.1535 5.2362, -1.1831 -4.1535 5.1575, -1.1831 -4.1535 5.2362, 1.1791 -4.2717 4.7244, 1.1791 -4.3504 4.7244, 1.1791 -4.2717 5.1181, 1.1791 -4.3504 5.1181, 1.1791 -4.2703 5.1283, 1.1791 -4.3464 5.1487, 1.1791 -4.2664 5.1378, 1.1791 -4.3346 5.1772, 1.1791 -4.2601 5.1459, 1.1791 -4.3158 5.2016, 1.1791 -4.252 5.1522, 1.1791 -4.2913 5.2204, 1.1791 -4.2425 5.1561, 1.1791 -4.2629 5.2322, 1.1791 -4.2323 5.1575, 1.1791 -4.2323 5.2362, -1.1831 -4.2323 5.1575, -1.1831 -4.2323 5.2362, -1.1831 -4.2425 5.1561, -1.1831 -4.2586 5.2333, -1.1831 -4.252 5.1522, -1.1831 -4.2835 5.2245, -1.1831 -4.2601 5.1459, -1.1831 -4.3059 5.2105, -1.1831 -4.3246 5.1918, -1.1831 -4.2664 5.1378, -1.1831 -4.3387 5.1694, -1.1831 -4.2703 5.1283, -1.1831 -4.3474 5.1444, -1.1831 -4.2717 5.1181, -1.1831 -4.3504 5.1181
            ]
        }
        coordIndex [
            0,1,2,-1,2,1,3,-1,2,3,4,-1,4,3,5,-1,4,5,6,-1,6,5,7,-1,6,7,8,-1,8,7,9,-1,8,9,10,-1,10,9,11,-1,10,11,12,-1,12,11,13,-1,12,13,14,-1,14,13,15,-1,0,16,1,-1,1,16,17,-1,18,19,20,-1,20,19,21,-1,20,21,22,-1,22,21,23,-1,22,23,24,-1,24,23,25,-1,24,25,26,-1,26,25,27,-1,26,27,28,-1,28,27,29,-1,28,29,30,-1,30,29,31,-1,30,31,16,-1,16,31,17,-1,18,32,19,-1,19,32,33,-1,34,35,36,-1,36,35,37,-1,36,37,38,-1,38,37,39,-1,38,39,40,-1,40,39,41,-1,40,41,42,-1,42,41,43,-1,42,43,44,-1,44,43,45,-1,44,45,46,-1,46,45,47,-1,46,47,32,-1,32,47,33,-1,34,48,35,-1,35,48,49,-1,50,51,52,-1,52,51,53,-1,52,53,54,-1,54,53,55,-1,54,55,56,-1,56,55,57,-1,56,57,58,-1,58,57,59,-1,58,59,60,-1,60,59,61,-1,60,61,62,-1,62,61,63,-1,62,63,48,-1,48,63,49,-1,50,14,51,-1,51,14,15,-1,64,65,66,-1,66,65,67,-1,66,67,68,-1,68,67,69,-1,68,69,70,-1,70,69,71,-1,70,71,72,-1,72,71,73,-1,72,73,74,-1,74,73,75,-1,74,75,76,-1,76,75,77,-1,76,77,78,-1,78,77,79,-1,64,80,65,-1,65,80,81,-1,82,83,84,-1,84,83,85,-1,84,85,86,-1,86,85,87,-1,86,87,88,-1,88,87,89,-1,88,89,90,-1,90,89,91,-1,90,91,92,-1,92,91,93,-1,92,93,94,-1,94,93,95,-1,94,95,80,-1,80,95,81,-1,82,96,83,-1,83,96,97,-1,98,99,100,-1,100,99,101,-1,100,101,102,-1,102,101,103,-1,102,103,104,-1,104,103,105,-1,104,105,106,-1,106,105,107,-1,106,107,108,-1,108,107,109,-1,108,109,110,-1,110,109,111,-1,110,111,96,-1,96,111,97,-1,98,112,99,-1,99,112,113,-1,114,115,116,-1,116,115,117,-1,116,117,118,-1,118,117,119,-1,118,119,120,-1,120,119,121,-1,120,121,122,-1,122,121,123,-1,122,123,124,-1,124,123,125,-1,124,125,126,-1,126,125,127,-1,126,127,112,-1,112,127,113,-1,114,128,115,-1,115,128,129,-1,130,131,132,-1,130,132,133,-1,133,132,134,-1,133,134,135,-1,135,134,136,-1,135,136,137,-1,137,136,138,-1,137,138,139,-1,139,138,140,-1,139,140,141,-1,141,140,142,-1,141,142,143,-1,143,142,129,-1,143,129,128,-1,130,144,131,-1,131,144,145,-1,146,147,148,-1,146,148,149,-1,149,148,150,-1,149,150,151,-1,151,150,152,-1,151,152,153,-1,153,152,154,-1,153,154,155,-1,155,154,156,-1,155,156,157,-1,157,156,158,-1,157,158,159,-1,159,158,145,-1,159,145,144,-1,146,160,147,-1,147,160,161,-1,162,163,164,-1,164,163,165,-1,164,165,166,-1,166,165,167,-1,166,167,168,-1,168,167,169,-1,168,169,170,-1,170,169,171,-1,170,171,172,-1,172,171,173,-1,172,173,174,-1,174,173,175,-1,174,175,160,-1,160,175,161,-1,162,176,163,-1,163,176,177,-1,178,179,180,-1,180,179,181,-1,180,181,182,-1,182,181,183,-1,182,183,184,-1,184,183,185,-1,184,185,186,-1,186,185,187,-1,186,187,188,-1,188,187,189,-1,188,189,190,-1,190,189,191,-1,190,191,176,-1,176,191,177,-1,178,78,179,-1,179,78,79,-1,192,193,194,-1,194,193,195,-1,194,195,196,-1,196,195,197,-1,196,197,198,-1,198,197,199,-1,198,199,200,-1,200,199,201,-1,200,201,202,-1,202,201,203,-1,202,203,204,-1,204,203,205,-1,204,205,206,-1,206,205,207,-1,192,208,193,-1,193,208,209,-1,210,211,212,-1,210,212,213,-1,213,212,214,-1,213,214,215,-1,215,214,216,-1,215,216,217,-1,217,216,218,-1,217,218,219,-1,219,218,220,-1,219,220,221,-1,221,220,222,-1,221,222,223,-1,223,222,209,-1,223,209,208,-1,210,224,211,-1,211,224,225,-1,226,227,228,-1,226,228,229,-1,229,228,230,-1,229,230,231,-1,231,230,232,-1,231,232,233,-1,233,232,234,-1,233,234,235,-1,235,234,236,-1,235,236,237,-1,237,236,238,-1,237,238,239,-1,239,238,225,-1,239,225,224,-1,226,240,227,-1,227,240,241,-1,242,243,244,-1,244,243,245,-1,244,245,246,-1,246,245,247,-1,246,247,248,-1,248,247,249,-1,248,249,250,-1,250,249,251,-1,250,251,252,-1,252,251,253,-1,252,253,254,-1,254,253,255,-1,254,255,240,-1,240,255,241,-1,242,256,243,-1,243,256,257,-1,258,259,260,-1,260,259,261,-1,260,261,262,-1,262,261,263,-1,262,263,264,-1,264,263,265,-1,264,265,266,-1,266,265,267,-1,266,267,268,-1,268,267,269,-1,268,269,270,-1,270,269,271,-1,270,271,256,-1,256,271,257,-1,258,272,259,-1,259,272,273,-1,274,275,276,-1,276,275,277,-1,276,277,278,-1,278,277,279,-1,278,279,280,-1,280,279,281,-1,280,281,282,-1,282,281,283,-1,282,283,284,-1,284,283,285,-1,284,285,286,-1,286,285,287,-1,286,287,272,-1,272,287,273,-1,274,288,275,-1,275,288,289,-1,290,291,292,-1,292,291,293,-1,292,293,294,-1,294,293,295,-1,294,295,296,-1,296,295,297,-1,296,297,298,-1,298,297,299,-1,298,299,300,-1,300,299,301,-1,300,301,302,-1,302,301,303,-1,302,303,288,-1,288,303,289,-1,290,304,291,-1,291,304,305,-1,306,307,308,-1,308,307,309,-1,308,309,310,-1,310,309,311,-1,310,311,312,-1,312,311,313,-1,312,313,314,-1,314,313,315,-1,314,315,316,-1,316,315,317,-1,316,317,318,-1,318,317,319,-1,318,319,304,-1,304,319,305,-1,306,206,307,-1,307,206,207,-1,320,321,322,-1,322,321,323,-1,320,322,324,-1,320,324,325,-1,325,324,326,-1,325,326,327,-1,327,326,328,-1,327,328,329,-1,329,328,330,-1,329,330,331,-1,331,330,332,-1,331,332,333,-1,333,332,334,-1,333,334,335,-1,335,334,336,-1,335,336,337,-1,338,337,339,-1,339,337,336,-1,338,339,340,-1,338,340,341,-1,341,340,342,-1,341,342,343,-1,343,342,344,-1,343,344,345,-1,345,344,346,-1,345,346,347,-1,347,346,348,-1,347,348,349,-1,349,348,350,-1,349,350,351,-1,351,350,352,-1,351,352,353,-1,354,353,355,-1,355,353,352,-1,356,357,358,-1,358,357,359,-1,358,359,360,-1,360,359,361,-1,360,361,362,-1,362,361,363,-1,362,363,364,-1,364,363,365,-1,364,365,366,-1,366,365,367,-1,366,367,368,-1,368,367,369,-1,368,369,370,-1,370,369,371,-1,356,372,357,-1,357,372,373,-1,374,375,376,-1,376,375,377,-1,376,377,378,-1,378,377,379,-1,378,379,380,-1,380,379,381,-1,380,381,382,-1,382,381,383,-1,382,383,384,-1,384,383,385,-1,384,385,386,-1,386,385,387,-1,386,387,372,-1,372,387,373,-1,374,388,375,-1,375,388,389,-1,390,391,392,-1,392,391,393,-1,392,393,394,-1,394,393,395,-1,394,395,396,-1,396,395,397,-1,396,397,398,-1,398,397,399,-1,398,399,400,-1,400,399,401,-1,400,401,402,-1,402,401,403,-1,402,403,388,-1,388,403,389,-1,390,404,391,-1,391,404,405,-1,406,407,408,-1,408,407,409,-1,408,409,410,-1,410,409,411,-1,410,411,412,-1,412,411,413,-1,412,413,414,-1,414,413,415,-1,414,415,416,-1,416,415,417,-1,416,417,418,-1,418,417,419,-1,418,419,404,-1,404,419,405,-1,406,370,407,-1,407,370,371,-1,420,421,422,-1,422,421,423,-1,422,423,424,-1,424,423,425,-1,424,425,426,-1,426,425,427,-1,426,427,428,-1,428,427,429,-1,428,429,430,-1,430,429,431,-1,430,431,432,-1,432,431,433,-1,432,433,434,-1,434,433,435,-1,420,436,421,-1,421,436,437,-1,438,439,440,-1,440,439,441,-1,440,441,442,-1,442,441,443,-1,442,443,444,-1,444,443,445,-1,444,445,446,-1,446,445,447,-1,446,447,448,-1,448,447,449,-1,448,449,450,-1,450,449,451,-1,450,451,436,-1,436,451,437,-1,438,452,439,-1,439,452,453,-1,454,455,456,-1,456,455,457,-1,456,457,458,-1,458,457,459,-1,458,459,460,-1,460,459,461,-1,460,461,462,-1,462,461,463,-1,462,463,464,-1,464,463,465,-1,464,465,466,-1,466,465,467,-1,466,467,452,-1,452,467,453,-1,454,468,455,-1,455,468,469,-1,470,471,472,-1,470,472,473,-1,473,472,474,-1,473,474,475,-1,475,474,476,-1,475,476,477,-1,477,476,478,-1,477,478,479,-1,479,478,480,-1,479,480,481,-1,481,480,482,-1,481,482,483,-1,483,482,469,-1,483,469,468,-1,470,484,471,-1,471,484,485,-1,486,487,488,-1,486,488,489,-1,489,488,490,-1,489,490,491,-1,491,490,492,-1,491,492,493,-1,493,492,494,-1,493,494,495,-1,495,494,496,-1,495,496,497,-1,497,496,498,-1,497,498,499,-1,499,498,485,-1,499,485,484,-1,486,500,487,-1,487,500,501,-1,502,503,504,-1,504,503,505,-1,504,505,506,-1,506,505,507,-1,506,507,508,-1,508,507,509,-1,508,509,510,-1,510,509,511,-1,510,511,512,-1,512,511,513,-1,512,513,514,-1,514,513,515,-1,514,515,500,-1,500,515,501,-1,502,516,503,-1,503,516,517,-1,518,519,520,-1,520,519,521,-1,520,521,522,-1,522,521,523,-1,522,523,524,-1,524,523,525,-1,524,525,526,-1,526,525,527,-1,526,527,528,-1,528,527,529,-1,528,529,530,-1,530,529,531,-1,530,531,516,-1,516,531,517,-1,518,532,519,-1,519,532,533,-1,534,535,536,-1,536,535,537,-1,536,537,538,-1,538,537,539,-1,538,539,540,-1,540,539,541,-1,540,541,542,-1,542,541,543,-1,542,543,544,-1,544,543,545,-1,544,545,546,-1,546,545,547,-1,546,547,532,-1,532,547,533,-1,534,434,535,-1,535,434,435,-1,548,549,550,-1,550,549,551,-1,550,551,552,-1,552,551,553,-1,552,553,554,-1,554,553,555,-1,554,555,556,-1,556,555,557,-1,556,557,558,-1,558,557,559,-1,558,559,560,-1,560,559,561,-1,560,561,562,-1,562,561,563,-1,548,564,549,-1,549,564,565,-1,566,567,568,-1,568,567,569,-1,568,569,570,-1,570,569,571,-1,570,571,572,-1,572,571,573,-1,572,573,574,-1,574,573,575,-1,574,575,576,-1,576,575,577,-1,576,577,578,-1,578,577,579,-1,578,579,564,-1,564,579,565,-1,566,580,567,-1,567,580,581,-1,582,583,584,-1,584,583,585,-1,584,585,586,-1,586,585,587,-1,586,587,588,-1,588,587,589,-1,588,589,590,-1,590,589,591,-1,590,591,592,-1,592,591,593,-1,592,593,594,-1,594,593,595,-1,594,595,580,-1,580,595,581,-1,582,596,583,-1,583,596,597,-1,598,599,600,-1,600,599,601,-1,600,601,602,-1,602,601,603,-1,602,603,604,-1,604,603,605,-1,604,605,606,-1,606,605,607,-1,606,607,608,-1,608,607,609,-1,608,609,610,-1,610,609,611,-1,610,611,596,-1,596,611,597,-1,598,612,599,-1,599,612,613,-1,614,615,616,-1,616,615,617,-1,616,617,618,-1,618,617,619,-1,618,619,620,-1,620,619,621,-1,620,621,622,-1,622,621,623,-1,622,623,624,-1,624,623,625,-1,624,625,626,-1,626,625,627,-1,626,627,612,-1,612,627,613,-1,614,628,615,-1,615,628,629,-1,630,631,632,-1,632,631,633,-1,632,633,634,-1,634,633,635,-1,634,635,636,-1,636,635,637,-1,636,637,638,-1,638,637,639,-1,638,639,640,-1,640,639,641,-1,640,641,642,-1,642,641,643,-1,642,643,628,-1,628,643,629,-1,630,644,631,-1,631,644,645,-1,646,647,648,-1,646,648,649,-1,649,648,650,-1,649,650,651,-1,651,650,652,-1,651,652,653,-1,653,652,654,-1,653,654,655,-1,655,654,656,-1,655,656,657,-1,657,656,658,-1,657,658,659,-1,659,658,645,-1,659,645,644,-1,646,660,647,-1,647,660,661,-1,662,663,664,-1,662,664,665,-1,665,664,666,-1,665,666,667,-1,667,666,668,-1,667,668,669,-1,669,668,670,-1,669,670,671,-1,671,670,672,-1,671,672,673,-1,673,672,674,-1,673,674,675,-1,675,674,661,-1,675,661,660,-1,662,562,663,-1,663,562,563,-1,676,677,678,-1,678,677,679,-1,677,680,679,-1,679,680,681,-1,682,681,683,-1,683,681,680,-1,684,685,686,-1,686,685,687,-1,686,687,688,-1,689,690,691,-1,691,690,682,-1,691,682,683,-1,689,688,690,-1,690,688,687,-1,692,693,678,-1,678,693,694,-1,678,694,676,-1,695,693,696,-1,696,693,692,-1,697,698,699,-1,699,698,700,-1,701,702,703,-1,703,702,704,-1,703,704,705,-1,705,704,706,-1,705,706,707,-1,707,706,708,-1,707,708,709,-1,709,708,710,-1,709,710,711,-1,711,710,712,-1,711,712,713,-1,713,712,714,-1,713,714,715,-1,715,714,716,-1,715,716,697,-1,697,716,698,-1,699,700,717,-1,717,700,718,-1,717,718,719,-1,719,718,720,-1,719,720,721,-1,721,720,722,-1,721,722,723,-1,722,724,723,-1,723,724,725,-1,723,725,726,-1,726,725,727,-1,726,727,728,-1,728,727,729,-1,728,729,730,-1,730,729,731,-1,730,731,684,-1,684,731,685,-1,
        ]
    }
}
Shape{
    appearance Appearance {
        material  Material {
            diffuseColor 0.25098039215686274 0.25098039215686274 0.25098039215686274
            specularColor 0.12549019607843137 0.12549019607843137 0.12549019607843137
            ambientIntensity 0.251
            transparency 0.0
            shininess 0.5
        }
    }
    geometry IndexedFaceSet {
        ccw TRUE
        solid FALSE
        coord DEF co Coordinate {
            point [
                2.6358 -4.2717 4.0157, 2.8256 -4.2717 4.0785, 1.802 -4.2717 4.0785, 2.9508 -4.2717 3.937, 2.8598 -4.2717 4.0863, 2.8431 -4.2717 4.0804, 1.4547 -4.2717 4.0157, 1.7845 -4.2717 4.0804, 1.7678 -4.2717 4.0863, 2.6358 -4.2717 3.937, 1.7529 -4.2717 4.0956, 1.7404 -4.2717 4.1081, 1.731 -4.2717 4.123, 2.8431 -4.2717 4.7064, 2.8598 -4.2717 4.7006, 2.9508 -4.2717 4.7244, 2.8747 -4.2717 4.6912, 2.8965 -4.2717 4.123, 2.8872 -4.2717 4.1081, 2.8747 -4.2717 4.0956, 1.7252 -4.2717 4.6472, 1.731 -4.2717 4.6638, 1.4547 -4.2717 4.6457, 1.7404 -4.2717 4.6787, 1.7529 -4.2717 4.6912, 1.1843 -4.2717 4.7244, 1.1843 -4.2717 4.6457, 1.7678 -4.2717 4.7006, 1.7845 -4.2717 4.7064, 1.802 -4.2717 4.7084, 2.8256 -4.2717 4.7084, 2.8872 -4.2717 4.6787, 2.8965 -4.2717 4.6638, 2.9024 -4.2717 4.6472, 2.9043 -4.2717 4.6296, 2.9043 -4.2717 4.1572, 2.9024 -4.2717 4.1397, 1.7252 -4.2717 4.1397, 1.7232 -4.2717 4.1572, 1.7232 -4.2717 4.6296, -3.1516 0.3051 5.1181, -3.1516 1.752 5.1181, -3.1516 0.3051 4.312, -3.1516 1.752 4.312, -3.1516 1.752 2.7512, -3.1516 1.752 0.1181, -3.1516 0.3051 2.7512, -3.1516 0.3051 0.1181, 2.0579 -2.6772 -0.6496, 2.0579 -2.6772 0.1181, 2.0576 -2.6769 -0.6496, 1.976 -2.5596 0.1181, 1.976 -2.5595 -0.6496, 1.9759 -2.5593 -0.6496, 1.9249 -2.4257 0.1181, 1.9249 -2.4257 -0.6496, 1.9248 -2.4256 -0.6496, 1.9075 -2.2835 0.1181, 1.9075 -2.2835 -0.6496, 1.9249 -2.1412 0.1181, 1.9249 -2.1412 -0.6496, 1.9248 -2.1414 -0.6496, 1.976 -2.0074 0.1181, 2.0579 -1.8898 0.1181, 2.0579 -1.8898 -0.6496, 2.0576 -1.89 -0.6496, 1.976 -2.0074 -0.6496, 1.9759 -2.0076 -0.6496, 2.369 -1.8898 -0.8858, 2.369 -2.6772 -0.8858, 2.2227 -2.6772 -0.8858, 2.1398 -2.6035 -0.8858, 2.1398 -1.9634 -0.8858, 2.2227 -1.8898 -0.8858, 2.0317 -2.3991 -0.8858, 2.0176 -2.2835 -0.8858, 2.0317 -2.1679 -0.8858, 2.0733 -2.5079 -0.8858, 2.0733 -2.059 -0.8858, 2.1368 -2.6772 -0.7702, 2.1369 -1.8898 -0.7703, 3.1476 -0.8194 0.1181, 3.1476 -0.8194 1.1175, 3.1476 -4.2717 0.1181, 3.1476 -2.185 1.1175, 3.1476 -4.2717 5.1181, 3.1476 -2.185 2.1017, 3.1476 -0.8194 4.312, 3.1476 -0.8194 5.1181, 3.1476 -2.185 4.312, 3.1476 -2.185 3.3277, 3.1476 -0.8194 3.3277, 3.1476 -0.8194 2.1017, 3.1476 1.752 5.1181, 2.7539 1.752 4.312, 3.1476 1.752 4.312, 3.1476 1.752 2.7512, 3.1476 1.752 0.1181, 2.9508 1.752 2.7512, 2.9508 1.752 3.3277, 2.7539 1.752 3.3277, -2.9547 1.752 2.7512, -2.9547 1.752 3.3277, -2.7579 1.752 3.3277, -2.7579 1.752 4.312, 2.9508 -0.8194 5.1181, 2.9508 -0.8194 4.312, 2.9508 -0.8194 2.1017, 2.9508 -0.8194 3.3277, 2.9508 -0.8194 0.1181, 2.9508 -0.8194 1.1175, 2.9508 0.3051 5.1181, 2.9508 0.3051 4.312, 2.9508 0.3051 2.7512, 2.9508 0.3051 2.1017, 2.9508 0.3051 0.1181, 2.9508 0.3051 1.1175, 3.1476 0.3051 4.312, 3.1476 0.3051 5.1181, 1.376 -0.3346 4.5669, 1.376 -4.1929 4.5669, 1.1791 -0.3346 4.5669, 1.1056 -4.1929 4.5669, 1.1056 -0.3346 4.5669, 1.376 -4.1929 3.937, 1.376 -0.3346 3.937, 2.5571 -4.1929 3.937, 2.5571 -0.3346 3.937, 3.1476 0.3051 2.7512, 3.1476 0.3051 0.1181, -3.1516 -0.8194 5.1181, -3.1516 -0.8194 4.312, -3.1516 -4.2717 5.1181, -3.1516 -2.185 4.312, -3.1516 -4.2717 0.1181, -3.1516 -2.185 3.3277, -3.1516 -0.8194 1.1175, -3.1516 -0.8194 0.1181, -3.1516 -2.185 1.1175, -3.1516 -2.185 2.1017, -3.1516 -0.8194 2.1017, -3.1516 -0.8194 3.3277, 1.1779 -4.2652 5.1181, 1.1843 -4.2717 5.1181, -2.9547 0.3051 5.1181, -2.9547 -0.8194 5.1181, -1.1818 -4.2652 5.1181, -1.1883 -4.2717 5.1181, 2.5571 -3.6932 0.7874, 2.5571 -4.1929 0.7874, 2.5571 -0.3346 0.7874, 2.5571 -0.3346 3.7686, -2.561 -0.3346 3.7686, -2.561 -0.3346 3.937, -2.561 -4.1929 3.937, -2.561 -0.3346 0.7874, -2.561 -3.6932 0.7874, -2.561 -4.1929 0.7874, -1.3799 -0.3346 3.937, -1.3799 -4.1929 3.937, -2.0098 -0.3346 3.937, -1.3799 -4.1929 4.5669, -1.3799 -0.3346 4.5669, -1.1095 -0.3346 4.5669, -1.1095 -4.1929 4.5669, -1.1831 -0.3346 4.5669, 1.1056 -4.1929 5.0458, 1.1056 -0.3346 5.0458, -1.1095 -4.1929 5.0458, -1.1095 -0.3346 5.0458, -0.7894 -0.3346 5.0458, -0.3957 -0.3346 5.0458, -0.002 -0.3346 5.0458, 0.3917 -0.3346 5.0458, 0.7854 -0.3346 5.0458, 2.6358 -4.2717 0.7087, 2.0059 -4.1929 0.7874, 1.1791 -4.1929 0.7874, 0.7854 -4.1929 0.7874, 0.3917 -4.1929 0.7874, -0.002 -4.1929 0.7874, -2.6398 -4.2717 0.7087, -0.3957 -4.1929 0.7874, -0.7894 -4.1929 0.7874, -1.1831 -4.1929 0.7874, -2.6398 -4.2717 3.937, -2.6398 -4.2717 4.0157, -1.4587 -4.2717 4.0157, -1.4587 -4.2717 4.6457, -1.1883 -4.2717 4.6457, -1.1883 -4.2717 4.7244, 2.7539 -2.185 4.312, 2.7539 0.3051 1.1175, 2.7539 0.3051 2.1017, 2.7539 -2.185 1.1175, 2.7539 -2.185 2.1017, 2.7539 -2.185 3.3277, 2.9382 -1.8898 -0.6496, 2.9382 -1.8898 0.1181, 2.9385 -1.89 -0.6496, 3.0201 -2.0074 0.1181, 3.02 -2.0074 -0.6496, 3.0202 -2.0076 -0.6496, 3.0712 -2.1412 0.1181, 3.0712 -2.1412 -0.6496, 3.0712 -2.1414 -0.6496, 3.0886 -2.2835 0.1181, 3.0886 -2.2835 -0.6496, 3.0712 -2.4257 0.1181, 3.0712 -2.4257 -0.6496, 3.0712 -2.4256 -0.6496, 3.0201 -2.5596 0.1181, 2.9382 -2.6772 0.1181, 2.9382 -2.6772 -0.6496, 2.9385 -2.6769 -0.6496, 3.02 -2.5595 -0.6496, 3.0202 -2.5593 -0.6496, 2.7733 -2.6772 -0.8858, 2.627 -2.6772 -0.8858, 2.8563 -2.6035 -0.8858, 2.627 -1.8898 -0.8858, 2.7733 -1.8898 -0.8858, 2.8563 -1.9634 -0.8858, 2.9228 -2.059 -0.8858, 2.9643 -2.1679 -0.8858, 2.9784 -2.2835 -0.8858, 2.9643 -2.3991 -0.8858, 2.9228 -2.5079 -0.8858, 2.8593 -1.8898 -0.7702, 2.8592 -2.6772 -0.7703, 2.627 -2.6772 -0.0984, 2.369 -2.6772 -0.0984, 2.627 -1.8898 -0.0984, 2.369 -1.8898 -0.0984, -2.9547 0.3051 4.312, -2.9547 -0.8194 4.312, -2.7579 -2.185 4.312, -2.9547 -0.8194 0.1181, -2.9547 -0.8194 1.1175, -2.9547 0.3051 0.1181, -2.9547 0.3051 1.1175, -2.9547 0.3051 2.7512, -2.9547 0.3051 2.1017, -2.9547 -0.8194 2.1017, -2.9547 -0.8194 3.3277, -2.7579 0.3051 2.1017, -2.7579 0.3051 1.1175, -2.7579 -2.185 1.1175, -2.7579 -2.185 2.1017, -2.7579 -2.185 3.3277, -2.9421 -2.6772 -0.6496, -2.9421 -2.6772 0.1181, -2.9424 -2.6769 -0.6496, -3.024 -2.5596 0.1181, -3.024 -2.5595 -0.6496, -3.0241 -2.5593 -0.6496, -3.0751 -2.4257 0.1181, -3.0751 -2.4257 -0.6496, -3.0752 -2.4256 -0.6496, -3.0925 -2.2835 0.1181, -3.0925 -2.2835 -0.6496, -3.0751 -2.1412 0.1181, -3.0751 -2.1412 -0.6496, -3.0752 -2.1414 -0.6496, -3.024 -2.0074 0.1181, -2.9421 -1.8898 0.1181, -2.9421 -1.8898 -0.6496, -2.9424 -1.89 -0.6496, -3.024 -2.0074 -0.6496, -3.0241 -2.0076 -0.6496, -2.0618 -1.8898 -0.6496, -2.0618 -1.8898 0.1181, -2.0615 -1.89 -0.6496, -1.9799 -2.0074 0.1181, -1.98 -2.0074 -0.6496, -1.9798 -2.0076 -0.6496, -1.9288 -2.1412 0.1181, -1.9288 -2.1412 -0.6496, -1.9288 -2.1414 -0.6496, -1.9114 -2.2835 0.1181, -1.9114 -2.2835 -0.6496, -1.9288 -2.4257 0.1181, -1.9288 -2.4257 -0.6496, -1.9288 -2.4256 -0.6496, -1.9799 -2.5596 0.1181, -2.0618 -2.6772 0.1181, -2.0618 -2.6772 -0.6496, -2.0615 -2.6769 -0.6496, -1.98 -2.5595 -0.6496, -1.9798 -2.5593 -0.6496, -2.7773 -1.8898 -0.8858, -2.631 -1.8898 -0.8858, -2.8602 -1.9634 -0.8858, -2.631 -2.6772 -0.8858, -2.7773 -2.6772 -0.8858, -2.8602 -2.6035 -0.8858, -2.9267 -2.5079 -0.8858, -2.9683 -2.3991 -0.8858, -2.9824 -2.2835 -0.8858, -2.9683 -2.1679 -0.8858, -2.9267 -2.059 -0.8858, -2.373 -2.6772 -0.8858, -2.373 -1.8898 -0.8858, -2.2267 -1.8898 -0.8858, -2.1437 -1.9634 -0.8858, -2.1437 -2.6035 -0.8858, -2.2267 -2.6772 -0.8858, -2.0357 -2.1679 -0.8858, -2.0216 -2.2835 -0.8858, -2.0357 -2.3991 -0.8858, -2.0772 -2.059 -0.8858, -2.0772 -2.5079 -0.8858, -2.373 -2.6772 -0.0984, -2.373 -1.8898 -0.0984, -2.631 -2.6772 -0.0984, -2.631 -1.8898 -0.0984, -2.1407 -2.6772 -0.7702, -2.8631 -2.6772 -0.7703, -2.8632 -1.8898 -0.7702, -2.1408 -1.8898 -0.7703
            ]
        }
        coordIndex [
            0,1,2,-1,3,4,5,-1,0,2,6,-1,6,2,7,-1,6,7,8,-1,1,0,5,-1,5,0,9,-1,5,9,3,-1,8,10,6,-1,6,10,11,-1,6,11,12,-1,13,14,15,-1,15,14,16,-1,17,18,3,-1,3,18,19,-1,3,19,4,-1,20,21,22,-1,22,21,23,-1,22,23,24,-1,25,26,22,-1,24,27,22,-1,22,27,28,-1,22,28,25,-1,25,28,29,-1,25,29,15,-1,15,29,30,-1,15,30,13,-1,16,31,15,-1,15,31,32,-1,15,32,33,-1,33,34,15,-1,15,34,35,-1,15,35,3,-1,3,35,36,-1,3,36,17,-1,12,37,6,-1,6,37,38,-1,6,38,22,-1,22,38,39,-1,22,39,20,-1,40,41,42,-1,42,41,43,-1,44,45,46,-1,46,45,47,-1,48,49,50,-1,50,49,51,-1,50,51,52,-1,52,51,53,-1,53,51,54,-1,53,54,55,-1,55,54,56,-1,56,54,57,-1,56,57,58,-1,59,60,57,-1,57,60,61,-1,57,61,58,-1,62,63,64,-1,64,65,62,-1,62,65,66,-1,62,66,59,-1,59,66,67,-1,59,67,60,-1,68,69,70,-1,70,71,68,-1,68,71,72,-1,68,72,73,-1,74,75,76,-1,71,77,72,-1,72,77,74,-1,72,74,78,-1,78,74,76,-1,79,48,50,-1,71,70,79,-1,65,64,72,-1,72,64,80,-1,72,80,73,-1,79,50,71,-1,71,50,52,-1,71,52,77,-1,52,53,77,-1,77,53,55,-1,77,55,74,-1,55,56,74,-1,74,56,58,-1,74,58,75,-1,75,58,61,-1,75,61,76,-1,76,61,78,-1,61,60,78,-1,78,60,67,-1,78,67,72,-1,72,67,66,-1,72,66,65,-1,81,82,83,-1,83,82,84,-1,83,84,85,-1,85,84,86,-1,87,88,89,-1,89,88,85,-1,89,85,90,-1,90,85,86,-1,90,86,91,-1,91,86,92,-1,41,93,94,-1,94,93,95,-1,96,97,98,-1,98,97,45,-1,98,45,99,-1,99,45,100,-1,101,102,103,-1,43,41,104,-1,104,41,94,-1,104,94,103,-1,103,94,100,-1,103,100,101,-1,101,100,45,-1,101,45,44,-1,105,88,106,-1,106,88,87,-1,92,107,91,-1,91,107,108,-1,81,109,82,-1,82,109,110,-1,111,105,112,-1,112,105,106,-1,98,99,113,-1,113,99,108,-1,113,108,114,-1,114,108,107,-1,109,115,110,-1,110,115,116,-1,117,95,118,-1,118,95,93,-1,119,120,121,-1,121,120,122,-1,121,122,123,-1,124,125,126,-1,126,125,127,-1,128,129,96,-1,96,129,97,-1,130,131,132,-1,132,131,133,-1,132,133,134,-1,134,133,135,-1,136,137,138,-1,138,137,134,-1,138,134,139,-1,139,134,135,-1,139,135,140,-1,140,135,141,-1,142,143,85,-1,93,41,144,-1,144,41,40,-1,118,93,111,-1,111,93,144,-1,111,144,105,-1,105,144,145,-1,146,145,147,-1,147,145,130,-1,147,130,132,-1,88,105,85,-1,85,105,145,-1,85,145,142,-1,142,145,146,-1,148,149,126,-1,150,148,151,-1,151,148,126,-1,151,126,127,-1,152,153,154,-1,155,152,156,-1,156,152,154,-1,156,154,157,-1,158,159,160,-1,160,159,154,-1,160,154,153,-1,120,119,124,-1,124,119,125,-1,159,158,161,-1,161,158,162,-1,163,164,165,-1,165,164,161,-1,165,161,162,-1,166,167,122,-1,122,167,123,-1,164,163,168,-1,168,163,169,-1,169,170,168,-1,168,170,171,-1,168,171,166,-1,166,171,172,-1,172,173,166,-1,166,173,174,-1,166,174,167,-1,149,175,126,-1,126,175,9,-1,126,9,0,-1,6,124,0,-1,0,124,126,-1,149,176,175,-1,175,176,177,-1,175,177,178,-1,178,179,175,-1,175,179,180,-1,175,180,181,-1,181,180,182,-1,182,183,181,-1,181,183,184,-1,181,184,157,-1,22,120,6,-1,6,120,124,-1,181,157,185,-1,185,157,154,-1,185,154,186,-1,26,122,22,-1,22,122,120,-1,159,187,154,-1,154,187,186,-1,122,26,25,-1,166,122,142,-1,142,122,25,-1,142,25,143,-1,161,188,159,-1,159,188,187,-1,146,168,142,-1,142,168,166,-1,164,189,161,-1,161,189,188,-1,190,189,164,-1,164,168,190,-1,190,168,146,-1,190,146,147,-1,111,112,118,-1,118,112,117,-1,87,89,106,-1,106,89,191,-1,106,191,112,-1,112,191,94,-1,112,94,117,-1,117,94,95,-1,98,113,96,-1,96,113,128,-1,129,128,114,-1,114,128,113,-1,115,129,116,-1,116,129,114,-1,116,114,192,-1,192,114,193,-1,116,192,110,-1,110,192,194,-1,110,194,82,-1,82,194,84,-1,193,114,107,-1,92,86,107,-1,107,86,195,-1,107,195,193,-1,84,194,86,-1,86,194,195,-1,193,195,192,-1,192,195,194,-1,99,100,108,-1,108,100,196,-1,108,196,91,-1,91,196,90,-1,90,196,89,-1,89,196,191,-1,196,100,191,-1,191,100,94,-1,197,198,199,-1,199,198,200,-1,199,200,201,-1,201,200,202,-1,202,200,203,-1,202,203,204,-1,204,203,205,-1,205,203,206,-1,205,206,207,-1,208,209,206,-1,206,209,210,-1,206,210,207,-1,211,212,213,-1,213,214,211,-1,211,214,215,-1,211,215,208,-1,208,215,216,-1,208,216,209,-1,217,218,219,-1,219,218,220,-1,219,220,221,-1,221,222,219,-1,219,222,223,-1,219,223,224,-1,224,225,219,-1,219,225,226,-1,219,226,227,-1,228,197,199,-1,214,213,219,-1,219,213,229,-1,219,229,217,-1,222,221,228,-1,228,199,222,-1,222,199,201,-1,222,201,223,-1,201,202,223,-1,223,202,204,-1,223,204,224,-1,204,205,224,-1,224,205,207,-1,224,207,225,-1,225,207,210,-1,225,210,226,-1,226,210,227,-1,210,209,227,-1,227,209,216,-1,227,216,219,-1,219,216,215,-1,219,215,214,-1,230,231,232,-1,232,231,233,-1,233,231,68,-1,68,231,69,-1,220,218,232,-1,232,218,230,-1,229,213,212,-1,70,69,79,-1,79,69,231,-1,79,231,48,-1,230,218,217,-1,217,229,230,-1,230,229,212,-1,230,212,231,-1,231,212,49,-1,231,49,48,-1,80,64,63,-1,221,220,228,-1,228,220,232,-1,228,232,197,-1,233,68,73,-1,73,80,233,-1,233,80,63,-1,233,63,232,-1,232,63,198,-1,232,198,197,-1,234,144,42,-1,42,144,40,-1,145,144,235,-1,235,144,234,-1,130,145,131,-1,131,145,235,-1,234,42,43,-1,236,133,131,-1,131,235,236,-1,236,235,234,-1,236,234,104,-1,104,234,43,-1,237,137,238,-1,238,137,136,-1,239,237,240,-1,240,237,238,-1,241,101,46,-1,46,101,44,-1,242,243,241,-1,241,243,244,-1,241,244,101,-1,101,244,102,-1,46,47,240,-1,240,47,239,-1,241,46,242,-1,242,46,240,-1,242,240,245,-1,245,240,246,-1,246,240,238,-1,136,138,238,-1,238,138,247,-1,238,247,246,-1,247,138,248,-1,248,138,139,-1,248,245,247,-1,247,245,246,-1,242,245,243,-1,243,245,248,-1,243,248,140,-1,140,248,139,-1,243,140,244,-1,244,140,141,-1,103,102,244,-1,141,135,244,-1,244,135,249,-1,244,249,103,-1,249,135,236,-1,236,135,133,-1,103,249,104,-1,104,249,236,-1,250,251,252,-1,252,251,253,-1,252,253,254,-1,254,253,255,-1,255,253,256,-1,255,256,257,-1,257,256,258,-1,258,256,259,-1,258,259,260,-1,261,262,259,-1,259,262,263,-1,259,263,260,-1,264,265,266,-1,266,267,264,-1,264,267,268,-1,264,268,261,-1,261,268,269,-1,261,269,262,-1,270,271,272,-1,272,271,273,-1,272,273,274,-1,274,273,275,-1,275,273,276,-1,275,276,277,-1,277,276,278,-1,278,276,279,-1,278,279,280,-1,281,282,279,-1,279,282,283,-1,279,283,280,-1,284,285,286,-1,286,287,284,-1,284,287,288,-1,284,288,281,-1,281,288,289,-1,281,289,282,-1,290,291,292,-1,292,291,293,-1,292,293,294,-1,294,295,292,-1,292,295,296,-1,292,296,297,-1,297,298,292,-1,292,298,299,-1,292,299,300,-1,301,302,303,-1,303,304,301,-1,301,304,305,-1,301,305,306,-1,307,308,309,-1,304,310,305,-1,305,310,307,-1,305,307,311,-1,311,307,309,-1,312,313,301,-1,301,313,302,-1,312,314,313,-1,313,314,315,-1,293,291,314,-1,314,291,315,-1,316,286,285,-1,294,293,317,-1,317,293,314,-1,317,314,250,-1,312,301,306,-1,306,316,312,-1,312,316,285,-1,312,285,314,-1,314,285,251,-1,314,251,250,-1,317,250,252,-1,295,294,317,-1,267,266,292,-1,292,266,318,-1,292,318,290,-1,317,252,295,-1,295,252,254,-1,295,254,296,-1,254,255,296,-1,296,255,257,-1,296,257,297,-1,257,258,297,-1,297,258,260,-1,297,260,298,-1,298,260,263,-1,298,263,299,-1,299,263,300,-1,263,262,300,-1,300,262,269,-1,300,269,292,-1,292,269,268,-1,292,268,267,-1,318,266,265,-1,303,302,319,-1,319,302,313,-1,319,313,270,-1,315,291,290,-1,290,318,315,-1,315,318,265,-1,315,265,313,-1,313,265,271,-1,313,271,270,-1,319,270,272,-1,287,286,305,-1,305,286,316,-1,305,316,306,-1,304,303,319,-1,319,272,304,-1,304,272,274,-1,304,274,310,-1,274,275,310,-1,310,275,277,-1,310,277,307,-1,277,278,307,-1,307,278,280,-1,307,280,308,-1,308,280,283,-1,308,283,309,-1,309,283,311,-1,283,282,311,-1,311,282,289,-1,311,289,305,-1,305,289,288,-1,305,288,287,-1,
        ]
    }
}
Shape{
    appearance Appearance {
        material  Material {
            diffuseColor 1.0 1.0 0.5019607843137255
            specularColor 0.5019607843137255 0.5019607843137255 0.25098039215686274
            ambientIntensity 0.9432
            transparency 0.0
            shininess 0.5
        }
    }
    geometry IndexedFaceSet {
        ccw TRUE
        solid FALSE
        coord DEF co Coordinate {
            point [
                1.4547 -3.1936 0.8331, 1.2972 -3.1936 0.8331, 1.4547 -3.1936 0.7874, 1.2972 -3.1936 0.7874, 1.2972 -3.1148 0.7874, 1.2972 -3.1148 0.8331, 1.4547 -3.1148 0.7874, 1.4547 -3.1148 0.8331, 1.4547 -0.3346 2.402, 1.4547 -0.3346 2.4914, 1.4547 -3.0528 0.937, 1.4547 -3.0901 1.0063, 1.4547 -3.0737 0.9227, 1.4547 -3.125 0.9824, 1.4547 -3.091 0.9042, 1.4547 -3.1539 0.9515, 1.4547 -3.1041 0.8824, 1.4547 -3.1756 0.9152, 1.4547 -3.1121 0.8583, 1.4547 -3.189 0.8751, 1.2972 -3.1121 0.8583, 1.2972 -3.189 0.8751, 1.2972 -3.1041 0.8824, 1.2972 -3.1756 0.9152, 1.2972 -3.091 0.9042, 1.2972 -3.1539 0.9515, 1.2972 -3.0737 0.9227, 1.2972 -3.125 0.9824, 1.2972 -3.0528 0.937, 1.2972 -3.0901 1.0063, 1.2972 -0.3346 2.402, 1.2972 -0.3346 2.4914, 1.061 -3.1936 0.8331, 0.9035 -3.1936 0.8331, 1.061 -3.1936 0.7874, 0.9035 -3.1936 0.7874, 0.9035 -3.1148 0.7874, 0.9035 -3.1148 0.8331, 1.061 -3.1148 0.7874, 1.061 -3.1148 0.8331, 1.061 -0.3346 2.402, 1.061 -0.3346 2.4914, 1.061 -3.0528 0.937, 1.061 -3.0901 1.0063, 1.061 -3.0737 0.9227, 1.061 -3.125 0.9824, 1.061 -3.091 0.9042, 1.061 -3.1539 0.9515, 1.061 -3.1041 0.8824, 1.061 -3.1756 0.9152, 1.061 -3.1121 0.8583, 1.061 -3.189 0.8751, 0.9035 -0.3346 2.4914, 0.9035 -3.0901 1.0063, 0.9035 -3.125 0.9824, 0.9035 -3.1539 0.9515, 0.9035 -3.1756 0.9152, 0.9035 -3.189 0.8751, 0.9035 -3.1121 0.8583, 0.9035 -3.1041 0.8824, 0.9035 -3.091 0.9042, 0.9035 -3.0737 0.9227, 0.9035 -3.0528 0.937, 0.9035 -0.3346 2.402, 0.6673 -3.1936 0.8331, 0.5098 -3.1936 0.8331, 0.6673 -3.1936 0.7874, 0.5098 -3.1936 0.7874, 0.5098 -3.1148 0.7874, 0.5098 -3.1148 0.8331, 0.6673 -3.1148 0.7874, 0.6673 -3.1148 0.8331, 0.6673 -0.3346 2.402, 0.6673 -0.3346 2.4914, 0.6673 -3.0528 0.937, 0.6673 -3.0901 1.0063, 0.6673 -3.0737 0.9227, 0.6673 -3.125 0.9824, 0.6673 -3.091 0.9042, 0.6673 -3.1539 0.9515, 0.6673 -3.1041 0.8824, 0.6673 -3.1756 0.9152, 0.6673 -3.1121 0.8583, 0.6673 -3.189 0.8751, 0.5098 -0.3346 2.4914, 0.5098 -3.0901 1.0063, 0.5098 -3.125 0.9824, 0.5098 -3.1539 0.9515, 0.5098 -3.1756 0.9152, 0.5098 -3.189 0.8751, 0.5098 -3.1121 0.8583, 0.5098 -3.1041 0.8824, 0.5098 -3.091 0.9042, 0.5098 -3.0737 0.9227, 0.5098 -3.0528 0.937, 0.5098 -0.3346 2.402, 0.2736 -3.1936 0.8331, 0.1161 -3.1936 0.8331, 0.2736 -3.1936 0.7874, 0.1161 -3.1936 0.7874, 0.1161 -3.1148 0.7874, 0.1161 -3.1148 0.8331, 0.2736 -3.1148 0.7874, 0.2736 -3.1148 0.8331, 0.2736 -0.3346 2.402, 0.2736 -0.3346 2.4914, 0.2736 -3.0528 0.937, 0.2736 -3.0901 1.0063, 0.2736 -3.0737 0.9227, 0.2736 -3.125 0.9824, 0.2736 -3.091 0.9042, 0.2736 -3.1539 0.9515, 0.2736 -3.1041 0.8824, 0.2736 -3.1756 0.9152, 0.2736 -3.1121 0.8583, 0.2736 -3.189 0.8751, 0.1161 -0.3346 2.4914, 0.1161 -3.0901 1.0063, 0.1161 -3.125 0.9824, 0.1161 -3.1539 0.9515, 0.1161 -3.1756 0.9152, 0.1161 -3.189 0.8751, 0.1161 -3.1121 0.8583, 0.1161 -3.1041 0.8824, 0.1161 -3.091 0.9042, 0.1161 -3.0737 0.9227, 0.1161 -3.0528 0.937, 0.1161 -0.3346 2.402, -0.1201 -3.1936 0.8331, -0.2776 -3.1936 0.8331, -0.1201 -3.1936 0.7874, -0.2776 -3.1936 0.7874, -0.2776 -3.1148 0.7874, -0.2776 -3.1148 0.8331, -0.1201 -3.1148 0.7874, -0.1201 -3.1148 0.8331, -0.1201 -0.3346 2.402, -0.1201 -0.3346 2.4914, -0.1201 -3.0528 0.937, -0.1201 -3.0901 1.0063, -0.1201 -3.0737 0.9227, -0.1201 -3.125 0.9824, -0.1201 -3.091 0.9042, -0.1201 -3.1539 0.9515, -0.1201 -3.1041 0.8824, -0.1201 -3.1756 0.9152, -0.1201 -3.1121 0.8583, -0.1201 -3.189 0.8751, -0.2776 -0.3346 2.4914, -0.2776 -3.0901 1.0063, -0.2776 -3.125 0.9824, -0.2776 -3.1539 0.9515, -0.2776 -3.1756 0.9152, -0.2776 -3.189 0.8751, -0.2776 -3.1121 0.8583, -0.2776 -3.1041 0.8824, -0.2776 -3.091 0.9042, -0.2776 -3.0737 0.9227, -0.2776 -3.0528 0.937, -0.2776 -0.3346 2.402, -0.5138 -3.1936 0.8331, -0.6713 -3.1936 0.8331, -0.5138 -3.1936 0.7874, -0.6713 -3.1936 0.7874, -0.6713 -3.1148 0.7874, -0.6713 -3.1148 0.8331, -0.5138 -3.1148 0.7874, -0.5138 -3.1148 0.8331, -0.5138 -0.3346 2.402, -0.5138 -0.3346 2.4914, -0.5138 -3.0528 0.937, -0.5138 -3.0901 1.0063, -0.5138 -3.0737 0.9227, -0.5138 -3.125 0.9824, -0.5138 -3.091 0.9042, -0.5138 -3.1539 0.9515, -0.5138 -3.1041 0.8824, -0.5138 -3.1756 0.9152, -0.5138 -3.1121 0.8583, -0.5138 -3.189 0.8751, -0.6713 -0.3346 2.4914, -0.6713 -3.0901 1.0063, -0.6713 -3.125 0.9824, -0.6713 -3.1539 0.9515, -0.6713 -3.1756 0.9152, -0.6713 -3.189 0.8751, -0.6713 -3.1121 0.8583, -0.6713 -3.1041 0.8824, -0.6713 -3.091 0.9042, -0.6713 -3.0737 0.9227, -0.6713 -3.0528 0.937, -0.6713 -0.3346 2.402, -0.9075 -3.1936 0.8331, -1.065 -3.1936 0.8331, -0.9075 -3.1936 0.7874, -1.065 -3.1936 0.7874, -1.065 -3.1148 0.7874, -1.065 -3.1148 0.8331, -0.9075 -3.1148 0.7874, -0.9075 -3.1148 0.8331, -0.9075 -0.3346 2.402, -0.9075 -0.3346 2.4914, -0.9075 -3.0528 0.937, -0.9075 -3.0901 1.0063, -0.9075 -3.0737 0.9227, -0.9075 -3.125 0.9824, -0.9075 -3.091 0.9042, -0.9075 -3.1539 0.9515, -0.9075 -3.1041 0.8824, -0.9075 -3.1756 0.9152, -0.9075 -3.1121 0.8583, -0.9075 -3.189 0.8751, -1.065 -0.3346 2.4914, -1.065 -3.0901 1.0063, -1.065 -3.125 0.9824, -1.065 -3.1539 0.9515, -1.065 -3.1756 0.9152, -1.065 -3.189 0.8751, -1.065 -3.1121 0.8583, -1.065 -3.1041 0.8824, -1.065 -3.091 0.9042, -1.065 -3.0737 0.9227, -1.065 -3.0528 0.937, -1.065 -0.3346 2.402, -1.3012 -3.1936 0.8331, -1.4587 -3.1936 0.8331, -1.3012 -3.1936 0.7874, -1.4587 -3.1936 0.7874, -1.4587 -3.1148 0.7874, -1.4587 -3.1148 0.8331, -1.3012 -3.1148 0.7874, -1.3012 -3.1148 0.8331, -1.3012 -0.3346 2.402, -1.3012 -0.3346 2.4914, -1.3012 -3.0528 0.937, -1.3012 -3.0901 1.0063, -1.3012 -3.0737 0.9227, -1.3012 -3.125 0.9824, -1.3012 -3.091 0.9042, -1.3012 -3.1539 0.9515, -1.3012 -3.1041 0.8824, -1.3012 -3.1756 0.9152, -1.3012 -3.1121 0.8583, -1.3012 -3.189 0.8751, -1.4587 -0.3346 2.4914, -1.4587 -3.0901 1.0063, -1.4587 -3.125 0.9824, -1.4587 -3.1539 0.9515, -1.4587 -3.1756 0.9152, -1.4587 -3.189 0.8751, -1.4587 -3.1121 0.8583, -1.4587 -3.1041 0.8824, -1.4587 -3.091 0.9042, -1.4587 -3.0737 0.9227, -1.4587 -3.0528 0.937, -1.4587 -0.3346 2.402
            ]
        }
        coordIndex [
            0,1,2,-1,2,1,3,-1,4,5,6,-1,6,5,7,-1,8,9,10,-1,10,9,11,-1,10,11,12,-1,12,11,13,-1,12,13,14,-1,14,13,15,-1,14,15,16,-1,16,15,17,-1,16,17,18,-1,18,17,19,-1,18,19,7,-1,7,19,0,-1,7,0,6,-1,6,0,2,-1,4,3,5,-1,5,3,1,-1,5,1,20,-1,20,1,21,-1,20,21,22,-1,22,21,23,-1,22,23,24,-1,24,23,25,-1,24,25,26,-1,26,25,27,-1,26,27,28,-1,28,27,29,-1,28,29,30,-1,30,29,31,-1,10,28,8,-1,8,28,30,-1,31,29,9,-1,9,29,11,-1,11,29,27,-1,11,27,13,-1,13,27,25,-1,13,25,15,-1,15,25,23,-1,15,23,17,-1,17,23,21,-1,17,21,19,-1,19,21,1,-1,19,1,0,-1,7,5,18,-1,18,5,20,-1,18,20,16,-1,16,20,22,-1,16,22,14,-1,14,22,24,-1,14,24,12,-1,12,24,26,-1,12,26,10,-1,10,26,28,-1,32,33,34,-1,34,33,35,-1,36,37,38,-1,38,37,39,-1,40,41,42,-1,42,41,43,-1,42,43,44,-1,44,43,45,-1,44,45,46,-1,46,45,47,-1,46,47,48,-1,48,47,49,-1,48,49,50,-1,50,49,51,-1,50,51,39,-1,39,51,32,-1,39,32,38,-1,38,32,34,-1,52,53,41,-1,41,53,43,-1,43,53,54,-1,43,54,45,-1,45,54,55,-1,45,55,47,-1,47,55,56,-1,47,56,49,-1,49,56,57,-1,49,57,51,-1,51,57,33,-1,51,33,32,-1,36,35,37,-1,37,35,33,-1,37,33,58,-1,58,33,57,-1,58,57,59,-1,59,57,56,-1,59,56,60,-1,60,56,55,-1,60,55,61,-1,61,55,54,-1,61,54,62,-1,62,54,53,-1,62,53,63,-1,63,53,52,-1,42,62,40,-1,40,62,63,-1,39,37,50,-1,50,37,58,-1,50,58,48,-1,48,58,59,-1,48,59,46,-1,46,59,60,-1,46,60,44,-1,44,60,61,-1,44,61,42,-1,42,61,62,-1,64,65,66,-1,66,65,67,-1,68,69,70,-1,70,69,71,-1,72,73,74,-1,74,73,75,-1,74,75,76,-1,76,75,77,-1,76,77,78,-1,78,77,79,-1,78,79,80,-1,80,79,81,-1,80,81,82,-1,82,81,83,-1,82,83,71,-1,71,83,64,-1,71,64,70,-1,70,64,66,-1,84,85,73,-1,73,85,75,-1,75,85,86,-1,75,86,77,-1,77,86,87,-1,77,87,79,-1,79,87,88,-1,79,88,81,-1,81,88,89,-1,81,89,83,-1,83,89,65,-1,83,65,64,-1,68,67,69,-1,69,67,65,-1,69,65,90,-1,90,65,89,-1,90,89,91,-1,91,89,88,-1,91,88,92,-1,92,88,87,-1,92,87,93,-1,93,87,86,-1,93,86,94,-1,94,86,85,-1,94,85,95,-1,95,85,84,-1,74,94,72,-1,72,94,95,-1,71,69,82,-1,82,69,90,-1,82,90,80,-1,80,90,91,-1,80,91,78,-1,78,91,92,-1,78,92,76,-1,76,92,93,-1,76,93,74,-1,74,93,94,-1,96,97,98,-1,98,97,99,-1,100,101,102,-1,102,101,103,-1,104,105,106,-1,106,105,107,-1,106,107,108,-1,108,107,109,-1,108,109,110,-1,110,109,111,-1,110,111,112,-1,112,111,113,-1,112,113,114,-1,114,113,115,-1,114,115,103,-1,103,115,96,-1,103,96,102,-1,102,96,98,-1,116,117,105,-1,105,117,107,-1,107,117,118,-1,107,118,109,-1,109,118,119,-1,109,119,111,-1,111,119,120,-1,111,120,113,-1,113,120,121,-1,113,121,115,-1,115,121,97,-1,115,97,96,-1,100,99,101,-1,101,99,97,-1,101,97,122,-1,122,97,121,-1,122,121,123,-1,123,121,120,-1,123,120,124,-1,124,120,119,-1,124,119,125,-1,125,119,118,-1,125,118,126,-1,126,118,117,-1,126,117,127,-1,127,117,116,-1,106,126,104,-1,104,126,127,-1,103,101,114,-1,114,101,122,-1,114,122,112,-1,112,122,123,-1,112,123,110,-1,110,123,124,-1,110,124,108,-1,108,124,125,-1,108,125,106,-1,106,125,126,-1,128,129,130,-1,130,129,131,-1,132,133,134,-1,134,133,135,-1,136,137,138,-1,138,137,139,-1,138,139,140,-1,140,139,141,-1,140,141,142,-1,142,141,143,-1,142,143,144,-1,144,143,145,-1,144,145,146,-1,146,145,147,-1,146,147,135,-1,135,147,128,-1,135,128,134,-1,134,128,130,-1,148,149,137,-1,137,149,139,-1,139,149,150,-1,139,150,141,-1,141,150,151,-1,141,151,143,-1,143,151,152,-1,143,152,145,-1,145,152,153,-1,145,153,147,-1,147,153,129,-1,147,129,128,-1,132,131,133,-1,133,131,129,-1,133,129,154,-1,154,129,153,-1,154,153,155,-1,155,153,152,-1,155,152,156,-1,156,152,151,-1,156,151,157,-1,157,151,150,-1,157,150,158,-1,158,150,149,-1,158,149,159,-1,159,149,148,-1,138,158,136,-1,136,158,159,-1,135,133,146,-1,146,133,154,-1,146,154,144,-1,144,154,155,-1,144,155,142,-1,142,155,156,-1,142,156,140,-1,140,156,157,-1,140,157,138,-1,138,157,158,-1,160,161,162,-1,162,161,163,-1,164,165,166,-1,166,165,167,-1,168,169,170,-1,170,169,171,-1,170,171,172,-1,172,171,173,-1,172,173,174,-1,174,173,175,-1,174,175,176,-1,176,175,177,-1,176,177,178,-1,178,177,179,-1,178,179,167,-1,167,179,160,-1,167,160,166,-1,166,160,162,-1,180,181,169,-1,169,181,171,-1,171,181,182,-1,171,182,173,-1,173,182,183,-1,173,183,175,-1,175,183,184,-1,175,184,177,-1,177,184,185,-1,177,185,179,-1,179,185,161,-1,179,161,160,-1,164,163,165,-1,165,163,161,-1,165,161,186,-1,186,161,185,-1,186,185,187,-1,187,185,184,-1,187,184,188,-1,188,184,183,-1,188,183,189,-1,189,183,182,-1,189,182,190,-1,190,182,181,-1,190,181,191,-1,191,181,180,-1,170,190,168,-1,168,190,191,-1,167,165,178,-1,178,165,186,-1,178,186,176,-1,176,186,187,-1,176,187,174,-1,174,187,188,-1,174,188,172,-1,172,188,189,-1,172,189,170,-1,170,189,190,-1,192,193,194,-1,194,193,195,-1,196,197,198,-1,198,197,199,-1,200,201,202,-1,202,201,203,-1,202,203,204,-1,204,203,205,-1,204,205,206,-1,206,205,207,-1,206,207,208,-1,208,207,209,-1,208,209,210,-1,210,209,211,-1,210,211,199,-1,199,211,192,-1,199,192,198,-1,198,192,194,-1,212,213,201,-1,201,213,203,-1,203,213,214,-1,203,214,205,-1,205,214,215,-1,205,215,207,-1,207,215,216,-1,207,216,209,-1,209,216,217,-1,209,217,211,-1,211,217,193,-1,211,193,192,-1,196,195,197,-1,197,195,193,-1,197,193,218,-1,218,193,217,-1,218,217,219,-1,219,217,216,-1,219,216,220,-1,220,216,215,-1,220,215,221,-1,221,215,214,-1,221,214,222,-1,222,214,213,-1,222,213,223,-1,223,213,212,-1,202,222,200,-1,200,222,223,-1,199,197,210,-1,210,197,218,-1,210,218,208,-1,208,218,219,-1,208,219,206,-1,206,219,220,-1,206,220,204,-1,204,220,221,-1,204,221,202,-1,202,221,222,-1,224,225,226,-1,226,225,227,-1,228,229,230,-1,230,229,231,-1,232,233,234,-1,234,233,235,-1,234,235,236,-1,236,235,237,-1,236,237,238,-1,238,237,239,-1,238,239,240,-1,240,239,241,-1,240,241,242,-1,242,241,243,-1,242,243,231,-1,231,243,224,-1,231,224,230,-1,230,224,226,-1,244,245,233,-1,233,245,235,-1,235,245,246,-1,235,246,237,-1,237,246,247,-1,237,247,239,-1,239,247,248,-1,239,248,241,-1,241,248,249,-1,241,249,243,-1,243,249,225,-1,243,225,224,-1,228,227,229,-1,229,227,225,-1,229,225,250,-1,250,225,249,-1,250,249,251,-1,251,249,248,-1,251,248,252,-1,252,248,247,-1,252,247,253,-1,253,247,246,-1,253,246,254,-1,254,246,245,-1,254,245,255,-1,255,245,244,-1,234,254,232,-1,232,254,255,-1,231,229,242,-1,242,229,250,-1,242,250,240,-1,240,250,251,-1,240,251,238,-1,238,251,252,-1,238,252,236,-1,236,252,253,-1,236,253,234,-1,234,253,254,-1,
        ]
    }
}
Shape{
    appearance Appearance {
        material  Material {
            diffuseColor 0.0 1.0 0.0
            specularColor 0.0 0.5019607843137255 0.0
            ambientIntensity 0.587
            transparency 0.0
            shininess 0.5
        }
    }
    geometry IndexedFaceSet {
        ccw TRUE
        solid FALSE
        coord DEF co Coordinate {
            point [
                2.8256 -4.3504 4.0785, 1.802 -4.3504 4.0785, 2.8256 -4.2717 4.0785, 1.802 -4.2717 4.0785, 2.8431 -4.2717 4.0804, 2.8431 -4.3504 4.0804, 2.8598 -4.2717 4.0863, 2.8598 -4.3504 4.0863, 2.8747 -4.2717 4.0956, 2.8747 -4.3504 4.0956, 2.8872 -4.2717 4.1081, 2.8872 -4.3504 4.1081, 2.8965 -4.2717 4.123, 2.8965 -4.3504 4.123, 2.9024 -4.2717 4.1397, 2.9024 -4.3504 4.1397, 2.9043 -4.2717 4.1572, 2.9043 -4.3504 4.1572, 2.9043 -4.3504 4.6296, 2.9043 -4.2717 4.6296, 2.9024 -4.2717 4.6472, 2.9024 -4.3504 4.6472, 2.8965 -4.2717 4.6638, 2.8965 -4.3504 4.6638, 2.8872 -4.2717 4.6787, 2.8872 -4.3504 4.6787, 2.8747 -4.2717 4.6912, 2.8747 -4.3504 4.6912, 2.8598 -4.2717 4.7006, 2.8598 -4.3504 4.7006, 2.8431 -4.2717 4.7064, 2.8431 -4.3504 4.7064, 2.8256 -4.2717 4.7084, 2.8256 -4.3504 4.7084, 1.802 -4.3504 4.7084, 1.802 -4.2717 4.7084, 1.7845 -4.2717 4.7064, 1.7845 -4.3504 4.7064, 1.7678 -4.2717 4.7006, 1.7678 -4.3504 4.7006, 1.7529 -4.2717 4.6912, 1.7529 -4.3504 4.6912, 1.7404 -4.2717 4.6787, 1.7404 -4.3504 4.6787, 1.731 -4.2717 4.6638, 1.731 -4.3504 4.6638, 1.7252 -4.2717 4.6472, 1.7252 -4.3504 4.6472, 1.7232 -4.2717 4.6296, 1.7232 -4.3504 4.6296, 1.7232 -4.3504 4.1572, 1.7232 -4.2717 4.1572, 1.7252 -4.2717 4.1397, 1.7252 -4.3504 4.1397, 1.731 -4.2717 4.123, 1.731 -4.3504 4.123, 1.7404 -4.2717 4.1081, 1.7404 -4.3504 4.1081, 1.7529 -4.2717 4.0956, 1.7529 -4.3504 4.0956, 1.7678 -4.2717 4.0863, 1.7678 -4.3504 4.0863, 1.7845 -4.2717 4.0804, 1.7845 -4.3504 4.0804
            ]
        }
        coordIndex [
            0,1,2,-1,2,1,3,-1,0,2,4,-1,0,4,5,-1,5,4,6,-1,5,6,7,-1,7,6,8,-1,7,8,9,-1,9,8,10,-1,9,10,11,-1,11,10,12,-1,11,12,13,-1,13,12,14,-1,13,14,15,-1,15,14,16,-1,15,16,17,-1,18,17,19,-1,19,17,16,-1,18,19,20,-1,18,20,21,-1,21,20,22,-1,21,22,23,-1,23,22,24,-1,23,24,25,-1,25,24,26,-1,25,26,27,-1,27,26,28,-1,27,28,29,-1,29,28,30,-1,29,30,31,-1,31,30,32,-1,31,32,33,-1,34,33,35,-1,35,33,32,-1,34,35,36,-1,34,36,37,-1,37,36,38,-1,37,38,39,-1,39,38,40,-1,39,40,41,-1,41,40,42,-1,41,42,43,-1,43,42,44,-1,43,44,45,-1,45,44,46,-1,45,46,47,-1,47,46,48,-1,47,48,49,-1,50,49,51,-1,51,49,48,-1,50,51,52,-1,50,52,53,-1,53,52,54,-1,53,54,55,-1,55,54,56,-1,55,56,57,-1,57,56,58,-1,57,58,59,-1,59,58,60,-1,59,60,61,-1,61,60,62,-1,61,62,63,-1,63,62,3,-1,63,3,1,-1,7,9,11,-1,49,50,1,-1,1,50,53,-1,57,59,61,-1,7,11,5,-1,17,18,33,-1,33,18,21,-1,33,21,23,-1,23,25,33,-1,33,25,27,-1,33,27,31,-1,31,27,29,-1,53,55,1,-1,1,55,57,-1,1,57,63,-1,63,57,61,-1,5,11,0,-1,0,11,13,-1,0,13,15,-1,15,17,0,-1,0,17,33,-1,0,33,1,-1,1,33,34,-1,1,34,49,-1,49,34,37,-1,49,37,39,-1,39,41,49,-1,49,41,43,-1,49,43,47,-1,47,43,45,-1,
        ]
    }
}
Shape{
    appearance Appearance {
        material  Material {
            diffuseColor 1.0 1.0 0.0
            specularColor 0.5019607843137255 0.5019607843137255 0.0
            ambientIntensity 0.886
            transparency 0.0
            shininess 0.5
        }
    }
    geometry IndexedFaceSet {
        ccw TRUE
        solid FALSE
        coord DEF co Coordinate {
            point [
                -2.8295 -4.3504 4.7084, -1.8059 -4.3504 4.7084, -2.8295 -4.2717 4.7084, -1.8059 -4.2717 4.7084, -2.8471 -4.2717 4.7064, -2.8471 -4.3504 4.7064, -2.8637 -4.2717 4.7006, -2.8637 -4.3504 4.7006, -2.8786 -4.2717 4.6912, -2.8786 -4.3504 4.6912, -2.8911 -4.2717 4.6787, -2.8911 -4.3504 4.6787, -2.9005 -4.2717 4.6638, -2.9005 -4.3504 4.6638, -2.9063 -4.2717 4.6472, -2.9063 -4.3504 4.6472, -2.9083 -4.2717 4.6296, -2.9083 -4.3504 4.6296, -2.9083 -4.3504 4.1572, -2.9083 -4.2717 4.1572, -2.9063 -4.2717 4.1397, -2.9063 -4.3504 4.1397, -2.9005 -4.2717 4.123, -2.9005 -4.3504 4.123, -2.8911 -4.2717 4.1081, -2.8911 -4.3504 4.1081, -2.8786 -4.2717 4.0956, -2.8786 -4.3504 4.0956, -2.8637 -4.2717 4.0863, -2.8637 -4.3504 4.0863, -2.8471 -4.2717 4.0804, -2.8471 -4.3504 4.0804, -2.8295 -4.2717 4.0785, -2.8295 -4.3504 4.0785, -1.8059 -4.3504 4.0785, -1.8059 -4.2717 4.0785, -1.7884 -4.2717 4.0804, -1.7884 -4.3504 4.0804, -1.7718 -4.2717 4.0863, -1.7718 -4.3504 4.0863, -1.7568 -4.2717 4.0956, -1.7568 -4.3504 4.0956, -1.7444 -4.2717 4.1081, -1.7444 -4.3504 4.1081, -1.735 -4.2717 4.123, -1.735 -4.3504 4.123, -1.7292 -4.2717 4.1397, -1.7292 -4.3504 4.1397, -1.7272 -4.2717 4.1572, -1.7272 -4.3504 4.1572, -1.7272 -4.3504 4.6296, -1.7272 -4.2717 4.6296, -1.7292 -4.2717 4.6472, -1.7292 -4.3504 4.6472, -1.735 -4.2717 4.6638, -1.735 -4.3504 4.6638, -1.7444 -4.2717 4.6787, -1.7444 -4.3504 4.6787, -1.7568 -4.2717 4.6912, -1.7568 -4.3504 4.6912, -1.7718 -4.2717 4.7006, -1.7718 -4.3504 4.7006, -1.7884 -4.2717 4.7064, -1.7884 -4.3504 4.7064
            ]
        }
        coordIndex [
            0,1,2,-1,2,1,3,-1,0,2,4,-1,0,4,5,-1,5,4,6,-1,5,6,7,-1,7,6,8,-1,7,8,9,-1,9,8,10,-1,9,10,11,-1,11,10,12,-1,11,12,13,-1,13,12,14,-1,13,14,15,-1,15,14,16,-1,15,16,17,-1,18,17,19,-1,19,17,16,-1,18,19,20,-1,18,20,21,-1,21,20,22,-1,21,22,23,-1,23,22,24,-1,23,24,25,-1,25,24,26,-1,25,26,27,-1,27,26,28,-1,27,28,29,-1,29,28,30,-1,29,30,31,-1,31,30,32,-1,31,32,33,-1,34,33,35,-1,35,33,32,-1,34,35,36,-1,34,36,37,-1,37,36,38,-1,37,38,39,-1,39,38,40,-1,39,40,41,-1,41,40,42,-1,41,42,43,-1,43,42,44,-1,43,44,45,-1,45,44,46,-1,45,46,47,-1,47,46,48,-1,47,48,49,-1,50,49,51,-1,51,49,48,-1,50,51,52,-1,50,52,53,-1,53,52,54,-1,53,54,55,-1,55,54,56,-1,55,56,57,-1,57,56,58,-1,57,58,59,-1,59,58,60,-1,59,60,61,-1,61,60,62,-1,61,62,63,-1,63,62,3,-1,63,3,1,-1,49,50,1,-1,17,18,33,-1,33,18,21,-1,25,27,29,-1,21,23,33,-1,33,23,25,-1,33,25,31,-1,31,25,29,-1,39,41,43,-1,47,49,34,-1,34,49,1,-1,34,1,33,-1,33,1,0,-1,33,0,17,-1,17,0,5,-1,17,5,7,-1,7,9,17,-1,17,9,11,-1,17,11,15,-1,15,11,13,-1,39,43,37,-1,53,55,50,-1,50,55,57,-1,50,57,59,-1,37,43,34,-1,34,43,45,-1,34,45,47,-1,59,61,50,-1,50,61,63,-1,50,63,1,-1,
        ]
    }
}
Shape{
    appearance Appearance {
        material  Material {
            diffuseColor 0.7529411764705882 0.7529411764705882 0.7529411764705882
            specularColor 0.3764705882352941 0.3764705882352941 0.3764705882352941
            ambientIntensity 0.7529
            transparency 0.0
            shininess 0.5
        }
    }
    geometry IndexedFaceSet {
        ccw TRUE
        solid FALSE
        coord DEF co Coordinate {
            point [
                2.6004 1.3976 -0.8858, 2.6004 1.2008 -0.8858, 2.6004 1.3976 0.1181, 2.6004 1.2008 0.1181, 2.7972 1.3976 -0.8858, 2.7972 1.3976 0.1181, 2.7972 1.2008 -0.8858, 2.7972 1.2008 0.1181, 1.6988 1.2008 -0.8858, 1.8957 1.2008 -0.8858, 1.6988 1.2008 0.1181, 1.8957 1.2008 0.1181, 1.6988 1.3976 -0.8858, 1.6988 1.3976 0.1181, 1.8957 1.3976 -0.8858, 1.8957 1.3976 0.1181, -1.8996 1.3976 -0.8858, -1.8996 1.2008 -0.8858, -1.8996 1.3976 0.1181, -1.8996 1.2008 0.1181, -1.7028 1.3976 -0.8858, -1.7028 1.3976 0.1181, -1.7028 1.2008 -0.8858, -1.7028 1.2008 0.1181, -2.8012 1.3976 -0.8858, -2.8012 1.2008 -0.8858, -2.8012 1.3976 0.1181, -2.8012 1.2008 0.1181, -2.6043 1.3976 -0.8858, -2.6043 1.3976 0.1181, -2.6043 1.2008 -0.8858, -2.6043 1.2008 0.1181, 1.3248 -1.1811 -0.8858, 1.3248 -1.3386 -0.8858, 1.3248 -1.1811 0.1181, 1.3248 -1.3386 0.1181, 1.4823 -1.1811 -0.8858, 1.4823 -1.1811 0.1181, 1.4823 -1.3386 -0.8858, 1.4823 -1.3386 0.1181, 0.9232 -0.4724 -0.8858, 0.9232 -0.6299 -0.8858, 0.9232 -0.4724 0.1181, 0.9232 -0.6299 0.1181, 1.0807 -0.4724 -0.8858, 1.0807 -0.4724 0.1181, 1.0807 -0.6299 -0.8858, 1.0807 -0.6299 0.1181, 0.1201 -0.4724 -0.8858, 0.1201 -0.6299 -0.8858, 0.1201 -0.4724 0.1181, 0.1201 -0.6299 0.1181, 0.2776 -0.4724 -0.8858, 0.2776 -0.4724 0.1181, 0.2776 -0.6299 -0.8858, 0.2776 -0.6299 0.1181, 0.5217 -1.1811 -0.8858, 0.5217 -1.3386 -0.8858, 0.5217 -1.1811 0.1181, 0.5217 -1.3386 0.1181, 0.6791 -1.1811 -0.8858, 0.6791 -1.1811 0.1181, 0.6791 -1.3386 -0.8858, 0.6791 -1.3386 0.1181
            ]
        }
        coordIndex [
            0,1,2,-1,2,1,3,-1,4,0,5,-1,5,0,2,-1,6,4,7,-1,7,4,5,-1,1,6,3,-1,3,6,7,-1,4,6,0,-1,0,6,1,-1,8,9,10,-1,10,9,11,-1,12,8,13,-1,13,8,10,-1,14,12,15,-1,15,12,13,-1,9,14,11,-1,11,14,15,-1,12,14,8,-1,8,14,9,-1,16,17,18,-1,18,17,19,-1,20,16,21,-1,21,16,18,-1,22,20,23,-1,23,20,21,-1,17,22,19,-1,19,22,23,-1,20,22,16,-1,16,22,17,-1,24,25,26,-1,26,25,27,-1,28,24,29,-1,29,24,26,-1,30,28,31,-1,31,28,29,-1,25,30,27,-1,27,30,31,-1,28,30,24,-1,24,30,25,-1,32,33,34,-1,34,33,35,-1,36,32,37,-1,37,32,34,-1,38,36,39,-1,39,36,37,-1,33,38,35,-1,35,38,39,-1,36,38,32,-1,32,38,33,-1,40,41,42,-1,42,41,43,-1,44,40,45,-1,45,40,42,-1,46,44,47,-1,47,44,45,-1,41,46,43,-1,43,46,47,-1,44,46,40,-1,40,46,41,-1,48,49,50,-1,50,49,51,-1,52,48,53,-1,53,48,50,-1,54,52,55,-1,55,52,53,-1,49,54,51,-1,51,54,55,-1,52,54,48,-1,48,54,49,-1,56,57,58,-1,58,57,59,-1,60,56,61,-1,61,56,58,-1,62,60,63,-1,63,60,61,-1,57,62,59,-1,59,62,63,-1,60,62,56,-1,56,62,57,-1,
        ]
    }
}
Shape{
    appearance Appearance {
        material  Material {
            diffuseColor 0.0 0.0 0.0
            specularColor 0.0 0.0 0.0
            ambientIntensity 0.0
            transparency 0.0
            shininess 0.5
        }
    }
    geometry IndexedFaceSet {
        ccw TRUE
        solid FALSE
        coord DEF co Coordinate {
            point [
                3.2697 -2.9175 0.9255, 3.2697 -2.9175 0.9103, 3.2657 -2.9175 0.9255, 3.2657 -2.9175 0.9103, 3.2697 -2.9707 0.9255, 3.2657 -2.9707 0.9255, 3.2697 -2.9707 1.0438, 3.2657 -2.9707 1.0438, 3.2697 -2.9879 1.0438, 3.2657 -2.9879 1.0438, 3.2697 -2.9879 0.9103, 3.2657 -2.9879 0.9103, 3.2697 -2.8288 0.91, 3.2697 -2.8491 0.9081, 3.2657 -2.8491 0.9081, 3.2657 -2.8373 0.9092, 3.2657 -2.8288 0.91, 3.2697 -2.8145 0.9147, 3.2657 -2.8179 0.9136, 3.2657 -2.8145 0.9147, 3.2657 -2.8122 0.9158, 3.2697 -2.8122 0.9158, 3.2697 -2.8122 0.9323, 3.2657 -2.8122 0.9323, 3.2657 -2.8179 0.9297, 3.2697 -2.8245 0.9267, 3.2657 -2.8245 0.9267, 3.2657 -2.8394 0.9237, 3.2697 -2.8394 0.9237, 3.2657 -2.8466 0.9234, 3.2697 -2.8466 0.9234, 3.2657 -2.8599 0.925, 3.2697 -2.8599 0.925, 3.2657 -2.8695 0.9286, 3.2697 -2.8695 0.9286, 3.2657 -2.8782 0.9348, 3.2697 -2.8782 0.9348, 3.2657 -2.8809 0.9375, 3.2697 -2.8809 0.9375, 3.2657 -2.8877 0.947, 3.2697 -2.8877 0.947, 3.2657 -2.8919 0.9579, 3.2697 -2.8919 0.9579, 3.2657 -2.894 0.9743, 3.2697 -2.894 0.9743, 3.2657 -2.894 0.9755, 3.2697 -2.894 0.9755, 3.2657 -2.8924 0.9915, 3.2697 -2.8924 0.9915, 3.2657 -2.8883 1.0035, 3.2697 -2.8883 1.0035, 3.2657 -2.8822 1.0132, 3.2697 -2.8822 1.0132, 3.2657 -2.88 1.0156, 3.2697 -2.88 1.0156, 3.2657 -2.8704 1.0234, 3.2697 -2.8704 1.0234, 3.2657 -2.8599 1.0282, 3.2697 -2.8599 1.0282, 3.2657 -2.8482 1.0303, 3.2697 -2.8482 1.0303, 3.2657 -2.8436 1.0304, 3.2697 -2.8436 1.0304, 3.2657 -2.8286 1.0288, 3.2657 -2.8179 1.025, 3.2697 -2.8149 1.024, 3.2697 -2.8286 1.0288, 3.2657 -2.8149 1.024, 3.2657 -2.8122 1.0225, 3.2697 -2.8122 1.0225, 3.2697 -2.8122 1.0405, 3.2657 -2.8122 1.0405, 3.2657 -2.8179 1.0423, 3.2697 -2.8249 1.0444, 3.2657 -2.8249 1.0444, 3.2657 -2.8421 1.046, 3.2697 -2.8421 1.046, 3.2657 -2.8438 1.046, 3.2697 -2.8438 1.046, 3.2657 -2.8629 1.0437, 3.2697 -2.8629 1.0437, 3.2657 -2.8769 1.0383, 3.2697 -2.8769 1.0383, 3.2657 -2.8898 1.0292, 3.2697 -2.8898 1.0292, 3.2657 -2.8928 1.0264, 3.2697 -2.8928 1.0264, 3.2657 -2.9017 1.015, 3.2657 -2.9061 1.0053, 3.2697 -2.9084 1.0004, 3.2697 -2.9017 1.015, 3.2657 -2.9084 1.0004, 3.2657 -2.9117 0.9833, 3.2697 -2.9117 0.9833, 3.2657 -2.9121 0.9745, 3.2697 -2.9121 0.9745, 3.2657 -2.9095 0.9531, 3.2657 -2.9061 0.9442, 3.2697 -2.9041 0.9391, 3.2697 -2.9095 0.9531, 3.2657 -2.9041 0.9391, 3.2657 -2.8962 0.9276, 3.2697 -2.8962 0.9276, 3.2657 -2.895 0.9263, 3.2697 -2.895 0.9263, 3.2657 -2.8721 0.9116, 3.2697 -2.8846 0.9176, 3.2657 -2.8846 0.9176, 3.2657 -2.861 0.9092, 3.2697 -2.8577 0.9085, 3.2697 -2.8721 0.9116, 3.2657 -2.8577 0.9085, 3.2697 -2.7137 0.9255, 3.2697 -2.7137 0.9103, 3.2657 -2.7137 0.9255, 3.2657 -2.7137 0.9103, 3.2697 -2.7682 0.9255, 3.2657 -2.7682 0.9255, 3.2697 -2.7682 0.9704, 3.2657 -2.7682 0.9704, 3.2697 -2.7205 0.9704, 3.2657 -2.7205 0.9704, 3.2697 -2.7205 0.9857, 3.2657 -2.7205 0.9857, 3.2697 -2.7682 0.9857, 3.2657 -2.7682 0.9857, 3.2697 -2.7682 1.0284, 3.2657 -2.7682 1.0284, 3.2697 -2.7167 1.0284, 3.2657 -2.7167 1.0284, 3.2697 -2.7167 1.0438, 3.2657 -2.7167 1.0438, 3.2697 -2.7855 1.0438, 3.2657 -2.7855 1.0438, 3.2697 -2.7855 0.9103, 3.2657 -2.7855 0.9103, 3.2697 -2.6052 0.9482, 3.2697 -2.6122 0.9394, 3.2697 -2.6 0.929, 3.2697 -2.6152 0.9368, 3.2697 -2.6141 0.9189, 3.2697 -2.6242 0.9311, 3.2697 -2.6294 0.913, 3.2697 -2.6358 0.9271, 3.2697 -2.6518 0.9103, 3.2697 -2.6519 0.9255, 3.2697 -2.6885 0.9103, 3.2697 -2.6713 0.9255, 3.2697 -2.6885 1.0438, 3.2697 -2.6713 1.0284, 3.2697 -2.6504 1.0438, 3.2697 -2.6511 1.0284, 3.2697 -2.6279 1.041, 3.2697 -2.6344 1.0266, 3.2697 -2.6121 1.0347, 3.2697 -2.6227 1.0225, 3.2697 -2.6 1.0261, 3.2697 -2.6126 1.0158, 3.2697 -2.5938 1.0199, 3.2697 -2.6081 1.0113, 3.2697 -2.5859 1.0078, 3.2697 -2.6031 1.0036, 3.2697 -2.5814 0.9946, 3.2697 -2.5996 0.9935, 3.2697 -2.5798 0.9787, 3.2697 -2.5979 0.9783, 3.2697 -2.5804 0.9689, 3.2697 -2.5983 0.9707, 3.2697 -2.5839 0.9535, 3.2697 -2.6008 0.9582, 3.2697 -2.5907 0.9398, 3.2657 -2.6518 0.9103, 3.2657 -2.6885 0.9103, 3.2657 -2.6 0.929, 3.2657 -2.6294 0.913, 3.2657 -2.6274 0.9138, 3.2657 -2.6141 0.9189, 3.2657 -2.5907 0.9398, 3.2657 -2.5839 0.9535, 3.2657 -2.5804 0.9689, 3.2657 -2.5798 0.9787, 3.2657 -2.5814 0.9946, 3.2657 -2.5859 1.0078, 3.2657 -2.5938 1.0199, 3.2657 -2.6 1.0261, 3.2657 -2.6504 1.0438, 3.2657 -2.6121 1.0347, 3.2657 -2.6274 1.0407, 3.2657 -2.6279 1.041, 3.2657 -2.6885 1.0438, 3.2657 -2.6511 1.0284, 3.2657 -2.6713 1.0284, 3.2657 -2.6713 0.9255, 3.2657 -2.6519 0.9255, 3.2657 -2.6122 0.9394, 3.2657 -2.6152 0.9368, 3.2657 -2.6242 0.9311, 3.2657 -2.6358 0.9271, 3.2657 -2.5979 0.9783, 3.2657 -2.5983 0.9707, 3.2657 -2.6008 0.9582, 3.2657 -2.6052 0.9482, 3.2657 -2.6126 1.0158, 3.2657 -2.6081 1.0113, 3.2657 -2.6031 1.0036, 3.2657 -2.5996 0.9935, 3.2657 -2.6344 1.0266, 3.2657 -2.6227 1.0225
            ]
        }
        coordIndex [
            0,1,2,-1,2,1,3,-1,4,0,5,-1,5,0,2,-1,6,4,7,-1,7,4,5,-1,8,6,9,-1,9,6,7,-1,10,8,11,-1,11,8,9,-1,1,10,3,-1,3,10,11,-1,6,8,4,-1,4,8,10,-1,4,10,0,-1,0,10,1,-1,12,13,14,-1,14,15,12,-1,12,15,16,-1,12,16,17,-1,17,16,18,-1,18,19,17,-1,17,19,20,-1,17,20,21,-1,22,21,23,-1,23,21,20,-1,22,23,24,-1,22,24,25,-1,24,26,25,-1,25,26,27,-1,25,27,28,-1,28,27,29,-1,28,29,30,-1,30,29,31,-1,30,31,32,-1,32,31,33,-1,32,33,34,-1,34,33,35,-1,34,35,36,-1,36,35,37,-1,36,37,38,-1,38,37,39,-1,38,39,40,-1,40,39,41,-1,40,41,42,-1,42,41,43,-1,42,43,44,-1,44,43,45,-1,44,45,46,-1,46,45,47,-1,46,47,48,-1,48,47,49,-1,48,49,50,-1,50,49,51,-1,50,51,52,-1,52,51,53,-1,52,53,54,-1,54,53,55,-1,54,55,56,-1,56,55,57,-1,56,57,58,-1,58,57,59,-1,58,59,60,-1,60,59,61,-1,60,61,62,-1,62,61,63,-1,64,65,63,-1,63,65,66,-1,63,66,62,-1,64,67,65,-1,65,67,68,-1,65,68,69,-1,70,69,71,-1,71,69,68,-1,70,71,72,-1,70,72,73,-1,72,74,73,-1,73,74,75,-1,73,75,76,-1,76,75,77,-1,76,77,78,-1,78,77,79,-1,78,79,80,-1,80,79,81,-1,80,81,82,-1,82,81,83,-1,82,83,84,-1,84,83,85,-1,84,85,86,-1,86,85,87,-1,88,89,87,-1,87,89,90,-1,87,90,86,-1,88,91,89,-1,89,91,92,-1,89,92,93,-1,93,92,94,-1,93,94,95,-1,95,94,96,-1,97,98,96,-1,96,98,99,-1,96,99,95,-1,97,100,98,-1,98,100,101,-1,98,101,102,-1,102,101,103,-1,102,103,104,-1,105,106,107,-1,107,106,104,-1,107,104,103,-1,108,109,105,-1,105,109,110,-1,105,110,106,-1,108,111,109,-1,109,111,14,-1,109,14,13,-1,65,69,70,-1,56,58,80,-1,40,42,99,-1,48,50,90,-1,80,58,78,-1,65,70,66,-1,99,42,95,-1,90,50,86,-1,58,60,78,-1,78,60,62,-1,78,62,76,-1,76,62,66,-1,76,66,73,-1,73,66,70,-1,99,98,40,-1,40,98,102,-1,40,102,38,-1,38,102,104,-1,38,104,36,-1,36,104,106,-1,36,106,34,-1,34,106,110,-1,34,110,32,-1,32,110,109,-1,32,109,30,-1,30,109,13,-1,30,13,28,-1,28,13,12,-1,28,12,25,-1,25,12,17,-1,25,17,22,-1,22,17,21,-1,80,82,56,-1,56,82,84,-1,56,84,54,-1,54,84,86,-1,54,86,52,-1,52,86,50,-1,42,44,95,-1,95,44,46,-1,95,46,93,-1,93,46,48,-1,93,48,89,-1,89,48,90,-1,112,113,114,-1,114,113,115,-1,116,112,117,-1,117,112,114,-1,118,116,119,-1,119,116,117,-1,120,118,121,-1,121,118,119,-1,122,120,123,-1,123,120,121,-1,124,122,125,-1,125,122,123,-1,126,124,127,-1,127,124,125,-1,128,126,129,-1,129,126,127,-1,130,128,131,-1,131,128,129,-1,132,130,133,-1,133,130,131,-1,134,132,135,-1,135,132,133,-1,113,134,115,-1,115,134,135,-1,134,113,112,-1,112,116,134,-1,134,116,118,-1,134,118,132,-1,128,130,126,-1,126,130,132,-1,126,132,124,-1,124,132,118,-1,124,118,122,-1,122,118,120,-1,136,137,138,-1,138,137,139,-1,138,139,140,-1,140,139,141,-1,140,141,142,-1,142,141,143,-1,142,143,144,-1,144,143,145,-1,144,145,146,-1,146,145,147,-1,146,147,148,-1,148,147,149,-1,148,149,150,-1,150,149,151,-1,150,151,152,-1,152,151,153,-1,152,153,154,-1,154,153,155,-1,154,155,156,-1,156,155,157,-1,156,157,158,-1,158,157,159,-1,158,159,160,-1,160,159,161,-1,160,161,162,-1,162,161,163,-1,162,163,164,-1,164,163,165,-1,164,165,166,-1,166,165,167,-1,166,167,168,-1,168,167,169,-1,168,169,170,-1,170,169,136,-1,170,136,138,-1,144,146,171,-1,171,146,172,-1,173,138,140,-1,144,171,174,-1,144,174,142,-1,142,174,175,-1,142,175,140,-1,140,175,176,-1,140,176,173,-1,138,173,177,-1,138,177,170,-1,170,177,178,-1,170,178,168,-1,168,178,179,-1,168,179,166,-1,166,179,180,-1,166,180,164,-1,164,180,181,-1,164,181,162,-1,162,181,182,-1,162,182,160,-1,160,182,183,-1,160,183,158,-1,158,183,184,-1,158,184,156,-1,185,150,152,-1,156,184,186,-1,156,186,154,-1,154,186,187,-1,154,187,152,-1,152,187,188,-1,152,188,185,-1,148,150,189,-1,189,150,185,-1,146,148,172,-1,172,148,189,-1,151,149,190,-1,190,149,191,-1,149,147,191,-1,191,147,192,-1,147,145,192,-1,192,145,193,-1,137,194,195,-1,137,195,139,-1,139,195,196,-1,139,196,141,-1,141,196,197,-1,141,197,143,-1,143,197,193,-1,143,193,145,-1,165,198,199,-1,165,199,167,-1,167,199,200,-1,167,200,169,-1,169,200,201,-1,169,201,136,-1,136,201,194,-1,136,194,137,-1,157,202,203,-1,157,203,159,-1,159,203,204,-1,159,204,161,-1,161,204,205,-1,161,205,163,-1,163,205,198,-1,163,198,165,-1,151,190,206,-1,151,206,153,-1,153,206,207,-1,153,207,155,-1,155,207,202,-1,155,202,157,-1,
        ]
    }
}
Shape{
    appearance Appearance {
        material  Material {
            diffuseColor 0.7529411764705882 0.7529411764705882 0.7529411764705882
            specularColor 0.3764705882352941 0.3764705882352941 0.3764705882352941
            ambientIntensity 0.7529
            transparency 0.0
            shininess 0.5
        }
    }
    geometry IndexedFaceSet {
        ccw TRUE
        solid FALSE
        coord DEF co Coordinate {
            point [
                3.2657 -2.6713 1.0284, 3.2657 -2.6713 0.9255, 3.2657 -2.6511 1.0284, 3.2657 -2.6519 0.9255, 3.2657 -2.6358 0.9271, 3.2657 -2.6242 0.9311, 3.2657 -2.6152 0.9368, 3.2657 -2.6122 0.9394, 3.2657 -2.6052 0.9482, 3.2657 -2.6008 0.9582, 3.2657 -2.5983 0.9707, 3.2657 -2.5979 0.9783, 3.2657 -2.5996 0.9935, 3.2657 -2.6031 1.0036, 3.2657 -2.6081 1.0113, 3.2657 -2.6126 1.0158, 3.2657 -2.6344 1.0266, 3.2657 -2.6227 1.0225
            ]
        }
        coordIndex [
            0,1,2,-1,2,1,3,-1,2,3,4,-1,4,5,2,-1,2,5,6,-1,2,6,7,-1,7,8,2,-1,2,8,9,-1,2,9,10,-1,10,11,2,-1,2,11,12,-1,2,12,13,-1,13,14,2,-1,2,14,15,-1,2,15,16,-1,16,15,17,-1,
        ]
    }
}
Shape{
    appearance Appearance {
        material  Material {
            diffuseColor 0.0 0.0 0.0
            specularColor 0.0 0.0 0.0
            ambientIntensity 0.0
            transparency 0.0
            shininess 0.5
        }
    }
    geometry IndexedFaceSet {
        ccw TRUE
        solid FALSE
        coord DEF co Coordinate {
            point [
                3.2697 -2.5351 0.9619, 3.2697 -2.5406 0.9468, 3.2697 -2.4903 0.9619, 3.2697 -2.485 0.9468, 3.2697 -2.5152 1.0173, 3.2697 -2.5216 1.0438, 3.2697 -2.5724 0.9103, 3.2697 -2.5534 0.9103, 3.2697 -2.514 1.0213, 3.2697 -2.513 1.0267, 3.2697 -2.5032 1.0438, 3.2697 -2.5126 1.0267, 3.2697 -2.5115 1.021, 3.2697 -2.5105 1.0173, 3.2697 -2.4524 0.9103, 3.2697 -2.4714 0.9103, 3.2657 -2.5032 1.0438, 3.2657 -2.4524 0.9103, 3.2657 -2.5216 1.0438, 3.2657 -2.5724 0.9103, 3.2657 -2.5534 0.9103, 3.2657 -2.5406 0.9468, 3.2657 -2.485 0.9468, 3.2657 -2.4714 0.9103, 3.2657 -2.5351 0.9619, 3.2657 -2.4903 0.9619, 3.2657 -2.5105 1.0173, 3.2657 -2.5126 1.0267, 3.2657 -2.5115 1.021, 3.2657 -2.513 1.0267, 3.2657 -2.5152 1.0173, 3.2657 -2.514 1.0213
            ]
        }
        coordIndex [
            0,1,2,-1,2,1,3,-1,4,5,0,-1,0,5,6,-1,0,6,1,-1,1,6,7,-1,4,8,5,-1,5,8,9,-1,5,9,10,-1,10,9,11,-1,10,11,12,-1,12,13,10,-1,10,13,2,-1,10,2,14,-1,14,2,3,-1,14,3,15,-1,10,14,16,-1,16,14,17,-1,5,10,18,-1,18,10,16,-1,6,5,19,-1,19,5,18,-1,7,6,20,-1,20,6,19,-1,1,7,21,-1,21,7,20,-1,3,1,22,-1,22,1,21,-1,15,3,23,-1,23,3,22,-1,14,15,17,-1,17,15,23,-1,0,2,24,-1,24,2,25,-1,2,13,25,-1,25,13,26,-1,11,27,28,-1,11,28,12,-1,12,28,26,-1,12,26,13,-1,11,9,27,-1,27,9,29,-1,4,30,31,-1,4,31,8,-1,8,31,29,-1,8,29,9,-1,4,0,30,-1,30,0,24,-1,
        ]
    }
}
Shape{
    appearance Appearance {
        material  Material {
            diffuseColor 0.7529411764705882 0.7529411764705882 0.7529411764705882
            specularColor 0.3764705882352941 0.3764705882352941 0.3764705882352941
            ambientIntensity 0.7529
            transparency 0.0
            shininess 0.5
        }
    }
    geometry IndexedFaceSet {
        ccw TRUE
        solid FALSE
        coord DEF co Coordinate {
            point [
                3.2657 -2.5126 1.0267, 3.2657 -2.513 1.0267, 3.2657 -2.5115 1.021, 3.2657 -2.514 1.0213, 3.2657 -2.5105 1.0173, 3.2657 -2.5152 1.0173, 3.2657 -2.4903 0.9619, 3.2657 -2.5351 0.9619
            ]
        }
        coordIndex [
            0,1,2,-1,2,1,3,-1,2,3,4,-1,4,3,5,-1,4,5,6,-1,6,5,7,-1,
        ]
    }
}
Shape{
    appearance Appearance {
        material  Material {
            diffuseColor 0.0 0.0 0.0
            specularColor 0.0 0.0 0.0
            ambientIntensity 0.0
            transparency 0.0
            shininess 0.5
        }
    }
    geometry IndexedFaceSet {
        ccw TRUE
        solid FALSE
        coord DEF co Coordinate {
            point [
                3.2697 -2.9161 0.7138, 3.2697 -2.9161 0.6986, 3.2657 -2.9161 0.7138, 3.2657 -2.9161 0.6986, 3.2657 -2.9707 0.7138, 3.2697 -2.9707 0.7138, 3.2657 -2.9168 0.7138, 3.2697 -2.9707 0.7587, 3.2657 -2.9707 0.7587, 3.2697 -2.923 0.7587, 3.2657 -2.923 0.7587, 3.2697 -2.923 0.774, 3.2657 -2.923 0.774, 3.2697 -2.9707 0.774, 3.2657 -2.9707 0.774, 3.2697 -2.9707 0.8167, 3.2657 -2.9707 0.8167, 3.2697 -2.9192 0.8167, 3.2657 -2.9192 0.8167, 3.2697 -2.9192 0.832, 3.2657 -2.9192 0.832, 3.2697 -2.9879 0.832, 3.2657 -2.9879 0.832, 3.2697 -2.9879 0.6986, 3.2657 -2.9879 0.6986, 3.2657 -2.9168 0.6986, 3.2697 -2.8407 0.7133, 3.2697 -2.8403 0.7133, 3.2697 -2.8414 0.7287, 3.2697 -2.8403 0.7362, 3.2697 -2.8236 0.7599, 3.2697 -2.8403 0.7373, 3.2697 -2.8403 0.7464, 3.2697 -2.8403 0.6986, 3.2697 -2.8236 0.6986, 3.2697 -2.8467 0.7949, 3.2697 -2.8501 0.7806, 3.2697 -2.84 0.7926, 3.2697 -2.8471 0.7787, 3.2697 -2.8822 0.7517, 3.2697 -2.8764 0.7393, 3.2697 -2.8724 0.7412, 3.2697 -2.8438 0.7228, 3.2697 -2.8474 0.7178, 3.2697 -2.8433 0.7094, 3.2697 -2.8495 0.7158, 3.2697 -2.8486 0.7037, 3.2697 -2.8543 0.7126, 3.2697 -2.8545 0.6997, 3.2697 -2.8593 0.7108, 3.2697 -2.8613 0.6973, 3.2697 -2.8656 0.7101, 3.2697 -2.8699 0.6963, 3.2697 -2.8712 0.7107, 3.2697 -2.8799 0.6975, 3.2697 -2.875 0.7121, 3.2697 -2.8863 0.6999, 3.2697 -2.8784 0.7144, 3.2697 -2.892 0.7039, 3.2697 -2.8798 0.7158, 3.2697 -2.8908 0.7872, 3.2697 -2.8908 0.771, 3.2697 -2.8859 0.79, 3.2697 -2.8795 0.7782, 3.2697 -2.8731 0.7945, 3.2697 -2.869 0.7816, 3.2697 -2.858 0.7961, 3.2697 -2.8596 0.7825, 3.2697 -2.8539 0.7819, 3.2697 -2.8685 0.7552, 3.2697 -2.8626 0.7434, 3.2697 -2.8403 0.7592, 3.2697 -2.8409 0.7666, 3.2697 -2.8252 0.7739, 3.2697 -2.8426 0.7725, 3.2697 -2.8279 0.7811, 3.2697 -2.8446 0.776, 3.2697 -2.8314 0.7863, 3.2697 -2.8346 0.7893, 3.2697 -2.8788 0.7376, 3.2697 -2.889 0.748, 3.2697 -2.8808 0.7351, 3.2697 -2.8939 0.7435, 3.2697 -2.8822 0.732, 3.2697 -2.8973 0.7381, 3.2697 -2.8831 0.7281, 3.2697 -2.8994 0.7319, 3.2697 -2.8832 0.7255, 3.2697 -2.9002 0.7241, 3.2697 -2.8828 0.7216, 3.2697 -2.8993 0.7165, 3.2697 -2.8817 0.7186, 3.2697 -2.8973 0.7109, 3.2697 -2.8938 0.7057, 3.2657 -2.858 0.7961, 3.2657 -2.8731 0.7945, 3.2657 -2.8859 0.79, 3.2657 -2.8908 0.7872, 3.2657 -2.8908 0.771, 3.2657 -2.8795 0.7782, 3.2657 -2.869 0.7816, 3.2657 -2.8596 0.7825, 3.2657 -2.8539 0.7819, 3.2657 -2.8501 0.7806, 3.2657 -2.8471 0.7787, 3.2657 -2.8446 0.776, 3.2657 -2.8426 0.7725, 3.2657 -2.8409 0.7666, 3.2657 -2.8403 0.7592, 3.2657 -2.8685 0.7552, 3.2657 -2.8822 0.7517, 3.2657 -2.889 0.748, 3.2657 -2.8939 0.7435, 3.2657 -2.8973 0.7381, 3.2657 -2.8994 0.7319, 3.2657 -2.9002 0.7241, 3.2657 -2.8993 0.7165, 3.2657 -2.8973 0.7109, 3.2657 -2.8938 0.7057, 3.2657 -2.892 0.7039, 3.2657 -2.8699 0.6963, 3.2657 -2.8796 0.6975, 3.2657 -2.8799 0.6975, 3.2657 -2.8863 0.6999, 3.2657 -2.8613 0.6973, 3.2657 -2.8608 0.6975, 3.2657 -2.8545 0.6997, 3.2657 -2.8486 0.7037, 3.2657 -2.8433 0.7094, 3.2657 -2.8407 0.7133, 3.2657 -2.8403 0.7133, 3.2657 -2.8403 0.6986, 3.2657 -2.8236 0.6986, 3.2657 -2.8236 0.7599, 3.2657 -2.8252 0.7739, 3.2657 -2.8279 0.7811, 3.2657 -2.8314 0.7863, 3.2657 -2.8346 0.7893, 3.2657 -2.84 0.7926, 3.2657 -2.8467 0.7949, 3.2657 -2.8788 0.7376, 3.2657 -2.8764 0.7393, 3.2657 -2.8724 0.7412, 3.2657 -2.8626 0.7434, 3.2657 -2.8832 0.7255, 3.2657 -2.8831 0.7281, 3.2657 -2.8822 0.732, 3.2657 -2.8808 0.7351, 3.2657 -2.8784 0.7144, 3.2657 -2.8798 0.7158, 3.2657 -2.8817 0.7186, 3.2657 -2.8828 0.7216, 3.2657 -2.8656 0.7101, 3.2657 -2.8712 0.7107, 3.2657 -2.875 0.7121, 3.2657 -2.8474 0.7178, 3.2657 -2.8495 0.7158, 3.2657 -2.8543 0.7126, 3.2657 -2.8593 0.7108, 3.2657 -2.8403 0.7373, 3.2657 -2.8403 0.7362, 3.2657 -2.8414 0.7287, 3.2657 -2.8438 0.7228, 3.2657 -2.8403 0.7464
            ]
        }
        coordIndex [
            0,1,2,-1,2,1,3,-1,4,5,6,-1,6,5,0,-1,6,0,2,-1,7,5,8,-1,8,5,4,-1,9,7,10,-1,10,7,8,-1,11,9,12,-1,12,9,10,-1,13,11,14,-1,14,11,12,-1,15,13,16,-1,16,13,14,-1,17,15,18,-1,18,15,16,-1,19,17,20,-1,20,17,18,-1,21,19,22,-1,22,19,20,-1,23,21,24,-1,24,21,22,-1,3,1,25,-1,25,1,23,-1,25,23,24,-1,23,1,0,-1,0,5,23,-1,23,5,7,-1,23,7,21,-1,17,19,15,-1,15,19,21,-1,15,21,13,-1,13,21,7,-1,13,7,11,-1,11,7,9,-1,26,27,28,-1,29,30,31,-1,31,30,32,-1,33,34,27,-1,27,34,30,-1,27,30,28,-1,28,30,29,-1,35,36,37,-1,37,36,38,-1,39,40,41,-1,28,42,26,-1,26,42,43,-1,26,43,44,-1,44,43,45,-1,44,45,46,-1,46,45,47,-1,46,47,48,-1,48,47,49,-1,48,49,50,-1,50,49,51,-1,50,51,52,-1,52,51,53,-1,52,53,54,-1,54,53,55,-1,54,55,56,-1,56,55,57,-1,56,57,58,-1,58,57,59,-1,60,61,62,-1,62,61,63,-1,62,63,64,-1,64,63,65,-1,64,65,66,-1,66,65,67,-1,66,67,35,-1,35,67,68,-1,35,68,36,-1,39,41,69,-1,69,41,70,-1,69,70,71,-1,70,32,71,-1,71,32,30,-1,71,30,72,-1,72,30,73,-1,72,73,74,-1,74,73,75,-1,74,75,76,-1,76,75,77,-1,76,77,38,-1,38,77,78,-1,38,78,37,-1,40,39,79,-1,79,39,80,-1,79,80,81,-1,81,80,82,-1,81,82,83,-1,83,82,84,-1,83,84,85,-1,85,84,86,-1,85,86,87,-1,87,86,88,-1,87,88,89,-1,89,88,90,-1,89,90,91,-1,91,90,92,-1,91,92,59,-1,59,92,93,-1,59,93,58,-1,66,94,95,-1,66,95,64,-1,64,95,96,-1,64,96,62,-1,62,96,97,-1,62,97,60,-1,61,60,98,-1,98,60,97,-1,61,98,99,-1,61,99,63,-1,63,99,100,-1,63,100,65,-1,65,100,101,-1,65,101,67,-1,67,101,102,-1,67,102,68,-1,68,102,103,-1,68,103,36,-1,36,103,104,-1,36,104,38,-1,38,104,105,-1,38,105,76,-1,76,105,106,-1,76,106,74,-1,74,106,107,-1,74,107,72,-1,72,107,108,-1,72,108,71,-1,69,71,109,-1,109,71,108,-1,69,109,110,-1,69,110,39,-1,39,110,111,-1,39,111,80,-1,80,111,112,-1,80,112,82,-1,82,112,113,-1,82,113,84,-1,84,113,114,-1,84,114,86,-1,86,114,115,-1,86,115,88,-1,88,115,116,-1,88,116,90,-1,90,116,117,-1,90,117,92,-1,92,117,118,-1,92,118,93,-1,93,118,119,-1,93,119,58,-1,120,52,121,-1,121,52,54,-1,121,54,122,-1,122,54,56,-1,122,56,123,-1,123,56,58,-1,123,58,119,-1,52,120,124,-1,52,124,50,-1,50,124,125,-1,50,125,48,-1,125,126,48,-1,48,126,127,-1,48,127,46,-1,46,127,128,-1,46,128,44,-1,44,128,129,-1,44,129,26,-1,27,26,130,-1,130,26,129,-1,33,27,131,-1,131,27,130,-1,34,33,132,-1,132,33,131,-1,30,34,133,-1,133,34,132,-1,30,133,134,-1,30,134,73,-1,73,134,135,-1,73,135,75,-1,75,135,136,-1,75,136,77,-1,77,136,137,-1,77,137,78,-1,78,137,138,-1,78,138,37,-1,37,138,139,-1,37,139,35,-1,35,139,94,-1,35,94,66,-1,79,140,141,-1,79,141,40,-1,40,141,142,-1,40,142,41,-1,41,142,143,-1,41,143,70,-1,87,144,145,-1,87,145,85,-1,85,145,146,-1,85,146,83,-1,83,146,147,-1,83,147,81,-1,81,147,140,-1,81,140,79,-1,57,148,149,-1,57,149,59,-1,59,149,150,-1,59,150,91,-1,91,150,151,-1,91,151,89,-1,89,151,144,-1,89,144,87,-1,51,152,153,-1,51,153,53,-1,53,153,154,-1,53,154,55,-1,55,154,148,-1,55,148,57,-1,43,155,156,-1,43,156,45,-1,45,156,157,-1,45,157,47,-1,47,157,158,-1,47,158,49,-1,49,158,152,-1,49,152,51,-1,31,159,160,-1,31,160,29,-1,29,160,161,-1,29,161,28,-1,28,161,162,-1,28,162,42,-1,42,162,155,-1,42,155,43,-1,31,32,159,-1,159,32,163,-1,32,70,163,-1,163,70,143,-1,
        ]
    }
}
Shape{
    appearance Appearance {
        material  Material {
            diffuseColor 0.7529411764705882 0.7529411764705882 0.7529411764705882
            specularColor 0.3764705882352941 0.3764705882352941 0.3764705882352941
            ambientIntensity 0.7529
            transparency 0.0
            shininess 0.5
        }
    }
    geometry IndexedFaceSet {
        ccw TRUE
        solid FALSE
        coord DEF co Coordinate {
            point [
                3.2657 -2.8403 0.7464, 3.2657 -2.8626 0.7434, 3.2657 -2.8403 0.7373, 3.2657 -2.8724 0.7412, 3.2657 -2.8764 0.7393, 3.2657 -2.8788 0.7376, 3.2657 -2.8403 0.7362, 3.2657 -2.8414 0.7287, 3.2657 -2.8808 0.7351, 3.2657 -2.8438 0.7228, 3.2657 -2.8798 0.7158, 3.2657 -2.8784 0.7144, 3.2657 -2.8495 0.7158, 3.2657 -2.8817 0.7186, 3.2657 -2.8543 0.7126, 3.2657 -2.8593 0.7108, 3.2657 -2.8656 0.7101, 3.2657 -2.8822 0.732, 3.2657 -2.8831 0.7281, 3.2657 -2.8474 0.7178, 3.2657 -2.8832 0.7255, 3.2657 -2.8828 0.7216, 3.2657 -2.875 0.7121, 3.2657 -2.8712 0.7107
            ]
        }
        coordIndex [
            0,1,2,-1,2,1,3,-1,3,4,2,-1,2,4,5,-1,2,5,6,-1,6,5,7,-1,7,5,8,-1,7,8,9,-1,10,11,12,-1,10,12,13,-1,14,12,15,-1,15,12,16,-1,8,17,9,-1,9,17,18,-1,9,18,19,-1,19,18,20,-1,19,20,12,-1,12,20,21,-1,12,21,13,-1,11,22,12,-1,12,22,23,-1,12,23,16,-1,
        ]
    }
}
Shape{
    appearance Appearance {
        material  Material {
            diffuseColor 0.0 0.0 0.0
            specularColor 0.0 0.0 0.0
            ambientIntensity 0.0
            transparency 0.0
            shininess 0.5
        }
    }
    geometry IndexedFaceSet {
        ccw TRUE
        solid FALSE
        coord DEF co Coordinate {
            point [
                3.2657 -2.8009 0.7192, 3.2697 -2.8009 0.7192, 3.2697 -2.7944 0.7152, 3.2697 -2.7734 0.71, 3.2657 -2.7734 0.71, 3.2657 -2.7839 0.7112, 3.2697 -2.7839 0.7112, 3.2657 -2.7932 0.7147, 3.2657 -2.7944 0.7152, 3.2697 -2.8009 0.7019, 3.2657 -2.8009 0.7019, 3.2697 -2.7891 0.6978, 3.2657 -2.7932 0.6992, 3.2657 -2.7751 0.6963, 3.2697 -2.7751 0.6963, 3.2657 -2.786 0.6975, 3.2657 -2.7891 0.6978, 3.2697 -2.7607 0.698, 3.2657 -2.765 0.6975, 3.2657 -2.7607 0.698, 3.2657 -2.7517 0.7012, 3.2697 -2.7517 0.7012, 3.2657 -2.7473 0.7039, 3.2697 -2.7473 0.7039, 3.2657 -2.7425 0.7081, 3.2697 -2.7425 0.7081, 3.2657 -2.7394 0.7125, 3.2697 -2.7394 0.7125, 3.2657 -2.7373 0.7178, 3.2697 -2.7373 0.7178, 3.2657 -2.7365 0.7245, 3.2697 -2.7365 0.7245, 3.2657 -2.7372 0.7308, 3.2697 -2.7372 0.7308, 3.2657 -2.739 0.7357, 3.2697 -2.739 0.7357, 3.2657 -2.7421 0.7403, 3.2697 -2.7421 0.7403, 3.2657 -2.7461 0.7438, 3.2697 -2.7461 0.7438, 3.2657 -2.7572 0.75, 3.2697 -2.7572 0.75, 3.2657 -2.7637 0.7526, 3.2697 -2.7637 0.7526, 3.2657 -2.774 0.7571, 3.2697 -2.774 0.7571, 3.2657 -2.7799 0.7608, 3.2697 -2.7799 0.7608, 3.2657 -2.7816 0.7626, 3.2697 -2.7816 0.7626, 3.2657 -2.7828 0.7649, 3.2697 -2.7828 0.7649, 3.2657 -2.7834 0.7675, 3.2697 -2.7834 0.7675, 3.2657 -2.7836 0.7697, 3.2697 -2.7836 0.7697, 3.2657 -2.7833 0.7724, 3.2697 -2.7833 0.7724, 3.2657 -2.7825 0.7746, 3.2697 -2.7825 0.7746, 3.2657 -2.781 0.7767, 3.2697 -2.781 0.7767, 3.2657 -2.7785 0.779, 3.2697 -2.7785 0.779, 3.2657 -2.7748 0.781, 3.2697 -2.7748 0.781, 3.2657 -2.7703 0.7821, 3.2697 -2.7703 0.7821, 3.2657 -2.7653 0.7825, 3.2697 -2.7653 0.7825, 3.2657 -2.7543 0.7813, 3.2697 -2.7543 0.7813, 3.2657 -2.7449 0.7778, 3.2697 -2.7449 0.7778, 3.2657 -2.7411 0.7756, 3.2697 -2.7411 0.7756, 3.2697 -2.7411 0.7919, 3.2657 -2.7411 0.7919, 3.2657 -2.7536 0.7953, 3.2697 -2.7536 0.7953, 3.2657 -2.7637 0.7961, 3.2697 -2.7637 0.7961, 3.2657 -2.777 0.7945, 3.2697 -2.777 0.7945, 3.2657 -2.786 0.791, 3.2697 -2.786 0.791, 3.2657 -2.7901 0.7885, 3.2697 -2.7901 0.7885, 3.2697 -2.7951 0.7841, 3.2657 -2.7932 0.7857, 3.2657 -2.7951 0.7841, 3.2657 -2.7982 0.7795, 3.2697 -2.7982 0.7795, 3.2657 -2.8002 0.7742, 3.2697 -2.8002 0.7742, 3.2657 -2.8008 0.7682, 3.2697 -2.8008 0.7682, 3.2657 -2.8001 0.7617, 3.2697 -2.8001 0.7617, 3.2657 -2.7983 0.7566, 3.2697 -2.7983 0.7566, 3.2657 -2.7961 0.7531, 3.2697 -2.7961 0.7531, 3.2657 -2.7755 0.7405, 3.2697 -2.7755 0.7405, 3.2697 -2.7855 0.7451, 3.2657 -2.7933 0.7503, 3.2697 -2.7933 0.7503, 3.2657 -2.7932 0.7502, 3.2657 -2.7855 0.7451, 3.2657 -2.7645 0.7359, 3.2697 -2.7645 0.7359, 3.2657 -2.758 0.732, 3.2697 -2.758 0.732, 3.2657 -2.7559 0.7298, 3.2697 -2.7559 0.7298, 3.2657 -2.7546 0.7276, 3.2697 -2.7546 0.7276, 3.2657 -2.7539 0.725, 3.2697 -2.7539 0.725, 3.2657 -2.7537 0.7229, 3.2697 -2.7537 0.7229, 3.2657 -2.7541 0.7197, 3.2697 -2.7541 0.7197, 3.2657 -2.7549 0.7173, 3.2697 -2.7549 0.7173, 3.2657 -2.7564 0.7152, 3.2697 -2.7564 0.7152, 3.2657 -2.7583 0.7135, 3.2697 -2.7583 0.7135, 3.2657 -2.7598 0.7125, 3.2697 -2.7598 0.7125, 3.2657 -2.7641 0.711, 3.2697 -2.7641 0.711, 3.2657 -2.7727 0.71, 3.2697 -2.7727 0.71, 3.2697 -2.6537 0.7939, 3.2697 -2.6364 0.7939, 3.2657 -2.6537 0.7939, 3.2657 -2.6364 0.7939, 3.2697 -2.6797 0.7221, 3.2657 -2.6797 0.7221, 3.2657 -2.681 0.7177, 3.2697 -2.681 0.7177, 3.2657 -2.6818 0.7144, 3.2697 -2.6818 0.7144, 3.2697 -2.6822 0.7144, 3.2657 -2.6822 0.7144, 3.2697 -2.6843 0.7223, 3.2657 -2.6843 0.7223, 3.2657 -2.7092 0.7939, 3.2697 -2.7092 0.7939, 3.2657 -2.7011 0.7707, 3.2697 -2.7278 0.7939, 3.2657 -2.7278 0.7939, 3.2657 -2.6905 0.6988, 3.2697 -2.6905 0.6988, 3.2657 -2.7011 0.7258, 3.2657 -2.6978 0.6815, 3.2697 -2.6978 0.6815, 3.2657 -2.691 0.6975, 3.2657 -2.7011 0.6755, 3.2697 -2.7011 0.6755, 3.2657 -2.7011 0.6754, 3.2697 -2.7042 0.672, 3.2657 -2.7042 0.672, 3.2657 -2.7072 0.6699, 3.2697 -2.7072 0.6699, 3.2657 -2.7109 0.6685, 3.2697 -2.7109 0.6685, 3.2657 -2.7149 0.668, 3.2697 -2.7149 0.668, 3.2657 -2.721 0.6688, 3.2697 -2.721 0.6688, 3.2657 -2.7244 0.6699, 3.2697 -2.7244 0.6699, 3.2697 -2.7244 0.6551, 3.2657 -2.7244 0.6551, 3.2657 -2.7173 0.6538, 3.2697 -2.7173 0.6538, 3.2657 -2.7136 0.6537, 3.2697 -2.7136 0.6537, 3.2657 -2.7069 0.6545, 3.2697 -2.7069 0.6545, 3.2657 -2.7011 0.6567, 3.2697 -2.7003 0.657, 3.2657 -2.7003 0.657, 3.2657 -2.6944 0.6611, 3.2697 -2.6944 0.6611, 3.2657 -2.6933 0.6621, 3.2697 -2.6933 0.6621, 3.2657 -2.6872 0.6695, 3.2697 -2.6872 0.6695, 3.2657 -2.6796 0.6842, 3.2697 -2.6796 0.6842, 3.2657 -2.6744 0.6975, 3.2697 -2.5466 0.7138, 3.2697 -2.5466 0.6986, 3.2657 -2.5466 0.7138, 3.2657 -2.5466 0.6986, 3.2657 -2.6011 0.7138, 3.2697 -2.6011 0.7138, 3.2657 -2.5761 0.7138, 3.2697 -2.6011 0.7587, 3.2657 -2.6011 0.7587, 3.2657 -2.5534 0.7587, 3.2697 -2.5534 0.7587, 3.2657 -2.5761 0.7587, 3.2697 -2.5534 0.774, 3.2657 -2.5534 0.774, 3.2657 -2.6011 0.774, 3.2697 -2.6011 0.774, 3.2657 -2.5761 0.774, 3.2697 -2.6011 0.8167, 3.2657 -2.6011 0.8167, 3.2657 -2.5496 0.8167, 3.2697 -2.5496 0.8167, 3.2657 -2.5761 0.8167, 3.2697 -2.5496 0.832, 3.2657 -2.5496 0.832, 3.2657 -2.6183 0.832, 3.2697 -2.6183 0.832, 3.2657 -2.5761 0.832, 3.2697 -2.6183 0.6986, 3.2657 -2.6183 0.6986, 3.2657 -2.5761 0.6986, 3.2697 -2.4381 0.7365, 3.2697 -2.4451 0.7277, 3.2697 -2.4328 0.7173, 3.2697 -2.4481 0.7251, 3.2697 -2.447 0.7072, 3.2697 -2.4571 0.7194, 3.2697 -2.4623 0.7013, 3.2697 -2.4687 0.7154, 3.2697 -2.4847 0.6986, 3.2697 -2.4848 0.7138, 3.2697 -2.5214 0.6986, 3.2697 -2.5041 0.7138, 3.2697 -2.5214 0.832, 3.2697 -2.5041 0.8167, 3.2697 -2.4833 0.832, 3.2697 -2.484 0.8167, 3.2697 -2.4608 0.8293, 3.2697 -2.4673 0.8149, 3.2697 -2.445 0.823, 3.2697 -2.4556 0.8108, 3.2697 -2.4328 0.8144, 3.2697 -2.4455 0.8041, 3.2697 -2.4267 0.8082, 3.2697 -2.441 0.7996, 3.2697 -2.4188 0.7961, 3.2697 -2.436 0.7919, 3.2697 -2.4143 0.7829, 3.2697 -2.4324 0.7818, 3.2697 -2.4127 0.767, 3.2697 -2.4308 0.7666, 3.2697 -2.4133 0.7572, 3.2697 -2.4312 0.759, 3.2697 -2.4167 0.7418, 3.2697 -2.4336 0.7465, 3.2697 -2.4236 0.7281, 3.2657 -2.4847 0.6986, 3.2657 -2.5214 0.6986, 3.2657 -2.4623 0.7013, 3.2657 -2.447 0.7072, 3.2657 -2.4328 0.7173, 3.2657 -2.4236 0.7281, 3.2657 -2.4167 0.7418, 3.2657 -2.4133 0.7572, 3.2657 -2.4127 0.767, 3.2657 -2.4143 0.7829, 3.2657 -2.4188 0.7961, 3.2657 -2.4267 0.8082, 3.2657 -2.4328 0.8144, 3.2657 -2.445 0.823, 3.2657 -2.4608 0.8293, 3.2657 -2.4833 0.832, 3.2657 -2.5214 0.832, 3.2657 -2.484 0.8167, 3.2657 -2.5041 0.8167, 3.2657 -2.5041 0.7138, 3.2657 -2.4848 0.7138, 3.2657 -2.4451 0.7277, 3.2657 -2.4481 0.7251, 3.2657 -2.4571 0.7194, 3.2657 -2.4687 0.7154, 3.2657 -2.4308 0.7666, 3.2657 -2.4312 0.759, 3.2657 -2.4336 0.7465, 3.2657 -2.4381 0.7365, 3.2657 -2.4455 0.8041, 3.2657 -2.441 0.7996, 3.2657 -2.436 0.7919, 3.2657 -2.4324 0.7818, 3.2657 -2.4673 0.8149, 3.2657 -2.4556 0.8108
            ]
        }
        coordIndex [
            0,1,2,-1,3,4,5,-1,3,5,6,-1,6,5,7,-1,6,7,2,-1,2,7,8,-1,2,8,0,-1,9,1,10,-1,10,1,0,-1,9,10,11,-1,11,10,12,-1,13,14,15,-1,15,14,11,-1,15,11,16,-1,16,11,12,-1,14,13,17,-1,17,13,18,-1,18,19,17,-1,17,19,20,-1,17,20,21,-1,21,20,22,-1,21,22,23,-1,23,22,24,-1,23,24,25,-1,25,24,26,-1,25,26,27,-1,27,26,28,-1,27,28,29,-1,29,28,30,-1,29,30,31,-1,31,30,32,-1,31,32,33,-1,33,32,34,-1,33,34,35,-1,35,34,36,-1,35,36,37,-1,37,36,38,-1,37,38,39,-1,39,38,40,-1,39,40,41,-1,41,40,42,-1,41,42,43,-1,43,42,44,-1,43,44,45,-1,45,44,46,-1,45,46,47,-1,47,46,48,-1,47,48,49,-1,49,48,50,-1,49,50,51,-1,51,50,52,-1,51,52,53,-1,53,52,54,-1,53,54,55,-1,55,54,56,-1,55,56,57,-1,57,56,58,-1,57,58,59,-1,59,58,60,-1,59,60,61,-1,61,60,62,-1,61,62,63,-1,63,62,64,-1,63,64,65,-1,65,64,66,-1,65,66,67,-1,67,66,68,-1,67,68,69,-1,69,68,70,-1,69,70,71,-1,71,70,72,-1,71,72,73,-1,73,72,74,-1,73,74,75,-1,76,75,77,-1,77,75,74,-1,76,77,78,-1,76,78,79,-1,79,78,80,-1,79,80,81,-1,81,80,82,-1,81,82,83,-1,83,82,84,-1,83,84,85,-1,85,84,86,-1,85,86,87,-1,87,86,88,-1,88,86,89,-1,89,90,88,-1,88,90,91,-1,88,91,92,-1,92,91,93,-1,92,93,94,-1,94,93,95,-1,94,95,96,-1,96,95,97,-1,96,97,98,-1,98,97,99,-1,98,99,100,-1,100,99,101,-1,100,101,102,-1,103,104,105,-1,102,101,106,-1,102,106,107,-1,107,106,108,-1,107,108,105,-1,105,108,109,-1,105,109,103,-1,104,103,110,-1,104,110,111,-1,111,110,112,-1,111,112,113,-1,113,112,114,-1,113,114,115,-1,115,114,116,-1,115,116,117,-1,117,116,118,-1,117,118,119,-1,119,118,120,-1,119,120,121,-1,121,120,122,-1,121,122,123,-1,123,122,124,-1,123,124,125,-1,125,124,126,-1,125,126,127,-1,127,126,128,-1,127,128,129,-1,129,128,130,-1,129,130,131,-1,131,130,132,-1,131,132,133,-1,133,132,134,-1,133,134,135,-1,135,134,4,-1,135,4,3,-1,61,63,85,-1,85,63,83,-1,111,43,104,-1,104,43,45,-1,21,23,127,-1,127,23,25,-1,127,25,125,-1,125,25,27,-1,125,27,123,-1,123,27,29,-1,123,29,121,-1,121,29,31,-1,121,31,119,-1,119,31,33,-1,119,33,117,-1,117,33,35,-1,117,35,115,-1,115,35,37,-1,115,37,113,-1,113,37,39,-1,113,39,111,-1,111,39,41,-1,111,41,43,-1,14,3,11,-1,11,3,6,-1,11,6,9,-1,9,6,2,-1,9,2,1,-1,63,65,83,-1,83,65,67,-1,83,67,81,-1,81,67,69,-1,81,69,79,-1,79,69,71,-1,79,71,76,-1,76,71,73,-1,76,73,75,-1,127,129,21,-1,21,129,131,-1,21,131,17,-1,17,131,133,-1,17,133,14,-1,14,133,135,-1,14,135,3,-1,85,87,61,-1,61,87,88,-1,61,88,59,-1,59,88,92,-1,59,92,57,-1,57,92,94,-1,57,94,55,-1,55,94,96,-1,55,96,53,-1,53,96,98,-1,53,98,51,-1,51,98,100,-1,51,100,49,-1,49,100,102,-1,49,102,47,-1,47,102,107,-1,47,107,45,-1,45,107,105,-1,45,105,104,-1,136,137,138,-1,138,137,139,-1,140,136,141,-1,141,136,138,-1,140,141,142,-1,140,142,143,-1,143,142,144,-1,143,144,145,-1,146,145,147,-1,147,145,144,-1,148,146,149,-1,149,146,147,-1,150,151,152,-1,152,151,148,-1,152,148,149,-1,153,151,154,-1,154,151,150,-1,155,156,157,-1,157,156,153,-1,157,153,154,-1,158,159,160,-1,160,159,156,-1,160,156,155,-1,159,158,161,-1,159,161,162,-1,162,161,163,-1,162,163,164,-1,163,165,164,-1,164,165,166,-1,164,166,167,-1,167,166,168,-1,167,168,169,-1,169,168,170,-1,169,170,171,-1,171,170,172,-1,171,172,173,-1,173,172,174,-1,173,174,175,-1,176,175,177,-1,177,175,174,-1,176,177,178,-1,176,178,179,-1,179,178,180,-1,179,180,181,-1,181,180,182,-1,181,182,183,-1,183,182,184,-1,183,184,185,-1,184,186,185,-1,185,186,187,-1,185,187,188,-1,188,187,189,-1,188,189,190,-1,190,189,191,-1,190,191,192,-1,192,191,193,-1,192,193,194,-1,139,137,195,-1,195,137,194,-1,195,194,193,-1,143,145,194,-1,137,136,194,-1,194,136,140,-1,194,140,143,-1,151,153,148,-1,148,153,156,-1,148,156,146,-1,192,162,190,-1,190,162,164,-1,175,176,173,-1,173,176,179,-1,173,179,171,-1,171,179,181,-1,171,181,169,-1,169,181,183,-1,169,183,167,-1,167,183,185,-1,167,185,164,-1,164,185,188,-1,164,188,190,-1,145,146,194,-1,194,146,156,-1,194,156,192,-1,192,156,159,-1,192,159,162,-1,196,197,198,-1,198,197,199,-1,200,201,202,-1,202,201,196,-1,202,196,198,-1,203,201,204,-1,204,201,200,-1,205,206,207,-1,207,206,203,-1,207,203,204,-1,208,206,209,-1,209,206,205,-1,210,211,212,-1,212,211,208,-1,212,208,209,-1,213,211,214,-1,214,211,210,-1,215,216,217,-1,217,216,213,-1,217,213,214,-1,218,216,219,-1,219,216,215,-1,220,221,222,-1,222,221,218,-1,222,218,219,-1,223,221,224,-1,224,221,220,-1,199,197,225,-1,225,197,223,-1,225,223,224,-1,216,218,213,-1,213,218,221,-1,213,221,211,-1,197,196,223,-1,223,196,201,-1,223,201,203,-1,206,208,203,-1,203,208,211,-1,203,211,223,-1,223,211,221,-1,226,227,228,-1,228,227,229,-1,228,229,230,-1,230,229,231,-1,230,231,232,-1,232,231,233,-1,232,233,234,-1,234,233,235,-1,234,235,236,-1,236,235,237,-1,236,237,238,-1,238,237,239,-1,238,239,240,-1,240,239,241,-1,240,241,242,-1,242,241,243,-1,242,243,244,-1,244,243,245,-1,244,245,246,-1,246,245,247,-1,246,247,248,-1,248,247,249,-1,248,249,250,-1,250,249,251,-1,250,251,252,-1,252,251,253,-1,252,253,254,-1,254,253,255,-1,254,255,256,-1,256,255,257,-1,256,257,258,-1,258,257,259,-1,258,259,260,-1,260,259,226,-1,260,226,228,-1,234,236,261,-1,261,236,262,-1,234,261,263,-1,234,263,232,-1,232,263,264,-1,232,264,230,-1,230,264,265,-1,230,265,228,-1,228,265,266,-1,228,266,260,-1,260,266,267,-1,260,267,258,-1,258,267,268,-1,258,268,256,-1,256,268,269,-1,256,269,254,-1,254,269,270,-1,254,270,252,-1,252,270,271,-1,252,271,250,-1,250,271,272,-1,250,272,248,-1,248,272,273,-1,248,273,246,-1,246,273,274,-1,246,274,244,-1,244,274,275,-1,244,275,242,-1,242,275,276,-1,242,276,240,-1,238,240,277,-1,277,240,276,-1,236,238,262,-1,262,238,277,-1,241,239,278,-1,278,239,279,-1,239,237,279,-1,279,237,280,-1,237,235,280,-1,280,235,281,-1,227,282,283,-1,227,283,229,-1,229,283,284,-1,229,284,231,-1,231,284,285,-1,231,285,233,-1,233,285,281,-1,233,281,235,-1,255,286,287,-1,255,287,257,-1,257,287,288,-1,257,288,259,-1,259,288,289,-1,259,289,226,-1,226,289,282,-1,226,282,227,-1,247,290,291,-1,247,291,249,-1,249,291,292,-1,249,292,251,-1,251,292,293,-1,251,293,253,-1,253,293,286,-1,253,286,255,-1,241,278,294,-1,241,294,243,-1,243,294,295,-1,243,295,245,-1,245,295,290,-1,245,290,247,-1,
        ]
    }
}
Shape{
    appearance Appearance {
        material  Material {
            diffuseColor 0.7529411764705882 0.7529411764705882 0.7529411764705882
            specularColor 0.3764705882352941 0.3764705882352941 0.3764705882352941
            ambientIntensity 0.7529
            transparency 0.0
            shininess 0.5
        }
    }
    geometry IndexedFaceSet {
        ccw TRUE
        solid FALSE
        coord DEF co Coordinate {
            point [
                3.2657 -2.5041 0.8167, 3.2657 -2.5041 0.7138, 3.2657 -2.484 0.8167, 3.2657 -2.4848 0.7138, 3.2657 -2.4687 0.7154, 3.2657 -2.4571 0.7194, 3.2657 -2.4481 0.7251, 3.2657 -2.4451 0.7277, 3.2657 -2.4381 0.7365, 3.2657 -2.4336 0.7465, 3.2657 -2.4312 0.759, 3.2657 -2.4308 0.7666, 3.2657 -2.4324 0.7818, 3.2657 -2.436 0.7919, 3.2657 -2.441 0.7996, 3.2657 -2.4455 0.8041, 3.2657 -2.4673 0.8149, 3.2657 -2.4556 0.8108
            ]
        }
        coordIndex [
            0,1,2,-1,2,1,3,-1,2,3,4,-1,4,5,2,-1,2,5,6,-1,2,6,7,-1,7,8,2,-1,2,8,9,-1,2,9,10,-1,10,11,2,-1,2,11,12,-1,2,12,13,-1,13,14,2,-1,2,14,15,-1,2,15,16,-1,16,15,17,-1,
        ]
    }
}
Shape{
    appearance Appearance {
        material  Material {
            diffuseColor 0.0 0.0 0.0
            specularColor 0.0 0.0 0.0
            ambientIntensity 0.0
            transparency 0.0
            shininess 0.5
        }
    }
    geometry IndexedFaceSet {
        ccw TRUE
        solid FALSE
        coord DEF co Coordinate {
            point [
                3.2697 -2.368 0.7502, 3.2697 -2.3734 0.7351, 3.2697 -2.3232 0.7502, 3.2697 -2.3179 0.7351, 3.2697 -2.348 0.8056, 3.2697 -2.3545 0.832, 3.2697 -2.4053 0.6986, 3.2697 -2.3863 0.6986, 3.2697 -2.3469 0.8096, 3.2697 -2.3459 0.815, 3.2697 -2.3361 0.832, 3.2697 -2.3454 0.815, 3.2697 -2.3444 0.8093, 3.2697 -2.3434 0.8056, 3.2697 -2.2852 0.6986, 3.2697 -2.3043 0.6986, 3.2657 -2.3361 0.832, 3.2657 -2.2852 0.6986, 3.2657 -2.3545 0.832, 3.2657 -2.4053 0.6986, 3.2657 -2.3863 0.6986, 3.2657 -2.3734 0.7351, 3.2657 -2.3179 0.7351, 3.2657 -2.3043 0.6986, 3.2657 -2.368 0.7502, 3.2657 -2.3232 0.7502, 3.2657 -2.3434 0.8056, 3.2657 -2.3454 0.815, 3.2657 -2.3444 0.8093, 3.2657 -2.3459 0.815, 3.2657 -2.348 0.8056, 3.2657 -2.3469 0.8096
            ]
        }
        coordIndex [
            0,1,2,-1,2,1,3,-1,4,5,0,-1,0,5,6,-1,0,6,1,-1,1,6,7,-1,4,8,5,-1,5,8,9,-1,5,9,10,-1,10,9,11,-1,10,11,12,-1,12,13,10,-1,10,13,2,-1,10,2,14,-1,14,2,3,-1,14,3,15,-1,10,14,16,-1,16,14,17,-1,5,10,18,-1,18,10,16,-1,6,5,19,-1,19,5,18,-1,7,6,20,-1,20,6,19,-1,1,7,21,-1,21,7,20,-1,3,1,22,-1,22,1,21,-1,15,3,23,-1,23,3,22,-1,14,15,17,-1,17,15,23,-1,0,2,24,-1,24,2,25,-1,2,13,25,-1,25,13,26,-1,11,27,28,-1,11,28,12,-1,12,28,26,-1,12,26,13,-1,11,9,27,-1,27,9,29,-1,4,30,31,-1,4,31,8,-1,8,31,29,-1,8,29,9,-1,4,0,30,-1,30,0,24,-1,
        ]
    }
}
Shape{
    appearance Appearance {
        material  Material {
            diffuseColor 0.7529411764705882 0.7529411764705882 0.7529411764705882
            specularColor 0.3764705882352941 0.3764705882352941 0.3764705882352941
            ambientIntensity 0.7529
            transparency 0.0
            shininess 0.5
        }
    }
    geometry IndexedFaceSet {
        ccw TRUE
        solid FALSE
        coord DEF co Coordinate {
            point [
                3.2657 -2.3454 0.815, 3.2657 -2.3459 0.815, 3.2657 -2.3444 0.8093, 3.2657 -2.3469 0.8096, 3.2657 -2.3434 0.8056, 3.2657 -2.348 0.8056, 3.2657 -2.3232 0.7502, 3.2657 -2.368 0.7502
            ]
        }
        coordIndex [
            0,1,2,-1,2,1,3,-1,2,3,4,-1,4,3,5,-1,4,5,6,-1,6,5,7,-1,
        ]
    }
}
Shape{
    appearance Appearance {
        material  Material {
            diffuseColor 0.0 0.0 0.0
            specularColor 0.0 0.0 0.0
            ambientIntensity 0.0
            transparency 0.0
            shininess 0.5
        }
    }
    geometry IndexedFaceSet {
        ccw TRUE
        solid FALSE
        coord DEF co Coordinate {
            point [
                3.2697 -3.6025 0.9284, 3.2697 -3.5814 0.9397, 3.2697 -3.5863 0.9981, 3.2697 -3.4192 0.6758, 3.2697 -3.4079 0.6969, 3.2697 -3.4023 0.7204, 3.2697 -3.527 1.0008, 3.2697 -3.4976 0.9315, 3.2697 -3.4831 0.9616, 3.2697 -3.5328 0.7178, 3.2697 -3.5345 0.7267, 3.2697 -3.5859 0.7636, 3.2697 -3.5868 0.7, 3.2697 -3.5988 0.7036, 3.2697 -3.6066 0.7764, 3.2697 -3.5488 1.0027, 3.2697 -3.2689 0.8101, 3.2697 -3.2984 0.8604, 3.2697 -3.4018 0.7399, 3.2697 -3.4255 0.794, 3.2697 -3.4018 0.7304, 3.2697 -3.4525 0.6465, 3.2697 -3.4336 0.6597, 3.2697 -3.529 0.7098, 3.2697 -3.5631 0.6622, 3.2697 -3.5773 0.6796, 3.2697 -3.2376 0.904, 3.2697 -3.23 0.904, 3.2697 -3.1911 0.9553, 3.2697 -3.212 0.9018, 3.2697 -3.1866 0.9537, 3.2697 -3.1954 0.8954, 3.2697 -3.1583 0.9397, 3.2697 -3.1326 0.918, 3.2697 -3.5076 1.0235, 3.2697 -3.4618 0.987, 3.2697 -3.4853 1.0426, 3.2697 -3.4364 1.0055, 3.2697 -3.4621 1.0569, 3.2697 -3.5579 0.9452, 3.2697 -3.5479 0.9458, 3.2697 -3.5379 1.0021, 3.2697 -3.5255 0.943, 3.2697 -3.5042 0.9351, 3.2697 -3.4675 0.7079, 3.2697 -3.4727 0.7021, 3.2697 -3.4799 0.697, 3.2697 -3.4736 0.6384, 3.2697 -3.4881 0.6937, 3.2697 -3.4967 0.6355, 3.2697 -3.4976 0.6924, 3.2697 -3.5003 0.6356, 3.2697 -3.4992 0.6925, 3.2697 -3.5227 0.6391, 3.2697 -3.5077 0.6939, 3.2697 -3.5446 0.6482, 3.2697 -3.5163 0.6975, 3.2697 -3.5236 0.7031, 3.2697 -3.463 0.7427, 3.2697 -3.4609 0.7339, 3.2697 -3.4609 0.7252, 3.2697 -3.4631 0.7161, 3.2697 -3.1323 0.7408, 3.2697 -3.1765 0.7786, 3.2697 -3.1581 0.719, 3.2697 -3.1905 0.7671, 3.2697 -3.1871 0.7048, 3.2697 -3.2072 0.7593, 3.2697 -3.2187 0.6981, 3.2697 -3.2244 0.756, 3.2697 -3.2746 0.6981, 3.2697 -3.2671 0.756, 3.2697 -3.28 0.699, 3.2697 -3.534 0.736, 3.2697 -3.5313 0.7449, 3.2697 -3.5754 0.7839, 3.2697 -3.5263 0.7527, 3.2697 -3.5597 0.8019, 3.2697 -3.5226 0.7567, 3.2697 -3.5403 0.8154, 3.2697 -3.5152 0.762, 3.2697 -3.5194 0.8234, 3.2697 -3.5069 0.7653, 3.2697 -3.4967 0.8262, 3.2697 -3.4976 0.7664, 3.2697 -3.4852 0.8255, 3.2697 -3.4897 0.7656, 3.2697 -3.4623 0.8199, 3.2697 -3.4809 0.7624, 3.2697 -3.4421 0.8091, 3.2697 -3.4733 0.7573, 3.2697 -3.4672 0.7505, 3.2697 -3.1807 0.8851, 3.2697 -3.1699 0.8731, 3.2697 -3.1132 0.891, 3.2697 -3.161 0.8567, 3.2697 -3.1016 0.862, 3.2697 -3.1565 0.8385, 3.2697 -3.0972 0.831, 3.2697 -3.156 0.83, 3.2697 -3.1016 0.7972, 3.2697 -3.1583 0.8115, 3.2697 -3.1135 0.7671, 3.2697 -3.1649 0.7946, 3.2697 -3.1753 0.7798, 3.2697 -3.2424 1.0302, 3.2697 -3.2796 0.9867, 3.2697 -3.2109 0.9938, 3.2697 -3.2582 0.9612, 3.2697 -3.2435 0.9306, 3.2697 -3.6399 0.8739, 3.2697 -3.7023 0.8581, 3.2697 -3.6428 0.8509, 3.2697 -3.7026 0.849, 3.2697 -3.6416 0.8361, 3.2697 -3.698 0.8118, 3.2697 -3.6348 0.8129, 3.2697 -3.6843 0.7765, 3.2697 -3.6236 0.7939, 3.2697 -3.6627 0.7456, 3.2697 -3.6331 0.7203, 3.2697 -3.4183 1.0738, 3.2697 -3.4054 1.0181, 3.2697 -3.3714 1.0796, 3.2697 -3.3705 1.0226, 3.2697 -3.3323 1.0754, 3.2697 -3.3382 1.0187, 3.2697 -3.2847 1.0587, 3.2697 -3.3085 1.0072, 3.2697 -3.2818 0.9887, 3.2697 -3.6214 0.9844, 3.2697 -3.6516 0.9632, 3.2697 -3.6186 0.914, 3.2697 -3.658 0.9572, 3.2697 -3.6318 0.8951, 3.2697 -3.6808 0.9279, 3.2697 -3.6959 0.8937, 3.2697 -3.2718 0.7569, 3.2697 -3.2946 0.7081, 3.2697 -3.2924 0.7058, 3.2697 -3.269 0.7563, 3.2697 -3.2863 0.7015, 3.2697 -3.3022 0.7275, 3.2697 -3.3013 0.7205, 3.2697 -3.2988 0.714, 3.2697 -3.2801 0.756, 3.2697 -3.2866 0.7534, 3.2697 -3.3019 0.7313, 3.2697 -3.2924 0.7493, 3.2697 -3.2964 0.745, 3.2697 -3.3 0.7385, 3.2697 -3.2727 0.757, 3.2657 -3.1263 0.9092, 3.2657 -3.1132 0.891, 3.2657 -3.1048 0.87, 3.2657 -3.1016 0.862, 3.2657 -3.0972 0.831, 3.2657 -3.1326 0.918, 3.2657 -3.1583 0.9397, 3.2657 -3.1866 0.9537, 3.2657 -3.1911 0.9553, 3.2657 -3.2109 0.9938, 3.2657 -3.2424 1.0302, 3.2657 -3.3714 1.0796, 3.2657 -3.2847 1.0587, 3.2657 -3.2964 1.0628, 3.2657 -3.3323 1.0754, 3.2657 -3.4853 1.0426, 3.2657 -3.4183 1.0738, 3.2657 -3.4469 1.0628, 3.2657 -3.4621 1.0569, 3.2657 -3.5076 1.0235, 3.2657 -3.527 1.0008, 3.2657 -3.5379 1.0021, 3.2657 -3.5488 1.0027, 3.2657 -3.5863 0.9981, 3.2657 -3.6214 0.9844, 3.2657 -3.6516 0.9632, 3.2657 -3.658 0.9572, 3.2657 -3.7026 0.849, 3.2657 -3.6808 0.9279, 3.2657 -3.6891 0.9092, 3.2657 -3.6959 0.8937, 3.2657 -3.7002 0.87, 3.2657 -3.7023 0.8581, 3.2657 -3.698 0.8118, 3.2657 -3.6843 0.7765, 3.2657 -3.6627 0.7456, 3.2657 -3.6331 0.7203, 3.2657 -3.5988 0.7036, 3.2657 -3.5868 0.7, 3.2657 -3.5856 0.6975, 3.2657 -3.5773 0.6796, 3.2657 -3.5631 0.6622, 3.2657 -3.5446 0.6482, 3.2657 -3.5359 0.6446, 3.2657 -3.5227 0.6391, 3.2657 -3.5003 0.6356, 3.2657 -3.4967 0.6355, 3.2657 -3.4018 0.7304, 3.2657 -3.4736 0.6384, 3.2657 -3.4574 0.6446, 3.2657 -3.4525 0.6465, 3.2657 -3.4336 0.6597, 3.2657 -3.4192 0.6758, 3.2657 -3.4079 0.6969, 3.2657 -3.4078 0.6975, 3.2657 -3.4023 0.7204, 3.2657 -3.4018 0.7399, 3.2657 -3.2689 0.8101, 3.2657 -3.2984 0.8604, 3.2657 -3.4255 0.794, 3.2657 -3.4421 0.8091, 3.2657 -3.4623 0.8199, 3.2657 -3.4852 0.8255, 3.2657 -3.4967 0.8262, 3.2657 -3.5194 0.8234, 3.2657 -3.5403 0.8154, 3.2657 -3.5597 0.8019, 3.2657 -3.5754 0.7839, 3.2657 -3.5859 0.7636, 3.2657 -3.6066 0.7764, 3.2657 -3.6236 0.7939, 3.2657 -3.6348 0.8129, 3.2657 -3.6416 0.8361, 3.2657 -3.6428 0.8509, 3.2657 -3.6404 0.87, 3.2657 -3.6399 0.8739, 3.2657 -3.6318 0.8951, 3.2657 -3.622 0.9092, 3.2657 -3.6186 0.914, 3.2657 -3.6025 0.9284, 3.2657 -3.5814 0.9397, 3.2657 -3.5579 0.9452, 3.2657 -3.5479 0.9458, 3.2657 -3.5255 0.943, 3.2657 -3.5042 0.9351, 3.2657 -3.4976 0.9315, 3.2657 -3.4831 0.9616, 3.2657 -3.4618 0.987, 3.2657 -3.4364 1.0055, 3.2657 -3.4054 1.0181, 3.2657 -3.3705 1.0226, 3.2657 -3.3382 1.0187, 3.2657 -3.3085 1.0072, 3.2657 -3.2818 0.9887, 3.2657 -3.2796 0.9867, 3.2657 -3.2582 0.9612, 3.2657 -3.2435 0.9306, 3.2657 -3.2388 0.9092, 3.2657 -3.2376 0.904, 3.2657 -3.23 0.904, 3.2657 -3.212 0.9018, 3.2657 -3.1954 0.8954, 3.2657 -3.1807 0.8851, 3.2657 -3.1699 0.8731, 3.2657 -3.1682 0.87, 3.2657 -3.161 0.8567, 3.2657 -3.1565 0.8385, 3.2657 -3.156 0.83, 3.2657 -3.1583 0.8115, 3.2657 -3.1649 0.7946, 3.2657 -3.1753 0.7798, 3.2657 -3.1765 0.7786, 3.2657 -3.1905 0.7671, 3.2657 -3.2072 0.7593, 3.2657 -3.2244 0.756, 3.2657 -3.2671 0.756, 3.2657 -3.269 0.7563, 3.2657 -3.2718 0.7569, 3.2657 -3.2727 0.757, 3.2657 -3.2801 0.756, 3.2657 -3.2866 0.7534, 3.2657 -3.2924 0.7493, 3.2657 -3.2964 0.745, 3.2657 -3.3 0.7385, 3.2657 -3.3019 0.7313, 3.2657 -3.3022 0.7275, 3.2657 -3.3013 0.7205, 3.2657 -3.2988 0.714, 3.2657 -3.2946 0.7081, 3.2657 -3.2924 0.7058, 3.2657 -3.2863 0.7015, 3.2657 -3.28 0.699, 3.2657 -3.2746 0.6981, 3.2657 -3.2187 0.6981, 3.2657 -3.1871 0.7048, 3.2657 -3.1581 0.719, 3.2657 -3.1323 0.7408, 3.2657 -3.1135 0.7671, 3.2657 -3.1016 0.7972, 3.2657 -3.4976 0.7664, 3.2657 -3.4897 0.7656, 3.2657 -3.4809 0.7624, 3.2657 -3.4733 0.7573, 3.2657 -3.4672 0.7505, 3.2657 -3.463 0.7427, 3.2657 -3.4609 0.7339, 3.2657 -3.4609 0.7252, 3.2657 -3.4631 0.7161, 3.2657 -3.4675 0.7079, 3.2657 -3.4727 0.7021, 3.2657 -3.4799 0.697, 3.2657 -3.4881 0.6937, 3.2657 -3.4976 0.6924, 3.2657 -3.4992 0.6925, 3.2657 -3.5077 0.6939, 3.2657 -3.5163 0.6975, 3.2657 -3.5236 0.7031, 3.2657 -3.529 0.7098, 3.2657 -3.5328 0.7178, 3.2657 -3.5345 0.7267, 3.2657 -3.534 0.736, 3.2657 -3.5313 0.7449, 3.2657 -3.5263 0.7527, 3.2657 -3.5226 0.7567, 3.2657 -3.5152 0.762, 3.2657 -3.5069 0.7653
            ]
        }
        coordIndex [
            0,1,2,-1,3,4,5,-1,6,7,8,-1,9,10,11,-1,12,11,13,-1,13,11,14,-1,2,1,15,-1,16,17,18,-1,18,17,19,-1,18,19,20,-1,20,19,21,-1,20,21,5,-1,5,21,22,-1,5,22,3,-1,23,9,24,-1,24,9,11,-1,24,11,25,-1,25,11,12,-1,26,27,28,-1,28,27,29,-1,28,29,30,-1,30,29,31,-1,30,31,32,-1,32,31,33,-1,6,8,34,-1,34,8,35,-1,34,35,36,-1,36,35,37,-1,36,37,38,-1,1,39,15,-1,15,39,40,-1,15,40,41,-1,41,40,42,-1,41,42,6,-1,6,42,43,-1,6,43,7,-1,44,45,21,-1,21,45,46,-1,21,46,47,-1,47,46,48,-1,47,48,49,-1,49,48,50,-1,49,50,51,-1,51,50,52,-1,51,52,53,-1,53,52,54,-1,53,54,55,-1,55,54,56,-1,55,56,24,-1,24,56,57,-1,24,57,23,-1,58,59,19,-1,19,59,60,-1,19,60,21,-1,21,60,61,-1,21,61,44,-1,62,63,64,-1,64,63,65,-1,64,65,66,-1,66,65,67,-1,66,67,68,-1,68,67,69,-1,68,69,70,-1,70,69,71,-1,70,71,72,-1,10,73,11,-1,11,73,74,-1,11,74,75,-1,75,74,76,-1,75,76,77,-1,77,76,78,-1,77,78,79,-1,79,78,80,-1,79,80,81,-1,81,80,82,-1,81,82,83,-1,83,82,84,-1,83,84,85,-1,85,84,86,-1,85,86,87,-1,87,86,88,-1,87,88,89,-1,89,88,90,-1,89,90,19,-1,19,90,91,-1,19,91,58,-1,31,92,33,-1,33,92,93,-1,33,93,94,-1,94,93,95,-1,94,95,96,-1,96,95,97,-1,96,97,98,-1,98,97,99,-1,98,99,100,-1,100,99,101,-1,100,101,102,-1,102,101,103,-1,102,103,62,-1,62,103,104,-1,62,104,63,-1,105,106,107,-1,107,106,108,-1,107,108,28,-1,28,108,109,-1,28,109,26,-1,110,111,112,-1,112,111,113,-1,112,113,114,-1,114,113,115,-1,114,115,116,-1,116,115,117,-1,116,117,118,-1,118,117,119,-1,118,119,14,-1,14,119,120,-1,14,120,13,-1,38,37,121,-1,121,37,122,-1,121,122,123,-1,123,122,124,-1,123,124,125,-1,125,124,126,-1,125,126,127,-1,127,126,128,-1,127,128,105,-1,105,128,129,-1,105,129,106,-1,2,130,0,-1,0,130,131,-1,0,131,132,-1,132,131,133,-1,132,133,134,-1,134,133,135,-1,134,135,110,-1,110,135,136,-1,110,136,111,-1,137,138,139,-1,71,140,72,-1,72,140,137,-1,72,137,141,-1,141,137,139,-1,142,143,137,-1,137,143,144,-1,137,144,138,-1,145,146,147,-1,146,148,147,-1,147,148,149,-1,147,149,150,-1,142,137,147,-1,147,137,151,-1,147,151,145,-1,152,33,153,-1,153,33,94,-1,153,94,154,-1,154,94,96,-1,154,96,155,-1,155,96,98,-1,155,98,156,-1,152,157,33,-1,33,157,158,-1,33,158,32,-1,32,158,159,-1,32,159,30,-1,30,159,160,-1,30,160,28,-1,28,160,161,-1,28,161,107,-1,107,161,162,-1,107,162,105,-1,163,123,125,-1,105,162,164,-1,105,164,127,-1,127,164,165,-1,127,165,125,-1,125,165,166,-1,125,166,163,-1,167,36,38,-1,123,163,168,-1,123,168,121,-1,121,168,169,-1,121,169,38,-1,38,169,170,-1,38,170,167,-1,36,167,171,-1,36,171,34,-1,34,171,172,-1,34,172,6,-1,6,172,173,-1,6,173,41,-1,41,173,174,-1,41,174,15,-1,15,174,175,-1,15,175,2,-1,2,175,176,-1,2,176,130,-1,130,176,177,-1,130,177,131,-1,131,177,178,-1,131,178,133,-1,179,113,111,-1,133,178,180,-1,133,180,135,-1,135,180,181,-1,135,181,136,-1,181,182,136,-1,136,182,183,-1,136,183,111,-1,111,183,184,-1,111,184,179,-1,113,179,185,-1,113,185,115,-1,115,185,186,-1,115,186,117,-1,117,186,187,-1,117,187,119,-1,119,187,188,-1,119,188,120,-1,120,188,189,-1,120,189,13,-1,13,189,190,-1,13,190,12,-1,12,190,191,-1,12,191,25,-1,191,192,25,-1,25,192,193,-1,25,193,24,-1,24,193,194,-1,24,194,55,-1,55,194,195,-1,55,195,53,-1,195,196,53,-1,53,196,197,-1,53,197,51,-1,51,197,198,-1,51,198,49,-1,199,20,5,-1,49,198,200,-1,201,21,200,-1,200,21,47,-1,200,47,49,-1,201,202,21,-1,21,202,203,-1,21,203,22,-1,22,203,204,-1,22,204,3,-1,3,204,205,-1,3,205,4,-1,4,205,206,-1,4,206,5,-1,5,206,207,-1,5,207,199,-1,18,20,208,-1,208,20,199,-1,16,18,209,-1,209,18,208,-1,17,16,210,-1,210,16,209,-1,19,17,211,-1,211,17,210,-1,19,211,212,-1,19,212,89,-1,89,212,213,-1,89,213,87,-1,87,213,214,-1,87,214,85,-1,85,214,215,-1,85,215,83,-1,83,215,216,-1,83,216,81,-1,81,216,217,-1,81,217,79,-1,79,217,218,-1,79,218,77,-1,77,218,219,-1,77,219,75,-1,75,219,220,-1,75,220,11,-1,11,220,221,-1,11,221,14,-1,14,221,222,-1,14,222,118,-1,118,222,223,-1,118,223,116,-1,116,223,224,-1,116,224,114,-1,114,224,225,-1,114,225,112,-1,110,112,225,-1,225,226,110,-1,110,226,227,-1,110,227,228,-1,229,132,228,-1,228,132,134,-1,228,134,110,-1,229,230,132,-1,132,230,231,-1,132,231,0,-1,0,231,232,-1,0,232,1,-1,1,232,233,-1,1,233,39,-1,39,233,234,-1,39,234,40,-1,40,234,235,-1,40,235,42,-1,42,235,236,-1,42,236,43,-1,43,236,237,-1,43,237,7,-1,7,237,238,-1,7,238,8,-1,8,238,239,-1,8,239,35,-1,35,239,240,-1,35,240,37,-1,37,240,241,-1,37,241,122,-1,122,241,242,-1,122,242,124,-1,124,242,243,-1,124,243,126,-1,126,243,244,-1,126,244,128,-1,128,244,245,-1,128,245,129,-1,129,245,246,-1,129,246,106,-1,106,246,247,-1,106,247,108,-1,108,247,248,-1,108,248,109,-1,109,248,26,-1,26,248,249,-1,26,249,250,-1,27,26,251,-1,251,26,250,-1,27,251,252,-1,27,252,29,-1,29,252,253,-1,29,253,31,-1,31,253,254,-1,31,254,92,-1,92,254,255,-1,92,255,93,-1,93,255,256,-1,93,256,95,-1,256,257,95,-1,95,257,258,-1,95,258,97,-1,97,258,259,-1,97,259,99,-1,99,259,260,-1,99,260,101,-1,101,260,261,-1,101,261,103,-1,103,261,262,-1,103,262,104,-1,104,262,263,-1,104,263,63,-1,63,263,264,-1,63,264,65,-1,65,264,265,-1,65,265,67,-1,67,265,266,-1,67,266,69,-1,71,69,267,-1,267,69,266,-1,71,267,268,-1,71,268,140,-1,140,268,269,-1,140,269,137,-1,137,269,270,-1,137,270,151,-1,151,270,271,-1,151,271,145,-1,145,271,272,-1,145,272,146,-1,146,272,273,-1,146,273,148,-1,148,273,274,-1,148,274,149,-1,149,274,275,-1,149,275,150,-1,150,275,276,-1,150,276,147,-1,147,276,277,-1,147,277,142,-1,142,277,278,-1,142,278,143,-1,143,278,279,-1,143,279,144,-1,144,279,280,-1,144,280,138,-1,138,280,281,-1,138,281,139,-1,139,281,282,-1,139,282,141,-1,141,282,283,-1,141,283,72,-1,72,283,284,-1,72,284,70,-1,68,70,285,-1,285,70,284,-1,68,285,286,-1,68,286,66,-1,66,286,287,-1,66,287,64,-1,64,287,288,-1,64,288,62,-1,62,288,289,-1,62,289,102,-1,102,289,290,-1,102,290,100,-1,100,290,156,-1,100,156,98,-1,84,291,292,-1,84,292,86,-1,86,292,293,-1,86,293,88,-1,88,293,294,-1,88,294,90,-1,90,294,295,-1,90,295,91,-1,91,295,296,-1,91,296,58,-1,58,296,297,-1,58,297,59,-1,59,297,298,-1,59,298,60,-1,60,298,299,-1,60,299,61,-1,61,299,300,-1,61,300,44,-1,44,300,301,-1,44,301,45,-1,45,301,302,-1,45,302,46,-1,46,302,303,-1,46,303,48,-1,48,303,304,-1,48,304,50,-1,50,304,305,-1,50,305,52,-1,52,305,306,-1,52,306,54,-1,54,306,307,-1,54,307,56,-1,56,307,308,-1,56,308,57,-1,57,308,309,-1,57,309,23,-1,23,309,310,-1,23,310,9,-1,9,310,311,-1,9,311,10,-1,10,311,312,-1,10,312,73,-1,73,312,313,-1,73,313,74,-1,74,313,314,-1,74,314,76,-1,76,314,315,-1,76,315,78,-1,78,315,316,-1,78,316,80,-1,80,316,317,-1,80,317,82,-1,82,317,291,-1,82,291,84,-1,
        ]
    }
}
Shape{
    appearance Appearance {
        material  Material {
            diffuseColor 0.7529411764705882 0.7529411764705882 0.7529411764705882
            specularColor 0.3764705882352941 0.3764705882352941 0.3764705882352941
            ambientIntensity 0.7529
            transparency 0.0
            shininess 0.5
        }
    }
    geometry IndexedFaceSet {
        ccw TRUE
        solid FALSE
        coord DEF co Coordinate {
            point [
                3.2657 -3.4992 0.6925, 3.2657 -3.5226 0.7567, 3.2657 -3.5263 0.7527, 3.2657 -3.4881 0.6937, 3.2657 -3.4799 0.697, 3.2657 -3.4897 0.7656, 3.2657 -3.4976 0.7664, 3.2657 -3.5069 0.7653, 3.2657 -3.5152 0.762, 3.2657 -3.5328 0.7178, 3.2657 -3.529 0.7098, 3.2657 -3.5236 0.7031, 3.2657 -3.4976 0.6924, 3.2657 -3.5313 0.7449, 3.2657 -3.534 0.736, 3.2657 -3.5345 0.7267, 3.2657 -3.5163 0.6975, 3.2657 -3.5077 0.6939, 3.2657 -3.4727 0.7021, 3.2657 -3.4675 0.7079, 3.2657 -3.4631 0.7161, 3.2657 -3.4609 0.7252, 3.2657 -3.4609 0.7339, 3.2657 -3.463 0.7427, 3.2657 -3.4672 0.7505, 3.2657 -3.4733 0.7573, 3.2657 -3.4809 0.7624
            ]
        }
        coordIndex [
            0,1,2,-1,3,4,5,-1,6,7,0,-1,0,7,8,-1,0,8,1,-1,9,10,2,-1,2,10,11,-1,6,0,5,-1,5,0,12,-1,5,12,3,-1,13,14,2,-1,2,14,15,-1,2,15,9,-1,11,16,2,-1,2,16,17,-1,2,17,0,-1,4,18,5,-1,5,18,19,-1,5,19,20,-1,20,21,5,-1,5,21,22,-1,5,22,23,-1,23,24,5,-1,5,24,25,-1,5,25,26,-1,
        ]
    }
}