#VRML V2.0 utf8
# 3D model generated by kicad-lcsc-manager
# Based on easyeda2kicad.py v1.0.1

Shape{
    appearance Appearance {
        material  Material {
            diffuseColor 0.2235294117647059 0.2235294117647059 0.2235294117647059
            specularColor 0.11372549019607843 0.11372549019607843 0.11372549019607843
            ambientIntensity 0.2235
            transparency 0.0
            shininess 0.5
        }
    }
    geometry IndexedFaceSet {
        ccw TRUE
        solid FALSE
        coord DEF co Coordinate {
            point [
                -2.3632 -0.2215 1.9696, -2.3632 -0.2215 0.5229, -1.5346 -0.2215 1.9696, -1.5346 -0.2215 0.5229, -1.1331 -0.2215 0.5229, -1.1331 -0.2215 1.9696, -1.2354 -0.2215 0.5229, -1.3378 -0.2215 1.9696, -1.3378 -0.2215 0.5229, -0.7315 -0.2215 0.5229, -0.7315 -0.2215 1.9696, -0.8339 -0.2215 0.5229, -0.9362 -0.2215 1.9696, -0.9362 -0.2215 0.5229, -0.3299 -0.2215 0.5229, -0.3299 -0.2215 1.9696, -0.4323 -0.2215 0.5229, -0.5346 -0.2215 1.9696, -0.5346 -0.2215 0.5229, 0.0717 -0.2215 0.5229, 0.0717 -0.2215 1.9696, -0.0307 -0.2215 0.5229, -0.1331 -0.2215 1.9696, -0.1331 -0.2215 0.5229, 0.4732 -0.2215 0.5229, 0.4732 -0.2215 1.9696, 0.3709 -0.2215 0.5229, 0.2685 -0.2215 1.9696, 0.2685 -0.2215 0.5229, 0.8748 -0.2215 0.5229, 0.8748 -0.2215 1.9696, 0.7724 -0.2215 0.5229, 0.6701 -0.2215 1.9696, 0.6701 -0.2215 0.5229, 1.2764 -0.2215 0.5229, 1.2764 -0.2215 1.9696, 1.174 -0.2215 0.5229, 1.0717 -0.2215 1.9696, 1.0717 -0.2215 0.5229, 1.2334 -4.1585 3.9533, 1.2334 -4.1585 3.3158, 2.3805 -4.1585 3.3158, 2.3805 -4.1585 2.3937, 2.6858 -4.1585 2.3937, 2.6858 -4.1585 4.1339, 0.7294 -4.1585 4.1339, 0.7294 -4.1585 3.9533, -2.7472 -4.1585 2.3937, -2.442 -4.1585 2.3937, -2.7472 -4.1585 4.1339, -2.442 -4.1585 3.3158, -0.7908 -4.1585 3.9533, -0.7908 -4.1585 4.1339, -1.2948 -4.1585 3.9533, -1.2948 -4.1585 3.3158, 0.7294 -4.0797 3.8745, 0.7294 -2.9774 3.8745, 1.1546 -4.0797 3.8745, 1.1546 -2.9774 3.8745, -1.216 -4.0797 3.8745, -1.216 -2.9774 3.8745, -0.7908 -4.0797 3.8745, -0.7908 -2.9774 3.8745, -0.7908 -2.9774 4.1339, 0.7294 -2.9774 4.1339, 1.1546 -2.9774 4.1339, 1.1546 1.747 4.1339, 2.6858 1.6486 4.1339, 2.5874 1.747 4.1339, 2.6825 1.6741 4.1339, 2.6726 1.6978 4.1339, 2.657 1.7182 4.1339, 2.6366 1.7339 4.1339, 2.6129 1.7437 4.1339, -2.442 -4.1585 1.2283, -2.7472 -4.1585 1.2283, -2.442 -4.1585 0.4442, -2.7472 -4.1585 0.0197, 2.3805 -4.1585 0.4442, 2.6858 -4.1585 0.0197, 2.3805 -4.1585 1.2283, 2.6858 -4.1585 1.2283, 1.1546 -0.2608 2.8186, 2.3018 -0.2608 2.8186, 1.1546 -0.9695 2.8186, 2.3018 -0.9695 2.8186, -2.3632 -0.9695 2.8186, -2.3632 -0.2608 2.8186, -1.216 -0.9695 2.8186, -1.216 -0.2608 2.8186, 1.1546 0.1329 3.8745, 1.1546 1.747 3.8745, 1.1546 0.1329 2.2482, 1.1546 -0.2608 2.2482, 1.1546 -0.9695 3.2371, 1.1546 -4.0797 3.2371, 2.6858 -3.8238 2.3937, 2.6858 -3.8238 1.2283, 2.6858 -2.6604 0.8071, 2.6858 -2.6604 0.0197, 2.6858 -1.6998 0.0197, 2.6858 -1.6998 0.8071, 2.6858 -0.3376 0.8071, 2.6858 -3.253 0.8071, 2.6858 -3.253 0.0197, 2.6858 1.3612 0.2953, 2.6858 1.6486 0.2953, 2.6858 1.3612 0.8071, 2.6858 0.623 0.8071, 2.6858 0.623 0.0197, 2.6858 -0.3376 0.0197, -2.7472 -3.8238 2.3937, -2.7472 1.6486 4.1339, -2.7472 1.6486 0.2953, -2.7472 1.3612 0.2953, -2.7472 1.3612 0.8071, -2.7472 0.623 0.8071, -2.7472 0.623 0.0197, -2.7472 -0.3376 0.0197, -2.7472 -1.6998 0.0197, -2.7472 -2.6604 0.0197, -2.7472 -1.6998 0.8071, -2.7472 -2.6604 0.8071, -2.7472 -0.3376 0.8071, -2.7472 -3.8238 1.2283, -2.7472 -3.253 0.0197, -2.7472 -3.253 0.8071, -2.8535 -1.6998 0.0197, -2.8535 -1.875 0.0197, -3.0425 -1.875 0.0197, 2.9811 -0.1624 0.0197, 2.9811 -1.875 0.0197, 2.7921 -1.6998 0.0197, 2.7921 -1.875 0.0197, -3.0425 -2.4852 0.0197, -2.8535 -2.4852 0.0197, -2.8535 -2.6604 0.0197, -3.0425 -3.253 0.0197, -2.8535 0.4478 0.0197, -3.0425 0.4478 0.0197, -2.8535 0.623 0.0197, -3.0425 1.3612 0.0197, 1.8837 1.1209 0.0197, -2.0845 1.3612 0.0197, 1.9478 1.1474 0.0197, 2.0165 1.1565 0.0197, 1.8262 1.747 0.0197, 2.0231 1.747 0.0197, 1.8262 1.3612 0.0197, 2.0231 1.3612 0.0197, -1.8478 1.0236 0.0197, 1.8286 1.0787 0.0197, 1.7864 1.0236 0.0197, 1.7598 0.9595 0.0197, -1.8213 0.9595 0.0197, 2.9811 1.3612 0.0197, 2.7921 0.623 0.0197, 2.9811 0.4478 0.0197, 2.7921 0.4478 0.0197, -2.2659 1.0787 0.0197, -2.3081 1.0236 0.0197, -2.3346 0.9595 0.0197, -2.3437 0.8907 0.0197, 2.2044 1.0787 0.0197, 2.1494 1.1209 0.0197, 2.0853 1.1474 0.0197, -3.0425 -0.1624 0.0197, -2.8535 -0.1624 0.0197, -2.8535 -0.3376 0.0197, -1.89 1.0787 0.0197, -1.9451 1.1209 0.0197, -2.0092 1.1474 0.0197, -2.078 1.1565 0.0197, -2.1467 1.1474 0.0197, -2.2108 1.1209 0.0197, -1.2354 1.3612 0.0197, -0.8339 1.3612 0.0197, 2.7921 -0.3376 0.0197, 2.7921 -0.1624 0.0197, 2.7921 -2.4852 0.0197, 2.9811 -2.4852 0.0197, 2.7921 -2.6604 0.0197, 2.9811 -3.253 0.0197, -2.0845 1.747 0.0197, -1.8877 1.747 0.0197, -1.8877 1.3612 0.0197, -1.7062 1.3612 0.0197, 2.2732 0.822 0.0197, 2.2823 0.8907 0.0197, 2.2732 0.9595 0.0197, 2.2467 1.0236 0.0197, -0.4323 1.3612 0.0197, -0.0307 1.3612 0.0197, 0.3709 1.3612 0.0197, -2.3346 0.822 0.0197, -2.3081 0.7579 0.0197, -2.2659 0.7028 0.0197, -2.2108 0.6606 0.0197, -2.1467 0.6341 0.0197, -2.078 0.625 0.0197, -2.0092 0.6341 0.0197, -1.9451 0.6606 0.0197, -1.89 0.7028 0.0197, 1.7864 0.7579 0.0197, -1.8478 0.7579 0.0197, -1.8213 0.822 0.0197, 0.7724 1.3612 0.0197, 1.174 1.3612 0.0197, -1.8122 0.8907 0.0197, 1.7508 0.8907 0.0197, 1.7598 0.822 0.0197, 1.8286 0.7028 0.0197, 1.8837 0.6606 0.0197, 1.9478 0.6341 0.0197, 2.0165 0.625 0.0197, 2.0853 0.6341 0.0197, 2.1494 0.6606 0.0197, 2.2044 0.7028 0.0197, 2.2467 0.7579 0.0197, -1.8877 1.747 2.2638, -2.0845 1.747 0.2953, -1.216 1.747 3.8745, 1.8262 1.747 2.2638, 2.5874 1.747 0.2953, 2.0231 1.747 0.2953, -2.6488 1.747 0.2953, -2.6488 1.747 4.1339, -1.216 1.747 4.1339, -1.216 -2.9774 4.1339, -2.6743 1.7437 4.1339, -2.698 1.7339 4.1339, -2.7184 1.7182 4.1339, -2.7341 1.6978 4.1339, -2.7439 1.6741 4.1339, 2.2732 0.9595 -0.3346, 2.2467 1.0236 -0.3346, 2.2044 1.0787 -0.3346, 2.1494 1.1209 -0.3346, 2.0853 1.1474 -0.3346, 2.0165 1.1565 -0.3346, 1.9478 1.1474 -0.3346, 1.8837 1.1209 -0.3346, 1.8286 1.0787 -0.3346, 1.7864 1.0236 -0.3346, 1.7598 0.9595 -0.3346, 1.7508 0.8907 -0.3346, 1.7598 0.822 -0.3346, 1.7864 0.7579 -0.3346, 1.8286 0.7028 -0.3346, 1.8837 0.6606 -0.3346, 1.9478 0.6341 -0.3346, 2.0165 0.625 -0.3346, 2.0853 0.6341 -0.3346, 2.1494 0.6606 -0.3346, 2.2044 0.7028 -0.3346, 2.2467 0.7579 -0.3346, 2.2732 0.822 -0.3346, 2.2823 0.8907 -0.3346, 2.1444 0.9646 -0.4528, 2.1591 0.929 -0.4528, 2.0165 0.8907 -0.4528, 2.1642 0.8907 -0.4528, 2.1591 0.8525 -0.4528, 2.0547 1.0334 -0.4528, 2.0904 1.0186 -0.4528, 2.1209 0.9951 -0.4528, 1.9427 1.0186 -0.4528, 1.9783 1.0334 -0.4528, 2.0165 1.0384 -0.4528, 1.8739 0.929 -0.4528, 1.8887 0.9646 -0.4528, 1.9121 0.9951 -0.4528, 1.8887 0.8169 -0.4528, 1.8739 0.8525 -0.4528, 1.8689 0.8907 -0.4528, 1.9783 0.7481 -0.4528, 1.9427 0.7629 -0.4528, 1.9121 0.7863 -0.4528, 2.0904 0.7629 -0.4528, 2.0547 0.7481 -0.4528, 2.0165 0.7431 -0.4528, 2.1444 0.8169 -0.4528, 2.1209 0.7863 -0.4528, -1.8213 0.9595 -0.3346, -1.8478 1.0236 -0.3346, -1.89 1.0787 -0.3346, -1.9451 1.1209 -0.3346, -2.0092 1.1474 -0.3346, -2.078 1.1565 -0.3346, -2.1467 1.1474 -0.3346, -2.2108 1.1209 -0.3346, -2.2659 1.0787 -0.3346, -2.3081 1.0236 -0.3346, -2.3346 0.9595 -0.3346, -2.3437 0.8907 -0.3346, -2.3346 0.822 -0.3346, -2.3081 0.7579 -0.3346, -2.2659 0.7028 -0.3346, -2.2108 0.6606 -0.3346, -2.1467 0.6341 -0.3346, -2.078 0.625 -0.3346, -2.0092 0.6341 -0.3346, -1.9451 0.6606 -0.3346, -1.89 0.7028 -0.3346, -1.8478 0.7579 -0.3346, -1.8213 0.822 -0.3346, -1.8122 0.8907 -0.3346, -1.9501 0.9646 -0.4528, -1.9353 0.929 -0.4528, -2.078 0.8907 -0.4528, -1.9303 0.8907 -0.4528, -1.9353 0.8525 -0.4528, -2.0397 1.0334 -0.4528, -2.0041 1.0186 -0.4528, -1.9736 0.9951 -0.4528, -2.1518 1.0186 -0.4528, -2.1162 1.0334 -0.4528, -2.078 1.0384 -0.4528, -2.2206 0.929 -0.4528, -2.2058 0.9646 -0.4528, -2.1823 0.9951 -0.4528, -2.2058 0.8169 -0.4528, -2.2206 0.8525 -0.4528, -2.2256 0.8907 -0.4528, -2.1162 0.7481 -0.4528, -2.1518 0.7629 -0.4528, -2.1823 0.7863 -0.4528, -2.0041 0.7629 -0.4528, -2.0397 0.7481 -0.4528, -2.078 0.7431 -0.4528, -1.9501 0.8169 -0.4528, -1.9736 0.7863 -0.4528, -1.8251 0.9585 -0.3652, -1.8513 1.0216 -0.3652, -1.8929 1.0758 -0.3652, -1.9471 1.1174 -0.3652, -2.0102 1.1435 -0.3652, -2.078 1.1525 -0.3652, -2.1457 1.1435 -0.3652, -2.2088 1.1174 -0.3652, -2.263 1.0758 -0.3652, -2.3046 1.0216 -0.3652, -2.3308 0.9585 -0.3652, -2.3397 0.8907 -0.3652, -2.3308 0.823 -0.3652, -2.3046 0.7599 -0.3652, -2.263 0.7057 -0.3652, -2.2088 0.6641 -0.3652, -2.1457 0.6379 -0.3652, -2.078 0.629 -0.3652, -2.0102 0.6379 -0.3652, -1.9471 0.6641 -0.3652, -1.8929 0.7057 -0.3652, -1.8513 0.7599 -0.3652, -1.8251 0.823 -0.3652, -1.8162 0.8907 -0.3652, -1.8365 0.9554 -0.3937, -1.8615 1.0157 -0.3937, -1.9012 1.0675 -0.3937, -1.953 1.1072 -0.3937, -2.0133 1.1322 -0.3937, -2.078 1.1407 -0.3937, -2.1426 1.1322 -0.3937, -2.2029 1.1072 -0.3937, -2.2547 1.0675 -0.3937, -2.2944 1.0157 -0.3937, -2.3194 0.9554 -0.3937, -2.3279 0.8907 -0.3937, -2.3194 0.8261 -0.3937, -2.2944 0.7658 -0.3937, -2.2547 0.714 -0.3937, -2.2029 0.6743 -0.3937, -2.1426 0.6493 -0.3937, -2.078 0.6408 -0.3937, -2.0133 0.6493 -0.3937, -1.953 0.6743 -0.3937, -1.9012 0.714 -0.3937, -1.8615 0.7658 -0.3937, -1.8365 0.8261 -0.3937, -1.828 0.8907 -0.3937, -1.8547 0.9506 -0.4182, -1.8778 1.0063 -0.4182, -1.9145 1.0542 -0.4182, -1.9624 1.0909 -0.4182, -2.0181 1.114 -0.4182, -2.078 1.1219 -0.4182, -2.1378 1.114 -0.4182, -2.1935 1.0909 -0.4182, -2.2414 1.0542 -0.4182, -2.2781 1.0063 -0.4182, -2.3012 0.9506 -0.4182, -2.3091 0.8907 -0.4182, -2.3012 0.8309 -0.4182, -2.2781 0.7752 -0.4182, -2.2414 0.7273 -0.4182, -2.1935 0.6906 -0.4182, -2.1378 0.6675 -0.4182, -2.078 0.6596 -0.4182, -2.0181 0.6675 -0.4182, -1.9624 0.6906 -0.4182, -1.9145 0.7273 -0.4182, -1.8778 0.7752 -0.4182, -1.8547 0.8309 -0.4182, -1.8468 0.8907 -0.4182, -1.8783 0.9442 -0.4369, -1.899 0.9941 -0.4369, -1.9318 1.0369 -0.4369, -1.9746 1.0697 -0.4369, -2.0245 1.0904 -0.4369, -2.078 1.0974 -0.4369, -2.1315 1.0904 -0.4369, -2.1813 1.0697 -0.4369, -2.2241 1.0369 -0.4369, -2.257 0.9941 -0.4369, -2.2776 0.9442 -0.4369, -2.2846 0.8907 -0.4369, -2.2776 0.8372 -0.4369, -2.257 0.7874 -0.4369, -2.2241 0.7446 -0.4369, -2.1813 0.7117 -0.4369, -2.1315 0.6911 -0.4369, -2.078 0.6841 -0.4369, -2.0245 0.6911 -0.4369, -1.9746 0.7117 -0.4369, -1.9318 0.7446 -0.4369, -1.899 0.7874 -0.4369, -1.8783 0.8372 -0.4369, -1.8713 0.8907 -0.4369, -1.9058 0.9369 -0.4487, -1.9236 0.9798 -0.4487, -1.9519 1.0168 -0.4487, -1.9889 1.0451 -0.4487, -2.0318 1.0629 -0.4487, -2.078 1.0689 -0.4487, -2.1241 1.0629 -0.4487, -2.1671 1.0451 -0.4487, -2.204 1.0168 -0.4487, -2.2323 0.9798 -0.4487, -2.2501 0.9369 -0.4487, -2.2562 0.8907 -0.4487, -2.2501 0.8446 -0.4487, -2.2323 0.8016 -0.4487, -2.204 0.7647 -0.4487, -2.1671 0.7364 -0.4487, -2.1241 0.7186 -0.4487, -2.078 0.7125 -0.4487, -2.0318 0.7186 -0.4487, -1.9889 0.7364 -0.4487, -1.9519 0.7647 -0.4487, -1.9236 0.8016 -0.4487, -1.9058 0.8446 -0.4487, -1.8997 0.8907 -0.4487, 2.2693 0.9585 -0.3652, 2.2432 1.0216 -0.3652, 2.2016 1.0758 -0.3652, 2.1474 1.1174 -0.3652, 2.0843 1.1435 -0.3652, 2.0165 1.1525 -0.3652, 1.9488 1.1435 -0.3652, 1.8857 1.1174 -0.3652, 1.8315 1.0758 -0.3652, 1.7899 1.0216 -0.3652, 1.7637 0.9585 -0.3652, 1.7548 0.8907 -0.3652, 1.7637 0.823 -0.3652, 1.7899 0.7599 -0.3652, 1.8315 0.7057 -0.3652, 1.8857 0.6641 -0.3652, 1.9488 0.6379 -0.3652, 2.0165 0.629 -0.3652, 2.0843 0.6379 -0.3652, 2.1474 0.6641 -0.3652, 2.2016 0.7057 -0.3652, 2.2432 0.7599 -0.3652, 2.2693 0.823 -0.3652, 2.2783 0.8907 -0.3652, 2.2579 0.9554 -0.3937, 2.233 1.0157 -0.3937, 2.1933 1.0675 -0.3937, 2.1415 1.1072 -0.3937, 2.0812 1.1322 -0.3937, 2.0165 1.1407 -0.3937, 1.9518 1.1322 -0.3937, 1.8916 1.1072 -0.3937, 1.8398 1.0675 -0.3937, 1.8001 1.0157 -0.3937, 1.7751 0.9554 -0.3937, 1.7666 0.8907 -0.3937, 1.7751 0.8261 -0.3937, 1.8001 0.7658 -0.3937, 1.8398 0.714 -0.3937, 1.8916 0.6743 -0.3937, 1.9518 0.6493 -0.3937, 2.0165 0.6408 -0.3937, 2.0812 0.6493 -0.3937, 2.1415 0.6743 -0.3937, 2.1933 0.714 -0.3937, 2.233 0.7658 -0.3937, 2.2579 0.8261 -0.3937, 2.2665 0.8907 -0.3937, 2.2398 0.9506 -0.4182, 2.2167 1.0063 -0.4182, 2.18 1.0542 -0.4182, 2.1321 1.0909 -0.4182, 2.0764 1.114 -0.4182, 2.0165 1.1219 -0.4182, 1.9567 1.114 -0.4182, 1.901 1.0909 -0.4182, 1.8531 1.0542 -0.4182, 1.8163 1.0063 -0.4182, 1.7933 0.9506 -0.4182, 1.7854 0.8907 -0.4182, 1.7933 0.8309 -0.4182, 1.8163 0.7752 -0.4182, 1.8531 0.7273 -0.4182, 1.901 0.6906 -0.4182, 1.9567 0.6675 -0.4182, 2.0165 0.6596 -0.4182, 2.0764 0.6675 -0.4182, 2.1321 0.6906 -0.4182, 2.18 0.7273 -0.4182, 2.2167 0.7752 -0.4182, 2.2398 0.8309 -0.4182, 2.2477 0.8907 -0.4182, 2.2162 0.9442 -0.4369, 2.1955 0.9941 -0.4369, 2.1627 1.0369 -0.4369, 2.1199 1.0697 -0.4369, 2.07 1.0904 -0.4369, 2.0165 1.0974 -0.4369, 1.963 1.0904 -0.4369, 1.9132 1.0697 -0.4369, 1.8704 1.0369 -0.4369, 1.8375 0.9941 -0.4369, 1.8169 0.9442 -0.4369, 1.8098 0.8907 -0.4369, 1.8169 0.8372 -0.4369, 1.8375 0.7874 -0.4369, 1.8704 0.7446 -0.4369, 1.9132 0.7117 -0.4369, 1.963 0.6911 -0.4369, 2.0165 0.6841 -0.4369, 2.07 0.6911 -0.4369, 2.1199 0.7117 -0.4369, 2.1627 0.7446 -0.4369, 2.1955 0.7874 -0.4369, 2.2162 0.8372 -0.4369, 2.2232 0.8907 -0.4369, 2.1887 0.9369 -0.4487, 2.1709 0.9798 -0.4487, 2.1425 1.0168 -0.4487, 2.1056 1.0451 -0.4487, 2.0627 1.0629 -0.4487, 2.0165 1.0689 -0.4487, 1.9704 1.0629 -0.4487, 1.9274 1.0451 -0.4487, 1.8905 1.0168 -0.4487, 1.8622 0.9798 -0.4487, 1.8444 0.9369 -0.4487, 1.8383 0.8907 -0.4487, 1.8444 0.8446 -0.4487, 1.8622 0.8016 -0.4487, 1.8905 0.7647 -0.4487, 1.9274 0.7364 -0.4487, 1.9704 0.7186 -0.4487, 2.0165 0.7125 -0.4487, 2.0627 0.7186 -0.4487, 2.1056 0.7364 -0.4487, 2.1425 0.7647 -0.4487, 2.1709 0.8016 -0.4487, 2.1887 0.8446 -0.4487, 2.1947 0.8907 -0.4487, 2.7921 0.623 0.8071, 2.7921 0.4478 0.8071, 2.9811 0.4478 0.8071, 2.9811 1.3612 0.8071, 2.0231 1.3612 0.2953, 2.9811 -0.1624 0.8071, 2.9811 -1.875 0.8071, 2.7921 -0.1624 0.8071, 2.7921 -0.3376 0.8071, 2.7921 -1.6998 0.8071, 2.7921 -1.875 0.8071, -2.8535 -0.1624 0.8071, -2.8535 -0.3376 0.8071, -3.0425 -0.1624 0.8071, -3.0425 -1.875 0.8071, -2.8535 -1.875 0.8071, -2.8535 -1.6998 0.8071, 2.9811 -3.253 0.8071, 2.9811 -2.4852 0.8071, 2.7921 -2.4852 0.8071, 2.7921 -2.6604 0.8071, -2.8535 0.623 0.8071, -2.0845 1.3612 0.2953, -3.0425 1.3612 0.8071, -3.0425 0.4478 0.8071, -2.8535 0.4478 0.8071, -2.8535 -2.4852 0.8071, -2.8535 -2.6604 0.8071, -3.0425 -2.4852 0.8071, -3.0425 -3.253 0.8071, -2.7439 1.6741 0.2953, -2.7341 1.6978 0.2953, -2.7184 1.7182 0.2953, -2.698 1.7339 0.2953, -2.6743 1.7437 0.2953, 2.6129 1.7437 0.2953, 2.6366 1.7339 0.2953, 2.657 1.7182 0.2953, 2.6726 1.6978 0.2953, 2.6825 1.6741 0.2953, 1.8262 1.3612 2.2638, 1.8262 1.3612 0.1729, -1.8877 1.3612 0.1729, -1.8877 1.3612 2.2638, -1.5248 1.3612 0.4639, -1.5248 1.3612 0.3261, -1.7062 1.3612 0.1729, -1.1232 1.3612 0.4639, -1.1232 1.3612 0.3261, -1.2354 1.3612 0.1729, -0.8339 1.3612 0.1729, -0.4323 1.3612 0.1729, -0.0307 1.3612 0.1729, 0.3709 1.3612 0.1729, 0.7724 1.3612 0.1729, 1.174 1.3612 0.1729, 1.2862 1.3612 0.3261, 1.4634 1.3612 0.3261, 1.4634 1.3612 0.4639, 1.2862 1.3612 0.4639, 1.174 1.3612 2.2638, 0.8846 1.3612 0.3261, 1.0618 1.3612 0.3261, 1.0618 1.3612 0.4639, 0.8846 1.3612 0.4639, 0.7724 1.3612 2.2638, 0.4831 1.3612 0.3261, 0.6602 1.3612 0.3261, 0.6602 1.3612 0.4639, 0.4831 1.3612 0.4639, 0.3709 1.3612 2.2638, 0.0815 1.3612 0.3261, 0.2587 1.3612 0.3261, 0.2587 1.3612 0.4639, 0.0815 1.3612 0.4639, -0.0307 1.3612 2.2638, -0.3201 1.3612 0.3261, -0.1429 1.3612 0.3261, -0.1429 1.3612 0.4639, -0.3201 1.3612 0.4639, -0.4323 1.3612 2.2638, -0.7217 1.3612 0.3261, -0.5445 1.3612 0.3261, -0.5445 1.3612 0.4639, -0.7217 1.3612 0.4639, -0.8339 1.3612 2.2638, -0.9461 1.3612 0.3261, -0.9461 1.3612 0.4639, -1.2354 1.3612 2.2638, -1.3476 1.3612 0.3261, -1.3476 1.3612 0.4639, -1.7062 1.3612 2.2638, 2.3018 -4.0797 0.5229, 2.3018 -4.0797 1.2283, 2.3018 -3.5003 0.5229, 2.3018 -3.7451 1.2283, 2.3018 -0.2215 1.9696, 2.3018 -0.2215 0.5229, 2.3018 -0.2608 1.9696, 2.3018 -4.0797 2.3937, 2.3018 -4.0797 3.2371, 2.3018 -3.7451 2.3937, 2.3018 -0.9695 3.2371, -2.3632 -4.0797 1.2283, -2.3632 -4.0797 0.5229, -2.3632 -3.7451 1.2283, -2.3632 -3.5003 0.5229, -2.3632 -0.2608 1.9696, -2.3632 -0.9695 3.2371, -2.3632 -3.7451 2.3937, -2.3632 -4.0797 3.2371, -2.3632 -4.0797 2.3937, -1.216 -0.2608 2.2482, -1.216 0.1329 2.2482, -1.216 0.1329 3.8745, -1.216 -0.9695 3.2371, -1.216 -4.0797 3.2371, 1.174 -3.5003 0.5229, -1.3378 0.1722 0.5229, -1.5346 0.1722 0.5229, -1.5248 -2.9208 0.5229, -1.5248 -2.773 0.5229, -1.3476 -2.9208 0.5229, -1.2354 -3.5003 0.5229, -1.3476 -2.773 0.5229, -0.9362 0.1722 0.5229, -1.1331 0.1722 0.5229, -1.1232 -2.9208 0.5229, -1.1232 -2.773 0.5229, -0.9461 -2.9208 0.5229, -0.8339 -3.5003 0.5229, -0.9461 -2.773 0.5229, -0.5346 0.1722 0.5229, -0.7315 0.1722 0.5229, -0.7217 -2.9208 0.5229, -0.7217 -2.773 0.5229, -0.5445 -2.9208 0.5229, -0.4323 -3.5003 0.5229, -0.5445 -2.773 0.5229, -0.1331 0.1722 0.5229, -0.3299 0.1722 0.5229, -0.3201 -2.9208 0.5229, -0.3201 -2.773 0.5229, -0.1429 -2.9208 0.5229, -0.0307 -3.5003 0.5229, -0.1429 -2.773 0.5229, 0.2685 0.1722 0.5229, 0.0717 0.1722 0.5229, 0.0815 -2.9208 0.5229, 0.0815 -2.773 0.5229, 0.2587 -2.9208 0.5229, 0.3709 -3.5003 0.5229, 0.2587 -2.773 0.5229, 0.6701 0.1722 0.5229, 0.4732 0.1722 0.5229, 0.4831 -2.9208 0.5229, 0.4831 -2.773 0.5229, 0.6602 -2.9208 0.5229, 0.7724 -3.5003 0.5229, 0.6602 -2.773 0.5229, 1.0717 0.1722 0.5229, 0.8748 0.1722 0.5229, 0.8846 -2.9208 0.5229, 0.8846 -2.773 0.5229, 1.0618 -2.9208 0.5229, 1.0618 -2.773 0.5229, 1.4634 -2.773 0.5229, 1.4634 -2.9208 0.5229, 1.8826 -3.5003 0.5229, 1.4732 0.1722 0.5229, 1.2764 0.1722 0.5229, 1.4732 -0.2215 0.5229, 1.2862 -2.9208 0.5229, 1.2862 -2.773 0.5229, 1.8826 -0.2215 0.5229, 1.8826 -4.0797 0.5229, 1.174 -4.0797 0.5229, 0.7724 -4.0797 0.5229, 0.3709 -4.0797 0.5229, -0.0307 -4.0797 0.5229, -0.4323 -4.0797 0.5229, -0.8339 -4.0797 0.5229, -1.2354 -4.0797 0.5229, -0.3299 0.1722 1.9696, -0.1331 0.1722 1.9696, 0.4732 0.1722 1.9696, 0.6701 0.1722 1.9696, 1.4732 -0.2215 1.9696, -1.5346 0.1722 1.9696, -1.3378 0.1722 1.9696, -1.1331 0.1722 1.9696, -0.9362 0.1722 1.9696, -0.7315 0.1722 1.9696, -0.5346 0.1722 1.9696, 0.0717 0.1722 1.9696, 0.2685 0.1722 1.9696, 1.2764 0.1722 1.9696, 1.4732 0.1722 1.9696, 1.0717 0.1722 1.9696, 0.8748 0.1722 1.9696, -2.442 -3.8238 2.3937, -2.442 -3.8238 1.2283, 2.3805 -3.8238 2.3937, 2.3805 -3.8238 1.2283
            ]
        }
        coordIndex [
            0,1,2,-1,2,1,3,-1,4,5,6,-1,6,5,7,-1,6,7,8,-1,9,10,11,-1,11,10,12,-1,11,12,13,-1,14,15,16,-1,16,15,17,-1,16,17,18,-1,19,20,21,-1,21,20,22,-1,21,22,23,-1,24,25,26,-1,26,25,27,-1,26,27,28,-1,29,30,31,-1,31,30,32,-1,31,32,33,-1,34,35,36,-1,36,35,37,-1,36,37,38,-1,39,40,41,-1,42,43,41,-1,41,43,44,-1,41,44,39,-1,39,44,45,-1,39,45,46,-1,47,48,49,-1,49,48,50,-1,51,52,53,-1,53,52,49,-1,53,49,54,-1,54,49,50,-1,55,56,57,-1,57,56,58,-1,59,60,61,-1,61,60,62,-1,61,62,51,-1,51,62,63,-1,51,63,52,-1,46,45,55,-1,55,45,64,-1,55,64,56,-1,64,45,65,-1,65,45,44,-1,65,44,66,-1,66,44,67,-1,66,67,68,-1,68,67,69,-1,69,70,71,-1,71,72,69,-1,69,72,73,-1,69,73,68,-1,74,75,76,-1,76,75,77,-1,76,77,78,-1,78,77,79,-1,78,79,80,-1,80,79,81,-1,82,83,84,-1,84,83,85,-1,86,87,88,-1,88,87,89,-1,58,65,90,-1,90,65,66,-1,90,66,91,-1,92,93,90,-1,90,93,82,-1,82,84,90,-1,90,84,94,-1,90,94,58,-1,58,94,95,-1,58,95,57,-1,44,43,96,-1,97,81,79,-1,98,99,100,-1,101,96,97,-1,44,96,67,-1,67,96,101,-1,67,101,102,-1,100,101,98,-1,98,101,97,-1,98,97,103,-1,103,97,79,-1,103,79,104,-1,105,106,107,-1,107,106,67,-1,107,67,108,-1,108,67,102,-1,108,102,109,-1,109,102,110,-1,47,49,111,-1,111,49,112,-1,113,114,115,-1,116,117,118,-1,119,120,121,-1,121,120,122,-1,118,123,116,-1,116,123,111,-1,116,111,115,-1,115,111,112,-1,115,112,113,-1,77,75,124,-1,77,124,125,-1,123,121,111,-1,111,121,122,-1,111,122,124,-1,124,122,126,-1,124,126,125,-1,127,128,129,-1,130,131,132,-1,132,131,133,-1,134,135,136,-1,120,125,136,-1,136,125,137,-1,136,137,134,-1,138,139,140,-1,140,139,141,-1,142,143,144,-1,144,143,145,-1,146,147,148,-1,148,147,149,-1,148,149,145,-1,150,142,151,-1,151,152,150,-1,150,152,153,-1,150,153,154,-1,109,155,156,-1,156,155,157,-1,156,157,158,-1,159,160,141,-1,141,160,161,-1,141,161,140,-1,140,161,162,-1,140,162,117,-1,109,163,155,-1,155,163,164,-1,155,164,149,-1,149,164,165,-1,149,165,145,-1,166,167,168,-1,150,169,142,-1,142,169,170,-1,142,170,143,-1,143,170,171,-1,171,172,143,-1,143,172,173,-1,143,173,141,-1,141,173,174,-1,141,174,159,-1,175,176,145,-1,99,120,100,-1,100,120,110,-1,100,110,132,-1,132,110,177,-1,132,177,130,-1,130,177,178,-1,179,180,181,-1,181,180,182,-1,181,182,99,-1,99,182,104,-1,99,104,120,-1,120,104,79,-1,120,79,125,-1,125,79,77,-1,183,184,143,-1,143,184,185,-1,143,185,145,-1,145,185,186,-1,145,186,175,-1,187,188,109,-1,188,189,109,-1,109,189,190,-1,109,190,163,-1,176,191,145,-1,145,191,192,-1,145,192,193,-1,162,194,117,-1,117,194,195,-1,117,195,118,-1,118,195,196,-1,197,198,119,-1,119,198,199,-1,119,199,200,-1,201,202,203,-1,203,202,204,-1,203,204,205,-1,193,206,145,-1,145,206,207,-1,145,207,148,-1,196,197,118,-1,118,197,119,-1,118,119,168,-1,168,119,127,-1,168,127,166,-1,166,127,129,-1,154,153,208,-1,208,153,209,-1,208,209,205,-1,205,209,210,-1,205,210,203,-1,200,201,119,-1,119,201,203,-1,119,203,120,-1,120,203,211,-1,211,212,120,-1,120,212,213,-1,120,213,110,-1,110,213,214,-1,110,214,215,-1,215,216,110,-1,110,216,217,-1,110,217,109,-1,109,217,218,-1,109,218,187,-1,219,184,220,-1,220,184,183,-1,219,221,222,-1,222,221,91,-1,68,223,224,-1,220,225,219,-1,219,225,226,-1,219,226,221,-1,221,226,227,-1,91,66,222,-1,222,66,68,-1,222,68,146,-1,146,68,224,-1,146,224,147,-1,52,63,49,-1,49,63,228,-1,228,227,49,-1,49,227,226,-1,49,226,112,-1,112,226,229,-1,229,230,231,-1,231,232,229,-1,229,232,233,-1,229,233,112,-1,188,234,189,-1,189,234,235,-1,189,235,190,-1,190,235,236,-1,190,236,163,-1,163,236,237,-1,163,237,164,-1,164,237,238,-1,164,238,165,-1,165,238,239,-1,165,239,145,-1,145,239,240,-1,145,240,144,-1,144,240,241,-1,144,241,142,-1,142,241,242,-1,142,242,151,-1,151,242,243,-1,151,243,152,-1,152,243,244,-1,152,244,153,-1,153,244,245,-1,153,245,209,-1,209,245,246,-1,209,246,210,-1,210,246,247,-1,210,247,203,-1,203,247,248,-1,203,248,211,-1,211,248,249,-1,211,249,212,-1,212,249,250,-1,212,250,213,-1,213,250,251,-1,213,251,214,-1,214,251,252,-1,214,252,215,-1,215,252,253,-1,215,253,216,-1,216,253,254,-1,216,254,217,-1,217,254,255,-1,217,255,218,-1,218,255,256,-1,218,256,187,-1,187,256,257,-1,187,257,188,-1,188,257,234,-1,258,259,260,-1,260,259,261,-1,260,261,262,-1,263,264,260,-1,260,264,265,-1,260,265,258,-1,266,267,260,-1,260,267,268,-1,260,268,263,-1,269,270,260,-1,260,270,271,-1,260,271,266,-1,272,273,260,-1,260,273,274,-1,260,274,269,-1,275,276,260,-1,260,276,277,-1,260,277,272,-1,278,279,260,-1,260,279,280,-1,260,280,275,-1,262,281,260,-1,260,281,282,-1,260,282,278,-1,208,283,154,-1,154,283,284,-1,154,284,150,-1,150,284,285,-1,150,285,169,-1,169,285,286,-1,169,286,170,-1,170,286,287,-1,170,287,171,-1,171,287,288,-1,171,288,172,-1,172,288,289,-1,172,289,173,-1,173,289,290,-1,173,290,174,-1,174,290,291,-1,174,291,159,-1,159,291,292,-1,159,292,160,-1,160,292,293,-1,160,293,161,-1,161,293,294,-1,161,294,162,-1,162,294,295,-1,162,295,194,-1,194,295,296,-1,194,296,195,-1,195,296,297,-1,195,297,196,-1,196,297,298,-1,196,298,197,-1,197,298,299,-1,197,299,198,-1,198,299,300,-1,198,300,199,-1,199,300,301,-1,199,301,200,-1,200,301,302,-1,200,302,201,-1,201,302,303,-1,201,303,202,-1,202,303,304,-1,202,304,204,-1,204,304,305,-1,204,305,205,-1,205,305,306,-1,205,306,208,-1,208,306,283,-1,307,308,309,-1,309,308,310,-1,309,310,311,-1,312,313,309,-1,309,313,314,-1,309,314,307,-1,315,316,309,-1,309,316,317,-1,309,317,312,-1,318,319,309,-1,309,319,320,-1,309,320,315,-1,321,322,309,-1,309,322,323,-1,309,323,318,-1,324,325,309,-1,309,325,326,-1,309,326,321,-1,327,328,309,-1,309,328,329,-1,309,329,324,-1,311,330,309,-1,309,330,331,-1,309,331,327,-1,306,332,283,-1,283,332,333,-1,283,333,284,-1,284,333,334,-1,284,334,285,-1,285,334,335,-1,285,335,286,-1,286,335,336,-1,286,336,287,-1,287,336,337,-1,287,337,288,-1,288,337,338,-1,288,338,289,-1,289,338,339,-1,289,339,290,-1,290,339,340,-1,290,340,291,-1,291,340,341,-1,291,341,292,-1,292,341,342,-1,292,342,293,-1,293,342,343,-1,293,343,294,-1,294,343,344,-1,294,344,295,-1,295,344,345,-1,295,345,296,-1,296,345,346,-1,296,346,297,-1,297,346,347,-1,297,347,298,-1,298,347,348,-1,298,348,299,-1,299,348,349,-1,299,349,300,-1,300,349,350,-1,300,350,301,-1,301,350,351,-1,301,351,302,-1,302,351,352,-1,302,352,303,-1,303,352,353,-1,303,353,304,-1,304,353,354,-1,304,354,305,-1,305,354,355,-1,305,355,306,-1,306,355,332,-1,355,356,332,-1,332,356,357,-1,332,357,333,-1,333,357,358,-1,333,358,334,-1,334,358,359,-1,334,359,335,-1,335,359,360,-1,335,360,336,-1,336,360,361,-1,336,361,337,-1,337,361,362,-1,337,362,338,-1,338,362,363,-1,338,363,339,-1,339,363,364,-1,339,364,340,-1,340,364,365,-1,340,365,341,-1,341,365,366,-1,341,366,342,-1,342,366,367,-1,342,367,343,-1,343,367,368,-1,343,368,344,-1,344,368,369,-1,344,369,345,-1,345,369,370,-1,345,370,346,-1,346,370,371,-1,346,371,347,-1,347,371,372,-1,347,372,348,-1,348,372,373,-1,348,373,349,-1,349,373,374,-1,349,374,350,-1,350,374,375,-1,350,375,351,-1,351,375,376,-1,351,376,352,-1,352,376,377,-1,352,377,353,-1,353,377,378,-1,353,378,354,-1,354,378,379,-1,354,379,355,-1,355,379,356,-1,379,380,356,-1,356,380,381,-1,356,381,357,-1,357,381,382,-1,357,382,358,-1,358,382,383,-1,358,383,359,-1,359,383,384,-1,359,384,360,-1,360,384,385,-1,360,385,361,-1,361,385,386,-1,361,386,362,-1,362,386,387,-1,362,387,363,-1,363,387,388,-1,363,388,364,-1,364,388,389,-1,364,389,365,-1,365,389,390,-1,365,390,366,-1,366,390,391,-1,366,391,367,-1,367,391,392,-1,367,392,368,-1,368,392,393,-1,368,393,369,-1,369,393,394,-1,369,394,370,-1,370,394,395,-1,370,395,371,-1,371,395,396,-1,371,396,372,-1,372,396,397,-1,372,397,373,-1,373,397,398,-1,373,398,374,-1,374,398,399,-1,374,399,375,-1,375,399,400,-1,375,400,376,-1,376,400,401,-1,376,401,377,-1,377,401,402,-1,377,402,378,-1,378,402,403,-1,378,403,379,-1,379,403,380,-1,403,404,380,-1,380,404,405,-1,380,405,381,-1,381,405,406,-1,381,406,382,-1,382,406,407,-1,382,407,383,-1,383,407,408,-1,383,408,384,-1,384,408,409,-1,384,409,385,-1,385,409,410,-1,385,410,386,-1,386,410,411,-1,386,411,387,-1,387,411,412,-1,387,412,388,-1,388,412,413,-1,388,413,389,-1,389,413,414,-1,389,414,390,-1,390,414,415,-1,390,415,391,-1,391,415,416,-1,391,416,392,-1,392,416,417,-1,392,417,393,-1,393,417,418,-1,393,418,394,-1,394,418,419,-1,394,419,395,-1,395,419,420,-1,395,420,396,-1,396,420,421,-1,396,421,397,-1,397,421,422,-1,397,422,398,-1,398,422,423,-1,398,423,399,-1,399,423,424,-1,399,424,400,-1,400,424,425,-1,400,425,401,-1,401,425,426,-1,401,426,402,-1,402,426,427,-1,402,427,403,-1,403,427,404,-1,427,428,404,-1,404,428,429,-1,404,429,405,-1,405,429,430,-1,405,430,406,-1,406,430,431,-1,406,431,407,-1,407,431,432,-1,407,432,408,-1,408,432,433,-1,408,433,409,-1,409,433,434,-1,409,434,410,-1,410,434,435,-1,410,435,411,-1,411,435,436,-1,411,436,412,-1,412,436,437,-1,412,437,413,-1,413,437,438,-1,413,438,414,-1,414,438,439,-1,414,439,415,-1,415,439,440,-1,415,440,416,-1,416,440,441,-1,416,441,417,-1,417,441,442,-1,417,442,418,-1,418,442,443,-1,418,443,419,-1,419,443,444,-1,419,444,420,-1,420,444,445,-1,420,445,421,-1,421,445,446,-1,421,446,422,-1,422,446,447,-1,422,447,423,-1,423,447,448,-1,423,448,424,-1,424,448,449,-1,424,449,425,-1,425,449,450,-1,425,450,426,-1,426,450,451,-1,426,451,427,-1,427,451,428,-1,451,308,428,-1,428,308,307,-1,428,307,429,-1,429,307,314,-1,429,314,430,-1,430,314,313,-1,430,313,431,-1,431,313,312,-1,431,312,432,-1,432,312,317,-1,432,317,433,-1,433,317,316,-1,433,316,434,-1,434,316,315,-1,434,315,435,-1,435,315,320,-1,435,320,436,-1,436,320,319,-1,436,319,437,-1,437,319,318,-1,437,318,438,-1,438,318,323,-1,438,323,439,-1,439,323,322,-1,439,322,440,-1,440,322,321,-1,440,321,441,-1,441,321,326,-1,441,326,442,-1,442,326,325,-1,442,325,443,-1,443,325,324,-1,443,324,444,-1,444,324,329,-1,444,329,445,-1,445,329,328,-1,445,328,446,-1,446,328,327,-1,446,327,447,-1,447,327,331,-1,447,331,448,-1,448,331,330,-1,448,330,449,-1,449,330,311,-1,449,311,450,-1,450,311,310,-1,450,310,451,-1,451,310,308,-1,257,452,234,-1,234,452,453,-1,234,453,235,-1,235,453,454,-1,235,454,236,-1,236,454,455,-1,236,455,237,-1,237,455,456,-1,237,456,238,-1,238,456,457,-1,238,457,239,-1,239,457,458,-1,239,458,240,-1,240,458,459,-1,240,459,241,-1,241,459,460,-1,241,460,242,-1,242,460,461,-1,242,461,243,-1,243,461,462,-1,243,462,244,-1,244,462,463,-1,244,463,245,-1,245,463,464,-1,245,464,246,-1,246,464,465,-1,246,465,247,-1,247,465,466,-1,247,466,248,-1,248,466,467,-1,248,467,249,-1,249,467,468,-1,249,468,250,-1,250,468,469,-1,250,469,251,-1,251,469,470,-1,251,470,252,-1,252,470,471,-1,252,471,253,-1,253,471,472,-1,253,472,254,-1,254,472,473,-1,254,473,255,-1,255,473,474,-1,255,474,256,-1,256,474,475,-1,256,475,257,-1,257,475,452,-1,475,476,452,-1,452,476,477,-1,452,477,453,-1,453,477,478,-1,453,478,454,-1,454,478,479,-1,454,479,455,-1,455,479,480,-1,455,480,456,-1,456,480,481,-1,456,481,457,-1,457,481,482,-1,457,482,458,-1,458,482,483,-1,458,483,459,-1,459,483,484,-1,459,484,460,-1,460,484,485,-1,460,485,461,-1,461,485,486,-1,461,486,462,-1,462,486,487,-1,462,487,463,-1,463,487,488,-1,463,488,464,-1,464,488,489,-1,464,489,465,-1,465,489,490,-1,465,490,466,-1,466,490,491,-1,466,491,467,-1,467,491,492,-1,467,492,468,-1,468,492,493,-1,468,493,469,-1,469,493,494,-1,469,494,470,-1,470,494,495,-1,470,495,471,-1,471,495,496,-1,471,496,472,-1,472,496,497,-1,472,497,473,-1,473,497,498,-1,473,498,474,-1,474,498,499,-1,474,499,475,-1,475,499,476,-1,499,500,476,-1,476,500,501,-1,476,501,477,-1,477,501,502,-1,477,502,478,-1,478,502,503,-1,478,503,479,-1,479,503,504,-1,479,504,480,-1,480,504,505,-1,480,505,481,-1,481,505,506,-1,481,506,482,-1,482,506,507,-1,482,507,483,-1,483,507,508,-1,483,508,484,-1,484,508,509,-1,484,509,485,-1,485,509,510,-1,485,510,486,-1,486,510,511,-1,486,511,487,-1,487,511,512,-1,487,512,488,-1,488,512,513,-1,488,513,489,-1,489,513,514,-1,489,514,490,-1,490,514,515,-1,490,515,491,-1,491,515,516,-1,491,516,492,-1,492,516,517,-1,492,517,493,-1,493,517,518,-1,493,518,494,-1,494,518,519,-1,494,519,495,-1,495,519,520,-1,495,520,496,-1,496,520,521,-1,496,521,497,-1,497,521,522,-1,497,522,498,-1,498,522,523,-1,498,523,499,-1,499,523,500,-1,523,524,500,-1,500,524,525,-1,500,525,501,-1,501,525,526,-1,501,526,502,-1,502,526,527,-1,502,527,503,-1,503,527,528,-1,503,528,504,-1,504,528,529,-1,504,529,505,-1,505,529,530,-1,505,530,506,-1,506,530,531,-1,506,531,507,-1,507,531,532,-1,507,532,508,-1,508,532,533,-1,508,533,509,-1,509,533,534,-1,509,534,510,-1,510,534,535,-1,510,535,511,-1,511,535,536,-1,511,536,512,-1,512,536,537,-1,512,537,513,-1,513,537,538,-1,513,538,514,-1,514,538,539,-1,514,539,515,-1,515,539,540,-1,515,540,516,-1,516,540,541,-1,516,541,517,-1,517,541,542,-1,517,542,518,-1,518,542,543,-1,518,543,519,-1,519,543,544,-1,519,544,520,-1,520,544,545,-1,520,545,521,-1,521,545,546,-1,521,546,522,-1,522,546,547,-1,522,547,523,-1,523,547,524,-1,547,548,524,-1,524,548,549,-1,524,549,525,-1,525,549,550,-1,525,550,526,-1,526,550,551,-1,526,551,527,-1,527,551,552,-1,527,552,528,-1,528,552,553,-1,528,553,529,-1,529,553,554,-1,529,554,530,-1,530,554,555,-1,530,555,531,-1,531,555,556,-1,531,556,532,-1,532,556,557,-1,532,557,533,-1,533,557,558,-1,533,558,534,-1,534,558,559,-1,534,559,535,-1,535,559,560,-1,535,560,536,-1,536,560,561,-1,536,561,537,-1,537,561,562,-1,537,562,538,-1,538,562,563,-1,538,563,539,-1,539,563,564,-1,539,564,540,-1,540,564,565,-1,540,565,541,-1,541,565,566,-1,541,566,542,-1,542,566,567,-1,542,567,543,-1,543,567,568,-1,543,568,544,-1,544,568,569,-1,544,569,545,-1,545,569,570,-1,545,570,546,-1,546,570,571,-1,546,571,547,-1,547,571,548,-1,571,259,548,-1,548,259,258,-1,548,258,549,-1,549,258,265,-1,549,265,550,-1,550,265,264,-1,550,264,551,-1,551,264,263,-1,551,263,552,-1,552,263,268,-1,552,268,553,-1,553,268,267,-1,553,267,554,-1,554,267,266,-1,554,266,555,-1,555,266,271,-1,555,271,556,-1,556,271,270,-1,556,270,557,-1,557,270,269,-1,557,269,558,-1,558,269,274,-1,558,274,559,-1,559,274,273,-1,559,273,560,-1,560,273,272,-1,560,272,561,-1,561,272,277,-1,561,277,562,-1,562,277,276,-1,562,276,563,-1,563,276,275,-1,563,275,564,-1,564,275,280,-1,564,280,565,-1,565,280,279,-1,565,279,566,-1,566,279,278,-1,566,278,567,-1,567,278,282,-1,567,282,568,-1,568,282,281,-1,568,281,569,-1,569,281,262,-1,569,262,570,-1,570,262,261,-1,570,261,571,-1,571,261,259,-1,572,108,156,-1,156,108,109,-1,573,572,158,-1,158,572,156,-1,574,573,157,-1,157,573,158,-1,575,574,155,-1,155,574,157,-1,107,575,105,-1,105,575,155,-1,105,155,576,-1,576,155,149,-1,573,574,572,-1,572,574,575,-1,572,575,108,-1,108,575,107,-1,577,578,130,-1,130,578,131,-1,579,577,178,-1,178,577,130,-1,580,579,177,-1,177,579,178,-1,102,580,110,-1,110,580,177,-1,581,101,132,-1,132,101,100,-1,582,581,133,-1,133,581,132,-1,578,582,131,-1,131,582,133,-1,581,582,578,-1,577,579,580,-1,102,101,580,-1,580,101,581,-1,580,581,577,-1,577,581,578,-1,583,584,167,-1,167,584,168,-1,585,583,166,-1,166,583,167,-1,586,585,129,-1,129,585,166,-1,587,586,128,-1,128,586,129,-1,588,587,127,-1,127,587,128,-1,121,588,119,-1,119,588,127,-1,584,123,168,-1,168,123,118,-1,585,586,588,-1,588,586,587,-1,583,585,584,-1,584,585,588,-1,584,588,123,-1,123,588,121,-1,589,103,182,-1,182,103,104,-1,590,589,180,-1,180,589,182,-1,591,590,179,-1,179,590,180,-1,592,591,181,-1,181,591,179,-1,98,592,99,-1,99,592,181,-1,590,591,592,-1,98,103,592,-1,592,103,589,-1,592,589,590,-1,116,593,117,-1,117,593,140,-1,594,143,114,-1,114,143,141,-1,114,141,115,-1,115,141,595,-1,596,595,139,-1,139,595,141,-1,597,596,138,-1,138,596,139,-1,593,597,140,-1,140,597,138,-1,596,597,593,-1,116,115,593,-1,593,115,595,-1,593,595,596,-1,598,599,135,-1,135,599,136,-1,600,598,134,-1,134,598,135,-1,601,600,137,-1,137,600,134,-1,126,601,125,-1,125,601,137,-1,599,122,136,-1,136,122,120,-1,598,600,599,-1,599,600,601,-1,599,601,122,-1,122,601,126,-1,594,220,143,-1,143,220,183,-1,594,114,220,-1,220,114,113,-1,602,603,604,-1,604,605,602,-1,602,605,606,-1,602,606,113,-1,113,606,225,-1,113,225,220,-1,224,576,147,-1,147,576,149,-1,106,105,576,-1,576,224,106,-1,106,224,223,-1,106,223,607,-1,607,608,609,-1,609,610,607,-1,607,610,611,-1,607,611,106,-1,612,222,613,-1,613,222,146,-1,613,146,148,-1,185,184,614,-1,614,184,219,-1,614,219,615,-1,616,617,618,-1,619,620,621,-1,185,614,186,-1,186,614,618,-1,186,618,175,-1,175,618,621,-1,175,621,176,-1,176,621,622,-1,176,622,191,-1,191,622,623,-1,191,623,192,-1,192,623,624,-1,192,624,193,-1,193,624,625,-1,193,625,206,-1,206,625,626,-1,206,626,207,-1,207,626,627,-1,207,627,148,-1,148,627,613,-1,627,628,613,-1,613,628,629,-1,613,629,630,-1,631,632,630,-1,630,632,612,-1,630,612,613,-1,626,633,627,-1,627,633,634,-1,627,634,635,-1,636,637,635,-1,635,637,632,-1,635,632,627,-1,627,632,631,-1,627,631,628,-1,625,638,626,-1,626,638,639,-1,626,639,640,-1,641,642,640,-1,640,642,637,-1,640,637,626,-1,626,637,636,-1,626,636,633,-1,624,643,625,-1,625,643,644,-1,625,644,645,-1,646,647,645,-1,645,647,642,-1,645,642,625,-1,625,642,641,-1,625,641,638,-1,623,648,624,-1,624,648,649,-1,624,649,650,-1,651,652,650,-1,650,652,647,-1,650,647,624,-1,624,647,646,-1,624,646,643,-1,622,653,623,-1,623,653,654,-1,623,654,655,-1,656,657,655,-1,655,657,652,-1,655,652,623,-1,623,652,651,-1,623,651,648,-1,621,620,622,-1,622,620,658,-1,622,658,659,-1,619,660,659,-1,659,660,657,-1,659,657,622,-1,622,657,656,-1,622,656,653,-1,618,617,621,-1,621,617,661,-1,621,661,662,-1,619,621,660,-1,660,621,662,-1,660,662,663,-1,614,615,618,-1,618,615,663,-1,618,663,616,-1,616,663,662,-1,637,222,632,-1,632,222,612,-1,657,660,219,-1,219,660,663,-1,219,663,615,-1,637,642,222,-1,222,642,647,-1,222,647,219,-1,219,647,652,-1,219,652,657,-1,226,225,606,-1,226,606,229,-1,229,606,605,-1,229,605,230,-1,230,605,604,-1,230,604,231,-1,231,604,603,-1,231,603,232,-1,232,603,602,-1,232,602,233,-1,233,602,113,-1,233,113,112,-1,67,106,611,-1,67,611,69,-1,69,611,610,-1,69,610,70,-1,70,610,609,-1,70,609,71,-1,71,609,608,-1,71,608,72,-1,72,608,607,-1,72,607,73,-1,73,607,223,-1,73,223,68,-1,664,665,666,-1,666,665,667,-1,668,669,670,-1,670,669,666,-1,671,672,673,-1,673,672,674,-1,673,674,667,-1,667,674,85,-1,667,85,666,-1,666,85,83,-1,666,83,670,-1,675,676,677,-1,677,676,678,-1,1,0,678,-1,678,0,679,-1,679,87,678,-1,678,87,86,-1,678,86,677,-1,677,86,680,-1,677,680,681,-1,681,680,682,-1,681,682,683,-1,89,87,684,-1,684,87,679,-1,684,679,93,-1,93,679,670,-1,93,670,82,-1,82,670,83,-1,92,685,93,-1,93,685,684,-1,684,685,89,-1,89,685,686,-1,89,686,88,-1,88,686,687,-1,221,227,686,-1,686,227,228,-1,686,228,687,-1,687,228,60,-1,687,60,688,-1,688,60,59,-1,685,92,686,-1,686,92,90,-1,682,680,688,-1,688,680,687,-1,88,687,86,-1,86,687,680,-1,95,94,672,-1,672,94,674,-1,84,85,94,-1,94,85,674,-1,34,36,689,-1,690,691,8,-1,8,691,3,-1,678,692,693,-1,692,678,694,-1,694,678,695,-1,694,695,696,-1,696,695,6,-1,696,6,693,-1,693,6,8,-1,693,8,678,-1,678,8,3,-1,678,3,1,-1,697,698,13,-1,13,698,4,-1,695,699,700,-1,699,695,701,-1,701,695,702,-1,701,702,703,-1,703,702,11,-1,703,11,700,-1,700,11,13,-1,700,13,695,-1,695,13,4,-1,695,4,6,-1,704,705,18,-1,18,705,9,-1,702,706,707,-1,706,702,708,-1,708,702,709,-1,708,709,710,-1,710,709,16,-1,710,16,707,-1,707,16,18,-1,707,18,702,-1,702,18,9,-1,702,9,11,-1,711,712,23,-1,23,712,14,-1,709,713,714,-1,713,709,715,-1,715,709,716,-1,715,716,717,-1,717,716,21,-1,717,21,714,-1,714,21,23,-1,714,23,709,-1,709,23,14,-1,709,14,16,-1,718,719,28,-1,28,719,19,-1,716,720,721,-1,720,716,722,-1,722,716,723,-1,722,723,724,-1,724,723,26,-1,724,26,721,-1,721,26,28,-1,721,28,716,-1,716,28,19,-1,716,19,21,-1,725,726,33,-1,33,726,24,-1,723,727,728,-1,727,723,729,-1,729,723,730,-1,729,730,731,-1,731,730,31,-1,731,31,728,-1,728,31,33,-1,728,33,723,-1,723,33,24,-1,723,24,26,-1,732,733,38,-1,38,733,29,-1,730,734,735,-1,734,730,736,-1,736,730,689,-1,736,689,737,-1,737,689,36,-1,737,36,735,-1,735,36,38,-1,735,38,730,-1,730,38,29,-1,730,29,31,-1,738,739,740,-1,741,742,743,-1,743,742,34,-1,740,739,689,-1,689,739,744,-1,689,744,745,-1,34,689,743,-1,743,689,745,-1,743,745,746,-1,666,669,740,-1,740,669,746,-1,740,746,738,-1,738,746,745,-1,664,666,747,-1,747,666,740,-1,747,740,748,-1,748,740,689,-1,748,689,749,-1,749,689,730,-1,749,730,750,-1,750,730,723,-1,750,723,751,-1,751,723,716,-1,751,716,752,-1,752,716,709,-1,752,709,753,-1,753,709,702,-1,753,702,754,-1,754,702,695,-1,754,695,676,-1,676,695,678,-1,670,679,2,-1,2,679,0,-1,15,755,756,-1,22,20,670,-1,25,757,758,-1,759,668,670,-1,760,761,2,-1,2,761,7,-1,2,7,670,-1,670,7,5,-1,762,763,5,-1,5,763,12,-1,5,12,670,-1,670,12,10,-1,32,30,670,-1,764,765,10,-1,10,765,17,-1,10,17,670,-1,670,17,15,-1,670,15,22,-1,22,15,756,-1,766,767,20,-1,20,767,27,-1,20,27,670,-1,670,27,25,-1,670,25,32,-1,32,25,758,-1,35,768,769,-1,769,759,35,-1,35,759,670,-1,35,670,37,-1,37,670,30,-1,37,30,770,-1,770,30,771,-1,669,668,746,-1,746,668,759,-1,746,759,743,-1,686,90,221,-1,221,90,91,-1,58,56,65,-1,65,56,64,-1,60,228,62,-1,62,228,63,-1,772,111,773,-1,773,111,124,-1,675,677,773,-1,675,773,74,-1,74,773,124,-1,74,124,75,-1,47,111,48,-1,48,111,772,-1,48,772,683,-1,683,772,681,-1,671,673,774,-1,671,774,42,-1,42,774,96,-1,42,96,43,-1,81,97,80,-1,80,97,775,-1,80,775,665,-1,665,775,667,-1,775,97,774,-1,774,97,96,-1,774,673,775,-1,775,673,667,-1,681,772,677,-1,677,772,773,-1,76,676,74,-1,74,676,675,-1,664,747,78,-1,78,747,748,-1,78,748,749,-1,749,750,78,-1,78,750,751,-1,78,751,76,-1,76,751,752,-1,752,753,76,-1,76,753,754,-1,76,754,676,-1,664,78,665,-1,665,78,80,-1,57,39,55,-1,55,39,46,-1,95,40,57,-1,57,40,39,-1,672,41,95,-1,95,41,40,-1,671,42,672,-1,672,42,41,-1,53,59,51,-1,51,59,61,-1,54,688,53,-1,53,688,59,-1,50,682,54,-1,54,682,688,-1,48,683,50,-1,50,683,682,-1,769,741,759,-1,759,741,743,-1,742,768,34,-1,34,768,35,-1,742,741,768,-1,768,741,769,-1,770,732,37,-1,37,732,38,-1,733,771,29,-1,29,771,30,-1,733,732,771,-1,771,732,770,-1,758,725,32,-1,32,725,33,-1,726,757,24,-1,24,757,25,-1,726,725,757,-1,757,725,758,-1,767,718,27,-1,27,718,28,-1,719,766,19,-1,19,766,20,-1,719,718,766,-1,766,718,767,-1,756,711,22,-1,22,711,23,-1,712,755,14,-1,14,755,15,-1,712,711,755,-1,755,711,756,-1,765,704,17,-1,17,704,18,-1,705,764,9,-1,9,764,10,-1,705,704,764,-1,764,704,765,-1,763,697,12,-1,12,697,13,-1,698,762,4,-1,4,762,5,-1,698,697,762,-1,762,697,763,-1,691,760,3,-1,3,760,2,-1,761,690,7,-1,7,690,8,-1,690,761,691,-1,691,761,760,-1,
        ]
    }
}
Shape{
    appearance Appearance {
        material  Material {
            diffuseColor 0.9686274509803922 0.8784313725490196 0.6
            specularColor 0.6784313725490196 0.615686274509804 0.4196078431372549
            ambientIntensity 0.8737
            transparency 0.0
            shininess 0.5
        }
    }
    geometry IndexedFaceSet {
        ccw TRUE
        solid FALSE
        coord DEF co Coordinate {
            point [
                -1.3476 0.0318 1.7837, -1.3476 -2.7652 0.5278, -1.5248 0.0318 1.7837, -1.5248 -2.7652 0.5278, -1.3476 -0.0246 1.9094, -1.5248 -0.0246 1.9094, -1.3476 -2.8216 0.6535, -1.5248 -2.8216 0.6535, -1.3476 -2.9092 0.564, -1.3476 -2.9208 0.5229, -1.3476 -2.773 0.5229, -1.3476 -2.7693 0.5257, -1.3476 -2.8581 0.6314, -1.3476 -2.8879 0.6009, -1.5248 -2.8581 0.6314, -1.5248 -2.7693 0.5257, -1.5248 -2.8879 0.6009, -1.5248 -2.773 0.5229, -1.5248 -2.9092 0.564, -1.5248 -2.9208 0.5229, -1.3476 1.3665 0.4639, -1.5248 1.3665 0.4639, -1.3476 1.3612 0.4639, -1.5248 1.3612 0.4639, -1.5248 1.3612 0.3261, -1.5248 1.3665 0.3261, -1.3476 1.3612 0.3261, -1.3476 1.3665 0.3261, -1.3476 2.4655 0.0, -1.3476 2.4655 0.1378, -1.3476 1.6224 0.0, -1.3476 1.6224 0.1378, -1.3476 1.5714 0.0067, -1.3476 1.6071 0.1398, -1.3476 1.524 0.0264, -1.3476 1.5929 0.1457, -1.3476 1.4832 0.0577, -1.3476 1.5806 0.1551, -1.3476 1.4519 0.0984, -1.3476 1.5712 0.1673, -1.3476 1.4322 0.1459, -1.3476 1.5653 0.1816, -1.3476 1.4255 0.1969, -1.3476 1.5633 0.1969, -1.3476 1.4255 0.267, -1.3476 1.5633 0.267, -1.3476 1.4235 0.2823, -1.3476 1.5566 0.318, -1.3476 1.4176 0.2966, -1.3476 1.537 0.3654, -1.3476 1.4082 0.3088, -1.3476 1.5057 0.4062, -1.3476 1.396 0.3182, -1.3476 1.4649 0.4375, -1.3476 1.3818 0.3241, -1.3476 1.4174 0.4572, -1.5248 1.3818 0.3241, -1.5248 1.4174 0.4572, -1.5248 1.396 0.3182, -1.5248 1.4649 0.4375, -1.5248 1.4082 0.3088, -1.5248 1.5057 0.4062, -1.5248 1.4176 0.2966, -1.5248 1.537 0.3654, -1.5248 1.4235 0.2823, -1.5248 1.5566 0.318, -1.5248 1.4255 0.267, -1.5248 1.5633 0.267, -1.5248 1.4255 0.1969, -1.5248 1.5633 0.1969, -1.5248 1.4322 0.1459, -1.5248 1.5653 0.1816, -1.5248 1.4519 0.0984, -1.5248 1.5712 0.1673, -1.5248 1.4832 0.0577, -1.5248 1.5806 0.1551, -1.5248 1.524 0.0264, -1.5248 1.5929 0.1457, -1.5248 1.5714 0.0067, -1.5248 1.6071 0.1398, -1.5248 1.6224 0.0, -1.5248 1.6224 0.1378, -1.5248 2.4655 0.0, -1.5248 2.4655 0.1378, -0.9461 0.0318 1.7837, -0.9461 -2.7652 0.5278, -1.1232 0.0318 1.7837, -1.1232 -2.7652 0.5278, -0.9461 -0.0246 1.9094, -1.1232 -0.0246 1.9094, -0.9461 -2.8216 0.6535, -1.1232 -2.8216 0.6535, -0.9461 -2.9092 0.564, -0.9461 -2.9208 0.5229, -0.9461 -2.773 0.5229, -0.9461 -2.7693 0.5257, -0.9461 -2.8581 0.6314, -0.9461 -2.8879 0.6009, -1.1232 -2.8581 0.6314, -1.1232 -2.7693 0.5257, -1.1232 -2.8879 0.6009, -1.1232 -2.773 0.5229, -1.1232 -2.9092 0.564, -1.1232 -2.9208 0.5229, -0.9461 1.3665 0.4639, -1.1232 1.3665 0.4639, -0.9461 1.3612 0.4639, -1.1232 1.3612 0.4639, -1.1232 1.3612 0.3261, -1.1232 1.3665 0.3261, -0.9461 1.3612 0.3261, -0.9461 1.3665 0.3261, -0.9461 2.4655 0.0, -0.9461 2.4655 0.1378, -0.9461 1.6224 0.0, -0.9461 1.6224 0.1378, -0.9461 1.5714 0.0067, -0.9461 1.6071 0.1398, -0.9461 1.524 0.0264, -0.9461 1.5929 0.1457, -0.9461 1.4832 0.0577, -0.9461 1.5806 0.1551, -0.9461 1.4519 0.0984, -0.9461 1.5712 0.1673, -0.9461 1.4322 0.1459, -0.9461 1.5653 0.1816, -0.9461 1.4255 0.1969, -0.9461 1.5633 0.1969, -0.9461 1.4255 0.267, -0.9461 1.5633 0.267, -0.9461 1.4235 0.2823, -0.9461 1.5566 0.318, -0.9461 1.4176 0.2966, -0.9461 1.537 0.3654, -0.9461 1.4082 0.3088, -0.9461 1.5057 0.4062, -0.9461 1.396 0.3182, -0.9461 1.4649 0.4375, -0.9461 1.3818 0.3241, -0.9461 1.4174 0.4572, -1.1232 1.3818 0.3241, -1.1232 1.4174 0.4572, -1.1232 1.396 0.3182, -1.1232 1.4649 0.4375, -1.1232 1.4082 0.3088, -1.1232 1.5057 0.4062, -1.1232 1.4176 0.2966, -1.1232 1.537 0.3654, -1.1232 1.4235 0.2823, -1.1232 1.5566 0.318, -1.1232 1.4255 0.267, -1.1232 1.5633 0.267, -1.1232 1.4255 0.1969, -1.1232 1.5633 0.1969, -1.1232 1.4322 0.1459, -1.1232 1.5653 0.1816, -1.1232 1.4519 0.0984, -1.1232 1.5712 0.1673, -1.1232 1.4832 0.0577, -1.1232 1.5806 0.1551, -1.1232 1.524 0.0264, -1.1232 1.5929 0.1457, -1.1232 1.5714 0.0067, -1.1232 1.6071 0.1398, -1.1232 1.6224 0.0, -1.1232 1.6224 0.1378, -1.1232 2.4655 0.0, -1.1232 2.4655 0.1378, -0.5445 0.0318 1.7837, -0.5445 -2.7652 0.5278, -0.7217 0.0318 1.7837, -0.7217 -2.7652 0.5278, -0.5445 -0.0246 1.9094, -0.7217 -0.0246 1.9094, -0.5445 -2.8216 0.6535, -0.7217 -2.8216 0.6535, -0.5445 -2.9092 0.564, -0.5445 -2.9208 0.5229, -0.5445 -2.773 0.5229, -0.5445 -2.7693 0.5257, -0.5445 -2.8581 0.6314, -0.5445 -2.8879 0.6009, -0.7217 -2.8581 0.6314, -0.7217 -2.7693 0.5257, -0.7217 -2.8879 0.6009, -0.7217 -2.773 0.5229, -0.7217 -2.9092 0.564, -0.7217 -2.9208 0.5229, -0.5445 1.3665 0.4639, -0.7217 1.3665 0.4639, -0.5445 1.3612 0.4639, -0.7217 1.3612 0.4639, -0.7217 1.3612 0.3261, -0.7217 1.3665 0.3261, -0.5445 1.3612 0.3261, -0.5445 1.3665 0.3261, -0.5445 2.4655 0.0, -0.5445 2.4655 0.1378, -0.5445 1.6224 0.0, -0.5445 1.6224 0.1378, -0.5445 1.5714 0.0067, -0.5445 1.6071 0.1398, -0.5445 1.524 0.0264, -0.5445 1.5929 0.1457, -0.5445 1.4832 0.0577, -0.5445 1.5806 0.1551, -0.5445 1.4519 0.0984, -0.5445 1.5712 0.1673, -0.5445 1.4322 0.1459, -0.5445 1.5653 0.1816, -0.5445 1.4255 0.1969, -0.5445 1.5633 0.1969, -0.5445 1.4255 0.267, -0.5445 1.5633 0.267, -0.5445 1.4235 0.2823, -0.5445 1.5566 0.318, -0.5445 1.4176 0.2966, -0.5445 1.537 0.3654, -0.5445 1.4082 0.3088, -0.5445 1.5057 0.4062, -0.5445 1.396 0.3182, -0.5445 1.4649 0.4375, -0.5445 1.3818 0.3241, -0.5445 1.4174 0.4572, -0.7217 1.3818 0.3241, -0.7217 1.4174 0.4572, -0.7217 1.396 0.3182, -0.7217 1.4649 0.4375, -0.7217 1.4082 0.3088, -0.7217 1.5057 0.4062, -0.7217 1.4176 0.2966, -0.7217 1.537 0.3654, -0.7217 1.4235 0.2823, -0.7217 1.5566 0.318, -0.7217 1.4255 0.267, -0.7217 1.5633 0.267, -0.7217 1.4255 0.1969, -0.7217 1.5633 0.1969, -0.7217 1.4322 0.1459, -0.7217 1.5653 0.1816, -0.7217 1.4519 0.0984, -0.7217 1.5712 0.1673, -0.7217 1.4832 0.0577, -0.7217 1.5806 0.1551, -0.7217 1.524 0.0264, -0.7217 1.5929 0.1457, -0.7217 1.5714 0.0067, -0.7217 1.6071 0.1398, -0.7217 1.6224 0.0, -0.7217 1.6224 0.1378, -0.7217 2.4655 0.0, -0.7217 2.4655 0.1378, -0.1429 0.0318 1.7837, -0.1429 -2.7652 0.5278, -0.3201 0.0318 1.7837, -0.3201 -2.7652 0.5278, -0.1429 -0.0246 1.9094, -0.3201 -0.0246 1.9094, -0.1429 -2.8216 0.6535, -0.3201 -2.8216 0.6535, -0.1429 -2.9092 0.564, -0.1429 -2.9208 0.5229, -0.1429 -2.773 0.5229, -0.1429 -2.7693 0.5257, -0.1429 -2.8581 0.6314, -0.1429 -2.8879 0.6009, -0.3201 -2.8581 0.6314, -0.3201 -2.7693 0.5257, -0.3201 -2.8879 0.6009, -0.3201 -2.773 0.5229, -0.3201 -2.9092 0.564, -0.3201 -2.9208 0.5229, -0.1429 1.3665 0.4639, -0.3201 1.3665 0.4639, -0.1429 1.3612 0.4639, -0.3201 1.3612 0.4639, -0.3201 1.3612 0.3261, -0.3201 1.3665 0.3261, -0.1429 1.3612 0.3261, -0.1429 1.3665 0.3261, -0.1429 2.4655 0.0, -0.1429 2.4655 0.1378, -0.1429 1.6224 0.0, -0.1429 1.6224 0.1378, -0.1429 1.5714 0.0067, -0.1429 1.6071 0.1398, -0.1429 1.524 0.0264, -0.1429 1.5929 0.1457, -0.1429 1.4832 0.0577, -0.1429 1.5806 0.1551, -0.1429 1.4519 0.0984, -0.1429 1.5712 0.1673, -0.1429 1.4322 0.1459, -0.1429 1.5653 0.1816, -0.1429 1.4255 0.1969, -0.1429 1.5633 0.1969, -0.1429 1.4255 0.267, -0.1429 1.5633 0.267, -0.1429 1.4235 0.2823, -0.1429 1.5566 0.318, -0.1429 1.4176 0.2966, -0.1429 1.537 0.3654, -0.1429 1.4082 0.3088, -0.1429 1.5057 0.4062, -0.1429 1.396 0.3182, -0.1429 1.4649 0.4375, -0.1429 1.3818 0.3241, -0.1429 1.4174 0.4572, -0.3201 1.3818 0.3241, -0.3201 1.4174 0.4572, -0.3201 1.396 0.3182, -0.3201 1.4649 0.4375, -0.3201 1.4082 0.3088, -0.3201 1.5057 0.4062, -0.3201 1.4176 0.2966, -0.3201 1.537 0.3654, -0.3201 1.4235 0.2823, -0.3201 1.5566 0.318, -0.3201 1.4255 0.267, -0.3201 1.5633 0.267, -0.3201 1.4255 0.1969, -0.3201 1.5633 0.1969, -0.3201 1.4322 0.1459, -0.3201 1.5653 0.1816, -0.3201 1.4519 0.0984, -0.3201 1.5712 0.1673, -0.3201 1.4832 0.0577, -0.3201 1.5806 0.1551, -0.3201 1.524 0.0264, -0.3201 1.5929 0.1457, -0.3201 1.5714 0.0067, -0.3201 1.6071 0.1398, -0.3201 1.6224 0.0, -0.3201 1.6224 0.1378, -0.3201 2.4655 0.0, -0.3201 2.4655 0.1378, 0.2587 0.0318 1.7837, 0.2587 -2.7652 0.5278, 0.0815 0.0318 1.7837, 0.0815 -2.7652 0.5278, 0.2587 -0.0246 1.9094, 0.0815 -0.0246 1.9094, 0.2587 -2.8216 0.6535, 0.0815 -2.8216 0.6535, 0.2587 -2.9092 0.564, 0.2587 -2.9208 0.5229, 0.2587 -2.773 0.5229, 0.2587 -2.7693 0.5257, 0.2587 -2.8581 0.6314, 0.2587 -2.8879 0.6009, 0.0815 -2.8581 0.6314, 0.0815 -2.7693 0.5257, 0.0815 -2.8879 0.6009, 0.0815 -2.773 0.5229, 0.0815 -2.9092 0.564, 0.0815 -2.9208 0.5229, 0.2587 1.3665 0.4639, 0.0815 1.3665 0.4639, 0.2587 1.3612 0.4639, 0.0815 1.3612 0.4639, 0.0815 1.3612 0.3261, 0.0815 1.3665 0.3261, 0.2587 1.3612 0.3261, 0.2587 1.3665 0.3261, 0.2587 2.4655 0.0, 0.2587 2.4655 0.1378, 0.2587 1.6224 0.0, 0.2587 1.6224 0.1378, 0.2587 1.5714 0.0067, 0.2587 1.6071 0.1398, 0.2587 1.524 0.0264, 0.2587 1.5929 0.1457, 0.2587 1.4832 0.0577, 0.2587 1.5806 0.1551, 0.2587 1.4519 0.0984, 0.2587 1.5712 0.1673, 0.2587 1.4322 0.1459, 0.2587 1.5653 0.1816, 0.2587 1.4255 0.1969, 0.2587 1.5633 0.1969, 0.2587 1.4255 0.267, 0.2587 1.5633 0.267, 0.2587 1.4235 0.2823, 0.2587 1.5566 0.318, 0.2587 1.4176 0.2966, 0.2587 1.537 0.3654, 0.2587 1.4082 0.3088, 0.2587 1.5057 0.4062, 0.2587 1.396 0.3182, 0.2587 1.4649 0.4375, 0.2587 1.3818 0.3241, 0.2587 1.4174 0.4572, 0.0815 1.3818 0.3241, 0.0815 1.4174 0.4572, 0.0815 1.396 0.3182, 0.0815 1.4649 0.4375, 0.0815 1.4082 0.3088, 0.0815 1.5057 0.4062, 0.0815 1.4176 0.2966, 0.0815 1.537 0.3654, 0.0815 1.4235 0.2823, 0.0815 1.5566 0.318, 0.0815 1.4255 0.267, 0.0815 1.5633 0.267, 0.0815 1.4255 0.1969, 0.0815 1.5633 0.1969, 0.0815 1.4322 0.1459, 0.0815 1.5653 0.1816, 0.0815 1.4519 0.0984, 0.0815 1.5712 0.1673, 0.0815 1.4832 0.0577, 0.0815 1.5806 0.1551, 0.0815 1.524 0.0264, 0.0815 1.5929 0.1457, 0.0815 1.5714 0.0067, 0.0815 1.6071 0.1398, 0.0815 1.6224 0.0, 0.0815 1.6224 0.1378, 0.0815 2.4655 0.0, 0.0815 2.4655 0.1378, 0.6602 0.0318 1.7837, 0.6602 -2.7652 0.5278, 0.4831 0.0318 1.7837, 0.4831 -2.7652 0.5278, 0.6602 -0.0246 1.9094, 0.4831 -0.0246 1.9094, 0.6602 -2.8216 0.6535, 0.4831 -2.8216 0.6535, 0.6602 -2.9092 0.564, 0.6602 -2.9208 0.5229, 0.6602 -2.773 0.5229, 0.6602 -2.7693 0.5257, 0.6602 -2.8581 0.6314, 0.6602 -2.8879 0.6009, 0.4831 -2.8581 0.6314, 0.4831 -2.7693 0.5257, 0.4831 -2.8879 0.6009, 0.4831 -2.773 0.5229, 0.4831 -2.9092 0.564, 0.4831 -2.9208 0.5229, 0.6602 1.3665 0.4639, 0.4831 1.3665 0.4639, 0.6602 1.3612 0.4639, 0.4831 1.3612 0.4639, 0.4831 1.3612 0.3261, 0.4831 1.3665 0.3261, 0.6602 1.3612 0.3261, 0.6602 1.3665 0.3261, 0.6602 2.4655 0.0, 0.6602 2.4655 0.1378, 0.6602 1.6224 0.0, 0.6602 1.6224 0.1378, 0.6602 1.5714 0.0067, 0.6602 1.6071 0.1398, 0.6602 1.524 0.0264, 0.6602 1.5929 0.1457, 0.6602 1.4832 0.0577, 0.6602 1.5806 0.1551, 0.6602 1.4519 0.0984, 0.6602 1.5712 0.1673, 0.6602 1.4322 0.1459, 0.6602 1.5653 0.1816, 0.6602 1.4255 0.1969, 0.6602 1.5633 0.1969, 0.6602 1.4255 0.267, 0.6602 1.5633 0.267, 0.6602 1.4235 0.2823, 0.6602 1.5566 0.318, 0.6602 1.4176 0.2966, 0.6602 1.537 0.3654, 0.6602 1.4082 0.3088, 0.6602 1.5057 0.4062, 0.6602 1.396 0.3182, 0.6602 1.4649 0.4375, 0.6602 1.3818 0.3241, 0.6602 1.4174 0.4572, 0.4831 1.3818 0.3241, 0.4831 1.4174 0.4572, 0.4831 1.396 0.3182, 0.4831 1.4649 0.4375, 0.4831 1.4082 0.3088, 0.4831 1.5057 0.4062, 0.4831 1.4176 0.2966, 0.4831 1.537 0.3654, 0.4831 1.4235 0.2823, 0.4831 1.5566 0.318, 0.4831 1.4255 0.267, 0.4831 1.5633 0.267, 0.4831 1.4255 0.1969, 0.4831 1.5633 0.1969, 0.4831 1.4322 0.1459, 0.4831 1.5653 0.1816, 0.4831 1.4519 0.0984, 0.4831 1.5712 0.1673, 0.4831 1.4832 0.0577, 0.4831 1.5806 0.1551, 0.4831 1.524 0.0264, 0.4831 1.5929 0.1457, 0.4831 1.5714 0.0067, 0.4831 1.6071 0.1398, 0.4831 1.6224 0.0, 0.4831 1.6224 0.1378, 0.4831 2.4655 0.0, 0.4831 2.4655 0.1378, 1.0618 0.0318 1.7837, 1.0618 -2.7652 0.5278, 0.8846 0.0318 1.7837, 0.8846 -2.7652 0.5278, 1.0618 -0.0246 1.9094, 0.8846 -0.0246 1.9094, 1.0618 -2.8216 0.6535, 0.8846 -2.8216 0.6535, 1.0618 -2.9092 0.564, 1.0618 -2.9208 0.5229, 1.0618 -2.773 0.5229, 1.0618 -2.7693 0.5257, 1.0618 -2.8581 0.6314, 1.0618 -2.8879 0.6009, 0.8846 -2.8581 0.6314, 0.8846 -2.7693 0.5257, 0.8846 -2.8879 0.6009, 0.8846 -2.773 0.5229, 0.8846 -2.9092 0.564, 0.8846 -2.9208 0.5229, 1.0618 1.3665 0.4639, 0.8846 1.3665 0.4639, 1.0618 1.3612 0.4639, 0.8846 1.3612 0.4639, 0.8846 1.3612 0.3261, 0.8846 1.3665 0.3261, 1.0618 1.3612 0.3261, 1.0618 1.3665 0.3261, 1.0618 2.4655 0.0, 1.0618 2.4655 0.1378, 1.0618 1.6224 0.0, 1.0618 1.6224 0.1378, 1.0618 1.5714 0.0067, 1.0618 1.6071 0.1398, 1.0618 1.524 0.0264, 1.0618 1.5929 0.1457, 1.0618 1.4832 0.0577, 1.0618 1.5806 0.1551, 1.0618 1.4519 0.0984, 1.0618 1.5712 0.1673, 1.0618 1.4322 0.1459, 1.0618 1.5653 0.1816, 1.0618 1.4255 0.1969, 1.0618 1.5633 0.1969, 1.0618 1.4255 0.267, 1.0618 1.5633 0.267, 1.0618 1.4235 0.2823, 1.0618 1.5566 0.318, 1.0618 1.4176 0.2966, 1.0618 1.537 0.3654, 1.0618 1.4082 0.3088, 1.0618 1.5057 0.4062, 1.0618 1.396 0.3182, 1.0618 1.4649 0.4375, 1.0618 1.3818 0.3241, 1.0618 1.4174 0.4572, 0.8846 1.3818 0.3241, 0.8846 1.4174 0.4572, 0.8846 1.396 0.3182, 0.8846 1.4649 0.4375, 0.8846 1.4082 0.3088, 0.8846 1.5057 0.4062, 0.8846 1.4176 0.2966, 0.8846 1.537 0.3654, 0.8846 1.4235 0.2823, 0.8846 1.5566 0.318, 0.8846 1.4255 0.267, 0.8846 1.5633 0.267, 0.8846 1.4255 0.1969, 0.8846 1.5633 0.1969, 0.8846 1.4322 0.1459, 0.8846 1.5653 0.1816, 0.8846 1.4519 0.0984, 0.8846 1.5712 0.1673, 0.8846 1.4832 0.0577, 0.8846 1.5806 0.1551, 0.8846 1.524 0.0264, 0.8846 1.5929 0.1457, 0.8846 1.5714 0.0067, 0.8846 1.6071 0.1398, 0.8846 1.6224 0.0, 0.8846 1.6224 0.1378, 0.8846 2.4655 0.0, 0.8846 2.4655 0.1378, 1.4634 0.0318 1.7837, 1.4634 -2.7652 0.5278, 1.2862 0.0318 1.7837, 1.2862 -2.7652 0.5278, 1.4634 -0.0246 1.9094, 1.2862 -0.0246 1.9094, 1.4634 -2.8216 0.6535, 1.2862 -2.8216 0.6535, 1.4634 -2.9092 0.564, 1.4634 -2.9208 0.5229, 1.4634 -2.773 0.5229, 1.4634 -2.7693 0.5257, 1.4634 -2.8581 0.6314, 1.4634 -2.8879 0.6009, 1.2862 -2.8581 0.6314, 1.2862 -2.7693 0.5257, 1.2862 -2.8879 0.6009, 1.2862 -2.773 0.5229, 1.2862 -2.9092 0.564, 1.2862 -2.9208 0.5229, 1.4634 1.3665 0.4639, 1.2862 1.3665 0.4639, 1.4634 1.3612 0.4639, 1.2862 1.3612 0.4639, 1.2862 1.3612 0.3261, 1.2862 1.3665 0.3261, 1.4634 1.3612 0.3261, 1.4634 1.3665 0.3261, 1.4634 2.4655 0.0, 1.4634 2.4655 0.1378, 1.4634 1.6224 0.0, 1.4634 1.6224 0.1378, 1.4634 1.5714 0.0067, 1.4634 1.6071 0.1398, 1.4634 1.524 0.0264, 1.4634 1.5929 0.1457, 1.4634 1.4832 0.0577, 1.4634 1.5806 0.1551, 1.4634 1.4519 0.0984, 1.4634 1.5712 0.1673, 1.4634 1.4322 0.1459, 1.4634 1.5653 0.1816, 1.4634 1.4255 0.1969, 1.4634 1.5633 0.1969, 1.4634 1.4255 0.267, 1.4634 1.5633 0.267, 1.4634 1.4235 0.2823, 1.4634 1.5566 0.318, 1.4634 1.4176 0.2966, 1.4634 1.537 0.3654, 1.4634 1.4082 0.3088, 1.4634 1.5057 0.4062, 1.4634 1.396 0.3182, 1.4634 1.4649 0.4375, 1.4634 1.3818 0.3241, 1.4634 1.4174 0.4572, 1.2862 1.3818 0.3241, 1.2862 1.4174 0.4572, 1.2862 1.396 0.3182, 1.2862 1.4649 0.4375, 1.2862 1.4082 0.3088, 1.2862 1.5057 0.4062, 1.2862 1.4176 0.2966, 1.2862 1.537 0.3654, 1.2862 1.4235 0.2823, 1.2862 1.5566 0.318, 1.2862 1.4255 0.267, 1.2862 1.5633 0.267, 1.2862 1.4255 0.1969, 1.2862 1.5633 0.1969, 1.2862 1.4322 0.1459, 1.2862 1.5653 0.1816, 1.2862 1.4519 0.0984, 1.2862 1.5712 0.1673, 1.2862 1.4832 0.0577, 1.2862 1.5806 0.1551, 1.2862 1.524 0.0264, 1.2862 1.5929 0.1457, 1.2862 1.5714 0.0067, 1.2862 1.6071 0.1398, 1.2862 1.6224 0.0, 1.2862 1.6224 0.1378, 1.2862 2.4655 0.0, 1.2862 2.4655 0.1378
            ]
        }
        coordIndex [
            0,1,2,-1,2,1,3,-1,4,0,5,-1,5,0,2,-1,6,4,7,-1,7,4,5,-1,8,9,10,-1,0,4,1,-1,1,4,6,-1,1,6,11,-1,11,6,12,-1,11,12,10,-1,10,12,13,-1,10,13,8,-1,5,2,7,-1,7,2,3,-1,7,3,14,-1,14,3,15,-1,14,15,16,-1,16,15,17,-1,16,17,18,-1,18,17,19,-1,6,7,14,-1,6,14,12,-1,12,14,16,-1,12,16,13,-1,13,16,18,-1,13,18,8,-1,8,18,19,-1,8,19,9,-1,10,17,11,-1,11,17,15,-1,11,15,1,-1,1,15,3,-1,20,21,22,-1,22,21,23,-1,24,25,26,-1,26,25,27,-1,28,29,30,-1,30,29,31,-1,30,31,32,-1,32,31,33,-1,32,33,34,-1,34,33,35,-1,34,35,36,-1,36,35,37,-1,36,37,38,-1,38,37,39,-1,38,39,40,-1,40,39,41,-1,40,41,42,-1,42,41,43,-1,42,43,44,-1,44,43,45,-1,44,45,46,-1,46,45,47,-1,46,47,48,-1,48,47,49,-1,48,49,50,-1,50,49,51,-1,50,51,52,-1,52,51,53,-1,52,53,54,-1,54,53,55,-1,54,55,27,-1,27,55,20,-1,27,20,26,-1,26,20,22,-1,24,23,25,-1,25,23,21,-1,25,21,56,-1,56,21,57,-1,56,57,58,-1,58,57,59,-1,58,59,60,-1,60,59,61,-1,60,61,62,-1,62,61,63,-1,62,63,64,-1,64,63,65,-1,64,65,66,-1,66,65,67,-1,66,67,68,-1,68,67,69,-1,68,69,70,-1,70,69,71,-1,70,71,72,-1,72,71,73,-1,72,73,74,-1,74,73,75,-1,74,75,76,-1,76,75,77,-1,76,77,78,-1,78,77,79,-1,78,79,80,-1,80,79,81,-1,80,81,82,-1,82,81,83,-1,28,30,82,-1,82,30,80,-1,29,28,83,-1,83,28,82,-1,31,29,81,-1,81,29,83,-1,31,81,33,-1,33,81,79,-1,33,79,35,-1,35,79,77,-1,35,77,37,-1,37,77,75,-1,37,75,39,-1,39,75,73,-1,39,73,41,-1,41,73,71,-1,41,71,43,-1,43,71,69,-1,45,43,67,-1,67,43,69,-1,45,67,65,-1,45,65,47,-1,47,65,63,-1,47,63,49,-1,49,63,61,-1,49,61,51,-1,51,61,59,-1,51,59,53,-1,53,59,57,-1,53,57,55,-1,55,57,21,-1,55,21,20,-1,27,25,54,-1,54,25,56,-1,54,56,52,-1,52,56,58,-1,52,58,50,-1,50,58,60,-1,50,60,48,-1,48,60,62,-1,48,62,46,-1,46,62,64,-1,46,64,44,-1,44,64,66,-1,42,44,68,-1,68,44,66,-1,42,68,70,-1,42,70,40,-1,40,70,72,-1,40,72,38,-1,38,72,74,-1,38,74,36,-1,36,74,76,-1,36,76,34,-1,34,76,78,-1,34,78,32,-1,32,78,80,-1,32,80,30,-1,84,85,86,-1,86,85,87,-1,88,84,89,-1,89,84,86,-1,90,88,91,-1,91,88,89,-1,92,93,94,-1,84,88,85,-1,85,88,90,-1,85,90,95,-1,95,90,96,-1,95,96,94,-1,94,96,97,-1,94,97,92,-1,89,86,91,-1,91,86,87,-1,91,87,98,-1,98,87,99,-1,98,99,100,-1,100,99,101,-1,100,101,102,-1,102,101,103,-1,90,91,98,-1,90,98,96,-1,96,98,100,-1,96,100,97,-1,97,100,102,-1,97,102,92,-1,92,102,103,-1,92,103,93,-1,94,101,95,-1,95,101,99,-1,95,99,85,-1,85,99,87,-1,104,105,106,-1,106,105,107,-1,108,109,110,-1,110,109,111,-1,112,113,114,-1,114,113,115,-1,114,115,116,-1,116,115,117,-1,116,117,118,-1,118,117,119,-1,118,119,120,-1,120,119,121,-1,120,121,122,-1,122,121,123,-1,122,123,124,-1,124,123,125,-1,124,125,126,-1,126,125,127,-1,126,127,128,-1,128,127,129,-1,128,129,130,-1,130,129,131,-1,130,131,132,-1,132,131,133,-1,132,133,134,-1,134,133,135,-1,134,135,136,-1,136,135,137,-1,136,137,138,-1,138,137,139,-1,138,139,111,-1,111,139,104,-1,111,104,110,-1,110,104,106,-1,108,107,109,-1,109,107,105,-1,109,105,140,-1,140,105,141,-1,140,141,142,-1,142,141,143,-1,142,143,144,-1,144,143,145,-1,144,145,146,-1,146,145,147,-1,146,147,148,-1,148,147,149,-1,148,149,150,-1,150,149,151,-1,150,151,152,-1,152,151,153,-1,152,153,154,-1,154,153,155,-1,154,155,156,-1,156,155,157,-1,156,157,158,-1,158,157,159,-1,158,159,160,-1,160,159,161,-1,160,161,162,-1,162,161,163,-1,162,163,164,-1,164,163,165,-1,164,165,166,-1,166,165,167,-1,112,114,166,-1,166,114,164,-1,113,112,167,-1,167,112,166,-1,115,113,165,-1,165,113,167,-1,115,165,117,-1,117,165,163,-1,117,163,119,-1,119,163,161,-1,119,161,121,-1,121,161,159,-1,121,159,123,-1,123,159,157,-1,123,157,125,-1,125,157,155,-1,125,155,127,-1,127,155,153,-1,129,127,151,-1,151,127,153,-1,129,151,149,-1,129,149,131,-1,131,149,147,-1,131,147,133,-1,133,147,145,-1,133,145,135,-1,135,145,143,-1,135,143,137,-1,137,143,141,-1,137,141,139,-1,139,141,105,-1,139,105,104,-1,111,109,138,-1,138,109,140,-1,138,140,136,-1,136,140,142,-1,136,142,134,-1,134,142,144,-1,134,144,132,-1,132,144,146,-1,132,146,130,-1,130,146,148,-1,130,148,128,-1,128,148,150,-1,126,128,152,-1,152,128,150,-1,126,152,154,-1,126,154,124,-1,124,154,156,-1,124,156,122,-1,122,156,158,-1,122,158,120,-1,120,158,160,-1,120,160,118,-1,118,160,162,-1,118,162,116,-1,116,162,164,-1,116,164,114,-1,168,169,170,-1,170,169,171,-1,172,168,173,-1,173,168,170,-1,174,172,175,-1,175,172,173,-1,176,177,178,-1,168,172,169,-1,169,172,174,-1,169,174,179,-1,179,174,180,-1,179,180,178,-1,178,180,181,-1,178,181,176,-1,173,170,175,-1,175,170,171,-1,175,171,182,-1,182,171,183,-1,182,183,184,-1,184,183,185,-1,184,185,186,-1,186,185,187,-1,174,175,182,-1,174,182,180,-1,180,182,184,-1,180,184,181,-1,181,184,186,-1,181,186,176,-1,176,186,187,-1,176,187,177,-1,178,185,179,-1,179,185,183,-1,179,183,169,-1,169,183,171,-1,188,189,190,-1,190,189,191,-1,192,193,194,-1,194,193,195,-1,196,197,198,-1,198,197,199,-1,198,199,200,-1,200,199,201,-1,200,201,202,-1,202,201,203,-1,202,203,204,-1,204,203,205,-1,204,205,206,-1,206,205,207,-1,206,207,208,-1,208,207,209,-1,208,209,210,-1,210,209,211,-1,210,211,212,-1,212,211,213,-1,212,213,214,-1,214,213,215,-1,214,215,216,-1,216,215,217,-1,216,217,218,-1,218,217,219,-1,218,219,220,-1,220,219,221,-1,220,221,222,-1,222,221,223,-1,222,223,195,-1,195,223,188,-1,195,188,194,-1,194,188,190,-1,192,191,193,-1,193,191,189,-1,193,189,224,-1,224,189,225,-1,224,225,226,-1,226,225,227,-1,226,227,228,-1,228,227,229,-1,228,229,230,-1,230,229,231,-1,230,231,232,-1,232,231,233,-1,232,233,234,-1,234,233,235,-1,234,235,236,-1,236,235,237,-1,236,237,238,-1,238,237,239,-1,238,239,240,-1,240,239,241,-1,240,241,242,-1,242,241,243,-1,242,243,244,-1,244,243,245,-1,244,245,246,-1,246,245,247,-1,246,247,248,-1,248,247,249,-1,248,249,250,-1,250,249,251,-1,196,198,250,-1,250,198,248,-1,197,196,251,-1,251,196,250,-1,199,197,249,-1,249,197,251,-1,199,249,201,-1,201,249,247,-1,201,247,203,-1,203,247,245,-1,203,245,205,-1,205,245,243,-1,205,243,207,-1,207,243,241,-1,207,241,209,-1,209,241,239,-1,209,239,211,-1,211,239,237,-1,213,211,235,-1,235,211,237,-1,213,235,233,-1,213,233,215,-1,215,233,231,-1,215,231,217,-1,217,231,229,-1,217,229,219,-1,219,229,227,-1,219,227,221,-1,221,227,225,-1,221,225,223,-1,223,225,189,-1,223,189,188,-1,195,193,222,-1,222,193,224,-1,222,224,220,-1,220,224,226,-1,220,226,218,-1,218,226,228,-1,218,228,216,-1,216,228,230,-1,216,230,214,-1,214,230,232,-1,214,232,212,-1,212,232,234,-1,210,212,236,-1,236,212,234,-1,210,236,238,-1,210,238,208,-1,208,238,240,-1,208,240,206,-1,206,240,242,-1,206,242,204,-1,204,242,244,-1,204,244,202,-1,202,244,246,-1,202,246,200,-1,200,246,248,-1,200,248,198,-1,252,253,254,-1,254,253,255,-1,256,252,257,-1,257,252,254,-1,258,256,259,-1,259,256,257,-1,260,261,262,-1,252,256,253,-1,253,256,258,-1,253,258,263,-1,263,258,264,-1,263,264,262,-1,262,264,265,-1,262,265,260,-1,257,254,259,-1,259,254,255,-1,259,255,266,-1,266,255,267,-1,266,267,268,-1,268,267,269,-1,268,269,270,-1,270,269,271,-1,258,259,266,-1,258,266,264,-1,264,266,268,-1,264,268,265,-1,265,268,270,-1,265,270,260,-1,260,270,271,-1,260,271,261,-1,262,269,263,-1,263,269,267,-1,263,267,253,-1,253,267,255,-1,272,273,274,-1,274,273,275,-1,276,277,278,-1,278,277,279,-1,280,281,282,-1,282,281,283,-1,282,283,284,-1,284,283,285,-1,284,285,286,-1,286,285,287,-1,286,287,288,-1,288,287,289,-1,288,289,290,-1,290,289,291,-1,290,291,292,-1,292,291,293,-1,292,293,294,-1,294,293,295,-1,294,295,296,-1,296,295,297,-1,296,297,298,-1,298,297,299,-1,298,299,300,-1,300,299,301,-1,300,301,302,-1,302,301,303,-1,302,303,304,-1,304,303,305,-1,304,305,306,-1,306,305,307,-1,306,307,279,-1,279,307,272,-1,279,272,278,-1,278,272,274,-1,276,275,277,-1,277,275,273,-1,277,273,308,-1,308,273,309,-1,308,309,310,-1,310,309,311,-1,310,311,312,-1,312,311,313,-1,312,313,314,-1,314,313,315,-1,314,315,316,-1,316,315,317,-1,316,317,318,-1,318,317,319,-1,318,319,320,-1,320,319,321,-1,320,321,322,-1,322,321,323,-1,322,323,324,-1,324,323,325,-1,324,325,326,-1,326,325,327,-1,326,327,328,-1,328,327,329,-1,328,329,330,-1,330,329,331,-1,330,331,332,-1,332,331,333,-1,332,333,334,-1,334,333,335,-1,280,282,334,-1,334,282,332,-1,281,280,335,-1,335,280,334,-1,283,281,333,-1,333,281,335,-1,283,333,285,-1,285,333,331,-1,285,331,287,-1,287,331,329,-1,287,329,289,-1,289,329,327,-1,289,327,291,-1,291,327,325,-1,291,325,293,-1,293,325,323,-1,293,323,295,-1,295,323,321,-1,297,295,319,-1,319,295,321,-1,297,319,317,-1,297,317,299,-1,299,317,315,-1,299,315,301,-1,301,315,313,-1,301,313,303,-1,303,313,311,-1,303,311,305,-1,305,311,309,-1,305,309,307,-1,307,309,273,-1,307,273,272,-1,279,277,306,-1,306,277,308,-1,306,308,304,-1,304,308,310,-1,304,310,302,-1,302,310,312,-1,302,312,300,-1,300,312,314,-1,300,314,298,-1,298,314,316,-1,298,316,296,-1,296,316,318,-1,294,296,320,-1,320,296,318,-1,294,320,322,-1,294,322,292,-1,292,322,324,-1,292,324,290,-1,290,324,326,-1,290,326,288,-1,288,326,328,-1,288,328,286,-1,286,328,330,-1,286,330,284,-1,284,330,332,-1,284,332,282,-1,336,337,338,-1,338,337,339,-1,340,336,341,-1,341,336,338,-1,342,340,343,-1,343,340,341,-1,344,345,346,-1,336,340,337,-1,337,340,342,-1,337,342,347,-1,347,342,348,-1,347,348,346,-1,346,348,349,-1,346,349,344,-1,341,338,343,-1,343,338,339,-1,343,339,350,-1,350,339,351,-1,350,351,352,-1,352,351,353,-1,352,353,354,-1,354,353,355,-1,342,343,350,-1,342,350,348,-1,348,350,352,-1,348,352,349,-1,349,352,354,-1,349,354,344,-1,344,354,355,-1,344,355,345,-1,346,353,347,-1,347,353,351,-1,347,351,337,-1,337,351,339,-1,356,357,358,-1,358,357,359,-1,360,361,362,-1,362,361,363,-1,364,365,366,-1,366,365,367,-1,366,367,368,-1,368,367,369,-1,368,369,370,-1,370,369,371,-1,370,371,372,-1,372,371,373,-1,372,373,374,-1,374,373,375,-1,374,375,376,-1,376,375,377,-1,376,377,378,-1,378,377,379,-1,378,379,380,-1,380,379,381,-1,380,381,382,-1,382,381,383,-1,382,383,384,-1,384,383,385,-1,384,385,386,-1,386,385,387,-1,386,387,388,-1,388,387,389,-1,388,389,390,-1,390,389,391,-1,390,391,363,-1,363,391,356,-1,363,356,362,-1,362,356,358,-1,360,359,361,-1,361,359,357,-1,361,357,392,-1,392,357,393,-1,392,393,394,-1,394,393,395,-1,394,395,396,-1,396,395,397,-1,396,397,398,-1,398,397,399,-1,398,399,400,-1,400,399,401,-1,400,401,402,-1,402,401,403,-1,402,403,404,-1,404,403,405,-1,404,405,406,-1,406,405,407,-1,406,407,408,-1,408,407,409,-1,408,409,410,-1,410,409,411,-1,410,411,412,-1,412,411,413,-1,412,413,414,-1,414,413,415,-1,414,415,416,-1,416,415,417,-1,416,417,418,-1,418,417,419,-1,364,366,418,-1,418,366,416,-1,365,364,419,-1,419,364,418,-1,367,365,417,-1,417,365,419,-1,367,417,369,-1,369,417,415,-1,369,415,371,-1,371,415,413,-1,371,413,373,-1,373,413,411,-1,373,411,375,-1,375,411,409,-1,375,409,377,-1,377,409,407,-1,377,407,379,-1,379,407,405,-1,381,379,403,-1,403,379,405,-1,381,403,401,-1,381,401,383,-1,383,401,399,-1,383,399,385,-1,385,399,397,-1,385,397,387,-1,387,397,395,-1,387,395,389,-1,389,395,393,-1,389,393,391,-1,391,393,357,-1,391,357,356,-1,363,361,390,-1,390,361,392,-1,390,392,388,-1,388,392,394,-1,388,394,386,-1,386,394,396,-1,386,396,384,-1,384,396,398,-1,384,398,382,-1,382,398,400,-1,382,400,380,-1,380,400,402,-1,378,380,404,-1,404,380,402,-1,378,404,406,-1,378,406,376,-1,376,406,408,-1,376,408,374,-1,374,408,410,-1,374,410,372,-1,372,410,412,-1,372,412,370,-1,370,412,414,-1,370,414,368,-1,368,414,416,-1,368,416,366,-1,420,421,422,-1,422,421,423,-1,424,420,425,-1,425,420,422,-1,426,424,427,-1,427,424,425,-1,428,429,430,-1,420,424,421,-1,421,424,426,-1,421,426,431,-1,431,426,432,-1,431,432,430,-1,430,432,433,-1,430,433,428,-1,425,422,427,-1,427,422,423,-1,427,423,434,-1,434,423,435,-1,434,435,436,-1,436,435,437,-1,436,437,438,-1,438,437,439,-1,426,427,434,-1,426,434,432,-1,432,434,436,-1,432,436,433,-1,433,436,438,-1,433,438,428,-1,428,438,439,-1,428,439,429,-1,430,437,431,-1,431,437,435,-1,431,435,421,-1,421,435,423,-1,440,441,442,-1,442,441,443,-1,444,445,446,-1,446,445,447,-1,448,449,450,-1,450,449,451,-1,450,451,452,-1,452,451,453,-1,452,453,454,-1,454,453,455,-1,454,455,456,-1,456,455,457,-1,456,457,458,-1,458,457,459,-1,458,459,460,-1,460,459,461,-1,460,461,462,-1,462,461,463,-1,462,463,464,-1,464,463,465,-1,464,465,466,-1,466,465,467,-1,466,467,468,-1,468,467,469,-1,468,469,470,-1,470,469,471,-1,470,471,472,-1,472,471,473,-1,472,473,474,-1,474,473,475,-1,474,475,447,-1,447,475,440,-1,447,440,446,-1,446,440,442,-1,444,443,445,-1,445,443,441,-1,445,441,476,-1,476,441,477,-1,476,477,478,-1,478,477,479,-1,478,479,480,-1,480,479,481,-1,480,481,482,-1,482,481,483,-1,482,483,484,-1,484,483,485,-1,484,485,486,-1,486,485,487,-1,486,487,488,-1,488,487,489,-1,488,489,490,-1,490,489,491,-1,490,491,492,-1,492,491,493,-1,492,493,494,-1,494,493,495,-1,494,495,496,-1,496,495,497,-1,496,497,498,-1,498,497,499,-1,498,499,500,-1,500,499,501,-1,500,501,502,-1,502,501,503,-1,448,450,502,-1,502,450,500,-1,449,448,503,-1,503,448,502,-1,451,449,501,-1,501,449,503,-1,451,501,453,-1,453,501,499,-1,453,499,455,-1,455,499,497,-1,455,497,457,-1,457,497,495,-1,457,495,459,-1,459,495,493,-1,459,493,461,-1,461,493,491,-1,461,491,463,-1,463,491,489,-1,465,463,487,-1,487,463,489,-1,465,487,485,-1,465,485,467,-1,467,485,483,-1,467,483,469,-1,469,483,481,-1,469,481,471,-1,471,481,479,-1,471,479,473,-1,473,479,477,-1,473,477,475,-1,475,477,441,-1,475,441,440,-1,447,445,474,-1,474,445,476,-1,474,476,472,-1,472,476,478,-1,472,478,470,-1,470,478,480,-1,470,480,468,-1,468,480,482,-1,468,482,466,-1,466,482,484,-1,466,484,464,-1,464,484,486,-1,462,464,488,-1,488,464,486,-1,462,488,490,-1,462,490,460,-1,460,490,492,-1,460,492,458,-1,458,492,494,-1,458,494,456,-1,456,494,496,-1,456,496,454,-1,454,496,498,-1,454,498,452,-1,452,498,500,-1,452,500,450,-1,504,505,506,-1,506,505,507,-1,508,504,509,-1,509,504,506,-1,510,508,511,-1,511,508,509,-1,512,513,514,-1,504,508,505,-1,505,508,510,-1,505,510,515,-1,515,510,516,-1,515,516,514,-1,514,516,517,-1,514,517,512,-1,509,506,511,-1,511,506,507,-1,511,507,518,-1,518,507,519,-1,518,519,520,-1,520,519,521,-1,520,521,522,-1,522,521,523,-1,510,511,518,-1,510,518,516,-1,516,518,520,-1,516,520,517,-1,517,520,522,-1,517,522,512,-1,512,522,523,-1,512,523,513,-1,514,521,515,-1,515,521,519,-1,515,519,505,-1,505,519,507,-1,524,525,526,-1,526,525,527,-1,528,529,530,-1,530,529,531,-1,532,533,534,-1,534,533,535,-1,534,535,536,-1,536,535,537,-1,536,537,538,-1,538,537,539,-1,538,539,540,-1,540,539,541,-1,540,541,542,-1,542,541,543,-1,542,543,544,-1,544,543,545,-1,544,545,546,-1,546,545,547,-1,546,547,548,-1,548,547,549,-1,548,549,550,-1,550,549,551,-1,550,551,552,-1,552,551,553,-1,552,553,554,-1,554,553,555,-1,554,555,556,-1,556,555,557,-1,556,557,558,-1,558,557,559,-1,558,559,531,-1,531,559,524,-1,531,524,530,-1,530,524,526,-1,528,527,529,-1,529,527,525,-1,529,525,560,-1,560,525,561,-1,560,561,562,-1,562,561,563,-1,562,563,564,-1,564,563,565,-1,564,565,566,-1,566,565,567,-1,566,567,568,-1,568,567,569,-1,568,569,570,-1,570,569,571,-1,570,571,572,-1,572,571,573,-1,572,573,574,-1,574,573,575,-1,574,575,576,-1,576,575,577,-1,576,577,578,-1,578,577,579,-1,578,579,580,-1,580,579,581,-1,580,581,582,-1,582,581,583,-1,582,583,584,-1,584,583,585,-1,584,585,586,-1,586,585,587,-1,532,534,586,-1,586,534,584,-1,533,532,587,-1,587,532,586,-1,535,533,585,-1,585,533,587,-1,535,585,537,-1,537,585,583,-1,537,583,539,-1,539,583,581,-1,539,581,541,-1,541,581,579,-1,541,579,543,-1,543,579,577,-1,543,577,545,-1,545,577,575,-1,545,575,547,-1,547,575,573,-1,549,547,571,-1,571,547,573,-1,549,571,569,-1,549,569,551,-1,551,569,567,-1,551,567,553,-1,553,567,565,-1,553,565,555,-1,555,565,563,-1,555,563,557,-1,557,563,561,-1,557,561,559,-1,559,561,525,-1,559,525,524,-1,531,529,558,-1,558,529,560,-1,558,560,556,-1,556,560,562,-1,556,562,554,-1,554,562,564,-1,554,564,552,-1,552,564,566,-1,552,566,550,-1,550,566,568,-1,550,568,548,-1,548,568,570,-1,546,548,572,-1,572,548,570,-1,546,572,574,-1,546,574,544,-1,544,574,576,-1,544,576,542,-1,542,576,578,-1,542,578,540,-1,540,578,580,-1,540,580,538,-1,538,580,582,-1,538,582,536,-1,536,582,584,-1,536,584,534,-1,588,589,590,-1,590,589,591,-1,592,588,593,-1,593,588,590,-1,594,592,595,-1,595,592,593,-1,596,597,598,-1,588,592,589,-1,589,592,594,-1,589,594,599,-1,599,594,600,-1,599,600,598,-1,598,600,601,-1,598,601,596,-1,593,590,595,-1,595,590,591,-1,595,591,602,-1,602,591,603,-1,602,603,604,-1,604,603,605,-1,604,605,606,-1,606,605,607,-1,594,595,602,-1,594,602,600,-1,600,602,604,-1,600,604,601,-1,601,604,606,-1,601,606,596,-1,596,606,607,-1,596,607,597,-1,598,605,599,-1,599,605,603,-1,599,603,589,-1,589,603,591,-1,608,609,610,-1,610,609,611,-1,612,613,614,-1,614,613,615,-1,616,617,618,-1,618,617,619,-1,618,619,620,-1,620,619,621,-1,620,621,622,-1,622,621,623,-1,622,623,624,-1,624,623,625,-1,624,625,626,-1,626,625,627,-1,626,627,628,-1,628,627,629,-1,628,629,630,-1,630,629,631,-1,630,631,632,-1,632,631,633,-1,632,633,634,-1,634,633,635,-1,634,635,636,-1,636,635,637,-1,636,637,638,-1,638,637,639,-1,638,639,640,-1,640,639,641,-1,640,641,642,-1,642,641,643,-1,642,643,615,-1,615,643,608,-1,615,608,614,-1,614,608,610,-1,612,611,613,-1,613,611,609,-1,613,609,644,-1,644,609,645,-1,644,645,646,-1,646,645,647,-1,646,647,648,-1,648,647,649,-1,648,649,650,-1,650,649,651,-1,650,651,652,-1,652,651,653,-1,652,653,654,-1,654,653,655,-1,654,655,656,-1,656,655,657,-1,656,657,658,-1,658,657,659,-1,658,659,660,-1,660,659,661,-1,660,661,662,-1,662,661,663,-1,662,663,664,-1,664,663,665,-1,664,665,666,-1,666,665,667,-1,666,667,668,-1,668,667,669,-1,668,669,670,-1,670,669,671,-1,616,618,670,-1,670,618,668,-1,617,616,671,-1,671,616,670,-1,619,617,669,-1,669,617,671,-1,619,669,621,-1,621,669,667,-1,621,667,623,-1,623,667,665,-1,623,665,625,-1,625,665,663,-1,625,663,627,-1,627,663,661,-1,627,661,629,-1,629,661,659,-1,629,659,631,-1,631,659,657,-1,633,631,655,-1,655,631,657,-1,633,655,653,-1,633,653,635,-1,635,653,651,-1,635,651,637,-1,637,651,649,-1,637,649,639,-1,639,649,647,-1,639,647,641,-1,641,647,645,-1,641,645,643,-1,643,645,609,-1,643,609,608,-1,615,613,642,-1,642,613,644,-1,642,644,640,-1,640,644,646,-1,640,646,638,-1,638,646,648,-1,638,648,636,-1,636,648,650,-1,636,650,634,-1,634,650,652,-1,634,652,632,-1,632,652,654,-1,630,632,656,-1,656,632,654,-1,630,656,658,-1,630,658,628,-1,628,658,660,-1,628,660,626,-1,626,660,662,-1,626,662,624,-1,624,662,664,-1,624,664,622,-1,622,664,666,-1,622,666,620,-1,620,666,668,-1,620,668,618,-1,
        ]
    }
}
Shape{
    appearance Appearance {
        material  Material {
            diffuseColor 0.8509803921568627 0.8509803921568627 0.8509803921568627
            specularColor 0.4235294117647059 0.4235294117647059 0.4235294117647059
            ambientIntensity 0.851
            transparency 0.0
            shininess 0.5
        }
    }
    geometry IndexedFaceSet {
        ccw TRUE
        solid FALSE
        coord DEF co Coordinate {
            point [
                -0.2073 1.8652 2.1735, -0.1878 1.8652 2.1717, -0.2203 1.8652 2.1717, -0.1673 1.8652 2.3342, -0.1699 1.8652 2.3345, -0.1139 1.8652 2.3345, -0.2203 1.8652 2.3324, -0.2203 1.8652 2.3345, -0.2132 1.8652 2.3345, -0.4047 1.8652 4.0945, -0.4047 1.8652 4.1339, -0.3606 1.8652 4.1339, -0.0381 1.8652 2.3352, -0.0381 1.8652 2.3345, -0.1043 1.8652 2.3345, -0.5991 1.8652 2.3312, -0.6586 1.8652 2.1717, -0.7095 1.8652 2.1717, 0.1341 1.8652 2.153, 0.1235 1.8652 2.126, 0.0505 1.8652 2.126, 0.5767 1.8652 2.0766, 0.4371 1.8652 2.0766, 0.4311 1.8652 2.0797, 0.8414 1.8652 2.1187, 0.84 1.8652 2.126, 2.7724 1.8652 2.126, 0.547 1.8652 2.3574, 0.5416 1.8652 2.3593, 2.7724 1.8652 2.3593, 2.6465 1.8652 3.9961, 2.7724 1.8652 3.9961, 0.288 1.8652 2.3212, 0.249 1.8652 2.2749, 0.0505 1.8652 2.3345, 0.2272 1.8652 2.2309, 0.2216 1.8652 2.2289, 0.0505 1.8652 2.3593, 0.3323 1.8652 2.3524, 0.3068 1.8652 2.3345, 2.5972 1.8652 4.0092, 2.621 1.8652 3.9994, 0.3433 1.8652 4.1339, 0.3433 1.8652 4.0945, 0.0505 1.8652 4.1339, 0.3467 1.8652 4.069, 0.3565 1.8652 4.0453, 0.3721 1.8652 4.0249, 0.3925 1.8652 4.0092, 0.4163 1.8652 3.9994, 0.4417 1.8652 3.9961, 1.7409 1.8652 3.9961, 1.7664 1.8652 3.9994, 2.5612 1.8652 4.0453, 1.7902 1.8652 4.0092, 1.8105 1.8652 4.0249, 1.8394 1.8652 4.0945, 1.8394 1.8652 4.1339, 2.548 1.8652 4.1339, 0.494 1.8652 2.3761, 2.5769 1.8652 4.0249, 0.4424 1.8652 2.3816, 0.3887 1.8652 2.3747, 0.3498 1.8652 2.3593, 1.8262 1.8652 4.0453, 1.836 1.8652 4.069, 2.5514 1.8652 4.069, 2.548 1.8652 4.0945, 2.7724 1.8652 2.3345, 0.5837 1.8652 2.3345, 0.5794 1.8652 2.3381, 0.7009 1.8652 2.2856, 0.656 1.8652 2.2908, 0.6063 1.8652 2.3154, 0.6429 1.8652 2.29, 0.6298 1.8652 2.2884, 0.7873 1.8652 2.2371, 0.7796 1.8652 2.2443, 0.7432 1.8652 2.2695, 2.7724 1.8652 2.1717, 0.8334 1.8652 2.1614, 0.8287 1.8652 2.1717, 0.8149 1.8652 2.2022, 0.8418 1.8652 2.1077, 2.7724 1.8652 2.0797, 0.8385 1.8652 2.0797, 2.7724 1.8652 2.0766, 0.8381 1.8652 2.0766, 0.3435 1.8652 1.9895, 0.3356 1.8652 1.9925, 0.3218 1.8652 2.0573, 0.3505 1.8652 1.9846, 0.3268 1.8652 1.9936, 0.3257 1.8652 1.9935, 0.3223 1.8652 1.9927, 0.3623 1.8652 1.9586, 0.362 1.8652 1.9631, 0.4818 1.8652 1.9742, 0.3597 1.8652 1.9717, 0.3552 1.8652 1.9794, 0.7595 1.8652 1.9527, 0.7948 1.8652 1.9833, 2.7724 1.8652 0.8661, 0.8206 1.8652 2.0206, 0.8366 1.8652 2.0631, 0.336 1.8652 1.9241, 0.3435 1.8652 1.9271, 0.4894 1.8652 1.9229, 0.3508 1.8652 1.9324, 0.3535 1.8652 1.9351, 0.3584 1.8652 1.9423, 0.3613 1.8652 1.9501, 0.4826 1.8652 1.951, 0.4819 1.8652 1.9628, 0.6761 1.8652 1.8824, 0.6929 1.8652 1.9035, 0.2097 1.8652 2.0202, 0.197 1.8652 2.0379, 0.189 1.8652 2.0581, 0.3329 1.8652 2.0766, 0.0505 1.8652 2.0797, 0.1161 1.8652 2.0766, 0.0505 1.8652 2.0766, 0.121 1.8652 2.0403, 0.0505 1.8652 0.8661, 0.1356 1.8652 2.0044, 0.1584 1.8652 1.9731, 0.7041 1.8652 1.928, 0.7185 1.8652 1.9324, 0.32 1.8652 1.9924, 0.2687 1.8652 1.9921, 0.2483 1.8652 1.9958, 0.5207 1.8652 1.8782, 0.5435 1.8652 1.8626, 0.5689 1.8652 1.853, 0.5965 1.8652 1.8498, 0.2281 1.8652 2.005, 0.2112 1.8652 2.0186, 0.1896 1.8652 1.947, 0.2245 1.8652 1.9303, 0.2624 1.8652 1.9226, 0.6009 1.8652 1.8499, 0.6278 1.8652 1.8543, 0.6539 1.8652 1.8655, 0.5031 1.8652 1.8977, 0.3296 1.8652 1.923, 0.1866 1.8652 2.0766, 0.1862 1.8652 2.0797, 0.3347 1.8652 2.0797, 0.1861 1.8652 2.0803, 0.7653 1.8652 2.0797, 0.7688 1.8652 2.0919, 0.3566 1.8652 2.1179, 0.77 1.8652 2.1095, 0.7679 1.8652 2.126, 0.1866 1.8652 2.0903, 0.1918 1.8652 2.1122, 0.1991 1.8652 2.126, 0.5536 1.8652 2.0707, 0.5295 1.8652 2.0576, 0.5098 1.8652 2.0393, 0.6473 1.8652 2.066, 0.6221 1.8652 2.0755, 0.7644 1.8652 2.0766, 0.6123 1.8652 2.0766, 0.5949 1.8652 2.0786, 0.581 1.8652 2.0777, 0.7608 1.8652 2.064, 0.6897 1.8652 2.0286, 0.6707 1.8652 2.05, 0.7474 1.8652 2.0408, 0.7271 1.8652 2.0197, 0.7024 1.8652 2.0042, 0.2834 1.8652 2.1698, 0.7565 1.8652 2.1623, 0.7664 1.8652 2.137, 0.2743 1.8652 2.1697, 0.2022 1.8652 2.1319, 0.2153 1.8652 2.1466, 0.2328 1.8652 2.1591, 0.2527 1.8652 2.1669, 0.3075 1.8652 2.2383, 0.3329 1.8652 2.2692, 0.5951 1.8652 2.205, 0.3358 1.8652 2.2719, 0.3676 1.8652 2.2943, 0.5775 1.8652 2.2409, 0.7498 1.8652 2.1717, 0.6032 1.8652 2.2095, 0.2838 1.8652 2.1717, 0.2901 1.8652 2.2015, 0.6287 1.8652 2.219, 0.6554 1.8652 2.2225, 0.6672 1.8652 2.222, 0.5517 1.8652 2.2712, 0.4032 1.8652 2.3082, 0.521 1.8652 2.2933, 0.4418 1.8652 2.3132, 0.4837 1.8652 2.3081, 0.6953 1.8652 2.2155, 0.7208 1.8652 2.2022, 0.7406 1.8652 2.1849, 0.1205 1.8652 2.1181, 0.1155 1.8652 2.0809, 0.1157 1.8652 2.0797, 0.1878 1.8652 2.2119, 0.1571 1.8652 2.1855, 0.0505 1.8652 2.1717, 0.1474 1.8652 2.1717, -0.6649 1.8652 2.0669, -0.7095 1.8652 2.0766, -0.6456 1.8652 2.0741, -0.6245 1.8652 2.0766, -0.7007 1.8652 1.9694, -0.6927 1.8652 1.9529, -0.7095 1.8652 0.8661, -0.6807 1.8652 1.9389, -0.6639 1.8652 1.927, -0.6816 1.8652 2.0554, -0.6872 1.8652 2.0498, -0.697 1.8652 2.0357, -0.7028 1.8652 2.0204, -0.7053 1.8652 1.9984, -0.7048 1.8652 1.9882, -0.6456 1.8652 1.92, -0.6184 1.8652 1.9169, -0.5593 1.8652 0.8661, -0.5744 1.8652 1.9172, -0.5593 1.8652 2.0766, -0.5755 1.8652 2.0766, -0.5593 1.8652 2.0797, -0.5755 1.8652 2.0773, -0.6212 1.8652 2.077, -0.7095 1.8652 2.0797, -0.5416 1.8652 2.0766, -0.5415 1.8652 2.0591, -0.5366 1.8652 2.0079, -0.5364 1.8652 1.9896, -0.5442 1.8652 1.9356, -0.5108 1.8652 1.9359, -0.5108 1.8652 2.0081, -0.5441 1.8652 1.9174, -0.5108 1.8652 0.8661, -0.5108 1.8652 1.9898, -0.4792 1.8652 1.99, -0.4788 1.8652 1.9361, -0.5108 1.8652 2.0594, -0.4797 1.8652 2.0596, -0.4793 1.8652 2.0083, -0.5416 1.8652 2.0776, -0.5108 1.8652 2.0797, -0.3606 1.8652 2.0797, -0.4591 1.8652 2.0781, -0.5108 1.8652 2.0778, -0.3606 1.8652 2.0015, -0.3791 1.8652 1.947, -0.3845 1.8652 1.9468, -0.3815 1.8652 1.9375, -0.382 1.8652 1.9375, -0.383 1.8652 1.9414, -0.3606 1.8652 2.0766, -0.4164 1.8652 2.0327, -0.4591 1.8652 2.0766, -0.4372 1.8652 2.0325, -0.458 1.8652 1.918, -0.3843 1.8652 1.9013, -0.3751 1.8652 1.8836, -0.3677 1.8652 1.8749, -0.3664 1.8652 1.8736, -0.3606 1.8652 1.8696, -0.2396 1.8652 2.0031, -0.2405 1.8652 2.0102, -0.2203 1.8652 2.0766, -0.2471 1.8652 1.9393, -0.2491 1.8652 1.9385, -0.2491 1.8652 1.981, -0.2404 1.8652 1.9953, -0.2452 1.8652 1.9849, -0.2426 1.8652 1.9891, -0.2391 1.8652 1.9443, -0.2484 1.8652 1.9815, -0.2389 1.8652 1.9236, -0.2203 1.8652 0.8661, -0.2491 1.8652 1.9197, -0.2491 1.8652 0.8661, -0.2511 1.8652 1.919, -0.3098 1.8652 1.9691, -0.3135 1.8652 1.9635, -0.3113 1.8652 2.0115, -0.3164 1.8652 1.9501, -0.3154 1.8652 1.9421, -0.3219 1.8652 0.8661, -0.2526 1.8652 2.0274, -0.2592 1.8652 2.0311, -0.2491 1.8652 2.0766, -0.2429 1.8652 2.0167, -0.2467 1.8652 2.0221, -0.2491 1.8652 2.0242, -0.2703 1.8652 2.0349, -0.2844 1.8652 2.0362, -0.3219 1.8652 2.0766, -0.2984 1.8652 2.0349, -0.3114 1.8652 2.031, -0.3128 1.8652 1.9357, -0.3091 1.8652 1.9305, -0.3033 1.8652 1.9255, -0.2985 1.8652 1.9226, -0.2879 1.8652 1.9186, -0.2699 1.8652 1.9166, -0.2823 1.8652 2.02, -0.2764 1.8652 2.0195, -0.2603 1.8652 2.0047, -0.271 1.8652 2.0182, -0.2665 1.8652 2.0158, -0.2605 1.8652 2.002, -0.2612 1.8652 1.9989, -0.2627 1.8652 1.9962, -0.2646 1.8652 1.994, -0.2716 1.8652 1.9896, -0.2952 1.8652 2.0184, -0.284 1.8652 1.9841, -0.3065 1.8652 2.0143, -0.2918 1.8652 1.9809, -0.305 1.8652 1.9734, -0.2634 1.8652 2.0132, -0.2617 1.8652 2.0106, -0.2607 1.8652 2.0079, -0.2596 1.8652 1.9345, -0.2698 1.8652 1.9696, -0.2578 1.8652 1.9752, -0.272 1.8652 1.933, -0.2729 1.8652 1.933, -0.2829 1.8652 1.964, -0.2832 1.8652 1.9341, -0.2958 1.8652 1.9483, -0.2956 1.8652 1.9508, -0.2884 1.8652 1.9359, -0.2902 1.8652 1.937, -0.2925 1.8652 1.9391, -0.2943 1.8652 1.9416, -0.2953 1.8652 1.9445, -0.2947 1.8652 1.9539, -0.2932 1.8652 1.9566, -0.2907 1.8652 1.9592, -0.7095 1.8652 2.3345, -0.5593 1.8652 2.3345, -0.577 1.8652 2.3314, -0.5108 1.8652 2.1717, -0.5149 1.8652 2.1717, -0.5593 1.8652 2.2858, -0.5149 1.8652 2.1717, -0.5108 1.8652 2.126, -0.5377 1.8652 2.1715, -0.5593 1.8652 2.126, -0.5378 1.8652 2.1717, -0.5593 1.8652 2.1717, -0.5593 1.8652 2.2151, -0.5534 1.8652 2.2152, -0.6201 1.8652 2.2147, -0.6358 1.8652 2.1717, -0.6361 1.8652 2.1708, -0.659 1.8652 2.1706, -0.7095 1.8652 2.126, -0.3219 1.8652 2.1913, -0.3455 1.8652 2.1911, -0.3377 1.8652 2.245, -0.3606 1.8652 2.3345, -0.3219 1.8652 2.3345, -0.3429 1.8652 2.333, -0.3219 1.8652 2.3332, -0.3378 1.8652 2.2634, -0.3427 1.8652 2.3146, -0.3219 1.8652 2.2635, -0.3219 1.8652 2.2451, -0.2804 1.8652 2.2454, -0.28 1.8652 2.1916, -0.3219 1.8652 2.3147, -0.2809 1.8652 2.315, -0.2806 1.8652 2.2638, -0.2592 1.8652 2.1735, -0.2491 1.8652 2.1717, -0.3219 1.8652 2.1717, -0.3606 1.8652 2.1717, -0.3454 1.8652 2.1729, -0.3219 1.8652 2.173, -0.2604 1.8652 2.3336, -0.2491 1.8652 2.3345, -0.0371 1.8652 2.1933, -0.1009 1.8652 2.1928, -0.1043 1.8652 2.1717, -0.1007 1.8652 2.1746, -0.0163 1.8652 2.1752, -0.1043 1.8652 2.3593, -0.0174 1.8652 2.3353, -0.0174 1.8652 2.3345, -0.5108 1.8652 3.9961, -0.5032 1.8652 3.9961, -0.3606 1.8652 2.3593, -0.4777 1.8652 3.9994, -0.4539 1.8652 4.0092, -0.4336 1.8652 4.0249, -0.4179 1.8652 4.0453, -0.4081 1.8652 4.069, -0.5108 1.8652 2.3593, -0.5593 1.8652 2.3593, -0.5593 1.8652 3.9961, -0.7095 1.8652 2.3593, -1.8458 1.8652 4.0068, -1.8278 1.8652 3.9994, -1.8458 1.8652 2.3593, -1.8024 1.8652 3.9961, -0.7095 1.8652 3.9961, -2.6824 1.8652 3.9994, -2.7079 1.8652 3.9961, -2.8339 1.8652 2.3593, -2.8339 1.8652 3.9961, -2.6587 1.8652 4.0092, -2.6383 1.8652 4.0249, -2.6226 1.8652 4.0453, -1.8516 1.8652 4.0092, -2.6095 1.8652 4.0945, -2.6095 1.8652 4.1339, -1.9008 1.8652 4.1339, -1.9008 1.8652 4.0945, -1.8974 1.8652 4.069, -2.6128 1.8652 4.069, -1.8876 1.8652 4.0453, -1.872 1.8652 4.0249, -0.2283 1.8652 2.33, -0.2281 1.8652 2.3084, -0.1905 1.8652 2.3181, -0.1829 1.8652 2.3178, -0.2203 1.8652 2.197, -0.2102 1.8652 2.3156, -0.2274 1.8652 2.2001, -0.2264 1.8652 2.3093, -0.2203 1.8652 2.3117, -0.1691 1.8652 2.315, -0.1566 1.8652 2.3089, -0.1467 1.8652 2.3007, -0.1456 1.8652 2.2995, -0.1378 1.8652 2.2884, -0.1323 1.8652 2.2746, -0.1295 1.8652 2.2527, -0.1298 1.8652 2.2454, -0.2116 1.8652 2.1932, -0.1934 1.8652 2.1899, -0.186 1.8652 2.1897, -0.1324 1.8652 2.2297, -0.1377 1.8652 2.2169, -0.1449 1.8652 2.2069, -0.1494 1.8652 2.2025, -0.172 1.8652 2.1912, -0.1602 1.8652 2.1954, -0.2203 1.8652 2.3593, -0.2114 1.8652 2.335, -0.1197 1.8652 2.2986, -0.1314 1.8652 2.3136, -0.1354 1.8652 2.3174, -0.1505 1.8652 2.3278, -0.1139 1.8652 2.1717, -0.1139 1.8652 2.2175, -0.112 1.8652 2.2808, -0.1139 1.8652 2.2852, -0.1108 1.8652 2.2255, -0.1078 1.8652 2.2516, -0.1082 1.8652 2.2599, -0.1732 1.8652 2.1718, -0.1558 1.8652 2.1755, -0.1408 1.8652 2.1828, -0.128 1.8652 2.1936, -0.1267 1.8652 2.195, -0.1172 1.8652 2.2088, -0.1828 1.8652 2.1713, -0.2203 1.8652 2.126, -0.1748 1.8652 2.1717, -0.1139 1.8652 2.126, -0.2272 1.8652 2.1803, -0.2245 1.8652 2.179, -0.2203 1.8652 2.1776, -0.0981 1.8652 2.0766, -0.098 1.8652 2.0623, -0.1043 1.8652 2.0766, -0.1008 1.8652 1.9388, -0.1006 1.8652 1.9205, -0.0357 1.8652 1.9931, -0.0353 1.8652 1.9393, -0.0929 1.8652 1.9927, -0.0931 1.8652 2.0111, -0.0358 1.8652 2.0115, -0.0362 1.8652 2.0627, -0.0981 1.8652 2.0807, -0.0981 1.8652 2.0797, -0.1043 1.8652 2.0797, -0.1043 1.8652 2.126, -0.0156 1.8652 2.0813, -0.0156 1.8652 2.0797, -0.0156 1.8652 2.0766, -0.3303 1.8652 1.8667, -0.3305 1.8652 1.8845, -0.3498 1.8652 2.0331, -0.3274 1.8652 2.0333, -0.3156 1.8652 1.9576, -0.5108 1.8652 1.9176, -0.3606 1.8652 0.8661, -0.3593 1.8652 1.8688, -0.3606 1.8652 1.9471, -0.3547 1.8652 1.8867, -0.3585 1.8652 1.8909, -0.3514 1.8652 1.8658, -0.3433 1.8652 1.8649, -0.3388 1.8652 1.8651, -0.3346 1.8652 1.8831, -0.3418 1.8652 1.8821, -0.3469 1.8652 1.8827, -0.3513 1.8652 1.8844, -0.3606 1.8652 1.8946, -0.3625 1.8652 1.8981, -0.3714 1.8652 1.9189, -2.8339 1.8652 2.0766, -1.8458 1.8652 2.0766, -2.8339 1.8652 0.8661, -1.8458 1.8652 0.8661, -0.7365 1.8652 1.916, -0.7136 1.8652 1.9162, -0.7757 1.8652 2.0759, -0.7978 1.8652 2.0757, -0.8577 1.8652 1.9152, -0.8349 1.8652 1.9153, -0.8188 1.8652 1.9592, -0.7522 1.8652 1.9597, -1.8458 1.8652 2.0797, -2.8339 1.8652 2.0797, -1.8458 1.8652 2.126, -1.8458 1.8652 2.1717, -2.8339 1.8652 2.126, -2.8339 1.8652 2.1717, -1.8458 1.8652 2.3345, -2.8339 1.8652 2.3345, -0.506 1.8652 2.2436, -0.502 1.8652 2.2249, -0.4983 1.8652 2.2912, -0.5041 1.8652 2.2759, -0.5108 1.8652 2.3345, -0.5066 1.8652 2.2538, -0.494 1.8652 2.2084, -0.482 1.8652 2.1943, -0.4652 1.8652 2.1824, -0.4224 1.8652 2.3324, -0.4469 1.8652 2.3296, -0.4661 1.8652 2.3224, -0.4468 1.8652 2.1754, -0.4197 1.8652 2.1723, -0.3756 1.8652 2.1726, -0.3768 1.8652 2.3328, -0.4828 1.8652 2.3108, -0.4885 1.8652 2.3052, -0.2491 1.8652 2.126, -0.3219 1.8652 2.126, -0.3606 1.8652 2.126, -0.2491 1.8652 2.3593, -0.3219 1.8652 2.3593, -0.192 1.8652 2.0331, -0.1986 1.8652 2.0292, -0.1836 1.8652 2.0358, -0.1918 1.8652 1.9376, -0.1913 1.8652 1.9376, -0.1917 1.8652 1.9199, -0.1859 1.8652 1.9302, -0.1793 1.8652 1.9242, -0.1317 1.8652 2.0267, -0.1359 1.8652 2.0291, -0.1139 1.8652 2.0766, -0.1509 1.8652 2.0347, -0.1712 1.8652 2.037, -0.1755 1.8652 1.9219, -0.1675 1.8652 1.9188, -0.1561 1.8652 1.9174, -0.1286 1.8652 1.9752, -0.1349 1.8652 1.9804, -0.1316 1.8652 2.0072, -0.1437 1.8652 1.9847, -0.1435 1.8652 2.0148, -0.1582 1.8652 1.9881, -0.176 1.8652 2.02, -0.1692 1.8652 2.0208, -0.156 1.8652 2.0193, -0.2038 1.8652 2.024, -0.2079 1.8652 2.0174, -0.2109 1.8652 2.0081, -0.1441 1.8652 1.9189, -0.1364 1.8652 1.9219, -0.1139 1.8652 0.8661, -0.1297 1.8652 1.9266, -0.1275 1.8652 1.9289, -0.1234 1.8652 1.9351, -0.121 1.8652 1.9419, -0.12 1.8652 1.951, -0.1201 1.8652 1.954, -0.1216 1.8652 1.9625, -0.1245 1.8652 1.9695, -0.1922 1.8652 1.9926, -0.1915 1.8652 2.0015, -0.1895 1.8652 2.0086, -0.1872 1.8652 2.0128, -0.2122 1.8652 1.9933, -0.2117 1.8652 1.9197, -0.1842 1.8652 2.016, -0.1806 1.8652 2.0183, -0.0145 1.8652 1.9211, -0.1043 1.8652 0.8661, -0.1139 1.8652 2.0797, -0.2203 1.8652 2.0797, -0.2491 1.8652 2.0797, -0.3219 1.8652 2.0797, -0.1139 1.8652 2.3593, -0.1904 1.8652 2.3368, -0.1043 1.8652 4.1339, -0.1139 1.8652 4.1339, -0.2203 1.8652 4.1339, -0.2491 1.8652 4.1339, -0.3219 1.8652 4.1339, 2.7843 0.6185 0.7932, 2.7843 0.6283 0.8169, 2.7843 0.2591 1.2763, 2.7843 0.2377 1.3041, 2.7843 -2.0435 -0.7455, 2.7843 -2.0225 -0.7381, 2.7843 -2.1453 -0.2593, 2.7843 -2.6814 0.8373, 2.7843 -2.6658 0.8169, 2.7843 -2.3145 1.2091, 2.7843 0.2771 -0.1295, 2.7843 0.2725 -0.1643, 2.7843 0.438 -0.4729, 2.7843 0.5266 0.1186, 2.7843 0.2725 1.2439, 2.7843 0.2771 1.2091, 2.7843 -3.8527 1.2493, 2.7843 -3.873 1.2337, 2.7843 -2.751 0.8661, 2.7843 -0.3586 0.8373, 2.7843 -0.3429 0.8169, 2.7843 0.0083 1.2091, 2.7843 -2.2149 -0.2593, 2.7843 -2.3167 -0.7455, 2.7843 -2.1801 -0.2639, 2.7843 -2.2946 -0.748, 2.7843 -2.0657 -0.748, 2.7843 0.4634 0.0867, 2.7843 0.4816 0.1024, 2.7843 0.5031 0.1133, 2.7843 0.55 0.1239, 2.7843 0.5715 0.1348, 2.7843 0.6152 0.2165, 2.7843 0.2591 -0.1967, 2.7843 0.2377 -0.2245, 2.7843 0.4357 -0.4942, 2.7843 0.2099 -0.2459, 2.7843 0.2793 -0.7455, 2.7843 0.3003 -0.7381, 2.7843 0.1775 -0.2593, 2.7843 0.3191 -0.7261, 2.7843 -4.06 0.8661, 2.7843 -2.2473 -0.2459, 2.7843 -2.2752 -0.2245, 2.7843 -2.4754 -0.4729, 2.7843 0.438 0.0207, 2.7843 0.4409 0.0446, 2.7843 0.4496 0.067, 2.7843 0.6152 0.7677, 2.7843 0.3347 -0.7102, 2.7843 0.3464 -0.6912, 2.7843 0.4288 -0.5145, 2.7843 0.1079 -0.2593, 2.7843 0.0061 -0.7455, 2.7843 0.1427 -0.2639, 2.7843 0.0283 -0.748, 2.7843 0.2572 -0.748, 2.7843 1.256 2.0247, 2.7843 1.2814 2.028, 2.7843 1.6289 4.1339, 2.7843 1.5164 2.028, 2.7843 1.6289 1.0833, 2.7843 1.5164 1.5353, 2.7843 1.4225 0.8661, 2.7843 1.2814 1.5353, 2.7843 0.7136 0.8661, 2.7843 -2.7018 0.853, 2.7843 -2.3099 1.2439, 2.7843 -2.7255 0.8628, 2.7843 -2.2965 1.2763, 2.7843 -2.2752 1.3041, 2.7843 -2.4731 -0.4942, 2.7843 -2.4662 -0.5145, 2.7843 -2.3838 -0.6912, 2.7843 -2.3721 -0.7102, 2.7843 0.5897 0.1505, 2.7843 0.6036 0.1702, 2.7843 0.6122 0.1927, 2.7843 -3.8968 1.2238, 2.7843 -3.9222 1.2205, 2.7843 -4.06 1.2205, 2.7843 -1.6585 0.853, 2.7843 -1.6347 0.8628, 2.7843 -4.1585 4.1339, 2.7843 -1.6093 0.8661, 2.7843 -0.4282 0.8661, 2.7843 -0.4027 0.8628, 2.7843 0.0755 -0.2459, 2.7843 0.0477 -0.2245, 2.7843 -0.1526 -0.4729, 2.7843 -0.3789 0.853, 2.7843 0.644 0.8373, 2.7843 0.6644 0.853, 2.7843 0.6881 0.8628, 2.7843 -2.3565 -0.7261, 2.7843 -2.3377 -0.7381, 2.7843 -2.0851 1.3041, 2.7843 -1.6945 0.8169, 2.7843 -1.6789 0.8373, 2.7843 -0.1502 -0.4942, 2.7843 -0.1433 -0.5145, 2.7843 -0.061 -0.6912, 2.7843 -0.0493 -0.7102, 2.7843 0.0129 1.2439, 2.7843 0.0263 1.2763, 2.7843 0.0477 1.3041, 2.7843 0.0755 1.3255, 2.7843 0.1079 1.3389, 2.7843 1.1962 1.9788, 2.7843 1.2118 1.9992, 2.7843 1.2322 2.0148, 2.7843 -2.1801 1.3435, 2.7843 -2.1453 1.3389, 2.7843 -0.0337 -0.7261, 2.7843 -0.0149 -0.7381, 2.7843 0.0263 -0.1967, 2.7843 0.0129 -0.1643, 2.7843 -0.1526 0.0207, 2.7843 0.0083 -0.1295, 2.7843 0.1427 1.3435, 2.7843 0.1775 1.3389, 2.7843 0.2099 1.3255, 2.7843 -2.5405 0.1133, 2.7843 -2.519 0.1024, 2.7843 -2.2965 -0.1967, 2.7843 -2.3099 -0.1643, 2.7843 -2.4754 0.0207, 2.7843 -2.3145 -0.1295, 2.7843 -1.8594 0.0867, 2.7843 -1.8412 0.1024, 2.7843 -2.0457 1.2091, 2.7843 -1.8848 -0.4729, 2.7843 -2.0851 -0.2245, 2.7843 -1.8872 -0.4942, 2.7843 -2.1129 -0.2459, 2.7843 -1.9765 -0.6912, 2.7843 -1.8941 -0.5145, 2.7843 -2.1129 1.3255, 2.7843 -4.1585 0.9646, 2.7843 -4.1585 1.122, 2.7843 -4.0855 1.2171, 2.7843 -0.2411 0.1186, 2.7843 -0.2177 0.1133, 2.7843 -0.1962 0.1024, 2.7843 -0.178 0.0867, 2.7843 -0.1642 0.067, 2.7843 -0.1555 0.0446, 2.7843 -2.564 0.1186, 2.7843 -2.5008 0.0867, 2.7843 -2.487 0.067, 2.7843 -2.4783 0.0446, 2.7843 -2.0457 -0.1295, 2.7843 -2.0503 -0.1643, 2.7843 -2.0637 -0.1967, 2.7843 -2.0037 -0.7261, 2.7843 -1.9881 -0.7102, 2.7843 -4.1093 1.2073, 2.7843 -4.1296 1.1916, 2.7843 -1.8848 0.0207, 2.7843 -1.8819 0.0446, 2.7843 -1.8733 0.067, 2.7843 -2.0637 1.2763, 2.7843 -2.0503 1.2439, 2.7843 -1.7043 0.7932, 2.7843 -1.7077 0.7677, 2.7843 -1.7077 0.2165, 2.7843 -2.2473 1.3255, 2.7843 -2.2149 1.3389, 2.7843 -3.837 2.3524, 2.7843 -3.8527 2.3727, 2.7843 -3.873 2.3884, 2.7843 -4.1453 1.1713, 2.7843 -4.1551 1.1475, 2.7843 -4.1453 0.9154, 2.7843 -4.1296 0.895, 2.7843 -4.1551 0.9391, 2.7843 -4.1093 0.8793, 2.7843 -4.0855 0.8695, 2.7843 1.183 1.6338, 2.7843 1.183 1.9296, 2.7843 1.1864 1.9551, 2.7843 -2.6089 0.1348, 2.7843 -2.5875 0.1239, 2.7843 -0.3331 0.7932, 2.7843 -0.3297 0.7677, 2.7843 -0.3297 0.2165, 2.7843 -0.2646 0.1239, 2.7843 1.256 1.5387, 2.7843 1.2322 1.5485, 2.7843 1.2118 1.5642, 2.7843 1.1962 1.5845, 2.7843 1.1864 1.6083, 2.7843 -4.1551 2.4745, 2.7843 -4.06 2.4016, 2.7843 -4.1585 2.5, 2.7843 -3.9222 2.4016, 2.7843 -3.8968 2.3982, 2.7843 -0.3268 0.1927, 2.7843 -0.3181 0.1702, 2.7843 -0.3043 0.1505, 2.7843 -0.2861 0.1348, 2.7843 -2.6559 0.7932, 2.7843 -2.6526 0.7677, 2.7843 -2.6526 0.2165, 2.7843 -2.6496 0.1927, 2.7843 -1.7193 0.1702, 2.7843 -1.7106 0.1927, 2.7843 -1.7331 0.1505, 2.7843 -1.7513 0.1348, 2.7843 -4.1453 2.4508, 2.7843 -4.1296 2.4304, 2.7843 -3.8272 2.3286, 2.7843 -3.8238 2.3031, 2.7843 -3.8238 1.3189, 2.7843 -3.8272 1.2934, 2.7843 -3.837 1.2697, 2.7843 -2.641 0.1702, 2.7843 -2.6271 0.1505, 2.7843 -1.8197 0.1133, 2.7843 -1.7963 0.1186, 2.7843 -1.7728 0.1239, 2.7843 -4.1093 2.4148, 2.7843 -4.0855 2.4049, 2.548 1.7864 4.0945, 2.548 1.7864 4.1339, 2.548 1.7857 4.139, 2.548 1.8618 4.1593, 2.548 1.7838 4.1437, 2.548 1.852 4.1831, 2.548 1.7806 4.1478, 2.548 1.8363 4.2035, 2.548 1.7766 4.1509, 2.548 1.8159 4.2191, 2.548 1.7718 4.1529, 2.548 1.7922 4.2289, 2.548 1.7667 4.1535, 2.548 1.7667 4.2323, 2.548 1.7274 4.1535, 2.548 1.7274 4.2323, 2.7055 -4.1585 2.5, 2.7055 -4.1585 4.1339, 2.7048 -4.1585 4.139, 2.7809 -4.1585 4.1593, 2.7029 -4.1585 4.1437, 2.7711 -4.1585 4.1831, 2.6997 -4.1585 4.1478, 2.7554 -4.1585 4.2035, 2.6957 -4.1585 4.1509, 2.735 -4.1585 4.2191, 2.6909 -4.1585 4.1529, 2.7113 -4.1585 4.2289, 2.6858 -4.1585 4.1535, 2.6858 -4.1585 4.2323, 0.8945 -4.1585 4.1535, 0.8945 -4.1585 4.2323, 2.7055 -4.1585 1.122, 2.7055 -4.1585 0.9646, -0.8541 -2.696 4.2323, -0.8443 -2.6722 4.2323, -2.7472 1.6289 4.2323, 2.621 1.6323 4.2323, 2.6465 1.6289 4.2323, 2.6858 1.6289 4.2323, -0.8575 -2.7215 4.2323, 0.7468 -2.6362 4.2323, 0.7672 -2.6519 4.2323, -0.4539 1.6421 4.2323, 0.3721 1.6578 4.2323, 0.3565 1.6781 4.2323, 0.7829 -2.6722 4.2323, 0.7927 -2.696 4.2323, -0.8287 -2.6519 4.2323, -0.8083 -2.6362 4.2323, -2.7079 1.6289 4.2323, 0.4417 1.6289 4.2323, 0.4163 1.6323 4.2323, 1.7409 1.6289 4.2323, 0.3925 1.6421 4.2323, 1.8394 1.7667 4.2323, -2.7472 -4.1585 4.2323, -0.9559 -4.1585 4.2323, -0.8575 -4.06 4.2323, -0.9304 -4.1551 4.2323, -0.8608 -4.0855 4.2323, 0.7961 -2.7215 4.2323, 0.7961 -4.06 4.2323, 0.869 -4.1551 4.2323, 1.7902 1.6421 4.2323, 1.7664 1.6323 4.2323, 2.5612 1.6781 4.2323, 2.5769 1.6578 4.2323, 2.5972 1.6421 4.2323, 1.8394 1.7274 4.2323, 1.836 1.7019 4.2323, 2.5514 1.7019 4.2323, 1.8262 1.6781 4.2323, 1.8105 1.6578 4.2323, -2.6587 1.6421 4.2323, -2.6824 1.6323 4.2323, -1.8876 1.6781 4.2323, -1.872 1.6578 4.2323, -1.8516 1.6421 4.2323, -0.7845 -2.6264 4.2323, -1.8278 1.6323 4.2323, -1.8024 1.6289 4.2323, -1.9008 1.7274 4.2323, -1.9008 1.7667 4.2323, -2.6095 1.7667 4.2323, 0.3433 1.7274 4.2323, 0.3433 1.7667 4.2323, -0.4047 1.7667 4.2323, -2.6095 1.7274 4.2323, -2.6128 1.7019 4.2323, -1.8974 1.7019 4.2323, -2.6226 1.6781 4.2323, -2.6383 1.6578 4.2323, -0.4047 1.7274 4.2323, -0.4081 1.7019 4.2323, 0.3467 1.7019 4.2323, -0.4179 1.6781 4.2323, -0.4336 1.6578 4.2323, -0.8707 -4.1093 4.2323, -0.9067 -4.1453 4.2323, -0.8863 -4.1296 4.2323, 0.7994 -4.0855 4.2323, 0.8092 -4.1093 4.2323, 0.8453 -4.1453 4.2323, 0.8249 -4.1296 4.2323, -0.5032 1.6289 4.2323, -0.7591 -2.623 4.2323, -0.4777 1.6323 4.2323, 0.6976 -2.623 4.2323, 0.7231 -2.6264 4.2323, 2.7055 -2.1453 1.3389, 2.7055 -2.1801 1.3435, 2.7055 -0.3789 0.853, 2.7055 -0.4027 0.8628, 2.7055 0.0129 1.2439, 2.7055 -3.9222 1.2205, 2.7055 -3.8968 1.2238, 2.7055 -4.06 0.8661, 2.7055 0.2377 1.3041, 2.7055 0.2099 1.3255, 2.7055 1.6289 4.1339, 2.7055 -1.6093 0.8661, 2.7055 -1.6347 0.8628, 2.7055 -2.751 0.8661, 2.7055 -3.873 1.2337, 2.7055 -3.8527 1.2493, 2.7055 1.6289 1.0833, 2.7055 1.4225 0.8661, 2.7055 0.1775 1.3389, 2.7055 0.1427 1.3435, 2.7055 0.1079 1.3389, 2.7055 -2.3099 1.2439, 2.7055 -2.7255 0.8628, 2.7055 -2.2965 1.2763, 2.7055 -2.2752 1.3041, 2.7055 -1.6585 0.853, 2.7055 -1.6789 0.8373, 2.7055 -1.6945 0.8169, 2.7055 0.2725 1.2439, 2.7055 0.6644 0.853, 2.7055 0.2771 1.2091, 2.7055 0.644 0.8373, 2.7055 0.6283 0.8169, 2.7055 -2.3167 -0.7455, 2.7055 -2.3377 -0.7381, 2.7055 -2.2149 -0.2593, 2.7055 -2.2149 1.3389, 2.7055 -3.837 2.3524, 2.7055 -2.2473 1.3255, 2.7055 -3.8272 2.3286, 2.7055 -3.873 2.3884, 2.7055 -3.8968 2.3982, 2.7055 0.2591 1.2763, 2.7055 0.6881 0.8628, 2.7055 0.7136 0.8661, 2.7055 -2.1129 -0.2459, 2.7055 -2.0851 -0.2245, 2.7055 -1.8848 -0.4729, 2.7055 -2.6559 0.7932, 2.7055 -2.6658 0.8169, 2.7055 -2.3145 1.2091, 2.7055 -2.6814 0.8373, 2.7055 -2.7018 0.853, 2.7055 -0.4282 0.8661, 2.7055 -2.0457 1.2091, 2.7055 -2.0503 1.2439, 2.7055 -3.837 1.2697, 2.7055 -3.8272 1.2934, 2.7055 -3.8527 2.3727, 2.7055 -0.3586 0.8373, 2.7055 0.0083 1.2091, 2.7055 -0.3429 0.8169, 2.7055 0.0283 -0.748, 2.7055 0.1079 -0.2593, 2.7055 0.2572 -0.748, 2.7055 0.1427 -0.2639, 2.7055 0.2793 -0.7455, 2.7055 0.1775 -0.2593, 2.7055 0.438 -0.4729, 2.7055 0.2725 -0.1643, 2.7055 0.438 0.0207, 2.7055 0.2771 -0.1295, 2.7055 -2.1453 -0.2593, 2.7055 -2.0435 -0.7455, 2.7055 -2.1801 -0.2639, 2.7055 -2.0657 -0.748, 2.7055 -2.2946 -0.748, 2.7055 -1.8872 -0.4942, 2.7055 -1.8941 -0.5145, 2.7055 -1.9765 -0.6912, 2.7055 -1.9881 -0.7102, 2.7055 -2.0637 1.2763, 2.7055 -2.0851 1.3041, 2.7055 -2.1129 1.3255, 2.7055 -4.0855 0.8695, 2.7055 -4.1093 0.8793, 2.7055 -4.1296 0.895, 2.7055 -4.1551 1.1475, 2.7055 -4.06 1.2205, 2.7055 0.0755 1.3255, 2.7055 0.0477 1.3041, 2.7055 0.0263 1.2763, 2.7055 -0.3297 0.2165, 2.7055 -0.3297 0.7677, 2.7055 -0.3331 0.7932, 2.7055 0.2099 -0.2459, 2.7055 0.2377 -0.2245, 2.7055 0.2591 -0.1967, 2.7055 0.5266 0.1186, 2.7055 0.5031 0.1133, 2.7055 0.4816 0.1024, 2.7055 0.4634 0.0867, 2.7055 0.4496 0.067, 2.7055 0.4409 0.0446, 2.7055 -2.2473 -0.2459, 2.7055 -2.3838 -0.6912, 2.7055 -2.0037 -0.7261, 2.7055 -2.0225 -0.7381, 2.7055 -1.8197 0.1133, 2.7055 -1.8412 0.1024, 2.7055 -4.1453 0.9154, 2.7055 -4.1551 0.9391, 2.7055 0.0083 -0.1295, 2.7055 0.0129 -0.1643, 2.7055 -0.1526 -0.4729, 2.7055 0.0263 -0.1967, 2.7055 0.0477 -0.2245, 2.7055 -0.1502 -0.4942, 2.7055 0.0755 -0.2459, 2.7055 0.0061 -0.7455, 2.7055 -0.0149 -0.7381, 2.7055 -0.0337 -0.7261, 2.7055 0.3347 -0.7102, 2.7055 0.3191 -0.7261, 2.7055 0.3003 -0.7381, 2.7055 -2.4754 -0.4729, 2.7055 -2.2752 -0.2245, 2.7055 -2.4731 -0.4942, 2.7055 -2.4662 -0.5145, 2.7055 -2.3565 -0.7261, 2.7055 -2.3721 -0.7102, 2.7055 -1.7963 0.1186, 2.7055 -1.8594 0.0867, 2.7055 -1.8733 0.067, 2.7055 -2.0457 -0.1295, 2.7055 -4.1453 1.1713, 2.7055 -4.1296 1.1916, 2.7055 -3.8238 1.3189, 2.7055 -3.8238 2.3031, 2.7055 -3.9222 2.4016, 2.7055 -4.06 2.4016, 2.7055 -4.0855 2.4049, 2.7055 -0.178 0.0867, 2.7055 -0.1962 0.1024, 2.7055 -0.0493 -0.7102, 2.7055 -0.061 -0.6912, 2.7055 -0.1433 -0.5145, 2.7055 0.4357 -0.4942, 2.7055 0.4288 -0.5145, 2.7055 0.3464 -0.6912, 2.7055 -2.3145 -0.1295, 2.7055 -2.3099 -0.1643, 2.7055 -2.2965 -0.1967, 2.7055 -2.0637 -0.1967, 2.7055 -2.0503 -0.1643, 2.7055 -1.8848 0.0207, 2.7055 -1.8819 0.0446, 2.7055 -4.1093 1.2073, 2.7055 -4.0855 1.2171, 2.7055 -0.1526 0.0207, 2.7055 -0.1555 0.0446, 2.7055 -0.1642 0.067, 2.7055 0.6185 0.7932, 2.7055 0.6152 0.7677, 2.7055 0.6152 0.2165, 2.7055 0.55 0.1239, 2.7055 -2.4754 0.0207, 2.7055 -2.4783 0.0446, 2.7055 -2.487 0.067, 2.7055 -2.5008 0.0867, 2.7055 -4.1093 2.4148, 2.7055 -4.1296 2.4304, 2.7055 -0.2177 0.1133, 2.7055 -0.2411 0.1186, 2.7055 -0.2646 0.1239, 2.7055 -0.2861 0.1348, 2.7055 0.6122 0.1927, 2.7055 0.6036 0.1702, 2.7055 -2.519 0.1024, 2.7055 -2.5405 0.1133, 2.7055 -2.564 0.1186, 2.7055 -4.1453 2.4508, 2.7055 -4.1551 2.4745, 2.7055 -0.3043 0.1505, 2.7055 -0.3181 0.1702, 2.7055 -0.3268 0.1927, 2.7055 0.5897 0.1505, 2.7055 0.5715 0.1348, 2.7055 -2.6526 0.2165, 2.7055 -2.6526 0.7677, 2.7055 -1.7513 0.1348, 2.7055 -1.7077 0.2165, 2.7055 -1.7331 0.1505, 2.7055 -1.7106 0.1927, 2.7055 -1.7193 0.1702, 2.7055 -2.6271 0.1505, 2.7055 -2.6089 0.1348, 2.7055 -2.5875 0.1239, 2.7055 -1.7043 0.7932, 2.7055 -1.7077 0.7677, 2.7055 -1.7728 0.1239, 2.7055 -2.641 0.1702, 2.7055 -2.6496 0.1927, 2.621 1.7864 3.9994, 2.5972 1.7864 4.0092, 1.8262 1.7864 4.0453, 2.5769 1.7864 4.0249, 2.7724 1.7864 0.8661, 2.7724 1.7864 3.9961, 2.6465 1.7864 3.9961, -2.8339 1.7864 0.8661, -0.4777 1.7864 3.9994, -2.8339 1.7864 3.9961, -2.7079 1.7864 3.9961, -2.6824 1.7864 3.9994, 1.8394 1.7864 4.1339, 1.8105 1.7864 4.0249, 1.7902 1.7864 4.0092, 1.7664 1.7864 3.9994, 1.7409 1.7864 3.9961, -0.5032 1.7864 3.9961, -1.8024 1.7864 3.9961, -1.8278 1.7864 3.9994, 2.5612 1.7864 4.0453, 2.5514 1.7864 4.069, 1.836 1.7864 4.069, 1.8394 1.7864 4.0945, -1.8516 1.7864 4.0092, -1.872 1.7864 4.0249, -1.8876 1.7864 4.0453, -2.6587 1.7864 4.0092, 0.4417 1.7864 3.9961, 0.4163 1.7864 3.9994, 0.3925 1.7864 4.0092, -0.4336 1.7864 4.0249, 0.3565 1.7864 4.0453, -0.4179 1.7864 4.0453, -0.4081 1.7864 4.069, 0.3721 1.7864 4.0249, -0.4539 1.7864 4.0092, 0.3433 1.7864 4.0945, 0.3433 1.7864 4.1339, -0.4047 1.7864 4.1339, -1.9008 1.7864 4.0945, -1.9008 1.7864 4.1339, -2.6095 1.7864 4.1339, 0.3467 1.7864 4.069, -0.4047 1.7864 4.0945, -2.6095 1.7864 4.0945, -2.6128 1.7864 4.069, -1.8974 1.7864 4.069, -2.6226 1.7864 4.0453, -2.6383 1.7864 4.0249, -2.6383 1.6578 4.1535, -2.6226 1.6781 4.1535, 2.6465 1.6289 4.1535, 2.6858 1.6289 4.1535, -0.8083 -2.6362 4.1535, -0.8287 -2.6519 4.1535, -2.7472 1.6289 4.1535, -0.8443 -2.6722 4.1535, -2.7472 -4.1585 4.1535, -0.8541 -2.696 4.1535, 0.3925 1.6421 4.1535, 0.4163 1.6323 4.1535, 0.7961 -2.7215 4.1535, 0.7927 -2.696 4.1535, -0.4539 1.6421 4.1535, -0.4336 1.6578 4.1535, -0.4179 1.6781 4.1535, 0.4417 1.6289 4.1535, 1.7409 1.6289 4.1535, 1.7664 1.6323 4.1535, 1.7902 1.6421 4.1535, 1.8105 1.6578 4.1535, 1.8262 1.6781 4.1535, 2.621 1.6323 4.1535, 2.5972 1.6421 4.1535, -2.7079 1.6289 4.1535, 0.7468 -2.6362 4.1535, 0.7231 -2.6264 4.1535, 0.6976 -2.623 4.1535, -0.7591 -2.623 4.1535, -0.7845 -2.6264 4.1535, 0.7961 -4.06 4.1535, -0.8575 -2.7215 4.1535, -0.8575 -4.06 4.1535, -0.9559 -4.1585 4.1535, -0.9304 -4.1551 4.1535, -2.6587 1.6421 4.1535, 1.8394 1.7274 4.1535, 1.8394 1.7667 4.1535, 0.7829 -2.6722 4.1535, 0.7672 -2.6519 4.1535, -2.6824 1.6323 4.1535, -2.6095 1.7274 4.1535, -2.6095 1.7667 4.1535, -1.9008 1.7667 4.1535, -1.8024 1.6289 4.1535, -0.5032 1.6289 4.1535, -0.4777 1.6323 4.1535, -0.4047 1.7274 4.1535, -0.4047 1.7667 4.1535, 0.3433 1.7667 4.1535, 2.5514 1.7019 4.1535, 1.836 1.7019 4.1535, 2.5612 1.6781 4.1535, 2.5769 1.6578 4.1535, -1.9008 1.7274 4.1535, -1.8974 1.7019 4.1535, -2.6128 1.7019 4.1535, -1.8876 1.6781 4.1535, -1.872 1.6578 4.1535, -1.8516 1.6421 4.1535, -1.8278 1.6323 4.1535, -0.8608 -4.0855 4.1535, -0.8707 -4.1093 4.1535, -0.9067 -4.1453 4.1535, -0.8863 -4.1296 4.1535, 0.3433 1.7274 4.1535, 0.3467 1.7019 4.1535, -0.4081 1.7019 4.1535, 0.3565 1.6781 4.1535, 0.3721 1.6578 4.1535, 0.8249 -4.1296 4.1535, 0.8092 -4.1093 4.1535, 0.8453 -4.1453 4.1535, 0.869 -4.1551 4.1535, 0.7994 -4.0855 4.1535, 2.6909 1.6289 4.1529, 2.7113 1.6289 4.2289, 2.6957 1.6289 4.1509, 2.735 1.6289 4.2191, 2.6997 1.6289 4.1478, 2.7554 1.6289 4.2035, 2.7029 1.6289 4.1437, 2.7711 1.6289 4.1831, 2.7048 1.6289 4.139, 2.7809 1.6289 4.1593, -2.8535 0.94 0.8661, -2.9323 0.94 0.8661, -2.8535 1.7667 0.8661, -2.9323 1.7667 0.8661, -2.8529 1.7718 0.8661, -2.9289 1.7922 0.8661, -2.8509 1.7766 0.8661, -2.9191 1.8159 0.8661, -2.8478 1.7806 0.8661, -2.9035 1.8363 0.8661, -2.8437 1.7838 0.8661, -2.8831 1.852 0.8661, -2.839 1.7857 0.8661, -2.8593 1.8618 0.8661, 2.7775 1.7857 0.8661, 2.7979 1.8618 0.8661, 2.7823 1.7838 0.8661, 2.8217 1.852 0.8661, 2.7864 1.7806 0.8661, 2.842 1.8363 0.8661, 2.7895 1.7766 0.8661, 2.8577 1.8159 0.8661, 2.7915 1.7718 0.8661, 2.8675 1.7922 0.8661, 2.7921 1.7667 0.8661, 2.8709 1.7667 0.8661, 2.7921 0.94 0.8661, 2.8709 0.94 0.8661, 2.8236 -2.2104 1.2091, 2.8236 -2.1499 1.2091, 2.8236 -2.1509 1.2169, 2.8236 -2.1539 1.2242, 2.8236 -2.1587 1.2305, 2.8236 -2.2093 1.2169, 2.8236 -2.1723 1.2383, 2.8236 -2.1801 1.2393, 2.8236 -2.2063 1.2242, 2.8236 -2.1499 -0.1295, 2.8236 -2.2104 -0.1295, 2.8236 -2.1509 -0.1373, 2.8236 -2.2093 -0.1373, 2.8236 -2.2063 -0.1446, 2.8236 -2.165 1.2353, 2.8236 -2.1879 1.2383, 2.8236 -2.1952 1.2353, 2.8236 -2.2015 1.2305, 2.8236 -2.2015 -0.1509, 2.8236 -2.1952 -0.1557, 2.8236 -2.1879 -0.1587, 2.8236 -2.1723 -0.1587, 2.8236 -2.165 -0.1557, 2.8236 -2.1587 -0.1509, 2.8236 -2.1801 -0.1597, 2.8236 -2.1539 -0.1446, 2.8236 0.1125 -0.1295, 2.8236 0.1729 -0.1295, 2.8236 0.1125 1.2091, 2.8236 0.1729 1.2091, 2.8236 0.1427 -0.1597, 2.8236 0.1505 -0.1587, 2.8236 0.1578 -0.1557, 2.8236 0.1719 1.2169, 2.8236 0.1689 1.2242, 2.8236 0.1641 1.2305, 2.8236 0.1135 -0.1373, 2.8236 0.1165 -0.1446, 2.8236 0.1213 -0.1509, 2.8236 0.1213 1.2305, 2.8236 0.1165 1.2242, 2.8236 0.1135 1.2169, 2.8236 0.1276 -0.1557, 2.8236 0.1349 -0.1587, 2.8236 0.1641 -0.1509, 2.8236 0.1689 -0.1446, 2.8236 0.1719 -0.1373, 2.8236 0.1427 1.2393, 2.8236 0.1505 1.2383, 2.8236 0.1578 1.2353, 2.8236 0.1349 1.2383, 2.8236 0.1276 1.2353, 2.7449 0.1505 1.2383, 2.7449 0.1578 1.2353, 2.7449 0.1641 1.2305, 2.7449 0.1729 1.2091, 2.7449 0.1729 -0.1295, 2.7449 0.1125 -0.1295, 2.7449 0.1125 1.2091, 2.7449 0.1135 1.2169, 2.7449 0.1165 1.2242, 2.7449 0.1427 1.2393, 2.7449 0.1213 1.2305, 2.7449 0.1276 1.2353, 2.7449 0.1719 1.2169, 2.7449 0.1689 1.2242, 2.7449 0.1349 1.2383, 2.7449 0.1578 -0.1557, 2.7449 0.1505 -0.1587, 2.7449 0.1135 -0.1373, 2.7449 0.1427 -0.1597, 2.7449 0.1349 -0.1587, 2.7449 0.1719 -0.1373, 2.7449 0.1689 -0.1446, 2.7449 0.1641 -0.1509, 2.7449 0.1276 -0.1557, 2.7449 0.1213 -0.1509, 2.7449 0.1165 -0.1446, 2.7449 -2.1499 -0.1295, 2.7449 -2.2104 -0.1295, 2.7449 -2.1499 1.2091, 2.7449 -2.2104 1.2091, 2.7449 -2.1509 -0.1373, 2.7449 -2.1539 -0.1446, 2.7449 -2.2093 -0.1373, 2.7449 -2.1587 1.2305, 2.7449 -2.1539 1.2242, 2.7449 -2.2063 1.2242, 2.7449 -2.1879 -0.1587, 2.7449 -2.1952 -0.1557, 2.7449 -2.2015 1.2305, 2.7449 -2.1952 1.2353, 2.7449 -2.1879 1.2383, 2.7449 -2.1801 1.2393, 2.7449 -2.2093 1.2169, 2.7449 -2.1509 1.2169, 2.7449 -2.1587 -0.1509, 2.7449 -2.165 -0.1557, 2.7449 -2.2015 -0.1509, 2.7449 -2.2063 -0.1446, 2.7449 -2.1723 1.2383, 2.7449 -2.165 1.2353, 2.7449 -2.1723 -0.1587, 2.7449 -2.1801 -0.1597, 2.7252 -2.0978 1.2091, 2.7359 -2.1134 1.2091, 2.7252 -2.1006 1.2304, 2.7359 -2.1157 1.2264, 2.7252 -2.1088 1.2503, 2.7359 -2.1223 1.2425, 2.7252 -2.1219 1.2673, 2.7359 -2.1329 1.2563, 2.7252 -2.139 1.2804, 2.7359 -2.1468 1.2669, 2.7252 -2.1588 1.2886, 2.7359 -2.1629 1.2735, 2.7252 -2.1801 1.2914, 2.7359 -2.1801 1.2758, 2.7252 -2.2014 1.2886, 2.7359 -2.1974 1.2735, 2.7252 -2.2213 1.2804, 2.7359 -2.2135 1.2669, 2.7252 -2.2383 1.2673, 2.7359 -2.2273 1.2563, 2.7252 -2.2514 1.2503, 2.7359 -2.2379 1.2425, 2.7252 -2.2596 1.2304, 2.7359 -2.2446 1.2264, 2.7252 -2.2624 1.2091, 2.7359 -2.2468 1.2091, 2.7426 -2.1311 1.2091, 2.7426 -2.1328 1.2218, 2.7426 -2.1377 1.2336, 2.7426 -2.1455 1.2438, 2.7426 -2.1556 1.2515, 2.7426 -2.1674 1.2564, 2.7426 -2.1801 1.2581, 2.7426 -2.1928 1.2564, 2.7426 -2.2046 1.2515, 2.7426 -2.2148 1.2438, 2.7426 -2.2226 1.2336, 2.7426 -2.2275 1.2218, 2.7426 -2.2291 1.2091, 2.7426 -2.1311 -0.1295, 2.7359 -2.1134 -0.1295, 2.7252 -2.0978 -0.1295, 2.7426 -2.2291 -0.1295, 2.7359 -2.2468 -0.1295, 2.7252 -2.2624 -0.1295, 2.7252 -2.2596 -0.1508, 2.7359 -2.2446 -0.1468, 2.7252 -2.2514 -0.1706, 2.7359 -2.2379 -0.1629, 2.7252 -2.2383 -0.1877, 2.7359 -2.2273 -0.1767, 2.7252 -2.2213 -0.2008, 2.7359 -2.2135 -0.1873, 2.7252 -2.2014 -0.209, 2.7359 -2.1974 -0.1939, 2.7252 -2.1801 -0.2118, 2.7359 -2.1801 -0.1962, 2.7252 -2.1588 -0.209, 2.7359 -2.1629 -0.1939, 2.7252 -2.139 -0.2008, 2.7359 -2.1468 -0.1873, 2.7252 -2.1219 -0.1877, 2.7359 -2.1329 -0.1767, 2.7252 -2.1088 -0.1706, 2.7359 -2.1223 -0.1629, 2.7252 -2.1006 -0.1508, 2.7359 -2.1157 -0.1468, 2.7426 -2.2275 -0.1422, 2.7426 -2.2226 -0.154, 2.7426 -2.2148 -0.1642, 2.7426 -2.2046 -0.1719, 2.7426 -2.1928 -0.1768, 2.7426 -2.1801 -0.1785, 2.7426 -2.1674 -0.1768, 2.7426 -2.1556 -0.1719, 2.7426 -2.1455 -0.1642, 2.7426 -2.1377 -0.154, 2.7426 -2.1328 -0.1422, 2.7252 0.225 1.2091, 2.7359 0.2094 1.2091, 2.7252 0.2222 1.2304, 2.7359 0.2072 1.2264, 2.7252 0.214 1.2503, 2.7359 0.2005 1.2425, 2.7252 0.2009 1.2673, 2.7359 0.1899 1.2563, 2.7252 0.1839 1.2804, 2.7359 0.1761 1.2669, 2.7252 0.164 1.2886, 2.7359 0.16 1.2735, 2.7252 0.1427 1.2914, 2.7359 0.1427 1.2758, 2.7252 0.1214 1.2886, 2.7359 0.1254 1.2735, 2.7252 0.1016 1.2804, 2.7359 0.1094 1.2669, 2.7252 0.0845 1.2673, 2.7359 0.0955 1.2563, 2.7252 0.0714 1.2503, 2.7359 0.0849 1.2425, 2.7252 0.0632 1.2304, 2.7359 0.0783 1.2264, 2.7252 0.0604 1.2091, 2.7359 0.076 1.2091, 2.7426 0.1917 1.2091, 2.7426 0.1901 1.2218, 2.7426 0.1852 1.2336, 2.7426 0.1774 1.2438, 2.7426 0.1672 1.2515, 2.7426 0.1554 1.2564, 2.7426 0.1427 1.2581, 2.7426 0.13 1.2564, 2.7426 0.1182 1.2515, 2.7426 0.108 1.2438, 2.7426 0.1003 1.2336, 2.7426 0.0954 1.2218, 2.7426 0.0937 1.2091, 2.7426 0.1917 -0.1295, 2.7359 0.2094 -0.1295, 2.7252 0.225 -0.1295, 2.7426 0.0937 -0.1295, 2.7359 0.076 -0.1295, 2.7252 0.0604 -0.1295, 2.7252 0.0632 -0.1508, 2.7359 0.0783 -0.1468, 2.7252 0.0714 -0.1706, 2.7359 0.0849 -0.1629, 2.7252 0.0845 -0.1877, 2.7359 0.0955 -0.1767, 2.7252 0.1016 -0.2008, 2.7359 0.1094 -0.1873, 2.7252 0.1214 -0.209, 2.7359 0.1254 -0.1939, 2.7252 0.1427 -0.2118, 2.7359 0.1427 -0.1962, 2.7252 0.164 -0.209, 2.7359 0.16 -0.1939, 2.7252 0.1839 -0.2008, 2.7359 0.1761 -0.1873, 2.7252 0.2009 -0.1877, 2.7359 0.1899 -0.1767, 2.7252 0.214 -0.1706, 2.7359 0.2005 -0.1629, 2.7252 0.2222 -0.1508, 2.7359 0.2072 -0.1468, 2.7426 0.0954 -0.1422, 2.7426 0.1003 -0.154, 2.7426 0.108 -0.1642, 2.7426 0.1182 -0.1719, 2.7426 0.13 -0.1768, 2.7426 0.1427 -0.1785, 2.7426 0.1554 -0.1768, 2.7426 0.1672 -0.1719, 2.7426 0.1774 -0.1642, 2.7426 0.1852 -0.154, 2.7426 0.1901 -0.1422, 2.8213 -2.2291 1.2091, 2.8213 -2.2291 -0.1295, 2.8147 -2.2468 1.2091, 2.8147 -2.2468 -0.1295, 2.8039 -2.2624 1.2091, 2.8039 -2.2624 -0.1295, 2.8213 -2.2275 -0.1422, 2.8147 -2.2446 -0.1468, 2.8039 -2.2596 -0.1508, 2.8039 -2.2514 -0.1706, 2.8147 -2.2379 -0.1629, 2.8039 -2.2383 -0.1877, 2.8147 -2.2273 -0.1767, 2.8039 -2.2213 -0.2008, 2.8147 -2.2135 -0.1873, 2.8039 -2.2014 -0.209, 2.8147 -2.1974 -0.1939, 2.8039 -2.1801 -0.2118, 2.8147 -2.1801 -0.1962, 2.8039 -2.1588 -0.209, 2.8147 -2.1629 -0.1939, 2.8039 -2.139 -0.2008, 2.8147 -2.1468 -0.1873, 2.8039 -2.1219 -0.1877, 2.8147 -2.1329 -0.1767, 2.8039 -2.1088 -0.1706, 2.8147 -2.1223 -0.1629, 2.8039 -2.1006 -0.1508, 2.8147 -2.1157 -0.1468, 2.8039 -2.0978 -0.1295, 2.8147 -2.1134 -0.1295, 2.8213 -2.2226 -0.154, 2.8213 -2.2148 -0.1642, 2.8213 -2.2046 -0.1719, 2.8213 -2.1928 -0.1768, 2.8213 -2.1801 -0.1785, 2.8213 -2.1674 -0.1768, 2.8213 -2.1556 -0.1719, 2.8213 -2.1455 -0.1642, 2.8213 -2.1377 -0.154, 2.8213 -2.1328 -0.1422, 2.8213 -2.1311 -0.1295, 2.8213 -2.1311 1.2091, 2.8213 -2.1328 1.2218, 2.8147 -2.1134 1.2091, 2.8147 -2.1157 1.2264, 2.8039 -2.0978 1.2091, 2.8039 -2.1006 1.2304, 2.8039 -2.1088 1.2503, 2.8147 -2.1223 1.2425, 2.8039 -2.1219 1.2673, 2.8147 -2.1329 1.2563, 2.8039 -2.139 1.2804, 2.8147 -2.1468 1.2669, 2.8039 -2.1588 1.2886, 2.8147 -2.1629 1.2735, 2.8039 -2.1801 1.2914, 2.8147 -2.1801 1.2758, 2.8039 -2.2014 1.2886, 2.8147 -2.1974 1.2735, 2.8039 -2.2213 1.2804, 2.8147 -2.2135 1.2669, 2.8039 -2.2383 1.2673, 2.8147 -2.2273 1.2563, 2.8039 -2.2514 1.2503, 2.8147 -2.2379 1.2425, 2.8039 -2.2596 1.2304, 2.8147 -2.2446 1.2264, 2.8213 -2.1377 1.2336, 2.8213 -2.1455 1.2438, 2.8213 -2.1556 1.2515, 2.8213 -2.1674 1.2564, 2.8213 -2.1801 1.2581, 2.8213 -2.1928 1.2564, 2.8213 -2.2046 1.2515, 2.8213 -2.2148 1.2438, 2.8213 -2.2226 1.2336, 2.8213 -2.2275 1.2218, 2.8213 0.0937 1.2091, 2.8213 0.0937 -0.1295, 2.8147 0.076 1.2091, 2.8147 0.076 -0.1295, 2.8039 0.0604 1.2091, 2.8039 0.0604 -0.1295, 2.8213 0.0954 -0.1422, 2.8147 0.0783 -0.1468, 2.8039 0.0632 -0.1508, 2.8039 0.0714 -0.1706, 2.8147 0.0849 -0.1629, 2.8039 0.0845 -0.1877, 2.8147 0.0955 -0.1767, 2.8039 0.1016 -0.2008, 2.8147 0.1094 -0.1873, 2.8039 0.1214 -0.209, 2.8147 0.1254 -0.1939, 2.8039 0.1427 -0.2118, 2.8147 0.1427 -0.1962, 2.8039 0.164 -0.209, 2.8147 0.16 -0.1939, 2.8039 0.1839 -0.2008, 2.8147 0.1761 -0.1873, 2.8039 0.2009 -0.1877, 2.8147 0.1899 -0.1767, 2.8039 0.214 -0.1706, 2.8147 0.2005 -0.1629, 2.8039 0.2222 -0.1508, 2.8147 0.2072 -0.1468, 2.8039 0.225 -0.1295, 2.8147 0.2094 -0.1295, 2.8213 0.1003 -0.154, 2.8213 0.108 -0.1642, 2.8213 0.1182 -0.1719, 2.8213 0.13 -0.1768, 2.8213 0.1427 -0.1785, 2.8213 0.1554 -0.1768, 2.8213 0.1672 -0.1719, 2.8213 0.1774 -0.1642, 2.8213 0.1852 -0.154, 2.8213 0.1901 -0.1422, 2.8213 0.1917 -0.1295, 2.8213 0.1917 1.2091, 2.8213 0.1901 1.2218, 2.8147 0.2094 1.2091, 2.8147 0.2072 1.2264, 2.8039 0.225 1.2091, 2.8039 0.2222 1.2304, 2.8039 0.214 1.2503, 2.8147 0.2005 1.2425, 2.8039 0.2009 1.2673, 2.8147 0.1899 1.2563, 2.8039 0.1839 1.2804, 2.8147 0.1761 1.2669, 2.8039 0.164 1.2886, 2.8147 0.16 1.2735, 2.8039 0.1427 1.2914, 2.8147 0.1427 1.2758, 2.8039 0.1214 1.2886, 2.8147 0.1254 1.2735, 2.8039 0.1016 1.2804, 2.8147 0.1094 1.2669, 2.8039 0.0845 1.2673, 2.8147 0.0955 1.2563, 2.8039 0.0714 1.2503, 2.8147 0.0849 1.2425, 2.8039 0.0632 1.2304, 2.8147 0.0783 1.2264, 2.8213 0.1852 1.2336, 2.8213 0.1774 1.2438, 2.8213 0.1672 1.2515, 2.8213 0.1554 1.2564, 2.8213 0.1427 1.2581, 2.8213 0.13 1.2564, 2.8213 0.1182 1.2515, 2.8213 0.108 1.2438, 2.8213 0.1003 1.2336, 2.8213 0.0954 1.2218, 2.7145 -2.0822 1.2091, 2.7145 -2.0822 -0.1295, 2.7078 -2.0645 1.2091, 2.7078 -2.0645 -0.1295, 2.7078 -2.2957 -0.1295, 2.7078 -2.2918 -0.1594, 2.7145 -2.278 -0.1295, 2.7145 -2.2747 -0.1548, 2.7145 -2.2649 -0.1784, 2.7145 -2.2494 -0.1987, 2.7145 -2.2291 -0.2143, 2.7145 -2.2055 -0.2241, 2.7145 -2.1801 -0.2274, 2.7145 -2.1548 -0.2241, 2.7145 -2.1312 -0.2143, 2.7145 -2.1109 -0.1987, 2.7145 -2.0953 -0.1784, 2.7145 -2.0855 -0.1548, 2.7078 -2.2802 -0.1873, 2.7078 -2.2619 -0.2112, 2.7078 -2.2379 -0.2296, 2.7078 -2.21 -0.2412, 2.7078 -2.1801 -0.2451, 2.7078 -2.1502 -0.2412, 2.7078 -2.1223 -0.2296, 2.7078 -2.0984 -0.2112, 2.7078 -2.08 -0.1873, 2.7078 -2.0685 -0.1594, 2.7078 -2.0685 1.239, 2.7145 -2.0855 1.2344, 2.7145 -2.0953 1.258, 2.7145 -2.1109 1.2783, 2.7145 -2.1312 1.2939, 2.7145 -2.1548 1.3037, 2.7145 -2.1801 1.307, 2.7145 -2.2055 1.3037, 2.7145 -2.2291 1.2939, 2.7145 -2.2494 1.2783, 2.7145 -2.2649 1.258, 2.7145 -2.2747 1.2344, 2.7145 -2.278 1.2091, 2.7078 -2.08 1.2669, 2.7078 -2.0984 1.2908, 2.7078 -2.1223 1.3092, 2.7078 -2.1502 1.3208, 2.7078 -2.1801 1.3247, 2.7078 -2.21 1.3208, 2.7078 -2.2379 1.3092, 2.7078 -2.2619 1.2908, 2.7078 -2.2802 1.2669, 2.7078 -2.2918 1.239, 2.7078 -2.2957 1.2091, 2.7145 0.2406 1.2091, 2.7145 0.2406 -0.1295, 2.7078 0.2583 1.2091, 2.7078 0.2583 -0.1295, 2.7078 0.0271 -0.1295, 2.7078 0.031 -0.1594, 2.7145 0.0448 -0.1295, 2.7145 0.0481 -0.1548, 2.7145 0.0579 -0.1784, 2.7145 0.0735 -0.1987, 2.7145 0.0938 -0.2143, 2.7145 0.1174 -0.2241, 2.7145 0.1427 -0.2274, 2.7145 0.1681 -0.2241, 2.7145 0.1917 -0.2143, 2.7145 0.2119 -0.1987, 2.7145 0.2275 -0.1784, 2.7145 0.2373 -0.1548, 2.7078 0.0426 -0.1873, 2.7078 0.061 -0.2112, 2.7078 0.0849 -0.2296, 2.7078 0.1128 -0.2412, 2.7078 0.1427 -0.2451, 2.7078 0.1726 -0.2412, 2.7078 0.2005 -0.2296, 2.7078 0.2245 -0.2112, 2.7078 0.2428 -0.1873, 2.7078 0.2544 -0.1594, 2.7078 0.2544 1.239, 2.7145 0.2373 1.2344, 2.7145 0.2275 1.258, 2.7145 0.2119 1.2783, 2.7145 0.1917 1.2939, 2.7145 0.1681 1.3037, 2.7145 0.1427 1.307, 2.7145 0.1174 1.3037, 2.7145 0.0938 1.2939, 2.7145 0.0735 1.2783, 2.7145 0.0579 1.258, 2.7145 0.0481 1.2344, 2.7145 0.0448 1.2091, 2.7078 0.2428 1.2669, 2.7078 0.2245 1.2908, 2.7078 0.2005 1.3092, 2.7078 0.1726 1.3208, 2.7078 0.1427 1.3247, 2.7078 0.1128 1.3208, 2.7078 0.0849 1.3092, 2.7078 0.061 1.2908, 2.7078 0.0426 1.2669, 2.7078 0.031 1.239, 2.7078 0.0271 1.2091, 2.7865 -2.2957 1.2091, 2.7865 -2.2918 1.239, 2.7865 -2.2802 1.2669, 2.7865 -2.2619 1.2908, 2.7865 -2.2379 1.3092, 2.7865 -2.21 1.3208, 2.7865 -2.1801 1.3247, 2.7865 -2.1502 1.3208, 2.7865 -2.1223 1.3092, 2.7865 -2.0984 1.2908, 2.7865 -2.08 1.2669, 2.7865 -2.0685 1.239, 2.7865 -2.0645 1.2091, 2.7932 -2.278 1.2091, 2.7932 -2.2747 1.2344, 2.7932 -2.2649 1.258, 2.7932 -2.2494 1.2783, 2.7932 -2.2291 1.2939, 2.7932 -2.2055 1.3037, 2.7932 -2.1801 1.307, 2.7932 -2.1548 1.3037, 2.7932 -2.1312 1.2939, 2.7932 -2.1109 1.2783, 2.7932 -2.0953 1.258, 2.7932 -2.0855 1.2344, 2.7932 -2.0822 1.2091, 2.7932 -2.278 -0.1295, 2.7865 -2.2957 -0.1295, 2.7932 -2.0822 -0.1295, 2.7865 -2.0645 -0.1295, 2.7865 -2.0685 -0.1594, 2.7865 -2.08 -0.1873, 2.7865 -2.0984 -0.2112, 2.7865 -2.1223 -0.2296, 2.7865 -2.1502 -0.2412, 2.7865 -2.1801 -0.2451, 2.7865 -2.21 -0.2412, 2.7865 -2.2379 -0.2296, 2.7865 -2.2619 -0.2112, 2.7865 -2.2802 -0.1873, 2.7865 -2.2918 -0.1594, 2.7932 -2.0855 -0.1548, 2.7932 -2.0953 -0.1784, 2.7932 -2.1109 -0.1987, 2.7932 -2.1312 -0.2143, 2.7932 -2.1548 -0.2241, 2.7932 -2.1801 -0.2274, 2.7932 -2.2055 -0.2241, 2.7932 -2.2291 -0.2143, 2.7932 -2.2494 -0.1987, 2.7932 -2.2649 -0.1784, 2.7932 -2.2747 -0.1548, 2.7865 0.0271 1.2091, 2.7865 0.031 1.239, 2.7865 0.0426 1.2669, 2.7865 0.061 1.2908, 2.7865 0.0849 1.3092, 2.7865 0.1128 1.3208, 2.7865 0.1427 1.3247, 2.7865 0.1726 1.3208, 2.7865 0.2005 1.3092, 2.7865 0.2245 1.2908, 2.7865 0.2428 1.2669, 2.7865 0.2544 1.239, 2.7865 0.2583 1.2091, 2.7932 0.0448 1.2091, 2.7932 0.0481 1.2344, 2.7932 0.0579 1.258, 2.7932 0.0735 1.2783, 2.7932 0.0938 1.2939, 2.7932 0.1174 1.3037, 2.7932 0.1427 1.307, 2.7932 0.1681 1.3037, 2.7932 0.1917 1.2939, 2.7932 0.2119 1.2783, 2.7932 0.2275 1.258, 2.7932 0.2373 1.2344, 2.7932 0.2406 1.2091, 2.7932 0.0448 -0.1295, 2.7865 0.0271 -0.1295, 2.7932 0.2406 -0.1295, 2.7865 0.2583 -0.1295, 2.7865 0.2544 -0.1594, 2.7865 0.2428 -0.1873, 2.7865 0.2245 -0.2112, 2.7865 0.2005 -0.2296, 2.7865 0.1726 -0.2412, 2.7865 0.1427 -0.2451, 2.7865 0.1128 -0.2412, 2.7865 0.0849 -0.2296, 2.7865 0.061 -0.2112, 2.7865 0.0426 -0.1873, 2.7865 0.031 -0.1594, 2.7932 0.2373 -0.1548, 2.7932 0.2275 -0.1784, 2.7932 0.2119 -0.1987, 2.7932 0.1917 -0.2143, 2.7932 0.1681 -0.2241, 2.7932 0.1427 -0.2274, 2.7932 0.1174 -0.2241, 2.7932 0.0938 -0.2143, 2.7932 0.0735 -0.1987, 2.7932 0.0579 -0.1784, 2.7932 0.0481 -0.1548, 0.3433 1.7857 4.139, 0.3433 1.8618 4.1593, 0.3433 1.7838 4.1437, 0.3433 1.852 4.1831, 0.3433 1.7806 4.1478, 0.3433 1.8363 4.2035, 0.3433 1.7766 4.1509, 0.3433 1.8159 4.2191, 0.3433 1.7718 4.1529, 0.3433 1.7922 4.2289, 1.8394 1.7718 4.1529, 1.8394 1.7922 4.2289, 1.8394 1.7766 4.1509, 1.8394 1.8159 4.2191, 1.8394 1.7806 4.1478, 1.8394 1.8363 4.2035, 1.8394 1.7838 4.1437, 1.8394 1.852 4.1831, 1.8394 1.7857 4.139, 1.8394 1.8618 4.1593, 2.7921 0.8415 3.1679, 2.7921 0.8415 0.9646, 2.8709 0.8415 3.1679, 2.8709 0.8415 0.9646, 2.7921 1.6296 2.0942, 2.7921 1.614 2.1146, 2.7921 1.7667 3.9961, 2.7921 1.5699 1.4342, 2.7921 1.5936 1.444, 2.7921 1.2129 2.1302, 2.7921 1.1925 2.1146, 2.7921 1.1769 2.0942, 2.7921 1.167 2.0704, 2.7921 1.1637 2.045, 2.7921 1.1637 1.5293, 2.7921 1.167 1.5038, 2.7921 1.2129 1.444, 2.7921 0.8907 0.8793, 2.7921 0.8704 0.895, 2.7921 1.614 1.4597, 2.7921 1.6296 1.4801, 2.7921 1.6395 1.5038, 2.7921 1.1769 1.4801, 2.7921 1.1925 1.4597, 2.7921 0.8449 0.9391, 2.7921 0.8547 0.9154, 2.7921 0.9145 0.8695, 2.7921 1.2366 1.4342, 2.7921 1.2621 1.4309, 2.7921 1.5444 1.4309, 2.7921 1.5936 2.1302, 2.7921 1.5699 2.14, 2.7921 1.6697 3.9961, 2.7921 1.5444 2.1434, 2.7921 1.6442 3.9927, 2.7921 1.2366 2.14, 2.7921 0.8434 3.1871, 2.7921 0.849 3.2056, 2.7921 1.6428 1.5293, 2.7921 1.6428 2.045, 2.7921 1.6395 2.0704, 2.7921 0.8581 3.2226, 2.7921 0.8704 3.2375, 2.7921 1.2621 2.1434, 2.7921 1.6001 3.9672, 2.7921 1.6205 3.9829, 2.7775 1.7857 3.9961, 2.7823 1.7838 3.9961, 2.7864 1.7806 3.9961, 2.7895 1.7766 3.9961, 2.7915 1.7718 3.9961, 2.8709 1.7667 3.9961, 2.8675 1.7922 3.9961, 2.8577 1.8159 3.9961, 2.842 1.8363 3.9961, 2.8217 1.852 3.9961, 2.7979 1.8618 3.9961, 2.8709 1.5936 2.1302, 2.8709 1.614 2.1146, 2.8709 1.6296 2.0942, 2.8709 1.6395 1.5038, 2.8709 1.6296 1.4801, 2.8709 1.614 1.4597, 2.8709 1.5936 1.444, 2.8709 1.6395 2.0704, 2.8709 1.6428 2.045, 2.8709 1.6428 1.5293, 2.8709 1.1925 1.4597, 2.8709 1.1769 1.4801, 2.8709 1.167 1.5038, 2.8709 1.5699 1.4342, 2.8709 1.5444 1.4309, 2.8709 0.8547 0.9154, 2.8709 0.8704 0.895, 2.8709 1.2129 1.444, 2.8709 1.1769 2.0942, 2.8709 1.1925 2.1146, 2.8709 1.2129 2.1302, 2.8709 0.8434 3.1871, 2.8709 1.2366 2.14, 2.8709 0.849 3.2056, 2.8709 0.8581 3.2226, 2.8709 0.8907 0.8793, 2.8709 0.9145 0.8695, 2.8709 1.2366 1.4342, 2.8709 1.2621 1.4309, 2.8709 0.8449 0.9391, 2.8709 1.6697 3.9961, 2.8709 1.5444 2.1434, 2.8709 1.5699 2.14, 2.8709 1.1637 1.5293, 2.8709 1.1637 2.045, 2.8709 1.167 2.0704, 2.8709 1.6442 3.9927, 2.8709 1.6205 3.9829, 2.8709 1.2621 2.1434, 2.8709 1.6001 3.9672, 2.8709 0.8704 3.2375, 2.8472 1.2814 2.028, 2.863 1.183 1.6338, 2.863 1.183 1.9296, 2.8472 1.2814 1.5353, 2.863 1.2226 1.5549, 2.863 1.2118 1.5642, 2.863 1.1864 1.6083, 2.863 1.1962 1.5845, 2.863 1.2226 2.0085, 2.863 1.2118 1.9992, 2.863 1.1864 1.9551, 2.863 1.1962 1.9788, 2.854 1.256 1.5387, 2.8604 1.2322 1.5485, 2.8604 1.2322 2.0148, 2.854 1.256 2.0247, -0.4047 1.8618 4.1593, -0.4047 1.852 4.1831, -0.4047 1.8363 4.2035, -0.4047 1.8159 4.2191, -0.4047 1.7922 4.2289, -0.4047 1.7857 4.139, -0.4047 1.7838 4.1437, -0.4047 1.7806 4.1478, -0.4047 1.7766 4.1509, -0.4047 1.7718 4.1529, -2.8457 1.2814 2.028, -2.8457 1.6289 4.1339, -2.8457 1.5164 2.028, -2.8457 1.6289 1.0833, -2.8457 0.1775 1.3389, -2.8457 0.1427 1.3435, -2.8457 1.1962 1.9788, -2.8457 1.256 2.0247, -2.8457 1.2322 2.0148, -2.8457 1.2118 1.9992, -2.8457 0.2725 1.2439, -2.8457 0.2591 1.2763, -2.8457 0.6644 0.853, -2.8457 0.2377 1.3041, -2.8457 0.6881 0.8628, -2.8457 0.7136 0.8661, -2.8457 1.256 1.5387, -2.8457 1.4225 0.8661, -2.8457 1.2814 1.5353, -2.8457 1.5164 1.5353, -2.8457 0.2771 1.2091, -2.8457 0.644 0.8373, -2.8457 0.6283 0.8169, -2.8457 0.0061 -0.7455, -2.8457 -0.0149 -0.7381, -2.8457 0.1079 -0.2593, -2.8457 0.1079 1.3389, -2.8457 -1.6347 0.8628, -2.8457 -1.6585 0.853, -2.8457 -4.1585 4.1339, -2.8457 -2.2473 1.3255, -2.8457 -2.2149 1.3389, -2.8457 -2.1801 1.3435, -2.8457 0.438 -0.4729, -2.8457 0.2725 -0.1643, -2.8457 0.438 0.0207, -2.8457 0.2771 -0.1295, -2.8457 -2.0435 -0.7455, -2.8457 -2.0657 -0.748, -2.8457 -2.1453 -0.2593, -2.8457 -2.751 0.8661, -2.8457 -3.873 1.2337, -2.8457 -3.8527 1.2493, -2.8457 -3.8272 2.3286, -2.8457 -3.837 2.3524, -2.8457 0.2099 -0.2459, -2.8457 0.2377 -0.2245, -2.8457 0.2591 -0.1967, -2.8457 0.0477 1.3041, -2.8457 -0.3429 0.8169, -2.8457 -0.3586 0.8373, -2.8457 0.5266 0.1186, -2.8457 0.5031 0.1133, -2.8457 0.4816 0.1024, -2.8457 0.4634 0.0867, -2.8457 0.4496 0.067, -2.8457 0.4409 0.0446, -2.8457 -2.3099 1.2439, -2.8457 -2.7255 0.8628, -2.8457 -2.2965 1.2763, -2.8457 -2.2752 1.3041, -2.8457 -2.1801 -0.2639, -2.8457 -1.6789 0.8373, -2.8457 -1.6945 0.8169, -2.8457 -2.0851 1.3041, -2.8457 -0.3789 0.853, -2.8457 -0.4027 0.8628, -2.8457 -0.4282 0.8661, -2.8457 -1.6093 0.8661, -2.8457 -4.1093 0.8793, -2.8457 -4.1296 0.895, -2.8457 -3.9222 1.2205, -2.8457 -3.837 1.2697, -2.8457 -3.8272 1.2934, -2.8457 -3.873 2.3884, -2.8457 -3.8968 2.3982, -2.8457 0.2099 1.3255, -2.8457 1.1864 1.9551, -2.8457 1.183 1.9296, -2.8457 -0.1526 -0.4729, -2.8457 0.0477 -0.2245, -2.8457 -0.1502 -0.4942, -2.8457 0.0755 -0.2459, -2.8457 -0.061 -0.6912, -2.8457 -0.1433 -0.5145, -2.8457 0.1775 -0.2593, -2.8457 0.2793 -0.7455, -2.8457 0.1427 -0.2639, -2.8457 0.2572 -0.748, -2.8457 0.0283 -0.748, -2.8457 0.3347 -0.7102, -2.8457 0.3191 -0.7261, -2.8457 0.3003 -0.7381, -2.8457 0.0755 1.3255, -2.8457 -2.6559 0.7932, -2.8457 -2.6658 0.8169, -2.8457 -2.3145 1.2091, -2.8457 -2.6814 0.8373, -2.8457 -2.7018 0.853, -2.8457 -2.1129 -0.2459, -2.8457 -2.0851 -0.2245, -2.8457 -1.8848 -0.4729, -2.8457 -2.1129 1.3255, -2.8457 -2.1453 1.3389, -2.8457 -4.0855 1.2171, -2.8457 -4.06 1.2205, -2.8457 -4.1585 1.122, -2.8457 -4.1585 0.9646, -2.8457 -3.8527 2.3727, -2.8457 1.183 1.6338, -2.8457 1.1864 1.6083, -2.8457 1.1962 1.5845, -2.8457 1.2118 1.5642, -2.8457 1.2322 1.5485, -2.8457 -0.0337 -0.7261, -2.8457 -0.0493 -0.7102, -2.8457 0.4357 -0.4942, -2.8457 0.4288 -0.5145, -2.8457 0.3464 -0.6912, -2.8457 0.6185 0.7932, -2.8457 0.6152 0.7677, -2.8457 0.6152 0.2165, -2.8457 0.55 0.1239, -2.8457 -2.3145 -0.1295, -2.8457 -2.3099 -0.1643, -2.8457 -2.4754 -0.4729, -2.8457 -1.8872 -0.4942, -2.8457 -1.8941 -0.5145, -2.8457 -1.9765 -0.6912, -2.8457 -1.9881 -0.7102, -2.8457 -3.8968 1.2238, -2.8457 -4.06 0.8661, -2.8457 -4.0855 0.8695, -2.8457 -4.1453 0.9154, -2.8457 -4.1551 0.9391, -2.8457 -4.1551 1.1475, -2.8457 -4.1453 1.1713, -2.8457 -4.1296 1.1916, -2.8457 0.0083 -0.1295, -2.8457 0.0129 -0.1643, -2.8457 0.0263 -0.1967, -2.8457 0.6122 0.1927, -2.8457 0.6036 0.1702, -2.8457 -2.4754 0.0207, -2.8457 -2.4783 0.0446, -2.8457 -2.487 0.067, -2.8457 -2.5008 0.0867, -2.8457 -2.2965 -0.1967, -2.8457 -2.2752 -0.2245, -2.8457 -2.4731 -0.4942, -2.8457 -2.2473 -0.2459, -2.8457 -2.3565 -0.7261, -2.8457 -2.3721 -0.7102, -2.8457 -2.2149 -0.2593, -2.8457 -2.3838 -0.6912, -2.8457 -2.4662 -0.5145, -2.8457 -2.0037 -0.7261, -2.8457 -2.0225 -0.7381, -2.8457 -2.0457 1.2091, -2.8457 -2.0503 1.2439, -2.8457 -2.0637 1.2763, -2.8457 -1.7963 0.1186, -2.8457 -1.8197 0.1133, -2.8457 -2.0457 -0.1295, -2.8457 -1.8733 0.067, -2.8457 -3.8238 1.3189, -2.8457 -3.8238 2.3031, -2.8457 0.0263 1.2763, -2.8457 0.0129 1.2439, -2.8457 -0.3331 0.7932, -2.8457 0.0083 1.2091, -2.8457 -0.3297 0.7677, -2.8457 -0.3297 0.2165, -2.8457 0.5897 0.1505, -2.8457 0.5715 0.1348, -2.8457 -2.519 0.1024, -2.8457 -2.5405 0.1133, -2.8457 -2.564 0.1186, -2.8457 -2.2946 -0.748, -2.8457 -2.3167 -0.7455, -2.8457 -2.3377 -0.7381, -2.8457 -4.1093 1.2073, -2.8457 -3.9222 2.4016, -2.8457 -4.06 2.4016, -2.8457 -4.1585 2.5, -2.8457 -4.0855 2.4049, -2.8457 -0.178 0.0867, -2.8457 -0.1962 0.1024, -2.8457 -1.8412 0.1024, -2.8457 -1.8594 0.0867, -2.8457 -2.0637 -0.1967, -2.8457 -2.0503 -0.1643, -2.8457 -1.8848 0.0207, -2.8457 -1.8819 0.0446, -2.8457 -0.1526 0.0207, -2.8457 -0.1555 0.0446, -2.8457 -0.1642 0.067, -2.8457 -2.6526 0.2165, -2.8457 -2.6526 0.7677, -2.8457 -4.1093 2.4148, -2.8457 -4.1296 2.4304, -2.8457 -2.6271 0.1505, -2.8457 -2.6089 0.1348, -2.8457 -2.5875 0.1239, -2.8457 -4.1453 2.4508, -2.8457 -4.1551 2.4745, -2.8457 -0.2177 0.1133, -2.8457 -0.2411 0.1186, -2.8457 -0.2646 0.1239, -2.8457 -0.2861 0.1348, -2.8457 -2.641 0.1702, -2.8457 -2.6496 0.1927, -2.8457 -1.7513 0.1348, -2.8457 -1.7077 0.2165, -2.8457 -1.7331 0.1505, -2.8457 -1.7106 0.1927, -2.8457 -1.7193 0.1702, -2.8457 -0.3043 0.1505, -2.8457 -0.3181 0.1702, -2.8457 -0.3268 0.1927, -2.8457 -1.7043 0.7932, -2.8457 -1.7077 0.7677, -2.8457 -1.7728 0.1239, -2.6095 1.7718 4.1529, -2.6095 1.7922 4.2289, -2.6095 1.7766 4.1509, -2.6095 1.8159 4.2191, -2.6095 1.7806 4.1478, -2.6095 1.8363 4.2035, -2.6095 1.7838 4.1437, -2.6095 1.852 4.1831, -2.6095 1.7857 4.139, -2.6095 1.8618 4.1593, -2.7523 -4.1585 4.1529, -2.7727 -4.1585 4.2289, -2.7571 -4.1585 4.1509, -2.7965 -4.1585 4.2191, -2.7612 -4.1585 4.1478, -2.8168 -4.1585 4.2035, -2.7643 -4.1585 4.1437, -2.8325 -4.1585 4.1831, -2.7663 -4.1585 4.139, -2.8423 -4.1585 4.1593, -2.7669 -4.1585 4.1339, -2.7669 -4.1585 2.5, -2.7669 -4.1585 0.9646, -2.7669 -4.1585 1.122, -2.7669 0.6185 0.7932, -2.7669 0.6283 0.8169, -2.7669 0.2591 1.2763, -2.7669 0.2377 1.3041, -2.7669 0.2572 -0.748, -2.7669 0.1775 -0.2593, -2.7669 0.0283 -0.748, -2.7669 0.1427 -0.2639, -2.7669 0.0061 -0.7455, -2.7669 0.1079 -0.2593, -2.7669 -2.3167 -0.7455, -2.7669 -2.2946 -0.748, -2.7669 -2.2149 -0.2593, -2.7669 0.2771 -0.1295, -2.7669 0.2725 -0.1643, -2.7669 0.438 -0.4729, -2.7669 0.5266 0.1186, -2.7669 0.2725 1.2439, -2.7669 0.2771 1.2091, -2.7669 0.2591 -0.1967, -2.7669 0.2377 -0.2245, -2.7669 0.4357 -0.4942, -2.7669 0.2099 -0.2459, -2.7669 0.2793 -0.7455, -2.7669 0.3003 -0.7381, -2.7669 0.3191 -0.7261, -2.7669 -0.0493 -0.7102, -2.7669 -0.0337 -0.7261, -2.7669 -0.0149 -0.7381, -2.7669 -0.3586 0.8373, -2.7669 -0.3429 0.8169, -2.7669 0.0083 1.2091, -2.7669 -2.1801 -0.2639, -2.7669 -2.6814 0.8373, -2.7669 -2.6658 0.8169, -2.7669 -2.3145 1.2091, -2.7669 0.4634 0.0867, -2.7669 0.4816 0.1024, -2.7669 0.5031 0.1133, -2.7669 0.55 0.1239, -2.7669 0.5715 0.1348, -2.7669 0.6152 0.2165, -2.7669 0.3347 -0.7102, -2.7669 0.3464 -0.6912, -2.7669 0.4288 -0.5145, -2.7669 -0.1526 -0.4729, -2.7669 -0.1502 -0.4942, -2.7669 0.0755 -0.2459, -2.7669 -0.1433 -0.5145, -2.7669 -0.061 -0.6912, -2.7669 0.0129 -0.1643, -2.7669 -0.178 0.0867, -2.7669 0.0263 -0.1967, -2.7669 -0.1642 0.067, -2.7669 -0.1555 0.0446, -2.7669 0.438 0.0207, -2.7669 0.4409 0.0446, -2.7669 0.4496 0.067, -2.7669 0.6152 0.7677, -2.7669 0.0477 -0.2245, -2.7669 -0.1526 0.0207, -2.7669 0.1775 1.3389, -2.7669 1.6289 4.1339, -2.7669 0.1427 1.3435, -2.7669 0.1079 1.3389, -2.7669 0.644 0.8373, -2.7669 0.6644 0.853, -2.7669 0.6881 0.8628, -2.7669 -2.2473 -0.2459, -2.7669 -2.2752 -0.2245, -2.7669 -2.4754 -0.4729, -2.7669 0.5897 0.1505, -2.7669 0.6036 0.1702, -2.7669 0.6122 0.1927, -2.7669 -0.2411 0.1186, -2.7669 -0.2177 0.1133, -2.7669 -0.4027 0.8628, -2.7669 0.0477 1.3041, -2.7669 0.0755 1.3255, -2.7669 -2.7018 0.853, -2.7669 -2.3099 1.2439, -2.7669 -2.7255 0.8628, -2.7669 -2.2965 1.2763, -2.7669 -2.2752 1.3041, -2.7669 -2.4731 -0.4942, -2.7669 -2.4662 -0.5145, -2.7669 -2.3838 -0.6912, -2.7669 -2.3721 -0.7102, -2.7669 -0.3789 0.853, -2.7669 0.0129 1.2439, -2.7669 0.0263 1.2763, -2.7669 -2.3565 -0.7261, -2.7669 -2.3377 -0.7381, -2.7669 -2.0503 -0.1643, -2.7669 -2.0637 -0.1967, -2.7669 -1.8848 -0.4729, -2.7669 -2.0851 -0.2245, -2.7669 -1.8872 -0.4942, -2.7669 -2.1129 -0.2459, -2.7669 -2.0037 -0.7261, -2.7669 -1.9881 -0.7102, -2.7669 -2.1453 -0.2593, -2.7669 -1.9765 -0.6912, -2.7669 -1.8941 -0.5145, -2.7669 -2.0851 1.3041, -2.7669 -1.6945 0.8169, -2.7669 -1.6789 0.8373, -2.7669 -3.8527 1.2493, -2.7669 -3.873 1.2337, -2.7669 -2.751 0.8661, -2.7669 -1.6585 0.853, -2.7669 -1.6347 0.8628, -2.7669 -1.6093 0.8661, -2.7669 -0.4282 0.8661, -2.7669 1.4225 0.8661, -2.7669 1.6289 1.0833, -2.7669 0.7136 0.8661, -2.7669 -2.5405 0.1133, -2.7669 -2.519 0.1024, -2.7669 -2.2965 -0.1967, -2.7669 -2.3099 -0.1643, -2.7669 -2.4754 0.0207, -2.7669 -2.3145 -0.1295, -2.7669 -2.0457 1.2091, -2.7669 -2.0457 -0.1295, -2.7669 -1.8819 0.0446, -2.7669 -2.0637 1.2763, -2.7669 -2.0503 1.2439, -2.7669 -1.7043 0.7932, -2.7669 -1.7077 0.7677, -2.7669 -1.7077 0.2165, -2.7669 -2.0657 -0.748, -2.7669 -2.0435 -0.7455, -2.7669 -2.0225 -0.7381, -2.7669 -2.2473 1.3255, -2.7669 -2.2149 1.3389, -2.7669 -3.837 2.3524, -2.7669 -2.1801 1.3435, -2.7669 -4.06 0.8661, -2.7669 -0.1962 0.1024, -2.7669 0.0083 -0.1295, -2.7669 0.2099 1.3255, -2.7669 -2.564 0.1186, -2.7669 -2.5008 0.0867, -2.7669 -2.487 0.067, -2.7669 -2.4783 0.0446, -2.7669 -1.8848 0.0207, -2.7669 -1.8733 0.067, -2.7669 -1.8594 0.0867, -2.7669 -1.8412 0.1024, -2.7669 -3.8968 2.3982, -2.7669 -3.9222 2.4016, -2.7669 -4.06 2.4016, -2.7669 -4.1551 2.4745, -2.7669 -3.873 2.3884, -2.7669 -3.8527 2.3727, -2.7669 -0.3331 0.7932, -2.7669 -0.3297 0.7677, -2.7669 -0.3297 0.2165, -2.7669 -0.2646 0.1239, -2.7669 -2.1129 1.3255, -2.7669 -2.1453 1.3389, -2.7669 -3.8968 1.2238, -2.7669 -3.9222 1.2205, -2.7669 -4.06 1.2205, -2.7669 -0.3268 0.1927, -2.7669 -0.3181 0.1702, -2.7669 -2.6089 0.1348, -2.7669 -2.5875 0.1239, -2.7669 -4.1453 2.4508, -2.7669 -4.1296 2.4304, -2.7669 -0.3043 0.1505, -2.7669 -0.2861 0.1348, -2.7669 -1.7193 0.1702, -2.7669 -1.7106 0.1927, -2.7669 -1.7331 0.1505, -2.7669 -1.7513 0.1348, -2.7669 -4.1093 2.4148, -2.7669 -4.0855 2.4049, -2.7669 -1.8197 0.1133, -2.7669 -1.7963 0.1186, -2.7669 -1.7728 0.1239, -2.7669 -3.8272 2.3286, -2.7669 -3.8238 2.3031, -2.7669 -3.8238 1.3189, -2.7669 -3.8272 1.2934, -2.7669 -3.837 1.2697, -2.7669 -2.6559 0.7932, -2.7669 -2.6526 0.7677, -2.7669 -2.6526 0.2165, -2.7669 -2.6496 0.1927, -2.7669 -4.1453 1.1713, -2.7669 -4.1296 1.1916, -2.7669 -4.0855 1.2171, -2.7669 -4.1093 1.2073, -2.7669 -4.1551 1.1475, -2.7669 -4.1551 0.9391, -2.7669 -2.641 0.1702, -2.7669 -2.6271 0.1505, -2.7669 -4.1093 0.8793, -2.7669 -4.0855 0.8695, -2.7669 -4.1296 0.895, -2.7669 -4.1453 0.9154, -2.7663 1.6289 4.139, -2.8423 1.6289 4.1593, -2.7643 1.6289 4.1437, -2.8325 1.6289 4.1831, -2.7612 1.6289 4.1478, -2.8168 1.6289 4.2035, -2.7571 1.6289 4.1509, -2.7965 1.6289 4.2191, -2.7523 1.6289 4.1529, -2.7727 1.6289 4.2289, -2.885 -2.1499 1.2091, -2.885 -2.2104 1.2091, -2.885 -2.2093 1.2169, -2.885 -2.2104 -0.1295, -2.885 -2.1499 -0.1295, -2.885 -2.1509 -0.1373, -2.885 -2.2063 1.2242, -2.885 -2.2015 1.2305, -2.885 -2.1509 1.2169, -2.885 -2.1879 1.2383, -2.885 -2.1801 1.2393, -2.885 -2.1539 1.2242, -2.885 -2.1539 -0.1446, -2.885 -2.1587 -0.1509, -2.885 -2.165 -0.1557, -2.885 -2.1723 -0.1587, -2.885 -2.1801 -0.1597, -2.885 -2.1879 -0.1587, -2.885 -2.1952 1.2353, -2.885 -2.1723 1.2383, -2.885 -2.165 1.2353, -2.885 -2.1587 1.2305, -2.885 -2.1952 -0.1557, -2.885 -2.2015 -0.1509, -2.885 -2.2063 -0.1446, -2.885 -2.2093 -0.1373, -2.885 0.1135 -0.1373, -2.885 0.1125 -0.1295, -2.885 0.1729 -0.1295, -2.885 0.1729 1.2091, -2.885 0.1505 1.2383, -2.885 0.1578 1.2353, -2.885 0.1641 1.2305, -2.885 0.1125 1.2091, -2.885 0.1135 1.2169, -2.885 0.1165 1.2242, -2.885 0.1427 1.2393, -2.885 0.1213 1.2305, -2.885 0.1276 1.2353, -2.885 0.1719 1.2169, -2.885 0.1689 1.2242, -2.885 0.1349 -0.1587, -2.885 0.1276 -0.1557, -2.885 0.1349 1.2383, -2.885 0.1719 -0.1373, -2.885 0.1505 -0.1587, -2.885 0.1427 -0.1597, -2.885 0.1689 -0.1446, -2.885 0.1641 -0.1509, -2.885 0.1578 -0.1557, -2.885 0.1213 -0.1509, -2.885 0.1165 -0.1446, -2.8063 0.1689 1.2242, -2.8063 0.1641 1.2305, -2.8063 0.1276 1.2353, -2.8063 0.1213 1.2305, -2.8063 0.1165 1.2242, -2.8063 0.1729 1.2091, -2.8063 0.1125 -0.1295, -2.8063 0.1729 -0.1295, -2.8063 0.1125 1.2091, -2.8063 0.1135 1.2169, -2.8063 0.1719 1.2169, -2.8063 0.1578 1.2353, -2.8063 0.1505 1.2383, -2.8063 0.1427 1.2393, -2.8063 0.1349 1.2383, -2.8063 0.1276 -0.1557, -2.8063 0.1349 -0.1587, -2.8063 0.1719 -0.1373, -2.8063 0.1427 -0.1597, -2.8063 0.1505 -0.1587, -2.8063 0.1135 -0.1373, -2.8063 0.1165 -0.1446, -2.8063 0.1213 -0.1509, -2.8063 0.1578 -0.1557, -2.8063 0.1641 -0.1509, -2.8063 0.1689 -0.1446, -2.8063 -2.1499 -0.1295, -2.8063 -2.1499 1.2091, -2.8063 -2.2104 1.2091, -2.8063 -2.2104 -0.1295, -2.8063 -2.2093 -0.1373, -2.8063 -2.2063 -0.1446, -2.8063 -2.2015 1.2305, -2.8063 -2.2063 1.2242, -2.8063 -2.1539 1.2242, -2.8063 -2.1587 1.2305, -2.8063 -2.165 1.2353, -2.8063 -2.1723 1.2383, -2.8063 -2.1801 1.2393, -2.8063 -2.1509 1.2169, -2.8063 -2.2093 1.2169, -2.8063 -2.2015 -0.1509, -2.8063 -2.1539 -0.1446, -2.8063 -2.1509 -0.1373, -2.8063 -2.1952 -0.1557, -2.8063 -2.1879 -0.1587, -2.8063 -2.1801 -0.1597, -2.8063 -2.1723 -0.1587, -2.8063 -2.165 -0.1557, -2.8063 -2.1587 -0.1509, -2.8063 -2.1879 1.2383, -2.8063 -2.1952 1.2353, -2.7866 -2.2624 1.2091, -2.7973 -2.2468 1.2091, -2.7866 -2.2596 1.2304, -2.7973 -2.2446 1.2264, -2.7866 -2.2514 1.2503, -2.7973 -2.2379 1.2425, -2.7866 -2.2383 1.2673, -2.7973 -2.2273 1.2563, -2.7866 -2.2213 1.2804, -2.7973 -2.2135 1.2669, -2.7866 -2.2014 1.2886, -2.7973 -2.1974 1.2735, -2.7866 -2.1801 1.2914, -2.7973 -2.1801 1.2758, -2.7866 -2.1588 1.2886, -2.7973 -2.1629 1.2735, -2.7866 -2.139 1.2804, -2.7973 -2.1468 1.2669, -2.7866 -2.1219 1.2673, -2.7973 -2.1329 1.2563, -2.7866 -2.1088 1.2503, -2.7973 -2.1223 1.2425, -2.7866 -2.1006 1.2304, -2.7973 -2.1157 1.2264, -2.7866 -2.0978 1.2091, -2.7973 -2.1134 1.2091, -2.804 -2.2291 1.2091, -2.804 -2.2275 1.2218, -2.804 -2.2226 1.2336, -2.804 -2.2148 1.2438, -2.804 -2.2046 1.2515, -2.804 -2.1928 1.2564, -2.804 -2.1801 1.2581, -2.804 -2.1674 1.2564, -2.804 -2.1556 1.2515, -2.804 -2.1455 1.2438, -2.804 -2.1377 1.2336, -2.804 -2.1328 1.2218, -2.804 -2.1311 1.2091, -2.7866 -2.0978 -0.1295, -2.7973 -2.1134 -0.1295, -2.804 -2.1311 -0.1295, -2.7866 -2.2624 -0.1295, -2.7973 -2.2468 -0.1295, -2.804 -2.2291 -0.1295, -2.7866 -2.1006 -0.1508, -2.7973 -2.1157 -0.1468, -2.7866 -2.1088 -0.1706, -2.7973 -2.1223 -0.1629, -2.7866 -2.1219 -0.1877, -2.7973 -2.1329 -0.1767, -2.7866 -2.139 -0.2008, -2.7973 -2.1468 -0.1873, -2.7866 -2.1588 -0.209, -2.7973 -2.1629 -0.1939, -2.7866 -2.1801 -0.2118, -2.7973 -2.1801 -0.1962, -2.7866 -2.2014 -0.209, -2.7973 -2.1974 -0.1939, -2.7866 -2.2213 -0.2008, -2.7973 -2.2135 -0.1873, -2.7866 -2.2383 -0.1877, -2.7973 -2.2273 -0.1767, -2.7866 -2.2514 -0.1706, -2.7973 -2.2379 -0.1629, -2.7866 -2.2596 -0.1508, -2.7973 -2.2446 -0.1468, -2.804 -2.1328 -0.1422, -2.804 -2.1377 -0.154, -2.804 -2.1455 -0.1642, -2.804 -2.1556 -0.1719, -2.804 -2.1674 -0.1768, -2.804 -2.1801 -0.1785, -2.804 -2.1928 -0.1768, -2.804 -2.2046 -0.1719, -2.804 -2.2148 -0.1642, -2.804 -2.2226 -0.154, -2.804 -2.2275 -0.1422, -2.7866 0.0604 1.2091, -2.7973 0.076 1.2091, -2.7866 0.0632 1.2304, -2.7973 0.0783 1.2264, -2.7866 0.0714 1.2503, -2.7973 0.0849 1.2425, -2.7866 0.0845 1.2673, -2.7973 0.0955 1.2563, -2.7866 0.1016 1.2804, -2.7973 0.1094 1.2669, -2.7866 0.1214 1.2886, -2.7973 0.1254 1.2735, -2.7866 0.1427 1.2914, -2.7973 0.1427 1.2758, -2.7866 0.164 1.2886, -2.7973 0.16 1.2735, -2.7866 0.1839 1.2804, -2.7973 0.1761 1.2669, -2.7866 0.2009 1.2673, -2.7973 0.1899 1.2563, -2.7866 0.214 1.2503, -2.7973 0.2005 1.2425, -2.7866 0.2222 1.2304, -2.7973 0.2072 1.2264, -2.7866 0.225 1.2091, -2.7973 0.2094 1.2091, -2.804 0.0937 1.2091, -2.804 0.0954 1.2218, -2.804 0.1003 1.2336, -2.804 0.108 1.2438, -2.804 0.1182 1.2515, -2.804 0.13 1.2564, -2.804 0.1427 1.2581, -2.804 0.1554 1.2564, -2.804 0.1672 1.2515, -2.804 0.1774 1.2438, -2.804 0.1852 1.2336, -2.804 0.1901 1.2218, -2.804 0.1917 1.2091, -2.7866 0.225 -0.1295, -2.7973 0.2094 -0.1295, -2.804 0.1917 -0.1295, -2.7866 0.0604 -0.1295, -2.7973 0.076 -0.1295, -2.804 0.0937 -0.1295, -2.7866 0.2222 -0.1508, -2.7973 0.2072 -0.1468, -2.7866 0.214 -0.1706, -2.7973 0.2005 -0.1629, -2.7866 0.2009 -0.1877, -2.7973 0.1899 -0.1767, -2.7866 0.1839 -0.2008, -2.7973 0.1761 -0.1873, -2.7866 0.164 -0.209, -2.7973 0.16 -0.1939, -2.7866 0.1427 -0.2118, -2.7973 0.1427 -0.1962, -2.7866 0.1214 -0.209, -2.7973 0.1254 -0.1939, -2.7866 0.1016 -0.2008, -2.7973 0.1094 -0.1873, -2.7866 0.0845 -0.1877, -2.7973 0.0955 -0.1767, -2.7866 0.0714 -0.1706, -2.7973 0.0849 -0.1629, -2.7866 0.0632 -0.1508, -2.7973 0.0783 -0.1468, -2.804 0.1901 -0.1422, -2.804 0.1852 -0.154, -2.804 0.1774 -0.1642, -2.804 0.1672 -0.1719, -2.804 0.1554 -0.1768, -2.804 0.1427 -0.1785, -2.804 0.13 -0.1768, -2.804 0.1182 -0.1719, -2.804 0.108 -0.1642, -2.804 0.1003 -0.154, -2.804 0.0954 -0.1422, -2.8654 -2.2624 -0.1295, -2.8654 -2.2624 1.2091, -2.8761 -2.2468 1.2091, -2.8761 -2.2468 -0.1295, -2.8828 -2.2291 1.2091, -2.8828 -2.2291 -0.1295, -2.8828 -2.1311 -0.1295, -2.8828 -2.1328 -0.1422, -2.8761 -2.1134 -0.1295, -2.8761 -2.1157 -0.1468, -2.8654 -2.0978 -0.1295, -2.8654 -2.1006 -0.1508, -2.8654 -2.1088 -0.1706, -2.8761 -2.1223 -0.1629, -2.8654 -2.1219 -0.1877, -2.8761 -2.1329 -0.1767, -2.8654 -2.139 -0.2008, -2.8761 -2.1468 -0.1873, -2.8654 -2.1588 -0.209, -2.8761 -2.1629 -0.1939, -2.8654 -2.1801 -0.2118, -2.8761 -2.1801 -0.1962, -2.8654 -2.2014 -0.209, -2.8761 -2.1974 -0.1939, -2.8654 -2.2213 -0.2008, -2.8761 -2.2135 -0.1873, -2.8654 -2.2383 -0.1877, -2.8761 -2.2273 -0.1767, -2.8654 -2.2514 -0.1706, -2.8761 -2.2379 -0.1629, -2.8654 -2.2596 -0.1508, -2.8761 -2.2446 -0.1468, -2.8828 -2.1377 -0.154, -2.8828 -2.1455 -0.1642, -2.8828 -2.1556 -0.1719, -2.8828 -2.1674 -0.1768, -2.8828 -2.1801 -0.1785, -2.8828 -2.1928 -0.1768, -2.8828 -2.2046 -0.1719, -2.8828 -2.2148 -0.1642, -2.8828 -2.2226 -0.154, -2.8828 -2.2275 -0.1422, -2.8828 -2.2275 1.2218, -2.8761 -2.2446 1.2264, -2.8654 -2.2596 1.2304, -2.8654 -2.2514 1.2503, -2.8761 -2.2379 1.2425, -2.8654 -2.2383 1.2673, -2.8761 -2.2273 1.2563, -2.8654 -2.2213 1.2804, -2.8761 -2.2135 1.2669, -2.8654 -2.2014 1.2886, -2.8761 -2.1974 1.2735, -2.8654 -2.1801 1.2914, -2.8761 -2.1801 1.2758, -2.8654 -2.1588 1.2886, -2.8761 -2.1629 1.2735, -2.8654 -2.139 1.2804, -2.8761 -2.1468 1.2669, -2.8654 -2.1219 1.2673, -2.8761 -2.1329 1.2563, -2.8654 -2.1088 1.2503, -2.8761 -2.1223 1.2425, -2.8654 -2.1006 1.2304, -2.8761 -2.1157 1.2264, -2.8654 -2.0978 1.2091, -2.8761 -2.1134 1.2091, -2.8828 -2.2226 1.2336, -2.8828 -2.2148 1.2438, -2.8828 -2.2046 1.2515, -2.8828 -2.1928 1.2564, -2.8828 -2.1801 1.2581, -2.8828 -2.1674 1.2564, -2.8828 -2.1556 1.2515, -2.8828 -2.1455 1.2438, -2.8828 -2.1377 1.2336, -2.8828 -2.1328 1.2218, -2.8828 -2.1311 1.2091, -2.8654 0.0604 -0.1295, -2.8654 0.0604 1.2091, -2.8761 0.076 1.2091, -2.8761 0.076 -0.1295, -2.8828 0.0937 1.2091, -2.8828 0.0937 -0.1295, -2.8828 0.1917 -0.1295, -2.8828 0.1901 -0.1422, -2.8761 0.2094 -0.1295, -2.8761 0.2072 -0.1468, -2.8654 0.225 -0.1295, -2.8654 0.2222 -0.1508, -2.8654 0.214 -0.1706, -2.8761 0.2005 -0.1629, -2.8654 0.2009 -0.1877, -2.8761 0.1899 -0.1767, -2.8654 0.1839 -0.2008, -2.8761 0.1761 -0.1873, -2.8654 0.164 -0.209, -2.8761 0.16 -0.1939, -2.8654 0.1427 -0.2118, -2.8761 0.1427 -0.1962, -2.8654 0.1214 -0.209, -2.8761 0.1254 -0.1939, -2.8654 0.1016 -0.2008, -2.8761 0.1094 -0.1873, -2.8654 0.0845 -0.1877, -2.8761 0.0955 -0.1767, -2.8654 0.0714 -0.1706, -2.8761 0.0849 -0.1629, -2.8654 0.0632 -0.1508, -2.8761 0.0783 -0.1468, -2.8828 0.1852 -0.154, -2.8828 0.1774 -0.1642, -2.8828 0.1672 -0.1719, -2.8828 0.1554 -0.1768, -2.8828 0.1427 -0.1785, -2.8828 0.13 -0.1768, -2.8828 0.1182 -0.1719, -2.8828 0.108 -0.1642, -2.8828 0.1003 -0.154, -2.8828 0.0954 -0.1422, -2.8828 0.0954 1.2218, -2.8761 0.0783 1.2264, -2.8654 0.0632 1.2304, -2.8654 0.0714 1.2503, -2.8761 0.0849 1.2425, -2.8654 0.0845 1.2673, -2.8761 0.0955 1.2563, -2.8654 0.1016 1.2804, -2.8761 0.1094 1.2669, -2.8654 0.1214 1.2886, -2.8761 0.1254 1.2735, -2.8654 0.1427 1.2914, -2.8761 0.1427 1.2758, -2.8654 0.164 1.2886, -2.8761 0.16 1.2735, -2.8654 0.1839 1.2804, -2.8761 0.1761 1.2669, -2.8654 0.2009 1.2673, -2.8761 0.1899 1.2563, -2.8654 0.214 1.2503, -2.8761 0.2005 1.2425, -2.8654 0.2222 1.2304, -2.8761 0.2072 1.2264, -2.8654 0.225 1.2091, -2.8761 0.2094 1.2091, -2.8828 0.1003 1.2336, -2.8828 0.108 1.2438, -2.8828 0.1182 1.2515, -2.8828 0.13 1.2564, -2.8828 0.1427 1.2581, -2.8828 0.1554 1.2564, -2.8828 0.1672 1.2515, -2.8828 0.1774 1.2438, -2.8828 0.1852 1.2336, -2.8828 0.1901 1.2218, -2.8828 0.1917 1.2091, -2.7692 -2.0645 1.2091, -2.7692 -2.0645 -0.1295, -2.7759 -2.0822 1.2091, -2.7759 -2.0822 -0.1295, -2.7692 -2.0685 -0.1594, -2.7759 -2.0855 -0.1548, -2.7759 -2.0953 -0.1784, -2.7759 -2.1109 -0.1987, -2.7759 -2.1312 -0.2143, -2.7759 -2.1548 -0.2241, -2.7759 -2.1801 -0.2274, -2.7759 -2.2055 -0.2241, -2.7759 -2.2291 -0.2143, -2.7759 -2.2494 -0.1987, -2.7759 -2.2649 -0.1784, -2.7759 -2.2747 -0.1548, -2.7759 -2.278 -0.1295, -2.7692 -2.08 -0.1873, -2.7692 -2.0984 -0.2112, -2.7692 -2.1223 -0.2296, -2.7692 -2.1502 -0.2412, -2.7692 -2.1801 -0.2451, -2.7692 -2.21 -0.2412, -2.7692 -2.2379 -0.2296, -2.7692 -2.2619 -0.2112, -2.7692 -2.2802 -0.1873, -2.7692 -2.2918 -0.1594, -2.7692 -2.2957 -0.1295, -2.7692 -2.2957 1.2091, -2.7692 -2.2918 1.239, -2.7759 -2.278 1.2091, -2.7759 -2.2747 1.2344, -2.7759 -2.2649 1.258, -2.7759 -2.2494 1.2783, -2.7759 -2.2291 1.2939, -2.7759 -2.2055 1.3037, -2.7759 -2.1801 1.307, -2.7759 -2.1548 1.3037, -2.7759 -2.1312 1.2939, -2.7759 -2.1109 1.2783, -2.7759 -2.0953 1.258, -2.7759 -2.0855 1.2344, -2.7692 -2.2802 1.2669, -2.7692 -2.2619 1.2908, -2.7692 -2.2379 1.3092, -2.7692 -2.21 1.3208, -2.7692 -2.1801 1.3247, -2.7692 -2.1502 1.3208, -2.7692 -2.1223 1.3092, -2.7692 -2.0984 1.2908, -2.7692 -2.08 1.2669, -2.7692 -2.0685 1.239, -2.7692 0.2583 1.2091, -2.7692 0.2583 -0.1295, -2.7759 0.2406 1.2091, -2.7759 0.2406 -0.1295, -2.7692 0.2544 -0.1594, -2.7759 0.2373 -0.1548, -2.7759 0.2275 -0.1784, -2.7759 0.2119 -0.1987, -2.7759 0.1917 -0.2143, -2.7759 0.1681 -0.2241, -2.7759 0.1427 -0.2274, -2.7759 0.1174 -0.2241, -2.7759 0.0938 -0.2143, -2.7759 0.0735 -0.1987, -2.7759 0.0579 -0.1784, -2.7759 0.0481 -0.1548, -2.7759 0.0448 -0.1295, -2.7692 0.2428 -0.1873, -2.7692 0.2245 -0.2112, -2.7692 0.2005 -0.2296, -2.7692 0.1726 -0.2412, -2.7692 0.1427 -0.2451, -2.7692 0.1128 -0.2412, -2.7692 0.0849 -0.2296, -2.7692 0.061 -0.2112, -2.7692 0.0426 -0.1873, -2.7692 0.031 -0.1594, -2.7692 0.0271 -0.1295, -2.7692 0.0271 1.2091, -2.7692 0.031 1.239, -2.7759 0.0448 1.2091, -2.7759 0.0481 1.2344, -2.7759 0.0579 1.258, -2.7759 0.0735 1.2783, -2.7759 0.0938 1.2939, -2.7759 0.1174 1.3037, -2.7759 0.1427 1.307, -2.7759 0.1681 1.3037, -2.7759 0.1917 1.2939, -2.7759 0.2119 1.2783, -2.7759 0.2275 1.258, -2.7759 0.2373 1.2344, -2.7692 0.0426 1.2669, -2.7692 0.061 1.2908, -2.7692 0.0849 1.3092, -2.7692 0.1128 1.3208, -2.7692 0.1427 1.3247, -2.7692 0.1726 1.3208, -2.7692 0.2005 1.3092, -2.7692 0.2245 1.2908, -2.7692 0.2428 1.2669, -2.7692 0.2544 1.239, -2.8479 -2.0645 1.2091, -2.8479 -2.0685 1.239, -2.8479 -2.08 1.2669, -2.8479 -2.0984 1.2908, -2.8479 -2.1223 1.3092, -2.8479 -2.1502 1.3208, -2.8479 -2.1801 1.3247, -2.8479 -2.21 1.3208, -2.8479 -2.2379 1.3092, -2.8479 -2.2619 1.2908, -2.8479 -2.2802 1.2669, -2.8479 -2.2918 1.239, -2.8479 -2.2957 1.2091, -2.8546 -2.0822 1.2091, -2.8546 -2.0855 1.2344, -2.8546 -2.0953 1.258, -2.8546 -2.1109 1.2783, -2.8546 -2.1312 1.2939, -2.8546 -2.1548 1.3037, -2.8546 -2.1801 1.307, -2.8546 -2.2055 1.3037, -2.8546 -2.2291 1.2939, -2.8546 -2.2494 1.2783, -2.8546 -2.2649 1.258, -2.8546 -2.2747 1.2344, -2.8546 -2.278 1.2091, -2.8479 -2.2957 -0.1295, -2.8546 -2.278 -0.1295, -2.8479 -2.0645 -0.1295, -2.8546 -2.0822 -0.1295, -2.8479 -2.2918 -0.1594, -2.8479 -2.2802 -0.1873, -2.8479 -2.2619 -0.2112, -2.8479 -2.2379 -0.2296, -2.8479 -2.21 -0.2412, -2.8479 -2.1801 -0.2451, -2.8479 -2.1502 -0.2412, -2.8479 -2.1223 -0.2296, -2.8479 -2.0984 -0.2112, -2.8479 -2.08 -0.1873, -2.8479 -2.0685 -0.1594, -2.8546 -2.2747 -0.1548, -2.8546 -2.2649 -0.1784, -2.8546 -2.2494 -0.1987, -2.8546 -2.2291 -0.2143, -2.8546 -2.2055 -0.2241, -2.8546 -2.1801 -0.2274, -2.8546 -2.1548 -0.2241, -2.8546 -2.1312 -0.2143, -2.8546 -2.1109 -0.1987, -2.8546 -2.0953 -0.1784, -2.8546 -2.0855 -0.1548, -2.8479 0.2583 1.2091, -2.8479 0.2544 1.239, -2.8479 0.2428 1.2669, -2.8479 0.2245 1.2908, -2.8479 0.2005 1.3092, -2.8479 0.1726 1.3208, -2.8479 0.1427 1.3247, -2.8479 0.1128 1.3208, -2.8479 0.0849 1.3092, -2.8479 0.061 1.2908, -2.8479 0.0426 1.2669, -2.8479 0.031 1.239, -2.8479 0.0271 1.2091, -2.8546 0.2406 1.2091, -2.8546 0.2373 1.2344, -2.8546 0.2275 1.258, -2.8546 0.2119 1.2783, -2.8546 0.1917 1.2939, -2.8546 0.1681 1.3037, -2.8546 0.1427 1.307, -2.8546 0.1174 1.3037, -2.8546 0.0938 1.2939, -2.8546 0.0735 1.2783, -2.8546 0.0579 1.258, -2.8546 0.0481 1.2344, -2.8546 0.0448 1.2091, -2.8479 0.0271 -0.1295, -2.8546 0.0448 -0.1295, -2.8479 0.2583 -0.1295, -2.8546 0.2406 -0.1295, -2.8479 0.031 -0.1594, -2.8479 0.0426 -0.1873, -2.8479 0.061 -0.2112, -2.8479 0.0849 -0.2296, -2.8479 0.1128 -0.2412, -2.8479 0.1427 -0.2451, -2.8479 0.1726 -0.2412, -2.8479 0.2005 -0.2296, -2.8479 0.2245 -0.2112, -2.8479 0.2428 -0.1873, -2.8479 0.2544 -0.1594, -2.8546 0.0481 -0.1548, -2.8546 0.0579 -0.1784, -2.8546 0.0735 -0.1987, -2.8546 0.0938 -0.2143, -2.8546 0.1174 -0.2241, -2.8546 0.1427 -0.2274, -2.8546 0.1681 -0.2241, -2.8546 0.1917 -0.2143, -2.8546 0.2119 -0.1987, -2.8546 0.2275 -0.1784, -2.8546 0.2373 -0.1548, -1.9008 1.7857 4.139, -1.9008 1.8618 4.1593, -1.9008 1.7838 4.1437, -1.9008 1.852 4.1831, -1.9008 1.7806 4.1478, -1.9008 1.8363 4.2035, -1.9008 1.7766 4.1509, -1.9008 1.8159 4.2191, -1.9008 1.7718 4.1529, -1.9008 1.7922 4.2289, -2.8535 0.8415 0.9646, -2.8535 0.8415 3.1679, -2.9323 0.8415 0.9646, -2.9323 0.8415 3.1679, -2.8535 1.5936 2.1302, -2.8535 1.614 2.1146, -2.8535 1.7667 3.9961, -2.8535 1.6296 2.0942, -2.8535 1.6395 1.5038, -2.8535 1.6296 1.4801, -2.8535 1.614 1.4597, -2.8535 1.5936 1.444, -2.8535 1.6395 2.0704, -2.8535 1.6428 2.045, -2.8535 1.6428 1.5293, -2.8535 0.8547 0.9154, -2.8535 0.8704 0.895, -2.8535 1.2129 1.444, -2.8535 1.1925 1.4597, -2.8535 1.1769 1.4801, -2.8535 1.167 1.5038, -2.8535 1.5699 1.4342, -2.8535 1.5444 1.4309, -2.8535 1.1769 2.0942, -2.8535 1.1925 2.1146, -2.8535 1.2129 2.1302, -2.8535 0.8434 3.1871, -2.8535 1.2366 2.14, -2.8535 0.849 3.2056, -2.8535 0.8581 3.2226, -2.8535 0.8907 0.8793, -2.8535 0.9145 0.8695, -2.8535 1.2366 1.4342, -2.8535 1.2621 1.4309, -2.8535 0.8449 0.9391, -2.8535 1.6697 3.9961, -2.8535 1.5444 2.1434, -2.8535 1.5699 2.14, -2.8535 1.1637 1.5293, -2.8535 1.1637 2.045, -2.8535 1.167 2.0704, -2.8535 1.6442 3.9927, -2.8535 1.6205 3.9829, -2.8535 1.2621 2.1434, -2.8535 1.6001 3.9672, -2.8535 0.8704 3.2375, -2.8529 1.7718 3.9961, -2.8509 1.7766 3.9961, -2.8478 1.7806 3.9961, -2.8437 1.7838 3.9961, -2.839 1.7857 3.9961, -2.8593 1.8618 3.9961, -2.8831 1.852 3.9961, -2.9035 1.8363 3.9961, -2.9191 1.8159 3.9961, -2.9289 1.7922 3.9961, -2.9323 1.7667 3.9961, -2.9323 1.6296 2.0942, -2.9323 1.614 2.1146, -2.9323 1.2129 2.1302, -2.9323 1.1925 2.1146, -2.9323 1.1769 2.0942, -2.9323 1.5699 1.4342, -2.9323 1.5936 1.444, -2.9323 1.2129 1.444, -2.9323 0.8907 0.8793, -2.9323 0.8704 0.895, -2.9323 1.167 2.0704, -2.9323 1.1637 2.045, -2.9323 1.1637 1.5293, -2.9323 1.167 1.5038, -2.9323 1.614 1.4597, -2.9323 1.6296 1.4801, -2.9323 1.6395 1.5038, -2.9323 1.1769 1.4801, -2.9323 1.1925 1.4597, -2.9323 0.8449 0.9391, -2.9323 0.8547 0.9154, -2.9323 1.5936 2.1302, -2.9323 1.5699 2.14, -2.9323 1.6697 3.9961, -2.9323 1.5444 2.1434, -2.9323 1.6442 3.9927, -2.9323 1.2366 2.14, -2.9323 0.8434 3.1871, -2.9323 0.849 3.2056, -2.9323 0.9145 0.8695, -2.9323 1.2366 1.4342, -2.9323 1.2621 1.4309, -2.9323 1.5444 1.4309, -2.9323 1.6428 1.5293, -2.9323 1.6428 2.045, -2.9323 1.6395 2.0704, -2.9323 0.8581 3.2226, -2.9323 0.8704 3.2375, -2.9323 1.2621 2.1434, -2.9323 1.6001 3.9672, -2.9323 1.6205 3.9829, -2.9086 1.2814 2.028, -2.9244 1.183 1.9296, -2.9244 1.183 1.6338, -2.9086 1.2814 1.5353, -2.9244 1.1962 1.5845, -2.9244 1.1864 1.6083, -2.9244 1.2118 1.5642, -2.9244 1.2226 1.5549, -2.9244 1.2226 2.0085, -2.9244 1.2118 1.9992, -2.9244 1.1864 1.9551, -2.9244 1.1962 1.9788, -2.9218 1.2322 1.5485, -2.9218 1.2322 2.0148, -2.9155 1.256 1.5387, -2.9155 1.256 2.0247
            ]
        }
        coordIndex [
            0,1,2,-1,3,4,5,-1,6,7,8,-1,9,10,11,-1,12,13,14,-1,15,16,17,-1,18,19,20,-1,21,22,23,-1,24,25,26,-1,27,28,29,-1,30,31,29,-1,32,33,34,-1,34,33,35,-1,34,35,36,-1,37,38,34,-1,34,38,39,-1,34,39,32,-1,28,40,29,-1,29,40,41,-1,29,41,30,-1,42,43,44,-1,44,43,45,-1,44,45,46,-1,46,47,37,-1,47,48,37,-1,37,48,49,-1,37,49,50,-1,50,51,37,-1,37,51,52,-1,37,52,53,-1,53,52,54,-1,53,54,55,-1,56,57,58,-1,59,53,28,-1,28,53,60,-1,28,60,40,-1,59,61,53,-1,53,61,62,-1,53,62,37,-1,37,62,63,-1,37,63,38,-1,55,64,53,-1,53,64,65,-1,53,65,66,-1,66,65,56,-1,66,56,67,-1,67,56,58,-1,68,69,29,-1,29,69,70,-1,29,70,27,-1,68,71,69,-1,69,71,72,-1,69,72,73,-1,73,72,74,-1,73,74,75,-1,76,77,68,-1,68,77,78,-1,68,78,71,-1,26,25,79,-1,25,80,79,-1,79,80,81,-1,79,81,68,-1,68,81,82,-1,68,82,76,-1,24,26,83,-1,83,26,84,-1,83,84,85,-1,85,84,86,-1,85,86,87,-1,88,89,90,-1,88,90,91,-1,89,92,90,-1,90,92,93,-1,90,93,94,-1,95,96,97,-1,97,96,98,-1,97,98,90,-1,90,98,99,-1,90,99,91,-1,100,101,102,-1,102,101,103,-1,102,103,86,-1,86,103,104,-1,86,104,87,-1,105,106,107,-1,107,106,108,-1,107,108,109,-1,109,110,107,-1,107,110,111,-1,107,111,112,-1,112,111,95,-1,112,95,113,-1,113,95,97,-1,102,114,115,-1,116,117,90,-1,90,117,118,-1,90,118,119,-1,120,121,122,-1,122,121,123,-1,122,123,124,-1,124,123,125,-1,124,125,126,-1,115,127,102,-1,102,127,128,-1,102,128,100,-1,94,129,90,-1,90,129,130,-1,90,130,131,-1,132,133,124,-1,124,133,134,-1,124,134,135,-1,131,136,90,-1,90,136,137,-1,90,137,116,-1,126,138,124,-1,124,138,139,-1,124,139,140,-1,135,141,124,-1,124,141,142,-1,124,142,102,-1,102,142,143,-1,102,143,114,-1,132,124,144,-1,144,124,140,-1,144,140,107,-1,107,140,145,-1,107,145,105,-1,118,146,119,-1,119,146,147,-1,119,147,148,-1,148,147,149,-1,150,23,151,-1,151,23,152,-1,151,152,153,-1,153,152,154,-1,149,155,148,-1,148,155,156,-1,148,156,152,-1,152,156,157,-1,152,157,154,-1,21,158,22,-1,22,158,159,-1,22,159,160,-1,161,162,163,-1,163,162,164,-1,163,164,150,-1,150,164,165,-1,150,165,23,-1,23,165,166,-1,23,166,21,-1,167,168,163,-1,163,168,169,-1,163,169,161,-1,167,170,168,-1,168,170,171,-1,168,171,172,-1,173,174,175,-1,175,154,173,-1,173,154,157,-1,173,157,176,-1,176,157,177,-1,177,178,176,-1,176,178,179,-1,176,179,180,-1,181,182,183,-1,182,184,183,-1,183,184,185,-1,183,185,186,-1,187,183,188,-1,174,173,187,-1,187,173,189,-1,187,189,183,-1,183,189,190,-1,183,190,181,-1,188,191,187,-1,187,191,192,-1,187,192,193,-1,186,185,194,-1,194,185,195,-1,194,195,196,-1,196,195,197,-1,196,197,198,-1,199,200,193,-1,193,200,201,-1,193,201,187,-1,202,203,120,-1,120,203,204,-1,120,204,121,-1,36,205,34,-1,34,205,206,-1,34,206,207,-1,207,206,208,-1,207,208,18,-1,209,210,211,-1,211,210,212,-1,213,214,215,-1,215,214,216,-1,215,216,217,-1,209,218,210,-1,210,218,219,-1,210,219,220,-1,220,221,210,-1,210,221,222,-1,210,222,215,-1,215,222,223,-1,215,223,213,-1,217,224,215,-1,215,224,225,-1,215,225,226,-1,226,225,227,-1,226,227,228,-1,228,227,229,-1,228,229,230,-1,229,231,230,-1,230,231,232,-1,230,232,233,-1,233,232,212,-1,228,234,235,-1,236,237,238,-1,238,237,239,-1,240,236,235,-1,235,236,238,-1,235,238,228,-1,228,238,241,-1,228,241,226,-1,226,241,242,-1,237,243,239,-1,239,243,244,-1,239,244,245,-1,235,246,240,-1,240,246,247,-1,240,247,248,-1,234,228,249,-1,249,228,230,-1,249,230,250,-1,251,252,250,-1,250,252,253,-1,250,253,249,-1,254,255,256,-1,257,258,255,-1,255,258,259,-1,255,259,256,-1,260,261,262,-1,262,261,263,-1,262,263,264,-1,264,263,265,-1,264,265,266,-1,266,267,264,-1,264,267,268,-1,264,268,269,-1,270,271,272,-1,273,274,275,-1,270,272,276,-1,277,278,279,-1,273,275,279,-1,279,275,280,-1,279,280,277,-1,278,276,279,-1,279,276,272,-1,279,272,281,-1,281,272,282,-1,281,282,283,-1,283,282,284,-1,283,284,285,-1,286,287,288,-1,289,290,291,-1,292,293,294,-1,271,295,272,-1,272,295,296,-1,272,296,294,-1,294,296,297,-1,294,297,292,-1,293,298,294,-1,294,298,299,-1,294,299,300,-1,299,301,300,-1,300,301,302,-1,300,302,288,-1,290,303,291,-1,291,303,304,-1,291,304,305,-1,305,306,291,-1,291,306,307,-1,291,307,284,-1,284,307,308,-1,284,308,285,-1,309,310,311,-1,311,310,312,-1,311,312,313,-1,311,314,309,-1,309,314,315,-1,309,315,316,-1,316,317,309,-1,309,317,318,-1,309,318,319,-1,319,318,320,-1,319,320,321,-1,321,320,322,-1,321,322,288,-1,288,322,323,-1,288,323,286,-1,324,325,313,-1,313,325,326,-1,313,326,311,-1,327,328,274,-1,274,328,329,-1,274,329,275,-1,327,330,328,-1,328,330,331,-1,328,331,332,-1,332,331,333,-1,332,334,335,-1,333,336,332,-1,332,336,337,-1,332,337,338,-1,338,339,332,-1,332,339,340,-1,332,340,334,-1,335,341,332,-1,332,341,342,-1,332,342,343,-1,344,345,15,-1,15,345,346,-1,347,348,349,-1,350,351,352,-1,352,351,353,-1,352,353,354,-1,353,355,354,-1,354,355,356,-1,354,356,357,-1,358,356,359,-1,359,356,355,-1,359,355,360,-1,360,355,353,-1,360,353,361,-1,361,353,362,-1,361,362,16,-1,363,364,365,-1,366,367,368,-1,368,367,369,-1,365,364,370,-1,370,364,371,-1,370,371,372,-1,365,373,363,-1,363,373,374,-1,363,374,375,-1,371,376,372,-1,372,376,377,-1,372,377,378,-1,379,380,381,-1,368,371,366,-1,366,371,364,-1,366,364,382,-1,382,364,383,-1,382,383,381,-1,381,383,384,-1,381,384,379,-1,369,367,385,-1,385,367,386,-1,385,386,379,-1,13,387,14,-1,14,387,388,-1,14,388,389,-1,389,388,390,-1,389,390,391,-1,12,392,393,-1,393,392,37,-1,393,37,394,-1,394,37,34,-1,394,34,391,-1,391,34,207,-1,391,207,389,-1,395,396,397,-1,397,396,398,-1,397,398,399,-1,399,400,397,-1,397,400,401,-1,397,401,402,-1,397,403,395,-1,395,403,404,-1,395,404,405,-1,405,404,406,-1,407,408,409,-1,409,408,410,-1,409,410,406,-1,406,410,411,-1,406,411,405,-1,412,409,413,-1,413,409,414,-1,413,414,415,-1,412,416,409,-1,409,416,417,-1,409,417,407,-1,407,417,418,-1,407,418,419,-1,420,421,422,-1,422,423,420,-1,420,423,424,-1,420,424,425,-1,425,424,426,-1,425,426,418,-1,418,426,427,-1,418,427,419,-1,7,6,386,-1,386,6,428,-1,386,428,429,-1,430,431,432,-1,430,432,433,-1,379,386,380,-1,380,386,429,-1,380,429,434,-1,434,429,435,-1,434,435,432,-1,432,435,436,-1,432,436,433,-1,431,437,432,-1,432,437,438,-1,432,438,439,-1,439,440,432,-1,432,440,441,-1,432,441,442,-1,442,443,432,-1,432,443,444,-1,432,444,445,-1,445,444,446,-1,446,444,447,-1,447,444,448,-1,447,448,449,-1,449,450,447,-1,447,450,451,-1,447,451,452,-1,452,451,453,-1,454,455,8,-1,5,456,457,-1,457,458,5,-1,5,458,459,-1,5,459,3,-1,389,460,461,-1,14,462,5,-1,5,462,463,-1,5,463,456,-1,461,464,389,-1,389,464,465,-1,389,465,14,-1,14,465,466,-1,14,466,462,-1,467,468,460,-1,460,468,469,-1,460,469,470,-1,470,471,460,-1,460,471,472,-1,460,472,461,-1,1,473,474,-1,474,473,475,-1,474,475,476,-1,434,477,380,-1,380,477,478,-1,380,478,2,-1,2,478,479,-1,2,479,0,-1,480,481,482,-1,482,481,483,-1,482,483,484,-1,485,486,487,-1,487,486,483,-1,487,483,488,-1,488,483,481,-1,488,481,489,-1,489,481,490,-1,491,492,493,-1,493,492,480,-1,491,494,495,-1,495,494,20,-1,495,20,496,-1,19,202,20,-1,20,202,120,-1,20,120,496,-1,496,120,122,-1,496,122,497,-1,498,499,300,-1,256,261,254,-1,254,261,260,-1,254,260,500,-1,500,260,501,-1,287,502,288,-1,288,502,289,-1,288,289,300,-1,300,289,291,-1,300,291,498,-1,241,503,242,-1,242,503,264,-1,242,264,504,-1,504,264,269,-1,504,269,505,-1,506,507,508,-1,505,509,504,-1,504,509,510,-1,504,510,291,-1,291,510,511,-1,291,511,498,-1,260,300,501,-1,501,300,499,-1,501,499,506,-1,506,499,512,-1,506,512,513,-1,513,514,506,-1,506,514,515,-1,506,515,507,-1,508,516,506,-1,506,516,517,-1,506,517,518,-1,519,520,521,-1,521,520,522,-1,523,524,215,-1,215,524,210,-1,210,524,525,-1,210,525,520,-1,520,525,526,-1,520,526,522,-1,522,526,527,-1,522,527,528,-1,529,530,528,-1,528,530,523,-1,528,523,522,-1,522,523,215,-1,212,210,233,-1,233,210,520,-1,233,520,531,-1,531,520,519,-1,531,519,532,-1,16,362,17,-1,17,362,533,-1,17,533,534,-1,534,533,535,-1,534,535,536,-1,15,17,344,-1,344,17,534,-1,344,534,537,-1,537,534,536,-1,537,536,538,-1,539,540,347,-1,541,542,543,-1,543,542,544,-1,540,545,347,-1,347,545,546,-1,347,546,547,-1,366,548,543,-1,543,548,549,-1,543,549,550,-1,547,551,347,-1,347,551,552,-1,347,552,382,-1,382,552,553,-1,382,553,366,-1,366,553,554,-1,366,554,548,-1,550,555,543,-1,543,555,556,-1,543,556,541,-1,346,345,349,-1,349,345,543,-1,349,543,347,-1,347,543,544,-1,347,544,539,-1,1,474,2,-1,2,474,557,-1,2,557,380,-1,380,557,558,-1,380,558,381,-1,381,558,559,-1,381,559,382,-1,382,559,351,-1,382,351,347,-1,347,351,350,-1,347,350,348,-1,8,7,454,-1,454,7,386,-1,454,386,560,-1,560,386,367,-1,560,367,561,-1,561,367,366,-1,561,366,397,-1,397,366,543,-1,397,543,403,-1,403,543,345,-1,403,345,404,-1,404,345,344,-1,404,344,406,-1,406,344,537,-1,406,537,409,-1,409,537,538,-1,409,538,414,-1,562,563,272,-1,562,272,564,-1,565,566,567,-1,567,566,568,-1,567,568,569,-1,570,571,572,-1,572,571,573,-1,572,573,272,-1,272,573,574,-1,272,574,564,-1,569,575,567,-1,567,575,576,-1,567,576,577,-1,578,579,580,-1,580,579,581,-1,580,581,582,-1,582,581,583,-1,584,585,583,-1,583,585,586,-1,583,586,582,-1,563,587,272,-1,272,587,588,-1,272,588,589,-1,590,591,592,-1,592,591,593,-1,592,593,594,-1,594,595,592,-1,592,595,596,-1,592,596,597,-1,572,598,570,-1,570,598,599,-1,570,599,580,-1,580,599,600,-1,580,600,578,-1,601,602,583,-1,583,602,603,-1,583,603,604,-1,589,605,272,-1,272,605,606,-1,272,606,282,-1,282,606,567,-1,282,567,592,-1,592,567,577,-1,592,577,590,-1,604,607,583,-1,583,607,608,-1,583,608,584,-1,497,122,609,-1,609,122,124,-1,609,124,484,-1,484,124,610,-1,484,610,482,-1,482,610,592,-1,482,592,572,-1,572,592,597,-1,572,597,598,-1,480,482,493,-1,493,482,572,-1,493,572,611,-1,611,572,272,-1,611,272,612,-1,612,272,294,-1,612,294,613,-1,613,294,300,-1,613,300,614,-1,614,300,260,-1,614,260,251,-1,251,260,262,-1,251,262,252,-1,491,493,494,-1,494,493,611,-1,494,611,476,-1,476,611,612,-1,476,612,474,-1,474,612,613,-1,474,613,557,-1,557,613,614,-1,557,614,558,-1,558,614,251,-1,558,251,559,-1,559,251,250,-1,559,250,351,-1,351,250,230,-1,351,230,353,-1,353,230,233,-1,353,233,362,-1,362,233,531,-1,362,531,533,-1,533,531,532,-1,533,532,535,-1,12,14,392,-1,392,14,5,-1,392,5,615,-1,615,5,4,-1,615,4,454,-1,454,4,616,-1,454,616,455,-1,18,20,207,-1,207,20,494,-1,207,494,389,-1,389,494,476,-1,389,476,460,-1,460,476,475,-1,460,475,467,-1,46,37,44,-1,44,37,392,-1,44,392,617,-1,617,392,615,-1,617,615,618,-1,618,615,454,-1,618,454,619,-1,619,454,560,-1,619,560,620,-1,620,560,561,-1,620,561,621,-1,621,561,397,-1,621,397,11,-1,11,397,402,-1,11,402,9,-1,622,623,624,-1,624,623,625,-1,626,627,628,-1,629,630,631,-1,632,633,634,-1,635,636,637,-1,638,639,640,-1,641,642,643,-1,644,645,646,-1,646,645,647,-1,646,647,628,-1,628,647,648,-1,628,648,626,-1,649,650,637,-1,637,650,651,-1,637,651,635,-1,652,653,654,-1,633,655,634,-1,634,655,656,-1,634,656,657,-1,657,656,658,-1,659,660,661,-1,661,660,662,-1,640,639,663,-1,664,665,666,-1,634,667,632,-1,632,667,668,-1,632,668,637,-1,637,668,669,-1,637,669,649,-1,622,624,670,-1,670,624,636,-1,670,636,654,-1,654,636,635,-1,654,635,652,-1,662,671,661,-1,661,671,672,-1,661,672,658,-1,658,672,673,-1,658,673,657,-1,674,675,676,-1,676,675,677,-1,676,677,661,-1,661,677,678,-1,661,678,659,-1,679,680,681,-1,681,680,682,-1,681,682,683,-1,683,682,684,-1,683,684,685,-1,685,684,686,-1,685,686,687,-1,629,631,688,-1,688,631,689,-1,688,689,690,-1,690,689,691,-1,690,691,692,-1,666,693,664,-1,664,693,694,-1,664,694,644,-1,644,694,695,-1,644,695,696,-1,653,697,654,-1,654,697,698,-1,654,698,699,-1,639,700,663,-1,663,700,701,-1,663,701,702,-1,703,704,705,-1,705,704,706,-1,705,706,681,-1,681,706,707,-1,681,707,708,-1,709,710,711,-1,641,643,712,-1,623,713,625,-1,625,713,714,-1,625,714,715,-1,696,716,644,-1,644,716,717,-1,644,717,645,-1,718,719,720,-1,711,721,709,-1,709,721,722,-1,709,722,674,-1,674,722,723,-1,674,723,724,-1,643,725,712,-1,712,725,726,-1,712,726,708,-1,708,726,727,-1,708,727,681,-1,681,727,728,-1,681,728,729,-1,730,731,681,-1,681,731,732,-1,681,732,679,-1,705,733,734,-1,724,735,674,-1,674,735,736,-1,674,736,675,-1,710,737,711,-1,711,737,738,-1,711,738,739,-1,739,738,740,-1,729,741,681,-1,681,741,742,-1,681,742,730,-1,730,742,743,-1,744,745,631,-1,665,746,666,-1,666,746,747,-1,666,747,748,-1,748,747,749,-1,750,751,752,-1,753,754,755,-1,755,754,756,-1,628,757,756,-1,756,757,758,-1,756,758,755,-1,734,759,705,-1,705,759,718,-1,705,718,703,-1,703,718,720,-1,760,663,761,-1,761,663,702,-1,761,702,762,-1,763,764,643,-1,643,764,765,-1,765,766,643,-1,643,766,767,-1,643,767,740,-1,740,767,768,-1,740,768,739,-1,744,631,769,-1,745,770,631,-1,631,770,771,-1,631,771,749,-1,749,771,772,-1,749,772,748,-1,773,774,753,-1,753,774,775,-1,753,775,754,-1,627,776,628,-1,628,776,777,-1,628,777,757,-1,762,778,779,-1,753,780,773,-1,773,780,781,-1,773,781,752,-1,752,781,782,-1,752,782,750,-1,718,783,719,-1,719,783,784,-1,719,784,785,-1,785,784,752,-1,785,752,786,-1,786,752,787,-1,788,789,790,-1,790,789,733,-1,790,733,791,-1,791,733,705,-1,791,705,792,-1,779,793,762,-1,762,793,794,-1,762,794,761,-1,795,796,797,-1,797,796,798,-1,797,798,760,-1,760,798,799,-1,760,799,663,-1,800,801,743,-1,743,801,802,-1,743,802,730,-1,803,804,769,-1,642,805,643,-1,643,805,806,-1,643,806,763,-1,763,806,807,-1,763,807,808,-1,686,809,687,-1,687,809,810,-1,687,810,715,-1,715,810,811,-1,715,811,625,-1,625,811,812,-1,625,812,743,-1,743,812,813,-1,743,813,800,-1,814,815,816,-1,816,815,817,-1,816,817,705,-1,705,817,818,-1,705,818,792,-1,807,819,820,-1,820,821,807,-1,807,821,822,-1,807,822,808,-1,630,823,631,-1,631,823,824,-1,631,824,769,-1,769,824,825,-1,769,825,826,-1,827,828,829,-1,829,828,787,-1,829,787,830,-1,814,831,832,-1,790,833,788,-1,788,833,834,-1,788,834,692,-1,692,834,835,-1,692,835,690,-1,690,835,836,-1,690,836,640,-1,640,836,837,-1,640,837,638,-1,826,838,769,-1,769,838,839,-1,769,839,803,-1,751,840,752,-1,752,840,841,-1,752,841,787,-1,787,841,842,-1,787,842,830,-1,832,843,814,-1,814,843,844,-1,814,844,815,-1,845,67,846,-1,846,67,58,-1,846,58,847,-1,847,58,848,-1,847,848,849,-1,849,848,850,-1,849,850,851,-1,851,850,852,-1,851,852,853,-1,853,852,854,-1,853,854,855,-1,855,854,856,-1,855,856,857,-1,857,856,858,-1,857,858,859,-1,859,858,860,-1,861,816,862,-1,862,816,705,-1,862,705,863,-1,863,705,864,-1,863,864,865,-1,865,864,866,-1,865,866,867,-1,867,866,868,-1,867,868,869,-1,869,868,870,-1,869,870,871,-1,871,870,872,-1,871,872,873,-1,873,872,874,-1,873,874,875,-1,875,874,876,-1,877,878,761,-1,761,878,760,-1,879,880,881,-1,882,874,883,-1,883,874,884,-1,879,881,885,-1,886,887,888,-1,889,890,888,-1,891,892,874,-1,880,893,881,-1,881,893,894,-1,881,894,895,-1,896,897,874,-1,896,874,898,-1,889,888,899,-1,897,899,874,-1,874,899,888,-1,874,888,891,-1,891,888,887,-1,860,858,900,-1,881,901,885,-1,885,901,902,-1,885,902,903,-1,903,902,904,-1,903,904,905,-1,892,906,874,-1,874,906,907,-1,874,907,876,-1,876,907,908,-1,909,910,911,-1,911,910,898,-1,911,898,912,-1,912,898,874,-1,912,874,913,-1,913,874,882,-1,900,914,860,-1,860,914,915,-1,860,915,916,-1,916,915,917,-1,916,917,911,-1,911,917,918,-1,911,918,909,-1,919,920,921,-1,921,920,895,-1,921,895,922,-1,922,895,894,-1,922,894,923,-1,923,894,924,-1,923,924,925,-1,925,924,926,-1,927,928,929,-1,930,931,932,-1,929,933,927,-1,927,933,934,-1,927,934,935,-1,935,934,936,-1,935,936,921,-1,921,936,937,-1,921,937,919,-1,932,938,930,-1,930,938,939,-1,930,939,940,-1,940,939,941,-1,940,941,890,-1,890,941,942,-1,890,942,888,-1,905,904,943,-1,943,904,944,-1,943,944,945,-1,907,946,908,-1,908,946,947,-1,908,947,948,-1,948,947,949,-1,926,924,950,-1,950,924,951,-1,950,951,952,-1,952,951,953,-1,952,953,888,-1,888,953,954,-1,888,954,886,-1,955,956,862,-1,957,958,959,-1,960,961,962,-1,963,964,965,-1,966,967,862,-1,962,961,968,-1,968,961,969,-1,968,969,970,-1,965,971,972,-1,964,973,965,-1,965,973,974,-1,965,974,975,-1,976,977,978,-1,978,977,979,-1,967,980,862,-1,862,980,981,-1,862,981,982,-1,983,984,985,-1,985,984,986,-1,985,986,987,-1,988,989,990,-1,956,991,992,-1,992,991,993,-1,992,993,994,-1,862,995,996,-1,983,997,984,-1,984,997,963,-1,984,963,998,-1,998,963,965,-1,998,965,999,-1,999,965,972,-1,1000,1001,1002,-1,1003,1004,1005,-1,1005,1004,1006,-1,1005,1006,976,-1,976,1006,1007,-1,976,1007,977,-1,966,862,1008,-1,1008,862,965,-1,1008,965,958,-1,1009,1010,982,-1,970,1011,968,-1,968,1011,1012,-1,968,1012,977,-1,956,992,862,-1,862,992,1013,-1,862,1013,995,-1,957,959,1014,-1,1014,959,1015,-1,1014,1015,1016,-1,1017,1018,1019,-1,1019,1018,1020,-1,1019,1020,1021,-1,1021,1020,1022,-1,1023,1024,1025,-1,1025,1024,1026,-1,1027,1028,1029,-1,1029,1028,1030,-1,1029,1030,990,-1,990,1030,1031,-1,990,1031,988,-1,1002,1032,1000,-1,1000,1032,1033,-1,1000,1033,1027,-1,1027,1033,1034,-1,1027,1034,1035,-1,1010,1036,982,-1,982,1036,1037,-1,982,1037,862,-1,862,1037,1038,-1,862,1038,955,-1,962,1039,960,-1,960,1039,1040,-1,960,1040,1041,-1,1042,1043,877,-1,877,1043,960,-1,877,960,878,-1,975,1044,965,-1,965,1044,1045,-1,965,1045,958,-1,958,1045,1046,-1,958,1046,959,-1,1047,1048,1015,-1,1015,1048,1049,-1,1015,1049,1016,-1,1050,1051,1023,-1,1023,1051,1052,-1,1023,1052,1024,-1,1053,1054,985,-1,985,1054,1055,-1,1055,1056,985,-1,985,1056,1057,-1,985,1057,1026,-1,1026,1057,1058,-1,1026,1058,1025,-1,1059,990,1060,-1,1035,1061,1027,-1,1027,1061,1062,-1,1027,1062,1028,-1,1063,1064,1009,-1,1041,1065,960,-1,960,1065,1066,-1,960,1066,878,-1,1067,1068,1069,-1,1068,1070,1069,-1,1069,1070,1071,-1,1069,1071,1072,-1,1072,1071,1073,-1,1017,1074,1018,-1,1018,1074,1075,-1,1018,1075,1076,-1,1077,1078,1022,-1,1022,1078,1079,-1,1022,1079,1021,-1,1080,1081,1082,-1,1082,1081,1059,-1,1082,1059,1083,-1,1083,1059,1060,-1,989,1084,990,-1,990,1084,1085,-1,990,1085,1060,-1,1063,1009,1086,-1,1064,1087,1009,-1,1009,1087,1088,-1,1009,1088,1089,-1,1042,1090,1091,-1,977,1012,979,-1,979,1012,1092,-1,979,1092,993,-1,993,1092,1093,-1,993,1093,994,-1,996,1094,862,-1,862,1094,1095,-1,862,1095,861,-1,861,1095,1096,-1,1015,1097,1098,-1,1076,1099,1018,-1,1018,1099,1100,-1,1018,1100,1073,-1,1073,1100,1101,-1,1073,1101,1072,-1,1023,1102,1050,-1,1050,1102,1103,-1,1050,1103,1022,-1,1022,1103,1104,-1,1022,1104,1077,-1,1105,1106,1080,-1,1080,1106,1107,-1,1080,1107,1081,-1,1001,1108,1002,-1,1002,1108,1109,-1,1002,1109,1110,-1,1110,1109,1089,-1,1110,1089,1111,-1,1111,1089,1088,-1,1091,1112,1042,-1,1042,1112,1113,-1,1042,1113,1043,-1,1069,1114,1067,-1,1067,1114,1115,-1,1067,1115,1015,-1,1015,1115,1116,-1,1015,1116,1097,-1,987,1117,985,-1,985,1117,1118,-1,985,1118,1053,-1,1053,1118,1119,-1,1053,1119,1120,-1,1080,1121,1105,-1,1105,1121,1122,-1,1105,1122,1005,-1,1005,1122,1123,-1,1005,1123,1124,-1,1096,1125,1126,-1,1098,1127,1015,-1,1015,1127,1128,-1,1015,1128,1047,-1,1047,1128,1129,-1,1047,1129,1130,-1,1119,1131,1132,-1,1124,1133,1005,-1,1005,1133,1134,-1,1005,1134,1135,-1,1126,1136,1096,-1,1096,1136,1137,-1,1096,1137,861,-1,1130,1138,1047,-1,1047,1138,1139,-1,1047,1139,1140,-1,1132,1141,1119,-1,1119,1141,1142,-1,1119,1142,1120,-1,1135,1143,1005,-1,1005,1143,1144,-1,1005,1144,1003,-1,1145,1146,1147,-1,1147,1146,1148,-1,1147,1148,1149,-1,1150,1135,1151,-1,1151,1135,1152,-1,982,1153,1009,-1,1009,1153,1154,-1,1009,1154,1086,-1,1086,1154,1146,-1,1086,1146,1155,-1,1155,1146,1145,-1,1150,1156,1135,-1,1135,1156,1157,-1,1135,1157,1143,-1,1158,1159,1160,-1,1160,1159,1161,-1,1162,1163,1164,-1,1165,1162,1166,-1,1167,1165,1168,-1,1168,1165,1169,-1,845,846,1170,-1,1158,1160,1164,-1,1164,1160,1171,-1,1164,1171,1162,-1,1171,1172,1162,-1,1162,1172,1173,-1,1162,1173,1174,-1,1166,1175,1165,-1,1165,1175,1176,-1,1165,1176,1177,-1,1161,1178,1160,-1,1160,1178,1179,-1,1160,1179,1180,-1,1180,1179,845,-1,1180,845,1181,-1,1181,845,1170,-1,1177,1182,1165,-1,1165,1182,1183,-1,1165,1183,1169,-1,1169,1183,1184,-1,1169,1184,1185,-1,1174,1186,1162,-1,1162,1186,1187,-1,1162,1187,1166,-1,1166,1187,1188,-1,1189,1190,1191,-1,1191,1190,1192,-1,1188,1193,1166,-1,1166,1193,1190,-1,1166,1190,1194,-1,1194,1190,1189,-1,1195,1196,1197,-1,1198,1199,1200,-1,1190,1201,1192,-1,1192,1201,1195,-1,1192,1195,1202,-1,1202,1195,1197,-1,1200,1203,1198,-1,1198,1203,1204,-1,1198,1204,1205,-1,1205,1204,1206,-1,1205,1206,1184,-1,1184,1206,1207,-1,1184,1207,1185,-1,1208,1209,873,-1,1210,1211,873,-1,1212,1213,1214,-1,1214,1213,1215,-1,1214,1215,1216,-1,1216,1215,1217,-1,873,1218,1219,-1,1220,1221,873,-1,873,1222,1218,-1,1218,1222,1223,-1,1218,1223,1224,-1,1219,1225,873,-1,873,1225,1226,-1,873,1226,1227,-1,1227,1228,873,-1,873,1228,1229,-1,873,1229,1210,-1,1210,1229,1230,-1,1210,1230,1231,-1,1231,1230,1232,-1,1233,1234,1214,-1,1214,1234,1235,-1,1214,1235,1236,-1,1236,1237,1214,-1,1214,1237,1238,-1,1214,1238,1212,-1,1220,873,1239,-1,1217,1240,1216,-1,1216,1240,1241,-1,1216,1241,1242,-1,1242,1241,1243,-1,1208,873,1244,-1,1245,1246,857,-1,1221,1247,873,-1,873,1247,1248,-1,873,1248,1244,-1,1244,1248,1234,-1,1244,1234,1249,-1,1249,1234,1233,-1,1250,1251,1252,-1,1253,1254,873,-1,873,1254,1255,-1,873,1255,1222,-1,1256,1257,1258,-1,857,859,1245,-1,1245,859,1259,-1,1245,1259,1260,-1,1260,1259,1261,-1,1260,1261,1230,-1,1230,1261,1262,-1,1230,1262,1232,-1,1252,1263,1250,-1,1250,1263,1264,-1,1250,1264,1265,-1,1265,1264,1266,-1,1265,1266,1209,-1,1266,1267,1209,-1,1209,1267,1268,-1,1209,1268,873,-1,873,1268,1269,-1,873,1269,1253,-1,1241,1270,1243,-1,1243,1270,1271,-1,1243,1271,1272,-1,1272,1271,1273,-1,1258,1274,1256,-1,1256,1274,1275,-1,1256,1275,1276,-1,1276,1275,1277,-1,1276,1277,1224,-1,1224,1277,1278,-1,1224,1278,1218,-1,1279,1280,1281,-1,1281,1280,1282,-1,873,875,1239,-1,1239,875,1282,-1,1239,1282,1283,-1,1283,1282,1280,-1,670,654,1118,-1,1118,654,1119,-1,999,972,687,-1,687,972,685,-1,683,685,971,-1,971,685,972,-1,1210,883,1211,-1,1211,883,884,-1,1211,884,1284,-1,1284,884,1285,-1,1284,1285,1286,-1,1286,1285,1287,-1,1286,1287,1288,-1,1288,1287,1289,-1,1288,1289,1290,-1,1290,1289,1291,-1,1290,1291,1292,-1,1292,1291,1293,-1,1292,1293,965,-1,965,1293,681,-1,965,681,971,-1,971,681,683,-1,1095,1094,815,-1,815,1094,817,-1,1093,1092,834,-1,834,1092,835,-1,960,1043,701,-1,701,1043,702,-1,962,968,663,-1,663,968,640,-1,825,824,1143,-1,1143,824,1144,-1,1146,1154,787,-1,787,1154,786,-1,966,1008,706,-1,706,1008,707,-1,807,806,1047,-1,1047,806,1048,-1,1294,1295,1296,-1,1296,1295,1297,-1,1296,1297,1298,-1,1298,1297,1299,-1,1298,1299,1300,-1,1300,1299,1301,-1,1300,1301,1302,-1,1302,1301,1303,-1,1302,1303,1304,-1,1304,1303,1305,-1,1304,1305,1306,-1,1306,1305,1307,-1,1306,1307,1165,-1,1165,1307,521,-1,1165,521,1162,-1,1162,521,102,-1,1162,102,1308,-1,1308,102,1309,-1,1308,1309,1310,-1,1310,1309,1311,-1,1310,1311,1312,-1,1312,1311,1313,-1,1312,1313,1314,-1,1314,1313,1315,-1,1314,1315,1316,-1,1316,1315,1317,-1,1316,1317,1318,-1,1318,1317,1319,-1,1318,1319,1320,-1,1320,1319,1321,-1,780,753,1110,-1,1110,753,1002,-1,666,748,1080,-1,1080,748,1121,-1,648,647,1030,-1,1030,647,1031,-1,1023,1025,634,-1,634,1025,667,-1,711,739,1069,-1,1069,739,1114,-1,1017,1019,677,-1,677,1019,678,-1,695,694,1060,-1,1060,694,1083,-1,758,757,1033,-1,1033,757,1034,-1,1101,1100,722,-1,722,1100,723,-1,673,672,1103,-1,1103,672,1104,-1,1322,1323,1324,-1,1324,1325,1322,-1,1322,1325,1326,-1,1322,1326,1327,-1,1328,1329,1330,-1,1323,1322,1331,-1,1331,1322,1332,-1,1331,1332,1333,-1,1333,1332,1334,-1,1333,1334,1335,-1,1327,1326,1330,-1,1330,1326,1336,-1,1330,1336,1328,-1,1329,1337,1330,-1,1330,1337,1338,-1,1330,1338,1339,-1,1335,1340,1333,-1,1333,1340,1341,-1,1333,1341,1342,-1,1343,1344,1345,-1,1342,1346,1333,-1,1333,1346,1343,-1,1333,1343,1347,-1,1347,1343,1345,-1,1348,1349,1350,-1,1350,1349,1351,-1,1352,1353,1349,-1,1349,1353,1354,-1,1351,1355,1350,-1,1350,1355,1356,-1,1350,1356,1357,-1,1348,1358,1349,-1,1349,1358,1359,-1,1349,1359,1360,-1,1361,1362,1357,-1,1357,1362,1363,-1,1357,1363,1350,-1,1360,1364,1349,-1,1349,1364,1365,-1,1349,1365,1352,-1,1354,1366,1349,-1,1349,1366,1367,-1,1349,1367,1368,-1,1369,1357,1370,-1,1370,1357,1371,-1,1369,1372,1357,-1,1357,1372,1373,-1,1357,1373,1361,-1,1374,1375,1376,-1,1377,1378,1379,-1,1379,1380,1377,-1,1377,1380,1381,-1,1377,1381,1382,-1,1374,1376,1383,-1,1382,1384,1377,-1,1377,1384,1385,-1,1377,1385,1386,-1,1386,1385,1387,-1,1387,1385,1376,-1,1376,1385,1388,-1,1376,1388,1383,-1,1389,1390,1391,-1,1391,1390,1392,-1,1391,1392,1393,-1,1378,1394,1379,-1,1379,1394,1395,-1,1379,1395,1391,-1,1391,1395,1396,-1,1391,1396,1389,-1,1393,1397,1391,-1,1391,1397,1398,-1,1391,1398,1399,-1,1400,1401,1402,-1,1402,1401,1403,-1,1400,1404,1401,-1,1401,1404,1405,-1,1401,1405,1406,-1,1407,1408,1409,-1,1405,1410,1411,-1,1412,1413,1409,-1,1409,1413,1414,-1,1409,1414,1415,-1,1403,1416,1402,-1,1402,1416,1409,-1,1402,1409,1417,-1,1417,1409,1408,-1,1405,1418,1419,-1,1411,1420,1405,-1,1405,1420,1421,-1,1405,1421,1406,-1,1415,1422,1409,-1,1409,1422,1423,-1,1409,1423,1407,-1,1419,1424,1405,-1,1405,1424,1425,-1,1405,1425,1410,-1,1426,1427,1428,-1,1428,1427,1429,-1,1428,1429,1430,-1,1430,1429,1431,-1,1430,1431,1432,-1,1432,1431,1433,-1,1432,1433,1434,-1,1434,1433,1435,-1,1434,1435,1436,-1,1436,1435,1437,-1,1436,1437,1438,-1,1438,1437,1439,-1,1438,1439,1440,-1,1440,1439,1441,-1,1440,1441,1442,-1,1442,1441,1443,-1,1442,1443,1444,-1,1444,1443,1445,-1,1444,1445,1446,-1,1446,1445,1447,-1,1446,1447,1448,-1,1448,1447,1449,-1,1448,1449,1450,-1,1450,1449,1451,-1,1427,1452,1429,-1,1429,1452,1453,-1,1429,1453,1431,-1,1431,1453,1454,-1,1431,1454,1433,-1,1433,1454,1455,-1,1433,1455,1435,-1,1435,1455,1456,-1,1435,1456,1437,-1,1437,1456,1457,-1,1437,1457,1439,-1,1439,1457,1458,-1,1439,1458,1441,-1,1441,1458,1459,-1,1441,1459,1443,-1,1443,1459,1460,-1,1443,1460,1445,-1,1445,1460,1461,-1,1445,1461,1447,-1,1447,1461,1462,-1,1447,1462,1449,-1,1449,1462,1463,-1,1449,1463,1451,-1,1451,1463,1464,-1,1452,1402,1453,-1,1453,1402,1417,-1,1453,1417,1454,-1,1454,1417,1408,-1,1454,1408,1455,-1,1455,1408,1407,-1,1455,1407,1456,-1,1456,1407,1423,-1,1456,1423,1457,-1,1457,1423,1422,-1,1457,1422,1458,-1,1458,1422,1415,-1,1458,1415,1459,-1,1459,1415,1414,-1,1459,1414,1460,-1,1460,1414,1413,-1,1460,1413,1461,-1,1461,1413,1412,-1,1461,1412,1462,-1,1462,1412,1409,-1,1462,1409,1463,-1,1463,1409,1416,-1,1463,1416,1464,-1,1464,1416,1403,-1,1400,1402,1465,-1,1465,1402,1452,-1,1465,1452,1466,-1,1466,1452,1427,-1,1466,1427,1467,-1,1467,1427,1426,-1,1403,1401,1464,-1,1464,1401,1468,-1,1464,1468,1451,-1,1451,1468,1469,-1,1451,1469,1450,-1,1450,1469,1470,-1,1470,1469,1471,-1,1471,1469,1472,-1,1471,1472,1473,-1,1473,1472,1474,-1,1473,1474,1475,-1,1475,1474,1476,-1,1475,1476,1477,-1,1477,1476,1478,-1,1477,1478,1479,-1,1479,1478,1480,-1,1479,1480,1481,-1,1481,1480,1482,-1,1481,1482,1483,-1,1483,1482,1484,-1,1483,1484,1485,-1,1485,1484,1486,-1,1485,1486,1487,-1,1487,1486,1488,-1,1487,1488,1489,-1,1489,1488,1490,-1,1489,1490,1491,-1,1491,1490,1492,-1,1491,1492,1467,-1,1467,1492,1466,-1,1469,1468,1472,-1,1472,1468,1493,-1,1472,1493,1474,-1,1474,1493,1494,-1,1474,1494,1476,-1,1476,1494,1495,-1,1476,1495,1478,-1,1478,1495,1496,-1,1478,1496,1480,-1,1480,1496,1497,-1,1480,1497,1482,-1,1482,1497,1498,-1,1482,1498,1484,-1,1484,1498,1499,-1,1484,1499,1486,-1,1486,1499,1500,-1,1486,1500,1488,-1,1488,1500,1501,-1,1488,1501,1490,-1,1490,1501,1502,-1,1490,1502,1492,-1,1492,1502,1503,-1,1492,1503,1466,-1,1466,1503,1465,-1,1468,1401,1493,-1,1493,1401,1406,-1,1493,1406,1494,-1,1494,1406,1421,-1,1494,1421,1495,-1,1495,1421,1420,-1,1495,1420,1496,-1,1496,1420,1411,-1,1496,1411,1497,-1,1497,1411,1410,-1,1497,1410,1498,-1,1498,1410,1425,-1,1498,1425,1499,-1,1499,1425,1424,-1,1499,1424,1500,-1,1500,1424,1419,-1,1500,1419,1501,-1,1501,1419,1418,-1,1501,1418,1502,-1,1502,1418,1405,-1,1502,1405,1503,-1,1503,1405,1404,-1,1503,1404,1465,-1,1465,1404,1400,-1,1504,1505,1506,-1,1506,1505,1507,-1,1506,1507,1508,-1,1508,1507,1509,-1,1508,1509,1510,-1,1510,1509,1511,-1,1510,1511,1512,-1,1512,1511,1513,-1,1512,1513,1514,-1,1514,1513,1515,-1,1514,1515,1516,-1,1516,1515,1517,-1,1516,1517,1518,-1,1518,1517,1519,-1,1518,1519,1520,-1,1520,1519,1521,-1,1520,1521,1522,-1,1522,1521,1523,-1,1522,1523,1524,-1,1524,1523,1525,-1,1524,1525,1526,-1,1526,1525,1527,-1,1526,1527,1528,-1,1528,1527,1529,-1,1505,1530,1507,-1,1507,1530,1531,-1,1507,1531,1509,-1,1509,1531,1532,-1,1509,1532,1511,-1,1511,1532,1533,-1,1511,1533,1513,-1,1513,1533,1534,-1,1513,1534,1515,-1,1515,1534,1535,-1,1515,1535,1517,-1,1517,1535,1536,-1,1517,1536,1519,-1,1519,1536,1537,-1,1519,1537,1521,-1,1521,1537,1538,-1,1521,1538,1523,-1,1523,1538,1539,-1,1523,1539,1525,-1,1525,1539,1540,-1,1525,1540,1527,-1,1527,1540,1541,-1,1527,1541,1529,-1,1529,1541,1542,-1,1530,1377,1531,-1,1531,1377,1386,-1,1531,1386,1532,-1,1532,1386,1387,-1,1532,1387,1533,-1,1533,1387,1376,-1,1533,1376,1534,-1,1534,1376,1375,-1,1534,1375,1535,-1,1535,1375,1374,-1,1535,1374,1536,-1,1536,1374,1383,-1,1536,1383,1537,-1,1537,1383,1388,-1,1537,1388,1538,-1,1538,1388,1385,-1,1538,1385,1539,-1,1539,1385,1384,-1,1539,1384,1540,-1,1540,1384,1382,-1,1540,1382,1541,-1,1541,1382,1381,-1,1541,1381,1542,-1,1542,1381,1380,-1,1378,1377,1543,-1,1543,1377,1530,-1,1543,1530,1544,-1,1544,1530,1505,-1,1544,1505,1545,-1,1545,1505,1504,-1,1380,1379,1542,-1,1542,1379,1546,-1,1542,1546,1529,-1,1529,1546,1547,-1,1529,1547,1528,-1,1528,1547,1548,-1,1548,1547,1549,-1,1549,1547,1550,-1,1549,1550,1551,-1,1551,1550,1552,-1,1551,1552,1553,-1,1553,1552,1554,-1,1553,1554,1555,-1,1555,1554,1556,-1,1555,1556,1557,-1,1557,1556,1558,-1,1557,1558,1559,-1,1559,1558,1560,-1,1559,1560,1561,-1,1561,1560,1562,-1,1561,1562,1563,-1,1563,1562,1564,-1,1563,1564,1565,-1,1565,1564,1566,-1,1565,1566,1567,-1,1567,1566,1568,-1,1567,1568,1569,-1,1569,1568,1570,-1,1569,1570,1545,-1,1545,1570,1544,-1,1547,1546,1550,-1,1550,1546,1571,-1,1550,1571,1552,-1,1552,1571,1572,-1,1552,1572,1554,-1,1554,1572,1573,-1,1554,1573,1556,-1,1556,1573,1574,-1,1556,1574,1558,-1,1558,1574,1575,-1,1558,1575,1560,-1,1560,1575,1576,-1,1560,1576,1562,-1,1562,1576,1577,-1,1562,1577,1564,-1,1564,1577,1578,-1,1564,1578,1566,-1,1566,1578,1579,-1,1566,1579,1568,-1,1568,1579,1580,-1,1568,1580,1570,-1,1570,1580,1581,-1,1570,1581,1544,-1,1544,1581,1543,-1,1546,1379,1571,-1,1571,1379,1391,-1,1571,1391,1572,-1,1572,1391,1399,-1,1572,1399,1573,-1,1573,1399,1398,-1,1573,1398,1574,-1,1574,1398,1397,-1,1574,1397,1575,-1,1575,1397,1393,-1,1575,1393,1576,-1,1576,1393,1392,-1,1576,1392,1577,-1,1577,1392,1390,-1,1577,1390,1578,-1,1578,1390,1389,-1,1578,1389,1579,-1,1579,1389,1396,-1,1579,1396,1580,-1,1580,1396,1395,-1,1580,1395,1581,-1,1581,1395,1394,-1,1581,1394,1543,-1,1543,1394,1378,-1,1332,1322,1582,-1,1332,1582,1583,-1,1583,1582,1584,-1,1583,1584,1585,-1,1585,1584,1586,-1,1585,1586,1587,-1,1332,1583,1588,-1,1583,1585,1589,-1,1585,1587,1590,-1,1585,1590,1589,-1,1589,1590,1591,-1,1589,1591,1592,-1,1592,1591,1593,-1,1592,1593,1594,-1,1594,1593,1595,-1,1594,1595,1596,-1,1596,1595,1597,-1,1596,1597,1598,-1,1598,1597,1599,-1,1598,1599,1600,-1,1600,1599,1601,-1,1600,1601,1602,-1,1602,1601,1603,-1,1602,1603,1604,-1,1604,1603,1605,-1,1604,1605,1606,-1,1606,1605,1607,-1,1606,1607,1608,-1,1608,1607,1609,-1,1608,1609,1610,-1,1610,1609,1611,-1,1610,1611,1612,-1,1583,1589,1588,-1,1588,1589,1592,-1,1588,1592,1613,-1,1613,1592,1594,-1,1613,1594,1614,-1,1614,1594,1596,-1,1614,1596,1615,-1,1615,1596,1598,-1,1615,1598,1616,-1,1616,1598,1600,-1,1616,1600,1617,-1,1617,1600,1602,-1,1617,1602,1618,-1,1618,1602,1604,-1,1618,1604,1619,-1,1619,1604,1606,-1,1619,1606,1620,-1,1620,1606,1608,-1,1620,1608,1621,-1,1621,1608,1610,-1,1621,1610,1622,-1,1622,1610,1612,-1,1622,1612,1623,-1,1332,1588,1334,-1,1334,1588,1613,-1,1334,1613,1335,-1,1335,1613,1614,-1,1335,1614,1340,-1,1340,1614,1615,-1,1340,1615,1341,-1,1341,1615,1616,-1,1341,1616,1342,-1,1342,1616,1617,-1,1342,1617,1346,-1,1346,1617,1618,-1,1346,1618,1343,-1,1343,1618,1619,-1,1343,1619,1344,-1,1344,1619,1620,-1,1344,1620,1345,-1,1345,1620,1621,-1,1345,1621,1347,-1,1347,1621,1622,-1,1347,1622,1333,-1,1333,1622,1623,-1,1333,1623,1331,-1,1323,1624,1625,-1,1624,1626,1627,-1,1626,1628,1629,-1,1626,1629,1627,-1,1627,1629,1630,-1,1627,1630,1631,-1,1631,1630,1632,-1,1631,1632,1633,-1,1633,1632,1634,-1,1633,1634,1635,-1,1635,1634,1636,-1,1635,1636,1637,-1,1637,1636,1638,-1,1637,1638,1639,-1,1639,1638,1640,-1,1639,1640,1641,-1,1641,1640,1642,-1,1641,1642,1643,-1,1643,1642,1644,-1,1643,1644,1645,-1,1645,1644,1646,-1,1645,1646,1647,-1,1647,1646,1648,-1,1647,1648,1649,-1,1649,1648,1586,-1,1649,1586,1584,-1,1624,1627,1625,-1,1625,1627,1631,-1,1625,1631,1650,-1,1650,1631,1633,-1,1650,1633,1651,-1,1651,1633,1635,-1,1651,1635,1652,-1,1652,1635,1637,-1,1652,1637,1653,-1,1653,1637,1639,-1,1653,1639,1654,-1,1654,1639,1641,-1,1654,1641,1655,-1,1655,1641,1643,-1,1655,1643,1656,-1,1656,1643,1645,-1,1656,1645,1657,-1,1657,1645,1647,-1,1657,1647,1658,-1,1658,1647,1649,-1,1658,1649,1659,-1,1659,1649,1584,-1,1659,1584,1582,-1,1323,1625,1324,-1,1324,1625,1650,-1,1324,1650,1325,-1,1325,1650,1651,-1,1325,1651,1326,-1,1326,1651,1652,-1,1326,1652,1336,-1,1336,1652,1653,-1,1336,1653,1328,-1,1328,1653,1654,-1,1328,1654,1329,-1,1329,1654,1655,-1,1329,1655,1337,-1,1337,1655,1656,-1,1337,1656,1338,-1,1338,1656,1657,-1,1338,1657,1339,-1,1339,1657,1658,-1,1339,1658,1330,-1,1330,1658,1659,-1,1330,1659,1327,-1,1327,1659,1582,-1,1327,1582,1322,-1,1323,1331,1623,-1,1323,1623,1624,-1,1624,1623,1612,-1,1624,1612,1626,-1,1626,1612,1611,-1,1626,1611,1628,-1,1348,1350,1660,-1,1348,1660,1661,-1,1661,1660,1662,-1,1661,1662,1663,-1,1663,1662,1664,-1,1663,1664,1665,-1,1348,1661,1666,-1,1661,1663,1667,-1,1663,1665,1668,-1,1663,1668,1667,-1,1667,1668,1669,-1,1667,1669,1670,-1,1670,1669,1671,-1,1670,1671,1672,-1,1672,1671,1673,-1,1672,1673,1674,-1,1674,1673,1675,-1,1674,1675,1676,-1,1676,1675,1677,-1,1676,1677,1678,-1,1678,1677,1679,-1,1678,1679,1680,-1,1680,1679,1681,-1,1680,1681,1682,-1,1682,1681,1683,-1,1682,1683,1684,-1,1684,1683,1685,-1,1684,1685,1686,-1,1686,1685,1687,-1,1686,1687,1688,-1,1688,1687,1689,-1,1688,1689,1690,-1,1661,1667,1666,-1,1666,1667,1670,-1,1666,1670,1691,-1,1691,1670,1672,-1,1691,1672,1692,-1,1692,1672,1674,-1,1692,1674,1693,-1,1693,1674,1676,-1,1693,1676,1694,-1,1694,1676,1678,-1,1694,1678,1695,-1,1695,1678,1680,-1,1695,1680,1696,-1,1696,1680,1682,-1,1696,1682,1697,-1,1697,1682,1684,-1,1697,1684,1698,-1,1698,1684,1686,-1,1698,1686,1699,-1,1699,1686,1688,-1,1699,1688,1700,-1,1700,1688,1690,-1,1700,1690,1701,-1,1348,1666,1358,-1,1358,1666,1691,-1,1358,1691,1359,-1,1359,1691,1692,-1,1359,1692,1360,-1,1360,1692,1693,-1,1360,1693,1364,-1,1364,1693,1694,-1,1364,1694,1365,-1,1365,1694,1695,-1,1365,1695,1352,-1,1352,1695,1696,-1,1352,1696,1353,-1,1353,1696,1697,-1,1353,1697,1354,-1,1354,1697,1698,-1,1354,1698,1366,-1,1366,1698,1699,-1,1366,1699,1367,-1,1367,1699,1700,-1,1367,1700,1368,-1,1368,1700,1701,-1,1368,1701,1349,-1,1351,1702,1703,-1,1702,1704,1705,-1,1704,1706,1707,-1,1704,1707,1705,-1,1705,1707,1708,-1,1705,1708,1709,-1,1709,1708,1710,-1,1709,1710,1711,-1,1711,1710,1712,-1,1711,1712,1713,-1,1713,1712,1714,-1,1713,1714,1715,-1,1715,1714,1716,-1,1715,1716,1717,-1,1717,1716,1718,-1,1717,1718,1719,-1,1719,1718,1720,-1,1719,1720,1721,-1,1721,1720,1722,-1,1721,1722,1723,-1,1723,1722,1724,-1,1723,1724,1725,-1,1725,1724,1726,-1,1725,1726,1727,-1,1727,1726,1664,-1,1727,1664,1662,-1,1702,1705,1703,-1,1703,1705,1709,-1,1703,1709,1728,-1,1728,1709,1711,-1,1728,1711,1729,-1,1729,1711,1713,-1,1729,1713,1730,-1,1730,1713,1715,-1,1730,1715,1731,-1,1731,1715,1717,-1,1731,1717,1732,-1,1732,1717,1719,-1,1732,1719,1733,-1,1733,1719,1721,-1,1733,1721,1734,-1,1734,1721,1723,-1,1734,1723,1735,-1,1735,1723,1725,-1,1735,1725,1736,-1,1736,1725,1727,-1,1736,1727,1737,-1,1737,1727,1662,-1,1737,1662,1660,-1,1351,1703,1355,-1,1355,1703,1728,-1,1355,1728,1356,-1,1356,1728,1729,-1,1356,1729,1357,-1,1357,1729,1730,-1,1357,1730,1371,-1,1371,1730,1731,-1,1371,1731,1370,-1,1370,1731,1732,-1,1370,1732,1369,-1,1369,1732,1733,-1,1369,1733,1372,-1,1372,1733,1734,-1,1372,1734,1373,-1,1373,1734,1735,-1,1373,1735,1361,-1,1361,1735,1736,-1,1361,1736,1362,-1,1362,1736,1737,-1,1362,1737,1363,-1,1363,1737,1660,-1,1363,1660,1350,-1,1351,1349,1701,-1,1351,1701,1702,-1,1702,1701,1690,-1,1702,1690,1704,-1,1704,1690,1689,-1,1704,1689,1706,-1,1467,1426,1738,-1,1467,1738,1739,-1,1739,1738,1740,-1,1739,1740,1741,-1,1741,1740,1009,-1,1741,1009,1089,-1,1105,1742,1743,-1,1742,1744,1745,-1,1744,1470,1471,-1,1744,1471,1745,-1,1745,1471,1473,-1,1745,1473,1746,-1,1746,1473,1475,-1,1746,1475,1747,-1,1747,1475,1477,-1,1747,1477,1748,-1,1748,1477,1479,-1,1748,1479,1749,-1,1749,1479,1481,-1,1749,1481,1750,-1,1750,1481,1483,-1,1750,1483,1751,-1,1751,1483,1485,-1,1751,1485,1752,-1,1752,1485,1487,-1,1752,1487,1753,-1,1753,1487,1489,-1,1753,1489,1754,-1,1754,1489,1491,-1,1754,1491,1755,-1,1755,1491,1467,-1,1755,1467,1739,-1,1742,1745,1743,-1,1743,1745,1746,-1,1743,1746,1756,-1,1756,1746,1747,-1,1756,1747,1757,-1,1757,1747,1748,-1,1757,1748,1758,-1,1758,1748,1749,-1,1758,1749,1759,-1,1759,1749,1750,-1,1759,1750,1760,-1,1760,1750,1751,-1,1760,1751,1761,-1,1761,1751,1752,-1,1761,1752,1762,-1,1762,1752,1753,-1,1762,1753,1763,-1,1763,1753,1754,-1,1763,1754,1764,-1,1764,1754,1755,-1,1764,1755,1765,-1,1765,1755,1739,-1,1765,1739,1741,-1,1105,1743,1106,-1,1106,1743,1756,-1,1106,1756,1107,-1,1107,1756,1757,-1,1107,1757,1081,-1,1081,1757,1758,-1,1081,1758,1059,-1,1059,1758,1759,-1,1059,1759,990,-1,990,1759,1760,-1,990,1760,1029,-1,1029,1760,1761,-1,1029,1761,1027,-1,1027,1761,1762,-1,1027,1762,1000,-1,1000,1762,1763,-1,1000,1763,1001,-1,1001,1763,1764,-1,1001,1764,1108,-1,1108,1764,1765,-1,1108,1765,1109,-1,1109,1765,1741,-1,1109,1741,1089,-1,1009,1740,1766,-1,1740,1738,1767,-1,1738,1426,1428,-1,1738,1428,1767,-1,1767,1428,1430,-1,1767,1430,1768,-1,1768,1430,1432,-1,1768,1432,1769,-1,1769,1432,1434,-1,1769,1434,1770,-1,1770,1434,1436,-1,1770,1436,1771,-1,1771,1436,1438,-1,1771,1438,1772,-1,1772,1438,1440,-1,1772,1440,1773,-1,1773,1440,1442,-1,1773,1442,1774,-1,1774,1442,1444,-1,1774,1444,1775,-1,1775,1444,1446,-1,1775,1446,1776,-1,1776,1446,1448,-1,1776,1448,1777,-1,1777,1448,1450,-1,1777,1450,1778,-1,1740,1767,1766,-1,1766,1767,1768,-1,1766,1768,1779,-1,1779,1768,1769,-1,1779,1769,1780,-1,1780,1769,1770,-1,1780,1770,1781,-1,1781,1770,1771,-1,1781,1771,1782,-1,1782,1771,1772,-1,1782,1772,1783,-1,1783,1772,1773,-1,1783,1773,1784,-1,1784,1773,1774,-1,1784,1774,1785,-1,1785,1774,1775,-1,1785,1775,1786,-1,1786,1775,1776,-1,1786,1776,1787,-1,1787,1776,1777,-1,1787,1777,1788,-1,1788,1777,1778,-1,1788,1778,1789,-1,1009,1766,1010,-1,1010,1766,1779,-1,1010,1779,1036,-1,1036,1779,1780,-1,1036,1780,1037,-1,1037,1780,1781,-1,1037,1781,1038,-1,1038,1781,1782,-1,1038,1782,955,-1,955,1782,1783,-1,955,1783,956,-1,956,1783,1784,-1,956,1784,991,-1,991,1784,1785,-1,991,1785,993,-1,993,1785,1786,-1,993,1786,979,-1,979,1786,1787,-1,979,1787,978,-1,978,1787,1788,-1,978,1788,976,-1,976,1788,1789,-1,976,1789,1005,-1,1450,1470,1744,-1,1450,1744,1778,-1,1778,1744,1742,-1,1778,1742,1789,-1,1789,1742,1105,-1,1789,1105,1005,-1,1545,1504,1790,-1,1545,1790,1791,-1,1791,1790,1792,-1,1791,1792,1793,-1,1793,1792,985,-1,1793,985,1026,-1,1067,1794,1795,-1,1794,1796,1797,-1,1796,1548,1549,-1,1796,1549,1797,-1,1797,1549,1551,-1,1797,1551,1798,-1,1798,1551,1553,-1,1798,1553,1799,-1,1799,1553,1555,-1,1799,1555,1800,-1,1800,1555,1557,-1,1800,1557,1801,-1,1801,1557,1559,-1,1801,1559,1802,-1,1802,1559,1561,-1,1802,1561,1803,-1,1803,1561,1563,-1,1803,1563,1804,-1,1804,1563,1565,-1,1804,1565,1805,-1,1805,1565,1567,-1,1805,1567,1806,-1,1806,1567,1569,-1,1806,1569,1807,-1,1807,1569,1545,-1,1807,1545,1791,-1,1794,1797,1795,-1,1795,1797,1798,-1,1795,1798,1808,-1,1808,1798,1799,-1,1808,1799,1809,-1,1809,1799,1800,-1,1809,1800,1810,-1,1810,1800,1801,-1,1810,1801,1811,-1,1811,1801,1802,-1,1811,1802,1812,-1,1812,1802,1803,-1,1812,1803,1813,-1,1813,1803,1804,-1,1813,1804,1814,-1,1814,1804,1805,-1,1814,1805,1815,-1,1815,1805,1806,-1,1815,1806,1816,-1,1816,1806,1807,-1,1816,1807,1817,-1,1817,1807,1791,-1,1817,1791,1793,-1,1067,1795,1068,-1,1068,1795,1808,-1,1068,1808,1070,-1,1070,1808,1809,-1,1070,1809,1071,-1,1071,1809,1810,-1,1071,1810,1073,-1,1073,1810,1811,-1,1073,1811,1018,-1,1018,1811,1812,-1,1018,1812,1020,-1,1020,1812,1813,-1,1020,1813,1022,-1,1022,1813,1814,-1,1022,1814,1050,-1,1050,1814,1815,-1,1050,1815,1051,-1,1051,1815,1816,-1,1051,1816,1052,-1,1052,1816,1817,-1,1052,1817,1024,-1,1024,1817,1793,-1,1024,1793,1026,-1,985,1792,1818,-1,1792,1790,1819,-1,1790,1504,1506,-1,1790,1506,1819,-1,1819,1506,1508,-1,1819,1508,1820,-1,1820,1508,1510,-1,1820,1510,1821,-1,1821,1510,1512,-1,1821,1512,1822,-1,1822,1512,1514,-1,1822,1514,1823,-1,1823,1514,1516,-1,1823,1516,1824,-1,1824,1516,1518,-1,1824,1518,1825,-1,1825,1518,1520,-1,1825,1520,1826,-1,1826,1520,1522,-1,1826,1522,1827,-1,1827,1522,1524,-1,1827,1524,1828,-1,1828,1524,1526,-1,1828,1526,1829,-1,1829,1526,1528,-1,1829,1528,1830,-1,1792,1819,1818,-1,1818,1819,1820,-1,1818,1820,1831,-1,1831,1820,1821,-1,1831,1821,1832,-1,1832,1821,1822,-1,1832,1822,1833,-1,1833,1822,1823,-1,1833,1823,1834,-1,1834,1823,1824,-1,1834,1824,1835,-1,1835,1824,1825,-1,1835,1825,1836,-1,1836,1825,1826,-1,1836,1826,1837,-1,1837,1826,1827,-1,1837,1827,1838,-1,1838,1827,1828,-1,1838,1828,1839,-1,1839,1828,1829,-1,1839,1829,1840,-1,1840,1829,1830,-1,1840,1830,1841,-1,985,1818,983,-1,983,1818,1831,-1,983,1831,997,-1,997,1831,1832,-1,997,1832,963,-1,963,1832,1833,-1,963,1833,964,-1,964,1833,1834,-1,964,1834,973,-1,973,1834,1835,-1,973,1835,974,-1,974,1835,1836,-1,974,1836,975,-1,975,1836,1837,-1,975,1837,1044,-1,1044,1837,1838,-1,1044,1838,1045,-1,1045,1838,1839,-1,1045,1839,1046,-1,1046,1839,1840,-1,1046,1840,959,-1,959,1840,1841,-1,959,1841,1015,-1,1528,1548,1796,-1,1528,1796,1830,-1,1830,1796,1794,-1,1830,1794,1841,-1,1841,1794,1067,-1,1841,1067,1015,-1,631,1842,689,-1,689,1842,1843,-1,689,1843,691,-1,691,1843,1844,-1,691,1844,692,-1,692,1844,1845,-1,692,1845,788,-1,788,1845,1846,-1,788,1846,789,-1,789,1846,1847,-1,789,1847,733,-1,733,1847,1848,-1,733,1848,734,-1,734,1848,1849,-1,734,1849,759,-1,759,1849,1850,-1,759,1850,718,-1,718,1850,1851,-1,718,1851,783,-1,783,1851,1852,-1,783,1852,784,-1,784,1852,1853,-1,784,1853,752,-1,752,1853,1854,-1,1842,1855,1843,-1,1843,1855,1856,-1,1843,1856,1844,-1,1844,1856,1857,-1,1844,1857,1845,-1,1845,1857,1858,-1,1845,1858,1846,-1,1846,1858,1859,-1,1846,1859,1847,-1,1847,1859,1860,-1,1847,1860,1848,-1,1848,1860,1861,-1,1848,1861,1849,-1,1849,1861,1862,-1,1849,1862,1850,-1,1850,1862,1863,-1,1850,1863,1851,-1,1851,1863,1864,-1,1851,1864,1852,-1,1852,1864,1865,-1,1852,1865,1853,-1,1853,1865,1866,-1,1853,1866,1854,-1,1854,1866,1867,-1,1855,1586,1856,-1,1856,1586,1648,-1,1856,1648,1857,-1,1857,1648,1646,-1,1857,1646,1858,-1,1858,1646,1644,-1,1858,1644,1859,-1,1859,1644,1642,-1,1859,1642,1860,-1,1860,1642,1640,-1,1860,1640,1861,-1,1861,1640,1638,-1,1861,1638,1862,-1,1862,1638,1636,-1,1862,1636,1863,-1,1863,1636,1634,-1,1863,1634,1864,-1,1864,1634,1632,-1,1864,1632,1865,-1,1865,1632,1630,-1,1865,1630,1866,-1,1866,1630,1629,-1,1866,1629,1867,-1,1867,1629,1628,-1,1587,1586,1868,-1,1868,1586,1855,-1,1868,1855,1869,-1,1869,1855,1842,-1,1869,1842,749,-1,749,1842,631,-1,1628,1611,1867,-1,1867,1611,1870,-1,1867,1870,1854,-1,1854,1870,1871,-1,1854,1871,752,-1,752,1871,773,-1,773,1871,774,-1,774,1871,1872,-1,774,1872,775,-1,775,1872,1873,-1,775,1873,754,-1,754,1873,1874,-1,754,1874,756,-1,756,1874,1875,-1,756,1875,628,-1,628,1875,1876,-1,628,1876,646,-1,646,1876,1877,-1,646,1877,644,-1,644,1877,1878,-1,644,1878,664,-1,664,1878,1879,-1,664,1879,665,-1,665,1879,1880,-1,665,1880,746,-1,746,1880,1881,-1,746,1881,747,-1,747,1881,1882,-1,747,1882,749,-1,749,1882,1869,-1,1871,1870,1872,-1,1872,1870,1883,-1,1872,1883,1873,-1,1873,1883,1884,-1,1873,1884,1874,-1,1874,1884,1885,-1,1874,1885,1875,-1,1875,1885,1886,-1,1875,1886,1876,-1,1876,1886,1887,-1,1876,1887,1877,-1,1877,1887,1888,-1,1877,1888,1878,-1,1878,1888,1889,-1,1878,1889,1879,-1,1879,1889,1890,-1,1879,1890,1880,-1,1880,1890,1891,-1,1880,1891,1881,-1,1881,1891,1892,-1,1881,1892,1882,-1,1882,1892,1893,-1,1882,1893,1869,-1,1869,1893,1868,-1,1870,1611,1883,-1,1883,1611,1609,-1,1883,1609,1884,-1,1884,1609,1607,-1,1884,1607,1885,-1,1885,1607,1605,-1,1885,1605,1886,-1,1886,1605,1603,-1,1886,1603,1887,-1,1887,1603,1601,-1,1887,1601,1888,-1,1888,1601,1599,-1,1888,1599,1889,-1,1889,1599,1597,-1,1889,1597,1890,-1,1890,1597,1595,-1,1890,1595,1891,-1,1891,1595,1593,-1,1891,1593,1892,-1,1892,1593,1591,-1,1892,1591,1893,-1,1893,1591,1590,-1,1893,1590,1868,-1,1868,1590,1587,-1,643,1894,725,-1,725,1894,1895,-1,725,1895,726,-1,726,1895,1896,-1,726,1896,727,-1,727,1896,1897,-1,727,1897,728,-1,728,1897,1898,-1,728,1898,729,-1,729,1898,1899,-1,729,1899,741,-1,741,1899,1900,-1,741,1900,742,-1,742,1900,1901,-1,742,1901,743,-1,743,1901,1902,-1,743,1902,625,-1,625,1902,1903,-1,625,1903,624,-1,624,1903,1904,-1,624,1904,636,-1,636,1904,1905,-1,636,1905,637,-1,637,1905,1906,-1,1894,1907,1895,-1,1895,1907,1908,-1,1895,1908,1896,-1,1896,1908,1909,-1,1896,1909,1897,-1,1897,1909,1910,-1,1897,1910,1898,-1,1898,1910,1911,-1,1898,1911,1899,-1,1899,1911,1912,-1,1899,1912,1900,-1,1900,1912,1913,-1,1900,1913,1901,-1,1901,1913,1914,-1,1901,1914,1902,-1,1902,1914,1915,-1,1902,1915,1903,-1,1903,1915,1916,-1,1903,1916,1904,-1,1904,1916,1917,-1,1904,1917,1905,-1,1905,1917,1918,-1,1905,1918,1906,-1,1906,1918,1919,-1,1907,1664,1908,-1,1908,1664,1726,-1,1908,1726,1909,-1,1909,1726,1724,-1,1909,1724,1910,-1,1910,1724,1722,-1,1910,1722,1911,-1,1911,1722,1720,-1,1911,1720,1912,-1,1912,1720,1718,-1,1912,1718,1913,-1,1913,1718,1716,-1,1913,1716,1914,-1,1914,1716,1714,-1,1914,1714,1915,-1,1915,1714,1712,-1,1915,1712,1916,-1,1916,1712,1710,-1,1916,1710,1917,-1,1917,1710,1708,-1,1917,1708,1918,-1,1918,1708,1707,-1,1918,1707,1919,-1,1919,1707,1706,-1,1665,1664,1920,-1,1920,1664,1907,-1,1920,1907,1921,-1,1921,1907,1894,-1,1921,1894,740,-1,740,1894,643,-1,1706,1689,1919,-1,1919,1689,1922,-1,1919,1922,1906,-1,1906,1922,1923,-1,1906,1923,637,-1,637,1923,632,-1,632,1923,633,-1,633,1923,1924,-1,633,1924,655,-1,655,1924,1925,-1,655,1925,656,-1,656,1925,1926,-1,656,1926,658,-1,658,1926,1927,-1,658,1927,661,-1,661,1927,1928,-1,661,1928,676,-1,676,1928,1929,-1,676,1929,674,-1,674,1929,1930,-1,674,1930,709,-1,709,1930,1931,-1,709,1931,710,-1,710,1931,1932,-1,710,1932,737,-1,737,1932,1933,-1,737,1933,738,-1,738,1933,1934,-1,738,1934,740,-1,740,1934,1921,-1,1923,1922,1924,-1,1924,1922,1935,-1,1924,1935,1925,-1,1925,1935,1936,-1,1925,1936,1926,-1,1926,1936,1937,-1,1926,1937,1927,-1,1927,1937,1938,-1,1927,1938,1928,-1,1928,1938,1939,-1,1928,1939,1929,-1,1929,1939,1940,-1,1929,1940,1930,-1,1930,1940,1941,-1,1930,1941,1931,-1,1931,1941,1942,-1,1931,1942,1932,-1,1932,1942,1943,-1,1932,1943,1933,-1,1933,1943,1944,-1,1933,1944,1934,-1,1934,1944,1945,-1,1934,1945,1921,-1,1921,1945,1920,-1,1922,1689,1935,-1,1935,1689,1687,-1,1935,1687,1936,-1,1936,1687,1685,-1,1936,1685,1937,-1,1937,1685,1683,-1,1937,1683,1938,-1,1938,1683,1681,-1,1938,1681,1939,-1,1939,1681,1679,-1,1939,1679,1940,-1,1940,1679,1677,-1,1940,1677,1941,-1,1941,1677,1675,-1,1941,1675,1942,-1,1942,1675,1673,-1,1942,1673,1943,-1,1943,1673,1671,-1,1943,1671,1944,-1,1944,1671,1669,-1,1944,1669,1945,-1,1945,1669,1668,-1,1945,1668,1920,-1,1920,1668,1665,-1,953,951,1236,-1,1236,951,1237,-1,907,906,1239,-1,1239,906,1220,-1,1195,43,1196,-1,1196,43,42,-1,1196,42,1946,-1,1946,42,1947,-1,1946,1947,1948,-1,1948,1947,1949,-1,1948,1949,1950,-1,1950,1949,1951,-1,1950,1951,1952,-1,1952,1951,1953,-1,1952,1953,1954,-1,1954,1953,1955,-1,1954,1955,1258,-1,1258,1955,931,-1,1258,931,1274,-1,1274,931,930,-1,1245,914,1246,-1,1246,914,900,-1,1246,900,1956,-1,1956,900,1957,-1,1956,1957,1958,-1,1958,1957,1959,-1,1958,1959,1960,-1,1960,1959,1961,-1,1960,1961,1962,-1,1962,1961,1963,-1,1962,1963,1964,-1,1964,1963,1965,-1,1964,1965,1170,-1,1170,1965,57,-1,1170,57,1181,-1,1181,57,56,-1,1226,1225,898,-1,898,1225,896,-1,1186,1174,50,-1,50,1174,51,-1,1966,1967,1968,-1,1968,1967,1969,-1,1970,1971,1972,-1,1973,1974,1318,-1,1975,1976,1966,-1,1966,1976,1977,-1,1977,1978,1966,-1,1966,1978,1979,-1,1966,1979,1967,-1,1967,1979,1980,-1,1967,1980,1981,-1,1982,1983,1984,-1,1974,1985,1318,-1,1318,1985,1986,-1,1318,1986,1987,-1,1981,1988,1967,-1,1967,1988,1989,-1,1967,1989,1990,-1,1990,1989,1982,-1,1990,1982,1991,-1,1991,1982,1984,-1,1983,1982,1992,-1,1992,1982,1993,-1,1992,1993,1320,-1,1320,1993,1994,-1,1320,1994,1318,-1,1318,1994,1995,-1,1318,1995,1973,-1,1971,1996,1972,-1,1972,1996,1997,-1,1972,1997,1998,-1,1998,1997,1999,-1,1998,1999,2000,-1,1975,1966,2001,-1,2001,1966,2002,-1,2001,2002,2003,-1,1987,2004,1318,-1,1318,2004,2005,-1,1318,2005,1972,-1,1972,2005,2006,-1,1972,2006,1970,-1,2003,2007,2001,-1,2001,2007,2008,-1,2001,2008,2009,-1,2009,2008,2010,-1,2009,2010,1999,-1,1999,2010,2011,-1,1999,2011,2000,-1,1163,1162,2012,-1,2012,1162,1308,-1,2012,1308,2013,-1,2013,1308,1310,-1,2013,1310,2014,-1,2014,1310,1312,-1,2014,1312,2015,-1,2015,1312,1314,-1,2015,1314,2016,-1,2016,1314,1316,-1,2016,1316,1972,-1,1972,1316,1318,-1,2017,1319,1317,-1,2017,1317,2018,-1,2018,1317,1315,-1,2018,1315,2019,-1,2019,1315,1313,-1,2019,1313,2020,-1,2020,1313,1311,-1,2020,1311,2021,-1,2021,1311,1309,-1,2021,1309,2022,-1,2022,1309,102,-1,2022,102,31,-1,2023,2024,2017,-1,2017,2024,2025,-1,2026,2027,1319,-1,1319,2027,2028,-1,1319,2028,2029,-1,2025,2030,2017,-1,2017,2030,2031,-1,2017,2031,1319,-1,1319,2031,2032,-1,1319,2032,2026,-1,2033,2034,1969,-1,1969,2034,2035,-1,2029,2036,1319,-1,1319,2036,2037,-1,1319,2037,1321,-1,2038,2039,2040,-1,2041,2042,1968,-1,1968,2042,2043,-1,1968,2043,2044,-1,2044,2043,2045,-1,2044,2045,2046,-1,2046,2045,2047,-1,2039,2048,2040,-1,2040,2048,2049,-1,2040,2049,2050,-1,2050,2049,1321,-1,2050,1321,2051,-1,2051,1321,2037,-1,2033,1969,2040,-1,2040,1969,2052,-1,2040,2052,2038,-1,2053,2054,2017,-1,2017,2054,2055,-1,2017,2055,2023,-1,2035,2056,1969,-1,1969,2056,2057,-1,1969,2057,1968,-1,1968,2057,2058,-1,1968,2058,2041,-1,2053,2059,2054,-1,2054,2059,2060,-1,2054,2060,2061,-1,2061,2060,2062,-1,2061,2062,2045,-1,2045,2062,2063,-1,2045,2063,2047,-1,1998,2053,1972,-1,1972,2053,2017,-1,1972,2017,2016,-1,2016,2017,2018,-1,2016,2018,2015,-1,2015,2018,2019,-1,2015,2019,2014,-1,2014,2019,2020,-1,2014,2020,2013,-1,2013,2020,2021,-1,2013,2021,2012,-1,2012,2021,2022,-1,2012,2022,1163,-1,1163,2022,31,-1,1163,31,1164,-1,1164,31,30,-1,2010,2008,2062,-1,2062,2008,2063,-1,2054,2061,1999,-1,1999,2061,2009,-1,2032,2031,2004,-1,2004,2031,2005,-1,1995,1994,2037,-1,2037,1994,2051,-1,1980,1979,2056,-1,2056,1979,2057,-1,680,2064,682,-1,2065,2066,800,-1,800,2066,801,-1,2067,686,684,-1,2066,2065,2068,-1,2068,2065,2069,-1,2069,2065,2070,-1,2069,2070,2071,-1,2068,2072,2066,-1,2066,2072,2073,-1,2066,2073,2074,-1,2074,2073,2075,-1,684,682,2067,-1,2067,682,2064,-1,2067,2064,2076,-1,2076,2064,2077,-1,2072,2068,2078,-1,2078,2068,2077,-1,2078,2077,2079,-1,2079,2077,2064,-1,825,1143,1157,-1,825,1157,826,-1,826,1157,1156,-1,826,1156,838,-1,838,1156,1150,-1,838,1150,839,-1,839,1150,1151,-1,839,1151,803,-1,803,1151,1152,-1,803,1152,804,-1,804,1152,1135,-1,804,1135,769,-1,841,1086,1155,-1,841,1155,842,-1,842,1155,1145,-1,842,1145,830,-1,830,1145,1147,-1,830,1147,829,-1,829,1147,1149,-1,829,1149,827,-1,827,1149,1148,-1,827,1148,828,-1,828,1148,1146,-1,828,1146,787,-1,807,1047,1140,-1,807,1140,819,-1,819,1140,1139,-1,819,1139,820,-1,820,1139,1138,-1,820,1138,821,-1,821,1138,1130,-1,821,1130,822,-1,822,1130,1129,-1,822,1129,808,-1,808,1129,1128,-1,808,1128,763,-1,786,1154,785,-1,785,1154,1153,-1,785,1153,719,-1,719,1153,982,-1,719,982,720,-1,720,982,981,-1,720,981,703,-1,703,981,980,-1,703,980,704,-1,704,980,967,-1,704,967,706,-1,706,967,966,-1,42,10,2080,-1,42,2080,1947,-1,1947,2080,2081,-1,1947,2081,1949,-1,1949,2081,2082,-1,1949,2082,1951,-1,1951,2082,2083,-1,1951,2083,1953,-1,1953,2083,2084,-1,1953,2084,1955,-1,1955,2084,932,-1,1955,932,931,-1,58,57,1965,-1,58,1965,848,-1,848,1965,1963,-1,848,1963,850,-1,850,1963,1961,-1,850,1961,852,-1,852,1961,1959,-1,852,1959,854,-1,854,1959,1957,-1,854,1957,856,-1,856,1957,900,-1,856,900,858,-1,705,681,1293,-1,705,1293,864,-1,864,1293,1291,-1,864,1291,866,-1,866,1291,1289,-1,866,1289,868,-1,868,1289,1287,-1,868,1287,870,-1,870,1287,1285,-1,870,1285,872,-1,872,1285,884,-1,872,884,874,-1,875,876,908,-1,875,908,1282,-1,1282,908,948,-1,1282,948,1281,-1,1281,948,949,-1,1281,949,1279,-1,1279,949,947,-1,1279,947,1280,-1,1280,947,946,-1,1280,946,1283,-1,1283,946,907,-1,1283,907,1239,-1,1095,815,844,-1,1095,844,1096,-1,1096,844,843,-1,1096,843,1125,-1,1125,843,832,-1,1125,832,1126,-1,1126,832,831,-1,1126,831,1136,-1,1136,831,814,-1,1136,814,1137,-1,1137,814,816,-1,1137,816,861,-1,817,1094,818,-1,818,1094,996,-1,818,996,792,-1,792,996,995,-1,792,995,791,-1,791,995,1013,-1,791,1013,790,-1,790,1013,992,-1,790,992,833,-1,833,992,994,-1,833,994,834,-1,834,994,1093,-1,835,1092,836,-1,836,1092,1012,-1,836,1012,837,-1,837,1012,1011,-1,837,1011,638,-1,638,1011,970,-1,638,970,639,-1,639,970,969,-1,639,969,700,-1,700,969,961,-1,700,961,701,-1,701,961,960,-1,877,761,794,-1,877,794,1042,-1,1042,794,793,-1,1042,793,1090,-1,1090,793,779,-1,1090,779,1091,-1,1091,779,778,-1,1091,778,1112,-1,1112,778,762,-1,1112,762,1113,-1,1113,762,702,-1,1113,702,1043,-1,962,663,799,-1,962,799,1039,-1,1039,799,798,-1,1039,798,1040,-1,1040,798,796,-1,1040,796,1041,-1,1041,796,795,-1,1041,795,1065,-1,1065,795,797,-1,1065,797,1066,-1,1066,797,760,-1,1066,760,878,-1,640,968,690,-1,690,968,977,-1,690,977,688,-1,688,977,1007,-1,688,1007,629,-1,629,1007,1006,-1,629,1006,630,-1,630,1006,1004,-1,630,1004,823,-1,823,1004,1003,-1,823,1003,824,-1,824,1003,1144,-1,1104,672,671,-1,1104,671,1077,-1,1077,671,662,-1,1077,662,1078,-1,1078,662,660,-1,1078,660,1079,-1,1079,660,659,-1,1079,659,1021,-1,1021,659,678,-1,1021,678,1019,-1,670,1118,622,-1,622,1118,1117,-1,622,1117,623,-1,623,1117,987,-1,623,987,713,-1,713,987,986,-1,713,986,714,-1,714,986,984,-1,714,984,715,-1,715,984,998,-1,715,998,687,-1,687,998,999,-1,707,1008,708,-1,708,1008,958,-1,708,958,712,-1,712,958,957,-1,712,957,641,-1,641,957,1014,-1,641,1014,642,-1,642,1014,1016,-1,642,1016,805,-1,805,1016,1049,-1,805,1049,806,-1,806,1049,1048,-1,43,1195,45,-1,45,1195,1201,-1,45,1201,46,-1,46,1201,1190,-1,46,1190,47,-1,47,1190,1193,-1,47,1193,48,-1,48,1193,1188,-1,48,1188,49,-1,49,1188,1187,-1,49,1187,50,-1,50,1187,1186,-1,1181,56,1180,-1,1180,56,65,-1,1180,65,1160,-1,1160,65,64,-1,1160,64,1171,-1,1171,64,55,-1,1171,55,1172,-1,1172,55,54,-1,1172,54,1173,-1,1173,54,52,-1,1173,52,1174,-1,1174,52,51,-1,914,1245,915,-1,915,1245,1260,-1,915,1260,917,-1,917,1260,1230,-1,917,1230,918,-1,918,1230,1229,-1,918,1229,909,-1,909,1229,1228,-1,909,1228,910,-1,910,1228,1227,-1,910,1227,898,-1,898,1227,1226,-1,953,1236,954,-1,954,1236,1235,-1,954,1235,886,-1,886,1235,1234,-1,886,1234,887,-1,887,1234,1248,-1,887,1248,891,-1,891,1248,1247,-1,891,1247,892,-1,892,1247,1221,-1,892,1221,906,-1,906,1221,1220,-1,896,1225,897,-1,897,1225,1219,-1,897,1219,899,-1,899,1219,1218,-1,899,1218,889,-1,889,1218,1278,-1,889,1278,890,-1,890,1278,1277,-1,890,1277,940,-1,940,1277,1275,-1,940,1275,930,-1,930,1275,1274,-1,859,860,1259,-1,1259,860,916,-1,1259,916,1261,-1,1261,916,911,-1,1261,911,1262,-1,1262,911,912,-1,1262,912,1232,-1,1232,912,913,-1,1232,913,1231,-1,1231,913,882,-1,1231,882,1210,-1,1210,882,883,-1,67,845,66,-1,66,845,1179,-1,66,1179,53,-1,53,1179,1178,-1,53,1178,60,-1,60,1178,1161,-1,60,1161,40,-1,40,1161,1159,-1,40,1159,41,-1,41,1159,1158,-1,41,1158,30,-1,30,1158,1164,-1,2010,2062,2060,-1,2010,2060,2011,-1,2011,2060,2059,-1,2011,2059,2000,-1,2000,2059,2053,-1,2000,2053,1998,-1,2063,2008,2007,-1,2063,2007,2047,-1,2047,2007,2003,-1,2047,2003,2046,-1,2046,2003,2002,-1,2046,2002,2044,-1,2044,2002,1966,-1,2044,1966,1968,-1,1320,1321,2049,-1,1320,2049,1992,-1,1992,2049,2048,-1,1992,2048,1983,-1,1983,2048,2039,-1,1983,2039,1984,-1,1984,2039,2038,-1,1984,2038,1991,-1,1991,2038,2052,-1,1991,2052,1990,-1,1990,2052,1969,-1,1990,1969,1967,-1,686,2067,2076,-1,811,2071,812,-1,812,2071,2070,-1,812,2070,813,-1,813,2070,2065,-1,813,2065,800,-1,686,2076,809,-1,809,2076,2077,-1,809,2077,810,-1,810,2077,2068,-1,810,2068,811,-1,811,2068,2069,-1,811,2069,2071,-1,2064,680,679,-1,2064,679,2079,-1,2079,679,732,-1,2079,732,2078,-1,2078,732,2072,-1,2072,732,731,-1,2072,731,2073,-1,2073,731,730,-1,2073,730,2075,-1,2075,730,802,-1,2075,802,2074,-1,2074,802,801,-1,2074,801,2066,-1,2032,2004,2026,-1,2026,2004,1987,-1,2026,1987,2027,-1,2027,1987,1986,-1,2027,1986,2028,-1,2028,1986,1985,-1,2028,1985,2029,-1,2029,1985,1974,-1,2029,1974,2036,-1,2036,1974,1973,-1,2036,1973,2037,-1,2037,1973,1995,-1,2051,1994,2050,-1,2050,1994,1993,-1,2050,1993,2040,-1,2040,1993,1982,-1,2040,1982,2033,-1,2033,1982,1989,-1,2033,1989,2034,-1,2034,1989,1988,-1,2034,1988,2035,-1,2035,1988,1981,-1,2035,1981,2056,-1,2056,1981,1980,-1,2054,1999,2055,-1,2055,1999,1997,-1,2055,1997,2023,-1,2023,1997,1996,-1,2023,1996,2024,-1,2024,1996,1971,-1,2024,1971,2025,-1,2025,1971,1970,-1,2025,1970,2030,-1,2030,1970,2006,-1,2030,2006,2031,-1,2031,2006,2005,-1,2057,1979,2058,-1,2058,1979,1978,-1,2058,1978,2041,-1,2041,1978,1977,-1,2041,1977,2042,-1,2042,1977,1976,-1,2042,1976,2043,-1,2043,1976,1975,-1,2043,1975,2045,-1,2045,1975,2001,-1,2045,2001,2061,-1,2061,2001,2009,-1,635,1053,1120,-1,635,1120,652,-1,652,1120,1142,-1,652,1142,653,-1,653,1142,1141,-1,653,1141,697,-1,697,1141,1132,-1,697,1132,698,-1,698,1132,1131,-1,698,1131,699,-1,699,1131,1119,-1,699,1119,654,-1,1101,722,721,-1,1101,721,1072,-1,1072,721,711,-1,1072,711,1069,-1,780,1110,781,-1,781,1110,1111,-1,781,1111,782,-1,782,1111,1088,-1,782,1088,750,-1,750,1088,1087,-1,750,1087,751,-1,751,1087,1064,-1,751,1064,840,-1,840,1064,1063,-1,840,1063,841,-1,841,1063,1086,-1,1002,753,755,-1,1002,755,1032,-1,1032,755,758,-1,1032,758,1033,-1,1034,757,777,-1,1034,777,1035,-1,1035,777,776,-1,1035,776,1061,-1,1061,776,627,-1,1061,627,1062,-1,1062,627,626,-1,1062,626,1028,-1,1028,626,648,-1,1028,648,1030,-1,695,1060,1085,-1,695,1085,696,-1,696,1085,1084,-1,696,1084,716,-1,716,1084,989,-1,716,989,717,-1,717,989,988,-1,717,988,645,-1,645,988,1031,-1,645,1031,647,-1,666,1080,1082,-1,666,1082,693,-1,693,1082,1083,-1,693,1083,694,-1,769,1135,744,-1,744,1135,1134,-1,744,1134,745,-1,745,1134,1133,-1,745,1133,770,-1,770,1133,1124,-1,770,1124,771,-1,771,1124,1123,-1,771,1123,772,-1,772,1123,1122,-1,772,1122,748,-1,748,1122,1121,-1,723,1100,1099,-1,723,1099,724,-1,724,1099,1076,-1,724,1076,735,-1,735,1076,1075,-1,735,1075,736,-1,736,1075,1074,-1,736,1074,675,-1,675,1074,1017,-1,675,1017,677,-1,673,1103,1102,-1,673,1102,657,-1,657,1102,1023,-1,657,1023,634,-1,667,1025,668,-1,668,1025,1058,-1,668,1058,669,-1,669,1058,1057,-1,669,1057,649,-1,649,1057,1056,-1,649,1056,650,-1,650,1056,1055,-1,650,1055,651,-1,651,1055,1054,-1,651,1054,635,-1,635,1054,1053,-1,763,1128,764,-1,764,1128,1127,-1,764,1127,765,-1,765,1127,1098,-1,765,1098,766,-1,766,1098,1097,-1,766,1097,767,-1,767,1097,1116,-1,767,1116,768,-1,768,1116,1115,-1,768,1115,739,-1,739,1115,1114,-1,965,862,1292,-1,1292,862,863,-1,1292,863,1290,-1,1290,863,865,-1,1290,865,1288,-1,1288,865,867,-1,1288,867,1286,-1,1286,867,869,-1,1286,869,1284,-1,1284,869,871,-1,1284,871,1211,-1,1211,871,873,-1,1170,846,1964,-1,1964,846,847,-1,1964,847,1962,-1,1962,847,849,-1,1962,849,1960,-1,1960,849,851,-1,1960,851,1958,-1,1958,851,853,-1,1958,853,1956,-1,1956,853,855,-1,1956,855,1246,-1,1246,855,857,-1,1197,1196,2085,-1,2085,1196,1946,-1,2085,1946,2086,-1,2086,1946,1948,-1,2086,1948,2087,-1,2087,1948,1950,-1,2087,1950,2088,-1,2088,1950,1952,-1,2088,1952,2089,-1,2089,1952,1954,-1,2089,1954,1257,-1,1257,1954,1258,-1,2090,2091,2092,-1,2092,2091,2093,-1,2094,2095,2096,-1,2090,2097,2091,-1,2091,2097,2098,-1,2091,2098,2099,-1,2100,2101,2102,-1,2102,2101,2103,-1,2102,2103,2104,-1,2105,2106,2107,-1,2107,2106,2108,-1,2107,2108,2093,-1,2093,2108,2109,-1,2093,2109,2092,-1,2100,2102,2110,-1,2110,2102,2111,-1,2110,2111,2112,-1,2113,2114,2115,-1,2116,2091,2095,-1,2095,2091,2099,-1,2095,2099,2096,-1,2117,2118,2119,-1,2120,2119,2121,-1,2121,2119,2122,-1,2123,2124,2125,-1,2125,2124,2126,-1,2127,2128,2129,-1,2130,2131,2132,-1,2133,2134,2120,-1,2135,2136,2123,-1,2123,2136,2137,-1,2123,2137,2124,-1,2138,2139,2140,-1,2141,2142,2110,-1,2110,2142,2143,-1,2143,2144,2110,-1,2110,2144,2145,-1,2110,2145,2126,-1,2126,2145,2146,-1,2126,2146,2125,-1,2147,2148,2149,-1,2149,2148,2150,-1,2129,2128,2151,-1,2118,2152,2119,-1,2119,2152,2153,-1,2119,2153,2154,-1,2155,2156,2091,-1,2091,2156,2157,-1,2091,2157,2119,-1,2119,2157,2158,-1,2119,2158,2117,-1,2159,2160,2161,-1,2132,2162,2130,-1,2130,2162,2163,-1,2130,2163,2148,-1,2119,2164,2165,-1,2094,2096,2166,-1,2166,2096,2167,-1,2166,2167,2168,-1,2169,2170,2171,-1,2171,2170,2172,-1,2115,2173,2172,-1,2172,2173,2174,-1,2172,2174,2171,-1,2175,2176,2177,-1,2177,2176,2178,-1,2177,2178,2115,-1,2115,2178,2179,-1,2115,2179,2113,-1,2180,2181,2175,-1,2175,2181,2182,-1,2175,2182,2176,-1,2116,2183,2091,-1,2091,2183,2138,-1,2091,2138,2155,-1,2155,2138,2140,-1,2184,2185,2186,-1,2186,2185,2187,-1,2186,2187,2147,-1,2147,2187,2188,-1,2147,2188,2148,-1,2189,2190,2191,-1,2154,2192,2119,-1,2119,2192,2193,-1,2119,2193,2122,-1,2194,2195,2196,-1,2196,2195,2161,-1,2196,2161,2197,-1,2120,2134,2119,-1,2119,2134,2198,-1,2119,2198,2164,-1,2168,2199,2166,-1,2166,2199,2200,-1,2166,2200,2103,-1,2103,2200,2201,-1,2103,2201,2104,-1,2104,2201,2202,-1,2104,2202,2105,-1,2105,2202,2203,-1,2105,2203,2106,-1,2114,2204,2115,-1,2115,2204,2205,-1,2115,2205,2173,-1,2123,2206,2135,-1,2135,2206,2207,-1,2135,2207,2175,-1,2175,2207,2208,-1,2175,2208,2180,-1,2112,2209,2110,-1,2110,2209,2210,-1,2110,2210,2141,-1,2141,2210,2211,-1,2141,2211,2212,-1,2213,2214,2215,-1,2191,2216,2189,-1,2189,2216,2217,-1,2189,2217,2129,-1,2129,2217,2218,-1,2129,2218,2219,-1,2131,2130,2220,-1,2220,2130,2221,-1,2220,2221,2161,-1,2161,2221,2222,-1,2161,2222,2159,-1,2160,2223,2161,-1,2161,2223,2224,-1,2161,2224,2197,-1,2225,2226,2227,-1,2228,2229,2169,-1,2169,2229,2230,-1,2169,2230,2170,-1,2211,2231,2232,-1,2215,2233,2213,-1,2213,2233,2234,-1,2213,2234,2186,-1,2186,2234,2235,-1,2186,2235,2236,-1,2214,2237,2215,-1,2215,2237,2238,-1,2215,2238,2239,-1,2239,2238,2240,-1,2241,2242,2243,-1,2243,2242,2244,-1,2243,2244,2240,-1,2240,2244,2245,-1,2240,2245,2239,-1,2219,2246,2129,-1,2129,2246,2247,-1,2129,2247,2127,-1,2248,2249,2153,-1,2153,2249,2250,-1,2153,2250,2154,-1,2251,2252,2248,-1,2253,2248,2254,-1,2148,2163,2150,-1,2150,2163,2255,-1,2150,2255,2120,-1,2120,2255,2256,-1,2120,2256,2133,-1,2138,2257,2139,-1,2139,2257,2258,-1,2139,2258,2259,-1,2259,2258,2260,-1,2259,2260,2261,-1,2261,2260,2262,-1,2232,2263,2211,-1,2211,2263,2264,-1,2211,2264,2212,-1,2236,2265,2186,-1,2186,2265,2266,-1,2186,2266,2267,-1,2128,2268,2151,-1,2151,2268,2269,-1,2151,2269,2243,-1,2243,2269,2270,-1,2243,2270,2241,-1,2225,2227,2196,-1,2196,2227,2271,-1,2196,2271,2194,-1,2165,2272,2119,-1,2119,2272,2273,-1,2119,2273,2274,-1,2274,2273,2275,-1,2260,2276,2277,-1,2252,2278,2248,-1,2248,2278,2279,-1,2248,2279,2254,-1,2190,2280,2191,-1,2191,2280,2281,-1,2191,2281,2282,-1,2282,2281,2253,-1,2282,2253,2283,-1,2283,2253,2254,-1,2169,2284,2228,-1,2228,2284,2285,-1,2228,2285,2260,-1,2260,2285,2286,-1,2260,2286,2276,-1,2267,2287,2186,-1,2186,2287,2288,-1,2186,2288,2184,-1,2275,2289,2290,-1,2291,2267,2292,-1,2292,2267,2293,-1,2290,2294,2275,-1,2275,2294,2295,-1,2275,2295,2274,-1,2277,2296,2260,-1,2260,2296,2297,-1,2260,2297,2262,-1,2262,2297,2298,-1,2262,2298,2299,-1,2291,2300,2267,-1,2267,2300,2301,-1,2267,2301,2287,-1,2302,2303,2304,-1,2304,2303,2305,-1,2304,2305,2306,-1,2299,2307,2262,-1,2262,2307,2308,-1,2262,2308,2309,-1,2153,2310,2248,-1,2248,2310,2311,-1,2248,2311,2251,-1,2251,2311,2303,-1,2251,2303,2312,-1,2312,2303,2302,-1,1250,933,1251,-1,1251,933,929,-1,1251,929,2313,-1,2313,929,2314,-1,2313,2314,2315,-1,2315,2314,2316,-1,2315,2316,2317,-1,2317,2316,2318,-1,2317,2318,2319,-1,2319,2318,2320,-1,2319,2320,2321,-1,2321,2320,2322,-1,2321,2322,1200,-1,1200,2322,421,-1,1200,421,1203,-1,1203,421,420,-1,1242,902,1216,-1,1216,902,901,-1,1216,901,2323,-1,2323,901,2324,-1,2323,2324,2325,-1,2325,2324,2326,-1,2325,2326,2327,-1,2327,2326,2328,-1,2327,2328,2329,-1,2329,2328,2330,-1,2329,2330,2331,-1,2331,2330,2332,-1,2331,2332,2333,-1,2333,2332,2119,-1,2333,2119,2334,-1,2334,2119,2274,-1,2335,2336,2197,-1,2197,2336,2196,-1,2337,2338,2339,-1,2339,2338,2340,-1,2341,2342,2343,-1,2343,2342,2344,-1,2343,2344,2345,-1,2345,2344,2346,-1,2347,2348,2349,-1,2350,2351,2352,-1,2353,2354,2355,-1,2351,2356,2352,-1,2352,2356,2357,-1,2352,2357,2358,-1,2358,2357,2359,-1,2341,2360,2342,-1,2342,2360,2361,-1,2342,2361,2362,-1,2363,2364,2346,-1,2346,2364,2365,-1,2346,2365,2345,-1,2366,2367,2368,-1,2349,2348,2369,-1,2370,2371,2372,-1,2373,2374,2355,-1,2355,2374,2375,-1,2355,2375,2353,-1,2376,2377,2378,-1,2362,2379,2342,-1,2342,2379,2380,-1,2342,2380,2359,-1,2359,2380,2381,-1,2359,2381,2358,-1,2382,2383,2384,-1,2384,2383,2385,-1,2384,2385,2346,-1,2346,2385,2386,-1,2346,2386,2363,-1,2387,2388,2389,-1,2389,2388,2390,-1,2389,2390,2391,-1,2352,2392,2350,-1,2350,2392,2393,-1,2350,2393,2355,-1,2355,2393,2394,-1,2355,2394,2373,-1,2337,2339,2395,-1,2395,2339,2354,-1,2395,2354,2378,-1,2378,2354,2353,-1,2378,2353,2376,-1,2384,2396,2382,-1,2382,2396,2389,-1,2382,2389,2397,-1,2397,2389,2391,-1,2398,2399,2400,-1,2400,2399,2401,-1,2338,2402,2340,-1,2340,2402,2403,-1,2340,2403,2404,-1,2405,2406,2407,-1,2377,2408,2378,-1,2378,2408,2409,-1,2378,2409,2410,-1,2411,2412,2368,-1,2413,2414,2399,-1,2399,2414,2415,-1,2399,2415,2401,-1,2370,2372,2416,-1,2416,2372,2417,-1,2416,2417,2418,-1,2418,2417,2419,-1,2418,2419,2420,-1,2407,2421,2405,-1,2405,2421,2422,-1,2405,2422,2349,-1,2349,2422,2423,-1,2349,2423,2424,-1,2366,2368,2425,-1,2425,2368,2426,-1,2425,2426,2413,-1,2413,2426,2427,-1,2413,2427,2414,-1,2424,2428,2349,-1,2349,2428,2429,-1,2349,2429,2347,-1,2430,2431,2432,-1,2432,2431,2433,-1,2432,2433,2434,-1,2434,2433,2435,-1,2436,2437,2438,-1,2438,2437,2439,-1,2438,2439,2435,-1,2435,2439,2440,-1,2435,2440,2434,-1,2441,2442,2443,-1,2444,2445,2446,-1,2447,2448,2333,-1,2333,2448,2449,-1,2333,2449,2399,-1,2399,2449,2450,-1,2399,2450,2413,-1,2451,2452,2453,-1,2453,2452,2399,-1,2454,2455,2372,-1,2406,2456,2407,-1,2407,2456,2457,-1,2407,2457,2458,-1,2458,2457,2459,-1,2460,2461,2462,-1,2441,2463,2442,-1,2442,2463,2464,-1,2442,2464,2465,-1,2465,2464,2460,-1,2465,2460,2466,-1,2466,2460,2467,-1,2348,2468,2369,-1,2369,2468,2469,-1,2369,2469,2438,-1,2438,2469,2470,-1,2438,2470,2436,-1,2471,2472,2473,-1,2473,2472,2474,-1,2446,2445,2475,-1,2412,2476,2368,-1,2368,2476,2388,-1,2368,2388,2477,-1,2477,2388,2387,-1,2404,2453,2340,-1,2340,2453,2399,-1,2340,2399,2478,-1,2478,2399,2398,-1,2454,2372,2479,-1,2455,2480,2372,-1,2372,2480,2481,-1,2372,2481,2459,-1,2459,2481,2482,-1,2459,2482,2458,-1,2430,2432,2461,-1,2461,2432,2483,-1,2461,2483,2462,-1,2462,2484,2460,-1,2460,2484,2485,-1,2460,2485,2486,-1,2487,2333,2488,-1,2488,2333,2334,-1,2488,2334,2489,-1,2489,2334,2490,-1,2487,2491,2333,-1,2333,2491,2492,-1,2333,2492,2473,-1,2367,2493,2368,-1,2368,2493,2494,-1,2368,2494,2411,-1,2411,2494,2495,-1,2411,2495,2496,-1,2443,2447,2441,-1,2441,2447,2333,-1,2441,2333,2497,-1,2497,2333,2473,-1,2497,2473,2498,-1,2498,2473,2474,-1,2445,2499,2475,-1,2475,2499,2500,-1,2475,2500,2501,-1,2495,2502,2503,-1,2504,2505,2479,-1,2490,2506,2507,-1,2503,2508,2495,-1,2495,2508,2509,-1,2495,2509,2496,-1,2510,2511,2512,-1,2512,2511,2467,-1,2512,2467,2513,-1,2507,2514,2490,-1,2490,2514,2515,-1,2490,2515,2489,-1,2486,2516,2460,-1,2460,2516,2517,-1,2460,2517,2467,-1,2467,2517,2518,-1,2467,2518,2513,-1,2473,2519,2471,-1,2471,2519,2520,-1,2471,2520,2420,-1,2420,2520,2521,-1,2420,2521,2418,-1,2418,2521,2522,-1,2418,2522,2446,-1,2446,2522,2523,-1,2446,2523,2444,-1,2371,2524,2372,-1,2372,2524,2525,-1,2372,2525,2479,-1,2479,2525,2526,-1,2479,2526,2527,-1,2528,2501,2529,-1,2529,2501,2530,-1,2529,2530,2531,-1,2528,2532,2501,-1,2501,2532,2336,-1,2501,2336,2475,-1,2475,2336,2335,-1,2475,2335,2533,-1,2527,2534,2479,-1,2479,2534,2535,-1,2479,2535,2504,-1,2536,2537,2538,-1,2538,2537,2475,-1,2538,2475,2539,-1,2539,2475,2533,-1,2211,2210,2378,-1,2378,2210,2395,-1,2451,2453,2107,-1,2107,2453,2105,-1,2107,2093,2451,-1,2451,2093,2452,-1,2452,2093,2399,-1,2399,2093,2091,-1,2399,2091,2540,-1,2540,2091,2541,-1,2540,2541,2542,-1,2542,2541,2543,-1,2542,2543,2544,-1,2544,2543,2545,-1,2544,2545,2546,-1,2546,2545,2547,-1,2546,2547,2548,-1,2548,2547,2549,-1,2548,2549,1214,-1,1214,2549,881,-1,1214,881,1233,-1,1233,881,895,-1,2488,2489,2272,-1,2272,2489,2273,-1,2521,2520,2255,-1,2255,2520,2256,-1,2501,2500,2195,-1,2195,2500,2161,-1,2446,2475,2130,-1,2130,2475,2221,-1,2288,2287,2525,-1,2525,2287,2526,-1,2466,2467,2311,-1,2311,2467,2303,-1,2450,2449,2157,-1,2157,2449,2158,-1,2261,2262,2494,-1,2494,2262,2495,-1,2191,2282,2432,-1,2432,2282,2483,-1,2233,2215,2458,-1,2458,2215,2407,-1,2268,2128,2348,-1,2348,2128,2468,-1,2392,2352,2125,-1,2125,2352,2123,-1,2284,2169,2397,-1,2397,2169,2382,-1,2341,2343,2178,-1,2178,2343,2179,-1,2245,2244,2422,-1,2422,2244,2423,-1,2218,2217,2439,-1,2439,2217,2440,-1,2386,2385,2173,-1,2173,2385,2174,-1,2208,2207,2380,-1,2380,2207,2381,-1,2550,2551,2552,-1,2551,2550,2553,-1,2553,2550,2554,-1,2553,2554,2555,-1,2552,2556,2550,-1,2550,2556,2557,-1,2550,2557,2558,-1,2559,2560,2561,-1,2555,2562,2553,-1,2553,2562,2563,-1,2553,2563,2564,-1,2564,2565,2553,-1,2553,2565,2566,-1,2553,2566,2567,-1,2558,2557,2561,-1,2561,2557,2568,-1,2561,2568,2559,-1,2560,2569,2561,-1,2561,2569,2570,-1,2561,2570,2571,-1,2567,2572,2573,-1,2573,2574,2567,-1,2567,2574,2575,-1,2567,2575,2553,-1,2576,2577,2578,-1,2578,2577,2579,-1,2580,2581,2582,-1,2577,2583,2579,-1,2579,2583,2584,-1,2579,2584,2585,-1,2580,2582,2586,-1,2585,2587,2579,-1,2579,2587,2588,-1,2579,2588,2589,-1,2589,2588,2590,-1,2578,2591,2592,-1,2590,2588,2582,-1,2582,2588,2593,-1,2582,2593,2586,-1,2594,2595,2578,-1,2578,2595,2596,-1,2578,2596,2591,-1,2594,2597,2595,-1,2595,2597,2598,-1,2595,2598,2599,-1,2592,2600,2578,-1,2578,2600,2601,-1,2578,2601,2576,-1,2602,2603,2604,-1,2605,2606,2607,-1,2608,2609,2610,-1,2610,2609,2607,-1,2610,2607,2611,-1,2611,2607,2606,-1,2605,2607,2604,-1,2604,2607,2612,-1,2604,2612,2602,-1,2603,2613,2614,-1,2614,2615,2603,-1,2603,2615,2616,-1,2603,2616,2604,-1,2617,2618,2619,-1,2619,2618,2620,-1,2619,2620,2621,-1,2608,2622,2609,-1,2609,2622,2623,-1,2609,2623,2619,-1,2619,2623,2624,-1,2619,2624,2617,-1,2621,2625,2619,-1,2619,2625,2626,-1,2619,2626,2627,-1,2628,2629,2630,-1,2630,2631,2628,-1,2628,2631,2632,-1,2628,2632,2633,-1,2634,2635,2636,-1,2637,2638,2636,-1,2636,2638,2639,-1,2636,2639,2640,-1,2629,2641,2630,-1,2630,2641,2636,-1,2630,2636,2642,-1,2642,2636,2635,-1,2643,2644,2633,-1,2633,2644,2645,-1,2633,2645,2628,-1,2643,2646,2644,-1,2644,2646,2647,-1,2644,2647,2648,-1,2648,2649,2644,-1,2644,2649,2650,-1,2644,2650,2651,-1,2640,2652,2636,-1,2636,2652,2653,-1,2636,2653,2634,-1,2654,2655,2656,-1,2656,2655,2657,-1,2656,2657,2658,-1,2658,2657,2659,-1,2658,2659,2660,-1,2660,2659,2661,-1,2660,2661,2662,-1,2662,2661,2663,-1,2662,2663,2664,-1,2664,2663,2665,-1,2664,2665,2666,-1,2666,2665,2667,-1,2666,2667,2668,-1,2668,2667,2669,-1,2668,2669,2670,-1,2670,2669,2671,-1,2670,2671,2672,-1,2672,2671,2673,-1,2672,2673,2674,-1,2674,2673,2675,-1,2674,2675,2676,-1,2676,2675,2677,-1,2676,2677,2678,-1,2678,2677,2679,-1,2655,2680,2657,-1,2657,2680,2681,-1,2657,2681,2659,-1,2659,2681,2682,-1,2659,2682,2661,-1,2661,2682,2683,-1,2661,2683,2663,-1,2663,2683,2684,-1,2663,2684,2665,-1,2665,2684,2685,-1,2665,2685,2667,-1,2667,2685,2686,-1,2667,2686,2669,-1,2669,2686,2687,-1,2669,2687,2671,-1,2671,2687,2688,-1,2671,2688,2673,-1,2673,2688,2689,-1,2673,2689,2675,-1,2675,2689,2690,-1,2675,2690,2677,-1,2677,2690,2691,-1,2677,2691,2679,-1,2679,2691,2692,-1,2680,2630,2681,-1,2681,2630,2642,-1,2681,2642,2682,-1,2682,2642,2635,-1,2682,2635,2683,-1,2683,2635,2634,-1,2683,2634,2684,-1,2684,2634,2653,-1,2684,2653,2685,-1,2685,2653,2652,-1,2685,2652,2686,-1,2686,2652,2640,-1,2686,2640,2687,-1,2687,2640,2639,-1,2687,2639,2688,-1,2688,2639,2638,-1,2688,2638,2689,-1,2689,2638,2637,-1,2689,2637,2690,-1,2690,2637,2636,-1,2690,2636,2691,-1,2691,2636,2641,-1,2691,2641,2692,-1,2692,2641,2629,-1,2693,2678,2694,-1,2694,2678,2679,-1,2694,2679,2695,-1,2695,2679,2692,-1,2695,2692,2628,-1,2628,2692,2629,-1,2654,2696,2655,-1,2655,2696,2697,-1,2655,2697,2680,-1,2680,2697,2698,-1,2680,2698,2630,-1,2630,2698,2631,-1,2693,2694,2699,-1,2699,2694,2700,-1,2699,2700,2701,-1,2701,2700,2702,-1,2701,2702,2703,-1,2703,2702,2704,-1,2703,2704,2705,-1,2705,2704,2706,-1,2705,2706,2707,-1,2707,2706,2708,-1,2707,2708,2709,-1,2709,2708,2710,-1,2709,2710,2711,-1,2711,2710,2712,-1,2711,2712,2713,-1,2713,2712,2714,-1,2713,2714,2715,-1,2715,2714,2716,-1,2715,2716,2717,-1,2717,2716,2718,-1,2717,2718,2719,-1,2719,2718,2720,-1,2719,2720,2696,-1,2696,2720,2697,-1,2694,2695,2700,-1,2700,2695,2721,-1,2700,2721,2702,-1,2702,2721,2722,-1,2702,2722,2704,-1,2704,2722,2723,-1,2704,2723,2706,-1,2706,2723,2724,-1,2706,2724,2708,-1,2708,2724,2725,-1,2708,2725,2710,-1,2710,2725,2726,-1,2710,2726,2712,-1,2712,2726,2727,-1,2712,2727,2714,-1,2714,2727,2728,-1,2714,2728,2716,-1,2716,2728,2729,-1,2716,2729,2718,-1,2718,2729,2730,-1,2718,2730,2720,-1,2720,2730,2731,-1,2720,2731,2697,-1,2697,2731,2698,-1,2695,2628,2721,-1,2721,2628,2645,-1,2721,2645,2722,-1,2722,2645,2644,-1,2722,2644,2723,-1,2723,2644,2651,-1,2723,2651,2724,-1,2724,2651,2650,-1,2724,2650,2725,-1,2725,2650,2649,-1,2725,2649,2726,-1,2726,2649,2648,-1,2726,2648,2727,-1,2727,2648,2647,-1,2727,2647,2728,-1,2728,2647,2646,-1,2728,2646,2729,-1,2729,2646,2643,-1,2729,2643,2730,-1,2730,2643,2633,-1,2730,2633,2731,-1,2731,2633,2632,-1,2731,2632,2698,-1,2698,2632,2631,-1,2732,2733,2734,-1,2734,2733,2735,-1,2734,2735,2736,-1,2736,2735,2737,-1,2736,2737,2738,-1,2738,2737,2739,-1,2738,2739,2740,-1,2740,2739,2741,-1,2740,2741,2742,-1,2742,2741,2743,-1,2742,2743,2744,-1,2744,2743,2745,-1,2744,2745,2746,-1,2746,2745,2747,-1,2746,2747,2748,-1,2748,2747,2749,-1,2748,2749,2750,-1,2750,2749,2751,-1,2750,2751,2752,-1,2752,2751,2753,-1,2752,2753,2754,-1,2754,2753,2755,-1,2754,2755,2756,-1,2756,2755,2757,-1,2733,2758,2735,-1,2735,2758,2759,-1,2735,2759,2737,-1,2737,2759,2760,-1,2737,2760,2739,-1,2739,2760,2761,-1,2739,2761,2741,-1,2741,2761,2762,-1,2741,2762,2743,-1,2743,2762,2763,-1,2743,2763,2745,-1,2745,2763,2764,-1,2745,2764,2747,-1,2747,2764,2765,-1,2747,2765,2749,-1,2749,2765,2766,-1,2749,2766,2751,-1,2751,2766,2767,-1,2751,2767,2753,-1,2753,2767,2768,-1,2753,2768,2755,-1,2755,2768,2769,-1,2755,2769,2757,-1,2757,2769,2770,-1,2758,2610,2759,-1,2759,2610,2611,-1,2759,2611,2760,-1,2760,2611,2606,-1,2760,2606,2761,-1,2761,2606,2605,-1,2761,2605,2762,-1,2762,2605,2604,-1,2762,2604,2763,-1,2763,2604,2616,-1,2763,2616,2764,-1,2764,2616,2615,-1,2764,2615,2765,-1,2765,2615,2614,-1,2765,2614,2766,-1,2766,2614,2613,-1,2766,2613,2767,-1,2767,2613,2603,-1,2767,2603,2768,-1,2768,2603,2602,-1,2768,2602,2769,-1,2769,2602,2612,-1,2769,2612,2770,-1,2770,2612,2607,-1,2771,2756,2772,-1,2772,2756,2757,-1,2772,2757,2773,-1,2773,2757,2770,-1,2773,2770,2609,-1,2609,2770,2607,-1,2732,2774,2733,-1,2733,2774,2775,-1,2733,2775,2758,-1,2758,2775,2776,-1,2758,2776,2610,-1,2610,2776,2608,-1,2771,2772,2777,-1,2777,2772,2778,-1,2777,2778,2779,-1,2779,2778,2780,-1,2779,2780,2781,-1,2781,2780,2782,-1,2781,2782,2783,-1,2783,2782,2784,-1,2783,2784,2785,-1,2785,2784,2786,-1,2785,2786,2787,-1,2787,2786,2788,-1,2787,2788,2789,-1,2789,2788,2790,-1,2789,2790,2791,-1,2791,2790,2792,-1,2791,2792,2793,-1,2793,2792,2794,-1,2793,2794,2795,-1,2795,2794,2796,-1,2795,2796,2797,-1,2797,2796,2798,-1,2797,2798,2774,-1,2774,2798,2775,-1,2772,2773,2778,-1,2778,2773,2799,-1,2778,2799,2780,-1,2780,2799,2800,-1,2780,2800,2782,-1,2782,2800,2801,-1,2782,2801,2784,-1,2784,2801,2802,-1,2784,2802,2786,-1,2786,2802,2803,-1,2786,2803,2788,-1,2788,2803,2804,-1,2788,2804,2790,-1,2790,2804,2805,-1,2790,2805,2792,-1,2792,2805,2806,-1,2792,2806,2794,-1,2794,2806,2807,-1,2794,2807,2796,-1,2796,2807,2808,-1,2796,2808,2798,-1,2798,2808,2809,-1,2798,2809,2775,-1,2775,2809,2776,-1,2773,2609,2799,-1,2799,2609,2619,-1,2799,2619,2800,-1,2800,2619,2627,-1,2800,2627,2801,-1,2801,2627,2626,-1,2801,2626,2802,-1,2802,2626,2625,-1,2802,2625,2803,-1,2803,2625,2621,-1,2803,2621,2804,-1,2804,2621,2620,-1,2804,2620,2805,-1,2805,2620,2618,-1,2805,2618,2806,-1,2806,2618,2617,-1,2806,2617,2807,-1,2807,2617,2624,-1,2807,2624,2808,-1,2808,2624,2623,-1,2808,2623,2809,-1,2809,2623,2622,-1,2809,2622,2776,-1,2776,2622,2608,-1,2810,2811,2812,-1,2810,2812,2813,-1,2813,2812,2814,-1,2813,2814,2815,-1,2815,2814,2551,-1,2815,2551,2553,-1,2554,2816,2817,-1,2816,2818,2819,-1,2818,2820,2821,-1,2818,2821,2819,-1,2819,2821,2822,-1,2819,2822,2823,-1,2823,2822,2824,-1,2823,2824,2825,-1,2825,2824,2826,-1,2825,2826,2827,-1,2827,2826,2828,-1,2827,2828,2829,-1,2829,2828,2830,-1,2829,2830,2831,-1,2831,2830,2832,-1,2831,2832,2833,-1,2833,2832,2834,-1,2833,2834,2835,-1,2835,2834,2836,-1,2835,2836,2837,-1,2837,2836,2838,-1,2837,2838,2839,-1,2839,2838,2840,-1,2839,2840,2841,-1,2841,2840,2810,-1,2841,2810,2813,-1,2816,2819,2817,-1,2817,2819,2823,-1,2817,2823,2842,-1,2842,2823,2825,-1,2842,2825,2843,-1,2843,2825,2827,-1,2843,2827,2844,-1,2844,2827,2829,-1,2844,2829,2845,-1,2845,2829,2831,-1,2845,2831,2846,-1,2846,2831,2833,-1,2846,2833,2847,-1,2847,2833,2835,-1,2847,2835,2848,-1,2848,2835,2837,-1,2848,2837,2849,-1,2849,2837,2839,-1,2849,2839,2850,-1,2850,2839,2841,-1,2850,2841,2851,-1,2851,2841,2813,-1,2851,2813,2815,-1,2554,2817,2555,-1,2555,2817,2842,-1,2555,2842,2562,-1,2562,2842,2843,-1,2562,2843,2563,-1,2563,2843,2844,-1,2563,2844,2564,-1,2564,2844,2845,-1,2564,2845,2565,-1,2565,2845,2846,-1,2565,2846,2566,-1,2566,2846,2847,-1,2566,2847,2567,-1,2567,2847,2848,-1,2567,2848,2572,-1,2572,2848,2849,-1,2572,2849,2573,-1,2573,2849,2850,-1,2573,2850,2574,-1,2574,2850,2851,-1,2574,2851,2575,-1,2575,2851,2815,-1,2575,2815,2553,-1,2551,2814,2852,-1,2814,2812,2853,-1,2812,2811,2854,-1,2812,2854,2853,-1,2853,2854,2855,-1,2853,2855,2856,-1,2856,2855,2857,-1,2856,2857,2858,-1,2858,2857,2859,-1,2858,2859,2860,-1,2860,2859,2861,-1,2860,2861,2862,-1,2862,2861,2863,-1,2862,2863,2864,-1,2864,2863,2865,-1,2864,2865,2866,-1,2866,2865,2867,-1,2866,2867,2868,-1,2868,2867,2869,-1,2868,2869,2870,-1,2870,2869,2871,-1,2870,2871,2872,-1,2872,2871,2873,-1,2872,2873,2874,-1,2874,2873,2875,-1,2874,2875,2876,-1,2814,2853,2852,-1,2852,2853,2856,-1,2852,2856,2877,-1,2877,2856,2858,-1,2877,2858,2878,-1,2878,2858,2860,-1,2878,2860,2879,-1,2879,2860,2862,-1,2879,2862,2880,-1,2880,2862,2864,-1,2880,2864,2881,-1,2881,2864,2866,-1,2881,2866,2882,-1,2882,2866,2868,-1,2882,2868,2883,-1,2883,2868,2870,-1,2883,2870,2884,-1,2884,2870,2872,-1,2884,2872,2885,-1,2885,2872,2874,-1,2885,2874,2886,-1,2886,2874,2876,-1,2886,2876,2887,-1,2551,2852,2552,-1,2552,2852,2877,-1,2552,2877,2556,-1,2556,2877,2878,-1,2556,2878,2557,-1,2557,2878,2879,-1,2557,2879,2568,-1,2568,2879,2880,-1,2568,2880,2559,-1,2559,2880,2881,-1,2559,2881,2560,-1,2560,2881,2882,-1,2560,2882,2569,-1,2569,2882,2883,-1,2569,2883,2570,-1,2570,2883,2884,-1,2570,2884,2571,-1,2571,2884,2885,-1,2571,2885,2561,-1,2561,2885,2886,-1,2561,2886,2558,-1,2558,2886,2887,-1,2558,2887,2550,-1,2875,2820,2818,-1,2875,2818,2876,-1,2876,2818,2816,-1,2876,2816,2887,-1,2887,2816,2554,-1,2887,2554,2550,-1,2888,2889,2890,-1,2888,2890,2891,-1,2891,2890,2892,-1,2891,2892,2893,-1,2893,2892,2583,-1,2893,2583,2577,-1,2578,2894,2895,-1,2894,2896,2897,-1,2896,2898,2899,-1,2896,2899,2897,-1,2897,2899,2900,-1,2897,2900,2901,-1,2901,2900,2902,-1,2901,2902,2903,-1,2903,2902,2904,-1,2903,2904,2905,-1,2905,2904,2906,-1,2905,2906,2907,-1,2907,2906,2908,-1,2907,2908,2909,-1,2909,2908,2910,-1,2909,2910,2911,-1,2911,2910,2912,-1,2911,2912,2913,-1,2913,2912,2914,-1,2913,2914,2915,-1,2915,2914,2916,-1,2915,2916,2917,-1,2917,2916,2918,-1,2917,2918,2919,-1,2919,2918,2888,-1,2919,2888,2891,-1,2894,2897,2895,-1,2895,2897,2901,-1,2895,2901,2920,-1,2920,2901,2903,-1,2920,2903,2921,-1,2921,2903,2905,-1,2921,2905,2922,-1,2922,2905,2907,-1,2922,2907,2923,-1,2923,2907,2909,-1,2923,2909,2924,-1,2924,2909,2911,-1,2924,2911,2925,-1,2925,2911,2913,-1,2925,2913,2926,-1,2926,2913,2915,-1,2926,2915,2927,-1,2927,2915,2917,-1,2927,2917,2928,-1,2928,2917,2919,-1,2928,2919,2929,-1,2929,2919,2891,-1,2929,2891,2893,-1,2578,2895,2594,-1,2594,2895,2920,-1,2594,2920,2597,-1,2597,2920,2921,-1,2597,2921,2598,-1,2598,2921,2922,-1,2598,2922,2599,-1,2599,2922,2923,-1,2599,2923,2595,-1,2595,2923,2924,-1,2595,2924,2596,-1,2596,2924,2925,-1,2596,2925,2591,-1,2591,2925,2926,-1,2591,2926,2592,-1,2592,2926,2927,-1,2592,2927,2600,-1,2600,2927,2928,-1,2600,2928,2601,-1,2601,2928,2929,-1,2601,2929,2576,-1,2576,2929,2893,-1,2576,2893,2577,-1,2583,2892,2930,-1,2892,2890,2931,-1,2890,2889,2932,-1,2890,2932,2931,-1,2931,2932,2933,-1,2931,2933,2934,-1,2934,2933,2935,-1,2934,2935,2936,-1,2936,2935,2937,-1,2936,2937,2938,-1,2938,2937,2939,-1,2938,2939,2940,-1,2940,2939,2941,-1,2940,2941,2942,-1,2942,2941,2943,-1,2942,2943,2944,-1,2944,2943,2945,-1,2944,2945,2946,-1,2946,2945,2947,-1,2946,2947,2948,-1,2948,2947,2949,-1,2948,2949,2950,-1,2950,2949,2951,-1,2950,2951,2952,-1,2952,2951,2953,-1,2952,2953,2954,-1,2892,2931,2930,-1,2930,2931,2934,-1,2930,2934,2955,-1,2955,2934,2936,-1,2955,2936,2956,-1,2956,2936,2938,-1,2956,2938,2957,-1,2957,2938,2940,-1,2957,2940,2958,-1,2958,2940,2942,-1,2958,2942,2959,-1,2959,2942,2944,-1,2959,2944,2960,-1,2960,2944,2946,-1,2960,2946,2961,-1,2961,2946,2948,-1,2961,2948,2962,-1,2962,2948,2950,-1,2962,2950,2963,-1,2963,2950,2952,-1,2963,2952,2964,-1,2964,2952,2954,-1,2964,2954,2965,-1,2583,2930,2584,-1,2584,2930,2955,-1,2584,2955,2585,-1,2585,2955,2956,-1,2585,2956,2587,-1,2587,2956,2957,-1,2587,2957,2588,-1,2588,2957,2958,-1,2588,2958,2593,-1,2593,2958,2959,-1,2593,2959,2586,-1,2586,2959,2960,-1,2586,2960,2580,-1,2580,2960,2961,-1,2580,2961,2581,-1,2581,2961,2962,-1,2581,2962,2582,-1,2582,2962,2963,-1,2582,2963,2590,-1,2590,2963,2964,-1,2590,2964,2589,-1,2589,2964,2965,-1,2589,2965,2579,-1,2953,2898,2896,-1,2953,2896,2954,-1,2954,2896,2894,-1,2954,2894,2965,-1,2965,2894,2578,-1,2965,2578,2579,-1,2461,2460,2966,-1,2461,2966,2967,-1,2967,2966,2968,-1,2967,2968,2969,-1,2969,2968,2678,-1,2969,2678,2693,-1,2461,2967,2970,-1,2967,2969,2971,-1,2969,2693,2699,-1,2969,2699,2971,-1,2971,2699,2701,-1,2971,2701,2972,-1,2972,2701,2703,-1,2972,2703,2973,-1,2973,2703,2705,-1,2973,2705,2974,-1,2974,2705,2707,-1,2974,2707,2975,-1,2975,2707,2709,-1,2975,2709,2976,-1,2976,2709,2711,-1,2976,2711,2977,-1,2977,2711,2713,-1,2977,2713,2978,-1,2978,2713,2715,-1,2978,2715,2979,-1,2979,2715,2717,-1,2979,2717,2980,-1,2980,2717,2719,-1,2980,2719,2981,-1,2981,2719,2696,-1,2981,2696,2982,-1,2967,2971,2970,-1,2970,2971,2972,-1,2970,2972,2983,-1,2983,2972,2973,-1,2983,2973,2984,-1,2984,2973,2974,-1,2984,2974,2985,-1,2985,2974,2975,-1,2985,2975,2986,-1,2986,2975,2976,-1,2986,2976,2987,-1,2987,2976,2977,-1,2987,2977,2988,-1,2988,2977,2978,-1,2988,2978,2989,-1,2989,2978,2979,-1,2989,2979,2990,-1,2990,2979,2980,-1,2990,2980,2991,-1,2991,2980,2981,-1,2991,2981,2992,-1,2992,2981,2982,-1,2992,2982,2993,-1,2461,2970,2430,-1,2430,2970,2983,-1,2430,2983,2431,-1,2431,2983,2984,-1,2431,2984,2433,-1,2433,2984,2985,-1,2433,2985,2435,-1,2435,2985,2986,-1,2435,2986,2438,-1,2438,2986,2987,-1,2438,2987,2369,-1,2369,2987,2988,-1,2369,2988,2349,-1,2349,2988,2989,-1,2349,2989,2405,-1,2405,2989,2990,-1,2405,2990,2406,-1,2406,2990,2991,-1,2406,2991,2456,-1,2456,2991,2992,-1,2456,2992,2457,-1,2457,2992,2993,-1,2457,2993,2459,-1,2372,2994,2995,-1,2994,2996,2997,-1,2996,2654,2656,-1,2996,2656,2997,-1,2997,2656,2658,-1,2997,2658,2998,-1,2998,2658,2660,-1,2998,2660,2999,-1,2999,2660,2662,-1,2999,2662,3000,-1,3000,2662,2664,-1,3000,2664,3001,-1,3001,2664,2666,-1,3001,2666,3002,-1,3002,2666,2668,-1,3002,2668,3003,-1,3003,2668,2670,-1,3003,2670,3004,-1,3004,2670,2672,-1,3004,2672,3005,-1,3005,2672,2674,-1,3005,2674,3006,-1,3006,2674,2676,-1,3006,2676,3007,-1,3007,2676,2678,-1,3007,2678,2968,-1,2994,2997,2995,-1,2995,2997,2998,-1,2995,2998,3008,-1,3008,2998,2999,-1,3008,2999,3009,-1,3009,2999,3000,-1,3009,3000,3010,-1,3010,3000,3001,-1,3010,3001,3011,-1,3011,3001,3002,-1,3011,3002,3012,-1,3012,3002,3003,-1,3012,3003,3013,-1,3013,3003,3004,-1,3013,3004,3014,-1,3014,3004,3005,-1,3014,3005,3015,-1,3015,3005,3006,-1,3015,3006,3016,-1,3016,3006,3007,-1,3016,3007,3017,-1,3017,3007,2968,-1,3017,2968,2966,-1,2372,2995,2417,-1,2417,2995,3008,-1,2417,3008,2419,-1,2419,3008,3009,-1,2419,3009,2420,-1,2420,3009,3010,-1,2420,3010,2471,-1,2471,3010,3011,-1,2471,3011,2472,-1,2472,3011,3012,-1,2472,3012,2474,-1,2474,3012,3013,-1,2474,3013,2498,-1,2498,3013,3014,-1,2498,3014,2497,-1,2497,3014,3015,-1,2497,3015,2441,-1,2441,3015,3016,-1,2441,3016,2463,-1,2463,3016,3017,-1,2463,3017,2464,-1,2464,3017,2966,-1,2464,2966,2460,-1,2372,2459,2993,-1,2372,2993,2994,-1,2994,2993,2982,-1,2994,2982,2996,-1,2996,2982,2696,-1,2996,2696,2654,-1,2350,2355,3018,-1,2350,3018,3019,-1,3019,3018,3020,-1,3019,3020,3021,-1,3021,3020,2756,-1,3021,2756,2771,-1,2350,3019,3022,-1,3019,3021,3023,-1,3021,2771,2777,-1,3021,2777,3023,-1,3023,2777,2779,-1,3023,2779,3024,-1,3024,2779,2781,-1,3024,2781,3025,-1,3025,2781,2783,-1,3025,2783,3026,-1,3026,2783,2785,-1,3026,2785,3027,-1,3027,2785,2787,-1,3027,2787,3028,-1,3028,2787,2789,-1,3028,2789,3029,-1,3029,2789,2791,-1,3029,2791,3030,-1,3030,2791,2793,-1,3030,2793,3031,-1,3031,2793,2795,-1,3031,2795,3032,-1,3032,2795,2797,-1,3032,2797,3033,-1,3033,2797,2774,-1,3033,2774,3034,-1,3019,3023,3022,-1,3022,3023,3024,-1,3022,3024,3035,-1,3035,3024,3025,-1,3035,3025,3036,-1,3036,3025,3026,-1,3036,3026,3037,-1,3037,3026,3027,-1,3037,3027,3038,-1,3038,3027,3028,-1,3038,3028,3039,-1,3039,3028,3029,-1,3039,3029,3040,-1,3040,3029,3030,-1,3040,3030,3041,-1,3041,3030,3031,-1,3041,3031,3042,-1,3042,3031,3032,-1,3042,3032,3043,-1,3043,3032,3033,-1,3043,3033,3044,-1,3044,3033,3034,-1,3044,3034,3045,-1,2350,3022,2351,-1,2351,3022,3035,-1,2351,3035,2356,-1,2356,3035,3036,-1,2356,3036,2357,-1,2357,3036,3037,-1,2357,3037,2359,-1,2359,3037,3038,-1,2359,3038,2342,-1,2342,3038,3039,-1,2342,3039,2344,-1,2344,3039,3040,-1,2344,3040,2346,-1,2346,3040,3041,-1,2346,3041,2384,-1,2384,3041,3042,-1,2384,3042,2396,-1,2396,3042,3043,-1,2396,3043,2389,-1,2389,3043,3044,-1,2389,3044,2387,-1,2387,3044,3045,-1,2387,3045,2477,-1,2368,3046,3047,-1,3046,3048,3049,-1,3048,2732,2734,-1,3048,2734,3049,-1,3049,2734,2736,-1,3049,2736,3050,-1,3050,2736,2738,-1,3050,2738,3051,-1,3051,2738,2740,-1,3051,2740,3052,-1,3052,2740,2742,-1,3052,2742,3053,-1,3053,2742,2744,-1,3053,2744,3054,-1,3054,2744,2746,-1,3054,2746,3055,-1,3055,2746,2748,-1,3055,2748,3056,-1,3056,2748,2750,-1,3056,2750,3057,-1,3057,2750,2752,-1,3057,2752,3058,-1,3058,2752,2754,-1,3058,2754,3059,-1,3059,2754,2756,-1,3059,2756,3020,-1,3046,3049,3047,-1,3047,3049,3050,-1,3047,3050,3060,-1,3060,3050,3051,-1,3060,3051,3061,-1,3061,3051,3052,-1,3061,3052,3062,-1,3062,3052,3053,-1,3062,3053,3063,-1,3063,3053,3054,-1,3063,3054,3064,-1,3064,3054,3055,-1,3064,3055,3065,-1,3065,3055,3056,-1,3065,3056,3066,-1,3066,3056,3057,-1,3066,3057,3067,-1,3067,3057,3058,-1,3067,3058,3068,-1,3068,3058,3059,-1,3068,3059,3069,-1,3069,3059,3020,-1,3069,3020,3018,-1,2368,3047,2426,-1,2426,3047,3060,-1,2426,3060,2427,-1,2427,3060,3061,-1,2427,3061,2414,-1,2414,3061,3062,-1,2414,3062,2415,-1,2415,3062,3063,-1,2415,3063,2401,-1,2401,3063,3064,-1,2401,3064,2400,-1,2400,3064,3065,-1,2400,3065,2398,-1,2398,3065,3066,-1,2398,3066,2478,-1,2478,3066,3067,-1,2478,3067,2340,-1,2340,3067,3068,-1,2340,3068,2339,-1,2339,3068,3069,-1,2339,3069,2354,-1,2354,3069,3018,-1,2354,3018,2355,-1,2368,2477,3045,-1,2368,3045,3046,-1,3046,3045,3034,-1,3046,3034,3048,-1,3048,3034,2774,-1,3048,2774,2732,-1,2248,3070,2249,-1,2249,3070,3071,-1,2249,3071,2250,-1,2250,3071,3072,-1,2250,3072,2154,-1,2154,3072,3073,-1,2154,3073,2192,-1,2192,3073,3074,-1,2192,3074,2193,-1,2193,3074,3075,-1,2193,3075,2122,-1,2122,3075,3076,-1,2122,3076,2121,-1,2121,3076,3077,-1,2121,3077,2120,-1,2120,3077,3078,-1,2120,3078,2150,-1,2150,3078,3079,-1,2150,3079,2149,-1,2149,3079,3080,-1,2149,3080,2147,-1,2147,3080,3081,-1,2147,3081,2186,-1,2186,3081,3082,-1,3070,3083,3071,-1,3071,3083,3084,-1,3071,3084,3072,-1,3072,3084,3085,-1,3072,3085,3073,-1,3073,3085,3086,-1,3073,3086,3074,-1,3074,3086,3087,-1,3074,3087,3075,-1,3075,3087,3088,-1,3075,3088,3076,-1,3076,3088,3089,-1,3076,3089,3077,-1,3077,3089,3090,-1,3077,3090,3078,-1,3078,3090,3091,-1,3078,3091,3079,-1,3079,3091,3092,-1,3079,3092,3080,-1,3080,3092,3093,-1,3080,3093,3081,-1,3081,3093,3094,-1,3081,3094,3082,-1,3082,3094,3095,-1,3083,2875,3084,-1,3084,2875,2873,-1,3084,2873,3085,-1,3085,2873,2871,-1,3085,2871,3086,-1,3086,2871,2869,-1,3086,2869,3087,-1,3087,2869,2867,-1,3087,2867,3088,-1,3088,2867,2865,-1,3088,2865,3089,-1,3089,2865,2863,-1,3089,2863,3090,-1,3090,2863,2861,-1,3090,2861,3091,-1,3091,2861,2859,-1,3091,2859,3092,-1,3092,2859,2857,-1,3092,2857,3093,-1,3093,2857,2855,-1,3093,2855,3094,-1,3094,2855,2854,-1,3094,2854,3095,-1,3095,2854,2811,-1,2213,2186,3096,-1,3096,2186,3082,-1,3096,3082,3097,-1,3097,3082,3095,-1,3097,3095,2810,-1,2810,3095,2811,-1,2248,2253,3070,-1,3070,2253,3098,-1,3070,3098,3083,-1,3083,3098,3099,-1,3083,3099,2875,-1,2875,3099,2820,-1,2213,3096,2214,-1,2214,3096,3100,-1,2214,3100,2237,-1,2237,3100,3101,-1,2237,3101,2238,-1,2238,3101,3102,-1,2238,3102,2240,-1,2240,3102,3103,-1,2240,3103,2243,-1,2243,3103,3104,-1,2243,3104,2151,-1,2151,3104,3105,-1,2151,3105,2129,-1,2129,3105,3106,-1,2129,3106,2189,-1,2189,3106,3107,-1,2189,3107,2190,-1,2190,3107,3108,-1,2190,3108,2280,-1,2280,3108,3109,-1,2280,3109,2281,-1,2281,3109,3110,-1,2281,3110,2253,-1,2253,3110,3098,-1,3096,3097,3100,-1,3100,3097,3111,-1,3100,3111,3101,-1,3101,3111,3112,-1,3101,3112,3102,-1,3102,3112,3113,-1,3102,3113,3103,-1,3103,3113,3114,-1,3103,3114,3104,-1,3104,3114,3115,-1,3104,3115,3105,-1,3105,3115,3116,-1,3105,3116,3106,-1,3106,3116,3117,-1,3106,3117,3107,-1,3107,3117,3118,-1,3107,3118,3108,-1,3108,3118,3119,-1,3108,3119,3109,-1,3109,3119,3120,-1,3109,3120,3110,-1,3110,3120,3121,-1,3110,3121,3098,-1,3098,3121,3099,-1,3097,2810,3111,-1,3111,2810,2840,-1,3111,2840,3112,-1,3112,2840,2838,-1,3112,2838,3113,-1,3113,2838,2836,-1,3113,2836,3114,-1,3114,2836,2834,-1,3114,2834,3115,-1,3115,2834,2832,-1,3115,2832,3116,-1,3116,2832,2830,-1,3116,2830,3117,-1,3117,2830,2828,-1,3117,2828,3118,-1,3118,2828,2826,-1,3118,2826,3119,-1,3119,2826,2824,-1,3119,2824,3120,-1,3120,2824,2822,-1,3120,2822,3121,-1,3121,2822,2821,-1,3121,2821,3099,-1,3099,2821,2820,-1,2110,3122,2100,-1,2100,3122,3123,-1,2100,3123,2101,-1,2101,3123,3124,-1,2101,3124,2103,-1,2103,3124,3125,-1,2103,3125,2166,-1,2166,3125,3126,-1,2166,3126,2094,-1,2094,3126,3127,-1,2094,3127,2095,-1,2095,3127,3128,-1,2095,3128,2116,-1,2116,3128,3129,-1,2116,3129,2183,-1,2183,3129,3130,-1,2183,3130,2138,-1,2138,3130,3131,-1,2138,3131,2257,-1,2257,3131,3132,-1,2257,3132,2258,-1,2258,3132,3133,-1,2258,3133,2260,-1,2260,3133,3134,-1,3122,3135,3123,-1,3123,3135,3136,-1,3123,3136,3124,-1,3124,3136,3137,-1,3124,3137,3125,-1,3125,3137,3138,-1,3125,3138,3126,-1,3126,3138,3139,-1,3126,3139,3127,-1,3127,3139,3140,-1,3127,3140,3128,-1,3128,3140,3141,-1,3128,3141,3129,-1,3129,3141,3142,-1,3129,3142,3130,-1,3130,3142,3143,-1,3130,3143,3131,-1,3131,3143,3144,-1,3131,3144,3132,-1,3132,3144,3145,-1,3132,3145,3133,-1,3133,3145,3146,-1,3133,3146,3134,-1,3134,3146,3147,-1,3135,2953,3136,-1,3136,2953,2951,-1,3136,2951,3137,-1,3137,2951,2949,-1,3137,2949,3138,-1,3138,2949,2947,-1,3138,2947,3139,-1,3139,2947,2945,-1,3139,2945,3140,-1,3140,2945,2943,-1,3140,2943,3141,-1,3141,2943,2941,-1,3141,2941,3142,-1,3142,2941,2939,-1,3142,2939,3143,-1,3143,2939,2937,-1,3143,2937,3144,-1,3144,2937,2935,-1,3144,2935,3145,-1,3145,2935,2933,-1,3145,2933,3146,-1,3146,2933,2932,-1,3146,2932,3147,-1,3147,2932,2889,-1,2228,2260,3148,-1,3148,2260,3134,-1,3148,3134,3149,-1,3149,3134,3147,-1,3149,3147,2888,-1,2888,3147,2889,-1,2110,2126,3122,-1,3122,2126,3150,-1,3122,3150,3135,-1,3135,3150,3151,-1,3135,3151,2953,-1,2953,3151,2898,-1,2228,3148,2229,-1,2229,3148,3152,-1,2229,3152,2230,-1,2230,3152,3153,-1,2230,3153,2170,-1,2170,3153,3154,-1,2170,3154,2172,-1,2172,3154,3155,-1,2172,3155,2115,-1,2115,3155,3156,-1,2115,3156,2177,-1,2177,3156,3157,-1,2177,3157,2175,-1,2175,3157,3158,-1,2175,3158,2135,-1,2135,3158,3159,-1,2135,3159,2136,-1,2136,3159,3160,-1,2136,3160,2137,-1,2137,3160,3161,-1,2137,3161,2124,-1,2124,3161,3162,-1,2124,3162,2126,-1,2126,3162,3150,-1,3148,3149,3152,-1,3152,3149,3163,-1,3152,3163,3153,-1,3153,3163,3164,-1,3153,3164,3154,-1,3154,3164,3165,-1,3154,3165,3155,-1,3155,3165,3166,-1,3155,3166,3156,-1,3156,3166,3167,-1,3156,3167,3157,-1,3157,3167,3168,-1,3157,3168,3158,-1,3158,3168,3169,-1,3158,3169,3159,-1,3159,3169,3170,-1,3159,3170,3160,-1,3160,3170,3171,-1,3160,3171,3161,-1,3161,3171,3172,-1,3161,3172,3162,-1,3162,3172,3173,-1,3162,3173,3150,-1,3150,3173,3151,-1,3149,2888,3163,-1,3163,2888,2918,-1,3163,2918,3164,-1,3164,2918,2916,-1,3164,2916,3165,-1,3165,2916,2914,-1,3165,2914,3166,-1,3166,2914,2912,-1,3166,2912,3167,-1,3167,2912,2910,-1,3167,2910,3168,-1,3168,2910,2908,-1,3168,2908,3169,-1,3169,2908,2906,-1,3169,2906,3170,-1,3170,2906,2904,-1,3170,2904,3171,-1,3171,2904,2902,-1,3171,2902,3172,-1,3172,2902,2900,-1,3172,2900,3173,-1,3173,2900,2899,-1,3173,2899,3151,-1,3151,2899,2898,-1,885,903,1240,-1,1240,903,1241,-1,1256,938,1257,-1,1257,938,932,-1,1257,932,2089,-1,2089,932,2084,-1,2089,2084,2088,-1,2088,2084,2083,-1,2088,2083,2087,-1,2087,2083,2082,-1,2087,2082,2086,-1,2086,2082,2081,-1,2086,2081,2085,-1,2085,2081,2080,-1,2085,2080,1197,-1,1197,2080,10,-1,1197,10,1202,-1,1202,10,9,-1,1198,423,1199,-1,1199,423,422,-1,1199,422,3174,-1,3174,422,3175,-1,3174,3175,3176,-1,3176,3175,3177,-1,3176,3177,3178,-1,3178,3177,3179,-1,3178,3179,3180,-1,3180,3179,3181,-1,3180,3181,3182,-1,3182,3181,3183,-1,3182,3183,1252,-1,1252,3183,928,-1,1252,928,1263,-1,1263,928,927,-1,1254,1253,950,-1,950,1253,926,-1,1176,1175,410,-1,410,1175,396,-1,3184,3185,3186,-1,3186,3185,3187,-1,3188,3189,3190,-1,3190,3189,3191,-1,3192,3193,1296,-1,1296,3193,3194,-1,1296,3194,3195,-1,3191,3196,3190,-1,3190,3196,3197,-1,3190,3197,1296,-1,1296,3197,3198,-1,1296,3198,3192,-1,3199,3200,3201,-1,3202,3203,3184,-1,3184,3203,3204,-1,3195,3205,1296,-1,1296,3205,3206,-1,1296,3206,1294,-1,3207,3208,3185,-1,3185,3208,3209,-1,3185,3209,3210,-1,3210,3209,3211,-1,3210,3211,3212,-1,3212,3211,3213,-1,3200,3214,3201,-1,3201,3214,3215,-1,3201,3215,3216,-1,3216,3215,1294,-1,3216,1294,3217,-1,3217,1294,3206,-1,3202,3184,3201,-1,3201,3184,3218,-1,3201,3218,3199,-1,3219,3220,3190,-1,3190,3220,3221,-1,3190,3221,3188,-1,3204,3222,3184,-1,3184,3222,3223,-1,3184,3223,3185,-1,3185,3223,3224,-1,3185,3224,3207,-1,3219,3225,3220,-1,3220,3225,3226,-1,3220,3226,3227,-1,3227,3226,3228,-1,3227,3228,3211,-1,3211,3228,3229,-1,3211,3229,3213,-1,3190,1296,3230,-1,3230,1296,1298,-1,3230,1298,3231,-1,3231,1298,1300,-1,3231,1300,3232,-1,3232,1300,1302,-1,3232,1302,3233,-1,3233,1302,1304,-1,3233,1304,3234,-1,3234,1304,1306,-1,3234,1306,1167,-1,1167,1306,1165,-1,415,521,1307,-1,415,1307,3235,-1,3235,1307,1305,-1,3235,1305,3236,-1,3236,1305,1303,-1,3236,1303,3237,-1,3237,1303,1301,-1,3237,1301,3238,-1,3238,1301,1299,-1,3238,1299,3239,-1,3239,1299,1297,-1,3239,1297,3240,-1,3241,3242,3240,-1,3243,3244,3187,-1,3187,3244,3245,-1,3246,3247,1297,-1,3248,3249,3250,-1,3245,3251,3187,-1,3187,3251,3252,-1,3187,3252,3186,-1,3186,3252,3253,-1,3186,3253,3254,-1,3247,3255,1297,-1,1297,3255,3256,-1,1297,3256,3257,-1,3254,3258,3186,-1,3186,3258,3259,-1,3186,3259,3260,-1,3260,3259,3248,-1,3260,3248,3261,-1,3261,3248,3250,-1,3242,3262,3240,-1,3240,3262,3263,-1,3240,3263,3264,-1,3264,3263,3265,-1,3264,3265,3266,-1,3243,3187,3267,-1,3267,3187,3268,-1,3267,3268,3269,-1,3249,3248,3270,-1,3270,3248,3271,-1,3270,3271,1295,-1,1295,3271,3272,-1,1295,3272,1297,-1,1297,3272,3273,-1,1297,3273,3246,-1,3257,3274,1297,-1,1297,3274,3275,-1,1297,3275,3240,-1,3240,3275,3276,-1,3240,3276,3241,-1,3269,3277,3267,-1,3267,3277,3278,-1,3267,3278,3279,-1,3279,3278,3280,-1,3279,3280,3265,-1,3265,3280,3281,-1,3265,3281,3266,-1,1168,413,1167,-1,1167,413,415,-1,1167,415,3234,-1,3234,415,3235,-1,3234,3235,3233,-1,3233,3235,3236,-1,3233,3236,3232,-1,3232,3236,3237,-1,3232,3237,3231,-1,3231,3237,3238,-1,3231,3238,3230,-1,3230,3238,3239,-1,3230,3239,3190,-1,3190,3239,3240,-1,3190,3240,3219,-1,3219,3240,3264,-1,3229,3228,3278,-1,3278,3228,3280,-1,3279,3265,3227,-1,3227,3265,3220,-1,3275,3274,3197,-1,3197,3274,3198,-1,3217,3206,3272,-1,3272,3206,3273,-1,3223,3222,3252,-1,3252,3222,3253,-1,2092,3282,2090,-1,3283,3284,2168,-1,2168,3284,2199,-1,2109,2108,3285,-1,3286,3287,3288,-1,3288,3287,3284,-1,3288,3284,3289,-1,3289,3284,3290,-1,3290,3284,3283,-1,3290,3283,3291,-1,3291,3283,3292,-1,3291,3292,3293,-1,2092,2109,3282,-1,3282,2109,3285,-1,3289,3290,3294,-1,3294,3290,3295,-1,3285,3296,3282,-1,3282,3296,3294,-1,3282,3294,3297,-1,3297,3294,3295,-1,2267,2479,2505,-1,2267,2505,2293,-1,2293,2505,2504,-1,2293,2504,2292,-1,2292,2504,2535,-1,2292,2535,2291,-1,2291,2535,2534,-1,2291,2534,2300,-1,2300,2534,2527,-1,2300,2527,2301,-1,2301,2527,2526,-1,2301,2526,2287,-1,2303,2467,2511,-1,2303,2511,2305,-1,2305,2511,2510,-1,2305,2510,2306,-1,2306,2510,2512,-1,2306,2512,2304,-1,2304,2512,2513,-1,2304,2513,2302,-1,2302,2513,2518,-1,2302,2518,2312,-1,2312,2518,2517,-1,2312,2517,2251,-1,2297,2411,2496,-1,2297,2496,2298,-1,2298,2496,2509,-1,2298,2509,2299,-1,2299,2509,2508,-1,2299,2508,2307,-1,2307,2508,2503,-1,2307,2503,2308,-1,2308,2503,2502,-1,2308,2502,2309,-1,2309,2502,2495,-1,2309,2495,2262,-1,2158,2449,2117,-1,2117,2449,2448,-1,2117,2448,2118,-1,2118,2448,2447,-1,2118,2447,2152,-1,2152,2447,2443,-1,2152,2443,2153,-1,2153,2443,2442,-1,2153,2442,2310,-1,2310,2442,2465,-1,2310,2465,2311,-1,2311,2465,2466,-1,929,928,3183,-1,929,3183,2314,-1,2314,3183,3181,-1,2314,3181,2316,-1,2316,3181,3179,-1,2316,3179,2318,-1,2318,3179,3177,-1,2318,3177,2320,-1,2320,3177,3175,-1,2320,3175,2322,-1,2322,3175,422,-1,2322,422,421,-1,901,881,2549,-1,901,2549,2324,-1,2324,2549,2547,-1,2324,2547,2326,-1,2326,2547,2545,-1,2326,2545,2328,-1,2328,2545,2543,-1,2328,2543,2330,-1,2330,2543,2541,-1,2330,2541,2332,-1,2332,2541,2091,-1,2332,2091,2119,-1,1241,903,905,-1,1241,905,1270,-1,1270,905,943,-1,1270,943,1271,-1,1271,943,945,-1,1271,945,1273,-1,1273,945,944,-1,1273,944,1272,-1,1272,944,904,-1,1272,904,1243,-1,1243,904,902,-1,1243,902,1242,-1,2334,2274,2295,-1,2334,2295,2490,-1,2490,2295,2294,-1,2490,2294,2506,-1,2506,2294,2290,-1,2506,2290,2507,-1,2507,2290,2289,-1,2507,2289,2514,-1,2514,2289,2275,-1,2514,2275,2515,-1,2515,2275,2273,-1,2515,2273,2489,-1,2256,2520,2133,-1,2133,2520,2519,-1,2133,2519,2134,-1,2134,2519,2473,-1,2134,2473,2198,-1,2198,2473,2492,-1,2198,2492,2164,-1,2164,2492,2491,-1,2164,2491,2165,-1,2165,2491,2487,-1,2165,2487,2272,-1,2272,2487,2488,-1,2161,2500,2220,-1,2220,2500,2499,-1,2220,2499,2131,-1,2131,2499,2445,-1,2131,2445,2132,-1,2132,2445,2444,-1,2132,2444,2162,-1,2162,2444,2523,-1,2162,2523,2163,-1,2163,2523,2522,-1,2163,2522,2255,-1,2255,2522,2521,-1,2501,2195,2194,-1,2501,2194,2530,-1,2530,2194,2271,-1,2530,2271,2531,-1,2531,2271,2227,-1,2531,2227,2529,-1,2529,2227,2226,-1,2529,2226,2528,-1,2528,2226,2225,-1,2528,2225,2532,-1,2532,2225,2196,-1,2532,2196,2336,-1,2335,2197,2224,-1,2335,2224,2533,-1,2533,2224,2223,-1,2533,2223,2539,-1,2539,2223,2160,-1,2539,2160,2538,-1,2538,2160,2159,-1,2538,2159,2536,-1,2536,2159,2222,-1,2536,2222,2537,-1,2537,2222,2221,-1,2537,2221,2475,-1,2288,2525,2184,-1,2184,2525,2524,-1,2184,2524,2185,-1,2185,2524,2371,-1,2185,2371,2187,-1,2187,2371,2370,-1,2187,2370,2188,-1,2188,2370,2416,-1,2188,2416,2148,-1,2148,2416,2418,-1,2148,2418,2130,-1,2130,2418,2446,-1,2341,2178,2176,-1,2341,2176,2360,-1,2360,2176,2182,-1,2360,2182,2361,-1,2361,2182,2181,-1,2361,2181,2362,-1,2362,2181,2180,-1,2362,2180,2379,-1,2379,2180,2208,-1,2379,2208,2380,-1,2105,2453,2104,-1,2104,2453,2404,-1,2104,2404,2102,-1,2102,2404,2403,-1,2102,2403,2111,-1,2111,2403,2402,-1,2111,2402,2112,-1,2112,2402,2338,-1,2112,2338,2209,-1,2209,2338,2337,-1,2209,2337,2210,-1,2210,2337,2395,-1,2261,2494,2259,-1,2259,2494,2493,-1,2259,2493,2139,-1,2139,2493,2367,-1,2139,2367,2140,-1,2140,2367,2366,-1,2140,2366,2155,-1,2155,2366,2425,-1,2155,2425,2156,-1,2156,2425,2413,-1,2156,2413,2157,-1,2157,2413,2450,-1,396,1175,398,-1,398,1175,1166,-1,398,1166,399,-1,399,1166,1194,-1,399,1194,400,-1,400,1194,1189,-1,400,1189,401,-1,401,1189,1191,-1,401,1191,402,-1,402,1191,1192,-1,402,1192,9,-1,9,1192,1202,-1,1176,410,1177,-1,1177,410,408,-1,1177,408,1182,-1,1182,408,419,-1,1182,419,1183,-1,1183,419,427,-1,1183,427,1184,-1,1184,427,426,-1,1184,426,1205,-1,1205,426,424,-1,1205,424,1198,-1,1198,424,423,-1,926,1253,925,-1,925,1253,1269,-1,925,1269,923,-1,923,1269,1268,-1,923,1268,922,-1,922,1268,1267,-1,922,1267,921,-1,921,1267,1266,-1,921,1266,935,-1,935,1266,1264,-1,935,1264,927,-1,927,1264,1263,-1,885,1240,879,-1,879,1240,1217,-1,879,1217,880,-1,880,1217,1215,-1,880,1215,893,-1,893,1215,1213,-1,893,1213,894,-1,894,1213,1212,-1,894,1212,924,-1,924,1212,1238,-1,924,1238,951,-1,951,1238,1237,-1,938,1256,939,-1,939,1256,1276,-1,939,1276,941,-1,941,1276,1224,-1,941,1224,942,-1,942,1224,1223,-1,942,1223,888,-1,888,1223,1222,-1,888,1222,952,-1,952,1222,1255,-1,952,1255,950,-1,950,1255,1254,-1,1233,895,1249,-1,1249,895,920,-1,1249,920,1244,-1,1244,920,919,-1,1244,919,1208,-1,1208,919,937,-1,1208,937,1209,-1,1209,937,936,-1,1209,936,1265,-1,1265,936,934,-1,1265,934,1250,-1,1250,934,933,-1,413,1168,412,-1,412,1168,1169,-1,412,1169,416,-1,416,1169,1185,-1,416,1185,417,-1,417,1185,1207,-1,417,1207,418,-1,418,1207,1206,-1,418,1206,425,-1,425,1206,1204,-1,425,1204,420,-1,420,1204,1203,-1,3219,3264,3266,-1,3219,3266,3225,-1,3225,3266,3281,-1,3225,3281,3226,-1,3226,3281,3280,-1,3226,3280,3228,-1,3187,3185,3210,-1,3187,3210,3268,-1,3268,3210,3212,-1,3268,3212,3269,-1,3269,3212,3213,-1,3269,3213,3277,-1,3277,3213,3229,-1,3277,3229,3278,-1,3184,3186,3260,-1,3184,3260,3218,-1,3218,3260,3261,-1,3218,3261,3199,-1,3199,3261,3250,-1,3199,3250,3200,-1,3200,3250,3249,-1,3200,3249,3214,-1,3214,3249,3270,-1,3214,3270,3215,-1,3215,3270,1295,-1,3215,1295,1294,-1,3285,2108,2106,-1,3285,2106,3296,-1,3296,2106,2203,-1,3296,2203,3294,-1,3294,2203,3289,-1,3289,2203,2202,-1,3289,2202,3288,-1,3288,2202,2201,-1,3288,2201,3286,-1,3286,2201,2200,-1,3286,2200,3287,-1,3287,2200,2199,-1,3287,2199,3284,-1,2090,3282,3297,-1,2099,3293,2096,-1,2096,3293,3292,-1,2096,3292,2167,-1,2167,3292,3283,-1,2167,3283,2168,-1,2090,3297,2097,-1,2097,3297,3295,-1,2097,3295,2098,-1,2098,3295,3290,-1,2098,3290,2099,-1,2099,3290,3291,-1,2099,3291,3293,-1,3273,3206,3246,-1,3246,3206,3205,-1,3246,3205,3247,-1,3247,3205,3195,-1,3247,3195,3255,-1,3255,3195,3194,-1,3255,3194,3256,-1,3256,3194,3193,-1,3256,3193,3257,-1,3257,3193,3192,-1,3257,3192,3274,-1,3274,3192,3198,-1,3253,3222,3254,-1,3254,3222,3204,-1,3254,3204,3258,-1,3258,3204,3203,-1,3258,3203,3259,-1,3259,3203,3202,-1,3259,3202,3248,-1,3248,3202,3201,-1,3248,3201,3271,-1,3271,3201,3216,-1,3271,3216,3272,-1,3272,3216,3217,-1,3275,3197,3276,-1,3276,3197,3196,-1,3276,3196,3241,-1,3241,3196,3191,-1,3241,3191,3242,-1,3242,3191,3189,-1,3242,3189,3262,-1,3262,3189,3188,-1,3262,3188,3263,-1,3263,3188,3221,-1,3263,3221,3265,-1,3265,3221,3220,-1,3279,3227,3267,-1,3267,3227,3211,-1,3267,3211,3243,-1,3243,3211,3209,-1,3243,3209,3244,-1,3244,3209,3208,-1,3244,3208,3245,-1,3245,3208,3207,-1,3245,3207,3251,-1,3251,3207,3224,-1,3251,3224,3252,-1,3252,3224,3223,-1,2211,2378,2410,-1,2211,2410,2231,-1,2231,2410,2409,-1,2231,2409,2232,-1,2232,2409,2408,-1,2232,2408,2263,-1,2263,2408,2377,-1,2263,2377,2264,-1,2264,2377,2376,-1,2264,2376,2212,-1,2212,2376,2353,-1,2212,2353,2141,-1,2382,2169,2171,-1,2382,2171,2383,-1,2383,2171,2174,-1,2383,2174,2385,-1,2251,2517,2252,-1,2252,2517,2516,-1,2252,2516,2278,-1,2278,2516,2486,-1,2278,2486,2279,-1,2279,2486,2485,-1,2279,2485,2254,-1,2254,2485,2484,-1,2254,2484,2283,-1,2283,2484,2462,-1,2283,2462,2282,-1,2282,2462,2483,-1,2440,2217,2216,-1,2440,2216,2434,-1,2434,2216,2191,-1,2434,2191,2432,-1,2468,2128,2127,-1,2468,2127,2469,-1,2469,2127,2247,-1,2469,2247,2470,-1,2470,2247,2246,-1,2470,2246,2436,-1,2436,2246,2219,-1,2436,2219,2437,-1,2437,2219,2218,-1,2437,2218,2439,-1,2268,2348,2347,-1,2268,2347,2269,-1,2269,2347,2429,-1,2269,2429,2270,-1,2270,2429,2428,-1,2270,2428,2241,-1,2241,2428,2424,-1,2241,2424,2242,-1,2242,2424,2423,-1,2242,2423,2244,-1,2245,2422,2421,-1,2245,2421,2239,-1,2239,2421,2407,-1,2239,2407,2215,-1,2233,2458,2234,-1,2234,2458,2482,-1,2234,2482,2235,-1,2235,2482,2481,-1,2235,2481,2236,-1,2236,2481,2480,-1,2236,2480,2265,-1,2265,2480,2455,-1,2265,2455,2266,-1,2266,2455,2454,-1,2266,2454,2267,-1,2267,2454,2479,-1,2179,2343,2345,-1,2179,2345,2113,-1,2113,2345,2365,-1,2113,2365,2114,-1,2114,2365,2364,-1,2114,2364,2204,-1,2204,2364,2363,-1,2204,2363,2205,-1,2205,2363,2386,-1,2205,2386,2173,-1,2123,2352,2358,-1,2123,2358,2206,-1,2206,2358,2381,-1,2206,2381,2207,-1,2141,2353,2142,-1,2142,2353,2375,-1,2142,2375,2143,-1,2143,2375,2374,-1,2143,2374,2144,-1,2144,2374,2373,-1,2144,2373,2145,-1,2145,2373,2394,-1,2145,2394,2146,-1,2146,2394,2393,-1,2146,2393,2125,-1,2125,2393,2392,-1,2284,2397,2285,-1,2285,2397,2391,-1,2285,2391,2286,-1,2286,2391,2390,-1,2286,2390,2276,-1,2276,2390,2388,-1,2276,2388,2277,-1,2277,2388,2476,-1,2277,2476,2296,-1,2296,2476,2412,-1,2296,2412,2297,-1,2297,2412,2411,-1,1214,1216,2548,-1,2548,1216,2323,-1,2548,2323,2546,-1,2546,2323,2325,-1,2546,2325,2544,-1,2544,2325,2327,-1,2544,2327,2542,-1,2542,2327,2329,-1,2542,2329,2540,-1,2540,2329,2331,-1,2540,2331,2399,-1,2399,2331,2333,-1,1252,1251,3182,-1,3182,1251,2313,-1,3182,2313,3180,-1,3180,2313,2315,-1,3180,2315,3178,-1,3178,2315,2317,-1,3178,2317,3176,-1,3176,2317,2319,-1,3176,2319,3174,-1,3174,2319,2321,-1,3174,2321,1199,-1,1199,2321,1200,-1,
        ]
    }
}
Shape{
    appearance Appearance {
        material  Material {
            diffuseColor 0.0 0.0 0.0
            specularColor 0.0 0.0 0.0
            ambientIntensity 0.0
            transparency 0.0
            shininess 0.5
        }
    }
    geometry IndexedFaceSet {
        ccw TRUE
        solid FALSE
        coord DEF co Coordinate {
            point [
                -0.1009 1.8655 2.1928, -0.1007 1.8655 2.1746, -0.1009 1.8652 2.1928, -0.1007 1.8652 2.1746, -0.0371 1.8655 2.1933, -0.0371 1.8652 2.1933, -0.0381 1.8655 2.3352, -0.0381 1.8652 2.3345, -0.0381 1.8652 2.3352, -0.0174 1.8655 2.3353, -0.0174 1.8652 2.3353, -0.0163 1.8652 2.1752, -0.0163 1.8655 2.1752, -0.0174 1.8652 2.3345, -0.2272 1.8652 2.1803, -0.2272 1.8655 2.1803, -0.2245 1.8655 2.179, -0.1828 1.8655 2.1713, -0.1828 1.8652 2.1713, -0.1878 1.8652 2.1717, -0.2073 1.8655 2.1735, -0.2073 1.8652 2.1735, -0.2203 1.8652 2.1776, -0.2245 1.8652 2.179, -0.2274 1.8655 2.2001, -0.2274 1.8652 2.2001, -0.2203 1.8652 2.197, -0.2116 1.8655 2.1932, -0.2116 1.8652 2.1932, -0.1934 1.8652 2.1899, -0.1934 1.8655 2.1899, -0.186 1.8652 2.1897, -0.186 1.8655 2.1897, -0.172 1.8652 2.1912, -0.172 1.8655 2.1912, -0.1602 1.8652 2.1954, -0.1602 1.8655 2.1954, -0.1494 1.8652 2.2025, -0.1494 1.8655 2.2025, -0.1449 1.8652 2.2069, -0.1449 1.8655 2.2069, -0.1377 1.8652 2.2169, -0.1377 1.8655 2.2169, -0.1324 1.8652 2.2297, -0.1324 1.8655 2.2297, -0.1298 1.8652 2.2454, -0.1298 1.8655 2.2454, -0.1295 1.8652 2.2527, -0.1295 1.8655 2.2527, -0.1323 1.8652 2.2746, -0.1323 1.8655 2.2746, -0.1378 1.8652 2.2884, -0.1378 1.8655 2.2884, -0.1456 1.8652 2.2995, -0.1456 1.8655 2.2995, -0.1467 1.8652 2.3007, -0.1467 1.8655 2.3007, -0.1566 1.8652 2.3089, -0.1566 1.8655 2.3089, -0.1691 1.8652 2.315, -0.1691 1.8655 2.315, -0.1829 1.8652 2.3178, -0.1829 1.8655 2.3178, -0.1905 1.8652 2.3181, -0.1905 1.8655 2.3181, -0.2281 1.8652 2.3084, -0.2281 1.8655 2.3084, -0.2264 1.8655 2.3093, -0.2102 1.8652 2.3156, -0.2102 1.8655 2.3156, -0.2203 1.8652 2.3117, -0.2264 1.8652 2.3093, -0.2283 1.8655 2.33, -0.2283 1.8652 2.33, -0.2132 1.8652 2.3345, -0.2114 1.8655 2.335, -0.2203 1.8652 2.3324, -0.2114 1.8652 2.335, -0.1904 1.8652 2.3368, -0.1904 1.8655 2.3368, -0.1673 1.8655 2.3342, -0.1699 1.8652 2.3345, -0.1673 1.8652 2.3342, -0.1505 1.8652 2.3278, -0.1505 1.8655 2.3278, -0.1354 1.8652 2.3174, -0.1354 1.8655 2.3174, -0.1314 1.8652 2.3136, -0.1314 1.8655 2.3136, -0.1197 1.8652 2.2986, -0.1197 1.8655 2.2986, -0.1139 1.8652 2.2852, -0.112 1.8655 2.2808, -0.112 1.8652 2.2808, -0.1082 1.8652 2.2599, -0.1082 1.8655 2.2599, -0.1078 1.8652 2.2516, -0.1078 1.8655 2.2516, -0.1108 1.8652 2.2255, -0.1108 1.8655 2.2255, -0.1139 1.8652 2.2175, -0.1172 1.8655 2.2088, -0.1172 1.8652 2.2088, -0.1267 1.8652 2.195, -0.1267 1.8655 2.195, -0.128 1.8652 2.1936, -0.128 1.8655 2.1936, -0.1748 1.8652 2.1717, -0.1732 1.8655 2.1718, -0.1732 1.8652 2.1718, -0.1558 1.8655 2.1755, -0.1558 1.8652 2.1755, -0.1408 1.8655 2.1828, -0.1408 1.8652 2.1828, -0.3455 1.8655 2.1911, -0.3454 1.8655 2.1729, -0.3455 1.8652 2.1911, -0.3454 1.8652 2.1729, -0.28 1.8652 2.1916, -0.28 1.8655 2.1916, -0.3219 1.8652 2.1913, -0.2804 1.8655 2.2454, -0.2804 1.8652 2.2454, -0.3377 1.8652 2.245, -0.3377 1.8655 2.245, -0.3219 1.8652 2.2451, -0.3378 1.8655 2.2634, -0.3378 1.8652 2.2634, -0.2806 1.8652 2.2638, -0.2806 1.8655 2.2638, -0.3219 1.8652 2.2635, -0.2809 1.8655 2.315, -0.2809 1.8652 2.315, -0.3427 1.8652 2.3146, -0.3427 1.8655 2.3146, -0.3219 1.8652 2.3147, -0.3429 1.8655 2.333, -0.3429 1.8652 2.333, -0.2604 1.8652 2.3336, -0.2604 1.8655 2.3336, -0.3219 1.8652 2.3332, -0.2592 1.8655 2.1735, -0.2592 1.8652 2.1735, -0.3219 1.8652 2.173, -0.482 1.8655 2.1943, -0.4655 1.8655 2.2052, -0.4652 1.8655 2.1824, -0.4551 1.8655 2.1981, -0.4468 1.8655 2.1754, -0.4418 1.8655 2.1931, -0.4197 1.8655 2.1723, -0.4197 1.8655 2.1906, -0.3756 1.8655 2.1726, -0.3964 1.8655 2.1907, -0.3768 1.8655 2.3328, -0.3973 1.8655 2.3142, -0.4224 1.8655 2.3324, -0.4215 1.8655 2.314, -0.4231 1.8655 2.314, -0.4469 1.8655 2.3296, -0.4436 1.8655 2.3112, -0.4661 1.8655 2.3224, -0.4571 1.8655 2.3059, -0.4828 1.8655 2.3108, -0.4676 1.8655 2.2986, -0.4885 1.8655 2.3052, -0.4721 1.8655 2.2942, -0.4983 1.8655 2.2912, -0.4782 1.8655 2.2852, -0.5041 1.8655 2.2759, -0.4826 1.8655 2.2734, -0.5066 1.8655 2.2538, -0.4848 1.8655 2.2534, -0.506 1.8655 2.2436, -0.4841 1.8655 2.2425, -0.502 1.8655 2.2249, -0.4808 1.8655 2.228, -0.494 1.8655 2.2084, -0.4751 1.8655 2.2163, -0.4674 1.8655 2.2069, -0.4197 1.8652 2.1723, -0.3756 1.8652 2.1726, -0.4468 1.8652 2.1754, -0.4652 1.8652 2.1824, -0.482 1.8652 2.1943, -0.494 1.8652 2.2084, -0.502 1.8652 2.2249, -0.506 1.8652 2.2436, -0.5066 1.8652 2.2538, -0.5041 1.8652 2.2759, -0.4983 1.8652 2.2912, -0.4885 1.8652 2.3052, -0.4828 1.8652 2.3108, -0.4661 1.8652 2.3224, -0.4469 1.8652 2.3296, -0.4224 1.8652 2.3324, -0.3768 1.8652 2.3328, -0.4215 1.8652 2.314, -0.3973 1.8652 2.3142, -0.3964 1.8652 2.1907, -0.4197 1.8652 2.1906, -0.4674 1.8652 2.2069, -0.4655 1.8652 2.2052, -0.4551 1.8652 2.1981, -0.4418 1.8652 2.1931, -0.4848 1.8652 2.2534, -0.4841 1.8652 2.2425, -0.4808 1.8652 2.228, -0.4751 1.8652 2.2163, -0.4676 1.8652 2.2986, -0.4721 1.8652 2.2942, -0.4782 1.8652 2.2852, -0.4826 1.8652 2.2734, -0.4231 1.8652 2.314, -0.4436 1.8652 2.3112, -0.4571 1.8652 2.3059
            ]
        }
        coordIndex [
            0,1,2,-1,2,1,3,-1,4,0,5,-1,5,0,2,-1,4,5,6,-1,6,5,7,-1,6,7,8,-1,9,6,10,-1,10,6,8,-1,11,12,13,-1,13,12,9,-1,13,9,10,-1,1,12,3,-1,3,12,11,-1,6,9,4,-1,4,9,12,-1,4,12,0,-1,0,12,1,-1,14,15,16,-1,17,18,19,-1,17,19,20,-1,19,21,20,-1,20,21,22,-1,20,22,16,-1,16,22,23,-1,16,23,14,-1,24,15,25,-1,25,15,14,-1,24,25,26,-1,24,26,27,-1,26,28,27,-1,27,28,29,-1,27,29,30,-1,30,29,31,-1,30,31,32,-1,32,31,33,-1,32,33,34,-1,34,33,35,-1,34,35,36,-1,36,35,37,-1,36,37,38,-1,38,37,39,-1,38,39,40,-1,40,39,41,-1,40,41,42,-1,42,41,43,-1,42,43,44,-1,44,43,45,-1,44,45,46,-1,46,45,47,-1,46,47,48,-1,48,47,49,-1,48,49,50,-1,50,49,51,-1,50,51,52,-1,52,51,53,-1,52,53,54,-1,54,53,55,-1,54,55,56,-1,56,55,57,-1,56,57,58,-1,58,57,59,-1,58,59,60,-1,60,59,61,-1,60,61,62,-1,62,61,63,-1,62,63,64,-1,65,66,67,-1,64,63,68,-1,64,68,69,-1,69,68,70,-1,69,70,67,-1,67,70,71,-1,67,71,65,-1,72,66,73,-1,73,66,65,-1,74,75,76,-1,76,75,72,-1,76,72,73,-1,74,77,75,-1,75,77,78,-1,75,78,79,-1,80,79,81,-1,81,79,78,-1,81,82,80,-1,80,82,83,-1,80,83,84,-1,84,83,85,-1,84,85,86,-1,86,85,87,-1,86,87,88,-1,88,87,89,-1,88,89,90,-1,90,89,91,-1,90,91,92,-1,91,93,92,-1,92,93,94,-1,92,94,95,-1,95,94,96,-1,95,96,97,-1,97,96,98,-1,97,98,99,-1,99,98,100,-1,99,100,101,-1,100,102,101,-1,101,102,103,-1,101,103,104,-1,104,103,105,-1,104,105,106,-1,18,17,107,-1,107,17,108,-1,107,108,109,-1,109,108,110,-1,109,110,111,-1,111,110,112,-1,111,112,113,-1,113,112,106,-1,113,106,105,-1,58,60,80,-1,50,52,90,-1,90,52,88,-1,80,60,79,-1,97,48,95,-1,95,48,50,-1,95,50,92,-1,92,50,90,-1,60,62,79,-1,79,62,64,-1,79,64,75,-1,75,64,69,-1,75,69,72,-1,72,69,67,-1,72,67,66,-1,15,24,16,-1,16,24,27,-1,16,27,20,-1,20,27,30,-1,20,30,17,-1,17,30,32,-1,17,32,108,-1,108,32,34,-1,108,34,110,-1,110,34,36,-1,110,36,112,-1,112,36,38,-1,112,38,106,-1,106,38,40,-1,106,40,104,-1,104,40,42,-1,104,42,101,-1,101,42,99,-1,99,42,44,-1,99,44,97,-1,97,44,46,-1,97,46,48,-1,52,54,88,-1,88,54,56,-1,88,56,86,-1,86,56,58,-1,86,58,84,-1,84,58,80,-1,114,115,116,-1,116,115,117,-1,118,119,120,-1,120,119,114,-1,120,114,116,-1,121,119,122,-1,122,119,118,-1,123,124,125,-1,125,124,121,-1,125,121,122,-1,126,124,127,-1,127,124,123,-1,128,129,130,-1,130,129,126,-1,130,126,127,-1,131,129,132,-1,132,129,128,-1,133,134,135,-1,135,134,131,-1,135,131,132,-1,136,134,137,-1,137,134,133,-1,138,139,140,-1,140,139,136,-1,140,136,137,-1,141,139,142,-1,142,139,138,-1,117,115,143,-1,143,115,141,-1,143,141,142,-1,141,115,114,-1,114,119,141,-1,141,119,121,-1,141,121,139,-1,134,136,131,-1,131,136,139,-1,131,139,129,-1,129,139,121,-1,129,121,126,-1,126,121,124,-1,144,145,146,-1,146,145,147,-1,146,147,148,-1,148,147,149,-1,148,149,150,-1,150,149,151,-1,150,151,152,-1,152,151,153,-1,152,153,154,-1,154,153,155,-1,154,155,156,-1,155,157,156,-1,156,157,158,-1,156,158,159,-1,159,158,160,-1,159,160,161,-1,161,160,162,-1,161,162,163,-1,163,162,164,-1,163,164,165,-1,165,164,166,-1,165,166,167,-1,167,166,168,-1,167,168,169,-1,169,168,170,-1,169,170,171,-1,171,170,172,-1,171,172,173,-1,173,172,174,-1,173,174,175,-1,175,174,176,-1,175,176,177,-1,177,176,178,-1,177,178,144,-1,144,178,179,-1,144,179,145,-1,150,152,180,-1,180,152,181,-1,150,180,182,-1,150,182,148,-1,148,182,183,-1,148,183,146,-1,146,183,184,-1,146,184,144,-1,144,184,185,-1,144,185,177,-1,177,185,186,-1,177,186,175,-1,175,186,187,-1,175,187,173,-1,173,187,188,-1,173,188,171,-1,171,188,189,-1,171,189,169,-1,169,189,190,-1,169,190,167,-1,167,190,191,-1,167,191,165,-1,165,191,192,-1,165,192,163,-1,163,192,193,-1,163,193,161,-1,161,193,194,-1,161,194,159,-1,159,194,195,-1,159,195,156,-1,154,156,196,-1,196,156,195,-1,152,154,181,-1,181,154,196,-1,157,155,197,-1,197,155,198,-1,155,153,198,-1,198,153,199,-1,153,151,199,-1,199,151,200,-1,179,201,202,-1,179,202,145,-1,145,202,203,-1,145,203,147,-1,147,203,204,-1,147,204,149,-1,149,204,200,-1,149,200,151,-1,172,205,206,-1,172,206,174,-1,174,206,207,-1,174,207,176,-1,176,207,208,-1,176,208,178,-1,178,208,201,-1,178,201,179,-1,164,209,210,-1,164,210,166,-1,166,210,211,-1,166,211,168,-1,168,211,212,-1,168,212,170,-1,170,212,205,-1,170,205,172,-1,157,197,213,-1,157,213,158,-1,158,213,214,-1,158,214,160,-1,160,214,215,-1,160,215,162,-1,162,215,209,-1,162,209,164,-1,
        ]
    }
}
Shape{
    appearance Appearance {
        material  Material {
            diffuseColor 0.8509803921568627 0.8509803921568627 0.8509803921568627
            specularColor 0.4235294117647059 0.4235294117647059 0.4235294117647059
            ambientIntensity 0.851
            transparency 0.0
            shininess 0.5
        }
    }
    geometry IndexedFaceSet {
        ccw TRUE
        solid FALSE
        coord DEF co Coordinate {
            point [
                -0.4551 1.8652 2.1981, -0.4655 1.8652 2.2052, -0.4231 1.8652 2.314, -0.3973 1.8652 2.3142, -0.3964 1.8652 2.1907, -0.4215 1.8652 2.314, -0.4197 1.8652 2.1906, -0.4418 1.8652 2.1931, -0.4674 1.8652 2.2069, -0.4751 1.8652 2.2163, -0.4808 1.8652 2.228, -0.4848 1.8652 2.2534, -0.4676 1.8652 2.2986, -0.4571 1.8652 2.3059, -0.4826 1.8652 2.2734, -0.4782 1.8652 2.2852, -0.4721 1.8652 2.2942, -0.4841 1.8652 2.2425, -0.4436 1.8652 2.3112
            ]
        }
        coordIndex [
            0,1,2,-1,3,4,5,-1,5,4,6,-1,5,6,2,-1,2,6,7,-1,2,7,0,-1,1,8,2,-1,2,8,9,-1,2,9,10,-1,11,12,13,-1,14,15,11,-1,11,15,16,-1,11,16,12,-1,10,17,2,-1,2,17,11,-1,2,11,18,-1,18,11,13,-1,
        ]
    }
}
Shape{
    appearance Appearance {
        material  Material {
            diffuseColor 0.0 0.0 0.0
            specularColor 0.0 0.0 0.0
            ambientIntensity 0.0
            transparency 0.0
            shininess 0.5
        }
    }
    geometry IndexedFaceSet {
        ccw TRUE
        solid FALSE
        coord DEF co Coordinate {
            point [
                -0.5601 1.8655 2.2332, -0.5845 1.8655 2.2996, -0.577 1.8655 2.3314, -0.5149 1.8655 2.1717, -0.5377 1.8655 2.1715, -0.5534 1.8655 2.2152, -0.5859 1.8655 2.3044, -0.5872 1.8655 2.3108, -0.5991 1.8655 2.3312, -0.5877 1.8655 2.3108, -0.589 1.8655 2.304, -0.5901 1.8655 2.2996, -0.6138 1.8655 2.2328, -0.659 1.8655 2.1706, -0.6361 1.8655 2.1708, -0.6201 1.8655 2.2147, -0.5991 1.8652 2.3312, -0.6586 1.8652 2.1717, -0.659 1.8652 2.1706, -0.577 1.8652 2.3314, -0.5149 1.8652 2.1717, -0.5149 1.8652 2.1717, -0.5593 1.8652 2.2858, -0.5377 1.8652 2.1715, -0.5534 1.8652 2.2152, -0.5378 1.8652 2.1717, -0.6201 1.8652 2.2147, -0.5593 1.8652 2.2151, -0.6358 1.8652 2.1717, -0.6361 1.8652 2.1708, -0.5601 1.8652 2.2332, -0.6138 1.8652 2.2328, -0.5901 1.8652 2.2996, -0.5877 1.8652 2.3108, -0.589 1.8652 2.304, -0.5872 1.8652 2.3108, -0.5845 1.8652 2.2996, -0.5859 1.8652 2.3044
            ]
        }
        coordIndex [
            0,1,2,-1,3,4,5,-1,1,6,2,-1,2,6,7,-1,2,7,8,-1,8,7,9,-1,8,9,10,-1,10,11,8,-1,8,11,12,-1,8,12,13,-1,14,13,15,-1,15,13,12,-1,15,12,5,-1,5,12,0,-1,5,0,3,-1,3,0,2,-1,16,8,17,-1,17,8,13,-1,17,13,18,-1,2,8,19,-1,19,8,16,-1,20,21,3,-1,20,3,22,-1,22,3,2,-1,22,2,19,-1,4,3,23,-1,23,3,21,-1,24,5,25,-1,25,5,4,-1,25,4,23,-1,26,15,27,-1,27,15,5,-1,27,5,24,-1,15,26,14,-1,14,26,28,-1,14,28,29,-1,13,14,18,-1,18,14,29,-1,0,12,30,-1,30,12,31,-1,12,11,31,-1,31,11,32,-1,9,33,34,-1,9,34,10,-1,10,34,32,-1,10,32,11,-1,9,7,33,-1,33,7,35,-1,1,36,37,-1,1,37,6,-1,6,37,35,-1,6,35,7,-1,1,0,36,-1,36,0,30,-1,
        ]
    }
}
Shape{
    appearance Appearance {
        material  Material {
            diffuseColor 0.8509803921568627 0.8509803921568627 0.8509803921568627
            specularColor 0.4235294117647059 0.4235294117647059 0.4235294117647059
            ambientIntensity 0.851
            transparency 0.0
            shininess 0.5
        }
    }
    geometry IndexedFaceSet {
        ccw TRUE
        solid FALSE
        coord DEF co Coordinate {
            point [
                -0.5877 1.8652 2.3108, -0.5872 1.8652 2.3108, -0.589 1.8652 2.304, -0.5859 1.8652 2.3044, -0.5901 1.8652 2.2996, -0.5845 1.8652 2.2996, -0.6138 1.8652 2.2328, -0.5601 1.8652 2.2332
            ]
        }
        coordIndex [
            0,1,2,-1,2,1,3,-1,2,3,4,-1,4,3,5,-1,4,5,6,-1,6,5,7,-1,
        ]
    }
}
Shape{
    appearance Appearance {
        material  Material {
            diffuseColor 0.0 0.0 0.0
            specularColor 0.0 0.0 0.0
            ambientIntensity 0.0
            transparency 0.0
            shininess 0.5
        }
    }
    geometry IndexedFaceSet {
        ccw TRUE
        solid FALSE
        coord DEF co Coordinate {
            point [
                -0.1008 1.8655 1.9388, -0.1006 1.8655 1.9205, -0.1008 1.8652 1.9388, -0.1006 1.8652 1.9205, -0.0353 1.8655 1.9393, -0.0353 1.8652 1.9393, -0.0357 1.8655 1.9931, -0.0357 1.8652 1.9931, -0.0929 1.8655 1.9927, -0.0929 1.8652 1.9927, -0.0931 1.8655 2.0111, -0.0931 1.8652 2.0111, -0.0358 1.8655 2.0115, -0.0358 1.8652 2.0115, -0.0362 1.8655 2.0627, -0.0362 1.8652 2.0627, -0.098 1.8655 2.0623, -0.098 1.8652 2.0623, -0.0981 1.8652 2.0766, -0.0981 1.8655 2.0807, -0.0981 1.8652 2.0797, -0.0981 1.8652 2.0807, -0.0156 1.8655 2.0813, -0.0156 1.8652 2.0813, -0.0145 1.8652 1.9211, -0.0145 1.8655 1.9211, -0.0156 1.8652 2.0766, -0.0156 1.8652 2.0797, -0.1917 1.8655 1.9199, -0.2117 1.8655 1.9197, -0.1918 1.8655 1.9376, -0.2122 1.8655 1.9933, -0.1653 1.8655 1.9739, -0.1921 1.8655 1.9773, -0.192 1.8655 1.9663, -0.1913 1.8655 1.9376, -0.1807 1.8655 1.9406, -0.1859 1.8655 1.9302, -0.175 1.8655 1.9368, -0.1349 1.8655 1.9804, -0.1286 1.8655 1.9752, -0.1434 1.8655 1.964, -0.192 1.8655 1.965, -0.1906 1.8655 1.956, -0.1876 1.8655 1.9489, -0.1832 1.8655 1.943, -0.1317 1.8655 2.0267, -0.1316 1.8655 2.0072, -0.1359 1.8655 2.0291, -0.1435 1.8655 2.0148, -0.1509 1.8655 2.0347, -0.156 1.8655 2.0193, -0.1712 1.8655 2.037, -0.1692 1.8655 2.0208, -0.1836 1.8655 2.0358, -0.176 1.8655 2.02, -0.192 1.8655 2.0331, -0.1806 1.8655 2.0183, -0.1986 1.8655 2.0292, -0.1842 1.8655 2.016, -0.2038 1.8655 2.024, -0.1872 1.8655 2.0128, -0.2079 1.8655 2.0174, -0.1895 1.8655 2.0086, -0.2109 1.8655 2.0081, -0.1915 1.8655 2.0015, -0.1922 1.8655 1.9926, -0.1416 1.8655 1.9603, -0.1245 1.8655 1.9695, -0.1406 1.8655 1.9557, -0.1582 1.8655 1.9881, -0.1482 1.8655 1.9688, -0.1529 1.8655 1.971, -0.1444 1.8655 1.9409, -0.1297 1.8655 1.9266, -0.1461 1.8655 1.9391, -0.1364 1.8655 1.9219, -0.1501 1.8655 1.9364, -0.1441 1.8655 1.9189, -0.1546 1.8655 1.9347, -0.1561 1.8655 1.9174, -0.1614 1.8655 1.9339, -0.1675 1.8655 1.9188, -0.1689 1.8655 1.9346, -0.1755 1.8655 1.9219, -0.1793 1.8655 1.9242, -0.1458 1.8655 1.967, -0.1437 1.8655 1.9847, -0.1216 1.8655 1.9625, -0.1201 1.8655 1.954, -0.1404 1.8655 1.9525, -0.12 1.8655 1.951, -0.1409 1.8655 1.9479, -0.121 1.8655 1.9419, -0.1422 1.8655 1.9443, -0.1234 1.8655 1.9351, -0.1275 1.8655 1.9289, -0.1712 1.8652 2.037, -0.1509 1.8652 2.0347, -0.1359 1.8652 2.0291, -0.1317 1.8652 2.0267, -0.1316 1.8652 2.0072, -0.1435 1.8652 2.0148, -0.156 1.8652 2.0193, -0.1692 1.8652 2.0208, -0.176 1.8652 2.02, -0.1806 1.8652 2.0183, -0.1842 1.8652 2.016, -0.1872 1.8652 2.0128, -0.1895 1.8652 2.0086, -0.1915 1.8652 2.0015, -0.1922 1.8652 1.9926, -0.1582 1.8652 1.9881, -0.1437 1.8652 1.9847, -0.1349 1.8652 1.9804, -0.1286 1.8652 1.9752, -0.1245 1.8652 1.9695, -0.1216 1.8652 1.9625, -0.1201 1.8652 1.954, -0.12 1.8652 1.951, -0.121 1.8652 1.9419, -0.1234 1.8652 1.9351, -0.1275 1.8652 1.9289, -0.1297 1.8652 1.9266, -0.1364 1.8652 1.9219, -0.1441 1.8652 1.9189, -0.1561 1.8652 1.9174, -0.1675 1.8652 1.9188, -0.1755 1.8652 1.9219, -0.1793 1.8652 1.9242, -0.1859 1.8652 1.9302, -0.1913 1.8652 1.9376, -0.1918 1.8652 1.9376, -0.1917 1.8652 1.9199, -0.2117 1.8652 1.9197, -0.2122 1.8652 1.9933, -0.2109 1.8652 2.0081, -0.2079 1.8652 2.0174, -0.2038 1.8652 2.024, -0.1986 1.8652 2.0292, -0.192 1.8652 2.0331, -0.1836 1.8652 2.0358, -0.1458 1.8652 1.967, -0.1482 1.8652 1.9688, -0.1529 1.8652 1.971, -0.1653 1.8652 1.9739, -0.1404 1.8652 1.9525, -0.1406 1.8652 1.9557, -0.1416 1.8652 1.9603, -0.1434 1.8652 1.964, -0.1461 1.8652 1.9391, -0.1444 1.8652 1.9409, -0.1422 1.8652 1.9443, -0.1409 1.8652 1.9479, -0.1614 1.8652 1.9339, -0.1546 1.8652 1.9347, -0.1501 1.8652 1.9364, -0.1832 1.8652 1.943, -0.1807 1.8652 1.9406, -0.175 1.8652 1.9368, -0.1689 1.8652 1.9346, -0.192 1.8652 1.9663, -0.192 1.8652 1.965, -0.1906 1.8652 1.956, -0.1876 1.8652 1.9489, -0.1921 1.8652 1.9773
            ]
        }
        coordIndex [
            0,1,2,-1,2,1,3,-1,4,0,5,-1,5,0,2,-1,6,4,7,-1,7,4,5,-1,8,6,9,-1,9,6,7,-1,10,8,11,-1,11,8,9,-1,12,10,13,-1,13,10,11,-1,14,12,15,-1,15,12,13,-1,16,14,17,-1,17,14,15,-1,16,17,18,-1,16,18,19,-1,19,18,20,-1,19,20,21,-1,22,19,23,-1,23,19,21,-1,24,25,26,-1,26,25,22,-1,26,22,27,-1,27,22,23,-1,1,25,3,-1,3,25,24,-1,25,1,0,-1,0,4,25,-1,25,4,6,-1,25,6,22,-1,16,19,14,-1,14,19,22,-1,14,22,12,-1,12,22,6,-1,12,6,10,-1,10,6,8,-1,28,29,30,-1,30,29,31,-1,32,33,31,-1,31,33,34,-1,35,36,37,-1,37,36,38,-1,39,40,41,-1,34,42,31,-1,31,42,43,-1,31,43,30,-1,30,43,44,-1,30,44,35,-1,35,44,45,-1,35,45,36,-1,46,47,48,-1,48,47,49,-1,48,49,50,-1,50,49,51,-1,50,51,52,-1,52,51,53,-1,52,53,54,-1,54,53,55,-1,54,55,56,-1,56,55,57,-1,56,57,58,-1,58,57,59,-1,58,59,60,-1,60,59,61,-1,60,61,62,-1,62,61,63,-1,62,63,64,-1,64,63,65,-1,64,65,31,-1,31,65,66,-1,31,66,32,-1,41,40,67,-1,67,40,68,-1,67,68,69,-1,70,71,66,-1,66,71,72,-1,66,72,32,-1,73,74,75,-1,75,74,76,-1,75,76,77,-1,77,76,78,-1,77,78,79,-1,79,78,80,-1,79,80,81,-1,81,80,82,-1,81,82,83,-1,83,82,84,-1,83,84,38,-1,38,84,85,-1,38,85,37,-1,41,86,39,-1,39,86,71,-1,39,71,87,-1,87,71,70,-1,68,88,69,-1,69,88,89,-1,69,89,90,-1,90,89,91,-1,90,91,92,-1,92,91,93,-1,92,93,94,-1,94,93,95,-1,94,95,73,-1,73,95,96,-1,73,96,74,-1,52,97,98,-1,52,98,50,-1,50,98,99,-1,50,99,48,-1,48,99,100,-1,48,100,46,-1,47,46,101,-1,101,46,100,-1,47,101,102,-1,47,102,49,-1,49,102,103,-1,49,103,51,-1,51,103,104,-1,51,104,53,-1,53,104,105,-1,53,105,55,-1,55,105,106,-1,55,106,57,-1,57,106,107,-1,57,107,59,-1,59,107,108,-1,59,108,61,-1,61,108,109,-1,61,109,63,-1,63,109,110,-1,63,110,65,-1,65,110,111,-1,65,111,66,-1,70,66,112,-1,112,66,111,-1,70,112,113,-1,70,113,87,-1,87,113,114,-1,87,114,39,-1,39,114,115,-1,39,115,40,-1,40,115,116,-1,40,116,68,-1,68,116,117,-1,68,117,88,-1,88,117,118,-1,88,118,89,-1,89,118,119,-1,89,119,91,-1,91,119,120,-1,91,120,93,-1,93,120,121,-1,93,121,95,-1,95,121,122,-1,95,122,96,-1,96,122,123,-1,96,123,74,-1,74,123,124,-1,74,124,76,-1,76,124,125,-1,76,125,78,-1,78,125,126,-1,78,126,80,-1,80,126,127,-1,80,127,82,-1,82,127,128,-1,82,128,84,-1,84,128,129,-1,84,129,85,-1,85,129,130,-1,85,130,37,-1,37,130,131,-1,37,131,35,-1,30,35,132,-1,132,35,131,-1,28,30,133,-1,133,30,132,-1,29,28,134,-1,134,28,133,-1,31,29,135,-1,135,29,134,-1,31,135,136,-1,31,136,64,-1,64,136,137,-1,64,137,62,-1,62,137,138,-1,62,138,60,-1,60,138,139,-1,60,139,58,-1,58,139,140,-1,58,140,56,-1,56,140,141,-1,56,141,54,-1,54,141,97,-1,54,97,52,-1,86,142,143,-1,86,143,71,-1,71,143,144,-1,71,144,72,-1,72,144,145,-1,72,145,32,-1,90,146,147,-1,90,147,69,-1,69,147,148,-1,69,148,67,-1,67,148,149,-1,67,149,41,-1,41,149,142,-1,41,142,86,-1,75,150,151,-1,75,151,73,-1,73,151,152,-1,73,152,94,-1,94,152,153,-1,94,153,92,-1,92,153,146,-1,92,146,90,-1,81,154,155,-1,81,155,79,-1,79,155,156,-1,79,156,77,-1,77,156,150,-1,77,150,75,-1,45,157,158,-1,45,158,36,-1,36,158,159,-1,36,159,38,-1,38,159,160,-1,38,160,83,-1,83,160,154,-1,83,154,81,-1,34,161,162,-1,34,162,42,-1,42,162,163,-1,42,163,43,-1,43,163,164,-1,43,164,44,-1,44,164,157,-1,44,157,45,-1,34,33,161,-1,161,33,165,-1,33,32,165,-1,165,32,145,-1,
        ]
    }
}
Shape{
    appearance Appearance {
        material  Material {
            diffuseColor 0.8509803921568627 0.8509803921568627 0.8509803921568627
            specularColor 0.4235294117647059 0.4235294117647059 0.4235294117647059
            ambientIntensity 0.851
            transparency 0.0
            shininess 0.5
        }
    }
    geometry IndexedFaceSet {
        ccw TRUE
        solid FALSE
        coord DEF co Coordinate {
            point [
                -0.192 1.8652 1.965, -0.192 1.8652 1.9663, -0.1458 1.8652 1.967, -0.1921 1.8652 1.9773, -0.1653 1.8652 1.9739, -0.1529 1.8652 1.971, -0.1482 1.8652 1.9688, -0.1906 1.8652 1.956, -0.1434 1.8652 1.964, -0.1876 1.8652 1.9489, -0.1444 1.8652 1.9409, -0.1461 1.8652 1.9391, -0.1807 1.8652 1.9406, -0.1422 1.8652 1.9443, -0.175 1.8652 1.9368, -0.1689 1.8652 1.9346, -0.1614 1.8652 1.9339, -0.1416 1.8652 1.9603, -0.1406 1.8652 1.9557, -0.1832 1.8652 1.943, -0.1404 1.8652 1.9525, -0.1409 1.8652 1.9479, -0.1501 1.8652 1.9364, -0.1546 1.8652 1.9347
            ]
        }
        coordIndex [
            0,1,2,-1,1,3,4,-1,4,5,1,-1,1,5,6,-1,1,6,2,-1,0,2,7,-1,7,2,8,-1,7,8,9,-1,10,11,12,-1,10,12,13,-1,14,12,15,-1,15,12,16,-1,8,17,9,-1,9,17,18,-1,9,18,19,-1,19,18,20,-1,19,20,12,-1,12,20,21,-1,12,21,13,-1,11,22,12,-1,12,22,23,-1,12,23,16,-1,
        ]
    }
}
Shape{
    appearance Appearance {
        material  Material {
            diffuseColor 0.0 0.0 0.0
            specularColor 0.0 0.0 0.0
            ambientIntensity 0.0
            transparency 0.0
            shininess 0.5
        }
    }
    geometry IndexedFaceSet {
        ccw TRUE
        solid FALSE
        coord DEF co Coordinate {
            point [
                -0.2391 1.8652 1.9443, -0.2391 1.8655 1.9443, -0.2471 1.8655 1.9393, -0.272 1.8655 1.933, -0.272 1.8652 1.933, -0.2596 1.8652 1.9345, -0.2596 1.8655 1.9345, -0.2491 1.8652 1.9385, -0.2471 1.8652 1.9393, -0.2389 1.8655 1.9236, -0.2389 1.8652 1.9236, -0.2699 1.8652 1.9166, -0.2699 1.8655 1.9166, -0.2511 1.8655 1.919, -0.2491 1.8652 1.9197, -0.2511 1.8652 1.919, -0.2879 1.8652 1.9186, -0.2879 1.8655 1.9186, -0.2985 1.8652 1.9226, -0.2985 1.8655 1.9226, -0.3033 1.8652 1.9255, -0.3033 1.8655 1.9255, -0.3091 1.8652 1.9305, -0.3091 1.8655 1.9305, -0.3128 1.8652 1.9357, -0.3128 1.8655 1.9357, -0.3154 1.8652 1.9421, -0.3154 1.8655 1.9421, -0.3164 1.8652 1.9501, -0.3164 1.8655 1.9501, -0.3156 1.8652 1.9576, -0.3156 1.8655 1.9576, -0.3135 1.8652 1.9635, -0.3135 1.8655 1.9635, -0.3098 1.8652 1.9691, -0.3098 1.8655 1.9691, -0.305 1.8652 1.9734, -0.305 1.8655 1.9734, -0.2918 1.8652 1.9809, -0.2918 1.8655 1.9809, -0.284 1.8652 1.9841, -0.284 1.8655 1.9841, -0.2716 1.8652 1.9896, -0.2716 1.8655 1.9896, -0.2646 1.8652 1.994, -0.2646 1.8655 1.994, -0.2627 1.8652 1.9962, -0.2627 1.8655 1.9962, -0.2612 1.8652 1.9989, -0.2612 1.8655 1.9989, -0.2605 1.8652 2.002, -0.2605 1.8655 2.002, -0.2603 1.8652 2.0047, -0.2603 1.8655 2.0047, -0.2607 1.8652 2.0079, -0.2607 1.8655 2.0079, -0.2617 1.8652 2.0106, -0.2617 1.8655 2.0106, -0.2634 1.8652 2.0132, -0.2634 1.8655 2.0132, -0.2665 1.8652 2.0158, -0.2665 1.8655 2.0158, -0.271 1.8652 2.0182, -0.271 1.8655 2.0182, -0.2764 1.8652 2.0195, -0.2764 1.8655 2.0195, -0.2823 1.8652 2.02, -0.2823 1.8655 2.02, -0.2952 1.8652 2.0184, -0.2952 1.8655 2.0184, -0.3065 1.8652 2.0143, -0.3065 1.8655 2.0143, -0.3113 1.8652 2.0115, -0.3113 1.8655 2.0115, -0.3114 1.8655 2.031, -0.3114 1.8652 2.031, -0.2984 1.8652 2.0349, -0.2984 1.8655 2.0349, -0.2844 1.8652 2.0362, -0.2844 1.8655 2.0362, -0.2703 1.8652 2.0349, -0.2703 1.8655 2.0349, -0.2592 1.8652 2.0311, -0.2592 1.8655 2.0311, -0.2526 1.8652 2.0274, -0.2526 1.8655 2.0274, -0.2467 1.8655 2.0221, -0.2491 1.8652 2.0242, -0.2467 1.8652 2.0221, -0.2429 1.8652 2.0167, -0.2429 1.8655 2.0167, -0.2405 1.8652 2.0102, -0.2405 1.8655 2.0102, -0.2396 1.8652 2.0031, -0.2396 1.8655 2.0031, -0.2404 1.8652 1.9953, -0.2404 1.8655 1.9953, -0.2426 1.8652 1.9891, -0.2426 1.8655 1.9891, -0.2452 1.8652 1.9849, -0.2452 1.8655 1.9849, -0.2698 1.8652 1.9696, -0.2698 1.8655 1.9696, -0.2578 1.8655 1.9752, -0.2484 1.8652 1.9815, -0.2484 1.8655 1.9815, -0.2491 1.8652 1.981, -0.2578 1.8652 1.9752, -0.2829 1.8652 1.964, -0.2829 1.8655 1.964, -0.2907 1.8652 1.9592, -0.2907 1.8655 1.9592, -0.2932 1.8652 1.9566, -0.2932 1.8655 1.9566, -0.2947 1.8652 1.9539, -0.2947 1.8655 1.9539, -0.2956 1.8652 1.9508, -0.2956 1.8655 1.9508, -0.2958 1.8652 1.9483, -0.2958 1.8655 1.9483, -0.2953 1.8652 1.9445, -0.2953 1.8655 1.9445, -0.2943 1.8652 1.9416, -0.2943 1.8655 1.9416, -0.2925 1.8652 1.9391, -0.2925 1.8655 1.9391, -0.2902 1.8652 1.937, -0.2902 1.8655 1.937, -0.2884 1.8652 1.9359, -0.2884 1.8655 1.9359, -0.2832 1.8652 1.9341, -0.2832 1.8655 1.9341, -0.2729 1.8652 1.933, -0.2729 1.8655 1.933, -0.4164 1.8655 2.0327, -0.4372 1.8655 2.0325, -0.4164 1.8652 2.0327, -0.4372 1.8652 2.0325, -0.3845 1.8655 1.9468, -0.3845 1.8652 1.9468, -0.383 1.8652 1.9414, -0.383 1.8655 1.9414, -0.382 1.8652 1.9375, -0.382 1.8655 1.9375, -0.3815 1.8655 1.9375, -0.3815 1.8652 1.9375, -0.3791 1.8655 1.947, -0.3791 1.8652 1.947, -0.3498 1.8652 2.0331, -0.3498 1.8655 2.0331, -0.3606 1.8652 2.0015, -0.3274 1.8655 2.0333, -0.3274 1.8652 2.0333, -0.3714 1.8652 1.9189, -0.3714 1.8655 1.9189, -0.3606 1.8652 1.9471, -0.3625 1.8655 1.8981, -0.3625 1.8652 1.8981, -0.3606 1.8652 1.8946, -0.3585 1.8655 1.8909, -0.3585 1.8652 1.8909, -0.3547 1.8652 1.8867, -0.3547 1.8655 1.8867, -0.3513 1.8652 1.8844, -0.3513 1.8655 1.8844, -0.3469 1.8652 1.8827, -0.3469 1.8655 1.8827, -0.3418 1.8652 1.8821, -0.3418 1.8655 1.8821, -0.3346 1.8652 1.8831, -0.3346 1.8655 1.8831, -0.3305 1.8652 1.8845, -0.3305 1.8655 1.8845, -0.3303 1.8655 1.8667, -0.3303 1.8652 1.8667, -0.3388 1.8652 1.8651, -0.3388 1.8655 1.8651, -0.3433 1.8652 1.8649, -0.3433 1.8655 1.8649, -0.3514 1.8652 1.8658, -0.3514 1.8655 1.8658, -0.3593 1.8652 1.8688, -0.3593 1.8655 1.8688, -0.3606 1.8652 1.8696, -0.3664 1.8655 1.8736, -0.3664 1.8652 1.8736, -0.3677 1.8652 1.8749, -0.3677 1.8655 1.8749, -0.3751 1.8652 1.8836, -0.3751 1.8655 1.8836, -0.3843 1.8652 1.9013, -0.3843 1.8655 1.9013, -0.5442 1.8655 1.9356, -0.5441 1.8655 1.9174, -0.5442 1.8652 1.9356, -0.5441 1.8652 1.9174, -0.4788 1.8652 1.9361, -0.4788 1.8655 1.9361, -0.5108 1.8652 1.9359, -0.4792 1.8655 1.99, -0.4792 1.8652 1.99, -0.5364 1.8652 1.9896, -0.5364 1.8655 1.9896, -0.5108 1.8652 1.9898, -0.5366 1.8655 2.0079, -0.5366 1.8652 2.0079, -0.4793 1.8652 2.0083, -0.4793 1.8655 2.0083, -0.5108 1.8652 2.0081, -0.4797 1.8655 2.0596, -0.4797 1.8652 2.0596, -0.5415 1.8652 2.0591, -0.5415 1.8655 2.0591, -0.5108 1.8652 2.0594, -0.5416 1.8655 2.0776, -0.5416 1.8652 2.0766, -0.5416 1.8652 2.0776, -0.4591 1.8652 2.0781, -0.4591 1.8655 2.0781, -0.5108 1.8652 2.0778, -0.458 1.8652 1.918, -0.458 1.8655 1.918, -0.4591 1.8652 2.0766, -0.5108 1.8652 1.9176, -0.6807 1.8655 1.9389, -0.6642 1.8655 1.9497, -0.6639 1.8655 1.927, -0.6538 1.8655 1.9426, -0.6456 1.8655 1.92, -0.6406 1.8655 1.9376, -0.6184 1.8655 1.9169, -0.6184 1.8655 1.9351, -0.5744 1.8655 1.9172, -0.5952 1.8655 1.9353, -0.5755 1.8655 2.0773, -0.596 1.8655 2.0587, -0.6212 1.8655 2.077, -0.6202 1.8655 2.0586, -0.6218 1.8655 2.0586, -0.6456 1.8655 2.0741, -0.6423 1.8655 2.0558, -0.6649 1.8655 2.0669, -0.6559 1.8655 2.0504, -0.6816 1.8655 2.0554, -0.6663 1.8655 2.0432, -0.6872 1.8655 2.0498, -0.6708 1.8655 2.0387, -0.697 1.8655 2.0357, -0.6769 1.8655 2.0297, -0.7028 1.8655 2.0204, -0.6814 1.8655 2.018, -0.7053 1.8655 1.9984, -0.6836 1.8655 1.9979, -0.7048 1.8655 1.9882, -0.6829 1.8655 1.987, -0.7007 1.8655 1.9694, -0.6795 1.8655 1.9725, -0.6927 1.8655 1.9529, -0.6738 1.8655 1.9608, -0.6661 1.8655 1.9515, -0.6184 1.8652 1.9169, -0.5744 1.8652 1.9172, -0.6456 1.8652 1.92, -0.6639 1.8652 1.927, -0.6807 1.8652 1.9389, -0.6927 1.8652 1.9529, -0.7007 1.8652 1.9694, -0.7048 1.8652 1.9882, -0.7053 1.8652 1.9984, -0.7028 1.8652 2.0204, -0.697 1.8652 2.0357, -0.6872 1.8652 2.0498, -0.6816 1.8652 2.0554, -0.6212 1.8652 2.077, -0.6245 1.8652 2.0766, -0.6456 1.8652 2.0741, -0.6649 1.8652 2.0669, -0.5755 1.8652 2.0773, -0.5755 1.8652 2.0766, -0.6202 1.8652 2.0586, -0.596 1.8652 2.0587, -0.5952 1.8652 1.9353, -0.6184 1.8652 1.9351, -0.6661 1.8652 1.9515, -0.6642 1.8652 1.9497, -0.6538 1.8652 1.9426, -0.6406 1.8652 1.9376, -0.6836 1.8652 1.9979, -0.6829 1.8652 1.987, -0.6795 1.8652 1.9725, -0.6738 1.8652 1.9608, -0.6663 1.8652 2.0432, -0.6708 1.8652 2.0387, -0.6769 1.8652 2.0297, -0.6814 1.8652 2.018, -0.6218 1.8652 2.0586, -0.6423 1.8652 2.0558, -0.6559 1.8652 2.0504
            ]
        }
        coordIndex [
            0,1,2,-1,3,4,5,-1,3,5,6,-1,6,5,7,-1,6,7,2,-1,2,7,8,-1,2,8,0,-1,9,1,10,-1,10,1,0,-1,11,12,13,-1,9,10,14,-1,9,14,13,-1,13,14,15,-1,13,15,11,-1,12,11,16,-1,12,16,17,-1,17,16,18,-1,17,18,19,-1,19,18,20,-1,19,20,21,-1,21,20,22,-1,21,22,23,-1,23,22,24,-1,23,24,25,-1,25,24,26,-1,25,26,27,-1,27,26,28,-1,27,28,29,-1,29,28,30,-1,29,30,31,-1,31,30,32,-1,31,32,33,-1,33,32,34,-1,33,34,35,-1,35,34,36,-1,35,36,37,-1,37,36,38,-1,37,38,39,-1,39,38,40,-1,39,40,41,-1,41,40,42,-1,41,42,43,-1,43,42,44,-1,43,44,45,-1,45,44,46,-1,45,46,47,-1,47,46,48,-1,47,48,49,-1,49,48,50,-1,49,50,51,-1,51,50,52,-1,51,52,53,-1,53,52,54,-1,53,54,55,-1,55,54,56,-1,55,56,57,-1,57,56,58,-1,57,58,59,-1,59,58,60,-1,59,60,61,-1,61,60,62,-1,61,62,63,-1,63,62,64,-1,63,64,65,-1,65,64,66,-1,65,66,67,-1,67,66,68,-1,67,68,69,-1,69,68,70,-1,69,70,71,-1,71,70,72,-1,71,72,73,-1,74,73,75,-1,75,73,72,-1,74,75,76,-1,74,76,77,-1,77,76,78,-1,77,78,79,-1,79,78,80,-1,79,80,81,-1,81,80,82,-1,81,82,83,-1,83,82,84,-1,83,84,85,-1,86,85,87,-1,87,85,84,-1,87,88,86,-1,86,88,89,-1,86,89,90,-1,90,89,91,-1,90,91,92,-1,92,91,93,-1,92,93,94,-1,94,93,95,-1,94,95,96,-1,96,95,97,-1,96,97,98,-1,98,97,99,-1,98,99,100,-1,101,102,103,-1,100,99,104,-1,100,104,105,-1,105,104,106,-1,105,106,103,-1,103,106,107,-1,103,107,101,-1,102,101,108,-1,102,108,109,-1,109,108,110,-1,109,110,111,-1,111,110,112,-1,111,112,113,-1,113,112,114,-1,113,114,115,-1,115,114,116,-1,115,116,117,-1,117,116,118,-1,117,118,119,-1,119,118,120,-1,119,120,121,-1,121,120,122,-1,121,122,123,-1,123,122,124,-1,123,124,125,-1,125,124,126,-1,125,126,127,-1,127,126,128,-1,127,128,129,-1,129,128,130,-1,129,130,131,-1,131,130,132,-1,131,132,133,-1,133,132,4,-1,133,4,3,-1,59,61,83,-1,83,61,81,-1,109,41,102,-1,102,41,43,-1,19,21,125,-1,125,21,23,-1,125,23,123,-1,123,23,25,-1,123,25,121,-1,121,25,27,-1,121,27,119,-1,119,27,29,-1,119,29,117,-1,117,29,31,-1,117,31,115,-1,115,31,33,-1,115,33,113,-1,113,33,35,-1,113,35,111,-1,111,35,37,-1,111,37,109,-1,109,37,39,-1,109,39,41,-1,12,3,13,-1,13,3,6,-1,13,6,9,-1,9,6,2,-1,9,2,1,-1,61,63,81,-1,81,63,65,-1,81,65,79,-1,79,65,67,-1,79,67,77,-1,77,67,69,-1,77,69,74,-1,74,69,71,-1,74,71,73,-1,125,127,19,-1,19,127,129,-1,19,129,17,-1,17,129,131,-1,17,131,12,-1,12,131,133,-1,12,133,3,-1,83,85,59,-1,59,85,86,-1,59,86,57,-1,57,86,90,-1,57,90,55,-1,55,90,92,-1,55,92,53,-1,53,92,94,-1,53,94,51,-1,51,94,96,-1,51,96,49,-1,49,96,98,-1,49,98,47,-1,47,98,100,-1,47,100,45,-1,45,100,105,-1,45,105,43,-1,43,105,103,-1,43,103,102,-1,134,135,136,-1,136,135,137,-1,138,134,139,-1,139,134,136,-1,138,139,140,-1,138,140,141,-1,141,140,142,-1,141,142,143,-1,144,143,145,-1,145,143,142,-1,146,144,147,-1,147,144,145,-1,148,149,150,-1,150,149,146,-1,150,146,147,-1,151,149,152,-1,152,149,148,-1,153,154,155,-1,155,154,151,-1,155,151,152,-1,156,154,157,-1,157,154,153,-1,156,157,158,-1,156,158,159,-1,158,160,159,-1,159,160,161,-1,159,161,162,-1,162,161,163,-1,162,163,164,-1,164,163,165,-1,164,165,166,-1,166,165,167,-1,166,167,168,-1,168,167,169,-1,168,169,170,-1,170,169,171,-1,170,171,172,-1,173,172,174,-1,174,172,171,-1,173,174,175,-1,173,175,176,-1,176,175,177,-1,176,177,178,-1,178,177,179,-1,178,179,180,-1,180,179,181,-1,180,181,182,-1,182,181,183,-1,182,183,184,-1,183,185,184,-1,184,185,186,-1,184,186,187,-1,187,186,188,-1,187,188,189,-1,189,188,190,-1,189,190,191,-1,135,191,137,-1,137,191,190,-1,141,143,191,-1,135,134,191,-1,191,134,138,-1,191,138,141,-1,149,151,146,-1,146,151,154,-1,146,154,144,-1,172,173,170,-1,170,173,176,-1,170,176,168,-1,168,176,178,-1,168,178,166,-1,166,178,180,-1,166,180,164,-1,164,180,182,-1,164,182,162,-1,143,144,191,-1,191,144,154,-1,191,154,189,-1,154,156,189,-1,189,156,159,-1,189,159,187,-1,187,159,162,-1,187,162,184,-1,184,162,182,-1,192,193,194,-1,194,193,195,-1,196,197,198,-1,198,197,192,-1,198,192,194,-1,199,197,200,-1,200,197,196,-1,201,202,203,-1,203,202,199,-1,203,199,200,-1,204,202,205,-1,205,202,201,-1,206,207,208,-1,208,207,204,-1,208,204,205,-1,209,207,210,-1,210,207,206,-1,211,212,213,-1,213,212,209,-1,213,209,210,-1,212,211,214,-1,214,211,215,-1,214,215,216,-1,217,218,219,-1,219,218,214,-1,219,214,216,-1,220,221,222,-1,222,221,218,-1,222,218,217,-1,195,193,223,-1,223,193,221,-1,223,221,220,-1,221,193,192,-1,192,197,221,-1,221,197,199,-1,221,199,218,-1,212,214,209,-1,209,214,218,-1,209,218,207,-1,207,218,199,-1,207,199,204,-1,204,199,202,-1,224,225,226,-1,226,225,227,-1,226,227,228,-1,228,227,229,-1,228,229,230,-1,230,229,231,-1,230,231,232,-1,232,231,233,-1,232,233,234,-1,234,233,235,-1,234,235,236,-1,235,237,236,-1,236,237,238,-1,236,238,239,-1,239,238,240,-1,239,240,241,-1,241,240,242,-1,241,242,243,-1,243,242,244,-1,243,244,245,-1,245,244,246,-1,245,246,247,-1,247,246,248,-1,247,248,249,-1,249,248,250,-1,249,250,251,-1,251,250,252,-1,251,252,253,-1,253,252,254,-1,253,254,255,-1,255,254,256,-1,255,256,257,-1,257,256,258,-1,257,258,224,-1,224,258,259,-1,224,259,225,-1,230,232,260,-1,260,232,261,-1,230,260,262,-1,230,262,228,-1,228,262,263,-1,228,263,226,-1,226,263,264,-1,226,264,224,-1,224,264,265,-1,224,265,257,-1,257,265,266,-1,257,266,255,-1,255,266,267,-1,255,267,253,-1,253,267,268,-1,253,268,251,-1,251,268,269,-1,251,269,249,-1,249,269,270,-1,249,270,247,-1,247,270,271,-1,247,271,245,-1,245,271,272,-1,245,272,243,-1,273,236,274,-1,274,236,239,-1,274,239,275,-1,275,239,241,-1,275,241,276,-1,276,241,243,-1,276,243,272,-1,234,236,277,-1,277,236,273,-1,261,232,278,-1,278,232,234,-1,278,234,277,-1,237,235,279,-1,279,235,280,-1,235,233,280,-1,280,233,281,-1,233,231,281,-1,281,231,282,-1,259,283,284,-1,259,284,225,-1,225,284,285,-1,225,285,227,-1,227,285,286,-1,227,286,229,-1,229,286,282,-1,229,282,231,-1,252,287,288,-1,252,288,254,-1,254,288,289,-1,254,289,256,-1,256,289,290,-1,256,290,258,-1,258,290,283,-1,258,283,259,-1,244,291,292,-1,244,292,246,-1,246,292,293,-1,246,293,248,-1,248,293,294,-1,248,294,250,-1,250,294,287,-1,250,287,252,-1,237,279,295,-1,237,295,238,-1,238,295,296,-1,238,296,240,-1,240,296,297,-1,240,297,242,-1,242,297,291,-1,242,291,244,-1,
        ]
    }
}
Shape{
    appearance Appearance {
        material  Material {
            diffuseColor 0.8509803921568627 0.8509803921568627 0.8509803921568627
            specularColor 0.4235294117647059 0.4235294117647059 0.4235294117647059
            ambientIntensity 0.851
            transparency 0.0
            shininess 0.5
        }
    }
    geometry IndexedFaceSet {
        ccw TRUE
        solid FALSE
        coord DEF co Coordinate {
            point [
                -0.6538 1.8652 1.9426, -0.6642 1.8652 1.9497, -0.6218 1.8652 2.0586, -0.596 1.8652 2.0587, -0.5952 1.8652 1.9353, -0.6202 1.8652 2.0586, -0.6184 1.8652 1.9351, -0.6406 1.8652 1.9376, -0.6661 1.8652 1.9515, -0.6738 1.8652 1.9608, -0.6795 1.8652 1.9725, -0.6836 1.8652 1.9979, -0.6663 1.8652 2.0432, -0.6559 1.8652 2.0504, -0.6814 1.8652 2.018, -0.6769 1.8652 2.0297, -0.6708 1.8652 2.0387, -0.6829 1.8652 1.987, -0.6423 1.8652 2.0558
            ]
        }
        coordIndex [
            0,1,2,-1,3,4,5,-1,5,4,6,-1,5,6,2,-1,2,6,7,-1,2,7,0,-1,1,8,2,-1,2,8,9,-1,2,9,10,-1,11,12,13,-1,14,15,11,-1,11,15,16,-1,11,16,12,-1,10,17,2,-1,2,17,11,-1,2,11,18,-1,18,11,13,-1,
        ]
    }
}
Shape{
    appearance Appearance {
        material  Material {
            diffuseColor 0.0 0.0 0.0
            specularColor 0.0 0.0 0.0
            ambientIntensity 0.0
            transparency 0.0
            shininess 0.5
        }
    }
    geometry IndexedFaceSet {
        ccw TRUE
        solid FALSE
        coord DEF co Coordinate {
            point [
                -0.7588 1.8655 1.9778, -0.7833 1.8655 2.0442, -0.7757 1.8655 2.0759, -0.7136 1.8655 1.9162, -0.7365 1.8655 1.916, -0.7522 1.8655 1.9597, -0.7847 1.8655 2.0489, -0.786 1.8655 2.0554, -0.7978 1.8655 2.0757, -0.7864 1.8655 2.0553, -0.7877 1.8655 2.0486, -0.7889 1.8655 2.0441, -0.8126 1.8655 1.9774, -0.8577 1.8655 1.9152, -0.8349 1.8655 1.9153, -0.8188 1.8655 1.9592, -0.7978 1.8652 2.0757, -0.8577 1.8652 1.9152, -0.7757 1.8652 2.0759, -0.7136 1.8652 1.9162, -0.7365 1.8652 1.916, -0.7522 1.8652 1.9597, -0.8188 1.8652 1.9592, -0.8349 1.8652 1.9153, -0.7588 1.8652 1.9778, -0.8126 1.8652 1.9774, -0.7889 1.8652 2.0441, -0.7864 1.8652 2.0553, -0.7877 1.8652 2.0486, -0.786 1.8652 2.0554, -0.7833 1.8652 2.0442, -0.7847 1.8652 2.0489
            ]
        }
        coordIndex [
            0,1,2,-1,3,4,5,-1,1,6,2,-1,2,6,7,-1,2,7,8,-1,8,7,9,-1,8,9,10,-1,10,11,8,-1,8,11,12,-1,8,12,13,-1,14,13,15,-1,15,13,12,-1,15,12,5,-1,5,12,0,-1,5,0,3,-1,3,0,2,-1,8,13,16,-1,16,13,17,-1,2,8,18,-1,18,8,16,-1,3,2,19,-1,19,2,18,-1,4,3,20,-1,20,3,19,-1,5,4,21,-1,21,4,20,-1,15,5,22,-1,22,5,21,-1,14,15,23,-1,23,15,22,-1,13,14,17,-1,17,14,23,-1,0,12,24,-1,24,12,25,-1,12,11,25,-1,25,11,26,-1,9,27,28,-1,9,28,10,-1,10,28,26,-1,10,26,11,-1,9,7,27,-1,27,7,29,-1,1,30,31,-1,1,31,6,-1,6,31,29,-1,6,29,7,-1,1,0,30,-1,30,0,24,-1,
        ]
    }
}
Shape{
    appearance Appearance {
        material  Material {
            diffuseColor 0.8509803921568627 0.8509803921568627 0.8509803921568627
            specularColor 0.4235294117647059 0.4235294117647059 0.4235294117647059
            ambientIntensity 0.851
            transparency 0.0
            shininess 0.5
        }
    }
    geometry IndexedFaceSet {
        ccw TRUE
        solid FALSE
        coord DEF co Coordinate {
            point [
                -0.7864 1.8652 2.0553, -0.786 1.8652 2.0554, -0.7877 1.8652 2.0486, -0.7847 1.8652 2.0489, -0.7889 1.8652 2.0441, -0.7833 1.8652 2.0442, -0.8126 1.8652 1.9774, -0.7588 1.8652 1.9778
            ]
        }
        coordIndex [
            0,1,2,-1,2,1,3,-1,2,3,4,-1,4,3,5,-1,4,5,6,-1,6,5,7,-1,
        ]
    }
}
Shape{
    appearance Appearance {
        material  Material {
            diffuseColor 0.0 0.0 0.0
            specularColor 0.0 0.0 0.0
            ambientIntensity 0.0
            transparency 0.0
            shininess 0.5
        }
    }
    geometry IndexedFaceSet {
        ccw TRUE
        solid FALSE
        coord DEF co Coordinate {
            point [
                0.6929 1.8655 1.9035, 0.6761 1.8655 1.8824, 0.7024 1.8655 2.0042, 0.3218 1.8655 2.0573, 0.3566 1.8655 2.1179, 0.5098 1.8655 2.0393, 0.5889 1.8655 2.0062, 0.5782 1.8655 2.0028, 0.7208 1.8655 2.2022, 0.6953 1.8655 2.2155, 0.7009 1.8655 2.2856, 0.6298 1.8655 2.2884, 0.5951 1.8655 2.205, 0.5775 1.8655 2.2409, 0.7271 1.8655 2.0197, 0.7185 1.8655 1.9324, 0.7041 1.8655 1.928, 0.656 1.8655 2.2908, 0.5688 1.8655 1.9969, 0.5612 1.8655 1.9889, 0.4818 1.8655 1.9742, 0.5559 1.8655 1.9797, 0.553 1.8655 1.9694, 0.4819 1.8655 1.9628, 0.5526 1.8655 1.9583, 0.6074 1.8655 2.0056, 0.6221 1.8655 2.0755, 0.6174 1.8655 2.0019, 0.6473 1.8655 2.066, 0.6264 1.8655 1.9957, 0.6707 1.8655 2.05, 0.6318 1.8655 1.9899, 0.6897 1.8655 2.0286, 0.6375 1.8655 1.9804, 0.6407 1.8655 1.9696, 0.5536 1.8655 2.0707, 0.581 1.8655 2.0777, 0.5949 1.8655 2.0786, 0.2834 1.8655 2.1698, 0.2743 1.8655 2.1697, 0.2272 1.8655 2.2309, 0.2527 1.8655 2.1669, 0.2216 1.8655 2.2289, 0.2328 1.8655 2.1591, 0.1878 1.8655 2.2119, 0.1571 1.8655 2.1855, 0.6063 1.8655 2.3154, 0.5517 1.8655 2.2712, 0.5794 1.8655 2.3381, 0.521 1.8655 2.2933, 0.547 1.8655 2.3574, 0.6672 1.8655 2.222, 0.6554 1.8655 2.2225, 0.6429 1.8655 2.29, 0.6287 1.8655 2.219, 0.6032 1.8655 2.2095, 0.1584 1.8655 1.9731, 0.2112 1.8655 2.0186, 0.1896 1.8655 1.947, 0.2281 1.8655 2.005, 0.2245 1.8655 1.9303, 0.2483 1.8655 1.9958, 0.2624 1.8655 1.9226, 0.2687 1.8655 1.9921, 0.3296 1.8655 1.923, 0.32 1.8655 1.9924, 0.336 1.8655 1.9241, 0.5965 1.8655 2.0069, 0.5295 1.8655 2.0576, 0.2153 1.8655 2.1466, 0.2022 1.8655 2.1319, 0.1341 1.8655 2.153, 0.1918 1.8655 2.1122, 0.1205 1.8655 2.1181, 0.1866 1.8655 2.0903, 0.1155 1.8655 2.0809, 0.1861 1.8655 2.0803, 0.121 1.8655 2.0403, 0.189 1.8655 2.0581, 0.1356 1.8655 2.0044, 0.197 1.8655 2.0379, 0.2097 1.8655 2.0202, 0.288 1.8655 2.3212, 0.3329 1.8655 2.2692, 0.249 1.8655 2.2749, 0.3075 1.8655 2.2383, 0.2901 1.8655 2.2015, 0.7664 1.8655 2.137, 0.8414 1.8655 2.1187, 0.77 1.8655 2.1095, 0.8418 1.8655 2.1077, 0.7688 1.8655 2.0919, 0.8366 1.8655 2.0631, 0.7608 1.8655 2.064, 0.8206 1.8655 2.0206, 0.7474 1.8655 2.0408, 0.7948 1.8655 1.9833, 0.7595 1.8655 1.9527, 0.6282 1.8655 1.9311, 0.6342 1.8655 1.9384, 0.6388 1.8655 1.9479, 0.6411 1.8655 1.9585, 0.494 1.8655 2.3761, 0.4837 1.8655 2.3081, 0.4424 1.8655 2.3816, 0.4418 1.8655 2.3132, 0.3887 1.8655 2.3747, 0.4032 1.8655 2.3082, 0.3323 1.8655 2.3524, 0.3676 1.8655 2.2943, 0.3358 1.8655 2.2719, 0.7432 1.8655 2.2695, 0.7796 1.8655 2.2443, 0.7406 1.8655 2.1849, 0.7873 1.8655 2.2371, 0.7565 1.8655 2.1623, 0.8149 1.8655 2.2022, 0.8334 1.8655 2.1614, 0.3257 1.8655 1.9935, 0.3535 1.8655 1.9351, 0.3508 1.8655 1.9324, 0.6196 1.8655 1.9244, 0.6539 1.8655 1.8655, 0.6093 1.8655 1.9199, 0.6278 1.8655 1.8543, 0.5991 1.8655 1.9182, 0.6009 1.8655 1.8499, 0.5972 1.8655 1.9181, 0.5965 1.8655 1.8498, 0.5862 1.8655 1.9194, 0.5689 1.8655 1.853, 0.5763 1.8655 1.9231, 0.5435 1.8655 1.8626, 0.5676 1.8655 1.9292, 0.5207 1.8655 1.8782, 0.5603 1.8655 1.9374, 0.5031 1.8655 1.8977, 0.5551 1.8655 1.9473, 0.4894 1.8655 1.9229, 0.4826 1.8655 1.951, 0.3223 1.8655 1.9927, 0.3435 1.8655 1.9271, 0.3623 1.8655 1.9586, 0.3613 1.8655 1.9501, 0.3584 1.8655 1.9423, 0.3356 1.8655 1.9925, 0.3435 1.8655 1.9895, 0.362 1.8655 1.9631, 0.3505 1.8655 1.9846, 0.3552 1.8655 1.9794, 0.3597 1.8655 1.9717, 0.3268 1.8655 1.9936, 0.1155 1.8652 2.0809, 0.1205 1.8652 2.1181, 0.1474 1.8652 2.1717, 0.1235 1.8652 2.126, 0.1341 1.8652 2.153, 0.1571 1.8652 2.1855, 0.1878 1.8652 2.2119, 0.2216 1.8652 2.2289, 0.2272 1.8652 2.2309, 0.249 1.8652 2.2749, 0.288 1.8652 2.3212, 0.4424 1.8652 2.3816, 0.3068 1.8652 2.3345, 0.3323 1.8652 2.3524, 0.3498 1.8652 2.3593, 0.3887 1.8652 2.3747, 0.5794 1.8652 2.3381, 0.494 1.8652 2.3761, 0.5416 1.8652 2.3593, 0.547 1.8652 2.3574, 0.6298 1.8652 2.2884, 0.5837 1.8652 2.3345, 0.6063 1.8652 2.3154, 0.6429 1.8652 2.29, 0.656 1.8652 2.2908, 0.7009 1.8652 2.2856, 0.7432 1.8652 2.2695, 0.7796 1.8652 2.2443, 0.7873 1.8652 2.2371, 0.8418 1.8652 2.1077, 0.8149 1.8652 2.2022, 0.8287 1.8652 2.1717, 0.8334 1.8652 2.1614, 0.84 1.8652 2.126, 0.8414 1.8652 2.1187, 0.8381 1.8652 2.0766, 0.8385 1.8652 2.0797, 0.8366 1.8652 2.0631, 0.8206 1.8652 2.0206, 0.7948 1.8652 1.9833, 0.7595 1.8652 1.9527, 0.7185 1.8652 1.9324, 0.7041 1.8652 1.928, 0.6929 1.8652 1.9035, 0.6761 1.8652 1.8824, 0.6539 1.8652 1.8655, 0.6278 1.8652 1.8543, 0.6009 1.8652 1.8499, 0.5965 1.8652 1.8498, 0.5689 1.8652 1.853, 0.5435 1.8652 1.8626, 0.5207 1.8652 1.8782, 0.5031 1.8652 1.8977, 0.4894 1.8652 1.9229, 0.4826 1.8652 1.951, 0.4819 1.8652 1.9628, 0.4818 1.8652 1.9742, 0.3218 1.8652 2.0573, 0.3329 1.8652 2.0766, 0.3347 1.8652 2.0797, 0.3566 1.8652 2.1179, 0.4371 1.8652 2.0766, 0.5098 1.8652 2.0393, 0.4311 1.8652 2.0797, 0.5949 1.8652 2.0786, 0.5295 1.8652 2.0576, 0.5536 1.8652 2.0707, 0.5767 1.8652 2.0766, 0.581 1.8652 2.0777, 0.6123 1.8652 2.0766, 0.6221 1.8652 2.0755, 0.6473 1.8652 2.066, 0.6707 1.8652 2.05, 0.6897 1.8652 2.0286, 0.7024 1.8652 2.0042, 0.7653 1.8652 2.0797, 0.7644 1.8652 2.0766, 0.7608 1.8652 2.064, 0.7474 1.8652 2.0408, 0.7271 1.8652 2.0197, 0.7688 1.8652 2.0919, 0.77 1.8652 2.1095, 0.7679 1.8652 2.126, 0.7664 1.8652 2.137, 0.7565 1.8652 2.1623, 0.7498 1.8652 2.1717, 0.7406 1.8652 2.1849, 0.7208 1.8652 2.2022, 0.6953 1.8652 2.2155, 0.6672 1.8652 2.222, 0.6554 1.8652 2.2225, 0.6287 1.8652 2.219, 0.6032 1.8652 2.2095, 0.5951 1.8652 2.205, 0.5775 1.8652 2.2409, 0.5517 1.8652 2.2712, 0.521 1.8652 2.2933, 0.4837 1.8652 2.3081, 0.4418 1.8652 2.3132, 0.2834 1.8652 2.1698, 0.2838 1.8652 2.1717, 0.2901 1.8652 2.2015, 0.3075 1.8652 2.2383, 0.3329 1.8652 2.2692, 0.3358 1.8652 2.2719, 0.3676 1.8652 2.2943, 0.4032 1.8652 2.3082, 0.2743 1.8652 2.1697, 0.2527 1.8652 2.1669, 0.2328 1.8652 2.1591, 0.2153 1.8652 2.1466, 0.2022 1.8652 2.1319, 0.1991 1.8652 2.126, 0.1918 1.8652 2.1122, 0.1866 1.8652 2.0903, 0.1861 1.8652 2.0803, 0.1862 1.8652 2.0797, 0.1866 1.8652 2.0766, 0.189 1.8652 2.0581, 0.197 1.8652 2.0379, 0.2097 1.8652 2.0202, 0.2112 1.8652 2.0186, 0.2281 1.8652 2.005, 0.2483 1.8652 1.9958, 0.2687 1.8652 1.9921, 0.32 1.8652 1.9924, 0.3223 1.8652 1.9927, 0.3257 1.8652 1.9935, 0.3268 1.8652 1.9936, 0.3356 1.8652 1.9925, 0.3435 1.8652 1.9895, 0.3505 1.8652 1.9846, 0.3552 1.8652 1.9794, 0.3597 1.8652 1.9717, 0.362 1.8652 1.9631, 0.3623 1.8652 1.9586, 0.3613 1.8652 1.9501, 0.3584 1.8652 1.9423, 0.3535 1.8652 1.9351, 0.3508 1.8652 1.9324, 0.3435 1.8652 1.9271, 0.336 1.8652 1.9241, 0.3296 1.8652 1.923, 0.2624 1.8652 1.9226, 0.2245 1.8652 1.9303, 0.1896 1.8652 1.947, 0.1584 1.8652 1.9731, 0.1356 1.8652 2.0044, 0.121 1.8652 2.0403, 0.1161 1.8652 2.0766, 0.1157 1.8652 2.0797, 0.5965 1.8652 2.0069, 0.5889 1.8652 2.0062, 0.5782 1.8652 2.0028, 0.5688 1.8652 1.9969, 0.5612 1.8652 1.9889, 0.5559 1.8652 1.9797, 0.553 1.8652 1.9694, 0.5526 1.8652 1.9583, 0.5551 1.8652 1.9473, 0.5603 1.8652 1.9374, 0.5676 1.8652 1.9292, 0.5763 1.8652 1.9231, 0.5862 1.8652 1.9194, 0.5972 1.8652 1.9181, 0.5991 1.8652 1.9182, 0.6093 1.8652 1.9199, 0.6196 1.8652 1.9244, 0.6282 1.8652 1.9311, 0.6342 1.8652 1.9384, 0.6388 1.8652 1.9479, 0.6411 1.8652 1.9585, 0.6407 1.8652 1.9696, 0.6375 1.8652 1.9804, 0.6318 1.8652 1.9899, 0.6264 1.8652 1.9957, 0.6174 1.8652 2.0019, 0.6074 1.8652 2.0056
            ]
        }
        coordIndex [
            0,1,2,-1,3,4,5,-1,6,7,3,-1,8,9,10,-1,11,12,13,-1,14,15,2,-1,2,15,16,-1,2,16,0,-1,10,9,17,-1,7,18,3,-1,3,18,19,-1,3,19,20,-1,19,21,20,-1,20,21,22,-1,20,22,23,-1,23,22,24,-1,25,26,27,-1,27,26,28,-1,27,28,29,-1,29,28,30,-1,29,30,31,-1,31,30,32,-1,31,32,33,-1,33,32,2,-1,33,2,34,-1,35,36,25,-1,25,36,37,-1,25,37,26,-1,38,39,40,-1,40,39,41,-1,40,41,42,-1,42,41,43,-1,42,43,44,-1,44,43,45,-1,11,13,46,-1,46,13,47,-1,46,47,48,-1,48,47,49,-1,48,49,50,-1,9,51,17,-1,17,51,52,-1,17,52,53,-1,53,52,54,-1,53,54,11,-1,11,54,55,-1,11,55,12,-1,56,57,58,-1,58,57,59,-1,58,59,60,-1,60,59,61,-1,60,61,62,-1,62,61,63,-1,62,63,64,-1,64,63,65,-1,64,65,66,-1,6,3,67,-1,67,3,5,-1,67,5,25,-1,25,5,68,-1,25,68,35,-1,43,69,45,-1,45,69,70,-1,45,70,71,-1,71,70,72,-1,71,72,73,-1,73,72,74,-1,73,74,75,-1,75,74,76,-1,75,76,77,-1,77,76,78,-1,77,78,79,-1,79,78,80,-1,79,80,56,-1,56,80,81,-1,56,81,57,-1,82,83,84,-1,84,83,85,-1,84,85,40,-1,40,85,86,-1,40,86,38,-1,87,88,89,-1,89,88,90,-1,89,90,91,-1,91,90,92,-1,91,92,93,-1,93,92,94,-1,93,94,95,-1,95,94,96,-1,95,96,14,-1,14,96,97,-1,14,97,15,-1,98,99,1,-1,1,99,100,-1,1,100,2,-1,2,100,101,-1,2,101,34,-1,50,49,102,-1,102,49,103,-1,102,103,104,-1,104,103,105,-1,104,105,106,-1,106,105,107,-1,106,107,108,-1,108,107,109,-1,108,109,82,-1,82,109,110,-1,82,110,83,-1,10,111,8,-1,8,111,112,-1,8,112,113,-1,113,112,114,-1,113,114,115,-1,115,114,116,-1,115,116,87,-1,87,116,117,-1,87,117,88,-1,118,119,120,-1,98,1,121,-1,121,1,122,-1,121,122,123,-1,123,122,124,-1,123,124,125,-1,125,124,126,-1,125,126,127,-1,127,126,128,-1,127,128,129,-1,129,128,130,-1,129,130,131,-1,131,130,132,-1,131,132,133,-1,133,132,134,-1,133,134,135,-1,135,134,136,-1,135,136,137,-1,137,136,138,-1,137,138,24,-1,24,138,139,-1,24,139,23,-1,65,140,66,-1,66,140,118,-1,66,118,141,-1,141,118,120,-1,142,143,118,-1,118,143,144,-1,118,144,119,-1,145,146,147,-1,146,148,147,-1,147,148,149,-1,147,149,150,-1,142,118,147,-1,147,118,151,-1,147,151,145,-1,75,152,153,-1,154,45,71,-1,75,153,73,-1,73,153,155,-1,73,155,71,-1,71,155,156,-1,71,156,154,-1,154,157,45,-1,45,157,158,-1,45,158,44,-1,44,158,159,-1,44,159,42,-1,42,159,160,-1,42,160,40,-1,40,160,161,-1,40,161,84,-1,84,161,162,-1,84,162,82,-1,163,104,106,-1,82,162,164,-1,82,164,108,-1,164,165,108,-1,108,165,166,-1,108,166,106,-1,106,166,167,-1,106,167,163,-1,168,48,50,-1,104,163,169,-1,104,169,102,-1,102,169,170,-1,102,170,50,-1,50,170,171,-1,50,171,168,-1,172,11,46,-1,48,168,173,-1,48,173,46,-1,46,173,174,-1,46,174,172,-1,11,172,175,-1,11,175,53,-1,53,175,176,-1,53,176,17,-1,17,176,177,-1,17,177,10,-1,10,177,178,-1,10,178,111,-1,111,178,179,-1,111,179,112,-1,112,179,180,-1,112,180,114,-1,181,90,88,-1,114,180,182,-1,114,182,116,-1,116,182,183,-1,116,183,117,-1,183,184,117,-1,117,184,185,-1,117,185,88,-1,88,185,186,-1,88,186,181,-1,187,92,188,-1,188,92,90,-1,188,90,181,-1,187,189,92,-1,92,189,190,-1,92,190,94,-1,94,190,191,-1,94,191,96,-1,96,191,192,-1,96,192,97,-1,97,192,193,-1,97,193,15,-1,15,193,194,-1,15,194,16,-1,16,194,195,-1,16,195,0,-1,0,195,196,-1,0,196,1,-1,1,196,197,-1,1,197,122,-1,122,197,198,-1,122,198,124,-1,124,198,199,-1,124,199,126,-1,126,199,200,-1,126,200,128,-1,128,200,201,-1,128,201,130,-1,130,201,202,-1,130,202,132,-1,132,202,203,-1,132,203,134,-1,134,203,204,-1,134,204,136,-1,136,204,205,-1,136,205,138,-1,138,205,206,-1,138,206,139,-1,139,206,207,-1,139,207,23,-1,20,23,208,-1,208,23,207,-1,3,20,209,-1,209,20,208,-1,209,210,3,-1,3,210,211,-1,3,211,4,-1,4,211,212,-1,213,214,5,-1,213,5,215,-1,215,5,4,-1,215,4,212,-1,216,37,36,-1,5,214,217,-1,5,217,68,-1,68,217,218,-1,68,218,35,-1,35,218,219,-1,35,219,36,-1,36,219,220,-1,36,220,216,-1,26,37,221,-1,221,37,216,-1,221,222,26,-1,26,222,223,-1,26,223,28,-1,28,223,224,-1,28,224,30,-1,30,224,225,-1,30,225,32,-1,32,225,226,-1,32,226,2,-1,227,91,228,-1,228,91,93,-1,228,93,229,-1,229,93,95,-1,229,95,230,-1,230,95,14,-1,230,14,231,-1,231,14,2,-1,231,2,226,-1,227,232,91,-1,91,232,233,-1,91,233,89,-1,87,89,234,-1,234,89,233,-1,234,235,87,-1,87,235,236,-1,87,236,115,-1,115,236,237,-1,115,237,113,-1,237,238,113,-1,113,238,239,-1,113,239,8,-1,8,239,240,-1,8,240,9,-1,9,240,241,-1,9,241,51,-1,51,241,242,-1,51,242,52,-1,52,242,243,-1,52,243,54,-1,54,243,244,-1,54,244,55,-1,55,244,245,-1,55,245,12,-1,12,245,246,-1,12,246,13,-1,13,246,247,-1,13,247,47,-1,47,247,248,-1,47,248,49,-1,49,248,249,-1,49,249,103,-1,103,249,250,-1,103,250,105,-1,251,38,252,-1,252,38,86,-1,252,86,253,-1,253,86,85,-1,253,85,254,-1,254,85,83,-1,254,83,255,-1,255,83,110,-1,255,110,256,-1,256,110,109,-1,256,109,257,-1,257,109,107,-1,257,107,258,-1,258,107,105,-1,258,105,250,-1,39,38,259,-1,259,38,251,-1,39,259,260,-1,39,260,41,-1,41,260,261,-1,41,261,43,-1,43,261,262,-1,43,262,69,-1,69,262,263,-1,69,263,70,-1,70,263,264,-1,70,264,72,-1,264,265,72,-1,72,265,266,-1,72,266,74,-1,74,266,267,-1,74,267,76,-1,267,268,76,-1,76,268,269,-1,76,269,78,-1,269,270,78,-1,78,270,271,-1,78,271,80,-1,80,271,272,-1,80,272,81,-1,81,272,273,-1,81,273,57,-1,57,273,274,-1,57,274,59,-1,59,274,275,-1,59,275,61,-1,61,275,276,-1,61,276,63,-1,65,63,277,-1,277,63,276,-1,65,277,278,-1,65,278,140,-1,140,278,279,-1,140,279,118,-1,118,279,280,-1,118,280,151,-1,151,280,281,-1,151,281,145,-1,145,281,282,-1,145,282,146,-1,146,282,283,-1,146,283,148,-1,148,283,284,-1,148,284,149,-1,149,284,285,-1,149,285,150,-1,150,285,286,-1,150,286,147,-1,147,286,287,-1,147,287,142,-1,142,287,288,-1,142,288,143,-1,143,288,289,-1,143,289,144,-1,144,289,290,-1,144,290,119,-1,119,290,291,-1,119,291,120,-1,120,291,292,-1,120,292,141,-1,141,292,293,-1,141,293,66,-1,66,293,294,-1,66,294,64,-1,62,64,295,-1,295,64,294,-1,62,295,296,-1,62,296,60,-1,60,296,297,-1,60,297,58,-1,58,297,298,-1,58,298,56,-1,56,298,299,-1,56,299,79,-1,79,299,300,-1,79,300,77,-1,77,300,301,-1,77,301,75,-1,75,301,302,-1,75,302,152,-1,67,303,304,-1,67,304,6,-1,6,304,305,-1,6,305,7,-1,7,305,306,-1,7,306,18,-1,18,306,307,-1,18,307,19,-1,19,307,308,-1,19,308,21,-1,21,308,309,-1,21,309,22,-1,22,309,310,-1,22,310,24,-1,24,310,311,-1,24,311,137,-1,137,311,312,-1,137,312,135,-1,135,312,313,-1,135,313,133,-1,133,313,314,-1,133,314,131,-1,131,314,315,-1,131,315,129,-1,129,315,316,-1,129,316,127,-1,127,316,317,-1,127,317,125,-1,125,317,318,-1,125,318,123,-1,123,318,319,-1,123,319,121,-1,121,319,320,-1,121,320,98,-1,98,320,321,-1,98,321,99,-1,99,321,322,-1,99,322,100,-1,100,322,323,-1,100,323,101,-1,101,323,324,-1,101,324,34,-1,34,324,325,-1,34,325,33,-1,33,325,326,-1,33,326,31,-1,31,326,327,-1,31,327,29,-1,29,327,328,-1,29,328,27,-1,27,328,329,-1,27,329,25,-1,25,329,303,-1,25,303,67,-1,
        ]
    }
}
Shape{
    appearance Appearance {
        material  Material {
            diffuseColor 0.8509803921568627 0.8509803921568627 0.8509803921568627
            specularColor 0.4235294117647059 0.4235294117647059 0.4235294117647059
            ambientIntensity 0.851
            transparency 0.0
            shininess 0.5
        }
    }
    geometry IndexedFaceSet {
        ccw TRUE
        solid FALSE
        coord DEF co Coordinate {
            point [
                0.6074 1.8652 2.0056, 0.6174 1.8652 2.0019, 0.5991 1.8652 1.9182, 0.6264 1.8652 1.9957, 0.6318 1.8652 1.9899, 0.5889 1.8652 2.0062, 0.5972 1.8652 1.9181, 0.5862 1.8652 1.9194, 0.5965 1.8652 2.0069, 0.6388 1.8652 1.9479, 0.6342 1.8652 1.9384, 0.6282 1.8652 1.9311, 0.5676 1.8652 1.9292, 0.5612 1.8652 1.9889, 0.5688 1.8652 1.9969, 0.6375 1.8652 1.9804, 0.6407 1.8652 1.9696, 0.6411 1.8652 1.9585, 0.6196 1.8652 1.9244, 0.6093 1.8652 1.9199, 0.5763 1.8652 1.9231, 0.5782 1.8652 2.0028, 0.5551 1.8652 1.9473, 0.5526 1.8652 1.9583, 0.5603 1.8652 1.9374, 0.553 1.8652 1.9694, 0.5559 1.8652 1.9797
            ]
        }
        coordIndex [
            0,1,2,-1,2,1,3,-1,2,3,4,-1,5,6,7,-1,6,5,2,-1,2,5,8,-1,2,8,0,-1,9,10,4,-1,4,10,11,-1,12,13,14,-1,15,16,4,-1,4,16,17,-1,4,17,9,-1,11,18,4,-1,4,18,19,-1,4,19,2,-1,7,20,5,-1,5,20,12,-1,5,12,21,-1,21,12,14,-1,22,23,24,-1,24,23,25,-1,24,25,12,-1,12,25,26,-1,12,26,13,-1,
        ]
    }
}